v 0.1489025 0.2575172 0.2407815
v 0.1470867 0.2585018 0.2759390
v 0.1476060 0.2596359 0.2659158
v 0.1484697 0.2605473 0.2622901
v 0.1486439 0.2594905 0.2561739
v 0.1487722 0.2591637 0.2517006
v 0.1492467 0.2609103 0.2475166
v 0.1493644 0.2597929 0.2399592
v 0.1496850 0.2604792 0.2366914
v 0.1502716 0.2616572 0.2298802
v 0.1504938 0.2621863 0.2242964
v 0.1503535 0.2622497 0.2195156
v 0.1502775 0.2641855 0.2151793
v 0.1502213 0.2662406 0.2104387
v 0.1482407 0.2629060 0.2765296
v 0.1486649 0.2633612 0.2664193
v 0.1493337 0.2644333 0.2622991
v 0.1495757 0.2642072 0.2568050
v 0.1496680 0.2640101 0.2523472
v 0.1499980 0.2658474 0.2481627
v 0.1501303 0.2663261 0.2437816
v 0.1501129 0.2641425 0.2375185
v 0.1506715 0.2657500 0.2301475
v 0.1509347 0.2666710 0.2241709
v 0.1510865 0.2685354 0.2198388
v 0.1509765 0.2693561 0.2150852
v 0.1505949 0.2713491 0.2080687
v 0.1490504 0.2688254 0.2772889
v 0.1495599 0.2694311 0.2672009
v 0.1498109 0.2687781 0.2638500
v 0.1502686 0.2707315 0.2576503
v 0.1502476 0.2689460 0.2529908
v 0.1503213 0.2691456 0.2485861
v 0.1505034 0.2698279 0.2427321
v 0.1511581 0.2739054 0.2358147
v 0.1512797 0.2728879 0.2316808
v 0.1514250 0.2723038 0.2257622
v 0.1516148 0.2750195 0.2207187
v 0.1513358 0.2746768 0.2155509
v 0.1508957 0.2758937 0.2106469
v 0.1481983 0.2736668 0.2778395
v 0.1489513 0.2745408 0.2677954
v 0.1501496 0.2745318 0.2640611
v 0.1504951 0.2756890 0.2582761
v 0.1506169 0.2756223 0.2538385
v 0.1507134 0.2758221 0.2494288
v 0.1509191 0.2764517 0.2435595
v 0.1513343 0.2778643 0.2370102
v 0.1516830 0.2802388 0.2327253
v 0.1518468 0.2790947 0.2263433
v 0.1517058 0.2785234 0.2197106
v 0.1516241 0.2811137 0.2176476
v 0.1507419 0.2826365 0.2094528
v 0.1481999 0.2779591 0.2783628
v 0.1489502 0.2795677 0.2684082
v 0.1501430 0.2823389 0.2650085
v 0.1505989 0.2822244 0.2590869
v 0.1508355 0.2823647 0.2546808
v 0.1510080 0.2827312 0.2502913
v 0.1512067 0.2835239 0.2444353
v 0.1514261 0.2835748 0.2378174
v 0.1516093 0.2852738 0.2333336
v 0.1517671 0.2864555 0.2284853
v 0.1518849 0.2871748 0.2205777
v 0.1517649 0.2850990 0.2180971
v 0.1513854 0.2871952 0.2115468
v 0.1510064 0.2894068 0.2057790
v 0.1487798 0.2846136 0.2792010
v 0.1493754 0.2858267 0.2691910
v 0.1498046 0.2867742 0.2655318
v 0.1504141 0.2870071 0.2596663
v 0.1507639 0.2874302 0.2553003
v 0.1510246 0.2880608 0.2509450
v 0.1512613 0.2883933 0.2455314
v 0.1514852 0.2871281 0.2364931
v 0.1515314 0.2899085 0.2337076
v 0.1515993 0.2917889 0.2277801
v 0.1517869 0.2904325 0.2226708
v 0.1518303 0.2912480 0.2177988
v 0.1517472 0.2919755 0.2113942
v 0.1514292 0.2933544 0.2062801
v 0.1509984 0.2941831 0.2018532
v 0.1479059 0.2893756 0.2797408
v 0.1484872 0.2907098 0.2697449
v 0.1487190 0.2923757 0.2661615
v 0.1496221 0.2925543 0.2608052
v 0.1503793 0.2924353 0.2558987
v 0.1507485 0.2933915 0.2515858
v 0.1511782 0.2928712 0.2455740
v 0.1513371 0.2938930 0.2411896
v 0.1514394 0.2949710 0.2342412
v 0.1514263 0.2955420 0.2277103
v 0.1513023 0.2969792 0.2233180
v 0.1512982 0.2971005 0.2180317
v 0.1512827 0.2973979 0.2112783
v 0.1510941 0.2979822 0.2073291
v 0.1508725 0.2975191 0.2022549
v 0.1488326 0.2965820 0.2600352
v 0.1492413 0.2979388 0.2565260
v 0.1499816 0.2978474 0.2528412
v 0.1504842 0.2995779 0.2471098
v 0.1509448 0.2995911 0.2418645
v 0.1511167 0.3003636 0.2338677
v 0.1510102 0.3019198 0.2289759
v 0.1509643 0.3010394 0.2237967
v 0.1506134 0.3023793 0.2178839
v 0.1505689 0.3010516 0.2116877
v 0.1489615 0.3011829 0.2539483
v 0.1496724 0.3041451 0.2465782
v 0.1501324 0.3054866 0.2413311
v 0.1506215 0.3054854 0.2349748
v 0.1505878 0.3075233 0.2291313
v 0.1505908 0.3072891 0.2245415
v 0.1503328 0.3079892 0.2185543
v 0.1489086 0.3075496 0.2457558
v 0.1493545 0.3091174 0.2414329
v 0.1497475 0.3111300 0.2356202
v 0.1499686 0.3128211 0.2300521
v 0.1499917 0.3142277 0.2253601
v 0.1500878 0.3135027 0.2207299
v 0.1434986 0.2459249 0.2454300
v 0.1443078 0.2452760 0.2400993
v 0.1430613 0.2503071 0.2592784
v 0.1441829 0.2497764 0.2544893
v 0.1442800 0.2485164 0.2502006
v 0.1456036 0.2491563 0.2459123
v 0.1465716 0.2494786 0.2407156
v 0.1436794 0.2528090 0.2750863
v 0.1440253 0.2537005 0.2650254
v 0.1447558 0.2529263 0.2611872
v 0.1465652 0.2537850 0.2553763
v 0.1470364 0.2535732 0.2509323
v 0.1477187 0.2543820 0.2466426
v 0.1481389 0.2544017 0.2413883
v 0.1437743 0.2572389 0.2756307
v 0.1456117 0.2576422 0.2655798
v 0.1470645 0.2568122 0.2620746
v 0.1476990 0.2567285 0.2572737
v 0.1498379 0.2630313 0.2131134
v 0.1496067 0.2649427 0.2075890
v 0.1492944 0.2661077 0.2025597
v 0.1484784 0.2662820 0.1968387
v 0.1475675 0.2669259 0.1911820
v 0.1464250 0.2676881 0.1852372
v 0.1460838 0.2707703 0.1810676
v 0.1428846 0.2619083 0.2761585
v 0.1433511 0.2631292 0.2661434
v 0.1500533 0.2712214 0.2035170
v 0.1492084 0.2714669 0.1975054
v 0.1482393 0.2722202 0.1915639
v 0.1468772 0.2737046 0.1842161
v 0.1462885 0.2725354 0.1814873
v 0.1438562 0.2669093 0.2768134
v 0.1443227 0.2681302 0.2667983
v 0.1500227 0.2773655 0.2042649
v 0.1490803 0.2779058 0.1982827
v 0.1480547 0.2788335 0.1923576
v 0.1466660 0.2804073 0.1850173
v 0.1462076 0.2803732 0.1824729
v 0.1463103 0.2742876 0.2778272
v 0.1467768 0.2755084 0.2678121
v 0.1499754 0.2814755 0.2044632
v 0.1490037 0.2822007 0.1985033
v 0.1479694 0.2824036 0.1927901
v 0.1465836 0.2839555 0.1854483
v 0.1460785 0.2824889 0.1825907
v 0.1462276 0.2767177 0.2781196
v 0.1466941 0.2779386 0.2681045
v 0.1503508 0.2870196 0.2039543
v 0.1499771 0.2895644 0.1992440
v 0.1484433 0.2889653 0.1921129
v 0.1472760 0.2900242 0.1862153
v 0.1439161 0.2832120 0.2788036
v 0.1443827 0.2844329 0.2687885
v 0.1505930 0.2946779 0.1988931
v 0.1495685 0.2955547 0.1929598
v 0.1483046 0.2963036 0.1870165
v 0.1467008 0.2957766 0.1809241
v 0.1442125 0.2899328 0.2796367
v 0.1446790 0.2911537 0.2696216
v 0.1505651 0.3001780 0.2055684
v 0.1502438 0.2995567 0.2002257
v 0.1492510 0.2999704 0.1934917
v 0.1480273 0.3005702 0.1875356
v 0.1465197 0.3018136 0.1816663
v 0.1451342 0.2955754 0.2803674
v 0.1459881 0.2964623 0.2703297
v 0.1466448 0.2976062 0.2664045
v 0.1474864 0.2991560 0.2615216
v 0.1500234 0.3047219 0.2121075
v 0.1498646 0.3036532 0.2074613
v 0.1490706 0.3050824 0.2016025
v 0.1481258 0.3060251 0.1956952
v 0.1470531 0.3065739 0.1897476
v 0.1424839 0.2990599 0.2806688
v 0.1432194 0.3002522 0.2706627
v 0.1436059 0.3019647 0.2665970
v 0.1454366 0.3029681 0.2610371
v 0.1472016 0.3029818 0.2570555
v 0.1476907 0.3041030 0.2542494
v 0.1485546 0.3064376 0.2486083
v 0.1498075 0.3096227 0.2126940
v 0.1493068 0.3088524 0.2080685
v 0.1484597 0.3105063 0.2022398
v 0.1474900 0.3114889 0.1963435
v 0.1464146 0.3119312 0.1903892
v 0.1429052 0.3067223 0.2602779
v 0.1446388 0.3086456 0.2546676
v 0.1470342 0.3102416 0.2477139
v 0.1482671 0.3118720 0.2420201
v 0.1487274 0.3139704 0.2374396
v 0.1499176 0.3151847 0.2194141
v 0.1497370 0.3152329 0.2133758
v 0.1492970 0.3149150 0.2088072
v 0.1484985 0.3156071 0.2028634
v 0.1475197 0.3165739 0.1969648
v 0.1464913 0.3165071 0.1914475
v 0.1450540 0.3132153 0.2477696
v 0.1458860 0.3160485 0.2418973
v 0.1471837 0.3175845 0.2361167
v 0.1484815 0.3181274 0.2301559
v 0.1486025 0.3192110 0.2259031
v 0.1486981 0.3198570 0.2209006
v 0.1486545 0.3204998 0.2150326
v 0.1484827 0.3211131 0.2095252
v 0.1479901 0.3215020 0.2035557
v 0.1470374 0.3223572 0.1976409
v 0.1463075 0.3217334 0.1924643
v 0.1446432 0.3206584 0.2357809
v 0.1459098 0.3216091 0.2304912
v 0.1459566 0.3227226 0.2262079
v 0.1464189 0.3232169 0.2206096
v 0.1465725 0.3237157 0.2150751
v 0.1464827 0.3243091 0.2098214
v 0.1464035 0.3247142 0.2040092
v 0.1460426 0.3249120 0.1982034
v 0.1394130 0.2411039 0.2390827
v 0.1381532 0.2448941 0.2524658
v 0.1398667 0.2446792 0.2495566
v 0.1407530 0.2435991 0.2448661
v 0.1420123 0.2428636 0.2399817
v 0.1369086 0.2479029 0.2741728
v 0.1378502 0.2492162 0.2641912
v 0.1398253 0.2485852 0.2602054
v 0.1414920 0.2472203 0.2540700
v 0.1391578 0.2509934 0.2746544
v 0.1401502 0.2516681 0.2645972
v 0.1418021 0.2504728 0.2622518
v 0.1397007 0.2558393 0.2752704
v 0.1401673 0.2570602 0.2652553
v 0.1408457 0.2653091 0.1945377
v 0.1406922 0.2672536 0.1906880
v 0.1410431 0.2679033 0.1878677
v 0.1443123 0.2696163 0.1800327
v 0.1433942 0.2681815 0.1769803
v 0.1406422 0.2703214 0.1899599
v 0.1410636 0.2704314 0.1877552
v 0.1415025 0.2716320 0.1811366
v 0.1415137 0.2816012 0.1824040
v 0.1410553 0.2839986 0.1927919
v 0.1410266 0.2832755 0.1890550
v 0.1438557 0.2840880 0.1819202
v 0.1439129 0.2875492 0.1767328
v 0.1412908 0.2898839 0.1878170
v 0.1416345 0.2906548 0.1811365
v 0.1435831 0.2900638 0.1760928
v 0.1461545 0.2967803 0.1785260
v 0.1413961 0.2922372 0.2797864
v 0.1418626 0.2934581 0.2697713
v 0.1412425 0.3030974 0.1892542
v 0.1411975 0.3032681 0.1863884
v 0.1435495 0.3031462 0.1797128
v 0.1391191 0.2953131 0.2800553
v 0.1395856 0.2965340 0.2700402
v 0.1411830 0.3069774 0.1908890
v 0.1412800 0.3064289 0.1859903
v 0.1436240 0.3073146 0.1781878
v 0.1381240 0.3006954 0.2806650
v 0.1391751 0.3026678 0.2707688
v 0.1417041 0.3029045 0.2685793
v 0.1409459 0.3105991 0.1916270
v 0.1432997 0.3122061 0.1842921
v 0.1438797 0.3106962 0.1822329
v 0.1372040 0.3050932 0.2709727
v 0.1386005 0.3059051 0.2673311
v 0.1398390 0.3081108 0.2619444
v 0.1418869 0.3113760 0.2548755
v 0.1449470 0.3176468 0.1841055
v 0.1395407 0.3137862 0.2535704
v 0.1410014 0.3163078 0.2481727
v 0.1426165 0.3185467 0.2427706
v 0.1423690 0.3234288 0.1922007
v 0.1435688 0.3238497 0.1859786
v 0.1430298 0.3255304 0.1843937
v 0.1397469 0.3202254 0.2420332
v 0.1410816 0.3220924 0.2363330
v 0.1416653 0.3236898 0.2306853
v 0.1424711 0.3245265 0.2262655
v 0.1426389 0.3251592 0.2215883
v 0.1430781 0.3256684 0.2150920
v 0.1435814 0.3259706 0.2097010
v 0.1434824 0.3264331 0.2039486
v 0.1437630 0.3265794 0.1972602
v 0.1431269 0.3266381 0.1921415
v 0.1426690 0.3269641 0.1875769
v 0.1419777 0.3270970 0.1836018
v 0.1351333 0.2408226 0.2429586
v 0.1349713 0.2397560 0.2388732
v 0.1345800 0.2437599 0.2521704
v 0.1349538 0.2427591 0.2491105
v 0.1359109 0.2417458 0.2453314
v 0.1326113 0.2465315 0.2738055
v 0.1335970 0.2477569 0.2638151
v 0.1340642 0.2464027 0.2598795
v 0.1343729 0.2522860 0.2745890
v 0.1348394 0.2535069 0.2645740
v 0.1395927 0.2675278 0.1908521
v 0.1391540 0.2688502 0.1833187
v 0.1387588 0.2689831 0.1822337
v 0.1384181 0.2698421 0.1751952
v 0.1395855 0.2700919 0.1908923
v 0.1390941 0.2709051 0.1836109
v 0.1386891 0.2710413 0.1824987
v 0.1383643 0.2718972 0.1754849
v 0.1396840 0.2835680 0.1916336
v 0.1390530 0.2840542 0.1880747
v 0.1383276 0.2843232 0.1836728
v 0.1384004 0.2845466 0.1770147
v 0.1404721 0.2913132 0.1788630
v 0.1401852 0.2920777 0.1719650
v 0.1404739 0.3038691 0.1804384
v 0.1401836 0.3047240 0.1735205
v 0.1404628 0.3067774 0.1829070
v 0.1397853 0.3067023 0.1804246
v 0.1402430 0.3067884 0.1737332
v 0.1327105 0.2999960 0.2803276
v 0.1331770 0.3012169 0.2703125
v 0.1402264 0.3105072 0.1925945
v 0.1394856 0.3109887 0.1845945
v 0.1394849 0.3117953 0.1779815
v 0.1387473 0.3119345 0.1768481
v 0.1339509 0.3048472 0.2809768
v 0.1341252 0.3063520 0.2709827
v 0.1333302 0.3082912 0.2673764
v 0.1351845 0.3103400 0.2623273
v 0.1344453 0.3116971 0.2604930
v 0.1351281 0.3157485 0.2533052
v 0.1365692 0.3176021 0.2494129
v 0.1399999 0.3231446 0.1924221
v 0.1394514 0.3244774 0.1863014
v 0.1393372 0.3252012 0.1799026
v 0.1387655 0.3252690 0.1784745
v 0.1348153 0.3191321 0.2472620
v 0.1348415 0.3214264 0.2422547
v 0.1351472 0.3234535 0.2364401
v 0.1352474 0.3249369 0.2308427
v 0.1371070 0.3256619 0.2261542
v 0.1369414 0.3263093 0.2216798
v 0.1365182 0.3270813 0.2142054
v 0.1382477 0.3272276 0.2092933
v 0.1371673 0.3279638 0.2023451
v 0.1367827 0.3285808 0.1964340
v 0.1381564 0.3283521 0.1906220
v 0.1389586 0.3277066 0.1870183
v 0.1386146 0.3289809 0.1822301
v 0.1284935 0.2404244 0.2435865
v 0.1297249 0.2391753 0.2385093
v 0.1283303 0.2449137 0.2579425
v 0.1284381 0.2428727 0.2517730
v 0.1302723 0.2419896 0.2487974
v 0.1305811 0.2410728 0.2457418
v 0.1267639 0.2470949 0.2736018
v 0.1276525 0.2479440 0.2635610
v 0.1284044 0.2459670 0.2610529
v 0.1286818 0.2508501 0.2741489
v 0.1291483 0.2520709 0.2641338
v 0.1318554 0.2691357 0.1733502
v 0.1271113 0.2747969 0.2336187
v 0.1272336 0.2729969 0.2306727
v 0.1274999 0.2725070 0.2247756
v 0.1277571 0.2753451 0.2195829
v 0.1270328 0.2784351 0.2358886
v 0.1278751 0.2787557 0.2175202
v 0.1279217 0.2809719 0.2168365
v 0.1317965 0.2865606 0.1759257
v 0.1324161 0.2890393 0.1698433
v 0.1270488 0.2843333 0.2364324
v 0.1278871 0.2875741 0.2185958
v 0.1279309 0.2846749 0.2171981
v 0.1343049 0.2904678 0.1700873
v 0.1314693 0.2918872 0.1684754
v 0.1271287 0.2875496 0.2351741
v 0.1272567 0.2900045 0.2327470
v 0.1275263 0.2918968 0.2271405
v 0.1277776 0.2903892 0.2214177
v 0.1311723 0.3051791 0.1700137
v 0.1259847 0.2968358 0.2615955
v 0.1266562 0.2985931 0.2471807
v 0.1330850 0.3086569 0.1766648
v 0.1328509 0.3078561 0.1728117
v 0.1318060 0.3077392 0.1704917
v 0.1275610 0.3014318 0.2802628
v 0.1280275 0.3026527 0.2702477
v 0.1260296 0.3004920 0.2611700
v 0.1266664 0.3021586 0.2474987
v 0.1316279 0.3116027 0.1745717
v 0.1270810 0.3052203 0.2807023
v 0.1278963 0.3068117 0.2707486
v 0.1281708 0.3095624 0.2668028
v 0.1260393 0.3076059 0.2620377
v 0.1266848 0.3092952 0.2481801
v 0.1283257 0.3121718 0.2615950
v 0.1263010 0.3146375 0.2573811
v 0.1289396 0.3164142 0.2540094
v 0.1336067 0.3265468 0.1794815
v 0.1316837 0.3264805 0.1768714
v 0.1265991 0.3179899 0.2513713
v 0.1293484 0.3196932 0.2478276
v 0.1302103 0.3222386 0.2416327
v 0.1305539 0.3239435 0.2362859
v 0.1301608 0.3252791 0.2308503
v 0.1313470 0.3261245 0.2259422
v 0.1312404 0.3267024 0.2214620
v 0.1310537 0.3274007 0.2139895
v 0.1309286 0.3278747 0.2080305
v 0.1308503 0.3284166 0.2021059
v 0.1325419 0.3289773 0.1962842
v 0.1324645 0.3296340 0.1904038
v 0.1327299 0.3298418 0.1802881
v 0.1318260 0.3277187 0.1773268
v 0.1236225 0.2405988 0.2438721
v 0.1241338 0.2391620 0.2379929
v 0.1221853 0.2448649 0.2576492
v 0.1235188 0.2428007 0.2515292
v 0.1235164 0.2471359 0.2734555
v 0.1235453 0.2478856 0.2633626
v 0.1224612 0.2458792 0.2607699
v 0.1219968 0.2506408 0.2738120
v 0.1224633 0.2518617 0.2637969
v 0.1266171 0.2685455 0.1723286
v 0.1284826 0.2695785 0.1715203
v 0.1260351 0.2723300 0.1722805
v 0.1283905 0.2723206 0.1718591
v 0.1267521 0.2864091 0.1744737
v 0.1284484 0.2854886 0.1734633
v 0.1262727 0.2906497 0.1696583
v 0.1283330 0.2922308 0.1683641
v 0.1226581 0.2928693 0.2644435
v 0.1239197 0.2930271 0.2626852
v 0.1242150 0.2952682 0.2430362
v 0.1256159 0.3050142 0.1711804
v 0.1283552 0.3051735 0.1699673
v 0.1240116 0.2950345 0.2645895
v 0.1255514 0.2959356 0.2622443
v 0.1255838 0.2979692 0.2453860
v 0.1268633 0.3080488 0.1724368
v 0.1290030 0.3078279 0.1704572
v 0.1216351 0.3017502 0.2800256
v 0.1221016 0.3029711 0.2700105
v 0.1259278 0.3002190 0.2625608
v 0.1254669 0.3040030 0.2455841
v 0.1272510 0.3129927 0.1740131
v 0.1235506 0.3052242 0.2805383
v 0.1236821 0.3068299 0.2705545
v 0.1235531 0.3092474 0.2670253
v 0.1254678 0.3086267 0.2636910
v 0.1260638 0.3098679 0.2461477
v 0.1205337 0.3108231 0.2652836
v 0.1237081 0.3120261 0.2630421
v 0.1234635 0.3141794 0.2464615
v 0.1272382 0.3260187 0.1760916
v 0.1259878 0.3204443 0.2462587
v 0.1235440 0.3215694 0.2421291
v 0.1236203 0.3233848 0.2364324
v 0.1233239 0.3246516 0.2315053
v 0.1241210 0.3258548 0.2255729
v 0.1243397 0.3265319 0.2206156
v 0.1249790 0.3273026 0.2136947
v 0.1250048 0.3278416 0.2077505
v 0.1251041 0.3284278 0.2018397
v 0.1271779 0.3290718 0.1960466
v 0.1273245 0.3297361 0.1901779
v 0.1249344 0.3294883 0.1865688
v 0.1277977 0.3298491 0.1811612
v 0.1271711 0.3278196 0.1765513
v 0.1181647 0.2408022 0.2421612
v 0.1181812 0.2398233 0.2378567
v 0.1174133 0.2435203 0.2513337
v 0.1182078 0.2415850 0.2452221
v 0.1167651 0.2463297 0.2730427
v 0.1169441 0.2474766 0.2630053
v 0.1167841 0.2462578 0.2595555
v 0.1167831 0.2513584 0.2736566
v 0.1172497 0.2525792 0.2636415
v 0.1197221 0.2682141 0.1895320
v 0.1208873 0.2692987 0.1875547
v 0.1216216 0.2681685 0.1775401
v 0.1226560 0.2685076 0.1747485
v 0.1203139 0.2702473 0.1896048
v 0.1209346 0.2704505 0.1875885
v 0.1212017 0.2716209 0.1779414
v 0.1223082 0.2719836 0.1749553
v 0.1199992 0.2834936 0.1910739
v 0.1209942 0.2827043 0.1893253
v 0.1218166 0.2856161 0.1800292
v 0.1227167 0.2858894 0.1769214
v 0.1207399 0.2886644 0.1867164
v 0.1228709 0.2907205 0.1843523
v 0.1232146 0.2907602 0.1743174
v 0.1237645 0.2912411 0.1720604
v 0.1178343 0.2931724 0.2630062
v 0.1180167 0.2936499 0.2590894
v 0.1173423 0.2956776 0.2432626
v 0.1222233 0.3033594 0.1875714
v 0.1229141 0.3033957 0.1860025
v 0.1230210 0.3044478 0.1759770
v 0.1236852 0.3047456 0.1736160
v 0.1207819 0.3066508 0.1891769
v 0.1229590 0.3066541 0.1865908
v 0.1232675 0.3078301 0.1773127
v 0.1240227 0.3077383 0.1746772
v 0.1161074 0.3008285 0.2796557
v 0.1165739 0.3020493 0.2696406
v 0.1214540 0.3106526 0.1903362
v 0.1222833 0.3124719 0.1783383
v 0.1238835 0.3128071 0.1755729
v 0.1177488 0.3063225 0.2804019
v 0.1181579 0.3076546 0.2703977
v 0.1174930 0.3082943 0.2679543
v 0.1170127 0.3117676 0.2403760
v 0.1166188 0.3123956 0.2357848
v 0.1171069 0.3121184 0.2652819
v 0.1176606 0.3136840 0.2633152
v 0.1183139 0.3154148 0.2461134
v 0.1194320 0.3174328 0.2416557
v 0.1178150 0.3166808 0.2348822
v 0.1174237 0.3187193 0.2317901
v 0.1216730 0.3231939 0.1917009
v 0.1227019 0.3255352 0.1802795
v 0.1240176 0.3254243 0.1773658
v 0.1208362 0.3199907 0.2414166
v 0.1205400 0.3215481 0.2356951
v 0.1197686 0.3232763 0.2303623
v 0.1187961 0.3245369 0.2257670
v 0.1189330 0.3256831 0.2201362
v 0.1207498 0.3268491 0.2134428
v 0.1198629 0.3273890 0.2074558
v 0.1201142 0.3280652 0.2015621
v 0.1204435 0.3287402 0.1956905
v 0.1212647 0.3272152 0.1923340
v 0.1237858 0.3288898 0.1895976
v 0.1228818 0.3272821 0.1805474
v 0.1240844 0.3276633 0.1778671
v 0.1129864 0.2411720 0.2378599
v 0.1122297 0.2449743 0.2512735
v 0.1123791 0.2427648 0.2436152
v 0.1113779 0.2420279 0.2390191
v 0.1110595 0.2481438 0.2729981
v 0.1116034 0.2491431 0.2629596
v 0.1117167 0.2476567 0.2587791
v 0.1126091 0.2529062 0.2736509
v 0.1130756 0.2541271 0.2636358
v 0.1098268 0.2548527 0.2737585
v 0.1102933 0.2560735 0.2637435
v 0.1156950 0.2676528 0.1907664
v 0.1103967 0.2796032 0.2420887
v 0.1115412 0.2789548 0.2351596
v 0.1117075 0.2798592 0.2310284
v 0.1111953 0.2817716 0.2272382
v 0.1149004 0.2836771 0.1918139
v 0.1102122 0.2830593 0.2449223
v 0.1109993 0.2828497 0.2416797
v 0.1124203 0.2829993 0.2361452
v 0.1127905 0.2839018 0.2310538
v 0.1117564 0.2852646 0.2261426
v 0.1157234 0.2892438 0.1870110
v 0.1104653 0.2883894 0.2428900
v 0.1126661 0.2892880 0.2367769
v 0.1135169 0.2887321 0.2321232
v 0.1128633 0.2901047 0.2262706
v 0.1118782 0.2920035 0.2225188
v 0.1126684 0.2932728 0.2627778
v 0.1119656 0.2939248 0.2598697
v 0.1135738 0.2957377 0.2436039
v 0.1132469 0.2944556 0.2374309
v 0.1143731 0.2950979 0.2329341
v 0.1138623 0.2959316 0.2272828
v 0.1126074 0.2966892 0.2229566
v 0.1165014 0.3034629 0.1880483
v 0.1098342 0.2969863 0.2788951
v 0.1103008 0.2982072 0.2688800
v 0.1103943 0.2964242 0.2630560
v 0.1104590 0.2965934 0.2616678
v 0.1141620 0.2970974 0.2437770
v 0.1141726 0.3002872 0.2383347
v 0.1148812 0.3005572 0.2338777
v 0.1139512 0.3010767 0.2274485
v 0.1124850 0.3023615 0.2228078
v 0.1161792 0.3049166 0.1883666
v 0.1122129 0.2991490 0.2792696
v 0.1126794 0.3003699 0.2692545
v 0.1148266 0.3057211 0.2421086
v 0.1151859 0.3053863 0.2390535
v 0.1152101 0.3056272 0.2341535
v 0.1140474 0.3070102 0.2288286
v 0.1122061 0.3090843 0.2236213
v 0.1118516 0.3045594 0.2799123
v 0.1123804 0.3059705 0.2699233
v 0.1117476 0.3066178 0.2674258
v 0.1096243 0.3103194 0.2633022
v 0.1106674 0.3127396 0.2447872
v 0.1158997 0.3086680 0.2400891
v 0.1158047 0.3111326 0.2338285
v 0.1143902 0.3121888 0.2291828
v 0.1123126 0.3130614 0.2241160
v 0.1120725 0.3116652 0.2649921
v 0.1123732 0.3135744 0.2629698
v 0.1132473 0.3153845 0.2462786
v 0.1154996 0.3175116 0.2289978
v 0.1131619 0.3188631 0.2234605
v 0.1120469 0.3214500 0.2193113
v 0.1157863 0.3232116 0.2240455
v 0.1138542 0.3235787 0.2191515
v 0.1132238 0.3244120 0.2140189
v 0.1142533 0.3259476 0.2070187
v 0.1146633 0.3267908 0.2011511
v 0.1148137 0.3273400 0.1952536
v 0.1159669 0.3275315 0.1934732
v 0.1091697 0.2455829 0.2482517
v 0.1077060 0.2455678 0.2434448
v 0.1076258 0.2448455 0.2383408
v 0.1080596 0.2496049 0.2583147
v 0.1067622 0.2491870 0.2528508
v 0.1057809 0.2493977 0.2485612
v 0.1055414 0.2491951 0.2441982
v 0.1053968 0.2497948 0.2388405
v 0.1061607 0.2516331 0.2731953
v 0.1065374 0.2527297 0.2631609
v 0.1050748 0.2533297 0.2600077
v 0.1046935 0.2525455 0.2543188
v 0.1043786 0.2528351 0.2489208
v 0.1046581 0.2548776 0.2440005
v 0.1054152 0.2567409 0.2390479
v 0.1063254 0.2569023 0.2738453
v 0.1060036 0.2577068 0.2637427
v 0.1049230 0.2609000 0.2440141
v 0.1059027 0.2596123 0.2380086
v 0.1065201 0.2605177 0.2342057
v 0.1070467 0.2612590 0.2281217
v 0.1072573 0.2620214 0.2218688
v 0.1073316 0.2627180 0.2161562
v 0.1074314 0.2635720 0.2120072
v 0.1077482 0.2661888 0.2060678
v 0.1077809 0.2646658 0.2001819
v 0.1081185 0.2652327 0.1955296
v 0.1088552 0.2680097 0.1911317
v 0.1061018 0.2624105 0.2745063
v 0.1065683 0.2636314 0.2644913
v 0.1049380 0.2674860 0.2463174
v 0.1065390 0.2675211 0.2404054
v 0.1074582 0.2672574 0.2343742
v 0.1078105 0.2670968 0.2282956
v 0.1078925 0.2675940 0.2222737
v 0.1079451 0.2686690 0.2178480
v 0.1080784 0.2704218 0.2135218
v 0.1084480 0.2709774 0.2000478
v 0.1089334 0.2723771 0.1957582
v 0.1094518 0.2725942 0.1909943
v 0.1052959 0.2671716 0.2750492
v 0.1057625 0.2683924 0.2650341
v 0.1046209 0.2720228 0.2495169
v 0.1059060 0.2719939 0.2458680
v 0.1074543 0.2726474 0.2404063
v 0.1085777 0.2732027 0.2347639
v 0.1089306 0.2743273 0.2301271
v 0.1088506 0.2756221 0.2252728
v 0.1086805 0.2755368 0.2187207
v 0.1086860 0.2766213 0.2143088
v 0.1086588 0.2762888 0.2067163
v 0.1088255 0.2757196 0.2021438
v 0.1094300 0.2774767 0.1963964
v 0.1100050 0.2781968 0.1916984
v 0.1050885 0.2708741 0.2754909
v 0.1055550 0.2720949 0.2654758
v 0.1054150 0.2761663 0.2516421
v 0.1081690 0.2771151 0.2465476
v 0.1094675 0.2769302 0.2415557
v 0.1099295 0.2757255 0.2364768
v 0.1099006 0.2771944 0.2290448
v 0.1094623 0.2791448 0.2252654
v 0.1091158 0.2814334 0.2198139
v 0.1089839 0.2814093 0.2149074
v 0.1089798 0.2826726 0.2075123
v 0.1091066 0.2822389 0.2031403
v 0.1095799 0.2833393 0.1971107
v 0.1102471 0.2842200 0.1915941
v 0.1050849 0.2766396 0.2761936
v 0.1055514 0.2778605 0.2661785
v 0.1062560 0.2815521 0.2526055
v 0.1091787 0.2824183 0.2473137
v 0.1101718 0.2838398 0.2236185
v 0.1095428 0.2856290 0.2205990
v 0.1090456 0.2866884 0.2140414
v 0.1109788 0.2900606 0.1870603
v 0.1054470 0.2838118 0.2770847
v 0.1059135 0.2850327 0.2670697
v 0.1062403 0.2870604 0.2532680
v 0.1087413 0.2876016 0.2481064
v 0.1099180 0.2898928 0.2441380
v 0.1100909 0.2908562 0.2189926
v 0.1091820 0.2919209 0.2155394
v 0.1088518 0.2937756 0.2116024
v 0.1090776 0.2917683 0.2026108
v 0.1066750 0.2903386 0.2779376
v 0.1071415 0.2915595 0.2679225
v 0.1059739 0.2919539 0.2539140
v 0.1086540 0.2924089 0.2479889
v 0.1099031 0.2932982 0.2446828
v 0.1110278 0.2970426 0.2188687
v 0.1096629 0.2968107 0.2150173
v 0.1087686 0.2981765 0.2103254
v 0.1089118 0.3001200 0.2036212
v 0.1092901 0.3008372 0.1992289
v 0.1102611 0.3019303 0.1919321
v 0.1060906 0.2958018 0.2785763
v 0.1053590 0.2975881 0.2685744
v 0.1058087 0.2982992 0.2648484
v 0.1074872 0.2976840 0.2606337
v 0.1083713 0.2998725 0.2444227
v 0.1113262 0.3013721 0.2194095
v 0.1099906 0.3024499 0.2156041
v 0.1087117 0.3034133 0.2096193
v 0.1107845 0.3060725 0.1891821
v 0.1069690 0.3011405 0.2792681
v 0.1071010 0.3021734 0.2692145
v 0.1070289 0.3025208 0.2658550
v 0.1056850 0.3031390 0.2614719
v 0.1067106 0.3053071 0.2446223
v 0.1111318 0.3078525 0.2201779
v 0.1100964 0.3076072 0.2168767
v 0.1086448 0.3084353 0.2103282
v 0.1087396 0.3084038 0.2061250
v 0.1092212 0.3096448 0.2003022
v 0.1099765 0.3105946 0.1944753
v 0.1104903 0.3108847 0.1912359
v 0.1078360 0.3077849 0.2643218
v 0.1064481 0.3083889 0.2620617
v 0.1075092 0.3104294 0.2454073
v 0.1111079 0.3136722 0.2208696
v 0.1099874 0.3132738 0.2175171
v 0.1087154 0.3143749 0.2114655
v 0.1088421 0.3160245 0.2070584
v 0.1093211 0.3173786 0.2012516
v 0.1100393 0.3183325 0.1954265
v 0.1105087 0.3183915 0.1921714
v 0.1084239 0.3123056 0.2622026
v 0.1092578 0.3140777 0.2466327
v 0.1110138 0.3199150 0.2179148
v 0.1096116 0.3202841 0.2124495
v 0.1096679 0.3211521 0.2073467
v 0.1100165 0.3220703 0.2016413
v 0.1107598 0.3228876 0.1951184
v 0.1111326 0.3231814 0.1927843
v 0.1112542 0.3229637 0.2139982
v 0.1113380 0.3242620 0.2066774
v 0.1116138 0.3250210 0.2007924
v 0.1120579 0.3255866 0.1949098
v 0.1125265 0.3260580 0.1931999
v 0.1037185 0.2551219 0.2580433
v 0.1036057 0.2554305 0.2540642
v 0.1039557 0.2549791 0.2496619
v 0.1042718 0.2558564 0.2463323
v 0.1021543 0.2581020 0.2737972
v 0.1028024 0.2584530 0.2636846
v 0.1025690 0.2586222 0.2605095
v 0.1028555 0.2590555 0.2547989
v 0.1036372 0.2593074 0.2496968
v 0.1042499 0.2609504 0.2469655
v 0.1009414 0.2626787 0.2742986
v 0.1013644 0.2633508 0.2642147
v 0.1011144 0.2651688 0.2613513
v 0.1021858 0.2651636 0.2553811
v 0.1035203 0.2657222 0.2504928
v 0.1043463 0.2642415 0.2473789
v 0.1002157 0.2680851 0.2749239
v 0.1005632 0.2689193 0.2648561
v 0.1008301 0.2705200 0.2607683
v 0.1022291 0.2721341 0.2554269
v 0.1036204 0.2717405 0.2516225
v 0.1016211 0.2745810 0.2757812
v 0.1019276 0.2756706 0.2657427
v 0.1008589 0.2761487 0.2610799
v 0.1016027 0.2747279 0.2581791
v 0.1034899 0.2739350 0.2536567
v 0.1014208 0.2781831 0.2762110
v 0.1016398 0.2793714 0.2661805
v 0.1009459 0.2801376 0.2616331
v 0.1025301 0.2816107 0.2586712
v 0.1005258 0.2851294 0.2770161
v 0.1007618 0.2852507 0.2668563
v 0.1011748 0.2855534 0.2623401
v 0.1020454 0.2868201 0.2603700
v 0.1014856 0.2902673 0.2776872
v 0.1017641 0.2913272 0.2676437
v 0.1020307 0.2918983 0.2639037
v 0.1025584 0.2913774 0.2605129
v 0.1028723 0.2947667 0.2783003
v 0.1032026 0.2959504 0.2682743
v 0.1029624 0.2954075 0.2655078
v 0.1273428 0.3079328 0.2491362
v 0.1268465 0.3066337 0.2597931
v 0.1275905 0.3057470 0.2489436
v 0.1270998 0.3044628 0.2594779
v 0.1232412 0.3140216 0.2498365
v 0.1227613 0.3127567 0.2602039
v 0.1247952 0.3114898 0.2500386
v 0.1245662 0.3113692 0.2517094
v 0.1242768 0.3105893 0.2579127
v 0.1243633 0.3103163 0.2595050
v 0.1254732 0.3090799 0.2495436
v 0.1258946 0.3083127 0.2513328
v 0.1256014 0.3075452 0.2576284
v 0.1250166 0.3078783 0.2595194
v 0.1258809 0.3049322 0.2491642
v 0.1263303 0.3046126 0.2508701
v 0.1260342 0.3038375 0.2572286
v 0.1254214 0.3037532 0.2588928
v 0.1255672 0.3012603 0.2483179
v 0.1255604 0.3014060 0.2504871
v 0.1252682 0.3006414 0.2567595
v 0.1250751 0.2999846 0.2588333
v 0.1249152 0.2988568 0.2477596
v 0.1244045 0.2975200 0.2587255
v 0.1212281 0.3149810 0.2495051
v 0.1207130 0.3136326 0.2605661
v 0.1208828 0.3113910 0.2486252
v 0.1203286 0.3099404 0.2605243
v 0.1224351 0.3088496 0.2483877
v 0.1218809 0.3073991 0.2602868
v 0.1231976 0.3050926 0.2479652
v 0.1226434 0.3036421 0.2598643
v 0.1219278 0.3015362 0.2474858
v 0.1213748 0.3000888 0.2593588
v 0.1232622 0.2978724 0.2474252
v 0.1227389 0.2965026 0.2586614
v 0.1160532 0.3165219 0.2495483
v 0.1162433 0.3161288 0.2529851
v 0.1160410 0.3156407 0.2570252
v 0.1155468 0.3151967 0.2604198
v 0.1170412 0.3160516 0.2490067
v 0.1169640 0.3149974 0.2537345
v 0.1168239 0.3147064 0.2561937
v 0.1164863 0.3145992 0.2609210
v 0.1176906 0.3121778 0.2485725
v 0.1171364 0.3107273 0.2604716
v 0.1187070 0.2995452 0.2470798
v 0.1181528 0.2980946 0.2589789
v 0.1201285 0.2958240 0.2468163
v 0.1191353 0.2958802 0.2513016
v 0.1190593 0.2955887 0.2539034
v 0.1195856 0.2944032 0.2584718
v 0.1187639 0.2949754 0.2471779
v 0.1186124 0.2946079 0.2504884
v 0.1184558 0.2941264 0.2544834
v 0.1182695 0.2936813 0.2577939
v 0.1138279 0.3158357 0.2534402
v 0.1136771 0.3154872 0.2563080
v 0.1139616 0.3141670 0.2533891
v 0.1140271 0.3138128 0.2561001
v 0.1140862 0.3117447 0.2483518
v 0.1135320 0.3102942 0.2602509
v 0.1153112 0.2993672 0.2469000
v 0.1147570 0.2979167 0.2587991
v 0.1165070 0.2954160 0.2464209
v 0.1158985 0.2957664 0.2511547
v 0.1157750 0.2954478 0.2538737
v 0.1159478 0.2939537 0.2584252
v 0.1169855 0.2948380 0.2469541
v 0.1162865 0.2943268 0.2507182
v 0.1162248 0.2939270 0.2540605
v 0.1163910 0.2934992 0.2577677
v 0.1106027 0.3159753 0.2492334
v 0.1100969 0.3146514 0.2600940
v 0.1097727 0.3153746 0.2486605
v 0.1092247 0.3139401 0.2604276
v 0.1113931 0.3096876 0.2479756
v 0.1108389 0.3082370 0.2598747
v 0.1099978 0.3066604 0.2475416
v 0.1094436 0.3052099 0.2594407
v 0.1135826 0.2998412 0.2468773
v 0.1130284 0.2983907 0.2587764
v 0.1125041 0.2954684 0.2465025
v 0.1119690 0.2940678 0.2579915
v 0.1068889 0.3134675 0.2488241
v 0.1056219 0.3118500 0.2517070
v 0.1052871 0.3111041 0.2564723
v 0.1063948 0.3121759 0.2595745
v 0.1053807 0.3108939 0.2522552
v 0.1052472 0.3104867 0.2552592
v 0.1074979 0.3058349 0.2478594
v 0.1060185 0.3053067 0.2509168
v 0.1057986 0.3048105 0.2549799
v 0.1069927 0.3045126 0.2587066
v 0.1090884 0.2992451 0.2465953
v 0.1085342 0.2977946 0.2584944
v 0.1093768 0.2964342 0.2465953
v 0.1088391 0.2950882 0.2578782
v 0.1048867 0.3106479 0.2528243
v 0.1047927 0.3104092 0.2546167
v 0.1055184 0.3052497 0.2516839
v 0.1054107 0.3049541 0.2536801
v 0.0960658 0.3000539 0.2639083
v 0.0965316 0.2972851 0.2641935
v 0.0969775 0.2940957 0.2637334
v 0.0983748 0.3054439 0.2623087
v 0.0985555 0.3009853 0.2631080
v 0.0997338 0.2978338 0.2627172
v 0.0992867 0.2944564 0.2626866
v 0.0983362 0.2924930 0.2619182
v 0.1002934 0.3081142 0.2603602
v 0.1006531 0.3060397 0.2612539
v 0.1020723 0.3031924 0.2606577
v 0.1007344 0.2975985 0.2617587
v 0.1019358 0.3086466 0.2588679
v 0.1029593 0.3068461 0.2588990
v 0.1025859 0.3038262 0.2597455
v 0.0914280 0.2991540 0.2640984
v 0.0916964 0.2970381 0.2642150
v 0.0918582 0.2945785 0.2635165
v 0.0934676 0.3067693 0.2621672
v 0.0930774 0.3034218 0.2631301
v 0.0940196 0.3012001 0.2637341
v 0.0936661 0.2977729 0.2644027
v 0.0949143 0.2931279 0.2630154
v 0.0945736 0.2917634 0.2612854
v 0.0954482 0.3081711 0.2614229
v 0.0960562 0.3063949 0.2622505
v 0.0972006 0.2915866 0.2599528
v 0.0984975 0.3093638 0.2598573
v 0.0990628 0.2967005 0.2594184
v 0.0984449 0.2963867 0.2575896
v 0.1006275 0.3099075 0.2568949
v 0.1027398 0.3081869 0.2570256
v 0.1007022 0.3035319 0.2566013
v 0.1017294 0.3089521 0.2545669
v 0.1017642 0.3083543 0.2535313
v 0.0887107 0.3035163 0.2622082
v 0.0886670 0.3003248 0.2630842
v 0.0886745 0.2970033 0.2632040
v 0.0896609 0.2936566 0.2619533
v 0.0911134 0.3081627 0.2608611
v 0.0905207 0.3047035 0.2618678
v 0.0904374 0.3004682 0.2620210
v 0.0921927 0.2922767 0.2616098
v 0.0927770 0.2909629 0.2593687
v 0.0929391 0.3110954 0.2586920
v 0.0926436 0.3087361 0.2603808
v 0.0930921 0.3061437 0.2599394
v 0.0951916 0.2902745 0.2571416
v 0.0951663 0.2891609 0.2546768
v 0.0945754 0.3117988 0.2570094
v 0.0961594 0.3109807 0.2582521
v 0.0986898 0.2957242 0.2553456
v 0.0975499 0.2901456 0.2554994
v 0.0968286 0.2891288 0.2539075
v 0.0968068 0.3116883 0.2556703
v 0.0986885 0.3109787 0.2543594
v 0.1004135 0.3029981 0.2535161
v 0.1000468 0.2946599 0.2527464
v 0.1002330 0.2887815 0.2511847
v 0.0999366 0.3097694 0.2515604
v 0.1020280 0.3072849 0.2517199
v 0.1027587 0.2982628 0.2489686
v 0.1027484 0.2973449 0.2490861
v 0.1033355 0.2921436 0.2486755
v 0.1021818 0.2884436 0.2488444
v 0.1026831 0.2867799 0.2472273
v 0.1024074 0.3074618 0.2485334
v 0.1046353 0.3040041 0.2474122
v 0.1040187 0.3001642 0.2478772
v 0.1044916 0.2972618 0.2472493
v 0.1046388 0.2932612 0.2473910
v 0.1047679 0.2893531 0.2461509
v 0.1040222 0.2873294 0.2461802
v 0.1041192 0.3062405 0.2461167
v 0.1053712 0.3047802 0.2453134
v 0.1065016 0.3009863 0.2451144
v 0.1069445 0.2970231 0.2442823
v 0.1066173 0.2936542 0.2442147
v 0.1063060 0.2912353 0.2442593
v 0.1069911 0.3036388 0.2431677
v 0.1079014 0.3014234 0.2427573
v 0.1081101 0.2982881 0.2425070
v 0.1081682 0.2955850 0.2415161
v 0.0844547 0.2977268 0.2613008
v 0.0859598 0.3068414 0.2599012
v 0.0862324 0.3036323 0.2611938
v 0.0850089 0.3007073 0.2614927
v 0.0862255 0.2960880 0.2617652
v 0.0869357 0.2936112 0.2604864
v 0.0878522 0.2915784 0.2586802
v 0.0880726 0.3104174 0.2586120
v 0.0876530 0.3087550 0.2595957
v 0.0893489 0.2904208 0.2572875
v 0.0904517 0.3116244 0.2576024
v 0.0929046 0.2894730 0.2559824
v 0.0932674 0.2886919 0.2541390
v 0.0925944 0.3126993 0.2547063
v 0.0941585 0.3104047 0.2550961
v 0.0959381 0.2879202 0.2522185
v 0.0944616 0.3123709 0.2518654
v 0.0951985 0.3118673 0.2497899
v 0.0979492 0.2873336 0.2507345
v 0.0986283 0.2862315 0.2487472
v 0.0984583 0.3104662 0.2499496
v 0.1001221 0.2973057 0.2490122
v 0.1007426 0.2875527 0.2479852
v 0.1005415 0.2858923 0.2470863
v 0.1001864 0.3092550 0.2476756
v 0.1014733 0.3081885 0.2465153
v 0.1027001 0.3037055 0.2455232
v 0.1019630 0.2989525 0.2467000
v 0.1023755 0.2971042 0.2464417
v 0.1037943 0.2858569 0.2443466
v 0.1031451 0.2841820 0.2424144
v 0.1034105 0.3069290 0.2439422
v 0.1041980 0.3056251 0.2437611
v 0.1073691 0.2922834 0.2421150
v 0.1065963 0.2898948 0.2428775
v 0.1057527 0.2865128 0.2412637
v 0.1040366 0.2842893 0.2413561
v 0.1064475 0.3047695 0.2412855
v 0.1080083 0.3016605 0.2407435
v 0.1089650 0.2968356 0.2394546
v 0.1081225 0.2934301 0.2398380
v 0.1073401 0.2896498 0.2388824
v 0.1065484 0.2872610 0.2384799
v 0.1067093 0.3047032 0.2384770
v 0.1088369 0.3017847 0.2378176
v 0.1093197 0.2992005 0.2369595
v 0.1089639 0.2956969 0.2365289
v 0.1082477 0.2926979 0.2365001
v 0.0821507 0.2996266 0.2599963
v 0.0822078 0.2963505 0.2596228
v 0.0826181 0.2943901 0.2588806
v 0.0832499 0.3075258 0.2579481
v 0.0825995 0.3042155 0.2589343
v 0.0825000 0.3020253 0.2597457
v 0.0842614 0.2927437 0.2583652
v 0.0851195 0.2912622 0.2570850
v 0.0853276 0.3108517 0.2569007
v 0.0844672 0.3093498 0.2576017
v 0.0872573 0.3000327 0.2571970
v 0.0889089 0.2947375 0.2555078
v 0.0865253 0.2897246 0.2551603
v 0.0880546 0.2884595 0.2529300
v 0.0874814 0.3130285 0.2542694
v 0.0889046 0.3059871 0.2556188
v 0.0893728 0.2981932 0.2550802
v 0.0911977 0.2877794 0.2519464
v 0.0905476 0.3133912 0.2519824
v 0.0926744 0.3083493 0.2519002
v 0.0913545 0.3053567 0.2531816
v 0.0940904 0.2952273 0.2503704
v 0.0931269 0.2924496 0.2513002
v 0.0927573 0.2867447 0.2498024
v 0.0922362 0.3129068 0.2495574
v 0.0958124 0.2952120 0.2486615
v 0.0960781 0.2851896 0.2459389
v 0.0959788 0.3111895 0.2473615
v 0.0968953 0.3060716 0.2476899
v 0.0964264 0.3026128 0.2481224
v 0.0985469 0.3007764 0.2460007
v 0.0971006 0.2950168 0.2473812
v 0.0966430 0.2875489 0.2439406
v 0.0971277 0.2852651 0.2440516
v 0.0990743 0.2833593 0.2426240
v 0.0977002 0.3100676 0.2447954
v 0.0989230 0.3093338 0.2434473
v 0.0998535 0.3030851 0.2419082
v 0.1006307 0.2828774 0.2408378
v 0.1010509 0.3080508 0.2412627
v 0.1007029 0.3040019 0.2410891
v 0.1034138 0.2850642 0.2406619
v 0.1033812 0.2836159 0.2380513
v 0.1026624 0.3069758 0.2385437
v 0.1043130 0.3060707 0.2380679
v 0.1059132 0.2867645 0.2362638
v 0.1046179 0.2845184 0.2366073
v 0.1057109 0.3050120 0.2361604
v 0.1076486 0.3031115 0.2350005
v 0.1079158 0.2989019 0.2347745
v 0.1084144 0.2951290 0.2340904
v 0.1073779 0.2915318 0.2344208
v 0.1082828 0.3014869 0.2338299
v 0.1085307 0.2988470 0.2331856
v 0.1080262 0.2959613 0.2325031
v 0.0790649 0.3003910 0.2575369
v 0.0790176 0.2966086 0.2574822
v 0.0799806 0.2933623 0.2565262
v 0.0802395 0.3078741 0.2552631
v 0.0799634 0.3043084 0.2568204
v 0.0800714 0.2933353 0.2545553
v 0.0814566 0.2898499 0.2530661
v 0.0825390 0.3113064 0.2545475
v 0.0815520 0.3095931 0.2551200
v 0.0855916 0.2880907 0.2514010
v 0.0846034 0.3129541 0.2515431
v 0.0839056 0.3098129 0.2506467
v 0.0879214 0.2870061 0.2494952
v 0.0870112 0.3140973 0.2493210
v 0.0868896 0.3081983 0.2476692
v 0.0890589 0.2902956 0.2454169
v 0.0902064 0.2853335 0.2459990
v 0.0890207 0.3136600 0.2474413
v 0.0904719 0.3062602 0.2440959
v 0.0926593 0.2838611 0.2429047
v 0.0919751 0.3123785 0.2448368
v 0.0935461 0.3119651 0.2459640
v 0.0942789 0.2879294 0.2419376
v 0.0965543 0.2870540 0.2410099
v 0.0963171 0.2830155 0.2415256
v 0.0952566 0.3105821 0.2413062
v 0.0949407 0.3061632 0.2399093
v 0.0952434 0.3042734 0.2398829
v 0.0982032 0.2853555 0.2375981
v 0.0985752 0.2820946 0.2385961
v 0.0992006 0.3085382 0.2384701
v 0.0986893 0.3048395 0.2388277
v 0.0999611 0.2849035 0.2371253
v 0.1002749 0.2838620 0.2358505
v 0.1009636 0.3073579 0.2357485
v 0.1023472 0.3067627 0.2359327
v 0.1044199 0.2867378 0.2329270
v 0.1034558 0.2846681 0.2337300
v 0.1038401 0.3054853 0.2334157
v 0.1059784 0.2986132 0.2314285
v 0.1059035 0.2912511 0.2317668
v 0.1062890 0.3029092 0.2316243
v 0.1062520 0.2989979 0.2299521
v 0.1065326 0.2958948 0.2299678
v 0.0780033 0.3018651 0.2561384
v 0.0768587 0.2960207 0.2548020
v 0.0769266 0.2935196 0.2545071
v 0.0780865 0.3078812 0.2530606
v 0.0778686 0.3042074 0.2548550
v 0.0793323 0.2954675 0.2547786
v 0.0797020 0.2896194 0.2516113
v 0.0797380 0.3112305 0.2521820
v 0.0787964 0.3096423 0.2524711
v 0.0830214 0.2877292 0.2494654
v 0.0820104 0.3119172 0.2503977
v 0.0824928 0.3102651 0.2508779
v 0.0846243 0.2865890 0.2472850
v 0.0854947 0.2853264 0.2442591
v 0.0860726 0.3079841 0.2460083
v 0.0884558 0.2902032 0.2444388
v 0.0878471 0.2849901 0.2443274
v 0.0885544 0.3136324 0.2457461
v 0.0880273 0.3068427 0.2437418
v 0.0904811 0.2834873 0.2410618
v 0.0904287 0.3127157 0.2434952
v 0.0939086 0.2868044 0.2373065
v 0.0935962 0.2825010 0.2391090
v 0.0931129 0.3111411 0.2396526
v 0.0966651 0.2854328 0.2362209
v 0.0961498 0.2815421 0.2357761
v 0.0958396 0.3094430 0.2355621
v 0.0970808 0.2849307 0.2342215
v 0.0984545 0.2839577 0.2342584
v 0.0967691 0.2812496 0.2325568
v 0.0982768 0.3079258 0.2325298
v 0.1000108 0.2833790 0.2306432
v 0.1004214 0.3064429 0.2302355
v 0.1035915 0.2927707 0.2277984
v 0.1014145 0.2879781 0.2281585
v 0.1020094 0.3050834 0.2287079
v 0.1035331 0.3025100 0.2272406
v 0.1048200 0.2984943 0.2272366
v 0.1044668 0.2960179 0.2272986
v 0.0743755 0.3002116 0.2529707
v 0.0743004 0.2966918 0.2533885
v 0.0752039 0.2933646 0.2528005
v 0.0764243 0.2911388 0.2517042
v 0.0749424 0.3041905 0.2517402
v 0.0771473 0.2893972 0.2493009
v 0.0770944 0.3113327 0.2493920
v 0.0762071 0.3095573 0.2495685
v 0.0805227 0.2874148 0.2472857
v 0.0811574 0.3145209 0.2469519
v 0.0796093 0.3137105 0.2482433
v 0.0822514 0.2862694 0.2451949
v 0.0840148 0.2851404 0.2429018
v 0.0822331 0.3147219 0.2459655
v 0.0832935 0.3146955 0.2449360
v 0.0829977 0.3081995 0.2436116
v 0.0845754 0.2908365 0.2427779
v 0.0858220 0.2840742 0.2405666
v 0.0848473 0.3143175 0.2433488
v 0.0871175 0.3062933 0.2407193
v 0.0876454 0.2831338 0.2383427
v 0.0873754 0.3132488 0.2406429
v 0.0893026 0.3122411 0.2383272
v 0.0884244 0.3055554 0.2392995
v 0.0893542 0.3049930 0.2381481
v 0.0900289 0.2820882 0.2355773
v 0.0912044 0.3111422 0.2357526
v 0.0909623 0.3038184 0.2353945
v 0.0924738 0.2865289 0.2347693
v 0.0933004 0.2812878 0.2330871
v 0.0931982 0.3099408 0.2330321
v 0.0937979 0.2849902 0.2303457
v 0.0942052 0.2847886 0.2300104
v 0.0957324 0.3083610 0.2298512
v 0.0978875 0.3068220 0.2273857
v 0.1011030 0.2987182 0.2267359
v 0.0994289 0.3054280 0.2257247
v 0.1008343 0.3028261 0.2241124
v 0.1012033 0.2987136 0.2247276
v 0.0713030 0.3001231 0.2496218
v 0.0717403 0.2963642 0.2498980
v 0.0718901 0.2932736 0.2494077
v 0.0730705 0.2910352 0.2483941
v 0.0741843 0.3071549 0.2492095
v 0.0729467 0.3045075 0.2492871
v 0.0740053 0.2953428 0.2487477
v 0.0746651 0.2893333 0.2469120
v 0.0742387 0.3115155 0.2461456
v 0.0751059 0.3096222 0.2486087
v 0.0773256 0.2872749 0.2443200
v 0.0772470 0.3144500 0.2441037
v 0.0757999 0.3134226 0.2452705
v 0.0791976 0.2860970 0.2423053
v 0.0810824 0.2849607 0.2400393
v 0.0794110 0.3149796 0.2422370
v 0.0811367 0.3079924 0.2408877
v 0.0821358 0.2903679 0.2384634
v 0.0829225 0.2839222 0.2376933
v 0.0815741 0.3146659 0.2402837
v 0.0847087 0.2830181 0.2354038
v 0.0852569 0.3131654 0.2367079
v 0.0870177 0.2820058 0.2324556
v 0.0883882 0.3115304 0.2331238
v 0.0902481 0.2861324 0.2309501
v 0.0893798 0.2813376 0.2304871
v 0.0930309 0.2810375 0.2304529
v 0.0905113 0.3102859 0.2304197
v 0.0930733 0.2850783 0.2299218
v 0.0937117 0.2846889 0.2291190
v 0.0944693 0.2812780 0.2287776
v 0.0925504 0.3090288 0.2278304
v 0.0967197 0.2834951 0.2265816
v 0.0946980 0.3075245 0.2251750
v 0.0957317 0.3066505 0.2239210
v 0.0985138 0.2879598 0.2249742
v 0.0966928 0.3056550 0.2227469
v 0.1009154 0.2962866 0.2232627
v 0.0999995 0.2929099 0.2238024
v 0.0682789 0.2995330 0.2464045
v 0.0681300 0.2968362 0.2465470
v 0.0688143 0.2935936 0.2459356
v 0.0712022 0.3074574 0.2456696
v 0.0700707 0.3044917 0.2460466
v 0.0686535 0.3015625 0.2460525
v 0.0718058 0.2946611 0.2438798
v 0.0718046 0.2898783 0.2445255
v 0.0713864 0.3116005 0.2428657
v 0.0717556 0.3094407 0.2448038
v 0.0749781 0.2874241 0.2420128
v 0.0744400 0.3147180 0.2403747
v 0.0729891 0.3137296 0.2415781
v 0.0755185 0.3094003 0.2403353
v 0.0772788 0.2914083 0.2373195
v 0.0761640 0.2863285 0.2394372
v 0.0776630 0.2854589 0.2378267
v 0.0760629 0.3150517 0.2389835
v 0.0771746 0.3086730 0.2393198
v 0.0780545 0.3078381 0.2370883
v 0.0786965 0.2908004 0.2365054
v 0.0799693 0.2841365 0.2348118
v 0.0782479 0.3148130 0.2371137
v 0.0784222 0.3074512 0.2360120
v 0.0816731 0.2832619 0.2324497
v 0.0821110 0.3134156 0.2338957
v 0.0854828 0.2820838 0.2308653
v 0.0849520 0.3120823 0.2312049
v 0.0886489 0.2861280 0.2292646
v 0.0881123 0.2813298 0.2282373
v 0.0904860 0.2810460 0.2274828
v 0.0872138 0.3108247 0.2285599
v 0.0897338 0.2851130 0.2265672
v 0.0897129 0.2848178 0.2254316
v 0.0902472 0.2812558 0.2254691
v 0.0903550 0.3088501 0.2245636
v 0.0937226 0.2836407 0.2231120
v 0.0919340 0.3076720 0.2224986
v 0.0946353 0.2898930 0.2198123
v 0.0948793 0.2876349 0.2213183
v 0.0952688 0.3057135 0.2212827
v 0.0972443 0.3030234 0.2202209
v 0.0984199 0.2989890 0.2200734
v 0.0980364 0.2964337 0.2202010
v 0.0971234 0.2930478 0.2207461
v 0.0682824 0.3040884 0.2442191
v 0.0699795 0.2898893 0.2418383
v 0.0698423 0.3106776 0.2419636
v 0.0694344 0.3094286 0.2421050
v 0.0719147 0.2879360 0.2387012
v 0.0768123 0.2913906 0.2367655
v 0.0742560 0.2868172 0.2348705
v 0.0751048 0.2858087 0.2344738
v 0.0765243 0.2908895 0.2345742
v 0.0779444 0.2899185 0.2323931
v 0.0767741 0.2848305 0.2321251
v 0.0778061 0.3072652 0.2346671
v 0.0780274 0.2894754 0.2308079
v 0.0822216 0.2827979 0.2298608
v 0.0789191 0.3134703 0.2308364
v 0.0835875 0.2822678 0.2279105
v 0.0819975 0.3122127 0.2285965
v 0.0833769 0.3048879 0.2262596
v 0.0854510 0.2817471 0.2259017
v 0.0843953 0.3109818 0.2261649
v 0.0847334 0.3071911 0.2250522
v 0.0851515 0.3039550 0.2245921
v 0.0882176 0.2821962 0.2230099
v 0.0893305 0.2813741 0.2238985
v 0.0875627 0.3089941 0.2221531
v 0.0867446 0.3061298 0.2231471
v 0.0913603 0.2841041 0.2205022
v 0.0891252 0.3077865 0.2200449
v 0.0929174 0.3067634 0.2211598
v 0.0931584 0.2901512 0.2182703
v 0.0919929 0.2870403 0.2188756
v 0.0938007 0.3057149 0.2198783
v 0.0949564 0.3029750 0.2179519
v 0.0953591 0.2989537 0.2170242
v 0.0950288 0.2964913 0.2171834
v 0.0941869 0.2933080 0.2177061
v 0.0655285 0.2997499 0.2429706
v 0.0654345 0.2966621 0.2429297
v 0.0659368 0.2942312 0.2423944
v 0.0660681 0.3040728 0.2415141
v 0.0659099 0.3016421 0.2426891
v 0.0654458 0.2953818 0.2399607
v 0.0667123 0.2925732 0.2416660
v 0.0685055 0.2902432 0.2400751
v 0.0675595 0.3109154 0.2388545
v 0.0671514 0.3091381 0.2394998
v 0.0699669 0.2933852 0.2371464
v 0.0712034 0.3145653 0.2370164
v 0.0698576 0.3120146 0.2383906
v 0.0702300 0.3100330 0.2372025
v 0.0707872 0.2940725 0.2338615
v 0.0714919 0.2920181 0.2335799
v 0.0737043 0.2869922 0.2339525
v 0.0727921 0.3149585 0.2356693
v 0.0744210 0.3149001 0.2342876
v 0.0736444 0.3081435 0.2336371
v 0.0743274 0.3077739 0.2329557
v 0.0734923 0.2935913 0.2315026
v 0.0756576 0.2915207 0.2313374
v 0.0751236 0.2853155 0.2307428
v 0.0755137 0.3146541 0.2333871
v 0.0746368 0.3075704 0.2325108
v 0.0785619 0.2889396 0.2293439
v 0.0775956 0.2841898 0.2290619
v 0.0797845 0.2833357 0.2278148
v 0.0773778 0.3134220 0.2292035
v 0.0776762 0.3095373 0.2265385
v 0.0777932 0.3067249 0.2273625
v 0.0795029 0.2881877 0.2274894
v 0.0803121 0.2830973 0.2251765
v 0.0802805 0.3120978 0.2264743
v 0.0808338 0.3079862 0.2268102
v 0.0819124 0.3054886 0.2269974
v 0.0827897 0.2824757 0.2232084
v 0.0821730 0.3108894 0.2241701
v 0.0833598 0.3096622 0.2222396
v 0.0851275 0.2822631 0.2208801
v 0.0855015 0.3085906 0.2205227
v 0.0862779 0.3055906 0.2206258
v 0.0863464 0.3005460 0.2182296
v 0.0890222 0.2862910 0.2169709
v 0.0879361 0.2841652 0.2180368
v 0.0866052 0.3076203 0.2184810
v 0.0883444 0.3056072 0.2173745
v 0.0908425 0.2905462 0.2160204
v 0.0896864 0.2876394 0.2166392
v 0.0901424 0.3051631 0.2164508
v 0.0907385 0.3028246 0.2148481
v 0.0913423 0.2992936 0.2141750
v 0.0908958 0.2960412 0.2143651
v 0.0909962 0.2935466 0.2146871
v 0.0627868 0.2977874 0.2394211
v 0.0633127 0.3041458 0.2377519
v 0.0630671 0.3005461 0.2393973
v 0.0630036 0.2961436 0.2390981
v 0.0639596 0.2940810 0.2367603
v 0.0657153 0.2911202 0.2364851
v 0.0653446 0.3109767 0.2357971
v 0.0645487 0.3088763 0.2361925
v 0.0664430 0.2963603 0.2345923
v 0.0665192 0.2945094 0.2349017
v 0.0673853 0.2896544 0.2350088
v 0.0672752 0.3135757 0.2342961
v 0.0689628 0.3094146 0.2335467
v 0.0709911 0.2872809 0.2318856
v 0.0696739 0.3147457 0.2322952
v 0.0694053 0.3085692 0.2308188
v 0.0706426 0.3077939 0.2291851
v 0.0734860 0.2858450 0.2291818
v 0.0718258 0.3146154 0.2305143
v 0.0722129 0.3070438 0.2279937
v 0.0747807 0.2919625 0.2267017
v 0.0741348 0.2896280 0.2273204
v 0.0757165 0.2846828 0.2261052
v 0.0758895 0.3133361 0.2275521
v 0.0753155 0.3099142 0.2254966
v 0.0743699 0.3069479 0.2263046
v 0.0782192 0.2857549 0.2241698
v 0.0781182 0.2838533 0.2226582
v 0.0777133 0.3116020 0.2222409
v 0.0815553 0.2858422 0.2207818
v 0.0799991 0.2836902 0.2204870
v 0.0794123 0.3107026 0.2210675
v 0.0800087 0.3077134 0.2199630
v 0.0803327 0.3048779 0.2197110
v 0.0813363 0.2851392 0.2179008
v 0.0833527 0.2834378 0.2184085
v 0.0821073 0.3088249 0.2180659
v 0.0815599 0.3060974 0.2182192
v 0.0858576 0.3002678 0.2166698
v 0.0856099 0.2873689 0.2146356
v 0.0855100 0.2844926 0.2165963
v 0.0866138 0.3057294 0.2152081
v 0.0861459 0.3039234 0.2141973
v 0.0850867 0.3000947 0.2152120
v 0.0877548 0.2952799 0.2127359
v 0.0874149 0.2911699 0.2135723
v 0.0871896 0.2882800 0.2146998
v 0.0876434 0.3045383 0.2134770
v 0.0882433 0.3026000 0.2131238
v 0.0890834 0.2991515 0.2126699
v 0.0890687 0.2963229 0.2129514
v 0.0608395 0.3037727 0.2343775
v 0.0607177 0.3008236 0.2358776
v 0.0605023 0.2976210 0.2356751
v 0.0623936 0.2942824 0.2344919
v 0.0641211 0.3104962 0.2345235
v 0.0628449 0.3091651 0.2335352
v 0.0608883 0.3049613 0.2336402
v 0.0627065 0.2967086 0.2333019
v 0.0638826 0.2948636 0.2346096
v 0.0644401 0.2908380 0.2316122
v 0.0640265 0.3125880 0.2312013
v 0.0667969 0.2948065 0.2284927
v 0.0664641 0.2921053 0.2283240
v 0.0673946 0.2886582 0.2286685
v 0.0668176 0.3143663 0.2288425
v 0.0685366 0.2940118 0.2273102
v 0.0688373 0.2932428 0.2258134
v 0.0693002 0.2874910 0.2264520
v 0.0688977 0.3143083 0.2271507
v 0.0709701 0.3069135 0.2262051
v 0.0741099 0.2913426 0.2236624
v 0.0725509 0.2888074 0.2225708
v 0.0716582 0.2861671 0.2231498
v 0.0718404 0.3134898 0.2250267
v 0.0732704 0.3108901 0.2232858
v 0.0721537 0.3078637 0.2237528
v 0.0731943 0.2919223 0.2212576
v 0.0734215 0.2880294 0.2205444
v 0.0751238 0.2850461 0.2200680
v 0.0748249 0.3118256 0.2206620
v 0.0748762 0.2928101 0.2190899
v 0.0781179 0.2851817 0.2171296
v 0.0802699 0.2842733 0.2181201
v 0.0775443 0.3102829 0.2191750
v 0.0778996 0.3078982 0.2184146
v 0.0786998 0.3048197 0.2174547
v 0.0794488 0.2902147 0.2144927
v 0.0799146 0.2868376 0.2145551
v 0.0818808 0.2847994 0.2164657
v 0.0803647 0.3086005 0.2163983
v 0.0803477 0.3060959 0.2164603
v 0.0818137 0.2942875 0.2124411
v 0.0816323 0.2913366 0.2128800
v 0.0817345 0.2882169 0.2137107
v 0.0831551 0.3080248 0.2155646
v 0.0837723 0.3056795 0.2128033
v 0.0841082 0.3024251 0.2112182
v 0.0836990 0.2987904 0.2113843
v 0.0839378 0.2957815 0.2118164
v 0.0847788 0.2918532 0.2126111
v 0.0855661 0.3022799 0.2113237
v 0.0867298 0.2997755 0.2115721
v 0.0590481 0.3029968 0.2321320
v 0.0584825 0.3021698 0.2316676
v 0.0584007 0.2972955 0.2316862
v 0.0595395 0.2943607 0.2301611
v 0.0608449 0.3090834 0.2303927
v 0.0592316 0.3042096 0.2313898
v 0.0603543 0.2968698 0.2309416
v 0.0605002 0.2929498 0.2290606
v 0.0615931 0.2917297 0.2277813
v 0.0614297 0.3117321 0.2283978
v 0.0604421 0.3101046 0.2289715
v 0.0646027 0.2950338 0.2272623
v 0.0647173 0.2916819 0.2265306
v 0.0655508 0.2893411 0.2268893
v 0.0630945 0.3136579 0.2256152
v 0.0662770 0.2939842 0.2248549
v 0.0676045 0.2930583 0.2247047
v 0.0672352 0.2882621 0.2246252
v 0.0664184 0.3138017 0.2230025
v 0.0693199 0.2871411 0.2227571
v 0.0703778 0.2865833 0.2211092
v 0.0686561 0.3130415 0.2208923
v 0.0709453 0.3105897 0.2200754
v 0.0701032 0.3072498 0.2205533
v 0.0717096 0.2923575 0.2195317
v 0.0728267 0.2860791 0.2184687
v 0.0724002 0.3117784 0.2185787
v 0.0757472 0.2921315 0.2174388
v 0.0763555 0.2914623 0.2155489
v 0.0752058 0.2863379 0.2150053
v 0.0743351 0.3107571 0.2162361
v 0.0757809 0.3096029 0.2156263
v 0.0778415 0.2902040 0.2132001
v 0.0777636 0.2874801 0.2137813
v 0.0779616 0.3083418 0.2128314
v 0.0802995 0.3071799 0.2125574
v 0.0792252 0.3020478 0.2108061
v 0.0801332 0.2975152 0.2115375
v 0.0790077 0.2952067 0.2115971
v 0.0798007 0.2908291 0.2130949
v 0.0788853 0.3076004 0.2102525
v 0.0809893 0.3055915 0.2100783
v 0.0819496 0.3026644 0.2102084
v 0.0816525 0.2994217 0.2109137
v 0.0567381 0.3008333 0.2291556
v 0.0564047 0.2978127 0.2284820
v 0.0588624 0.3079797 0.2278863
v 0.0571956 0.3036038 0.2281082
v 0.0565787 0.3016864 0.2281288
v 0.0582555 0.2967584 0.2274633
v 0.0581431 0.2952953 0.2266072
v 0.0601030 0.2922198 0.2258365
v 0.0597752 0.3114814 0.2254153
v 0.0590043 0.3095691 0.2265392
v 0.0612984 0.2945814 0.2243284
v 0.0616693 0.2918909 0.2244359
v 0.0612219 0.3131838 0.2235899
v 0.0639443 0.3029869 0.2222387
v 0.0625497 0.2900331 0.2213685
v 0.0656124 0.2887205 0.2218070
v 0.0638877 0.3135734 0.2210585
v 0.0661402 0.3109244 0.2201350
v 0.0657252 0.3082674 0.2201820
v 0.0682257 0.2916063 0.2186313
v 0.0674470 0.2876545 0.2186467
v 0.0691150 0.2869612 0.2175436
v 0.0669301 0.3128542 0.2190150
v 0.0674343 0.3119430 0.2189611
v 0.0692526 0.3064823 0.2171284
v 0.0698458 0.2931243 0.2177521
v 0.0701236 0.2905456 0.2168988
v 0.0707968 0.2865291 0.2153851
v 0.0699349 0.3115405 0.2158176
v 0.0706734 0.3076806 0.2157792
v 0.0715471 0.2925441 0.2146114
v 0.0712710 0.2901981 0.2130142
v 0.0730181 0.2867992 0.2129425
v 0.0715330 0.3106785 0.2137532
v 0.0738995 0.3082149 0.2129890
v 0.0747316 0.2904296 0.2108566
v 0.0741521 0.2876372 0.2115618
v 0.0747080 0.3084146 0.2106379
v 0.0757938 0.3059373 0.2102222
v 0.0753549 0.3030887 0.2106939
v 0.0775008 0.3077264 0.2090617
v 0.0782587 0.3064556 0.2079213
v 0.0789054 0.3029310 0.2081065
v 0.0556968 0.2985586 0.2273705
v 0.0563368 0.3049766 0.2251551
v 0.0552621 0.3005824 0.2258136
v 0.0553901 0.2974170 0.2257116
v 0.0566499 0.2946131 0.2242205
v 0.0591024 0.3114360 0.2238846
v 0.0576403 0.3092709 0.2236556
v 0.0568288 0.3059569 0.2239087
v 0.0589667 0.2977654 0.2211808
v 0.0580594 0.2941132 0.2223839
v 0.0586853 0.2921537 0.2216720
v 0.0598362 0.3125019 0.2216801
v 0.0582010 0.3083209 0.2207572
v 0.0616359 0.3029410 0.2206948
v 0.0622326 0.2958338 0.2186651
v 0.0617115 0.2928155 0.2190192
v 0.0641038 0.2889818 0.2182242
v 0.0620851 0.3129610 0.2185288
v 0.0621383 0.3087705 0.2183366
v 0.0647011 0.2919253 0.2157879
v 0.0647936 0.2896064 0.2144689
v 0.0633164 0.3125529 0.2165544
v 0.0649831 0.3123087 0.2160086
v 0.0660841 0.3068823 0.2153305
v 0.0657898 0.2923252 0.2134755
v 0.0658078 0.2896993 0.2133847
v 0.0683370 0.2872021 0.2123097
v 0.0674903 0.3109619 0.2133579
v 0.0680657 0.3074580 0.2106821
v 0.0703806 0.2896807 0.2101326
v 0.0702361 0.2871007 0.2107283
v 0.0691957 0.3104849 0.2112689
v 0.0699722 0.3080415 0.2097115
v 0.0696676 0.3058322 0.2095870
v 0.0712273 0.2909182 0.2086281
v 0.0731161 0.3082363 0.2073205
v 0.0743034 0.3067898 0.2068389
v 0.0742329 0.3022387 0.2061136
v 0.0752829 0.3079200 0.2074029
v 0.0755571 0.3067608 0.2056118
v 0.0752493 0.3021642 0.2058831
v 0.0556561 0.2947802 0.2216688
v 0.0563303 0.2977754 0.2203775
v 0.0563116 0.2937798 0.2198678
v 0.0574491 0.2924377 0.2188483
v 0.0596090 0.3123593 0.2187464
v 0.0588608 0.3074112 0.2180075
v 0.0576466 0.3030366 0.2191660
v 0.0606148 0.2960397 0.2163896
v 0.0586043 0.2915478 0.2161614
v 0.0608471 0.2900073 0.2153121
v 0.0606979 0.3124956 0.2167662
v 0.0598113 0.3098935 0.2167981
v 0.0596447 0.2958876 0.2148030
v 0.0633657 0.2917510 0.2136654
v 0.0625106 0.2897760 0.2134309
v 0.0618363 0.3124397 0.2153470
v 0.0628662 0.3116451 0.2135047
v 0.0626538 0.3071271 0.2126736
v 0.0647117 0.2924746 0.2123584
v 0.0646476 0.2889675 0.2111262
v 0.0664050 0.2876625 0.2106028
v 0.0646764 0.3108496 0.2109944
v 0.0676119 0.3074700 0.2102538
v 0.0670120 0.2893565 0.2076513
v 0.0673060 0.2876375 0.2088308
v 0.0664099 0.3102692 0.2084746
v 0.0683924 0.3083280 0.2081057
v 0.0687291 0.3057910 0.2086914
v 0.0687761 0.2910892 0.2069387
v 0.0704221 0.3082695 0.2050007
v 0.0714885 0.3070163 0.2044035
v 0.0716440 0.3024573 0.2038993
v 0.0722699 0.3075105 0.2042315
v 0.0727665 0.3065208 0.2034918
v 0.0581094 0.2915048 0.2141634
v 0.0590381 0.2948870 0.2107409
v 0.0585481 0.2918802 0.2110586
v 0.0600640 0.2899405 0.2110097
v 0.0615417 0.3107547 0.2113761
v 0.0614016 0.3072261 0.2111342
v 0.0605974 0.2935520 0.2078831
v 0.0624357 0.2890294 0.2084949
v 0.0639679 0.3103027 0.2085301
v 0.0625074 0.3078607 0.2070667
v 0.0626300 0.3055201 0.2061525
v 0.0636381 0.2923056 0.2060020
v 0.0651377 0.2900240 0.2062502
v 0.0651851 0.2879018 0.2073891
v 0.0643739 0.3100598 0.2070549
v 0.0652426 0.3092111 0.2054177
v 0.0650913 0.3042857 0.2036521
v 0.0679959 0.3080586 0.2032499
v 0.0680319 0.3054658 0.2023133
v 0.0686872 0.3030311 0.2028504
v 0.0704990 0.3067134 0.2020038
v 0.0588913 0.2911924 0.2091006
v 0.0593093 0.2906012 0.2085337
v 0.0604049 0.2932307 0.2075329
v 0.0601461 0.2902103 0.2077862
v 0.0642858 0.3082548 0.2038412
v 0.0636930 0.3051871 0.2043726
v 0.0735829 0.3048182 0.2190794
v 0.0710091 0.2955144 0.2215452
v 0.0750018 0.3042921 0.2178186
v 0.0723312 0.2946385 0.2203771
v 0.0769115 0.3025782 0.2144776
v 0.0763404 0.3011425 0.2146347
v 0.0746255 0.2948652 0.2163039
v 0.0743823 0.2934590 0.2169372
v 0.0764375 0.3023570 0.2116829
v 0.0737243 0.2925494 0.2142822
v 0.0772674 0.3006669 0.2075577
v 0.0747399 0.2914971 0.2099750
v 0.0771988 0.3000855 0.2051897
v 0.0746496 0.2908708 0.2076319
v 0.0713279 0.3057228 0.2196759
v 0.0686949 0.2962051 0.2221985
v 0.0723729 0.3049241 0.2163235
v 0.0691180 0.2947256 0.2184879
v 0.0736641 0.3039025 0.2137892
v 0.0709511 0.2936311 0.2162910
v 0.0746689 0.3025266 0.2096740
v 0.0718999 0.2923637 0.2124798
v 0.0744039 0.3017352 0.2066135
v 0.0713155 0.2917554 0.2094971
v 0.0756031 0.3002938 0.2036044
v 0.0729637 0.2907529 0.2061331
v 0.0667948 0.3068656 0.2203034
v 0.0657903 0.3042795 0.2209222
v 0.0648433 0.3005320 0.2219393
v 0.0642957 0.2978319 0.2226977
v 0.0679252 0.3070166 0.2198991
v 0.0664684 0.3030626 0.2202765
v 0.0659077 0.3008623 0.2209646
v 0.0651507 0.2969872 0.2225572
v 0.0687218 0.3058545 0.2160228
v 0.0656973 0.2957426 0.2187546
v 0.0719085 0.3019882 0.2047615
v 0.0690757 0.2917977 0.2073964
v 0.0727312 0.3007221 0.2009491
v 0.0712296 0.2971462 0.2024187
v 0.0705754 0.2947855 0.2031768
v 0.0699289 0.2905926 0.2036338
v 0.0719059 0.3001148 0.2002210
v 0.0710929 0.2974722 0.2009139
v 0.0699669 0.2937674 0.2018626
v 0.0694138 0.2911060 0.2026087
v 0.0649234 0.3072648 0.2197176
v 0.0640893 0.3046515 0.2203621
v 0.0629762 0.3008643 0.2213425
v 0.0624065 0.2981670 0.2221288
v 0.0636538 0.3078374 0.2183803
v 0.0635056 0.3036677 0.2193360
v 0.0629162 0.3012779 0.2199200
v 0.0608592 0.2977354 0.2210577
v 0.0650118 0.3065725 0.2148597
v 0.0620341 0.2964194 0.2174846
v 0.0681672 0.3026861 0.2034894
v 0.0655635 0.2924342 0.2061321
v 0.0686857 0.3014430 0.1996595
v 0.0681047 0.2977787 0.2014603
v 0.0674058 0.2953238 0.2021497
v 0.0659107 0.2914118 0.2023181
v 0.0699464 0.3005390 0.1995798
v 0.0691775 0.2978487 0.2002894
v 0.0680949 0.2941792 0.2012483
v 0.0674290 0.2914394 0.2019915
v 0.0608982 0.3080541 0.2169136
v 0.0581792 0.2982258 0.2195187
v 0.0624058 0.3066199 0.2123185
v 0.0597354 0.2964252 0.2151070
v 0.0631205 0.3045077 0.2050950
v 0.0603722 0.2943212 0.2078333
v 0.0649423 0.3037601 0.2041755
v 0.0622582 0.2935221 0.2067869
v 0.0648353 0.3024156 0.1997597
v 0.0620941 0.2925920 0.2023785
v 0.0587565 0.3072430 0.2166878
v 0.0574583 0.3053535 0.2170740
v 0.0565598 0.3020518 0.2178660
v 0.0566858 0.2997581 0.2186715
v 0.0526752 0.2969113 0.2188277
v 0.0566830 0.2919843 0.2037615
v 0.0533361 0.3000782 0.2200035
v 0.0533412 0.2986479 0.2180756
v 0.0536359 0.2973757 0.2160472
v 0.0550852 0.2949480 0.2110733
v 0.0570672 0.2921659 0.2031701
v 0.0583437 0.2931395 0.2016897
v 0.0549471 0.3026343 0.2203360
v 0.0550559 0.3014032 0.2169934
v 0.0558712 0.2998555 0.2142342
v 0.0566810 0.2986137 0.2102530
v 0.0574764 0.2965803 0.2035876
v 0.0591377 0.2959833 0.2009519
v 0.0559990 0.3066633 0.2192387
v 0.0568653 0.3061805 0.2157414
v 0.0583920 0.3040552 0.2088642
v 0.0594805 0.3014991 0.2007692
v 0.0603425 0.3005041 0.1996728
v 0.0557766 0.3091359 0.2175775
v 0.0561037 0.3086242 0.2151397
v 0.0584881 0.3065836 0.2080373
v 0.0586747 0.3057963 0.2051994
v 0.0600558 0.3041419 0.2001977
v 0.0611531 0.3032062 0.1989137
v 0.0565324 0.3112221 0.2150766
v 0.0604146 0.3061944 0.2001421
v 0.0504005 0.2966226 0.2171455
v 0.0507284 0.2946854 0.2144734
v 0.0516330 0.2932453 0.2110544
v 0.0526229 0.2923740 0.2073650
v 0.0538217 0.2923192 0.2042650
v 0.0515486 0.3002016 0.2191726
v 0.0511537 0.2988544 0.2166673
v 0.0512829 0.2971114 0.2146829
v 0.0550198 0.2946869 0.2024345
v 0.0559901 0.2939481 0.2006771
v 0.0517786 0.3027404 0.2190588
v 0.0522819 0.3024583 0.2163425
v 0.0561036 0.2963099 0.2020244
v 0.0567716 0.2965516 0.2001588
v 0.0530450 0.3073929 0.2178204
v 0.0542223 0.3069030 0.2150261
v 0.0580085 0.3006755 0.1986990
v 0.0540427 0.3094705 0.2166962
v 0.0542884 0.3101801 0.2148022
v 0.0555638 0.3089980 0.2107296
v 0.0576106 0.3064424 0.2036669
v 0.0582374 0.3048715 0.1997335
v 0.0584467 0.3033867 0.1982917
v 0.0544609 0.3117555 0.2131022
v 0.0552969 0.3118033 0.2098726
v 0.0563203 0.3108342 0.2063164
v 0.0571042 0.3093044 0.2032162
v 0.0577935 0.3074297 0.2003223
v 0.0487679 0.2963098 0.2162118
v 0.0488983 0.2948067 0.2136133
v 0.0496928 0.2939467 0.2102458
v 0.0503094 0.2926356 0.2067622
v 0.0516284 0.2925208 0.2035240
v 0.0518468 0.2928270 0.2014297
v 0.0487046 0.2990420 0.2158305
v 0.0491063 0.2970076 0.2120947
v 0.0495066 0.2948918 0.2042892
v 0.0500450 0.2946601 0.2026557
v 0.0524482 0.2946497 0.1998787
v 0.0484649 0.3042672 0.2176335
v 0.0525117 0.2973767 0.1989066
v 0.0491807 0.3070505 0.2168376
v 0.0508982 0.3080280 0.2140734
v 0.0537697 0.3010410 0.1976879
v 0.0513010 0.3097056 0.2128302
v 0.0513877 0.3102876 0.2102576
v 0.0543833 0.3075314 0.2029559
v 0.0555207 0.3050466 0.1990731
v 0.0553121 0.3038805 0.1977539
v 0.0526275 0.3122277 0.2117401
v 0.0528620 0.3121584 0.2091267
v 0.0540437 0.3107649 0.2053263
v 0.0547752 0.3097704 0.2023507
v 0.0557349 0.3078718 0.1995239
v 0.0555566 0.3065846 0.1977585
v 0.0455337 0.2974863 0.2153222
v 0.0449616 0.2967959 0.2118223
v 0.0459289 0.2951037 0.2083471
v 0.0469339 0.2946821 0.2057137
v 0.0474965 0.2931260 0.2019876
v 0.0479711 0.2935737 0.2000957
v 0.0456414 0.3016069 0.2171153
v 0.0445398 0.3000316 0.2152333
v 0.0447508 0.2980560 0.2116857
v 0.0466041 0.2954343 0.2033604
v 0.0495454 0.2951727 0.2027150
v 0.0495288 0.2955853 0.1987052
v 0.0452886 0.3041349 0.2165824
v 0.0497834 0.2987751 0.1980397
v 0.0468116 0.3082298 0.2155962
v 0.0509876 0.3016744 0.1973807
v 0.0481130 0.3101596 0.2147231
v 0.0485574 0.3111212 0.2122099
v 0.0485535 0.3106039 0.2085790
v 0.0508079 0.3065596 0.1973059
v 0.0511876 0.3046803 0.1960476
v 0.0497369 0.3123827 0.2107626
v 0.0500051 0.3123876 0.2083352
v 0.0505211 0.3114516 0.2041283
v 0.0504357 0.3099055 0.2012673
v 0.0515626 0.3085270 0.1982448
v 0.0516538 0.3072306 0.1964514
v 0.0402048 0.2985212 0.2134155
v 0.0412770 0.2976867 0.2114865
v 0.0413615 0.2955242 0.2073295
v 0.0431730 0.2941501 0.2045089
v 0.0435373 0.2943201 0.2008929
v 0.0440743 0.2943448 0.1988529
v 0.0404958 0.3026508 0.2151936
v 0.0404074 0.3017137 0.2145458
v 0.0414556 0.2989219 0.2117096
v 0.0448420 0.2955731 0.2015111
v 0.0453548 0.2963193 0.1974573
v 0.0412340 0.3047500 0.2149327
v 0.0472347 0.2992798 0.1972245
v 0.0423359 0.3086211 0.2140504
v 0.0480397 0.3022056 0.1964267
v 0.0427048 0.3110922 0.2129238
v 0.0441184 0.3118837 0.2110168
v 0.0460866 0.3114051 0.2081378
v 0.0478100 0.3075233 0.1959051
v 0.0476640 0.3051384 0.1951329
v 0.0442235 0.3133063 0.2094634
v 0.0454736 0.3128911 0.2067171
v 0.0466097 0.3123367 0.2032118
v 0.0475639 0.3108145 0.2002880
v 0.0477357 0.3091097 0.1971948
v 0.0477325 0.3079109 0.1952327
v 0.0375043 0.2993621 0.2128101
v 0.0385056 0.2984544 0.2097712
v 0.0395730 0.2960443 0.2064632
v 0.0399107 0.2957220 0.2040821
v 0.0412296 0.2949596 0.2005066
v 0.0377593 0.3029459 0.2143449
v 0.0382192 0.3022444 0.2137155
v 0.0396229 0.2990713 0.2110154
v 0.0398748 0.2966039 0.2021795
v 0.0416791 0.2953763 0.1991166
v 0.0418743 0.2969498 0.1958020
v 0.0382646 0.3053971 0.2137257
v 0.0374385 0.3044184 0.2133345
v 0.0427587 0.2988682 0.1946952
v 0.0391905 0.3091513 0.2128661
v 0.0395876 0.3101532 0.2120135
v 0.0440712 0.3029639 0.1937416
v 0.0401143 0.3116792 0.2120145
v 0.0403964 0.3119686 0.2107959
v 0.0421681 0.3121496 0.2059146
v 0.0440111 0.3108423 0.2028782
v 0.0453025 0.3074768 0.1959559
v 0.0441299 0.3057568 0.1935143
v 0.0413245 0.3133948 0.2089261
v 0.0442298 0.3115615 0.2022749
v 0.0441801 0.3113881 0.1993395
v 0.0454060 0.3093880 0.1963179
v 0.0451068 0.3083837 0.1944757
v 0.0348800 0.2995487 0.2114834
v 0.0339889 0.2975475 0.2081743
v 0.0349643 0.2964339 0.2056912
v 0.0357267 0.2956609 0.2021022
v 0.0366472 0.2954471 0.1990424
v 0.0352755 0.3038220 0.2133555
v 0.0349090 0.3021131 0.2125130
v 0.0359134 0.2973084 0.2007144
v 0.0382585 0.2959669 0.1976366
v 0.0395742 0.2965948 0.1960594
v 0.0353760 0.3061679 0.2126470
v 0.0356151 0.3052787 0.2124763
v 0.0401013 0.3000089 0.1936269
v 0.0359533 0.3095121 0.2117648
v 0.0361810 0.3101803 0.2109210
v 0.0394578 0.3059526 0.1948001
v 0.0409681 0.3036799 0.1927412
v 0.0374088 0.3117330 0.2112445
v 0.0373178 0.3124037 0.2097296
v 0.0389649 0.3128096 0.2051513
v 0.0390451 0.3117031 0.2010618
v 0.0389436 0.3096418 0.1978581
v 0.0411681 0.3077911 0.1946731
v 0.0423498 0.3070634 0.1932906
v 0.0388012 0.3141539 0.2075631
v 0.0387060 0.3145385 0.2037599
v 0.0395953 0.3135590 0.2010236
v 0.0402635 0.3123415 0.1976621
v 0.0408099 0.3106233 0.1950031
v 0.0301706 0.3004335 0.2097564
v 0.0313529 0.2989848 0.2078963
v 0.0329652 0.2975377 0.2046340
v 0.0339137 0.2964884 0.2013566
v 0.0337131 0.2962919 0.1984936
v 0.0328153 0.3046669 0.2122749
v 0.0307841 0.3030859 0.2111416
v 0.0354755 0.2970891 0.2000254
v 0.0350093 0.2970567 0.1976747
v 0.0365628 0.2966169 0.1958807
v 0.0315804 0.3064481 0.2113229
v 0.0308948 0.3067114 0.2106122
v 0.0372791 0.3028735 0.1948702
v 0.0383730 0.3023915 0.1941694
v 0.0326785 0.3104308 0.2102679
v 0.0322423 0.3103918 0.2095073
v 0.0377906 0.3064170 0.1948290
v 0.0347270 0.3117564 0.2103831
v 0.0338917 0.3132053 0.2079069
v 0.0350525 0.3136594 0.2047309
v 0.0390125 0.3104569 0.1966697
v 0.0381011 0.3082773 0.1947972
v 0.0397223 0.3083720 0.1927513
v 0.0341746 0.3149693 0.2058774
v 0.0357632 0.3147522 0.2037541
v 0.0372317 0.3134677 0.2004432
v 0.0381291 0.3123258 0.1971379
v 0.0375796 0.3112870 0.1944654
v 0.0287929 0.3010209 0.2093301
v 0.0282193 0.2999108 0.2072276
v 0.0306825 0.2962603 0.1966896
v 0.0291549 0.3031862 0.2100679
v 0.0297158 0.3062856 0.2101889
v 0.0307159 0.3109222 0.2085332
v 0.0300589 0.3109318 0.2053474
v 0.0317530 0.3135150 0.2070418
v 0.0315049 0.3145529 0.2044129
v 0.0325062 0.3150029 0.2055838
v 0.0323017 0.3152058 0.2029289
v 0.0348686 0.3117760 0.1925453
v 0.0247638 0.3001428 0.2052580
v 0.0235491 0.2994950 0.2032051
v 0.0270816 0.2970615 0.1960535
v 0.0263990 0.3107625 0.2056755
v 0.0271619 0.3135917 0.2049205
v 0.0289453 0.3156614 0.2011202
v 0.0279360 0.3157636 0.1988638
v 0.0312648 0.3125779 0.1919087
v 0.0230021 0.3008690 0.2036932
v 0.0228987 0.2996709 0.2015675
v 0.0237825 0.2985019 0.1981174
v 0.0251288 0.2982061 0.1958630
v 0.0268722 0.3152209 0.1998634
v 0.0270739 0.3151715 0.1974318
v 0.0279634 0.3140193 0.1939742
v 0.0289989 0.3125580 0.1920332
v 0.0235306 0.3148445 0.1986798
v 0.0228163 0.3136032 0.1990818
v 0.0219616 0.3113808 0.1997225
v 0.0207098 0.3103023 0.2001894
v 0.0200440 0.3078704 0.2008402
v 0.0205075 0.3059380 0.2011724
v 0.0201334 0.3035818 0.2017524
v 0.0201168 0.3021571 0.2020640
v 0.0251859 0.3155974 0.1982081
v 0.0239652 0.3134914 0.1988918
v 0.0210791 0.3031079 0.2016787
v 0.0208893 0.3009018 0.2021919
v 0.0267065 0.3158364 0.1978729
v 0.0260623 0.3134474 0.1985104
v 0.0229611 0.3019469 0.2015793
v 0.0221518 0.2996627 0.2022249
v 0.0226534 0.3136588 0.1977495
v 0.0214608 0.3117438 0.1984802
v 0.0206266 0.3093171 0.1986947
v 0.0200570 0.3071198 0.1992044
v 0.0197440 0.3053772 0.2001791
v 0.0197902 0.3030408 0.2005829
v 0.0246595 0.3150466 0.1967561
v 0.0216302 0.3029164 0.2016175
v 0.0207619 0.3005930 0.2006131
v 0.0266502 0.3154802 0.1965809
v 0.0261969 0.3131079 0.1969837
v 0.0230466 0.3014252 0.2001012
v 0.0222426 0.2991837 0.2005943
v 0.0224435 0.3129806 0.1956666
v 0.0214543 0.3111608 0.1960670
v 0.0206529 0.3089380 0.1966999
v 0.0200260 0.3065442 0.1973350
v 0.0197096 0.3046906 0.1977935
v 0.0196647 0.3026755 0.1984165
v 0.0242297 0.3144571 0.1947865
v 0.0228895 0.3135147 0.1947352
v 0.0196850 0.3016310 0.1979064
v 0.0204170 0.3003179 0.1985596
v 0.0274207 0.3148015 0.1941754
v 0.0265048 0.3149788 0.1946568
v 0.0265551 0.3127423 0.1954571
v 0.0233397 0.3008174 0.1986387
v 0.0221666 0.2987746 0.1989550
v 0.0229452 0.2982883 0.1986224
v 0.0279352 0.3145336 0.1934105
v 0.0273488 0.3121575 0.1939754
v 0.0241217 0.3001898 0.1971691
v 0.0234032 0.2979020 0.1979122
v 0.0221114 0.3123172 0.1934928
v 0.0212576 0.3104996 0.1941583
v 0.0203779 0.3080566 0.1947424
v 0.0199290 0.3063211 0.1952019
v 0.0196094 0.3043876 0.1957893
v 0.0194141 0.3023144 0.1961621
v 0.0238736 0.3140187 0.1927572
v 0.0226293 0.3131203 0.1932205
v 0.0194533 0.3013422 0.1963636
v 0.0200575 0.2998671 0.1965336
v 0.0268839 0.3142304 0.1916249
v 0.0257940 0.3144352 0.1922256
v 0.0214705 0.2984019 0.1965041
v 0.0224428 0.2977611 0.1960197
v 0.0286663 0.3140996 0.1922869
v 0.0281508 0.3117260 0.1931687
v 0.0249236 0.2997583 0.1963624
v 0.0240710 0.2973694 0.1968248
v 0.0310402 0.3133237 0.1913209
v 0.0305158 0.3107601 0.1919390
v 0.0272886 0.2987924 0.1951326
v 0.0265239 0.2963060 0.1958033
v 0.0315353 0.3130697 0.1908317
v 0.0331392 0.3119428 0.1907032
v 0.0308564 0.3105521 0.1915035
v 0.0276292 0.2985843 0.1946971
v 0.0289254 0.2960836 0.1949529
v 0.0269503 0.2960667 0.1953690
v 0.0344943 0.3116116 0.1908835
v 0.0302497 0.2957832 0.1951146
v 0.0218156 0.3118422 0.1916295
v 0.0210294 0.3101149 0.1919671
v 0.0201335 0.3076653 0.1926650
v 0.0196220 0.3056732 0.1931918
v 0.0193160 0.3037608 0.1936627
v 0.0191454 0.3019399 0.1942719
v 0.0235652 0.3137035 0.1906811
v 0.0222887 0.3126522 0.1911811
v 0.0191201 0.3009016 0.1943168
v 0.0196757 0.2992797 0.1945301
v 0.0256489 0.3140350 0.1902503
v 0.0255098 0.3109643 0.1900797
v 0.0244728 0.3094214 0.1905528
v 0.0224707 0.3019966 0.1925341
v 0.0225888 0.3001322 0.1929702
v 0.0212840 0.2978483 0.1945697
v 0.0283018 0.3134877 0.1897970
v 0.0284603 0.3124820 0.1895433
v 0.0279653 0.3099848 0.1905766
v 0.0277527 0.3088299 0.1908872
v 0.0256545 0.3010489 0.1929635
v 0.0252565 0.2999395 0.1932572
v 0.0244448 0.2973438 0.1936136
v 0.0238009 0.2967955 0.1942515
v 0.0308484 0.3130625 0.1902843
v 0.0297565 0.3125004 0.1898416
v 0.0296993 0.3095152 0.1905998
v 0.0292890 0.3082536 0.1903882
v 0.0272044 0.3005230 0.1924511
v 0.0269944 0.2994842 0.1932766
v 0.0256684 0.2968467 0.1940937
v 0.0261203 0.2961729 0.1947190
v 0.0315028 0.3130281 0.1906674
v 0.0319030 0.3120669 0.1898967
v 0.0311757 0.3091730 0.1901509
v 0.0298857 0.3078833 0.1899738
v 0.0278476 0.3003255 0.1919906
v 0.0283880 0.2988348 0.1929097
v 0.0276391 0.2962079 0.1941425
v 0.0269209 0.2960365 0.1952016
v 0.0344960 0.3111785 0.1894239
v 0.0301711 0.2954407 0.1936032
v 0.0355383 0.3105911 0.1889947
v 0.0313895 0.2951706 0.1930448
v 0.0214521 0.3113845 0.1897744
v 0.0207256 0.3098201 0.1898813
v 0.0197740 0.3072556 0.1906141
v 0.0192365 0.3051561 0.1911690
v 0.0189274 0.3031515 0.1916608
v 0.0188105 0.3015884 0.1923885
v 0.0231659 0.3133066 0.1888285
v 0.0227856 0.3110585 0.1900063
v 0.0225101 0.3094288 0.1904290
v 0.0207384 0.3028586 0.1921823
v 0.0201574 0.3013118 0.1926072
v 0.0192885 0.2988714 0.1926306
v 0.0256285 0.3133682 0.1880316
v 0.0245469 0.3104424 0.1896991
v 0.0246782 0.3082155 0.1897919
v 0.0231228 0.3024471 0.1913313
v 0.0219465 0.3007992 0.1922724
v 0.0212504 0.2974045 0.1924127
v 0.0218851 0.2968606 0.1920553
v 0.0272851 0.3133313 0.1884179
v 0.0277363 0.3123549 0.1884281
v 0.0274192 0.3097963 0.1893449
v 0.0256437 0.3078451 0.1898278
v 0.0241514 0.3022847 0.1913135
v 0.0247137 0.2997633 0.1920222
v 0.0237003 0.2973137 0.1925647
v 0.0228809 0.2967469 0.1929275
v 0.0300347 0.3119968 0.1879158
v 0.0287062 0.3079835 0.1896698
v 0.0267327 0.3006647 0.1916228
v 0.0256206 0.2962857 0.1921721
v 0.0318759 0.3114277 0.1876064
v 0.0318529 0.3089054 0.1890771
v 0.0289700 0.2982148 0.1919299
v 0.0276152 0.2956280 0.1918120
v 0.0340898 0.3106002 0.1871092
v 0.0298750 0.2949722 0.1912710
v 0.0359070 0.3093739 0.1871936
v 0.0320411 0.2950691 0.1909714
v 0.0364834 0.3078467 0.1864578
v 0.0331900 0.2956103 0.1897102
v 0.0210232 0.3111272 0.1867949
v 0.0201390 0.3092516 0.1873659
v 0.0191996 0.3067233 0.1880886
v 0.0186708 0.3046588 0.1886343
v 0.0183669 0.3026800 0.1891196
v 0.0181826 0.3005930 0.1896060
v 0.0227071 0.3127589 0.1861277
v 0.0217444 0.3080808 0.1877867
v 0.0203731 0.3029956 0.1891437
v 0.0187992 0.2982668 0.1899949
v 0.0247072 0.3124396 0.1862572
v 0.0206223 0.2975748 0.1903121
v 0.0268600 0.3120046 0.1859642
v 0.0229095 0.2967601 0.1901145
v 0.0294852 0.3115140 0.1855694
v 0.0252602 0.2957229 0.1897306
v 0.0313237 0.3109504 0.1854332
v 0.0270860 0.2952592 0.1897372
v 0.0336189 0.3101115 0.1851576
v 0.0294468 0.2946485 0.1892683
v 0.0353867 0.3089552 0.1854700
v 0.0315430 0.2948154 0.1892354
v 0.0364649 0.3075446 0.1862178
v 0.0332320 0.2956862 0.1893544
v 0.0204791 0.3106275 0.1848144
v 0.0195859 0.3087673 0.1853846
v 0.0186726 0.3063061 0.1860883
v 0.0181602 0.3043090 0.1866163
v 0.0178632 0.3023787 0.1870894
v 0.0176940 0.3002995 0.1875705
v 0.0216467 0.3120378 0.1842897
v 0.0179824 0.2984488 0.1879160
v 0.0246230 0.3121120 0.1849583
v 0.0205014 0.2973551 0.1884416
v 0.0268550 0.3116564 0.1843945
v 0.0226247 0.2962127 0.1879699
v 0.0289144 0.3111043 0.1836626
v 0.0248042 0.2954017 0.1878881
v 0.0310221 0.3103312 0.1831700
v 0.0268523 0.2948068 0.1874521
v 0.0331610 0.3095994 0.1832508
v 0.0290819 0.2943476 0.1872604
v 0.0302964 0.2943988 0.1879375
v 0.0201292 0.3104441 0.1827324
v 0.0189924 0.3082705 0.1834178
v 0.0181122 0.3058938 0.1840976
v 0.0176206 0.3039817 0.1846033
v 0.0173319 0.3021127 0.1850610
v 0.0172131 0.2996303 0.1856181
v 0.0218562 0.3118890 0.1820919
v 0.0179589 0.2974360 0.1859487
v 0.0239923 0.3114640 0.1826136
v 0.0201317 0.2968699 0.1860653
v 0.0260732 0.3110438 0.1817107
v 0.0223231 0.2957264 0.1857469
v 0.0285701 0.3104976 0.1813984
v 0.0244661 0.2949898 0.1856372
v 0.0306614 0.3097532 0.1811548
v 0.0265320 0.2944654 0.1853520
v 0.0319513 0.3094281 0.1814800
v 0.0281491 0.2942276 0.1858390
v 0.0202878 0.3108494 0.1804245
v 0.0196035 0.3100184 0.1807352
v 0.0183880 0.3077689 0.1814534
v 0.0175430 0.3054821 0.1821076
v 0.0170734 0.3036602 0.1825896
v 0.0167937 0.3018565 0.1830311
v 0.0167037 0.2992650 0.1836047
v 0.0168702 0.2981755 0.1838065
v 0.0212709 0.3113731 0.1801231
v 0.0175831 0.2969576 0.1839316
v 0.0233078 0.3108544 0.1800444
v 0.0196781 0.2963804 0.1839690
v 0.0257891 0.3103889 0.1792642
v 0.0218177 0.2954050 0.1835618
v 0.0281213 0.3099142 0.1793426
v 0.0239133 0.2947003 0.1834118
v 0.0297753 0.3094278 0.1794658
v 0.0257351 0.2943082 0.1834787
v 0.0197518 0.3103316 0.1784438
v 0.0190438 0.3094947 0.1787605
v 0.0178105 0.3072665 0.1794779
v 0.0169981 0.3050638 0.1801080
v 0.0165489 0.3033254 0.1805681
v 0.0162779 0.3015831 0.1809946
v 0.0162137 0.2989994 0.1815612
v 0.0163973 0.2978916 0.1817634
v 0.0210098 0.3109864 0.1780610
v 0.0171384 0.2966299 0.1818921
v 0.0229933 0.3103102 0.1777349
v 0.0191386 0.2961068 0.1816451
v 0.0259325 0.3096243 0.1770663
v 0.0218929 0.2949496 0.1813476
v 0.0274335 0.3095250 0.1777692
v 0.0234386 0.2945415 0.1817097
v 0.0195565 0.3100294 0.1763439
v 0.0186996 0.3091188 0.1771765
v 0.0174257 0.3068898 0.1779797
v 0.0166331 0.3047392 0.1785945
v 0.0161963 0.3030513 0.1790414
v 0.0159312 0.3013475 0.1794586
v 0.0158912 0.2987040 0.1799558
v 0.0161051 0.2972302 0.1797594
v 0.0207193 0.3105333 0.1760138
v 0.0168409 0.2961508 0.1798518
v 0.0228123 0.3098710 0.1759885
v 0.0189702 0.2956797 0.1797354
v 0.0248908 0.3094829 0.1762340
v 0.0208944 0.2951224 0.1800672
v 0.0192627 0.3096033 0.1748370
v 0.0184143 0.3086652 0.1746837
v 0.0171492 0.3066184 0.1750532
v 0.0161930 0.3041528 0.1760407
v 0.0157721 0.3025270 0.1764713
v 0.0154614 0.3004360 0.1767372
v 0.0155424 0.2980149 0.1775257
v 0.0158600 0.2969844 0.1782043
v 0.0202769 0.3098448 0.1738939
v 0.0190481 0.3090554 0.1733512
v 0.0157440 0.2968025 0.1766209
v 0.0165127 0.2958856 0.1776189
v 0.0218123 0.3100624 0.1735628
v 0.0177391 0.2948484 0.1777694
v 0.0182094 0.3077006 0.1725075
v 0.0171759 0.3062004 0.1730753
v 0.0162623 0.3039564 0.1734620
v 0.0156370 0.3015661 0.1741424
v 0.0154272 0.2997101 0.1747895
v 0.0155445 0.2978181 0.1751447
v 0.0202481 0.3089894 0.1720355
v 0.0190979 0.3082209 0.1718750
v 0.0159952 0.2967148 0.1749454
v 0.0166268 0.2956870 0.1756600
v 0.0213014 0.3089057 0.1715151
v 0.0175525 0.2949791 0.1752875
v 0.0173582 0.3053034 0.1714019
v 0.0165170 0.3033288 0.1718814
v 0.0159605 0.3011541 0.1724566
v 0.0157927 0.2994976 0.1729512
v 0.0192560 0.3070845 0.1705628
v 0.0182080 0.3053118 0.1702256
v 0.0168596 0.3028772 0.1709321
v 0.0163653 0.3009341 0.1714458
v 0.0163824 0.2985418 0.1720322
v 0.0164827 0.2969271 0.1732781
v 0.0209968 0.3080484 0.1705074
v 0.0204729 0.3068838 0.1696797
v 0.0175684 0.2959944 0.1726214
v 0.0175623 0.2952779 0.1739939
v 0.0186610 0.3041376 0.1692948
v 0.0177422 0.3024434 0.1697511
v 0.0172297 0.3003496 0.1702867
v 0.0172143 0.2987727 0.1707265
v 0.0201212 0.3056868 0.1690375
v 0.0195639 0.3042469 0.1687325
v 0.0188676 0.3019513 0.1687384
v 0.0183551 0.2999494 0.1692699
v 0.0178463 0.2978888 0.1704979
v 0.0177188 0.2967616 0.1714565
v 0.0257037 0.3070616 0.1722572
v 0.0241098 0.3076172 0.1723460
v 0.0229201 0.3078284 0.1723889
v 0.0282019 0.3069953 0.1737989
v 0.0264957 0.3076126 0.1734379
v 0.0246115 0.3082187 0.1734633
v 0.0224076 0.3086795 0.1739517
v 0.0305245 0.3067657 0.1757576
v 0.0290817 0.3075438 0.1752116
v 0.0271030 0.3085048 0.1752958
v 0.0251782 0.3091852 0.1756424
v 0.0229219 0.3094007 0.1757454
v 0.0312867 0.3074280 0.1772820
v 0.0295127 0.3085126 0.1771612
v 0.0276484 0.3092402 0.1772360
v 0.0260548 0.3094409 0.1766243
v 0.0334262 0.3071180 0.1797782
v 0.0321217 0.3080681 0.1791206
v 0.0300201 0.3091660 0.1790432
v 0.0339204 0.3077999 0.1812306
v 0.0326437 0.3088892 0.1811194
v 0.0311578 0.3094007 0.1806595
v 0.0347145 0.3082829 0.1832291
v 0.0334548 0.3092888 0.1828413
v 0.0355946 0.3085021 0.1851293
v 0.0246866 0.3049063 0.1704366
v 0.0232010 0.3055471 0.1703161
v 0.0211625 0.3061118 0.1706892
v 0.0272629 0.3049012 0.1719610
v 0.0257748 0.3058150 0.1713759
v 0.0238341 0.3068270 0.1713587
v 0.0216720 0.3074968 0.1719718
v 0.0295980 0.3046653 0.1739355
v 0.0285004 0.3056205 0.1732144
v 0.0269453 0.3066126 0.1725117
v 0.0214583 0.3084420 0.1733965
v 0.0307238 0.3053437 0.1753550
v 0.0297862 0.3065584 0.1748310
v 0.0326058 0.3049750 0.1777511
v 0.0318446 0.3059233 0.1769005
v 0.0335276 0.3058211 0.1793880
v 0.0351679 0.3052432 0.1825638
v 0.0345398 0.3062331 0.1813119
v 0.0356960 0.3059810 0.1838333
v 0.0353675 0.3066671 0.1831305
v 0.0363017 0.3068100 0.1855896
v 0.0360141 0.3074726 0.1849925
v 0.0260743 0.3022025 0.1711658
v 0.0246562 0.3034948 0.1703464
v 0.0226531 0.3037812 0.1697977
v 0.0208151 0.3042425 0.1699955
v 0.0274213 0.3029770 0.1720344
v 0.0259120 0.3039090 0.1709334
v 0.0295411 0.3028163 0.1739599
v 0.0285347 0.3034701 0.1728839
v 0.0315573 0.3027722 0.1763995
v 0.0308374 0.3032492 0.1753782
v 0.0325058 0.3032236 0.1777423
v 0.0336885 0.3033538 0.1797971
v 0.0347766 0.3036788 0.1820283
v 0.0345085 0.3044575 0.1811985
v 0.0355126 0.3041086 0.1837839
v 0.0361241 0.3042408 0.1856114
v 0.0210229 0.3013298 0.1700155
v 0.0204727 0.3016181 0.1700506
v 0.0257095 0.3008023 0.1712855
v 0.0244440 0.3008714 0.1706828
v 0.0220365 0.3016569 0.1699584
v 0.0199521 0.3024439 0.1701046
v 0.0282717 0.3003037 0.1733360
v 0.0269801 0.3006625 0.1721731
v 0.0293256 0.3006166 0.1743001
v 0.0311445 0.3007056 0.1765257
v 0.0304002 0.3006268 0.1755456
v 0.0323337 0.3008902 0.1783212
v 0.0335432 0.3006849 0.1807791
v 0.0334126 0.3013343 0.1800972
v 0.0343846 0.3013234 0.1823631
v 0.0353334 0.3019516 0.1845908
v 0.0357918 0.3019570 0.1861496
v 0.0206002 0.2997940 0.1704354
v 0.0200695 0.3000835 0.1704570
v 0.0251404 0.2986902 0.1718696
v 0.0239392 0.2989264 0.1712275
v 0.0213158 0.2991649 0.1706326
v 0.0192534 0.2996624 0.1708446
v 0.0278627 0.2987872 0.1737592
v 0.0264125 0.2985967 0.1727397
v 0.0287406 0.2985058 0.1748725
v 0.0305754 0.2986054 0.1771103
v 0.0298414 0.2985618 0.1761210
v 0.0317496 0.2987390 0.1789194
v 0.0332103 0.2994608 0.1811196
v 0.0327364 0.2987729 0.1808421
v 0.0338180 0.2993042 0.1828817
v 0.0346396 0.2994613 0.1852259
v 0.0352949 0.3001178 0.1866423
v 0.0248356 0.2976025 0.1723979
v 0.0230224 0.2969549 0.1721234
v 0.0209334 0.2973799 0.1715125
v 0.0191349 0.2980289 0.1716489
v 0.0256707 0.2967687 0.1736539
v 0.0239622 0.2963108 0.1730060
v 0.0279230 0.2968122 0.1755628
v 0.0266022 0.2962957 0.1748036
v 0.0300088 0.2970318 0.1779250
v 0.0290277 0.2965381 0.1771648
v 0.0307924 0.2968729 0.1794285
v 0.0320221 0.2971768 0.1814378
v 0.0331001 0.2974622 0.1836822
v 0.0323941 0.2966182 0.1832827
v 0.0337614 0.2976131 0.1855143
v 0.0344338 0.2980326 0.1872365
v 0.0222578 0.2958903 0.1728477
v 0.0206519 0.2960677 0.1728270
v 0.0186870 0.2967556 0.1731679
v 0.0247028 0.2953921 0.1745085
v 0.0228993 0.2951349 0.1742358
v 0.0206986 0.2952819 0.1744956
v 0.0186613 0.2960986 0.1749267
v 0.0270989 0.2953901 0.1764137
v 0.0256016 0.2948552 0.1760959
v 0.0236893 0.2945157 0.1757534
v 0.0182865 0.2961583 0.1766240
v 0.0279391 0.2950128 0.1781086
v 0.0264841 0.2943009 0.1781047
v 0.0300547 0.2955185 0.1802627
v 0.0288371 0.2947704 0.1798657
v 0.0306664 0.2952138 0.1822051
v 0.0327715 0.2963566 0.1849289
v 0.0315985 0.2953263 0.1842114
v 0.0330449 0.2961479 0.1864528
v 0.0323461 0.2954605 0.1861140
v 0.0334241 0.2960844 0.1884962
v 0.0327663 0.2954219 0.1882048
v 0.0223617 0.2946448 0.1755844
v 0.0209909 0.2949384 0.1756712
v 0.0194126 0.2955258 0.1759914
v 0.0247673 0.2942382 0.1772145
v 0.0229425 0.2944101 0.1769766
v 0.0209458 0.2948835 0.1769845
v 0.0190027 0.2957997 0.1774583
v 0.0271461 0.2942294 0.1790997
v 0.0254532 0.2940720 0.1788119
v 0.0232853 0.2943236 0.1790934
v 0.0212639 0.2949065 0.1794354
v 0.0192511 0.2958861 0.1792742
v 0.0276893 0.2940840 0.1808317
v 0.0256161 0.2940519 0.1810162
v 0.0236765 0.2944174 0.1811918
v 0.0219890 0.2947627 0.1804992
v 0.0300157 0.2944718 0.1831366
v 0.0282786 0.2940706 0.1829263
v 0.0260384 0.2941988 0.1830830
v 0.0303090 0.2944059 0.1847896
v 0.0287360 0.2941406 0.1850863
v 0.0269983 0.2942438 0.1846189
v 0.0310194 0.2945997 0.1868346
v 0.0294034 0.2942603 0.1868116
v 0.0318945 0.2948962 0.1887380
v 0.1362468 0.3122014 0.1877177
v 0.1362606 0.3224041 0.1889622
v 0.1349190 0.3121094 0.1882828
v 0.1349330 0.3223611 0.1895332
v 0.1308044 0.3121269 0.1898090
v 0.1302445 0.3138762 0.1897754
v 0.1302313 0.3202889 0.1905607
v 0.1308171 0.3219920 0.1910095
v 0.1275058 0.3119260 0.1891382
v 0.1275200 0.3223533 0.1904100
v 0.1231782 0.3123654 0.1884284
v 0.1231914 0.3221090 0.1896168
v 0.1212560 0.3122075 0.1879541
v 0.1212698 0.3223814 0.1891950
v 0.1374096 0.3124919 0.1854596
v 0.1374234 0.3226617 0.1867000
v 0.1333033 0.3122481 0.1849875
v 0.1333179 0.3230228 0.1863017
v 0.1306420 0.3120814 0.1862145
v 0.1306567 0.3228969 0.1875337
v 0.1266714 0.3120641 0.1863826
v 0.1266861 0.3228839 0.1877023
v 0.1239609 0.3122424 0.1849508
v 0.1239756 0.3230622 0.1862705
v 0.1200279 0.3124411 0.1859690
v 0.1200417 0.3226351 0.1872124
v 0.1389650 0.3127168 0.1818122
v 0.1385307 0.3164338 0.1819447
v 0.1385647 0.3195645 0.1824794
v 0.1389794 0.3233159 0.1831050
v 0.1346182 0.3125564 0.1822577
v 0.1346328 0.3233762 0.1835774
v 0.1222758 0.3125555 0.1824028
v 0.1222905 0.3233753 0.1837225
v 0.1183676 0.3123879 0.1826330
v 0.1195085 0.3165274 0.1824117
v 0.1194940 0.3194821 0.1827240
v 0.1183827 0.3234931 0.1839875
v 0.1177262 0.3129259 0.1817047
v 0.1177197 0.3163368 0.1825681
v 0.1176995 0.3198538 0.1828437
v 0.1177401 0.3231956 0.1829573
v 0.1388803 0.3131399 0.1781842
v 0.1384491 0.3167980 0.1788411
v 0.1384718 0.3200452 0.1792382
v 0.1388947 0.3237775 0.1794816
v 0.1348164 0.3130021 0.1786015
v 0.1348311 0.3238219 0.1799212
v 0.1219857 0.3129971 0.1787850
v 0.1220004 0.3238169 0.1801046
v 0.1182946 0.3129200 0.1778835
v 0.1194358 0.3167812 0.1793063
v 0.1194377 0.3199392 0.1796921
v 0.1183098 0.3241183 0.1792493
v 0.1177144 0.3133538 0.1783565
v 0.1176497 0.3167506 0.1789822
v 0.1176426 0.3202672 0.1795069
v 0.1177282 0.3235851 0.1796044
v 0.1374732 0.3136888 0.1739016
v 0.1374876 0.3242797 0.1751918
v 0.1334615 0.3133413 0.1758350
v 0.1334761 0.3241612 0.1771546
v 0.1319736 0.3135194 0.1743912
v 0.1319883 0.3243393 0.1757109
v 0.1239560 0.3134241 0.1752628
v 0.1239707 0.3242438 0.1765825
v 0.1192264 0.3136007 0.1745158
v 0.1192409 0.3242645 0.1758164
v 0.1373339 0.3141448 0.1719616
v 0.1368194 0.3171694 0.1709041
v 0.1368958 0.3215178 0.1714326
v 0.1373477 0.3243013 0.1732009
v 0.1340559 0.3173098 0.1709651
v 0.1340623 0.3214780 0.1714735
v 0.1318578 0.3143739 0.1718644
v 0.1319850 0.3169554 0.1710464
v 0.1319927 0.3218083 0.1716298
v 0.1318710 0.3241175 0.1730529
v 0.1247036 0.3142090 0.1721524
v 0.1246835 0.3175443 0.1711875
v 0.1246885 0.3212219 0.1716361
v 0.1247172 0.3242276 0.1733744
v 0.1195939 0.3143307 0.1722846
v 0.1195665 0.3174115 0.1714619
v 0.1195349 0.3210799 0.1718493
v 0.1196033 0.3240810 0.1734697
v 0.1305003 0.3213446 0.1707238
v 0.1268145 0.3213584 0.1707968
v 0.1304761 0.3176198 0.1702437
v 0.1268218 0.3176177 0.1702888
v 0.1368961 0.3276870 0.1689842
v 0.1342244 0.3286389 0.1690427
v 0.1303170 0.3281730 0.1694530
v 0.1267170 0.3278840 0.1694062
v 0.1233755 0.3276350 0.1691296
v 0.1211837 0.3270971 0.1686471
v 0.1382896 0.3253189 0.1687936
v 0.1346851 0.3253593 0.1689781
v 0.1301858 0.3251777 0.1699355
v 0.1271109 0.3251387 0.1699219
v 0.1226148 0.3252581 0.1692496
v 0.1192612 0.3252094 0.1690714
v 0.1176517 0.3237182 0.1685284
v 0.1379302 0.3217707 0.1684294
v 0.1349918 0.3210753 0.1688890
v 0.1306970 0.3217942 0.1690915
v 0.1265324 0.3217762 0.1692108
v 0.1221831 0.3215242 0.1693049
v 0.1197583 0.3214965 0.1690976
v 0.1174767 0.3215875 0.1681904
v 0.1379250 0.3177157 0.1681108
v 0.1350182 0.3183043 0.1685551
v 0.1306987 0.3175967 0.1685636
v 0.1265112 0.3175713 0.1687358
v 0.1222477 0.3178163 0.1687982
v 0.1195237 0.3174330 0.1686430
v 0.1175104 0.3173631 0.1678913
v 0.1381218 0.3143504 0.1672760
v 0.1346704 0.3141581 0.1675863
v 0.1301509 0.3136720 0.1684472
v 0.1270011 0.3137430 0.1684740
v 0.1226394 0.3141885 0.1678974
v 0.1193326 0.3142946 0.1678061
v 0.1176613 0.3158515 0.1674375
v 0.1368747 0.3118958 0.1670409
v 0.1343330 0.3109773 0.1669035
v 0.1303646 0.3112527 0.1673523
v 0.1266787 0.3116929 0.1676034
v 0.1233289 0.3120051 0.1673490
v 0.1211681 0.3125891 0.1669175
v 0.1361809 0.3280351 0.1651108
v 0.1387924 0.3246959 0.1660335
v 0.1313526 0.3251346 0.1665324
v 0.1257883 0.3251300 0.1666320
v 0.1391788 0.3222119 0.1650550
v 0.1330076 0.3228247 0.1662208
v 0.1319207 0.3233740 0.1663073
v 0.1252154 0.3233684 0.1664274
v 0.1241270 0.3228174 0.1663797
v 0.1180439 0.3202564 0.1644146
v 0.1173297 0.3203664 0.1635143
v 0.1391965 0.3174722 0.1648009
v 0.1330001 0.3172680 0.1655430
v 0.1319117 0.3167169 0.1654954
v 0.1252064 0.3167114 0.1656154
v 0.1241195 0.3172607 0.1657020
v 0.1181646 0.3179423 0.1633271
v 0.1387124 0.3155045 0.1644766
v 0.1313388 0.3149554 0.1652908
v 0.1257745 0.3149508 0.1653904
v 0.1219832 0.3131489 0.1652746
v 0.1192910 0.3153279 0.1633065
v 0.1360585 0.3121702 0.1635946
v 0.1287801 0.3112685 0.1631215
v 0.1238854 0.3125629 0.1649226
v 0.1366345 0.3287813 0.1609065
v 0.1342991 0.3294487 0.1627871
v 0.1292250 0.3296103 0.1624973
v 0.1264757 0.3293694 0.1619919
v 0.1233770 0.3287520 0.1620084
v 0.1208197 0.3277224 0.1625931
v 0.1385477 0.3259003 0.1603746
v 0.1186343 0.3258656 0.1629992
v 0.1176138 0.3241369 0.1631021
v 0.1387275 0.3223687 0.1604178
v 0.1180328 0.3206756 0.1609742
v 0.1174020 0.3217811 0.1623962
v 0.1387535 0.3188704 0.1600336
v 0.1182250 0.3183068 0.1602011
v 0.1174392 0.3183525 0.1625541
v 0.1385344 0.3156849 0.1592023
v 0.1219968 0.3135606 0.1615557
v 0.1192922 0.3151359 0.1608502
v 0.1176038 0.3168045 0.1622077
v 0.1366136 0.3127752 0.1589541
v 0.1342751 0.3116796 0.1606198
v 0.1291427 0.3118111 0.1608714
v 0.1265001 0.3122396 0.1604166
v 0.1235859 0.3127731 0.1604850
v 0.1358630 0.3295971 0.1589326
v 0.1338079 0.3297587 0.1579696
v 0.1303606 0.3296517 0.1581743
v 0.1278205 0.3287471 0.1582027
v 0.1209576 0.3285139 0.1567881
v 0.1391271 0.3247498 0.1587708
v 0.1187241 0.3263613 0.1575502
v 0.1390141 0.3228960 0.1580173
v 0.1179786 0.3221461 0.1578116
v 0.1174613 0.3218654 0.1575477
v 0.1390578 0.3183872 0.1577256
v 0.1182267 0.3185068 0.1571662
v 0.1174831 0.3198125 0.1575121
v 0.1390975 0.3172077 0.1577510
v 0.1212720 0.3146723 0.1550706
v 0.1191636 0.3159281 0.1564298
v 0.1357786 0.3126795 0.1552108
v 0.1341222 0.3123492 0.1557876
v 0.1292571 0.3122021 0.1559374
v 0.1209380 0.3140645 0.1550257
v 0.1286425 0.3302777 0.1559155
v 0.1261957 0.3300419 0.1557619
v 0.1231358 0.3294595 0.1558950
v 0.1388685 0.3257527 0.1525506
v 0.1215609 0.3265125 0.1551179
v 0.1211381 0.3264124 0.1559437
v 0.1386330 0.3231651 0.1526421
v 0.1177992 0.3225666 0.1529367
v 0.1386813 0.3200608 0.1534963
v 0.1179206 0.3201680 0.1528788
v 0.1389375 0.3176183 0.1532631
v 0.1220940 0.3143433 0.1545955
v 0.1188328 0.3176722 0.1538616
v 0.1286459 0.3128948 0.1537852
v 0.1261952 0.3131296 0.1536807
v 0.1233372 0.3136141 0.1538822
v 0.1363446 0.3297778 0.1524363
v 0.1353092 0.3298535 0.1510759
v 0.1211626 0.3292606 0.1512597
v 0.1381360 0.3271015 0.1521748
v 0.1223811 0.3269878 0.1512127
v 0.1191601 0.3271125 0.1513892
v 0.1384985 0.3237347 0.1506154
v 0.1182211 0.3231854 0.1500307
v 0.1384953 0.3196447 0.1501801
v 0.1183447 0.3205142 0.1496678
v 0.1381227 0.3164977 0.1508884
v 0.1218990 0.3152203 0.1483199
v 0.1192176 0.3167514 0.1501197
v 0.1364751 0.3139182 0.1507592
v 0.1352879 0.3140990 0.1491540
v 0.1286009 0.3138041 0.1497769
v 0.1211428 0.3146680 0.1494799
v 0.1354798 0.3308965 0.1477063
v 0.1337990 0.3311204 0.1483774
v 0.1298455 0.3311644 0.1485268
v 0.1219486 0.3300232 0.1478524
v 0.1385675 0.3264016 0.1457530
v 0.1232590 0.3281276 0.1469951
v 0.1197110 0.3275595 0.1476309
v 0.1185430 0.3242238 0.1473056
v 0.1186308 0.3201496 0.1469726
v 0.1214122 0.3162143 0.1447429
v 0.1198345 0.3170398 0.1464921
v 0.1354740 0.3138252 0.1462113
v 0.1336076 0.3135220 0.1462371
v 0.1291822 0.3137687 0.1465355
v 0.1262752 0.3143687 0.1468269
v 0.1223693 0.3146991 0.1459660
v 0.1361205 0.3307011 0.1450385
v 0.1331291 0.3317786 0.1433320
v 0.1294721 0.3314592 0.1435179
v 0.1258484 0.3313565 0.1440383
v 0.1229603 0.3306516 0.1442138
v 0.1378483 0.3279820 0.1440303
v 0.1220995 0.3283591 0.1436156
v 0.1201701 0.3286293 0.1450257
v 0.1381674 0.3246054 0.1427978
v 0.1215608 0.3250788 0.1428912
v 0.1381172 0.3207596 0.1424927
v 0.1216645 0.3196099 0.1420156
v 0.1378452 0.3174760 0.1429092
v 0.1253174 0.3193080 0.1414607
v 0.1219234 0.3172565 0.1430020
v 0.1201527 0.3168066 0.1435845
v 0.1360993 0.3147256 0.1430898
v 0.1331825 0.3140992 0.1411752
v 0.1297923 0.3142057 0.1417700
v 0.1259370 0.3144315 0.1418918
v 0.1229543 0.3150530 0.1422409
v 0.1361064 0.3314459 0.1395809
v 0.1331667 0.3315562 0.1402880
v 0.1300221 0.3313415 0.1414397
v 0.1261743 0.3312599 0.1412806
v 0.1238227 0.3311379 0.1406966
v 0.1382003 0.3274361 0.1385083
v 0.1333869 0.3304473 0.1396583
v 0.1256263 0.3299875 0.1418021
v 0.1228224 0.3294898 0.1407757
v 0.1375124 0.3256439 0.1391377
v 0.1381654 0.3201277 0.1375123
v 0.1225439 0.3199652 0.1390057
v 0.1382149 0.3194040 0.1380493
v 0.1328670 0.3163781 0.1379358
v 0.1299748 0.3165974 0.1387713
v 0.1257901 0.3174625 0.1398768
v 0.1231881 0.3190013 0.1393269
v 0.1361116 0.3153230 0.1376732
v 0.1331548 0.3150879 0.1382537
v 0.1300622 0.3151079 0.1393852
v 0.1261456 0.3150997 0.1395265
v 0.1237846 0.3153250 0.1389392
v 0.1361639 0.3313785 0.1368994
v 0.1341330 0.3316951 0.1373647
v 0.1224502 0.3316212 0.1373077
v 0.1375445 0.3293107 0.1367284
v 0.1348060 0.3304205 0.1370938
v 0.1211961 0.3307719 0.1371331
v 0.1376077 0.3260764 0.1361530
v 0.1350166 0.3263575 0.1364168
v 0.1377791 0.3215376 0.1355430
v 0.1373230 0.3178882 0.1355467
v 0.1343192 0.3168952 0.1348447
v 0.1315303 0.3170459 0.1368113
v 0.1224173 0.3169574 0.1354145
v 0.1361697 0.3159766 0.1352256
v 0.1341798 0.3156796 0.1353754
v 0.1223046 0.3156888 0.1354549
v 0.1361413 0.3316144 0.1348935
v 0.1339652 0.3319780 0.1337671
v 0.1280018 0.3325653 0.1351560
v 0.1222061 0.3320827 0.1335986
v 0.1374397 0.3296533 0.1346309
v 0.1348997 0.3312162 0.1333384
v 0.1210184 0.3311996 0.1336278
v 0.1371737 0.3255852 0.1341394
v 0.1351926 0.3266154 0.1343007
v 0.1366109 0.3211586 0.1325154
v 0.1367513 0.3181401 0.1327930
v 0.1337267 0.3174009 0.1313991
v 0.1221845 0.3173880 0.1316325
v 0.1359659 0.3164444 0.1330460
v 0.1340578 0.3162002 0.1317817
v 0.1279784 0.3152933 0.1330493
v 0.1219454 0.3162054 0.1317210
v 0.1324488 0.3322427 0.1305711
v 0.1298459 0.3325734 0.1294139
v 0.1260637 0.3326140 0.1295246
v 0.1233042 0.3322024 0.1307200
v 0.1327787 0.3316578 0.1297407
v 0.1304452 0.3318419 0.1282576
v 0.1253603 0.3318374 0.1283511
v 0.1227881 0.3316194 0.1301669
v 0.1333980 0.3272752 0.1283205
v 0.1309161 0.3280317 0.1278201
v 0.1330308 0.3222211 0.1286978
v 0.1304247 0.3224593 0.1272539
v 0.1333518 0.3185178 0.1279005
v 0.1299375 0.3180186 0.1276846
v 0.1259270 0.3179433 0.1279394
v 0.1229826 0.3174657 0.1285088
v 0.1325452 0.3167318 0.1286100
v 0.1299848 0.3166404 0.1274139
v 0.1260271 0.3166671 0.1273792
v 0.1233300 0.3166164 0.1288412
v 0.1284886 0.3321598 0.1279443
v 0.1273005 0.3321579 0.1279731
v 0.1288910 0.3318892 0.1278873
v 0.1272929 0.3318938 0.1278671
v 0.1332973 0.3274460 0.1264794
v 0.1310590 0.3278979 0.1271353
v 0.1330504 0.3217307 0.1262171
v 0.1304001 0.3228830 0.1268070
v 0.1334021 0.3193529 0.1252451
v 0.1304806 0.3183516 0.1259119
v 0.1271516 0.3176467 0.1261524
v 0.1289741 0.3174981 0.1261726
v 0.1272929 0.3175021 0.1261589
v 0.1360206 0.3162614 0.1328689
v 0.1374725 0.3184801 0.1330858
v 0.1377586 0.3221077 0.1335178
v 0.1377650 0.3260278 0.1339959
v 0.1374722 0.3295506 0.1344366
v 0.1359599 0.3316920 0.1347541
v 0.1346342 0.3155878 0.1328382
v 0.1342800 0.3196755 0.1333502
v 0.1342858 0.3239489 0.1338714
v 0.1342916 0.3282224 0.1343926
v 0.1345610 0.3323494 0.1348862
v 0.1357685 0.3164625 0.1317066
v 0.1369321 0.3181279 0.1319597
v 0.1374916 0.3219875 0.1320490
v 0.1375022 0.3261873 0.1325389
v 0.1369407 0.3300744 0.1334174
v 0.1357191 0.3317465 0.1335543
v 0.1343148 0.3160638 0.1306758
v 0.1343265 0.3323709 0.1327721
v 0.1353909 0.3171144 0.1282490
v 0.1365498 0.3186084 0.1283926
v 0.1370748 0.3224381 0.1285319
v 0.1371900 0.3269736 0.1293788
v 0.1365658 0.3304437 0.1298362
v 0.1354110 0.3319316 0.1300563
v 0.1330704 0.3164690 0.1280015
v 0.1330727 0.3326315 0.1300132
v 0.1298359 0.3165641 0.1266745
v 0.1299176 0.3328944 0.1287555
v 0.1254257 0.3167375 0.1268023
v 0.1254082 0.3327161 0.1288601
v 0.1235120 0.3169911 0.1271697
v 0.1226593 0.3183647 0.1270754
v 0.1236744 0.3244907 0.1295476
v 0.1229964 0.3309496 0.1287715
v 0.1235469 0.3323471 0.1290278
v 0.1350574 0.3176771 0.1244833
v 0.1362685 0.3193585 0.1246604
v 0.1369687 0.3227980 0.1252215
v 0.1370111 0.3267626 0.1258205
v 0.1362838 0.3306135 0.1260331
v 0.1350772 0.3322915 0.1262658
v 0.1330634 0.3173496 0.1241212
v 0.1346112 0.3179919 0.1245846
v 0.1346302 0.3319628 0.1262886
v 0.1332612 0.3327034 0.1258261
v 0.1288627 0.3169853 0.1254638
v 0.1283552 0.3327288 0.1277978
v 0.1270168 0.3169429 0.1259161
v 0.1269470 0.3326930 0.1278482
v 0.1225749 0.3175064 0.1260313
v 0.1215656 0.3186401 0.1250532
v 0.1215710 0.3312469 0.1266160
v 0.1225805 0.3321223 0.1278002
v 0.1197978 0.3203447 0.1238901
v 0.1189317 0.3224068 0.1243820
v 0.1189408 0.3271971 0.1249690
v 0.1198052 0.3298997 0.1250760
v 0.1359139 0.3199883 0.1209125
v 0.1366361 0.3235687 0.1214201
v 0.1366864 0.3270858 0.1217990
v 0.1359288 0.3309040 0.1222439
v 0.1326702 0.3179797 0.1203991
v 0.1339275 0.3185596 0.1207942
v 0.1339462 0.3323246 0.1224732
v 0.1326906 0.3329858 0.1222293
v 0.1294825 0.3179222 0.1205455
v 0.1294040 0.3330022 0.1222955
v 0.1253595 0.3179264 0.1209826
v 0.1243965 0.3184988 0.1202133
v 0.1250812 0.3326183 0.1216224
v 0.1253799 0.3329168 0.1228109
v 0.1232964 0.3180564 0.1213203
v 0.1220091 0.3190767 0.1209339
v 0.1220264 0.3318210 0.1224883
v 0.1233163 0.3327150 0.1231082
v 0.1193659 0.3212214 0.1223466
v 0.1190466 0.3230223 0.1226285
v 0.1190877 0.3274251 0.1231088
v 0.1193624 0.3293927 0.1233744
v 0.1356418 0.3206996 0.1171777
v 0.1364072 0.3239961 0.1177889
v 0.1363955 0.3275251 0.1180978
v 0.1356559 0.3311120 0.1184477
v 0.1323987 0.3184715 0.1167531
v 0.1333601 0.3190126 0.1169529
v 0.1333788 0.3328096 0.1186358
v 0.1324189 0.3333855 0.1185722
v 0.1294845 0.3184693 0.1166623
v 0.1282798 0.3188301 0.1167383
v 0.1282991 0.3330519 0.1184729
v 0.1295048 0.3334172 0.1184855
v 0.1253228 0.3184582 0.1168199
v 0.1253693 0.3189493 0.1168917
v 0.1253882 0.3329072 0.1185941
v 0.1253431 0.3334012 0.1186426
v 0.1233500 0.3187332 0.1169681
v 0.1215515 0.3199771 0.1171302
v 0.1215676 0.3318624 0.1185799
v 0.1233695 0.3331039 0.1187209
v 0.1195116 0.3215476 0.1184457
v 0.1189677 0.3231443 0.1184909
v 0.1189743 0.3275952 0.1189135
v 0.1195232 0.3300272 0.1194800
v 0.1354102 0.3215193 0.1134558
v 0.1359762 0.3244052 0.1130310
v 0.1359954 0.3283785 0.1135998
v 0.1354233 0.3312115 0.1146380
v 0.1325575 0.3189055 0.1133345
v 0.1329621 0.3195109 0.1133655
v 0.1328224 0.3332066 0.1150830
v 0.1323918 0.3337991 0.1152153
v 0.1281062 0.3188366 0.1129997
v 0.1281204 0.3193322 0.1130645
v 0.1289543 0.3334502 0.1149504
v 0.1289440 0.3339469 0.1150063
v 0.1253902 0.3188933 0.1136042
v 0.1254358 0.3193854 0.1136702
v 0.1251323 0.3332652 0.1150742
v 0.1250767 0.3337576 0.1151282
v 0.1212834 0.3207006 0.1138688
v 0.1212987 0.3319447 0.1152403
v 0.1195478 0.3222228 0.1145117
v 0.1191738 0.3237587 0.1144788
v 0.1191842 0.3280641 0.1149228
v 0.1195588 0.3303173 0.1154990
v 0.1351609 0.3217323 0.1107404
v 0.1359105 0.3243266 0.1107134
v 0.1359008 0.3291739 0.1112004
v 0.1351647 0.3316604 0.1119714
v 0.1320074 0.3193781 0.1093732
v 0.1326311 0.3200293 0.1097077
v 0.1326104 0.3335844 0.1113385
v 0.1320135 0.3342851 0.1111976
v 0.1283013 0.3193801 0.1087345
v 0.1284715 0.3198540 0.1089363
v 0.1285007 0.3339333 0.1106526
v 0.1282613 0.3344483 0.1105062
v 0.1257563 0.3194359 0.1091693
v 0.1256892 0.3199470 0.1091570
v 0.1257080 0.3337971 0.1108460
v 0.1257421 0.3342808 0.1110379
v 0.1210616 0.3217920 0.1101625
v 0.1199708 0.3246596 0.1103051
v 0.1199800 0.3288850 0.1108140
v 0.1211100 0.3318046 0.1114054
v 0.1197311 0.3230157 0.1101244
v 0.1195018 0.3246889 0.1105659
v 0.1194930 0.3286416 0.1111028
v 0.1197389 0.3305967 0.1110516
v 0.1348861 0.3221854 0.1075174
v 0.1356342 0.3250331 0.1068960
v 0.1355808 0.3295008 0.1072096
v 0.1348994 0.3319938 0.1087138
v 0.1317731 0.3198348 0.1058954
v 0.1325464 0.3204407 0.1065451
v 0.1310427 0.3274164 0.1054787
v 0.1324834 0.3339359 0.1082602
v 0.1317498 0.3346801 0.1076951
v 0.1292415 0.3196102 0.1069214
v 0.1296309 0.3199691 0.1077873
v 0.1287999 0.3272063 0.1072265
v 0.1296546 0.3340944 0.1095097
v 0.1292515 0.3346431 0.1088255
v 0.1248491 0.3197740 0.1072691
v 0.1241547 0.3202235 0.1076249
v 0.1251488 0.3271844 0.1074466
v 0.1241474 0.3339067 0.1092377
v 0.1248798 0.3344257 0.1090909
v 0.1227378 0.3200466 0.1048739
v 0.1220435 0.3212466 0.1074054
v 0.1214575 0.3237268 0.1072279
v 0.1222904 0.3289685 0.1071411
v 0.1220136 0.3329228 0.1088671
v 0.1227578 0.3347377 0.1066657
v 0.1196439 0.3246727 0.1089952
v 0.1196507 0.3290563 0.1095290
v 0.1346686 0.3228858 0.1024332
v 0.1353492 0.3254557 0.1029333
v 0.1353422 0.3299497 0.1034651
v 0.1346854 0.3325088 0.1035851
v 0.1317831 0.3202193 0.1030507
v 0.1332629 0.3211852 0.1029705
v 0.1317213 0.3277023 0.1031270
v 0.1332705 0.3340572 0.1045546
v 0.1318219 0.3349818 0.1048405
v 0.1268076 0.3350875 0.1037529
v 0.1267876 0.3203964 0.1019611
v 0.1219857 0.3202641 0.1030991
v 0.1220057 0.3349552 0.1048910
v 0.1345948 0.3228164 0.1009585
v 0.1353926 0.3252427 0.1012249
v 0.1354071 0.3301599 0.1018244
v 0.1346346 0.3329271 0.1021908
v 0.1316967 0.3206052 0.1004952
v 0.1330399 0.3211540 0.1008159
v 0.1335558 0.3278842 0.1016155
v 0.1316567 0.3278782 0.1016858
v 0.1331442 0.3345459 0.1024457
v 0.1317446 0.3352160 0.1023050
v 0.1297969 0.3208723 0.0980259
v 0.1298169 0.3355634 0.0998178
v 0.1234871 0.3208518 0.0982643
v 0.1235070 0.3355429 0.1000561
v 0.1221585 0.3206103 0.1002593
v 0.1221784 0.3353014 0.1020511
v 0.1280510 0.3209775 0.0971826
v 0.1275867 0.3356767 0.0989138
v 0.1256419 0.3209793 0.0971947
v 0.1251837 0.3356593 0.0990835
v 0.1355699 0.3252267 0.1007680
v 0.1356134 0.3265527 0.1010578
v 0.1356076 0.3295087 0.1012884
v 0.1355943 0.3305719 0.1015168
v 0.1335657 0.3213099 0.1004505
v 0.1341961 0.3226030 0.1006585
v 0.1349059 0.3245175 0.1008626
v 0.1345379 0.3258530 0.1011656
v 0.1345434 0.3299614 0.1016667
v 0.1349566 0.3311892 0.1016739
v 0.1342724 0.3331809 0.1019501
v 0.1335643 0.3345619 0.1019593
v 0.1322194 0.3208431 0.1002992
v 0.1321082 0.3225354 0.1004705
v 0.1321229 0.3333553 0.1017902
v 0.1321364 0.3350519 0.1019223
v 0.1354562 0.3255237 0.0993323
v 0.1354755 0.3272580 0.0993254
v 0.1354724 0.3298785 0.0996454
v 0.1354967 0.3308329 0.1004128
v 0.1333953 0.3214199 0.0991449
v 0.1338839 0.3226903 0.0983059
v 0.1352695 0.3245794 0.0987931
v 0.1352499 0.3318473 0.0997683
v 0.1338558 0.3337784 0.0996184
v 0.1334435 0.3347211 0.1008065
v 0.1322347 0.3210399 0.0986586
v 0.1323962 0.3226950 0.0981176
v 0.1324112 0.3337651 0.0994678
v 0.1321321 0.3352239 0.1003524
v 0.1303045 0.3207431 0.0984055
v 0.1301648 0.3223627 0.0986048
v 0.1301806 0.3339766 0.1000213
v 0.1301392 0.3355764 0.1001145
v 0.1352848 0.3276560 0.0967758
v 0.1352845 0.3295799 0.0970106
v 0.1331025 0.3218882 0.0952814
v 0.1337206 0.3231924 0.0961915
v 0.1340076 0.3251548 0.0956928
v 0.1351945 0.3265651 0.0959957
v 0.1352174 0.3301726 0.0964346
v 0.1340274 0.3318949 0.0965143
v 0.1337374 0.3337231 0.0974517
v 0.1331936 0.3351743 0.0969169
v 0.1319830 0.3213259 0.0959312
v 0.1323788 0.3230606 0.0963938
v 0.1325711 0.3249489 0.0955191
v 0.1325809 0.3322015 0.0964037
v 0.1323934 0.3338247 0.0977067
v 0.1320564 0.3355694 0.0976926
v 0.1292370 0.3209058 0.0963094
v 0.1287623 0.3235582 0.0959157
v 0.1288413 0.3243591 0.0961693
v 0.1288525 0.3326277 0.0971778
v 0.1288350 0.3336755 0.0970660
v 0.1295321 0.3358590 0.0983385
v 0.1268768 0.3208677 0.0964483
v 0.1268492 0.3227003 0.0966699
v 0.1273488 0.3245240 0.0962765
v 0.1273595 0.3324458 0.0972428
v 0.1269277 0.3340910 0.0979975
v 0.1269553 0.3359465 0.0983179
v 0.1253001 0.3212675 0.0962018
v 0.1252824 0.3229888 0.0961214
v 0.1252459 0.3339700 0.0974802
v 0.1253306 0.3356311 0.0979484
v 0.1229494 0.3214848 0.0970920
v 0.1239797 0.3235624 0.0967443
v 0.1234021 0.3253494 0.0968912
v 0.1233967 0.3314905 0.0976666
v 0.1239699 0.3332437 0.0979192
v 0.1230067 0.3352204 0.0987573
v 0.1215950 0.3223062 0.0963597
v 0.1216117 0.3345940 0.0978584
v 0.1351224 0.3285839 0.0942897
v 0.1351568 0.3294852 0.0950498
v 0.1330427 0.3220729 0.0936172
v 0.1340218 0.3231543 0.0936918
v 0.1348753 0.3254679 0.0937935
v 0.1350670 0.3270927 0.0941109
v 0.1350658 0.3302928 0.0942842
v 0.1348774 0.3322331 0.0948800
v 0.1340399 0.3343933 0.0950189
v 0.1330775 0.3354098 0.0954604
v 0.1320779 0.3216161 0.0938689
v 0.1314885 0.3233074 0.0943728
v 0.1312299 0.3258276 0.0942238
v 0.1307665 0.3266343 0.0941465
v 0.1307807 0.3309085 0.0946564
v 0.1312296 0.3316503 0.0949238
v 0.1315031 0.3340733 0.0956859
v 0.1318972 0.3359078 0.0954184
v 0.1293900 0.3215331 0.0938780
v 0.1293329 0.3232421 0.0949524
v 0.1301552 0.3256187 0.0946821
v 0.1306329 0.3266775 0.0943488
v 0.1306385 0.3308100 0.0948529
v 0.1301571 0.3317522 0.0954320
v 0.1294940 0.3341766 0.0962138
v 0.1294338 0.3359683 0.0956413
v 0.1276789 0.3214425 0.0946004
v 0.1276702 0.3233154 0.0955132
v 0.1272626 0.3245751 0.0957002
v 0.1272734 0.3325350 0.0966711
v 0.1278276 0.3336937 0.0967513
v 0.1277119 0.3358449 0.0963206
v 0.1250051 0.3215623 0.0948142
v 0.1259637 0.3229509 0.0956375
v 0.1259788 0.3341301 0.0970010
v 0.1250369 0.3356797 0.0965358
v 0.1232538 0.3217789 0.0952631
v 0.1223908 0.3222802 0.0944809
v 0.1223010 0.3350149 0.0961111
v 0.1232353 0.3353672 0.0965632
v 0.1211086 0.3230179 0.0952702
v 0.1210971 0.3341424 0.0966693
v 0.1329616 0.3223066 0.0913679
v 0.1337089 0.3236915 0.0917016
v 0.1334445 0.3262075 0.0916265
v 0.1341431 0.3272783 0.0916623
v 0.1342088 0.3310049 0.0921058
v 0.1334578 0.3319087 0.0923228
v 0.1336920 0.3343863 0.0930079
v 0.1329709 0.3357583 0.0931179
v 0.1312754 0.3220609 0.0912904
v 0.1326396 0.3244230 0.0923395
v 0.1325081 0.3258575 0.0919781
v 0.1324907 0.3323296 0.0929403
v 0.1326519 0.3334761 0.0934437
v 0.1314942 0.3360827 0.0931465
v 0.1297913 0.3218377 0.0919225
v 0.1297472 0.3361175 0.0937186
v 0.1272701 0.3218078 0.0918054
v 0.1273448 0.3361693 0.0934874
v 0.1252962 0.3219117 0.0924742
v 0.1253346 0.3359032 0.0941807
v 0.1236243 0.3220902 0.0931796
v 0.1236886 0.3355780 0.0947956
v 0.1328288 0.3224660 0.0897656
v 0.1337966 0.3235495 0.0898417
v 0.1334239 0.3265785 0.0909450
v 0.1335887 0.3273437 0.0909151
v 0.1335882 0.3311057 0.0913743
v 0.1333670 0.3316829 0.0916097
v 0.1337668 0.3349921 0.0912400
v 0.1329163 0.3359529 0.0914066
v 0.1314893 0.3223204 0.0899001
v 0.1316473 0.3227871 0.0890683
v 0.1326730 0.3268228 0.0912003
v 0.1326021 0.3270682 0.0912236
v 0.1326077 0.3311767 0.0917247
v 0.1326793 0.3314203 0.0917611
v 0.1316820 0.3358407 0.0907971
v 0.1315122 0.3361224 0.0916586
v 0.1295034 0.3221450 0.0895325
v 0.1295045 0.3363698 0.0913609
v 0.1272697 0.3221431 0.0895730
v 0.1272521 0.3363609 0.0913693
v 0.1247771 0.3224149 0.0900424
v 0.1247963 0.3359950 0.0917546
v 0.1326527 0.3228070 0.0874333
v 0.1335903 0.3239074 0.0872572
v 0.1343987 0.3260209 0.0876444
v 0.1347113 0.3287298 0.0884754
v 0.1346844 0.3308935 0.0887409
v 0.1344083 0.3331509 0.0886002
v 0.1336181 0.3351980 0.0886768
v 0.1327735 0.3361648 0.0888406
v 0.1314576 0.3225719 0.0874617
v 0.1313809 0.3230655 0.0873351
v 0.1313145 0.3360515 0.0883645
v 0.1315875 0.3364396 0.0891844
v 0.1292291 0.3224404 0.0877030
v 0.1293241 0.3365382 0.0890983
v 0.1272116 0.3224690 0.0873965
v 0.1272243 0.3365743 0.0891617
v 0.1251603 0.3227305 0.0875538
v 0.1252326 0.3362685 0.0894900
v 0.1324557 0.3231699 0.0853251
v 0.1334394 0.3242282 0.0854049
v 0.1342879 0.3265988 0.0856534
v 0.1345171 0.3290806 0.0859464
v 0.1344924 0.3311241 0.0861967
v 0.1342324 0.3333965 0.0864854
v 0.1334079 0.3353977 0.0867695
v 0.1313267 0.3228145 0.0852619
v 0.1308856 0.3233664 0.0850864
v 0.1308572 0.3362759 0.0863453
v 0.1315159 0.3366651 0.0871899
v 0.1288307 0.3227764 0.0856175
v 0.1288490 0.3367002 0.0873152
v 0.1268798 0.3227175 0.0858354
v 0.1269218 0.3367352 0.0872995
v 0.1254234 0.3229882 0.0854211
v 0.1253547 0.3364777 0.0877485
v 0.1330824 0.3245299 0.0828653
v 0.1340232 0.3263901 0.0835697
v 0.1342524 0.3289674 0.0833586
v 0.1342577 0.3313371 0.0836475
v 0.1340477 0.3335301 0.0843536
v 0.1331602 0.3355998 0.0842126
v 0.1311262 0.3232085 0.0828400
v 0.1309343 0.3237083 0.0831358
v 0.1312074 0.3364073 0.0848126
v 0.1311707 0.3369190 0.0847062
v 0.1290143 0.3232137 0.0834226
v 0.1290320 0.3368021 0.0850795
v 0.1266071 0.3231873 0.0833301
v 0.1266036 0.3368578 0.0849131
v 0.1256959 0.3231481 0.0841841
v 0.1257041 0.3366878 0.0858814
v 0.1329515 0.3250271 0.0809347
v 0.1337027 0.3267365 0.0809921
v 0.1339487 0.3289593 0.0811196
v 0.1339433 0.3316404 0.0813193
v 0.1337298 0.3338062 0.0817941
v 0.1329393 0.3356957 0.0822842
v 0.1306888 0.3236110 0.0807522
v 0.1308519 0.3240882 0.0808633
v 0.1310936 0.3365095 0.0824708
v 0.1308117 0.3370054 0.0827010
v 0.1284821 0.3236877 0.0810427
v 0.1289786 0.3239590 0.0804858
v 0.1290146 0.3367809 0.0820344
v 0.1285154 0.3369131 0.0826410
v 0.1271105 0.3235305 0.0815713
v 0.1271884 0.3369499 0.0831506
v 0.1325382 0.3253925 0.0791262
v 0.1333185 0.3272890 0.0790319
v 0.1336060 0.3293441 0.0793573
v 0.1336028 0.3316842 0.0795919
v 0.1333279 0.3338922 0.0798389
v 0.1325501 0.3357151 0.0803947
v 0.1302804 0.3238442 0.0796353
v 0.1307892 0.3244971 0.0789974
v 0.1307986 0.3365997 0.0803745
v 0.1302947 0.3370707 0.0812227
v 0.1292999 0.3243341 0.0796901
v 0.1293239 0.3366124 0.0811855
v 0.1321185 0.3262227 0.0775979
v 0.1325062 0.3277628 0.0772542
v 0.1328125 0.3297065 0.0772786
v 0.1328132 0.3317936 0.0775076
v 0.1325148 0.3338670 0.0780005
v 0.1321307 0.3352802 0.0787053
v 0.1304718 0.3256525 0.0771496
v 0.1309081 0.3271223 0.0763287
v 0.1310097 0.3346827 0.0772678
v 0.1303925 0.3359066 0.0783002
v 0.1318877 0.3300224 0.0760659
v 0.1318862 0.3317233 0.0762495
v 0.1301068 0.3279095 0.0756994
v 0.1307024 0.3297572 0.0755274
v 0.1307139 0.3320977 0.0757860
v 0.1301136 0.3340833 0.0764401
v 0.1296037 0.3284306 0.0754218
v 0.1295519 0.3299982 0.0752362
v 0.1295544 0.3321758 0.0754988
v 0.1296048 0.3335637 0.0760071
v 0.1269598 0.3235739 0.0814754
v 0.1278270 0.3237671 0.0805818
v 0.1253979 0.3233318 0.0836195
v 0.1260463 0.3233036 0.0830928
v 0.1250649 0.3230082 0.0858226
v 0.1247525 0.3227534 0.0880266
v 0.1242591 0.3226018 0.0896823
v 0.1235236 0.3221585 0.0929780
v 0.1249442 0.3260494 0.0780789
v 0.1266848 0.3259797 0.0776000
v 0.1286908 0.3258915 0.0775364
v 0.1299148 0.3259835 0.0776196
v 0.1228275 0.3257479 0.0801339
v 0.1244123 0.3253604 0.0792543
v 0.1267666 0.3246195 0.0791830
v 0.1288323 0.3245797 0.0791682
v 0.1300035 0.3250470 0.0787739
v 0.1223883 0.3252210 0.0818666
v 0.1245034 0.3242330 0.0813822
v 0.1265901 0.3238615 0.0807419
v 0.1282109 0.3239166 0.0802278
v 0.1212256 0.3255929 0.0839492
v 0.1221724 0.3248340 0.0836109
v 0.1242876 0.3237306 0.0833344
v 0.1211400 0.3250993 0.0863054
v 0.1223224 0.3241267 0.0861214
v 0.1239965 0.3233078 0.0858962
v 0.1208712 0.3249606 0.0883741
v 0.1227081 0.3235016 0.0882636
v 0.1211063 0.3241718 0.0905751
v 0.1224172 0.3232145 0.0903324
v 0.1210571 0.3237557 0.0926589
v 0.1223800 0.3227391 0.0925086
v 0.1209792 0.3233639 0.0945875
v 0.1223506 0.3224358 0.0939202
v 0.1265291 0.3284368 0.0761617
v 0.1286085 0.3284657 0.0760397
v 0.1296914 0.3287426 0.0760707
v 0.1227216 0.3279082 0.0782015
v 0.1242431 0.3274973 0.0774201
v 0.1264227 0.3273407 0.0766970
v 0.1287348 0.3272049 0.0766049
v 0.1297827 0.3274949 0.0765682
v 0.1207722 0.3280870 0.0806891
v 0.1220017 0.3271505 0.0795674
v 0.1232657 0.3264047 0.0788360
v 0.1207194 0.3271800 0.0819458
v 0.1214692 0.3262961 0.0814265
v 0.1205511 0.3267876 0.0836293
v 0.1203775 0.3264240 0.0862540
v 0.1202322 0.3261784 0.0884905
v 0.1201702 0.3257901 0.0906397
v 0.1200739 0.3254984 0.0926701
v 0.1196842 0.3261960 0.0948575
v 0.1200196 0.3250207 0.0946631
v 0.1246720 0.3300445 0.0764455
v 0.1264619 0.3297224 0.0759639
v 0.1286810 0.3298126 0.0758358
v 0.1296549 0.3298569 0.0759411
v 0.1223781 0.3299741 0.0779849
v 0.1237042 0.3298067 0.0769855
v 0.1205973 0.3296321 0.0804703
v 0.1213370 0.3295189 0.0792075
v 0.1199736 0.3294936 0.0825180
v 0.1198883 0.3289140 0.0839559
v 0.1198050 0.3283831 0.0867291
v 0.1196654 0.3280633 0.0904930
v 0.1195394 0.3281170 0.0935457
v 0.1195288 0.3275734 0.0947759
v 0.1247071 0.3319910 0.0766825
v 0.1265171 0.3321930 0.0762390
v 0.1286817 0.3321230 0.0761062
v 0.1296600 0.3321750 0.0762370
v 0.1224313 0.3318475 0.0782043
v 0.1237367 0.3322115 0.0772985
v 0.1206144 0.3315791 0.0807465
v 0.1213677 0.3319883 0.0795319
v 0.1199907 0.3312762 0.0828068
v 0.1199273 0.3315431 0.0842628
v 0.1198266 0.3312373 0.0870529
v 0.1196842 0.3307051 0.0909046
v 0.1195671 0.3300562 0.0934405
v 0.1195419 0.3300592 0.0950746
v 0.1266661 0.3334695 0.0767461
v 0.1286153 0.3334804 0.0766517
v 0.1297079 0.3333687 0.0767065
v 0.1227292 0.3335181 0.0788858
v 0.1242521 0.3341006 0.0782256
v 0.1262149 0.3343666 0.0775596
v 0.1287446 0.3345678 0.0775037
v 0.1298058 0.3344030 0.0775068
v 0.1207785 0.3327518 0.0812580
v 0.1220109 0.3339271 0.0803940
v 0.1232771 0.3348235 0.0798628
v 0.1207278 0.3333302 0.0826960
v 0.1214800 0.3343110 0.0824041
v 0.1205599 0.3333069 0.0844245
v 0.1203864 0.3330294 0.0870597
v 0.1202411 0.3327305 0.0892897
v 0.1201794 0.3325911 0.0914692
v 0.1200832 0.3323864 0.0935103
v 0.1196910 0.3311845 0.0954660
v 0.1200296 0.3323712 0.0955597
v 0.1249568 0.3353459 0.0792128
v 0.1266629 0.3355565 0.0788202
v 0.1287038 0.3356188 0.0787235
v 0.1299133 0.3354709 0.0787203
v 0.1228402 0.3351502 0.0812808
v 0.1244263 0.3357335 0.0805196
v 0.1267010 0.3364492 0.0806279
v 0.1288202 0.3365242 0.0806905
v 0.1300620 0.3360973 0.0800657
v 0.1224019 0.3352464 0.0830894
v 0.1245198 0.3363161 0.0828560
v 0.1265522 0.3368155 0.0823383
v 0.1282166 0.3368919 0.0818197
v 0.1212375 0.3343878 0.0850220
v 0.1221865 0.3352033 0.0848756
v 0.1243047 0.3363352 0.0848718
v 0.1211525 0.3343008 0.0874277
v 0.1223376 0.3352860 0.0874826
v 0.1240139 0.3361306 0.0874603
v 0.1208834 0.3339390 0.0894692
v 0.1227242 0.3353768 0.0897121
v 0.1211199 0.3341749 0.0917952
v 0.1224334 0.3351589 0.0917893
v 0.1210711 0.3340780 0.0939179
v 0.1223968 0.3350975 0.0940160
v 0.1210290 0.3340259 0.0958917
v 0.1223849 0.3350631 0.0954484
v 0.1268709 0.3369186 0.0831835
v 0.1278103 0.3369536 0.0822214
v 0.1254160 0.3366507 0.0852441
v 0.1260483 0.3367979 0.0847886
v 0.1250545 0.3364199 0.0875904
v 0.1247296 0.3361387 0.0897332
v 0.1243367 0.3359163 0.0913869
v 0.1234617 0.3355182 0.0946636
v 0.1355215 0.2922360 0.1837487
v 0.1355354 0.3024386 0.1849931
v 0.1341013 0.2921806 0.1840145
v 0.1341152 0.3024323 0.1852649
v 0.1297566 0.2923109 0.1846191
v 0.1292632 0.2940741 0.1844703
v 0.1292498 0.3004874 0.1852507
v 0.1297699 0.3021759 0.1858195
v 0.1266756 0.2921944 0.1832535
v 0.1266897 0.3026218 0.1845253
v 0.1226153 0.2927450 0.1816297
v 0.1226285 0.3024884 0.1828182
v 0.1208368 0.2926359 0.1807524
v 0.1208506 0.3028099 0.1819933
v 0.1371504 0.2924888 0.1817946
v 0.1371642 0.3026586 0.1830350
v 0.1332370 0.2923513 0.1804490
v 0.1332517 0.3031260 0.1817632
v 0.1303706 0.2922583 0.1810739
v 0.1303853 0.3030737 0.1823931
v 0.1264578 0.2923456 0.1803831
v 0.1264725 0.3031654 0.1817029
v 0.1241248 0.2925904 0.1784019
v 0.1241395 0.3034103 0.1797216
v 0.1200714 0.2928954 0.1785501
v 0.1200852 0.3030894 0.1797935
v 0.1394599 0.2926613 0.1785682
v 0.1391051 0.2963889 0.1786136
v 0.1391055 0.2995192 0.1791511
v 0.1394743 0.3032604 0.1798610
v 0.1351164 0.2926164 0.1780670
v 0.1351311 0.3034362 0.1793867
v 0.1230365 0.2929396 0.1755517
v 0.1230512 0.3037594 0.1768714
v 0.1191674 0.2928753 0.1749347
v 0.1204375 0.2969827 0.1749748
v 0.1204339 0.2999378 0.1752843
v 0.1191825 0.3039804 0.1762892
v 0.1187552 0.2934270 0.1738915
v 0.1186526 0.2968395 0.1747420
v 0.1186661 0.3003568 0.1750159
v 0.1187691 0.3036967 0.1751441
v 0.1401693 0.2930751 0.1750081
v 0.1397032 0.2967453 0.1755662
v 0.1397251 0.2999919 0.1759672
v 0.1401838 0.3037126 0.1763055
v 0.1361087 0.2930452 0.1745404
v 0.1361233 0.3038650 0.1758601
v 0.1235437 0.2933773 0.1719574
v 0.1235584 0.3041971 0.1732771
v 0.1201325 0.2933942 0.1702822
v 0.1210417 0.2972286 0.1719273
v 0.1210436 0.3003866 0.1723126
v 0.1201477 0.3045925 0.1716481
v 0.1194757 0.2938446 0.1706203
v 0.1193672 0.2972438 0.1712262
v 0.1193397 0.3007610 0.1717461
v 0.1194895 0.3040758 0.1718682
v 0.1397320 0.2936471 0.1705245
v 0.1397467 0.3042380 0.1718147
v 0.1353905 0.2934111 0.1715479
v 0.1354052 0.3042310 0.1728676
v 0.1342535 0.2936237 0.1698182
v 0.1342682 0.3044435 0.1711379
v 0.1262365 0.2937413 0.1689431
v 0.1262512 0.3045611 0.1702628
v 0.1217850 0.2940396 0.1671959
v 0.1217995 0.3047034 0.1684965
v 0.1400257 0.2941006 0.1686011
v 0.1398306 0.2971343 0.1674654
v 0.1399057 0.3014808 0.1680091
v 0.1400394 0.3042571 0.1698404
v 0.1371234 0.2973473 0.1669304
v 0.1371298 0.3015154 0.1674390
v 0.1347068 0.2944729 0.1673279
v 0.1350749 0.2970475 0.1665631
v 0.1350845 0.3019004 0.1671470
v 0.1347200 0.3042165 0.1685163
v 0.1276565 0.2944965 0.1660686
v 0.1279324 0.2978282 0.1651306
v 0.1279374 0.3015058 0.1655792
v 0.1276701 0.3045152 0.1672905
v 0.1226432 0.2947526 0.1650980
v 0.1228746 0.2978304 0.1642966
v 0.1228568 0.3014997 0.1646775
v 0.1226536 0.3045030 0.1662824
v 0.1338104 0.3014731 0.1659397
v 0.1301970 0.3015838 0.1652175
v 0.1337922 0.2977488 0.1654561
v 0.1302152 0.2978426 0.1647134
v 0.1405952 0.3076401 0.1656340
v 0.1379996 0.3086619 0.1651185
v 0.1340846 0.3083000 0.1646768
v 0.1305727 0.3081053 0.1638554
v 0.1273637 0.3079432 0.1628652
v 0.1253139 0.3074615 0.1619208
v 0.1419343 0.3052357 0.1657418
v 0.1383770 0.3053712 0.1651461
v 0.1337739 0.3053107 0.1651121
v 0.1307741 0.3053523 0.1644367
v 0.1265329 0.3055875 0.1628126
v 0.1232962 0.3056261 0.1619164
v 0.1218027 0.3041759 0.1610359
v 0.1415686 0.3016970 0.1652997
v 0.1385829 0.3010803 0.1651142
v 0.1343656 0.3019123 0.1643892
v 0.1302740 0.3020039 0.1636091
v 0.1260014 0.3018663 0.1627640
v 0.1236782 0.3019016 0.1620395
v 0.1216485 0.3020495 0.1606626
v 0.1415256 0.2976426 0.1649770
v 0.1386077 0.2983086 0.1647866
v 0.1343706 0.2977145 0.1638632
v 0.1302450 0.2977995 0.1631298
v 0.1260760 0.2981564 0.1622736
v 0.1234402 0.2978442 0.1615347
v 0.1216348 0.2978248 0.1603670
v 0.1418089 0.2942706 0.1641955
v 0.1383678 0.2941698 0.1637550
v 0.1337578 0.2938052 0.1636216
v 0.1306790 0.2939589 0.1629698
v 0.1265569 0.2945167 0.1614689
v 0.1233512 0.2947093 0.1606682
v 0.1218400 0.2963083 0.1599524
v 0.1405776 0.2918489 0.1636911
v 0.1381018 0.2909969 0.1630075
v 0.1341385 0.2913777 0.1625921
v 0.1304978 0.2919152 0.1620450
v 0.1272907 0.2923144 0.1610762
v 0.1252895 0.2929534 0.1601912
v 0.1407401 0.3079947 0.1616984
v 0.1430030 0.3045910 0.1631531
v 0.1356444 0.3052262 0.1620398
v 0.1301909 0.3053679 0.1609391
v 0.1435256 0.3020947 0.1622743
v 0.1372663 0.3028728 0.1620858
v 0.1362011 0.3034506 0.1619378
v 0.1296294 0.3036213 0.1606115
v 0.1285627 0.3030988 0.1603293
v 0.1229801 0.3006922 0.1570941
v 0.1224796 0.3008180 0.1560615
v 0.1434729 0.2973554 0.1620178
v 0.1372588 0.2973161 0.1614081
v 0.1361921 0.2967936 0.1611258
v 0.1296204 0.2969643 0.1597995
v 0.1285552 0.2975421 0.1596515
v 0.1232712 0.2983722 0.1560521
v 0.1430184 0.2954000 0.1615919
v 0.1356306 0.2950470 0.1607982
v 0.1301771 0.2951887 0.1596976
v 0.1264537 0.2934864 0.1587637
v 0.1243065 0.2957291 0.1562678
v 0.1405299 0.2921337 0.1601507
v 0.1335029 0.2914217 0.1581195
v 0.1283710 0.2928497 0.1588280
v 0.1421075 0.3087154 0.1576922
v 0.1394404 0.3094498 0.1590278
v 0.1345537 0.3097435 0.1576527
v 0.1319723 0.3095732 0.1565668
v 0.1289276 0.3090373 0.1559143
v 0.1262782 0.3080770 0.1559321
v 0.1440140 0.3057835 0.1575773
v 0.1240086 0.3062794 0.1558534
v 0.1229447 0.3045784 0.1557297
v 0.1440873 0.3022486 0.1576491
v 0.1237209 0.3011006 0.1537330
v 0.1228280 0.3022267 0.1549887
v 0.1441035 0.2987497 0.1572705
v 0.1240126 0.2987252 0.1530133
v 0.1227402 0.2987989 0.1551422
v 0.1439847 0.2955684 0.1564033
v 0.1272783 0.2938860 0.1551360
v 0.1248314 0.2955294 0.1538689
v 0.1229348 0.2972460 0.1548354
v 0.1420866 0.2927093 0.1557401
v 0.1394164 0.2916806 0.1568604
v 0.1343554 0.2919476 0.1560016
v 0.1318849 0.2924437 0.1549896
v 0.1290394 0.2930537 0.1544305
v 0.1418007 0.3095450 0.1556006
v 0.1400061 0.3097573 0.1542183
v 0.1365940 0.3097415 0.1536758
v 0.1340844 0.3089039 0.1531543
v 0.1276832 0.3088463 0.1502949
v 0.1448946 0.3046133 0.1561329
v 0.1252822 0.3067554 0.1505528
v 0.1448978 0.3027606 0.1553680
v 0.1243874 0.3025620 0.1506367
v 0.1239319 0.3022942 0.1502669
v 0.1448847 0.2982513 0.1550809
v 0.1246729 0.2989155 0.1500505
v 0.1239068 0.3002413 0.1502316
v 0.1448870 0.2970713 0.1551113
v 0.1279960 0.2949958 0.1486498
v 0.1256782 0.2963108 0.1495265
v 0.1420748 0.2926237 0.1519045
v 0.1403250 0.2923388 0.1521103
v 0.1355395 0.2923198 0.1512089
v 0.1276637 0.2943969 0.1485325
v 0.1354195 0.3104052 0.1511016
v 0.1330577 0.3102331 0.1504243
v 0.1300267 0.3097316 0.1498940
v 0.1460075 0.3056030 0.1500054
v 0.1285791 0.3068245 0.1487886
v 0.1279860 0.3067381 0.1495037
v 0.1456899 0.3030227 0.1500374
v 0.1252727 0.3029717 0.1458386
v 0.1454716 0.2999209 0.1508740
v 0.1253407 0.3005706 0.1458021
v 0.1457077 0.2974718 0.1506952
v 0.1288921 0.2946439 0.1483620
v 0.1259540 0.2980548 0.1469517
v 0.1354243 0.2930216 0.1489774
v 0.1330607 0.2933202 0.1483484
v 0.1302401 0.2938801 0.1479311
v 0.1436741 0.3096925 0.1493609
v 0.1429582 0.3097910 0.1478096
v 0.1290931 0.3095700 0.1449422
v 0.1454087 0.3069693 0.1494843
v 0.1302329 0.3072658 0.1451527
v 0.1270539 0.3074755 0.1446320
v 0.1460098 0.3035892 0.1480308
v 0.1263265 0.3035701 0.1430931
v 0.1459929 0.2994993 0.1475945
v 0.1264551 0.3008954 0.1427585
v 0.1453940 0.2963655 0.1481979
v 0.1300757 0.2955059 0.1421938
v 0.1271109 0.2971125 0.1433780
v 0.1437455 0.2938297 0.1477105
v 0.1429369 0.2940365 0.1458877
v 0.1362672 0.2939190 0.1450557
v 0.1290733 0.2949773 0.1431623
v 0.1438775 0.3108185 0.1445584
v 0.1420981 0.3110886 0.1448526
v 0.1382076 0.3112368 0.1441475
v 0.1306139 0.3103009 0.1417859
v 0.1471941 0.3062381 0.1433041
v 0.1320278 0.3083689 0.1412260
v 0.1284125 0.3078960 0.1410816
v 0.1272546 0.3045911 0.1405039
v 0.1273049 0.3005149 0.1401872
v 0.1303967 0.2965011 0.1385984
v 0.1285017 0.2973731 0.1399691
v 0.1437449 0.2937487 0.1430534
v 0.1419093 0.2934946 0.1426761
v 0.1375315 0.2938582 0.1420154
v 0.1346468 0.2945351 0.1416757
v 0.1310278 0.2949652 0.1399950
v 0.1450721 0.3105980 0.1420907
v 0.1425476 0.3117482 0.1397829
v 0.1389292 0.3115254 0.1391764
v 0.1352770 0.3115194 0.1389042
v 0.1324013 0.3108911 0.1384520
v 0.1469043 0.3078314 0.1414711
v 0.1316295 0.3086200 0.1376767
v 0.1294496 0.3089451 0.1386391
v 0.1473924 0.3044437 0.1403275
v 0.1311734 0.3053527 0.1368449
v 0.1473080 0.3005996 0.1400088
v 0.1313193 0.2998803 0.1359981
v 0.1468665 0.2973256 0.1403486
v 0.1349968 0.2994809 0.1362418
v 0.1312978 0.2975240 0.1370111
v 0.1294320 0.2971225 0.1371976
v 0.1450509 0.2946225 0.1401421
v 0.1425993 0.2940668 0.1376428
v 0.1391644 0.2942640 0.1374941
v 0.1353806 0.2945912 0.1367837
v 0.1324101 0.2952918 0.1364841
v 0.1462527 0.3113257 0.1367599
v 0.1432337 0.3115154 0.1368178
v 0.1399104 0.3113868 0.1372650
v 0.1361863 0.3114056 0.1362811
v 0.1340132 0.3113435 0.1352043
v 0.1484223 0.3072591 0.1361529
v 0.1435550 0.3103991 0.1362475
v 0.1355056 0.3101497 0.1366691
v 0.1329763 0.3097224 0.1350619
v 0.1475682 0.3054875 0.1366149
v 0.1484105 0.2999509 0.1351540
v 0.1328350 0.3002029 0.1332490
v 0.1483243 0.2992279 0.1356872
v 0.1430485 0.2963429 0.1344173
v 0.1400510 0.2966407 0.1346112
v 0.1357507 0.2976186 0.1347921
v 0.1333694 0.2992235 0.1336989
v 0.1462446 0.2952023 0.1348566
v 0.1432271 0.2950466 0.1347864
v 0.1399650 0.2951513 0.1352256
v 0.1361110 0.2952463 0.1345204
v 0.1339385 0.2955315 0.1334393
v 0.1468843 0.3112484 0.1341535
v 0.1448100 0.3116196 0.1341715
v 0.1334156 0.3118519 0.1316006
v 0.1482146 0.3091446 0.1342784
v 0.1454917 0.3103270 0.1340486
v 0.1322065 0.3110352 0.1311579
v 0.1483151 0.3059079 0.1337218
v 0.1457362 0.3062577 0.1334223
v 0.1484944 0.3013642 0.1331513
v 0.1479524 0.2977282 0.1330474
v 0.1451451 0.2968120 0.1317127
v 0.1420032 0.2970421 0.1330332
v 0.1334055 0.2971882 0.1297071
v 0.1468455 0.2958464 0.1324806
v 0.1448629 0.2956021 0.1321978
v 0.1332535 0.2959231 0.1297190
v 0.1473003 0.3114785 0.1321904
v 0.1454280 0.3118955 0.1306229
v 0.1393230 0.3126433 0.1306969
v 0.1339878 0.3123080 0.1279272
v 0.1485728 0.3094832 0.1322084
v 0.1464126 0.3111080 0.1304034
v 0.1327989 0.3114565 0.1276976
v 0.1483120 0.3054219 0.1316607
v 0.1463703 0.3065042 0.1313944
v 0.1479958 0.3010065 0.1299423
v 0.1479938 0.2979862 0.1302359
v 0.1453217 0.2973222 0.1282216
v 0.1340036 0.2976128 0.1259648
v 0.1471280 0.2963125 0.1303094
v 0.1455311 0.2961144 0.1286634
v 0.1392996 0.2953713 0.1285903
v 0.1337201 0.2964371 0.1259966
v 0.1446427 0.3121898 0.1271760
v 0.1423595 0.3125849 0.1254865
v 0.1386445 0.3127250 0.1247805
v 0.1356826 0.3123898 0.1253527
v 0.1451281 0.3115938 0.1264346
v 0.1431742 0.3118343 0.1244844
v 0.1381901 0.3119635 0.1234810
v 0.1352825 0.3118187 0.1247000
v 0.1459232 0.3071921 0.1251698
v 0.1436280 0.3080117 0.1241488
v 0.1453507 0.3021505 0.1254463
v 0.1431236 0.3024524 0.1234758
v 0.1457382 0.2984375 0.1247272
v 0.1424386 0.2980273 0.1237801
v 0.1384667 0.2980581 0.1231653
v 0.1354572 0.2976597 0.1230863
v 0.1447512 0.2966755 0.1252419
v 0.1425068 0.2966476 0.1235224
v 0.1386515 0.2967780 0.1226366
v 0.1357024 0.2968026 0.1234835
v 0.1413400 0.3122025 0.1237581
v 0.1401739 0.3122318 0.1235304
v 0.1417380 0.3119212 0.1237884
v 0.1401824 0.3119677 0.1234246
v 0.1462257 0.3073596 0.1233506
v 0.1439113 0.3078721 0.1235104
v 0.1458909 0.3016520 0.1230267
v 0.1432070 0.3028752 0.1230351
v 0.1463810 0.2992626 0.1221471
v 0.1433591 0.2983404 0.1221667
v 0.1400390 0.2977239 0.1216831
v 0.1418099 0.2975276 0.1220948
v 0.1401718 0.2975756 0.1217195
v 0.1472279 0.2964708 0.1273336
v 0.1486593 0.2987132 0.1273564
v 0.1489415 0.3023455 0.1277508
v 0.1489478 0.3062656 0.1282288
v 0.1486593 0.3097835 0.1287093
v 0.1471684 0.3119001 0.1292296
v 0.1458611 0.2957746 0.1274883
v 0.1455121 0.2998564 0.1280484
v 0.1455179 0.3041299 0.1285696
v 0.1455237 0.3084033 0.1290908
v 0.1457894 0.3125346 0.1295491
v 0.1468190 0.2966667 0.1262158
v 0.1479786 0.2983512 0.1263126
v 0.1484818 0.3022195 0.1263310
v 0.1484893 0.3064193 0.1268204
v 0.1479873 0.3102975 0.1277714
v 0.1467679 0.3119495 0.1280731
v 0.1452468 0.2962433 0.1253889
v 0.1452729 0.3125504 0.1274856
v 0.1459701 0.2973092 0.1228410
v 0.1471132 0.2988221 0.1228297
v 0.1475894 0.3026600 0.1229022
v 0.1477431 0.3071975 0.1237318
v 0.1471293 0.3106574 0.1242733
v 0.1459902 0.3121263 0.1246483
v 0.1436483 0.2966257 0.1229063
v 0.1436561 0.3127879 0.1249202
v 0.1402639 0.2966665 0.1220254
v 0.1403570 0.3129979 0.1240977
v 0.1359084 0.2967677 0.1227442
v 0.1359059 0.3127458 0.1248062
v 0.1340575 0.2969903 0.1233653
v 0.1331774 0.2983496 0.1233880
v 0.1344148 0.3044938 0.1257095
v 0.1335332 0.3109400 0.1250398
v 0.1340903 0.3123465 0.1252216
v 0.1451252 0.2978628 0.1191548
v 0.1463214 0.2995640 0.1191699
v 0.1470342 0.3030151 0.1196365
v 0.1470918 0.3069804 0.1202294
v 0.1463367 0.3108190 0.1205427
v 0.1451450 0.3124772 0.1209373
v 0.1431062 0.2975024 0.1190632
v 0.1446916 0.2981703 0.1193154
v 0.1447105 0.3121413 0.1210195
v 0.1432799 0.3128589 0.1207458
v 0.1391302 0.2970706 0.1209569
v 0.1386831 0.3128058 0.1233580
v 0.1373627 0.2969984 0.1216527
v 0.1372952 0.3127470 0.1235969
v 0.1329677 0.2974891 0.1223636
v 0.1318179 0.2986053 0.1215313
v 0.1318268 0.3112119 0.1230954
v 0.1329717 0.3121048 0.1241345
v 0.1298824 0.3002796 0.1206181
v 0.1290565 0.3023276 0.1212244
v 0.1290659 0.3071181 0.1218110
v 0.1298926 0.3098345 0.1218046
v 0.1454569 0.3001845 0.1155044
v 0.1461820 0.3037767 0.1159151
v 0.1462251 0.3072945 0.1162883
v 0.1454717 0.3111002 0.1168358
v 0.1422068 0.2981226 0.1154282
v 0.1434961 0.2987233 0.1156519
v 0.1435148 0.3124883 0.1173308
v 0.1422272 0.3131286 0.1172585
v 0.1390691 0.2980130 0.1160011
v 0.1389794 0.3130913 0.1177651
v 0.1350425 0.2979501 0.1169874
v 0.1339757 0.2985059 0.1163551
v 0.1346122 0.3126360 0.1176777
v 0.1350628 0.3129404 0.1188158
v 0.1330414 0.2980466 0.1175991
v 0.1316974 0.2990452 0.1173902
v 0.1317147 0.3117895 0.1189447
v 0.1330613 0.3127051 0.1193870
v 0.1292330 0.3011477 0.1191476
v 0.1289250 0.3029434 0.1194722
v 0.1289582 0.3073467 0.1199482
v 0.1292339 0.3093188 0.1201771
v 0.1446744 0.3008878 0.1118407
v 0.1454609 0.3041970 0.1123480
v 0.1454330 0.3077256 0.1126602
v 0.1446885 0.3113002 0.1131107
v 0.1414405 0.2986065 0.1118523
v 0.1424111 0.2991635 0.1119220
v 0.1424298 0.3129605 0.1136049
v 0.1414607 0.3135205 0.1136714
v 0.1385410 0.2985565 0.1121534
v 0.1373516 0.2988976 0.1123908
v 0.1373709 0.3131194 0.1141254
v 0.1385613 0.3135044 0.1139766
v 0.1344388 0.2984774 0.1128681
v 0.1344864 0.2989692 0.1129335
v 0.1345054 0.3129271 0.1146360
v 0.1344591 0.3134204 0.1146907
v 0.1324995 0.2987202 0.1132800
v 0.1307189 0.2999345 0.1136836
v 0.1307350 0.3118199 0.1151332
v 0.1325190 0.3130909 0.1150328
v 0.1288486 0.3014726 0.1152629
v 0.1282897 0.3030603 0.1153827
v 0.1282801 0.3075110 0.1158063
v 0.1288601 0.3099523 0.1162971
v 0.1439321 0.3017002 0.1081847
v 0.1443886 0.3045945 0.1076915
v 0.1444191 0.3085682 0.1082576
v 0.1439452 0.3113924 0.1093668
v 0.1411320 0.2990399 0.1084439
v 0.1415272 0.2996519 0.1084211
v 0.1413953 0.3133450 0.1101594
v 0.1409767 0.3139305 0.1103491
v 0.1366778 0.2988977 0.1087094
v 0.1366924 0.2993935 0.1087723
v 0.1375409 0.3135251 0.1105474
v 0.1375300 0.3140216 0.1106048
v 0.1340669 0.2989105 0.1096729
v 0.1341129 0.2994034 0.1097328
v 0.1337736 0.3132776 0.1111827
v 0.1337177 0.3137691 0.1112443
v 0.1300038 0.3006506 0.1104886
v 0.1300191 0.3118947 0.1118600
v 0.1283455 0.3021447 0.1113604
v 0.1279453 0.3036742 0.1113800
v 0.1279448 0.3079797 0.1118242
v 0.1283565 0.3102393 0.1123477
v 0.1433172 0.3019066 0.1055275
v 0.1440139 0.3045127 0.1054035
v 0.1439904 0.3093596 0.1058937
v 0.1433237 0.3118346 0.1067596
v 0.1400477 0.2994998 0.1045929
v 0.1406999 0.3001613 0.1048415
v 0.1406766 0.3137158 0.1064777
v 0.1400548 0.3144065 0.1064191
v 0.1362898 0.2994404 0.1044573
v 0.1364779 0.2999172 0.1046349
v 0.1365068 0.3139967 0.1063499
v 0.1362415 0.3145076 0.1062377
v 0.1338257 0.2994550 0.1052297
v 0.1337492 0.2999649 0.1052271
v 0.1337679 0.3138150 0.1069162
v 0.1338196 0.3142993 0.1071024
v 0.1292688 0.3017348 0.1068470
v 0.1281602 0.3045843 0.1071383
v 0.1281686 0.3088098 0.1076468
v 0.1293198 0.3117480 0.1080850
v 0.1279254 0.3029365 0.1069893
v 0.1277301 0.3046061 0.1074597
v 0.1277287 0.3085586 0.1079980
v 0.1279335 0.3105174 0.1079168
v 0.1426050 0.3023521 0.1023712
v 0.1432163 0.3052111 0.1016587
v 0.1431324 0.3096776 0.1019823
v 0.1426183 0.3121605 0.1035675
v 0.1393413 0.2999493 0.1011785
v 0.1401849 0.3005685 0.1017193
v 0.1384378 0.3075176 0.1008734
v 0.1401319 0.3140624 0.1034448
v 0.1393170 0.3147939 0.1029842
v 0.1369743 0.2996842 0.1025347
v 0.1374706 0.3000503 0.1033410
v 0.1364535 0.3072724 0.1029060
v 0.1374941 0.3141756 0.1050627
v 0.1369939 0.3147171 0.1044395
v 0.1326663 0.2997764 0.1034689
v 0.1320186 0.3002149 0.1039152
v 0.1328658 0.3071909 0.1036141
v 0.1320040 0.3138975 0.1055320
v 0.1327016 0.3144283 0.1052889
v 0.1302485 0.3000122 0.1013789
v 0.1298807 0.3012030 0.1039823
v 0.1292357 0.3036731 0.1038882
v 0.1299635 0.3089276 0.1036972
v 0.1298562 0.3128785 0.1054498
v 0.1302684 0.3147033 0.1031708
v 0.1276604 0.3045908 0.1058841
v 0.1276671 0.3089743 0.1064178
v 0.1416958 0.3030441 0.0973631
v 0.1423953 0.3056253 0.0977705
v 0.1423862 0.3101191 0.0983043
v 0.1417096 0.3126672 0.0985146
v 0.1389633 0.3003314 0.0983587
v 0.1404029 0.3013213 0.0980820
v 0.1387899 0.3078124 0.0984523
v 0.1404125 0.3141931 0.0996672
v 0.1390004 0.3150942 0.1001461
v 0.1338845 0.3151167 0.0997414
v 0.1338645 0.3004256 0.0979495
v 0.1292616 0.3002157 0.0997215
v 0.1292815 0.3149068 0.1015134
v 0.1414260 0.3029722 0.0959115
v 0.1422125 0.3054115 0.0960716
v 0.1422268 0.3103288 0.0966700
v 0.1414654 0.3130834 0.0971403
v 0.1385284 0.3007134 0.0958385
v 0.1398934 0.3012844 0.0959767
v 0.1404017 0.3080229 0.0967084
v 0.1385296 0.3079859 0.0970330
v 0.1399964 0.3146778 0.0975949
v 0.1385798 0.3153248 0.0976442
v 0.1363104 0.3009471 0.0936468
v 0.1363303 0.3156382 0.0954387
v 0.1300908 0.3008235 0.0947296
v 0.1301107 0.3155146 0.0965215
v 0.1290460 0.3005620 0.0968845
v 0.1290659 0.3152531 0.0986764
v 0.1344655 0.3010229 0.0930455
v 0.1339974 0.3157141 0.0948423
v 0.1320802 0.3009853 0.0933807
v 0.1316395 0.3156575 0.0953328
v 0.1415539 0.3055996 0.0939511
v 0.1416374 0.3069281 0.0942198
v 0.1415892 0.3098828 0.0944610
v 0.1416094 0.3109460 0.0946888
v 0.1397172 0.3016029 0.0942864
v 0.1403283 0.3029217 0.0942834
v 0.1409879 0.3048647 0.0942549
v 0.1406874 0.3061861 0.0946726
v 0.1406930 0.3102945 0.0951737
v 0.1410353 0.3115380 0.0950526
v 0.1404015 0.3135022 0.0955544
v 0.1396813 0.3148534 0.0958077
v 0.1384167 0.3010810 0.0945860
v 0.1383005 0.3027685 0.0947969
v 0.1383152 0.3135884 0.0961166
v 0.1383032 0.3152850 0.0962493
v 0.1409593 0.3058825 0.0926363
v 0.1409052 0.3076160 0.0926360
v 0.1409027 0.3102363 0.0929582
v 0.1411413 0.3111958 0.0936813
v 0.1391198 0.3016975 0.0931118
v 0.1392513 0.3029812 0.0921676
v 0.1406428 0.3049279 0.0921824
v 0.1406543 0.3121952 0.0931623
v 0.1392125 0.3140673 0.0934966
v 0.1391793 0.3150002 0.0947611
v 0.1378800 0.3012677 0.0930344
v 0.1377863 0.3029245 0.0924826
v 0.1378013 0.3139946 0.0938328
v 0.1377724 0.3154466 0.0947706
v 0.1359885 0.3008915 0.0934326
v 0.1358575 0.3025053 0.0936788
v 0.1358733 0.3141192 0.0950953
v 0.1358006 0.3157165 0.0952087
v 0.1398651 0.3079896 0.0902964
v 0.1398651 0.3099134 0.0905322
v 0.1375455 0.3021287 0.0895667
v 0.1383770 0.3034626 0.0902303
v 0.1384033 0.3054318 0.0896792
v 0.1395656 0.3068910 0.0895822
v 0.1395872 0.3104991 0.0900153
v 0.1384223 0.3121723 0.0904972
v 0.1383857 0.3139933 0.0914911
v 0.1376374 0.3154179 0.0911772
v 0.1367280 0.3015257 0.0905464
v 0.1371844 0.3032780 0.0908646
v 0.1369998 0.3051669 0.0899894
v 0.1370096 0.3124194 0.0908740
v 0.1371990 0.3140420 0.0921775
v 0.1368063 0.3157715 0.0922885
v 0.1342814 0.3009973 0.0918095
v 0.1335967 0.3036257 0.0916147
v 0.1337228 0.3044308 0.0918337
v 0.1337340 0.3126994 0.0928422
v 0.1336383 0.3137449 0.0927502
v 0.1346288 0.3159630 0.0937360
v 0.1321040 0.3008646 0.0927219
v 0.1320775 0.3026960 0.0929535
v 0.1323446 0.3045359 0.0924303
v 0.1323554 0.3124577 0.0933965
v 0.1321319 0.3140888 0.0942638
v 0.1321892 0.3159460 0.0945705
v 0.1305199 0.3011987 0.0930143
v 0.1304072 0.3029173 0.0929569
v 0.1303800 0.3138965 0.0943317
v 0.1305480 0.3155627 0.0947575
v 0.1285898 0.3013264 0.0946343
v 0.1293622 0.3034418 0.0939803
v 0.1287944 0.3052048 0.0943232
v 0.1287985 0.3113455 0.0951017
v 0.1293518 0.3131220 0.0951631
v 0.1286416 0.3150635 0.0962873
v 0.1270375 0.3020876 0.0943978
v 0.1270541 0.3143754 0.0958966
v 0.1388513 0.3088941 0.0880112
v 0.1390992 0.3098010 0.0887236
v 0.1369306 0.3023001 0.0880177
v 0.1378346 0.3034207 0.0877717
v 0.1385797 0.3057675 0.0876020
v 0.1388000 0.3074007 0.0878500
v 0.1387272 0.3105993 0.0880373
v 0.1386687 0.3125342 0.0886761
v 0.1378382 0.3146595 0.0891004
v 0.1370361 0.3156391 0.0898431
v 0.1361227 0.3018062 0.0885712
v 0.1356659 0.3034755 0.0892542
v 0.1352712 0.3059822 0.0892178
v 0.1347761 0.3067689 0.0893043
v 0.1347860 0.3110434 0.0898120
v 0.1352679 0.3118045 0.0899211
v 0.1356805 0.3142414 0.0905674
v 0.1358894 0.3160886 0.0901980
v 0.1335952 0.3016146 0.0894694
v 0.1338283 0.3033268 0.0905145
v 0.1344182 0.3057330 0.0900046
v 0.1347155 0.3068080 0.0895397
v 0.1347211 0.3109406 0.0900438
v 0.1344211 0.3118662 0.0907565
v 0.1339570 0.3142667 0.0917316
v 0.1336385 0.3160508 0.0912245
v 0.1322250 0.3014595 0.0907169
v 0.1324436 0.3033363 0.0915948
v 0.1320705 0.3045796 0.0919155
v 0.1320813 0.3125396 0.0928863
v 0.1325836 0.3137202 0.0927869
v 0.1322452 0.3158622 0.0924346
v 0.1297704 0.3014724 0.0918049
v 0.1308907 0.3029039 0.0922744
v 0.1309059 0.3140831 0.0936380
v 0.1298014 0.3155903 0.0935223
v 0.1282593 0.3016208 0.0928100
v 0.1271665 0.3020818 0.0923614
v 0.1271084 0.3148126 0.0940227
v 0.1281246 0.3152053 0.0941424
v 0.1261894 0.3027720 0.0935361
v 0.1261934 0.3138957 0.0949416
v 0.1360998 0.3025158 0.0859239
v 0.1368590 0.3039320 0.0860014
v 0.1364834 0.3064347 0.0860366
v 0.1371107 0.3075331 0.0858469
v 0.1371692 0.3112621 0.0862709
v 0.1364967 0.3121361 0.0867309
v 0.1368444 0.3146255 0.0873180
v 0.1361458 0.3159679 0.0876706
v 0.1344945 0.3022016 0.0864073
v 0.1360327 0.3046237 0.0869627
v 0.1357312 0.3060493 0.0866759
v 0.1357725 0.3125215 0.0876369
v 0.1360450 0.3136767 0.0880669
v 0.1347501 0.3162325 0.0881890
v 0.1333136 0.3019226 0.0874936
v 0.1332913 0.3162002 0.0893076
v 0.1308993 0.3017899 0.0882177
v 0.1309478 0.3161532 0.0898853
v 0.1292558 0.3018182 0.0895032
v 0.1292931 0.3158105 0.0912032
v 0.1279060 0.3019335 0.0907237
v 0.1279581 0.3154229 0.0923261
v 0.1354375 0.3026594 0.0844572
v 0.1363315 0.3037817 0.0842164
v 0.1362234 0.3068002 0.0854030
v 0.1363379 0.3075712 0.0853259
v 0.1363379 0.3113329 0.0857869
v 0.1361840 0.3119022 0.0860866
v 0.1363051 0.3152224 0.0856296
v 0.1355198 0.3161491 0.0860754
v 0.1342252 0.3024606 0.0850266
v 0.1340799 0.3029279 0.0841928
v 0.1355902 0.3070156 0.0858944
v 0.1355212 0.3072580 0.0859416
v 0.1355267 0.3113665 0.0864427
v 0.1355964 0.3116130 0.0864552
v 0.1341588 0.3159832 0.0859083
v 0.1342728 0.3162633 0.0867794
v 0.1322384 0.3022027 0.0853360
v 0.1322714 0.3164273 0.0871651
v 0.1301462 0.3021106 0.0861139
v 0.1301513 0.3163273 0.0879189
v 0.1279408 0.3022843 0.0873842
v 0.1279785 0.3158648 0.0890930
v 0.1344855 0.3029780 0.0823173
v 0.1352666 0.3041143 0.0818487
v 0.1360717 0.3062612 0.0819619
v 0.1365325 0.3089859 0.0826624
v 0.1365078 0.3111484 0.0829376
v 0.1361099 0.3133918 0.0829129
v 0.1353078 0.3154057 0.0832619
v 0.1345269 0.3163386 0.0837032
v 0.1333777 0.3026949 0.0827381
v 0.1332435 0.3031842 0.0826477
v 0.1329983 0.3161632 0.0837363
v 0.1335115 0.3165674 0.0844223
v 0.1313620 0.3024749 0.0837028
v 0.1313453 0.3165737 0.0850913
v 0.1293575 0.3024199 0.0840819
v 0.1293854 0.3165251 0.0858467
v 0.1274653 0.3025992 0.0849115
v 0.1276288 0.3161412 0.0868138
v 0.1335869 0.3033191 0.0803960
v 0.1344981 0.3044168 0.0801533
v 0.1352847 0.3068213 0.0801242
v 0.1354977 0.3093122 0.0803430
v 0.1354750 0.3113546 0.0806023
v 0.1352338 0.3136164 0.0809775
v 0.1344700 0.3155844 0.0815333
v 0.1325160 0.3029179 0.0807076
v 0.1320198 0.3034503 0.0806921
v 0.1318896 0.3163559 0.0819841
v 0.1327745 0.3167769 0.0825657
v 0.1302823 0.3027811 0.0818694
v 0.1303005 0.3167048 0.0835673
v 0.1285177 0.3026447 0.0827206
v 0.1284770 0.3166618 0.0841909
v 0.1269966 0.3028536 0.0828140
v 0.1271588 0.3163439 0.0851316
v 0.1333083 0.3046875 0.0778776
v 0.1343535 0.3065887 0.0782442
v 0.1343958 0.3091718 0.0779880
v 0.1344009 0.3115415 0.0782763
v 0.1343484 0.3137288 0.0790282
v 0.1333816 0.3157599 0.0792042
v 0.1315090 0.3032878 0.0784917
v 0.1314061 0.3037813 0.0788381
v 0.1317068 0.3164915 0.0804229
v 0.1316164 0.3170006 0.0803384
v 0.1297109 0.3032114 0.0797408
v 0.1297285 0.3167997 0.0813980
v 0.1274120 0.3030869 0.0804504
v 0.1273818 0.3167560 0.0820455
v 0.1268375 0.3030164 0.0815577
v 0.1268614 0.3165560 0.0832558
v 0.1325255 0.3051665 0.0761029
v 0.1331838 0.3069052 0.0759208
v 0.1333684 0.3091370 0.0759760
v 0.1333213 0.3118169 0.0761858
v 0.1331900 0.3139753 0.0767204
v 0.1325309 0.3158343 0.0774585
v 0.1303891 0.3036588 0.0766696
v 0.1305604 0.3041430 0.0767239
v 0.1308199 0.3165740 0.0782517
v 0.1306104 0.3170595 0.0785659
v 0.1284020 0.3036480 0.0776749
v 0.1286747 0.3039356 0.0769871
v 0.1287046 0.3167582 0.0785304
v 0.1284295 0.3168740 0.0792690
v 0.1272904 0.3034389 0.0786268
v 0.1273457 0.3168603 0.0801895
v 0.1315223 0.3055032 0.0745360
v 0.1321502 0.3074291 0.0742025
v 0.1324462 0.3094963 0.0744295
v 0.1324265 0.3118357 0.0746691
v 0.1321602 0.3140324 0.0750093
v 0.1315374 0.3158258 0.0758046
v 0.1296249 0.3038681 0.0757527
v 0.1298669 0.3045370 0.0749871
v 0.1298440 0.3166387 0.0763721
v 0.1296308 0.3170944 0.0773427
v 0.1286989 0.3043183 0.0761326
v 0.1287218 0.3165969 0.0776258
v 0.1305870 0.3063059 0.0732390
v 0.1307766 0.3078582 0.0727977
v 0.1309951 0.3098128 0.0727335
v 0.1309875 0.3118997 0.0729646
v 0.1307859 0.3139625 0.0735437
v 0.1306002 0.3153634 0.0743463
v 0.1289092 0.3056667 0.0733572
v 0.1289895 0.3071477 0.0724489
v 0.1290914 0.3147118 0.0733567
v 0.1288022 0.3159164 0.0745442
v 0.1297090 0.3100833 0.0718978
v 0.1296998 0.3117838 0.0720840
v 0.1279939 0.3078977 0.0721262
v 0.1284239 0.3097668 0.0717802
v 0.1284261 0.3121075 0.0720377
v 0.1279968 0.3140713 0.0728682
v 0.1274067 0.3083962 0.0720347
v 0.1272332 0.3099591 0.0718882
v 0.1272347 0.3121367 0.0721511
v 0.1273946 0.3135288 0.0726242
v 0.1271149 0.3034755 0.0785865
v 0.1276287 0.3036978 0.0774575
v 0.1263622 0.3031842 0.0811250
v 0.1268001 0.3031788 0.0804131
v 0.1267909 0.3028616 0.0833116
v 0.1272365 0.3026085 0.0854928
v 0.1273258 0.3024477 0.0872173
v 0.1277417 0.3019962 0.0905673
v 0.1239901 0.3058454 0.0760672
v 0.1254753 0.3058431 0.0750385
v 0.1273488 0.3058358 0.0743136
v 0.1285265 0.3059778 0.0739875
v 0.1226873 0.3054717 0.0787050
v 0.1239057 0.3051431 0.0773474
v 0.1261314 0.3044976 0.0764951
v 0.1280755 0.3045413 0.0757968
v 0.1290302 0.3050531 0.0750404
v 0.1228684 0.3049387 0.0804814
v 0.1247417 0.3040340 0.0793168
v 0.1265118 0.3037432 0.0780189
v 0.1278673 0.3038605 0.0769975
v 0.1224469 0.3052767 0.0828343
v 0.1232580 0.3045546 0.0821959
v 0.1252050 0.3035358 0.0812265
v 0.1231664 0.3047952 0.0850822
v 0.1242594 0.3038701 0.0845099
v 0.1257960 0.3031181 0.0837371
v 0.1236036 0.3046590 0.0871221
v 0.1253575 0.3032749 0.0863989
v 0.1245860 0.3038946 0.0891152
v 0.1257800 0.3029896 0.0884452
v 0.1252464 0.3034903 0.0910946
v 0.1264847 0.3025270 0.0905073
v 0.1258274 0.3031081 0.0929373
v 0.1269368 0.3022319 0.0918468
v 0.1247531 0.3082826 0.0737510
v 0.1266718 0.3083948 0.0729475
v 0.1276918 0.3087155 0.0726202
v 0.1218606 0.3076135 0.0769326
v 0.1230527 0.3072596 0.0756885
v 0.1248743 0.3071866 0.0742833
v 0.1270288 0.3071439 0.0734298
v 0.1279929 0.3074758 0.0730503
v 0.1208393 0.3077293 0.0799266
v 0.1216647 0.3068362 0.0784542
v 0.1226441 0.3061374 0.0773401
v 0.1212423 0.3068291 0.0811232
v 0.1218128 0.3059729 0.0803785
v 0.1216569 0.3064409 0.0827645
v 0.1223771 0.3060876 0.0852959
v 0.1229907 0.3058507 0.0874525
v 0.1236596 0.3054740 0.0894980
v 0.1242530 0.3051918 0.0914436
v 0.1245819 0.3058871 0.0936417
v 0.1248811 0.3047251 0.0933386
v 0.1230316 0.3098156 0.0746455
v 0.1245724 0.3095632 0.0735960
v 0.1266184 0.3097423 0.0727410
v 0.1275696 0.3098266 0.0725182
v 0.1213816 0.3096624 0.0768571
v 0.1223077 0.3095424 0.0754738
v 0.1205397 0.3092647 0.0797894
v 0.1208235 0.3091733 0.0783521
v 0.1206354 0.3091142 0.0819270
v 0.1210545 0.3085409 0.0833077
v 0.1219158 0.3080249 0.0859482
v 0.1230435 0.3077240 0.0895434
v 0.1239335 0.3077922 0.0924659
v 0.1243528 0.3072565 0.0936263
v 0.1230646 0.3117635 0.0748718
v 0.1246160 0.3120357 0.0738555
v 0.1266154 0.3120525 0.0730128
v 0.1275789 0.3121449 0.0728127
v 0.1214290 0.3115379 0.0770602
v 0.1223450 0.3119485 0.0757760
v 0.1205688 0.3112125 0.0800586
v 0.1208602 0.3116440 0.0786661
v 0.1206753 0.3108979 0.0822069
v 0.1210870 0.3111713 0.0836037
v 0.1219283 0.3108797 0.0862674
v 0.1230910 0.3103670 0.0899450
v 0.1238466 0.3097302 0.0923717
v 0.1243638 0.3097427 0.0939220
v 0.1248728 0.3133204 0.0742939
v 0.1266787 0.3134096 0.0735595
v 0.1277314 0.3133425 0.0732486
v 0.1218682 0.3132234 0.0776168
v 0.1230617 0.3138628 0.0764939
v 0.1246808 0.3142038 0.0752175
v 0.1270390 0.3145067 0.0743285
v 0.1280470 0.3143851 0.0739788
v 0.1208456 0.3123941 0.0804955
v 0.1216739 0.3136127 0.0792808
v 0.1226556 0.3145562 0.0783669
v 0.1212507 0.3129793 0.0818733
v 0.1218237 0.3139878 0.0813561
v 0.1216658 0.3129603 0.0835597
v 0.1223861 0.3126929 0.0861016
v 0.1229996 0.3124028 0.0882516
v 0.1236688 0.3122751 0.0903275
v 0.1242623 0.3120798 0.0922837
v 0.1245886 0.3108757 0.0942501
v 0.1248911 0.3120756 0.0942351
v 0.1240027 0.3151419 0.0772012
v 0.1254725 0.3154189 0.0762673
v 0.1273620 0.3155631 0.0755007
v 0.1285071 0.3154643 0.0750962
v 0.1227001 0.3148741 0.0798519
v 0.1239198 0.3155162 0.0786127
v 0.1260711 0.3163241 0.0779669
v 0.1280866 0.3164851 0.0773247
v 0.1290676 0.3161048 0.0763209
v 0.1228819 0.3149641 0.0817042
v 0.1247581 0.3161171 0.0807906
v 0.1264825 0.3166950 0.0796328
v 0.1278767 0.3168354 0.0785928
v 0.1224588 0.3140716 0.0839070
v 0.1232721 0.3149238 0.0834607
v 0.1252221 0.3161404 0.0827639
v 0.1231788 0.3139967 0.0862045
v 0.1242745 0.3150294 0.0858710
v 0.1258134 0.3159409 0.0853011
v 0.1236158 0.3136374 0.0882172
v 0.1253736 0.3151501 0.0878473
v 0.1245996 0.3138977 0.0903353
v 0.1257962 0.3149340 0.0899020
v 0.1252604 0.3138126 0.0923536
v 0.1265015 0.3148855 0.0920147
v 0.1258764 0.3137715 0.0942296
v 0.1269661 0.3148599 0.0933699
v 0.1270587 0.3168164 0.0803255
v 0.1276242 0.3168832 0.0791069
v 0.1263803 0.3165031 0.0827495
v 0.1268196 0.3166728 0.0821114
v 0.1268258 0.3162730 0.0850814
v 0.1272404 0.3159927 0.0872087
v 0.1274266 0.3157652 0.0888976
v 0.1277030 0.3153531 0.0922762
v 0.1344875 0.2714325 0.1866547
v 0.1345014 0.2816352 0.1878991
v 0.1330963 0.2713622 0.1870422
v 0.1331102 0.2816140 0.1882926
v 0.1288189 0.2714469 0.1880201
v 0.1282959 0.2732048 0.1879154
v 0.1282825 0.2796179 0.1886979
v 0.1288320 0.2813119 0.1892205
v 0.1256328 0.2712975 0.1869258
v 0.1256469 0.2817248 0.1881976
v 0.1214418 0.2718046 0.1856593
v 0.1214550 0.2815481 0.1868477
v 0.1195954 0.2716765 0.1849389
v 0.1196092 0.2818505 0.1861798
v 0.1359387 0.2717018 0.1845672
v 0.1359525 0.2818716 0.1858077
v 0.1319253 0.2715226 0.1835648
v 0.1319399 0.2822973 0.1848790
v 0.1291248 0.2713996 0.1844351
v 0.1291395 0.2822150 0.1857542
v 0.1251662 0.2714454 0.1840851
v 0.1251809 0.2822652 0.1854048
v 0.1226682 0.2716649 0.1823130
v 0.1226829 0.2824847 0.1836327
v 0.1186398 0.2719272 0.1828111
v 0.1186537 0.2821212 0.1840545
v 0.1379588 0.2718976 0.1811534
v 0.1375699 0.2756212 0.1812315
v 0.1375839 0.2787516 0.1817688
v 0.1379732 0.2824967 0.1824462
v 0.1335889 0.2718067 0.1810295
v 0.1336036 0.2826265 0.1823492
v 0.1213341 0.2720016 0.1795678
v 0.1213488 0.2828214 0.1808875
v 0.1174270 0.2718963 0.1792874
v 0.1186525 0.2760169 0.1792200
v 0.1186445 0.2789719 0.1795303
v 0.1174421 0.2830015 0.1806419
v 0.1169204 0.2724433 0.1782840
v 0.1168558 0.2758549 0.1791422
v 0.1168558 0.2793721 0.1794159
v 0.1169344 0.2827130 0.1795366
v 0.1383534 0.2723176 0.1775456
v 0.1378986 0.2759829 0.1781440
v 0.1379210 0.2792297 0.1785435
v 0.1383679 0.2829552 0.1788430
v 0.1342681 0.2722447 0.1774306
v 0.1342828 0.2830645 0.1787503
v 0.1215241 0.2724434 0.1759433
v 0.1215388 0.2832632 0.1772630
v 0.1179809 0.2724237 0.1745692
v 0.1189885 0.2762681 0.1761317
v 0.1189904 0.2794261 0.1765172
v 0.1179961 0.2836221 0.1759351
v 0.1173510 0.2728673 0.1749631
v 0.1172595 0.2762655 0.1755780
v 0.1172400 0.2797823 0.1761003
v 0.1173649 0.2830985 0.1762110
v 0.1375243 0.2728835 0.1731169
v 0.1375389 0.2834744 0.1744071
v 0.1332902 0.2726021 0.1745116
v 0.1333048 0.2834219 0.1758312
v 0.1320058 0.2728020 0.1728867
v 0.1320205 0.2836218 0.1742064
v 0.1239424 0.2728348 0.1727077
v 0.1239571 0.2836546 0.1740274
v 0.1193536 0.2730855 0.1713519
v 0.1193681 0.2837493 0.1726526
v 0.1376459 0.2733394 0.1711756
v 0.1373214 0.2763704 0.1700627
v 0.1373974 0.2807177 0.1706004
v 0.1376596 0.2834959 0.1724149
v 0.1345759 0.2765547 0.1697638
v 0.1345824 0.2807229 0.1702723
v 0.1322332 0.2736551 0.1703670
v 0.1325067 0.2762333 0.1695747
v 0.1325155 0.2810861 0.1701584
v 0.1322464 0.2833987 0.1715555
v 0.1251006 0.2736039 0.1697217
v 0.1252592 0.2769381 0.1687653
v 0.1252642 0.2806157 0.1692139
v 0.1251142 0.2836226 0.1709437
v 0.1200198 0.2738069 0.1691882
v 0.1201485 0.2768867 0.1683716
v 0.1201251 0.2805557 0.1687547
v 0.1200297 0.2835572 0.1703728
v 0.1311465 0.2806450 0.1690655
v 0.1274832 0.2807174 0.1686584
v 0.1311258 0.2769206 0.1685832
v 0.1274972 0.2769764 0.1681525
v 0.1378141 0.2868831 0.1681781
v 0.1351730 0.2878773 0.1678894
v 0.1312385 0.2874740 0.1677875
v 0.1276711 0.2872420 0.1672726
v 0.1243904 0.2870457 0.1665634
v 0.1222718 0.2865421 0.1657993
v 0.1391828 0.2844930 0.1681684
v 0.1355860 0.2845908 0.1678824
v 0.1309982 0.2844817 0.1682463
v 0.1279509 0.2844914 0.1678327
v 0.1235830 0.2846813 0.1665813
v 0.1202807 0.2846856 0.1659683
v 0.1187321 0.2832194 0.1652193
v 0.1388176 0.2809505 0.1677576
v 0.1358337 0.2803023 0.1678304
v 0.1315610 0.2810895 0.1674731
v 0.1274165 0.2811376 0.1670495
v 0.1230885 0.2809547 0.1665768
v 0.1207111 0.2809653 0.1660558
v 0.1185686 0.2810914 0.1648596
v 0.1387895 0.2768957 0.1674374
v 0.1358593 0.2775309 0.1675003
v 0.1315647 0.2768919 0.1669462
v 0.1273905 0.2769330 0.1665722
v 0.1231595 0.2772457 0.1660796
v 0.1204731 0.2769055 0.1655711
v 0.1185739 0.2768666 0.1645637
v 0.1390397 0.2735267 0.1666325
v 0.1355747 0.2733895 0.1664909
v 0.1309745 0.2729762 0.1667562
v 0.1278494 0.2730972 0.1663731
v 0.1236075 0.2736110 0.1652343
v 0.1203427 0.2737695 0.1647137
v 0.1187585 0.2753522 0.1641321
v 0.1377950 0.2710920 0.1662350
v 0.1352786 0.2702137 0.1657674
v 0.1312903 0.2705525 0.1656963
v 0.1276105 0.2710514 0.1654662
v 0.1243277 0.2714164 0.1647784
v 0.1222509 0.2720340 0.1640700
v 0.1376146 0.2872379 0.1642450
v 0.1400305 0.2838587 0.1654967
v 0.1325969 0.2844160 0.1650238
v 0.1270675 0.2844997 0.1643987
v 0.1405014 0.2813678 0.1645746
v 0.1342415 0.2820798 0.1649282
v 0.1331614 0.2826463 0.1648731
v 0.1264983 0.2827472 0.1641198
v 0.1254167 0.2822134 0.1639305
v 0.1196010 0.2797469 0.1611885
v 0.1190119 0.2798671 0.1602031
v 0.1404767 0.2766281 0.1643209
v 0.1342340 0.2765231 0.1642504
v 0.1331524 0.2759893 0.1640611
v 0.1264892 0.2760902 0.1633078
v 0.1254092 0.2766567 0.1632527
v 0.1198254 0.2774298 0.1601239
v 0.1400077 0.2746679 0.1639347
v 0.1325832 0.2742368 0.1637823
v 0.1270537 0.2743205 0.1631571
v 0.1232816 0.2725788 0.1625476
v 0.1209033 0.2747978 0.1602478
v 0.1374385 0.2713750 0.1627121
v 0.1302702 0.2705883 0.1612953
v 0.1252039 0.2719624 0.1624455
v 0.1386230 0.2879716 0.1601360
v 0.1360737 0.2886783 0.1616974
v 0.1310836 0.2889200 0.1607501
v 0.1284200 0.2887221 0.1598912
v 0.1253360 0.2881539 0.1595039
v 0.1227084 0.2871657 0.1597500
v 0.1405432 0.2850600 0.1598551
v 0.1204595 0.2853442 0.1598668
v 0.1194070 0.2836321 0.1598345
v 0.1406597 0.2815261 0.1599182
v 0.1200442 0.2801620 0.1577763
v 0.1192514 0.2812791 0.1591050
v 0.1406799 0.2780273 0.1595376
v 0.1202977 0.2777896 0.1570327
v 0.1192134 0.2778505 0.1592636
v 0.1405202 0.2748447 0.1586822
v 0.1237855 0.2729858 0.1588624
v 0.1212209 0.2746029 0.1578124
v 0.1193970 0.2762997 0.1589402
v 0.1386021 0.2719655 0.1581838
v 0.1360497 0.2709092 0.1595301
v 0.1309309 0.2711224 0.1591120
v 0.1283771 0.2715921 0.1583176
v 0.1254876 0.2721719 0.1580069
v 0.1381279 0.2887972 0.1580792
v 0.1362183 0.2889902 0.1568572
v 0.1327725 0.2889381 0.1566116
v 0.1302362 0.2880739 0.1563086
v 0.1236128 0.2879479 0.1540130
v 0.1413079 0.2838986 0.1583393
v 0.1212652 0.2858319 0.1544762
v 0.1412645 0.2820458 0.1575759
v 0.1204252 0.2816293 0.1546348
v 0.1199423 0.2813566 0.1543055
v 0.1412742 0.2775365 0.1572884
v 0.1206974 0.2779858 0.1540239
v 0.1199359 0.2793035 0.1542713
v 0.1412915 0.2763566 0.1573178
v 0.1239281 0.2741010 0.1523391
v 0.1216811 0.2753917 0.1534135
v 0.1382598 0.2718785 0.1543635
v 0.1365374 0.2715753 0.1547196
v 0.1316924 0.2715054 0.1542352
v 0.1235932 0.2734985 0.1522506
v 0.1313730 0.2895885 0.1541490
v 0.1289635 0.2893914 0.1536783
v 0.1259034 0.2888577 0.1534116
v 0.1418766 0.2848979 0.1521391
v 0.1243964 0.2859352 0.1524338
v 0.1238682 0.2858427 0.1531974
v 0.1415902 0.2823144 0.1521970
v 0.1208882 0.2820467 0.1497783
v 0.1414777 0.2792108 0.1530475
v 0.1209781 0.2796465 0.1497346
v 0.1417233 0.2767642 0.1528475
v 0.1247997 0.2737584 0.1519746
v 0.1217149 0.2771376 0.1508255
v 0.1313774 0.2722052 0.1520223
v 0.1289652 0.2724787 0.1516001
v 0.1261133 0.2730087 0.1514285
v 0.1394533 0.2889623 0.1517010
v 0.1386050 0.2890528 0.1502175
v 0.1245471 0.2886845 0.1485589
v 0.1412207 0.2862577 0.1516724
v 0.1257251 0.2863926 0.1486688
v 0.1225109 0.2865686 0.1484249
v 0.1417295 0.2828836 0.1501705
v 0.1216944 0.2826552 0.1469524
v 0.1417180 0.2787936 0.1497350
v 0.1218217 0.2799819 0.1466064
v 0.1412066 0.2756539 0.1503861
v 0.1254366 0.2746307 0.1457278
v 0.1225685 0.2762063 0.1471647
v 0.1395490 0.2731006 0.1500415
v 0.1385837 0.2732983 0.1482956
v 0.1318686 0.2731102 0.1480430
v 0.1245273 0.2740919 0.1467790
v 0.1392290 0.2900888 0.1468996
v 0.1374789 0.2903402 0.1473466
v 0.1335408 0.2904471 0.1469804
v 0.1257817 0.2894304 0.1452834
v 0.1424729 0.2855432 0.1453607
v 0.1271621 0.2875132 0.1446023
v 0.1235531 0.2870022 0.1447706
v 0.1223845 0.2836851 0.1442933
v 0.1224501 0.2796096 0.1439710
v 0.1254352 0.2756280 0.1421187
v 0.1236566 0.2764805 0.1436485
v 0.1391467 0.2730180 0.1454019
v 0.1372882 0.2727445 0.1451844
v 0.1328661 0.2730617 0.1449047
v 0.1299558 0.2737080 0.1448160
v 0.1262008 0.2740993 0.1434546
v 0.1402082 0.2898802 0.1443377
v 0.1374817 0.2910029 0.1422574
v 0.1338269 0.2907417 0.1419658
v 0.1301652 0.2906971 0.1420102
v 0.1272680 0.2900383 0.1418079
v 0.1420090 0.2871327 0.1435605
v 0.1264560 0.2877589 0.1411008
v 0.1243641 0.2880614 0.1422482
v 0.1424321 0.2837500 0.1423771
v 0.1259641 0.2844868 0.1403097
v 0.1423610 0.2799051 0.1420647
v 0.1260940 0.2790158 0.1394503
v 0.1419850 0.2766268 0.1424394
v 0.1297827 0.2786554 0.1393750
v 0.1261850 0.2766598 0.1404600
v 0.1243466 0.2762388 0.1408068
v 0.1401870 0.2739046 0.1423890
v 0.1375345 0.2733222 0.1401107
v 0.1340978 0.2734831 0.1402595
v 0.1302635 0.2737702 0.1398789
v 0.1272709 0.2744393 0.1398375
v 0.1409159 0.2906184 0.1389252
v 0.1379114 0.2907762 0.1392440
v 0.1346407 0.2906127 0.1399766
v 0.1308455 0.2905920 0.1393183
v 0.1285882 0.2905066 0.1384332
v 0.1430677 0.2865747 0.1381307
v 0.1381940 0.2896632 0.1386474
v 0.1302142 0.2893291 0.1397629
v 0.1275601 0.2888746 0.1383801
v 0.1422754 0.2847943 0.1386638
v 0.1430466 0.2792664 0.1371324
v 0.1273629 0.2793535 0.1365807
v 0.1430144 0.2785428 0.1376706
v 0.1376793 0.2756019 0.1368598
v 0.1347068 0.2758681 0.1373121
v 0.1304281 0.2768007 0.1378646
v 0.1279445 0.2783799 0.1369821
v 0.1409132 0.2744951 0.1370205
v 0.1379027 0.2743076 0.1372112
v 0.1346899 0.2743780 0.1379308
v 0.1307886 0.2744322 0.1375614
v 0.1285279 0.2746941 0.1366722
v 0.1413207 0.2905469 0.1362740
v 0.1392519 0.2908962 0.1364714
v 0.1276761 0.2910075 0.1348950
v 0.1426789 0.2884573 0.1362822
v 0.1399340 0.2896108 0.1362892
v 0.1264420 0.2901779 0.1345580
v 0.1427650 0.2852217 0.1357172
v 0.1401664 0.2855441 0.1356419
v 0.1429422 0.2806799 0.1351307
v 0.1424316 0.2770383 0.1350719
v 0.1395292 0.2760921 0.1339843
v 0.1365109 0.2762895 0.1355715
v 0.1276569 0.2763438 0.1330010
v 0.1412997 0.2751448 0.1346019
v 0.1393028 0.2748795 0.1344913
v 0.1275198 0.2750771 0.1330252
v 0.1415630 0.2907807 0.1342824
v 0.1395580 0.2911774 0.1328828
v 0.1334747 0.2918608 0.1334846
v 0.1279238 0.2914683 0.1311861
v 0.1428533 0.2887989 0.1341892
v 0.1405281 0.2904003 0.1325786
v 0.1267286 0.2906042 0.1310597
v 0.1425889 0.2847349 0.1336638
v 0.1406202 0.2857966 0.1335669
v 0.1421719 0.2803159 0.1319765
v 0.1422271 0.2772958 0.1322675
v 0.1393981 0.2766030 0.1304913
v 0.1279249 0.2767734 0.1292212
v 0.1413886 0.2756131 0.1324147
v 0.1396576 0.2753976 0.1309127
v 0.1334513 0.2745888 0.1313779
v 0.1276576 0.2755948 0.1292768
v 0.1384746 0.2914622 0.1295168
v 0.1360500 0.2918327 0.1280312
v 0.1322866 0.2919334 0.1276489
v 0.1293889 0.2915671 0.1284748
v 0.1389005 0.2908711 0.1287359
v 0.1367829 0.2910904 0.1269620
v 0.1317296 0.2911666 0.1263932
v 0.1289400 0.2909916 0.1278588
v 0.1396296 0.2864776 0.1274046
v 0.1372462 0.2872726 0.1265863
v 0.1391362 0.2814304 0.1277266
v 0.1367442 0.2817081 0.1259561
v 0.1394993 0.2777215 0.1269747
v 0.1361347 0.2772762 0.1263160
v 0.1321243 0.2772648 0.1260468
v 0.1291237 0.2768347 0.1262280
v 0.1385790 0.2759493 0.1275717
v 0.1361949 0.2758971 0.1260525
v 0.1322762 0.2759865 0.1255033
v 0.1294114 0.2759804 0.1266020
v 0.1348890 0.2914389 0.1263972
v 0.1337073 0.2914559 0.1262711
v 0.1352911 0.2911618 0.1263928
v 0.1337094 0.2911918 0.1261648
v 0.1397719 0.2866477 0.1255662
v 0.1374747 0.2871358 0.1259257
v 0.1394705 0.2809367 0.1252691
v 0.1367847 0.2821316 0.1255102
v 0.1399079 0.2785524 0.1243491
v 0.1369089 0.2775984 0.1246293
v 0.1335661 0.2769467 0.1244341
v 0.1353680 0.2767693 0.1246910
v 0.1337031 0.2767998 0.1244588
v 0.1414624 0.2756137 0.1307318
v 0.1429087 0.2778426 0.1308647
v 0.1431938 0.2814723 0.1312805
v 0.1432002 0.2853924 0.1317585
v 0.1429085 0.2889131 0.1322165
v 0.1414021 0.2910438 0.1326216
v 0.1400814 0.2749304 0.1307813
v 0.1397286 0.2790155 0.1313141
v 0.1397344 0.2832890 0.1318353
v 0.1397402 0.2875624 0.1323566
v 0.1400086 0.2916912 0.1328349
v 0.1411420 0.2758129 0.1295861
v 0.1423065 0.2774866 0.1297717
v 0.1428429 0.2813500 0.1298296
v 0.1428522 0.2855498 0.1303192
v 0.1423151 0.2894329 0.1312299
v 0.1410917 0.2910964 0.1314379
v 0.1396338 0.2754038 0.1286412
v 0.1396517 0.2917109 0.1307379
v 0.1405599 0.2764617 0.1261564
v 0.1417146 0.2779639 0.1262330
v 0.1422197 0.2817972 0.1263427
v 0.1423518 0.2863335 0.1271827
v 0.1417307 0.2897992 0.1276765
v 0.1405800 0.2912788 0.1279637
v 0.1382336 0.2757999 0.1260436
v 0.1382382 0.2919622 0.1280564
v 0.1349270 0.2758719 0.1249064
v 0.1350138 0.2922027 0.1269839
v 0.1305305 0.2760141 0.1252898
v 0.1305194 0.2919925 0.1273497
v 0.1286396 0.2762542 0.1257676
v 0.1277731 0.2776217 0.1257233
v 0.1288866 0.2837551 0.1281342
v 0.1281190 0.2902089 0.1274006
v 0.1286736 0.2916103 0.1276249
v 0.1400047 0.2770215 0.1224165
v 0.1412121 0.2787115 0.1225235
v 0.1419193 0.2821559 0.1230441
v 0.1419684 0.2861209 0.1236407
v 0.1412273 0.2899665 0.1238963
v 0.1400245 0.2916359 0.1241990
v 0.1379954 0.2766799 0.1221706
v 0.1395629 0.2773331 0.1225436
v 0.1395819 0.2913041 0.1242476
v 0.1381832 0.2920349 0.1238654
v 0.1338823 0.2762860 0.1237544
v 0.1333997 0.2920258 0.1261183
v 0.1320661 0.2762307 0.1243129
v 0.1319971 0.2919801 0.1262503
v 0.1276344 0.2767627 0.1246856
v 0.1265621 0.2778892 0.1237680
v 0.1265691 0.2904958 0.1253314
v 0.1276393 0.2913786 0.1264553
v 0.1247179 0.2795811 0.1227099
v 0.1238672 0.2816370 0.1232517
v 0.1238764 0.2864274 0.1238385
v 0.1247265 0.2891360 0.1238960
v 0.1406364 0.2793383 0.1188027
v 0.1413615 0.2829238 0.1192686
v 0.1414087 0.2864411 0.1196450
v 0.1406512 0.2902540 0.1201341
v 0.1373826 0.2773068 0.1184776
v 0.1386566 0.2778955 0.1187994
v 0.1386752 0.2916605 0.1204783
v 0.1374030 0.2923128 0.1203079
v 0.1342093 0.2772267 0.1188087
v 0.1341258 0.2923060 0.1205645
v 0.1301186 0.2772018 0.1194840
v 0.1291086 0.2777672 0.1187721
v 0.1297740 0.2918915 0.1201431
v 0.1301390 0.2921922 0.1213124
v 0.1280776 0.2773172 0.1199409
v 0.1267629 0.2783283 0.1196300
v 0.1267803 0.2910726 0.1211844
v 0.1280975 0.2919758 0.1217288
v 0.1241911 0.2804545 0.1211942
v 0.1238759 0.2822531 0.1214947
v 0.1239136 0.2866562 0.1219730
v 0.1241894 0.2886257 0.1222228
v 0.1401431 0.2800472 0.1150901
v 0.1409194 0.2833491 0.1156569
v 0.1409006 0.2868780 0.1159670
v 0.1401573 0.2904596 0.1163601
v 0.1368967 0.2777961 0.1148537
v 0.1378642 0.2783441 0.1149976
v 0.1378829 0.2921411 0.1166804
v 0.1369169 0.2927102 0.1166728
v 0.1339823 0.2777734 0.1149320
v 0.1327814 0.2781256 0.1150778
v 0.1328007 0.2923475 0.1168124
v 0.1340026 0.2927212 0.1167552
v 0.1298369 0.2777328 0.1153307
v 0.1298839 0.2782242 0.1153998
v 0.1299029 0.2921821 0.1171022
v 0.1298572 0.2926758 0.1171533
v 0.1278740 0.2779939 0.1155931
v 0.1260792 0.2792250 0.1158595
v 0.1260954 0.2911103 0.1173092
v 0.1278935 0.2923646 0.1173459
v 0.1241080 0.2807812 0.1172915
v 0.1235564 0.2823741 0.1173686
v 0.1235560 0.2868249 0.1177914
v 0.1241195 0.2892608 0.1183258
v 0.1396903 0.2808648 0.1113882
v 0.1402103 0.2837545 0.1109321
v 0.1402344 0.2877280 0.1115000
v 0.1397035 0.2905570 0.1125704
v 0.1368539 0.2782308 0.1114317
v 0.1372554 0.2788391 0.1114394
v 0.1371187 0.2925337 0.1131660
v 0.1366923 0.2931231 0.1133233
v 0.1323913 0.2781304 0.1113556
v 0.1324057 0.2786260 0.1114196
v 0.1332478 0.2927498 0.1132580
v 0.1332372 0.2932465 0.1133145
v 0.1297145 0.2781679 0.1121165
v 0.1297605 0.2786604 0.1121799
v 0.1294408 0.2925378 0.1136031
v 0.1293849 0.2930298 0.1136604
v 0.1256174 0.2799462 0.1126194
v 0.1256327 0.2911903 0.1139908
v 0.1239113 0.2814561 0.1133622
v 0.1235251 0.2829893 0.1133515
v 0.1235308 0.2872948 0.1137954
v 0.1239223 0.2895507 0.1143495
v 0.1392825 0.2810757 0.1086919
v 0.1400109 0.2836752 0.1086222
v 0.1399952 0.2885223 0.1091103
v 0.1392875 0.2910037 0.1099234
v 0.1360718 0.2786990 0.1075092
v 0.1367092 0.2793546 0.1078071
v 0.1366873 0.2929094 0.1094403
v 0.1360783 0.2936058 0.1093343
v 0.1323349 0.2786747 0.1070864
v 0.1325132 0.2791498 0.1072781
v 0.1325424 0.2932292 0.1089938
v 0.1322912 0.2937425 0.1088617
v 0.1298191 0.2787126 0.1076680
v 0.1297478 0.2792231 0.1076598
v 0.1297666 0.2930733 0.1093489
v 0.1298083 0.2935572 0.1095386
v 0.1251733 0.2810355 0.1089325
v 0.1240724 0.2838954 0.1091388
v 0.1240813 0.2881208 0.1096476
v 0.1252230 0.2910484 0.1101733
v 0.1238342 0.2822498 0.1089720
v 0.1236192 0.2839213 0.1094264
v 0.1236135 0.2878740 0.1099641
v 0.1238422 0.2898307 0.1098993
v 0.1388181 0.2815263 0.1054904
v 0.1395088 0.2843792 0.1048275
v 0.1394421 0.2888465 0.1051449
v 0.1388314 0.2913348 0.1066867
v 0.1356330 0.2791536 0.1040509
v 0.1364384 0.2797651 0.1046548
v 0.1348261 0.2867298 0.1036794
v 0.1363795 0.2932597 0.1063746
v 0.1356091 0.2939986 0.1058531
v 0.1331667 0.2789112 0.1052219
v 0.1336032 0.2792730 0.1060639
v 0.1326899 0.2865041 0.1055542
v 0.1336269 0.2933983 0.1077860
v 0.1331808 0.2939441 0.1071265
v 0.1288009 0.2790440 0.1058238
v 0.1281251 0.2794887 0.1062193
v 0.1290579 0.2864563 0.1059857
v 0.1281146 0.2931716 0.1078337
v 0.1288336 0.2936958 0.1076449
v 0.1265524 0.2793014 0.1035550
v 0.1259976 0.2804967 0.1061229
v 0.1253848 0.2829727 0.1059804
v 0.1261741 0.2882201 0.1058470
v 0.1259699 0.2921727 0.1075872
v 0.1265723 0.2939925 0.1053469
v 0.1236701 0.2839059 0.1078501
v 0.1236768 0.2882895 0.1083839
v 0.1383012 0.2822245 0.1004276
v 0.1389915 0.2847992 0.1008880
v 0.1389836 0.2892932 0.1014207
v 0.1383168 0.2918476 0.1015792
v 0.1354754 0.2795378 0.1012106
v 0.1369411 0.2805142 0.1010450
v 0.1353651 0.2870202 0.1012925
v 0.1369495 0.2933860 0.1026296
v 0.1355134 0.2943005 0.1029992
v 0.1304439 0.2943705 0.1022043
v 0.1304239 0.2796794 0.1004124
v 0.1256972 0.2795133 0.1018270
v 0.1257171 0.2942044 0.1036188
v 0.1381426 0.2821544 0.0989596
v 0.1389373 0.2845864 0.0991800
v 0.1389517 0.2895036 0.0997790
v 0.1381822 0.2922654 0.1001903
v 0.1352382 0.2799227 0.0986645
v 0.1365938 0.2804810 0.0989069
v 0.1371076 0.2872149 0.0996771
v 0.1352158 0.2871955 0.0998574
v 0.1366978 0.2938736 0.1005317
v 0.1352876 0.2945338 0.1004725
v 0.1331966 0.2801761 0.0963096
v 0.1332165 0.2948672 0.0981015
v 0.1269115 0.2801110 0.0969133
v 0.1269314 0.2948021 0.0987052
v 0.1257025 0.2798603 0.0989819
v 0.1257224 0.2945514 0.1007738
v 0.1314040 0.2802689 0.0955689
v 0.1309369 0.2949646 0.0973283
v 0.1289997 0.2802536 0.0957206
v 0.1285480 0.2949302 0.0976371
v 0.1387985 0.2846813 0.0978177
v 0.1388622 0.2860083 0.0980990
v 0.1388354 0.2889639 0.0983329
v 0.1388383 0.2900269 0.0985624
v 0.1368472 0.2807251 0.0978227
v 0.1374773 0.2820307 0.0979279
v 0.1381728 0.2839592 0.0980175
v 0.1378325 0.2852875 0.0983788
v 0.1378381 0.2893960 0.0988799
v 0.1382225 0.2906317 0.0988221
v 0.1375530 0.2926098 0.0992094
v 0.1368286 0.2939765 0.0993360
v 0.1355037 0.2802314 0.0978912
v 0.1353883 0.2819214 0.0980814
v 0.1354030 0.2927413 0.0994011
v 0.1354042 0.2944380 0.0995324
v 0.1384472 0.2849739 0.0964201
v 0.1384307 0.2867082 0.0964132
v 0.1384278 0.2893287 0.0967344
v 0.1385576 0.2902844 0.0974894
v 0.1364648 0.2808298 0.0965623
v 0.1367854 0.2821085 0.0956574
v 0.1381941 0.2840254 0.0959166
v 0.1381893 0.2912928 0.0968954
v 0.1367515 0.2931957 0.0969774
v 0.1365191 0.2941317 0.0982185
v 0.1352484 0.2804262 0.0962703
v 0.1352871 0.2820834 0.0957133
v 0.1353021 0.2931536 0.0970635
v 0.1351416 0.2946078 0.0979844
v 0.1333091 0.2800909 0.0963335
v 0.1331715 0.2817076 0.0965558
v 0.1331873 0.2933215 0.0979723
v 0.1331299 0.2949203 0.0980739
v 0.1378206 0.2870989 0.0939292
v 0.1378204 0.2890227 0.0941645
v 0.1355392 0.2812868 0.0927985
v 0.1362709 0.2826042 0.0935985
v 0.1364342 0.2845712 0.0930635
v 0.1376265 0.2860053 0.0931722
v 0.1376489 0.2896131 0.0936082
v 0.1364538 0.2913116 0.0938832
v 0.1362838 0.2931350 0.0948587
v 0.1356318 0.2945744 0.0944220
v 0.1345515 0.2807033 0.0936205
v 0.1349827 0.2824462 0.0940158
v 0.1349929 0.2843367 0.0931250
v 0.1350028 0.2915893 0.0940096
v 0.1349974 0.2932102 0.0953287
v 0.1346281 0.2949479 0.0953728
v 0.1319122 0.2802294 0.0944389
v 0.1313275 0.2828713 0.0941324
v 0.1314307 0.2836739 0.0943713
v 0.1314420 0.2919426 0.0953798
v 0.1313858 0.2929896 0.0952743
v 0.1322369 0.2951883 0.0964206
v 0.1296071 0.2801447 0.0949593
v 0.1295796 0.2819767 0.0951858
v 0.1299725 0.2838094 0.0947198
v 0.1299832 0.2917312 0.0956861
v 0.1296473 0.2933685 0.0965040
v 0.1296898 0.2952247 0.0968190
v 0.1280037 0.2805128 0.0949729
v 0.1279391 0.2822333 0.0948996
v 0.1279065 0.2932135 0.0962665
v 0.1280332 0.2948766 0.0967177
v 0.1258250 0.2806847 0.0962335
v 0.1267438 0.2827818 0.0957269
v 0.1261625 0.2845572 0.0959689
v 0.1261616 0.2906981 0.0967462
v 0.1267333 0.2924626 0.0969056
v 0.1258802 0.2944211 0.0978926
v 0.1243537 0.2814780 0.0957324
v 0.1243704 0.2937658 0.0972311
v 0.1372382 0.2880198 0.0915042
v 0.1373778 0.2889227 0.0922503
v 0.1352063 0.2814680 0.0911665
v 0.1361628 0.2825686 0.0910830
v 0.1369756 0.2848988 0.0910491
v 0.1371841 0.2865275 0.0913341
v 0.1371477 0.2897273 0.0915112
v 0.1370202 0.2916643 0.0921332
v 0.1361739 0.2938076 0.0924103
v 0.1352759 0.2948055 0.0930041
v 0.1343043 0.2809924 0.0915707
v 0.1337713 0.2826724 0.0921667
v 0.1334421 0.2851868 0.0920664
v 0.1329564 0.2859840 0.0920669
v 0.1329686 0.2902584 0.0925755
v 0.1334403 0.2910094 0.0927679
v 0.1337859 0.2934383 0.0934799
v 0.1340949 0.2952799 0.0931553
v 0.1316558 0.2808562 0.0920162
v 0.1317402 0.2825652 0.0930887
v 0.1324604 0.2849573 0.0926928
v 0.1328566 0.2860249 0.0922883
v 0.1328622 0.2901574 0.0927924
v 0.1324627 0.2910907 0.0934437
v 0.1318875 0.2935025 0.0943273
v 0.1316997 0.2952918 0.0937755
v 0.1300869 0.2807327 0.0930067
v 0.1301895 0.2826063 0.0939123
v 0.1297928 0.2838579 0.0941653
v 0.1298036 0.2918179 0.0951362
v 0.1303405 0.2929874 0.0951274
v 0.1301138 0.2951353 0.0947252
v 0.1274815 0.2807997 0.0936522
v 0.1285334 0.2822082 0.0943113
v 0.1285485 0.2933874 0.0956749
v 0.1275131 0.2949174 0.0953717
v 0.1258224 0.2809822 0.0943800
v 0.1248340 0.2814652 0.0937492
v 0.1247583 0.2941979 0.0953958
v 0.1257464 0.2945693 0.0956907
v 0.1236828 0.2821785 0.0947377
v 0.1236785 0.2933025 0.0961405
v 0.1347562 0.2816968 0.0889607
v 0.1355203 0.2830968 0.0891711
v 0.1351974 0.2856069 0.0891446
v 0.1358712 0.2866915 0.0890685
v 0.1359343 0.2904192 0.0895022
v 0.1352108 0.2913082 0.0898399
v 0.1355040 0.2937909 0.0904825
v 0.1347834 0.2951485 0.0907106
v 0.1330851 0.2814176 0.0891576
v 0.1345545 0.2838078 0.0899755
v 0.1343377 0.2852389 0.0896430
v 0.1343487 0.2917107 0.0906071
v 0.1345668 0.2928609 0.0910797
v 0.1333248 0.2954437 0.0909794
v 0.1317280 0.2811659 0.0900220
v 0.1316937 0.2954446 0.0918277
v 0.1292224 0.2810859 0.0903159
v 0.1292850 0.2954484 0.0919898
v 0.1273817 0.2811516 0.0912966
v 0.1274198 0.2951435 0.0930000
v 0.1258433 0.2812979 0.0922645
v 0.1259023 0.2947865 0.0938735
v 0.1343618 0.2818513 0.0874015
v 0.1353075 0.2829539 0.0873214
v 0.1350591 0.2859765 0.0884761
v 0.1352016 0.2867448 0.0884213
v 0.1352013 0.2905066 0.0888814
v 0.1350099 0.2910797 0.0891507
v 0.1352787 0.2943956 0.0887270
v 0.1344477 0.2953396 0.0890313
v 0.1330651 0.2816794 0.0877516
v 0.1330766 0.2821480 0.0869059
v 0.1343550 0.2862062 0.0888505
v 0.1342839 0.2864502 0.0888854
v 0.1342895 0.2905587 0.0893865
v 0.1343612 0.2908037 0.0894113
v 0.1331333 0.2952021 0.0886302
v 0.1331002 0.2954816 0.0895083
v 0.1310497 0.2814642 0.0877110
v 0.1310662 0.2956887 0.0895411
v 0.1288528 0.2814180 0.0881138
v 0.1288458 0.2956351 0.0899152
v 0.1264646 0.2816410 0.0889824
v 0.1264929 0.2952211 0.0906937
v 0.1338025 0.2821855 0.0851294
v 0.1346771 0.2833041 0.0848053
v 0.1354956 0.2854337 0.0850600
v 0.1358854 0.2881495 0.0858342
v 0.1358591 0.2903126 0.0861045
v 0.1355192 0.2925638 0.0860147
v 0.1347116 0.2945950 0.0862224
v 0.1338859 0.2955451 0.0865230
v 0.1326328 0.2819268 0.0853511
v 0.1325267 0.2824186 0.0852396
v 0.1323714 0.2954022 0.0862900
v 0.1327662 0.2957968 0.0870554
v 0.1304761 0.2817515 0.0859509
v 0.1305174 0.2958504 0.0873383
v 0.1284354 0.2817397 0.0859763
v 0.1284555 0.2958448 0.0877419
v 0.1264322 0.2819607 0.0864652
v 0.1265500 0.2955001 0.0883888
v 0.1332585 0.2825415 0.0830819
v 0.1342210 0.2836192 0.0830028
v 0.1350515 0.2860065 0.0831145
v 0.1352761 0.2884927 0.0833710
v 0.1352520 0.2905357 0.0836258
v 0.1349973 0.2928029 0.0839570
v 0.1341906 0.2947877 0.0843750
v 0.1321415 0.2821637 0.0832022
v 0.1316670 0.2827064 0.0831017
v 0.1315879 0.2956146 0.0843723
v 0.1323672 0.2960180 0.0850994
v 0.1297377 0.2820766 0.0839584
v 0.1297559 0.2960004 0.0856563
v 0.1278496 0.2819794 0.0844903
v 0.1278514 0.2959972 0.0859539
v 0.1263402 0.2822206 0.0843185
v 0.1263835 0.2957092 0.0866510
v 0.1334503 0.2839103 0.0805555
v 0.1344561 0.2857897 0.0811011
v 0.1345969 0.2883708 0.0808603
v 0.1346021 0.2907405 0.0811489
v 0.1344663 0.2929299 0.0818838
v 0.1335268 0.2949814 0.0818926
v 0.1315425 0.2825502 0.0808458
v 0.1313915 0.2830465 0.0811698
v 0.1316818 0.2957508 0.0828033
v 0.1316182 0.2962615 0.0827052
v 0.1295537 0.2825144 0.0817637
v 0.1295713 0.2961028 0.0834207
v 0.1271644 0.2824401 0.0820633
v 0.1271474 0.2961101 0.0836511
v 0.1264050 0.2823841 0.0830540
v 0.1264207 0.2959237 0.0847523
v 0.1329977 0.2844020 0.0786726
v 0.1337143 0.2861260 0.0786104
v 0.1339338 0.2883534 0.0787004
v 0.1339078 0.2910342 0.0789032
v 0.1337315 0.2931961 0.0794104
v 0.1329938 0.2950702 0.0800259
v 0.1307639 0.2829410 0.0788576
v 0.1309334 0.2834216 0.0789415
v 0.1311871 0.2958475 0.0805113
v 0.1309367 0.2963380 0.0807851
v 0.1286327 0.2829744 0.0795027
v 0.1290267 0.2832547 0.0788731
v 0.1290600 0.2960769 0.0804189
v 0.1286634 0.2962001 0.0810987
v 0.1273686 0.2827908 0.0802468
v 0.1274363 0.2962113 0.0818171
v 0.1322891 0.2847566 0.0769560
v 0.1330059 0.2866680 0.0767397
v 0.1333018 0.2887290 0.0770179
v 0.1332904 0.2910688 0.0772542
v 0.1330157 0.2932713 0.0775466
v 0.1323025 0.2950792 0.0782247
v 0.1301751 0.2831646 0.0778222
v 0.1305604 0.2838265 0.0771113
v 0.1305539 0.2959289 0.0784909
v 0.1301852 0.2963910 0.0794106
v 0.1292069 0.2836350 0.0780364
v 0.1292305 0.2959134 0.0795307
v 0.1316103 0.2855762 0.0755177
v 0.1319065 0.2871232 0.0751184
v 0.1321742 0.2890726 0.0750963
v 0.1321707 0.2911597 0.0753260
v 0.1319155 0.2932275 0.0758647
v 0.1316230 0.2946337 0.0766251
v 0.1299243 0.2849728 0.0753418
v 0.1301924 0.2864499 0.0744636
v 0.1302954 0.2940121 0.0753876
v 0.1298300 0.2952249 0.0765088
v 0.1310586 0.2893685 0.0740506
v 0.1310533 0.2910692 0.0742350
v 0.1292840 0.2872201 0.0739743
v 0.1298071 0.2890790 0.0737112
v 0.1298141 0.2914196 0.0739689
v 0.1292889 0.2933939 0.0747154
v 0.1287322 0.2877307 0.0737830
v 0.1286200 0.2892967 0.0736112
v 0.1286220 0.2914743 0.0738739
v 0.1287268 0.2928637 0.0743698
v 0.1272035 0.2828310 0.0801767
v 0.1279100 0.2830401 0.0791544
v 0.1260157 0.2825611 0.0825456
v 0.1265703 0.2825449 0.0819205
v 0.1260514 0.2822340 0.0847729
v 0.1261062 0.2819761 0.0869979
v 0.1258914 0.2818170 0.0887115
v 0.1257100 0.2813638 0.0920821
v 0.1246143 0.2852613 0.0771572
v 0.1262551 0.2852255 0.0764019
v 0.1282254 0.2851770 0.0760131
v 0.1294446 0.2852933 0.0758966
v 0.1228659 0.2849208 0.0795283
v 0.1242941 0.2845635 0.0784022
v 0.1266198 0.2838694 0.0779480
v 0.1286561 0.2838705 0.0775978
v 0.1297382 0.2843604 0.0770194
v 0.1227245 0.2843877 0.0813083
v 0.1247519 0.2834412 0.0804849
v 0.1267139 0.2831103 0.0795136
v 0.1282282 0.2831967 0.0787431
v 0.1219084 0.2847394 0.0835528
v 0.1228025 0.2839990 0.0830637
v 0.1248661 0.2829373 0.0824453
v 0.1222164 0.2842475 0.0858906
v 0.1233723 0.2832983 0.0855153
v 0.1250034 0.2825124 0.0850196
v 0.1222900 0.2841064 0.0879753
v 0.1241130 0.2826839 0.0875652
v 0.1228951 0.2833255 0.0901074
v 0.1241678 0.2823941 0.0896533
v 0.1231932 0.2829114 0.0921707
v 0.1244940 0.2819210 0.0918057
v 0.1234373 0.2825209 0.0940857
v 0.1247003 0.2816192 0.0932028
v 0.1258192 0.2876770 0.0750125
v 0.1278501 0.2877469 0.0745544
v 0.1289180 0.2880453 0.0744096
v 0.1224048 0.2870758 0.0776427
v 0.1237870 0.2866941 0.0766238
v 0.1258229 0.2865797 0.0755560
v 0.1280915 0.2864897 0.0750893
v 0.1291136 0.2868004 0.0748834
v 0.1208821 0.2872194 0.0804141
v 0.1219314 0.2863060 0.0791060
v 0.1230744 0.2855844 0.0781776
v 0.1210522 0.2863134 0.0816611
v 0.1217250 0.2854438 0.0810253
v 0.1211673 0.2859200 0.0833488
v 0.1214296 0.2855568 0.0859662
v 0.1216544 0.2853115 0.0881962
v 0.1219500 0.2849250 0.0903262
v 0.1221906 0.2846343 0.0923448
v 0.1221476 0.2853270 0.0945677
v 0.1224702 0.2841584 0.0943192
v 0.1240014 0.2892479 0.0755972
v 0.1256953 0.2889607 0.0748306
v 0.1278619 0.2890948 0.0743439
v 0.1288389 0.2891585 0.0742897
v 0.1219898 0.2891343 0.0774885
v 0.1231391 0.2889917 0.0762867
v 0.1206435 0.2887605 0.0802296
v 0.1211704 0.2886602 0.0788632
v 0.1203635 0.2886125 0.0823511
v 0.1205244 0.2880333 0.0837827
v 0.1209032 0.2875047 0.0865317
v 0.1213832 0.2871875 0.0902676
v 0.1217537 0.2872430 0.0933003
v 0.1219538 0.2867010 0.0945150
v 0.1240360 0.2911952 0.0758289
v 0.1257456 0.2914323 0.0750977
v 0.1278608 0.2914051 0.0746149
v 0.1288461 0.2914767 0.0745852
v 0.1220409 0.2910087 0.0776998
v 0.1231744 0.2913972 0.0765947
v 0.1206667 0.2907078 0.0805029
v 0.1212045 0.2911302 0.0791828
v 0.1203921 0.2903955 0.0826366
v 0.1205607 0.2906631 0.0840840
v 0.1209207 0.2903593 0.0868529
v 0.1214163 0.2898298 0.0906756
v 0.1217255 0.2891822 0.0931956
v 0.1219660 0.2891870 0.0948121
v 0.1259496 0.2927122 0.0755761
v 0.1278570 0.2927617 0.0751665
v 0.1289461 0.2926717 0.0750429
v 0.1224125 0.2926857 0.0783269
v 0.1237960 0.2932974 0.0774292
v 0.1256189 0.2936014 0.0764538
v 0.1281015 0.2938526 0.0759881
v 0.1291521 0.2937089 0.0758185
v 0.1208885 0.2918842 0.0809831
v 0.1219406 0.2930825 0.0799326
v 0.1230858 0.2940031 0.0792044
v 0.1210605 0.2924635 0.0824113
v 0.1217359 0.2934587 0.0820029
v 0.1211762 0.2924394 0.0841440
v 0.1214386 0.2921621 0.0867719
v 0.1216633 0.2918636 0.0889954
v 0.1219592 0.2917260 0.0911557
v 0.1221999 0.2915223 0.0931849
v 0.1221544 0.2903156 0.0951762
v 0.1224802 0.2915089 0.0952158
v 0.1246269 0.2945578 0.0782912
v 0.1262420 0.2948017 0.0776270
v 0.1282385 0.2949043 0.0772003
v 0.1294341 0.2947805 0.0770004
v 0.1228786 0.2943231 0.0806751
v 0.1243082 0.2949367 0.0796675
v 0.1265556 0.2956975 0.0794062
v 0.1286549 0.2958146 0.0791239
v 0.1297870 0.2954115 0.0783049
v 0.1227381 0.2944131 0.0825311
v 0.1247683 0.2955243 0.0819588
v 0.1266794 0.2960631 0.0811188
v 0.1282356 0.2961719 0.0803368
v 0.1219203 0.2935343 0.0846255
v 0.1228165 0.2943682 0.0843285
v 0.1248832 0.2955419 0.0839828
v 0.1222289 0.2934490 0.0870130
v 0.1233874 0.2944576 0.0868764
v 0.1250208 0.2953352 0.0865837
v 0.1223022 0.2930848 0.0890704
v 0.1241291 0.2945592 0.0890137
v 0.1229087 0.2933286 0.0913275
v 0.1241840 0.2943385 0.0911102
v 0.1232072 0.2932338 0.0934298
v 0.1245108 0.2942794 0.0933131
v 0.1234873 0.2931836 0.0953841
v 0.1247324 0.2942469 0.0947284
v 0.1271290 0.2961738 0.0819012
v 0.1278988 0.2962260 0.0807993
v 0.1260337 0.2958799 0.0841701
v 0.1265806 0.2960390 0.0836183
v 0.1260628 0.2956453 0.0865436
v 0.1260958 0.2953607 0.0887102
v 0.1259813 0.2951329 0.0904054
v 0.1256582 0.2947221 0.0937800
v 0.1059204 0.2587422 0.2368049
v 0.1062398 0.2594137 0.2349926
v 0.1067109 0.2599101 0.2309257
v 0.1069228 0.2602459 0.2281701
v 0.1071070 0.2607381 0.2241325
v 0.1071857 0.2611359 0.2208703
v 0.1072588 0.2617168 0.2161067
v 0.1073149 0.2621050 0.2129230
v 0.1074146 0.2626254 0.2084758
v 0.1074883 0.2629855 0.2057020
v 0.1075764 0.2633454 0.2027506
v 0.1077623 0.2638466 0.1986392
v 0.1080652 0.2641075 0.1941777
v 0.1056405 0.2569637 0.2372130
v 0.1060184 0.2569188 0.2340519
v 0.1063372 0.2565902 0.2302229
v 0.1065169 0.2564768 0.2273557
v 0.1067073 0.2566031 0.2235588
v 0.1068641 0.2571946 0.2198166
v 0.1070158 0.2583806 0.2161524
v 0.1071454 0.2593486 0.2121531
v 0.1072673 0.2594573 0.2011348
v 0.1074999 0.2608079 0.1975476
v 0.1078221 0.2621104 0.1944152
v 0.1053274 0.2524056 0.2368960
v 0.1057080 0.2531569 0.2335813
v 0.1060999 0.2540845 0.2299083
v 0.1063069 0.2539907 0.2270445
v 0.1065407 0.2541308 0.2232506
v 0.1067326 0.2547034 0.2195070
v 0.1068933 0.2558193 0.2158343
v 0.1069526 0.2553628 0.2122920
v 0.1069921 0.2557313 0.2072794
v 0.1070812 0.2573284 0.2036960
v 0.1070102 0.2556706 0.1997200
v 0.1071550 0.2564831 0.1970035
v 0.1074407 0.2579664 0.1941110
v 0.1056877 0.2486604 0.2364563
v 0.1057505 0.2495846 0.2331495
v 0.1060459 0.2499168 0.2294000
v 0.1062202 0.2504175 0.2267975
v 0.1065062 0.2505457 0.2228127
v 0.1067120 0.2510016 0.2190548
v 0.1068417 0.2518559 0.2153490
v 0.1068920 0.2515632 0.2115104
v 0.1068967 0.2522392 0.2068512
v 0.1069002 0.2534485 0.2032166
v 0.1069303 0.2538745 0.2007543
v 0.1070857 0.2536181 0.1963368
v 0.1072847 0.2539150 0.1936089
v 0.1069613 0.2453569 0.2356035
v 0.1068179 0.2456179 0.2323362
v 0.1066977 0.2461594 0.2289728
v 0.1068415 0.2465961 0.2252147
v 0.1068353 0.2473925 0.2222524
v 0.1070537 0.2474416 0.2186366
v 0.1071260 0.2479338 0.2148847
v 0.1070618 0.2489385 0.2110095
v 0.1070809 0.2488292 0.2064462
v 0.1070730 0.2492049 0.2027098
v 0.1070591 0.2502066 0.1994346
v 0.1072151 0.2503329 0.1962552
v 0.1074526 0.2506459 0.1931643
v 0.1080124 0.2436275 0.2315794
v 0.1078480 0.2438471 0.2287444
v 0.1080654 0.2437076 0.2249193
v 0.1080151 0.2441631 0.2211483
v 0.1080106 0.2445023 0.2178452
v 0.1080482 0.2447220 0.2140604
v 0.1081769 0.2446467 0.2097803
v 0.1079051 0.2455260 0.2060837
v 0.1079653 0.2456622 0.2023210
v 0.1079870 0.2462166 0.1986151
v 0.1080285 0.2470413 0.1952636
v 0.1084173 0.2470302 0.1926888
v 0.1090521 0.2431598 0.2096399
v 0.1092344 0.2432142 0.2058641
v 0.1092398 0.2435933 0.2021284
v 0.1093113 0.2440705 0.1984153
v 0.1094893 0.2446506 0.1947262
v 0.1097161 0.2449772 0.1924990
v 0.1116480 0.2628596 0.1980480
v 0.1122303 0.2631736 0.1954668
v 0.1116453 0.2608743 0.1978058
v 0.1122275 0.2611884 0.1952246
v 0.1099281 0.2423865 0.2352779
v 0.1098599 0.2420136 0.2316047
v 0.1097028 0.2419182 0.2285961
v 0.1094503 0.2420605 0.2247832
v 0.1092365 0.2423708 0.2209867
v 0.1093792 0.2423962 0.2171747
v 0.1116200 0.2470097 0.1958458
v 0.1122401 0.2472272 0.1934932
v 0.1115834 0.2406177 0.2285256
v 0.1112609 0.2406536 0.2246965
v 0.1109867 0.2408700 0.2208856
v 0.1111652 0.2408618 0.2170709
v 0.1108363 0.2413470 0.2133026
v 0.1107338 0.2416565 0.2095346
v 0.1113278 0.2415224 0.2062960
v 0.1114312 0.2419137 0.2025652
v 0.1115759 0.2424073 0.1988567
v 0.1117875 0.2430027 0.1951707
v 0.1120657 0.2434966 0.1924222
v 0.1153874 0.2634954 0.1982997
v 0.1160247 0.2637835 0.1957151
v 0.1160510 0.2605707 0.1979740
v 0.1164410 0.2608727 0.1957005
v 0.1160261 0.2485234 0.1961881
v 0.1163585 0.2487470 0.1943508
v 0.1138273 0.2406052 0.2358535
v 0.1125391 0.2405320 0.2323636
v 0.1153804 0.2462770 0.1959110
v 0.1160075 0.2467515 0.1934961
v 0.1143025 0.2398790 0.2323665
v 0.1138672 0.2396063 0.2285093
v 0.1140734 0.2392669 0.2246591
v 0.1143054 0.2390828 0.2208228
v 0.1139026 0.2393015 0.2170082
v 0.1141030 0.2394310 0.2132208
v 0.1136632 0.2399458 0.2094618
v 0.1138339 0.2403245 0.2057247
v 0.1140154 0.2408130 0.2020107
v 0.1148526 0.2412152 0.1983248
v 0.1158403 0.2428509 0.1950774
v 0.1160482 0.2436179 0.1929147
v 0.1157999 0.2385711 0.2170076
v 0.1160115 0.2387216 0.2132231
v 0.1155511 0.2392466 0.2094642
v 0.1157287 0.2396811 0.2057342
v 0.1159112 0.2402300 0.2020276
v 0.1167419 0.2407139 0.1983515
v 0.1184617 0.2643441 0.1947486
v 0.1192392 0.2643419 0.1932435
v 0.1201966 0.2645448 0.1841349
v 0.1205046 0.2653970 0.1812742
v 0.1214262 0.2657384 0.1784653
v 0.1185571 0.2610706 0.1944451
v 0.1193042 0.2611978 0.1925990
v 0.1201961 0.2641478 0.1840865
v 0.1203045 0.2634821 0.1809735
v 0.1213474 0.2627933 0.1782463
v 0.1186361 0.2488838 0.1932036
v 0.1193883 0.2491551 0.1909709
v 0.1199328 0.2505656 0.1794003
v 0.1211815 0.2508481 0.1770699
v 0.1157024 0.2400394 0.2358718
v 0.1182779 0.2475737 0.1925556
v 0.1192095 0.2481755 0.1908441
v 0.1197912 0.2489832 0.1791599
v 0.1214037 0.2493101 0.1764616
v 0.1175024 0.2395455 0.2352847
v 0.1178892 0.2389147 0.2319417
v 0.1177611 0.2384986 0.2285565
v 0.1183576 0.2380745 0.2251917
v 0.1185137 0.2442529 0.1923040
v 0.1194887 0.2427997 0.1894318
v 0.1208884 0.2426881 0.1870123
v 0.1207170 0.2465120 0.1791744
v 0.1176098 0.2380306 0.2208488
v 0.1178630 0.2380024 0.2170344
v 0.1180661 0.2381721 0.2132517
v 0.1182263 0.2385205 0.2095000
v 0.1183629 0.2390177 0.2057756
v 0.1191594 0.2395289 0.2020930
v 0.1192865 0.2402468 0.1984130
v 0.1194518 0.2410292 0.1947502
v 0.1208746 0.2416845 0.1911377
v 0.1236147 0.2658382 0.1780353
v 0.1236192 0.2639491 0.1775261
v 0.1234185 0.2510191 0.1756431
v 0.1219980 0.2468416 0.1853047
v 0.1236401 0.2472427 0.1819977
v 0.1248467 0.2474330 0.1801475
v 0.1237629 0.2494721 0.1751072
v 0.1210824 0.2391285 0.2360114
v 0.1217590 0.2382742 0.2315695
v 0.1220406 0.2378415 0.2286762
v 0.1222354 0.2376087 0.2267490
v 0.1235089 0.2423864 0.1875956
v 0.1217515 0.2430301 0.1853558
v 0.1235527 0.2437148 0.1822579
v 0.1247209 0.2442704 0.1799288
v 0.1234197 0.2468810 0.1761188
v 0.1216794 0.2375056 0.2247998
v 0.1216060 0.2373541 0.2214309
v 0.1214769 0.2373490 0.2180784
v 0.1216727 0.2374945 0.2142894
v 0.1221596 0.2378614 0.2100773
v 0.1221920 0.2384052 0.2063523
v 0.1225361 0.2391301 0.2022012
v 0.1225458 0.2399010 0.1985224
v 0.1232472 0.2406817 0.1948851
v 0.1233492 0.2415228 0.1912344
v 0.1274731 0.2658865 0.1776692
v 0.1274554 0.2640579 0.1771249
v 0.1271595 0.2510714 0.1751720
v 0.1256094 0.2471930 0.1793011
v 0.1274839 0.2493809 0.1749049
v 0.1241467 0.2388924 0.2361254
v 0.1246430 0.2380670 0.2316785
v 0.1249955 0.2376362 0.2287887
v 0.1260278 0.2423694 0.1877133
v 0.1261761 0.2432410 0.1840816
v 0.1270432 0.2454850 0.1782789
v 0.1274934 0.2469273 0.1756936
v 0.1253462 0.2373151 0.2259028
v 0.1257704 0.2370495 0.2220661
v 0.1260941 0.2369984 0.2182508
v 0.1262675 0.2371801 0.2144650
v 0.1262961 0.2375781 0.2107099
v 0.1257234 0.2382074 0.2066500
v 0.1253562 0.2390378 0.2023208
v 0.1259643 0.2398388 0.1986738
v 0.1259119 0.2406703 0.1950082
v 0.1259362 0.2415133 0.1913552
v 0.1309615 0.2652774 0.1804855
v 0.1301136 0.2656709 0.1789213
v 0.1310451 0.2645718 0.1804882
v 0.1301728 0.2647881 0.1787249
v 0.1305039 0.2482872 0.1764869
v 0.1279985 0.2386578 0.2355126
v 0.1275157 0.2379970 0.2318033
v 0.1279361 0.2375826 0.2289187
v 0.1316414 0.2419065 0.1916704
v 0.1301583 0.2426063 0.1879371
v 0.1301911 0.2434431 0.1842969
v 0.1302685 0.2452479 0.1774564
v 0.1298459 0.2467683 0.1769707
v 0.1283447 0.2372822 0.2260380
v 0.1288297 0.2370476 0.2222082
v 0.1291902 0.2370289 0.2183988
v 0.1293726 0.2372416 0.2146171
v 0.1293836 0.2376670 0.2108644
v 0.1292752 0.2382611 0.2071374
v 0.1290553 0.2391699 0.2025087
v 0.1288766 0.2399792 0.1988264
v 0.1287545 0.2408111 0.1951581
v 0.1287082 0.2416463 0.1915016
v 0.1353158 0.2648969 0.1854972
v 0.1352586 0.2639791 0.1853005
v 0.1358979 0.2633043 0.1794001
v 0.1358416 0.2507198 0.1779575
v 0.1358988 0.2495948 0.1776818
v 0.1313598 0.2388481 0.2360740
v 0.1316680 0.2381609 0.2320156
v 0.1321752 0.2378023 0.2291417
v 0.1318178 0.2375428 0.2271859
v 0.1347493 0.2414844 0.1955193
v 0.1345915 0.2422752 0.1918520
v 0.1344652 0.2430675 0.1881931
v 0.1343634 0.2438643 0.1845414
v 0.1343104 0.2454074 0.1776967
v 0.1321232 0.2374082 0.2252733
v 0.1325306 0.2373077 0.2224118
v 0.1329510 0.2373489 0.2186128
v 0.1329181 0.2375411 0.2151364
v 0.1324618 0.2379515 0.2110426
v 0.1323575 0.2385574 0.2073171
v 0.1321222 0.2394679 0.2026878
v 0.1334294 0.2404812 0.1990997
v 0.1317470 0.2410889 0.1953315
v 0.1384773 0.2635794 0.1990729
v 0.1382729 0.2634863 0.1967411
v 0.1373052 0.2648132 0.1920676
v 0.1366127 0.2650952 0.1889267
v 0.1359350 0.2648604 0.1866258
v 0.1382927 0.2610867 0.1986563
v 0.1382717 0.2625929 0.1966322
v 0.1381098 0.2611037 0.1933936
v 0.1370546 0.2625886 0.1881113
v 0.1368468 0.2624089 0.1867312
v 0.1369308 0.2631077 0.1806052
v 0.1364179 0.2634194 0.1797170
v 0.1385273 0.2484015 0.1969350
v 0.1378251 0.2487052 0.1944524
v 0.1388654 0.2489886 0.1921173
v 0.1370224 0.2496910 0.1863788
v 0.1367299 0.2498351 0.1852009
v 0.1367847 0.2505888 0.1790211
v 0.1362316 0.2506928 0.1781747
v 0.1385266 0.2478555 0.1968684
v 0.1384422 0.2466662 0.1942311
v 0.1388066 0.2484142 0.1922848
v 0.1371564 0.2485567 0.1861787
v 0.1368778 0.2486940 0.1850568
v 0.1369896 0.2494360 0.1789720
v 0.1364411 0.2495524 0.1780232
v 0.1349692 0.2392370 0.2360165
v 0.1355611 0.2386805 0.2322594
v 0.1355102 0.2382580 0.2293517
v 0.1353837 0.2379659 0.2264475
v 0.1368547 0.2380781 0.2230251
v 0.1379918 0.2404943 0.2030874
v 0.1377685 0.2412235 0.1993927
v 0.1385749 0.2443685 0.1965486
v 0.1378465 0.2443201 0.1935732
v 0.1388869 0.2449897 0.1914521
v 0.1380162 0.2444981 0.1847820
v 0.1378437 0.2459987 0.1782309
v 0.1351605 0.2376900 0.2222618
v 0.1358098 0.2378292 0.2188044
v 0.1360820 0.2381187 0.2150368
v 0.1359245 0.2385729 0.2109635
v 0.1367851 0.2393716 0.2074340
v 0.1358854 0.2400532 0.2029350
v 0.1396591 0.2632014 0.1990613
v 0.1407992 0.2638465 0.1953332
v 0.1414381 0.2653643 0.1815947
v 0.1396579 0.2623080 0.1989524
v 0.1415506 0.2618464 0.1957740
v 0.1395654 0.2612811 0.1922696
v 0.1412705 0.2623049 0.1847936
v 0.1413697 0.2641906 0.1829119
v 0.1392893 0.2491329 0.1909296
v 0.1412312 0.2501505 0.1838073
v 0.1392145 0.2405304 0.2365178
v 0.1395125 0.2454717 0.1965772
v 0.1404239 0.2463622 0.1933085
v 0.1397207 0.2477809 0.1910273
v 0.1421444 0.2479286 0.1835794
v 0.1416229 0.2472603 0.1810700
v 0.1379064 0.2397782 0.2353461
v 0.1390663 0.2396958 0.2325467
v 0.1391071 0.2393118 0.2296478
v 0.1391221 0.2389949 0.2267468
v 0.1397924 0.2390215 0.2229581
v 0.1397231 0.2389541 0.2191237
v 0.1400312 0.2392672 0.2153611
v 0.1401413 0.2398224 0.2106799
v 0.1406142 0.2405870 0.2070038
v 0.1404098 0.2411903 0.2032856
v 0.1406367 0.2420189 0.1996237
v 0.1408531 0.2428377 0.1959673
v 0.1409289 0.2436839 0.1923141
v 0.1391833 0.2448476 0.1907426
v 0.1417627 0.2449803 0.1887558
v 0.1410747 0.2455324 0.1850428
v 0.1403982 0.2464325 0.1803556
v 0.1378386 0.2383226 0.2189590
v 0.1381379 0.2386296 0.2151951
v 0.1382466 0.2392151 0.2105172
v 0.1461498 0.2652424 0.1867646
v 0.1449214 0.2653136 0.1818054
v 0.1429797 0.2614508 0.1993357
v 0.1461189 0.2600949 0.1945666
v 0.1459662 0.2614923 0.1917309
v 0.1448286 0.2624201 0.1853331
v 0.1448340 0.2642055 0.1829745
v 0.1458182 0.2579086 0.1952238
v 0.1451580 0.2583409 0.1914978
v 0.1441129 0.2586803 0.1857658
v 0.1459171 0.2541056 0.1975789
v 0.1454507 0.2550183 0.1948522
v 0.1447886 0.2555031 0.1911306
v 0.1437496 0.2556564 0.1852034
v 0.1438372 0.2438892 0.2371437
v 0.1457133 0.2499501 0.1976886
v 0.1451426 0.2506243 0.1942976
v 0.1446021 0.2499605 0.1913733
v 0.1443050 0.2503066 0.1895254
v 0.1435282 0.2515099 0.1846830
v 0.1421256 0.2422091 0.2367133
v 0.1426724 0.2418654 0.2330880
v 0.1435146 0.2419354 0.2301769
v 0.1436811 0.2415955 0.2272790
v 0.1445880 0.2420748 0.2245122
v 0.1453487 0.2443789 0.2039047
v 0.1453148 0.2457158 0.2002923
v 0.1445557 0.2464073 0.1969929
v 0.1440267 0.2468213 0.1938699
v 0.1435320 0.2469324 0.1890749
v 0.1432851 0.2491029 0.1844856
v 0.1417710 0.2405606 0.2299256
v 0.1418503 0.2402651 0.2270297
v 0.1429883 0.2407048 0.2233130
v 0.1429753 0.2406182 0.2194782
v 0.1432419 0.2409048 0.2157103
v 0.1436710 0.2416473 0.2110669
v 0.1439114 0.2422869 0.2073650
v 0.1435795 0.2426987 0.2036178
v 0.1435369 0.2433879 0.1999259
v 0.1431018 0.2439203 0.1962036
v 0.1431153 0.2448743 0.1925597
v 0.1489692 0.2628535 0.2063193
v 0.1486602 0.2629220 0.2040517
v 0.1481733 0.2632672 0.2001431
v 0.1476801 0.2641715 0.1955273
v 0.1471404 0.2645890 0.1921105
v 0.1466472 0.2649292 0.1893263
v 0.1488051 0.2593020 0.2096598
v 0.1483213 0.2602710 0.2059749
v 0.1477271 0.2606435 0.2022223
v 0.1472822 0.2609545 0.1992300
v 0.1468525 0.2615929 0.1959074
v 0.1467176 0.2628922 0.1930578
v 0.1474812 0.2510344 0.2379330
v 0.1478320 0.2512203 0.2353227
v 0.1489033 0.2552717 0.2129658
v 0.1482409 0.2548327 0.2090900
v 0.1478059 0.2574004 0.2056009
v 0.1471133 0.2578176 0.2018491
v 0.1465352 0.2577492 0.1989926
v 0.1466343 0.2488084 0.2378751
v 0.1470177 0.2487821 0.2349861
v 0.1475837 0.2490685 0.2312457
v 0.1480843 0.2493829 0.2274865
v 0.1483536 0.2496049 0.2246542
v 0.1485439 0.2498015 0.2208587
v 0.1484809 0.2498122 0.2170383
v 0.1486405 0.2523971 0.2135543
v 0.1480739 0.2520387 0.2096902
v 0.1474159 0.2525886 0.2056281
v 0.1466791 0.2541223 0.2013790
v 0.1462902 0.2540741 0.1994728
v 0.1448890 0.2453183 0.2372659
v 0.1455240 0.2452714 0.2337258
v 0.1461646 0.2455645 0.2307487
v 0.1468276 0.2461783 0.2277993
v 0.1474861 0.2468407 0.2240839
v 0.1478141 0.2472561 0.2205140
v 0.1477626 0.2470886 0.2168639
v 0.1478728 0.2484341 0.2128469
v 0.1474345 0.2485477 0.2087631
v 0.1469453 0.2488316 0.2051501
v 0.1464071 0.2498655 0.2014769
v 0.1460861 0.2513896 0.1991359
v 0.1446289 0.2435451 0.2323321
v 0.1449943 0.2435675 0.2304478
v 0.1453844 0.2435086 0.2274034
v 0.1458727 0.2436325 0.2236701
v 0.1461020 0.2436484 0.2199938
v 0.1462434 0.2438336 0.2162065
v 0.1467626 0.2451386 0.2122682
v 0.1462026 0.2449538 0.2077958
v 0.1462242 0.2462536 0.2041734
v 0.1461887 0.2471313 0.2023910
v 0.1491937 0.2584316 0.2387772
v 0.1494389 0.2590346 0.2368142
v 0.1498374 0.2596381 0.2326718
v 0.1501309 0.2600831 0.2290202
v 0.1503164 0.2605372 0.2252950
v 0.1503608 0.2608594 0.2226526
v 0.1501944 0.2613793 0.2183013
v 0.1498498 0.2614139 0.2148824
v 0.1494523 0.2621891 0.2108787
v 0.1488566 0.2569128 0.2394240
v 0.1490238 0.2563543 0.2360050
v 0.1494589 0.2570662 0.2323111
v 0.1498247 0.2577634 0.2285919
v 0.1500027 0.2581978 0.2257806
v 0.1500663 0.2585781 0.2220001
v 0.1494090 0.2583830 0.2143179
v 0.1480784 0.2532401 0.2384830
v 0.1484386 0.2530894 0.2343144
v 0.1486547 0.2530134 0.2317788
v 0.1489751 0.2534098 0.2289771
v 0.1492871 0.2538657 0.2252185
v 0.1494814 0.2546246 0.2218096
v 0.1494728 0.2556321 0.2177931
v 0.1491743 0.2554555 0.2149010
v 0.1484502 0.2507330 0.2276689
v 0.1491497 0.2526834 0.2202820
v 0.1490192 0.2526387 0.2174075
v 0.1335542 0.2501567 0.1893011
v 0.1335682 0.2603594 0.1905455
v 0.1322124 0.2500688 0.1898327
v 0.1322265 0.2603205 0.1910831
v 0.1280608 0.2500992 0.1912550
v 0.1275073 0.2518502 0.1912073
v 0.1274941 0.2582630 0.1919920
v 0.1280737 0.2599642 0.1924554
v 0.1247795 0.2499083 0.1905016
v 0.1247938 0.2603357 0.1917734
v 0.1204724 0.2503611 0.1896832
v 0.1204858 0.2601046 0.1908716
v 0.1185623 0.2502089 0.1891608
v 0.1185762 0.2603829 0.1904017
v 0.1347742 0.2504435 0.1870729
v 0.1347882 0.2606133 0.1883132
v 0.1306804 0.2502123 0.1864978
v 0.1306951 0.2609870 0.1878120
v 0.1279886 0.2500538 0.1876576
v 0.1280035 0.2608693 0.1889767
v 0.1240150 0.2500488 0.1877258
v 0.1240298 0.2608686 0.1890455
v 0.1213419 0.2502353 0.1862264
v 0.1213568 0.2610551 0.1875461
v 0.1173852 0.2504462 0.1871455
v 0.1173992 0.2606402 0.1883889
v 0.1364215 0.2506633 0.1834657
v 0.1359954 0.2543817 0.1835873
v 0.1360256 0.2575123 0.1841227
v 0.1364361 0.2612624 0.1847585
v 0.1320643 0.2505163 0.1838019
v 0.1320792 0.2613361 0.1851216
v 0.1197223 0.2505534 0.1836369
v 0.1197371 0.2613732 0.1849566
v 0.1158091 0.2503978 0.1837688
v 0.1169678 0.2545338 0.1835763
v 0.1169547 0.2574886 0.1838881
v 0.1158243 0.2615030 0.1851233
v 0.1151928 0.2509378 0.1828247
v 0.1151751 0.2543487 0.1836877
v 0.1151589 0.2578658 0.1839627
v 0.1152069 0.2612075 0.1840773
v 0.1364292 0.2510864 0.1798367
v 0.1359930 0.2547458 0.1804827
v 0.1360156 0.2579930 0.1808802
v 0.1364438 0.2617240 0.1811341
v 0.1323557 0.2509611 0.1801518
v 0.1323705 0.2617809 0.1814715
v 0.1195245 0.2509957 0.1800129
v 0.1195394 0.2618155 0.1813326
v 0.1158570 0.2509299 0.1790190
v 0.1169740 0.2547876 0.1804700
v 0.1169759 0.2579456 0.1808558
v 0.1158724 0.2621281 0.1803848
v 0.1152664 0.2513655 0.1794773
v 0.1151965 0.2547625 0.1801012
v 0.1151871 0.2582791 0.1806255
v 0.1152804 0.2615967 0.1807251
v 0.1351319 0.2516392 0.1755202
v 0.1351464 0.2622302 0.1768103
v 0.1310718 0.2513044 0.1773521
v 0.1310866 0.2621242 0.1786718
v 0.1296212 0.2514869 0.1758715
v 0.1296361 0.2623067 0.1771912
v 0.1215839 0.2514162 0.1765414
v 0.1215988 0.2622361 0.1778610
v 0.1168752 0.2516074 0.1756757
v 0.1168899 0.2622713 0.1769764
v 0.1350428 0.2520956 0.1735773
v 0.1345643 0.2551217 0.1725072
v 0.1346408 0.2594699 0.1730374
v 0.1350567 0.2622521 0.1748165
v 0.1318005 0.2552706 0.1724987
v 0.1318070 0.2594388 0.1730071
v 0.1295715 0.2523415 0.1733426
v 0.1297272 0.2549225 0.1725280
v 0.1297352 0.2597755 0.1731114
v 0.1295849 0.2620852 0.1745310
v 0.1224118 0.2521986 0.1734507
v 0.1224263 0.2555340 0.1724857
v 0.1224314 0.2592116 0.1729342
v 0.1224256 0.2622173 0.1746726
v 0.1173009 0.2523361 0.1734545
v 0.1173036 0.2554169 0.1726314
v 0.1172736 0.2590855 0.1730179
v 0.1173105 0.2620864 0.1746395
v 0.1282646 0.2593163 0.1721682
v 0.1245782 0.2593414 0.1721486
v 0.1282409 0.2555915 0.1716877
v 0.1245867 0.2556007 0.1716409
v 0.1347215 0.2656388 0.1705898
v 0.1320522 0.2665989 0.1705812
v 0.1281343 0.2661451 0.1708932
v 0.1245357 0.2658672 0.1707560
v 0.1212015 0.2656285 0.1703955
v 0.1190209 0.2650973 0.1698581
v 0.1361121 0.2632664 0.1704342
v 0.1325042 0.2633180 0.1705281
v 0.1279818 0.2631503 0.1713723
v 0.1249081 0.2631207 0.1712814
v 0.1204307 0.2632540 0.1704964
v 0.1170825 0.2632155 0.1702340
v 0.1154826 0.2617292 0.1696508
v 0.1357511 0.2597193 0.1700612
v 0.1327999 0.2590330 0.1704468
v 0.1285036 0.2597652 0.1705414
v 0.1243373 0.2597599 0.1705560
v 0.1199863 0.2595213 0.1705408
v 0.1175673 0.2595011 0.1702727
v 0.1153095 0.2595991 0.1693084
v 0.1357414 0.2556643 0.1697425
v 0.1328261 0.2562619 0.1701137
v 0.1285056 0.2555676 0.1700137
v 0.1243151 0.2555551 0.1700806
v 0.1200521 0.2558132 0.1700359
v 0.1173317 0.2554384 0.1698124
v 0.1153378 0.2553746 0.1690103
v 0.1359487 0.2522984 0.1689129
v 0.1324901 0.2521167 0.1691364
v 0.1279489 0.2516446 0.1698835
v 0.1247996 0.2517253 0.1698312
v 0.1204552 0.2521842 0.1691452
v 0.1171520 0.2523005 0.1689709
v 0.1154953 0.2538625 0.1685604
v 0.1347004 0.2498477 0.1686466
v 0.1321601 0.2489369 0.1684454
v 0.1281825 0.2492246 0.1687943
v 0.1244929 0.2496762 0.1689528
v 0.1211515 0.2499987 0.1686143
v 0.1190040 0.2505893 0.1681287
v 0.1341050 0.2659889 0.1666997
v 0.1366822 0.2626417 0.1676877
v 0.1292336 0.2631033 0.1679995
v 0.1236685 0.2631158 0.1679593
v 0.1370854 0.2601565 0.1667192
v 0.1308887 0.2607883 0.1677296
v 0.1298018 0.2613409 0.1677888
v 0.1230955 0.2613561 0.1677404
v 0.1220070 0.2608083 0.1676654
v 0.1159673 0.2582660 0.1655481
v 0.1152763 0.2583781 0.1646302
v 0.1370948 0.2554167 0.1664656
v 0.1308811 0.2552316 0.1670518
v 0.1297926 0.2546839 0.1669769
v 0.1230864 0.2546990 0.1669284
v 0.1219994 0.2552516 0.1669877
v 0.1161082 0.2559514 0.1644639
v 0.1366130 0.2534504 0.1661293
v 0.1292197 0.2529241 0.1667580
v 0.1236546 0.2529366 0.1667178
v 0.1198619 0.2511464 0.1665068
v 0.1172267 0.2533335 0.1644717
v 0.1339718 0.2501242 0.1651809
v 0.1267049 0.2492450 0.1645250
v 0.1217705 0.2505546 0.1662027
v 0.1346663 0.2667333 0.1625081
v 0.1322865 0.2674081 0.1643295
v 0.1272218 0.2675852 0.1639122
v 0.1244853 0.2673528 0.1633380
v 0.1213853 0.2667449 0.1632767
v 0.1188110 0.2657233 0.1637969
v 0.1365835 0.2638464 0.1620244
v 0.1166104 0.2638732 0.1641480
v 0.1155822 0.2621477 0.1642252
v 0.1367512 0.2603143 0.1620721
v 0.1160439 0.2586849 0.1621085
v 0.1153810 0.2597924 0.1635142
v 0.1367761 0.2568159 0.1616886
v 0.1162482 0.2563155 0.1613404
v 0.1154037 0.2563638 0.1636730
v 0.1365681 0.2536310 0.1608521
v 0.1199702 0.2515578 0.1627893
v 0.1172890 0.2531414 0.1620162
v 0.1155722 0.2548152 0.1633308
v 0.1346452 0.2507272 0.1605558
v 0.1322622 0.2496389 0.1621622
v 0.1271255 0.2497863 0.1622848
v 0.1244965 0.2502228 0.1617637
v 0.1215832 0.2507654 0.1617590
v 0.1339472 0.2675514 0.1605154
v 0.1319174 0.2677191 0.1595012
v 0.1284658 0.2676229 0.1596192
v 0.1259230 0.2667260 0.1595838
v 0.1190971 0.2665139 0.1579972
v 0.1371994 0.2626940 0.1604357
v 0.1168385 0.2643682 0.1587030
v 0.1370997 0.2608405 0.1596796
v 0.1160737 0.2601553 0.1589455
v 0.1155624 0.2598762 0.1586687
v 0.1371368 0.2563315 0.1593890
v 0.1163268 0.2565153 0.1583065
v 0.1155787 0.2578233 0.1586337
v 0.1371722 0.2551519 0.1594155
v 0.1194119 0.2526712 0.1562881
v 0.1172739 0.2539336 0.1575939
v 0.1339042 0.2506337 0.1567927
v 0.1322328 0.2503087 0.1573277
v 0.1273651 0.2501765 0.1573552
v 0.1190773 0.2520645 0.1562349
v 0.1268069 0.2682539 0.1573179
v 0.1243640 0.2680256 0.1571029
v 0.1212999 0.2674527 0.1571591
v 0.1371002 0.2636972 0.1542109
v 0.1197359 0.2645105 0.1563427
v 0.1192923 0.2644117 0.1571576
v 0.1368545 0.2611103 0.1542965
v 0.1160181 0.2605760 0.1540677
v 0.1368718 0.2580060 0.1551516
v 0.1161336 0.2581771 0.1540128
v 0.1371263 0.2555626 0.1549249
v 0.1202446 0.2523397 0.1558338
v 0.1170131 0.2556785 0.1550182
v 0.1268102 0.2508710 0.1551884
v 0.1243637 0.2511133 0.1550223
v 0.1215030 0.2516066 0.1551519
v 0.1345924 0.2677301 0.1540333
v 0.1335917 0.2678088 0.1526473
v 0.1194432 0.2672595 0.1524757
v 0.1363815 0.2650482 0.1538169
v 0.1206554 0.2649829 0.1524593
v 0.1174315 0.2651176 0.1525548
v 0.1367727 0.2616802 0.1522670
v 0.1165148 0.2611933 0.1511731
v 0.1367678 0.2575902 0.1518318
v 0.1166393 0.2585217 0.1508135
v 0.1363679 0.2544445 0.1525305
v 0.1202100 0.2532168 0.1495553
v 0.1174889 0.2547562 0.1512871
v 0.1347161 0.2518700 0.1523600
v 0.1335701 0.2520543 0.1507254
v 0.1268687 0.2517800 0.1511802
v 0.1194232 0.2526669 0.1506959
v 0.1338501 0.2688510 0.1492830
v 0.1321536 0.2690802 0.1499118
v 0.1281978 0.2691364 0.1499618
v 0.1203169 0.2680194 0.1490892
v 0.1369721 0.2643465 0.1474079
v 0.1216425 0.2661197 0.1482651
v 0.1180780 0.2655626 0.1488116
v 0.1169082 0.2622305 0.1484570
v 0.1169918 0.2581560 0.1481263
v 0.1198163 0.2542120 0.1459672
v 0.1181977 0.2550425 0.1476762
v 0.1338293 0.2517798 0.1477883
v 0.1319619 0.2514823 0.1477673
v 0.1275312 0.2517426 0.1479544
v 0.1246197 0.2523516 0.1481727
v 0.1207376 0.2526940 0.1472140
v 0.1345570 0.2686535 0.1466322
v 0.1316128 0.2697401 0.1448511
v 0.1279512 0.2694319 0.1449451
v 0.1243154 0.2693404 0.1453742
v 0.1214216 0.2686445 0.1454771
v 0.1363012 0.2659290 0.1456677
v 0.1205690 0.2663545 0.1448575
v 0.1186056 0.2666307 0.1462187
v 0.1366408 0.2625514 0.1444437
v 0.1200386 0.2630759 0.1441198
v 0.1365864 0.2587056 0.1441373
v 0.1201474 0.2576066 0.1432471
v 0.1362940 0.2554230 0.1445469
v 0.1238121 0.2572934 0.1427841
v 0.1203742 0.2552525 0.1442397
v 0.1185880 0.2548081 0.1447775
v 0.1345356 0.2526780 0.1446836
v 0.1316659 0.2520604 0.1426962
v 0.1282621 0.2521774 0.1432058
v 0.1244057 0.2524150 0.1432306
v 0.1214171 0.2530457 0.1435047
v 0.1346823 0.2693979 0.1411759
v 0.1317261 0.2695174 0.1418090
v 0.1285529 0.2693124 0.1428813
v 0.1247101 0.2692426 0.1426256
v 0.1223736 0.2691278 0.1419828
v 0.1367901 0.2653816 0.1401563
v 0.1319586 0.2684077 0.1411850
v 0.1241453 0.2679720 0.1431332
v 0.1213665 0.2674828 0.1420367
v 0.1360811 0.2635916 0.1407683
v 0.1367577 0.2580732 0.1391598
v 0.1211032 0.2579589 0.1402602
v 0.1367915 0.2573495 0.1396978
v 0.1314389 0.2543400 0.1394500
v 0.1285273 0.2545683 0.1402126
v 0.1243188 0.2554463 0.1412126
v 0.1217362 0.2569931 0.1405975
v 0.1346857 0.2532749 0.1392689
v 0.1317146 0.2530489 0.1397750
v 0.1285946 0.2530785 0.1408284
v 0.1246757 0.2530825 0.1408713
v 0.1223309 0.2533149 0.1402249
v 0.1348069 0.2693302 0.1384968
v 0.1327660 0.2696530 0.1389109
v 0.1210882 0.2696151 0.1385604
v 0.1361851 0.2672581 0.1383605
v 0.1334416 0.2683764 0.1386570
v 0.1198361 0.2687696 0.1383544
v 0.1362527 0.2640236 0.1377869
v 0.1336566 0.2643127 0.1379855
v 0.1364254 0.2594841 0.1371813
v 0.1359581 0.2558362 0.1371736
v 0.1329698 0.2548524 0.1363964
v 0.1301329 0.2550119 0.1382923
v 0.1210577 0.2549513 0.1366670
v 0.1348074 0.2539281 0.1368236
v 0.1328134 0.2536373 0.1369234
v 0.1209401 0.2536831 0.1367045
v 0.1348355 0.2695660 0.1364909
v 0.1326895 0.2699362 0.1353102
v 0.1266949 0.2705419 0.1365489
v 0.1209386 0.2700770 0.1348464
v 0.1361340 0.2676009 0.1362610
v 0.1336321 0.2691714 0.1349051
v 0.1197479 0.2691976 0.1348457
v 0.1358679 0.2635335 0.1357630
v 0.1338865 0.2645698 0.1358745
v 0.1353324 0.2591086 0.1341253
v 0.1354565 0.2560897 0.1344064
v 0.1324656 0.2553596 0.1329370
v 0.1209212 0.2553824 0.1328804
v 0.1346598 0.2543964 0.1346395
v 0.1327834 0.2541580 0.1333277
v 0.1266712 0.2532699 0.1344423
v 0.1206763 0.2542004 0.1329628
v 0.1312546 0.2702053 0.1320771
v 0.1286826 0.2705438 0.1308549
v 0.1248990 0.2705961 0.1308706
v 0.1221091 0.2701932 0.1319963
v 0.1316035 0.2696193 0.1312553
v 0.1293085 0.2698105 0.1297140
v 0.1242229 0.2698216 0.1296797
v 0.1216053 0.2696117 0.1314304
v 0.1322448 0.2652347 0.1298510
v 0.1297786 0.2659988 0.1292885
v 0.1318527 0.2601818 0.1302191
v 0.1292844 0.2604280 0.1287101
v 0.1321822 0.2564774 0.1294301
v 0.1287729 0.2559887 0.1291285
v 0.1247570 0.2559258 0.1292824
v 0.1217977 0.2554573 0.1297777
v 0.1313525 0.2546940 0.1301191
v 0.1288227 0.2546104 0.1288590
v 0.1248672 0.2546493 0.1287249
v 0.1221341 0.2546070 0.1301187
v 0.1273615 0.2701344 0.1293517
v 0.1261729 0.2701361 0.1293506
v 0.1277643 0.2698625 0.1293048
v 0.1261672 0.2698720 0.1292445
v 0.1321909 0.2654057 0.1280080
v 0.1299382 0.2658646 0.1286075
v 0.1319330 0.2596912 0.1277396
v 0.1292723 0.2608517 0.1282627
v 0.1323017 0.2573122 0.1267768
v 0.1293613 0.2563199 0.1273699
v 0.1260252 0.2556254 0.1275267
v 0.1278462 0.2554712 0.1275927
v 0.1261659 0.2554803 0.1275368
v 0.1347183 0.2542132 0.1344640
v 0.1361712 0.2564274 0.1347172
v 0.1364575 0.2600542 0.1351563
v 0.1364640 0.2639743 0.1356344
v 0.1361711 0.2674980 0.1360676
v 0.1346578 0.2696441 0.1363470
v 0.1333311 0.2535439 0.1343984
v 0.1329768 0.2576327 0.1349013
v 0.1329827 0.2619062 0.1354225
v 0.1329885 0.2661797 0.1359437
v 0.1332582 0.2703058 0.1364439
v 0.1344962 0.2544150 0.1332957
v 0.1356582 0.2560769 0.1335779
v 0.1362271 0.2599347 0.1336813
v 0.1362383 0.2641345 0.1341712
v 0.1356670 0.2680233 0.1350354
v 0.1344474 0.2696992 0.1351415
v 0.1330676 0.2540207 0.1322287
v 0.1330768 0.2703279 0.1343246
v 0.1342075 0.2550679 0.1298297
v 0.1353671 0.2565583 0.1300023
v 0.1359002 0.2603863 0.1301547
v 0.1360081 0.2649215 0.1310042
v 0.1353833 0.2683936 0.1314458
v 0.1342278 0.2698850 0.1316369
v 0.1318920 0.2544296 0.1295239
v 0.1318935 0.2705921 0.1315351
v 0.1286922 0.2545345 0.1281161
v 0.1287719 0.2708646 0.1301986
v 0.1242807 0.2547215 0.1281331
v 0.1242607 0.2707002 0.1301898
v 0.1223592 0.2549810 0.1284523
v 0.1215133 0.2563572 0.1283366
v 0.1224849 0.2624803 0.1308335
v 0.1218465 0.2689412 0.1300407
v 0.1223947 0.2703369 0.1303107
v 0.1339705 0.2556312 0.1260567
v 0.1351819 0.2573089 0.1262642
v 0.1358784 0.2607463 0.1268427
v 0.1359180 0.2647108 0.1274426
v 0.1351973 0.2685640 0.1276369
v 0.1339905 0.2702456 0.1278392
v 0.1319852 0.2553099 0.1256447
v 0.1335229 0.2559474 0.1261468
v 0.1335421 0.2699183 0.1278508
v 0.1321874 0.2706631 0.1273540
v 0.1277510 0.2549586 0.1268814
v 0.1272336 0.2707037 0.1292019
v 0.1258942 0.2549219 0.1272871
v 0.1258244 0.2706723 0.1292169
v 0.1214525 0.2554991 0.1272907
v 0.1204716 0.2566358 0.1262876
v 0.1204767 0.2692426 0.1278500
v 0.1214588 0.2701150 0.1290592
v 0.1187389 0.2583458 0.1250805
v 0.1178670 0.2604105 0.1255504
v 0.1178761 0.2652009 0.1261374
v 0.1187460 0.2679008 0.1262662
v 0.1349235 0.2579395 0.1225086
v 0.1356438 0.2615177 0.1230342
v 0.1356953 0.2650346 0.1234143
v 0.1349385 0.2688553 0.1238400
v 0.1316876 0.2559409 0.1219138
v 0.1329363 0.2565169 0.1223405
v 0.1329552 0.2702819 0.1240194
v 0.1317082 0.2709469 0.1237441
v 0.1284971 0.2558932 0.1219802
v 0.1284211 0.2709735 0.1237276
v 0.1243644 0.2559102 0.1223135
v 0.1234228 0.2564854 0.1215203
v 0.1241153 0.2706029 0.1229462
v 0.1243850 0.2709005 0.1241418
v 0.1222938 0.2560465 0.1225993
v 0.1210198 0.2570707 0.1221807
v 0.1210373 0.2698150 0.1237351
v 0.1223140 0.2707051 0.1243872
v 0.1183486 0.2592237 0.1235266
v 0.1180279 0.2610256 0.1238004
v 0.1180704 0.2654283 0.1242815
v 0.1183445 0.2673950 0.1245539
v 0.1347475 0.2586514 0.1187681
v 0.1355075 0.2619455 0.1193984
v 0.1354988 0.2654746 0.1197069
v 0.1347618 0.2690638 0.1200381
v 0.1315092 0.2564332 0.1182622
v 0.1324670 0.2569714 0.1184861
v 0.1324859 0.2707684 0.1201689
v 0.1315297 0.2713473 0.1200812
v 0.1285983 0.2564400 0.1180982
v 0.1273931 0.2568046 0.1181439
v 0.1274127 0.2710264 0.1198785
v 0.1286188 0.2713879 0.1199214
v 0.1244339 0.2564417 0.1181513
v 0.1244801 0.2569327 0.1182242
v 0.1244992 0.2708906 0.1199266
v 0.1244545 0.2713848 0.1199739
v 0.1224588 0.2567229 0.1182499
v 0.1206607 0.2579722 0.1183667
v 0.1206770 0.2698576 0.1198164
v 0.1224786 0.2710935 0.1200026
v 0.1185933 0.2595491 0.1196306
v 0.1180534 0.2611475 0.1196620
v 0.1180630 0.2655984 0.1200847
v 0.1186049 0.2680288 0.1206648
v 0.1346120 0.2594716 0.1150416
v 0.1351974 0.2623556 0.1146312
v 0.1352145 0.2663289 0.1152002
v 0.1346253 0.2691637 0.1162237
v 0.1317552 0.2568665 0.1148487
v 0.1321608 0.2574707 0.1148898
v 0.1320202 0.2711669 0.1166033
v 0.1315882 0.2717606 0.1167248
v 0.1273136 0.2568112 0.1144022
v 0.1273276 0.2573068 0.1144673
v 0.1281574 0.2714223 0.1163736
v 0.1281472 0.2719191 0.1164292
v 0.1245834 0.2568764 0.1149382
v 0.1246289 0.2573683 0.1150053
v 0.1243329 0.2712491 0.1164013
v 0.1242775 0.2717417 0.1164539
v 0.1204769 0.2586964 0.1150997
v 0.1204923 0.2699404 0.1164711
v 0.1187304 0.2602239 0.1156987
v 0.1183620 0.2617609 0.1156564
v 0.1183745 0.2660664 0.1161006
v 0.1187415 0.2683185 0.1166860
v 0.1344317 0.2596851 0.1123208
v 0.1351897 0.2622770 0.1123126
v 0.1351827 0.2671244 0.1127993
v 0.1344351 0.2696133 0.1135515
v 0.1313063 0.2573405 0.1108748
v 0.1319234 0.2579897 0.1112249
v 0.1319035 0.2715450 0.1128547
v 0.1313125 0.2722475 0.1126988
v 0.1276174 0.2573538 0.1101432
v 0.1277840 0.2578272 0.1103492
v 0.1278134 0.2719065 0.1120657
v 0.1275793 0.2724222 0.1119134
v 0.1250625 0.2574175 0.1105139
v 0.1249973 0.2579288 0.1104999
v 0.1250163 0.2717789 0.1121890
v 0.1250470 0.2722625 0.1123816
v 0.1203516 0.2597881 0.1113890
v 0.1192663 0.2626591 0.1115040
v 0.1192758 0.2668845 0.1120131
v 0.1203996 0.2698007 0.1126327
v 0.1190262 0.2610159 0.1113174
v 0.1187911 0.2626898 0.1117530
v 0.1187809 0.2666426 0.1122895
v 0.1190341 0.2685969 0.1122445
v 0.1342393 0.2601388 0.1090919
v 0.1350116 0.2629841 0.1084896
v 0.1349641 0.2674520 0.1088017
v 0.1342527 0.2699472 0.1102882
v 0.1311608 0.2577976 0.1073922
v 0.1319194 0.2584012 0.1080611
v 0.1304645 0.2653815 0.1069573
v 0.1318549 0.2718967 0.1097741
v 0.1311380 0.2726430 0.1091908
v 0.1286035 0.2575809 0.1083543
v 0.1289722 0.2579387 0.1092297
v 0.1281778 0.2651784 0.1086482
v 0.1289961 0.2720639 0.1109522
v 0.1286120 0.2726139 0.1102580
v 0.1242044 0.2577583 0.1085916
v 0.1235026 0.2582100 0.1089298
v 0.1245223 0.2651677 0.1087766
v 0.1234969 0.2718932 0.1105419
v 0.1242344 0.2724099 0.1104136
v 0.1221547 0.2580372 0.1061440
v 0.1214008 0.2592395 0.1086573
v 0.1208271 0.2617215 0.1084652
v 0.1216780 0.2669605 0.1083994
v 0.1213701 0.2709159 0.1101178
v 0.1221749 0.2727283 0.1079359
v 0.1189726 0.2626731 0.1101864
v 0.1189794 0.2670566 0.1107202
v 0.1341517 0.2608394 0.1040039
v 0.1348275 0.2634072 0.1045209
v 0.1348210 0.2679013 0.1050524
v 0.1341693 0.2704624 0.1051558
v 0.1312435 0.2581819 0.1045487
v 0.1327278 0.2591432 0.1045057
v 0.1312028 0.2656651 0.1046235
v 0.1327352 0.2720152 0.1060895
v 0.1312827 0.2729444 0.1063389
v 0.1262977 0.2730654 0.1051257
v 0.1262775 0.2583743 0.1033339
v 0.1214481 0.2582569 0.1043510
v 0.1214683 0.2729480 0.1061428
v 0.1341148 0.2607701 0.1025278
v 0.1349132 0.2631941 0.1028142
v 0.1349277 0.2681112 0.1034138
v 0.1341548 0.2708808 0.1037607
v 0.1312225 0.2585678 0.1019919
v 0.1325589 0.2591125 0.1023462
v 0.1330752 0.2658412 0.1031584
v 0.1311750 0.2658411 0.1031810
v 0.1326635 0.2725042 0.1039780
v 0.1312699 0.2731786 0.1038022
v 0.1293861 0.2588406 0.0994756
v 0.1294063 0.2735317 0.1012674
v 0.1230723 0.2588395 0.0995553
v 0.1230924 0.2735307 0.1013472
v 0.1216932 0.2586023 0.1015163
v 0.1217134 0.2732934 0.1033082
v 0.1276623 0.2589512 0.0985887
v 0.1271999 0.2736518 0.1003077
v 0.1252537 0.2589604 0.0985402
v 0.1247933 0.2736418 0.1004170
v 0.1351018 0.2631775 0.1023619
v 0.1351421 0.2645033 0.1026526
v 0.1351396 0.2674593 0.1028831
v 0.1351238 0.2685226 0.1031110
v 0.1330941 0.2592668 0.1019941
v 0.1337231 0.2605580 0.1022178
v 0.1344335 0.2624703 0.1024397
v 0.1340620 0.2638069 0.1027334
v 0.1340677 0.2679154 0.1032345
v 0.1344842 0.2691419 0.1032520
v 0.1337995 0.2711357 0.1035109
v 0.1330956 0.2725188 0.1035023
v 0.1317506 0.2588041 0.1018090
v 0.1316404 0.2604968 0.1019774
v 0.1316552 0.2713166 0.1032971
v 0.1316706 0.2730132 0.1034295
v 0.1350251 0.2634747 0.1009237
v 0.1350499 0.2652089 0.1009173
v 0.1350468 0.2678295 0.1012371
v 0.1350548 0.2687838 0.1020049
v 0.1329569 0.2593772 0.1006846
v 0.1334703 0.2606461 0.0998581
v 0.1348491 0.2625310 0.1003800
v 0.1348274 0.2697989 0.1013544
v 0.1334435 0.2717343 0.1011695
v 0.1330044 0.2726784 0.1023469
v 0.1318077 0.2590008 0.1001693
v 0.1319878 0.2606553 0.0996325
v 0.1320030 0.2717255 0.1009827
v 0.1317063 0.2731852 0.1018600
v 0.1298836 0.2587099 0.0998678
v 0.1297440 0.2603299 0.1000635
v 0.1297599 0.2719438 0.1014800
v 0.1297211 0.2735437 0.1015721
v 0.1349245 0.2656073 0.0983637
v 0.1349243 0.2675312 0.0985985
v 0.1327627 0.2598461 0.0968149
v 0.1333618 0.2611485 0.0977403
v 0.1336672 0.2631099 0.0972490
v 0.1348505 0.2645167 0.0975816
v 0.1348735 0.2681240 0.0980210
v 0.1336872 0.2698500 0.0980707
v 0.1333794 0.2716792 0.0990006
v 0.1328537 0.2731320 0.0984523
v 0.1316255 0.2592873 0.0974364
v 0.1320149 0.2610208 0.0979088
v 0.1322349 0.2629085 0.0970392
v 0.1322448 0.2701610 0.0979238
v 0.1320297 0.2717849 0.0992217
v 0.1316985 0.2735306 0.0991991
v 0.1288696 0.2588757 0.0977455
v 0.1284131 0.2615295 0.0973400
v 0.1284882 0.2623302 0.0975955
v 0.1284995 0.2705988 0.0986040
v 0.1284881 0.2716466 0.0984919
v 0.1291597 0.2738281 0.0997814
v 0.1265065 0.2588449 0.0978251
v 0.1264790 0.2606776 0.0980459
v 0.1269940 0.2624997 0.0976653
v 0.1270048 0.2704215 0.0986315
v 0.1265592 0.2720681 0.0993751
v 0.1265845 0.2739235 0.0996961
v 0.1249378 0.2592495 0.0975391
v 0.1249274 0.2609708 0.0974583
v 0.1248906 0.2719522 0.0988158
v 0.1249686 0.2736131 0.0992859
v 0.1225661 0.2594741 0.0983699
v 0.1236112 0.2615485 0.0980483
v 0.1230357 0.2633373 0.0981806
v 0.1230297 0.2694785 0.0989556
v 0.1236017 0.2712299 0.0992226
v 0.1226239 0.2732096 0.1000362
v 0.1212331 0.2602997 0.0976039
v 0.1212500 0.2725874 0.0991026
v 0.1348275 0.2665355 0.0958743
v 0.1348456 0.2674367 0.0966351
v 0.1327453 0.2600309 0.0951498
v 0.1337255 0.2611093 0.0952489
v 0.1345834 0.2634202 0.0953721
v 0.1347720 0.2650444 0.0956942
v 0.1347763 0.2682446 0.0958674
v 0.1345790 0.2701855 0.0964583
v 0.1337450 0.2723482 0.0965762
v 0.1327748 0.2733678 0.0969933
v 0.1317730 0.2595771 0.0953771
v 0.1311765 0.2612702 0.0958661
v 0.1309295 0.2637912 0.0957107
v 0.1304706 0.2645993 0.0956218
v 0.1304851 0.2688735 0.0961318
v 0.1309295 0.2696140 0.0964105
v 0.1311912 0.2720361 0.0971792
v 0.1315975 0.2738694 0.0969217
v 0.1290855 0.2595024 0.0953188
v 0.1290067 0.2612116 0.0963914
v 0.1298429 0.2635857 0.0961418
v 0.1303321 0.2646429 0.0958207
v 0.1303378 0.2687755 0.0963247
v 0.1298449 0.2697192 0.0968915
v 0.1291697 0.2721456 0.0976565
v 0.1291295 0.2739374 0.0970827
v 0.1273566 0.2594171 0.0959980
v 0.1273307 0.2612900 0.0969103
v 0.1269224 0.2625510 0.0970870
v 0.1269333 0.2705109 0.0980578
v 0.1274889 0.2716679 0.0981519
v 0.1273907 0.2738195 0.0977184
v 0.1246786 0.2595451 0.0961445
v 0.1256205 0.2609308 0.0969916
v 0.1256358 0.2721100 0.0983551
v 0.1247107 0.2736625 0.0978664
v 0.1229173 0.2597671 0.0965493
v 0.1220757 0.2602711 0.0957456
v 0.1219843 0.2730061 0.0973732
v 0.1229080 0.2733555 0.0978485
v 0.1207764 0.2610128 0.0965025
v 0.1207640 0.2721373 0.0979009
v 0.1327214 0.2602646 0.0928992
v 0.1334644 0.2616473 0.0932515
v 0.1332097 0.2641641 0.0931699
v 0.1339105 0.2652328 0.0932232
v 0.1339765 0.2689592 0.0936682
v 0.1332231 0.2698652 0.0938662
v 0.1334476 0.2723422 0.0945570
v 0.1327282 0.2737164 0.0946488
v 0.1310370 0.2600241 0.0927793
v 0.1323817 0.2623821 0.0938623
v 0.1322637 0.2638170 0.0934978
v 0.1322421 0.2702892 0.0944593
v 0.1323941 0.2714352 0.0949665
v 0.1312522 0.2740454 0.0946404
v 0.1295368 0.2598055 0.0933740
v 0.1294916 0.2740856 0.0951684
v 0.1270193 0.2597834 0.0931936
v 0.1270959 0.2741447 0.0948769
v 0.1250295 0.2598934 0.0938126
v 0.1250681 0.2738849 0.0955195
v 0.1233409 0.2600772 0.0944758
v 0.1234062 0.2735648 0.0960929
v 0.1326294 0.2604243 0.0912940
v 0.1335984 0.2615049 0.0913944
v 0.1332074 0.2645351 0.0924880
v 0.1333752 0.2652998 0.0924623
v 0.1333748 0.2690618 0.0929213
v 0.1331495 0.2696397 0.0931511
v 0.1335687 0.2729476 0.0927916
v 0.1327172 0.2739110 0.0929367
v 0.1312865 0.2602829 0.0913949
v 0.1314668 0.2607490 0.0905673
v 0.1324511 0.2647818 0.0927244
v 0.1323804 0.2650274 0.0927459
v 0.1323860 0.2691358 0.0932470
v 0.1324574 0.2693792 0.0932851
v 0.1314983 0.2738026 0.0922964
v 0.1313078 0.2740849 0.0931534
v 0.1293100 0.2601136 0.0909775
v 0.1293089 0.2743385 0.0928053
v 0.1270760 0.2601186 0.0909619
v 0.1270571 0.2743365 0.0927571
v 0.1245732 0.2603981 0.0913685
v 0.1245912 0.2739781 0.0930807
v 0.1325131 0.2607657 0.0889580
v 0.1334582 0.2618632 0.0888055
v 0.1342630 0.2639742 0.0892129
v 0.1345630 0.2666823 0.0900516
v 0.1345361 0.2688460 0.0903163
v 0.1342706 0.2711042 0.0901687
v 0.1334850 0.2731538 0.0902255
v 0.1326396 0.2741232 0.0903680
v 0.1313169 0.2605343 0.0889564
v 0.1312449 0.2610281 0.0888279
v 0.1311926 0.2740144 0.0898554
v 0.1314461 0.2744017 0.0906819
v 0.1290826 0.2604097 0.0891416
v 0.1291859 0.2745073 0.0905390
v 0.1270735 0.2604445 0.0887846
v 0.1270853 0.2745497 0.0905496
v 0.1250198 0.2607123 0.0888904
v 0.1250851 0.2742502 0.0908278
v 0.1323701 0.2611291 0.0868456
v 0.1333548 0.2621843 0.0869500
v 0.1342041 0.2645523 0.0872198
v 0.1344335 0.2670334 0.0875185
v 0.1344088 0.2690770 0.0877681
v 0.1341486 0.2713502 0.0880502
v 0.1333235 0.2733539 0.0883135
v 0.1312420 0.2607771 0.0867540
v 0.1308072 0.2613303 0.0865675
v 0.1307869 0.2742400 0.0878253
v 0.1314254 0.2746272 0.0886862
v 0.1287377 0.2607468 0.0870468
v 0.1287563 0.2746705 0.0887445
v 0.1267818 0.2606939 0.0872157
v 0.1268302 0.2747115 0.0886803
v 0.1253371 0.2609691 0.0867649
v 0.1252515 0.2744588 0.0890898
v 0.1330626 0.2624870 0.0844023
v 0.1339912 0.2643443 0.0851301
v 0.1342335 0.2669209 0.0849248
v 0.1342388 0.2692905 0.0852138
v 0.1340180 0.2714843 0.0859144
v 0.1331407 0.2735567 0.0857511
v 0.1311036 0.2611715 0.0843278
v 0.1309060 0.2616719 0.0846188
v 0.1311759 0.2743702 0.0863019
v 0.1311435 0.2748820 0.0861946
v 0.1289778 0.2611834 0.0848572
v 0.1289957 0.2747717 0.0865141
v 0.1265736 0.2611643 0.0847042
v 0.1265724 0.2748349 0.0862867
v 0.1256412 0.2611280 0.0855352
v 0.1256483 0.2746677 0.0872322
v 0.1329818 0.2629844 0.0824690
v 0.1337366 0.2646914 0.0825452
v 0.1339862 0.2669135 0.0826789
v 0.1339840 0.2695946 0.0828784
v 0.1337653 0.2717611 0.0833477
v 0.1329686 0.2736531 0.0838178
v 0.1307200 0.2615752 0.0822298
v 0.1308818 0.2620520 0.0823449
v 0.1311212 0.2744726 0.0839580
v 0.1308352 0.2749694 0.0841810
v 0.1285070 0.2616587 0.0824647
v 0.1290182 0.2619285 0.0819204
v 0.1290548 0.2747503 0.0834695
v 0.1285409 0.2748841 0.0840634
v 0.1271221 0.2615058 0.0829587
v 0.1272016 0.2749251 0.0845394
v 0.1326152 0.2633509 0.0806507
v 0.1334034 0.2652450 0.0805760
v 0.1336891 0.2672992 0.0809086
v 0.1336871 0.2696393 0.0811430
v 0.1334130 0.2718482 0.0813830
v 0.1326270 0.2736735 0.0819191
v 0.1303406 0.2618096 0.0811030
v 0.1308672 0.2624609 0.0804780
v 0.1308793 0.2745636 0.0818549
v 0.1303557 0.2750362 0.0826902
v 0.1293605 0.2623025 0.0811330
v 0.1293848 0.2745808 0.0826287
v 0.1322366 0.2641823 0.0791123
v 0.1326375 0.2657212 0.0787785
v 0.1329491 0.2676639 0.0788106
v 0.1329505 0.2697510 0.0790395
v 0.1326462 0.2718254 0.0795248
v 0.1322488 0.2732398 0.0802197
v 0.1305999 0.2636171 0.0786228
v 0.1310613 0.2650855 0.0778131
v 0.1311624 0.2726457 0.0787545
v 0.1305233 0.2738715 0.0797711
v 0.1320560 0.2679826 0.0775751
v 0.1320552 0.2696835 0.0777585
v 0.1302784 0.2658752 0.0771639
v 0.1308838 0.2677210 0.0770069
v 0.1308960 0.2700614 0.0772658
v 0.1302857 0.2720489 0.0779046
v 0.1297840 0.2663977 0.0768737
v 0.1297417 0.2679654 0.0766869
v 0.1297444 0.2701431 0.0769495
v 0.1297863 0.2715309 0.0774589
v 0.1269740 0.2615497 0.0828590
v 0.1278640 0.2617401 0.0819875
v 0.1253580 0.2613126 0.0849632
v 0.1260193 0.2612823 0.0844530
v 0.1249687 0.2609902 0.0871573
v 0.1246003 0.2607364 0.0893527
v 0.1240650 0.2605865 0.0909955
v 0.1232456 0.2601457 0.0942717
v 0.1250519 0.2640311 0.0794129
v 0.1268038 0.2639560 0.0789779
v 0.1288105 0.2638616 0.0789647
v 0.1300323 0.2639498 0.0790787
v 0.1228833 0.2637362 0.0814142
v 0.1244886 0.2633438 0.0805747
v 0.1268417 0.2625957 0.0805625
v 0.1289070 0.2625495 0.0805996
v 0.1300891 0.2630132 0.0802349
v 0.1223992 0.2632109 0.0831352
v 0.1245227 0.2622163 0.0827041
v 0.1266237 0.2618384 0.0821165
v 0.1282570 0.2618884 0.0816432
v 0.1211857 0.2635866 0.0851880
v 0.1221383 0.2628247 0.0848736
v 0.1242565 0.2617147 0.0846503
v 0.1210394 0.2630934 0.0875413
v 0.1222231 0.2621171 0.0873871
v 0.1238997 0.2612930 0.0872040
v 0.1207183 0.2629556 0.0896026
v 0.1225528 0.2614910 0.0895383
v 0.1208957 0.2621663 0.0918088
v 0.1222092 0.2612050 0.0915992
v 0.1207928 0.2617505 0.0938907
v 0.1221159 0.2607298 0.0937737
v 0.1206652 0.2613591 0.0958168
v 0.1220502 0.2604267 0.0951842
v 0.1266919 0.2664135 0.0775362
v 0.1287737 0.2664359 0.0774664
v 0.1298564 0.2667095 0.0775246
v 0.1228328 0.2658967 0.0794797
v 0.1243721 0.2654811 0.0787368
v 0.1265687 0.2653177 0.0780687
v 0.1288819 0.2651748 0.0780347
v 0.1299313 0.2654616 0.0780243
v 0.1208220 0.2660817 0.0819175
v 0.1220764 0.2651414 0.0808271
v 0.1233561 0.2643917 0.0801276
v 0.1207349 0.2651750 0.0831725
v 0.1214947 0.2642888 0.0826723
v 0.1205231 0.2647832 0.0848513
v 0.1202825 0.2644204 0.0874708
v 0.1200804 0.2641754 0.0897029
v 0.1199631 0.2637874 0.0918499
v 0.1198150 0.2634962 0.0938772
v 0.1193726 0.2641951 0.0960542
v 0.1197092 0.2630188 0.0958683
v 0.1248332 0.2680269 0.0777733
v 0.1266336 0.2676992 0.0773367
v 0.1288555 0.2677827 0.0772644
v 0.1298266 0.2678239 0.0773942
v 0.1225011 0.2679637 0.0792545
v 0.1238514 0.2677921 0.0782888
v 0.1206574 0.2676274 0.0816945
v 0.1214283 0.2675118 0.0804507
v 0.1199820 0.2674909 0.0837258
v 0.1198588 0.2669117 0.0851611
v 0.1197043 0.2663812 0.0879314
v 0.1194692 0.2660622 0.0916906
v 0.1192668 0.2661166 0.0947391
v 0.1192236 0.2655731 0.0959687
v 0.1248683 0.2699734 0.0780111
v 0.1266895 0.2701697 0.0776132
v 0.1288565 0.2700930 0.0775348
v 0.1298313 0.2701420 0.0776902
v 0.1225546 0.2698370 0.0794752
v 0.1238834 0.2701968 0.0786025
v 0.1206735 0.2695743 0.0819710
v 0.1214584 0.2699811 0.0807756
v 0.1199974 0.2692735 0.0840150
v 0.1198983 0.2695407 0.0854689
v 0.1197266 0.2692355 0.0882556
v 0.1194858 0.2687040 0.0921025
v 0.1193030 0.2680556 0.0946346
v 0.1192368 0.2680588 0.0962676
v 0.1268296 0.2714458 0.0781238
v 0.1287806 0.2714507 0.0780785
v 0.1298712 0.2713356 0.0781607
v 0.1228405 0.2715066 0.0801640
v 0.1243812 0.2720844 0.0795422
v 0.1263609 0.2723444 0.0789258
v 0.1288919 0.2725377 0.0789334
v 0.1299521 0.2723697 0.0789632
v 0.1208284 0.2707465 0.0824865
v 0.1220857 0.2719180 0.0816537
v 0.1233676 0.2728104 0.0811545
v 0.1207433 0.2713252 0.0839227
v 0.1215057 0.2723037 0.0836498
v 0.1205321 0.2713026 0.0856464
v 0.1202916 0.2710257 0.0882765
v 0.1200893 0.2707275 0.0905021
v 0.1199725 0.2705885 0.0926794
v 0.1198244 0.2703843 0.0947174
v 0.1193795 0.2691837 0.0966626
v 0.1197193 0.2703693 0.0967648
v 0.1250647 0.2733276 0.0805468
v 0.1267807 0.2735329 0.0801972
v 0.1288236 0.2735889 0.0801518
v 0.1300323 0.2734374 0.0801790
v 0.1228962 0.2731386 0.0825610
v 0.1245028 0.2737170 0.0818399
v 0.1267762 0.2744257 0.0820053
v 0.1288934 0.2744941 0.0821211
v 0.1301492 0.2740634 0.0815277
v 0.1224129 0.2732362 0.0843581
v 0.1245393 0.2742995 0.0841779
v 0.1265856 0.2747925 0.0837115
v 0.1282627 0.2748638 0.0832348
v 0.1211977 0.2723814 0.0862607
v 0.1221526 0.2731939 0.0861383
v 0.1242737 0.2743193 0.0861877
v 0.1210520 0.2722948 0.0886636
v 0.1222384 0.2732764 0.0887482
v 0.1239173 0.2741158 0.0887680
v 0.1207306 0.2719340 0.0906977
v 0.1225691 0.2733662 0.0909867
v 0.1209094 0.2721694 0.0930289
v 0.1222256 0.2731494 0.0930560
v 0.1208069 0.2720728 0.0951497
v 0.1221329 0.2730882 0.0952811
v 0.1207151 0.2720210 0.0971218
v 0.1220850 0.2730540 0.0967128
v 0.1268833 0.2748947 0.0845644
v 0.1278466 0.2749268 0.0836262
v 0.1253763 0.2746314 0.0865877
v 0.1260203 0.2747767 0.0861483
v 0.1249553 0.2744020 0.0889243
v 0.1245757 0.2741219 0.0910582
v 0.1241407 0.2739009 0.0927015
v 0.1231825 0.2735057 0.0959552
f 429 484 365
f 365 306 364
f 306 304 363
f 306 363 364
f 252 251 565
f 565 251 655
f 565 655 656
f 256 321 499
f 495 656 499
f 499 656 668
f 499 668 256
f 495 565 656
f 256 252 321
f 321 252 317
f 696 704 507
f 503 696 507
f 503 507 325
f 325 507 264
f 325 264 260
f 704 264 507
f 576 704 507
f 745 524 733
f 733 524 518
f 524 745 755
f 538 763 550
f 550 763 628
f 763 768 628
f 292 281 349
f 349 281 338
f 349 338 538
f 538 338 524
f 538 524 763
f 763 524 755
f 260 264 261
f 292 304 293
f 293 304 306
f 253 257 258
f 252 253 251
f 251 253 255
f 253 258 254
f 253 254 255
f 261 257 260
f 260 257 256
f 256 257 252
f 252 257 253
f 271 264 270
f 283 277 276
f 276 277 272
f 276 272 271
f 276 282 283
f 294 293 306
f 266 263 265
f 265 263 262
f 272 266 271
f 271 266 265
f 262 259 261
f 261 259 258
f 261 258 257
f 264 271 265
f 281 292 282
f 282 292 293
f 372 373 313
f 372 313 312
f 312 313 243
f 312 243 242
f 242 243 247
f 242 247 246
f 246 247 129
f 246 129 128
f 128 129 136
f 128 136 135
f 135 136 3
f 135 3 2
f 2 3 16
f 2 16 15
f 15 16 29
f 15 29 28
f 28 29 42
f 28 42 41
f 54 55 69
f 54 69 68
f 68 69 84
f 68 84 83
f 83 84 180
f 83 180 179
f 179 180 187
f 179 187 186
f 186 187 196
f 186 196 195
f 195 196 279
f 195 279 278
f 278 279 343
f 278 343 342
f 342 343 408
f 342 408 407
f 790 791 786
f 790 786 785
f 785 786 780
f 785 780 779
f 779 780 774
f 779 774 773
f 773 774 645
f 773 645 644
f 644 645 638
f 644 638 637
f 637 638 559
f 637 559 558
f 558 559 491
f 558 491 490
f 490 491 436
f 490 436 435
f 463 464 528
f 463 528 527
f 527 528 608
f 527 608 607
f 607 608 735
f 607 735 734
f 734 735 726
f 734 726 725
f 725 726 808
f 725 808 807
f 807 808 804
f 807 804 803
f 803 804 800
f 803 800 799
f 799 800 796
f 799 796 795
f 116 110 117
f 74 60 61
f 295 291 229
f 87 86 71
f 199 200 208
f 691 677 676
f 633 555 560
f 40 39 26
f 429 484 482
f 170 67 169
f 80 79 65
f 481 549 548
f 713 722 723
f 694 693 712
f 692 691 702
f 293 292 228
f 305 293 294
f 206 288 217
f 217 288 228
f 228 288 293
f 206 283 282
f 206 282 288
f 272 277 185
f 178 267 272
f 178 266 267
f 165 166 262
f 152 159 158
f 158 159 165
f 165 159 166
f 151 152 158
f 254 145 144
f 145 152 144
f 144 152 151
f 13 140 14
f 8 134 1
f 554 557 631
f 662 649 661
f 649 662 650
f 650 662 663
f 650 663 664
f 650 664 651
f 665 652 651
f 665 651 664
f 666 667 655
f 667 656 655
f 668 656 667
f 733 704 724
f 763 755 754
f 767 768 763
f 767 763 762
f 628 768 767
f 627 628 767
f 628 627 549
f 628 549 550
f 481 550 549
f 483 551 482
f 482 551 550
f 786 787 781
f 786 781 780
f 638 645 775
f 775 645 774
f 775 639 638
f 560 559 638
f 560 638 632
f 632 638 639
f 492 491 560
f 491 492 437
f 491 437 436
f 374 436 437
f 374 373 436
f 314 313 374
f 374 313 373
f 137 129 130
f 130 129 247
f 130 247 248
f 248 247 244
f 244 247 243
f 244 243 313
f 244 313 314
f 137 136 129
f 4 16 137
f 137 16 3
f 137 3 136
f 17 16 4
f 30 29 16
f 30 16 17
f 56 55 43
f 43 55 42
f 43 42 30
f 30 42 29
f 70 69 56
f 56 69 55
f 85 84 70
f 70 84 69
f 188 187 85
f 85 187 84
f 196 187 188
f 280 279 196
f 285 343 284
f 344 343 285
f 465 464 408
f 529 464 465
f 609 608 529
f 529 608 528
f 608 609 736
f 608 736 735
f 735 736 726
f 726 736 727
f 809 808 727
f 727 808 726
f 805 800 804
f 76 77 91
f 91 77 92
f 90 61 75
f 90 75 76
f 24 37 23
f 23 37 36
f 38 37 25
f 25 37 24
f 39 52 51
f 39 51 38
f 79 64 65
f 412 469 409
f 409 469 466
f 466 465 409
f 418 417 414
f 414 413 412
f 412 413 469
f 418 472 417
f 419 472 418
f 751 759 760
f 741 751 752
f 722 721 732
f 741 742 732
f 674 675 662
f 674 662 661
f 660 673 661
f 661 673 674
f 660 659 672
f 660 672 673
f 783 789 659
f 659 789 671
f 659 671 672
f 800 801 796
f 721 722 713
f 721 713 712
f 712 713 694
f 743 723 742
f 742 723 722
f 742 722 732
f 544 476 477
f 623 545 546
f 423 477 422
f 760 759 765
f 765 759 764
f 765 764 625
f 625 764 624
f 625 624 547
f 761 760 766
f 766 760 765
f 766 765 626
f 626 765 625
f 626 625 548
f 548 625 547
f 742 741 752
f 742 752 743
f 743 752 753
f 694 713 695
f 695 713 723
f 695 723 696
f 743 753 744
f 743 744 723
f 723 744 724
f 723 724 696
f 696 724 704
f 751 760 752
f 752 760 761
f 752 761 753
f 753 761 754
f 753 754 744
f 724 744 745
f 724 745 733
f 763 754 762
f 761 762 754
f 744 754 755
f 744 755 745
f 548 549 626
f 626 549 627
f 626 627 766
f 766 627 767
f 766 767 761
f 761 767 762
f 484 483 482
f 481 482 550
f 424 477 423
f 423 422 357
f 232 223 233
f 233 223 224
f 423 358 359
f 423 359 424
f 424 359 360
f 424 360 425
f 358 299 300
f 358 300 359
f 359 300 360
f 360 300 301
f 234 301 233
f 233 301 300
f 233 224 234
f 234 224 225
f 94 79 80
f 94 80 95
f 78 79 94
f 81 80 66
f 66 65 52
f 79 78 64
f 235 225 226
f 80 81 95
f 95 81 96
f 52 53 66
f 66 67 81
f 65 66 80
f 67 170 82
f 82 170 175
f 212 120 213
f 213 120 202
f 213 202 214
f 214 202 203
f 204 203 192
f 82 81 67
f 169 67 66
f 169 66 162
f 162 66 53
f 623 545 544
f 547 546 479
f 547 479 480
f 480 479 426
f 480 426 481
f 481 426 427
f 481 427 428
f 428 427 363
f 428 363 429
f 425 360 361
f 362 361 303
f 362 303 363
f 363 303 304
f 363 304 364
f 236 303 235
f 545 544 477
f 545 477 546
f 546 477 478
f 546 478 479
f 479 478 425
f 479 425 426
f 427 426 362
f 427 362 363
f 428 429 482
f 428 482 481
f 480 481 548
f 480 548 547
f 546 547 624
f 546 624 623
f 364 365 363
f 363 365 429
f 360 301 302
f 360 302 361
f 361 302 303
f 364 304 305
f 305 304 293
f 305 294 306
f 236 235 227
f 227 235 226
f 227 226 216
f 216 226 215
f 204 205 215
f 214 225 224
f 214 203 204
f 204 192 193
f 176 177 183
f 176 183 182
f 97 182 181
f 181 182 191
f 172 177 176
f 82 175 97
f 82 97 96
f 183 184 194
f 184 178 185
f 185 178 272
f 184 185 194
f 194 185 277
f 194 277 206
f 206 277 283
f 165 262 263
f 165 263 172
f 172 263 266
f 38 25 26
f 26 13 140
f 40 162 53
f 27 148 40
f 40 148 155
f 40 155 162
f 162 163 169
f 169 163 170
f 39 38 26
f 27 26 140
f 27 140 141
f 163 162 156
f 156 162 155
f 156 155 149
f 149 155 148
f 149 148 142
f 142 148 141
f 677 691 692
f 692 702 703
f 703 702 711
f 655 654 666
f 666 654 680
f 680 654 653
f 680 653 679
f 679 653 665
f 665 653 652
f 664 678 665
f 665 678 679
f 679 694 680
f 142 143 149
f 149 143 150
f 149 150 156
f 156 150 157
f 156 157 163
f 163 157 164
f 163 164 171
f 163 171 170
f 170 171 175
f 52 39 53
f 53 39 40
f 27 40 26
f 148 27 141
f 143 144 150
f 150 144 151
f 150 151 157
f 157 151 158
f 157 158 164
f 164 158 165
f 164 165 171
f 171 165 172
f 666 680 681
f 666 681 667
f 667 681 682
f 667 682 668
f 678 692 693
f 678 693 679
f 679 693 694
f 680 694 695
f 680 695 681
f 681 695 696
f 681 696 682
f 32 31 19
f 19 31 18
f 19 18 6
f 6 18 5
f 6 5 132
f 314 238 244
f 244 238 245
f 238 239 245
f 245 239 125
f 245 125 124
f 124 125 131
f 131 125 132
f 131 132 5
f 369 370 309
f 309 370 310
f 371 366 311
f 311 366 307
f 366 308 307
f 307 308 311
f 311 308 237
f 311 237 240
f 240 237 241
f 21 8 34
f 34 8 35
f 34 35 47
f 8 22 35
f 35 22 23
f 35 23 36
f 8 9 22
f 22 9 10
f 22 10 23
f 23 10 11
f 23 11 24
f 24 11 12
f 24 12 25
f 25 12 13
f 25 13 26
f 26 13 139
f 13 139 140
f 560 488 492
f 492 488 433
f 433 488 434
f 433 434 368
f 368 434 369
f 368 369 314
f 314 369 309
f 314 309 238
f 238 309 310
f 238 310 239
f 560 555 488
f 367 308 366
f 367 366 432
f 432 366 431
f 432 431 486
f 486 431 489
f 629 633 634
f 630 634 635
f 634 630 629
f 629 630 556
f 489 556 486
f 486 487 432
f 641 771 772
f 630 631 556
f 556 631 557
f 556 557 554
f 556 554 486
f 486 554 487
f 780 775 774
f 769 639 775
f 640 639 769
f 640 769 770
f 770 769 775
f 770 775 776
f 787 792 793
f 781 787 788
f 781 788 782
f 782 788 789
f 782 789 783
f 775 780 781
f 775 781 776
f 776 781 782
f 776 782 783
f 776 783 777
f 777 783 784
f 777 784 778
f 771 777 772
f 642 772 646
f 642 646 647
f 647 643 642
f 640 633 639
f 639 633 632
f 783 659 784
f 784 659 778
f 643 636 642
f 642 636 635
f 642 635 772
f 772 642 641
f 641 642 635
f 641 635 634
f 632 633 560
f 559 560 491
f 633 640 634
f 634 640 641
f 641 640 770
f 641 770 771
f 771 770 776
f 771 776 777
f 772 777 778
f 772 778 646
f 646 778 659
f 646 659 647
f 647 659 660
f 647 660 661
f 647 661 648
f 648 661 649
f 676 690 691
f 711 712 703
f 703 712 693
f 703 693 692
f 692 678 677
f 677 678 664
f 677 664 676
f 676 664 663
f 676 663 675
f 675 663 662
f 801 797 796
f 796 797 792
f 796 792 791
f 791 792 786
f 786 792 787
f 788 787 793
f 801 800 805
f 805 804 809
f 809 804 808
f 529 528 464
f 279 280 285
f 285 280 197
f 412 409 345
f 345 409 344
f 197 280 196
f 285 284 279
f 207 286 198
f 409 408 344
f 345 344 286
f 289 286 287
f 244 245 123
f 123 245 124
f 123 124 130
f 130 124 131
f 130 131 137
f 137 131 138
f 137 138 4
f 4 138 5
f 4 5 17
f 17 5 18
f 17 18 30
f 30 18 31
f 30 31 43
f 43 31 44
f 43 44 56
f 56 44 57
f 56 57 70
f 70 57 71
f 70 71 85
f 85 71 86
f 85 86 188
f 188 86 98
f 414 412 347
f 347 412 346
f 347 346 289
f 289 346 345
f 198 197 188
f 188 197 196
f 189 198 188
f 208 207 198
f 208 198 199
f 208 286 207
f 289 290 347
f 347 290 348
f 347 348 353
f 88 87 72
f 72 87 71
f 72 71 58
f 58 71 57
f 58 57 45
f 45 57 44
f 45 44 31
f 109 200 108
f 108 200 199
f 108 199 99
f 99 199 198
f 99 198 189
f 89 88 73
f 33 46 32
f 33 32 20
f 20 32 19
f 20 19 7
f 7 19 6
f 7 6 133
f 133 6 132
f 133 132 126
f 126 132 125
f 126 125 121
f 121 125 240
f 240 125 239
f 240 239 311
f 311 239 310
f 311 310 371
f 371 310 370
f 371 370 366
f 366 370 369
f 366 369 431
f 431 369 434
f 431 434 489
f 489 434 488
f 489 488 556
f 556 488 555
f 556 555 629
f 629 555 633
f 73 88 72
f 73 72 59
f 59 72 58
f 59 58 46
f 46 58 45
f 46 45 32
f 32 45 31
f 209 208 200
f 209 200 201
f 201 200 109
f 138 131 5
f 544 543 476
f 476 543 475
f 421 475 474
f 421 474 420
f 420 474 473
f 420 473 419
f 419 473 472
f 348 290 353
f 290 219 291
f 290 291 295
f 290 295 353
f 353 295 354
f 354 295 296
f 229 291 220
f 220 291 219
f 346 412 345
f 345 286 289
f 289 287 290
f 290 287 218
f 290 218 219
f 219 218 209
f 219 209 210
f 210 209 115
f 210 115 116
f 116 115 109
f 116 109 110
f 286 285 197
f 286 197 198
f 408 343 344
f 344 285 286
f 287 286 208
f 287 208 218
f 218 208 209
f 209 201 115
f 115 201 109
f 61 90 89
f 61 89 74
f 34 47 33
f 34 33 21
f 21 33 20
f 21 20 8
f 8 20 7
f 8 7 134
f 134 7 133
f 134 133 127
f 127 133 126
f 127 126 122
f 122 126 121
f 122 121 240
f 122 240 241
f 47 35 48
f 47 48 60
f 60 48 61
f 408 409 465
f 414 347 353
f 414 353 418
f 418 353 354
f 418 354 419
f 354 296 355
f 355 296 297
f 355 297 356
f 295 229 296
f 477 476 422
f 422 476 421
f 422 421 356
f 422 356 357
f 357 356 298
f 298 356 297
f 230 220 221
f 230 221 222
f 222 221 119
f 222 119 223
f 223 119 120
f 223 120 212
f 231 232 299
f 233 300 232
f 232 300 299
f 235 303 302
f 235 302 234
f 234 302 301
f 193 205 204
f 204 215 214
f 213 214 224
f 213 224 212
f 212 224 223
f 205 216 215
f 215 226 214
f 214 226 225
f 220 219 211
f 220 211 117
f 220 117 118
f 119 118 113
f 358 423 357
f 358 357 299
f 299 357 298
f 299 298 231
f 231 298 297
f 231 297 230
f 230 297 296
f 230 296 229
f 229 220 230
f 231 230 222
f 231 222 232
f 232 222 223
f 234 225 235
f 117 110 111
f 210 116 117
f 117 111 112
f 104 112 111
f 104 111 103
f 103 111 110
f 103 110 102
f 102 110 101
f 101 110 109
f 92 104 103
f 92 103 91
f 118 117 112
f 112 104 113
f 113 104 105
f 113 105 106
f 190 106 107
f 190 107 191
f 191 107 96
f 191 96 181
f 181 96 97
f 182 97 175
f 182 175 176
f 219 210 211
f 211 210 117
f 118 112 113
f 114 113 106
f 114 106 202
f 202 106 190
f 202 190 203
f 203 190 191
f 192 191 182
f 184 183 177
f 184 177 178
f 178 177 172
f 178 172 266
f 94 93 78
f 78 93 92
f 78 92 77
f 171 172 176
f 171 176 175
f 81 82 96
f 95 96 107
f 95 107 94
f 94 107 106
f 94 106 105
f 94 105 93
f 93 105 104
f 93 104 92
f 91 103 102
f 91 102 90
f 90 102 101
f 90 101 89
f 89 101 88
f 88 101 100
f 88 100 87
f 87 100 99
f 87 99 86
f 86 99 98
f 221 220 118
f 221 118 119
f 120 119 113
f 120 113 114
f 120 114 202
f 203 191 192
f 192 182 193
f 193 182 183
f 193 183 194
f 193 194 205
f 205 194 206
f 205 206 216
f 216 206 217
f 216 217 227
f 227 217 228
f 227 228 292
f 227 292 236
f 236 292 304
f 236 304 303
f 636 631 635
f 635 631 630
f 437 492 433
f 437 433 374
f 374 433 368
f 374 368 314
f 248 244 130
f 130 244 123
f 188 98 189
f 189 98 99
f 99 100 108
f 108 100 101
f 108 101 109
f 419 354 355
f 419 355 420
f 420 355 356
f 420 356 421
f 475 421 476
f 478 477 424
f 478 424 425
f 426 425 361
f 426 361 362
f 365 364 305
f 365 305 306
f 46 33 47
f 46 47 59
f 59 47 60
f 59 60 73
f 73 60 74
f 73 74 89
f 91 90 76
f 284 343 279
f 42 55 168
f 42 168 161
f 187 180 84
f 293 288 282
f 272 267 266
f 159 259 166
f 166 259 262
f 259 159 258
f 258 159 152
f 152 145 258
f 258 145 254
f 647 648 8
f 8 648 9
f 9 648 649
f 9 649 10
f 255 254 251
f 251 254 144
f 251 144 143
f 143 142 251
f 251 142 141
f 251 141 140
f 10 649 11
f 652 140 651
f 649 650 11
f 11 650 12
f 12 650 13
f 13 650 651
f 652 653 140
f 140 653 654
f 655 251 140
f 655 140 654
f 651 140 139
f 651 139 13
f 575 701 569
f 603 612 604
f 789 794 685
f 789 685 671
f 674 673 687
f 536 542 543
f 603 602 612
f 595 594 602
f 585 584 595
f 595 584 594
f 536 535 542
f 613 531 536
f 614 613 536
f 614 536 619
f 619 536 537
f 537 536 543
f 537 543 619
f 535 536 531
f 613 614 605
f 585 595 586
f 586 595 596
f 597 587 596
f 597 596 604
f 597 598 588
f 741 740 750
f 750 740 739
f 750 739 749
f 750 749 758
f 758 749 620
f 758 620 621
f 621 620 623
f 623 620 622
f 758 759 750
f 750 759 751
f 750 751 741
f 615 620 749
f 615 749 606
f 606 749 739
f 739 740 731
f 543 622 619
f 619 622 620
f 619 620 614
f 614 620 615
f 614 615 605
f 605 615 606
f 605 606 598
f 598 606 739
f 598 739 730
f 730 739 731
f 741 732 740
f 740 732 731
f 730 731 720
f 730 720 719
f 604 605 597
f 587 597 588
f 578 585 579
f 579 585 586
f 573 578 574
f 574 578 579
f 575 574 580
f 579 580 574
f 575 569 568
f 702 701 575
f 702 575 710
f 710 575 580
f 710 580 581
f 568 689 567
f 689 675 567
f 567 675 674
f 701 690 569
f 569 690 568
f 568 690 689
f 586 587 580
f 581 719 710
f 710 719 720
f 710 720 711
f 595 604 596
f 580 587 588
f 580 588 581
f 581 588 719
f 708 707 716
f 716 707 802
f 716 802 806
f 708 716 717
f 709 717 718
f 709 718 577
f 577 718 584
f 584 585 578
f 584 578 577
f 717 709 708
f 577 708 709
f 577 709 572
f 572 577 573
f 573 577 578
f 700 708 572
f 572 708 577
f 686 685 699
f 686 699 700
f 672 671 685
f 685 794 793
f 686 672 685
f 798 793 797
f 573 567 572
f 687 686 566
f 566 686 700
f 566 700 572
f 572 700 571
f 686 687 673
f 686 673 672
f 566 572 567
f 566 567 687
f 687 567 688
f 687 688 674
f 674 688 567
f 530 531 613
f 530 535 531
f 604 613 605
f 597 605 598
f 598 730 588
f 588 730 719
f 603 595 602
f 530 603 612
f 603 604 595
f 732 721 720
f 732 720 731
f 587 586 596
f 613 604 612
f 613 612 530
f 699 685 793
f 699 793 798
f 798 802 699
f 699 802 707
f 699 707 700
f 700 707 708
f 579 586 580
f 574 575 568
f 574 568 573
f 573 568 567
f 643 647 1
f 1 647 8
f 432 487 643
f 308 367 134
f 134 367 1
f 1 367 643
f 643 367 432
f 237 308 127
f 308 134 127
f 487 554 643
f 643 554 636
f 122 237 127
f 237 122 241
f 636 554 631
f 450 473 541
f 450 541 535
f 450 535 530
f 450 530 612
f 612 602 450
f 602 594 450
f 450 594 584
f 450 584 718
f 450 718 449
f 449 718 717
f 449 717 716
f 716 806 449
f 809 453 805
f 805 453 448
f 805 448 449
f 805 449 806
f 529 465 453
f 453 809 727
f 453 727 736
f 453 609 529
f 453 736 609
f 405 398 397
f 397 404 405
f 405 404 410
f 405 410 411
f 410 469 412
f 410 469 413
f 410 413 411
f 411 413 414
f 411 414 417
f 411 417 472
f 535 541 542
f 543 544 622
f 621 623 758
f 702 691 690
f 544 623 622
f 474 475 543
f 623 624 764
f 542 474 543
f 721 712 711
f 541 473 474
f 541 474 542
f 623 764 759
f 721 711 720
f 701 702 690
f 758 623 759
f 710 711 702
f 690 676 675
f 690 675 689
f 805 806 801
f 789 672 671
f 806 802 801
f 801 802 797
f 793 789 788
f 794 789 793
f 793 792 797
f 798 797 802
f 395 78 394
f 394 78 77
f 388 64 395
f 395 64 78
f 389 65 388
f 388 65 64
f 52 389 384
f 389 52 65
f 383 52 384
f 381 38 51
f 381 51 383
f 383 51 52
f 380 38 381
f 380 37 38
f 37 380 36
f 36 380 379
f 378 35 36
f 378 36 379
f 35 378 382
f 35 382 48
f 387 61 382
f 382 61 48
f 61 387 75
f 75 387 392
f 393 76 392
f 392 76 75
f 394 77 393
f 393 77 76
f 77 394 76
f 76 394 393
f 387 61 392
f 392 61 75
f 380 37 379
f 379 37 36
f 394 77 395
f 395 77 78
f 48 35 36
f 63 78 77
f 51 52 65
f 50 37 38
f 50 36 37
f 61 48 49
f 62 76 75
f 62 75 61
f 77 76 63
f 63 76 62
f 51 65 64
f 51 64 63
f 63 64 78
f 36 50 49
f 36 49 48
f 38 51 50
f 50 51 63
f 50 63 62
f 50 62 49
f 49 62 61
f 469 410 466
f 460 397 454
f 397 460 404
f 454 449 448
f 454 448 453
f 450 449 454
f 450 454 455
f 454 397 398
f 455 454 398
f 467 450 455
f 398 405 461
f 461 455 398
f 472 473 450
f 472 450 467
f 472 467 411
f 256 668 682
f 256 682 260
f 260 682 696
f 325 260 503
f 503 260 696
f 503 696 570
f 704 733 599
f 270 264 514
f 514 264 704
f 514 704 589
f 589 704 599
f 599 733 518
f 779 773 644
f 725 795 734
f 725 799 795
f 607 734 795
f 807 803 725
f 725 803 799
f 795 697 705
f 195 278 54
f 153 41 160
f 644 637 790
f 790 785 644
f 644 785 779
f 795 790 697
f 697 790 683
f 683 790 669
f 669 790 657
f 246 128 41
f 41 128 135
f 41 135 28
f 173 167 54
f 173 54 179
f 186 68 83
f 186 83 179
f 2 15 135
f 135 15 28
f 402 336 407
f 54 68 186
f 54 186 195
f 438 435 375
f 375 435 372
f 561 563 558
f 372 246 315
f 372 315 375
f 278 342 407
f 490 435 558
f 558 563 644
f 246 41 146
f 246 146 135
f 458 463 522
f 590 600 607
f 435 561 558
f 637 558 790
f 790 558 644
f 790 644 657
f 435 438 493
f 435 493 561
f 41 153 146
f 135 249 246
f 179 54 278
f 179 278 268
f 268 278 273
f 312 242 372
f 372 242 246
f 407 336 278
f 402 407 463
f 402 463 458
f 600 522 463
f 607 600 463
f 607 463 527
f 705 714 795
f 795 714 607
f 607 714 725
f 607 725 590
f 438 494 493
f 493 494 562
f 493 562 561
f 561 562 564
f 561 564 563
f 563 564 645
f 563 645 644
f 644 645 658
f 644 658 657
f 657 658 670
f 657 670 669
f 669 670 684
f 669 684 683
f 683 684 698
f 683 698 697
f 697 698 706
f 697 706 705
f 705 706 715
f 705 715 714
f 714 715 726
f 714 726 725
f 725 726 591
f 725 591 590
f 590 591 601
f 590 601 600
f 600 601 523
f 600 523 522
f 522 523 459
f 522 459 458
f 458 459 403
f 458 403 402
f 402 403 337
f 402 337 336
f 336 337 279
f 336 279 278
f 278 279 274
f 278 274 273
f 273 274 269
f 273 269 268
f 268 269 180
f 268 180 179
f 179 180 174
f 179 174 173
f 173 174 168
f 173 168 167
f 167 168 161
f 167 161 160
f 160 161 154
f 160 154 153
f 153 154 147
f 153 147 146
f 146 147 136
f 146 136 135
f 135 136 250
f 135 250 249
f 249 250 247
f 249 247 246
f 246 247 316
f 246 316 315
f 315 316 376
f 315 376 375
f 375 376 439
f 375 439 438
f 438 439 494
f 698 168 174
f 168 698 161
f 715 706 174
f 174 706 698
f 698 684 161
f 161 684 670
f 161 670 658
f 494 439 161
f 161 439 154
f 154 439 376
f 154 376 147
f 337 403 715
f 715 403 459
f 161 562 494
f 715 174 180
f 161 658 645
f 180 269 715
f 715 269 274
f 376 316 147
f 147 316 247
f 247 250 147
f 147 250 136
f 274 279 715
f 715 279 337
f 459 523 715
f 715 523 726
f 726 523 601
f 645 564 161
f 161 564 562
f 601 591 726
f 407 408 463
f 463 408 464
f 795 796 790
f 790 796 791
f 435 436 372
f 372 436 373
f 41 42 160
f 160 42 161
f 167 168 54
f 54 168 55
f 552 483 484
f 484 485 553
f 484 553 552
f 430 485 484
f 429 430 484
f 552 550 551
f 552 551 483
f 471 538 539
f 471 349 538
f 293 292 349
f 471 350 349
f 349 350 293
f 350 471 351
f 351 471 416
f 416 352 351
f 471 539 540
f 430 429 365
f 538 550 552
f 538 552 539
f 292 349 304
f 304 349 363
f 350 351 365
f 364 350 365
f 350 364 363
f 350 363 349
f 416 430 351
f 351 430 365
f 430 416 471
f 430 471 485
f 485 471 540
f 485 540 553
f 553 540 539
f 553 539 552
f 507 261 264
f 261 507 508
f 509 261 508
f 509 386 262
f 509 262 261
f 510 446 509
f 509 446 386
f 447 446 509
f 508 329 330
f 391 447 509
f 508 330 509
f 509 330 391
f 329 508 507
f 329 507 266
f 266 507 264
f 266 264 265
f 330 390 391
f 266 390 329
f 390 330 329
f 262 386 265
f 265 386 390
f 446 447 391
f 446 391 386
f 386 391 390
f 266 265 390
f 519 276 333
f 276 519 275
f 275 519 518
f 400 456 520
f 520 456 521
f 333 334 519
f 519 334 400
f 519 400 520
f 272 271 331
f 452 515 516
f 452 331 271
f 452 271 515
f 515 271 270
f 515 270 514
f 516 517 452
f 517 451 452
f 396 332 452
f 452 332 331
f 400 401 457
f 400 457 456
f 272 277 271
f 271 277 276
f 515 519 520
f 515 520 516
f 518 514 599
f 599 514 589
f 514 518 515
f 515 518 519
f 401 396 452
f 401 452 457
f 457 452 451
f 457 451 456
f 456 451 517
f 456 517 521
f 521 517 516
f 521 516 520
f 277 272 334
f 334 272 331
f 400 335 401
f 277 334 333
f 277 333 276
f 335 400 334
f 401 335 396
f 396 335 332
f 335 334 332
f 332 334 331
f 565 495 252
f 495 317 252
f 317 495 496
f 317 496 497
f 317 497 498
f 317 498 252
f 440 252 498
f 440 377 252
f 252 377 253
f 321 317 256
f 256 317 252
f 253 257 256
f 253 256 252
f 443 442 324
f 322 323 499
f 443 442 501
f 499 323 324
f 500 324 501
f 501 324 442
f 499 257 322
f 442 502 501
f 324 500 499
f 256 257 499
f 500 496 495
f 500 495 499
f 319 323 318
f 318 323 322
f 319 318 377
f 320 377 441
f 320 319 377
f 323 319 324
f 324 319 320
f 324 320 443
f 443 320 441
f 440 441 377
f 253 377 318
f 253 318 257
f 257 318 322
f 500 501 496
f 496 501 497
f 443 441 440
f 443 440 442
f 442 440 498
f 442 498 502
f 502 498 497
f 502 497 501
f 503 325 504
f 504 325 326
f 505 385 444
f 505 444 506
f 504 326 385
f 504 385 505
f 505 444 445
f 505 445 504
f 445 327 326
f 445 326 504
f 445 328 327
f 445 444 328
f 260 325 261
f 261 325 326
f 326 327 385
f 385 445 444
f 385 328 445
f 327 328 385
f 400 399 456
f 275 518 520
f 399 275 456
f 520 521 275
f 275 521 456
f 524 340 341
f 524 339 340
f 281 524 338
f 524 281 339
f 524 341 525
f 525 341 406
f 525 406 462
f 281 282 339
f 462 526 525
f 339 406 341
f 341 340 339
f 275 399 276
f 276 399 400
f 400 406 339
f 339 282 276
f 339 276 400
f 524 525 520
f 524 520 518
f 406 400 456
f 406 456 462
f 462 456 521
f 462 521 526
f 526 521 520
f 526 520 525
f 455 618 513
f 513 618 757
f 405 411 455
f 455 411 467
f 455 470 534
f 757 748 513
f 748 738 513
f 455 467 470
f 455 534 618
f 729 584 738
f 584 513 738
f 513 594 455
f 467 461 534
f 467 534 470
f 748 461 455
f 594 729 455
f 455 729 738
f 461 618 534
f 461 748 611
f 461 611 618
f 455 738 748
f 455 461 405
f 461 467 455
f 611 748 757
f 611 757 618
f 584 594 513
f 729 594 584
f 583 728 404
f 737 404 728
f 404 737 747
f 404 747 756
f 410 404 466
f 454 583 404
f 756 617 404
f 533 469 404
f 404 469 466
f 454 512 583
f 617 533 404
f 465 592 453
f 453 592 582
f 582 511 453
f 592 465 468
f 592 468 727
f 727 468 532
f 746 532 616
f 746 736 532
f 532 736 727
f 746 616 609
f 583 593 728
f 617 756 610
f 610 756 747
f 404 460 454
f 454 453 511
f 454 511 512
f 512 511 582
f 512 582 583
f 582 592 583
f 583 592 593
f 466 469 465
f 465 469 468
f 593 592 727
f 593 727 728
f 728 727 736
f 728 736 737
f 737 736 746
f 737 746 747
f 747 746 609
f 747 609 610
f 610 609 616
f 610 616 617
f 617 616 532
f 617 532 533
f 533 532 468
f 533 468 469
f 416 430 429
f 416 429 415
f 902 911 901
f 911 910 901
f 900 888 894
f 854 834 870
f 870 834 894
f 888 886 894
f 894 886 870
f 834 854 836
f 838 820 836
f 836 820 816
f 816 820 838
f 854 850 834
f 884 850 870
f 870 850 854
f 836 816 838
f 884 870 886
f 886 894 884
f 908 898 901
f 901 898 900
f 900 898 894
f 908 910 911
f 908 911 909
f 910 908 901
f 902 899 909
f 902 909 911
f 899 902 896
f 896 902 903
f 896 903 897
f 903 889 897
f 889 887 897
f 837 835 855
f 855 835 853
f 839 823 819
f 897 887 885
f 855 853 871
f 871 853 885
f 871 885 887
f 839 819 837
f 887 897 871
f 835 855 871
f 835 871 897
f 902 899 903
f 903 899 897
f 901 898 902
f 902 898 899
f 898 901 895
f 895 901 900
f 895 900 894
f 847 866 868
f 847 868 851
f 869 867 852
f 852 867 848
f 868 867 869
f 868 866 867
f 896 897 895
f 897 894 895
f 896 909 899
f 895 898 896
f 896 898 908
f 896 908 909
f 883 882 885
f 885 882 884
f 885 884 897
f 897 884 894
f 897 869 835
f 835 869 852
f 834 851 894
f 894 851 868
f 835 852 834
f 834 852 851
f 894 868 897
f 897 868 869
f 896 899 898
f 882 866 846
f 846 866 847
f 883 867 882
f 882 867 866
f 867 883 849
f 867 849 848
f 908 898 895
f 898 895 894
f 899 896 897
f 885 853 883
f 883 853 849
f 846 847 850
f 850 847 851
f 852 853 851
f 853 852 848
f 853 848 849
f 815 814 834
f 835 815 834
f 835 834 853
f 853 834 850
f 853 850 851
f 850 884 846
f 846 884 882
f 836 816 834
f 816 814 834
f 834 814 836
f 836 814 816
f 819 815 837
f 837 815 835
f 819 837 835
f 815 819 835
f 834 814 835
f 835 814 815
f 828 824 820
f 823 827 831
f 821 820 824
f 821 824 825
f 825 824 829
f 829 824 828
f 820 821 816
f 816 821 817
f 827 822 826
f 830 831 826
f 831 827 826
f 827 823 822
f 822 823 818
f 818 823 819
f 830 829 828
f 844 845 832
f 832 845 833
f 832 833 828
f 828 833 831
f 828 831 830
f 906 875 844
f 844 875 859
f 907 876 906
f 906 876 875
f 844 859 860
f 844 860 845
f 845 860 907
f 907 860 876
f 860 864 876
f 876 864 880
f 879 863 875
f 875 863 859
f 879 876 880
f 879 875 876
f 831 845 843
f 833 845 831
f 828 844 832
f 842 844 828
f 893 877 881
f 831 843 841
f 907 891 873
f 891 907 905
f 907 873 857
f 907 857 845
f 831 841 823
f 823 841 839
f 845 857 843
f 861 845 827
f 827 841 843
f 827 843 861
f 827 845 831
f 823 839 827
f 827 839 841
f 861 843 857
f 861 857 877
f 877 857 873
f 877 873 893
f 873 891 893
f 893 891 907
f 874 892 878
f 838 820 840
f 840 820 824
f 906 890 892
f 892 890 872
f 892 872 874
f 874 872 856
f 874 856 858
f 844 858 824
f 824 858 842
f 824 842 840
f 828 844 824
f 890 906 904
f 858 856 842
f 842 856 844
f 840 828 820
f 828 840 842
f 844 856 906
f 856 872 906
f 906 872 890
f 861 877 881
f 881 865 861
f 827 813 811
f 827 811 823
f 820 810 812
f 820 812 824
f 862 878 858
f 858 878 874
f 878 879 874
f 880 881 877
f 907 906 893
f 893 906 892
f 893 892 877
f 877 892 874
f 877 874 880
f 880 874 879
f 879 878 863
f 863 878 862
f 863 862 859
f 859 862 858
f 861 860 845
f 844 859 858
f 861 864 860
f 881 880 865
f 865 880 864
f 865 864 861
f 845 844 833
f 833 844 832
f 833 832 831
f 831 832 828
f 831 828 827
f 827 828 824
f 827 824 813
f 813 824 812
f 813 812 811
f 811 812 810
f 811 810 823
f 823 810 820
f 823 820 819
f 819 820 816
f 818 817 822
f 822 817 821
f 822 821 826
f 826 821 825
f 826 825 830
f 830 825 829
f 816 817 819
f 818 819 817
f 1229 1268 1188
f 1502 1544 1551
f 957 936 951
f 921 915 937
f 1519 1564 1558
f 1519 1558 1516
f 1507 1551 1508
f 1550 1551 1507
f 1451 1456 1502
f 1502 1456 1507
f 1508 1502 1507
f 1640 1663 1645
f 1634 1635 1600
f 1634 1600 1629
f 1629 1600 1595
f 1594 1595 1589
f 1547 1543 1548
f 1032 991 1033
f 1027 1032 1087
f 1027 1087 1082
f 1090 1038 1039
f 1090 1087 1038
f 1090 1039 1091
f 1033 1039 1032
f 1087 1032 1038
f 1038 1032 1039
f 1033 991 992
f 1027 986 1032
f 1032 986 991
f 936 939 957
f 957 939 962
f 957 962 956
f 956 1005 957
f 957 1005 951
f 951 1005 1003
f 1015 967 971
f 967 966 942
f 942 966 962
f 939 942 962
f 961 1005 956
f 1078 1019 1020
f 1078 1020 1079
f 1079 1020 1082
f 1070 1015 1078
f 1078 1015 1019
f 966 961 962
f 962 961 939
f 962 961 956
f 961 1008 1005
f 966 967 1011
f 1011 1008 966
f 966 1008 961
f 1082 1020 1026
f 1015 1012 1011
f 1015 1011 967
f 1027 1082 1026
f 1087 1086 1082
f 1096 1095 1091
f 1092 1096 1091
f 1092 1091 1040
f 1040 1091 1039
f 1041 1034 1035
f 1030 1036 1029
f 984 1030 983
f 1030 1029 983
f 990 983 1029
f 1028 989 990
f 989 1028 1035
f 994 989 1035
f 993 988 994
f 994 988 989
f 1040 1039 993
f 1039 1033 993
f 993 1033 992
f 1096 1092 1040
f 990 1029 1028
f 1028 1029 1036
f 1028 1036 1035
f 994 1035 1034
f 994 1034 993
f 1042 1094 1093
f 1093 1041 1042
f 1042 1041 1035
f 1042 1035 1036
f 1093 1092 1041
f 1041 1092 1040
f 1041 1040 1034
f 1034 1040 993
f 1037 1088 1036
f 1036 1088 1094
f 1042 1036 1094
f 1030 1037 1036
f 1024 984 983
f 1498 1499 1446
f 1446 1499 1447
f 917 916 912
f 917 912 913
f 913 932 933
f 932 927 933
f 913 912 932
f 932 953 948
f 948 927 932
f 1014 1069 1018
f 1018 1069 1076
f 1018 1076 1077
f 1069 1066 1114
f 1245 1210 1206
f 1004 1001 1050
f 1001 1000 1049
f 1103 1104 1050
f 1050 1104 1055
f 1474 1422 1421
f 1417 1468 1474
f 1417 1474 1421
f 1412 1463 1468
f 1412 1468 1417
f 1408 1463 1412
f 1405 1455 1408
f 1408 1455 1459
f 1399 1449 1455
f 1400 1455 1405
f 1449 1399 1448
f 1447 1448 1395
f 1447 1397 1396
f 1447 1396 1446
f 1264 1263 1304
f 1185 1225 1220
f 1220 1225 1263
f 1098 1102 1142
f 1142 1102 1146
f 1048 1047 1098
f 1098 1047 1102
f 1047 1048 997
f 997 1048 998
f 948 947 997
f 948 997 998
f 1398 1448 1399
f 1398 1399 1342
f 1342 1399 1346
f 1342 1346 1261
f 1266 1346 1347
f 1347 1346 1399
f 1305 1308 1266
f 1266 1308 1269
f 1223 1261 1266
f 1266 1261 1346
f 1222 1183 1221
f 1222 1221 1260
f 1341 1260 1340
f 1341 1340 1397
f 1221 1182 1220
f 1221 1220 1259
f 1340 1259 1344
f 1340 1344 1397
f 1397 1344 1343
f 1397 1343 1396
f 1186 1227 1230
f 1227 1184 1223
f 1223 1184 1222
f 1223 1222 1261
f 1342 1261 1341
f 1342 1341 1398
f 1398 1341 1395
f 1398 1395 1448
f 1261 1222 1260
f 1261 1260 1341
f 1395 1341 1397
f 1395 1397 1447
f 1060 1007 1056
f 1056 1007 1004
f 1056 1004 1055
f 1050 1001 1049
f 1049 1045 1100
f 1100 1045 1099
f 1055 1004 1050
f 1183 1182 1221
f 1260 1221 1259
f 1260 1259 1340
f 1103 1100 1183
f 1183 1100 1144
f 1183 1144 1143
f 1183 1143 1182
f 1182 1143 1181
f 1182 1181 1220
f 1259 1220 1264
f 1259 1264 1344
f 1344 1264 1304
f 1344 1304 1343
f 1185 1220 1181
f 1049 1000 1045
f 1045 1000 1044
f 1045 1044 1099
f 999 995 1044
f 1044 995 1043
f 1044 1043 1099
f 1099 1043 1098
f 995 998 1043
f 999 949 995
f 1043 998 1048
f 1043 1048 1098
f 1098 1142 1181
f 1181 1142 1146
f 1181 1146 1185
f 995 949 948
f 995 948 998
f 1000 999 1044
f 1206 1210 1167
f 1242 1245 1206
f 1242 1206 1240
f 1240 1206 1201
f 1240 1201 1238
f 1238 1201 1198
f 1238 1198 1234
f 1234 1198 1193
f 1234 1193 1233
f 1233 1193 1192
f 1233 1192 1230
f 1230 1192 1189
f 1230 1189 1186
f 1167 1164 1206
f 1206 1164 1201
f 1201 1164 1161
f 1201 1161 1198
f 1164 1167 1122
f 1122 1167 1127
f 1081 1077 1122
f 1081 1122 1127
f 1164 1122 1117
f 1164 1117 1161
f 1161 1117 1158
f 1161 1158 1198
f 1198 1158 1155
f 1198 1155 1193
f 1193 1155 1154
f 1193 1154 1192
f 1192 1154 1151
f 1192 1151 1189
f 1189 1151 1148
f 1189 1148 1186
f 1186 1148 1184
f 1186 1184 1227
f 1114 1066 1110
f 1110 1066 1060
f 1110 1060 1056
f 1055 1107 1056
f 1056 1107 1110
f 1122 1076 1069
f 1122 1069 1117
f 1117 1069 1114
f 1158 1114 1110
f 1158 1110 1154
f 1154 1110 1107
f 1154 1107 1151
f 1151 1107 1055
f 1151 1055 1104
f 1183 1222 1184
f 1183 1184 1103
f 1103 1184 1148
f 1103 1148 1104
f 1104 1148 1151
f 1154 1155 1158
f 1114 1158 1117
f 1076 1122 1077
f 1474 1425 1422
f 1425 1377 1373
f 1317 1373 1319
f 1319 1373 1377
f 1319 1377 1322
f 1245 1242 1288
f 1288 1242 1285
f 1422 1373 1421
f 1421 1373 1368
f 1421 1368 1417
f 1417 1368 1367
f 1417 1367 1363
f 1417 1363 1412
f 1412 1363 1356
f 1412 1356 1408
f 1367 1314 1363
f 1363 1314 1311
f 1363 1311 1356
f 1356 1311 1310
f 1356 1310 1408
f 1274 1310 1275
f 1275 1310 1311
f 1275 1311 1280
f 1280 1311 1314
f 1280 1314 1283
f 1283 1314 1367
f 1283 1367 1317
f 1317 1367 1368
f 1317 1368 1373
f 1373 1422 1425
f 1305 1347 1308
f 1308 1310 1269
f 1269 1310 1274
f 1347 1400 1405
f 1347 1405 1308
f 1308 1405 1310
f 1310 1405 1408
f 1408 1459 1463
f 1050 1049 1103
f 1103 1049 1100
f 1144 1100 1099
f 1144 1099 1143
f 1143 1099 1098
f 1143 1098 1181
f 1264 1220 1263
f 1322 1288 1319
f 1319 1288 1285
f 1319 1285 1317
f 1317 1285 1242
f 1317 1242 1283
f 1283 1242 1240
f 1283 1240 1280
f 1280 1240 1238
f 1280 1238 1275
f 1275 1238 1234
f 1275 1234 1233
f 1275 1233 1274
f 1274 1233 1230
f 1274 1230 1269
f 1269 1230 1227
f 1269 1227 1266
f 1266 1227 1223
f 1305 1266 1347
f 1347 1399 1400
f 1400 1399 1455
f 1060 1066 1010
f 948 949 928
f 948 928 927
f 934 914 913
f 954 955 934
f 929 928 949
f 929 949 950
f 933 934 913
f 933 928 934
f 934 928 929
f 934 929 950
f 934 950 954
f 954 950 955
f 955 1004 959
f 959 1004 1006
f 1007 1060 1010
f 1006 1004 1007
f 1001 1004 1000
f 1000 950 999
f 999 950 949
f 933 927 928
f 1010 1066 1069
f 1069 1014 1010
f 1010 1014 1013
f 950 1000 955
f 955 1000 1004
f 1018 984 977
f 1024 984 1018
f 1025 1077 1081
f 1018 1025 1024
f 1025 1024 1081
f 1018 1077 1025
f 1031 1030 1025
f 1025 1030 1024
f 1089 1088 1085
f 1030 984 1024
f 1085 1088 1037
f 1085 1037 1030
f 1025 1081 1085
f 1025 1085 1031
f 1031 1085 1030
f 1478 1425 1477
f 1326 1293 1288
f 1527 1477 1474
f 1527 1474 1523
f 1425 1474 1477
f 1210 1245 1288
f 1210 1288 1289
f 1210 1289 1246
f 1288 1293 1289
f 1326 1288 1322
f 1377 1380 1322
f 1322 1380 1326
f 1430 1380 1377
f 1430 1377 1425
f 1500 1448 1447
f 1500 1447 1499
f 1500 1449 1448
f 1501 1449 1500
f 1505 1449 1501
f 1506 1455 1505
f 1505 1455 1449
f 1455 1506 1510
f 1455 1510 1459
f 1459 1510 1511
f 1515 1463 1459
f 1515 1459 1511
f 1517 1468 1463
f 1523 1474 1518
f 1518 1474 1468
f 1518 1468 1517
f 1527 1523 1569
f 1569 1523 1563
f 1563 1523 1518
f 1557 1562 1518
f 1518 1562 1563
f 1527 1569 1574
f 1511 1510 1515
f 1515 1510 1557
f 1515 1557 1517
f 1517 1557 1518
f 1515 1517 1463
f 1553 1595 1556
f 1635 1605 1601
f 1569 1610 1611
f 1605 1640 1645
f 1605 1645 1610
f 1635 1640 1605
f 1569 1611 1574
f 1595 1600 1556
f 1556 1600 1601
f 1601 1600 1635
f 1499 1542 1500
f 1500 1542 1543
f 1500 1543 1501
f 1501 1543 1548
f 1501 1548 1505
f 1505 1548 1506
f 1506 1548 1549
f 1506 1549 1510
f 1510 1549 1553
f 1510 1553 1557
f 1557 1553 1556
f 1557 1556 1601
f 1557 1601 1562
f 1562 1601 1605
f 1562 1605 1563
f 1563 1605 1569
f 1645 1646 1610
f 1610 1646 1611
f 1605 1610 1569
f 1548 1589 1549
f 1549 1589 1553
f 1553 1589 1595
f 1582 1538 1539
f 1617 1620 1655
f 1647 1612 1651
f 1651 1612 1616
f 1617 1655 1652
f 1652 1616 1617
f 1652 1651 1616
f 1612 1647 1642
f 1642 1607 1612
f 1662 1663 1660
f 1547 1585 1546
f 1546 1585 1542
f 1588 1585 1547
f 1649 1650 1645
f 1645 1650 1646
f 1645 1646 1667
f 1531 1574 1527
f 1482 1488 1530
f 1659 1656 1655
f 1655 1658 1659
f 1675 1668 1674
f 1606 1602 1642
f 1550 1590 1596
f 1542 1585 1543
f 947 948 953
f 947 953 932
f 1304 1263 1225
f 1304 1225 1185
f 1546 1499 1498
f 1546 1542 1499
f 1548 1543 1589
f 1595 1634 1629
f 1640 1635 1634
f 1667 1645 1663
f 1615 1611 1646
f 1615 1574 1611
f 1539 1491 1492
f 1583 1582 1539
f 1623 1620 1582
f 1652 1655 1675
f 1668 1647 1651
f 1668 1651 1674
f 1674 1651 1652
f 1674 1652 1675
f 1655 1677 1675
f 1620 1624 1659
f 1620 1659 1655
f 1623 1624 1620
f 1582 1583 1623
f 1623 1583 1624
f 1487 1494 1488
f 1494 1487 1493
f 1489 1530 1488
f 1530 1489 1531
f 1646 1650 1615
f 1634 1660 1640
f 1640 1660 1663
f 1594 1628 1629
f 1543 1585 1588
f 1542 1543 1546
f 1498 1446 1503
f 1498 1503 1545
f 947 997 952
f 952 947 932
f 952 932 931
f 1539 1492 1540
f 1531 1489 1483
f 912 916 932
f 1546 1498 1545
f 1543 1588 1589
f 1595 1594 1629
f 1538 1532 1539
f 1491 1539 1485
f 1485 1539 1532
f 1491 1485 1490
f 1532 1529 1485
f 1485 1529 1480
f 1485 1431 1490
f 1480 1426 1427
f 1576 1617 1616
f 1612 1570 1575
f 1582 1620 1579
f 1579 1620 1576
f 1576 1620 1617
f 1616 1612 1575
f 1575 1528 1529
f 1529 1528 1480
f 1480 1528 1479
f 1480 1479 1426
f 1427 1431 1480
f 1480 1431 1485
f 1575 1570 1524
f 1575 1524 1528
f 1528 1524 1475
f 1528 1475 1479
f 1479 1475 1423
f 1479 1423 1426
f 1538 1582 1532
f 1532 1582 1579
f 1532 1579 1529
f 1529 1579 1576
f 1529 1576 1575
f 1575 1576 1616
f 1328 1331 1386
f 1152 1191 1187
f 1477 1527 1531
f 1492 1491 1442
f 1442 1491 1436
f 1443 1496 1492
f 1443 1492 1442
f 1497 1492 1496
f 1492 1497 1493
f 1488 1494 1495
f 1489 1488 1495
f 1430 1425 1478
f 1477 1483 1478
f 1246 1289 1293
f 1250 1210 1246
f 1131 1127 1167
f 1081 1127 1131
f 1131 1085 1081
f 1092 1093 1097
f 1095 1096 1139
f 1139 1091 1095
f 1091 1139 1136
f 1091 1136 1090
f 1090 1136 1087
f 1087 1136 1133
f 1132 1086 1087
f 1132 1087 1133
f 1128 1082 1132
f 1132 1082 1086
f 1082 1078 1079
f 1067 1011 1012
f 1061 1008 1011
f 1003 1005 1002
f 1187 1149 1105
f 1348 1306 1267
f 1451 1450 1401
f 1406 1456 1401
f 1401 1456 1451
f 1456 1406 1460
f 1460 1406 1409
f 1413 1460 1409
f 1413 1464 1460
f 1418 1469 1464
f 1469 1418 1470
f 1436 1491 1490
f 1436 1490 1386
f 1386 1490 1431
f 1057 1005 1008
f 1057 1008 1061
f 1108 1057 1111
f 1111 1057 1061
f 1111 1061 1115
f 1002 1005 1051
f 1123 1128 1168
f 1149 1105 1108
f 1108 1105 1051
f 1108 1051 1057
f 1057 1051 1005
f 1108 1152 1149
f 1149 1152 1187
f 1191 1152 1108
f 1191 1108 1190
f 1190 1108 1194
f 1194 1108 1111
f 1194 1111 1195
f 1195 1111 1199
f 1199 1111 1115
f 1199 1115 1159
f 1199 1159 1202
f 1228 1187 1232
f 1232 1187 1191
f 1232 1191 1231
f 1231 1191 1190
f 1231 1190 1235
f 1235 1190 1194
f 1235 1194 1195
f 1235 1195 1239
f 1239 1195 1199
f 1239 1199 1241
f 1241 1199 1202
f 1251 1247 1211
f 1211 1247 1207
f 1211 1207 1165
f 1123 1165 1118
f 1123 1118 1119
f 1119 1118 1067
f 1253 1254 1332
f 1290 1247 1294
f 1294 1247 1251
f 1294 1251 1253
f 1294 1253 1296
f 1296 1253 1332
f 1247 1290 1243
f 1247 1243 1207
f 1207 1243 1203
f 1207 1203 1165
f 1165 1203 1162
f 1165 1162 1118
f 1118 1162 1115
f 1118 1115 1067
f 1067 1061 1011
f 1386 1331 1436
f 1436 1331 1387
f 1436 1387 1390
f 1381 1431 1379
f 1379 1431 1427
f 1379 1427 1378
f 1378 1427 1426
f 1378 1426 1374
f 1374 1426 1423
f 1374 1423 1418
f 1418 1423 1475
f 1418 1475 1470
f 1379 1378 1381
f 1381 1328 1386
f 1381 1386 1431
f 1290 1286 1243
f 1243 1286 1241
f 1243 1241 1203
f 1203 1241 1202
f 1203 1202 1162
f 1162 1202 1159
f 1162 1159 1115
f 1067 1115 1061
f 1267 1228 1271
f 1271 1228 1232
f 1271 1232 1231
f 1271 1231 1270
f 1270 1231 1276
f 1276 1231 1235
f 1276 1235 1281
f 1281 1235 1239
f 1281 1239 1284
f 1284 1239 1241
f 1284 1241 1286
f 1464 1413 1418
f 1418 1413 1369
f 1418 1369 1374
f 1401 1348 1406
f 1406 1348 1352
f 1406 1352 1351
f 1406 1351 1409
f 1409 1351 1357
f 1409 1357 1413
f 1413 1357 1358
f 1413 1358 1364
f 1413 1364 1369
f 1369 1364 1318
f 1369 1318 1374
f 1374 1318 1320
f 1374 1320 1378
f 1378 1320 1323
f 1378 1323 1381
f 1381 1323 1328
f 1293 1326 1327
f 1298 1330 1334
f 1298 1334 1297
f 1297 1334 1333
f 1297 1333 1339
f 1300 1299 1256
f 1337 1301 1338
f 1338 1301 1302
f 1338 1302 1339
f 1339 1302 1303
f 1339 1303 1297
f 1297 1303 1298
f 1330 1298 1295
f 1330 1295 1326
f 1326 1295 1293
f 1254 1256 1332
f 1332 1256 1299
f 1332 1299 1335
f 1335 1299 1300
f 1335 1300 1336
f 1336 1300 1301
f 1336 1301 1337
f 1385 1380 1430
f 1484 1489 1435
f 1435 1430 1484
f 1440 1388 1441
f 1441 1388 1389
f 1441 1389 1434
f 1434 1389 1384
f 1434 1384 1385
f 1434 1385 1435
f 1531 1483 1477
f 1435 1489 1434
f 1441 1434 1440
f 1393 1394 1439
f 1393 1439 1445
f 1392 1444 1391
f 1391 1444 1443
f 1385 1430 1435
f 1394 1388 1440
f 1394 1440 1439
f 1496 1443 1497
f 1497 1443 1444
f 1497 1444 1493
f 1493 1444 1445
f 1493 1445 1494
f 1494 1445 1439
f 1494 1439 1495
f 1495 1439 1440
f 1495 1440 1489
f 1489 1440 1434
f 1483 1489 1484
f 1483 1484 1430
f 1483 1430 1478
f 1436 1390 1442
f 1442 1390 1391
f 1442 1391 1443
f 1445 1444 1392
f 1445 1392 1393
f 1348 1267 1352
f 1352 1267 1271
f 1352 1271 1351
f 1351 1271 1270
f 1351 1270 1357
f 1357 1270 1276
f 1357 1276 1358
f 1358 1276 1281
f 1358 1281 1364
f 1364 1281 1318
f 1318 1281 1284
f 1318 1284 1320
f 1320 1284 1286
f 1320 1286 1323
f 1323 1286 1290
f 1323 1290 1328
f 1328 1290 1294
f 1328 1294 1331
f 1331 1294 1296
f 1331 1296 1387
f 1387 1296 1332
f 1387 1332 1390
f 1390 1332 1335
f 1390 1335 1391
f 1391 1335 1336
f 1391 1336 1392
f 1392 1336 1337
f 1392 1337 1393
f 1393 1337 1338
f 1393 1338 1394
f 1394 1338 1339
f 1394 1339 1388
f 1388 1339 1333
f 1388 1333 1389
f 1389 1333 1334
f 1389 1334 1384
f 1384 1334 1330
f 1384 1330 1385
f 1385 1330 1326
f 1385 1326 1380
f 1135 1085 1131
f 1088 1089 1135
f 1088 1135 1134
f 1173 1135 1131
f 1173 1131 1170
f 1170 1131 1167
f 1171 1170 1167
f 1097 1093 1094
f 1176 1175 1138
f 1176 1138 1134
f 1176 1134 1173
f 1173 1134 1135
f 1135 1089 1085
f 1097 1096 1092
f 1140 1096 1141
f 1141 1096 1097
f 1141 1097 1138
f 1138 1097 1094
f 1094 1088 1138
f 1141 1138 1180
f 1141 1180 1140
f 1140 1180 1179
f 1140 1179 1178
f 1096 1140 1139
f 1133 1136 1132
f 1082 1128 1123
f 1082 1123 1078
f 1078 1123 1070
f 1088 1134 1138
f 1138 1175 1180
f 1167 1210 1171
f 1171 1210 1250
f 1171 1250 1170
f 1170 1250 1173
f 1173 1250 1252
f 1173 1252 1176
f 1176 1252 1255
f 1176 1255 1175
f 1175 1255 1258
f 1175 1258 1180
f 1180 1258 1257
f 1180 1257 1179
f 1179 1257 1219
f 1179 1219 1178
f 1178 1219 1218
f 1178 1218 1177
f 1177 1218 1217
f 1177 1217 1174
f 1174 1217 1215
f 1174 1215 1172
f 1172 1215 1214
f 1172 1214 1168
f 1168 1128 1172
f 1172 1128 1132
f 1172 1132 1174
f 1174 1132 1136
f 1174 1136 1177
f 1177 1136 1178
f 1178 1136 1139
f 1178 1139 1140
f 1012 1015 1067
f 1067 1015 1070
f 1067 1070 1119
f 1119 1070 1123
f 1165 1123 1168
f 1165 1168 1211
f 1211 1168 1214
f 1211 1214 1251
f 1251 1214 1253
f 1253 1214 1215
f 1253 1215 1254
f 1254 1215 1256
f 1256 1215 1217
f 1256 1217 1300
f 1300 1217 1218
f 1300 1218 1301
f 1301 1218 1219
f 1301 1219 1302
f 1302 1219 1257
f 1302 1257 1303
f 1303 1257 1258
f 1303 1258 1298
f 1298 1258 1255
f 1298 1255 1295
f 1295 1255 1252
f 1295 1252 1293
f 1293 1252 1250
f 1293 1250 1246
f 1507 1456 1512
f 1558 1554 1512
f 1558 1512 1516
f 1516 1512 1460
f 1460 1464 1516
f 1456 1460 1512
f 1550 1507 1554
f 1554 1507 1512
f 1564 1602 1558
f 1602 1554 1558
f 1348 1401 1451
f 1228 1267 1306
f 1003 1002 951
f 1006 1007 1010
f 959 1006 955
f 914 918 913
f 913 918 917
f 955 935 934
f 959 1006 965
f 965 1006 1010
f 1013 1014 970
f 1018 976 1014
f 1014 976 970
f 977 976 1018
f 976 977 983
f 983 977 984
f 989 982 990
f 990 982 983
f 992 987 988
f 992 988 993
f 986 987 992
f 1026 985 1027
f 985 986 1027
f 1019 978 1020
f 1020 978 1026
f 1026 978 985
f 1015 971 1019
f 1019 971 978
f 924 942 920
f 920 939 921
f 939 937 915
f 939 915 921
f 937 939 936
f 1003 1002 1051
f 1003 1051 1052
f 1105 1149 1150
f 1105 1150 1106
f 1105 1106 1051
f 1051 1106 1052
f 1188 1150 1187
f 1187 1150 1149
f 1228 1306 1187
f 1187 1306 1188
f 1306 1307 1268
f 1306 1268 1229
f 1348 1349 1306
f 1306 1349 1307
f 1451 1402 1348
f 1348 1402 1349
f 1554 1596 1550
f 1607 1642 1602
f 1647 1642 1607
f 1602 1606 1607
f 1554 1602 1596
f 1508 1551 1502
f 1188 1306 1229
f 991 986 992
f 939 920 942
f 1602 1564 1606
f 1607 1606 1565
f 1565 1606 1564
f 1612 1607 1565
f 1570 1612 1565
f 1565 1519 1524
f 1520 1524 1519
f 1564 1519 1565
f 1565 1524 1570
f 1516 1464 1469
f 1519 1516 1469
f 1470 1475 1469
f 1469 1475 1519
f 1519 1475 1524
f 1621 1620 1656
f 1485 1479 1480
f 1431 1379 1426
f 1426 1379 1378
f 1485 1431 1426
f 1485 1426 1479
f 1494 1439 1493
f 1621 1624 1583
f 1624 1621 1656
f 1393 1392 1444
f 1393 1444 1445
f 1579 1620 1621
f 1579 1621 1580
f 1580 1621 1583
f 1580 1583 1579
f 1431 1436 1381
f 1381 1436 1386
f 1431 1485 1491
f 1431 1491 1436
f 1532 1579 1539
f 1539 1491 1486
f 1539 1486 1533
f 1579 1583 1539
f 1436 1443 1387
f 1387 1443 1391
f 1387 1391 1390
f 1491 1492 1436
f 1436 1492 1443
f 1496 1492 1493
f 1496 1493 1497
f 1445 1493 1439
f 1387 1386 1436
f 1491 1485 1486
f 1486 1485 1533
f 1533 1485 1532
f 1533 1532 1539
f 1457 1458 1509
f 1509 1458 1510
f 1509 1510 1513
f 1513 1510 1514
f 1513 1514 1461
f 1461 1514 1462
f 1461 1462 1458
f 1461 1458 1457
f 1644 1639 1640
f 1644 1640 1645
f 1609 1645 1610
f 1609 1610 1605
f 1609 1605 1604
f 1662 1639 1644
f 1645 1610 1614
f 1609 1568 1610
f 1610 1568 1573
f 1610 1573 1614
f 1604 1561 1609
f 1609 1561 1568
f 1604 1639 1600
f 1639 1662 1660
f 1639 1660 1634
f 1639 1634 1600
f 1645 1667 1644
f 1644 1667 1666
f 1644 1666 1662
f 1645 1614 1649
f 1645 1649 1672
f 1645 1672 1667
f 1599 1600 1633
f 1633 1600 1634
f 1633 1634 1638
f 1638 1634 1661
f 1661 1634 1660
f 1661 1660 1662
f 1661 1662 1666
f 1666 1667 1671
f 1671 1667 1672
f 1671 1672 1649
f 1654 1649 1619
f 1619 1649 1614
f 1572 1573 1568
f 1572 1568 1567
f 1567 1568 1561
f 1310 1356 1312
f 1312 1356 1362
f 1226 1221 1113
f 1113 1221 1143
f 1113 1143 1103
f 1103 1143 1147
f 1279 1273 1265
f 1157 1197 1265
f 1265 1197 1237
f 1226 1265 1345
f 1237 1279 1265
f 1362 1312 1279
f 1312 1362 1350
f 1113 1157 1265
f 1113 1265 1226
f 1345 1265 1399
f 1273 1309 1350
f 1313 1362 1312
f 1372 1362 1366
f 1366 1362 1316
f 1316 1362 1313
f 1350 1309 1312
f 1350 1265 1273
f 1265 1350 1399
f 1399 1350 1449
f 1523 1424 1527
f 1527 1424 1429
f 1416 1372 1421
f 1421 1424 1416
f 1523 1473 1424
f 1424 1473 1467
f 1372 1416 1362
f 1362 1372 1350
f 1350 1362 1355
f 1350 1355 1354
f 1350 1354 1404
f 1350 1404 1449
f 1449 1404 1399
f 1424 1467 1416
f 1404 1403 1454
f 1454 1403 1453
f 1354 1355 1362
f 1354 1362 1361
f 1362 1416 1415
f 1415 1416 1467
f 1415 1467 1466
f 1466 1467 1472
f 1561 1509 1513
f 1561 1604 1509
f 1509 1604 1600
f 1509 1600 1453
f 1453 1600 1552
f 1552 1600 1599
f 1552 1599 1594
f 1472 1513 1466
f 1466 1513 1461
f 1466 1461 1415
f 1415 1461 1362
f 1362 1461 1361
f 1361 1461 1354
f 1461 1457 1354
f 1354 1457 1509
f 1354 1509 1404
f 1404 1509 1403
f 1403 1509 1453
f 1513 1472 1522
f 1513 1522 1561
f 1663 1662 1681
f 1663 1681 1682
f 1663 1682 1684
f 1663 1684 1667
f 1672 1650 1673
f 1666 1683 1681
f 1667 1683 1666
f 1681 1662 1666
f 1683 1684 1681
f 1681 1684 1682
f 1684 1683 1667
f 1649 1650 1672
f 1649 1672 1654
f 1662 1660 1628
f 1662 1628 1661
f 1661 1628 1627
f 1629 1628 1660
f 1629 1660 1634
f 1628 1594 1626
f 1628 1626 1629
f 1673 1650 1645
f 1673 1645 1672
f 1574 1578 1531
f 1537 1531 1530
f 1530 1488 1537
f 1537 1536 1488
f 1615 1578 1574
f 1577 1578 1619
f 1619 1578 1649
f 1615 1649 1578
f 1615 1650 1649
f 1628 1594 1627
f 1627 1594 1593
f 1482 1537 1488
f 1530 1531 1482
f 1482 1531 1537
f 1488 1536 1487
f 1536 1537 1530
f 1530 1531 1577
f 1531 1578 1577
f 1614 1573 1530
f 1526 1530 1522
f 1472 1476 1522
f 1522 1476 1525
f 1522 1525 1526
f 1633 1638 1627
f 1627 1638 1661
f 1627 1593 1599
f 1633 1627 1599
f 1530 1654 1619
f 1530 1619 1614
f 1573 1572 1530
f 1530 1572 1522
f 1522 1572 1567
f 1530 1577 1619
f 1561 1522 1567
f 1016 1022 1023
f 982 975 983
f 988 981 982
f 982 989 988
f 976 983 975
f 1249 1170 1326
f 1244 1248 1249
f 1170 1249 1213
f 1213 1166 1169
f 1213 1169 1170
f 1244 1249 1326
f 1244 1326 1292
f 1244 1292 1291
f 1244 1291 1287
f 1126 1121 1084
f 1121 1024 1084
f 1120 1075 1121
f 1121 1075 1017
f 1121 1017 1024
f 1244 1209 1248
f 1213 1212 1166
f 1084 1085 1126
f 1163 1166 1209
f 1209 1166 1212
f 1209 1212 1248
f 1085 1131 1130
f 1085 1130 1126
f 1023 976 981
f 981 976 975
f 1075 1069 1018
f 1075 1018 1017
f 976 1023 1017
f 980 973 974
f 980 974 981
f 981 975 982
f 980 974 1022
f 1022 974 1023
f 974 1016 1023
f 980 1022 973
f 973 1022 1016
f 973 1016 974
f 1652 1653 1617
f 1617 1653 1618
f 1613 1652 1617
f 1613 1648 1652
f 1652 1648 1617
f 1648 1613 1617
f 1618 1653 1656
f 1656 1624 1618
f 1618 1624 1621
f 1618 1621 1617
f 1617 1576 1571
f 1621 1580 1617
f 1617 1580 1576
f 1653 1659 1656
f 1656 1659 1624
f 1652 1647 1669
f 1617 1571 1612
f 1617 1612 1652
f 1652 1612 1642
f 1652 1642 1647
f 1652 1678 1653
f 1653 1678 1656
f 1652 1675 1678
f 1652 1669 1675
f 1571 1566 1612
f 1612 1566 1608
f 1612 1608 1642
f 1642 1608 1643
f 1642 1643 1647
f 1647 1643 1669
f 1669 1643 1665
f 1669 1670 1675
f 1675 1670 1676
f 1675 1676 1678
f 1678 1679 1656
f 1656 1679 1657
f 1656 1657 1659
f 1659 1657 1624
f 1624 1657 1622
f 1624 1622 1621
f 1621 1622 1580
f 1580 1622 1581
f 1520 1521 1571
f 1571 1521 1566
f 1419 1420 1470
f 1470 1420 1471
f 1470 1471 1520
f 1520 1471 1521
f 1329 1325 1324
f 1324 1325 1321
f 1324 1321 1375
f 1375 1321 1376
f 1375 1371 1370
f 1370 1371 1419
f 1419 1371 1420
f 1481 1485 1480
f 1431 1485 1428
f 1428 1485 1481
f 1431 1428 1427
f 1427 1375 1480
f 1382 1427 1428
f 1382 1428 1387
f 1520 1480 1470
f 1375 1370 1480
f 1480 1370 1419
f 1480 1419 1470
f 1329 1427 1382
f 1427 1329 1324
f 1427 1324 1375
f 1580 1481 1576
f 1576 1481 1571
f 1492 1437 1481
f 1481 1437 1436
f 1481 1436 1428
f 1428 1436 1387
f 1481 1480 1571
f 1571 1480 1520
f 1481 1580 1539
f 1539 1540 1481
f 1481 1540 1492
f 1580 1581 1539
f 1539 1581 1534
f 1383 1387 1433
f 1433 1387 1436
f 1433 1436 1438
f 1438 1436 1437
f 1438 1437 1493
f 1493 1437 1492
f 1493 1492 1540
f 1493 1540 1487
f 1534 1540 1539
f 1539 1540 1535
f 1540 1535 1536
f 1540 1536 1487
f 1665 1643 1637
f 1642 1665 1637
f 1665 1642 1664
f 1665 1664 1669
f 1669 1664 1668
f 1642 1647 1668
f 1637 1636 1641
f 1637 1641 1642
f 1664 1642 1668
f 1669 1668 1674
f 1677 1655 1680
f 1680 1655 1659
f 1677 1680 1678
f 1677 1685 1675
f 1669 1674 1675
f 1685 1686 1670
f 1685 1670 1675
f 1659 1657 1678
f 1678 1657 1679
f 1678 1680 1659
f 1676 1677 1678
f 1677 1676 1685
f 1685 1676 1686
f 1622 1657 1659
f 1624 1625 1622
f 1625 1624 1584
f 1584 1624 1583
f 1622 1659 1624
f 1493 1494 1541
f 1584 1583 1539
f 1539 1540 1584
f 1540 1493 1541
f 1494 1535 1541
f 1659 1658 1656
f 1656 1658 1655
f 1606 1642 1641
f 1494 1487 1535
f 1535 1487 1536
f 1535 1536 1541
f 1540 1541 1536
f 1625 1584 1622
f 1670 1686 1676
f 1540 1581 1584
f 1584 1581 1622
f 1637 1643 1603
f 1581 1540 1534
f 1603 1643 1608
f 1603 1608 1560
f 1560 1608 1566
f 1560 1566 1521
f 1603 1602 1636
f 1636 1637 1603
f 1602 1642 1641
f 1602 1641 1636
f 1083 1080 1125
f 1125 1080 1021
f 1021 1080 1083
f 1152 1352 1272
f 1137 1092 1083
f 1137 1083 1140
f 1140 1083 1125
f 1125 1208 1216
f 1125 1216 1140
f 1140 1216 1219
f 1083 1033 1021
f 1083 1092 1033
f 1152 1272 1153
f 1153 1272 1109
f 1208 1125 1116
f 1359 1353 1407
f 1272 1352 1353
f 1277 1196 1272
f 1196 1277 1236
f 1359 1277 1272
f 1359 1272 1353
f 1407 1410 1359
f 1359 1410 1411
f 1359 1411 1414
f 1208 1116 1160
f 1208 1160 1205
f 1205 1160 1204
f 1272 1156 1109
f 1109 1156 1112
f 1365 1315 1360
f 1360 1315 1282
f 1360 1282 1359
f 1359 1282 1278
f 1359 1278 1277
f 1465 1420 1414
f 1360 1359 1414
f 1160 1200 1204
f 1272 1196 1156
f 1414 1365 1360
f 1129 1125 1027
f 1027 1125 1021
f 1022 980 1021
f 1021 980 979
f 1021 986 1027
f 986 1021 979
f 1021 1027 1026
f 986 979 985
f 979 987 986
f 988 987 981
f 979 980 987
f 980 981 987
f 1627 1632 1637
f 1632 1631 1637
f 1591 1596 1597
f 1597 1592 1591
f 1588 1587 1592
f 1592 1587 1586
f 1627 1626 1588
f 1627 1588 1592
f 1627 1592 1632
f 1632 1592 1597
f 1632 1597 1631
f 1636 1637 1630
f 1597 1596 1631
f 1631 1596 1637
f 1637 1596 1630
f 1591 1590 1596
f 1636 1630 1602
f 1596 1602 1630
f 1626 1589 1588
f 1546 1587 1542
f 1542 1587 1585
f 1585 1587 1588
f 1589 1626 1594
f 1602 1594 1627
f 1627 1637 1602
f 1602 1637 1636
f 1627 1594 1626
f 1552 1548 1547
f 1552 1547 1504
f 1552 1504 1453
f 1547 1548 1594
f 1594 1548 1552
f 1602 1598 1594
f 1594 1552 1553
f 1565 1559 1607
f 1607 1559 1555
f 1555 1598 1607
f 1607 1598 1602
f 1590 1591 1550
f 1550 1591 1551
f 1551 1592 1586
f 1551 1591 1592
f 1349 1262 1307
f 1307 1262 1268
f 1343 1304 1263
f 1452 1446 1396
f 1446 1452 1503
f 1587 1546 1586
f 1586 1546 1545
f 1586 1544 1551
f 1544 1586 1545
f 1544 1545 1502
f 1502 1545 1503
f 1502 1503 1451
f 1451 1503 1452
f 1451 1452 1402
f 1402 1452 1396
f 1402 1396 1343
f 1402 1343 1349
f 1349 1343 1263
f 1349 1263 1262
f 997 947 1003
f 1003 947 952
f 997 1003 996
f 997 996 1047
f 1047 996 1046
f 1101 1102 1046
f 1046 1102 1047
f 1145 1146 1101
f 1101 1146 1102
f 1225 1185 1224
f 1224 1185 1145
f 1145 1185 1146
f 1263 1225 1262
f 1262 1225 1224
f 1262 1224 1145
f 1262 1229 1268
f 1150 1145 1106
f 1106 1145 1101
f 1106 1101 1046
f 1106 1046 1052
f 952 951 1003
f 996 1003 1046
f 1046 1003 1052
f 1262 1145 1150
f 1262 1150 1229
f 1027 1021 978
f 1083 1027 978
f 1083 978 1020
f 1108 1124 1125
f 1021 979 978
f 1129 1083 1125
f 1125 1083 1108
f 1108 1083 1020
f 1108 1020 1009
f 942 971 967
f 985 978 986
f 986 978 979
f 971 942 945
f 971 972 978
f 946 972 971
f 946 971 945
f 943 925 944
f 944 925 926
f 944 942 943
f 945 942 944
f 944 946 945
f 968 972 944
f 944 972 946
f 958 951 957
f 952 951 958
f 958 926 922
f 968 944 958
f 944 926 958
f 924 925 943
f 924 943 942
f 936 951 930
f 936 930 937
f 936 937 915
f 924 920 925
f 925 920 921
f 922 921 916
f 932 916 931
f 937 930 931
f 931 930 951
f 931 951 952
f 916 915 937
f 916 937 931
f 916 921 915
f 916 917 922
f 922 917 923
f 976 975 970
f 970 975 969
f 970 969 965
f 965 969 964
f 964 969 963
f 964 963 959
f 959 963 941
f 959 941 938
f 940 938 941
f 923 918 940
f 940 918 919
f 940 919 938
f 923 917 918
f 923 953 917
f 953 940 941
f 953 941 963
f 963 969 953
f 953 923 940
f 953 969 975
f 1076 1075 1069
f 1017 976 1075
f 1075 976 1018
f 970 965 964
f 1013 970 965
f 960 965 964
f 960 964 959
f 1010 1013 965
f 938 935 955
f 955 959 938
f 934 935 919
f 934 919 914
f 914 919 918
f 935 938 919
f 926 925 921
f 921 922 926
f 953 952 923
f 923 952 958
f 923 958 922
f 1064 1068 1072
f 1063 1054 1072
f 1058 1053 1063
f 1063 1053 1059
f 1059 1054 1063
f 1064 1072 1054
f 1064 1054 1065
f 1068 1074 1073
f 1068 1073 1072
f 1062 1063 1071
f 1071 1063 1072
f 1130 1126 1131
f 1170 1169 1166
f 1644 1640 1605
f 1644 1605 1609
f 1609 1645 1644
f 1618 1617 1652
f 1618 1652 1653
f 1481 1486 1432
f 1481 1432 1428
f 1461 1462 1513
f 1462 1514 1513
f 1718 1714 1738
f 1738 1714 1734
f 1739 1735 1715
f 1739 1715 1719
f 1753 1763 1754
f 1754 1763 1764
f 1754 1764 1765
f 1754 1765 1766
f 1689 1690 1687
f 1687 1690 1688
f 1687 1688 1701
f 1701 1688 1702
f 1701 1718 1738
f 1701 1738 1753
f 1754 1766 1702
f 1702 1766 1739
f 1702 1739 1719
f 1753 1738 1763
f 1763 1738 1764
f 1764 1738 1765
f 1765 1738 1739
f 1765 1739 1766
f 1702 1719 1701
f 1701 1719 1718
f 1703 1689 1701
f 1689 1687 1701
f 1688 1690 1702
f 1690 1704 1702
f 1703 1705 1691
f 1701 1721 1703
f 1691 1689 1703
f 1753 1755 1741
f 1753 1741 1701
f 1701 1741 1721
f 1689 1691 1705
f 1701 1721 1753
f 1753 1721 1741
f 1753 1737 1701
f 1701 1737 1717
f 1703 1689 1705
f 1713 1717 1737
f 1713 1737 1733
f 1704 1722 1702
f 1702 1722 1754
f 1754 1722 1742
f 1694 1706 1690
f 1690 1706 1704
f 1754 1742 1756
f 1740 1742 1722
f 1722 1720 1740
f 1742 1740 1754
f 1722 1702 1720
f 1740 1737 1754
f 1754 1737 1753
f 1716 1715 1736
f 1717 1714 1718
f 1720 1719 1715
f 1715 1716 1720
f 1713 1733 1714
f 1713 1714 1717
f 1733 1734 1714
f 1740 1735 1739
f 1739 1738 1740
f 1740 1738 1737
f 1737 1738 1734
f 1737 1734 1733
f 1715 1735 1736
f 1736 1735 1740
f 1694 1691 1690
f 1690 1691 1689
f 1690 1689 1688
f 1688 1689 1687
f 1688 1687 1702
f 1702 1687 1701
f 1702 1701 1720
f 1720 1701 1717
f 1720 1717 1719
f 1719 1717 1718
f 1720 1716 1736
f 1720 1736 1740
f 1694 1693 1691
f 1691 1693 1692
f 1696 1698 1694
f 1697 1695 1691
f 1727 1731 1747
f 1747 1731 1751
f 1746 1750 1730
f 1746 1730 1726
f 1750 1749 1730
f 1730 1749 1729
f 1728 1731 1727
f 1727 1726 1725
f 1726 1730 1725
f 1725 1730 1729
f 1752 1751 1731
f 1752 1731 1732
f 1732 1731 1728
f 1746 1747 1748
f 1748 1747 1751
f 1751 1752 1748
f 1749 1750 1745
f 1745 1750 1746
f 1745 1746 1748
f 1745 1748 1761
f 1761 1748 1762
f 1728 1727 1725
f 1728 1725 1712
f 1712 1725 1711
f 1712 1711 1700
f 1700 1711 1699
f 1697 1698 1700
f 1697 1700 1699
f 1712 1727 1747
f 1712 1747 1762
f 1762 1747 1761
f 1761 1747 1746
f 1761 1746 1711
f 1711 1746 1726
f 1711 1726 1727
f 1711 1727 1712
f 1711 1712 1699
f 1699 1712 1700
f 1712 1700 1698
f 1728 1748 1752
f 1728 1752 1732
f 1725 1729 1749
f 1697 1699 1711
f 1725 1749 1745
f 1712 1710 1698
f 1760 1744 1762
f 1758 1760 1762
f 1724 1712 1744
f 1744 1712 1762
f 1710 1708 1698
f 1698 1708 1694
f 1694 1708 1706
f 1712 1724 1710
f 1744 1762 1748
f 1708 1698 1696
f 1708 1696 1706
f 1706 1696 1694
f 1724 1728 1712
f 1744 1748 1728
f 1744 1728 1724
f 1711 1697 1709
f 1743 1759 1761
f 1761 1759 1757
f 1691 1705 1697
f 1697 1705 1707
f 1697 1707 1709
f 1711 1723 1743
f 1711 1743 1761
f 1723 1711 1709
f 1695 1707 1705
f 1695 1705 1691
f 1743 1745 1761
f 1723 1725 1743
f 1743 1725 1745
f 1707 1695 1709
f 1709 1695 1697
f 1723 1711 1725
f 1976 1977 1974
f 1976 1974 1973
f 1953 1929 1924
f 1958 1928 1952
f 1952 1928 1929
f 1952 1929 1953
f 1848 1847 1842
f 1817 1843 1870
f 1817 1870 1866
f 1866 1811 1812
f 1866 1812 1817
f 1811 1866 1865
f 1863 1808 1811
f 1863 1811 1865
f 1916 1889 1919
f 1919 1889 1891
f 1919 1891 1892
f 1973 1943 1976
f 1976 1943 1947
f 1976 1947 1977
f 1977 1947 1948
f 1977 1948 1982
f 1982 1948 1954
f 1982 1954 1983
f 1983 1954 1955
f 1928 1900 1929
f 1929 1900 1901
f 1929 1901 1924
f 1924 1901 1895
f 1943 1916 1947
f 1947 1916 1919
f 1947 1919 1948
f 1948 1919 1892
f 1948 1892 1954
f 1954 1892 1896
f 1954 1896 1955
f 1955 1896 1897
f 1955 1897 1956
f 1956 1897 1898
f 1956 1898 1899
f 1956 1899 1957
f 1957 1899 1958
f 1958 1899 1900
f 1842 1869 1848
f 1848 1869 1875
f 1848 1875 1847
f 1847 1875 1874
f 1847 1874 1846
f 1874 1873 1846
f 1846 1873 1845
f 1845 1873 1872
f 1845 1872 1844
f 1844 1872 1871
f 1844 1871 1843
f 1843 1871 1870
f 1928 1958 1900
f 1900 1874 1901
f 1901 1874 1875
f 1901 1875 1895
f 1895 1875 1869
f 1889 1863 1891
f 1891 1863 1865
f 1891 1865 1892
f 1892 1865 1866
f 1892 1866 1896
f 1896 1866 1870
f 1896 1870 1897
f 1897 1870 1871
f 1897 1871 1898
f 1898 1871 1872
f 1898 1872 1899
f 1899 1872 1873
f 1899 1873 1900
f 1900 1873 1874
f 1996 1994 1977
f 1977 1994 1974
f 1974 1994 1992
f 1958 1953 1952
f 1863 1835 1808
f 1977 1982 1996
f 1804 1833 1861
f 1934 1939 1938
f 1965 1987 1959
f 1965 1990 1987
f 1991 1965 1970
f 1991 1990 1965
f 1804 1861 1799
f 1799 1861 1855
f 1800 1799 1856
f 1856 1799 1855
f 1856 1794 1800
f 1794 1856 1849
f 1826 1827 1832
f 1881 1938 1939
f 1881 1939 1912
f 1880 1934 1881
f 1881 1934 1938
f 1969 1970 1964
f 1964 1970 1965
f 1912 1886 1881
f 1913 1940 1907
f 1907 1940 1935
f 1907 1935 1936
f 1907 1936 1908
f 1908 1936 1902
f 1902 1936 1930
f 1887 1913 1882
f 1882 1913 1907
f 1882 1907 1883
f 1883 1907 1908
f 1883 1908 1876
f 1876 1908 1902
f 1876 1902 1930
f 1876 1930 1877
f 1877 1930 1931
f 1877 1931 1878
f 1878 1931 1932
f 1878 1932 1879
f 1879 1932 1933
f 1879 1933 1880
f 1880 1933 1934
f 1940 1969 1935
f 1935 1969 1964
f 1935 1964 1965
f 1935 1965 1936
f 1936 1965 1930
f 1930 1965 1959
f 1930 1959 1931
f 1931 1959 1960
f 1825 1852 1826
f 1826 1852 1853
f 1860 1832 1854
f 1854 1832 1827
f 1854 1827 1853
f 1853 1827 1826
f 1853 1880 1854
f 1854 1880 1881
f 1854 1881 1860
f 1860 1881 1886
f 1822 1794 1849
f 1822 1849 1850
f 1822 1850 1823
f 1823 1850 1851
f 1823 1851 1824
f 1824 1851 1825
f 1825 1851 1852
f 1861 1887 1855
f 1855 1887 1882
f 1855 1882 1856
f 1856 1882 1883
f 1856 1883 1849
f 1849 1883 1876
f 1849 1876 1850
f 1850 1876 1877
f 1850 1877 1851
f 1851 1877 1878
f 1851 1878 1879
f 1851 1879 1852
f 1852 1879 1853
f 1853 1879 1880
f 1915 1918 1890
f 1803 1832 1834
f 1803 1834 1807
f 1807 1834 1837
f 1807 1837 1810
f 1862 1864 1837
f 1888 1915 1890
f 1888 1890 1862
f 1862 1890 1864
f 1912 1915 1886
f 1886 1915 1888
f 1834 1832 1862
f 1862 1832 1860
f 1834 1862 1837
f 1888 1862 1860
f 1888 1860 1886
f 1869 1842 1837
f 1890 1895 1864
f 1864 1895 1869
f 1918 1895 1890
f 1895 1918 1924
f 1810 1837 1842
f 1810 1842 1816
f 1864 1869 1837
f 1847 1821 1816
f 1816 1821 1815
f 1846 1820 1847
f 1847 1820 1821
f 1819 1846 1845
f 1846 1819 1820
f 1819 1845 1818
f 1818 1845 1844
f 1843 1817 1844
f 1844 1817 1818
f 1816 1842 1847
f 1923 1952 1953
f 1923 1953 1924
f 1977 1994 1982
f 1992 1994 1977
f 1992 1977 1974
f 1916 1943 1944
f 1817 1843 1818
f 1818 1843 1844
f 1845 1819 1844
f 1844 1819 1818
f 1846 1820 1845
f 1845 1820 1819
f 1841 1815 1821
f 1841 1821 1847
f 1815 1841 1842
f 1815 1842 1816
f 1924 1895 1923
f 1923 1895 1894
f 1923 1894 1928
f 1928 1894 1900
f 1916 1944 1920
f 1920 1944 1948
f 1920 1948 1925
f 1925 1948 1954
f 1889 1916 1891
f 1891 1916 1920
f 1891 1920 1892
f 1892 1920 1896
f 1896 1920 1925
f 1896 1925 1954
f 1896 1954 1897
f 1897 1954 1955
f 1897 1955 1898
f 1898 1955 1956
f 1899 1957 1900
f 1900 1957 1958
f 1928 1958 1923
f 1923 1958 1952
f 1944 1974 1948
f 1948 1974 1977
f 1948 1977 1954
f 1954 1977 1982
f 1954 1982 1955
f 1955 1982 1983
f 1864 1869 1890
f 1869 1842 1868
f 1868 1842 1841
f 1868 1841 1874
f 1874 1841 1847
f 1874 1847 1873
f 1873 1847 1846
f 1873 1846 1872
f 1872 1846 1845
f 1872 1845 1871
f 1871 1845 1844
f 1871 1844 1870
f 1870 1844 1843
f 1870 1843 1866
f 1866 1843 1817
f 1863 1889 1865
f 1865 1889 1891
f 1866 1892 1870
f 1870 1892 1896
f 1871 1897 1872
f 1872 1897 1898
f 1872 1898 1873
f 1873 1898 1899
f 1873 1899 1874
f 1874 1899 1900
f 1874 1900 1868
f 1868 1900 1894
f 1868 1894 1869
f 1869 1894 1895
f 1869 1895 1890
f 1944 1943 1974
f 1943 1973 1974
f 1959 1987 1990
f 1970 1969 1940
f 1803 1826 1832
f 1823 1795 1794
f 1823 1794 1822
f 1796 1795 1823
f 1796 1823 1824
f 1797 1796 1825
f 1825 1796 1824
f 1826 1798 1825
f 1825 1798 1797
f 1802 1798 1803
f 1803 1798 1826
f 2012 2008 2007
f 2012 2007 2011
f 2011 2007 1999
f 2011 1999 2004
f 2004 1999 1988
f 2004 1988 1997
f 1997 1988 1960
f 1997 1960 1983
f 1983 1960 1961
f 1983 1961 1984
f 1984 1961 1932
f 1984 1932 1956
f 1956 1932 1933
f 1956 1933 1957
f 1957 1933 1962
f 1957 1962 1985
f 1985 1962 1963
f 1985 1963 1986
f 1986 1963 1989
f 1986 1989 1998
f 1998 1989 2001
f 1998 2001 2006
f 2006 2001 2010
f 2006 2010 2014
f 2014 2010 2009
f 2014 2009 2013
f 2013 2009 2008
f 2013 2008 2012
f 1984 1956 1985
f 1985 1956 1957
f 2006 2014 2013
f 2005 1985 2012
f 2005 2004 1985
f 1985 1986 2012
f 2012 1986 1998
f 1985 2004 1997
f 1985 1997 1983
f 2012 1998 2006
f 2012 2006 2013
f 1983 1984 1985
f 2012 2011 2004
f 2012 2004 2005
f 1962 1933 1961
f 1961 1933 1932
f 2001 2009 2010
f 2000 1999 2008
f 2008 1999 2007
f 1999 2000 1961
f 2000 2008 1961
f 1961 2008 2009
f 1961 2009 1962
f 2009 1989 1963
f 2009 1963 1962
f 1999 1961 1960
f 1960 1988 1999
f 1989 2009 2001
f 1869 1816 1842
f 1842 1869 1895
f 1869 1842 1841
f 1869 1841 1868
f 1950 1956 1951
f 1951 1956 1957
f 1951 1957 1979
f 1979 1957 1985
f 1979 1985 1980
f 1980 1985 1986
f 1956 1984 1957
f 1957 1984 1985
f 1979 1980 1951
f 1951 1980 1952
f 1980 1975 1952
f 1952 1975 1945
f 1933 1905 1937
f 1905 1910 1937
f 1938 1967 1937
f 1938 1937 1911
f 1911 1937 1910
f 1962 1966 1963
f 1967 1963 1966
f 1967 1966 1937
f 1962 1933 1966
f 1966 1933 1937
f 1852 1905 1904
f 1961 1904 1933
f 1933 1904 1905
f 1878 1851 1904
f 1904 1851 1852
f 1802 1803 1806
f 1803 1807 1806
f 1807 1810 1785
f 1785 1780 1807
f 1768 1798 1802
f 1768 1802 1773
f 1773 1802 1803
f 1773 1803 1774
f 1774 1803 1780
f 1780 1803 1807
f 1779 1778 1780
f 1806 1807 1802
f 1802 1807 1803
f 1858 1830 1859
f 1885 1858 1859
f 1831 1859 1830
f 1912 1860 1886
f 1915 1886 1890
f 1946 1942 1918
f 1918 1942 1915
f 1834 1860 1832
f 1806 1779 1807
f 1779 1780 1807
f 1772 1773 1778
f 1778 1773 1774
f 1778 1774 1780
f 1772 1796 1797
f 1772 1797 1798
f 1772 1798 1768
f 1772 1768 1773
f 1784 1785 1783
f 1788 1791 1790
f 1788 1790 1793
f 1788 1793 1821
f 1821 1820 1788
f 1820 1819 1788
f 1788 1783 1791
f 1791 1783 1785
f 1793 1790 1815
f 1810 1816 1791
f 1810 1791 1785
f 1790 1791 1816
f 1815 1821 1793
f 1815 1790 1816
f 1842 1816 1837
f 1837 1816 1810
f 1864 1837 1834
f 1834 1862 1864
f 1904 1905 1879
f 1825 1797 1824
f 1824 1797 1796
f 1826 1797 1825
f 1826 1798 1797
f 1831 1802 1826
f 1826 1802 1798
f 1802 1831 1832
f 1802 1832 1803
f 1862 1832 1888
f 1939 1912 1938
f 1938 1912 1911
f 1905 1933 1906
f 1906 1933 1934
f 1933 1904 1932
f 1879 1878 1904
f 1880 1906 1885
f 1885 1906 1911
f 1906 1934 1938
f 1906 1938 1911
f 1912 1886 1911
f 1911 1886 1885
f 1879 1905 1880
f 1880 1905 1906
f 1824 1878 1879
f 1824 1879 1825
f 1825 1879 1826
f 1826 1879 1880
f 1826 1880 1885
f 1826 1885 1831
f 1831 1885 1832
f 1832 1885 1886
f 1832 1886 1888
f 1888 1886 1912
f 1888 1912 1915
f 1939 1912 1915
f 1942 1915 1912
f 1942 1912 1939
f 1934 1967 1939
f 1939 1967 1968
f 1934 1963 1967
f 1934 1933 1962
f 1934 1962 1963
f 1932 1961 1962
f 1962 1933 1932
f 1971 1972 1968
f 1971 1968 1967
f 1972 1942 1939
f 1972 1939 1968
f 1981 1971 1980
f 1971 1953 1946
f 1971 1946 1972
f 1972 1946 1942
f 1981 1953 1971
f 1971 1975 1980
f 1958 1986 1985
f 1953 1980 1958
f 1958 1980 1986
f 1953 1981 1980
f 1924 1946 1953
f 1946 1924 1918
f 1958 1985 1957
f 1924 1953 1918
f 1890 1918 1924
f 1837 1864 1895
f 1872 1845 1898
f 1927 1957 1956
f 1956 1926 1927
f 1958 1957 1928
f 1928 1957 1927
f 1894 1924 1923
f 1952 1928 1923
f 1900 1928 1899
f 1899 1928 1927
f 1899 1927 1926
f 1924 1894 1895
f 1924 1895 1890
f 1926 1898 1899
f 1899 1898 1845
f 1899 1845 1846
f 1899 1846 1900
f 1900 1846 1847
f 1900 1847 1894
f 1894 1847 1841
f 1894 1841 1895
f 1895 1841 1842
f 1895 1842 1837
f 1864 1837 1810
f 1869 1864 1842
f 1842 1864 1837
f 1860 1862 1886
f 1886 1862 1888
f 1790 1784 1783
f 1789 1790 1783
f 1789 1783 1788
f 1784 1790 1816
f 1816 1810 1784
f 1784 1810 1785
f 1840 1841 1815
f 1840 1815 1814
f 1926 1898 1872
f 1872 1845 1926
f 1845 1844 1926
f 1926 1844 1871
f 1926 1871 1897
f 1926 1922 1956
f 1956 1922 1950
f 1892 1921 1950
f 1950 1921 1949
f 1893 1892 1950
f 1893 1950 1921
f 1950 1949 1978
f 1950 1922 1921
f 1838 1813 1812
f 1838 1839 1813
f 1813 1839 1867
f 1893 1867 1892
f 1892 1867 1866
f 1994 1995 1977
f 1977 1995 1978
f 1850 1877 1884
f 1857 1850 1884
f 1903 1909 1884
f 1903 1884 1877
f 1850 1903 1877
f 1777 1771 1776
f 1776 1771 1770
f 1776 1770 1805
f 1805 1770 1800
f 1786 1781 1782
f 1817 1792 1782
f 1782 1792 1787
f 1782 1787 1786
f 1782 1783 1788
f 1788 1819 1818
f 1788 1818 1782
f 1818 1817 1782
f 1782 1781 1775
f 1782 1775 1776
f 1777 1778 1776
f 1767 1794 1776
f 1776 1794 1777
f 1794 1795 1772
f 1772 1795 1796
f 1794 1772 1778
f 1794 1778 1777
f 1776 1770 1767
f 1776 1769 1770
f 1776 1775 1769
f 1800 1801 1828
f 1857 1856 1829
f 1801 1829 1828
f 1856 1828 1829
f 1805 1804 1799
f 1805 1799 1800
f 1770 1769 1805
f 1805 1769 1775
f 1805 1775 1804
f 1800 1799 1770
f 1770 1799 1769
f 1940 1970 1941
f 1941 1913 1940
f 1887 1861 1833
f 1770 1769 1800
f 1775 1808 1833
f 1775 1833 1804
f 1770 1800 1794
f 1770 1794 1767
f 1769 1799 1800
f 1991 1970 1992
f 1992 1970 1974
f 1974 1970 1973
f 1973 1970 1969
f 1960 1959 1988
f 1959 1987 1988
f 1960 1961 1931
f 1931 1961 1932
f 1969 1940 1943
f 1969 1943 1973
f 1913 1887 1916
f 1913 1916 1940
f 1940 1916 1943
f 1808 1835 1833
f 1833 1835 1889
f 1833 1889 1887
f 1887 1889 1916
f 1965 1990 1959
f 1970 1991 1990
f 1970 1990 1965
f 1823 1795 1822
f 1822 1795 1794
f 1908 1914 1941
f 1883 1856 1855
f 1855 1882 1883
f 1878 1932 1904
f 1908 1941 1936
f 1941 1970 1936
f 1936 1970 1965
f 1851 1824 1850
f 1850 1824 1823
f 1850 1823 1849
f 1849 1823 1822
f 1849 1822 1856
f 1856 1822 1794
f 1904 1961 1903
f 1904 1903 1850
f 1904 1850 1851
f 1961 1960 1903
f 1994 1992 2003
f 2003 1992 2002
f 1990 1992 1988
f 1988 1992 1993
f 1990 1991 1992
f 1996 1997 1994
f 1994 1997 1995
f 1987 1990 1988
f 1870 1871 1896
f 1896 1871 1897
f 1926 1956 1898
f 1944 1917 1948
f 1948 1917 1920
f 1917 1944 1916
f 1916 1889 1917
f 1917 1889 1920
f 1920 1889 1892
f 1948 1920 1892
f 1889 1863 1892
f 1892 1863 1865
f 1792 1817 1812
f 1792 1812 1787
f 1811 1786 1812
f 1812 1786 1787
f 1781 1808 1775
f 1996 1982 1997
f 1982 1983 1997
f 1983 1955 1984
f 1984 1955 1956
f 1863 1889 1835
f 1812 1811 1809
f 1811 1808 1809
f 1786 1787 1809
f 1786 1809 1781
f 1781 1809 1808
f 1787 1786 1811
f 1787 1811 1812
f 1838 1805 1828
f 1838 1812 1805
f 1805 1812 1809
f 1805 1800 1828
f 1776 1809 1787
f 1809 1776 1805
f 1776 1787 1782
f 1828 1836 1838
f 2199 2202 2200
f 2201 2202 2199
f 2237 2257 2256
f 2238 2239 2236
f 2236 2239 2237
f 2236 2237 2256
f 2221 2220 2219
f 2239 2238 2220
f 2220 2238 2219
f 2221 2219 2200
f 2200 2219 2199
f 2284 2301 2313
f 2284 2334 2333
f 2285 2301 2284
f 2313 2327 2284
f 2284 2327 2326
f 2326 2337 2284
f 2284 2337 2336
f 2284 2336 2335
f 2284 2335 2334
f 2284 2333 2332
f 2312 2300 2284
f 2284 2332 2325
f 2284 2324 2312
f 2284 2325 2324
f 2284 2286 2285
f 2287 2285 2286
f 2270 2271 2286
f 2286 2271 2287
f 2271 2270 2273
f 2270 2272 2273
f 2273 2272 2254
f 2273 2254 2257
f 2257 2254 2256
f 2145 2152 2151
f 2145 2146 2152
f 2112 2113 2121
f 2120 2112 2121
f 2121 2129 2128
f 2121 2128 2120
f 2130 2122 2123
f 2130 2123 2131
f 2115 2122 2114
f 2115 2123 2122
f 2148 2154 2153
f 2148 2153 2147
f 2128 2129 2131
f 2131 2129 2130
f 2131 2130 2122
f 2186 2160 2152
f 2160 2186 2161
f 2161 2186 2187
f 2187 2153 2161
f 2151 2105 2106
f 2151 2106 2152
f 2112 2120 2159
f 2159 2120 2170
f 2170 2120 2128
f 2112 2159 2113
f 2113 2159 2160
f 2166 2113 2160
f 2166 2121 2113
f 2166 2129 2121
f 2166 2121 2120
f 2166 2167 2129
f 2129 2167 2130
f 2167 2122 2123
f 2130 2167 2122
f 2167 2114 2122
f 2114 2167 2161
f 2114 2161 2115
f 2115 2161 2162
f 2171 2131 2123
f 2171 2123 2162
f 2162 2123 2115
f 2153 2107 2108
f 2153 2108 2154
f 2171 2170 2128
f 2171 2128 2131
f 2105 2145 2151
f 2186 2152 2146
f 2147 2153 2187
f 2153 2154 2162
f 2159 2151 2152
f 2153 2162 2161
f 2160 2159 2152
f 2161 2167 2166
f 2161 2166 2160
f 2154 2107 2153
f 2154 2108 2107
f 2108 2154 2148
f 2162 2115 2171
f 2171 2115 2131
f 2112 2159 2128
f 2128 2159 2170
f 2131 2115 2123
f 2131 2124 2132
f 2123 2124 2131
f 2127 2119 2128
f 2128 2119 2120
f 2128 2120 2112
f 2079 2061 2105
f 2105 2061 2056
f 2151 2159 2105
f 2105 2159 2112
f 2079 2105 2083
f 2083 2105 2112
f 2083 2112 2120
f 2083 2128 2088
f 2083 2120 2128
f 2041 2028 2024
f 2145 2105 2056
f 2145 2056 2041
f 2145 2041 2024
f 2016 2145 2024
f 2016 2017 2145
f 2145 2017 2146
f 2017 2186 2146
f 2186 2017 2187
f 2187 2017 2020
f 2147 2187 2020
f 2020 2021 2147
f 2147 2021 2148
f 2038 2148 2025
f 2025 2148 2021
f 2029 2042 2038
f 2038 2042 2148
f 2057 2108 2148
f 2057 2148 2042
f 2162 2154 2115
f 2115 2154 2108
f 2115 2108 2084
f 2123 2115 2084
f 2057 2062 2108
f 2108 2062 2080
f 2108 2080 2084
f 2084 2131 2123
f 2131 2084 2089
f 2190 2155 2163
f 2194 2168 2192
f 2116 2163 2168
f 2116 2168 2124
f 2190 2192 2155
f 2155 2192 2163
f 2124 2168 2132
f 2216 2194 2192
f 2192 2168 2163
f 2128 2131 2090
f 2131 2132 2090
f 2127 2128 2087
f 2087 2128 2090
f 2087 2090 2092
f 2092 2090 2093
f 2189 2158 2150
f 2213 2191 2215
f 2215 2191 2193
f 2119 2165 2158
f 2119 2158 2111
f 2119 2127 2165
f 2189 2150 2191
f 2191 2150 2158
f 2191 2158 2165
f 2191 2165 2193
f 2191 2213 2211
f 2191 2211 2189
f 2194 2216 2196
f 2172 2168 2196
f 2196 2168 2194
f 2132 2168 2172
f 2135 2093 2090
f 2255 2257 2237
f 2273 2257 2255
f 2235 2255 2237
f 2237 2239 2218
f 2218 2239 2220
f 2135 2090 2132
f 2135 2132 2172
f 2237 2218 2235
f 2174 2135 2172
f 2174 2172 2198
f 2198 2172 2196
f 2198 2196 2220
f 2220 2196 2218
f 2218 2196 2216
f 2218 2216 2235
f 2202 2178 2176
f 2202 2176 2200
f 2200 2198 2221
f 2221 2198 2220
f 2176 2137 2174
f 2176 2174 2198
f 2176 2198 2200
f 2174 2137 2135
f 2199 2175 2177
f 2199 2177 2201
f 2169 2165 2127
f 2165 2169 2195
f 2165 2195 2193
f 2193 2195 2215
f 2256 2254 2236
f 2236 2254 2234
f 2219 2197 2199
f 2175 2199 2173
f 2173 2199 2197
f 2087 2092 2134
f 2234 2215 2217
f 2134 2173 2169
f 2169 2173 2197
f 2169 2197 2195
f 2195 2197 2219
f 2195 2219 2217
f 2236 2234 2217
f 2169 2127 2134
f 2134 2127 2087
f 2217 2215 2195
f 2136 2175 2173
f 2136 2173 2134
f 2217 2219 2238
f 2217 2238 2236
f 2135 2175 2093
f 2093 2136 2134
f 2093 2134 2092
f 2175 2136 2093
f 2135 2137 2175
f 2175 2137 2176
f 2176 2178 2175
f 2175 2178 2202
f 2201 2177 2202
f 2202 2177 2175
f 2117 2116 2125
f 2125 2116 2124
f 2125 2124 2123
f 2164 2116 2117
f 2156 2190 2163
f 2156 2163 2164
f 2164 2163 2116
f 2110 2111 2157
f 2157 2111 2158
f 2157 2158 2150
f 2120 2119 2118
f 2111 2110 2119
f 2119 2110 2118
f 2126 2128 2118
f 2118 2128 2120
f 2128 2126 2088
f 2088 2126 2086
f 2082 2083 2088
f 2082 2088 2086
f 2056 2055 2041
f 2041 2055 2040
f 2041 2040 2027
f 2041 2027 2028
f 2055 2056 2054
f 2061 2060 2056
f 2056 2060 2054
f 2079 2078 2061
f 2061 2078 2060
f 2083 2078 2079
f 2083 2082 2078
f 2025 2021 2022
f 2025 2022 2026
f 2017 2018 2020
f 2020 2018 2019
f 2029 2026 2030
f 2028 2027 2023
f 2024 2023 2015
f 2024 2015 2016
f 2026 2029 2038
f 2026 2038 2025
f 2028 2023 2024
f 2063 2062 2057
f 2063 2057 2059
f 2063 2081 2062
f 2062 2081 2080
f 2085 2084 2081
f 2081 2084 2080
f 2059 2057 2058
f 2042 2043 2057
f 2057 2043 2058
f 2043 2042 2029
f 2043 2029 2030
f 2091 2089 2085
f 2085 2089 2084
f 2089 2091 2131
f 2131 2091 2133
f 2125 2123 2131
f 2125 2131 2133
f 2214 2216 2192
f 2253 2271 2273
f 2253 2273 2255
f 2253 2255 2233
f 2231 2233 2214
f 2231 2214 2212
f 2235 2216 2214
f 2212 2214 2192
f 2212 2192 2190
f 2253 2233 2251
f 2251 2233 2231
f 2255 2235 2233
f 2233 2235 2214
f 2269 2285 2287
f 2231 2251 2212
f 2271 2253 2251
f 2287 2271 2269
f 2269 2271 2251
f 2327 2313 2311
f 2275 2259 2258
f 2211 2230 2228
f 2081 2117 2125
f 2081 2125 2085
f 2085 2125 2133
f 2133 2091 2085
f 2155 2190 2156
f 2188 2190 2149
f 2149 2190 2155
f 2231 2212 2188
f 2188 2212 2190
f 2326 2323 2337
f 2331 2335 2336
f 2328 2333 2334
f 2324 2325 2318
f 2189 2211 2185
f 2150 2189 2144
f 2086 2126 2082
f 2126 2118 2082
f 2082 2118 2078
f 2078 2118 2110
f 2054 2060 2078
f 2040 2023 2027
f 2033 2019 2018
f 2017 2032 2018
f 2096 2066 2095
f 2095 2066 2065
f 2032 2031 2044
f 2051 2044 2050
f 2051 2050 2070
f 2046 2033 2045
f 2065 2045 2064
f 2064 2071 2101
f 2101 2071 2100
f 2017 2016 2032
f 2032 2016 2031
f 2037 2015 2023
f 2031 2016 2015
f 2050 2031 2037
f 2037 2031 2015
f 2055 2037 2040
f 2040 2037 2023
f 2070 2075 2104
f 2104 2075 2074
f 2071 2070 2064
f 2071 2064 2044
f 2044 2045 2032
f 2094 2138 2095
f 2095 2138 2139
f 2095 2139 2096
f 2096 2139 2140
f 2145 2138 2101
f 2101 2138 2094
f 2094 2095 2065
f 2065 2066 2046
f 2144 2145 2100
f 2100 2145 2101
f 2100 2101 2094
f 2064 2094 2065
f 2046 2045 2065
f 2094 2064 2101
f 2185 2209 2179
f 2179 2209 2203
f 2179 2203 2180
f 2180 2203 2204
f 2180 2139 2179
f 2179 2139 2138
f 2179 2138 2145
f 2179 2145 2185
f 2185 2145 2144
f 2033 2018 2032
f 2044 2051 2071
f 2071 2051 2070
f 2044 2031 2050
f 2055 2074 2075
f 2144 2189 2185
f 2157 2150 2104
f 2157 2104 2110
f 2110 2104 2074
f 2110 2074 2078
f 2078 2074 2055
f 2078 2055 2054
f 2185 2211 2228
f 2209 2228 2222
f 2209 2222 2203
f 2203 2222 2204
f 2204 2222 2223
f 2276 2277 2260
f 2291 2277 2276
f 2276 2260 2259
f 2275 2289 2290
f 2290 2291 2276
f 2275 2276 2259
f 2242 2223 2241
f 2241 2223 2222
f 2209 2185 2228
f 2228 2248 2240
f 2228 2240 2222
f 2222 2240 2241
f 2276 2275 2290
f 2289 2302 2303
f 2296 2289 2288
f 2296 2297 2289
f 2289 2297 2302
f 2297 2296 2309
f 2297 2309 2302
f 2319 2328 2329
f 2319 2318 2328
f 2329 2328 2334
f 2266 2248 2268
f 2268 2248 2250
f 2260 2242 2259
f 2259 2242 2241
f 2259 2241 2258
f 2258 2241 2240
f 2258 2240 2266
f 2266 2240 2248
f 2266 2248 2228
f 2248 2228 2250
f 2250 2228 2230
f 2268 2284 2266
f 2266 2284 2282
f 2266 2282 2274
f 2266 2274 2258
f 2258 2274 2275
f 2300 2308 2296
f 2308 2318 2309
f 2312 2324 2308
f 2308 2324 2318
f 2300 2312 2308
f 2318 2325 2332
f 2318 2332 2333
f 2318 2333 2328
f 2299 2283 2295
f 2299 2295 2294
f 2294 2307 2298
f 2298 2307 2310
f 2298 2310 2299
f 2299 2310 2311
f 2299 2311 2313
f 2299 2294 2298
f 2293 2306 2307
f 2261 2277 2278
f 2279 2278 2292
f 2279 2292 2293
f 2293 2292 2306
f 2291 2290 2304
f 2291 2304 2305
f 2306 2317 2323
f 2323 2317 2322
f 2306 2305 2317
f 2290 2303 2304
f 2305 2316 2317
f 2323 2322 2336
f 2323 2336 2337
f 2305 2304 2316
f 2322 2331 2336
f 2316 2321 2322
f 2322 2321 2331
f 2304 2303 2315
f 2316 2315 2321
f 2321 2330 2331
f 2303 2314 2315
f 2315 2320 2321
f 2321 2320 2330
f 2302 2318 2314
f 2315 2314 2320
f 2335 2330 2329
f 2318 2302 2309
f 2334 2335 2329
f 2318 2319 2314
f 2314 2319 2320
f 2320 2319 2329
f 2296 2308 2309
f 2303 2302 2314
f 2320 2329 2330
f 2331 2330 2335
f 2284 2300 2282
f 2282 2300 2296
f 2282 2296 2274
f 2274 2296 2288
f 2274 2288 2275
f 2275 2288 2289
f 2290 2289 2303
f 2304 2315 2316
f 2317 2316 2322
f 2326 2327 2323
f 2323 2327 2311
f 2323 2311 2310
f 2323 2310 2307
f 2323 2307 2306
f 2305 2306 2292
f 2305 2292 2291
f 2291 2292 2278
f 2291 2278 2277
f 2277 2261 2260
f 2260 2261 2243
f 2260 2243 2242
f 2242 2243 2224
f 2242 2224 2223
f 2223 2224 2205
f 2223 2205 2204
f 2204 2205 2181
f 2204 2181 2180
f 2180 2181 2140
f 2180 2140 2139
f 2109 2117 2081
f 2063 2059 2081
f 2081 2059 2077
f 2081 2077 2109
f 2043 2030 2039
f 2039 2030 2026
f 2058 2043 2039
f 2026 2022 2036
f 2076 2053 2073
f 2059 2058 2077
f 2077 2058 2076
f 2077 2076 2109
f 2109 2076 2073
f 2149 2109 2103
f 2103 2109 2073
f 2109 2155 2164
f 2109 2164 2117
f 2156 2164 2155
f 2313 2301 2299
f 2299 2301 2285
f 2299 2285 2283
f 2283 2285 2269
f 2283 2269 2267
f 2267 2269 2251
f 2267 2251 2249
f 2249 2251 2231
f 2249 2231 2229
f 2229 2231 2188
f 2022 2021 2036
f 2076 2058 2053
f 2053 2049 2052
f 2036 2021 2035
f 2021 2020 2035
f 2035 2048 2049
f 2035 2049 2036
f 2049 2069 2052
f 2073 2053 2052
f 2073 2052 2072
f 2072 2052 2069
f 2072 2069 2102
f 2102 2069 2099
f 2102 2099 2103
f 2068 2069 2048
f 2036 2049 2053
f 2036 2053 2039
f 2039 2053 2058
f 2155 2109 2149
f 2283 2267 2281
f 2283 2281 2295
f 2295 2281 2294
f 2035 2020 2019
f 2039 2026 2036
f 2019 2033 2034
f 2019 2034 2035
f 2070 2100 2071
f 2044 2064 2045
f 2032 2045 2033
f 2068 2047 2067
f 2068 2067 2098
f 2098 2067 2097
f 2047 2068 2048
f 2047 2048 2034
f 2102 2103 2073
f 2102 2073 2072
f 2099 2143 2148
f 2103 2102 2149
f 2229 2247 2249
f 2249 2247 2265
f 2149 2148 2184
f 2149 2184 2188
f 2188 2184 2208
f 2188 2208 2210
f 2210 2208 2227
f 2102 2099 2148
f 2102 2148 2149
f 2210 2227 2229
f 2229 2227 2246
f 2229 2246 2247
f 2247 2246 2264
f 2247 2264 2265
f 2098 2097 2142
f 2143 2142 2183
f 2143 2183 2184
f 2184 2183 2207
f 2184 2207 2208
f 2208 2207 2226
f 2208 2226 2227
f 2227 2226 2245
f 2227 2245 2246
f 2246 2245 2263
f 2246 2263 2264
f 2264 2263 2280
f 2293 2294 2280
f 2293 2280 2279
f 2279 2263 2262
f 2262 2263 2245
f 2262 2245 2244
f 2244 2245 2226
f 2244 2226 2225
f 2225 2226 2207
f 2225 2207 2206
f 2206 2207 2183
f 2206 2183 2182
f 2182 2183 2142
f 2182 2142 2141
f 2097 2141 2142
f 2263 2279 2280
f 2267 2249 2265
f 2267 2265 2280
f 2280 2265 2264
f 2184 2148 2143
f 2142 2143 2098
f 2098 2143 2099
f 2098 2099 2068
f 2068 2099 2069
f 2140 2141 2096
f 2096 2141 2097
f 2096 2097 2066
f 2066 2097 2067
f 2066 2067 2046
f 2046 2067 2047
f 2046 2047 2033
f 2033 2047 2034
f 2035 2034 2048
f 2049 2048 2069
f 2188 2210 2229
f 2281 2267 2280
f 2281 2280 2294
f 2307 2294 2293
f 2278 2279 2262
f 2278 2262 2261
f 2261 2262 2244
f 2261 2244 2243
f 2243 2244 2225
f 2243 2225 2224
f 2224 2225 2206
f 2224 2206 2205
f 2205 2206 2182
f 2205 2182 2181
f 2181 2182 2141
f 2181 2141 2140
f 2150 2144 2100
f 2150 2100 2104
f 2104 2100 2070
f 2075 2070 2050
f 2075 2050 2055
f 2055 2050 2037
f 2230 2211 2189
f 2215 2234 2232
f 2234 2252 2232
f 2232 2252 2250
f 2232 2250 2230
f 2284 2268 2286
f 2286 2268 2270
f 2234 2254 2252
f 2230 2211 2213
f 2230 2213 2232
f 2232 2213 2215
f 2254 2272 2252
f 2252 2272 2270
f 2252 2270 2268
f 2252 2268 2250
f 2497 2471 2362
f 2471 2383 2362
f 2493 2358 2359
f 2493 2359 2494
f 2361 2493 2496
f 2356 2491 2359
f 2359 2491 2494
f 2493 2361 2358
f 2496 2360 2361
f 2496 2495 2360
f 2360 2495 2497
f 2497 2362 2360
f 2423 2484 2406
f 2406 2484 2349
f 2484 2423 2479
f 2438 2461 2423
f 2423 2461 2479
f 2406 2344 2373
f 2406 2373 2388
f 2349 2344 2406
f 2438 2457 2461
f 2369 2388 2373
f 2438 2453 2457
f 2369 2365 2388
f 2488 2353 2348
f 2488 2348 2483
f 2349 2484 2348
f 2348 2484 2483
f 2352 2487 2356
f 2356 2487 2491
f 2487 2352 2353
f 2487 2353 2488
f 2378 2355 2354
f 2386 2389 2385
f 2352 2356 2351
f 2433 2434 2450
f 2416 2400 2417
f 2416 2417 2434
f 2416 2434 2433
f 2362 2383 2384
f 2388 2387 2364
f 2405 2406 2388
f 2419 2402 2401
f 2401 2402 2405
f 2405 2402 2406
f 2419 2418 2422
f 2419 2422 2423
f 2422 2438 2423
f 2452 2438 2437
f 2338 2342 2367
f 2342 2372 2367
f 2368 2339 2343
f 2353 2352 2348
f 2348 2352 2347
f 2343 2342 2339
f 2339 2342 2338
f 2339 2338 2368
f 2338 2367 2368
f 2352 2351 2347
f 2347 2351 2346
f 2347 2346 2342
f 2342 2346 2341
f 2346 2375 2371
f 2366 2389 2390
f 2375 2374 2371
f 2366 2371 2389
f 2390 2389 2386
f 2367 2371 2366
f 2363 2367 2386
f 2374 2370 2371
f 2370 2391 2392
f 2371 2370 2392
f 2371 2392 2389
f 2403 2404 2385
f 2385 2404 2386
f 2385 2389 2403
f 2403 2389 2408
f 2341 2346 2371
f 2367 2366 2390
f 2348 2347 2343
f 2343 2347 2342
f 2364 2368 2367
f 2364 2367 2363
f 2342 2341 2371
f 2342 2371 2372
f 2372 2371 2367
f 2386 2387 2363
f 2364 2363 2387
f 2367 2390 2386
f 2387 2405 2388
f 2425 2407 2424
f 2424 2407 2409
f 2424 2409 2426
f 2425 2424 2426
f 2439 2442 2459
f 2459 2442 2441
f 2459 2441 2458
f 2439 2425 2426
f 2439 2426 2441
f 2436 2420 2435
f 2435 2420 2425
f 2435 2425 2439
f 2409 2407 2408
f 2408 2425 2420
f 2454 2439 2459
f 2440 2436 2439
f 2440 2439 2454
f 2442 2439 2441
f 2436 2435 2439
f 2455 2473 2477
f 2482 2477 2481
f 2456 2455 2473
f 2482 2481 2486
f 2483 2482 2487
f 2483 2487 2488
f 2389 2391 2408
f 2404 2403 2421
f 2391 2409 2408
f 2403 2408 2420
f 2403 2420 2421
f 2463 2481 2459
f 2459 2481 2476
f 2459 2455 2454
f 2451 2436 2455
f 2459 2458 2462
f 2437 2436 2451
f 2452 2437 2451
f 2459 2462 2463
f 2392 2391 2389
f 2404 2421 2422
f 2422 2405 2404
f 2404 2405 2387
f 2404 2387 2386
f 2405 2422 2401
f 2401 2422 2418
f 2401 2418 2419
f 2422 2437 2438
f 2454 2455 2440
f 2440 2455 2436
f 2456 2473 2474
f 2474 2473 2477
f 2482 2486 2487
f 2474 2477 2478
f 2482 2483 2478
f 2478 2477 2482
f 2459 2460 2455
f 2476 2477 2459
f 2459 2477 2460
f 2451 2455 2452
f 2460 2477 2455
f 2455 2456 2452
f 2481 2477 2476
f 2408 2407 2425
f 2421 2420 2436
f 2421 2436 2437
f 2421 2437 2422
f 2468 2492 2489
f 2471 2472 2470
f 2489 2466 2468
f 2493 2490 2492
f 2495 2470 2472
f 2490 2466 2489
f 2490 2489 2492
f 2492 2468 2495
f 2495 2468 2470
f 2472 2497 2495
f 2495 2496 2493
f 2492 2495 2493
f 2493 2494 2490
f 2497 2472 2471
f 2361 2360 2358
f 2358 2360 2357
f 2433 2432 2416
f 2416 2432 2415
f 2383 2381 2382
f 2383 2382 2384
f 2384 2382 2362
f 2362 2382 2360
f 2471 2469 2450
f 2450 2469 2449
f 2450 2449 2433
f 2400 2416 2399
f 2400 2399 2383
f 2383 2399 2381
f 2382 2380 2360
f 2380 2378 2357
f 2354 2357 2378
f 2380 2357 2360
f 2470 2468 2467
f 2467 2468 2447
f 2447 2468 2448
f 2397 2398 2379
f 2379 2398 2380
f 2379 2380 2382
f 2468 2466 2448
f 2448 2466 2446
f 2430 2431 2413
f 2413 2431 2414
f 2398 2396 2380
f 2380 2396 2378
f 2396 2398 2397
f 2396 2397 2414
f 2414 2397 2415
f 2414 2415 2413
f 2413 2415 2430
f 2430 2415 2432
f 2430 2432 2431
f 2431 2432 2446
f 2446 2432 2447
f 2446 2447 2448
f 2469 2470 2467
f 2469 2467 2449
f 2449 2467 2447
f 2449 2447 2433
f 2433 2447 2432
f 2416 2415 2399
f 2399 2415 2397
f 2399 2397 2381
f 2381 2397 2379
f 2381 2379 2382
f 2357 2354 2355
f 2357 2355 2358
f 2466 2464 2446
f 2446 2464 2445
f 2446 2445 2429
f 2396 2412 2395
f 2396 2395 2378
f 2378 2395 2376
f 2494 2491 2490
f 2490 2485 2466
f 2466 2485 2465
f 2466 2465 2464
f 2445 2443 2429
f 2429 2443 2427
f 2429 2427 2412
f 2412 2427 2410
f 2412 2410 2395
f 2395 2410 2393
f 2376 2377 2378
f 2378 2377 2355
f 2355 2377 2350
f 2358 2355 2356
f 2358 2356 2359
f 2491 2486 2490
f 2490 2486 2485
f 2462 2444 2443
f 2443 2444 2427
f 2427 2444 2428
f 2427 2428 2410
f 2410 2428 2411
f 2410 2411 2393
f 2393 2411 2394
f 2393 2394 2374
f 2374 2394 2377
f 2355 2350 2356
f 2356 2350 2351
f 2491 2487 2486
f 2486 2481 2485
f 2485 2481 2480
f 2444 2462 2441
f 2394 2391 2374
f 2350 2345 2346
f 2350 2346 2351
f 2485 2480 2465
f 2465 2480 2462
f 2444 2441 2428
f 2428 2441 2426
f 2428 2426 2411
f 2411 2426 2409
f 2411 2409 2394
f 2394 2409 2391
f 2377 2374 2350
f 2350 2374 2345
f 2464 2465 2462
f 2464 2462 2445
f 2445 2462 2443
f 2395 2393 2376
f 2376 2393 2374
f 2376 2374 2377
f 2412 2396 2414
f 2412 2414 2429
f 2429 2414 2431
f 2429 2431 2446
f 2470 2469 2471
f 2480 2481 2463
f 2480 2463 2462
f 2462 2458 2441
f 2374 2391 2370
f 2345 2374 2375
f 2345 2375 2346
f 2452 2456 2457
f 2479 2478 2484
f 2484 2478 2483
f 2479 2457 2475
f 2475 2457 2456
f 2457 2453 2452
f 2453 2438 2437
f 2453 2437 2452
f 2479 2475 2456
f 2479 2456 2478
f 2478 2456 2474
f 2349 2348 2344
f 2344 2348 2343
f 2369 2344 2340
f 2406 2402 2423
f 2365 2364 2387
f 2365 2387 2388
f 2369 2368 2365
f 2365 2368 2364
f 2368 2369 2339
f 2339 2369 2340
f 2339 2340 2344
f 2339 2344 2343
f 2402 2419 2423
f 2369 2373 2344
f 2461 2457 2479
f 2383 2471 2450
f 2417 2400 2434
f 2434 2400 2383
f 2450 2434 2383
f 2574 2568 2571
f 2568 2574 2569
f 2569 2574 2575
f 2573 2570 2567
f 2573 2567 2572
f 2572 2567 2566
f 2567 2573 2566
f 2566 2573 2572
f 2567 2557 2556
f 2567 2556 2566
f 2557 2567 2568
f 2557 2568 2569
f 2526 2513 2542
f 2542 2513 2569
f 2568 2542 2569
f 2512 2525 2541
f 2512 2541 2566
f 2566 2541 2567
f 2567 2541 2568
f 2568 2541 2542
f 2513 2526 2512
f 2512 2526 2525
f 2569 2575 2568
f 2568 2575 2574
f 2500 2501 2512
f 2512 2501 2513
f 2556 2512 2566
f 2514 2500 2512
f 2501 2515 2513
f 2513 2557 2569
f 2569 2561 2575
f 2557 2545 2559
f 2557 2559 2569
f 2569 2559 2561
f 2505 2517 2501
f 2501 2517 2515
f 2545 2557 2529
f 2529 2557 2513
f 2513 2515 2529
f 2543 2557 2513
f 2569 2561 2557
f 2557 2561 2559
f 2513 2557 2545
f 2513 2545 2529
f 2513 2527 2543
f 2540 2556 2543
f 2543 2556 2557
f 2527 2526 2543
f 2525 2526 2527
f 2524 2540 2525
f 2540 2541 2525
f 2543 2542 2540
f 2542 2541 2540
f 2526 2542 2543
f 2505 2502 2501
f 2501 2502 2500
f 2501 2500 2499
f 2499 2500 2498
f 2499 2498 2513
f 2513 2498 2512
f 2513 2512 2527
f 2527 2512 2524
f 2527 2524 2525
f 2499 2513 2501
f 2556 2558 2566
f 2566 2558 2560
f 2566 2560 2572
f 2512 2556 2540
f 2528 2512 2514
f 2512 2528 2544
f 2512 2544 2556
f 2556 2544 2558
f 2514 2500 2516
f 2516 2500 2502
f 2540 2524 2512
f 2514 2516 2502
f 2502 2500 2514
f 2498 2500 2512
f 2501 2500 2505
f 2505 2500 2502
f 2504 2503 2502
f 2504 2502 2505
f 2502 2503 2505
f 2504 2505 2503
f 2507 2509 2505
f 2508 2506 2502
f 2550 2554 2549
f 2549 2554 2553
f 2554 2550 2538
f 2538 2550 2534
f 2533 2537 2538
f 2533 2538 2534
f 2549 2553 2537
f 2549 2537 2533
f 2578 2582 2579
f 2579 2582 2583
f 2582 2578 2577
f 2582 2577 2581
f 2576 2580 2581
f 2576 2581 2577
f 2565 2583 2582
f 2565 2582 2581
f 2565 2581 2564
f 2564 2581 2580
f 2552 2536 2553
f 2536 2537 2553
f 2537 2536 2538
f 2554 2538 2539
f 2553 2554 2555
f 2554 2539 2555
f 2565 2564 2555
f 2555 2564 2552
f 2555 2552 2553
f 2539 2538 2536
f 2539 2536 2523
f 2523 2536 2522
f 2523 2522 2511
f 2511 2522 2510
f 2580 2576 2577
f 2577 2581 2580
f 2578 2582 2581
f 2578 2581 2577
f 2582 2578 2583
f 2583 2578 2579
f 2523 2550 2583
f 2580 2549 2522
f 2522 2549 2533
f 2523 2534 2550
f 2583 2550 2582
f 2582 2550 2581
f 2581 2550 2549
f 2522 2533 2523
f 2523 2533 2534
f 2549 2580 2581
f 2522 2523 2510
f 2510 2523 2511
f 2510 2511 2508
f 2508 2511 2509
f 2523 2535 2539
f 2555 2539 2551
f 2551 2539 2535
f 2551 2565 2555
f 2522 2536 2532
f 2564 2548 2552
f 2552 2548 2532
f 2552 2532 2536
f 2508 2522 2510
f 2564 2580 2562
f 2562 2580 2576
f 2506 2518 2516
f 2506 2516 2502
f 2564 2562 2546
f 2564 2546 2548
f 2548 2546 2532
f 2532 2546 2530
f 2532 2530 2522
f 2522 2530 2520
f 2522 2520 2510
f 2510 2520 2508
f 2518 2506 2508
f 2518 2508 2520
f 2502 2516 2518
f 2502 2518 2508
f 2546 2580 2522
f 2546 2522 2530
f 2546 2562 2580
f 2508 2520 2522
f 2583 2579 2563
f 2547 2583 2563
f 2583 2547 2523
f 2523 2547 2531
f 2519 2509 2521
f 2509 2519 2505
f 2505 2519 2517
f 2509 2523 2521
f 2523 2531 2521
f 2531 2547 2535
f 2535 2547 2551
f 2551 2547 2565
f 2565 2547 2563
f 2565 2563 2583
f 2509 2507 2519
f 2519 2507 2517
f 2517 2507 2505
f 2521 2523 2511
f 2521 2511 2509
f 2531 2535 2523
f 2511 2523 2509
f 2830 2846 2831
f 2831 2846 2847
f 2850 2834 2851
f 2834 2816 2835
f 2834 2835 2851
f 2782 2783 2801
f 2836 2817 2837
f 2780 2781 2800
f 2780 2800 2799
f 2846 2848 2850
f 2834 2832 2830
f 2848 2846 2832
f 2832 2846 2830
f 2846 2850 2847
f 2847 2850 2851
f 2849 2833 2847
f 2847 2833 2831
f 2835 2833 2851
f 2851 2833 2849
f 2849 2847 2851
f 2831 2833 2832
f 2831 2832 2830
f 2601 2602 2608
f 2608 2602 2609
f 2608 2609 2601
f 2601 2609 2602
f 2631 2597 2635
f 2597 2604 2635
f 2635 2604 2605
f 2635 2605 2636
f 2587 2585 2611
f 2585 2604 2611
f 2643 2612 2611
f 2643 2611 2642
f 2642 2611 2618
f 2642 2618 2647
f 2586 2587 2610
f 2610 2587 2611
f 2646 2617 2641
f 2617 2610 2641
f 2641 2610 2609
f 2641 2609 2640
f 2584 2586 2603
f 2603 2586 2610
f 2633 2602 2603
f 2633 2603 2634
f 2603 2596 2634
f 2634 2596 2630
f 2584 2604 2585
f 2604 2584 2603
f 2623 2616 2617
f 2596 2597 2604
f 2596 2604 2603
f 2624 2623 2622
f 2626 2625 2618
f 2619 2626 2618
f 2620 2619 2612
f 2613 2620 2612
f 2606 2613 2605
f 2591 2592 2597
f 2597 2592 2598
f 2597 2596 2590
f 2597 2590 2591
f 2596 2589 2590
f 2615 2608 2601
f 2599 2606 2605
f 2599 2605 2598
f 2598 2605 2604
f 2613 2612 2605
f 2605 2612 2604
f 2604 2612 2611
f 2619 2611 2612
f 2619 2618 2611
f 2618 2617 2611
f 2611 2617 2610
f 2617 2624 2623
f 2625 2624 2617
f 2625 2617 2618
f 2616 2609 2610
f 2616 2610 2617
f 2608 2616 2615
f 2616 2608 2609
f 2609 2601 2610
f 2610 2601 2603
f 2594 2602 2601
f 2601 2602 2603
f 2615 2616 2617
f 2595 2589 2596
f 2594 2595 2596
f 2594 2596 2602
f 2602 2596 2603
f 2598 2604 2597
f 2685 2663 2666
f 2728 2743 2744
f 2725 2738 2722
f 2725 2740 2738
f 2740 2725 2739
f 2724 2760 2725
f 2725 2760 2739
f 2745 2766 2724
f 2724 2766 2760
f 2745 2788 2766
f 2744 2787 2745
f 2745 2787 2788
f 2764 2786 2743
f 2787 2744 2786
f 2786 2744 2743
f 2675 2676 2652
f 2624 2674 2625
f 2625 2674 2675
f 2625 2675 2652
f 2625 2652 2626
f 2626 2652 2648
f 2626 2648 2619
f 2649 2620 2619
f 2620 2649 2670
f 2620 2649 2644
f 2620 2644 2613
f 2663 2637 2644
f 2613 2644 2637
f 2613 2637 2606
f 2685 2688 2706
f 2720 2704 2706
f 2706 2704 2685
f 2692 2709 2688
f 2688 2709 2706
f 2710 2728 2711
f 2711 2728 2744
f 2722 2720 2706
f 2722 2706 2725
f 2725 2706 2709
f 2725 2709 2692
f 2725 2692 2724
f 2724 2692 2691
f 2724 2691 2708
f 2724 2708 2745
f 2745 2708 2712
f 2745 2712 2744
f 2744 2712 2711
f 2669 2648 2676
f 2676 2648 2652
f 2666 2663 2644
f 2666 2644 2670
f 2670 2644 2649
f 2692 2670 2669
f 2669 2670 2649
f 2669 2649 2648
f 2648 2649 2619
f 2674 2710 2675
f 2675 2710 2711
f 2675 2711 2676
f 2676 2711 2712
f 2676 2712 2669
f 2669 2712 2708
f 2669 2708 2692
f 2692 2708 2691
f 2692 2691 2670
f 2670 2692 2666
f 2666 2692 2688
f 2666 2688 2685
f 2762 2741 2742
f 2763 2785 2762
f 2763 2742 2743
f 2763 2743 2764
f 2762 2742 2763
f 2674 2624 2651
f 2673 2623 2624
f 2673 2624 2674
f 2650 2622 2623
f 2650 2623 2672
f 2672 2623 2673
f 2742 2741 2726
f 2693 2694 2726
f 2726 2694 2742
f 2710 2743 2695
f 2695 2743 2694
f 2694 2673 2674
f 2694 2674 2695
f 2693 2672 2694
f 2694 2672 2673
f 2743 2742 2694
f 2668 2615 2672
f 2672 2615 2622
f 2668 2645 2615
f 2798 2779 2758
f 2802 2798 2758
f 2784 2802 2762
f 2762 2802 2758
f 2785 2784 2762
f 2622 2650 2672
f 2723 2707 2668
f 2723 2668 2726
f 2726 2668 2672
f 2726 2672 2693
f 2758 2723 2762
f 2762 2723 2726
f 2762 2726 2741
f 2690 2668 2707
f 2639 2615 2645
f 2639 2608 2615
f 2608 2639 2665
f 2665 2687 2705
f 2668 2690 2687
f 2687 2690 2707
f 2687 2707 2721
f 2687 2639 2668
f 2668 2639 2645
f 2665 2639 2687
f 2798 2797 2779
f 2779 2797 2777
f 2779 2777 2756
f 2779 2756 2758
f 2707 2723 2721
f 2721 2723 2758
f 2756 2721 2758
f 2777 2797 2756
f 2721 2705 2687
f 2739 2745 2740
f 2739 2766 2745
f 2788 2787 2766
f 2766 2787 2765
f 2765 2787 2764
f 2787 2786 2764
f 2786 2785 2764
f 2764 2785 2763
f 2785 2803 2802
f 2785 2802 2784
f 2695 2674 2675
f 2607 2667 2614
f 2614 2667 2671
f 2614 2671 2621
f 2621 2671 2670
f 2621 2670 2620
f 2676 2626 2670
f 2670 2626 2620
f 2626 2676 2625
f 2625 2676 2675
f 2675 2674 2651
f 2675 2651 2625
f 2625 2651 2624
f 2711 2765 2764
f 2764 2743 2711
f 2711 2743 2710
f 2711 2710 2695
f 2712 2766 2711
f 2711 2766 2765
f 2766 2712 2745
f 2729 2725 2740
f 2729 2740 2745
f 2704 2706 2686
f 2686 2706 2689
f 2686 2689 2664
f 2607 2638 2667
f 2667 2638 2664
f 2745 2712 2729
f 2729 2712 2696
f 2729 2696 2725
f 2725 2696 2692
f 2689 2706 2688
f 2688 2706 2692
f 2692 2706 2725
f 2675 2711 2695
f 2664 2689 2667
f 2667 2689 2688
f 2667 2688 2671
f 2671 2688 2692
f 2671 2692 2670
f 2670 2692 2696
f 2670 2696 2676
f 2676 2696 2712
f 2599 2593 2592
f 2659 2682 2700
f 2700 2682 2716
f 2716 2734 2751
f 2632 2629 2594
f 2632 2594 2601
f 2678 2677 2713
f 2730 2731 2713
f 2588 2653 2654
f 2588 2654 2589
f 2655 2590 2589
f 2655 2589 2654
f 2679 2732 2697
f 2678 2654 2653
f 2678 2653 2677
f 2654 2678 2655
f 2655 2678 2679
f 2678 2731 2679
f 2679 2731 2732
f 2713 2731 2678
f 2767 2768 2746
f 2789 2767 2746
f 2792 2789 2751
f 2751 2789 2746
f 2772 2792 2751
f 2700 2716 2659
f 2594 2629 2659
f 2594 2659 2653
f 2594 2653 2588
f 2659 2716 2653
f 2653 2716 2713
f 2653 2713 2677
f 2716 2751 2713
f 2713 2751 2746
f 2713 2746 2730
f 2746 2747 2730
f 2747 2731 2730
f 2748 2732 2747
f 2747 2732 2731
f 2746 2768 2747
f 2698 2697 2732
f 2698 2732 2748
f 2656 2655 2679
f 2590 2655 2656
f 2656 2591 2590
f 2592 2591 2656
f 2656 2657 2592
f 2658 2599 2657
f 2657 2599 2592
f 2599 2658 2660
f 2599 2660 2600
f 2600 2660 2661
f 2600 2661 2607
f 2607 2661 2664
f 2607 2664 2638
f 2704 2718 2720
f 2733 2718 2715
f 2699 2733 2715
f 2733 2699 2750
f 2750 2699 2698
f 2750 2698 2749
f 2718 2683 2715
f 2715 2683 2681
f 2715 2681 2699
f 2704 2686 2685
f 2704 2685 2718
f 2718 2685 2683
f 2748 2749 2698
f 2698 2656 2679
f 2698 2679 2697
f 2656 2698 2657
f 2657 2698 2699
f 2657 2699 2658
f 2658 2699 2681
f 2658 2681 2660
f 2660 2681 2683
f 2660 2683 2661
f 2661 2683 2664
f 2664 2683 2685
f 2664 2685 2686
f 2662 2684 2632
f 2659 2684 2682
f 2659 2629 2632
f 2659 2632 2684
f 2718 2736 2737
f 2718 2737 2720
f 2733 2750 2736
f 2770 2771 2750
f 2750 2749 2770
f 2769 2770 2749
f 2790 2767 2789
f 2767 2790 2768
f 2684 2703 2719
f 2795 2792 2772
f 2795 2772 2776
f 2772 2754 2776
f 2776 2754 2795
f 2684 2719 2716
f 2684 2716 2682
f 2772 2751 2754
f 2754 2751 2734
f 2719 2754 2734
f 2719 2734 2716
f 2769 2749 2748
f 2748 2747 2769
f 2769 2747 2768
f 2718 2733 2736
f 2632 2601 2662
f 2684 2662 2703
f 2751 2792 2795
f 2795 2754 2751
f 2731 2747 2746
f 2746 2747 2790
f 2746 2790 2789
f 2678 2714 2713
f 2629 2594 2588
f 2629 2588 2628
f 2719 2703 2662
f 2653 2678 2713
f 2653 2713 2659
f 2713 2716 2659
f 2659 2629 2628
f 2659 2628 2653
f 2653 2628 2654
f 2719 2662 2716
f 2716 2662 2659
f 2662 2632 2659
f 2751 2754 2719
f 2751 2719 2716
f 2751 2716 2746
f 2746 2716 2713
f 2746 2713 2731
f 2731 2713 2714
f 2607 2606 2600
f 2600 2606 2599
f 2598 2592 2599
f 2626 2627 2620
f 2614 2621 2620
f 2606 2607 2613
f 2613 2607 2614
f 2620 2613 2614
f 2619 2620 2626
f 2797 2798 2756
f 2727 2726 2742
f 2762 2802 2803
f 2762 2803 2763
f 2756 2798 2758
f 2705 2721 2665
f 2650 2622 2615
f 2650 2615 2645
f 2665 2668 2639
f 2727 2694 2726
f 2726 2694 2672
f 2726 2672 2723
f 2723 2672 2668
f 2672 2673 2650
f 2672 2650 2668
f 2668 2650 2645
f 2665 2721 2668
f 2668 2721 2723
f 2721 2756 2723
f 2723 2756 2758
f 2723 2758 2726
f 2726 2758 2762
f 2726 2762 2742
f 2813 2812 2796
f 2796 2812 2795
f 2803 2798 2802
f 2764 2786 2765
f 2765 2786 2787
f 2803 2802 2818
f 2803 2818 2819
f 2818 2802 2798
f 2798 2815 2818
f 2736 2701 2702
f 2735 2717 2736
f 2701 2736 2717
f 2735 2752 2775
f 2616 2625 2624
f 2589 2590 2595
f 2595 2590 2591
f 2616 2624 2623
f 2622 2615 2616
f 2622 2616 2623
f 2599 2606 2620
f 2620 2606 2613
f 2619 2626 2616
f 2616 2626 2625
f 2594 2588 2595
f 2595 2588 2589
f 2595 2591 2592
f 2595 2592 2598
f 2809 2792 2812
f 2812 2792 2795
f 2805 2789 2809
f 2809 2789 2792
f 2789 2805 2806
f 2789 2806 2790
f 2795 2797 2812
f 2812 2797 2814
f 2798 2815 2797
f 2797 2815 2814
f 2797 2795 2756
f 2756 2795 2754
f 2756 2754 2721
f 2721 2754 2719
f 2721 2719 2705
f 2705 2719 2684
f 2705 2684 2665
f 2665 2684 2662
f 2665 2662 2632
f 2665 2632 2639
f 2639 2632 2601
f 2639 2601 2608
f 2722 2720 2738
f 2761 2739 2740
f 2761 2760 2739
f 2735 2752 2753
f 2735 2753 2736
f 2738 2720 2737
f 2755 2738 2737
f 2740 2757 2761
f 2750 2771 2775
f 2740 2738 2757
f 2757 2738 2755
f 2755 2737 2736
f 2750 2775 2752
f 2755 2736 2752
f 2752 2736 2753
f 2757 2760 2761
f 2783 2766 2760
f 2766 2783 2788
f 2813 2809 2812
f 2806 2805 2810
f 2810 2805 2813
f 2813 2805 2809
f 2814 2795 2812
f 2798 2795 2815
f 2815 2795 2814
f 2752 2736 2735
f 2752 2735 2750
f 2760 2739 2766
f 2820 2804 2821
f 2787 2788 2820
f 2820 2788 2804
f 2820 2786 2787
f 2820 2803 2786
f 2820 2819 2803
f 2839 2838 2820
f 2820 2838 2819
f 2820 2840 2839
f 2820 2841 2840
f 2820 2821 2841
f 2803 2785 2786
f 2819 2799 2803
f 2819 2816 2799
f 2838 2834 2819
f 2819 2834 2816
f 2839 2835 2834
f 2839 2834 2838
f 2835 2839 2851
f 2851 2839 2853
f 2851 2853 2854
f 2851 2854 2852
f 2852 2854 2840
f 2852 2840 2836
f 2836 2840 2837
f 2837 2840 2841
f 2837 2841 2821
f 2837 2821 2817
f 2817 2821 2801
f 2801 2821 2804
f 2801 2804 2783
f 2783 2804 2788
f 2787 2783 2788
f 2787 2782 2783
f 2803 2799 2780
f 2803 2780 2785
f 2785 2780 2781
f 2785 2781 2786
f 2786 2781 2782
f 2786 2782 2787
f 2853 2839 2840
f 2853 2840 2854
f 2755 2752 2757
f 2757 2752 2775
f 2757 2775 2778
f 2757 2778 2760
f 2760 2778 2783
f 2782 2759 2783
f 2760 2783 2759
f 2783 2778 2775
f 2783 2775 2801
f 2801 2775 2794
f 2811 2817 2794
f 2794 2817 2801
f 2829 2837 2811
f 2811 2837 2817
f 2845 2852 2828
f 2828 2852 2836
f 2828 2836 2829
f 2829 2836 2837
f 2827 2835 2844
f 2844 2835 2851
f 2844 2851 2845
f 2845 2851 2852
f 2826 2834 2827
f 2827 2834 2835
f 2810 2816 2826
f 2826 2816 2834
f 2793 2799 2810
f 2810 2799 2816
f 2774 2770 2775
f 2775 2770 2771
f 2775 2771 2791
f 2775 2791 2794
f 2794 2791 2808
f 2794 2808 2811
f 2811 2808 2825
f 2811 2825 2829
f 2829 2825 2824
f 2829 2824 2828
f 2828 2824 2843
f 2828 2843 2845
f 2845 2843 2842
f 2845 2842 2844
f 2844 2842 2823
f 2844 2823 2827
f 2827 2823 2822
f 2827 2822 2826
f 2826 2822 2806
f 2826 2806 2810
f 2810 2806 2790
f 2810 2790 2793
f 2843 2824 2823
f 2843 2823 2842
f 2793 2790 2768
f 2793 2768 2773
f 2749 2680 2768
f 2768 2680 2679
f 2768 2679 2678
f 2768 2769 2749
f 2825 2808 2824
f 2823 2806 2822
f 2769 2768 2790
f 2770 2791 2771
f 2807 2790 2806
f 2769 2790 2807
f 2807 2770 2769
f 2791 2770 2807
f 2807 2808 2791
f 2824 2808 2807
f 2807 2823 2824
f 2806 2823 2807
f 2616 2601 2619
f 2619 2601 2594
f 2594 2595 2619
f 2619 2595 2598
f 2616 2615 2601
f 2620 2619 2599
f 2599 2619 2598
f 3063 3062 3061
f 3061 3062 3056
f 3061 3056 3055
f 3055 3056 3054
f 3055 3054 3049
f 3049 3054 3040
f 3049 3040 3036
f 3036 3040 3013
f 3036 3013 3009
f 3009 3013 3018
f 3009 3018 3014
f 3014 3018 3019
f 3019 3018 3023
f 3019 3023 3029
f 3019 3029 3024
f 3024 3029 3044
f 3024 3044 3043
f 3043 3044 3060
f 3043 3060 3059
f 3059 3060 3058
f 3059 3058 3057
f 3057 3058 3064
f 3057 3064 3063
f 3063 3064 3062
f 3018 3041 3023
f 3041 3044 3029
f 3041 3029 3023
f 3041 3060 3044
f 3041 3058 3060
f 3062 3064 3041
f 3041 3064 3058
f 3056 3062 3041
f 3041 3054 3056
f 3041 3040 3054
f 3018 3013 3041
f 3041 3013 3040
f 3019 3042 3014
f 3042 3036 3009
f 3042 3009 3014
f 3042 3049 3036
f 3042 3055 3049
f 3063 3061 3042
f 3042 3061 3055
f 3057 3063 3042
f 3042 3059 3057
f 3042 3043 3059
f 3019 3024 3042
f 3042 3024 3043
f 2889 2912 2911
f 2911 2888 2889
f 2889 2907 2912
f 2858 2864 2863
f 2864 2858 2859
f 2864 2859 2860
f 2864 2860 2865
f 2907 2908 2889
f 2890 2889 2908
f 3012 3039 3013
f 3013 3039 3040
f 2992 3018 2996
f 2996 3018 3023
f 3000 3028 3004
f 3004 3028 3027
f 3004 3027 3031
f 3004 3031 3003
f 3054 3040 3053
f 3040 3039 3053
f 3053 3039 3035
f 3053 3035 3048
f 3048 3035 3047
f 3047 3035 3034
f 3034 3007 2983
f 2858 2869 2870
f 2858 2870 2859
f 2859 2870 2860
f 2870 2871 2860
f 2873 2865 2860
f 2873 2860 2871
f 2883 2902 2885
f 2885 2902 2904
f 2890 2908 2907
f 2890 2907 2889
f 2933 2911 2912
f 2933 2912 2934
f 2996 2995 2992
f 2992 2995 2991
f 2992 2991 3018
f 3018 2991 3017
f 3023 3022 2995
f 3023 2995 2996
f 3000 3004 2999
f 3003 2999 3004
f 3012 3013 3017
f 3017 3013 3018
f 3013 3040 3011
f 3011 3040 3038
f 3018 3013 3016
f 3016 3013 3011
f 3018 3016 3023
f 3023 3016 3021
f 3021 3022 3023
f 3022 3021 3027
f 3022 3027 3028
f 3028 3027 3031
f 3053 3048 3051
f 3051 3048 3047
f 3052 3054 3053
f 3052 3053 3051
f 3052 3038 3054
f 3054 3038 3040
f 2899 2900 2881
f 2962 2984 2987
f 2962 2987 2965
f 2961 2983 2962
f 2962 2983 2984
f 2878 2870 2877
f 2877 2870 2869
f 2871 2870 2878
f 2879 2871 2878
f 2879 2873 2871
f 2920 2881 2900
f 2883 2881 2920
f 2922 2883 2920
f 2922 2902 2883
f 2926 2902 2922
f 2885 2904 2926
f 2926 2904 2902
f 2925 2885 2926
f 2890 2885 2925
f 2890 2929 2889
f 2929 2890 2925
f 2929 2907 2889
f 2934 2912 2929
f 2929 2912 2907
f 3000 3022 3028
f 2969 2991 2995
f 2969 2995 2973
f 2965 2987 2969
f 2969 2987 2991
f 2920 2900 2919
f 2941 2920 2919
f 2941 2919 2938
f 2919 2900 2899
f 2899 2895 2916
f 2915 2937 2916
f 2916 2937 2938
f 2916 2895 2915
f 2915 2895 2894
f 2919 2899 2916
f 2919 2916 2938
f 2877 2894 2878
f 2878 2894 2895
f 2878 2895 2899
f 2878 2899 2879
f 2879 2899 2881
f 2879 2881 2873
f 2953 2958 2929
f 2953 2929 2949
f 2920 2941 2942
f 2920 2942 2922
f 2922 2942 2946
f 2922 2946 2945
f 2922 2945 2925
f 2925 2945 2949
f 2925 2949 2929
f 2957 2933 2958
f 2958 2933 2934
f 2958 2934 2929
f 2925 2926 2922
f 2976 3000 2980
f 2980 3000 2979
f 2979 3000 2999
f 2979 2999 3003
f 2976 2973 3000
f 2973 2995 3000
f 3000 2995 3022
f 2979 2957 2980
f 2980 2957 2958
f 2980 2958 2976
f 2976 2958 2953
f 2976 2953 2973
f 2973 2953 2949
f 2973 2949 2995
f 2937 2961 2938
f 2938 2961 2962
f 2938 2962 2941
f 2941 2962 2965
f 2941 2965 2942
f 2942 2965 2946
f 2946 2965 2969
f 2946 2969 2945
f 2945 2969 2949
f 2949 2969 2973
f 2877 2869 2894
f 3017 2991 2987
f 3012 3017 2987
f 2983 3007 3008
f 3012 2987 3008
f 3008 2987 2984
f 3008 2984 2983
f 3039 3012 3035
f 3035 3012 3008
f 3035 3008 3034
f 3034 3008 3007
f 2911 2910 2888
f 2910 2909 2888
f 2888 2909 2887
f 2887 2909 2906
f 2856 2857 2862
f 2862 2857 2863
f 2863 2857 2858
f 2862 2861 2855
f 2862 2855 2856
f 2905 2906 2886
f 2886 2906 2887
f 3037 3010 3036
f 3036 3010 3009
f 3045 3032 3050
f 3050 3032 3037
f 3032 3045 3046
f 3032 3046 3033
f 3034 3006 3033
f 3034 3033 3047
f 3047 3033 3046
f 3006 3034 2982
f 2982 3034 2983
f 2982 2983 2961
f 2982 2961 2960
f 2960 2961 2937
f 2960 2937 2936
f 2869 2893 2894
f 2894 2893 2914
f 2894 2914 2915
f 2915 2914 2937
f 2937 2914 2936
f 2869 2868 2893
f 2868 2857 2856
f 2868 2856 2867
f 2855 2866 2867
f 2855 2867 2856
f 2901 2882 2884
f 2884 2903 2901
f 2910 2932 2909
f 2909 2932 2931
f 2932 2910 2911
f 2932 2911 2933
f 2866 2855 2861
f 2866 2861 2872
f 2857 2868 2869
f 2857 2869 2858
f 3050 3037 3036
f 3050 3036 3049
f 2993 3019 3014
f 2993 3014 2989
f 3025 2997 3001
f 3025 3001 3026
f 3026 3001 3030
f 3030 3001 3002
f 3002 3003 3030
f 3030 3003 3031
f 3009 3010 3014
f 3014 3010 3015
f 3014 3015 2989
f 3015 2990 2989
f 2989 2990 2993
f 2990 2994 2993
f 2993 2994 3019
f 3019 2994 3020
f 3001 2997 2998
f 3001 2998 3002
f 3002 2998 3003
f 3003 2998 2999
f 3036 3009 3011
f 3025 3026 3027
f 3025 3027 3020
f 3020 3027 3021
f 3021 3019 3020
f 3016 3014 3021
f 3021 3014 3019
f 3011 3009 3016
f 3016 3009 3014
f 3038 3036 3011
f 3026 3030 3027
f 3027 3030 3031
f 3050 3049 3052
f 3051 3047 3046
f 3051 3046 3045
f 3045 3050 3051
f 3051 3050 3052
f 3038 3052 3049
f 3036 3038 3049
f 2957 2979 2978
f 2990 2968 2994
f 2994 2968 2972
f 2997 3020 2994
f 3003 3002 2979
f 2928 2906 2909
f 2928 2909 2931
f 2887 2906 2928
f 2928 2886 2887
f 2886 2928 2924
f 2886 2924 2884
f 2884 2924 2923
f 2903 2884 2923
f 2921 2901 2923
f 2923 2901 2903
f 2880 2882 2897
f 2897 2882 2901
f 2866 2872 2874
f 2874 2872 2880
f 2875 2866 2874
f 2867 2866 2875
f 2876 2868 2867
f 2982 2960 2959
f 2959 2981 2982
f 2964 2986 2959
f 2959 2986 2981
f 2955 2952 2928
f 2948 2928 2952
f 2933 2957 2932
f 2932 2957 2956
f 2932 2956 2931
f 2931 2956 2955
f 2931 2955 2928
f 2948 2924 2928
f 2923 2924 2948
f 2923 2948 2921
f 2921 2948 2944
f 2939 2917 2943
f 2943 2917 2921
f 2943 2921 2944
f 2917 2939 2940
f 2917 2940 2918
f 2918 2940 2913
f 2913 2940 2935
f 2917 2897 2921
f 2921 2897 2901
f 2918 2897 2917
f 2892 2875 2898
f 2898 2875 2874
f 2898 2874 2880
f 2898 2880 2897
f 2867 2875 2876
f 2876 2875 2892
f 2876 2892 2893
f 2893 2892 2913
f 2893 2913 2914
f 2914 2913 2935
f 2914 2935 2936
f 2913 2892 2918
f 2918 2892 2898
f 2918 2898 2897
f 2960 2936 2959
f 2959 2936 2935
f 2959 2935 2964
f 2964 2935 2940
f 2964 2940 2939
f 2979 3002 2978
f 2978 3002 2998
f 2978 2998 2977
f 2977 2998 2997
f 2977 2997 2975
f 2994 2972 2997
f 2956 2957 2978
f 2956 2978 2955
f 2955 2978 2977
f 2955 2977 2952
f 2952 2977 2975
f 2952 2975 2948
f 3025 3020 2997
f 2975 2997 2972
f 2975 2972 2948
f 2948 2972 2944
f 2944 2972 2968
f 2944 2968 2943
f 2943 2968 2990
f 2943 2990 2939
f 2939 2990 2986
f 2939 2986 2964
f 2868 2876 2893
f 2986 3015 3010
f 2990 3015 2986
f 3006 2982 2981
f 2986 3010 2981
f 2981 3010 3005
f 2981 3005 3006
f 3010 3037 3005
f 3005 3037 3032
f 3005 3032 3006
f 3006 3032 3033
f 2886 2885 2890
f 2890 2889 2888
f 2890 2888 2886
f 2886 2888 2887
f 2861 2862 2872
f 2872 2862 2863
f 2864 2865 2873
f 2864 2873 2863
f 2863 2873 2872
f 2881 2880 2873
f 2873 2880 2872
f 2883 2882 2880
f 2883 2880 2881
f 2885 2884 2883
f 2883 2884 2882
f 2884 2885 2886
f 2966 2987 2988
f 2987 2966 2965
f 2965 2984 2987
f 2926 2904 2922
f 2922 2904 2902
f 2926 2890 2885
f 2907 2908 2929
f 2929 2908 2930
f 2930 2908 2890
f 2996 2974 2992
f 2992 2974 2970
f 2966 2988 2970
f 2970 2988 2992
f 2984 2965 2962
f 2962 2965 2938
f 2916 2941 2920
f 2896 2916 2900
f 2900 2916 2920
f 2879 2896 2881
f 2881 2896 2900
f 2878 2895 2879
f 2957 2933 2934
f 2957 2934 2958
f 2922 2946 2926
f 2926 2946 2950
f 3003 2979 3004
f 3004 2979 2980
f 3004 2980 3000
f 2930 2926 2950
f 2930 2950 2954
f 2954 2950 2974
f 2954 2974 2976
f 2976 2974 3000
f 2926 2930 2890
f 2976 2953 2954
f 2954 2953 2929
f 2954 2929 2930
f 2879 2895 2896
f 2896 2895 2916
f 2916 2938 2941
f 2941 2938 2965
f 2942 2965 2966
f 2942 2966 2946
f 2946 2966 2970
f 2946 2970 2950
f 2950 2970 2974
f 2950 2974 2996
f 2974 2996 3000
f 3000 2996 3023
f 3000 3023 3022
f 2988 3013 3018
f 2988 3018 2992
f 3013 2988 3012
f 3012 2988 2987
f 3012 2987 2984
f 3012 2984 3008
f 3008 2984 3007
f 3007 2984 2983
f 2971 2993 2967
f 2967 2993 2989
f 2997 3020 2993
f 2993 3020 3019
f 2928 2905 2906
f 2927 2886 2928
f 2928 2886 2905
f 2923 2884 2927
f 2927 2884 2886
f 2874 2866 2880
f 2880 2866 2872
f 2964 2986 2981
f 2964 2981 2959
f 2963 2986 2964
f 2963 2985 2986
f 2956 2932 2933
f 2933 2957 2956
f 2947 2923 2951
f 2951 2923 2927
f 2951 2927 2952
f 2952 2927 2928
f 2943 2921 2947
f 2947 2921 2923
f 2940 2913 2917
f 2913 2892 2891
f 2913 2891 2917
f 2917 2891 2897
f 2892 2875 2874
f 2892 2874 2891
f 2891 2874 2897
f 2897 2874 2880
f 2964 2940 2963
f 2963 2940 2939
f 2978 3002 2977
f 2977 3002 3001
f 2977 3001 2975
f 2975 3001 2997
f 2975 2997 2971
f 2971 2997 2993
f 2952 2975 2951
f 2951 2975 2971
f 2951 2971 2947
f 2947 2971 2943
f 2943 2971 2967
f 2943 2967 2989
f 2943 2989 2939
f 2939 2989 2985
f 2939 2985 2963
f 3014 3009 2985
f 2985 2989 3014
f 3009 3010 3037
f 2985 3009 2986
f 2986 3009 3010
f 2981 3005 2982
f 2982 3005 3006
f 3179 3177 3178
f 3179 3178 3202
f 3202 3201 3176
f 3202 3176 3179
f 3179 3180 3177
f 3201 3202 3223
f 3223 3202 3224
f 3223 3224 3241
f 3241 3224 3242
f 3241 3242 3259
f 3259 3275 3274
f 3274 3258 3259
f 3259 3258 3241
f 3291 3290 3273
f 3273 3290 3272
f 3272 3274 3273
f 3273 3274 3275
f 3301 3300 3285
f 3285 3300 3284
f 3282 3283 3298
f 3298 3283 3299
f 3283 3282 3266
f 3283 3266 3267
f 3300 3313 3299
f 3299 3321 3320
f 3299 3320 3316
f 3299 3319 3323
f 3323 3322 3299
f 3299 3316 3311
f 3285 3284 3268
f 3285 3268 3269
f 3313 3312 3299
f 3299 3312 3319
f 3299 3322 3321
f 3311 3310 3299
f 3217 3218 3236
f 3217 3236 3235
f 3251 3267 3266
f 3269 3268 3252
f 3269 3252 3253
f 3253 3252 3235
f 3253 3235 3236
f 3266 3250 3251
f 3251 3250 3234
f 3234 3250 3233
f 3234 3233 3212
f 3212 3233 3211
f 3302 3303 3300
f 3302 3300 3299
f 3303 3302 3288
f 3288 3302 3287
f 3288 3287 3289
f 3289 3287 3291
f 3291 3287 3286
f 3291 3286 3290
f 3183 3191 3190
f 3183 3190 3182
f 3160 3159 3151
f 3152 3160 3151
f 3153 3154 3161
f 3161 3154 3162
f 3186 3187 3193
f 3186 3193 3192
f 3182 3102 3183
f 3183 3102 3103
f 3183 3103 3191
f 3191 3103 3111
f 3191 3111 3190
f 3190 3111 3110
f 3190 3110 3182
f 3182 3110 3102
f 3191 3151 3183
f 3214 3152 3191
f 3191 3152 3151
f 3214 3160 3152
f 3214 3215 3160
f 3160 3215 3161
f 3215 3153 3161
f 3192 3154 3215
f 3215 3154 3153
f 3186 3154 3192
f 3186 3106 3187
f 3187 3106 3107
f 3187 3107 3193
f 3193 3107 3113
f 3193 3113 3192
f 3192 3113 3112
f 3192 3112 3186
f 3186 3112 3106
f 3155 3154 3112
f 3155 3112 3113
f 3162 3159 3161
f 3161 3159 3160
f 3111 3151 3150
f 3111 3150 3110
f 3116 3123 3122
f 3117 3123 3116
f 3118 3119 3125
f 3124 3118 3125
f 3168 3124 3169
f 3169 3124 3125
f 3166 3122 3167
f 3167 3122 3123
f 3151 3111 3103
f 3151 3103 3183
f 3191 3183 3205
f 3213 3191 3205
f 3214 3191 3213
f 3214 3213 3206
f 3206 3213 3205
f 3184 3206 3205
f 3183 3184 3205
f 3184 3185 3206
f 3206 3185 3207
f 3206 3207 3214
f 3214 3207 3215
f 3192 3215 3216
f 3216 3215 3208
f 3208 3215 3207
f 3192 3216 3208
f 3186 3192 3208
f 3186 3208 3207
f 3186 3207 3185
f 3112 3154 3106
f 3106 3154 3186
f 3163 3162 3154
f 3163 3154 3155
f 3150 3151 3158
f 3158 3151 3159
f 3158 3159 3163
f 3163 3159 3162
f 3172 3128 3166
f 3166 3128 3122
f 3158 3116 3122
f 3158 3122 3166
f 3117 3116 3159
f 3159 3116 3158
f 3167 3123 3117
f 3167 3117 3159
f 3162 3118 3124
f 3162 3124 3168
f 3119 3118 3163
f 3163 3118 3162
f 3169 3125 3119
f 3169 3119 3163
f 3125 3129 3173
f 3125 3173 3169
f 3129 3128 3173
f 3173 3128 3172
f 3172 3166 3167
f 3169 3173 3168
f 3172 3167 3168
f 3172 3168 3173
f 3135 3134 3129
f 3129 3134 3133
f 3129 3133 3128
f 3128 3133 3132
f 3092 3078 3150
f 3092 3150 3158
f 3092 3158 3096
f 3092 3110 3078
f 3078 3110 3150
f 3070 3092 3078
f 3070 3086 3092
f 3086 3070 3102
f 3071 3103 3070
f 3070 3103 3102
f 3183 3103 3071
f 3183 3071 3184
f 3184 3071 3072
f 3072 3073 3184
f 3184 3073 3185
f 3074 3106 3186
f 3074 3186 3073
f 3073 3186 3185
f 3079 3093 3075
f 3075 3093 3089
f 3089 3107 3075
f 3075 3107 3074
f 3074 3107 3106
f 3093 3079 3113
f 3113 3079 3155
f 3163 3155 3097
f 3097 3155 3093
f 3093 3155 3079
f 3096 3158 3116
f 3122 3096 3116
f 3163 3097 3119
f 3097 3125 3119
f 3125 3126 3129
f 3129 3126 3130
f 3126 3125 3170
f 3170 3125 3169
f 3121 3122 3128
f 3121 3128 3127
f 3163 3164 3169
f 3169 3164 3170
f 3122 3121 3165
f 3122 3165 3166
f 3157 3158 3166
f 3157 3166 3165
f 3159 3162 3167
f 3162 3168 3167
f 3122 3121 3115
f 3122 3115 3096
f 3115 3095 3096
f 3096 3095 3092
f 3092 3095 3077
f 3092 3077 3078
f 3068 3074 3073
f 3068 3073 3067
f 3065 3066 3072
f 3065 3072 3071
f 3078 3077 3070
f 3080 3079 3075
f 3080 3075 3076
f 3072 3066 3073
f 3073 3066 3067
f 3070 3077 3069
f 3093 3079 3080
f 3093 3080 3097
f 3097 3080 3098
f 3126 3125 3120
f 3120 3125 3097
f 3120 3097 3098
f 3120 3119 3126
f 3126 3119 3125
f 3116 3158 3115
f 3115 3158 3157
f 3121 3122 3116
f 3121 3116 3115
f 3127 3128 3122
f 3127 3122 3121
f 3102 3110 3101
f 3101 3110 3109
f 3092 3109 3110
f 3092 3091 3109
f 3091 3092 3085
f 3092 3086 3085
f 3093 3090 3089
f 3090 3093 3094
f 3113 3094 3093
f 3113 3114 3094
f 3113 3108 3114
f 3113 3107 3108
f 3163 3119 3164
f 3164 3119 3120
f 3128 3132 3131
f 3132 3133 3131
f 3128 3131 3127
f 3127 3171 3165
f 3165 3171 3197
f 3121 3127 3165
f 3165 3197 3195
f 3195 3157 3165
f 3195 3197 3221
f 3189 3195 3211
f 3211 3195 3219
f 3221 3219 3195
f 3220 3196 3218
f 3194 3218 3196
f 3196 3220 3222
f 3196 3222 3198
f 3130 3126 3170
f 3198 3174 3170
f 3170 3164 3196
f 3130 3170 3174
f 3196 3198 3170
f 3136 3134 3135
f 3136 3129 3130
f 3135 3129 3136
f 3237 3239 3254
f 3272 3270 3254
f 3211 3219 3237
f 3237 3219 3221
f 3234 3212 3211
f 3234 3233 3251
f 3251 3233 3250
f 3256 3272 3254
f 3221 3239 3256
f 3237 3221 3239
f 3239 3221 3254
f 3254 3221 3256
f 3302 3299 3283
f 3287 3302 3283
f 3287 3283 3267
f 3267 3251 3270
f 3267 3270 3287
f 3287 3270 3286
f 3234 3211 3233
f 3233 3211 3237
f 3233 3237 3250
f 3250 3237 3254
f 3250 3254 3251
f 3251 3254 3270
f 3286 3270 3272
f 3286 3272 3290
f 3283 3282 3299
f 3294 3295 3279
f 3323 3319 3318
f 3323 3318 3322
f 3316 3320 3317
f 3317 3320 3321
f 3298 3299 3282
f 3300 3297 3309
f 3300 3309 3313
f 3284 3281 3297
f 3300 3284 3297
f 3295 3307 3308
f 3308 3296 3295
f 3279 3295 3296
f 3306 3294 3305
f 3305 3294 3293
f 3294 3306 3295
f 3295 3306 3307
f 3278 3294 3279
f 3277 3293 3278
f 3278 3293 3294
f 3311 3304 3310
f 3310 3304 3292
f 3310 3292 3299
f 3317 3321 3318
f 3318 3321 3322
f 3313 3309 3312
f 3312 3309 3308
f 3312 3308 3318
f 3318 3308 3307
f 3318 3307 3315
f 3318 3315 3317
f 3317 3315 3314
f 3317 3314 3306
f 3317 3306 3311
f 3311 3306 3305
f 3311 3305 3304
f 3297 3296 3308
f 3305 3293 3292
f 3309 3297 3308
f 3315 3307 3314
f 3314 3307 3306
f 3304 3305 3292
f 3319 3312 3318
f 3316 3317 3311
f 3299 3292 3283
f 3283 3292 3276
f 3296 3280 3279
f 3281 3280 3297
f 3297 3280 3296
f 3292 3293 3276
f 3276 3293 3277
f 3261 3245 3244
f 3264 3248 3247
f 3095 3091 3077
f 3094 3098 3080
f 3195 3189 3157
f 3149 3102 3101
f 3149 3101 3109
f 3141 3142 3102
f 3107 3147 3148
f 3107 3148 3108
f 3148 3114 3108
f 3082 3083 3067
f 3067 3083 3068
f 3068 3083 3084
f 3068 3084 3074
f 3074 3084 3088
f 3074 3088 3075
f 3075 3088 3089
f 3082 3099 3083
f 3083 3099 3100
f 3083 3100 3106
f 3083 3106 3088
f 3088 3106 3107
f 3088 3107 3089
f 3100 3105 3106
f 3094 3080 3090
f 3090 3080 3076
f 3090 3076 3089
f 3089 3076 3075
f 3120 3098 3094
f 3114 3120 3094
f 3139 3145 3140
f 3185 3145 3184
f 3184 3145 3139
f 3105 3145 3106
f 3106 3145 3146
f 3106 3146 3107
f 3107 3146 3147
f 3114 3156 3120
f 3120 3156 3164
f 3196 3164 3194
f 3156 3114 3148
f 3156 3194 3164
f 3145 3185 3146
f 3146 3185 3186
f 3146 3186 3147
f 3147 3186 3187
f 3147 3187 3188
f 3147 3188 3148
f 3148 3188 3156
f 3156 3188 3194
f 3253 3236 3249
f 3249 3236 3232
f 3249 3232 3231
f 3249 3231 3248
f 3248 3231 3230
f 3285 3269 3284
f 3284 3269 3268
f 3284 3268 3281
f 3281 3268 3265
f 3281 3265 3280
f 3280 3265 3264
f 3248 3264 3249
f 3249 3264 3265
f 3249 3265 3253
f 3253 3265 3268
f 3253 3268 3269
f 3227 3205 3226
f 3226 3205 3204
f 3226 3204 3225
f 3225 3204 3203
f 3225 3203 3233
f 3233 3203 3211
f 3236 3218 3232
f 3232 3218 3210
f 3232 3210 3231
f 3231 3210 3209
f 3231 3209 3230
f 3230 3209 3208
f 3230 3208 3229
f 3229 3208 3207
f 3229 3207 3228
f 3228 3207 3206
f 3228 3206 3227
f 3227 3206 3205
f 3277 3261 3276
f 3276 3261 3260
f 3276 3260 3283
f 3283 3260 3267
f 3250 3266 3267
f 3250 3267 3243
f 3243 3267 3260
f 3243 3260 3244
f 3244 3260 3261
f 3279 3263 3278
f 3278 3263 3262
f 3278 3262 3277
f 3277 3262 3261
f 3279 3280 3264
f 3279 3264 3263
f 3263 3264 3247
f 3263 3247 3262
f 3262 3247 3246
f 3262 3246 3245
f 3262 3245 3261
f 3245 3227 3244
f 3244 3227 3226
f 3244 3226 3243
f 3243 3226 3225
f 3243 3225 3250
f 3250 3225 3233
f 3095 3115 3109
f 3109 3091 3095
f 3077 3091 3069
f 3069 3091 3085
f 3069 3085 3070
f 3070 3085 3086
f 3149 3109 3157
f 3157 3109 3115
f 3141 3102 3149
f 3071 3070 3086
f 3071 3086 3087
f 3087 3086 3102
f 3087 3102 3103
f 3067 3066 3082
f 3103 3099 3082
f 3103 3082 3081
f 3081 3082 3065
f 3066 3065 3082
f 3084 3083 3088
f 3142 3103 3102
f 3182 3142 3181
f 3181 3142 3141
f 3181 3141 3189
f 3189 3141 3149
f 3189 3149 3157
f 3141 3142 3149
f 3071 3087 3081
f 3103 3142 3143
f 3143 3142 3182
f 3143 3182 3183
f 3143 3183 3144
f 3183 3184 3144
f 3144 3184 3139
f 3139 3140 3100
f 3100 3099 3139
f 3139 3099 3144
f 3144 3099 3104
f 3144 3104 3143
f 3140 3145 3105
f 3140 3105 3100
f 3104 3099 3103
f 3104 3103 3143
f 3248 3230 3247
f 3247 3230 3229
f 3247 3229 3246
f 3246 3229 3228
f 3246 3228 3245
f 3245 3228 3227
f 3205 3183 3204
f 3204 3183 3182
f 3204 3182 3203
f 3203 3182 3181
f 3203 3181 3211
f 3211 3181 3189
f 3218 3194 3210
f 3210 3194 3188
f 3210 3188 3209
f 3209 3188 3187
f 3209 3187 3208
f 3208 3187 3186
f 3103 3081 3087
f 3081 3065 3071
f 3220 3218 3236
f 3220 3238 3240
f 3220 3240 3222
f 3291 3273 3271
f 3291 3271 3289
f 3235 3252 3236
f 3252 3253 3236
f 3236 3238 3220
f 3284 3300 3288
f 3284 3288 3268
f 3268 3288 3271
f 3268 3271 3252
f 3252 3271 3253
f 3253 3271 3255
f 3253 3255 3236
f 3236 3255 3238
f 3255 3271 3273
f 3255 3273 3257
f 3257 3240 3255
f 3255 3240 3238
f 3289 3271 3288
f 3303 3288 3300
f 3134 3136 3133
f 3131 3133 3136
f 3176 3201 3175
f 3131 3137 3176
f 3176 3137 3179
f 3175 3131 3176
f 3127 3131 3171
f 3171 3199 3197
f 3199 3221 3197
f 3241 3258 3256
f 3256 3258 3274
f 3256 3274 3272
f 3241 3256 3239
f 3239 3221 3241
f 3201 3223 3199
f 3201 3199 3175
f 3175 3199 3171
f 3175 3171 3131
f 3199 3223 3221
f 3221 3223 3241
f 3178 3174 3200
f 3200 3198 3222
f 3174 3130 3200
f 3200 3174 3198
f 3178 3136 3174
f 3138 3136 3178
f 3178 3177 3138
f 3138 3177 3180
f 3240 3257 3242
f 3240 3242 3222
f 3273 3275 3257
f 3257 3275 3259
f 3257 3259 3242
f 3202 3178 3200
f 3202 3200 3224
f 3222 3242 3224
f 3222 3224 3200
f 3130 3174 3136
f 3131 3136 3138
f 3180 3137 3131
f 3180 3131 3138
f 3180 3179 3137
f 3331 3461 3453
f 3358 3331 3453
f 3453 3452 3358
f 3452 3357 3358
f 3461 3331 3460
f 3460 3331 3330
f 3326 3456 3328
f 3328 3456 3458
f 3328 3458 3329
f 3329 3458 3459
f 3329 3459 3330
f 3330 3459 3460
f 3340 3366 3361
f 3340 3361 3382
f 3340 3382 3396
f 3340 3414 3430
f 3340 3335 3366
f 3396 3409 3340
f 3340 3409 3414
f 3340 3430 3435
f 3454 3324 3325
f 3325 3455 3454
f 3455 3325 3344
f 3455 3344 3439
f 3439 3344 3339
f 3439 3339 3434
f 3434 3339 3340
f 3434 3340 3435
f 3324 3454 3327
f 3327 3454 3457
f 3327 3457 3456
f 3327 3456 3326
f 3378 3357 3452
f 3452 3426 3378
f 3426 3377 3378
f 3377 3426 3425
f 3377 3406 3392
f 3377 3425 3406
f 3421 3403 3422
f 3426 3406 3425
f 3405 3391 3392
f 3392 3406 3405
f 3422 3423 3446
f 3421 3422 3443
f 3443 3422 3446
f 3420 3421 3440
f 3440 3421 3443
f 3440 3443 3441
f 3441 3443 3444
f 3404 3423 3422
f 3422 3403 3404
f 3421 3420 3403
f 3390 3404 3403
f 3431 3417 3416
f 3416 3417 3411
f 3410 3416 3411
f 3412 3407 3394
f 3412 3394 3411
f 3411 3394 3398
f 3401 3388 3402
f 3402 3388 3389
f 3401 3387 3388
f 3386 3399 3400
f 3386 3385 3399
f 3399 3385 3387
f 3399 3387 3401
f 3394 3393 3398
f 3400 3416 3397
f 3397 3416 3410
f 3398 3384 3383
f 3397 3398 3383
f 3384 3398 3379
f 3379 3398 3393
f 3379 3393 3380
f 3380 3393 3394
f 3397 3383 3400
f 3400 3383 3386
f 3456 3457 3438
f 3438 3457 3454
f 3399 3415 3418
f 3441 3420 3440
f 3442 3437 3436
f 3400 3399 3415
f 3418 3420 3419
f 3419 3420 3441
f 3419 3441 3436
f 3437 3432 3431
f 3431 3432 3417
f 3417 3432 3411
f 3433 3432 3437
f 3433 3437 3438
f 3436 3437 3431
f 3416 3419 3431
f 3431 3419 3436
f 3433 3428 3427
f 3427 3428 3411
f 3432 3433 3427
f 3427 3411 3432
f 3412 3411 3428
f 3418 3419 3416
f 3398 3397 3410
f 3398 3410 3411
f 3438 3437 3456
f 3456 3437 3442
f 3456 3442 3458
f 3458 3442 3445
f 3461 3460 3449
f 3449 3460 3447
f 3423 3424 3448
f 3448 3424 3450
f 3448 3450 3449
f 3449 3450 3451
f 3390 3391 3404
f 3404 3391 3405
f 3405 3406 3424
f 3424 3406 3426
f 3424 3426 3450
f 3450 3426 3452
f 3450 3452 3451
f 3451 3452 3453
f 3460 3459 3447
f 3447 3459 3445
f 3447 3445 3444
f 3444 3445 3441
f 3447 3448 3449
f 3444 3448 3447
f 3459 3458 3445
f 3445 3442 3441
f 3441 3442 3436
f 3418 3416 3415
f 3415 3416 3400
f 3403 3402 3389
f 3403 3389 3390
f 3453 3461 3451
f 3451 3461 3449
f 3444 3443 3448
f 3448 3443 3446
f 3448 3446 3423
f 3424 3423 3405
f 3405 3423 3404
f 3402 3403 3420
f 3402 3420 3401
f 3401 3420 3418
f 3401 3418 3399
f 3408 3414 3409
f 3408 3409 3395
f 3395 3409 3396
f 3414 3408 3413
f 3429 3430 3413
f 3414 3413 3430
f 3454 3455 3438
f 3438 3455 3439
f 3412 3428 3429
f 3407 3408 3394
f 3395 3394 3408
f 3408 3407 3413
f 3413 3407 3412
f 3439 3434 3433
f 3439 3433 3438
f 3433 3434 3428
f 3434 3435 3429
f 3435 3430 3429
f 3429 3413 3412
f 3395 3394 3381
f 3429 3428 3434
f 3324 3327 3326
f 3378 3377 3392
f 3375 3376 3390
f 3376 3391 3390
f 3374 3373 3351
f 3351 3373 3348
f 3373 3372 3348
f 3348 3372 3345
f 3348 3345 3346
f 3348 3346 3349
f 3337 3369 3363
f 3345 3372 3346
f 3372 3370 3346
f 3346 3370 3371
f 3346 3371 3341
f 3362 3363 3368
f 3368 3363 3369
f 3368 3369 3336
f 3336 3369 3337
f 3387 3370 3388
f 3388 3370 3372
f 3388 3372 3373
f 3389 3388 3373
f 3389 3373 3374
f 3390 3389 3374
f 3390 3374 3375
f 3367 3370 3387
f 3367 3387 3385
f 3368 3367 3385
f 3368 3385 3386
f 3368 3371 3370
f 3368 3370 3367
f 3363 3362 3383
f 3363 3383 3384
f 3338 3343 3342
f 3342 3343 3347
f 3384 3379 3363
f 3337 3338 3342
f 3333 3363 3364
f 3359 3364 3363
f 3359 3363 3380
f 3379 3380 3384
f 3384 3380 3363
f 3363 3332 3337
f 3347 3326 3350
f 3350 3326 3328
f 3350 3328 3352
f 3352 3328 3329
f 3352 3329 3354
f 3354 3329 3330
f 3354 3330 3331
f 3354 3331 3356
f 3356 3331 3358
f 3376 3375 3355
f 3355 3375 3353
f 3355 3353 3354
f 3355 3354 3356
f 3392 3391 3376
f 3392 3376 3378
f 3378 3376 3355
f 3378 3355 3357
f 3357 3355 3356
f 3357 3356 3358
f 3336 3337 3341
f 3341 3337 3342
f 3350 3349 3347
f 3341 3371 3368
f 3362 3368 3386
f 3362 3386 3383
f 3336 3341 3368
f 3354 3353 3352
f 3352 3353 3349
f 3375 3374 3351
f 3375 3351 3353
f 3353 3351 3348
f 3353 3348 3349
f 3332 3363 3333
f 3332 3333 3338
f 3332 3338 3337
f 3341 3342 3346
f 3346 3342 3347
f 3350 3352 3349
f 3343 3324 3326
f 3343 3326 3347
f 3346 3347 3349
f 3325 3324 3343
f 3366 3335 3334
f 3366 3334 3365
f 3381 3361 3360
f 3360 3361 3366
f 3360 3366 3365
f 3381 3382 3361
f 3395 3396 3382
f 3382 3381 3395
f 3340 3339 3335
f 3335 3339 3334
f 3344 3325 3343
f 3344 3343 3339
f 3339 3343 3338
f 3394 3395 3380
f 3380 3395 3381
f 3360 3380 3381
f 3360 3365 3364
f 3360 3364 3359
f 3360 3359 3380
f 3338 3333 3339
f 3339 3333 3334
f 3333 3364 3365
f 3334 3333 3365
f 3538 3532 3535
f 3532 3538 3533
f 3533 3538 3539
f 3537 3534 3531
f 3537 3531 3536
f 3536 3531 3530
f 3531 3537 3530
f 3530 3537 3536
f 3531 3521 3520
f 3531 3520 3530
f 3521 3531 3532
f 3521 3532 3533
f 3490 3477 3506
f 3506 3477 3533
f 3532 3506 3533
f 3476 3489 3505
f 3476 3505 3530
f 3530 3505 3531
f 3531 3505 3532
f 3532 3505 3506
f 3477 3490 3476
f 3476 3490 3489
f 3533 3539 3532
f 3532 3539 3538
f 3464 3465 3476
f 3476 3465 3477
f 3520 3476 3530
f 3478 3464 3476
f 3465 3479 3477
f 3477 3521 3533
f 3533 3525 3539
f 3521 3509 3523
f 3521 3523 3533
f 3533 3523 3525
f 3469 3481 3465
f 3465 3481 3479
f 3509 3521 3493
f 3493 3521 3477
f 3477 3479 3493
f 3507 3521 3477
f 3533 3525 3521
f 3521 3525 3523
f 3477 3521 3509
f 3477 3509 3493
f 3477 3491 3507
f 3504 3520 3507
f 3507 3520 3521
f 3491 3490 3507
f 3489 3490 3491
f 3488 3504 3489
f 3504 3505 3489
f 3507 3506 3504
f 3506 3505 3504
f 3490 3506 3507
f 3469 3466 3465
f 3465 3466 3464
f 3465 3464 3463
f 3463 3464 3462
f 3463 3462 3477
f 3477 3462 3476
f 3477 3476 3491
f 3491 3476 3488
f 3491 3488 3489
f 3463 3477 3465
f 3520 3522 3530
f 3530 3522 3524
f 3530 3524 3536
f 3476 3520 3504
f 3492 3476 3478
f 3476 3492 3508
f 3476 3508 3520
f 3520 3508 3522
f 3478 3464 3480
f 3480 3464 3466
f 3504 3488 3476
f 3478 3480 3466
f 3466 3464 3478
f 3462 3464 3476
f 3465 3464 3469
f 3469 3464 3466
f 3468 3467 3466
f 3468 3466 3469
f 3466 3467 3469
f 3468 3469 3467
f 3471 3473 3469
f 3472 3470 3466
f 3514 3518 3513
f 3513 3518 3517
f 3518 3514 3502
f 3502 3514 3498
f 3497 3501 3502
f 3497 3502 3498
f 3513 3517 3501
f 3513 3501 3497
f 3542 3546 3543
f 3543 3546 3547
f 3546 3542 3541
f 3546 3541 3545
f 3540 3544 3545
f 3540 3545 3541
f 3529 3547 3546
f 3529 3546 3545
f 3529 3545 3528
f 3528 3545 3544
f 3516 3500 3517
f 3500 3501 3517
f 3501 3500 3502
f 3518 3502 3503
f 3517 3518 3519
f 3518 3503 3519
f 3529 3528 3519
f 3519 3528 3516
f 3519 3516 3517
f 3503 3502 3500
f 3503 3500 3487
f 3487 3500 3486
f 3487 3486 3475
f 3475 3486 3474
f 3544 3540 3541
f 3541 3545 3544
f 3542 3546 3545
f 3542 3545 3541
f 3546 3542 3547
f 3547 3542 3543
f 3487 3514 3547
f 3544 3513 3486
f 3486 3513 3497
f 3487 3498 3514
f 3547 3514 3546
f 3546 3514 3545
f 3545 3514 3513
f 3486 3497 3487
f 3487 3497 3498
f 3513 3544 3545
f 3486 3487 3474
f 3474 3487 3475
f 3474 3475 3472
f 3472 3475 3473
f 3487 3499 3503
f 3519 3503 3515
f 3515 3503 3499
f 3515 3529 3519
f 3486 3500 3496
f 3528 3512 3516
f 3516 3512 3496
f 3516 3496 3500
f 3472 3486 3474
f 3528 3544 3526
f 3526 3544 3540
f 3470 3482 3480
f 3470 3480 3466
f 3528 3526 3510
f 3528 3510 3512
f 3512 3510 3496
f 3496 3510 3494
f 3496 3494 3486
f 3486 3494 3484
f 3486 3484 3474
f 3474 3484 3472
f 3482 3470 3472
f 3482 3472 3484
f 3466 3480 3482
f 3466 3482 3472
f 3510 3544 3486
f 3510 3486 3494
f 3510 3526 3544
f 3472 3484 3486
f 3547 3543 3527
f 3511 3547 3527
f 3547 3511 3487
f 3487 3511 3495
f 3483 3473 3485
f 3473 3483 3469
f 3469 3483 3481
f 3473 3487 3485
f 3487 3495 3485
f 3495 3511 3499
f 3499 3511 3515
f 3515 3511 3529
f 3529 3511 3527
f 3529 3527 3547
f 3473 3471 3483
f 3483 3471 3481
f 3481 3471 3469
f 3485 3487 3475
f 3485 3475 3473
f 3495 3499 3487
f 3475 3487 3473
f 3794 3810 3795
f 3795 3810 3811
f 3814 3798 3815
f 3798 3780 3799
f 3798 3799 3815
f 3746 3747 3765
f 3800 3781 3801
f 3744 3745 3764
f 3744 3764 3763
f 3810 3812 3814
f 3798 3796 3794
f 3812 3810 3796
f 3796 3810 3794
f 3810 3814 3811
f 3811 3814 3815
f 3813 3797 3811
f 3811 3797 3795
f 3799 3797 3815
f 3815 3797 3813
f 3813 3811 3815
f 3795 3797 3796
f 3795 3796 3794
f 3565 3566 3572
f 3572 3566 3573
f 3572 3573 3565
f 3565 3573 3566
f 3595 3561 3599
f 3561 3568 3599
f 3599 3568 3569
f 3599 3569 3600
f 3551 3549 3575
f 3549 3568 3575
f 3607 3576 3575
f 3607 3575 3606
f 3606 3575 3582
f 3606 3582 3611
f 3550 3551 3574
f 3574 3551 3575
f 3610 3581 3605
f 3581 3574 3605
f 3605 3574 3573
f 3605 3573 3604
f 3548 3550 3567
f 3567 3550 3574
f 3597 3566 3567
f 3597 3567 3598
f 3567 3560 3598
f 3598 3560 3594
f 3548 3568 3549
f 3568 3548 3567
f 3587 3580 3581
f 3560 3561 3568
f 3560 3568 3567
f 3588 3587 3586
f 3590 3589 3582
f 3583 3590 3582
f 3584 3583 3576
f 3577 3584 3576
f 3570 3577 3569
f 3555 3556 3561
f 3561 3556 3562
f 3561 3560 3554
f 3561 3554 3555
f 3560 3553 3554
f 3579 3572 3565
f 3563 3570 3569
f 3563 3569 3562
f 3562 3569 3568
f 3577 3576 3569
f 3569 3576 3568
f 3568 3576 3575
f 3583 3575 3576
f 3583 3582 3575
f 3582 3581 3575
f 3575 3581 3574
f 3581 3588 3587
f 3589 3588 3581
f 3589 3581 3582
f 3580 3573 3574
f 3580 3574 3581
f 3572 3580 3579
f 3580 3572 3573
f 3573 3565 3574
f 3574 3565 3567
f 3558 3566 3565
f 3565 3566 3567
f 3579 3580 3581
f 3559 3553 3560
f 3558 3559 3560
f 3558 3560 3566
f 3566 3560 3567
f 3562 3568 3561
f 3649 3627 3630
f 3692 3707 3708
f 3689 3702 3686
f 3689 3704 3702
f 3704 3689 3703
f 3688 3724 3689
f 3689 3724 3703
f 3709 3730 3688
f 3688 3730 3724
f 3709 3752 3730
f 3708 3751 3709
f 3709 3751 3752
f 3728 3750 3707
f 3751 3708 3750
f 3750 3708 3707
f 3639 3640 3616
f 3588 3638 3589
f 3589 3638 3639
f 3589 3639 3616
f 3589 3616 3590
f 3590 3616 3612
f 3590 3612 3583
f 3613 3584 3583
f 3584 3613 3634
f 3584 3613 3608
f 3584 3608 3577
f 3627 3601 3608
f 3577 3608 3601
f 3577 3601 3570
f 3649 3652 3670
f 3684 3668 3670
f 3670 3668 3649
f 3656 3673 3652
f 3652 3673 3670
f 3674 3692 3675
f 3675 3692 3708
f 3686 3684 3670
f 3686 3670 3689
f 3689 3670 3673
f 3689 3673 3656
f 3689 3656 3688
f 3688 3656 3655
f 3688 3655 3672
f 3688 3672 3709
f 3709 3672 3676
f 3709 3676 3708
f 3708 3676 3675
f 3633 3612 3640
f 3640 3612 3616
f 3630 3627 3608
f 3630 3608 3634
f 3634 3608 3613
f 3656 3634 3633
f 3633 3634 3613
f 3633 3613 3612
f 3612 3613 3583
f 3638 3674 3639
f 3639 3674 3675
f 3639 3675 3640
f 3640 3675 3676
f 3640 3676 3633
f 3633 3676 3672
f 3633 3672 3656
f 3656 3672 3655
f 3656 3655 3634
f 3634 3656 3630
f 3630 3656 3652
f 3630 3652 3649
f 3726 3705 3706
f 3727 3749 3726
f 3727 3706 3707
f 3727 3707 3728
f 3726 3706 3727
f 3638 3588 3615
f 3637 3587 3588
f 3637 3588 3638
f 3614 3586 3587
f 3614 3587 3636
f 3636 3587 3637
f 3706 3705 3690
f 3657 3658 3690
f 3690 3658 3706
f 3674 3707 3659
f 3659 3707 3658
f 3658 3637 3638
f 3658 3638 3659
f 3657 3636 3658
f 3658 3636 3637
f 3707 3706 3658
f 3632 3579 3636
f 3636 3579 3586
f 3632 3609 3579
f 3762 3743 3722
f 3766 3762 3722
f 3748 3766 3726
f 3726 3766 3722
f 3749 3748 3726
f 3586 3614 3636
f 3687 3671 3632
f 3687 3632 3690
f 3690 3632 3636
f 3690 3636 3657
f 3722 3687 3726
f 3726 3687 3690
f 3726 3690 3705
f 3654 3632 3671
f 3603 3579 3609
f 3603 3572 3579
f 3572 3603 3629
f 3629 3651 3669
f 3632 3654 3651
f 3651 3654 3671
f 3651 3671 3685
f 3651 3603 3632
f 3632 3603 3609
f 3629 3603 3651
f 3762 3761 3743
f 3743 3761 3741
f 3743 3741 3720
f 3743 3720 3722
f 3671 3687 3685
f 3685 3687 3722
f 3720 3685 3722
f 3741 3761 3720
f 3685 3669 3651
f 3703 3709 3704
f 3703 3730 3709
f 3752 3751 3730
f 3730 3751 3729
f 3729 3751 3728
f 3751 3750 3728
f 3750 3749 3728
f 3728 3749 3727
f 3749 3767 3766
f 3749 3766 3748
f 3659 3638 3639
f 3571 3631 3578
f 3578 3631 3635
f 3578 3635 3585
f 3585 3635 3634
f 3585 3634 3584
f 3640 3590 3634
f 3634 3590 3584
f 3590 3640 3589
f 3589 3640 3639
f 3639 3638 3615
f 3639 3615 3589
f 3589 3615 3588
f 3675 3729 3728
f 3728 3707 3675
f 3675 3707 3674
f 3675 3674 3659
f 3676 3730 3675
f 3675 3730 3729
f 3730 3676 3709
f 3693 3689 3704
f 3693 3704 3709
f 3668 3670 3650
f 3650 3670 3653
f 3650 3653 3628
f 3571 3602 3631
f 3631 3602 3628
f 3709 3676 3693
f 3693 3676 3660
f 3693 3660 3689
f 3689 3660 3656
f 3653 3670 3652
f 3652 3670 3656
f 3656 3670 3689
f 3639 3675 3659
f 3628 3653 3631
f 3631 3653 3652
f 3631 3652 3635
f 3635 3652 3656
f 3635 3656 3634
f 3634 3656 3660
f 3634 3660 3640
f 3640 3660 3676
f 3563 3557 3556
f 3623 3646 3664
f 3664 3646 3680
f 3680 3698 3715
f 3596 3593 3558
f 3596 3558 3565
f 3642 3641 3677
f 3694 3695 3677
f 3552 3617 3618
f 3552 3618 3553
f 3619 3554 3553
f 3619 3553 3618
f 3643 3696 3661
f 3642 3618 3617
f 3642 3617 3641
f 3618 3642 3619
f 3619 3642 3643
f 3642 3695 3643
f 3643 3695 3696
f 3677 3695 3642
f 3731 3732 3710
f 3753 3731 3710
f 3756 3753 3715
f 3715 3753 3710
f 3736 3756 3715
f 3664 3680 3623
f 3558 3593 3623
f 3558 3623 3617
f 3558 3617 3552
f 3623 3680 3617
f 3617 3680 3677
f 3617 3677 3641
f 3680 3715 3677
f 3677 3715 3710
f 3677 3710 3694
f 3710 3711 3694
f 3711 3695 3694
f 3712 3696 3711
f 3711 3696 3695
f 3710 3732 3711
f 3662 3661 3696
f 3662 3696 3712
f 3620 3619 3643
f 3554 3619 3620
f 3620 3555 3554
f 3556 3555 3620
f 3620 3621 3556
f 3622 3563 3621
f 3621 3563 3556
f 3563 3622 3624
f 3563 3624 3564
f 3564 3624 3625
f 3564 3625 3571
f 3571 3625 3628
f 3571 3628 3602
f 3668 3682 3684
f 3697 3682 3679
f 3663 3697 3679
f 3697 3663 3714
f 3714 3663 3662
f 3714 3662 3713
f 3682 3647 3679
f 3679 3647 3645
f 3679 3645 3663
f 3668 3650 3649
f 3668 3649 3682
f 3682 3649 3647
f 3712 3713 3662
f 3662 3620 3643
f 3662 3643 3661
f 3620 3662 3621
f 3621 3662 3663
f 3621 3663 3622
f 3622 3663 3645
f 3622 3645 3624
f 3624 3645 3647
f 3624 3647 3625
f 3625 3647 3628
f 3628 3647 3649
f 3628 3649 3650
f 3626 3648 3596
f 3623 3648 3646
f 3623 3593 3596
f 3623 3596 3648
f 3682 3700 3701
f 3682 3701 3684
f 3697 3714 3700
f 3734 3735 3714
f 3714 3713 3734
f 3733 3734 3713
f 3754 3731 3753
f 3731 3754 3732
f 3648 3667 3683
f 3759 3756 3736
f 3759 3736 3740
f 3736 3718 3740
f 3740 3718 3759
f 3648 3683 3680
f 3648 3680 3646
f 3736 3715 3718
f 3718 3715 3698
f 3683 3718 3698
f 3683 3698 3680
f 3733 3713 3712
f 3712 3711 3733
f 3733 3711 3732
f 3682 3697 3700
f 3596 3565 3626
f 3648 3626 3667
f 3715 3756 3759
f 3759 3718 3715
f 3695 3711 3710
f 3710 3711 3754
f 3710 3754 3753
f 3642 3678 3677
f 3593 3558 3552
f 3593 3552 3592
f 3683 3667 3626
f 3617 3642 3677
f 3617 3677 3623
f 3677 3680 3623
f 3623 3593 3592
f 3623 3592 3617
f 3617 3592 3618
f 3683 3626 3680
f 3680 3626 3623
f 3626 3596 3623
f 3715 3718 3683
f 3715 3683 3680
f 3715 3680 3710
f 3710 3680 3677
f 3710 3677 3695
f 3695 3677 3678
f 3571 3570 3564
f 3564 3570 3563
f 3562 3556 3563
f 3590 3591 3584
f 3578 3585 3584
f 3570 3571 3577
f 3577 3571 3578
f 3584 3577 3578
f 3583 3584 3590
f 3761 3762 3720
f 3691 3690 3706
f 3726 3766 3767
f 3726 3767 3727
f 3720 3762 3722
f 3669 3685 3629
f 3614 3586 3579
f 3614 3579 3609
f 3629 3632 3603
f 3691 3658 3690
f 3690 3658 3636
f 3690 3636 3687
f 3687 3636 3632
f 3636 3637 3614
f 3636 3614 3632
f 3632 3614 3609
f 3629 3685 3632
f 3632 3685 3687
f 3685 3720 3687
f 3687 3720 3722
f 3687 3722 3690
f 3690 3722 3726
f 3690 3726 3706
f 3777 3776 3760
f 3760 3776 3759
f 3767 3762 3766
f 3728 3750 3729
f 3729 3750 3751
f 3767 3766 3782
f 3767 3782 3783
f 3782 3766 3762
f 3762 3779 3782
f 3700 3665 3666
f 3699 3681 3700
f 3665 3700 3681
f 3699 3716 3739
f 3580 3589 3588
f 3553 3554 3559
f 3559 3554 3555
f 3580 3588 3587
f 3586 3579 3580
f 3586 3580 3587
f 3563 3570 3584
f 3584 3570 3577
f 3583 3590 3580
f 3580 3590 3589
f 3558 3552 3559
f 3559 3552 3553
f 3559 3555 3556
f 3559 3556 3562
f 3773 3756 3776
f 3776 3756 3759
f 3769 3753 3773
f 3773 3753 3756
f 3753 3769 3770
f 3753 3770 3754
f 3759 3761 3776
f 3776 3761 3778
f 3762 3779 3761
f 3761 3779 3778
f 3761 3759 3720
f 3720 3759 3718
f 3720 3718 3685
f 3685 3718 3683
f 3685 3683 3669
f 3669 3683 3648
f 3669 3648 3629
f 3629 3648 3626
f 3629 3626 3596
f 3629 3596 3603
f 3603 3596 3565
f 3603 3565 3572
f 3686 3684 3702
f 3725 3703 3704
f 3725 3724 3703
f 3699 3716 3717
f 3699 3717 3700
f 3702 3684 3701
f 3719 3702 3701
f 3704 3721 3725
f 3714 3735 3739
f 3704 3702 3721
f 3721 3702 3719
f 3719 3701 3700
f 3714 3739 3716
f 3719 3700 3716
f 3716 3700 3717
f 3721 3724 3725
f 3747 3730 3724
f 3730 3747 3752
f 3777 3773 3776
f 3770 3769 3774
f 3774 3769 3777
f 3777 3769 3773
f 3778 3759 3776
f 3762 3759 3779
f 3779 3759 3778
f 3716 3700 3699
f 3716 3699 3714
f 3724 3703 3730
f 3784 3768 3785
f 3751 3752 3784
f 3784 3752 3768
f 3784 3750 3751
f 3784 3767 3750
f 3784 3783 3767
f 3803 3802 3784
f 3784 3802 3783
f 3784 3804 3803
f 3784 3805 3804
f 3784 3785 3805
f 3767 3749 3750
f 3783 3763 3767
f 3783 3780 3763
f 3802 3798 3783
f 3783 3798 3780
f 3803 3799 3798
f 3803 3798 3802
f 3799 3803 3815
f 3815 3803 3817
f 3815 3817 3818
f 3815 3818 3816
f 3816 3818 3804
f 3816 3804 3800
f 3800 3804 3801
f 3801 3804 3805
f 3801 3805 3785
f 3801 3785 3781
f 3781 3785 3765
f 3765 3785 3768
f 3765 3768 3747
f 3747 3768 3752
f 3751 3747 3752
f 3751 3746 3747
f 3767 3763 3744
f 3767 3744 3749
f 3749 3744 3745
f 3749 3745 3750
f 3750 3745 3746
f 3750 3746 3751
f 3817 3803 3804
f 3817 3804 3818
f 3719 3716 3721
f 3721 3716 3739
f 3721 3739 3742
f 3721 3742 3724
f 3724 3742 3747
f 3746 3723 3747
f 3724 3747 3723
f 3747 3742 3739
f 3747 3739 3765
f 3765 3739 3758
f 3775 3781 3758
f 3758 3781 3765
f 3793 3801 3775
f 3775 3801 3781
f 3809 3816 3792
f 3792 3816 3800
f 3792 3800 3793
f 3793 3800 3801
f 3791 3799 3808
f 3808 3799 3815
f 3808 3815 3809
f 3809 3815 3816
f 3790 3798 3791
f 3791 3798 3799
f 3774 3780 3790
f 3790 3780 3798
f 3757 3763 3774
f 3774 3763 3780
f 3738 3734 3739
f 3739 3734 3735
f 3739 3735 3755
f 3739 3755 3758
f 3758 3755 3772
f 3758 3772 3775
f 3775 3772 3789
f 3775 3789 3793
f 3793 3789 3788
f 3793 3788 3792
f 3792 3788 3807
f 3792 3807 3809
f 3809 3807 3806
f 3809 3806 3808
f 3808 3806 3787
f 3808 3787 3791
f 3791 3787 3786
f 3791 3786 3790
f 3790 3786 3770
f 3790 3770 3774
f 3774 3770 3754
f 3774 3754 3757
f 3807 3788 3787
f 3807 3787 3806
f 3757 3754 3732
f 3757 3732 3737
f 3713 3644 3732
f 3732 3644 3643
f 3732 3643 3642
f 3732 3733 3713
f 3789 3772 3788
f 3787 3770 3786
f 3733 3732 3754
f 3734 3755 3735
f 3771 3754 3770
f 3733 3754 3771
f 3771 3734 3733
f 3755 3734 3771
f 3771 3772 3755
f 3788 3772 3771
f 3771 3787 3788
f 3770 3787 3771
f 3580 3565 3583
f 3583 3565 3558
f 3558 3559 3583
f 3583 3559 3562
f 3580 3579 3565
f 3584 3583 3563
f 3563 3583 3562
f 4027 4026 4025
f 4025 4026 4020
f 4025 4020 4019
f 4019 4020 4018
f 4019 4018 4013
f 4013 4018 4004
f 4013 4004 4000
f 4000 4004 3977
f 4000 3977 3973
f 3973 3977 3982
f 3973 3982 3978
f 3978 3982 3983
f 3983 3982 3987
f 3983 3987 3993
f 3983 3993 3988
f 3988 3993 4008
f 3988 4008 4007
f 4007 4008 4024
f 4007 4024 4023
f 4023 4024 4022
f 4023 4022 4021
f 4021 4022 4028
f 4021 4028 4027
f 4027 4028 4026
f 3982 4005 3987
f 4005 4008 3993
f 4005 3993 3987
f 4005 4024 4008
f 4005 4022 4024
f 4026 4028 4005
f 4005 4028 4022
f 4020 4026 4005
f 4005 4018 4020
f 4005 4004 4018
f 3982 3977 4005
f 4005 3977 4004
f 3983 4006 3978
f 4006 4000 3973
f 4006 3973 3978
f 4006 4013 4000
f 4006 4019 4013
f 4027 4025 4006
f 4006 4025 4019
f 4021 4027 4006
f 4006 4023 4021
f 4006 4007 4023
f 3983 3988 4006
f 4006 3988 4007
f 3853 3876 3875
f 3875 3852 3853
f 3853 3871 3876
f 3822 3828 3827
f 3828 3822 3823
f 3828 3823 3824
f 3828 3824 3829
f 3871 3872 3853
f 3854 3853 3872
f 3976 4003 3977
f 3977 4003 4004
f 3956 3982 3960
f 3960 3982 3987
f 3964 3992 3968
f 3968 3992 3991
f 3968 3991 3995
f 3968 3995 3967
f 4018 4004 4017
f 4004 4003 4017
f 4017 4003 3999
f 4017 3999 4012
f 4012 3999 4011
f 4011 3999 3998
f 3998 3971 3947
f 3822 3833 3834
f 3822 3834 3823
f 3823 3834 3824
f 3834 3835 3824
f 3837 3829 3824
f 3837 3824 3835
f 3847 3866 3849
f 3849 3866 3868
f 3854 3872 3871
f 3854 3871 3853
f 3897 3875 3876
f 3897 3876 3898
f 3960 3959 3956
f 3956 3959 3955
f 3956 3955 3982
f 3982 3955 3981
f 3987 3986 3959
f 3987 3959 3960
f 3964 3968 3963
f 3967 3963 3968
f 3976 3977 3981
f 3981 3977 3982
f 3977 4004 3975
f 3975 4004 4002
f 3982 3977 3980
f 3980 3977 3975
f 3982 3980 3987
f 3987 3980 3985
f 3985 3986 3987
f 3986 3985 3991
f 3986 3991 3992
f 3992 3991 3995
f 4017 4012 4015
f 4015 4012 4011
f 4016 4018 4017
f 4016 4017 4015
f 4016 4002 4018
f 4018 4002 4004
f 3863 3864 3845
f 3926 3948 3951
f 3926 3951 3929
f 3925 3947 3926
f 3926 3947 3948
f 3842 3834 3841
f 3841 3834 3833
f 3835 3834 3842
f 3843 3835 3842
f 3843 3837 3835
f 3884 3845 3864
f 3847 3845 3884
f 3886 3847 3884
f 3886 3866 3847
f 3890 3866 3886
f 3849 3868 3890
f 3890 3868 3866
f 3889 3849 3890
f 3854 3849 3889
f 3854 3893 3853
f 3893 3854 3889
f 3893 3871 3853
f 3898 3876 3893
f 3893 3876 3871
f 3964 3986 3992
f 3933 3955 3959
f 3933 3959 3937
f 3929 3951 3933
f 3933 3951 3955
f 3884 3864 3883
f 3905 3884 3883
f 3905 3883 3902
f 3883 3864 3863
f 3863 3859 3880
f 3879 3901 3880
f 3880 3901 3902
f 3880 3859 3879
f 3879 3859 3858
f 3883 3863 3880
f 3883 3880 3902
f 3841 3858 3842
f 3842 3858 3859
f 3842 3859 3863
f 3842 3863 3843
f 3843 3863 3845
f 3843 3845 3837
f 3917 3922 3893
f 3917 3893 3913
f 3884 3905 3906
f 3884 3906 3886
f 3886 3906 3910
f 3886 3910 3909
f 3886 3909 3889
f 3889 3909 3913
f 3889 3913 3893
f 3921 3897 3922
f 3922 3897 3898
f 3922 3898 3893
f 3889 3890 3886
f 3940 3964 3944
f 3944 3964 3943
f 3943 3964 3963
f 3943 3963 3967
f 3940 3937 3964
f 3937 3959 3964
f 3964 3959 3986
f 3943 3921 3944
f 3944 3921 3922
f 3944 3922 3940
f 3940 3922 3917
f 3940 3917 3937
f 3937 3917 3913
f 3937 3913 3959
f 3901 3925 3902
f 3902 3925 3926
f 3902 3926 3905
f 3905 3926 3929
f 3905 3929 3906
f 3906 3929 3910
f 3910 3929 3933
f 3910 3933 3909
f 3909 3933 3913
f 3913 3933 3937
f 3841 3833 3858
f 3981 3955 3951
f 3976 3981 3951
f 3947 3971 3972
f 3976 3951 3972
f 3972 3951 3948
f 3972 3948 3947
f 4003 3976 3999
f 3999 3976 3972
f 3999 3972 3998
f 3998 3972 3971
f 3875 3874 3852
f 3874 3873 3852
f 3852 3873 3851
f 3851 3873 3870
f 3820 3821 3826
f 3826 3821 3827
f 3827 3821 3822
f 3826 3825 3819
f 3826 3819 3820
f 3869 3870 3850
f 3850 3870 3851
f 4001 3974 4000
f 4000 3974 3973
f 4009 3996 4014
f 4014 3996 4001
f 3996 4009 4010
f 3996 4010 3997
f 3998 3970 3997
f 3998 3997 4011
f 4011 3997 4010
f 3970 3998 3946
f 3946 3998 3947
f 3946 3947 3925
f 3946 3925 3924
f 3924 3925 3901
f 3924 3901 3900
f 3833 3857 3858
f 3858 3857 3878
f 3858 3878 3879
f 3879 3878 3901
f 3901 3878 3900
f 3833 3832 3857
f 3832 3821 3820
f 3832 3820 3831
f 3819 3830 3831
f 3819 3831 3820
f 3865 3846 3848
f 3848 3867 3865
f 3874 3896 3873
f 3873 3896 3895
f 3896 3874 3875
f 3896 3875 3897
f 3830 3819 3825
f 3830 3825 3836
f 3821 3832 3833
f 3821 3833 3822
f 4014 4001 4000
f 4014 4000 4013
f 3957 3983 3978
f 3957 3978 3953
f 3989 3961 3965
f 3989 3965 3990
f 3990 3965 3994
f 3994 3965 3966
f 3966 3967 3994
f 3994 3967 3995
f 3973 3974 3978
f 3978 3974 3979
f 3978 3979 3953
f 3979 3954 3953
f 3953 3954 3957
f 3954 3958 3957
f 3957 3958 3983
f 3983 3958 3984
f 3965 3961 3962
f 3965 3962 3966
f 3966 3962 3967
f 3967 3962 3963
f 4000 3973 3975
f 3989 3990 3991
f 3989 3991 3984
f 3984 3991 3985
f 3985 3983 3984
f 3980 3978 3985
f 3985 3978 3983
f 3975 3973 3980
f 3980 3973 3978
f 4002 4000 3975
f 3990 3994 3991
f 3991 3994 3995
f 4014 4013 4016
f 4015 4011 4010
f 4015 4010 4009
f 4009 4014 4015
f 4015 4014 4016
f 4002 4016 4013
f 4000 4002 4013
f 3921 3943 3942
f 3954 3932 3958
f 3958 3932 3936
f 3961 3984 3958
f 3967 3966 3943
f 3892 3870 3873
f 3892 3873 3895
f 3851 3870 3892
f 3892 3850 3851
f 3850 3892 3888
f 3850 3888 3848
f 3848 3888 3887
f 3867 3848 3887
f 3885 3865 3887
f 3887 3865 3867
f 3844 3846 3861
f 3861 3846 3865
f 3830 3836 3838
f 3838 3836 3844
f 3839 3830 3838
f 3831 3830 3839
f 3840 3832 3831
f 3946 3924 3923
f 3923 3945 3946
f 3928 3950 3923
f 3923 3950 3945
f 3919 3916 3892
f 3912 3892 3916
f 3897 3921 3896
f 3896 3921 3920
f 3896 3920 3895
f 3895 3920 3919
f 3895 3919 3892
f 3912 3888 3892
f 3887 3888 3912
f 3887 3912 3885
f 3885 3912 3908
f 3903 3881 3907
f 3907 3881 3885
f 3907 3885 3908
f 3881 3903 3904
f 3881 3904 3882
f 3882 3904 3877
f 3877 3904 3899
f 3881 3861 3885
f 3885 3861 3865
f 3882 3861 3881
f 3856 3839 3862
f 3862 3839 3838
f 3862 3838 3844
f 3862 3844 3861
f 3831 3839 3840
f 3840 3839 3856
f 3840 3856 3857
f 3857 3856 3877
f 3857 3877 3878
f 3878 3877 3899
f 3878 3899 3900
f 3877 3856 3882
f 3882 3856 3862
f 3882 3862 3861
f 3924 3900 3923
f 3923 3900 3899
f 3923 3899 3928
f 3928 3899 3904
f 3928 3904 3903
f 3943 3966 3942
f 3942 3966 3962
f 3942 3962 3941
f 3941 3962 3961
f 3941 3961 3939
f 3958 3936 3961
f 3920 3921 3942
f 3920 3942 3919
f 3919 3942 3941
f 3919 3941 3916
f 3916 3941 3939
f 3916 3939 3912
f 3989 3984 3961
f 3939 3961 3936
f 3939 3936 3912
f 3912 3936 3908
f 3908 3936 3932
f 3908 3932 3907
f 3907 3932 3954
f 3907 3954 3903
f 3903 3954 3950
f 3903 3950 3928
f 3832 3840 3857
f 3950 3979 3974
f 3954 3979 3950
f 3970 3946 3945
f 3950 3974 3945
f 3945 3974 3969
f 3945 3969 3970
f 3974 4001 3969
f 3969 4001 3996
f 3969 3996 3970
f 3970 3996 3997
f 3850 3849 3854
f 3854 3853 3852
f 3854 3852 3850
f 3850 3852 3851
f 3825 3826 3836
f 3836 3826 3827
f 3828 3829 3837
f 3828 3837 3827
f 3827 3837 3836
f 3845 3844 3837
f 3837 3844 3836
f 3847 3846 3844
f 3847 3844 3845
f 3849 3848 3847
f 3847 3848 3846
f 3848 3849 3850
f 3930 3951 3952
f 3951 3930 3929
f 3929 3948 3951
f 3890 3868 3886
f 3886 3868 3866
f 3890 3854 3849
f 3871 3872 3893
f 3893 3872 3894
f 3894 3872 3854
f 3960 3938 3956
f 3956 3938 3934
f 3930 3952 3934
f 3934 3952 3956
f 3948 3929 3926
f 3926 3929 3902
f 3880 3905 3884
f 3860 3880 3864
f 3864 3880 3884
f 3843 3860 3845
f 3845 3860 3864
f 3842 3859 3843
f 3921 3897 3898
f 3921 3898 3922
f 3886 3910 3890
f 3890 3910 3914
f 3967 3943 3968
f 3968 3943 3944
f 3968 3944 3964
f 3894 3890 3914
f 3894 3914 3918
f 3918 3914 3938
f 3918 3938 3940
f 3940 3938 3964
f 3890 3894 3854
f 3940 3917 3918
f 3918 3917 3893
f 3918 3893 3894
f 3843 3859 3860
f 3860 3859 3880
f 3880 3902 3905
f 3905 3902 3929
f 3906 3929 3930
f 3906 3930 3910
f 3910 3930 3934
f 3910 3934 3914
f 3914 3934 3938
f 3914 3938 3960
f 3938 3960 3964
f 3964 3960 3987
f 3964 3987 3986
f 3952 3977 3982
f 3952 3982 3956
f 3977 3952 3976
f 3976 3952 3951
f 3976 3951 3948
f 3976 3948 3972
f 3972 3948 3971
f 3971 3948 3947
f 3935 3957 3931
f 3931 3957 3953
f 3961 3984 3957
f 3957 3984 3983
f 3892 3869 3870
f 3891 3850 3892
f 3892 3850 3869
f 3887 3848 3891
f 3891 3848 3850
f 3838 3830 3844
f 3844 3830 3836
f 3928 3950 3945
f 3928 3945 3923
f 3927 3950 3928
f 3927 3949 3950
f 3920 3896 3897
f 3897 3921 3920
f 3911 3887 3915
f 3915 3887 3891
f 3915 3891 3916
f 3916 3891 3892
f 3907 3885 3911
f 3911 3885 3887
f 3904 3877 3881
f 3877 3856 3855
f 3877 3855 3881
f 3881 3855 3861
f 3856 3839 3838
f 3856 3838 3855
f 3855 3838 3861
f 3861 3838 3844
f 3928 3904 3927
f 3927 3904 3903
f 3942 3966 3941
f 3941 3966 3965
f 3941 3965 3939
f 3939 3965 3961
f 3939 3961 3935
f 3935 3961 3957
f 3916 3939 3915
f 3915 3939 3935
f 3915 3935 3911
f 3911 3935 3907
f 3907 3935 3931
f 3907 3931 3953
f 3907 3953 3903
f 3903 3953 3949
f 3903 3949 3927
f 3978 3973 3949
f 3949 3953 3978
f 3973 3974 4001
f 3949 3973 3950
f 3950 3973 3974
f 3945 3969 3946
f 3946 3969 3970
f 4143 4141 4142
f 4143 4142 4166
f 4166 4165 4140
f 4166 4140 4143
f 4143 4144 4141
f 4165 4166 4187
f 4187 4166 4188
f 4187 4188 4205
f 4205 4188 4206
f 4205 4206 4223
f 4223 4239 4238
f 4238 4222 4223
f 4223 4222 4205
f 4255 4254 4237
f 4237 4254 4236
f 4236 4238 4237
f 4237 4238 4239
f 4265 4264 4249
f 4249 4264 4248
f 4246 4247 4262
f 4262 4247 4263
f 4247 4246 4230
f 4247 4230 4231
f 4264 4277 4263
f 4263 4285 4284
f 4263 4284 4280
f 4263 4283 4287
f 4287 4286 4263
f 4263 4280 4275
f 4249 4248 4232
f 4249 4232 4233
f 4277 4276 4263
f 4263 4276 4283
f 4263 4286 4285
f 4275 4274 4263
f 4181 4182 4200
f 4181 4200 4199
f 4215 4231 4230
f 4233 4232 4216
f 4233 4216 4217
f 4217 4216 4199
f 4217 4199 4200
f 4230 4214 4215
f 4215 4214 4198
f 4198 4214 4197
f 4198 4197 4176
f 4176 4197 4175
f 4266 4267 4264
f 4266 4264 4263
f 4267 4266 4252
f 4252 4266 4251
f 4252 4251 4253
f 4253 4251 4255
f 4255 4251 4250
f 4255 4250 4254
f 4147 4155 4154
f 4147 4154 4146
f 4124 4123 4115
f 4116 4124 4115
f 4117 4118 4125
f 4125 4118 4126
f 4150 4151 4157
f 4150 4157 4156
f 4146 4066 4147
f 4147 4066 4067
f 4147 4067 4155
f 4155 4067 4075
f 4155 4075 4154
f 4154 4075 4074
f 4154 4074 4146
f 4146 4074 4066
f 4155 4115 4147
f 4178 4116 4155
f 4155 4116 4115
f 4178 4124 4116
f 4178 4179 4124
f 4124 4179 4125
f 4179 4117 4125
f 4156 4118 4179
f 4179 4118 4117
f 4150 4118 4156
f 4150 4070 4151
f 4151 4070 4071
f 4151 4071 4157
f 4157 4071 4077
f 4157 4077 4156
f 4156 4077 4076
f 4156 4076 4150
f 4150 4076 4070
f 4119 4118 4076
f 4119 4076 4077
f 4126 4123 4125
f 4125 4123 4124
f 4075 4115 4114
f 4075 4114 4074
f 4080 4087 4086
f 4081 4087 4080
f 4082 4083 4089
f 4088 4082 4089
f 4132 4088 4133
f 4133 4088 4089
f 4130 4086 4131
f 4131 4086 4087
f 4115 4075 4067
f 4115 4067 4147
f 4155 4147 4169
f 4177 4155 4169
f 4178 4155 4177
f 4178 4177 4170
f 4170 4177 4169
f 4148 4170 4169
f 4147 4148 4169
f 4148 4149 4170
f 4170 4149 4171
f 4170 4171 4178
f 4178 4171 4179
f 4156 4179 4180
f 4180 4179 4172
f 4172 4179 4171
f 4156 4180 4172
f 4150 4156 4172
f 4150 4172 4171
f 4150 4171 4149
f 4076 4118 4070
f 4070 4118 4150
f 4127 4126 4118
f 4127 4118 4119
f 4114 4115 4122
f 4122 4115 4123
f 4122 4123 4127
f 4127 4123 4126
f 4136 4092 4130
f 4130 4092 4086
f 4122 4080 4086
f 4122 4086 4130
f 4081 4080 4123
f 4123 4080 4122
f 4131 4087 4081
f 4131 4081 4123
f 4126 4082 4088
f 4126 4088 4132
f 4083 4082 4127
f 4127 4082 4126
f 4133 4089 4083
f 4133 4083 4127
f 4089 4093 4137
f 4089 4137 4133
f 4093 4092 4137
f 4137 4092 4136
f 4136 4130 4131
f 4133 4137 4132
f 4136 4131 4132
f 4136 4132 4137
f 4099 4098 4093
f 4093 4098 4097
f 4093 4097 4092
f 4092 4097 4096
f 4056 4042 4114
f 4056 4114 4122
f 4056 4122 4060
f 4056 4074 4042
f 4042 4074 4114
f 4034 4056 4042
f 4034 4050 4056
f 4050 4034 4066
f 4035 4067 4034
f 4034 4067 4066
f 4147 4067 4035
f 4147 4035 4148
f 4148 4035 4036
f 4036 4037 4148
f 4148 4037 4149
f 4038 4070 4150
f 4038 4150 4037
f 4037 4150 4149
f 4043 4057 4039
f 4039 4057 4053
f 4053 4071 4039
f 4039 4071 4038
f 4038 4071 4070
f 4057 4043 4077
f 4077 4043 4119
f 4127 4119 4061
f 4061 4119 4057
f 4057 4119 4043
f 4060 4122 4080
f 4086 4060 4080
f 4127 4061 4083
f 4061 4089 4083
f 4089 4090 4093
f 4093 4090 4094
f 4090 4089 4134
f 4134 4089 4133
f 4085 4086 4092
f 4085 4092 4091
f 4127 4128 4133
f 4133 4128 4134
f 4086 4085 4129
f 4086 4129 4130
f 4121 4122 4130
f 4121 4130 4129
f 4123 4126 4131
f 4126 4132 4131
f 4086 4085 4079
f 4086 4079 4060
f 4079 4059 4060
f 4060 4059 4056
f 4056 4059 4041
f 4056 4041 4042
f 4032 4038 4037
f 4032 4037 4031
f 4029 4030 4036
f 4029 4036 4035
f 4042 4041 4034
f 4044 4043 4039
f 4044 4039 4040
f 4036 4030 4037
f 4037 4030 4031
f 4034 4041 4033
f 4057 4043 4044
f 4057 4044 4061
f 4061 4044 4062
f 4090 4089 4084
f 4084 4089 4061
f 4084 4061 4062
f 4084 4083 4090
f 4090 4083 4089
f 4080 4122 4079
f 4079 4122 4121
f 4085 4086 4080
f 4085 4080 4079
f 4091 4092 4086
f 4091 4086 4085
f 4066 4074 4065
f 4065 4074 4073
f 4056 4073 4074
f 4056 4055 4073
f 4055 4056 4049
f 4056 4050 4049
f 4057 4054 4053
f 4054 4057 4058
f 4077 4058 4057
f 4077 4078 4058
f 4077 4072 4078
f 4077 4071 4072
f 4127 4083 4128
f 4128 4083 4084
f 4092 4096 4095
f 4096 4097 4095
f 4092 4095 4091
f 4091 4135 4129
f 4129 4135 4161
f 4085 4091 4129
f 4129 4161 4159
f 4159 4121 4129
f 4159 4161 4185
f 4153 4159 4175
f 4175 4159 4183
f 4185 4183 4159
f 4184 4160 4182
f 4158 4182 4160
f 4160 4184 4186
f 4160 4186 4162
f 4094 4090 4134
f 4162 4138 4134
f 4134 4128 4160
f 4094 4134 4138
f 4160 4162 4134
f 4100 4098 4099
f 4100 4093 4094
f 4099 4093 4100
f 4201 4203 4218
f 4236 4234 4218
f 4175 4183 4201
f 4201 4183 4185
f 4198 4176 4175
f 4198 4197 4215
f 4215 4197 4214
f 4220 4236 4218
f 4185 4203 4220
f 4201 4185 4203
f 4203 4185 4218
f 4218 4185 4220
f 4266 4263 4247
f 4251 4266 4247
f 4251 4247 4231
f 4231 4215 4234
f 4231 4234 4251
f 4251 4234 4250
f 4198 4175 4197
f 4197 4175 4201
f 4197 4201 4214
f 4214 4201 4218
f 4214 4218 4215
f 4215 4218 4234
f 4250 4234 4236
f 4250 4236 4254
f 4247 4246 4263
f 4258 4259 4243
f 4287 4283 4282
f 4287 4282 4286
f 4280 4284 4281
f 4281 4284 4285
f 4262 4263 4246
f 4264 4261 4273
f 4264 4273 4277
f 4248 4245 4261
f 4264 4248 4261
f 4259 4271 4272
f 4272 4260 4259
f 4243 4259 4260
f 4270 4258 4269
f 4269 4258 4257
f 4258 4270 4259
f 4259 4270 4271
f 4242 4258 4243
f 4241 4257 4242
f 4242 4257 4258
f 4275 4268 4274
f 4274 4268 4256
f 4274 4256 4263
f 4281 4285 4282
f 4282 4285 4286
f 4277 4273 4276
f 4276 4273 4272
f 4276 4272 4282
f 4282 4272 4271
f 4282 4271 4279
f 4282 4279 4281
f 4281 4279 4278
f 4281 4278 4270
f 4281 4270 4275
f 4275 4270 4269
f 4275 4269 4268
f 4261 4260 4272
f 4269 4257 4256
f 4273 4261 4272
f 4279 4271 4278
f 4278 4271 4270
f 4268 4269 4256
f 4283 4276 4282
f 4280 4281 4275
f 4263 4256 4247
f 4247 4256 4240
f 4260 4244 4243
f 4245 4244 4261
f 4261 4244 4260
f 4256 4257 4240
f 4240 4257 4241
f 4225 4209 4208
f 4228 4212 4211
f 4059 4055 4041
f 4058 4062 4044
f 4159 4153 4121
f 4113 4066 4065
f 4113 4065 4073
f 4105 4106 4066
f 4071 4111 4112
f 4071 4112 4072
f 4112 4078 4072
f 4046 4047 4031
f 4031 4047 4032
f 4032 4047 4048
f 4032 4048 4038
f 4038 4048 4052
f 4038 4052 4039
f 4039 4052 4053
f 4046 4063 4047
f 4047 4063 4064
f 4047 4064 4070
f 4047 4070 4052
f 4052 4070 4071
f 4052 4071 4053
f 4064 4069 4070
f 4058 4044 4054
f 4054 4044 4040
f 4054 4040 4053
f 4053 4040 4039
f 4084 4062 4058
f 4078 4084 4058
f 4103 4109 4104
f 4149 4109 4148
f 4148 4109 4103
f 4069 4109 4070
f 4070 4109 4110
f 4070 4110 4071
f 4071 4110 4111
f 4078 4120 4084
f 4084 4120 4128
f 4160 4128 4158
f 4120 4078 4112
f 4120 4158 4128
f 4109 4149 4110
f 4110 4149 4150
f 4110 4150 4111
f 4111 4150 4151
f 4111 4151 4152
f 4111 4152 4112
f 4112 4152 4120
f 4120 4152 4158
f 4217 4200 4213
f 4213 4200 4196
f 4213 4196 4195
f 4213 4195 4212
f 4212 4195 4194
f 4249 4233 4248
f 4248 4233 4232
f 4248 4232 4245
f 4245 4232 4229
f 4245 4229 4244
f 4244 4229 4228
f 4212 4228 4213
f 4213 4228 4229
f 4213 4229 4217
f 4217 4229 4232
f 4217 4232 4233
f 4191 4169 4190
f 4190 4169 4168
f 4190 4168 4189
f 4189 4168 4167
f 4189 4167 4197
f 4197 4167 4175
f 4200 4182 4196
f 4196 4182 4174
f 4196 4174 4195
f 4195 4174 4173
f 4195 4173 4194
f 4194 4173 4172
f 4194 4172 4193
f 4193 4172 4171
f 4193 4171 4192
f 4192 4171 4170
f 4192 4170 4191
f 4191 4170 4169
f 4241 4225 4240
f 4240 4225 4224
f 4240 4224 4247
f 4247 4224 4231
f 4214 4230 4231
f 4214 4231 4207
f 4207 4231 4224
f 4207 4224 4208
f 4208 4224 4225
f 4243 4227 4242
f 4242 4227 4226
f 4242 4226 4241
f 4241 4226 4225
f 4243 4244 4228
f 4243 4228 4227
f 4227 4228 4211
f 4227 4211 4226
f 4226 4211 4210
f 4226 4210 4209
f 4226 4209 4225
f 4209 4191 4208
f 4208 4191 4190
f 4208 4190 4207
f 4207 4190 4189
f 4207 4189 4214
f 4214 4189 4197
f 4059 4079 4073
f 4073 4055 4059
f 4041 4055 4033
f 4033 4055 4049
f 4033 4049 4034
f 4034 4049 4050
f 4113 4073 4121
f 4121 4073 4079
f 4105 4066 4113
f 4035 4034 4050
f 4035 4050 4051
f 4051 4050 4066
f 4051 4066 4067
f 4031 4030 4046
f 4067 4063 4046
f 4067 4046 4045
f 4045 4046 4029
f 4030 4029 4046
f 4048 4047 4052
f 4106 4067 4066
f 4146 4106 4145
f 4145 4106 4105
f 4145 4105 4153
f 4153 4105 4113
f 4153 4113 4121
f 4105 4106 4113
f 4035 4051 4045
f 4067 4106 4107
f 4107 4106 4146
f 4107 4146 4147
f 4107 4147 4108
f 4147 4148 4108
f 4108 4148 4103
f 4103 4104 4064
f 4064 4063 4103
f 4103 4063 4108
f 4108 4063 4068
f 4108 4068 4107
f 4104 4109 4069
f 4104 4069 4064
f 4068 4063 4067
f 4068 4067 4107
f 4212 4194 4211
f 4211 4194 4193
f 4211 4193 4210
f 4210 4193 4192
f 4210 4192 4209
f 4209 4192 4191
f 4169 4147 4168
f 4168 4147 4146
f 4168 4146 4167
f 4167 4146 4145
f 4167 4145 4175
f 4175 4145 4153
f 4182 4158 4174
f 4174 4158 4152
f 4174 4152 4173
f 4173 4152 4151
f 4173 4151 4172
f 4172 4151 4150
f 4067 4045 4051
f 4045 4029 4035
f 4184 4182 4200
f 4184 4202 4204
f 4184 4204 4186
f 4255 4237 4235
f 4255 4235 4253
f 4199 4216 4200
f 4216 4217 4200
f 4200 4202 4184
f 4248 4264 4252
f 4248 4252 4232
f 4232 4252 4235
f 4232 4235 4216
f 4216 4235 4217
f 4217 4235 4219
f 4217 4219 4200
f 4200 4219 4202
f 4219 4235 4237
f 4219 4237 4221
f 4221 4204 4219
f 4219 4204 4202
f 4253 4235 4252
f 4267 4252 4264
f 4098 4100 4097
f 4095 4097 4100
f 4140 4165 4139
f 4095 4101 4140
f 4140 4101 4143
f 4139 4095 4140
f 4091 4095 4135
f 4135 4163 4161
f 4163 4185 4161
f 4205 4222 4220
f 4220 4222 4238
f 4220 4238 4236
f 4205 4220 4203
f 4203 4185 4205
f 4165 4187 4163
f 4165 4163 4139
f 4139 4163 4135
f 4139 4135 4095
f 4163 4187 4185
f 4185 4187 4205
f 4142 4138 4164
f 4164 4162 4186
f 4138 4094 4164
f 4164 4138 4162
f 4142 4100 4138
f 4102 4100 4142
f 4142 4141 4102
f 4102 4141 4144
f 4204 4221 4206
f 4204 4206 4186
f 4237 4239 4221
f 4221 4239 4223
f 4221 4223 4206
f 4166 4142 4164
f 4166 4164 4188
f 4186 4206 4188
f 4186 4188 4164
f 4094 4138 4100
f 4095 4100 4102
f 4144 4101 4095
f 4144 4095 4102
f 4144 4143 4101
f 4295 4425 4417
f 4322 4295 4417
f 4417 4416 4322
f 4416 4321 4322
f 4425 4295 4424
f 4424 4295 4294
f 4290 4420 4292
f 4292 4420 4422
f 4292 4422 4293
f 4293 4422 4423
f 4293 4423 4294
f 4294 4423 4424
f 4304 4330 4325
f 4304 4325 4346
f 4304 4346 4360
f 4304 4378 4394
f 4304 4299 4330
f 4360 4373 4304
f 4304 4373 4378
f 4304 4394 4399
f 4418 4288 4289
f 4289 4419 4418
f 4419 4289 4308
f 4419 4308 4403
f 4403 4308 4303
f 4403 4303 4398
f 4398 4303 4304
f 4398 4304 4399
f 4288 4418 4291
f 4291 4418 4421
f 4291 4421 4420
f 4291 4420 4290
f 4342 4321 4416
f 4416 4390 4342
f 4390 4341 4342
f 4341 4390 4389
f 4341 4370 4356
f 4341 4389 4370
f 4385 4367 4386
f 4390 4370 4389
f 4369 4355 4356
f 4356 4370 4369
f 4386 4387 4410
f 4385 4386 4407
f 4407 4386 4410
f 4384 4385 4404
f 4404 4385 4407
f 4404 4407 4405
f 4405 4407 4408
f 4368 4387 4386
f 4386 4367 4368
f 4385 4384 4367
f 4354 4368 4367
f 4395 4381 4380
f 4380 4381 4375
f 4374 4380 4375
f 4376 4371 4358
f 4376 4358 4375
f 4375 4358 4362
f 4365 4352 4366
f 4366 4352 4353
f 4365 4351 4352
f 4350 4363 4364
f 4350 4349 4363
f 4363 4349 4351
f 4363 4351 4365
f 4358 4357 4362
f 4364 4380 4361
f 4361 4380 4374
f 4362 4348 4347
f 4361 4362 4347
f 4348 4362 4343
f 4343 4362 4357
f 4343 4357 4344
f 4344 4357 4358
f 4361 4347 4364
f 4364 4347 4350
f 4420 4421 4402
f 4402 4421 4418
f 4363 4379 4382
f 4405 4384 4404
f 4406 4401 4400
f 4364 4363 4379
f 4382 4384 4383
f 4383 4384 4405
f 4383 4405 4400
f 4401 4396 4395
f 4395 4396 4381
f 4381 4396 4375
f 4397 4396 4401
f 4397 4401 4402
f 4400 4401 4395
f 4380 4383 4395
f 4395 4383 4400
f 4397 4392 4391
f 4391 4392 4375
f 4396 4397 4391
f 4391 4375 4396
f 4376 4375 4392
f 4382 4383 4380
f 4362 4361 4374
f 4362 4374 4375
f 4402 4401 4420
f 4420 4401 4406
f 4420 4406 4422
f 4422 4406 4409
f 4425 4424 4413
f 4413 4424 4411
f 4387 4388 4412
f 4412 4388 4414
f 4412 4414 4413
f 4413 4414 4415
f 4354 4355 4368
f 4368 4355 4369
f 4369 4370 4388
f 4388 4370 4390
f 4388 4390 4414
f 4414 4390 4416
f 4414 4416 4415
f 4415 4416 4417
f 4424 4423 4411
f 4411 4423 4409
f 4411 4409 4408
f 4408 4409 4405
f 4411 4412 4413
f 4408 4412 4411
f 4423 4422 4409
f 4409 4406 4405
f 4405 4406 4400
f 4382 4380 4379
f 4379 4380 4364
f 4367 4366 4353
f 4367 4353 4354
f 4417 4425 4415
f 4415 4425 4413
f 4408 4407 4412
f 4412 4407 4410
f 4412 4410 4387
f 4388 4387 4369
f 4369 4387 4368
f 4366 4367 4384
f 4366 4384 4365
f 4365 4384 4382
f 4365 4382 4363
f 4372 4378 4373
f 4372 4373 4359
f 4359 4373 4360
f 4378 4372 4377
f 4393 4394 4377
f 4378 4377 4394
f 4418 4419 4402
f 4402 4419 4403
f 4376 4392 4393
f 4371 4372 4358
f 4359 4358 4372
f 4372 4371 4377
f 4377 4371 4376
f 4403 4398 4397
f 4403 4397 4402
f 4397 4398 4392
f 4398 4399 4393
f 4399 4394 4393
f 4393 4377 4376
f 4359 4358 4345
f 4393 4392 4398
f 4288 4291 4290
f 4342 4341 4356
f 4339 4340 4354
f 4340 4355 4354
f 4338 4337 4315
f 4315 4337 4312
f 4337 4336 4312
f 4312 4336 4309
f 4312 4309 4310
f 4312 4310 4313
f 4301 4333 4327
f 4309 4336 4310
f 4336 4334 4310
f 4310 4334 4335
f 4310 4335 4305
f 4326 4327 4332
f 4332 4327 4333
f 4332 4333 4300
f 4300 4333 4301
f 4351 4334 4352
f 4352 4334 4336
f 4352 4336 4337
f 4353 4352 4337
f 4353 4337 4338
f 4354 4353 4338
f 4354 4338 4339
f 4331 4334 4351
f 4331 4351 4349
f 4332 4331 4349
f 4332 4349 4350
f 4332 4335 4334
f 4332 4334 4331
f 4327 4326 4347
f 4327 4347 4348
f 4302 4307 4306
f 4306 4307 4311
f 4348 4343 4327
f 4301 4302 4306
f 4297 4327 4328
f 4323 4328 4327
f 4323 4327 4344
f 4343 4344 4348
f 4348 4344 4327
f 4327 4296 4301
f 4311 4290 4314
f 4314 4290 4292
f 4314 4292 4316
f 4316 4292 4293
f 4316 4293 4318
f 4318 4293 4294
f 4318 4294 4295
f 4318 4295 4320
f 4320 4295 4322
f 4340 4339 4319
f 4319 4339 4317
f 4319 4317 4318
f 4319 4318 4320
f 4356 4355 4340
f 4356 4340 4342
f 4342 4340 4319
f 4342 4319 4321
f 4321 4319 4320
f 4321 4320 4322
f 4300 4301 4305
f 4305 4301 4306
f 4314 4313 4311
f 4305 4335 4332
f 4326 4332 4350
f 4326 4350 4347
f 4300 4305 4332
f 4318 4317 4316
f 4316 4317 4313
f 4339 4338 4315
f 4339 4315 4317
f 4317 4315 4312
f 4317 4312 4313
f 4296 4327 4297
f 4296 4297 4302
f 4296 4302 4301
f 4305 4306 4310
f 4310 4306 4311
f 4314 4316 4313
f 4307 4288 4290
f 4307 4290 4311
f 4310 4311 4313
f 4289 4288 4307
f 4330 4299 4298
f 4330 4298 4329
f 4345 4325 4324
f 4324 4325 4330
f 4324 4330 4329
f 4345 4346 4325
f 4359 4360 4346
f 4346 4345 4359
f 4304 4303 4299
f 4299 4303 4298
f 4308 4289 4307
f 4308 4307 4303
f 4303 4307 4302
f 4358 4359 4344
f 4344 4359 4345
f 4324 4344 4345
f 4324 4329 4328
f 4324 4328 4323
f 4324 4323 4344
f 4302 4297 4303
f 4303 4297 4298
f 4297 4328 4329
f 4298 4297 4329
f 4502 4496 4499
f 4496 4502 4497
f 4497 4502 4503
f 4501 4498 4495
f 4501 4495 4500
f 4500 4495 4494
f 4495 4501 4494
f 4494 4501 4500
f 4495 4485 4484
f 4495 4484 4494
f 4485 4495 4496
f 4485 4496 4497
f 4454 4441 4470
f 4470 4441 4497
f 4496 4470 4497
f 4440 4453 4469
f 4440 4469 4494
f 4494 4469 4495
f 4495 4469 4496
f 4496 4469 4470
f 4441 4454 4440
f 4440 4454 4453
f 4497 4503 4496
f 4496 4503 4502
f 4428 4429 4440
f 4440 4429 4441
f 4484 4440 4494
f 4442 4428 4440
f 4429 4443 4441
f 4441 4485 4497
f 4497 4489 4503
f 4485 4473 4487
f 4485 4487 4497
f 4497 4487 4489
f 4433 4445 4429
f 4429 4445 4443
f 4473 4485 4457
f 4457 4485 4441
f 4441 4443 4457
f 4471 4485 4441
f 4497 4489 4485
f 4485 4489 4487
f 4441 4485 4473
f 4441 4473 4457
f 4441 4455 4471
f 4468 4484 4471
f 4471 4484 4485
f 4455 4454 4471
f 4453 4454 4455
f 4452 4468 4453
f 4468 4469 4453
f 4471 4470 4468
f 4470 4469 4468
f 4454 4470 4471
f 4433 4430 4429
f 4429 4430 4428
f 4429 4428 4427
f 4427 4428 4426
f 4427 4426 4441
f 4441 4426 4440
f 4441 4440 4455
f 4455 4440 4452
f 4455 4452 4453
f 4427 4441 4429
f 4484 4486 4494
f 4494 4486 4488
f 4494 4488 4500
f 4440 4484 4468
f 4456 4440 4442
f 4440 4456 4472
f 4440 4472 4484
f 4484 4472 4486
f 4442 4428 4444
f 4444 4428 4430
f 4468 4452 4440
f 4442 4444 4430
f 4430 4428 4442
f 4426 4428 4440
f 4429 4428 4433
f 4433 4428 4430
f 4432 4431 4430
f 4432 4430 4433
f 4430 4431 4433
f 4432 4433 4431
f 4435 4437 4433
f 4436 4434 4430
f 4478 4482 4477
f 4477 4482 4481
f 4482 4478 4466
f 4466 4478 4462
f 4461 4465 4466
f 4461 4466 4462
f 4477 4481 4465
f 4477 4465 4461
f 4506 4510 4507
f 4507 4510 4511
f 4510 4506 4505
f 4510 4505 4509
f 4504 4508 4509
f 4504 4509 4505
f 4493 4511 4510
f 4493 4510 4509
f 4493 4509 4492
f 4492 4509 4508
f 4480 4464 4481
f 4464 4465 4481
f 4465 4464 4466
f 4482 4466 4467
f 4481 4482 4483
f 4482 4467 4483
f 4493 4492 4483
f 4483 4492 4480
f 4483 4480 4481
f 4467 4466 4464
f 4467 4464 4451
f 4451 4464 4450
f 4451 4450 4439
f 4439 4450 4438
f 4508 4504 4505
f 4505 4509 4508
f 4506 4510 4509
f 4506 4509 4505
f 4510 4506 4511
f 4511 4506 4507
f 4451 4478 4511
f 4508 4477 4450
f 4450 4477 4461
f 4451 4462 4478
f 4511 4478 4510
f 4510 4478 4509
f 4509 4478 4477
f 4450 4461 4451
f 4451 4461 4462
f 4477 4508 4509
f 4450 4451 4438
f 4438 4451 4439
f 4438 4439 4436
f 4436 4439 4437
f 4451 4463 4467
f 4483 4467 4479
f 4479 4467 4463
f 4479 4493 4483
f 4450 4464 4460
f 4492 4476 4480
f 4480 4476 4460
f 4480 4460 4464
f 4436 4450 4438
f 4492 4508 4490
f 4490 4508 4504
f 4434 4446 4444
f 4434 4444 4430
f 4492 4490 4474
f 4492 4474 4476
f 4476 4474 4460
f 4460 4474 4458
f 4460 4458 4450
f 4450 4458 4448
f 4450 4448 4438
f 4438 4448 4436
f 4446 4434 4436
f 4446 4436 4448
f 4430 4444 4446
f 4430 4446 4436
f 4474 4508 4450
f 4474 4450 4458
f 4474 4490 4508
f 4436 4448 4450
f 4511 4507 4491
f 4475 4511 4491
f 4511 4475 4451
f 4451 4475 4459
f 4447 4437 4449
f 4437 4447 4433
f 4433 4447 4445
f 4437 4451 4449
f 4451 4459 4449
f 4459 4475 4463
f 4463 4475 4479
f 4479 4475 4493
f 4493 4475 4491
f 4493 4491 4511
f 4437 4435 4447
f 4447 4435 4445
f 4445 4435 4433
f 4449 4451 4439
f 4449 4439 4437
f 4459 4463 4451
f 4439 4451 4437
f 4758 4774 4759
f 4759 4774 4775
f 4778 4762 4779
f 4762 4744 4763
f 4762 4763 4779
f 4710 4711 4729
f 4764 4745 4765
f 4708 4709 4728
f 4708 4728 4727
f 4774 4776 4778
f 4762 4760 4758
f 4776 4774 4760
f 4760 4774 4758
f 4774 4778 4775
f 4775 4778 4779
f 4777 4761 4775
f 4775 4761 4759
f 4763 4761 4779
f 4779 4761 4777
f 4777 4775 4779
f 4759 4761 4760
f 4759 4760 4758
f 4529 4530 4536
f 4536 4530 4537
f 4536 4537 4529
f 4529 4537 4530
f 4559 4525 4563
f 4525 4532 4563
f 4563 4532 4533
f 4563 4533 4564
f 4515 4513 4539
f 4513 4532 4539
f 4571 4540 4539
f 4571 4539 4570
f 4570 4539 4546
f 4570 4546 4575
f 4514 4515 4538
f 4538 4515 4539
f 4574 4545 4569
f 4545 4538 4569
f 4569 4538 4537
f 4569 4537 4568
f 4512 4514 4531
f 4531 4514 4538
f 4561 4530 4531
f 4561 4531 4562
f 4531 4524 4562
f 4562 4524 4558
f 4512 4532 4513
f 4532 4512 4531
f 4551 4544 4545
f 4524 4525 4532
f 4524 4532 4531
f 4552 4551 4550
f 4554 4553 4546
f 4547 4554 4546
f 4548 4547 4540
f 4541 4548 4540
f 4534 4541 4533
f 4519 4520 4525
f 4525 4520 4526
f 4525 4524 4518
f 4525 4518 4519
f 4524 4517 4518
f 4543 4536 4529
f 4527 4534 4533
f 4527 4533 4526
f 4526 4533 4532
f 4541 4540 4533
f 4533 4540 4532
f 4532 4540 4539
f 4547 4539 4540
f 4547 4546 4539
f 4546 4545 4539
f 4539 4545 4538
f 4545 4552 4551
f 4553 4552 4545
f 4553 4545 4546
f 4544 4537 4538
f 4544 4538 4545
f 4536 4544 4543
f 4544 4536 4537
f 4537 4529 4538
f 4538 4529 4531
f 4522 4530 4529
f 4529 4530 4531
f 4543 4544 4545
f 4523 4517 4524
f 4522 4523 4524
f 4522 4524 4530
f 4530 4524 4531
f 4526 4532 4525
f 4613 4591 4594
f 4656 4671 4672
f 4653 4666 4650
f 4653 4668 4666
f 4668 4653 4667
f 4652 4688 4653
f 4653 4688 4667
f 4673 4694 4652
f 4652 4694 4688
f 4673 4716 4694
f 4672 4715 4673
f 4673 4715 4716
f 4692 4714 4671
f 4715 4672 4714
f 4714 4672 4671
f 4603 4604 4580
f 4552 4602 4553
f 4553 4602 4603
f 4553 4603 4580
f 4553 4580 4554
f 4554 4580 4576
f 4554 4576 4547
f 4577 4548 4547
f 4548 4577 4598
f 4548 4577 4572
f 4548 4572 4541
f 4591 4565 4572
f 4541 4572 4565
f 4541 4565 4534
f 4613 4616 4634
f 4648 4632 4634
f 4634 4632 4613
f 4620 4637 4616
f 4616 4637 4634
f 4638 4656 4639
f 4639 4656 4672
f 4650 4648 4634
f 4650 4634 4653
f 4653 4634 4637
f 4653 4637 4620
f 4653 4620 4652
f 4652 4620 4619
f 4652 4619 4636
f 4652 4636 4673
f 4673 4636 4640
f 4673 4640 4672
f 4672 4640 4639
f 4597 4576 4604
f 4604 4576 4580
f 4594 4591 4572
f 4594 4572 4598
f 4598 4572 4577
f 4620 4598 4597
f 4597 4598 4577
f 4597 4577 4576
f 4576 4577 4547
f 4602 4638 4603
f 4603 4638 4639
f 4603 4639 4604
f 4604 4639 4640
f 4604 4640 4597
f 4597 4640 4636
f 4597 4636 4620
f 4620 4636 4619
f 4620 4619 4598
f 4598 4620 4594
f 4594 4620 4616
f 4594 4616 4613
f 4690 4669 4670
f 4691 4713 4690
f 4691 4670 4671
f 4691 4671 4692
f 4690 4670 4691
f 4602 4552 4579
f 4601 4551 4552
f 4601 4552 4602
f 4578 4550 4551
f 4578 4551 4600
f 4600 4551 4601
f 4670 4669 4654
f 4621 4622 4654
f 4654 4622 4670
f 4638 4671 4623
f 4623 4671 4622
f 4622 4601 4602
f 4622 4602 4623
f 4621 4600 4622
f 4622 4600 4601
f 4671 4670 4622
f 4596 4543 4600
f 4600 4543 4550
f 4596 4573 4543
f 4726 4707 4686
f 4730 4726 4686
f 4712 4730 4690
f 4690 4730 4686
f 4713 4712 4690
f 4550 4578 4600
f 4651 4635 4596
f 4651 4596 4654
f 4654 4596 4600
f 4654 4600 4621
f 4686 4651 4690
f 4690 4651 4654
f 4690 4654 4669
f 4618 4596 4635
f 4567 4543 4573
f 4567 4536 4543
f 4536 4567 4593
f 4593 4615 4633
f 4596 4618 4615
f 4615 4618 4635
f 4615 4635 4649
f 4615 4567 4596
f 4596 4567 4573
f 4593 4567 4615
f 4726 4725 4707
f 4707 4725 4705
f 4707 4705 4684
f 4707 4684 4686
f 4635 4651 4649
f 4649 4651 4686
f 4684 4649 4686
f 4705 4725 4684
f 4649 4633 4615
f 4667 4673 4668
f 4667 4694 4673
f 4716 4715 4694
f 4694 4715 4693
f 4693 4715 4692
f 4715 4714 4692
f 4714 4713 4692
f 4692 4713 4691
f 4713 4731 4730
f 4713 4730 4712
f 4623 4602 4603
f 4535 4595 4542
f 4542 4595 4599
f 4542 4599 4549
f 4549 4599 4598
f 4549 4598 4548
f 4604 4554 4598
f 4598 4554 4548
f 4554 4604 4553
f 4553 4604 4603
f 4603 4602 4579
f 4603 4579 4553
f 4553 4579 4552
f 4639 4693 4692
f 4692 4671 4639
f 4639 4671 4638
f 4639 4638 4623
f 4640 4694 4639
f 4639 4694 4693
f 4694 4640 4673
f 4657 4653 4668
f 4657 4668 4673
f 4632 4634 4614
f 4614 4634 4617
f 4614 4617 4592
f 4535 4566 4595
f 4595 4566 4592
f 4673 4640 4657
f 4657 4640 4624
f 4657 4624 4653
f 4653 4624 4620
f 4617 4634 4616
f 4616 4634 4620
f 4620 4634 4653
f 4603 4639 4623
f 4592 4617 4595
f 4595 4617 4616
f 4595 4616 4599
f 4599 4616 4620
f 4599 4620 4598
f 4598 4620 4624
f 4598 4624 4604
f 4604 4624 4640
f 4527 4521 4520
f 4587 4610 4628
f 4628 4610 4644
f 4644 4662 4679
f 4560 4557 4522
f 4560 4522 4529
f 4606 4605 4641
f 4658 4659 4641
f 4516 4581 4582
f 4516 4582 4517
f 4583 4518 4517
f 4583 4517 4582
f 4607 4660 4625
f 4606 4582 4581
f 4606 4581 4605
f 4582 4606 4583
f 4583 4606 4607
f 4606 4659 4607
f 4607 4659 4660
f 4641 4659 4606
f 4695 4696 4674
f 4717 4695 4674
f 4720 4717 4679
f 4679 4717 4674
f 4700 4720 4679
f 4628 4644 4587
f 4522 4557 4587
f 4522 4587 4581
f 4522 4581 4516
f 4587 4644 4581
f 4581 4644 4641
f 4581 4641 4605
f 4644 4679 4641
f 4641 4679 4674
f 4641 4674 4658
f 4674 4675 4658
f 4675 4659 4658
f 4676 4660 4675
f 4675 4660 4659
f 4674 4696 4675
f 4626 4625 4660
f 4626 4660 4676
f 4584 4583 4607
f 4518 4583 4584
f 4584 4519 4518
f 4520 4519 4584
f 4584 4585 4520
f 4586 4527 4585
f 4585 4527 4520
f 4527 4586 4588
f 4527 4588 4528
f 4528 4588 4589
f 4528 4589 4535
f 4535 4589 4592
f 4535 4592 4566
f 4632 4646 4648
f 4661 4646 4643
f 4627 4661 4643
f 4661 4627 4678
f 4678 4627 4626
f 4678 4626 4677
f 4646 4611 4643
f 4643 4611 4609
f 4643 4609 4627
f 4632 4614 4613
f 4632 4613 4646
f 4646 4613 4611
f 4676 4677 4626
f 4626 4584 4607
f 4626 4607 4625
f 4584 4626 4585
f 4585 4626 4627
f 4585 4627 4586
f 4586 4627 4609
f 4586 4609 4588
f 4588 4609 4611
f 4588 4611 4589
f 4589 4611 4592
f 4592 4611 4613
f 4592 4613 4614
f 4590 4612 4560
f 4587 4612 4610
f 4587 4557 4560
f 4587 4560 4612
f 4646 4664 4665
f 4646 4665 4648
f 4661 4678 4664
f 4698 4699 4678
f 4678 4677 4698
f 4697 4698 4677
f 4718 4695 4717
f 4695 4718 4696
f 4612 4631 4647
f 4723 4720 4700
f 4723 4700 4704
f 4700 4682 4704
f 4704 4682 4723
f 4612 4647 4644
f 4612 4644 4610
f 4700 4679 4682
f 4682 4679 4662
f 4647 4682 4662
f 4647 4662 4644
f 4697 4677 4676
f 4676 4675 4697
f 4697 4675 4696
f 4646 4661 4664
f 4560 4529 4590
f 4612 4590 4631
f 4679 4720 4723
f 4723 4682 4679
f 4659 4675 4674
f 4674 4675 4718
f 4674 4718 4717
f 4606 4642 4641
f 4557 4522 4516
f 4557 4516 4556
f 4647 4631 4590
f 4581 4606 4641
f 4581 4641 4587
f 4641 4644 4587
f 4587 4557 4556
f 4587 4556 4581
f 4581 4556 4582
f 4647 4590 4644
f 4644 4590 4587
f 4590 4560 4587
f 4679 4682 4647
f 4679 4647 4644
f 4679 4644 4674
f 4674 4644 4641
f 4674 4641 4659
f 4659 4641 4642
f 4535 4534 4528
f 4528 4534 4527
f 4526 4520 4527
f 4554 4555 4548
f 4542 4549 4548
f 4534 4535 4541
f 4541 4535 4542
f 4548 4541 4542
f 4547 4548 4554
f 4725 4726 4684
f 4655 4654 4670
f 4690 4730 4731
f 4690 4731 4691
f 4684 4726 4686
f 4633 4649 4593
f 4578 4550 4543
f 4578 4543 4573
f 4593 4596 4567
f 4655 4622 4654
f 4654 4622 4600
f 4654 4600 4651
f 4651 4600 4596
f 4600 4601 4578
f 4600 4578 4596
f 4596 4578 4573
f 4593 4649 4596
f 4596 4649 4651
f 4649 4684 4651
f 4651 4684 4686
f 4651 4686 4654
f 4654 4686 4690
f 4654 4690 4670
f 4741 4740 4724
f 4724 4740 4723
f 4731 4726 4730
f 4692 4714 4693
f 4693 4714 4715
f 4731 4730 4746
f 4731 4746 4747
f 4746 4730 4726
f 4726 4743 4746
f 4664 4629 4630
f 4663 4645 4664
f 4629 4664 4645
f 4663 4680 4703
f 4544 4553 4552
f 4517 4518 4523
f 4523 4518 4519
f 4544 4552 4551
f 4550 4543 4544
f 4550 4544 4551
f 4527 4534 4548
f 4548 4534 4541
f 4547 4554 4544
f 4544 4554 4553
f 4522 4516 4523
f 4523 4516 4517
f 4523 4519 4520
f 4523 4520 4526
f 4737 4720 4740
f 4740 4720 4723
f 4733 4717 4737
f 4737 4717 4720
f 4717 4733 4734
f 4717 4734 4718
f 4723 4725 4740
f 4740 4725 4742
f 4726 4743 4725
f 4725 4743 4742
f 4725 4723 4684
f 4684 4723 4682
f 4684 4682 4649
f 4649 4682 4647
f 4649 4647 4633
f 4633 4647 4612
f 4633 4612 4593
f 4593 4612 4590
f 4593 4590 4560
f 4593 4560 4567
f 4567 4560 4529
f 4567 4529 4536
f 4650 4648 4666
f 4689 4667 4668
f 4689 4688 4667
f 4663 4680 4681
f 4663 4681 4664
f 4666 4648 4665
f 4683 4666 4665
f 4668 4685 4689
f 4678 4699 4703
f 4668 4666 4685
f 4685 4666 4683
f 4683 4665 4664
f 4678 4703 4680
f 4683 4664 4680
f 4680 4664 4681
f 4685 4688 4689
f 4711 4694 4688
f 4694 4711 4716
f 4741 4737 4740
f 4734 4733 4738
f 4738 4733 4741
f 4741 4733 4737
f 4742 4723 4740
f 4726 4723 4743
f 4743 4723 4742
f 4680 4664 4663
f 4680 4663 4678
f 4688 4667 4694
f 4748 4732 4749
f 4715 4716 4748
f 4748 4716 4732
f 4748 4714 4715
f 4748 4731 4714
f 4748 4747 4731
f 4767 4766 4748
f 4748 4766 4747
f 4748 4768 4767
f 4748 4769 4768
f 4748 4749 4769
f 4731 4713 4714
f 4747 4727 4731
f 4747 4744 4727
f 4766 4762 4747
f 4747 4762 4744
f 4767 4763 4762
f 4767 4762 4766
f 4763 4767 4779
f 4779 4767 4781
f 4779 4781 4782
f 4779 4782 4780
f 4780 4782 4768
f 4780 4768 4764
f 4764 4768 4765
f 4765 4768 4769
f 4765 4769 4749
f 4765 4749 4745
f 4745 4749 4729
f 4729 4749 4732
f 4729 4732 4711
f 4711 4732 4716
f 4715 4711 4716
f 4715 4710 4711
f 4731 4727 4708
f 4731 4708 4713
f 4713 4708 4709
f 4713 4709 4714
f 4714 4709 4710
f 4714 4710 4715
f 4781 4767 4768
f 4781 4768 4782
f 4683 4680 4685
f 4685 4680 4703
f 4685 4703 4706
f 4685 4706 4688
f 4688 4706 4711
f 4710 4687 4711
f 4688 4711 4687
f 4711 4706 4703
f 4711 4703 4729
f 4729 4703 4722
f 4739 4745 4722
f 4722 4745 4729
f 4757 4765 4739
f 4739 4765 4745
f 4773 4780 4756
f 4756 4780 4764
f 4756 4764 4757
f 4757 4764 4765
f 4755 4763 4772
f 4772 4763 4779
f 4772 4779 4773
f 4773 4779 4780
f 4754 4762 4755
f 4755 4762 4763
f 4738 4744 4754
f 4754 4744 4762
f 4721 4727 4738
f 4738 4727 4744
f 4702 4698 4703
f 4703 4698 4699
f 4703 4699 4719
f 4703 4719 4722
f 4722 4719 4736
f 4722 4736 4739
f 4739 4736 4753
f 4739 4753 4757
f 4757 4753 4752
f 4757 4752 4756
f 4756 4752 4771
f 4756 4771 4773
f 4773 4771 4770
f 4773 4770 4772
f 4772 4770 4751
f 4772 4751 4755
f 4755 4751 4750
f 4755 4750 4754
f 4754 4750 4734
f 4754 4734 4738
f 4738 4734 4718
f 4738 4718 4721
f 4771 4752 4751
f 4771 4751 4770
f 4721 4718 4696
f 4721 4696 4701
f 4677 4608 4696
f 4696 4608 4607
f 4696 4607 4606
f 4696 4697 4677
f 4753 4736 4752
f 4751 4734 4750
f 4697 4696 4718
f 4698 4719 4699
f 4735 4718 4734
f 4697 4718 4735
f 4735 4698 4697
f 4719 4698 4735
f 4735 4736 4719
f 4752 4736 4735
f 4735 4751 4752
f 4734 4751 4735
f 4544 4529 4547
f 4547 4529 4522
f 4522 4523 4547
f 4547 4523 4526
f 4544 4543 4529
f 4548 4547 4527
f 4527 4547 4526
f 4991 4990 4989
f 4989 4990 4984
f 4989 4984 4983
f 4983 4984 4982
f 4983 4982 4977
f 4977 4982 4968
f 4977 4968 4964
f 4964 4968 4941
f 4964 4941 4937
f 4937 4941 4946
f 4937 4946 4942
f 4942 4946 4947
f 4947 4946 4951
f 4947 4951 4957
f 4947 4957 4952
f 4952 4957 4972
f 4952 4972 4971
f 4971 4972 4988
f 4971 4988 4987
f 4987 4988 4986
f 4987 4986 4985
f 4985 4986 4992
f 4985 4992 4991
f 4991 4992 4990
f 4946 4969 4951
f 4969 4972 4957
f 4969 4957 4951
f 4969 4988 4972
f 4969 4986 4988
f 4990 4992 4969
f 4969 4992 4986
f 4984 4990 4969
f 4969 4982 4984
f 4969 4968 4982
f 4946 4941 4969
f 4969 4941 4968
f 4947 4970 4942
f 4970 4964 4937
f 4970 4937 4942
f 4970 4977 4964
f 4970 4983 4977
f 4991 4989 4970
f 4970 4989 4983
f 4985 4991 4970
f 4970 4987 4985
f 4970 4971 4987
f 4947 4952 4970
f 4970 4952 4971
f 4817 4840 4839
f 4839 4816 4817
f 4817 4835 4840
f 4786 4792 4791
f 4792 4786 4787
f 4792 4787 4788
f 4792 4788 4793
f 4835 4836 4817
f 4818 4817 4836
f 4940 4967 4941
f 4941 4967 4968
f 4920 4946 4924
f 4924 4946 4951
f 4928 4956 4932
f 4932 4956 4955
f 4932 4955 4959
f 4932 4959 4931
f 4982 4968 4981
f 4968 4967 4981
f 4981 4967 4963
f 4981 4963 4976
f 4976 4963 4975
f 4975 4963 4962
f 4962 4935 4911
f 4786 4797 4798
f 4786 4798 4787
f 4787 4798 4788
f 4798 4799 4788
f 4801 4793 4788
f 4801 4788 4799
f 4811 4830 4813
f 4813 4830 4832
f 4818 4836 4835
f 4818 4835 4817
f 4861 4839 4840
f 4861 4840 4862
f 4924 4923 4920
f 4920 4923 4919
f 4920 4919 4946
f 4946 4919 4945
f 4951 4950 4923
f 4951 4923 4924
f 4928 4932 4927
f 4931 4927 4932
f 4940 4941 4945
f 4945 4941 4946
f 4941 4968 4939
f 4939 4968 4966
f 4946 4941 4944
f 4944 4941 4939
f 4946 4944 4951
f 4951 4944 4949
f 4949 4950 4951
f 4950 4949 4955
f 4950 4955 4956
f 4956 4955 4959
f 4981 4976 4979
f 4979 4976 4975
f 4980 4982 4981
f 4980 4981 4979
f 4980 4966 4982
f 4982 4966 4968
f 4827 4828 4809
f 4890 4912 4915
f 4890 4915 4893
f 4889 4911 4890
f 4890 4911 4912
f 4806 4798 4805
f 4805 4798 4797
f 4799 4798 4806
f 4807 4799 4806
f 4807 4801 4799
f 4848 4809 4828
f 4811 4809 4848
f 4850 4811 4848
f 4850 4830 4811
f 4854 4830 4850
f 4813 4832 4854
f 4854 4832 4830
f 4853 4813 4854
f 4818 4813 4853
f 4818 4857 4817
f 4857 4818 4853
f 4857 4835 4817
f 4862 4840 4857
f 4857 4840 4835
f 4928 4950 4956
f 4897 4919 4923
f 4897 4923 4901
f 4893 4915 4897
f 4897 4915 4919
f 4848 4828 4847
f 4869 4848 4847
f 4869 4847 4866
f 4847 4828 4827
f 4827 4823 4844
f 4843 4865 4844
f 4844 4865 4866
f 4844 4823 4843
f 4843 4823 4822
f 4847 4827 4844
f 4847 4844 4866
f 4805 4822 4806
f 4806 4822 4823
f 4806 4823 4827
f 4806 4827 4807
f 4807 4827 4809
f 4807 4809 4801
f 4881 4886 4857
f 4881 4857 4877
f 4848 4869 4870
f 4848 4870 4850
f 4850 4870 4874
f 4850 4874 4873
f 4850 4873 4853
f 4853 4873 4877
f 4853 4877 4857
f 4885 4861 4886
f 4886 4861 4862
f 4886 4862 4857
f 4853 4854 4850
f 4904 4928 4908
f 4908 4928 4907
f 4907 4928 4927
f 4907 4927 4931
f 4904 4901 4928
f 4901 4923 4928
f 4928 4923 4950
f 4907 4885 4908
f 4908 4885 4886
f 4908 4886 4904
f 4904 4886 4881
f 4904 4881 4901
f 4901 4881 4877
f 4901 4877 4923
f 4865 4889 4866
f 4866 4889 4890
f 4866 4890 4869
f 4869 4890 4893
f 4869 4893 4870
f 4870 4893 4874
f 4874 4893 4897
f 4874 4897 4873
f 4873 4897 4877
f 4877 4897 4901
f 4805 4797 4822
f 4945 4919 4915
f 4940 4945 4915
f 4911 4935 4936
f 4940 4915 4936
f 4936 4915 4912
f 4936 4912 4911
f 4967 4940 4963
f 4963 4940 4936
f 4963 4936 4962
f 4962 4936 4935
f 4839 4838 4816
f 4838 4837 4816
f 4816 4837 4815
f 4815 4837 4834
f 4784 4785 4790
f 4790 4785 4791
f 4791 4785 4786
f 4790 4789 4783
f 4790 4783 4784
f 4833 4834 4814
f 4814 4834 4815
f 4965 4938 4964
f 4964 4938 4937
f 4973 4960 4978
f 4978 4960 4965
f 4960 4973 4974
f 4960 4974 4961
f 4962 4934 4961
f 4962 4961 4975
f 4975 4961 4974
f 4934 4962 4910
f 4910 4962 4911
f 4910 4911 4889
f 4910 4889 4888
f 4888 4889 4865
f 4888 4865 4864
f 4797 4821 4822
f 4822 4821 4842
f 4822 4842 4843
f 4843 4842 4865
f 4865 4842 4864
f 4797 4796 4821
f 4796 4785 4784
f 4796 4784 4795
f 4783 4794 4795
f 4783 4795 4784
f 4829 4810 4812
f 4812 4831 4829
f 4838 4860 4837
f 4837 4860 4859
f 4860 4838 4839
f 4860 4839 4861
f 4794 4783 4789
f 4794 4789 4800
f 4785 4796 4797
f 4785 4797 4786
f 4978 4965 4964
f 4978 4964 4977
f 4921 4947 4942
f 4921 4942 4917
f 4953 4925 4929
f 4953 4929 4954
f 4954 4929 4958
f 4958 4929 4930
f 4930 4931 4958
f 4958 4931 4959
f 4937 4938 4942
f 4942 4938 4943
f 4942 4943 4917
f 4943 4918 4917
f 4917 4918 4921
f 4918 4922 4921
f 4921 4922 4947
f 4947 4922 4948
f 4929 4925 4926
f 4929 4926 4930
f 4930 4926 4931
f 4931 4926 4927
f 4964 4937 4939
f 4953 4954 4955
f 4953 4955 4948
f 4948 4955 4949
f 4949 4947 4948
f 4944 4942 4949
f 4949 4942 4947
f 4939 4937 4944
f 4944 4937 4942
f 4966 4964 4939
f 4954 4958 4955
f 4955 4958 4959
f 4978 4977 4980
f 4979 4975 4974
f 4979 4974 4973
f 4973 4978 4979
f 4979 4978 4980
f 4966 4980 4977
f 4964 4966 4977
f 4885 4907 4906
f 4918 4896 4922
f 4922 4896 4900
f 4925 4948 4922
f 4931 4930 4907
f 4856 4834 4837
f 4856 4837 4859
f 4815 4834 4856
f 4856 4814 4815
f 4814 4856 4852
f 4814 4852 4812
f 4812 4852 4851
f 4831 4812 4851
f 4849 4829 4851
f 4851 4829 4831
f 4808 4810 4825
f 4825 4810 4829
f 4794 4800 4802
f 4802 4800 4808
f 4803 4794 4802
f 4795 4794 4803
f 4804 4796 4795
f 4910 4888 4887
f 4887 4909 4910
f 4892 4914 4887
f 4887 4914 4909
f 4883 4880 4856
f 4876 4856 4880
f 4861 4885 4860
f 4860 4885 4884
f 4860 4884 4859
f 4859 4884 4883
f 4859 4883 4856
f 4876 4852 4856
f 4851 4852 4876
f 4851 4876 4849
f 4849 4876 4872
f 4867 4845 4871
f 4871 4845 4849
f 4871 4849 4872
f 4845 4867 4868
f 4845 4868 4846
f 4846 4868 4841
f 4841 4868 4863
f 4845 4825 4849
f 4849 4825 4829
f 4846 4825 4845
f 4820 4803 4826
f 4826 4803 4802
f 4826 4802 4808
f 4826 4808 4825
f 4795 4803 4804
f 4804 4803 4820
f 4804 4820 4821
f 4821 4820 4841
f 4821 4841 4842
f 4842 4841 4863
f 4842 4863 4864
f 4841 4820 4846
f 4846 4820 4826
f 4846 4826 4825
f 4888 4864 4887
f 4887 4864 4863
f 4887 4863 4892
f 4892 4863 4868
f 4892 4868 4867
f 4907 4930 4906
f 4906 4930 4926
f 4906 4926 4905
f 4905 4926 4925
f 4905 4925 4903
f 4922 4900 4925
f 4884 4885 4906
f 4884 4906 4883
f 4883 4906 4905
f 4883 4905 4880
f 4880 4905 4903
f 4880 4903 4876
f 4953 4948 4925
f 4903 4925 4900
f 4903 4900 4876
f 4876 4900 4872
f 4872 4900 4896
f 4872 4896 4871
f 4871 4896 4918
f 4871 4918 4867
f 4867 4918 4914
f 4867 4914 4892
f 4796 4804 4821
f 4914 4943 4938
f 4918 4943 4914
f 4934 4910 4909
f 4914 4938 4909
f 4909 4938 4933
f 4909 4933 4934
f 4938 4965 4933
f 4933 4965 4960
f 4933 4960 4934
f 4934 4960 4961
f 4814 4813 4818
f 4818 4817 4816
f 4818 4816 4814
f 4814 4816 4815
f 4789 4790 4800
f 4800 4790 4791
f 4792 4793 4801
f 4792 4801 4791
f 4791 4801 4800
f 4809 4808 4801
f 4801 4808 4800
f 4811 4810 4808
f 4811 4808 4809
f 4813 4812 4811
f 4811 4812 4810
f 4812 4813 4814
f 4894 4915 4916
f 4915 4894 4893
f 4893 4912 4915
f 4854 4832 4850
f 4850 4832 4830
f 4854 4818 4813
f 4835 4836 4857
f 4857 4836 4858
f 4858 4836 4818
f 4924 4902 4920
f 4920 4902 4898
f 4894 4916 4898
f 4898 4916 4920
f 4912 4893 4890
f 4890 4893 4866
f 4844 4869 4848
f 4824 4844 4828
f 4828 4844 4848
f 4807 4824 4809
f 4809 4824 4828
f 4806 4823 4807
f 4885 4861 4862
f 4885 4862 4886
f 4850 4874 4854
f 4854 4874 4878
f 4931 4907 4932
f 4932 4907 4908
f 4932 4908 4928
f 4858 4854 4878
f 4858 4878 4882
f 4882 4878 4902
f 4882 4902 4904
f 4904 4902 4928
f 4854 4858 4818
f 4904 4881 4882
f 4882 4881 4857
f 4882 4857 4858
f 4807 4823 4824
f 4824 4823 4844
f 4844 4866 4869
f 4869 4866 4893
f 4870 4893 4894
f 4870 4894 4874
f 4874 4894 4898
f 4874 4898 4878
f 4878 4898 4902
f 4878 4902 4924
f 4902 4924 4928
f 4928 4924 4951
f 4928 4951 4950
f 4916 4941 4946
f 4916 4946 4920
f 4941 4916 4940
f 4940 4916 4915
f 4940 4915 4912
f 4940 4912 4936
f 4936 4912 4935
f 4935 4912 4911
f 4899 4921 4895
f 4895 4921 4917
f 4925 4948 4921
f 4921 4948 4947
f 4856 4833 4834
f 4855 4814 4856
f 4856 4814 4833
f 4851 4812 4855
f 4855 4812 4814
f 4802 4794 4808
f 4808 4794 4800
f 4892 4914 4909
f 4892 4909 4887
f 4891 4914 4892
f 4891 4913 4914
f 4884 4860 4861
f 4861 4885 4884
f 4875 4851 4879
f 4879 4851 4855
f 4879 4855 4880
f 4880 4855 4856
f 4871 4849 4875
f 4875 4849 4851
f 4868 4841 4845
f 4841 4820 4819
f 4841 4819 4845
f 4845 4819 4825
f 4820 4803 4802
f 4820 4802 4819
f 4819 4802 4825
f 4825 4802 4808
f 4892 4868 4891
f 4891 4868 4867
f 4906 4930 4905
f 4905 4930 4929
f 4905 4929 4903
f 4903 4929 4925
f 4903 4925 4899
f 4899 4925 4921
f 4880 4903 4879
f 4879 4903 4899
f 4879 4899 4875
f 4875 4899 4871
f 4871 4899 4895
f 4871 4895 4917
f 4871 4917 4867
f 4867 4917 4913
f 4867 4913 4891
f 4942 4937 4913
f 4913 4917 4942
f 4937 4938 4965
f 4913 4937 4914
f 4914 4937 4938
f 4909 4933 4910
f 4910 4933 4934
f 5107 5105 5106
f 5107 5106 5130
f 5130 5129 5104
f 5130 5104 5107
f 5107 5108 5105
f 5129 5130 5151
f 5151 5130 5152
f 5151 5152 5169
f 5169 5152 5170
f 5169 5170 5187
f 5187 5203 5202
f 5202 5186 5187
f 5187 5186 5169
f 5219 5218 5201
f 5201 5218 5200
f 5200 5202 5201
f 5201 5202 5203
f 5229 5228 5213
f 5213 5228 5212
f 5210 5211 5226
f 5226 5211 5227
f 5211 5210 5194
f 5211 5194 5195
f 5228 5241 5227
f 5227 5249 5248
f 5227 5248 5244
f 5227 5247 5251
f 5251 5250 5227
f 5227 5244 5239
f 5213 5212 5196
f 5213 5196 5197
f 5241 5240 5227
f 5227 5240 5247
f 5227 5250 5249
f 5239 5238 5227
f 5145 5146 5164
f 5145 5164 5163
f 5179 5195 5194
f 5197 5196 5180
f 5197 5180 5181
f 5181 5180 5163
f 5181 5163 5164
f 5194 5178 5179
f 5179 5178 5162
f 5162 5178 5161
f 5162 5161 5140
f 5140 5161 5139
f 5230 5231 5228
f 5230 5228 5227
f 5231 5230 5216
f 5216 5230 5215
f 5216 5215 5217
f 5217 5215 5219
f 5219 5215 5214
f 5219 5214 5218
f 5111 5119 5118
f 5111 5118 5110
f 5088 5087 5079
f 5080 5088 5079
f 5081 5082 5089
f 5089 5082 5090
f 5114 5115 5121
f 5114 5121 5120
f 5110 5030 5111
f 5111 5030 5031
f 5111 5031 5119
f 5119 5031 5039
f 5119 5039 5118
f 5118 5039 5038
f 5118 5038 5110
f 5110 5038 5030
f 5119 5079 5111
f 5142 5080 5119
f 5119 5080 5079
f 5142 5088 5080
f 5142 5143 5088
f 5088 5143 5089
f 5143 5081 5089
f 5120 5082 5143
f 5143 5082 5081
f 5114 5082 5120
f 5114 5034 5115
f 5115 5034 5035
f 5115 5035 5121
f 5121 5035 5041
f 5121 5041 5120
f 5120 5041 5040
f 5120 5040 5114
f 5114 5040 5034
f 5083 5082 5040
f 5083 5040 5041
f 5090 5087 5089
f 5089 5087 5088
f 5039 5079 5078
f 5039 5078 5038
f 5044 5051 5050
f 5045 5051 5044
f 5046 5047 5053
f 5052 5046 5053
f 5096 5052 5097
f 5097 5052 5053
f 5094 5050 5095
f 5095 5050 5051
f 5079 5039 5031
f 5079 5031 5111
f 5119 5111 5133
f 5141 5119 5133
f 5142 5119 5141
f 5142 5141 5134
f 5134 5141 5133
f 5112 5134 5133
f 5111 5112 5133
f 5112 5113 5134
f 5134 5113 5135
f 5134 5135 5142
f 5142 5135 5143
f 5120 5143 5144
f 5144 5143 5136
f 5136 5143 5135
f 5120 5144 5136
f 5114 5120 5136
f 5114 5136 5135
f 5114 5135 5113
f 5040 5082 5034
f 5034 5082 5114
f 5091 5090 5082
f 5091 5082 5083
f 5078 5079 5086
f 5086 5079 5087
f 5086 5087 5091
f 5091 5087 5090
f 5100 5056 5094
f 5094 5056 5050
f 5086 5044 5050
f 5086 5050 5094
f 5045 5044 5087
f 5087 5044 5086
f 5095 5051 5045
f 5095 5045 5087
f 5090 5046 5052
f 5090 5052 5096
f 5047 5046 5091
f 5091 5046 5090
f 5097 5053 5047
f 5097 5047 5091
f 5053 5057 5101
f 5053 5101 5097
f 5057 5056 5101
f 5101 5056 5100
f 5100 5094 5095
f 5097 5101 5096
f 5100 5095 5096
f 5100 5096 5101
f 5063 5062 5057
f 5057 5062 5061
f 5057 5061 5056
f 5056 5061 5060
f 5020 5006 5078
f 5020 5078 5086
f 5020 5086 5024
f 5020 5038 5006
f 5006 5038 5078
f 4998 5020 5006
f 4998 5014 5020
f 5014 4998 5030
f 4999 5031 4998
f 4998 5031 5030
f 5111 5031 4999
f 5111 4999 5112
f 5112 4999 5000
f 5000 5001 5112
f 5112 5001 5113
f 5002 5034 5114
f 5002 5114 5001
f 5001 5114 5113
f 5007 5021 5003
f 5003 5021 5017
f 5017 5035 5003
f 5003 5035 5002
f 5002 5035 5034
f 5021 5007 5041
f 5041 5007 5083
f 5091 5083 5025
f 5025 5083 5021
f 5021 5083 5007
f 5024 5086 5044
f 5050 5024 5044
f 5091 5025 5047
f 5025 5053 5047
f 5053 5054 5057
f 5057 5054 5058
f 5054 5053 5098
f 5098 5053 5097
f 5049 5050 5056
f 5049 5056 5055
f 5091 5092 5097
f 5097 5092 5098
f 5050 5049 5093
f 5050 5093 5094
f 5085 5086 5094
f 5085 5094 5093
f 5087 5090 5095
f 5090 5096 5095
f 5050 5049 5043
f 5050 5043 5024
f 5043 5023 5024
f 5024 5023 5020
f 5020 5023 5005
f 5020 5005 5006
f 4996 5002 5001
f 4996 5001 4995
f 4993 4994 5000
f 4993 5000 4999
f 5006 5005 4998
f 5008 5007 5003
f 5008 5003 5004
f 5000 4994 5001
f 5001 4994 4995
f 4998 5005 4997
f 5021 5007 5008
f 5021 5008 5025
f 5025 5008 5026
f 5054 5053 5048
f 5048 5053 5025
f 5048 5025 5026
f 5048 5047 5054
f 5054 5047 5053
f 5044 5086 5043
f 5043 5086 5085
f 5049 5050 5044
f 5049 5044 5043
f 5055 5056 5050
f 5055 5050 5049
f 5030 5038 5029
f 5029 5038 5037
f 5020 5037 5038
f 5020 5019 5037
f 5019 5020 5013
f 5020 5014 5013
f 5021 5018 5017
f 5018 5021 5022
f 5041 5022 5021
f 5041 5042 5022
f 5041 5036 5042
f 5041 5035 5036
f 5091 5047 5092
f 5092 5047 5048
f 5056 5060 5059
f 5060 5061 5059
f 5056 5059 5055
f 5055 5099 5093
f 5093 5099 5125
f 5049 5055 5093
f 5093 5125 5123
f 5123 5085 5093
f 5123 5125 5149
f 5117 5123 5139
f 5139 5123 5147
f 5149 5147 5123
f 5148 5124 5146
f 5122 5146 5124
f 5124 5148 5150
f 5124 5150 5126
f 5058 5054 5098
f 5126 5102 5098
f 5098 5092 5124
f 5058 5098 5102
f 5124 5126 5098
f 5064 5062 5063
f 5064 5057 5058
f 5063 5057 5064
f 5165 5167 5182
f 5200 5198 5182
f 5139 5147 5165
f 5165 5147 5149
f 5162 5140 5139
f 5162 5161 5179
f 5179 5161 5178
f 5184 5200 5182
f 5149 5167 5184
f 5165 5149 5167
f 5167 5149 5182
f 5182 5149 5184
f 5230 5227 5211
f 5215 5230 5211
f 5215 5211 5195
f 5195 5179 5198
f 5195 5198 5215
f 5215 5198 5214
f 5162 5139 5161
f 5161 5139 5165
f 5161 5165 5178
f 5178 5165 5182
f 5178 5182 5179
f 5179 5182 5198
f 5214 5198 5200
f 5214 5200 5218
f 5211 5210 5227
f 5222 5223 5207
f 5251 5247 5246
f 5251 5246 5250
f 5244 5248 5245
f 5245 5248 5249
f 5226 5227 5210
f 5228 5225 5237
f 5228 5237 5241
f 5212 5209 5225
f 5228 5212 5225
f 5223 5235 5236
f 5236 5224 5223
f 5207 5223 5224
f 5234 5222 5233
f 5233 5222 5221
f 5222 5234 5223
f 5223 5234 5235
f 5206 5222 5207
f 5205 5221 5206
f 5206 5221 5222
f 5239 5232 5238
f 5238 5232 5220
f 5238 5220 5227
f 5245 5249 5246
f 5246 5249 5250
f 5241 5237 5240
f 5240 5237 5236
f 5240 5236 5246
f 5246 5236 5235
f 5246 5235 5243
f 5246 5243 5245
f 5245 5243 5242
f 5245 5242 5234
f 5245 5234 5239
f 5239 5234 5233
f 5239 5233 5232
f 5225 5224 5236
f 5233 5221 5220
f 5237 5225 5236
f 5243 5235 5242
f 5242 5235 5234
f 5232 5233 5220
f 5247 5240 5246
f 5244 5245 5239
f 5227 5220 5211
f 5211 5220 5204
f 5224 5208 5207
f 5209 5208 5225
f 5225 5208 5224
f 5220 5221 5204
f 5204 5221 5205
f 5189 5173 5172
f 5192 5176 5175
f 5023 5019 5005
f 5022 5026 5008
f 5123 5117 5085
f 5077 5030 5029
f 5077 5029 5037
f 5069 5070 5030
f 5035 5075 5076
f 5035 5076 5036
f 5076 5042 5036
f 5010 5011 4995
f 4995 5011 4996
f 4996 5011 5012
f 4996 5012 5002
f 5002 5012 5016
f 5002 5016 5003
f 5003 5016 5017
f 5010 5027 5011
f 5011 5027 5028
f 5011 5028 5034
f 5011 5034 5016
f 5016 5034 5035
f 5016 5035 5017
f 5028 5033 5034
f 5022 5008 5018
f 5018 5008 5004
f 5018 5004 5017
f 5017 5004 5003
f 5048 5026 5022
f 5042 5048 5022
f 5067 5073 5068
f 5113 5073 5112
f 5112 5073 5067
f 5033 5073 5034
f 5034 5073 5074
f 5034 5074 5035
f 5035 5074 5075
f 5042 5084 5048
f 5048 5084 5092
f 5124 5092 5122
f 5084 5042 5076
f 5084 5122 5092
f 5073 5113 5074
f 5074 5113 5114
f 5074 5114 5075
f 5075 5114 5115
f 5075 5115 5116
f 5075 5116 5076
f 5076 5116 5084
f 5084 5116 5122
f 5181 5164 5177
f 5177 5164 5160
f 5177 5160 5159
f 5177 5159 5176
f 5176 5159 5158
f 5213 5197 5212
f 5212 5197 5196
f 5212 5196 5209
f 5209 5196 5193
f 5209 5193 5208
f 5208 5193 5192
f 5176 5192 5177
f 5177 5192 5193
f 5177 5193 5181
f 5181 5193 5196
f 5181 5196 5197
f 5155 5133 5154
f 5154 5133 5132
f 5154 5132 5153
f 5153 5132 5131
f 5153 5131 5161
f 5161 5131 5139
f 5164 5146 5160
f 5160 5146 5138
f 5160 5138 5159
f 5159 5138 5137
f 5159 5137 5158
f 5158 5137 5136
f 5158 5136 5157
f 5157 5136 5135
f 5157 5135 5156
f 5156 5135 5134
f 5156 5134 5155
f 5155 5134 5133
f 5205 5189 5204
f 5204 5189 5188
f 5204 5188 5211
f 5211 5188 5195
f 5178 5194 5195
f 5178 5195 5171
f 5171 5195 5188
f 5171 5188 5172
f 5172 5188 5189
f 5207 5191 5206
f 5206 5191 5190
f 5206 5190 5205
f 5205 5190 5189
f 5207 5208 5192
f 5207 5192 5191
f 5191 5192 5175
f 5191 5175 5190
f 5190 5175 5174
f 5190 5174 5173
f 5190 5173 5189
f 5173 5155 5172
f 5172 5155 5154
f 5172 5154 5171
f 5171 5154 5153
f 5171 5153 5178
f 5178 5153 5161
f 5023 5043 5037
f 5037 5019 5023
f 5005 5019 4997
f 4997 5019 5013
f 4997 5013 4998
f 4998 5013 5014
f 5077 5037 5085
f 5085 5037 5043
f 5069 5030 5077
f 4999 4998 5014
f 4999 5014 5015
f 5015 5014 5030
f 5015 5030 5031
f 4995 4994 5010
f 5031 5027 5010
f 5031 5010 5009
f 5009 5010 4993
f 4994 4993 5010
f 5012 5011 5016
f 5070 5031 5030
f 5110 5070 5109
f 5109 5070 5069
f 5109 5069 5117
f 5117 5069 5077
f 5117 5077 5085
f 5069 5070 5077
f 4999 5015 5009
f 5031 5070 5071
f 5071 5070 5110
f 5071 5110 5111
f 5071 5111 5072
f 5111 5112 5072
f 5072 5112 5067
f 5067 5068 5028
f 5028 5027 5067
f 5067 5027 5072
f 5072 5027 5032
f 5072 5032 5071
f 5068 5073 5033
f 5068 5033 5028
f 5032 5027 5031
f 5032 5031 5071
f 5176 5158 5175
f 5175 5158 5157
f 5175 5157 5174
f 5174 5157 5156
f 5174 5156 5173
f 5173 5156 5155
f 5133 5111 5132
f 5132 5111 5110
f 5132 5110 5131
f 5131 5110 5109
f 5131 5109 5139
f 5139 5109 5117
f 5146 5122 5138
f 5138 5122 5116
f 5138 5116 5137
f 5137 5116 5115
f 5137 5115 5136
f 5136 5115 5114
f 5031 5009 5015
f 5009 4993 4999
f 5148 5146 5164
f 5148 5166 5168
f 5148 5168 5150
f 5219 5201 5199
f 5219 5199 5217
f 5163 5180 5164
f 5180 5181 5164
f 5164 5166 5148
f 5212 5228 5216
f 5212 5216 5196
f 5196 5216 5199
f 5196 5199 5180
f 5180 5199 5181
f 5181 5199 5183
f 5181 5183 5164
f 5164 5183 5166
f 5183 5199 5201
f 5183 5201 5185
f 5185 5168 5183
f 5183 5168 5166
f 5217 5199 5216
f 5231 5216 5228
f 5062 5064 5061
f 5059 5061 5064
f 5104 5129 5103
f 5059 5065 5104
f 5104 5065 5107
f 5103 5059 5104
f 5055 5059 5099
f 5099 5127 5125
f 5127 5149 5125
f 5169 5186 5184
f 5184 5186 5202
f 5184 5202 5200
f 5169 5184 5167
f 5167 5149 5169
f 5129 5151 5127
f 5129 5127 5103
f 5103 5127 5099
f 5103 5099 5059
f 5127 5151 5149
f 5149 5151 5169
f 5106 5102 5128
f 5128 5126 5150
f 5102 5058 5128
f 5128 5102 5126
f 5106 5064 5102
f 5066 5064 5106
f 5106 5105 5066
f 5066 5105 5108
f 5168 5185 5170
f 5168 5170 5150
f 5201 5203 5185
f 5185 5203 5187
f 5185 5187 5170
f 5130 5106 5128
f 5130 5128 5152
f 5150 5170 5152
f 5150 5152 5128
f 5058 5102 5064
f 5059 5064 5066
f 5108 5065 5059
f 5108 5059 5066
f 5108 5107 5065
f 5259 5389 5381
f 5286 5259 5381
f 5381 5380 5286
f 5380 5285 5286
f 5389 5259 5388
f 5388 5259 5258
f 5254 5384 5256
f 5256 5384 5386
f 5256 5386 5257
f 5257 5386 5387
f 5257 5387 5258
f 5258 5387 5388
f 5268 5294 5289
f 5268 5289 5310
f 5268 5310 5324
f 5268 5342 5358
f 5268 5263 5294
f 5324 5337 5268
f 5268 5337 5342
f 5268 5358 5363
f 5382 5252 5253
f 5253 5383 5382
f 5383 5253 5272
f 5383 5272 5367
f 5367 5272 5267
f 5367 5267 5362
f 5362 5267 5268
f 5362 5268 5363
f 5252 5382 5255
f 5255 5382 5385
f 5255 5385 5384
f 5255 5384 5254
f 5306 5285 5380
f 5380 5354 5306
f 5354 5305 5306
f 5305 5354 5353
f 5305 5334 5320
f 5305 5353 5334
f 5349 5331 5350
f 5354 5334 5353
f 5333 5319 5320
f 5320 5334 5333
f 5350 5351 5374
f 5349 5350 5371
f 5371 5350 5374
f 5348 5349 5368
f 5368 5349 5371
f 5368 5371 5369
f 5369 5371 5372
f 5332 5351 5350
f 5350 5331 5332
f 5349 5348 5331
f 5318 5332 5331
f 5359 5345 5344
f 5344 5345 5339
f 5338 5344 5339
f 5340 5335 5322
f 5340 5322 5339
f 5339 5322 5326
f 5329 5316 5330
f 5330 5316 5317
f 5329 5315 5316
f 5314 5327 5328
f 5314 5313 5327
f 5327 5313 5315
f 5327 5315 5329
f 5322 5321 5326
f 5328 5344 5325
f 5325 5344 5338
f 5326 5312 5311
f 5325 5326 5311
f 5312 5326 5307
f 5307 5326 5321
f 5307 5321 5308
f 5308 5321 5322
f 5325 5311 5328
f 5328 5311 5314
f 5384 5385 5366
f 5366 5385 5382
f 5327 5343 5346
f 5369 5348 5368
f 5370 5365 5364
f 5328 5327 5343
f 5346 5348 5347
f 5347 5348 5369
f 5347 5369 5364
f 5365 5360 5359
f 5359 5360 5345
f 5345 5360 5339
f 5361 5360 5365
f 5361 5365 5366
f 5364 5365 5359
f 5344 5347 5359
f 5359 5347 5364
f 5361 5356 5355
f 5355 5356 5339
f 5360 5361 5355
f 5355 5339 5360
f 5340 5339 5356
f 5346 5347 5344
f 5326 5325 5338
f 5326 5338 5339
f 5366 5365 5384
f 5384 5365 5370
f 5384 5370 5386
f 5386 5370 5373
f 5389 5388 5377
f 5377 5388 5375
f 5351 5352 5376
f 5376 5352 5378
f 5376 5378 5377
f 5377 5378 5379
f 5318 5319 5332
f 5332 5319 5333
f 5333 5334 5352
f 5352 5334 5354
f 5352 5354 5378
f 5378 5354 5380
f 5378 5380 5379
f 5379 5380 5381
f 5388 5387 5375
f 5375 5387 5373
f 5375 5373 5372
f 5372 5373 5369
f 5375 5376 5377
f 5372 5376 5375
f 5387 5386 5373
f 5373 5370 5369
f 5369 5370 5364
f 5346 5344 5343
f 5343 5344 5328
f 5331 5330 5317
f 5331 5317 5318
f 5381 5389 5379
f 5379 5389 5377
f 5372 5371 5376
f 5376 5371 5374
f 5376 5374 5351
f 5352 5351 5333
f 5333 5351 5332
f 5330 5331 5348
f 5330 5348 5329
f 5329 5348 5346
f 5329 5346 5327
f 5336 5342 5337
f 5336 5337 5323
f 5323 5337 5324
f 5342 5336 5341
f 5357 5358 5341
f 5342 5341 5358
f 5382 5383 5366
f 5366 5383 5367
f 5340 5356 5357
f 5335 5336 5322
f 5323 5322 5336
f 5336 5335 5341
f 5341 5335 5340
f 5367 5362 5361
f 5367 5361 5366
f 5361 5362 5356
f 5362 5363 5357
f 5363 5358 5357
f 5357 5341 5340
f 5323 5322 5309
f 5357 5356 5362
f 5252 5255 5254
f 5306 5305 5320
f 5303 5304 5318
f 5304 5319 5318
f 5302 5301 5279
f 5279 5301 5276
f 5301 5300 5276
f 5276 5300 5273
f 5276 5273 5274
f 5276 5274 5277
f 5265 5297 5291
f 5273 5300 5274
f 5300 5298 5274
f 5274 5298 5299
f 5274 5299 5269
f 5290 5291 5296
f 5296 5291 5297
f 5296 5297 5264
f 5264 5297 5265
f 5315 5298 5316
f 5316 5298 5300
f 5316 5300 5301
f 5317 5316 5301
f 5317 5301 5302
f 5318 5317 5302
f 5318 5302 5303
f 5295 5298 5315
f 5295 5315 5313
f 5296 5295 5313
f 5296 5313 5314
f 5296 5299 5298
f 5296 5298 5295
f 5291 5290 5311
f 5291 5311 5312
f 5266 5271 5270
f 5270 5271 5275
f 5312 5307 5291
f 5265 5266 5270
f 5261 5291 5292
f 5287 5292 5291
f 5287 5291 5308
f 5307 5308 5312
f 5312 5308 5291
f 5291 5260 5265
f 5275 5254 5278
f 5278 5254 5256
f 5278 5256 5280
f 5280 5256 5257
f 5280 5257 5282
f 5282 5257 5258
f 5282 5258 5259
f 5282 5259 5284
f 5284 5259 5286
f 5304 5303 5283
f 5283 5303 5281
f 5283 5281 5282
f 5283 5282 5284
f 5320 5319 5304
f 5320 5304 5306
f 5306 5304 5283
f 5306 5283 5285
f 5285 5283 5284
f 5285 5284 5286
f 5264 5265 5269
f 5269 5265 5270
f 5278 5277 5275
f 5269 5299 5296
f 5290 5296 5314
f 5290 5314 5311
f 5264 5269 5296
f 5282 5281 5280
f 5280 5281 5277
f 5303 5302 5279
f 5303 5279 5281
f 5281 5279 5276
f 5281 5276 5277
f 5260 5291 5261
f 5260 5261 5266
f 5260 5266 5265
f 5269 5270 5274
f 5274 5270 5275
f 5278 5280 5277
f 5271 5252 5254
f 5271 5254 5275
f 5274 5275 5277
f 5253 5252 5271
f 5294 5263 5262
f 5294 5262 5293
f 5309 5289 5288
f 5288 5289 5294
f 5288 5294 5293
f 5309 5310 5289
f 5323 5324 5310
f 5310 5309 5323
f 5268 5267 5263
f 5263 5267 5262
f 5272 5253 5271
f 5272 5271 5267
f 5267 5271 5266
f 5322 5323 5308
f 5308 5323 5309
f 5288 5308 5309
f 5288 5293 5292
f 5288 5292 5287
f 5288 5287 5308
f 5266 5261 5267
f 5267 5261 5262
f 5261 5292 5293
f 5262 5261 5293
f 5694 5693 5647
f 5787 5844 5786
f 5747 5815 5758
f 5778 5777 5784
f 5414 5403 5415
f 5400 5411 5423
f 5616 5593 5594
f 5616 5594 5617
f 5593 5571 5594
f 5594 5571 5572
f 5546 5547 5569
f 5569 5547 5570
f 5545 5546 5557
f 5514 5515 5556
f 5514 5492 5493
f 5493 5515 5514
f 5452 5464 5463
f 5398 5410 5397
f 5397 5410 5396
f 5396 5410 5409
f 5396 5409 5408
f 5396 5408 5395
f 5395 5408 5407
f 5395 5407 5394
f 5394 5407 5406
f 5394 5406 5393
f 5393 5406 5405
f 5393 5405 5392
f 5390 5391 5403
f 5403 5391 5404
f 5404 5391 5392
f 5392 5405 5404
f 5404 5405 5415
f 5404 5415 5403
f 5500 5475 5501
f 5565 5541 5566
f 5805 5806 5794
f 5837 5836 5843
f 5837 5828 5836
f 5836 5828 5827
f 5839 5829 5838
f 5835 5781 5774
f 5782 5775 5781
f 5774 5781 5775
f 5732 5779 5736
f 5733 5737 5738
f 5616 5617 5642
f 5616 5642 5641
f 5835 5834 5780
f 5835 5780 5781
f 5777 5776 5784
f 5784 5776 5783
f 5784 5783 5739
f 5739 5783 5792
f 5739 5792 5743
f 5743 5792 5742
f 5743 5742 5747
f 5814 5825 5826
f 5826 5825 5758
f 5758 5815 5826
f 5826 5815 5814
f 5815 5802 5814
f 5815 5816 5804
f 5792 5804 5742
f 5742 5804 5816
f 5742 5816 5747
f 5749 5748 5760
f 5747 5759 5748
f 5744 5745 5741
f 5744 5741 5740
f 5740 5741 5736
f 5736 5741 5737
f 5736 5737 5732
f 5732 5737 5733
f 5779 5778 5736
f 5736 5778 5785
f 5759 5760 5748
f 5748 5749 5743
f 5743 5749 5744
f 5743 5744 5739
f 5739 5744 5740
f 5739 5740 5735
f 5735 5740 5736
f 5735 5736 5784
f 5784 5736 5785
f 5784 5785 5778
f 5772 5771 5723
f 5723 5771 5722
f 5747 5816 5815
f 5814 5813 5825
f 5825 5813 5824
f 5825 5824 5757
f 5757 5824 5770
f 5770 5824 5769
f 5770 5769 5721
f 5721 5769 5720
f 5721 5720 5683
f 5695 5694 5649
f 5649 5694 5648
f 5649 5648 5625
f 5650 5695 5649
f 5650 5649 5626
f 5626 5649 5625
f 5626 5625 5603
f 5761 5760 5773
f 5773 5760 5759
f 5773 5759 5772
f 5772 5759 5758
f 5772 5758 5771
f 5760 5761 5749
f 5749 5761 5750
f 5749 5750 5744
f 5761 5710 5762
f 5761 5762 5750
f 5750 5762 5751
f 5750 5751 5744
f 5744 5751 5745
f 5727 5728 5711
f 5688 5728 5727
f 5688 5689 5728
f 5725 5686 5688
f 5725 5688 5726
f 5726 5688 5727
f 5711 5710 5727
f 5727 5710 5726
f 5726 5773 5724
f 5726 5724 5725
f 5725 5724 5686
f 5624 5601 5602
f 5580 5602 5601
f 5511 5512 5519
f 5519 5512 5520
f 5519 5520 5553
f 5553 5520 5554
f 5553 5554 5579
f 5579 5554 5580
f 5491 5513 5490
f 5582 5581 5556
f 5581 5582 5603
f 5603 5582 5604
f 5603 5604 5626
f 5626 5604 5627
f 5626 5627 5650
f 5650 5627 5651
f 5650 5651 5638
f 5650 5638 5686
f 5491 5492 5513
f 5513 5492 5514
f 5513 5514 5521
f 5521 5514 5555
f 5555 5514 5556
f 5555 5556 5581
f 5556 5515 5545
f 5556 5545 5557
f 5556 5557 5582
f 5582 5557 5583
f 5582 5583 5604
f 5604 5583 5605
f 5604 5605 5627
f 5627 5605 5628
f 5627 5628 5651
f 5651 5628 5614
f 5651 5614 5638
f 5638 5614 5639
f 5638 5639 5686
f 5686 5639 5688
f 5423 5411 5437
f 5423 5437 5436
f 5436 5437 5449
f 5449 5437 5450
f 5449 5448 5436
f 5436 5448 5435
f 5436 5435 5423
f 5423 5435 5422
f 5400 5401 5411
f 5437 5411 5424
f 5462 5461 5450
f 5462 5450 5463
f 5463 5450 5451
f 5401 5402 5412
f 5412 5402 5413
f 5412 5413 5425
f 5425 5413 5426
f 5425 5426 5438
f 5438 5426 5439
f 5438 5439 5452
f 5451 5438 5452
f 5557 5546 5583
f 5583 5546 5569
f 5583 5569 5605
f 5605 5569 5592
f 5605 5592 5628
f 5628 5592 5615
f 5628 5615 5614
f 5614 5615 5639
f 5639 5615 5640
f 5639 5640 5688
f 5569 5570 5571
f 5569 5571 5592
f 5592 5571 5593
f 5592 5593 5615
f 5615 5593 5616
f 5615 5616 5640
f 5640 5616 5641
f 5640 5641 5688
f 5688 5641 5642
f 5688 5642 5689
f 5637 5636 5613
f 5613 5636 5612
f 5613 5612 5590
f 5566 5590 5589
f 5566 5589 5565
f 5566 5542 5567
f 5566 5567 5591
f 5591 5567 5596
f 5591 5596 5619
f 5483 5501 5476
f 5476 5501 5475
f 5544 5543 5506
f 5544 5506 5507
f 5550 5549 5516
f 5577 5578 5600
f 5623 5600 5624
f 5600 5578 5601
f 5600 5601 5624
f 5580 5601 5579
f 5568 5543 5544
f 5549 5544 5507
f 5549 5507 5516
f 5516 5507 5508
f 5508 5509 5516
f 5516 5509 5517
f 5516 5517 5550
f 5550 5517 5551
f 5550 5551 5577
f 5599 5577 5600
f 5599 5600 5623
f 5483 5476 5477
f 5483 5477 5484
f 5484 5477 5478
f 5484 5478 5485
f 5485 5478 5479
f 5485 5479 5480
f 5506 5505 5484
f 5506 5484 5485
f 5504 5500 5501
f 5504 5501 5505
f 5505 5501 5483
f 5505 5483 5484
f 5486 5485 5480
f 5486 5480 5487
f 5509 5510 5518
f 5509 5518 5517
f 5517 5518 5551
f 5551 5518 5552
f 5551 5552 5577
f 5577 5552 5578
f 5578 5579 5601
f 5541 5536 5500
f 5541 5500 5542
f 5542 5500 5504
f 5542 5504 5505
f 5507 5506 5485
f 5507 5485 5486
f 5493 5492 5469
f 5469 5492 5491
f 5469 5491 5468
f 5468 5491 5490
f 5468 5490 5467
f 5467 5490 5489
f 5467 5489 5466
f 5466 5489 5488
f 5490 5512 5489
f 5489 5512 5511
f 5489 5511 5488
f 5479 5457 5480
f 5480 5457 5458
f 5480 5458 5487
f 5487 5458 5465
f 5487 5465 5488
f 5488 5465 5466
f 5469 5470 5493
f 5508 5487 5509
f 5509 5487 5488
f 5509 5488 5510
f 5510 5488 5511
f 5510 5511 5518
f 5518 5511 5519
f 5518 5519 5552
f 5552 5519 5553
f 5552 5553 5578
f 5578 5553 5579
f 5453 5440 5441
f 5453 5441 5454
f 5475 5440 5476
f 5476 5440 5453
f 5476 5453 5477
f 5477 5453 5454
f 5477 5454 5455
f 5443 5429 5430
f 5478 5477 5455
f 5478 5455 5456
f 5479 5478 5456
f 5479 5456 5457
f 5427 5441 5440
f 5443 5444 5456
f 5456 5444 5445
f 5456 5445 5457
f 5457 5445 5446
f 5457 5446 5458
f 5463 5451 5452
f 5458 5447 5459
f 5459 5447 5460
f 5441 5429 5442
f 5442 5429 5443
f 5434 5447 5446
f 5434 5446 5433
f 5433 5446 5445
f 5433 5445 5432
f 5432 5445 5444
f 5432 5444 5431
f 5431 5444 5443
f 5431 5443 5430
f 5441 5442 5454
f 5454 5442 5443
f 5454 5443 5455
f 5455 5443 5456
f 5458 5446 5447
f 5449 5460 5448
f 5448 5460 5447
f 5448 5447 5435
f 5435 5447 5434
f 5435 5434 5422
f 5410 5421 5409
f 5409 5421 5420
f 5409 5420 5408
f 5408 5420 5419
f 5408 5419 5407
f 5407 5419 5418
f 5407 5418 5406
f 5406 5418 5417
f 5406 5417 5405
f 5405 5417 5416
f 5405 5416 5415
f 5427 5414 5428
f 5428 5414 5415
f 5428 5415 5429
f 5429 5415 5416
f 5429 5416 5430
f 5430 5416 5417
f 5430 5417 5431
f 5431 5417 5418
f 5431 5418 5432
f 5432 5418 5419
f 5432 5419 5433
f 5433 5419 5420
f 5433 5420 5421
f 5421 5410 5422
f 5422 5410 5398
f 5422 5398 5399
f 5441 5427 5428
f 5441 5428 5429
f 5434 5433 5421
f 5434 5421 5422
f 5423 5422 5399
f 5423 5399 5400
f 5411 5401 5412
f 5411 5412 5424
f 5424 5412 5425
f 5424 5425 5437
f 5437 5425 5438
f 5437 5438 5450
f 5450 5438 5451
f 5449 5450 5461
f 5449 5461 5460
f 5458 5459 5465
f 5465 5459 5460
f 5465 5460 5466
f 5466 5460 5461
f 5466 5461 5467
f 5467 5461 5462
f 5467 5462 5468
f 5468 5462 5463
f 5468 5463 5469
f 5469 5463 5464
f 5469 5464 5470
f 5794 5793 5805
f 5806 5807 5794
f 5794 5807 5795
f 5794 5795 5844
f 5844 5795 5845
f 5844 5837 5843
f 5844 5843 5786
f 5844 5838 5837
f 5837 5838 5829
f 5837 5829 5828
f 5846 5851 5847
f 5847 5851 5797
f 5805 5746 5753
f 5805 5753 5806
f 5807 5808 5795
f 5795 5808 5796
f 5635 5634 5611
f 5635 5679 5678
f 5635 5678 5634
f 5706 5678 5712
f 5712 5678 5679
f 5714 5679 5680
f 5714 5680 5715
f 5713 5712 5679
f 5713 5679 5714
f 5690 5681 5644
f 5644 5681 5643
f 5644 5643 5620
f 5620 5643 5619
f 5620 5619 5596
f 5568 5596 5567
f 5568 5567 5543
f 5543 5567 5542
f 5636 5635 5612
f 5831 5840 5841
f 5841 5840 5848
f 5848 5852 5853
f 5853 5852 5799
f 5811 5799 5798
f 5798 5799 5852
f 5798 5852 5848
f 5847 5848 5840
f 5840 5831 5830
f 5822 5811 5810
f 5809 5810 5797
f 5809 5797 5808
f 5808 5797 5796
f 5796 5797 5851
f 5796 5851 5795
f 5795 5851 5846
f 5795 5846 5845
f 5853 5849 5848
f 5848 5849 5841
f 5841 5832 5831
f 5780 5790 5781
f 5781 5790 5791
f 5832 5841 5833
f 5833 5841 5849
f 5833 5849 5842
f 5833 5842 5834
f 5834 5842 5780
f 5781 5791 5782
f 5789 5788 5800
f 5800 5788 5850
f 5800 5812 5801
f 5800 5801 5789
f 5802 5801 5813
f 5812 5813 5801
f 5789 5801 5802
f 5776 5775 5783
f 5783 5775 5782
f 5783 5782 5792
f 5792 5782 5791
f 5792 5791 5803
f 5803 5791 5790
f 5803 5790 5802
f 5802 5790 5780
f 5802 5780 5789
f 5789 5780 5842
f 5789 5842 5788
f 5788 5842 5850
f 5850 5842 5849
f 5850 5849 5800
f 5800 5849 5853
f 5800 5853 5812
f 5812 5853 5799
f 5812 5799 5811
f 5812 5811 5823
f 5822 5823 5811
f 5810 5798 5797
f 5797 5798 5847
f 5846 5847 5839
f 5846 5839 5838
f 5846 5838 5845
f 5845 5838 5844
f 5844 5787 5794
f 5794 5787 5786
f 5794 5786 5793
f 5810 5821 5822
f 5823 5822 5768
f 5766 5767 5821
f 5754 5819 5818
f 5754 5818 5753
f 5753 5818 5817
f 5767 5768 5822
f 5820 5821 5809
f 5820 5809 5819
f 5819 5809 5808
f 5681 5715 5680
f 5680 5679 5635
f 5729 5717 5716
f 5729 5716 5682
f 5682 5716 5715
f 5682 5715 5681
f 5681 5680 5636
f 5636 5680 5635
f 5612 5635 5611
f 5612 5611 5590
f 5590 5611 5589
f 5691 5690 5645
f 5645 5690 5644
f 5645 5644 5621
f 5621 5644 5620
f 5621 5620 5597
f 5575 5597 5574
f 5636 5637 5681
f 5682 5690 5691
f 5682 5691 5729
f 5729 5691 5692
f 5752 5706 5753
f 5753 5706 5713
f 5753 5713 5763
f 5763 5713 5714
f 5763 5714 5764
f 5766 5717 5718
f 5706 5712 5713
f 5717 5729 5730
f 5730 5729 5692
f 5575 5576 5598
f 5621 5598 5622
f 5621 5622 5645
f 5645 5622 5646
f 5645 5646 5691
f 5691 5646 5692
f 5598 5621 5597
f 5598 5597 5575
f 5756 5755 5765
f 5756 5765 5820
f 5820 5765 5766
f 5767 5718 5719
f 5810 5811 5798
f 5798 5848 5847
f 5847 5840 5839
f 5839 5840 5830
f 5839 5830 5829
f 5767 5822 5821
f 5819 5808 5818
f 5818 5808 5807
f 5818 5807 5817
f 5753 5817 5806
f 5806 5817 5807
f 5810 5809 5821
f 5746 5752 5753
f 5819 5754 5755
f 5819 5755 5820
f 5820 5755 5756
f 5821 5820 5766
f 5768 5767 5719
f 5754 5753 5763
f 5754 5763 5755
f 5755 5763 5764
f 5755 5764 5765
f 5767 5766 5718
f 5730 5693 5731
f 5731 5693 5694
f 5731 5694 5720
f 5720 5694 5683
f 5647 5648 5694
f 5695 5650 5684
f 5684 5650 5686
f 5684 5686 5722
f 5722 5686 5723
f 5723 5686 5724
f 5723 5724 5772
f 5772 5724 5773
f 5773 5726 5761
f 5761 5726 5710
f 5735 5784 5739
f 5748 5743 5747
f 5759 5747 5758
f 5758 5825 5757
f 5758 5757 5771
f 5771 5757 5770
f 5771 5770 5722
f 5722 5770 5721
f 5722 5721 5684
f 5684 5721 5683
f 5684 5683 5695
f 5695 5683 5694
f 5598 5576 5599
f 5598 5599 5622
f 5718 5730 5731
f 5718 5731 5719
f 5719 5731 5720
f 5719 5720 5768
f 5768 5720 5769
f 5768 5769 5823
f 5823 5769 5824
f 5823 5824 5812
f 5812 5824 5813
f 5813 5814 5802
f 5802 5815 5803
f 5803 5815 5804
f 5803 5804 5792
f 5597 5620 5596
f 5597 5596 5574
f 5574 5596 5568
f 5574 5568 5544
f 5574 5544 5575
f 5575 5544 5549
f 5575 5549 5576
f 5576 5549 5550
f 5576 5550 5577
f 5576 5577 5599
f 5622 5599 5623
f 5622 5623 5646
f 5646 5623 5647
f 5646 5647 5692
f 5764 5714 5715
f 5764 5715 5765
f 5765 5715 5716
f 5765 5716 5766
f 5766 5716 5717
f 5718 5717 5730
f 5730 5692 5693
f 5693 5692 5647
f 5647 5623 5648
f 5648 5623 5624
f 5648 5624 5625
f 5625 5624 5602
f 5625 5602 5603
f 5603 5602 5581
f 5581 5602 5580
f 5581 5580 5555
f 5555 5580 5554
f 5555 5554 5521
f 5521 5554 5520
f 5521 5520 5513
f 5513 5520 5512
f 5513 5512 5490
f 5486 5487 5508
f 5486 5508 5507
f 5505 5506 5543
f 5505 5543 5542
f 5541 5542 5566
f 5590 5566 5591
f 5590 5591 5613
f 5613 5591 5619
f 5613 5619 5637
f 5637 5619 5643
f 5637 5643 5681
f 5681 5690 5682
f 5689 5594 5728
f 5728 5594 5711
f 5711 5594 5587
f 5711 5587 5563
f 5762 5710 5751
f 5751 5710 5705
f 5702 5737 5741
f 5741 5745 5702
f 5702 5745 5705
f 5705 5745 5751
f 5737 5702 5703
f 5737 5703 5738
f 5697 5775 5776
f 5391 5828 5392
f 5733 5698 5732
f 5732 5698 5697
f 5732 5697 5779
f 5697 5776 5777
f 5777 5778 5697
f 5697 5778 5779
f 5393 5829 5830
f 5393 5830 5394
f 5394 5830 5831
f 5392 5828 5829
f 5392 5829 5393
f 5394 5831 5832
f 5394 5832 5395
f 5395 5832 5833
f 5395 5833 5396
f 5774 5775 5398
f 5398 5775 5399
f 5399 5775 5400
f 5398 5397 5774
f 5774 5397 5835
f 5835 5397 5396
f 5396 5833 5834
f 5396 5834 5835
f 5400 5775 5401
f 5697 5402 5775
f 5775 5402 5401
f 5594 5642 5617
f 5594 5689 5642
f 5827 5390 5836
f 5836 5390 5403
f 5827 5828 5391
f 5827 5391 5390
f 5565 5589 5403
f 5500 5536 5403
f 5403 5536 5541
f 5403 5589 5611
f 5403 5611 5836
f 5403 5541 5565
f 5611 5634 5836
f 5836 5634 5678
f 5403 5414 5500
f 5500 5414 5427
f 5786 5843 5678
f 5678 5843 5836
f 5500 5427 5440
f 5475 5500 5440
f 5678 5793 5786
f 5805 5678 5746
f 5678 5805 5793
f 5678 5706 5746
f 5746 5706 5752
f 5537 5503 5708
f 5708 5503 5482
f 5708 5538 5537
f 5562 5561 5708
f 5708 5561 5538
f 5711 5563 5708
f 5708 5563 5562
f 5426 5413 5700
f 5482 5464 5452
f 5700 5708 5482
f 5452 5700 5482
f 5452 5439 5700
f 5700 5439 5426
f 5493 5470 5482
f 5482 5470 5464
f 5402 5697 5700
f 5402 5700 5413
f 5703 5702 5697
f 5697 5702 5700
f 5700 5702 5708
f 5708 5702 5705
f 5708 5705 5710
f 5703 5697 5698
f 5708 5710 5711
f 5698 5733 5703
f 5703 5733 5738
f 5572 5563 5594
f 5594 5563 5587
f 5572 5562 5563
f 5493 5482 5503
f 5493 5503 5515
f 5515 5503 5537
f 5538 5546 5537
f 5537 5546 5545
f 5537 5545 5515
f 5561 5547 5538
f 5538 5547 5546
f 5562 5571 5561
f 5561 5571 5570
f 5561 5570 5547
f 5572 5571 5562
f 5685 5707 5671
f 5671 5707 5759
f 5664 5498 5671
f 5671 5498 5502
f 5671 5502 5514
f 5671 5514 5685
f 5514 5686 5685
f 5686 5514 5515
f 5687 5686 5573
f 5515 5545 5686
f 5573 5618 5617
f 5573 5617 5687
f 5686 5548 5573
f 5686 5545 5546
f 5686 5546 5548
f 5573 5595 5618
f 5665 5672 5666
f 5666 5672 5673
f 5664 5671 5672
f 5664 5672 5665
f 5498 5499 5502
f 5502 5499 5503
f 5666 5704 5709
f 5709 5666 5673
f 5533 5538 5532
f 5532 5538 5537
f 5532 5537 5499
f 5499 5537 5503
f 5538 5533 5539
f 5539 5533 5534
f 5586 5588 5564
f 5586 5564 5560
f 5560 5564 5540
f 5560 5540 5535
f 5535 5540 5539
f 5535 5539 5534
f 5588 5586 5633
f 5633 5586 5632
f 5669 5676 5677
f 5669 5677 5670
f 5670 5677 5633
f 5670 5633 5632
f 5676 5669 5675
f 5675 5669 5668
f 5675 5668 5674
f 5674 5668 5667
f 5674 5667 5709
f 5709 5667 5704
f 5632 5586 5533
f 5668 5669 5533
f 5586 5534 5533
f 5667 5533 5704
f 5533 5667 5668
f 5533 5665 5666
f 5665 5498 5664
f 5498 5665 5499
f 5533 5669 5670
f 5533 5670 5632
f 5586 5560 5535
f 5586 5535 5534
f 5532 5665 5533
f 5532 5499 5665
f 5704 5666 5533
f 5633 5610 5588
f 5633 5677 5676
f 5676 5675 5633
f 5633 5675 5610
f 5610 5675 5674
f 5707 5685 5686
f 5707 5686 5672
f 5672 5686 5708
f 5708 5686 5687
f 5708 5687 5709
f 5709 5687 5725
f 5503 5515 5502
f 5502 5515 5514
f 5687 5617 5709
f 5709 5617 5610
f 5548 5539 5540
f 5548 5540 5573
f 5573 5540 5564
f 5573 5564 5588
f 5573 5588 5595
f 5595 5588 5610
f 5595 5610 5618
f 5618 5610 5617
f 5539 5548 5538
f 5538 5548 5546
f 5538 5546 5545
f 5538 5545 5537
f 5537 5545 5503
f 5503 5545 5515
f 5482 5503 5502
f 5482 5502 5481
f 5759 5707 5760
f 5760 5707 5672
f 5760 5672 5708
f 5674 5709 5610
f 5708 5709 5673
f 5708 5673 5760
f 5759 5672 5671
f 5760 5673 5759
f 5673 5672 5759
f 5471 5473 5494
f 5494 5473 5496
f 5494 5496 5657
f 5734 5699 5657
f 5657 5699 5696
f 5657 5696 5652
f 5652 5494 5657
f 5523 5522 5652
f 5522 5494 5652
f 5494 5522 5495
f 5523 5652 5654
f 5523 5654 5655
f 5523 5655 5606
f 5523 5606 5525
f 5606 5607 5525
f 5525 5607 5584
f 5525 5584 5558
f 5559 5585 5530
f 5530 5585 5528
f 5661 5660 5585
f 5662 5661 5585
f 5701 5659 5660
f 5497 5527 5496
f 5496 5527 5657
f 5527 5528 5657
f 5657 5528 5659
f 5530 5531 5559
f 5528 5585 5659
f 5659 5585 5660
f 5631 5663 5662
f 5585 5631 5662
f 5497 5496 5473
f 5473 5474 5497
f 5659 5734 5657
f 5734 5659 5700
f 5700 5659 5701
f 5606 5655 5607
f 5655 5656 5629
f 5655 5629 5607
f 5558 5526 5525
f 5528 5523 5525
f 5528 5525 5530
f 5471 5472 5473
f 5473 5472 5474
f 5495 5497 5472
f 5472 5497 5474
f 5497 5495 5527
f 5527 5495 5522
f 5527 5522 5528
f 5528 5522 5523
f 5658 5659 5653
f 5653 5659 5654
f 5653 5654 5652
f 5630 5629 5660
f 5660 5629 5656
f 5660 5656 5655
f 5660 5655 5654
f 5660 5654 5659
f 5609 5607 5630
f 5630 5607 5629
f 5585 5584 5607
f 5585 5607 5609
f 5584 5585 5559
f 5584 5559 5558
f 5558 5559 5531
f 5558 5531 5526
f 5526 5531 5530
f 5526 5530 5525
f 5699 5734 5700
f 5699 5700 5657
f 5657 5700 5658
f 5700 5659 5658
f 5660 5661 5630
f 5631 5585 5609
f 5631 5609 5630
f 5631 5630 5663
f 5630 5661 5662
f 5630 5662 5663
f 5471 5494 5472
f 5472 5494 5495
f 5658 5653 5657
f 5657 5653 5652
f 5657 5652 5699
f 5699 5652 5696
f 5530 5525 5558
f 5530 5558 5559
f 5609 5607 5606
f 5609 5606 5608
f 5529 5524 5530
f 5530 5524 5525
f 5524 5529 5525
f 5525 5529 5530
f 5930 5924 5927
f 5924 5930 5925
f 5925 5930 5931
f 5929 5926 5923
f 5929 5923 5928
f 5928 5923 5922
f 5923 5929 5922
f 5922 5929 5928
f 5923 5913 5912
f 5923 5912 5922
f 5913 5923 5924
f 5913 5924 5925
f 5882 5869 5898
f 5898 5869 5925
f 5924 5898 5925
f 5868 5881 5897
f 5868 5897 5922
f 5922 5897 5923
f 5923 5897 5924
f 5924 5897 5898
f 5869 5882 5868
f 5868 5882 5881
f 5925 5931 5924
f 5924 5931 5930
f 5856 5857 5868
f 5868 5857 5869
f 5912 5868 5922
f 5870 5856 5868
f 5857 5871 5869
f 5869 5913 5925
f 5925 5917 5931
f 5913 5901 5915
f 5913 5915 5925
f 5925 5915 5917
f 5861 5873 5857
f 5857 5873 5871
f 5901 5913 5885
f 5885 5913 5869
f 5869 5871 5885
f 5899 5913 5869
f 5925 5917 5913
f 5913 5917 5915
f 5869 5913 5901
f 5869 5901 5885
f 5869 5883 5899
f 5896 5912 5899
f 5899 5912 5913
f 5883 5882 5899
f 5881 5882 5883
f 5880 5896 5881
f 5896 5897 5881
f 5899 5898 5896
f 5898 5897 5896
f 5882 5898 5899
f 5861 5858 5857
f 5857 5858 5856
f 5857 5856 5855
f 5855 5856 5854
f 5855 5854 5869
f 5869 5854 5868
f 5869 5868 5883
f 5883 5868 5880
f 5883 5880 5881
f 5855 5869 5857
f 5912 5914 5922
f 5922 5914 5916
f 5922 5916 5928
f 5868 5912 5896
f 5884 5868 5870
f 5868 5884 5900
f 5868 5900 5912
f 5912 5900 5914
f 5870 5856 5872
f 5872 5856 5858
f 5896 5880 5868
f 5870 5872 5858
f 5858 5856 5870
f 5854 5856 5868
f 5857 5856 5861
f 5861 5856 5858
f 5860 5859 5858
f 5860 5858 5861
f 5858 5859 5861
f 5860 5861 5859
f 5863 5865 5861
f 5864 5862 5858
f 5906 5910 5905
f 5905 5910 5909
f 5910 5906 5894
f 5894 5906 5890
f 5889 5893 5894
f 5889 5894 5890
f 5905 5909 5893
f 5905 5893 5889
f 5934 5938 5935
f 5935 5938 5939
f 5938 5934 5933
f 5938 5933 5937
f 5932 5936 5937
f 5932 5937 5933
f 5921 5939 5938
f 5921 5938 5937
f 5921 5937 5920
f 5920 5937 5936
f 5908 5892 5909
f 5892 5893 5909
f 5893 5892 5894
f 5910 5894 5895
f 5909 5910 5911
f 5910 5895 5911
f 5921 5920 5911
f 5911 5920 5908
f 5911 5908 5909
f 5895 5894 5892
f 5895 5892 5879
f 5879 5892 5878
f 5879 5878 5867
f 5867 5878 5866
f 5936 5932 5933
f 5933 5937 5936
f 5934 5938 5937
f 5934 5937 5933
f 5938 5934 5939
f 5939 5934 5935
f 5879 5906 5939
f 5936 5905 5878
f 5878 5905 5889
f 5879 5890 5906
f 5939 5906 5938
f 5938 5906 5937
f 5937 5906 5905
f 5878 5889 5879
f 5879 5889 5890
f 5905 5936 5937
f 5878 5879 5866
f 5866 5879 5867
f 5866 5867 5864
f 5864 5867 5865
f 5879 5891 5895
f 5911 5895 5907
f 5907 5895 5891
f 5907 5921 5911
f 5878 5892 5888
f 5920 5904 5908
f 5908 5904 5888
f 5908 5888 5892
f 5864 5878 5866
f 5920 5936 5918
f 5918 5936 5932
f 5862 5874 5872
f 5862 5872 5858
f 5920 5918 5902
f 5920 5902 5904
f 5904 5902 5888
f 5888 5902 5886
f 5888 5886 5878
f 5878 5886 5876
f 5878 5876 5866
f 5866 5876 5864
f 5874 5862 5864
f 5874 5864 5876
f 5858 5872 5874
f 5858 5874 5864
f 5902 5936 5878
f 5902 5878 5886
f 5902 5918 5936
f 5864 5876 5878
f 5939 5935 5919
f 5903 5939 5919
f 5939 5903 5879
f 5879 5903 5887
f 5875 5865 5877
f 5865 5875 5861
f 5861 5875 5873
f 5865 5879 5877
f 5879 5887 5877
f 5887 5903 5891
f 5891 5903 5907
f 5907 5903 5921
f 5921 5903 5919
f 5921 5919 5939
f 5865 5863 5875
f 5875 5863 5873
f 5873 5863 5861
f 5877 5879 5867
f 5877 5867 5865
f 5887 5891 5879
f 5867 5879 5865
f 6186 6202 6187
f 6187 6202 6203
f 6206 6190 6207
f 6190 6172 6191
f 6190 6191 6207
f 6138 6139 6157
f 6192 6173 6193
f 6136 6137 6156
f 6136 6156 6155
f 6202 6204 6206
f 6190 6188 6186
f 6204 6202 6188
f 6188 6202 6186
f 6202 6206 6203
f 6203 6206 6207
f 6205 6189 6203
f 6203 6189 6187
f 6191 6189 6207
f 6207 6189 6205
f 6205 6203 6207
f 6187 6189 6188
f 6187 6188 6186
f 5957 5958 5964
f 5964 5958 5965
f 5964 5965 5957
f 5957 5965 5958
f 5987 5953 5991
f 5953 5960 5991
f 5991 5960 5961
f 5991 5961 5992
f 5943 5941 5967
f 5941 5960 5967
f 5999 5968 5967
f 5999 5967 5998
f 5998 5967 5974
f 5998 5974 6003
f 5942 5943 5966
f 5966 5943 5967
f 6002 5973 5997
f 5973 5966 5997
f 5997 5966 5965
f 5997 5965 5996
f 5940 5942 5959
f 5959 5942 5966
f 5989 5958 5959
f 5989 5959 5990
f 5959 5952 5990
f 5990 5952 5986
f 5940 5960 5941
f 5960 5940 5959
f 5979 5972 5973
f 5952 5953 5960
f 5952 5960 5959
f 5980 5979 5978
f 5982 5981 5974
f 5975 5982 5974
f 5976 5975 5968
f 5969 5976 5968
f 5962 5969 5961
f 5947 5948 5953
f 5953 5948 5954
f 5953 5952 5946
f 5953 5946 5947
f 5952 5945 5946
f 5971 5964 5957
f 5955 5962 5961
f 5955 5961 5954
f 5954 5961 5960
f 5969 5968 5961
f 5961 5968 5960
f 5960 5968 5967
f 5975 5967 5968
f 5975 5974 5967
f 5974 5973 5967
f 5967 5973 5966
f 5973 5980 5979
f 5981 5980 5973
f 5981 5973 5974
f 5972 5965 5966
f 5972 5966 5973
f 5964 5972 5971
f 5972 5964 5965
f 5965 5957 5966
f 5966 5957 5959
f 5950 5958 5957
f 5957 5958 5959
f 5971 5972 5973
f 5951 5945 5952
f 5950 5951 5952
f 5950 5952 5958
f 5958 5952 5959
f 5954 5960 5953
f 6041 6019 6022
f 6084 6099 6100
f 6081 6094 6078
f 6081 6096 6094
f 6096 6081 6095
f 6080 6116 6081
f 6081 6116 6095
f 6101 6122 6080
f 6080 6122 6116
f 6101 6144 6122
f 6100 6143 6101
f 6101 6143 6144
f 6120 6142 6099
f 6143 6100 6142
f 6142 6100 6099
f 6031 6032 6008
f 5980 6030 5981
f 5981 6030 6031
f 5981 6031 6008
f 5981 6008 5982
f 5982 6008 6004
f 5982 6004 5975
f 6005 5976 5975
f 5976 6005 6026
f 5976 6005 6000
f 5976 6000 5969
f 6019 5993 6000
f 5969 6000 5993
f 5969 5993 5962
f 6041 6044 6062
f 6076 6060 6062
f 6062 6060 6041
f 6048 6065 6044
f 6044 6065 6062
f 6066 6084 6067
f 6067 6084 6100
f 6078 6076 6062
f 6078 6062 6081
f 6081 6062 6065
f 6081 6065 6048
f 6081 6048 6080
f 6080 6048 6047
f 6080 6047 6064
f 6080 6064 6101
f 6101 6064 6068
f 6101 6068 6100
f 6100 6068 6067
f 6025 6004 6032
f 6032 6004 6008
f 6022 6019 6000
f 6022 6000 6026
f 6026 6000 6005
f 6048 6026 6025
f 6025 6026 6005
f 6025 6005 6004
f 6004 6005 5975
f 6030 6066 6031
f 6031 6066 6067
f 6031 6067 6032
f 6032 6067 6068
f 6032 6068 6025
f 6025 6068 6064
f 6025 6064 6048
f 6048 6064 6047
f 6048 6047 6026
f 6026 6048 6022
f 6022 6048 6044
f 6022 6044 6041
f 6118 6097 6098
f 6119 6141 6118
f 6119 6098 6099
f 6119 6099 6120
f 6118 6098 6119
f 6030 5980 6007
f 6029 5979 5980
f 6029 5980 6030
f 6006 5978 5979
f 6006 5979 6028
f 6028 5979 6029
f 6098 6097 6082
f 6049 6050 6082
f 6082 6050 6098
f 6066 6099 6051
f 6051 6099 6050
f 6050 6029 6030
f 6050 6030 6051
f 6049 6028 6050
f 6050 6028 6029
f 6099 6098 6050
f 6024 5971 6028
f 6028 5971 5978
f 6024 6001 5971
f 6154 6135 6114
f 6158 6154 6114
f 6140 6158 6118
f 6118 6158 6114
f 6141 6140 6118
f 5978 6006 6028
f 6079 6063 6024
f 6079 6024 6082
f 6082 6024 6028
f 6082 6028 6049
f 6114 6079 6118
f 6118 6079 6082
f 6118 6082 6097
f 6046 6024 6063
f 5995 5971 6001
f 5995 5964 5971
f 5964 5995 6021
f 6021 6043 6061
f 6024 6046 6043
f 6043 6046 6063
f 6043 6063 6077
f 6043 5995 6024
f 6024 5995 6001
f 6021 5995 6043
f 6154 6153 6135
f 6135 6153 6133
f 6135 6133 6112
f 6135 6112 6114
f 6063 6079 6077
f 6077 6079 6114
f 6112 6077 6114
f 6133 6153 6112
f 6077 6061 6043
f 6095 6101 6096
f 6095 6122 6101
f 6144 6143 6122
f 6122 6143 6121
f 6121 6143 6120
f 6143 6142 6120
f 6142 6141 6120
f 6120 6141 6119
f 6141 6159 6158
f 6141 6158 6140
f 6051 6030 6031
f 5963 6023 5970
f 5970 6023 6027
f 5970 6027 5977
f 5977 6027 6026
f 5977 6026 5976
f 6032 5982 6026
f 6026 5982 5976
f 5982 6032 5981
f 5981 6032 6031
f 6031 6030 6007
f 6031 6007 5981
f 5981 6007 5980
f 6067 6121 6120
f 6120 6099 6067
f 6067 6099 6066
f 6067 6066 6051
f 6068 6122 6067
f 6067 6122 6121
f 6122 6068 6101
f 6085 6081 6096
f 6085 6096 6101
f 6060 6062 6042
f 6042 6062 6045
f 6042 6045 6020
f 5963 5994 6023
f 6023 5994 6020
f 6101 6068 6085
f 6085 6068 6052
f 6085 6052 6081
f 6081 6052 6048
f 6045 6062 6044
f 6044 6062 6048
f 6048 6062 6081
f 6031 6067 6051
f 6020 6045 6023
f 6023 6045 6044
f 6023 6044 6027
f 6027 6044 6048
f 6027 6048 6026
f 6026 6048 6052
f 6026 6052 6032
f 6032 6052 6068
f 5955 5949 5948
f 6015 6038 6056
f 6056 6038 6072
f 6072 6090 6107
f 5988 5985 5950
f 5988 5950 5957
f 6034 6033 6069
f 6086 6087 6069
f 5944 6009 6010
f 5944 6010 5945
f 6011 5946 5945
f 6011 5945 6010
f 6035 6088 6053
f 6034 6010 6009
f 6034 6009 6033
f 6010 6034 6011
f 6011 6034 6035
f 6034 6087 6035
f 6035 6087 6088
f 6069 6087 6034
f 6123 6124 6102
f 6145 6123 6102
f 6148 6145 6107
f 6107 6145 6102
f 6128 6148 6107
f 6056 6072 6015
f 5950 5985 6015
f 5950 6015 6009
f 5950 6009 5944
f 6015 6072 6009
f 6009 6072 6069
f 6009 6069 6033
f 6072 6107 6069
f 6069 6107 6102
f 6069 6102 6086
f 6102 6103 6086
f 6103 6087 6086
f 6104 6088 6103
f 6103 6088 6087
f 6102 6124 6103
f 6054 6053 6088
f 6054 6088 6104
f 6012 6011 6035
f 5946 6011 6012
f 6012 5947 5946
f 5948 5947 6012
f 6012 6013 5948
f 6014 5955 6013
f 6013 5955 5948
f 5955 6014 6016
f 5955 6016 5956
f 5956 6016 6017
f 5956 6017 5963
f 5963 6017 6020
f 5963 6020 5994
f 6060 6074 6076
f 6089 6074 6071
f 6055 6089 6071
f 6089 6055 6106
f 6106 6055 6054
f 6106 6054 6105
f 6074 6039 6071
f 6071 6039 6037
f 6071 6037 6055
f 6060 6042 6041
f 6060 6041 6074
f 6074 6041 6039
f 6104 6105 6054
f 6054 6012 6035
f 6054 6035 6053
f 6012 6054 6013
f 6013 6054 6055
f 6013 6055 6014
f 6014 6055 6037
f 6014 6037 6016
f 6016 6037 6039
f 6016 6039 6017
f 6017 6039 6020
f 6020 6039 6041
f 6020 6041 6042
f 6018 6040 5988
f 6015 6040 6038
f 6015 5985 5988
f 6015 5988 6040
f 6074 6092 6093
f 6074 6093 6076
f 6089 6106 6092
f 6126 6127 6106
f 6106 6105 6126
f 6125 6126 6105
f 6146 6123 6145
f 6123 6146 6124
f 6040 6059 6075
f 6151 6148 6128
f 6151 6128 6132
f 6128 6110 6132
f 6132 6110 6151
f 6040 6075 6072
f 6040 6072 6038
f 6128 6107 6110
f 6110 6107 6090
f 6075 6110 6090
f 6075 6090 6072
f 6125 6105 6104
f 6104 6103 6125
f 6125 6103 6124
f 6074 6089 6092
f 5988 5957 6018
f 6040 6018 6059
f 6107 6148 6151
f 6151 6110 6107
f 6087 6103 6102
f 6102 6103 6146
f 6102 6146 6145
f 6034 6070 6069
f 5985 5950 5944
f 5985 5944 5984
f 6075 6059 6018
f 6009 6034 6069
f 6009 6069 6015
f 6069 6072 6015
f 6015 5985 5984
f 6015 5984 6009
f 6009 5984 6010
f 6075 6018 6072
f 6072 6018 6015
f 6018 5988 6015
f 6107 6110 6075
f 6107 6075 6072
f 6107 6072 6102
f 6102 6072 6069
f 6102 6069 6087
f 6087 6069 6070
f 5963 5962 5956
f 5956 5962 5955
f 5954 5948 5955
f 5982 5983 5976
f 5970 5977 5976
f 5962 5963 5969
f 5969 5963 5970
f 5976 5969 5970
f 5975 5976 5982
f 6153 6154 6112
f 6083 6082 6098
f 6118 6158 6159
f 6118 6159 6119
f 6112 6154 6114
f 6061 6077 6021
f 6006 5978 5971
f 6006 5971 6001
f 6021 6024 5995
f 6083 6050 6082
f 6082 6050 6028
f 6082 6028 6079
f 6079 6028 6024
f 6028 6029 6006
f 6028 6006 6024
f 6024 6006 6001
f 6021 6077 6024
f 6024 6077 6079
f 6077 6112 6079
f 6079 6112 6114
f 6079 6114 6082
f 6082 6114 6118
f 6082 6118 6098
f 6169 6168 6152
f 6152 6168 6151
f 6159 6154 6158
f 6120 6142 6121
f 6121 6142 6143
f 6159 6158 6174
f 6159 6174 6175
f 6174 6158 6154
f 6154 6171 6174
f 6092 6057 6058
f 6091 6073 6092
f 6057 6092 6073
f 6091 6108 6131
f 5972 5981 5980
f 5945 5946 5951
f 5951 5946 5947
f 5972 5980 5979
f 5978 5971 5972
f 5978 5972 5979
f 5955 5962 5976
f 5976 5962 5969
f 5975 5982 5972
f 5972 5982 5981
f 5950 5944 5951
f 5951 5944 5945
f 5951 5947 5948
f 5951 5948 5954
f 6165 6148 6168
f 6168 6148 6151
f 6161 6145 6165
f 6165 6145 6148
f 6145 6161 6162
f 6145 6162 6146
f 6151 6153 6168
f 6168 6153 6170
f 6154 6171 6153
f 6153 6171 6170
f 6153 6151 6112
f 6112 6151 6110
f 6112 6110 6077
f 6077 6110 6075
f 6077 6075 6061
f 6061 6075 6040
f 6061 6040 6021
f 6021 6040 6018
f 6021 6018 5988
f 6021 5988 5995
f 5995 5988 5957
f 5995 5957 5964
f 6078 6076 6094
f 6117 6095 6096
f 6117 6116 6095
f 6091 6108 6109
f 6091 6109 6092
f 6094 6076 6093
f 6111 6094 6093
f 6096 6113 6117
f 6106 6127 6131
f 6096 6094 6113
f 6113 6094 6111
f 6111 6093 6092
f 6106 6131 6108
f 6111 6092 6108
f 6108 6092 6109
f 6113 6116 6117
f 6139 6122 6116
f 6122 6139 6144
f 6169 6165 6168
f 6162 6161 6166
f 6166 6161 6169
f 6169 6161 6165
f 6170 6151 6168
f 6154 6151 6171
f 6171 6151 6170
f 6108 6092 6091
f 6108 6091 6106
f 6116 6095 6122
f 6176 6160 6177
f 6143 6144 6176
f 6176 6144 6160
f 6176 6142 6143
f 6176 6159 6142
f 6176 6175 6159
f 6195 6194 6176
f 6176 6194 6175
f 6176 6196 6195
f 6176 6197 6196
f 6176 6177 6197
f 6159 6141 6142
f 6175 6155 6159
f 6175 6172 6155
f 6194 6190 6175
f 6175 6190 6172
f 6195 6191 6190
f 6195 6190 6194
f 6191 6195 6207
f 6207 6195 6209
f 6207 6209 6210
f 6207 6210 6208
f 6208 6210 6196
f 6208 6196 6192
f 6192 6196 6193
f 6193 6196 6197
f 6193 6197 6177
f 6193 6177 6173
f 6173 6177 6157
f 6157 6177 6160
f 6157 6160 6139
f 6139 6160 6144
f 6143 6139 6144
f 6143 6138 6139
f 6159 6155 6136
f 6159 6136 6141
f 6141 6136 6137
f 6141 6137 6142
f 6142 6137 6138
f 6142 6138 6143
f 6209 6195 6196
f 6209 6196 6210
f 6111 6108 6113
f 6113 6108 6131
f 6113 6131 6134
f 6113 6134 6116
f 6116 6134 6139
f 6138 6115 6139
f 6116 6139 6115
f 6139 6134 6131
f 6139 6131 6157
f 6157 6131 6150
f 6167 6173 6150
f 6150 6173 6157
f 6185 6193 6167
f 6167 6193 6173
f 6201 6208 6184
f 6184 6208 6192
f 6184 6192 6185
f 6185 6192 6193
f 6183 6191 6200
f 6200 6191 6207
f 6200 6207 6201
f 6201 6207 6208
f 6182 6190 6183
f 6183 6190 6191
f 6166 6172 6182
f 6182 6172 6190
f 6149 6155 6166
f 6166 6155 6172
f 6130 6126 6131
f 6131 6126 6127
f 6131 6127 6147
f 6131 6147 6150
f 6150 6147 6164
f 6150 6164 6167
f 6167 6164 6181
f 6167 6181 6185
f 6185 6181 6180
f 6185 6180 6184
f 6184 6180 6199
f 6184 6199 6201
f 6201 6199 6198
f 6201 6198 6200
f 6200 6198 6179
f 6200 6179 6183
f 6183 6179 6178
f 6183 6178 6182
f 6182 6178 6162
f 6182 6162 6166
f 6166 6162 6146
f 6166 6146 6149
f 6199 6180 6179
f 6199 6179 6198
f 6149 6146 6124
f 6149 6124 6129
f 6105 6036 6124
f 6124 6036 6035
f 6124 6035 6034
f 6124 6125 6105
f 6181 6164 6180
f 6179 6162 6178
f 6125 6124 6146
f 6126 6147 6127
f 6163 6146 6162
f 6125 6146 6163
f 6163 6126 6125
f 6147 6126 6163
f 6163 6164 6147
f 6180 6164 6163
f 6163 6179 6180
f 6162 6179 6163
f 5972 5957 5975
f 5975 5957 5950
f 5950 5951 5975
f 5975 5951 5954
f 5972 5971 5957
f 5976 5975 5955
f 5955 5975 5954
f 6419 6418 6417
f 6417 6418 6412
f 6417 6412 6411
f 6411 6412 6410
f 6411 6410 6405
f 6405 6410 6396
f 6405 6396 6392
f 6392 6396 6369
f 6392 6369 6365
f 6365 6369 6374
f 6365 6374 6370
f 6370 6374 6375
f 6375 6374 6379
f 6375 6379 6385
f 6375 6385 6380
f 6380 6385 6400
f 6380 6400 6399
f 6399 6400 6416
f 6399 6416 6415
f 6415 6416 6414
f 6415 6414 6413
f 6413 6414 6420
f 6413 6420 6419
f 6419 6420 6418
f 6374 6397 6379
f 6397 6400 6385
f 6397 6385 6379
f 6397 6416 6400
f 6397 6414 6416
f 6418 6420 6397
f 6397 6420 6414
f 6412 6418 6397
f 6397 6410 6412
f 6397 6396 6410
f 6374 6369 6397
f 6397 6369 6396
f 6375 6398 6370
f 6398 6392 6365
f 6398 6365 6370
f 6398 6405 6392
f 6398 6411 6405
f 6419 6417 6398
f 6398 6417 6411
f 6413 6419 6398
f 6398 6415 6413
f 6398 6399 6415
f 6375 6380 6398
f 6398 6380 6399
f 6245 6268 6267
f 6267 6244 6245
f 6245 6263 6268
f 6214 6220 6219
f 6220 6214 6215
f 6220 6215 6216
f 6220 6216 6221
f 6263 6264 6245
f 6246 6245 6264
f 6368 6395 6369
f 6369 6395 6396
f 6348 6374 6352
f 6352 6374 6379
f 6356 6384 6360
f 6360 6384 6383
f 6360 6383 6387
f 6360 6387 6359
f 6410 6396 6409
f 6396 6395 6409
f 6409 6395 6391
f 6409 6391 6404
f 6404 6391 6403
f 6403 6391 6390
f 6390 6363 6339
f 6214 6225 6226
f 6214 6226 6215
f 6215 6226 6216
f 6226 6227 6216
f 6229 6221 6216
f 6229 6216 6227
f 6239 6258 6241
f 6241 6258 6260
f 6246 6264 6263
f 6246 6263 6245
f 6289 6267 6268
f 6289 6268 6290
f 6352 6351 6348
f 6348 6351 6347
f 6348 6347 6374
f 6374 6347 6373
f 6379 6378 6351
f 6379 6351 6352
f 6356 6360 6355
f 6359 6355 6360
f 6368 6369 6373
f 6373 6369 6374
f 6369 6396 6367
f 6367 6396 6394
f 6374 6369 6372
f 6372 6369 6367
f 6374 6372 6379
f 6379 6372 6377
f 6377 6378 6379
f 6378 6377 6383
f 6378 6383 6384
f 6384 6383 6387
f 6409 6404 6407
f 6407 6404 6403
f 6408 6410 6409
f 6408 6409 6407
f 6408 6394 6410
f 6410 6394 6396
f 6255 6256 6237
f 6318 6340 6343
f 6318 6343 6321
f 6317 6339 6318
f 6318 6339 6340
f 6234 6226 6233
f 6233 6226 6225
f 6227 6226 6234
f 6235 6227 6234
f 6235 6229 6227
f 6276 6237 6256
f 6239 6237 6276
f 6278 6239 6276
f 6278 6258 6239
f 6282 6258 6278
f 6241 6260 6282
f 6282 6260 6258
f 6281 6241 6282
f 6246 6241 6281
f 6246 6285 6245
f 6285 6246 6281
f 6285 6263 6245
f 6290 6268 6285
f 6285 6268 6263
f 6356 6378 6384
f 6325 6347 6351
f 6325 6351 6329
f 6321 6343 6325
f 6325 6343 6347
f 6276 6256 6275
f 6297 6276 6275
f 6297 6275 6294
f 6275 6256 6255
f 6255 6251 6272
f 6271 6293 6272
f 6272 6293 6294
f 6272 6251 6271
f 6271 6251 6250
f 6275 6255 6272
f 6275 6272 6294
f 6233 6250 6234
f 6234 6250 6251
f 6234 6251 6255
f 6234 6255 6235
f 6235 6255 6237
f 6235 6237 6229
f 6309 6314 6285
f 6309 6285 6305
f 6276 6297 6298
f 6276 6298 6278
f 6278 6298 6302
f 6278 6302 6301
f 6278 6301 6281
f 6281 6301 6305
f 6281 6305 6285
f 6313 6289 6314
f 6314 6289 6290
f 6314 6290 6285
f 6281 6282 6278
f 6332 6356 6336
f 6336 6356 6335
f 6335 6356 6355
f 6335 6355 6359
f 6332 6329 6356
f 6329 6351 6356
f 6356 6351 6378
f 6335 6313 6336
f 6336 6313 6314
f 6336 6314 6332
f 6332 6314 6309
f 6332 6309 6329
f 6329 6309 6305
f 6329 6305 6351
f 6293 6317 6294
f 6294 6317 6318
f 6294 6318 6297
f 6297 6318 6321
f 6297 6321 6298
f 6298 6321 6302
f 6302 6321 6325
f 6302 6325 6301
f 6301 6325 6305
f 6305 6325 6329
f 6233 6225 6250
f 6373 6347 6343
f 6368 6373 6343
f 6339 6363 6364
f 6368 6343 6364
f 6364 6343 6340
f 6364 6340 6339
f 6395 6368 6391
f 6391 6368 6364
f 6391 6364 6390
f 6390 6364 6363
f 6267 6266 6244
f 6266 6265 6244
f 6244 6265 6243
f 6243 6265 6262
f 6212 6213 6218
f 6218 6213 6219
f 6219 6213 6214
f 6218 6217 6211
f 6218 6211 6212
f 6261 6262 6242
f 6242 6262 6243
f 6393 6366 6392
f 6392 6366 6365
f 6401 6388 6406
f 6406 6388 6393
f 6388 6401 6402
f 6388 6402 6389
f 6390 6362 6389
f 6390 6389 6403
f 6403 6389 6402
f 6362 6390 6338
f 6338 6390 6339
f 6338 6339 6317
f 6338 6317 6316
f 6316 6317 6293
f 6316 6293 6292
f 6225 6249 6250
f 6250 6249 6270
f 6250 6270 6271
f 6271 6270 6293
f 6293 6270 6292
f 6225 6224 6249
f 6224 6213 6212
f 6224 6212 6223
f 6211 6222 6223
f 6211 6223 6212
f 6257 6238 6240
f 6240 6259 6257
f 6266 6288 6265
f 6265 6288 6287
f 6288 6266 6267
f 6288 6267 6289
f 6222 6211 6217
f 6222 6217 6228
f 6213 6224 6225
f 6213 6225 6214
f 6406 6393 6392
f 6406 6392 6405
f 6349 6375 6370
f 6349 6370 6345
f 6381 6353 6357
f 6381 6357 6382
f 6382 6357 6386
f 6386 6357 6358
f 6358 6359 6386
f 6386 6359 6387
f 6365 6366 6370
f 6370 6366 6371
f 6370 6371 6345
f 6371 6346 6345
f 6345 6346 6349
f 6346 6350 6349
f 6349 6350 6375
f 6375 6350 6376
f 6357 6353 6354
f 6357 6354 6358
f 6358 6354 6359
f 6359 6354 6355
f 6392 6365 6367
f 6381 6382 6383
f 6381 6383 6376
f 6376 6383 6377
f 6377 6375 6376
f 6372 6370 6377
f 6377 6370 6375
f 6367 6365 6372
f 6372 6365 6370
f 6394 6392 6367
f 6382 6386 6383
f 6383 6386 6387
f 6406 6405 6408
f 6407 6403 6402
f 6407 6402 6401
f 6401 6406 6407
f 6407 6406 6408
f 6394 6408 6405
f 6392 6394 6405
f 6313 6335 6334
f 6346 6324 6350
f 6350 6324 6328
f 6353 6376 6350
f 6359 6358 6335
f 6284 6262 6265
f 6284 6265 6287
f 6243 6262 6284
f 6284 6242 6243
f 6242 6284 6280
f 6242 6280 6240
f 6240 6280 6279
f 6259 6240 6279
f 6277 6257 6279
f 6279 6257 6259
f 6236 6238 6253
f 6253 6238 6257
f 6222 6228 6230
f 6230 6228 6236
f 6231 6222 6230
f 6223 6222 6231
f 6232 6224 6223
f 6338 6316 6315
f 6315 6337 6338
f 6320 6342 6315
f 6315 6342 6337
f 6311 6308 6284
f 6304 6284 6308
f 6289 6313 6288
f 6288 6313 6312
f 6288 6312 6287
f 6287 6312 6311
f 6287 6311 6284
f 6304 6280 6284
f 6279 6280 6304
f 6279 6304 6277
f 6277 6304 6300
f 6295 6273 6299
f 6299 6273 6277
f 6299 6277 6300
f 6273 6295 6296
f 6273 6296 6274
f 6274 6296 6269
f 6269 6296 6291
f 6273 6253 6277
f 6277 6253 6257
f 6274 6253 6273
f 6248 6231 6254
f 6254 6231 6230
f 6254 6230 6236
f 6254 6236 6253
f 6223 6231 6232
f 6232 6231 6248
f 6232 6248 6249
f 6249 6248 6269
f 6249 6269 6270
f 6270 6269 6291
f 6270 6291 6292
f 6269 6248 6274
f 6274 6248 6254
f 6274 6254 6253
f 6316 6292 6315
f 6315 6292 6291
f 6315 6291 6320
f 6320 6291 6296
f 6320 6296 6295
f 6335 6358 6334
f 6334 6358 6354
f 6334 6354 6333
f 6333 6354 6353
f 6333 6353 6331
f 6350 6328 6353
f 6312 6313 6334
f 6312 6334 6311
f 6311 6334 6333
f 6311 6333 6308
f 6308 6333 6331
f 6308 6331 6304
f 6381 6376 6353
f 6331 6353 6328
f 6331 6328 6304
f 6304 6328 6300
f 6300 6328 6324
f 6300 6324 6299
f 6299 6324 6346
f 6299 6346 6295
f 6295 6346 6342
f 6295 6342 6320
f 6224 6232 6249
f 6342 6371 6366
f 6346 6371 6342
f 6362 6338 6337
f 6342 6366 6337
f 6337 6366 6361
f 6337 6361 6362
f 6366 6393 6361
f 6361 6393 6388
f 6361 6388 6362
f 6362 6388 6389
f 6242 6241 6246
f 6246 6245 6244
f 6246 6244 6242
f 6242 6244 6243
f 6217 6218 6228
f 6228 6218 6219
f 6220 6221 6229
f 6220 6229 6219
f 6219 6229 6228
f 6237 6236 6229
f 6229 6236 6228
f 6239 6238 6236
f 6239 6236 6237
f 6241 6240 6239
f 6239 6240 6238
f 6240 6241 6242
f 6322 6343 6344
f 6343 6322 6321
f 6321 6340 6343
f 6282 6260 6278
f 6278 6260 6258
f 6282 6246 6241
f 6263 6264 6285
f 6285 6264 6286
f 6286 6264 6246
f 6352 6330 6348
f 6348 6330 6326
f 6322 6344 6326
f 6326 6344 6348
f 6340 6321 6318
f 6318 6321 6294
f 6272 6297 6276
f 6252 6272 6256
f 6256 6272 6276
f 6235 6252 6237
f 6237 6252 6256
f 6234 6251 6235
f 6313 6289 6290
f 6313 6290 6314
f 6278 6302 6282
f 6282 6302 6306
f 6359 6335 6360
f 6360 6335 6336
f 6360 6336 6356
f 6286 6282 6306
f 6286 6306 6310
f 6310 6306 6330
f 6310 6330 6332
f 6332 6330 6356
f 6282 6286 6246
f 6332 6309 6310
f 6310 6309 6285
f 6310 6285 6286
f 6235 6251 6252
f 6252 6251 6272
f 6272 6294 6297
f 6297 6294 6321
f 6298 6321 6322
f 6298 6322 6302
f 6302 6322 6326
f 6302 6326 6306
f 6306 6326 6330
f 6306 6330 6352
f 6330 6352 6356
f 6356 6352 6379
f 6356 6379 6378
f 6344 6369 6374
f 6344 6374 6348
f 6369 6344 6368
f 6368 6344 6343
f 6368 6343 6340
f 6368 6340 6364
f 6364 6340 6363
f 6363 6340 6339
f 6327 6349 6323
f 6323 6349 6345
f 6353 6376 6349
f 6349 6376 6375
f 6284 6261 6262
f 6283 6242 6284
f 6284 6242 6261
f 6279 6240 6283
f 6283 6240 6242
f 6230 6222 6236
f 6236 6222 6228
f 6320 6342 6337
f 6320 6337 6315
f 6319 6342 6320
f 6319 6341 6342
f 6312 6288 6289
f 6289 6313 6312
f 6303 6279 6307
f 6307 6279 6283
f 6307 6283 6308
f 6308 6283 6284
f 6299 6277 6303
f 6303 6277 6279
f 6296 6269 6273
f 6269 6248 6247
f 6269 6247 6273
f 6273 6247 6253
f 6248 6231 6230
f 6248 6230 6247
f 6247 6230 6253
f 6253 6230 6236
f 6320 6296 6319
f 6319 6296 6295
f 6334 6358 6333
f 6333 6358 6357
f 6333 6357 6331
f 6331 6357 6353
f 6331 6353 6327
f 6327 6353 6349
f 6308 6331 6307
f 6307 6331 6327
f 6307 6327 6303
f 6303 6327 6299
f 6299 6327 6323
f 6299 6323 6345
f 6299 6345 6295
f 6295 6345 6341
f 6295 6341 6319
f 6370 6365 6341
f 6341 6345 6370
f 6365 6366 6393
f 6341 6365 6342
f 6342 6365 6366
f 6337 6361 6338
f 6338 6361 6362
f 6535 6533 6534
f 6535 6534 6558
f 6558 6557 6532
f 6558 6532 6535
f 6535 6536 6533
f 6557 6558 6579
f 6579 6558 6580
f 6579 6580 6597
f 6597 6580 6598
f 6597 6598 6615
f 6615 6631 6630
f 6630 6614 6615
f 6615 6614 6597
f 6647 6646 6629
f 6629 6646 6628
f 6628 6630 6629
f 6629 6630 6631
f 6657 6656 6641
f 6641 6656 6640
f 6638 6639 6654
f 6654 6639 6655
f 6639 6638 6622
f 6639 6622 6623
f 6656 6669 6655
f 6655 6677 6676
f 6655 6676 6672
f 6655 6675 6679
f 6679 6678 6655
f 6655 6672 6667
f 6641 6640 6624
f 6641 6624 6625
f 6669 6668 6655
f 6655 6668 6675
f 6655 6678 6677
f 6667 6666 6655
f 6573 6574 6592
f 6573 6592 6591
f 6607 6623 6622
f 6625 6624 6608
f 6625 6608 6609
f 6609 6608 6591
f 6609 6591 6592
f 6622 6606 6607
f 6607 6606 6590
f 6590 6606 6589
f 6590 6589 6568
f 6568 6589 6567
f 6658 6659 6656
f 6658 6656 6655
f 6659 6658 6644
f 6644 6658 6643
f 6644 6643 6645
f 6645 6643 6647
f 6647 6643 6642
f 6647 6642 6646
f 6539 6547 6546
f 6539 6546 6538
f 6516 6515 6507
f 6508 6516 6507
f 6509 6510 6517
f 6517 6510 6518
f 6542 6543 6549
f 6542 6549 6548
f 6538 6458 6539
f 6539 6458 6459
f 6539 6459 6547
f 6547 6459 6467
f 6547 6467 6546
f 6546 6467 6466
f 6546 6466 6538
f 6538 6466 6458
f 6547 6507 6539
f 6570 6508 6547
f 6547 6508 6507
f 6570 6516 6508
f 6570 6571 6516
f 6516 6571 6517
f 6571 6509 6517
f 6548 6510 6571
f 6571 6510 6509
f 6542 6510 6548
f 6542 6462 6543
f 6543 6462 6463
f 6543 6463 6549
f 6549 6463 6469
f 6549 6469 6548
f 6548 6469 6468
f 6548 6468 6542
f 6542 6468 6462
f 6511 6510 6468
f 6511 6468 6469
f 6518 6515 6517
f 6517 6515 6516
f 6467 6507 6506
f 6467 6506 6466
f 6472 6479 6478
f 6473 6479 6472
f 6474 6475 6481
f 6480 6474 6481
f 6524 6480 6525
f 6525 6480 6481
f 6522 6478 6523
f 6523 6478 6479
f 6507 6467 6459
f 6507 6459 6539
f 6547 6539 6561
f 6569 6547 6561
f 6570 6547 6569
f 6570 6569 6562
f 6562 6569 6561
f 6540 6562 6561
f 6539 6540 6561
f 6540 6541 6562
f 6562 6541 6563
f 6562 6563 6570
f 6570 6563 6571
f 6548 6571 6572
f 6572 6571 6564
f 6564 6571 6563
f 6548 6572 6564
f 6542 6548 6564
f 6542 6564 6563
f 6542 6563 6541
f 6468 6510 6462
f 6462 6510 6542
f 6519 6518 6510
f 6519 6510 6511
f 6506 6507 6514
f 6514 6507 6515
f 6514 6515 6519
f 6519 6515 6518
f 6528 6484 6522
f 6522 6484 6478
f 6514 6472 6478
f 6514 6478 6522
f 6473 6472 6515
f 6515 6472 6514
f 6523 6479 6473
f 6523 6473 6515
f 6518 6474 6480
f 6518 6480 6524
f 6475 6474 6519
f 6519 6474 6518
f 6525 6481 6475
f 6525 6475 6519
f 6481 6485 6529
f 6481 6529 6525
f 6485 6484 6529
f 6529 6484 6528
f 6528 6522 6523
f 6525 6529 6524
f 6528 6523 6524
f 6528 6524 6529
f 6491 6490 6485
f 6485 6490 6489
f 6485 6489 6484
f 6484 6489 6488
f 6448 6434 6506
f 6448 6506 6514
f 6448 6514 6452
f 6448 6466 6434
f 6434 6466 6506
f 6426 6448 6434
f 6426 6442 6448
f 6442 6426 6458
f 6427 6459 6426
f 6426 6459 6458
f 6539 6459 6427
f 6539 6427 6540
f 6540 6427 6428
f 6428 6429 6540
f 6540 6429 6541
f 6430 6462 6542
f 6430 6542 6429
f 6429 6542 6541
f 6435 6449 6431
f 6431 6449 6445
f 6445 6463 6431
f 6431 6463 6430
f 6430 6463 6462
f 6449 6435 6469
f 6469 6435 6511
f 6519 6511 6453
f 6453 6511 6449
f 6449 6511 6435
f 6452 6514 6472
f 6478 6452 6472
f 6519 6453 6475
f 6453 6481 6475
f 6481 6482 6485
f 6485 6482 6486
f 6482 6481 6526
f 6526 6481 6525
f 6477 6478 6484
f 6477 6484 6483
f 6519 6520 6525
f 6525 6520 6526
f 6478 6477 6521
f 6478 6521 6522
f 6513 6514 6522
f 6513 6522 6521
f 6515 6518 6523
f 6518 6524 6523
f 6478 6477 6471
f 6478 6471 6452
f 6471 6451 6452
f 6452 6451 6448
f 6448 6451 6433
f 6448 6433 6434
f 6424 6430 6429
f 6424 6429 6423
f 6421 6422 6428
f 6421 6428 6427
f 6434 6433 6426
f 6436 6435 6431
f 6436 6431 6432
f 6428 6422 6429
f 6429 6422 6423
f 6426 6433 6425
f 6449 6435 6436
f 6449 6436 6453
f 6453 6436 6454
f 6482 6481 6476
f 6476 6481 6453
f 6476 6453 6454
f 6476 6475 6482
f 6482 6475 6481
f 6472 6514 6471
f 6471 6514 6513
f 6477 6478 6472
f 6477 6472 6471
f 6483 6484 6478
f 6483 6478 6477
f 6458 6466 6457
f 6457 6466 6465
f 6448 6465 6466
f 6448 6447 6465
f 6447 6448 6441
f 6448 6442 6441
f 6449 6446 6445
f 6446 6449 6450
f 6469 6450 6449
f 6469 6470 6450
f 6469 6464 6470
f 6469 6463 6464
f 6519 6475 6520
f 6520 6475 6476
f 6484 6488 6487
f 6488 6489 6487
f 6484 6487 6483
f 6483 6527 6521
f 6521 6527 6553
f 6477 6483 6521
f 6521 6553 6551
f 6551 6513 6521
f 6551 6553 6577
f 6545 6551 6567
f 6567 6551 6575
f 6577 6575 6551
f 6576 6552 6574
f 6550 6574 6552
f 6552 6576 6578
f 6552 6578 6554
f 6486 6482 6526
f 6554 6530 6526
f 6526 6520 6552
f 6486 6526 6530
f 6552 6554 6526
f 6492 6490 6491
f 6492 6485 6486
f 6491 6485 6492
f 6593 6595 6610
f 6628 6626 6610
f 6567 6575 6593
f 6593 6575 6577
f 6590 6568 6567
f 6590 6589 6607
f 6607 6589 6606
f 6612 6628 6610
f 6577 6595 6612
f 6593 6577 6595
f 6595 6577 6610
f 6610 6577 6612
f 6658 6655 6639
f 6643 6658 6639
f 6643 6639 6623
f 6623 6607 6626
f 6623 6626 6643
f 6643 6626 6642
f 6590 6567 6589
f 6589 6567 6593
f 6589 6593 6606
f 6606 6593 6610
f 6606 6610 6607
f 6607 6610 6626
f 6642 6626 6628
f 6642 6628 6646
f 6639 6638 6655
f 6650 6651 6635
f 6679 6675 6674
f 6679 6674 6678
f 6672 6676 6673
f 6673 6676 6677
f 6654 6655 6638
f 6656 6653 6665
f 6656 6665 6669
f 6640 6637 6653
f 6656 6640 6653
f 6651 6663 6664
f 6664 6652 6651
f 6635 6651 6652
f 6662 6650 6661
f 6661 6650 6649
f 6650 6662 6651
f 6651 6662 6663
f 6634 6650 6635
f 6633 6649 6634
f 6634 6649 6650
f 6667 6660 6666
f 6666 6660 6648
f 6666 6648 6655
f 6673 6677 6674
f 6674 6677 6678
f 6669 6665 6668
f 6668 6665 6664
f 6668 6664 6674
f 6674 6664 6663
f 6674 6663 6671
f 6674 6671 6673
f 6673 6671 6670
f 6673 6670 6662
f 6673 6662 6667
f 6667 6662 6661
f 6667 6661 6660
f 6653 6652 6664
f 6661 6649 6648
f 6665 6653 6664
f 6671 6663 6670
f 6670 6663 6662
f 6660 6661 6648
f 6675 6668 6674
f 6672 6673 6667
f 6655 6648 6639
f 6639 6648 6632
f 6652 6636 6635
f 6637 6636 6653
f 6653 6636 6652
f 6648 6649 6632
f 6632 6649 6633
f 6617 6601 6600
f 6620 6604 6603
f 6451 6447 6433
f 6450 6454 6436
f 6551 6545 6513
f 6505 6458 6457
f 6505 6457 6465
f 6497 6498 6458
f 6463 6503 6504
f 6463 6504 6464
f 6504 6470 6464
f 6438 6439 6423
f 6423 6439 6424
f 6424 6439 6440
f 6424 6440 6430
f 6430 6440 6444
f 6430 6444 6431
f 6431 6444 6445
f 6438 6455 6439
f 6439 6455 6456
f 6439 6456 6462
f 6439 6462 6444
f 6444 6462 6463
f 6444 6463 6445
f 6456 6461 6462
f 6450 6436 6446
f 6446 6436 6432
f 6446 6432 6445
f 6445 6432 6431
f 6476 6454 6450
f 6470 6476 6450
f 6495 6501 6496
f 6541 6501 6540
f 6540 6501 6495
f 6461 6501 6462
f 6462 6501 6502
f 6462 6502 6463
f 6463 6502 6503
f 6470 6512 6476
f 6476 6512 6520
f 6552 6520 6550
f 6512 6470 6504
f 6512 6550 6520
f 6501 6541 6502
f 6502 6541 6542
f 6502 6542 6503
f 6503 6542 6543
f 6503 6543 6544
f 6503 6544 6504
f 6504 6544 6512
f 6512 6544 6550
f 6609 6592 6605
f 6605 6592 6588
f 6605 6588 6587
f 6605 6587 6604
f 6604 6587 6586
f 6641 6625 6640
f 6640 6625 6624
f 6640 6624 6637
f 6637 6624 6621
f 6637 6621 6636
f 6636 6621 6620
f 6604 6620 6605
f 6605 6620 6621
f 6605 6621 6609
f 6609 6621 6624
f 6609 6624 6625
f 6583 6561 6582
f 6582 6561 6560
f 6582 6560 6581
f 6581 6560 6559
f 6581 6559 6589
f 6589 6559 6567
f 6592 6574 6588
f 6588 6574 6566
f 6588 6566 6587
f 6587 6566 6565
f 6587 6565 6586
f 6586 6565 6564
f 6586 6564 6585
f 6585 6564 6563
f 6585 6563 6584
f 6584 6563 6562
f 6584 6562 6583
f 6583 6562 6561
f 6633 6617 6632
f 6632 6617 6616
f 6632 6616 6639
f 6639 6616 6623
f 6606 6622 6623
f 6606 6623 6599
f 6599 6623 6616
f 6599 6616 6600
f 6600 6616 6617
f 6635 6619 6634
f 6634 6619 6618
f 6634 6618 6633
f 6633 6618 6617
f 6635 6636 6620
f 6635 6620 6619
f 6619 6620 6603
f 6619 6603 6618
f 6618 6603 6602
f 6618 6602 6601
f 6618 6601 6617
f 6601 6583 6600
f 6600 6583 6582
f 6600 6582 6599
f 6599 6582 6581
f 6599 6581 6606
f 6606 6581 6589
f 6451 6471 6465
f 6465 6447 6451
f 6433 6447 6425
f 6425 6447 6441
f 6425 6441 6426
f 6426 6441 6442
f 6505 6465 6513
f 6513 6465 6471
f 6497 6458 6505
f 6427 6426 6442
f 6427 6442 6443
f 6443 6442 6458
f 6443 6458 6459
f 6423 6422 6438
f 6459 6455 6438
f 6459 6438 6437
f 6437 6438 6421
f 6422 6421 6438
f 6440 6439 6444
f 6498 6459 6458
f 6538 6498 6537
f 6537 6498 6497
f 6537 6497 6545
f 6545 6497 6505
f 6545 6505 6513
f 6497 6498 6505
f 6427 6443 6437
f 6459 6498 6499
f 6499 6498 6538
f 6499 6538 6539
f 6499 6539 6500
f 6539 6540 6500
f 6500 6540 6495
f 6495 6496 6456
f 6456 6455 6495
f 6495 6455 6500
f 6500 6455 6460
f 6500 6460 6499
f 6496 6501 6461
f 6496 6461 6456
f 6460 6455 6459
f 6460 6459 6499
f 6604 6586 6603
f 6603 6586 6585
f 6603 6585 6602
f 6602 6585 6584
f 6602 6584 6601
f 6601 6584 6583
f 6561 6539 6560
f 6560 6539 6538
f 6560 6538 6559
f 6559 6538 6537
f 6559 6537 6567
f 6567 6537 6545
f 6574 6550 6566
f 6566 6550 6544
f 6566 6544 6565
f 6565 6544 6543
f 6565 6543 6564
f 6564 6543 6542
f 6459 6437 6443
f 6437 6421 6427
f 6576 6574 6592
f 6576 6594 6596
f 6576 6596 6578
f 6647 6629 6627
f 6647 6627 6645
f 6591 6608 6592
f 6608 6609 6592
f 6592 6594 6576
f 6640 6656 6644
f 6640 6644 6624
f 6624 6644 6627
f 6624 6627 6608
f 6608 6627 6609
f 6609 6627 6611
f 6609 6611 6592
f 6592 6611 6594
f 6611 6627 6629
f 6611 6629 6613
f 6613 6596 6611
f 6611 6596 6594
f 6645 6627 6644
f 6659 6644 6656
f 6490 6492 6489
f 6487 6489 6492
f 6532 6557 6531
f 6487 6493 6532
f 6532 6493 6535
f 6531 6487 6532
f 6483 6487 6527
f 6527 6555 6553
f 6555 6577 6553
f 6597 6614 6612
f 6612 6614 6630
f 6612 6630 6628
f 6597 6612 6595
f 6595 6577 6597
f 6557 6579 6555
f 6557 6555 6531
f 6531 6555 6527
f 6531 6527 6487
f 6555 6579 6577
f 6577 6579 6597
f 6534 6530 6556
f 6556 6554 6578
f 6530 6486 6556
f 6556 6530 6554
f 6534 6492 6530
f 6494 6492 6534
f 6534 6533 6494
f 6494 6533 6536
f 6596 6613 6598
f 6596 6598 6578
f 6629 6631 6613
f 6613 6631 6615
f 6613 6615 6598
f 6558 6534 6556
f 6558 6556 6580
f 6578 6598 6580
f 6578 6580 6556
f 6486 6530 6492
f 6487 6492 6494
f 6536 6493 6487
f 6536 6487 6494
f 6536 6535 6493
f 6687 6817 6809
f 6714 6687 6809
f 6809 6808 6714
f 6808 6713 6714
f 6817 6687 6816
f 6816 6687 6686
f 6682 6812 6684
f 6684 6812 6814
f 6684 6814 6685
f 6685 6814 6815
f 6685 6815 6686
f 6686 6815 6816
f 6696 6722 6717
f 6696 6717 6738
f 6696 6738 6752
f 6696 6770 6786
f 6696 6691 6722
f 6752 6765 6696
f 6696 6765 6770
f 6696 6786 6791
f 6810 6680 6681
f 6681 6811 6810
f 6811 6681 6700
f 6811 6700 6795
f 6795 6700 6695
f 6795 6695 6790
f 6790 6695 6696
f 6790 6696 6791
f 6680 6810 6683
f 6683 6810 6813
f 6683 6813 6812
f 6683 6812 6682
f 6734 6713 6808
f 6808 6782 6734
f 6782 6733 6734
f 6733 6782 6781
f 6733 6762 6748
f 6733 6781 6762
f 6777 6759 6778
f 6782 6762 6781
f 6761 6747 6748
f 6748 6762 6761
f 6778 6779 6802
f 6777 6778 6799
f 6799 6778 6802
f 6776 6777 6796
f 6796 6777 6799
f 6796 6799 6797
f 6797 6799 6800
f 6760 6779 6778
f 6778 6759 6760
f 6777 6776 6759
f 6746 6760 6759
f 6787 6773 6772
f 6772 6773 6767
f 6766 6772 6767
f 6768 6763 6750
f 6768 6750 6767
f 6767 6750 6754
f 6757 6744 6758
f 6758 6744 6745
f 6757 6743 6744
f 6742 6755 6756
f 6742 6741 6755
f 6755 6741 6743
f 6755 6743 6757
f 6750 6749 6754
f 6756 6772 6753
f 6753 6772 6766
f 6754 6740 6739
f 6753 6754 6739
f 6740 6754 6735
f 6735 6754 6749
f 6735 6749 6736
f 6736 6749 6750
f 6753 6739 6756
f 6756 6739 6742
f 6812 6813 6794
f 6794 6813 6810
f 6755 6771 6774
f 6797 6776 6796
f 6798 6793 6792
f 6756 6755 6771
f 6774 6776 6775
f 6775 6776 6797
f 6775 6797 6792
f 6793 6788 6787
f 6787 6788 6773
f 6773 6788 6767
f 6789 6788 6793
f 6789 6793 6794
f 6792 6793 6787
f 6772 6775 6787
f 6787 6775 6792
f 6789 6784 6783
f 6783 6784 6767
f 6788 6789 6783
f 6783 6767 6788
f 6768 6767 6784
f 6774 6775 6772
f 6754 6753 6766
f 6754 6766 6767
f 6794 6793 6812
f 6812 6793 6798
f 6812 6798 6814
f 6814 6798 6801
f 6817 6816 6805
f 6805 6816 6803
f 6779 6780 6804
f 6804 6780 6806
f 6804 6806 6805
f 6805 6806 6807
f 6746 6747 6760
f 6760 6747 6761
f 6761 6762 6780
f 6780 6762 6782
f 6780 6782 6806
f 6806 6782 6808
f 6806 6808 6807
f 6807 6808 6809
f 6816 6815 6803
f 6803 6815 6801
f 6803 6801 6800
f 6800 6801 6797
f 6803 6804 6805
f 6800 6804 6803
f 6815 6814 6801
f 6801 6798 6797
f 6797 6798 6792
f 6774 6772 6771
f 6771 6772 6756
f 6759 6758 6745
f 6759 6745 6746
f 6809 6817 6807
f 6807 6817 6805
f 6800 6799 6804
f 6804 6799 6802
f 6804 6802 6779
f 6780 6779 6761
f 6761 6779 6760
f 6758 6759 6776
f 6758 6776 6757
f 6757 6776 6774
f 6757 6774 6755
f 6764 6770 6765
f 6764 6765 6751
f 6751 6765 6752
f 6770 6764 6769
f 6785 6786 6769
f 6770 6769 6786
f 6810 6811 6794
f 6794 6811 6795
f 6768 6784 6785
f 6763 6764 6750
f 6751 6750 6764
f 6764 6763 6769
f 6769 6763 6768
f 6795 6790 6789
f 6795 6789 6794
f 6789 6790 6784
f 6790 6791 6785
f 6791 6786 6785
f 6785 6769 6768
f 6751 6750 6737
f 6785 6784 6790
f 6680 6683 6682
f 6734 6733 6748
f 6731 6732 6746
f 6732 6747 6746
f 6730 6729 6707
f 6707 6729 6704
f 6729 6728 6704
f 6704 6728 6701
f 6704 6701 6702
f 6704 6702 6705
f 6693 6725 6719
f 6701 6728 6702
f 6728 6726 6702
f 6702 6726 6727
f 6702 6727 6697
f 6718 6719 6724
f 6724 6719 6725
f 6724 6725 6692
f 6692 6725 6693
f 6743 6726 6744
f 6744 6726 6728
f 6744 6728 6729
f 6745 6744 6729
f 6745 6729 6730
f 6746 6745 6730
f 6746 6730 6731
f 6723 6726 6743
f 6723 6743 6741
f 6724 6723 6741
f 6724 6741 6742
f 6724 6727 6726
f 6724 6726 6723
f 6719 6718 6739
f 6719 6739 6740
f 6694 6699 6698
f 6698 6699 6703
f 6740 6735 6719
f 6693 6694 6698
f 6689 6719 6720
f 6715 6720 6719
f 6715 6719 6736
f 6735 6736 6740
f 6740 6736 6719
f 6719 6688 6693
f 6703 6682 6706
f 6706 6682 6684
f 6706 6684 6708
f 6708 6684 6685
f 6708 6685 6710
f 6710 6685 6686
f 6710 6686 6687
f 6710 6687 6712
f 6712 6687 6714
f 6732 6731 6711
f 6711 6731 6709
f 6711 6709 6710
f 6711 6710 6712
f 6748 6747 6732
f 6748 6732 6734
f 6734 6732 6711
f 6734 6711 6713
f 6713 6711 6712
f 6713 6712 6714
f 6692 6693 6697
f 6697 6693 6698
f 6706 6705 6703
f 6697 6727 6724
f 6718 6724 6742
f 6718 6742 6739
f 6692 6697 6724
f 6710 6709 6708
f 6708 6709 6705
f 6731 6730 6707
f 6731 6707 6709
f 6709 6707 6704
f 6709 6704 6705
f 6688 6719 6689
f 6688 6689 6694
f 6688 6694 6693
f 6697 6698 6702
f 6702 6698 6703
f 6706 6708 6705
f 6699 6680 6682
f 6699 6682 6703
f 6702 6703 6705
f 6681 6680 6699
f 6722 6691 6690
f 6722 6690 6721
f 6737 6717 6716
f 6716 6717 6722
f 6716 6722 6721
f 6737 6738 6717
f 6751 6752 6738
f 6738 6737 6751
f 6696 6695 6691
f 6691 6695 6690
f 6700 6681 6699
f 6700 6699 6695
f 6695 6699 6694
f 6750 6751 6736
f 6736 6751 6737
f 6716 6736 6737
f 6716 6721 6720
f 6716 6720 6715
f 6716 6715 6736
f 6694 6689 6695
f 6695 6689 6690
f 6689 6720 6721
f 6690 6689 6721
