v -0.111712538 0.306630582 0.189565346
v -0.112376645 0.307887971 0.179037333
v -0.111857206 0.304435372 0.189374655
v -0.112529039 0.305707395 0.178724140
v -0.107803315 0.312972307 0.190295726
v -0.108494632 0.314281195 0.179336429
v -0.108908832 0.310706705 0.189870834
v -0.109207474 0.310584575 0.187711030
v -0.109602898 0.311333269 0.181442380
v -0.109572932 0.311968148 0.179363266
v -0.109925985 0.307167500 0.189079374
v -0.110540651 0.307553113 0.187476844
v -0.110941507 0.308312058 0.181122199
v -0.110542111 0.308333337 0.179391593
v -0.110281341 0.302998811 0.188771725
v -0.110786952 0.303835362 0.187016398
v -0.111183845 0.304586828 0.180724546
v -0.110900842 0.304203391 0.178788364
v -0.110079013 0.300535411 0.188175023
v -0.110035650 0.300621420 0.186560005
v -0.110431537 0.301339358 0.180355147
v -0.110670485 0.301645070 0.178709492
v -0.108947814 0.297755927 0.188247979
v -0.109598674 0.298991889 0.177886441
v -0.105981000 0.313666195 0.190401226
v -0.106689356 0.315007359 0.179171711
v -0.105290838 0.309832126 0.190223783
v -0.106039345 0.311249286 0.178357854
v -0.107183047 0.306539416 0.189963177
v -0.107933201 0.307959706 0.178071156
v -0.107114121 0.302710950 0.189501584
v -0.107864268 0.304131240 0.177609563
v -0.106047750 0.299948722 0.189104423
v -0.106797904 0.301369011 0.177212402
v -0.107093230 0.296472132 0.188328683
v -0.107790552 0.297792405 0.177274331
v -0.101071216 0.315773934 0.190027669
v -0.101319067 0.316134989 0.186710984
v -0.101593629 0.316614896 0.182735130
v -0.101740479 0.317041069 0.179417998
v -0.102499373 0.315161288 0.190573499
v -0.102112763 0.315014541 0.185907990
v -0.102346122 0.315240234 0.183319062
v -0.103234172 0.316552490 0.178924963
v -0.101759709 0.311257631 0.190184578
v -0.102509864 0.312677920 0.178292558
v -0.103050157 0.298642248 0.188759297
v -0.103800304 0.300062537 0.176867276
v -0.103479750 0.294778228 0.188307658
v -0.103503585 0.295765847 0.183674693
v -0.103764512 0.296004176 0.181307971
v -0.104349419 0.296202153 0.176473692
v -0.102679513 0.294133544 0.187626079
v -0.102941476 0.294542462 0.184237316
v -0.103207015 0.295025408 0.180258229
v -0.103358880 0.295419812 0.176856294
v -0.099190675 0.315621674 0.189974457
v -0.099086754 0.316027224 0.186262459
v -0.099251524 0.316421747 0.182903156
v -0.099965446 0.316908717 0.179165974
v -0.098840073 0.314958215 0.190496147
v -0.098918326 0.314534068 0.185721993
v -0.099084310 0.314870417 0.183007404
v -0.099596761 0.316392154 0.178499311
v -0.098386794 0.310867846 0.189925253
v -0.099136949 0.312288135 0.178033233
v -0.099425755 0.298469037 0.188509971
v -0.100175910 0.299889326 0.176617965
v -0.101643793 0.294474304 0.188280299
v -0.100606173 0.296091467 0.183713064
v -0.100723766 0.296432883 0.180898562
v -0.102406427 0.295951754 0.176159084
v -0.101716153 0.294032991 0.187674522
v -0.100667082 0.294418514 0.183626816
v -0.100864820 0.294788599 0.180553094
v -0.102410533 0.295347691 0.176666632
v -0.094945364 0.314243406 0.189902678
v -0.095669672 0.315614730 0.178420469
v -0.096772254 0.310113102 0.189733267
v -0.097522408 0.311533391 0.177841246
v -0.094482064 0.302797943 0.188715130
v -0.095232219 0.304218233 0.176823124
v -0.096403457 0.300047636 0.188507870
v -0.097153611 0.301467925 0.176615849
v -0.095849141 0.294175357 0.187704399
v -0.096590973 0.295579880 0.175944299
v -0.096833952 0.293724775 0.187251449
v -0.097518630 0.295021117 0.176397339
v -0.092050843 0.312738121 0.189448297
v -0.092768833 0.314115167 0.178179175
v -0.092243075 0.309952468 0.189428389
v -0.092993230 0.311372757 0.177536368
v -0.091941945 0.303198904 0.188067570
v -0.090803541 0.303551376 0.184328258
v -0.091090001 0.304040909 0.180268437
v -0.092625782 0.304493636 0.177226812
v -0.091288321 0.297955245 0.183303252
v -0.091478869 0.298273444 0.180291578
v -0.092742950 0.295557886 0.187167034
v -0.091444977 0.297094822 0.184347063
v -0.091886200 0.297525644 0.179551527
v -0.093410797 0.296858042 0.176427051
v -0.090441748 0.303641260 0.183016136
v -0.090591535 0.303832144 0.181009859
v -0.090824269 0.298095375 0.182678446
v -0.090951264 0.298291892 0.180882990
v -0.080896452 0.295296878 0.192110419
v -0.080534846 0.298472315 0.192602679
v -0.080134876 0.301354408 0.192308798
v -0.082174174 0.293730408 0.190628454
v -0.083140410 0.295750380 0.191338897
v -0.083714619 0.299032420 0.191385999
v -0.082593605 0.302389473 0.191613108
v -0.082723171 0.306786120 0.190846801
v -0.084832847 0.298687875 0.190429330
v -0.086460985 0.304263741 0.189453676
v -0.085099012 0.307259828 0.189930558
v -0.084906250 0.309233785 0.189071879
v -0.087048620 0.304854840 0.188595980
v -0.087584354 0.307800531 0.187807232
v -0.086498402 0.309668750 0.187847897
v -0.075748876 0.296043634 0.191620067
v -0.075642861 0.298505902 0.192319974
v -0.075468048 0.300631315 0.192197949
v -0.078413591 0.293196410 0.189557970
v -0.078861065 0.294387013 0.191221029
v -0.077624887 0.299159557 0.192635044
v -0.078327209 0.302844465 0.191910475
v -0.077087812 0.304722041 0.191209555
v -0.077931687 0.308163673 0.190440476
v -0.081188098 0.292828083 0.188319057
v -0.080505796 0.303508490 0.191513121
v -0.080985568 0.307765216 0.190600157
v -0.079941399 0.309326559 0.189887658
v -0.082763858 0.297598690 0.186128750
v -0.083277315 0.297882140 0.187994435
v -0.083165668 0.310490042 0.188556686
v -0.085365750 0.304648846 0.185322046
v -0.087559231 0.309196442 0.185898870
v -0.085344151 0.311115980 0.185704172
v -0.086843729 0.309367210 0.182222500
v -0.086735241 0.309998840 0.183337539
v -0.073619083 0.295216054 0.189917028
v -0.072472267 0.298513919 0.190700158
v -0.072885416 0.301972508 0.191018194
v -0.072953269 0.304999232 0.190166771
v -0.076998532 0.292439461 0.187559560
v -0.076109648 0.293735385 0.189726070
v -0.074634291 0.301751941 0.189894542
v -0.074728653 0.305860072 0.190075770
v -0.075702846 0.309645802 0.189005286
v -0.079386123 0.290520132 0.182977527
v -0.078899577 0.291590780 0.185331807
v -0.077672102 0.307558835 0.188188657
v -0.077425472 0.310217202 0.188622922
v -0.077798165 0.312516063 0.186960205
v -0.080500022 0.290392160 0.182388067
v -0.081726231 0.291428477 0.184012711
v -0.083122760 0.296932876 0.183901146
v -0.081032567 0.312271744 0.186723158
v -0.079564407 0.313156903 0.185387626
v -0.084530689 0.289822966 0.179759726
v -0.084596835 0.295821369 0.181386873
v -0.085250832 0.304135650 0.182222024
v -0.083939694 0.312042832 0.183105454
v -0.081869468 0.312959403 0.184190899
v -0.087184079 0.287837654 0.176037520
v -0.086678825 0.289362013 0.177505448
v -0.088009298 0.293200523 0.177530393
v -0.087588497 0.298417509 0.177914739
v -0.087684840 0.299321294 0.177806109
v -0.087063715 0.308462083 0.180554062
v -0.085025094 0.310978502 0.180276349
v -0.088671088 0.288344532 0.175051540
v -0.089361928 0.290334046 0.175150514
v -0.089575119 0.293994576 0.176061153
v -0.089431487 0.298220217 0.176218182
v -0.089057036 0.301292926 0.176822156
v -0.089852951 0.305159628 0.176403224
v -0.087603278 0.308627009 0.177275226
v -0.091237843 0.292159855 0.173282981
v -0.091563001 0.294699669 0.173328340
v -0.092085332 0.297991157 0.173335224
v -0.091972835 0.301874757 0.173809052
v -0.090898529 0.305522978 0.174236506
v -0.089472085 0.307261109 0.175096437
v -0.093440771 0.296446055 0.170694500
v -0.093426675 0.299133152 0.171694890
v -0.093318410 0.302290291 0.171986789
v -0.092501715 0.304489881 0.172331750
v -0.068633080 0.299496293 0.188959897
v -0.071937844 0.293222040 0.186525777
v -0.071944572 0.295765579 0.188356787
v -0.071022063 0.298669815 0.189127505
v -0.069266662 0.301645607 0.188629299
v -0.070743777 0.305609792 0.188795477
v -0.070590362 0.308546007 0.187705785
v -0.073471285 0.292008460 0.185223982
v -0.073566593 0.295548707 0.187619865
v -0.072416671 0.310444206 0.187450737
v -0.072758332 0.312066853 0.186466992
v -0.077778503 0.290109158 0.182326898
v -0.077090487 0.290910572 0.184124082
v -0.075313851 0.313156307 0.185681328
v -0.080373868 0.289367288 0.180649146
v -0.079212986 0.311786056 0.183444604
v -0.077721633 0.314120263 0.183072671
v -0.083072163 0.287456423 0.177236393
v -0.082421623 0.288646579 0.179191172
v -0.080650240 0.313229024 0.178222612
v -0.079906084 0.313671142 0.180083364
v -0.085067295 0.286997616 0.175588757
v -0.085303701 0.288704723 0.176641449
v -0.086028881 0.298408717 0.176223531
v -0.084168613 0.311517894 0.178632870
v -0.087914504 0.285254240 0.171214998
v -0.088507645 0.286896110 0.173193052
v -0.087415211 0.298186064 0.175254062
v -0.087062255 0.300048977 0.175495610
v -0.088063426 0.304771185 0.174392581
v -0.086993739 0.309273154 0.175299779
v -0.085634917 0.310403109 0.176274061
v -0.088874526 0.285328090 0.170215502
v -0.090701327 0.287458122 0.170164496
v -0.091557577 0.290820807 0.171924308
v -0.092472754 0.293178052 0.171224549
v -0.089757986 0.306688994 0.172817916
v -0.089008480 0.307962388 0.172871783
v -0.091680638 0.288203120 0.167518690
v -0.092541263 0.290556580 0.167982683
v -0.093413956 0.294299394 0.169005468
v -0.094415791 0.297668815 0.168693751
v -0.093461238 0.302649587 0.169944555
v -0.092110455 0.305693507 0.170404583
v -0.093719691 0.293571770 0.165678278
v -0.094553202 0.296539009 0.165767908
v -0.095025226 0.300153077 0.166188598
v -0.094558135 0.302701682 0.167162016
v -0.092545964 0.305624247 0.167617723
v -0.066819422 0.296243608 0.186411411
v -0.066442668 0.298217088 0.187136680
v -0.066494517 0.301491797 0.187523067
v -0.069300614 0.293021530 0.184760213
v -0.068128325 0.295687407 0.185500294
v -0.066943720 0.297378927 0.185146466
v -0.068454765 0.301296681 0.187287793
v -0.067571409 0.306202173 0.186600924
v -0.068038851 0.309345275 0.185589731
v -0.072376207 0.290113091 0.180783331
v -0.070761688 0.291433334 0.182919651
v -0.069400422 0.311116368 0.185306370
v -0.070241570 0.312591583 0.184616938
v -0.075544901 0.289308608 0.179995999
v -0.072712697 0.314681351 0.182213470
v -0.077193409 0.288217157 0.177948818
v -0.075929180 0.314925373 0.180125743
v -0.080636144 0.286574543 0.174306482
v -0.077746339 0.314379245 0.177809194
v -0.083875492 0.284592927 0.171116441
v -0.081718996 0.286895007 0.172401682
v -0.081470445 0.288878560 0.172347069
v -0.081551664 0.312510133 0.175849661
v -0.085451640 0.284052074 0.169466257
v -0.085427716 0.304276824 0.170602486
v -0.084661961 0.310552627 0.172118708
v -0.083399639 0.311317205 0.173339501
v -0.088360004 0.284718007 0.166817352
v -0.088328488 0.286129564 0.169487521
v -0.086363435 0.305160552 0.169843286
v -0.086863324 0.309191674 0.170059934
v -0.089762203 0.285545468 0.165514186
v -0.091129720 0.287678093 0.165286481
v -0.090151444 0.307128191 0.166932464
v -0.088674419 0.308022112 0.167496815
v -0.092918657 0.292413503 0.163557947
v -0.094154142 0.296138525 0.163291022
v -0.093535230 0.300240546 0.164181948
v -0.093754135 0.303861171 0.164352000
v -0.091970116 0.305822968 0.165399373
v -0.093882568 0.296852231 0.161692530
v -0.094452120 0.299592614 0.162423640
v -0.094238192 0.302425414 0.163076222
v -0.064296238 0.295330256 0.183890432
v -0.064066991 0.298186123 0.183955416
v -0.063603304 0.302387625 0.184878543
v -0.065844275 0.291770250 0.180511579
v -0.064509965 0.295304954 0.181929007
v -0.064730167 0.297772735 0.183803484
v -0.064963080 0.306502253 0.184181899
v -0.065220252 0.309822947 0.182722643
v -0.070001595 0.289848924 0.179100484
v -0.066637650 0.311460048 0.182639390
v -0.067567930 0.313218474 0.181967452
v -0.072401233 0.288675666 0.177339315
v -0.069245443 0.311623693 0.178356200
v -0.070011705 0.314731419 0.179311261
v -0.074832596 0.286921054 0.173984945
v -0.073925495 0.291927248 0.173357964
v -0.072343618 0.309897155 0.175563723
v -0.072599053 0.315781862 0.177251011
v -0.077414200 0.285358548 0.171043277
v -0.076062791 0.307824790 0.172212601
v -0.074703656 0.315268308 0.175499126
v -0.081114516 0.284368753 0.169892490
v -0.081546776 0.288395643 0.169413999
v -0.079254657 0.289360255 0.170201451
v -0.079241090 0.313394874 0.174300388
v -0.077762239 0.313874871 0.173078805
v -0.083785668 0.283859700 0.166982517
v -0.082749233 0.286725700 0.166641399
v -0.081006274 0.305657059 0.168297544
v -0.080779105 0.307557553 0.168314844
v -0.081184514 0.311956108 0.169752091
v -0.086298689 0.284767270 0.164235279
v -0.085676707 0.286198109 0.166116670
v -0.084531888 0.306085527 0.167464167
v -0.085213669 0.309761316 0.167158902
v -0.087984666 0.285866410 0.162462085
v -0.089887023 0.287781894 0.161840171
v -0.088439703 0.307866246 0.164815113
v -0.087095596 0.308517754 0.164547414
v -0.091621943 0.292234331 0.160799369
v -0.092015401 0.299588144 0.160505295
v -0.090035476 0.306536138 0.162390262
v -0.092550337 0.296853453 0.159067973
v -0.092396915 0.299965382 0.159051001
v -0.092486374 0.303867459 0.160742864
v -0.061384443 0.295617163 0.181684151
v -0.061399177 0.298118025 0.181987345
v -0.062692456 0.303907484 0.183423936
v -0.064177021 0.291615188 0.178948119
v -0.063845009 0.297464877 0.182116643
v -0.062695436 0.306520015 0.181773290
v -0.063212477 0.309923530 0.180389196
v -0.067546010 0.289597392 0.177005276
v -0.064030729 0.311635822 0.179801658
v -0.065095417 0.313254893 0.179592296
v -0.070243590 0.287110269 0.171952143
v -0.069235802 0.288398951 0.174923941
v -0.067840271 0.312132269 0.178500488
v -0.067456312 0.313803852 0.177999645
v -0.072571427 0.286678404 0.172166467
v -0.073382065 0.291862100 0.172343463
v -0.071624957 0.309720874 0.173853621
v -0.075343184 0.285078675 0.169065103
v -0.073670924 0.308507085 0.171708599
v -0.074344464 0.315264285 0.173777819
v -0.078532904 0.283971816 0.167306885
v -0.079131827 0.288263857 0.165550277
v -0.076318383 0.314278305 0.171644464
v -0.081317708 0.284006625 0.163789868
v -0.081260517 0.286870539 0.165087834
v -0.079173721 0.312606335 0.167969972
v -0.082059421 0.282610238 0.160960674
v -0.083966382 0.284554839 0.162057564
v -0.082440160 0.286381721 0.162411109
v -0.082082063 0.310809880 0.164050147
v -0.085498668 0.284611285 0.159265935
v -0.084642231 0.309203088 0.161169097
v -0.087240890 0.289156318 0.156898692
v -0.089628093 0.293857396 0.156701446
v -0.086865515 0.307640553 0.159006417
v -0.090663552 0.297067732 0.156274825
v -0.091119736 0.299527824 0.156248271
v -0.089998491 0.303592473 0.156192452
v -0.088490516 0.306221724 0.157574564
v -0.060964093 0.293266267 0.178842664
v -0.059767898 0.295536935 0.179871783
v -0.058964316 0.298896462 0.180419385
v -0.059207682 0.302411467 0.180025682
v -0.061766237 0.291503310 0.176480487
v -0.060109805 0.306618243 0.178624272
v -0.065179087 0.289390773 0.174671113
v -0.061698537 0.311664999 0.176833168
v -0.062662721 0.313417792 0.176756293
v -0.068845831 0.286988229 0.170503557
v -0.066988513 0.288181722 0.172687128
v -0.065270185 0.315699130 0.175707966
v -0.066928141 0.316449493 0.174520791
v -0.070752151 0.285855830 0.168281049
v -0.069642805 0.292657107 0.170445129
v -0.068718463 0.310067624 0.171269462
v -0.069192387 0.316542566 0.172644064
v -0.068071142 0.316609204 0.173604980
v -0.072672658 0.284848124 0.166171253
v -0.072932042 0.308003336 0.168632016
v -0.070826583 0.316106051 0.171155795
v -0.075181544 0.283713967 0.163555726
v -0.075272039 0.306620240 0.166199699
v -0.074294969 0.307216823 0.167293280
v -0.075502113 0.313863903 0.166413441
v -0.073474973 0.314942747 0.168608606
v -0.078752548 0.282766879 0.161131635
v -0.077849932 0.288053751 0.162926450
v -0.077001780 0.305388659 0.163546503
v -0.077516504 0.312695593 0.163957775
v -0.079806179 0.286257505 0.158276781
v -0.079387046 0.286474526 0.158586875
v -0.079627618 0.311421514 0.161361694
v -0.082291402 0.309748650 0.158338130
v -0.087453783 0.299904019 0.155515969
v -0.084533729 0.308130056 0.156004936
v -0.087680198 0.299900740 0.153517917
v -0.087517217 0.304026514 0.152902499
v -0.086119249 0.306679040 0.154436842
v -0.057824180 0.293308139 0.175327733
v -0.056673586 0.295589864 0.176276967
v -0.056618169 0.298682719 0.176773116
v -0.056351367 0.302456945 0.176489785
v -0.059439015 0.291546822 0.173939943
v -0.058908124 0.297573179 0.175762177
v -0.058123454 0.306640893 0.176221818
v -0.059534695 0.309366912 0.176296517
v -0.062172290 0.289389044 0.171509549
v -0.060791466 0.311791271 0.176016048
v -0.060241863 0.313898265 0.173376113
v -0.066094860 0.286935627 0.167461455
v -0.064118408 0.288141459 0.169610411
v -0.061647307 0.315574467 0.172500029
v -0.063205376 0.316545337 0.171431974
v -0.068035759 0.285829604 0.165230304
v -0.067463145 0.292299807 0.165983424
v -0.067026027 0.309943765 0.168432876
v -0.065502420 0.316991568 0.169707835
v -0.069924779 0.284859836 0.163052946
v -0.067769848 0.316595554 0.167892799
v -0.072372250 0.283762515 0.160250515
v -0.071607202 0.314956307 0.164547816
v -0.078416258 0.282555610 0.158575654
v -0.075133808 0.283006281 0.158816531
v -0.075855263 0.287758440 0.158972904
v -0.074889623 0.313205093 0.161159098
v -0.080005474 0.282742381 0.157044545
v -0.079366252 0.286180317 0.157355577
v -0.078694746 0.286593169 0.158118695
v -0.077126935 0.311882615 0.158587411
v -0.082477525 0.284872115 0.155006155
v -0.079272784 0.310550690 0.156124786
v -0.084548280 0.289264560 0.153538287
v -0.082595535 0.308055669 0.152410746
v -0.081520960 0.308967561 0.153601870
v -0.086303674 0.294153333 0.152488291
v -0.087387398 0.297491431 0.152025104
v -0.083587691 0.307025164 0.151294172
v -0.053838313 0.296044111 0.172619984
v -0.053248346 0.299310118 0.173204288
v -0.053514808 0.301999032 0.173085630
v -0.056758970 0.292214155 0.171381176
v -0.056994077 0.296994686 0.170762002
v -0.053992547 0.304012567 0.172768548
v -0.055646956 0.307009965 0.172690630
v -0.056795593 0.309797853 0.172578394
v -0.059982836 0.289639831 0.169060096
v -0.057488367 0.311753392 0.171654955
v -0.057254314 0.313770592 0.169931412
v -0.062844731 0.287578464 0.165040880
v -0.061283540 0.288503915 0.166558430
v -0.062733904 0.293539941 0.164541781
v -0.061515305 0.311580300 0.167535752
v -0.059089519 0.316005439 0.168639883
v -0.060652193 0.316937357 0.167535260
v -0.065281197 0.286171585 0.162169978
v -0.064174458 0.292877048 0.163815260
v -0.064185768 0.309925199 0.164446428
v -0.063201413 0.310789049 0.166622624
v -0.062371675 0.317208618 0.166250631
v -0.067093819 0.285234898 0.159915149
v -0.064604662 0.309526503 0.163393363
v -0.064658850 0.316886365 0.164520755
v -0.070945106 0.283907175 0.158567250
v -0.068657517 0.315341771 0.161544666
v -0.076081350 0.282678694 0.155467153
v -0.073633224 0.283064216 0.156021044
v -0.074366629 0.287823707 0.157190099
v -0.071606353 0.313901365 0.159030870
v -0.075985141 0.282903314 0.153452843
v -0.075616308 0.286481738 0.153424770
v -0.075577497 0.286772758 0.154560953
v -0.073977664 0.312560141 0.156526744
v -0.079713434 0.285148948 0.151355773
v -0.077282213 0.310470283 0.152725577
v -0.081141397 0.289097607 0.149659440
v -0.081084207 0.291367859 0.148152977
v -0.078939378 0.309234589 0.150757715
v -0.083633959 0.294416398 0.149257973
v -0.084715493 0.297763765 0.148789242
v -0.085209161 0.300301760 0.148699492
v -0.084190615 0.304380178 0.148793980
v -0.082262382 0.307145447 0.149743646
v -0.055108868 0.292306632 0.168584615
v -0.053590424 0.306615770 0.170404434
v -0.057157513 0.290284812 0.165565193
v -0.055448182 0.311822236 0.168978006
v -0.055698514 0.313016206 0.168705702
v -0.060519181 0.288041115 0.161535576
v -0.059688520 0.289082170 0.161883473
v -0.062302910 0.293542653 0.163959503
v -0.062292404 0.287002206 0.159291431
v -0.063648060 0.292037725 0.159659296
v -0.062133696 0.293059617 0.161751851
v -0.067785263 0.284755975 0.157363400
v -0.063812904 0.291595906 0.158080116
v -0.064067602 0.309369355 0.162011489
v -0.069248810 0.284176141 0.155500129
v -0.065669604 0.315534532 0.158291116
v -0.071079127 0.283631206 0.153388768
v -0.070056722 0.306790441 0.153958440
v -0.068829842 0.314158916 0.156242594
v -0.075192578 0.283060551 0.151852533
v -0.074379742 0.284277231 0.150863230
v -0.071893826 0.305790722 0.152400941
v -0.071578577 0.309039861 0.152850956
v -0.071324430 0.312838167 0.153960168
v -0.077319190 0.285854191 0.148855329
v -0.073661409 0.307902813 0.151070490
v -0.074655585 0.310734183 0.150144994
v -0.078393057 0.288627446 0.147036970
v -0.079719089 0.291690052 0.146522552
v -0.079967774 0.308290392 0.149478644
v -0.076297820 0.309469819 0.148132950
v -0.080907807 0.294804007 0.146040767
v -0.081908956 0.297951788 0.145588800
v -0.082347825 0.300399154 0.145463660
v -0.082050227 0.304431021 0.146385446
v -0.080887020 0.307210356 0.148249730
v -0.051217880 0.296807766 0.168908343
v -0.050781474 0.299255580 0.169423699
v -0.050997309 0.302336901 0.169486791
v -0.053764489 0.292724997 0.166734129
v -0.051970161 0.295121521 0.168221369
v -0.050928190 0.297984004 0.166454583
v -0.051471911 0.304212779 0.169239730
v -0.051790517 0.306918621 0.167635113
v -0.055533338 0.295812905 0.163919717
v -0.053135797 0.311695188 0.165919930
v -0.053631116 0.313418448 0.165412009
v -0.059203293 0.289281934 0.160933539
v -0.057223726 0.294394612 0.160449028
v -0.056586210 0.296475142 0.160696551
v -0.056464739 0.312435985 0.164079994
v -0.056098554 0.314427853 0.165252775
v -0.057630248 0.316925496 0.163979396
v -0.060753275 0.287557662 0.157810569
v -0.060220174 0.293377757 0.159310818
v -0.059413023 0.295890838 0.158509925
v -0.060727142 0.310023755 0.160087436
v -0.060017969 0.310418934 0.160726443
v -0.061024345 0.317136645 0.161460042
v -0.059315313 0.317257434 0.162736923
v -0.065505691 0.285397947 0.155171081
v -0.063278787 0.286336958 0.156282604
v -0.064416513 0.291042715 0.156649798
v -0.061055440 0.309809059 0.159661725
v -0.062160809 0.316848874 0.160628766
v -0.066188492 0.285145432 0.152569965
v -0.065441415 0.290258288 0.154854208
v -0.064493410 0.308849901 0.154717743
v -0.064542279 0.311666995 0.153902844
v -0.064233661 0.315553367 0.156564221
v -0.068796121 0.284429789 0.150700733
v -0.068574123 0.307448149 0.154605925
v -0.067611203 0.309988052 0.154364407
v -0.067246750 0.314119697 0.154016063
v -0.071400553 0.284074426 0.148662880
v -0.070419945 0.312024862 0.149508506
v -0.069319241 0.312989324 0.151951104
v -0.074284375 0.285921961 0.145929515
v -0.075520501 0.288004696 0.144945249
v -0.073348738 0.302353293 0.146108359
v -0.073333159 0.307389975 0.148522019
v -0.072246566 0.311088860 0.148351446
v -0.076258250 0.289325923 0.144663110
v -0.077567555 0.292184979 0.144133613
v -0.075158224 0.306502908 0.145750135
v -0.073589608 0.309765726 0.145766586
v -0.077926077 0.295180231 0.142828375
v -0.078847438 0.298070997 0.142412633
v -0.079287581 0.300376952 0.142351925
v -0.078502707 0.304748058 0.143059626
v -0.077434741 0.307380766 0.144869819
v -0.048407882 0.300497144 0.165761590
v -0.051243830 0.293724418 0.162980452
v -0.049595404 0.296753347 0.163160294
v -0.048578005 0.298846751 0.165444165
v -0.048800331 0.303242236 0.165769964
v -0.049368873 0.306887567 0.164058238
v -0.052943081 0.292195916 0.161604390
v -0.052282259 0.297082394 0.161468580
v -0.052300595 0.298935741 0.161164790
v -0.050803136 0.311563164 0.162548706
v -0.051904634 0.313761711 0.162371248
v -0.056639738 0.289686292 0.158701628
v -0.055406578 0.311879575 0.160348549
v -0.053844567 0.316103756 0.161012203
v -0.059240088 0.288157493 0.156152502
v -0.057291165 0.310203791 0.156092659
v -0.055985659 0.311024308 0.157649428
v -0.056409977 0.317180723 0.159172341
v -0.061611328 0.286913931 0.153216198
v -0.060157247 0.291916043 0.154355630
v -0.060934585 0.294224054 0.153791040
v -0.058901887 0.309393644 0.154998422
v -0.058662798 0.316967905 0.157529622
v -0.064190082 0.285996825 0.149922743
v -0.064272329 0.287888736 0.151447684
v -0.061155394 0.309214741 0.153447911
v -0.062269162 0.312142372 0.152716607
v -0.062850192 0.315532535 0.154822156
v -0.066138826 0.285789400 0.147829384
v -0.067816161 0.287849516 0.148276702
v -0.065524407 0.313890129 0.150928736
v -0.069656216 0.285325706 0.146137461
v -0.067750990 0.287163854 0.145383984
v -0.067933030 0.308579922 0.145951465
v -0.067712151 0.311067820 0.146865442
v -0.066431537 0.313040167 0.148602217
v -0.071969137 0.286351681 0.144341052
v -0.072308503 0.289226830 0.142405748
v -0.072948419 0.302099437 0.144519463
v -0.068977371 0.311005354 0.145595104
v -0.073916592 0.290072709 0.142573923
v -0.074329071 0.292954117 0.141478106
v -0.075389303 0.295668662 0.140880689
v -0.072264627 0.301961780 0.143015206
v -0.073539458 0.305746913 0.142089278
v -0.074472740 0.307496727 0.143318638
v -0.076315798 0.298433959 0.140452772
v -0.076835640 0.300647527 0.140452445
v -0.076234646 0.303900570 0.140696049
v -0.075103015 0.306302458 0.141467780
v -0.048216417 0.297111601 0.160861447
v -0.046366446 0.300479233 0.161881417
v -0.046638537 0.303374022 0.162114829
v -0.047230579 0.306615770 0.160819918
v -0.050118048 0.293648869 0.158169597
v -0.049685773 0.297544241 0.161013156
v -0.048670009 0.299439043 0.159643874
v -0.047293779 0.307228029 0.160026506
v -0.049224574 0.311903626 0.159734026
v -0.050589293 0.313141376 0.161006331
v -0.053208888 0.291290909 0.155374214
v -0.052423950 0.294361502 0.155154422
v -0.053033665 0.297072083 0.154555544
v -0.050863627 0.315377712 0.157639429
v -0.055228960 0.290032506 0.153227136
v -0.053670805 0.293885589 0.153476417
v -0.054309942 0.296413064 0.153618738
v -0.053764034 0.316927105 0.155544892
v -0.057826489 0.288579345 0.149984226
v -0.058844015 0.291173369 0.149511561
v -0.060432315 0.293640107 0.150712371
v -0.057770036 0.309318900 0.153134570
v -0.055942640 0.316789150 0.153986931
v -0.061369572 0.287341803 0.147178799
v -0.059808522 0.290366203 0.147539750
v -0.059694249 0.294263124 0.148257852
v -0.059143312 0.310226858 0.150766671
v -0.060408633 0.313206553 0.150386781
v -0.058977876 0.315857530 0.152047947
v -0.066541202 0.286398888 0.145467356
v -0.064741246 0.287279457 0.144473583
v -0.061543997 0.295087665 0.146204904
v -0.062941261 0.314040601 0.148569793
v -0.068370722 0.286806047 0.143984169
v -0.066547655 0.288860679 0.142017588
v -0.066288680 0.292321086 0.141890720
v -0.067213871 0.308544308 0.144815713
v -0.065953501 0.311071157 0.145540223
v -0.063420907 0.313159883 0.145531297
v -0.068548679 0.290169954 0.141274348
v -0.068567574 0.293396622 0.140422553
v -0.068940900 0.296299934 0.140013412
v -0.067662187 0.310739011 0.143988892
v -0.071788579 0.293746620 0.140356660
v -0.070746481 0.297688395 0.139308646
v -0.071045272 0.300792366 0.138972491
v -0.071581200 0.304361612 0.138705239
v -0.071372166 0.307715535 0.140231982
v -0.070636585 0.309962779 0.143287420
v -0.074219234 0.301361620 0.139208168
v -0.073003054 0.304025888 0.139029250
v -0.045614984 0.297230452 0.156297803
v -0.044501875 0.300204962 0.157763690
v -0.044812679 0.305166274 0.157778382
v -0.045310024 0.305999398 0.158087417
v -0.047706556 0.294524550 0.154038012
v -0.046585381 0.295784652 0.155252472
v -0.046479687 0.299702197 0.157141149
v -0.045734253 0.306940645 0.157512993
v -0.047469795 0.311797529 0.156620160
v -0.051612899 0.291979492 0.153384000
v -0.050898965 0.294353217 0.152986005
v -0.050426252 0.297966212 0.154620737
v -0.047227684 0.312927961 0.155253157
v -0.048295163 0.314535737 0.154680178
v -0.053391784 0.290839076 0.151224732
v -0.053000227 0.293889105 0.152567551
v -0.053089190 0.296412170 0.151934251
v -0.050226245 0.316379428 0.152086183
v -0.056679372 0.289043486 0.147904471
v -0.055543065 0.289639354 0.149485499
v -0.053711310 0.316395044 0.149688512
v -0.059267513 0.288447350 0.145420596
v -0.058340099 0.294762999 0.146444246
v -0.057275496 0.309705496 0.147441313
v -0.058520995 0.312024921 0.147075862
v -0.056241896 0.315486312 0.147620052
v -0.061895348 0.288559288 0.142246768
v -0.063187957 0.293690532 0.142756864
v -0.062489264 0.294378728 0.144608244
v -0.059768330 0.314135522 0.145500347
v -0.064511120 0.289665282 0.141054094
v -0.064767018 0.292379141 0.140499786
v -0.063339978 0.312027872 0.141136318
v -0.061909419 0.313049585 0.143417373
v -0.066752546 0.292923570 0.140520722
v -0.066056587 0.297089636 0.138978347
v -0.067344204 0.299741834 0.138854727
v -0.066776216 0.304163426 0.138259798
v -0.065927617 0.310558736 0.139165401
v -0.069084153 0.301442713 0.138505235
v -0.069363415 0.304522455 0.137695014
v -0.068820752 0.307743698 0.137620226
v -0.066616088 0.309747607 0.137645707
v -0.042719617 0.300820798 0.154441625
v -0.043131109 0.303779840 0.155135095
v -0.046363108 0.295080185 0.152005985
v -0.044642329 0.298160702 0.152644515
v -0.044435315 0.299637169 0.153540581
v -0.043036673 0.304493368 0.153976515
v -0.043884996 0.306569487 0.154191941
v -0.045633387 0.310871780 0.154056743
v -0.047999993 0.294691592 0.150704876
v -0.047745563 0.297395259 0.150588483
v -0.045905519 0.312474966 0.152522057
v -0.046790637 0.314296901 0.151561990
v -0.051969700 0.291370779 0.148312524
v -0.048996288 0.292807937 0.147689223
v -0.050855458 0.305691987 0.148713604
v -0.048500080 0.315997541 0.149884552
v -0.055660166 0.289482117 0.144268587
v -0.053955276 0.290239573 0.145268261
v -0.054892469 0.294156551 0.145322680
v -0.052974306 0.310901165 0.146800801
v -0.053498406 0.313539267 0.146794006
v -0.051487476 0.316261947 0.147544697
v -0.057455849 0.288987786 0.142217830
v -0.056851421 0.293024272 0.143707335
v -0.056624744 0.295609742 0.144555107
v -0.056612141 0.308982462 0.143965721
v -0.054904029 0.314507633 0.145709231
v -0.054434739 0.315438390 0.145736083
v -0.059785392 0.289162308 0.139954492
v -0.058226448 0.292641014 0.139900848
v -0.058495857 0.294969380 0.141524583
v -0.058162425 0.310125738 0.142714903
v -0.057397634 0.314044744 0.142686471
v -0.061121352 0.289975464 0.138640881
v -0.062213078 0.292736679 0.138306454
v -0.061372891 0.310040742 0.140321255
v -0.059268534 0.313091725 0.140762761
v -0.062965952 0.305361122 0.137909845
v -0.063522197 0.308067083 0.137661204
v -0.062582113 0.311142445 0.137103528
v -0.066653140 0.304677069 0.135767296
v -0.066377461 0.308528185 0.135181487
v -0.065062560 0.310008347 0.136253834
v -0.042126156 0.301578075 0.153292909
v -0.043129683 0.297647655 0.150200427
v -0.042057622 0.300425351 0.151937261
v -0.041879673 0.303636163 0.151723653
v -0.043094736 0.307740152 0.151240811
v -0.045209955 0.295087695 0.147913083
v -0.044530354 0.297015637 0.148414791
v -0.045747522 0.300680012 0.147317290
v -0.043752130 0.308871001 0.149960458
v -0.044696882 0.312115312 0.149749681
v -0.046410982 0.314360678 0.150408342
v -0.050701775 0.291702867 0.144643292
v -0.048264220 0.295431882 0.145343497
v -0.049084798 0.298624039 0.145001784
v -0.048648972 0.305744082 0.147027358
v -0.045573648 0.312679321 0.147463590
v -0.047331464 0.315384984 0.148177803
v -0.051673632 0.292310327 0.141024306
v -0.051569898 0.294626266 0.142264992
v -0.049534183 0.311554760 0.144736186
v -0.049596194 0.315731823 0.145007595
v -0.054914575 0.289849252 0.138866931
v -0.052787524 0.292463988 0.139932439
v -0.053002045 0.294089407 0.140484408
v -0.053582080 0.309515804 0.141974270
v -0.052580189 0.314997256 0.142609686
v -0.051033817 0.315300763 0.143024176
v -0.057170715 0.289593279 0.137539640
v -0.057499297 0.292168051 0.136966258
v -0.055874437 0.310023159 0.137462765
v -0.055273749 0.313540101 0.140114829
v -0.058928963 0.293267369 0.135825753
v -0.058548804 0.308874428 0.136006206
v -0.057848439 0.310436279 0.136690080
v -0.057079434 0.313013583 0.138185367
v -0.062185004 0.304664195 0.133985624
v -0.063158229 0.307494730 0.134498328
v -0.061175939 0.310751796 0.134224296
v -0.063067026 0.304411709 0.133171469
v -0.063727923 0.308948874 0.132610634
v -0.063296795 0.310200304 0.134646371
v -0.042297114 0.297816306 0.147559851
v -0.044093248 0.295482367 0.144874439
v -0.043052010 0.296837687 0.145792440
v -0.043169558 0.300799280 0.146349892
v -0.047790170 0.292867184 0.142065063
v -0.045515042 0.294435978 0.142331377
v -0.046262354 0.299232900 0.142110392
v -0.044898964 0.306384385 0.145158783
v -0.046231706 0.310330659 0.144194499
v -0.049140517 0.292542368 0.139715806
v -0.050415039 0.294426531 0.140094876
v -0.046749793 0.298793435 0.140984952
v -0.047170594 0.312482387 0.143364921
v -0.048212226 0.315312982 0.143275768
v -0.053451464 0.290302008 0.137193471
v -0.051651362 0.291660666 0.137531027
v -0.051166624 0.294193536 0.138383016
v -0.050338779 0.309907079 0.139108226
v -0.050409686 0.314480275 0.140004411
v -0.049475875 0.315244198 0.141693667
v -0.054404367 0.290264577 0.135466233
v -0.054260597 0.291789174 0.134409562
v -0.055449408 0.310054749 0.137006834
v -0.052784942 0.313591152 0.137691587
v -0.056326054 0.293615729 0.133802623
v -0.057321575 0.308885723 0.134473383
v -0.056310244 0.310794622 0.134932101
v -0.054583356 0.312863648 0.135106534
v -0.059863612 0.304859966 0.131058410
v -0.059338167 0.309204787 0.131465569
v -0.058562625 0.310850650 0.132081091
v -0.060993169 0.308804721 0.130464956
v -0.060558911 0.309911698 0.131340533
v -0.045165453 0.294345468 0.139825314
v -0.044534154 0.299354196 0.141555235
v -0.047227986 0.292817175 0.137209609
v -0.045814928 0.295032710 0.137077615
v -0.046369545 0.297912538 0.137081772
v -0.049689677 0.291846573 0.134821713
v -0.048141528 0.296364635 0.134064406
v -0.049191166 0.310061097 0.137493670
v -0.049456637 0.313575447 0.137763515
v -0.052547034 0.290572226 0.133922458
v -0.052639946 0.292792737 0.132767409
v -0.051168416 0.295062691 0.132442489
v -0.050673250 0.308324873 0.132589817
v -0.050544381 0.310572416 0.133658916
v -0.051928468 0.313115478 0.135161266
v -0.053297892 0.306993902 0.130231023
v -0.053304598 0.311911434 0.131992310
v -0.052557118 0.312795222 0.133706793
v -0.056896314 0.305582553 0.129676998
v -0.056319170 0.308082253 0.129113927
v -0.056262746 0.310673237 0.129967809
v -0.058748383 0.309263557 0.128965855
v -0.046219982 0.294242501 0.135174215
v -0.047070086 0.293305278 0.134266704
v -0.047810383 0.296109140 0.133826032
v -0.051120672 0.308116823 0.131537616
v -0.051845592 0.307967186 0.130871400
v -0.052761033 0.310857922 0.130219787
v -0.055168718 0.299028397 0.149257585
v -0.058236942 0.308138371 0.147029117
v -0.056905869 0.298123360 0.147824675
v -0.059960883 0.307179302 0.145594388
v -0.059227742 0.296141863 0.144452140
v -0.062493440 0.305838138 0.142080233
v -0.061652794 0.295384437 0.143090218
v -0.061852209 0.296901405 0.142779514
v -0.063923523 0.303106338 0.141249508
v -0.064666763 0.304427028 0.140909955
v -0.062726788 0.293810785 0.139375180
v -0.065941207 0.303354800 0.137040526
v -0.062790297 0.293516159 0.137428701
v -0.065888211 0.302714288 0.135178670
v -0.052983586 0.299493372 0.148923382
v -0.056160446 0.308925897 0.146615997
v -0.054242831 0.297910839 0.145614624
v -0.057648163 0.307987481 0.143537566
v -0.056731272 0.296708584 0.144211054
v -0.060013887 0.306814820 0.141779497
v -0.058852132 0.295205057 0.141005859
v -0.062320270 0.305201083 0.138327777
v -0.059269022 0.294356972 0.138091788
v -0.063314490 0.304204643 0.135653496
v -0.061765064 0.293185055 0.135170728
v -0.064934209 0.302594662 0.132868946
v -0.048331909 0.301158607 0.148064539
v -0.049061902 0.303776801 0.147317812
v -0.050314125 0.307484478 0.146410480
v -0.051331576 0.310065001 0.145885855
v -0.049191665 0.300251067 0.148195714
v -0.050431523 0.303778827 0.146507055
v -0.051309656 0.306191176 0.145966113
v -0.052564543 0.310265571 0.145745963
v -0.051330905 0.298748106 0.145113215
v -0.054775577 0.308786064 0.142625645
v -0.057310201 0.294284314 0.135097802
v -0.060806148 0.304358780 0.132830113
v -0.059705120 0.292850375 0.132179618
v -0.060205452 0.296902508 0.131269306
v -0.060964804 0.299268574 0.130743921
v -0.063044652 0.302765876 0.129754081
v -0.059441503 0.293244272 0.131066293
v -0.060083117 0.295881778 0.130245686
v -0.061340347 0.299599648 0.129345432
v -0.062449511 0.302175432 0.128881544
v -0.046628948 0.301381737 0.146847472
v -0.047464877 0.304081887 0.146131381
v -0.048661068 0.307697266 0.145232201
v -0.049658876 0.310377985 0.144646823
v -0.045745738 0.300854206 0.145683676
v -0.047804669 0.304237038 0.144586533
v -0.048589762 0.306642175 0.143979684
v -0.049085867 0.310771495 0.143257722
v -0.048222426 0.299282402 0.143017650
v -0.051517636 0.309325635 0.140345857
v -0.054102831 0.294822335 0.132881209
v -0.057645611 0.304854959 0.130506963
v -0.055926662 0.293453068 0.129613474
v -0.057654586 0.297358096 0.129431427
v -0.058413066 0.299517423 0.128846690
v -0.059290390 0.303440422 0.127170369
v -0.057837695 0.293459296 0.129888833
v -0.058497086 0.296174020 0.129095510
v -0.059887297 0.299876302 0.128269494
v -0.060867000 0.302453697 0.127688617
v -0.043423887 0.300950795 0.142433748
v -0.046702057 0.310676724 0.140081137
v -0.046612915 0.299055040 0.139872089
v -0.049980942 0.309085101 0.137246773
v -0.046174407 0.298658937 0.137649164
v -0.049492251 0.308738649 0.135157600
v -0.050962690 0.295785666 0.132495910
v -0.054195683 0.305886030 0.129972011
v -0.053192787 0.294209421 0.128292441
v -0.056465276 0.303926289 0.125915676
v -0.052058280 0.295597821 0.126849771
v -0.052135836 0.297578722 0.125906497
v -0.053178225 0.300868303 0.125110686
v -0.054550543 0.302997649 0.125039622
v -0.046863619 0.293984562 0.128113106
v -0.038454901 0.299757898 0.140948027
v -0.049082980 0.295060396 0.126577467
v -0.047038421 0.295284599 0.128233716
v -0.043444481 0.298224241 0.134245813
v -0.040884025 0.300775498 0.138661504
v -0.039770007 0.301623434 0.140098199
v -0.038735371 0.303000242 0.142058447
v -0.049952645 0.297854155 0.125943735
v -0.048007347 0.298401862 0.127783760
v -0.044840787 0.300881863 0.133919731
v -0.041581992 0.302804261 0.138174728
v -0.040983919 0.304595083 0.139457792
v -0.040174086 0.305602163 0.142695084
v -0.051983602 0.302274793 0.124835171
v -0.050770294 0.303554893 0.125665843
v -0.046841092 0.306363344 0.132678524
v -0.042811483 0.309126139 0.138589293
v -0.041514564 0.309571147 0.141710222
v -0.052249543 0.305150479 0.124287531
v -0.051019240 0.305836767 0.125448912
v -0.048822165 0.307774484 0.128896356
v -0.047223095 0.308381051 0.131992608
v -0.043043509 0.310814023 0.137755975
v -0.041807018 0.311925441 0.139907628
v -0.051529184 0.307951510 0.124884598
v -0.043286294 0.313867778 0.137625635
v -0.043937400 0.294303179 0.127682641
v -0.041755021 0.294593394 0.130538225
v -0.040069886 0.295756251 0.133623049
v -0.037927445 0.297209352 0.136330813
v -0.036790833 0.299314409 0.138669446
v -0.047154240 0.295707375 0.124874361
v -0.045607377 0.296328247 0.126651958
v -0.042989608 0.296380460 0.129464462
v -0.038046964 0.299828172 0.136746466
v -0.037647378 0.301180214 0.137960374
v -0.037287861 0.303028911 0.140731782
v -0.047969420 0.298399210 0.124559127
v -0.046612803 0.298155189 0.125765517
v -0.038796820 0.305139452 0.138100415
v -0.037554659 0.305567920 0.140523940
v -0.049545467 0.302196085 0.122984178
v -0.041095980 0.309514821 0.137151673
v -0.039134298 0.310172588 0.139408290
v -0.050204113 0.305029452 0.122751616
v -0.048964854 0.307033449 0.123853378
v -0.047497191 0.308599293 0.126928002
v -0.046829835 0.310147196 0.130921856
v -0.043703757 0.311387479 0.133272201
v -0.040973108 0.312955141 0.136727050
v -0.040421702 0.312177569 0.138513565
v -0.048889402 0.309206307 0.124221310
v -0.047338467 0.311247617 0.126689211
v -0.045676071 0.312502265 0.129696339
v -0.043698095 0.314061522 0.132277250
v -0.041864850 0.314235479 0.135081545
v -0.042927120 0.294584930 0.124408752
v -0.041953336 0.294569850 0.126239762
v -0.039692316 0.295297921 0.129156411
v -0.038609825 0.296316743 0.131928012
v -0.036423914 0.297270566 0.134994298
v -0.035520837 0.298924088 0.137319505
v -0.043929629 0.296339244 0.122951083
v -0.041433934 0.296087950 0.124638051
v -0.039819431 0.297244340 0.128519461
v -0.036956020 0.299405605 0.133421332
v -0.035494514 0.301665723 0.136761606
v -0.044425443 0.298927397 0.121874705
v -0.035204973 0.307200223 0.135307759
v -0.034957170 0.307166070 0.138034672
v -0.045720555 0.302522242 0.120887399
v -0.036094863 0.309124619 0.134923995
v -0.035911910 0.309789866 0.137385592
v -0.047592618 0.305316806 0.120902732
v -0.047162674 0.307819873 0.121546067
v -0.040065300 0.312440127 0.131190658
v -0.038581315 0.312286824 0.133899540
v -0.038342409 0.312394947 0.136337936
v -0.047595348 0.308153987 0.121153019
v -0.047294728 0.309497148 0.122775309
v -0.044806384 0.311429352 0.125331983
v -0.043584950 0.312189966 0.127632007
v -0.041545648 0.314137012 0.130697548
v -0.040597253 0.314599991 0.133265704
v -0.039638460 0.295177758 0.121920593
v -0.039023958 0.295611620 0.123913385
v -0.036989972 0.296723247 0.126511872
v -0.035008393 0.297276914 0.128779426
v -0.033336811 0.299123317 0.132152870
v -0.032116652 0.300339073 0.134313956
v -0.041562986 0.297103733 0.121012494
v -0.039235666 0.296485245 0.123604730
v -0.037036199 0.296847641 0.124380358
v -0.033876546 0.300301313 0.132738888
v -0.032003835 0.302755713 0.134940028
v -0.032277185 0.304204047 0.136885941
v -0.042018943 0.300174057 0.120210335
v -0.033604998 0.307297289 0.134228617
v -0.032225791 0.306663066 0.136268422
v -0.043317005 0.303052813 0.119768687
v -0.034483790 0.309261441 0.133888587
v -0.033748996 0.310709000 0.135279596
v -0.044391479 0.305931449 0.118183725
v -0.044216629 0.308368027 0.119340070
v -0.037438896 0.312728345 0.128657639
v -0.036469217 0.313406855 0.132453397
v -0.035370171 0.312635750 0.134807482
v -0.044272508 0.308647454 0.118688703
v -0.043744039 0.310060650 0.120259374
v -0.041402210 0.311506510 0.122812845
v -0.040900886 0.313312322 0.125374123
v -0.039109223 0.314503044 0.129162326
v -0.038120635 0.314638674 0.131389126
v -0.036301997 0.295800090 0.119511172
v -0.034993410 0.296080053 0.121360593
v -0.034729142 0.296479225 0.124072589
v -0.031151500 0.297452331 0.126677901
v -0.029956864 0.299972892 0.130623177
v -0.028852982 0.300807238 0.132095054
v -0.038002722 0.297728091 0.118359886
v -0.035944805 0.296998143 0.121847421
v -0.035527244 0.297426999 0.123148136
v -0.029931854 0.300817043 0.130845100
v -0.028067555 0.304058135 0.132853821
v -0.027956545 0.305034310 0.133435935
v -0.039763153 0.300544024 0.118600398
v -0.028755656 0.307127416 0.133258179
v -0.040765379 0.303451359 0.117923081
v -0.029990267 0.311025709 0.132442728
v -0.040853605 0.306459069 0.116276145
v -0.040883560 0.308731318 0.117251821
v -0.035430372 0.313434333 0.127858117
v -0.032728340 0.313924104 0.130045876
v -0.030762032 0.313357681 0.131401569
v -0.040905278 0.309180379 0.116300732
v -0.040332336 0.310483515 0.118146412
v -0.039405633 0.312216282 0.120765500
v -0.037120428 0.314323068 0.123256445
v -0.035289448 0.314839572 0.126215905
v -0.033260491 0.315380722 0.128427044
v -0.032917242 0.296491027 0.120129265
v -0.031348169 0.297392607 0.122793555
v -0.029710490 0.297885209 0.125278950
v -0.027703000 0.300599575 0.128115058
v -0.025822144 0.301551104 0.130476579
v -0.035134833 0.298203677 0.115790896
v -0.034132164 0.297430724 0.119149469
v -0.032116868 0.298113078 0.121363126
v -0.028197944 0.301046699 0.129284978
v -0.026234129 0.304495454 0.131368563
v -0.025605936 0.305226922 0.131782740
v -0.036368750 0.300093532 0.114888035
v -0.025547834 0.306650370 0.130576819
v -0.026278635 0.307653219 0.131164134
v -0.037795424 0.304038525 0.114012673
v -0.028065313 0.312308222 0.129654095
v -0.027290842 0.311299294 0.130352214
v -0.038026493 0.306860268 0.113916211
v -0.038460355 0.308655024 0.116235666
v -0.035048176 0.312511027 0.122258581
v -0.030786451 0.312837034 0.124963835
v -0.029248042 0.313541293 0.128180131
v -0.028569339 0.313840598 0.129715994
v -0.038632769 0.309558004 0.114756785
v -0.038361933 0.310680836 0.116536424
v -0.036104329 0.312896043 0.118395738
v -0.035422377 0.313176185 0.121760257
v -0.030660437 0.315383524 0.127034128
v -0.029175034 0.296809584 0.117340907
v -0.027353568 0.297216296 0.120000705
v -0.025556022 0.298156887 0.123119928
v -0.023888607 0.299400091 0.125101388
v -0.023722954 0.301607996 0.128409684
v -0.032740451 0.297786355 0.115337826
v -0.031044221 0.297519475 0.116456367
v -0.027965117 0.298725456 0.118624270
v -0.023442814 0.304231197 0.129232645
v -0.023539660 0.305995226 0.130034670
v -0.034175549 0.301125467 0.112982936
v -0.024068117 0.307425022 0.129152864
v -0.023892166 0.308308780 0.129226223
v -0.035212681 0.304666817 0.112159327
v -0.032931488 0.307225436 0.113464735
v -0.025136786 0.312163115 0.127604976
v -0.024679150 0.311599016 0.128347889
v -0.036342204 0.308158189 0.112857133
v -0.034882244 0.308993787 0.113753788
v -0.031756971 0.310970306 0.116015472
v -0.030933930 0.313161641 0.119046971
v -0.029553613 0.314523727 0.122768663
v -0.026596650 0.314372271 0.126650512
v -0.026224025 0.313797832 0.128162533
v -0.034334306 0.311755359 0.113801628
v -0.033056490 0.313642740 0.116065741
v -0.031435538 0.314925879 0.118976586
v -0.029701591 0.316156864 0.121198833
v -0.028669458 0.316011310 0.124926351
v -0.026548497 0.297540039 0.115909271
v -0.025856113 0.297920287 0.118705437
v -0.023979278 0.299131632 0.121456034
v -0.021525523 0.300669551 0.124008447
v -0.019756319 0.302284986 0.125279605
v -0.030311326 0.297828019 0.114178963
v -0.028018093 0.298230916 0.115509428
v -0.027756011 0.298456103 0.117850833
v -0.019925499 0.304990709 0.126611158
v -0.021523362 0.306727231 0.128208995
v -0.032298699 0.303437799 0.112815849
v -0.031044617 0.303942412 0.113120779
v -0.020211067 0.308641225 0.125902861
v -0.020632481 0.308368325 0.126843646
v -0.031456955 0.307611316 0.112916440
v -0.021804251 0.312266111 0.125025705
v -0.021978227 0.312427461 0.125823855
v -0.034135021 0.309178084 0.111479849
v -0.031885132 0.309216708 0.112892076
v -0.032160416 0.311649591 0.114883721
v -0.025865017 0.315305591 0.121135570
v -0.023918958 0.315005571 0.123755679
v -0.023928991 0.313719630 0.126531258
v -0.031445991 0.312343866 0.112306327
v -0.031189375 0.313512653 0.114895493
v -0.029375669 0.314841181 0.117727190
v -0.026940390 0.316324919 0.120388560
v -0.024729256 0.316639066 0.121846944
v -0.024196751 0.297336400 0.113283001
v -0.018656332 0.301428258 0.122176334
v -0.018563055 0.302847087 0.124360301
v -0.018709498 0.305074453 0.125091076
v -0.019236609 0.308189571 0.125176445
v -0.021003451 0.312501341 0.120384239
v -0.020721499 0.312717080 0.123659953
v -0.022670040 0.316083193 0.119699396
v -0.022206208 0.315294653 0.122265756
v -0.029464800 0.312639236 0.109608106
v -0.023921797 0.316644400 0.118502505
v -0.023282539 0.316627949 0.121088721
v -0.020958686 0.298031747 0.111538075
v -0.015430337 0.300838411 0.117115289
v -0.015967468 0.301633626 0.119393215
v -0.018143279 0.312256157 0.120432705
v -0.019091403 0.315012038 0.119771466
v -0.026224146 0.313335150 0.107861847
v -0.020950614 0.316884100 0.113265321
v -0.021229250 0.316939741 0.115722887
v -0.019156983 0.299126863 0.110693038
v -0.017191753 0.299537182 0.112411164
v -0.015306626 0.300901026 0.115350030
v -0.014763385 0.302229881 0.117325783
v -0.024026882 0.313282132 0.107296661
v -0.022454532 0.314841688 0.108735606
v -0.020561669 0.316189140 0.111680962
v -0.019633284 0.316385120 0.113929406
v -0.012449703 0.303554475 0.115465291
v -0.012557335 0.304992527 0.115100481
v -0.013100406 0.307328403 0.114526711
v -0.012672466 0.308933198 0.114091627
v -0.013489325 0.311337471 0.113514222
v -0.014958509 0.312688887 0.113241218
v -0.015973845 0.314865708 0.112732507
v -0.016760999 0.316063792 0.112464175
v -0.013394124 0.301994085 0.115915298
v -0.013569361 0.304438800 0.115294725
v -0.017021578 0.314728469 0.112821326
v -0.018104853 0.316676229 0.112375073
v -0.014516022 0.300938308 0.116244428
v -0.015326651 0.303294539 0.115679078
v -0.019229036 0.314637452 0.112957440
v -0.019844368 0.316999257 0.112380683
v -0.012495937 0.304357678 0.113918148
v -0.012579829 0.306674421 0.113418907
v -0.013290778 0.308934152 0.112409540
v -0.014060891 0.311051995 0.111831546
v -0.014740163 0.312953800 0.111912228
v -0.016098863 0.314830154 0.111405365
v -0.013397829 0.301909357 0.114277743
v -0.017584460 0.314577967 0.112888820
v -0.018302262 0.316164911 0.110857248
v -0.014776416 0.300572395 0.114980444
v -0.015750479 0.302708745 0.114285737
v -0.019714685 0.314231366 0.111520983
v -0.020321425 0.316482872 0.110830672
v -0.012879199 0.303899139 0.111800313
v -0.013098638 0.305885017 0.111123025
v -0.013685753 0.308192134 0.110560991
v -0.014513480 0.310542583 0.109997831
v -0.015294113 0.312266529 0.109591842
v -0.016375927 0.314062953 0.109361596
v -0.013542524 0.301546723 0.112213984
v -0.013004050 0.302833378 0.111352868
v -0.017036444 0.314554185 0.108540557
v -0.018340280 0.315492183 0.108867891
v -0.015980715 0.299491704 0.112925664
v -0.015097305 0.300035328 0.113087580
v -0.016370922 0.302036971 0.112960465
v -0.020417560 0.313798070 0.110137977
v -0.020623341 0.315989673 0.109241351
v -0.021562496 0.315809518 0.109044611
v -0.016612552 0.299059391 0.112346523
v -0.017468281 0.301342517 0.111743636
v -0.021529196 0.313146234 0.108911440
v -0.022212796 0.315517157 0.108448863
v -0.013161677 0.303441465 0.109567262
v -0.013469202 0.305495679 0.109166026
v -0.014124126 0.307974726 0.108452693
v -0.014728790 0.309675634 0.108045489
v -0.015543139 0.311523914 0.107719608
v -0.016555827 0.313307136 0.107200086
v -0.013664085 0.301009893 0.110180750
v -0.013138289 0.302478760 0.109812215
v -0.017134851 0.314095408 0.107024901
v -0.018466029 0.314967513 0.106831737
v -0.016072724 0.298873365 0.110331625
v -0.015023027 0.299538791 0.110545963
v -0.020463467 0.315352321 0.106751643
v -0.021661112 0.315116942 0.106434122
v -0.017544111 0.298465163 0.111472197
v -0.018431408 0.300872922 0.111167498
v -0.022492325 0.312676638 0.108335301
v -0.023147268 0.315042496 0.107546903
v -0.019995006 0.297427416 0.111177094
v -0.021005409 0.299844414 0.110571608
v -0.025066325 0.311648130 0.107739411
v -0.025832998 0.314148217 0.107124463
v -0.020581732 0.297133029 0.110833585
v -0.022545975 0.297133088 0.110860743
v -0.021436019 0.299616158 0.110237777
v -0.025496934 0.311419874 0.107405581
v -0.027976951 0.312754393 0.107144624
v -0.026351221 0.313903004 0.106809780
v -0.023823746 0.296828181 0.111363553
v -0.029213328 0.312432230 0.107632123
v -0.013340576 0.302986354 0.107684173
v -0.013676095 0.304778278 0.107057877
v -0.014312866 0.307327002 0.106434487
v -0.015010075 0.309277385 0.105967812
v -0.015832173 0.311045289 0.105554171
v -0.016700635 0.312752932 0.105340771
v -0.013756721 0.300337613 0.108169682
v -0.013290373 0.301951021 0.107764617
v -0.017277634 0.313540667 0.104983792
v -0.018651037 0.314563721 0.104756251
v -0.015289609 0.298902363 0.108646765
v -0.016967284 0.301109046 0.107307687
v -0.016982118 0.302953184 0.106779538
v -0.019501518 0.310276240 0.105022438
v -0.020642869 0.311792761 0.104744233
v -0.020782122 0.314867258 0.104816131
v -0.017794909 0.297826111 0.108975016
v -0.018525356 0.298353463 0.108437143
v -0.019489186 0.300917536 0.108223878
v -0.019961096 0.302011460 0.107987002
v -0.022601355 0.309685796 0.106145613
v -0.022897784 0.310825199 0.105846621
v -0.023713799 0.313268423 0.104904212
v -0.023459163 0.314289540 0.105025008
v -0.020070588 0.297184914 0.110121123
v -0.019543845 0.297882080 0.109151289
v -0.021166854 0.300456136 0.108671710
v -0.021580426 0.301457196 0.107877046
v -0.024203582 0.309081823 0.106047578
v -0.024570594 0.310349643 0.106297843
v -0.024957746 0.313296556 0.105557404
v -0.025666235 0.313888103 0.106001593
v -0.020592181 0.297095716 0.110665418
v -0.021533033 0.297216982 0.109783262
v -0.022598118 0.299785435 0.108671159
v -0.022311116 0.301237077 0.107589886
v -0.024875674 0.308691382 0.105801292
v -0.026106101 0.309981942 0.106224589
v -0.026923446 0.312859714 0.106046483
v -0.026357802 0.313854426 0.106644310
v -0.024188681 0.296406418 0.109946862
v -0.029464645 0.311956316 0.106176756
v -0.025407985 0.296127230 0.109721065
v -0.030653182 0.311299324 0.106019154
v -0.013453795 0.302554727 0.105791122
v -0.013761397 0.304084271 0.105047755
v -0.014416767 0.306760073 0.104392193
v -0.015152819 0.308814645 0.103900708
v -0.016024180 0.310661405 0.103469625
v -0.016777849 0.312216640 0.103472829
v -0.013805565 0.299879909 0.106288984
v -0.014707128 0.302282125 0.106332704
v -0.015394141 0.303806514 0.105993561
v -0.017623551 0.310286671 0.104438707
v -0.018014409 0.311895281 0.104026109
v -0.018719895 0.314084977 0.102835074
v -0.015830539 0.298278242 0.106482163
v -0.016517203 0.301747799 0.106451109
v -0.017905708 0.303348273 0.105747059
v -0.019863045 0.309037596 0.104381956
v -0.019789388 0.311258942 0.104168989
v -0.021178503 0.314118624 0.102783136
v -0.022036098 0.314035326 0.102493614
v -0.017166793 0.297722131 0.107376739
v -0.018097417 0.298223794 0.107178584
v -0.019250182 0.300690174 0.106904037
v -0.018901082 0.303181946 0.105975471
v -0.020793390 0.308663756 0.104663737
v -0.022654632 0.310585767 0.104529679
v -0.023207977 0.313111335 0.103731692
v -0.022842916 0.314089805 0.103547856
v -0.020210119 0.297146976 0.107403226
v -0.021319201 0.301564783 0.106955662
v -0.023802636 0.308783293 0.105223648
v -0.025392221 0.312758178 0.103678368
v -0.022058027 0.296539932 0.107565060
v -0.023385677 0.299120933 0.107882909
v -0.027013265 0.309665114 0.105352931
v -0.027419882 0.312117875 0.103816807
v -0.024372721 0.295850813 0.107598528
v -0.029675808 0.311260611 0.103892483
v -0.026551053 0.295930058 0.107845992
v -0.031401198 0.310022950 0.104423739
v -0.027959961 0.296396792 0.106844313
v -0.032118052 0.308456093 0.103939548
v -0.013485017 0.301442057 0.102982432
v -0.013808772 0.303505093 0.102467701
v -0.014453855 0.306143850 0.101821125
v -0.015177438 0.308164299 0.101337790
v -0.016038682 0.309986681 0.100912496
v -0.017059509 0.311831892 0.100489482
v -0.013959044 0.299132288 0.103601485
v -0.015757134 0.303812921 0.102951646
v -0.017482646 0.308828413 0.101748221
v -0.018876538 0.313425779 0.100171886
v -0.015757352 0.298490524 0.104289204
v -0.020732446 0.313231885 0.100820750
v -0.017779440 0.297648221 0.104623407
v -0.023075938 0.312650055 0.101142265
v -0.020224907 0.296573371 0.105013438
v -0.025614284 0.312105924 0.101242624
v -0.022054078 0.296050817 0.105325356
v -0.027364254 0.311588824 0.101710252
v -0.024424126 0.295443416 0.105573520
v -0.029670350 0.310687780 0.101899855
v -0.026504438 0.295609891 0.106026039
v -0.031277947 0.309566408 0.102662370
v -0.028138351 0.296503723 0.106518805
v -0.032135747 0.308202118 0.103676252
v -0.013485617 0.301062435 0.100903004
v -0.013793340 0.303118080 0.100390188
v -0.014422159 0.305686355 0.099761315
v -0.015121490 0.307641387 0.099293560
v -0.015961122 0.309419096 0.098878317
v -0.016990164 0.311248988 0.098458834
v -0.013657715 0.299227297 0.101382799
v -0.018268775 0.312630117 0.098166920
v -0.015979128 0.298113495 0.103020318
v -0.020906087 0.312505960 0.099087395
v -0.018098250 0.297112644 0.103141256
v -0.023327461 0.312100708 0.098993957
v -0.020146186 0.296178013 0.103021674
v -0.025572432 0.311625004 0.099379010
v -0.022342693 0.295501709 0.103042476
v -0.027613062 0.310875773 0.099494219
v -0.024496322 0.295069456 0.103582777
v -0.029703632 0.310066015 0.099933192
v -0.030607499 0.309799910 0.100957051
v -0.013468734 0.300311118 0.098921560
v -0.013751120 0.302766442 0.098306432
v -0.014359856 0.305245847 0.097699970
v -0.015028497 0.307118207 0.097251885
v -0.015840605 0.308839887 0.096849166
v -0.017138110 0.310976774 0.096362427
v -0.014083852 0.298130125 0.099509045
v -0.018988054 0.312384993 0.096088715
v -0.016023513 0.297698677 0.100542061
v -0.021070544 0.311834753 0.096733399
v -0.018025748 0.296572268 0.100331962
v -0.023536000 0.311475366 0.096795194
v -0.020392941 0.295639426 0.100727715
v -0.025710456 0.310948789 0.097171284
v -0.022540338 0.295075297 0.100967757
v -0.027713038 0.310216129 0.097448632
v -0.023750454 0.294869572 0.101574816
v -0.029125765 0.309874982 0.098341271
v -0.013541356 0.298780471 0.097141802
v -0.013442861 0.299860865 0.096861698
v -0.013702787 0.302424610 0.096219152
v -0.014290037 0.304809391 0.095636442
v -0.014926119 0.306594014 0.095209248
v -0.015708972 0.308255911 0.094819985
v -0.017091718 0.310466856 0.094316877
v -0.017841883 0.311280638 0.094142489
v -0.014059509 0.297787428 0.097419307
v -0.019115867 0.311892480 0.094044216
v -0.016019376 0.297168195 0.097866379
v -0.021147784 0.311346918 0.094589606
v -0.018363373 0.295948476 0.097884119
v -0.023480693 0.310845315 0.094619557
v -0.020525303 0.295237809 0.098585434
v -0.025601322 0.310297459 0.094956376
v -0.022139980 0.294876575 0.099085256
v -0.027301945 0.309760660 0.095501207
v -0.013559112 0.298410088 0.095058300
v -0.013444350 0.299508840 0.094772995
v -0.013677532 0.302065134 0.094131492
v -0.014244373 0.304361492 0.093570665
v -0.014850416 0.306064934 0.093162820
v -0.015606037 0.307670653 0.092786498
v -0.017005641 0.309860289 0.092289247
v -0.017780265 0.310679555 0.092114352
v -0.014230835 0.297151983 0.095410161
v -0.019102326 0.311311752 0.092012644
v -0.016257649 0.296547383 0.095567122
v -0.021047860 0.310628176 0.092300482
v -0.019092277 0.295328945 0.095757946
v -0.023976589 0.310025185 0.092570879
v -0.020313838 0.295050591 0.096847579
v -0.025439482 0.309778214 0.093267672
v -0.013737875 0.297663391 0.093070917
v -0.013505004 0.299145281 0.093150355
v -0.013699058 0.301764488 0.092568189
v -0.014252951 0.304005951 0.092020534
v -0.014840923 0.305660367 0.091624424
v -0.015579676 0.307230800 0.091256589
v -0.017038988 0.309417397 0.090685651
v -0.018080924 0.310287178 0.090041950
v -0.014415596 0.296585917 0.093378872
v -0.019295920 0.310771376 0.089975193
v -0.016499946 0.296071380 0.093837880
v -0.021306055 0.310055196 0.090439677
v -0.018392913 0.295501173 0.094627008
v -0.023164986 0.309723675 0.091186404
v -0.013862583 0.297351360 0.091513470
v -0.013728702 0.298352748 0.090737179
v -0.013858026 0.300617218 0.089852832
v -0.014432614 0.303351700 0.089451723
v -0.014998759 0.304945379 0.089070253
v -0.015936403 0.306741834 0.088412076
v -0.017342599 0.308857113 0.088216744
v -0.018144445 0.309797317 0.088527173
v -0.014618946 0.296225339 0.091144428
v -0.014120361 0.297101259 0.089956313
v -0.018278062 0.309186310 0.087056614
v -0.019355606 0.309993237 0.087840952
v -0.015764987 0.295180202 0.091474369
v -0.020939982 0.310245842 0.088010348
v -0.014289021 0.298052609 0.088434100
v -0.014274490 0.299911767 0.088004574
v -0.014801995 0.302162975 0.087183759
v -0.015625440 0.304532915 0.086661361
v -0.016479397 0.306303531 0.086453788
v -0.017642397 0.307799727 0.086095355
v -0.015234399 0.295923412 0.089216724
v -0.014758016 0.296939790 0.088392526
v -0.018662289 0.308288187 0.085669577
v -0.019714637 0.309097171 0.086121082
v -0.016178118 0.295227766 0.089103863
v -0.020904684 0.308988661 0.085858651
v -0.015071157 0.299634129 0.086293884
v -0.015494179 0.301702708 0.085678443
v -0.016256819 0.303830951 0.085169747
v -0.017041210 0.305360407 0.084919907
v -0.015645543 0.297029018 0.086895004
v -0.015847055 0.298636794 0.085580237
v -0.016107133 0.301391423 0.084812440
v -0.016790887 0.303291529 0.084358729
v -0.018144285 0.305314064 0.083978079
v -0.019064019 0.307065725 0.084483452
v -0.016505055 0.295485049 0.087811604
v -0.016817879 0.296158791 0.086483449
v -0.020536046 0.306902051 0.083948359
v -0.020839745 0.308115840 0.084860206
v -0.016966432 0.298807174 0.084499411
v -0.017166022 0.300697058 0.083941467
v -0.017920604 0.302726120 0.083444148
v -0.018786885 0.304098636 0.083229780
v -0.017274924 0.296868652 0.085362680
v -0.017679591 0.298021019 0.084370032
v -0.018442664 0.300015926 0.083277911
v -0.019144420 0.301976204 0.082811348
v -0.019829243 0.304328114 0.082923479
v -0.020304101 0.305688322 0.083284080
v -0.020761672 0.294873178 0.090585746
v -0.019139310 0.295262873 0.090315066
v -0.018048044 0.295689583 0.090017185
v -0.022708766 0.294525385 0.092755966
v -0.020994401 0.294696480 0.092082232
v -0.019112039 0.295153767 0.091674961
v -0.017018547 0.296099812 0.091500841
v -0.024575645 0.294588387 0.095163219
v -0.022996295 0.294426113 0.094481677
v -0.020827236 0.294700027 0.094224371
v -0.018844115 0.295284241 0.094107091
v -0.016879821 0.296238661 0.093491659
v -0.024693105 0.294518024 0.096986517
v -0.022634625 0.294503003 0.096670024
v -0.020694321 0.294887722 0.096357353
v -0.019331750 0.295181930 0.095351860
v -0.026416389 0.294995964 0.099762604
v -0.024858283 0.294587821 0.099097222
v -0.022522740 0.294738740 0.098709166
v -0.026310539 0.295000881 0.101438142
v -0.024652224 0.294753909 0.101304457
v -0.023185439 0.294848621 0.100582853
v -0.026521072 0.295284450 0.103613697
v -0.024946256 0.294950634 0.103216916
v -0.026961746 0.295669407 0.105636343
v -0.021324394 0.295996934 0.087862745
v -0.019756857 0.296168625 0.087481387
v -0.017746262 0.296903521 0.087304182
v -0.023300761 0.295559347 0.090068027
v -0.021609081 0.295300215 0.089387707
v -0.019449288 0.295468181 0.089075349
v -0.017259037 0.296305776 0.089100905
v -0.025180258 0.295629114 0.092490807
v -0.023792107 0.295088112 0.091844670
v -0.022009762 0.294744402 0.091069072
v -0.016428333 0.296437949 0.090604655
v -0.025591705 0.295323551 0.094356306
v -0.024167931 0.294618547 0.094031967
v -0.027147595 0.295914590 0.096934877
v -0.026046596 0.295155555 0.096291609
v -0.027279595 0.295692652 0.098978974
v -0.028700087 0.296941519 0.102066487
v -0.027714027 0.295887679 0.101139732
v -0.028603580 0.296797812 0.103617273
v -0.027994065 0.296100438 0.103153929
v -0.028479612 0.296796799 0.105647832
v -0.027908765 0.296150416 0.105280936
v -0.023959596 0.297674239 0.087965243
v -0.022123726 0.296989590 0.087248690
v -0.020374313 0.297445565 0.086186960
v -0.018599998 0.298073113 0.085890137
v -0.024537582 0.296917707 0.089469366
v -0.022857977 0.296395481 0.088344626
v -0.026202457 0.297009259 0.091803141
v -0.025090247 0.296465427 0.090771057
v -0.027676040 0.297323734 0.094586805
v -0.026894545 0.296801269 0.093635447
v -0.028080942 0.297227412 0.096240036
v -0.028806731 0.297612786 0.098467730
v -0.029329356 0.297990143 0.100886904
v -0.028725173 0.297133237 0.100369729
v -0.029542383 0.298217177 0.102813467
v -0.029820912 0.298754722 0.104647748
v -0.020453103 0.300098419 0.084894530
v -0.019836949 0.300165117 0.084840879
v -0.024464732 0.298921287 0.087419793
v -0.023444012 0.299161583 0.086487100
v -0.021091014 0.299356759 0.085319564
v -0.018932110 0.299837708 0.085014001
v -0.026674662 0.299113274 0.089889012
v -0.025508419 0.298873484 0.088573098
v -0.027274590 0.298877299 0.091201521
v -0.028527450 0.299080074 0.093781911
v -0.028044671 0.298992872 0.092650592
v -0.029247183 0.299292326 0.095809102
v -0.030157814 0.300111502 0.098267965
v -0.029728571 0.299358308 0.097877756
v -0.030348767 0.300051272 0.100161172
v -0.030583082 0.300272256 0.102641873
v -0.030831559 0.300838202 0.104144536
v -0.020966509 0.301622242 0.084536701
v -0.020366527 0.301672220 0.084478669
v -0.025180148 0.301014632 0.086937740
v -0.024117969 0.301083624 0.086055748
v -0.021896388 0.301842123 0.084720813
v -0.019917857 0.302555799 0.084371626
v -0.027187787 0.300618321 0.089546062
v -0.026199657 0.300923586 0.088093780
v -0.027977202 0.300971150 0.090704352
v -0.029235948 0.301164895 0.093304738
v -0.028741902 0.301042795 0.092182100
v -0.029972011 0.301428080 0.095319353
v -0.030569745 0.301327169 0.097989187
v -0.030604731 0.301908731 0.097329430
v -0.031017521 0.302042961 0.099658303
v -0.031412330 0.302724034 0.102019504
v -0.031454768 0.302653670 0.103710607
v -0.025521507 0.302212715 0.086881191
v -0.024445703 0.303395122 0.085773468
v -0.022551188 0.303759485 0.084679961
v -0.020704990 0.304201394 0.084414013
v -0.026584985 0.303058118 0.087941580
v -0.025513163 0.303865731 0.086619571
v -0.028240476 0.302930951 0.090383202
v -0.027526027 0.303543121 0.089078404
v -0.029623901 0.302982539 0.093222596
v -0.029172031 0.303418159 0.092043534
v -0.030235771 0.303487211 0.094729505
v -0.030902749 0.303701669 0.096999101
v -0.031439070 0.304119110 0.099411272
v -0.031385433 0.304861456 0.098507673
v -0.031746913 0.304621965 0.101273797
v -0.031916808 0.304869473 0.103145748
v -0.024385337 0.304890811 0.085734293
v -0.022980658 0.305505395 0.085224405
v -0.020961054 0.306100190 0.085090943
v -0.026529996 0.304941297 0.087827623
v -0.025235975 0.305836856 0.086870268
v -0.023344349 0.306893736 0.086383604
v -0.021184465 0.307474554 0.086350627
v -0.028328957 0.304777771 0.090299122
v -0.027447710 0.305708379 0.089305900
v -0.026118353 0.306679577 0.088220038
v -0.020714462 0.308461845 0.087703049
v -0.029098384 0.305510759 0.091908954
v -0.028329644 0.306707948 0.091134697
v -0.030356448 0.305236042 0.094686233
v -0.029831747 0.306150109 0.093642756
v -0.030879170 0.306148142 0.096456781
v -0.031715959 0.305703163 0.099957973
v -0.031415597 0.306639612 0.098549001
v -0.031940911 0.306493670 0.101286471
v -0.031797733 0.307149529 0.100495957
v -0.032127425 0.307390898 0.103152916
v -0.031999551 0.308033377 0.102426738
v -0.024979006 0.307123750 0.087661266
v -0.023689631 0.307597816 0.087368824
v -0.022043632 0.308073640 0.087314583
v -0.027041066 0.307110757 0.089748561
v -0.025478674 0.307722569 0.088973626
v -0.023583256 0.308320194 0.088462695
v -0.021438938 0.308806121 0.088536352
v -0.028831530 0.306950301 0.092194326
v -0.027570624 0.307713926 0.091299564
v -0.025643392 0.308690548 0.090881944
v -0.023638692 0.309388578 0.090690747
v -0.021450175 0.309541345 0.090217367
v -0.029222673 0.307673067 0.093819275
v -0.027544053 0.308762193 0.093245402
v -0.025744401 0.309495717 0.092858508
v -0.024228256 0.309688330 0.091804661
v -0.030708514 0.307460845 0.096755698
v -0.029546885 0.308461159 0.095821455
v -0.027642015 0.309498340 0.095225364
v -0.030856937 0.308203578 0.098255441
v -0.029710690 0.309283555 0.097865149
v -0.028276484 0.309788734 0.096897341
v -0.031163255 0.308759481 0.100334227
v -0.030049739 0.309752464 0.099626265
v -0.031554852 0.309092343 0.102386661
f 94 103 95
f 103 104 95
f 96 82 102
f 48 36 68
f 68 36 102
f 82 84 102
f 102 84 68
f 36 48 34
f 32 18 34
f 34 18 22
f 22 18 32
f 48 52 36
f 86 72 68
f 68 72 52
f 68 52 48
f 34 22 32
f 86 68 84
f 84 102 86
f 106 98 95
f 95 98 96
f 96 98 102
f 106 104 103
f 106 103 105
f 104 106 95
f 94 97 105
f 94 105 103
f 97 94 100
f 100 94 93
f 100 93 99
f 93 81 99
f 81 83 99
f 33 35 47
f 47 35 49
f 31 15 19
f 99 83 85
f 47 49 67
f 67 49 69
f 67 69 85
f 67 85 83
f 31 19 33
f 83 99 67
f 35 47 67
f 35 67 99
f 94 97 93
f 93 97 99
f 95 98 94
f 94 98 97
f 98 95 101
f 101 95 96
f 101 96 102
f 75 71 55
f 55 71 51
f 54 50 70
f 70 74 54
f 71 74 70
f 71 75 74
f 100 99 101
f 99 102 101
f 100 105 97
f 101 98 100
f 100 98 106
f 100 106 105
f 87 88 85
f 85 88 86
f 85 86 99
f 99 86 102
f 99 70 35
f 35 70 50
f 36 51 71
f 36 71 102
f 35 50 36
f 36 50 51
f 102 71 99
f 99 71 70
f 100 97 98
f 88 75 76
f 87 74 88
f 88 74 75
f 74 87 73
f 106 98 101
f 98 101 102
f 97 100 99
f 85 69 49
f 85 69 87
f 87 69 73
f 74 73 54
f 54 73 53
f 56 55 52
f 52 55 51
f 50 49 51
f 49 50 54
f 49 54 53
f 76 75 56
f 56 75 55
f 23 24 36
f 35 23 36
f 35 36 49
f 49 36 52
f 49 52 51
f 72 86 76
f 76 86 88
f 34 22 36
f 22 24 36
f 36 24 34
f 34 24 22
f 56 52 72
f 56 72 76
f 19 23 33
f 33 23 35
f 53 73 69
f 49 53 69
f 19 33 35
f 23 19 35
f 36 24 35
f 35 24 23
f 10 14 18
f 15 11 7
f 17 18 14
f 17 14 13
f 13 14 9
f 9 14 10
f 18 17 22
f 22 17 21
f 11 16 12
f 8 7 12
f 7 11 12
f 11 15 16
f 16 15 20
f 20 15 19
f 8 9 10
f 26 25 6
f 6 25 5
f 6 5 10
f 10 5 7
f 10 7 8
f 90 63 26
f 26 63 43
f 89 62 90
f 90 62 63
f 26 43 25
f 25 43 42
f 25 42 89
f 89 42 62
f 42 38 62
f 62 38 58
f 63 59 39
f 63 39 43
f 59 62 58
f 59 63 62
f 7 25 27
f 5 25 7
f 10 26 6
f 28 26 10
f 77 61 57
f 7 27 29
f 89 79 65
f 79 89 91
f 89 65 45
f 89 45 25
f 7 29 15
f 15 29 31
f 25 45 27
f 41 25 11
f 11 29 27
f 11 27 41
f 11 25 7
f 15 31 11
f 11 31 29
f 41 27 45
f 41 45 61
f 61 45 65
f 61 65 77
f 65 79 77
f 77 79 89
f 64 78 60
f 32 18 30
f 30 18 14
f 90 80 78
f 78 80 66
f 78 66 64
f 64 66 46
f 64 46 44
f 26 44 14
f 14 44 28
f 14 28 30
f 10 26 14
f 80 90 92
f 44 46 28
f 28 46 26
f 30 10 18
f 10 30 28
f 26 46 90
f 46 66 90
f 90 66 80
f 41 61 57
f 57 37 41
f 11 1 3
f 11 3 15
f 18 4 2
f 18 2 14
f 40 60 44
f 44 60 64
f 60 59 64
f 58 57 61
f 89 90 77
f 77 90 78
f 77 78 61
f 61 78 64
f 61 64 58
f 58 64 59
f 59 60 39
f 39 60 40
f 39 40 43
f 43 40 44
f 41 42 25
f 42 43 26
f 26 43 44
f 41 38 42
f 57 58 37
f 37 58 38
f 37 38 41
f 25 42 26
f 25 26 5
f 5 26 6
f 5 6 7
f 7 6 10
f 7 10 11
f 11 10 14
f 11 14 1
f 1 14 2
f 1 2 3
f 3 2 4
f 3 4 15
f 15 4 18
f 15 18 19
f 19 18 22
f 20 21 16
f 16 21 17
f 16 17 12
f 12 17 13
f 12 13 8
f 8 13 9
f 22 21 19
f 20 19 21
f 117 133 114
f 155 151 134
f 454 415 374
f 735 732 690
f 121 117 118
f 172 173 180
f 638 634 689
f 196 150 146
f 132 113 128
f 666 713 671
f 676 675 672
f 840 841 838
f 838 841 839
f 858 859 856
f 794 827 788
f 784 778 736
f 753 712 708
f 829 830 823
f 823 830 824
f 844 845 842
f 729 768 770
f 730 726 729
f 729 726 768
f 108 128 109
f 128 108 127
f 128 127 124
f 145 149 128
f 124 145 128
f 160 137 134
f 155 156 160
f 155 160 134
f 156 155 204
f 204 155 151
f 204 151 200
f 278 282 281
f 237 278 277
f 277 278 281
f 278 237 238
f 233 190 234
f 233 234 238
f 273 279 239
f 239 279 238
f 238 279 278
f 238 234 239
f 239 234 273
f 234 227 270
f 234 270 273
f 227 228 270
f 270 274 273
f 137 160 161
f 156 204 161
f 160 140 137
f 165 140 166
f 166 140 160
f 262 266 222
f 222 215 262
f 221 222 266
f 166 211 165
f 161 166 160
f 161 204 207
f 207 166 161
f 156 161 160
f 270 221 265
f 265 221 266
f 270 228 221
f 207 211 166
f 173 165 215
f 215 165 211
f 215 211 210
f 215 210 262
f 227 234 185
f 190 185 234
f 233 189 190
f 217 175 174
f 237 236 232
f 182 183 187
f 237 277 281
f 233 238 237
f 226 182 231
f 225 181 226
f 226 181 182
f 175 224 174
f 224 175 225
f 224 225 230
f 226 231 230
f 226 230 225
f 181 225 175
f 189 233 188
f 188 233 237
f 275 235 236
f 275 236 276
f 237 281 236
f 236 281 276
f 187 183 188
f 187 188 232
f 232 188 237
f 236 231 232
f 230 272 229
f 230 275 272
f 231 236 235
f 231 235 230
f 230 235 275
f 229 224 230
f 232 231 187
f 187 231 182
f 633 684 634
f 824 818 785
f 785 779 737
f 654 703 700
f 654 700 649
f 696 645 649
f 696 649 701
f 701 649 700
f 692 635 642
f 692 642 641
f 631 635 687
f 683 632 631
f 633 632 683
f 708 747 703
f 708 753 747
f 785 742 741
f 703 747 741
f 703 741 700
f 700 741 742
f 700 742 701
f 641 691 692
f 780 733 738
f 738 733 692
f 738 692 737
f 737 692 691
f 737 691 696
f 696 691 641
f 696 641 645
f 785 818 779
f 747 789 790
f 790 824 785
f 742 785 737
f 742 737 701
f 747 753 789
f 818 813 779
f 779 813 780
f 696 701 737
f 737 779 738
f 738 779 780
f 635 686 687
f 687 686 727
f 687 727 728
f 633 683 684
f 684 683 725
f 684 725 726
f 631 682 683
f 683 682 728
f 683 728 725
f 725 728 729
f 727 769 728
f 631 687 682
f 682 687 728
f 790 789 823
f 823 824 790
f 741 747 790
f 741 790 785
f 780 773 733
f 635 692 686
f 686 692 733
f 686 733 727
f 727 733 773
f 727 773 769
f 728 769 729
f 729 769 725
f 774 769 773
f 814 773 780
f 813 814 780
f 818 824 844
f 795 789 753
f 767 766 724
f 724 766 723
f 805 801 839
f 839 801 835
f 836 798 832
f 802 835 801
f 835 802 836
f 836 802 798
f 694 735 695
f 695 735 736
f 694 695 690
f 644 639 695
f 695 639 690
f 695 736 740
f 695 740 699
f 644 699 648
f 746 702 699
f 699 644 695
f 702 653 648
f 702 648 699
f 740 746 699
f 702 746 707
f 707 746 752
f 794 793 751
f 798 751 793
f 751 798 757
f 752 794 751
f 707 752 751
f 751 757 711
f 751 711 707
f 659 653 707
f 707 653 702
f 707 711 659
f 663 658 659
f 663 659 711
f 678 679 673
f 724 723 720
f 678 673 723
f 723 673 720
f 714 715 760
f 802 801 761
f 761 757 802
f 802 757 798
f 805 767 764
f 764 767 720
f 767 724 720
f 669 616 663
f 673 679 620
f 720 673 668
f 668 673 620
f 668 620 615
f 668 615 669
f 669 615 616
f 711 757 761
f 711 761 715
f 715 761 760
f 760 761 801
f 760 801 805
f 663 711 669
f 669 711 715
f 669 715 668
f 668 715 714
f 668 714 720
f 720 714 760
f 720 760 764
f 764 760 805
f 572 573 622
f 483 482 485
f 440 441 484
f 263 267 314
f 563 608 663
f 608 659 658
f 608 658 663
f 653 603 648
f 648 603 598
f 594 648 598
f 594 644 648
f 644 594 591
f 644 591 640
f 644 640 639
f 256 211 207
f 211 256 258
f 262 210 258
f 258 210 211
f 321 274 270
f 279 273 324
f 324 273 320
f 327 278 324
f 324 278 279
f 327 282 278
f 276 280 275
f 280 276 281
f 314 309 263
f 355 351 314
f 314 351 309
f 472 429 433
f 354 393 351
f 354 351 355
f 661 660 612
f 675 671 674
f 674 671 670
f 680 681 677
f 680 677 676
f 681 629 677
f 630 678 677
f 630 677 629
f 626 678 630
f 620 679 575
f 575 679 626
f 626 679 678
f 620 575 571
f 611 663 616
f 204 254 207
f 207 254 256
f 262 258 307
f 262 307 266
f 266 307 313
f 254 296 256
f 256 296 300
f 256 300 258
f 258 300 303
f 258 303 307
f 307 303 308
f 307 308 313
f 303 347 308
f 308 347 350
f 308 350 313
f 313 350 353
f 317 270 313
f 317 313 357
f 270 317 321
f 321 317 357
f 321 357 359
f 359 357 399
f 359 399 400
f 400 399 436
f 400 436 438
f 293 337 375
f 337 375 378
f 378 341 337
f 337 341 293
f 252 204 201
f 201 204 200
f 341 378 296
f 341 296 293
f 293 296 254
f 293 254 252
f 252 254 204
f 391 353 392
f 392 353 350
f 392 350 387
f 387 350 347
f 387 347 303
f 387 303 383
f 383 303 300
f 383 300 384
f 384 300 379
f 379 300 296
f 379 296 378
f 375 416 378
f 378 416 419
f 378 419 420
f 378 420 379
f 379 420 384
f 384 420 424
f 384 424 383
f 383 424 387
f 387 424 426
f 387 426 392
f 392 426 428
f 392 428 391
f 436 479 438
f 438 479 481
f 438 481 441
f 441 481 484
f 313 353 357
f 357 353 396
f 357 396 399
f 399 396 432
f 399 432 436
f 436 432 475
f 436 475 479
f 563 663 611
f 563 611 566
f 566 611 616
f 566 616 565
f 565 616 615
f 615 620 571
f 615 571 565
f 565 571 566
f 265 266 270
f 270 266 313
f 353 391 396
f 396 391 428
f 396 428 432
f 432 428 475
f 416 455 419
f 419 455 460
f 419 460 420
f 420 460 461
f 420 461 424
f 424 461 466
f 424 466 426
f 426 466 469
f 426 469 428
f 428 469 471
f 428 471 475
f 608 563 559
f 608 559 554
f 536 591 541
f 541 591 594
f 541 594 542
f 542 594 549
f 549 594 598
f 549 598 548
f 548 598 603
f 548 603 554
f 554 603 608
f 608 603 653
f 608 653 659
f 476 480 514
f 514 480 482
f 567 510 514
f 518 573 517
f 517 573 572
f 517 572 514
f 514 572 568
f 517 514 482
f 517 482 518
f 484 519 440
f 440 519 489
f 440 489 444
f 444 489 488
f 487 523 486
f 486 523 522
f 486 522 485
f 485 522 521
f 485 521 483
f 523 487 488
f 523 488 524
f 524 488 489
f 524 489 525
f 525 489 519
f 482 483 518
f 518 483 521
f 518 521 573
f 510 476 509
f 564 510 567
f 564 567 612
f 612 567 617
f 670 664 612
f 660 609 612
f 618 617 567
f 618 567 568
f 618 568 621
f 510 476 514
f 567 514 568
f 568 572 621
f 621 572 622
f 665 712 661
f 661 712 708
f 665 661 612
f 665 612 664
f 665 664 670
f 670 618 674
f 674 618 622
f 674 622 675
f 621 622 618
f 618 670 617
f 617 670 612
f 627 623 576
f 627 576 577
f 628 578 629
f 629 578 579
f 628 627 577
f 628 577 578
f 629 681 628
f 628 681 680
f 628 680 627
f 627 680 676
f 676 623 627
f 629 579 630
f 630 579 626
f 626 579 580
f 626 580 574
f 626 574 575
f 575 574 520
f 575 520 571
f 571 520 516
f 571 516 566
f 566 516 513
f 566 513 563
f 563 513 508
f 563 508 559
f 559 508 505
f 559 505 554
f 455 494 536
f 455 536 460
f 460 536 541
f 460 541 461
f 461 541 542
f 461 542 466
f 466 542 549
f 466 549 469
f 469 549 548
f 469 548 554
f 469 554 471
f 471 554 505
f 471 505 475
f 475 505 508
f 475 508 479
f 479 508 513
f 479 513 481
f 481 513 516
f 481 516 484
f 484 516 520
f 484 520 519
f 519 520 574
f 519 574 525
f 525 574 580
f 525 580 524
f 524 580 579
f 524 579 523
f 523 579 578
f 523 578 522
f 522 578 577
f 522 577 521
f 521 577 576
f 521 576 573
f 573 576 623
f 573 623 622
f 622 623 675
f 675 623 676
f 314 318 358
f 429 393 433
f 433 393 354
f 433 354 355
f 433 355 437
f 355 314 358
f 355 358 437
f 437 358 439
f 439 358 360
f 439 360 442
f 358 318 360
f 360 318 319
f 360 319 322
f 314 267 271
f 314 271 318
f 318 271 272
f 318 272 319
f 319 272 275
f 319 275 322
f 322 275 280
f 281 282 327
f 363 361 325
f 363 325 364
f 364 325 326
f 320 321 324
f 281 327 326
f 281 326 280
f 280 326 325
f 280 325 322
f 322 325 361
f 322 361 360
f 360 361 442
f 359 400 362
f 362 400 402
f 362 402 366
f 366 402 405
f 366 405 365
f 365 405 404
f 365 404 364
f 364 404 403
f 364 403 363
f 363 403 443
f 321 359 324
f 324 359 362
f 324 362 366
f 324 366 327
f 327 366 365
f 327 365 326
f 326 365 364
f 361 363 443
f 361 443 442
f 476 472 433
f 476 433 480
f 480 433 437
f 480 437 482
f 482 437 439
f 482 439 485
f 485 439 442
f 485 442 486
f 486 442 443
f 486 443 487
f 487 443 403
f 487 403 488
f 488 403 404
f 488 404 444
f 444 404 405
f 444 405 440
f 440 405 402
f 440 402 441
f 441 402 438
f 438 402 400
f 321 320 273
f 321 273 274
f 430 393 473
f 609 661 654
f 708 703 661
f 661 703 654
f 609 660 661
f 564 612 560
f 560 612 609
f 506 510 564
f 506 564 560
f 473 476 510
f 473 510 506
f 473 472 476
f 472 473 429
f 429 473 393
f 456 457 418
f 297 301 345
f 144 194 191
f 370 369 408
f 490 529 530
f 263 309 304
f 631 632 584
f 247 285 289
f 330 333 285
f 285 333 289
f 409 412 372
f 491 451 450
f 532 533 491
f 586 585 634
f 634 585 633
f 587 635 582
f 635 587 642
f 642 587 592
f 642 592 641
f 599 649 595
f 595 649 645
f 605 654 649
f 605 649 599
f 532 585 586
f 532 586 533
f 529 583 530
f 530 583 526
f 526 583 527
f 448 453 490
f 448 410 414
f 414 453 448
f 448 490 530
f 448 530 445
f 445 530 526
f 445 526 527
f 445 527 446
f 528 585 532
f 528 532 450
f 450 532 491
f 632 633 581
f 581 633 585
f 581 585 528
f 447 528 450
f 447 450 409
f 409 450 451
f 409 451 412
f 446 408 445
f 445 408 407
f 445 407 448
f 448 407 406
f 448 406 410
f 287 244 286
f 286 244 243
f 244 193 192
f 244 192 243
f 243 192 198
f 408 369 407
f 407 369 368
f 407 368 406
f 527 581 528
f 527 528 447
f 370 409 372
f 584 632 581
f 584 581 527
f 446 527 447
f 446 447 409
f 330 370 372
f 330 372 333
f 328 329 283
f 283 329 284
f 241 284 242
f 241 242 191
f 191 242 195
f 191 194 241
f 241 194 240
f 241 240 283
f 195 145 191
f 191 145 144
f 284 241 283
f 583 631 584
f 583 584 527
f 408 446 409
f 408 409 370
f 285 370 330
f 284 285 242
f 195 242 246
f 195 246 247
f 195 247 196
f 145 195 196
f 145 196 146
f 388 393 427
f 427 393 430
f 348 351 388
f 388 351 393
f 367 331 371
f 371 331 335
f 371 335 373
f 373 335 339
f 418 373 377
f 377 373 339
f 377 339 338
f 309 351 348
f 348 304 309
f 259 263 304
f 304 260 259
f 243 198 250
f 243 250 286
f 286 250 291
f 286 291 335
f 335 291 294
f 335 294 339
f 339 294 297
f 339 297 342
f 294 249 253
f 294 253 297
f 297 253 255
f 297 255 257
f 297 257 301
f 250 198 249
f 250 249 291
f 291 249 294
f 342 297 345
f 342 345 385
f 427 385 388
f 388 385 345
f 388 345 348
f 348 345 301
f 348 301 304
f 304 301 257
f 304 257 260
f 609 654 604
f 560 609 555
f 555 609 604
f 504 555 550
f 504 506 555
f 555 506 560
f 501 551 467
f 501 467 425
f 427 430 473
f 427 473 470
f 470 473 504
f 504 473 506
f 595 551 599
f 599 551 550
f 599 550 555
f 599 555 605
f 501 504 550
f 501 550 551
f 543 551 595
f 543 595 592
f 592 595 645
f 380 425 421
f 421 425 467
f 421 467 462
f 462 467 551
f 462 551 498
f 498 551 543
f 498 543 537
f 537 543 592
f 592 645 641
f 338 376 377
f 377 376 417
f 377 417 418
f 418 417 456
f 456 495 496
f 456 496 457
f 457 496 492
f 582 529 587
f 587 529 492
f 587 492 592
f 592 492 496
f 592 496 537
f 537 496 495
f 537 495 498
f 498 495 456
f 498 456 462
f 462 456 417
f 462 417 421
f 421 417 376
f 421 376 380
f 380 376 338
f 604 654 605
f 604 605 555
f 470 504 501
f 470 501 427
f 427 501 425
f 427 425 385
f 385 425 380
f 385 380 342
f 342 380 338
f 342 338 339
f 335 331 286
f 286 331 367
f 286 367 287
f 287 367 283
f 287 283 244
f 244 283 240
f 244 240 193
f 193 240 194
f 249 198 202
f 249 202 253
f 247 246 285
f 285 246 242
f 285 284 370
f 370 284 329
f 370 329 369
f 369 329 368
f 368 329 328
f 368 328 283
f 368 283 367
f 368 367 406
f 406 367 371
f 406 371 410
f 410 371 373
f 410 373 414
f 414 373 418
f 414 418 453
f 453 418 457
f 453 457 492
f 453 492 490
f 490 492 529
f 529 582 583
f 583 582 635
f 583 635 631
f 203 198 153
f 153 198 147
f 147 148 125
f 148 126 125
f 127 108 126
f 126 108 107
f 124 127 123
f 122 126 143
f 122 143 144
f 148 147 143
f 148 143 126
f 208 205 209
f 255 253 205
f 205 253 202
f 203 202 198
f 192 193 198
f 143 193 194
f 143 194 144
f 145 124 144
f 144 124 123
f 144 123 122
f 122 123 127
f 122 127 126
f 257 255 205
f 257 205 208
f 147 198 143
f 143 198 193
f 113 112 109
f 109 112 108
f 150 129 128
f 146 150 128
f 491 451 412
f 491 412 372
f 685 689 634
f 685 731 689
f 725 768 726
f 768 725 770
f 774 810 811
f 842 814 818
f 842 818 844
f 795 829 823
f 670 713 712
f 670 671 713
f 675 672 671
f 805 807 808
f 808 807 766
f 839 841 840
f 839 840 805
f 805 840 807
f 859 858 835
f 859 835 836
f 859 836 856
f 856 836 832
f 862 839 858
f 858 839 835
f 766 767 808
f 808 767 805
f 678 723 677
f 823 789 795
f 847 844 824
f 813 818 814
f 685 684 730
f 730 684 726
f 634 684 685
f 128 145 146
f 723 722 677
f 712 665 670
f 113 109 128
f 731 685 730
f 770 725 769
f 810 774 773
f 810 773 814
f 798 793 832
f 752 788 794
f 746 788 752
f 793 794 788
f 793 788 827
f 736 778 740
f 740 778 784
f 536 535 590
f 536 590 639
f 494 535 536
f 454 494 415
f 494 454 493
f 494 493 535
f 415 494 374
f 374 494 375
f 374 375 336
f 336 375 337
f 292 336 337
f 252 251 293
f 293 251 292
f 252 200 251
f 201 151 200
f 137 114 133
f 137 133 134
f 140 121 118
f 173 215 222
f 173 222 180
f 228 186 180
f 228 180 221
f 227 185 228
f 228 185 186
f 189 184 185
f 188 184 189
f 188 183 184
f 182 181 176
f 181 175 176
f 175 174 167
f 175 167 168
f 212 168 167
f 162 168 208
f 208 168 212
f 209 162 208
f 203 153 205
f 205 153 157
f 147 153 203
f 108 112 111
f 108 111 107
f 205 202 203
f 180 222 221
f 201 200 252
f 293 292 337
f 494 455 416
f 639 591 536
f 639 640 591
f 788 746 740
f 784 788 740
f 690 735 694
f 375 494 416
f 189 185 190
f 137 140 118
f 793 827 832
f 137 118 117
f 137 117 114
f 174 217 212
f 174 212 167
f 259 212 216
f 259 216 263
f 216 224 223
f 217 224 216
f 229 267 224
f 272 271 267
f 272 267 229
f 174 224 217
f 216 212 217
f 224 267 223
f 223 267 216
f 216 267 263
f 212 259 260
f 212 260 257
f 212 257 208
f 178 184 177
f 178 179 184
f 184 183 177
f 179 185 184
f 323 326 269
f 395 311 401
f 269 233 277
f 269 277 323
f 401 311 269
f 340 295 459
f 340 459 341
f 401 269 326
f 401 326 403
f 395 302 311
f 341 459 541
f 541 459 540
f 233 269 220
f 220 269 264
f 220 264 311
f 311 264 269
f 302 395 346
f 346 395 389
f 459 593 540
f 602 547 546
f 299 344 295
f 295 344 465
f 295 465 459
f 465 344 382
f 465 382 423
f 547 465 546
f 546 465 553
f 389 390 346
f 346 390 386
f 553 465 464
f 602 546 553
f 459 465 547
f 652 547 602
f 459 547 593
f 553 464 503
f 503 464 468
f 547 602 596
f 602 606 652
f 596 597 547
f 547 597 593
f 311 316 220
f 220 316 227
f 227 185 220
f 178 219 220
f 178 220 179
f 179 220 185
f 179 185 186
f 227 228 220
f 801 800 835
f 835 800 834
f 835 831 797
f 835 797 801
f 838 834 800
f 838 840 834
f 834 838 835
f 800 807 838
f 838 807 840
f 801 763 800
f 800 763 804
f 800 804 807
f 801 760 763
f 801 798 756
f 835 858 855
f 838 861 835
f 835 861 858
f 801 756 760
f 835 855 832
f 835 832 827
f 835 827 801
f 801 827 798
f 763 762 804
f 804 762 803
f 804 803 807
f 807 803 840
f 840 803 837
f 840 837 838
f 838 837 861
f 861 837 860
f 861 857 858
f 858 857 854
f 858 854 855
f 855 849 832
f 832 849 826
f 832 826 827
f 827 826 798
f 798 826 792
f 798 792 756
f 756 792 750
f 723 722 717
f 574 569 626
f 626 569 619
f 626 619 625
f 625 619 624
f 625 624 677
f 677 624 676
f 677 676 722
f 722 676 717
f 717 676 672
f 762 763 719
f 719 763 723
f 719 723 722
f 722 723 718
f 718 723 717
f 673 620 614
f 614 620 615
f 667 673 614
f 673 667 668
f 722 723 667
f 667 723 763
f 667 763 668
f 763 607 668
f 658 607 760
f 667 677 722
f 760 607 763
f 570 615 515
f 607 558 668
f 668 558 562
f 668 562 615
f 614 574 626
f 614 626 667
f 667 626 625
f 667 625 677
f 615 570 614
f 614 570 574
f 562 512 615
f 615 512 515
f 760 756 706
f 760 706 658
f 756 750 706
f 750 705 706
f 706 705 658
f 658 705 657
f 658 657 607
f 607 657 606
f 607 606 558
f 558 606 557
f 558 557 562
f 562 561 512
f 512 561 507
f 512 507 511
f 512 511 515
f 826 855 849
f 826 849 821
f 827 821 849
f 855 856 849
f 849 856 850
f 849 850 827
f 828 822 821
f 827 828 821
f 859 856 855
f 850 856 827
f 828 788 822
f 794 788 828
f 856 832 827
f 862 863 839
f 839 863 840
f 869 862 858
f 862 861 863
f 855 858 859
f 862 869 868
f 862 857 861
f 861 840 863
f 840 861 837
f 862 868 857
f 858 854 867
f 858 867 869
f 869 867 868
f 765 766 807
f 807 840 837
f 807 837 806
f 806 765 807
f 676 722 721
f 675 676 721
f 765 722 723
f 765 723 766
f 675 721 718
f 672 675 717
f 717 675 718
f 718 721 722
f 803 806 837
f 857 868 854
f 854 868 867
f 803 762 719
f 787 792 826
f 787 826 821
f 705 750 744
f 744 750 792
f 744 792 787
f 765 806 722
f 722 806 837
f 722 837 719
f 719 837 803
f 787 821 822
f 787 822 788
f 643 693 692
f 692 693 698
f 692 642 643
f 643 642 647
f 647 642 646
f 647 646 698
f 698 646 697
f 698 697 692
f 819 818 785
f 785 786 819
f 791 786 785
f 791 785 790
f 791 790 824
f 825 824 818
f 825 818 819
f 814 819 780
f 780 819 786
f 825 819 845
f 819 814 842
f 819 842 845
f 791 743 786
f 790 748 791
f 791 748 743
f 824 796 790
f 790 796 754
f 790 754 748
f 824 830 796
f 824 852 830
f 845 848 825
f 825 848 847
f 825 847 824
f 824 847 852
f 749 743 748
f 749 748 755
f 755 748 754
f 799 796 833
f 833 796 830
f 853 830 852
f 853 852 847
f 853 847 848
f 848 845 846
f 846 845 842
f 846 842 820
f 820 842 814
f 820 814 815
f 815 814 781
f 781 814 780
f 743 749 704
f 846 843 845
f 845 843 811
f 845 811 842
f 812 811 843
f 843 846 815
f 843 815 812
f 833 830 852
f 852 829 830
f 866 865 847
f 845 864 848
f 865 866 864
f 864 866 848
f 848 866 847
f 852 851 829
f 844 865 864
f 844 864 845
f 847 865 844
f 810 814 842
f 842 811 810
f 672 717 671
f 671 716 666
f 666 716 713
f 716 712 713
f 830 829 824
f 774 809 811
f 774 811 775
f 775 811 812
f 852 847 851
f 847 824 851
f 824 829 851
f 753 758 795
f 671 717 716
f 671 716 713
f 753 712 758
f 830 829 795
f 830 795 758
f 758 799 830
f 830 799 833
f 799 758 759
f 716 717 713
f 758 712 759
f 712 713 759
f 704 709 710
f 755 704 749
f 710 662 704
f 704 662 656
f 796 799 759
f 796 759 754
f 754 759 755
f 709 704 713
f 713 704 755
f 713 755 759
f 815 846 820
f 815 820 812
f 812 815 781
f 781 775 812
f 545 539 656
f 698 693 734
f 698 743 647
f 647 743 539
f 698 780 786
f 698 786 743
f 647 539 643
f 539 588 643
f 643 588 589
f 643 589 637
f 643 637 693
f 656 539 743
f 656 743 704
f 545 656 544
f 544 656 651
f 544 651 601
f 774 781 698
f 698 781 780
f 698 734 774
f 734 693 637
f 636 637 588
f 588 637 589
f 588 589 583
f 538 539 545
f 538 545 544
f 544 601 600
f 600 601 651
f 600 651 650
f 650 651 656
f 329 408 411
f 332 329 287
f 287 329 298
f 531 449 411
f 703 708 613
f 381 343 411
f 583 631 534
f 500 449 544
f 329 411 298
f 298 411 343
f 600 650 613
f 534 588 539
f 534 544 449
f 534 449 531
f 534 531 583
f 500 497 449
f 449 497 458
f 449 458 411
f 411 458 381
f 600 613 544
f 538 544 539
f 539 544 534
f 588 534 631
f 588 631 583
f 463 422 381
f 463 381 458
f 605 556 544
f 613 650 655
f 613 655 703
f 605 544 610
f 610 544 613
f 544 556 552
f 544 552 502
f 544 502 500
f 500 502 499
f 544 500 537
f 500 496 537
f 355 510 314
f 514 318 510
f 510 318 314
f 478 477 434
f 349 394 398
f 398 394 435
f 355 434 510
f 434 477 510
f 435 431 474
f 435 474 434
f 434 474 478
f 398 352 349
f 217 305 268
f 268 305 310
f 268 310 267
f 217 213 305
f 305 213 261
f 305 261 306
f 356 398 397
f 356 397 355
f 355 397 434
f 431 435 394
f 267 315 314
f 356 352 398
f 267 310 315
f 182 176 183
f 176 177 183
f 175 168 169
f 175 169 176
f 178 177 170
f 178 170 171
f 219 178 214
f 214 178 171
f 214 171 170
f 218 219 214
f 219 218 178
f 178 218 170
f 218 214 170
f 170 214 177
f 213 212 261
f 261 212 257
f 168 218 177
f 168 177 169
f 218 168 213
f 177 176 169
f 314 310 352
f 309 310 314
f 352 351 314
f 120 121 139
f 139 121 140
f 138 164 154
f 154 119 138
f 141 172 138
f 138 172 164
f 141 138 142
f 142 138 140
f 120 139 138
f 138 139 140
f 119 120 138
f 141 142 172
f 296 206 221
f 269 296 221
f 269 221 180
f 269 180 227
f 227 180 220
f 220 180 179
f 312 296 269
f 312 269 311
f 311 269 316
f 165 173 140
f 142 173 172
f 185 179 180
f 185 180 186
f 142 140 173
f 150 146 200
f 150 200 151
f 200 146 196
f 292 251 248
f 292 248 290
f 334 336 290
f 290 336 292
f 454 415 452
f 452 415 334
f 334 415 374
f 334 374 336
f 413 372 412
f 413 412 451
f 334 333 413
f 413 333 372
f 333 334 290
f 333 290 289
f 248 247 289
f 248 289 290
f 197 247 248
f 200 196 197
f 197 196 247
f 200 197 251
f 251 197 248
f 452 334 413
f 452 413 451
f 134 130 155
f 155 130 151
f 121 120 118
f 118 120 117
f 817 816 821
f 821 816 812
f 817 783 816
f 816 783 776
f 816 776 812
f 770 809 812
f 776 772 771
f 771 770 776
f 776 770 812
f 783 777 776
f 821 822 784
f 821 784 817
f 817 784 783
f 729 774 728
f 774 734 728
f 637 688 734
f 734 688 729
f 734 729 728
f 774 782 788
f 788 782 793
f 782 739 745
f 793 782 745
f 793 745 751
f 734 774 733
f 812 774 821
f 821 774 788
f 821 788 822
f 774 812 809
f 769 774 809
f 768 726 730
f 770 768 730
f 771 730 726
f 771 726 768
f 771 768 770
f 809 770 769
f 822 788 784
f 784 777 783
f 736 777 778
f 778 777 784
f 777 736 735
f 777 735 776
f 776 735 772
f 772 735 732
f 772 731 771
f 771 731 730
f 634 638 586
f 451 491 533
f 451 533 452
f 452 533 535
f 454 452 493
f 493 452 535
f 731 772 732
f 731 732 689
f 689 732 690
f 689 690 638
f 638 690 639
f 638 639 586
f 586 639 590
f 586 590 533
f 533 590 535
f 451 412 372
f 134 133 129
f 114 117 113
f 113 117 116
f 114 113 133
f 133 113 129
f 150 151 129
f 129 151 130
f 129 130 134
f 128 129 113
f 115 112 116
f 116 112 113
f 149 135 136
f 163 159 149
f 149 159 135
f 169 163 149
f 149 136 115
f 115 149 112
f 150 149 154
f 154 149 115
f 116 154 115
f 162 169 168
f 162 163 169
f 163 162 158
f 163 158 159
f 159 158 153
f 159 153 135
f 135 153 131
f 135 131 136
f 136 131 111
f 136 111 115
f 260 257 261
f 213 212 168
f 162 158 157
f 152 153 158
f 152 158 157
f 209 157 162
f 157 209 205
f 111 131 110
f 153 147 131
f 131 147 125
f 110 131 125
f 126 107 111
f 111 110 126
f 126 110 125
f 111 112 115
f 119 116 117
f 119 117 120
f 119 154 116
f 155 151 154
f 154 151 150
f 284 288 144
f 144 288 194
f 144 194 284
f 194 195 284
f 284 195 246
f 284 246 288
f 288 245 194
f 194 245 193
f 193 245 244
f 244 199 193
f 929 933 909
f 934 930 910
f 910 914 934
f 933 913 909
f 945 949 944
f 944 949 948
f 944 948 947
f 944 947 946
f 881 880 883
f 883 880 882
f 883 882 895
f 895 882 894
f 895 910 945
f 945 910 930
f 944 946 894
f 894 946 909
f 945 930 949
f 949 930 948
f 948 930 929
f 948 929 947
f 947 929 946
f 946 929 909
f 894 909 895
f 895 909 910
f 893 881 895
f 881 883 895
f 882 880 894
f 880 892 894
f 893 891 879
f 895 907 893
f 879 881 893
f 945 943 927
f 945 927 895
f 895 927 907
f 881 879 891
f 895 907 945
f 945 907 927
f 945 931 895
f 895 931 911
f 893 881 891
f 915 911 931
f 915 931 935
f 892 906 894
f 894 906 944
f 944 906 926
f 876 890 880
f 880 890 892
f 944 926 942
f 928 926 906
f 906 908 928
f 926 928 944
f 906 894 908
f 928 931 944
f 944 931 945
f 912 913 932
f 911 914 910
f 908 909 913
f 913 912 908
f 915 935 914
f 915 914 911
f 935 934 914
f 928 933 929
f 929 930 928
f 928 930 931
f 931 930 934
f 931 934 935
f 932 913 933
f 932 933 928
f 876 879 880
f 880 879 881
f 880 881 882
f 882 881 883
f 882 883 894
f 894 883 895
f 894 895 908
f 908 895 911
f 908 911 909
f 909 911 910
f 908 912 932
f 908 932 928
f 876 877 879
f 879 877 878
f 874 872 876
f 873 875 879
f 922 918 902
f 917 921 901
f 901 897 917
f 918 898 902
f 918 919 898
f 898 919 899
f 900 897 901
f 901 902 903
f 902 898 903
f 903 898 899
f 916 917 897
f 916 897 896
f 896 897 900
f 922 921 920
f 920 921 917
f 917 916 920
f 919 918 923
f 923 918 922
f 923 922 920
f 923 920 937
f 937 920 936
f 900 901 903
f 900 903 884
f 884 903 885
f 884 885 870
f 870 885 871
f 873 872 870
f 873 870 871
f 884 901 921
f 884 921 936
f 936 921 937
f 937 921 922
f 937 922 885
f 885 922 902
f 885 902 884
f 884 902 901
f 885 884 871
f 871 884 870
f 884 870 872
f 900 920 916
f 900 916 896
f 903 899 919
f 873 871 885
f 903 919 923
f 884 886 872
f 938 924 936
f 940 938 936
f 904 884 924
f 924 884 936
f 886 888 872
f 872 888 876
f 876 888 890
f 884 904 886
f 924 936 920
f 888 872 874
f 888 874 890
f 890 874 876
f 904 900 884
f 924 920 900
f 924 900 904
f 885 873 887
f 925 939 937
f 937 939 941
f 879 891 873
f 873 891 889
f 873 889 887
f 885 905 925
f 885 925 937
f 905 885 887
f 875 889 891
f 875 891 879
f 925 923 937
f 905 903 925
f 925 903 923
f 889 875 887
f 887 875 873
f 905 885 903
f 1000 1001 1056
f 1136 1108 1114
f 1115 1143 1114
f 1114 1143 1137
f 1114 1137 1136
f 1164 1163 1170
f 1170 1163 1169
f 1057 1001 994
f 1057 994 1052
f 1056 1001 1057
f 1056 1006 1000
f 1006 1056 1063
f 1029 1024 1030
f 1107 1135 1113
f 1113 1135 1142
f 1113 1142 1141
f 1135 1164 1142
f 1142 1164 1170
f 1142 1170 1169
f 1142 1169 1141
f 1141 1169 1147
f 1147 1169 1175
f 1147 1175 1146
f 1146 1175 1174
f 1143 1115 1086
f 1079 1107 1084
f 1084 1107 1113
f 1084 1113 1083
f 1083 1113 1141
f 1083 1141 1090
f 1090 1141 1147
f 1090 1147 1089
f 1089 1147 1146
f 1089 1146 1088
f 1088 1146 1145
f 1088 1145 1087
f 1087 1145 1144
f 1087 1144 1086
f 1086 1144 1143
f 1053 1024 1058
f 1058 1024 1029
f 1058 1029 1059
f 1059 1029 1030
f 1031 1060 1030
f 1030 1060 1059
f 1034 1006 1063
f 1034 1063 1062
f 1034 1062 1033
f 1033 1062 1061
f 1033 1061 1032
f 1032 1061 1031
f 1031 1061 1060
f 1059 1086 1058
f 1058 1086 1085
f 1058 1085 1053
f 1053 1085 1080
f 1052 1079 1057
f 1057 1079 1084
f 1057 1084 1056
f 1056 1084 1083
f 1056 1083 1063
f 1063 1083 1090
f 1063 1090 1062
f 1062 1090 1089
f 1062 1089 1061
f 1061 1089 1088
f 1061 1088 1087
f 1061 1087 1060
f 1060 1087 1059
f 1059 1087 1086
f 1086 1115 1085
f 1085 1115 1114
f 1085 1114 1080
f 1080 1114 1108
f 1108 1105 1080
f 1053 1080 1078
f 1080 1105 1078
f 995 1024 1021
f 995 1021 992
f 1021 1024 1050
f 1050 1024 1053
f 1050 1053 1078
f 1070 1102 1096
f 1076 1102 1070
f 1102 1076 1078
f 1102 1078 1105
f 1018 1021 1050
f 1021 1018 988
f 1021 988 992
f 982 988 1013
f 1013 988 1018
f 1047 1041 1018
f 1018 1041 1013
f 1047 1018 1050
f 1047 1050 1078
f 1047 1076 1070
f 1047 1070 1041
f 1076 1047 1078
f 1007 1008 1013
f 981 1012 1040
f 981 1040 1045
f 987 986 1045
f 1045 986 981
f 987 1045 1046
f 1049 991 987
f 1049 987 1046
f 1157 1156 1160
f 1157 1160 1161
f 1119 1065 1125
f 1125 1065 1064
f 1125 1064 1124
f 1070 1096 1064
f 1064 1096 1124
f 1104 1077 1101
f 1101 1077 1075
f 1101 1075 1100
f 1100 1075 1074
f 1100 1074 1095
f 1095 1074 1069
f 1065 1119 1066
f 1066 1119 1120
f 1066 1120 1121
f 1066 1121 1067
f 1067 1121 1068
f 1068 1121 1122
f 1068 1122 1069
f 1069 1122 1123
f 1095 1069 1123
f 1095 1123 1100
f 1100 1123 1127
f 1100 1127 1101
f 1101 1127 1128
f 1101 1128 1104
f 1104 1128 1131
f 1161 1131 1157
f 1157 1131 1128
f 1157 1128 1156
f 1156 1128 1127
f 1156 1127 1152
f 1152 1127 1123
f 1152 1123 1151
f 1151 1123 1122
f 1013 1041 1007
f 1007 1041 1035
f 1007 1035 1008
f 1008 1035 1036
f 1008 1036 1009
f 1041 1070 1035
f 1035 1070 1064
f 1035 1064 1036
f 1036 1064 1065
f 1036 1037 1009
f 1009 1037 1010
f 1010 1037 1038
f 1010 1038 1011
f 1011 1038 1039
f 1011 1039 1012
f 1012 1039 1040
f 1077 1049 1075
f 1075 1049 1046
f 1075 1046 1074
f 1074 1046 1045
f 1074 1045 1069
f 1069 1045 1040
f 1069 1040 1068
f 1068 1040 1039
f 1068 1039 1067
f 1067 1039 1038
f 1067 1038 1066
f 1066 1038 1037
f 1066 1037 1065
f 1065 1037 1036
f 1020 991 1049
f 1179 1180 1160
f 1179 1156 1178
f 1178 1156 1152
f 1119 1124 1125
f 1160 1156 1179
f 1136 1137 1143
f 1169 1184 1175
f 1175 1184 1187
f 1169 1163 1184
f 1163 1182 1184
f 1023 1052 994
f 1030 1024 995
f 1033 1005 1006
f 1033 1006 1034
f 1032 1004 1033
f 1033 1004 1005
f 1003 1004 1031
f 1031 1004 1032
f 1030 1002 1031
f 1031 1002 1003
f 996 1002 995
f 995 1002 1030
f 1008 977 982
f 982 977 983
f 1009 978 1008
f 1008 978 977
f 979 1009 1010
f 1009 979 978
f 979 1010 980
f 980 1010 1011
f 1012 981 1011
f 1011 981 980
f 982 1013 1008
f 1160 1131 1161
f 1179 1178 1152
f 1169 1175 1187
f 1169 1187 1184
f 1163 1164 1134
f 1134 1164 1135
f 995 1024 996
f 996 1024 1025
f 1030 1002 1025
f 1025 1002 996
f 1031 1003 1030
f 1030 1003 1002
f 1033 1005 1032
f 1032 1005 1004
f 1005 1033 1034
f 1005 1034 1006
f 1056 1006 1034
f 1052 1001 1057
f 1052 994 1001
f 1136 1109 1108
f 1078 1080 1050
f 1136 1137 1109
f 1109 1137 1115
f 1115 1137 1143
f 1145 1088 1144
f 1144 1088 1087
f 1144 1087 1143
f 1143 1087 1086
f 1115 1086 1109
f 1109 1086 1081
f 1109 1081 1108
f 1108 1081 1080
f 1107 1079 1112
f 1112 1079 1084
f 1112 1084 1083
f 1134 1135 1107
f 1134 1107 1141
f 1141 1107 1112
f 1089 1146 1090
f 1090 1146 1147
f 1090 1147 1118
f 1175 1147 1174
f 1174 1147 1146
f 1163 1134 1169
f 1169 1134 1141
f 1079 1052 1084
f 1084 1052 1057
f 1084 1057 1083
f 1083 1057 1056
f 1090 1063 1089
f 1089 1063 1062
f 1024 1053 1025
f 1025 1053 1054
f 1025 1054 1030
f 1030 1054 1059
f 1030 1059 1031
f 1031 1059 1060
f 1031 1060 1032
f 1032 1060 1061
f 1034 1063 1056
f 1056 1063 1090
f 1056 1090 1083
f 1083 1090 1118
f 1083 1118 1112
f 1112 1118 1147
f 1112 1147 1141
f 1141 1147 1175
f 1141 1175 1169
f 1053 1050 1080
f 1053 1080 1054
f 1054 1080 1081
f 1054 1081 1059
f 1059 1081 1086
f 1059 1086 1060
f 1060 1086 1087
f 1089 1088 1145
f 1089 1145 1146
f 1144 1120 1121
f 1144 1121 1145
f 1145 1121 1150
f 1145 1150 1173
f 1173 1150 1151
f 1173 1151 1174
f 1174 1151 1177
f 1174 1177 1186
f 1186 1177 1190
f 1186 1190 1195
f 1195 1190 1199
f 1195 1199 1203
f 1203 1199 1198
f 1203 1198 1202
f 1202 1198 1197
f 1202 1197 1201
f 1201 1197 1196
f 1201 1196 1200
f 1200 1196 1188
f 1200 1188 1193
f 1193 1188 1176
f 1193 1176 1185
f 1185 1176 1148
f 1185 1148 1171
f 1171 1148 1149
f 1171 1149 1172
f 1172 1149 1120
f 1172 1120 1144
f 1172 1144 1173
f 1173 1144 1145
f 1193 1201 1200
f 1202 1185 1171
f 1201 1193 1185
f 1201 1185 1202
f 1186 1172 1174
f 1174 1172 1173
f 1172 1195 1194
f 1172 1194 1202
f 1171 1172 1202
f 1172 1186 1195
f 1194 1195 1202
f 1202 1195 1203
f 1150 1121 1149
f 1149 1121 1120
f 1188 1196 1197
f 1198 1199 1190
f 1198 1190 1189
f 1189 1150 1198
f 1198 1150 1149
f 1197 1148 1176
f 1190 1177 1151
f 1198 1149 1197
f 1197 1149 1148
f 1190 1151 1150
f 1197 1176 1188
f 1189 1190 1150
f 1138 1137 1166
f 1137 1133 1166
f 1166 1133 1162
f 1037 1043 1042
f 1037 1042 1036
f 1014 1008 1036
f 1014 1036 1042
f 1042 1071 1097
f 1098 1097 1072
f 1072 1097 1071
f 1096 1041 1097
f 1097 1041 1042
f 1132 1105 1129
f 1096 1070 1041
f 1070 1102 1078
f 1013 1018 982
f 982 1018 988
f 1129 1105 1102
f 965 970 971
f 965 971 966
f 966 971 972
f 964 958 969
f 964 969 970
f 964 970 965
f 1024 1053 1080
f 1061 1087 1117
f 1061 1117 1032
f 1060 1002 1087
f 1087 1002 1086
f 1032 1004 1003
f 1003 1031 1032
f 1002 1060 1031
f 996 1081 1002
f 1002 1081 1086
f 970 997 971
f 997 970 996
f 995 1108 1081
f 995 1081 996
f 995 1080 1108
f 995 1024 1080
f 989 983 988
f 988 983 982
f 1018 1047 1013
f 1018 1021 1047
f 1078 1076 1050
f 1050 1076 1047
f 1021 1050 1047
f 975 1002 995
f 975 995 970
f 995 969 970
f 969 995 964
f 964 995 992
f 972 1004 1003
f 972 1003 1002
f 1002 975 972
f 975 970 972
f 972 970 969
f 964 966 969
f 969 966 972
f 954 950 977
f 977 978 954
f 978 979 954
f 960 952 954
f 954 952 953
f 954 953 950
f 958 952 960
f 988 958 992
f 992 958 964
f 982 952 988
f 988 952 958
f 977 950 982
f 982 950 953
f 982 953 952
f 1093 1067 1066
f 1066 1092 1093
f 1121 1093 1120
f 1120 1093 1092
f 1119 1120 1091
f 1091 1120 1092
f 1125 1119 1091
f 1096 1124 1097
f 1124 1125 1097
f 983 1013 1014
f 983 982 1013
f 983 1014 1008
f 983 1008 977
f 977 1008 1009
f 977 1009 978
f 1010 979 978
f 1125 1091 1097
f 1071 1097 1091
f 1091 1065 1071
f 1070 1096 1071
f 1071 1096 1097
f 1092 1066 1091
f 1091 1066 1065
f 1009 1010 978
f 1067 1010 1066
f 1066 1010 1009
f 1066 1009 1065
f 1065 1009 1008
f 1065 1008 1071
f 1071 1008 1014
f 1071 1014 1070
f 1070 1014 1013
f 1070 1013 1047
f 1154 1148 1119
f 1149 1120 1119
f 1119 1148 1149
f 1124 1153 1154
f 1124 1154 1119
f 1124 1096 1129
f 1129 1096 1102
f 1144 1172 1143
f 1143 1172 1171
f 1108 1136 1132
f 1108 1132 1105
f 1166 1143 1171
f 1143 1166 1136
f 1136 1166 1165
f 1145 1173 1172
f 1145 1172 1144
f 1145 1116 1117
f 1025 996 1030
f 1030 996 1002
f 1109 1137 1108
f 1108 1137 1136
f 1144 1143 1115
f 1116 1144 1115
f 1145 1144 1116
f 1115 1086 1116
f 1116 1086 1087
f 1116 1087 1117
f 1117 1087 1088
f 1032 1061 1087
f 1032 1087 1031
f 1031 1087 1030
f 1030 1087 1086
f 1030 1086 1081
f 1030 1081 1025
f 1025 1081 1024
f 1024 1081 1080
f 1024 1080 1050
f 992 969 988
f 995 969 992
f 988 969 958
f 1021 992 1050
f 1047 1041 1076
f 1076 1041 1070
f 953 983 959
f 959 983 989
f 960 959 958
f 1037 1009 1038
f 1038 1009 1010
f 1067 1038 1010
f 1038 1067 1093
f 1038 1093 1037
f 1093 1150 1092
f 1093 1092 1037
f 1037 1092 1120
f 1120 1092 1150
f 1120 1150 1149
f 1066 1092 1065
f 1092 1098 1065
f 1065 1098 1071
f 1065 1071 1066
f 1066 1071 1072
f 1126 1098 1120
f 1120 1098 1092
f 1126 1097 1098
f 1097 1126 1125
f 1125 1126 1154
f 1149 1148 1154
f 1120 1149 1126
f 1126 1149 1155
f 1155 1149 1154
f 1155 1154 1126
f 1158 1124 1129
f 1159 1154 1158
f 1158 1154 1153
f 1158 1153 1124
f 1162 1159 1166
f 1129 1132 1158
f 1158 1132 1159
f 1159 1132 1136
f 1136 1165 1159
f 1159 1165 1166
f 1138 1166 1167
f 1166 1171 1167
f 1167 1171 1172
f 1167 1172 1138
f 1138 1172 1144
f 1138 1144 1139
f 1139 1144 1145
f 972 998 1004
f 1061 1032 1088
f 1088 1032 1117
f 965 966 964
f 988 958 989
f 989 958 959
f 1014 983 984
f 984 1015 1014
f 1183 1184 1168
f 1168 1184 1169
f 1182 1184 1191
f 1191 1184 1192
f 1177 1181 1182
f 1186 1187 1183
f 1184 1183 1187
f 1182 1178 1177
f 1180 1179 1182
f 1182 1179 1178
f 972 974 973
f 972 973 976
f 972 976 1006
f 1006 1005 972
f 972 1005 1004
f 967 968 973
f 973 968 974
f 962 963 967
f 967 963 968
f 956 957 963
f 956 963 962
f 954 957 956
f 954 979 980
f 954 980 981
f 954 981 951
f 954 951 956
f 1048 1022 1051
f 1022 1048 1019
f 1027 1056 1083
f 1083 1056 1112
f 1112 1056 1111
f 1022 1019 1017
f 985 986 1016
f 1016 986 1017
f 1016 1017 1044
f 1044 1017 1045
f 955 961 956
f 956 961 962
f 1020 1049 1077
f 1160 1161 1130
f 1130 1161 1131
f 986 981 1017
f 1017 981 1012
f 1045 986 1017
f 1152 1179 1156
f 1100 1130 1103
f 1127 1130 1100
f 1121 1067 1093
f 1160 1130 1156
f 1156 1130 1127
f 1012 1040 1017
f 1017 1040 1045
f 956 957 986
f 986 957 987
f 991 963 990
f 990 963 957
f 990 957 956
f 991 990 987
f 987 990 986
f 986 990 956
f 986 962 990
f 986 956 962
f 961 960 962
f 960 954 962
f 962 954 956
f 1056 1027 1000
f 990 962 967
f 1000 1027 1022
f 1000 1022 993
f 993 990 967
f 993 967 973
f 1017 990 1022
f 1022 990 993
f 1017 986 990
f 1033 1032 1062
f 1062 1032 1117
f 1062 1117 1089
f 1145 1139 1117
f 1117 1139 1110
f 1111 1139 1082
f 1082 1139 1083
f 1139 1140 1111
f 1139 1111 1083
f 1110 1139 1111
f 1140 1139 1168
f 1026 999 1055
f 1082 1083 1055
f 1055 1083 1056
f 1027 999 1026
f 999 973 972
f 999 972 998
f 973 999 1027
f 1027 1000 973
f 1134 1135 1163
f 1163 1135 1164
f 1027 1000 1001
f 1027 1001 1028
f 1006 1027 1034
f 1006 1000 1027
f 1088 1145 1117
f 1106 1134 1112
f 1107 1134 1106
f 1134 1141 1112
f 1079 1107 1106
f 1079 1106 1083
f 1083 1106 1112
f 1083 1112 1141
f 1032 1062 1061
f 1028 1001 1056
f 1028 1056 1027
f 1027 1056 1034
f 1057 1079 1083
f 1000 1001 973
f 973 1001 974
f 973 974 993
f 993 974 968
f 993 968 994
f 993 994 1001
f 993 1001 1000
f 1079 1052 1023
f 1186 1174 1175
f 1175 1187 1186
f 1146 1174 1173
f 1146 1173 1145
f 1000 976 973
f 1000 973 974
f 1006 976 1000
f 974 1001 1000
f 1020 1079 1023
f 1020 1023 994
f 1020 994 991
f 991 994 968
f 991 968 963
f 1160 1163 1164
f 1163 1160 1182
f 1182 1160 1180
f 1178 1152 1177
f 1152 1151 1177
f 1151 1122 1150
f 1122 1121 1150
f 951 981 986
f 951 986 956
f 963 991 1020
f 1079 1020 1077
f 1079 1077 1107
f 1107 1077 1104
f 1107 1104 1131
f 1107 1131 1135
f 1135 1131 1161
f 1135 1161 1164
f 1164 1161 1160
f 1093 1038 1039
f 1093 1039 1151
f 1150 1093 1151
f 1151 1039 1094
f 1068 1073 1094
f 1094 1073 1099
f 1094 1039 1068
f 1388 1391 1389
f 1390 1391 1388
f 1426 1446 1445
f 1427 1428 1425
f 1425 1428 1426
f 1425 1426 1445
f 1410 1409 1408
f 1428 1427 1409
f 1409 1427 1408
f 1410 1408 1389
f 1389 1408 1388
f 1473 1490 1502
f 1473 1523 1522
f 1474 1490 1473
f 1502 1516 1473
f 1473 1516 1515
f 1515 1526 1473
f 1473 1526 1525
f 1473 1525 1524
f 1473 1524 1523
f 1473 1522 1521
f 1501 1489 1473
f 1473 1521 1514
f 1473 1513 1501
f 1473 1514 1513
f 1473 1475 1474
f 1476 1474 1475
f 1459 1460 1475
f 1475 1460 1476
f 1460 1459 1462
f 1459 1461 1462
f 1462 1461 1443
f 1462 1443 1446
f 1446 1443 1445
f 1334 1341 1340
f 1334 1335 1341
f 1301 1302 1310
f 1309 1301 1310
f 1310 1318 1317
f 1310 1317 1309
f 1319 1311 1312
f 1319 1312 1320
f 1304 1311 1303
f 1304 1312 1311
f 1337 1343 1342
f 1337 1342 1336
f 1317 1318 1320
f 1320 1318 1319
f 1320 1319 1311
f 1375 1349 1341
f 1349 1375 1350
f 1350 1375 1376
f 1376 1342 1350
f 1340 1294 1295
f 1340 1295 1341
f 1301 1309 1348
f 1348 1309 1359
f 1359 1309 1317
f 1301 1348 1302
f 1302 1348 1349
f 1355 1302 1349
f 1355 1310 1302
f 1355 1318 1310
f 1355 1310 1309
f 1355 1356 1318
f 1318 1356 1319
f 1356 1311 1312
f 1319 1356 1311
f 1356 1303 1311
f 1303 1356 1350
f 1303 1350 1304
f 1304 1350 1351
f 1360 1320 1312
f 1360 1312 1351
f 1351 1312 1304
f 1342 1296 1297
f 1342 1297 1343
f 1360 1359 1317
f 1360 1317 1320
f 1294 1334 1340
f 1375 1341 1335
f 1336 1342 1376
f 1342 1343 1351
f 1348 1340 1341
f 1342 1351 1350
f 1349 1348 1341
f 1350 1356 1355
f 1350 1355 1349
f 1343 1296 1342
f 1343 1297 1296
f 1297 1343 1337
f 1351 1304 1360
f 1360 1304 1320
f 1301 1348 1317
f 1317 1348 1359
f 1320 1304 1312
f 1320 1313 1321
f 1312 1313 1320
f 1316 1308 1317
f 1317 1308 1309
f 1317 1309 1301
f 1268 1250 1294
f 1294 1250 1245
f 1340 1348 1294
f 1294 1348 1301
f 1268 1294 1272
f 1272 1294 1301
f 1272 1301 1309
f 1272 1317 1277
f 1272 1309 1317
f 1230 1217 1213
f 1334 1294 1245
f 1334 1245 1230
f 1334 1230 1213
f 1205 1334 1213
f 1205 1206 1334
f 1334 1206 1335
f 1206 1375 1335
f 1375 1206 1376
f 1376 1206 1209
f 1336 1376 1209
f 1209 1210 1336
f 1336 1210 1337
f 1227 1337 1214
f 1214 1337 1210
f 1218 1231 1227
f 1227 1231 1337
f 1246 1297 1337
f 1246 1337 1231
f 1351 1343 1304
f 1304 1343 1297
f 1304 1297 1273
f 1312 1304 1273
f 1246 1251 1297
f 1297 1251 1269
f 1297 1269 1273
f 1273 1320 1312
f 1320 1273 1278
f 1379 1344 1352
f 1383 1357 1381
f 1305 1352 1357
f 1305 1357 1313
f 1379 1381 1344
f 1344 1381 1352
f 1313 1357 1321
f 1405 1383 1381
f 1381 1357 1352
f 1317 1320 1279
f 1320 1321 1279
f 1316 1317 1276
f 1276 1317 1279
f 1276 1279 1281
f 1281 1279 1282
f 1378 1347 1339
f 1402 1380 1404
f 1404 1380 1382
f 1308 1354 1347
f 1308 1347 1300
f 1308 1316 1354
f 1378 1339 1380
f 1380 1339 1347
f 1380 1347 1354
f 1380 1354 1382
f 1380 1402 1400
f 1380 1400 1378
f 1383 1405 1385
f 1361 1357 1385
f 1385 1357 1383
f 1321 1357 1361
f 1324 1282 1279
f 1444 1446 1426
f 1462 1446 1444
f 1424 1444 1426
f 1426 1428 1407
f 1407 1428 1409
f 1324 1279 1321
f 1324 1321 1361
f 1426 1407 1424
f 1363 1324 1361
f 1363 1361 1387
f 1387 1361 1385
f 1387 1385 1409
f 1409 1385 1407
f 1407 1385 1405
f 1407 1405 1424
f 1391 1367 1365
f 1391 1365 1389
f 1389 1387 1410
f 1410 1387 1409
f 1365 1326 1363
f 1365 1363 1387
f 1365 1387 1389
f 1363 1326 1324
f 1388 1364 1366
f 1388 1366 1390
f 1358 1354 1316
f 1354 1358 1384
f 1354 1384 1382
f 1382 1384 1404
f 1445 1443 1425
f 1425 1443 1423
f 1408 1386 1388
f 1364 1388 1362
f 1362 1388 1386
f 1276 1281 1323
f 1423 1404 1406
f 1323 1362 1358
f 1358 1362 1386
f 1358 1386 1384
f 1384 1386 1408
f 1384 1408 1406
f 1425 1423 1406
f 1358 1316 1323
f 1323 1316 1276
f 1406 1404 1384
f 1325 1364 1362
f 1325 1362 1323
f 1406 1408 1427
f 1406 1427 1425
f 1324 1364 1282
f 1282 1325 1323
f 1282 1323 1281
f 1364 1325 1282
f 1324 1326 1364
f 1364 1326 1365
f 1365 1367 1364
f 1364 1367 1391
f 1390 1366 1391
f 1391 1366 1364
f 1306 1305 1314
f 1314 1305 1313
f 1314 1313 1312
f 1353 1305 1306
f 1345 1379 1352
f 1345 1352 1353
f 1353 1352 1305
f 1299 1300 1346
f 1346 1300 1347
f 1346 1347 1339
f 1309 1308 1307
f 1300 1299 1308
f 1308 1299 1307
f 1315 1317 1307
f 1307 1317 1309
f 1317 1315 1277
f 1277 1315 1275
f 1271 1272 1277
f 1271 1277 1275
f 1245 1244 1230
f 1230 1244 1229
f 1230 1229 1216
f 1230 1216 1217
f 1244 1245 1243
f 1250 1249 1245
f 1245 1249 1243
f 1268 1267 1250
f 1250 1267 1249
f 1272 1267 1268
f 1272 1271 1267
f 1214 1210 1211
f 1214 1211 1215
f 1206 1207 1209
f 1209 1207 1208
f 1218 1215 1219
f 1217 1216 1212
f 1213 1212 1204
f 1213 1204 1205
f 1215 1218 1227
f 1215 1227 1214
f 1217 1212 1213
f 1252 1251 1246
f 1252 1246 1248
f 1252 1270 1251
f 1251 1270 1269
f 1274 1273 1270
f 1270 1273 1269
f 1248 1246 1247
f 1231 1232 1246
f 1246 1232 1247
f 1232 1231 1218
f 1232 1218 1219
f 1280 1278 1274
f 1274 1278 1273
f 1278 1280 1320
f 1320 1280 1322
f 1314 1312 1320
f 1314 1320 1322
f 1403 1405 1381
f 1442 1460 1462
f 1442 1462 1444
f 1442 1444 1422
f 1420 1422 1403
f 1420 1403 1401
f 1424 1405 1403
f 1401 1403 1381
f 1401 1381 1379
f 1442 1422 1440
f 1440 1422 1420
f 1444 1424 1422
f 1422 1424 1403
f 1458 1474 1476
f 1420 1440 1401
f 1460 1442 1440
f 1476 1460 1458
f 1458 1460 1440
f 1516 1502 1500
f 1464 1448 1447
f 1400 1419 1417
f 1270 1306 1314
f 1270 1314 1274
f 1274 1314 1322
f 1322 1280 1274
f 1344 1379 1345
f 1377 1379 1338
f 1338 1379 1344
f 1420 1401 1377
f 1377 1401 1379
f 1515 1512 1526
f 1520 1524 1525
f 1517 1522 1523
f 1513 1514 1507
f 1378 1400 1374
f 1339 1378 1333
f 1275 1315 1271
f 1315 1307 1271
f 1271 1307 1267
f 1267 1307 1299
f 1243 1249 1267
f 1229 1212 1216
f 1222 1208 1207
f 1206 1221 1207
f 1285 1255 1284
f 1284 1255 1254
f 1221 1220 1233
f 1240 1233 1239
f 1240 1239 1259
f 1235 1222 1234
f 1254 1234 1253
f 1253 1260 1290
f 1290 1260 1289
f 1206 1205 1221
f 1221 1205 1220
f 1226 1204 1212
f 1220 1205 1204
f 1239 1220 1226
f 1226 1220 1204
f 1244 1226 1229
f 1229 1226 1212
f 1259 1264 1293
f 1293 1264 1263
f 1260 1259 1253
f 1260 1253 1233
f 1233 1234 1221
f 1283 1327 1284
f 1284 1327 1328
f 1284 1328 1285
f 1285 1328 1329
f 1334 1327 1290
f 1290 1327 1283
f 1283 1284 1254
f 1254 1255 1235
f 1333 1334 1289
f 1289 1334 1290
f 1289 1290 1283
f 1253 1283 1254
f 1235 1234 1254
f 1283 1253 1290
f 1374 1398 1368
f 1368 1398 1392
f 1368 1392 1369
f 1369 1392 1393
f 1369 1328 1368
f 1368 1328 1327
f 1368 1327 1334
f 1368 1334 1374
f 1374 1334 1333
f 1222 1207 1221
f 1233 1240 1260
f 1260 1240 1259
f 1233 1220 1239
f 1244 1263 1264
f 1333 1378 1374
f 1346 1339 1293
f 1346 1293 1299
f 1299 1293 1263
f 1299 1263 1267
f 1267 1263 1244
f 1267 1244 1243
f 1374 1400 1417
f 1398 1417 1411
f 1398 1411 1392
f 1392 1411 1393
f 1393 1411 1412
f 1465 1466 1449
f 1480 1466 1465
f 1465 1449 1448
f 1464 1478 1479
f 1479 1480 1465
f 1464 1465 1448
f 1431 1412 1430
f 1430 1412 1411
f 1398 1374 1417
f 1417 1437 1429
f 1417 1429 1411
f 1411 1429 1430
f 1465 1464 1479
f 1478 1491 1492
f 1485 1478 1477
f 1485 1486 1478
f 1478 1486 1491
f 1486 1485 1498
f 1486 1498 1491
f 1508 1517 1518
f 1508 1507 1517
f 1518 1517 1523
f 1455 1437 1457
f 1457 1437 1439
f 1449 1431 1448
f 1448 1431 1430
f 1448 1430 1447
f 1447 1430 1429
f 1447 1429 1455
f 1455 1429 1437
f 1455 1437 1417
f 1437 1417 1439
f 1439 1417 1419
f 1457 1473 1455
f 1455 1473 1471
f 1455 1471 1463
f 1455 1463 1447
f 1447 1463 1464
f 1489 1497 1485
f 1497 1507 1498
f 1501 1513 1497
f 1497 1513 1507
f 1489 1501 1497
f 1507 1514 1521
f 1507 1521 1522
f 1507 1522 1517
f 1488 1472 1484
f 1488 1484 1483
f 1483 1496 1487
f 1487 1496 1499
f 1487 1499 1488
f 1488 1499 1500
f 1488 1500 1502
f 1488 1483 1487
f 1482 1495 1496
f 1450 1466 1467
f 1468 1467 1481
f 1468 1481 1482
f 1482 1481 1495
f 1480 1479 1493
f 1480 1493 1494
f 1495 1506 1512
f 1512 1506 1511
f 1495 1494 1506
f 1479 1492 1493
f 1494 1505 1506
f 1512 1511 1525
f 1512 1525 1526
f 1494 1493 1505
f 1511 1520 1525
f 1505 1510 1511
f 1511 1510 1520
f 1493 1492 1504
f 1505 1504 1510
f 1510 1519 1520
f 1492 1503 1504
f 1504 1509 1510
f 1510 1509 1519
f 1491 1507 1503
f 1504 1503 1509
f 1524 1519 1518
f 1507 1491 1498
f 1523 1524 1518
f 1507 1508 1503
f 1503 1508 1509
f 1509 1508 1518
f 1485 1497 1498
f 1492 1491 1503
f 1509 1518 1519
f 1520 1519 1524
f 1473 1489 1471
f 1471 1489 1485
f 1471 1485 1463
f 1463 1485 1477
f 1463 1477 1464
f 1464 1477 1478
f 1479 1478 1492
f 1493 1504 1505
f 1506 1505 1511
f 1515 1516 1512
f 1512 1516 1500
f 1512 1500 1499
f 1512 1499 1496
f 1512 1496 1495
f 1494 1495 1481
f 1494 1481 1480
f 1480 1481 1467
f 1480 1467 1466
f 1466 1450 1449
f 1449 1450 1432
f 1449 1432 1431
f 1431 1432 1413
f 1431 1413 1412
f 1412 1413 1394
f 1412 1394 1393
f 1393 1394 1370
f 1393 1370 1369
f 1369 1370 1329
f 1369 1329 1328
f 1298 1306 1270
f 1252 1248 1270
f 1270 1248 1266
f 1270 1266 1298
f 1232 1219 1228
f 1228 1219 1215
f 1247 1232 1228
f 1215 1211 1225
f 1265 1242 1262
f 1248 1247 1266
f 1266 1247 1265
f 1266 1265 1298
f 1298 1265 1262
f 1338 1298 1292
f 1292 1298 1262
f 1298 1344 1353
f 1298 1353 1306
f 1345 1353 1344
f 1502 1490 1488
f 1488 1490 1474
f 1488 1474 1472
f 1472 1474 1458
f 1472 1458 1456
f 1456 1458 1440
f 1456 1440 1438
f 1438 1440 1420
f 1438 1420 1418
f 1418 1420 1377
f 1211 1210 1225
f 1265 1247 1242
f 1242 1238 1241
f 1225 1210 1224
f 1210 1209 1224
f 1224 1237 1238
f 1224 1238 1225
f 1238 1258 1241
f 1262 1242 1241
f 1262 1241 1261
f 1261 1241 1258
f 1261 1258 1291
f 1291 1258 1288
f 1291 1288 1292
f 1257 1258 1237
f 1225 1238 1242
f 1225 1242 1228
f 1228 1242 1247
f 1344 1298 1338
f 1472 1456 1470
f 1472 1470 1484
f 1484 1470 1483
f 1224 1209 1208
f 1228 1215 1225
f 1208 1222 1223
f 1208 1223 1224
f 1259 1289 1260
f 1233 1253 1234
f 1221 1234 1222
f 1257 1236 1256
f 1257 1256 1287
f 1287 1256 1286
f 1236 1257 1237
f 1236 1237 1223
f 1291 1292 1262
f 1291 1262 1261
f 1288 1332 1337
f 1292 1291 1338
f 1418 1436 1438
f 1438 1436 1454
f 1338 1337 1373
f 1338 1373 1377
f 1377 1373 1397
f 1377 1397 1399
f 1399 1397 1416
f 1291 1288 1337
f 1291 1337 1338
f 1399 1416 1418
f 1418 1416 1435
f 1418 1435 1436
f 1436 1435 1453
f 1436 1453 1454
f 1287 1286 1331
f 1332 1331 1372
f 1332 1372 1373
f 1373 1372 1396
f 1373 1396 1397
f 1397 1396 1415
f 1397 1415 1416
f 1416 1415 1434
f 1416 1434 1435
f 1435 1434 1452
f 1435 1452 1453
f 1453 1452 1469
f 1482 1483 1469
f 1482 1469 1468
f 1468 1452 1451
f 1451 1452 1434
f 1451 1434 1433
f 1433 1434 1415
f 1433 1415 1414
f 1414 1415 1396
f 1414 1396 1395
f 1395 1396 1372
f 1395 1372 1371
f 1371 1372 1331
f 1371 1331 1330
f 1286 1330 1331
f 1452 1468 1469
f 1456 1438 1454
f 1456 1454 1469
f 1469 1454 1453
f 1373 1337 1332
f 1331 1332 1287
f 1287 1332 1288
f 1287 1288 1257
f 1257 1288 1258
f 1329 1330 1285
f 1285 1330 1286
f 1285 1286 1255
f 1255 1286 1256
f 1255 1256 1235
f 1235 1256 1236
f 1235 1236 1222
f 1222 1236 1223
f 1224 1223 1237
f 1238 1237 1258
f 1377 1399 1418
f 1470 1456 1469
f 1470 1469 1483
f 1496 1483 1482
f 1467 1468 1451
f 1467 1451 1450
f 1450 1451 1433
f 1450 1433 1432
f 1432 1433 1414
f 1432 1414 1413
f 1413 1414 1395
f 1413 1395 1394
f 1394 1395 1371
f 1394 1371 1370
f 1370 1371 1330
f 1370 1330 1329
f 1339 1333 1289
f 1339 1289 1293
f 1293 1289 1259
f 1264 1259 1239
f 1264 1239 1244
f 1244 1239 1226
f 1419 1400 1378
f 1404 1423 1421
f 1423 1441 1421
f 1421 1441 1439
f 1421 1439 1419
f 1473 1457 1475
f 1475 1457 1459
f 1423 1443 1441
f 1419 1400 1402
f 1419 1402 1421
f 1421 1402 1404
f 1443 1461 1441
f 1441 1461 1459
f 1441 1459 1457
f 1441 1457 1439
f 1686 1660 1551
f 1660 1572 1551
f 1682 1547 1548
f 1682 1548 1683
f 1550 1682 1685
f 1545 1680 1548
f 1548 1680 1683
f 1682 1550 1547
f 1685 1549 1550
f 1685 1684 1549
f 1549 1684 1686
f 1686 1551 1549
f 1612 1673 1595
f 1595 1673 1538
f 1673 1612 1668
f 1627 1650 1612
f 1612 1650 1668
f 1595 1533 1562
f 1595 1562 1577
f 1538 1533 1595
f 1627 1646 1650
f 1558 1577 1562
f 1627 1642 1646
f 1558 1554 1577
f 1677 1542 1537
f 1677 1537 1672
f 1538 1673 1537
f 1537 1673 1672
f 1541 1676 1545
f 1545 1676 1680
f 1676 1541 1542
f 1676 1542 1677
f 1567 1544 1543
f 1575 1578 1574
f 1541 1545 1540
f 1622 1623 1639
f 1605 1589 1606
f 1605 1606 1623
f 1605 1623 1622
f 1551 1572 1573
f 1577 1576 1553
f 1594 1595 1577
f 1608 1591 1590
f 1590 1591 1594
f 1594 1591 1595
f 1608 1607 1611
f 1608 1611 1612
f 1611 1627 1612
f 1641 1627 1626
f 1527 1531 1556
f 1531 1561 1556
f 1557 1528 1532
f 1542 1541 1537
f 1537 1541 1536
f 1532 1531 1528
f 1528 1531 1527
f 1528 1527 1557
f 1527 1556 1557
f 1541 1540 1536
f 1536 1540 1535
f 1536 1535 1531
f 1531 1535 1530
f 1535 1564 1560
f 1555 1578 1579
f 1564 1563 1560
f 1555 1560 1578
f 1579 1578 1575
f 1556 1560 1555
f 1552 1556 1575
f 1563 1559 1560
f 1559 1580 1581
f 1560 1559 1581
f 1560 1581 1578
f 1592 1593 1574
f 1574 1593 1575
f 1574 1578 1592
f 1592 1578 1597
f 1530 1535 1560
f 1556 1555 1579
f 1537 1536 1532
f 1532 1536 1531
f 1553 1557 1556
f 1553 1556 1552
f 1531 1530 1560
f 1531 1560 1561
f 1561 1560 1556
f 1575 1576 1552
f 1553 1552 1576
f 1556 1579 1575
f 1576 1594 1577
f 1614 1596 1613
f 1613 1596 1598
f 1613 1598 1615
f 1614 1613 1615
f 1628 1631 1648
f 1648 1631 1630
f 1648 1630 1647
f 1628 1614 1615
f 1628 1615 1630
f 1625 1609 1624
f 1624 1609 1614
f 1624 1614 1628
f 1598 1596 1597
f 1597 1614 1609
f 1643 1628 1648
f 1629 1625 1628
f 1629 1628 1643
f 1631 1628 1630
f 1625 1624 1628
f 1644 1662 1666
f 1671 1666 1670
f 1645 1644 1662
f 1671 1670 1675
f 1672 1671 1676
f 1672 1676 1677
f 1578 1580 1597
f 1593 1592 1610
f 1580 1598 1597
f 1592 1597 1609
f 1592 1609 1610
f 1652 1670 1648
f 1648 1670 1665
f 1648 1644 1643
f 1640 1625 1644
f 1648 1647 1651
f 1626 1625 1640
f 1641 1626 1640
f 1648 1651 1652
f 1581 1580 1578
f 1593 1610 1611
f 1611 1594 1593
f 1593 1594 1576
f 1593 1576 1575
f 1594 1611 1590
f 1590 1611 1607
f 1590 1607 1608
f 1611 1626 1627
f 1643 1644 1629
f 1629 1644 1625
f 1645 1662 1663
f 1663 1662 1666
f 1671 1675 1676
f 1663 1666 1667
f 1671 1672 1667
f 1667 1666 1671
f 1648 1649 1644
f 1665 1666 1648
f 1648 1666 1649
f 1640 1644 1641
f 1649 1666 1644
f 1644 1645 1641
f 1670 1666 1665
f 1597 1596 1614
f 1610 1609 1625
f 1610 1625 1626
f 1610 1626 1611
f 1657 1681 1678
f 1660 1661 1659
f 1678 1655 1657
f 1682 1679 1681
f 1684 1659 1661
f 1679 1655 1678
f 1679 1678 1681
f 1681 1657 1684
f 1684 1657 1659
f 1661 1686 1684
f 1684 1685 1682
f 1681 1684 1682
f 1682 1683 1679
f 1686 1661 1660
f 1550 1549 1547
f 1547 1549 1546
f 1622 1621 1605
f 1605 1621 1604
f 1572 1570 1571
f 1572 1571 1573
f 1573 1571 1551
f 1551 1571 1549
f 1660 1658 1639
f 1639 1658 1638
f 1639 1638 1622
f 1589 1605 1588
f 1589 1588 1572
f 1572 1588 1570
f 1571 1569 1549
f 1569 1567 1546
f 1543 1546 1567
f 1569 1546 1549
f 1659 1657 1656
f 1656 1657 1636
f 1636 1657 1637
f 1586 1587 1568
f 1568 1587 1569
f 1568 1569 1571
f 1657 1655 1637
f 1637 1655 1635
f 1619 1620 1602
f 1602 1620 1603
f 1587 1585 1569
f 1569 1585 1567
f 1585 1587 1586
f 1585 1586 1603
f 1603 1586 1604
f 1603 1604 1602
f 1602 1604 1619
f 1619 1604 1621
f 1619 1621 1620
f 1620 1621 1635
f 1635 1621 1636
f 1635 1636 1637
f 1658 1659 1656
f 1658 1656 1638
f 1638 1656 1636
f 1638 1636 1622
f 1622 1636 1621
f 1605 1604 1588
f 1588 1604 1586
f 1588 1586 1570
f 1570 1586 1568
f 1570 1568 1571
f 1546 1543 1544
f 1546 1544 1547
f 1655 1653 1635
f 1635 1653 1634
f 1635 1634 1618
f 1585 1601 1584
f 1585 1584 1567
f 1567 1584 1565
f 1683 1680 1679
f 1679 1674 1655
f 1655 1674 1654
f 1655 1654 1653
f 1634 1632 1618
f 1618 1632 1616
f 1618 1616 1601
f 1601 1616 1599
f 1601 1599 1584
f 1584 1599 1582
f 1565 1566 1567
f 1567 1566 1544
f 1544 1566 1539
f 1547 1544 1545
f 1547 1545 1548
f 1680 1675 1679
f 1679 1675 1674
f 1651 1633 1632
f 1632 1633 1616
f 1616 1633 1617
f 1616 1617 1599
f 1599 1617 1600
f 1599 1600 1582
f 1582 1600 1583
f 1582 1583 1563
f 1563 1583 1566
f 1544 1539 1545
f 1545 1539 1540
f 1680 1676 1675
f 1675 1670 1674
f 1674 1670 1669
f 1633 1651 1630
f 1583 1580 1563
f 1539 1534 1535
f 1539 1535 1540
f 1674 1669 1654
f 1654 1669 1651
f 1633 1630 1617
f 1617 1630 1615
f 1617 1615 1600
f 1600 1615 1598
f 1600 1598 1583
f 1583 1598 1580
f 1566 1563 1539
f 1539 1563 1534
f 1653 1654 1651
f 1653 1651 1634
f 1634 1651 1632
f 1584 1582 1565
f 1565 1582 1563
f 1565 1563 1566
f 1601 1585 1603
f 1601 1603 1618
f 1618 1603 1620
f 1618 1620 1635
f 1659 1658 1660
f 1669 1670 1652
f 1669 1652 1651
f 1651 1647 1630
f 1563 1580 1559
f 1534 1563 1564
f 1534 1564 1535
f 1641 1645 1646
f 1668 1667 1673
f 1673 1667 1672
f 1668 1646 1664
f 1664 1646 1645
f 1646 1642 1641
f 1642 1627 1626
f 1642 1626 1641
f 1668 1664 1645
f 1668 1645 1667
f 1667 1645 1663
f 1538 1537 1533
f 1533 1537 1532
f 1558 1533 1529
f 1595 1591 1612
f 1554 1553 1576
f 1554 1576 1577
f 1558 1557 1554
f 1554 1557 1553
f 1557 1558 1528
f 1528 1558 1529
f 1528 1529 1533
f 1528 1533 1532
f 1591 1608 1612
f 1558 1562 1533
f 1650 1646 1668
f 1572 1660 1639
f 1606 1589 1623
f 1623 1589 1572
f 1639 1623 1572
