v 0.112355776 0.308032751 0.178990841
v 0.111684039 0.306760758 0.189641356
v 0.112529725 0.305839479 0.178802237
v 0.111865714 0.304582119 0.189330250
v 0.108459651 0.314260751 0.179638118
v 0.107809082 0.313022196 0.189999357
v 0.109922230 0.311676741 0.179860324
v 0.109668776 0.311565548 0.181528285
v 0.109276392 0.310801566 0.187727869
v 0.109333836 0.310527027 0.189321265
v 0.110522248 0.309244335 0.179374784
v 0.110894777 0.308464497 0.181169346
v 0.110497944 0.307713062 0.187461197
v 0.109901942 0.308067858 0.189344674
v 0.110790379 0.305084705 0.179002151
v 0.111207448 0.304751188 0.180713624
v 0.110806651 0.303992242 0.187068254
v 0.110170990 0.303930640 0.188724846
v 0.110359810 0.301425219 0.178153679
v 0.110331409 0.301572859 0.180322573
v 0.109936044 0.300824195 0.186591223
v 0.109694876 0.300176352 0.188662693
v 0.109631658 0.299045295 0.177588448
v 0.108940445 0.297736436 0.188547760
v 0.106485300 0.315289140 0.179281607
v 0.105788082 0.313968927 0.190335974
v 0.106026366 0.311712563 0.178399041
v 0.105276331 0.310292304 0.190291062
v 0.107492372 0.309118658 0.178181723
v 0.106742330 0.307698399 0.190073743
v 0.108129114 0.305337101 0.177770242
v 0.107379071 0.303916842 0.189662278
v 0.106742635 0.301826477 0.177276805
v 0.105994239 0.300409317 0.189142749
v 0.107949719 0.298118502 0.177234113
v 0.107241467 0.296777368 0.188463628
v 0.101366803 0.317008764 0.179260552
v 0.101501010 0.316612184 0.182699606
v 0.101232424 0.316134959 0.186737061
v 0.100681536 0.315711170 0.190125585
v 0.102344438 0.316504002 0.178731367
v 0.102172747 0.315457135 0.183458284
v 0.101992555 0.315173239 0.185915723
v 0.101593442 0.315081954 0.190638512
v 0.102864355 0.312609643 0.178306744
v 0.102114320 0.311189383 0.190198779
v 0.103459902 0.299948066 0.176832139
v 0.102709860 0.298527807 0.188724160
v 0.104754485 0.296179622 0.176587686
v 0.103708923 0.296274036 0.181060448
v 0.103590995 0.295987636 0.183661237
v 0.104019798 0.294788450 0.188236237
v 0.103356972 0.295379192 0.176932856
v 0.103152230 0.295019984 0.180241376
v 0.102930069 0.294547617 0.184234396
v 0.102687806 0.294112056 0.187542543
v 0.099071540 0.316403508 0.183125108
v 0.098873608 0.316062868 0.185991019
v 0.099147849 0.314731151 0.183076352
v 0.099167712 0.314377129 0.185788125
v 0.099250011 0.312301725 0.178042009
v 0.098499969 0.310881466 0.189934045
v 0.100062393 0.299887866 0.176610664
v 0.099312358 0.298467606 0.188502699
v 0.101126187 0.295897126 0.176148072
v 0.100472234 0.296272457 0.180873796
v 0.100304440 0.295960754 0.183591217
v 0.100369446 0.294465452 0.188145176
v 0.101577722 0.295303404 0.176687330
v 0.100815333 0.294819921 0.180442780
v 0.100698836 0.294425428 0.183784232
v 0.100804627 0.293995231 0.187493399
v 0.095904969 0.316651374 0.178878948
v 0.095220387 0.315355062 0.189733058
v 0.095061675 0.316079289 0.178296164
v 0.094319955 0.314674795 0.190056279
v 0.096491948 0.310338914 0.177633643
v 0.095741905 0.308918655 0.189525664
v 0.094997913 0.307361603 0.177183837
v 0.094247870 0.305941343 0.189075857
v 0.098351724 0.300421596 0.176566511
v 0.097601682 0.299001336 0.188458547
v 0.097126819 0.296088457 0.176180393
v 0.096402623 0.294717133 0.187662616
v 0.092111610 0.314273566 0.178425148
v 0.090754002 0.312703431 0.181292921
v 0.090335131 0.311973691 0.186054170
v 0.091441199 0.313009113 0.189169243
v 0.090473108 0.311756790 0.181838587
v 0.090288669 0.311357051 0.184840903
v 0.092467092 0.306623608 0.177471295
v 0.090932921 0.306149662 0.180510491
v 0.090646155 0.305664837 0.184570849
v 0.091783360 0.305328876 0.188312054
v 0.093843393 0.299981534 0.176229611
v 0.093093351 0.298561275 0.188121647
v 0.094033971 0.297162294 0.176234365
v 0.093311600 0.295845419 0.187510401
v 0.089963906 0.311528563 0.182401702
v 0.089839712 0.311294824 0.184192881
v 0.090421788 0.306110740 0.181271404
v 0.090279415 0.305820793 0.183266327
v 0.080141537 0.301342338 0.192304850
v 0.080476217 0.298556119 0.192604154
v 0.080820955 0.295352489 0.192156225
v 0.082762718 0.306638360 0.190881997
v 0.082712330 0.302173913 0.191667542
v 0.083784625 0.298978239 0.191334993
v 0.083204255 0.295621872 0.191258579
v 0.082225442 0.293700784 0.190421581
v 0.084906653 0.309233665 0.189072058
v 0.085125208 0.307143897 0.189975664
v 0.086462915 0.304242879 0.189454824
v 0.084833309 0.298704952 0.190440089
v 0.086660042 0.309702963 0.187688753
v 0.087605916 0.307862222 0.187774718
v 0.087058194 0.304857731 0.188580140
v 0.075468399 0.300631315 0.192198247
v 0.075643189 0.298505902 0.192320272
v 0.075749174 0.296043634 0.191620380
v 0.077931754 0.308162540 0.190439239
v 0.077346690 0.304831088 0.191358015
v 0.078158431 0.302571267 0.192008361
v 0.077625245 0.299159527 0.192635313
v 0.078769632 0.294471353 0.191304833
v 0.078483865 0.293126583 0.189549670
v 0.080010392 0.309484661 0.189828277
v 0.080492742 0.307682991 0.190683141
v 0.081180282 0.292846680 0.188383892
v 0.083197929 0.310556650 0.188463807
v 0.083277591 0.297882050 0.187994659
v 0.082764111 0.297598600 0.186128974
v 0.085530713 0.311021298 0.185644090
v 0.087559298 0.309215903 0.185898244
v 0.085366070 0.304648757 0.185322225
v 0.086737670 0.310028255 0.183385015
v 0.086813487 0.309432358 0.182350516
v 0.073054217 0.305105597 0.190163955
v 0.072826408 0.301916152 0.191018581
v 0.072692126 0.298596740 0.191121191
v 0.073619351 0.295216084 0.189917371
v 0.075722769 0.309654057 0.188995078
v 0.074928515 0.306219161 0.189944267
v 0.074664652 0.301990300 0.190069601
v 0.076109901 0.293735385 0.189726382
v 0.076780766 0.292405009 0.187519625
v 0.077798583 0.312516034 0.186960459
v 0.077302158 0.310166031 0.188614920
v 0.077672482 0.307558805 0.188188910
v 0.079301126 0.291624963 0.185445070
v 0.079386272 0.290520102 0.182977811
v 0.079564810 0.313156843 0.185387850
v 0.081032969 0.312271684 0.186723366
v 0.083122976 0.296932817 0.183901370
v 0.081751123 0.291404814 0.183953747
v 0.081091136 0.290422529 0.182314381
v 0.081869856 0.312959343 0.184191108
v 0.083800241 0.312177420 0.182997391
v 0.085251108 0.304135531 0.182222217
v 0.084597014 0.295821279 0.181387082
v 0.084643595 0.289944381 0.179809183
v 0.085172392 0.310925901 0.180276036
v 0.087147482 0.308357954 0.180553630
v 0.087685011 0.299321145 0.177806288
v 0.087630205 0.298404157 0.177918062
v 0.088031314 0.293184370 0.177517772
v 0.086720772 0.289533883 0.177594304
v 0.087255284 0.287855566 0.176003218
v 0.087733790 0.308527946 0.177398264
v 0.089886405 0.304985583 0.176401138
v 0.089087099 0.301172733 0.176806301
v 0.089480966 0.298255205 0.176194102
v 0.089457132 0.294251531 0.176323652
v 0.089506060 0.290344775 0.175073534
v 0.088678852 0.288353026 0.175045282
v 0.089543819 0.307244599 0.175087556
v 0.090783887 0.305736899 0.174356893
v 0.091770343 0.301900625 0.174209431
v 0.092104338 0.297924995 0.173385978
v 0.091646202 0.294572413 0.173280105
v 0.091235191 0.292168051 0.173292279
v 0.092488408 0.304536372 0.172311351
v 0.093332462 0.302286893 0.171947256
v 0.093429677 0.299146354 0.171694055
v 0.093440838 0.296445847 0.170694605
v 0.068633385 0.299496353 0.188960269
v 0.070590749 0.308546036 0.187706128
v 0.070651442 0.305325031 0.188996300
v 0.069294356 0.302451313 0.189202353
v 0.070303679 0.297785699 0.189526409
v 0.070992462 0.295285553 0.188281730
v 0.071938068 0.293222070 0.186526105
v 0.072923392 0.312036693 0.186571091
v 0.072375827 0.310389996 0.187517717
v 0.073471583 0.292008340 0.185224131
v 0.075408213 0.313148648 0.185719430
v 0.077061199 0.290920287 0.184140220
v 0.077507682 0.290130079 0.182319194
v 0.077770919 0.314143449 0.182969481
v 0.079213351 0.311785996 0.183444843
v 0.080260754 0.289255708 0.180566385
v 0.079798691 0.313747019 0.180249959
v 0.080644019 0.313219488 0.178222284
v 0.082336046 0.288591772 0.179208681
v 0.083093934 0.287468404 0.177262247
v 0.083827943 0.311686605 0.178579241
v 0.085014395 0.298471898 0.177679002
v 0.085303761 0.288704604 0.176641673
v 0.085092805 0.287056237 0.175723180
v 0.085645579 0.310412347 0.176412031
v 0.086958952 0.309297532 0.175329298
v 0.088063620 0.304771036 0.174392730
v 0.087062411 0.300048828 0.175495788
v 0.087415352 0.298185945 0.175254226
v 0.088507645 0.286895961 0.173193231
v 0.087914467 0.285254061 0.171215191
v 0.089001954 0.307967275 0.172876522
v 0.089745969 0.306632936 0.172738433
v 0.092472799 0.293177843 0.171224684
v 0.091557600 0.290820628 0.171924457
v 0.090681463 0.287480056 0.170243040
v 0.088874482 0.285327911 0.170215681
v 0.092110619 0.305693299 0.170404688
v 0.093575642 0.302524924 0.169945493
v 0.094415851 0.297668606 0.168693855
v 0.093413986 0.294299185 0.169005588
v 0.092541248 0.290556371 0.167982817
v 0.091680579 0.288202912 0.167518795
v 0.092546090 0.305624038 0.167617828
v 0.094591312 0.302623212 0.167078167
v 0.095022470 0.300023854 0.166238487
v 0.094553217 0.296538770 0.165767998
v 0.093719676 0.293571532 0.165678397
v 0.066494823 0.301491857 0.187523454
v 0.066442937 0.298217177 0.187137082
v 0.066819668 0.296243668 0.186411813
v 0.068039216 0.309345335 0.185590103
v 0.067194745 0.306061566 0.186515972
v 0.066955850 0.303875059 0.187308013
v 0.068424247 0.294533193 0.185992062
v 0.069300808 0.293021560 0.184760600
v 0.070311494 0.312586814 0.184692949
v 0.069348641 0.311119258 0.185330555
v 0.071779966 0.301697552 0.185052946
v 0.073319390 0.296344191 0.183443040
v 0.070761845 0.291433364 0.182920024
v 0.072376326 0.290113121 0.180783689
v 0.072713077 0.314681351 0.182213768
v 0.073762685 0.307584375 0.183612883
v 0.073948592 0.299779296 0.183063701
v 0.075545147 0.289308459 0.179996043
v 0.075929545 0.314925343 0.180126011
v 0.077851839 0.309801310 0.180151075
v 0.076333910 0.306861430 0.181331232
v 0.078829981 0.296636820 0.178644314
v 0.077698335 0.293898106 0.179497033
v 0.077193625 0.288217008 0.177948907
v 0.077746674 0.314379215 0.177809432
v 0.080654226 0.296556175 0.177046925
v 0.080685876 0.286538690 0.174293682
v 0.081547804 0.312517196 0.175844178
v 0.082234189 0.307365358 0.176202595
v 0.081599526 0.303927273 0.176586553
v 0.083773613 0.302011997 0.174592689
v 0.082011692 0.296312183 0.175849155
v 0.081470460 0.288878471 0.172347322
v 0.081854448 0.286576599 0.172476545
v 0.083808556 0.284597069 0.171164110
v 0.083380796 0.311333150 0.173385531
v 0.084655493 0.310553879 0.172113180
v 0.085427865 0.304276705 0.170602664
v 0.085453771 0.284057111 0.169476807
v 0.086863190 0.309191406 0.170059904
v 0.086363584 0.305160403 0.169843450
v 0.088328443 0.286129415 0.169487700
v 0.088402018 0.284690738 0.166872665
v 0.088598207 0.308059156 0.167441994
v 0.090237543 0.307089001 0.167066112
v 0.091166839 0.287738621 0.165264562
v 0.089762740 0.285546094 0.165514007
v 0.091708981 0.305979460 0.165244728
v 0.093637526 0.304004908 0.164198965
v 0.093748175 0.299788564 0.163967982
v 0.094135948 0.296000361 0.163296759
v 0.092936255 0.292447358 0.163542360
v 0.094278067 0.302359074 0.163062006
v 0.094459280 0.299713045 0.162420630
v 0.093882538 0.296852022 0.161692634
v 0.063603595 0.302387714 0.184878975
v 0.063407093 0.298610568 0.184801504
v 0.064296447 0.295330346 0.183890864
v 0.065220587 0.309823036 0.182723030
v 0.064703025 0.306267321 0.184241027
v 0.064510152 0.295305043 0.181929439
v 0.065844409 0.291770309 0.180511996
v 0.067697503 0.313160896 0.182171553
v 0.066607930 0.311487585 0.182671830
v 0.070001699 0.289848953 0.179100871
v 0.070012063 0.314731449 0.179311588
v 0.069245756 0.311623722 0.178356543
v 0.072401300 0.288675696 0.177339673
v 0.072599396 0.315781862 0.177251309
v 0.072343878 0.309897155 0.175564051
v 0.073925555 0.291927248 0.173358291
v 0.074832611 0.286921054 0.173985288
v 0.074703969 0.315268278 0.175499409
v 0.076063000 0.307824761 0.172212869
v 0.077414162 0.285358518 0.171043590
v 0.077762514 0.313874811 0.173079044
v 0.079241373 0.313394815 0.174300626
v 0.079254650 0.289360195 0.170201734
v 0.081546754 0.288395554 0.169414252
v 0.081114464 0.284368664 0.169892758
v 0.081184730 0.311956018 0.169752300
v 0.080779269 0.307557464 0.168315083
v 0.081006415 0.305656970 0.168297783
v 0.083337411 0.286640614 0.166104034
v 0.083513692 0.283364624 0.167106196
v 0.085213840 0.309761167 0.167159081
v 0.084532015 0.306085408 0.167464361
v 0.085101947 0.286118865 0.165740296
v 0.085453101 0.285068929 0.164482281
v 0.087095723 0.308517605 0.164547578
v 0.088439822 0.307866067 0.164815262
v 0.089886911 0.287781715 0.161840335
v 0.088791318 0.285750747 0.162570208
v 0.090035558 0.306535929 0.162390381
v 0.092015386 0.299587935 0.160505429
v 0.091621861 0.292234123 0.160799518
v 0.092486404 0.303867251 0.160742983
v 0.092396893 0.299965173 0.159051120
v 0.092550278 0.296853215 0.159068108
v 0.062692747 0.303907603 0.183424369
v 0.061399397 0.298118144 0.181987792
v 0.061384633 0.295617282 0.181684613
v 0.063212797 0.309923619 0.180389613
v 0.062733889 0.306256890 0.182147354
v 0.063845217 0.297464967 0.182117075
v 0.064177141 0.291615278 0.178948566
v 0.065050371 0.313205451 0.179634243
v 0.064029008 0.311655998 0.179855198
v 0.067546085 0.289597452 0.177005693
v 0.067456648 0.313803911 0.178000003
v 0.067840591 0.312132299 0.178500861
v 0.069235846 0.288398981 0.174924329
v 0.070243582 0.287110299 0.171952531
v 0.071625203 0.309720874 0.173853949
v 0.073382109 0.291862100 0.172343805
v 0.072571419 0.286678404 0.172166824
v 0.074344754 0.315264255 0.173778102
v 0.073671132 0.308507055 0.171708912
v 0.075343125 0.285078645 0.169065431
v 0.076318651 0.314278275 0.171644732
v 0.079131760 0.288263768 0.165550560
v 0.078532815 0.283971727 0.167307183
v 0.079173923 0.312606275 0.167970210
v 0.081893571 0.286784232 0.164633259
v 0.081250563 0.282918900 0.164136454
v 0.082082205 0.310809761 0.164050370
v 0.082413867 0.286271036 0.162661344
v 0.083742082 0.285242826 0.162779436
v 0.082059242 0.282610148 0.160960943
v 0.084642328 0.309202939 0.161169291
v 0.085498489 0.284611136 0.159266159
v 0.086865567 0.307640374 0.159006596
v 0.089627981 0.293857187 0.156701609
v 0.087240741 0.289156139 0.156898886
v 0.088490538 0.306221545 0.157574713
v 0.089998476 0.303592265 0.156192586
v 0.091119677 0.299527615 0.156248406
v 0.090663470 0.297067523 0.156274959
v 0.059207924 0.302411616 0.180026159
v 0.058964524 0.298896611 0.180419862
v 0.059768066 0.295537084 0.179872259
v 0.060964227 0.293266386 0.178843141
v 0.060011588 0.306367427 0.178854734
v 0.061766326 0.291503429 0.176480964
v 0.062594160 0.313422620 0.176684082
v 0.061626498 0.311684221 0.176795140
v 0.065179132 0.289390862 0.174671546
v 0.066928454 0.316449553 0.174521163
v 0.065270513 0.315699220 0.175708339
v 0.066988528 0.288181752 0.172687545
v 0.068845809 0.286988258 0.170503959
v 0.068071455 0.316609263 0.173605338
v 0.069192685 0.316542596 0.172644407
v 0.068718679 0.310067654 0.171269819
v 0.069642834 0.292657137 0.170445502
v 0.070752092 0.285855830 0.168281421
v 0.070826858 0.316106051 0.171156108
v 0.072932214 0.308003336 0.168632329
v 0.072672561 0.284848124 0.166171625
v 0.073475212 0.314942747 0.168608904
v 0.075502321 0.313863844 0.166413710
v 0.074295118 0.307216793 0.167293578
v 0.075272165 0.306620210 0.166199982
v 0.075181410 0.283713937 0.163556069
v 0.077516668 0.312695533 0.163958043
v 0.077001862 0.305388600 0.163546786
v 0.077849835 0.288053691 0.162926763
v 0.078568362 0.282787949 0.161272302
v 0.079627737 0.311421424 0.161361933
v 0.079386882 0.286474437 0.158587173
v 0.079806015 0.286257416 0.158277065
v 0.082291469 0.309748530 0.158338338
v 0.084533758 0.308129907 0.156005129
v 0.087453723 0.299903840 0.155516133
v 0.086119249 0.306678891 0.154437020
v 0.087517165 0.304026335 0.152902663
v 0.087680116 0.299900562 0.153518081
v 0.056351572 0.302457124 0.176490292
v 0.056618337 0.298682868 0.176773638
v 0.056673717 0.295590043 0.176277474
v 0.057824276 0.293308288 0.175328240
v 0.059534967 0.309367061 0.176296964
v 0.058188986 0.306771934 0.176282734
v 0.058908269 0.297573328 0.175762668
v 0.059439078 0.291546941 0.173940435
v 0.059958525 0.313730091 0.173265561
v 0.060591497 0.311796427 0.175768331
v 0.062172305 0.289389133 0.171510011
v 0.063205659 0.316545427 0.171432391
v 0.061647598 0.315574586 0.172500461
v 0.064118393 0.288141519 0.169610858
v 0.066094808 0.286935687 0.167461887
v 0.065502696 0.316991627 0.169708222
v 0.067026213 0.309943795 0.168433249
v 0.067463130 0.292299837 0.165983841
v 0.068035670 0.285829633 0.165230721
v 0.067770101 0.316595584 0.167893156
v 0.069924653 0.284859836 0.163053334
v 0.071607403 0.314956278 0.164548129
v 0.072372086 0.283762485 0.160250887
v 0.074889757 0.313205034 0.161159381
v 0.075855121 0.287758380 0.158973232
v 0.074824646 0.283004165 0.158431306
v 0.078455508 0.282555908 0.158625096
v 0.077127032 0.311882555 0.158587679
v 0.078694582 0.286593080 0.158118978
v 0.079366073 0.286180228 0.157355860
v 0.080005258 0.282742292 0.157044843
v 0.079272844 0.310550600 0.156125024
v 0.082477309 0.284871995 0.155006424
v 0.081520975 0.308967441 0.153602093
v 0.082595520 0.308055550 0.152410954
v 0.084548093 0.289264411 0.153538510
v 0.083587661 0.307025015 0.151294366
v 0.087387279 0.297491252 0.152025282
v 0.086303525 0.294153154 0.152488500
v 0.053514972 0.301999211 0.173086166
v 0.053248484 0.299310327 0.173204839
v 0.053838409 0.296044290 0.172620535
v 0.056796618 0.309800118 0.172578305
v 0.055524629 0.306881934 0.172867745
v 0.053992726 0.304012746 0.172769070
v 0.056994162 0.296994835 0.170762509
v 0.056759015 0.292214304 0.171381697
v 0.057324439 0.313939929 0.169813305
v 0.057483107 0.311761677 0.171759397
v 0.059982829 0.289639950 0.169060603
v 0.060652442 0.316937447 0.167535692
v 0.059089772 0.316005558 0.168640345
v 0.061515499 0.311580390 0.167536184
v 0.062733881 0.293540031 0.164542243
v 0.061283492 0.288504004 0.166558906
v 0.062844656 0.287578553 0.165041342
v 0.062371917 0.317208707 0.166251034
v 0.063201591 0.310789138 0.166623041
v 0.064185910 0.309925258 0.164446831
v 0.064174429 0.292877108 0.163815707
v 0.065281078 0.286171645 0.162170425
v 0.064659066 0.316886425 0.164521143
v 0.064604796 0.309526563 0.163393766
v 0.067093663 0.285234928 0.159915581
v 0.068657689 0.315341771 0.161545023
v 0.070944928 0.283907175 0.158567637
v 0.071606480 0.313901365 0.159031183
v 0.074366465 0.287823677 0.157190442
v 0.073702231 0.283053994 0.156106263
v 0.076105312 0.282676011 0.155500934
v 0.073977746 0.312560081 0.156527042
v 0.075577304 0.286772698 0.154561281
v 0.075616099 0.286481678 0.153425097
v 0.076002643 0.282900751 0.153477386
v 0.077282228 0.310470194 0.152725846
v 0.079713181 0.285148829 0.151356071
v 0.078939363 0.309234470 0.150757968
v 0.081083983 0.291367739 0.148153231
v 0.081141166 0.289097488 0.149659693
v 0.082262330 0.307145298 0.149743870
v 0.084190525 0.304380029 0.148794174
v 0.085209034 0.300301611 0.148699686
v 0.084715344 0.297763616 0.148789451
v 0.083633773 0.294416249 0.149258196
v 0.053840280 0.306556582 0.170929357
v 0.055108879 0.292306811 0.168585166
v 0.055804219 0.313083053 0.168811068
v 0.055338122 0.311851263 0.168920025
v 0.057157472 0.290284961 0.165565714
v 0.062302884 0.293542743 0.163959965
v 0.059688430 0.289082289 0.161883965
v 0.060519077 0.288041234 0.161536053
v 0.062133644 0.293059707 0.161752328
v 0.063647971 0.292037785 0.159659743
v 0.062292263 0.287002295 0.159291893
v 0.064067714 0.309369415 0.162011907
v 0.063812792 0.291595966 0.158080578
v 0.067785077 0.284755975 0.157363832
v 0.065669738 0.315534592 0.158291489
v 0.069248594 0.284176141 0.155500531
v 0.068829939 0.314158916 0.156242937
v 0.070056722 0.306790411 0.153958797
v 0.071212433 0.283585519 0.153610170
v 0.071324490 0.312838137 0.153960496
v 0.071578585 0.309039831 0.152851284
v 0.071893796 0.305790693 0.152401283
v 0.074171759 0.283929646 0.150900438
v 0.075192310 0.283060491 0.151852876
v 0.074655578 0.310734123 0.150145292
v 0.073661387 0.307902783 0.151070803
v 0.077540733 0.285714924 0.148605362
v 0.076297775 0.309469759 0.148133233
v 0.079967737 0.308290303 0.149478897
v 0.079718843 0.291689962 0.146522820
v 0.078392796 0.288627356 0.147037268
v 0.080886953 0.307210237 0.148249969
v 0.082050115 0.304430872 0.146385670
v 0.082347661 0.300399005 0.145463884
v 0.081908770 0.297951639 0.145589039
v 0.080907591 0.294803888 0.146041021
v 0.050997436 0.302337110 0.169487357
v 0.050781570 0.299255788 0.169424281
v 0.051217947 0.296807975 0.168908924
v 0.051802091 0.306638420 0.168090478
v 0.051472057 0.304212987 0.169240296
v 0.050928243 0.297984213 0.166455165
v 0.051970202 0.295121729 0.168221951
v 0.053764489 0.292725176 0.166734681
v 0.053733386 0.313421905 0.165565968
v 0.053213943 0.311660916 0.166174933
v 0.055533338 0.295813054 0.163920254
v 0.057630461 0.316925615 0.163979858
v 0.056098752 0.314428002 0.165253267
v 0.056464907 0.312436134 0.164080486
v 0.056586180 0.296475291 0.160697073
v 0.057223674 0.294394732 0.160449550
v 0.059203193 0.289282054 0.160934046
v 0.059315518 0.317257553 0.162737370
v 0.061024528 0.317136735 0.161460474
v 0.060018077 0.310419023 0.160726890
v 0.060727242 0.310023844 0.160087898
v 0.059412964 0.295890957 0.158510417
v 0.061498839 0.293734461 0.158470720
v 0.060753122 0.287557751 0.157811061
v 0.062160980 0.316848963 0.160629183
v 0.061055530 0.309809148 0.159662172
v 0.064416379 0.291042775 0.156650245
v 0.063278608 0.286337018 0.156283066
v 0.065505490 0.285397977 0.155171528
v 0.064233780 0.315553427 0.156564623
v 0.064542323 0.311667025 0.153903246
v 0.064493440 0.308849931 0.154718146
v 0.065441258 0.290258348 0.154854640
v 0.066188261 0.285145462 0.152570397
v 0.067246817 0.314119726 0.154016435
v 0.067611240 0.309988081 0.154364780
v 0.068574131 0.307448179 0.154606298
v 0.068757892 0.284429044 0.150758773
v 0.069230445 0.312841564 0.151829436
v 0.070486054 0.311572343 0.149970978
v 0.071227245 0.284127891 0.148580924
v 0.072686657 0.310419202 0.148386404
v 0.073333099 0.307389945 0.148522332
v 0.073348604 0.302353233 0.146108687
v 0.075520210 0.288004637 0.144945592
v 0.074284069 0.285921901 0.145929858
v 0.073876739 0.309410393 0.146413147
v 0.075599417 0.307331234 0.145407498
v 0.077567294 0.292184889 0.144133911
v 0.076257966 0.289325863 0.144663438
v 0.077432670 0.306816995 0.144596353
v 0.078033604 0.304460555 0.143022001
v 0.078535452 0.300909728 0.142369598
v 0.077946842 0.297677666 0.142514125
v 0.077925839 0.295180142 0.142828658
v 0.048407950 0.300497353 0.165762186
v 0.049294464 0.306833625 0.164162815
v 0.048800427 0.303242445 0.165770561
v 0.048578054 0.298846990 0.165444776
v 0.049595408 0.296753556 0.163160890
v 0.051243804 0.293724597 0.162981033
v 0.051719949 0.313581496 0.162375718
v 0.050816484 0.311514199 0.162709162
v 0.052300598 0.298935920 0.161165357
v 0.052282244 0.297082573 0.161469147
v 0.052943017 0.292196095 0.161604971
v 0.053844739 0.316103905 0.161012724
v 0.055406697 0.311879724 0.160349041
v 0.056639619 0.289686441 0.158702165
v 0.056410138 0.317180872 0.159172818
v 0.055985745 0.311024427 0.157649934
v 0.057291225 0.310203910 0.156093150
v 0.059239924 0.288157612 0.156153008
v 0.058662940 0.316968024 0.157530084
v 0.058901921 0.309393734 0.154998899
v 0.060934454 0.294224143 0.153791517
v 0.060157098 0.291916132 0.154356107
v 0.061611116 0.286914021 0.153216690
v 0.062850289 0.315532595 0.154822573
v 0.062269200 0.312142462 0.152717039
v 0.061155412 0.309214830 0.153448358
v 0.064272113 0.287888765 0.151448146
v 0.064189829 0.285996884 0.149923205
v 0.064933710 0.313740194 0.149627492
v 0.067815907 0.287849516 0.148277119
v 0.066195719 0.285763383 0.147873670
v 0.066665523 0.312775552 0.148558497
v 0.067209110 0.309767604 0.147477955
v 0.067433432 0.306922019 0.147231862
v 0.067750692 0.287163854 0.145384401
v 0.069660746 0.285380423 0.146008909
v 0.069466241 0.310798049 0.145722374
v 0.068800546 0.308094621 0.145826638
v 0.072948262 0.302099377 0.144519791
v 0.072308198 0.289226770 0.142406121
v 0.071968816 0.286351621 0.144341424
v 0.074015141 0.307529658 0.143137276
v 0.073539317 0.305746853 0.142089605
v 0.072264455 0.301961720 0.143015549
v 0.074886583 0.297049165 0.140686706
v 0.074328795 0.292954028 0.141478449
v 0.073916294 0.290072650 0.142574281
v 0.075102866 0.306302369 0.141468078
v 0.075645000 0.304342210 0.141143084
v 0.076372050 0.300863713 0.140724823
v 0.076225318 0.298037291 0.140989855
v 0.047025871 0.306570530 0.160637707
v 0.046690654 0.303624809 0.162111700
v 0.046359260 0.300434113 0.161879137
v 0.048184909 0.297024667 0.160799637
v 0.050560750 0.313154668 0.161025226
v 0.049296610 0.311879188 0.159951612
v 0.047169071 0.307758182 0.159911260
v 0.048670001 0.299439251 0.159644470
v 0.049685754 0.297544450 0.161013752
v 0.050268006 0.293507725 0.158036217
v 0.050760306 0.315257549 0.157714635
v 0.052975181 0.297385484 0.155091926
v 0.052544732 0.294700533 0.154888496
v 0.053311612 0.291217595 0.155272618
v 0.053764157 0.316927254 0.155545399
v 0.054752391 0.296523958 0.154017046
v 0.055115521 0.295747399 0.152538046
v 0.055304434 0.289979815 0.153174147
v 0.055942744 0.316789269 0.153987423
v 0.057770051 0.309319019 0.153135061
v 0.060432147 0.293640196 0.150712863
v 0.058843806 0.291173488 0.149512067
v 0.057810448 0.288570106 0.150019854
v 0.058977947 0.315857619 0.152048409
v 0.060408659 0.313206643 0.150387228
v 0.059143312 0.310226977 0.150767148
v 0.059694063 0.294263214 0.148258343
v 0.059808288 0.290366292 0.147540256
v 0.061415341 0.287317544 0.147156209
v 0.062161982 0.314085335 0.147871315
v 0.061543792 0.295087755 0.146205381
v 0.064591713 0.287339240 0.144412637
v 0.066638507 0.286341369 0.145531654
v 0.064905077 0.312437296 0.146550104
v 0.065210938 0.310042232 0.145801008
v 0.065945022 0.306936353 0.144877091
v 0.066288397 0.292321086 0.141891152
v 0.066612557 0.288927734 0.141964853
v 0.068370409 0.286806047 0.143984571
v 0.067824654 0.310649157 0.143947348
v 0.067702532 0.308147192 0.143995002
v 0.068940639 0.296299905 0.140013799
v 0.068612851 0.293357611 0.140424877
v 0.068536304 0.290234089 0.141243860
v 0.070636503 0.309962749 0.143287763
v 0.071331233 0.307601839 0.140558377
v 0.071634568 0.304340810 0.138980404
v 0.071069196 0.300725311 0.139101297
v 0.071158536 0.297708005 0.139531672
v 0.071788296 0.293746561 0.140357018
v 0.073075838 0.304136157 0.139176562
v 0.074119426 0.301585823 0.139484480
v 0.045349687 0.305874228 0.158280015
v 0.044781525 0.305072159 0.157776624
v 0.044501856 0.300205201 0.157764345
v 0.045614913 0.297230691 0.156298444
v 0.047497012 0.311887443 0.156689182
v 0.045628432 0.307080567 0.157557219
v 0.046479654 0.299702436 0.157141775
v 0.046585288 0.295784891 0.155253112
v 0.047706436 0.294524759 0.154038638
v 0.048312973 0.314515591 0.154748961
v 0.047226220 0.312928051 0.155250877
v 0.050873805 0.297705233 0.153727248
v 0.050898831 0.294353396 0.152986586
v 0.051612746 0.291979671 0.153384581
v 0.050226323 0.316379637 0.152086735
v 0.052652776 0.296594888 0.151424408
v 0.053948585 0.295616180 0.151353091
v 0.053391594 0.290839225 0.151225299
v 0.053711362 0.316395193 0.149689019
v 0.055542845 0.289639503 0.149486050
v 0.056679126 0.289043605 0.147905007
v 0.056045111 0.315550417 0.147719666
v 0.058280304 0.313009739 0.147035375
v 0.057275455 0.309705615 0.147441790
v 0.058339894 0.294763088 0.146444738
v 0.059267238 0.288447440 0.145421103
v 0.059873447 0.314142376 0.145639405
v 0.062489033 0.294378787 0.144608706
v 0.063187703 0.293690592 0.142757311
v 0.061868355 0.288618624 0.142115504
v 0.061909366 0.313049644 0.143417805
v 0.063342839 0.311839193 0.142894015
v 0.064766720 0.292379320 0.140499964
v 0.064542286 0.289659202 0.141060799
v 0.065642677 0.310498089 0.140235096
v 0.067944288 0.309242815 0.140102595
v 0.066776022 0.304163426 0.138260201
v 0.067452200 0.299595743 0.139023304
v 0.066232853 0.297334731 0.138999864
v 0.066752248 0.292924494 0.140521511
v 0.066696383 0.309726745 0.137715548
v 0.068724252 0.307634413 0.137663364
v 0.069555394 0.304670393 0.137838200
v 0.069083616 0.301440597 0.138506293
v 0.043146394 0.303814530 0.155152902
v 0.042734254 0.300811768 0.154443741
v 0.045633432 0.310872018 0.154057354
v 0.043780535 0.306566954 0.154150963
v 0.043086544 0.304676175 0.154122636
v 0.044601537 0.299685955 0.153537914
v 0.044484254 0.298230886 0.152668729
v 0.046362970 0.295080394 0.152006611
v 0.046840958 0.314340442 0.151667044
v 0.045924120 0.312457979 0.152730197
v 0.047745436 0.297395468 0.150589108
v 0.047999851 0.294691831 0.150705487
v 0.048467435 0.315987557 0.149945214
v 0.050855391 0.305692136 0.148714170
v 0.048996083 0.292808145 0.147689834
v 0.051969483 0.291370928 0.148313105
v 0.051301043 0.316275328 0.147588581
v 0.053498399 0.313539416 0.146794528
v 0.052974273 0.310901344 0.146801338
v 0.054892249 0.294156700 0.145323232
v 0.053955019 0.290239692 0.145268828
v 0.055659886 0.289482236 0.144269139
v 0.054434739 0.315438509 0.145736590
v 0.054904018 0.314507753 0.145709738
v 0.056612056 0.308982551 0.143966228
v 0.056624528 0.295609862 0.144555628
v 0.056851171 0.293024391 0.143707857
v 0.057455540 0.288987875 0.142218351
v 0.057579491 0.314012408 0.142727539
v 0.058162335 0.310125828 0.142715394
v 0.058495604 0.294969469 0.141525090
v 0.058226153 0.292641073 0.139901370
v 0.059835482 0.289174080 0.139921740
v 0.059268452 0.313091815 0.140763223
v 0.061576914 0.310536087 0.140136361
v 0.061822336 0.292737424 0.137966782
v 0.061087225 0.289969027 0.138619453
v 0.062539361 0.310709119 0.137841821
v 0.063548192 0.308190793 0.137482166
v 0.062965766 0.305361152 0.137910292
v 0.065395877 0.309912205 0.136440724
v 0.066172227 0.308614641 0.135343537
v 0.066662937 0.305066198 0.135550424
v 0.042128578 0.301588923 0.153293923
v 0.043165758 0.307981491 0.151156977
v 0.041875042 0.303632945 0.151723459
v 0.041881125 0.300465167 0.151612967
v 0.043118097 0.297616482 0.150189310
v 0.046264697 0.314326555 0.150096923
v 0.044733692 0.312223315 0.149765030
v 0.043774560 0.308944404 0.149949104
v 0.045747392 0.300680220 0.147317931
v 0.044619184 0.297064722 0.148442358
v 0.045209043 0.295083255 0.147760943
v 0.047178488 0.315367699 0.147948548
v 0.045437098 0.311259240 0.146902621
v 0.048648886 0.305744261 0.147027940
v 0.049084622 0.298624218 0.145002380
v 0.048420705 0.295628726 0.145307124
v 0.050701521 0.291703045 0.144643888
v 0.049638230 0.315743536 0.144947305
v 0.049534138 0.311554939 0.144736767
v 0.051569652 0.294626445 0.142265573
v 0.051651329 0.292309225 0.140942782
v 0.050974105 0.315291047 0.143052101
v 0.052660618 0.314980775 0.142610937
v 0.053581979 0.309515953 0.141974792
v 0.052817158 0.294988006 0.140028283
v 0.052734714 0.292363822 0.139925033
v 0.055223681 0.289768785 0.138997972
v 0.055273421 0.313540399 0.140116066
v 0.055874292 0.310023248 0.137463272
v 0.057498962 0.292168140 0.136966780
v 0.057213023 0.289594501 0.137538627
v 0.057086453 0.313000053 0.138135910
v 0.057860240 0.310531348 0.136617512
v 0.057475064 0.308336645 0.136462525
v 0.058488131 0.293374211 0.135525003
v 0.061153829 0.310604692 0.134429976
v 0.062309742 0.309112459 0.134016365
v 0.062101230 0.304569930 0.133264124
v 0.063296616 0.310200334 0.134646788
v 0.063636139 0.309035778 0.132870451
v 0.063126326 0.304454744 0.133097619
v 0.042294718 0.297830760 0.147581086
v 0.043169416 0.300799519 0.146350548
v 0.043021489 0.296809405 0.145819649
v 0.044165801 0.295424938 0.144866630
v 0.047131117 0.315242410 0.145005643
v 0.046231624 0.310330898 0.144195110
v 0.044771001 0.306006163 0.145251870
v 0.047623128 0.298901886 0.142630816
v 0.045451153 0.294496119 0.142253011
v 0.047678977 0.292867988 0.141538277
v 0.048347268 0.315339774 0.143098623
v 0.047355983 0.312775791 0.143060982
v 0.046749577 0.298793644 0.140985578
v 0.050364681 0.294512272 0.140062362
v 0.049447034 0.292574316 0.139764175
v 0.049569659 0.315241456 0.141753510
v 0.050680641 0.314410597 0.139975429
v 0.050338648 0.309907228 0.139108792
v 0.051818576 0.295184106 0.138846487
v 0.051690560 0.291685879 0.137594208
v 0.053423278 0.290311962 0.137175485
v 0.052611928 0.313548982 0.137579769
v 0.055449259 0.310054868 0.137007341
v 0.054283164 0.291987807 0.134276897
v 0.054432515 0.290255100 0.135463536
v 0.054475941 0.312905401 0.135170862
v 0.056397647 0.310886234 0.134917185
v 0.056593969 0.308336079 0.135509536
v 0.056157246 0.293649316 0.133685738
v 0.058615003 0.310753703 0.131945625
v 0.059665445 0.309459776 0.131410033
v 0.059668019 0.304899573 0.130892590
v 0.060475409 0.309922278 0.131290093
v 0.060977276 0.308915257 0.130577967
v 0.045081861 0.294478714 0.140227631
v 0.046360321 0.297829568 0.136888161
v 0.045730148 0.294844359 0.137158573
v 0.047166489 0.292844772 0.137194902
v 0.049458135 0.313580632 0.137763098
v 0.049191009 0.310061276 0.137494251
v 0.048041463 0.296440065 0.134127066
v 0.049653310 0.291844815 0.134829387
v 0.052038562 0.313038021 0.135072917
v 0.050575785 0.310661465 0.133507729
v 0.050661035 0.308320254 0.132590756
v 0.051141873 0.295076191 0.132434353
v 0.052529421 0.292734861 0.132764280
v 0.052419115 0.290609360 0.133892745
v 0.052526608 0.312782854 0.133624956
v 0.053461771 0.311903954 0.132041112
v 0.053223144 0.306993634 0.130243570
v 0.056297451 0.310646415 0.130044639
v 0.056287639 0.308056802 0.129098579
v 0.056808844 0.305596024 0.129662931
v 0.058817670 0.309203863 0.128951356
v 0.046168029 0.294148505 0.135222480
v 0.046596698 0.293542325 0.134679869
v 0.047858629 0.296127766 0.133763805
v 0.047462460 0.293119788 0.133984402
v 0.052568387 0.310991675 0.130402580
v 0.051819861 0.307949156 0.130879521
v 0.058293972 0.308145732 0.146926492
v 0.055195991 0.298947662 0.149176583
v 0.060029782 0.307582676 0.146185175
v 0.056815296 0.298038691 0.148519889
v 0.062867023 0.305714160 0.143694177
v 0.062289692 0.304274797 0.143777072
v 0.060218491 0.298069775 0.145306870
v 0.059811667 0.296701133 0.145938411
v 0.063251220 0.305296093 0.140908182
v 0.059985451 0.295599848 0.143280149
v 0.065291815 0.303366482 0.137348071
v 0.062251177 0.294300258 0.139556050
v 0.065939128 0.302629590 0.135114655
v 0.062870838 0.293519676 0.137343183
v 0.055954639 0.309016913 0.146759748
v 0.052785426 0.299607337 0.149061576
v 0.057960838 0.308033586 0.143935323
v 0.054311875 0.297902316 0.145760208
v 0.059960000 0.306889117 0.141979098
v 0.056728274 0.296723992 0.144291401
v 0.062161285 0.305278897 0.138457835
v 0.058784340 0.295240104 0.141035244
v 0.062830038 0.304281265 0.135521814
v 0.059123185 0.294420272 0.138065249
v 0.064887457 0.302684158 0.133116230
v 0.061710525 0.293251693 0.135423660
v 0.051429570 0.310057014 0.145928636
v 0.050312471 0.307486922 0.146404788
v 0.049143121 0.303786367 0.147360459
v 0.048421498 0.301125884 0.148113430
v 0.052627556 0.310216308 0.145868629
v 0.051164709 0.306252003 0.146078646
v 0.050446492 0.304085135 0.146724880
v 0.049287945 0.300300837 0.148294225
v 0.054556645 0.308828473 0.142497748
v 0.050957426 0.298827857 0.144925132
v 0.060998868 0.304335028 0.132998928
v 0.057612266 0.294255525 0.135396600
v 0.062934898 0.302848518 0.129704088
v 0.061099444 0.299331427 0.130913541
v 0.060272828 0.297006190 0.131610274
v 0.059561949 0.292834044 0.132153884
v 0.062370867 0.302169502 0.128809199
v 0.061414924 0.299553961 0.129416779
v 0.060094710 0.295885921 0.130251139
v 0.059371132 0.293263137 0.130987927
v 0.049814370 0.310358673 0.144786283
v 0.048852526 0.307768494 0.145339519
v 0.047536045 0.304020822 0.146213770
v 0.046784997 0.301364303 0.146986544
v 0.048996195 0.310802966 0.143094808
v 0.048611809 0.306702048 0.144259572
v 0.047899179 0.304338396 0.144811824
v 0.045632396 0.300815642 0.145537958
v 0.051355999 0.309353352 0.140236646
v 0.047833707 0.299306065 0.142579138
v 0.057800967 0.304831684 0.130626261
v 0.054631326 0.294698626 0.133103758
v 0.059451822 0.303357571 0.127222657
v 0.058396861 0.299802601 0.129027396
v 0.057549082 0.297377527 0.129652128
v 0.056111619 0.293440342 0.129648671
v 0.060687847 0.302489877 0.127586111
v 0.059769556 0.299829155 0.128226161
v 0.058487393 0.296198368 0.129080623
v 0.057657856 0.293493658 0.129786819
v 0.046802007 0.310837567 0.140864134
v 0.043529224 0.301120907 0.143241286
v 0.049627092 0.309153527 0.137039423
v 0.046349671 0.299084932 0.139631987
v 0.052486937 0.306596786 0.130525261
v 0.049150072 0.296530664 0.133046195
v 0.054507654 0.305847526 0.130244523
v 0.051270474 0.295723855 0.132667363
v 0.055737305 0.304214567 0.126104563
v 0.052439306 0.294502825 0.128487796
v 0.044833679 0.309947282 0.140070975
v 0.043498717 0.308047652 0.140188470
v 0.042438302 0.304778516 0.140912294
v 0.042341363 0.302547485 0.141881168
v 0.038454909 0.299751163 0.140943050
v 0.046828888 0.293975294 0.128142878
v 0.038733628 0.302996039 0.142057195
v 0.039320033 0.301449597 0.140317276
v 0.040213089 0.300060034 0.138559148
v 0.043096736 0.297356099 0.134422988
v 0.047374465 0.294126987 0.127684847
v 0.049040712 0.295029968 0.126600042
v 0.040172219 0.305596501 0.142695799
v 0.041286174 0.304163247 0.139628917
v 0.042896245 0.302462906 0.137350887
v 0.044871598 0.300992191 0.133889213
v 0.047644757 0.298565358 0.127921417
v 0.050025221 0.297836661 0.125955358
v 0.041513152 0.309568256 0.141710743
v 0.043396939 0.308885932 0.138677582
v 0.046931118 0.306367457 0.132735327
v 0.050415725 0.303335905 0.125530124
v 0.051567681 0.302290767 0.124811940
v 0.041808013 0.311929017 0.139904454
v 0.042857092 0.311273605 0.137717843
v 0.047276992 0.308841228 0.131815165
v 0.048312914 0.307883501 0.129223272
v 0.051141113 0.305948257 0.124990307
v 0.052574269 0.304954916 0.124161080
v 0.043288760 0.313869923 0.137620196
v 0.051503040 0.307999492 0.124913856
v 0.036795910 0.299317986 0.138674170
v 0.037914552 0.297225565 0.136356726
v 0.039809678 0.295593441 0.133471251
v 0.041868914 0.294513792 0.130317748
v 0.043949947 0.294289052 0.127735317
v 0.037281815 0.303035647 0.140718713
v 0.037661921 0.301529169 0.138303354
v 0.038383234 0.299669474 0.136567369
v 0.045649707 0.296560258 0.126204118
v 0.047105476 0.295731872 0.124873608
v 0.037539300 0.305566281 0.140516594
v 0.038841020 0.305125892 0.138103485
v 0.046809308 0.298174113 0.126037255
v 0.048011206 0.298312008 0.124449283
v 0.039128374 0.310155362 0.139422059
v 0.041095778 0.309514970 0.137151912
v 0.049638379 0.302359432 0.123169400
v 0.040422834 0.312177181 0.138520733
v 0.041231580 0.312772691 0.136748031
v 0.043678448 0.311364233 0.133336410
v 0.047763743 0.308414370 0.127402499
v 0.049549710 0.306614876 0.123952240
v 0.050183456 0.305047840 0.122739844
v 0.041913114 0.314242810 0.135081977
v 0.043687828 0.314105958 0.132260084
v 0.045738503 0.312937528 0.129249662
v 0.047421977 0.311233401 0.126636624
v 0.048952248 0.309196085 0.124213383
v 0.035522193 0.298918694 0.137312919
v 0.036430936 0.297260463 0.134977758
v 0.038206480 0.296208382 0.132070571
v 0.039846972 0.294695824 0.129028276
v 0.042084377 0.294404894 0.126354650
v 0.042927068 0.294584960 0.124409184
v 0.035581436 0.301620603 0.136755243
v 0.037092391 0.299366713 0.133454651
v 0.039834116 0.296780050 0.126288474
v 0.040841497 0.296457469 0.124912560
v 0.043972656 0.296318799 0.122998603
v 0.034815136 0.306941986 0.138061211
v 0.044331707 0.298981220 0.121917695
v 0.035742600 0.309683293 0.137341410
v 0.038217913 0.310518891 0.135168731
v 0.045905221 0.302585274 0.120903030
v 0.038980786 0.312123418 0.134000137
v 0.039843250 0.312546670 0.131542161
v 0.044904895 0.309398860 0.125680804
v 0.047160815 0.306699723 0.122491762
v 0.047359653 0.305450767 0.121249169
v 0.040578939 0.314596772 0.133201972
v 0.041593660 0.314370275 0.130791828
v 0.043868460 0.312766105 0.127624393
v 0.045465097 0.311602950 0.125079557
v 0.047232728 0.309550822 0.122803360
v 0.047595400 0.308153987 0.121153384
v 0.032710936 0.299979448 0.135413542
v 0.033224463 0.299063861 0.131956443
v 0.035195976 0.297177821 0.129052728
v 0.036950499 0.296612352 0.126879126
v 0.038612533 0.294839352 0.123605624
v 0.039638452 0.295177788 0.121920966
v 0.032276973 0.304204255 0.136886090
v 0.031794515 0.302496105 0.134864688
v 0.033066783 0.300309092 0.131681755
v 0.037349917 0.297211647 0.124492936
v 0.040348101 0.296963722 0.124784976
v 0.041547097 0.297127336 0.120939858
v 0.032105990 0.306687742 0.136109963
v 0.041996084 0.300273955 0.120178565
v 0.033862412 0.310740680 0.135368749
v 0.043347746 0.303148150 0.119729184
v 0.035370022 0.312635899 0.134807587
v 0.036556002 0.313448191 0.132489771
v 0.037650932 0.312707454 0.129068717
v 0.043206599 0.308015347 0.119289272
v 0.043946687 0.306069046 0.118328236
v 0.038120240 0.314638883 0.131388679
v 0.039110847 0.314498603 0.129160792
v 0.040875055 0.313313752 0.125376046
v 0.041657593 0.311592460 0.122728840
v 0.043644648 0.310050339 0.120283581
v 0.044272602 0.308647424 0.118689008
v 0.028211141 0.300798237 0.131922856
v 0.029815814 0.299865544 0.130466118
v 0.031151719 0.297452152 0.126677260
v 0.033730108 0.295939237 0.124630757
v 0.035172474 0.295891941 0.121290930
v 0.036302030 0.295800090 0.119511485
v 0.027956393 0.305034488 0.133436009
v 0.028066855 0.304057658 0.132853478
v 0.029920375 0.301115245 0.130652696
v 0.036230728 0.297204018 0.122192599
v 0.037947986 0.297707319 0.118444130
v 0.028742222 0.307126462 0.133275867
v 0.039814696 0.300681233 0.118600398
v 0.030065458 0.310954839 0.132520616
v 0.040827937 0.303566158 0.117896646
v 0.030761940 0.313357830 0.131401598
v 0.032687794 0.314055324 0.129964247
v 0.035434585 0.313435227 0.127851948
v 0.040775105 0.308836430 0.116988786
v 0.040866159 0.306406081 0.116363816
v 0.033260457 0.315380841 0.128427088
v 0.035282847 0.314819276 0.126219809
v 0.037426151 0.314069837 0.123265177
v 0.039218497 0.312387288 0.120870955
v 0.040316194 0.310497880 0.118090771
v 0.040905412 0.309180319 0.116300978
v 0.025822027 0.301551253 0.130476654
v 0.027695045 0.300475687 0.127947599
v 0.029710354 0.297885358 0.125279382
v 0.030752622 0.297422588 0.123137631
v 0.033091143 0.296464562 0.120184839
v 0.025605813 0.305227071 0.131782785
v 0.026233649 0.304496408 0.131368294
v 0.028384138 0.301188380 0.129428923
v 0.031295888 0.298184425 0.121260539
v 0.033941004 0.296802551 0.118971936
v 0.035133019 0.298171401 0.115777351
v 0.026278583 0.307644010 0.131188825
v 0.025608312 0.306628287 0.130630076
v 0.036313999 0.300033361 0.114868559
v 0.027427088 0.311354041 0.130409420
v 0.028065249 0.312308371 0.129654095
v 0.037859928 0.304085374 0.114094667
v 0.028569281 0.313840717 0.129715994
v 0.029207589 0.314059258 0.128623739
v 0.032374330 0.313970059 0.124505229
v 0.035048231 0.312511086 0.122258693
v 0.038369879 0.308747947 0.116282187
v 0.037988976 0.306859434 0.113716431
v 0.030660428 0.315383643 0.127034128
v 0.035440471 0.313195437 0.121704675
v 0.036281642 0.312840074 0.118909113
v 0.038361795 0.310679406 0.116534740
v 0.038632933 0.309557945 0.114756986
v 0.023722874 0.301608145 0.128409728
v 0.023872592 0.299390525 0.125122055
v 0.025552304 0.298143238 0.123127058
v 0.027364485 0.297163785 0.119993933
v 0.029167878 0.296777934 0.117375940
v 0.023539567 0.305995405 0.130034670
v 0.023442728 0.304231346 0.129232645
v 0.027965181 0.298725486 0.118624412
v 0.031130036 0.297238797 0.116492480
v 0.032862455 0.297791630 0.115349703
v 0.023853492 0.308294475 0.129240185
v 0.024131669 0.307400823 0.129207402
v 0.034106605 0.301057786 0.112975806
v 0.024675872 0.311587632 0.128360331
v 0.025149368 0.312206417 0.127583683
v 0.033147171 0.307050020 0.113514543
v 0.035206497 0.304682016 0.112159215
v 0.026223991 0.313797981 0.128162488
v 0.026596962 0.314372003 0.126651093
v 0.029553669 0.314523816 0.122768663
v 0.030866656 0.313168198 0.118974738
v 0.031736810 0.310911328 0.116029851
v 0.034818459 0.308907688 0.113792375
v 0.036362153 0.308117419 0.112881482
v 0.028669484 0.316011399 0.124926321
v 0.029730828 0.316158444 0.121255755
v 0.031405423 0.315027803 0.118985236
v 0.033058252 0.313617110 0.116068624
v 0.034381438 0.311747938 0.113815591
v 0.019758906 0.302299380 0.125286877
v 0.021446710 0.300760061 0.123968415
v 0.023968905 0.299143434 0.121446297
v 0.025863605 0.297910780 0.118683591
v 0.026539052 0.297534108 0.115912698
v 0.021523302 0.306727380 0.128208950
v 0.019928224 0.305042952 0.126618952
v 0.027756086 0.298456132 0.117850974
v 0.028023506 0.298270047 0.115476489
v 0.030046573 0.297748327 0.114268154
v 0.020637413 0.308423787 0.126815647
v 0.020199619 0.308630258 0.125915498
v 0.031044787 0.303942353 0.113120921
v 0.032298870 0.303437740 0.112816021
v 0.022009509 0.312352777 0.125887811
v 0.021823976 0.312258959 0.125035107
v 0.031550203 0.307485253 0.113008216
v 0.023928983 0.313719749 0.126531184
v 0.023884878 0.314997524 0.123830430
v 0.025953509 0.315275222 0.121131532
v 0.032163609 0.311652511 0.114868037
v 0.031858575 0.309345305 0.112951986
v 0.034023348 0.309342533 0.111490183
v 0.024771741 0.316637486 0.121872254
v 0.026928354 0.316318244 0.120347038
v 0.029328376 0.314858198 0.117724761
v 0.031182745 0.313530594 0.114926025
v 0.031466655 0.312318772 0.112285063
v 0.018575817 0.302834362 0.124427155
v 0.018664129 0.301586270 0.122325689
v 0.024196897 0.297336370 0.113283105
v 0.018700803 0.305047363 0.125098884
v 0.019203445 0.308157921 0.125184000
v 0.020665066 0.312700599 0.123613171
v 0.021003539 0.312501431 0.120384127
v 0.022108970 0.315214485 0.122341305
v 0.022670154 0.316083252 0.119699270
v 0.023270609 0.316622764 0.121086530
v 0.023879843 0.316657454 0.118486702
v 0.029465061 0.312639177 0.109608136
v 0.015967535 0.301633716 0.119393133
v 0.015430436 0.300838441 0.117115214
v 0.020958863 0.298031718 0.111538120
v 0.017415775 0.312286675 0.119600803
v 0.018375801 0.315077096 0.118931264
v 0.021229431 0.316939741 0.115722731
v 0.020950833 0.316884071 0.113265164
v 0.026224436 0.313335061 0.107861817
v 0.014763487 0.302229941 0.117325678
v 0.015306755 0.300901055 0.115349956
v 0.017191924 0.299537182 0.112411134
v 0.019157179 0.299126834 0.110693045
v 0.019633491 0.316385120 0.113929227
v 0.020561911 0.316189110 0.111680806
v 0.022454815 0.314841628 0.108735494
v 0.024027182 0.313282043 0.107296593
v 0.016749358 0.316051483 0.112466723
v 0.015942635 0.314831883 0.112739608
v 0.014929024 0.312643051 0.113251507
v 0.013587128 0.311591297 0.113453850
v 0.012751648 0.309192866 0.114028826
v 0.013095973 0.307274729 0.114540331
v 0.012561755 0.304947585 0.115112320
v 0.012451729 0.303537905 0.115469709
v 0.018479869 0.316775978 0.112368479
v 0.017102210 0.314707011 0.112830944
v 0.013491344 0.304466933 0.115283534
v 0.013154188 0.302286029 0.115827926
v 0.020039903 0.316993684 0.112392038
v 0.019229256 0.314637482 0.112957403
v 0.015326784 0.303294599 0.115679100
v 0.014355298 0.301044106 0.116209030
v 0.016099080 0.314830214 0.111405343
v 0.014740367 0.312953860 0.111912213
v 0.013844233 0.310542405 0.112023674
v 0.013138937 0.308371782 0.112474665
v 0.012579984 0.306674510 0.113418922
v 0.012496074 0.304357737 0.113918178
v 0.018302487 0.316164911 0.110857211
v 0.014038460 0.304270595 0.115362018
v 0.013397946 0.301909447 0.114277773
v 0.020284507 0.316581905 0.111139059
v 0.019714896 0.314231366 0.111520953
v 0.015750602 0.302708805 0.114285760
v 0.014820832 0.300494283 0.114667051
v 0.016376130 0.314062983 0.109361574
v 0.015294302 0.312266558 0.109591827
v 0.014334328 0.310076892 0.110108778
v 0.013541028 0.307715625 0.110676162
v 0.013098778 0.305885077 0.111123048
v 0.012879325 0.303899229 0.111800343
v 0.018340494 0.315492183 0.108867861
v 0.017036647 0.314554214 0.108540535
v 0.013004165 0.302833438 0.111352898
v 0.013542631 0.301546782 0.112214021
v 0.021590224 0.315796018 0.109013535
v 0.020589303 0.315998077 0.109257415
v 0.020417435 0.313798249 0.110138416
v 0.016371343 0.302036792 0.112960026
v 0.015127421 0.300014645 0.113074467
v 0.015955297 0.299511075 0.112955332
v 0.022266511 0.315492928 0.108403392
v 0.021529388 0.313146234 0.108911403
v 0.017468384 0.301342547 0.111743659
v 0.016562123 0.299092323 0.112389900
v 0.016556015 0.313307136 0.107200071
v 0.015543314 0.311523944 0.107719600
v 0.014515665 0.309112370 0.108179733
v 0.013946172 0.307400435 0.108591422
v 0.013469332 0.305495739 0.109166048
v 0.013161791 0.303441525 0.109567292
v 0.018466230 0.314967513 0.106831707
v 0.017135045 0.314095438 0.107024878
v 0.013138396 0.302478820 0.109812245
v 0.013664180 0.301009953 0.110180788
v 0.021661311 0.315116912 0.106434084
v 0.020463670 0.315352291 0.106751606
v 0.015023110 0.299538821 0.110546000
v 0.016072800 0.298873395 0.110331662
v 0.023235478 0.315007448 0.107502967
v 0.022492509 0.312676638 0.108335264
v 0.018431505 0.300872952 0.111167520
v 0.017459564 0.298510075 0.111513756
v 0.025758769 0.314180136 0.107157372
v 0.025066499 0.311648071 0.107739367
v 0.021005493 0.299844414 0.110571623
v 0.020068593 0.297392845 0.111144796
v 0.026351411 0.313902944 0.106809720
v 0.027924014 0.312764645 0.107110016
v 0.025497105 0.311419815 0.107405543
v 0.021436099 0.299616158 0.110237800
v 0.022599347 0.297123313 0.110895187
v 0.020581793 0.297133029 0.110833615
v 0.029193558 0.312435806 0.107618563
v 0.023843786 0.296824574 0.111377053
v 0.016700812 0.312752932 0.105340756
v 0.015832337 0.311045289 0.105554163
v 0.014762044 0.308632225 0.106121324
v 0.014112141 0.306667060 0.106594160
v 0.013676211 0.304778337 0.107057907
v 0.013340679 0.302986413 0.107684210
v 0.018651227 0.314563721 0.104756221
v 0.017277816 0.313540667 0.104983769
v 0.013290467 0.301951081 0.107764654
v 0.013756803 0.300337672 0.108169727
v 0.020782314 0.314867228 0.104816094
v 0.020643035 0.311792731 0.104744203
v 0.019501673 0.310276210 0.105022423
v 0.016982216 0.302953184 0.106779560
v 0.016967367 0.301109076 0.107307717
v 0.015289680 0.298902422 0.108646803
v 0.023459118 0.314289480 0.105024718
v 0.023658426 0.313273013 0.104857273
v 0.022897946 0.310825169 0.105846591
v 0.022601506 0.309685767 0.106145591
v 0.019961191 0.302011460 0.107987016
v 0.019489272 0.300917566 0.108223893
v 0.018579079 0.298343331 0.108485393
v 0.017795177 0.297826082 0.108975306
v 0.025812780 0.313874930 0.106116436
v 0.024847964 0.313298792 0.105452128
v 0.024570750 0.310349613 0.106297813
v 0.024203727 0.309081793 0.106047556
v 0.021580515 0.301457196 0.107877053
v 0.021166936 0.300456107 0.108671725
v 0.019647855 0.297862321 0.109260753
v 0.019929942 0.297214478 0.110002317
v 0.026357990 0.313854367 0.106644258
v 0.026914617 0.312858850 0.106030062
v 0.026106253 0.309981883 0.106224552
v 0.024875816 0.308691323 0.105801262
v 0.022311201 0.301237047 0.107589893
v 0.022598194 0.299785405 0.108671173
v 0.021542119 0.297217816 0.109799638
v 0.020592242 0.297095716 0.110665448
v 0.029532906 0.311939716 0.106219716
v 0.024118647 0.296417117 0.109905258
v 0.030638408 0.311329752 0.106073275
v 0.025430219 0.296117753 0.109661847
v 0.016778015 0.312216640 0.103472821
v 0.016024332 0.310661405 0.103469618
v 0.014890023 0.308135301 0.104062229
v 0.014206694 0.306064248 0.104560658
v 0.013761500 0.304084301 0.105047777
v 0.013453888 0.302554756 0.105791152
v 0.018693993 0.314088404 0.102879755
v 0.018014574 0.311895281 0.104026094
v 0.017623704 0.310286671 0.104438700
v 0.015394244 0.303806543 0.105993584
v 0.014707220 0.302282184 0.106332734
v 0.013822200 0.299848855 0.106250957
v 0.021275638 0.314104736 0.102684684
v 0.019789549 0.311258912 0.104168974
v 0.019863190 0.309037566 0.104381941
v 0.017905803 0.303348273 0.105747074
v 0.016517289 0.301747829 0.106451131
v 0.015758872 0.298365444 0.106563024
v 0.016451921 0.297803879 0.106388256
v 0.022793893 0.314077646 0.103452325
v 0.023215804 0.313100666 0.103608958
v 0.022654785 0.310585737 0.104529649
v 0.020787574 0.308664918 0.104659863
v 0.018907174 0.303180873 0.105979316
v 0.019250263 0.300690174 0.106904060
v 0.018102372 0.298270911 0.107292563
v 0.017212465 0.297723830 0.107474774
v 0.025564820 0.312710732 0.103668779
v 0.023802778 0.308783233 0.105223618
v 0.021319287 0.301564753 0.106955677
v 0.020046076 0.297218561 0.107406989
v 0.027418643 0.312120885 0.103826478
v 0.027013412 0.309665054 0.105352893
v 0.023385745 0.299120903 0.107882924
v 0.022059642 0.296537310 0.107555248
v 0.029675290 0.311263055 0.103900418
v 0.024373652 0.295848906 0.107590407
v 0.031403467 0.310033858 0.104461834
v 0.026550496 0.295923412 0.107806794
v 0.032115024 0.308473647 0.103946500
v 0.027971882 0.296404392 0.106831245
v 0.017059660 0.311831892 0.100489467
v 0.016038820 0.309986681 0.100912496
v 0.014919221 0.307496190 0.101496659
v 0.014247048 0.305459678 0.101986766
v 0.013808860 0.303505123 0.102467731
v 0.013485090 0.301442087 0.102982476
v 0.018876702 0.313425750 0.100171864
v 0.017482776 0.308828384 0.101748221
v 0.015757227 0.303812921 0.102951668
v 0.013959099 0.299132317 0.103601530
v 0.020785065 0.313103884 0.100782819
v 0.015645951 0.298447043 0.104368299
v 0.022939866 0.312647343 0.101024456
v 0.017903270 0.297614723 0.104749903
v 0.025576735 0.312128782 0.101280987
v 0.020263093 0.296551704 0.104974762
v 0.027387233 0.311551958 0.101605922
v 0.022029001 0.296080917 0.105431266
v 0.029670404 0.310692072 0.101914667
v 0.024424713 0.295440346 0.105558351
v 0.031298053 0.309542805 0.102682881
v 0.026471892 0.295596689 0.106014289
v 0.032149214 0.308161467 0.103721559
v 0.028097661 0.296464562 0.106492564
v 0.016990304 0.311248958 0.098458819
v 0.015961247 0.309419096 0.098878317
v 0.014872396 0.306994736 0.099447399
v 0.014221323 0.305024654 0.099921450
v 0.013793418 0.303118110 0.100390218
v 0.013485679 0.301062465 0.100903042
v 0.018268924 0.312630087 0.098166898
v 0.013657763 0.299227327 0.101382852
v 0.021004647 0.312720507 0.099515453
v 0.015966032 0.298146784 0.102532804
v 0.023299782 0.312231243 0.099513628
v 0.018123964 0.296975791 0.102623090
v 0.025465548 0.311639100 0.099311858
v 0.020249419 0.296152681 0.103091486
v 0.027618518 0.310836256 0.099363022
v 0.022333816 0.295530677 0.103176169
v 0.029667377 0.310099483 0.099976383
v 0.024538986 0.295054018 0.103535205
v 0.025560360 0.295129448 0.104477108
v 0.017138239 0.310976744 0.096362419
v 0.015840719 0.308839858 0.096849173
v 0.014790979 0.306498706 0.097399376
v 0.014166524 0.304612488 0.097853139
v 0.013751188 0.302766472 0.098306470
v 0.013468783 0.300311148 0.098921604
v 0.018988194 0.312384933 0.096088700
v 0.014083884 0.298130125 0.099509098
v 0.020934869 0.311973870 0.097116821
v 0.016159618 0.297560275 0.100158483
v 0.023163639 0.311505914 0.096748710
v 0.018347722 0.296394706 0.100413702
v 0.025655687 0.310936004 0.097057380
v 0.020445352 0.295644850 0.100843370
v 0.027734581 0.310172766 0.097345188
v 0.022512438 0.295099676 0.101075716
v 0.028906694 0.309856564 0.097978748
v 0.023965726 0.294876367 0.101940066
v 0.017842006 0.311280608 0.094142482
v 0.017091835 0.310466826 0.094316877
v 0.015709072 0.308255911 0.094819993
v 0.014700872 0.306003302 0.095349990
v 0.014104688 0.304206163 0.095782213
v 0.013702844 0.302424610 0.096219189
v 0.013442898 0.299860865 0.096861742
v 0.013541385 0.298780471 0.097141854
v 0.018875876 0.311786562 0.094060309
v 0.014187090 0.297566146 0.097481750
v 0.020866292 0.311256140 0.094486073
v 0.016205769 0.296982080 0.098036371
v 0.023454603 0.310746551 0.094333403
v 0.018366737 0.295980722 0.098186225
v 0.025695615 0.310265750 0.094979562
v 0.020428319 0.295261234 0.098564222
v 0.027266800 0.309778064 0.095509708
v 0.022177193 0.294864684 0.099075392
v 0.017780377 0.310679495 0.092114344
v 0.017005747 0.309860259 0.092289247
v 0.015606126 0.307670623 0.092786506
v 0.014636449 0.305500895 0.093297288
v 0.014066471 0.303786099 0.093709640
v 0.013677578 0.302065134 0.094131529
v 0.013444377 0.299508840 0.094773039
v 0.013559131 0.298410088 0.095058359
v 0.019102443 0.311311692 0.092012636
v 0.014230844 0.297151953 0.095410220
v 0.021097042 0.310613453 0.092192054
v 0.016225120 0.296610057 0.095664047
v 0.024100773 0.309886545 0.092264920
v 0.018955056 0.295429260 0.096073084
v 0.025392277 0.309811473 0.093305774
v 0.020365803 0.295030683 0.096806243
v 0.018081024 0.310287118 0.090041943
v 0.017039083 0.309417337 0.090685651
v 0.015579756 0.307230771 0.091256604
v 0.014633689 0.305112422 0.091755070
v 0.014079628 0.303447366 0.092155442
v 0.013699097 0.301764458 0.092568226
v 0.013505022 0.299145281 0.093150400
v 0.013737880 0.297663391 0.093070969
v 0.019296024 0.310771316 0.089975178
v 0.014415592 0.296585917 0.093378924
v 0.021326292 0.310099572 0.090471901
v 0.016505336 0.296101123 0.093787886
v 0.023282627 0.309713542 0.091216832
v 0.018288882 0.295550466 0.094587177
v 0.018144537 0.309797227 0.088527173
v 0.017342681 0.308857054 0.088216752
v 0.015996773 0.306833595 0.088361271
v 0.014799341 0.304417461 0.089196019
v 0.014265439 0.302813739 0.089581750
v 0.013870751 0.300737590 0.089852780
v 0.013728703 0.298352718 0.090737239
v 0.013862579 0.297351360 0.091513529
v 0.019355698 0.309993148 0.087840937
v 0.018278142 0.309186220 0.087056614
v 0.014120350 0.297101229 0.089956373
v 0.014618931 0.296225339 0.091144487
v 0.020928910 0.310189605 0.087872952
v 0.015760327 0.295190364 0.091622829
v 0.017642463 0.307799667 0.086095363
v 0.016482683 0.306330025 0.086464569
v 0.015471494 0.304108828 0.086716883
v 0.014669082 0.301753014 0.087328404
v 0.014285943 0.299927860 0.087983616
v 0.014289011 0.298052549 0.088434152
v 0.019753270 0.309057951 0.086065181
v 0.018662356 0.308288097 0.085669577
v 0.014757997 0.296939731 0.088392586
v 0.015188521 0.295941323 0.089277767
v 0.020898210 0.308947176 0.085811980
v 0.016165650 0.295213938 0.089163825
v 0.017041251 0.305360317 0.084919930
v 0.016082305 0.303412050 0.085268311
v 0.015374676 0.301266789 0.085785024
v 0.015071155 0.299634069 0.086293928
v 0.019108739 0.307095110 0.084479719
v 0.018144321 0.305313975 0.083978094
v 0.016632408 0.302918106 0.084446147
v 0.016003005 0.301001340 0.084908262
v 0.015847040 0.298636734 0.085580282
v 0.015627626 0.297077298 0.086880133
v 0.020827353 0.308048218 0.084797151
v 0.020496491 0.306851029 0.083917916
v 0.016823955 0.296112299 0.086537309
v 0.016484320 0.295456111 0.087897845
v 0.018786909 0.304098517 0.083229795
v 0.017762145 0.302429676 0.083525755
v 0.017107718 0.300363272 0.084011108
v 0.016966416 0.298807114 0.084499456
v 0.020288799 0.305628777 0.083260745
v 0.019798337 0.304179341 0.082892388
v 0.019087177 0.301889211 0.082828440
v 0.018435126 0.299914479 0.083306059
v 0.017621648 0.297911376 0.084463149
v 0.017255642 0.296827495 0.085410193
v 0.024974653 0.307118267 0.087647565
v 0.023412855 0.307684004 0.087334648
v 0.022249768 0.307901949 0.087086856
v 0.027037989 0.307108313 0.089736715
v 0.025474032 0.307716608 0.088958077
v 0.023645844 0.308331370 0.088513032
v 0.021395786 0.308822334 0.088448100
v 0.028830158 0.306954175 0.092196077
v 0.027567999 0.307713896 0.091293313
v 0.025639197 0.308686137 0.090868443
v 0.023696991 0.309389263 0.090722628
v 0.021483269 0.309618682 0.090281159
v 0.029221125 0.307678819 0.093828619
v 0.027541397 0.308764666 0.093247972
v 0.025722692 0.309502840 0.092850499
v 0.024321100 0.309683621 0.091872215
v 0.030707600 0.307468444 0.096769869
v 0.029608561 0.308394611 0.095784314
v 0.027600395 0.309497118 0.095167935
v 0.030855436 0.308210701 0.098268472
v 0.029656697 0.309299558 0.097814269
v 0.028328467 0.309796989 0.096996032
v 0.031163102 0.308776617 0.100376286
v 0.030044936 0.309770107 0.099661015
v 0.031573806 0.309074461 0.102419838
v 0.024384229 0.304890275 0.085728809
v 0.022978242 0.305531532 0.085234784
v 0.020917522 0.306120694 0.085092530
v 0.026528394 0.304940403 0.087817058
v 0.025233382 0.305834234 0.086860098
v 0.023366237 0.306852818 0.086343639
v 0.021130398 0.307557911 0.086400986
v 0.028328877 0.304780483 0.090294950
v 0.027446013 0.305708170 0.089296408
v 0.026114704 0.306675434 0.088206239
v 0.020600716 0.308565021 0.087694794
v 0.029098215 0.305515170 0.091910839
v 0.028328042 0.306709945 0.091130666
v 0.030357080 0.305242866 0.094696566
v 0.029831538 0.306156486 0.093651958
v 0.030879358 0.306155354 0.096468478
v 0.031716619 0.305708975 0.099962756
v 0.031415593 0.306646258 0.098558232
v 0.031941358 0.306499034 0.101289488
v 0.031797554 0.307155281 0.100501344
v 0.032128032 0.307400912 0.103103399
v 0.031998821 0.308038205 0.102428488
v 0.025521871 0.302214742 0.086875752
v 0.024355602 0.303476334 0.085692197
v 0.022542480 0.303747147 0.084674902
v 0.020716490 0.304224491 0.084414124
v 0.026637353 0.303020507 0.088005006
v 0.025443539 0.303910285 0.086541466
v 0.028241174 0.302934587 0.090381369
v 0.027526170 0.303545266 0.089072250
v 0.029624930 0.302987963 0.093227677
v 0.029172892 0.303423107 0.092046551
v 0.030236788 0.303493202 0.094736569
v 0.030903749 0.303707570 0.097005293
v 0.031440008 0.304124564 0.099414960
v 0.031386249 0.304867506 0.098513901
v 0.031747799 0.304627031 0.101275429
v 0.031913254 0.304835916 0.103188574
v 0.020871665 0.301314563 0.084602699
v 0.020332992 0.301606476 0.084495008
v 0.025119042 0.300822675 0.086963549
v 0.024032263 0.300870925 0.086076923
v 0.021874808 0.301634490 0.084773012
v 0.019826202 0.302436024 0.084390529
v 0.027118439 0.300402701 0.089579605
v 0.026142528 0.300716132 0.088130943
v 0.027919941 0.300752640 0.090751521
v 0.029164236 0.300930500 0.093337886
v 0.028670827 0.300812423 0.092213988
v 0.029899498 0.301187903 0.095354244
v 0.030492710 0.301084459 0.098034486
v 0.030535813 0.301704198 0.097314857
v 0.030946275 0.301787525 0.099744543
v 0.031352393 0.302507907 0.102105416
v 0.031430680 0.302579165 0.103726774
v 0.020339841 0.299800307 0.084973857
v 0.019823249 0.300092667 0.084857665
v 0.024397869 0.298740387 0.087483421
v 0.023385325 0.298953623 0.086566806
v 0.020979717 0.299177229 0.085360222
v 0.018932855 0.299692333 0.085058697
v 0.026599454 0.298907816 0.089956477
v 0.025427727 0.298679411 0.088632241
v 0.027186131 0.298671335 0.091256164
v 0.028443206 0.298860222 0.093857713
v 0.027962433 0.298776716 0.092725821
v 0.029159943 0.299067229 0.095885806
v 0.030071247 0.299877763 0.098336942
v 0.029666256 0.299180478 0.097984046
v 0.030244386 0.299795270 0.100197606
v 0.030492706 0.300050586 0.102660969
v 0.030805204 0.300765187 0.104163729
v 0.023961524 0.297677994 0.087969266
v 0.022254901 0.297026843 0.087301493
v 0.020375049 0.297433794 0.086197771
v 0.018604597 0.298095882 0.085878983
v 0.024465121 0.296896011 0.089420132
v 0.022950903 0.296417743 0.088406667
v 0.026204560 0.297012866 0.091803208
v 0.025092538 0.296469420 0.090775691
v 0.027677955 0.297325939 0.094579853
v 0.026896615 0.296803921 0.093630575
v 0.028082918 0.297229230 0.096231073
v 0.028808799 0.297614872 0.098459587
v 0.029331559 0.297992915 0.100881204
v 0.028727481 0.297135323 0.100361511
v 0.029544683 0.298220456 0.102809794
v 0.029798379 0.298711538 0.104623303
v 0.021326005 0.295998037 0.087868057
v 0.019772913 0.296181202 0.087461688
v 0.017793098 0.296891659 0.087300472
v 0.023303296 0.295562029 0.090078123
v 0.021611340 0.295300931 0.089398302
v 0.019413764 0.295468539 0.089125022
v 0.017344210 0.296311915 0.089029044
v 0.025182787 0.295632571 0.092493452
v 0.023794958 0.295090765 0.091853537
v 0.022012476 0.294744879 0.091083705
v 0.016581003 0.296446979 0.090585954
v 0.025594451 0.295325667 0.094352804
v 0.024171229 0.294620544 0.094035000
v 0.027149925 0.295915425 0.096922658
v 0.026049500 0.295156062 0.096280709
v 0.027282294 0.295692921 0.098965451
v 0.028702570 0.296943933 0.102059700
v 0.027716912 0.295888454 0.101128675
v 0.028606217 0.296800494 0.103612289
v 0.027997101 0.296102077 0.103146739
v 0.028492240 0.296824306 0.105688304
v 0.027912207 0.296152532 0.105277479
v 0.020764137 0.294872254 0.090600945
v 0.019415891 0.295175195 0.090349562
v 0.017815201 0.295782715 0.090263724
v 0.022711754 0.294526607 0.092768058
v 0.020997083 0.294695824 0.092099331
v 0.019061821 0.295177609 0.091616184
v 0.017075174 0.296121836 0.091579877
v 0.024579056 0.294589490 0.095160238
v 0.022999521 0.294427007 0.094487697
v 0.020830186 0.294699907 0.094238929
v 0.018793762 0.295305729 0.094069853
v 0.016889969 0.296286076 0.093397900
v 0.024696674 0.294517249 0.096975952
v 0.022638131 0.294502050 0.096667044
v 0.020717232 0.294883162 0.096364714
v 0.019245641 0.295205265 0.095279790
v 0.026419861 0.294994891 0.099746838
v 0.024775594 0.294592351 0.099149197
v 0.022563608 0.294736862 0.098767310
v 0.026314376 0.294999599 0.101423658
v 0.024712145 0.294754207 0.101351388
v 0.023135182 0.294844449 0.100483149
v 0.026525602 0.295279115 0.103568770
v 0.024955830 0.294945925 0.103179023
v 0.026931759 0.295654297 0.105611049
f 93 102 92
f 102 101 92
f 91 79 85
f 45 25 61
f 61 25 85
f 79 77 85
f 85 77 61
f 25 45 27
f 29 11 27
f 27 11 7
f 7 11 29
f 45 41 25
f 75 41 61
f 61 41 45
f 27 7 29
f 75 61 77
f 77 85 75
f 99 89 92
f 92 89 91
f 91 89 85
f 99 101 102
f 99 102 100
f 101 99 92
f 93 90 100
f 93 100 102
f 90 93 87
f 87 93 94
f 87 94 88
f 94 80 88
f 80 78 88
f 28 26 46
f 46 26 44
f 30 14 10
f 88 78 76
f 46 44 62
f 62 44 76
f 62 76 78
f 30 10 28
f 78 88 62
f 26 46 62
f 26 62 88
f 93 90 94
f 94 90 88
f 92 89 93
f 93 89 90
f 89 92 86
f 86 92 91
f 86 91 85
f 38 57 59
f 38 59 42
f 60 58 43
f 43 58 39
f 59 58 60
f 59 57 58
f 87 88 86
f 88 85 86
f 87 100 90
f 86 89 87
f 87 89 99
f 87 99 100
f 74 73 76
f 76 73 75
f 76 75 88
f 88 75 85
f 88 60 26
f 26 60 43
f 25 42 85
f 85 42 59
f 26 43 25
f 25 43 42
f 85 59 88
f 88 59 60
f 87 90 89
f 73 57 37
f 37 57 38
f 74 58 73
f 73 58 57
f 58 74 40
f 58 40 39
f 99 89 86
f 89 86 85
f 90 87 88
f 76 44 74
f 74 44 40
f 37 38 41
f 41 38 42
f 43 44 42
f 44 43 39
f 44 39 40
f 6 5 25
f 26 6 25
f 26 25 44
f 44 25 41
f 44 41 42
f 41 75 37
f 37 75 73
f 27 7 25
f 7 5 25
f 25 5 27
f 27 5 7
f 10 6 28
f 28 6 26
f 10 28 26
f 6 10 26
f 25 5 26
f 26 5 6
f 19 15 11
f 14 18 22
f 12 11 15
f 12 15 16
f 16 15 20
f 20 15 19
f 11 12 7
f 7 12 8
f 18 13 17
f 21 22 17
f 22 18 17
f 18 14 13
f 13 14 9
f 9 14 10
f 21 20 19
f 35 36 23
f 23 36 24
f 23 24 19
f 19 24 22
f 19 22 21
f 97 66 35
f 35 66 50
f 98 67 97
f 97 67 66
f 35 50 51
f 35 51 36
f 36 51 98
f 98 51 67
f 51 55 67
f 67 55 71
f 70 54 66
f 66 54 50
f 70 67 71
f 70 66 67
f 22 36 34
f 24 36 22
f 19 35 23
f 33 35 19
f 84 68 72
f 22 34 32
f 98 82 64
f 82 98 96
f 98 64 48
f 98 48 36
f 22 32 14
f 14 32 30
f 36 48 34
f 52 36 18
f 18 32 34
f 18 34 52
f 18 36 22
f 14 30 18
f 18 30 32
f 52 34 48
f 52 48 68
f 68 48 64
f 68 64 84
f 64 82 84
f 84 82 98
f 65 83 69
f 29 11 31
f 31 11 15
f 97 81 83
f 83 81 63
f 83 63 65
f 65 63 47
f 65 47 49
f 35 49 15
f 15 49 33
f 15 33 31
f 19 35 15
f 81 97 95
f 49 47 33
f 33 47 35
f 31 19 11
f 19 31 33
f 35 47 97
f 47 63 97
f 97 63 81
f 52 68 72
f 72 56 52
f 18 4 2
f 18 2 14
f 11 1 3
f 11 3 15
f 53 69 49
f 49 69 65
f 69 70 65
f 71 72 68
f 98 97 84
f 84 97 83
f 84 83 68
f 68 83 65
f 68 65 71
f 71 65 70
f 70 69 54
f 54 69 53
f 54 53 50
f 50 53 49
f 52 51 36
f 35 50 49
f 52 55 51
f 72 71 56
f 56 71 55
f 56 55 52
f 36 35 24
f 24 35 23
f 24 23 22
f 22 23 19
f 22 19 18
f 18 19 15
f 18 15 4
f 4 15 3
f 4 3 2
f 2 3 1
f 2 1 14
f 14 1 11
f 14 11 10
f 10 11 7
f 9 8 13
f 13 8 12
f 13 12 17
f 17 12 16
f 17 16 21
f 21 16 20
f 7 8 10
f 9 10 8
f 420 459 379
f 693 735 742
f 148 127 142
f 112 106 128
f 710 755 749
f 710 749 707
f 698 742 699
f 741 742 698
f 642 647 693
f 693 647 698
f 699 693 698
f 831 854 836
f 825 826 791
f 825 791 820
f 820 791 786
f 785 786 780
f 738 734 739
f 223 182 224
f 218 223 278
f 218 278 273
f 281 229 230
f 281 278 229
f 281 230 282
f 224 230 223
f 278 223 229
f 229 223 230
f 224 182 183
f 218 177 223
f 223 177 182
f 127 130 148
f 148 130 153
f 148 153 147
f 147 196 148
f 148 196 142
f 142 196 194
f 206 158 162
f 158 157 133
f 133 157 153
f 130 133 153
f 152 196 147
f 269 210 211
f 269 211 270
f 270 211 273
f 261 206 269
f 269 206 210
f 157 152 153
f 153 152 130
f 153 152 147
f 152 199 196
f 157 158 202
f 202 199 157
f 157 199 152
f 273 211 217
f 206 203 202
f 206 202 158
f 218 273 217
f 278 277 273
f 287 286 282
f 283 287 282
f 283 282 231
f 231 282 230
f 232 225 226
f 221 227 220
f 175 221 174
f 221 220 174
f 181 174 220
f 219 180 181
f 180 219 226
f 185 180 226
f 184 179 185
f 185 179 180
f 231 230 184
f 230 224 184
f 184 224 183
f 287 283 231
f 181 220 219
f 219 220 227
f 219 227 226
f 185 226 225
f 185 225 184
f 233 285 284
f 284 232 233
f 233 232 226
f 233 226 227
f 284 283 232
f 232 283 231
f 232 231 225
f 225 231 184
f 228 279 227
f 227 279 285
f 233 227 285
f 221 228 227
f 215 175 174
f 689 690 637
f 637 690 638
f 108 107 103
f 108 103 104
f 104 123 124
f 123 118 124
f 104 103 123
f 123 144 139
f 139 118 123
f 205 260 209
f 209 260 267
f 209 267 268
f 260 257 305
f 436 401 397
f 195 192 241
f 192 191 240
f 294 295 241
f 241 295 246
f 665 613 612
f 608 659 665
f 608 665 612
f 603 654 659
f 603 659 608
f 599 654 603
f 596 646 599
f 599 646 650
f 590 640 646
f 591 646 596
f 640 590 639
f 638 639 586
f 638 588 587
f 638 587 637
f 455 454 495
f 376 416 411
f 411 416 454
f 289 293 333
f 333 293 337
f 239 238 289
f 289 238 293
f 238 239 188
f 188 239 189
f 139 138 188
f 139 188 189
f 589 639 590
f 589 590 533
f 533 590 537
f 533 537 452
f 457 537 538
f 538 537 590
f 496 499 457
f 457 499 460
f 414 452 457
f 457 452 537
f 413 374 412
f 413 412 451
f 532 451 531
f 532 531 588
f 412 373 411
f 412 411 450
f 531 450 535
f 531 535 588
f 588 535 534
f 588 534 587
f 377 418 421
f 418 375 414
f 414 375 413
f 414 413 452
f 533 452 532
f 533 532 589
f 589 532 586
f 589 586 639
f 452 413 451
f 452 451 532
f 586 532 588
f 586 588 638
f 251 198 247
f 247 198 195
f 247 195 246
f 241 192 240
f 240 236 291
f 291 236 290
f 246 195 241
f 374 373 412
f 451 412 450
f 451 450 531
f 294 291 374
f 374 291 335
f 374 335 334
f 374 334 373
f 373 334 372
f 373 372 411
f 450 411 455
f 450 455 535
f 535 455 495
f 535 495 534
f 376 411 372
f 240 191 236
f 236 191 235
f 236 235 290
f 190 186 235
f 235 186 234
f 235 234 290
f 290 234 289
f 186 189 234
f 190 140 186
f 234 189 239
f 234 239 289
f 289 333 372
f 372 333 337
f 372 337 376
f 186 140 139
f 186 139 189
f 191 190 235
f 397 401 358
f 433 436 397
f 433 397 431
f 431 397 392
f 431 392 429
f 429 392 389
f 429 389 425
f 425 389 384
f 425 384 424
f 424 384 383
f 424 383 421
f 421 383 380
f 421 380 377
f 358 355 397
f 397 355 392
f 392 355 352
f 392 352 389
f 355 358 313
f 313 358 318
f 272 268 313
f 272 313 318
f 355 313 308
f 355 308 352
f 352 308 349
f 352 349 389
f 389 349 346
f 389 346 384
f 384 346 345
f 384 345 383
f 383 345 342
f 383 342 380
f 380 342 339
f 380 339 377
f 377 339 375
f 377 375 418
f 305 257 301
f 301 257 251
f 301 251 247
f 246 298 247
f 247 298 301
f 313 267 260
f 313 260 308
f 308 260 305
f 349 305 301
f 349 301 345
f 345 301 298
f 345 298 342
f 342 298 246
f 342 246 295
f 374 413 375
f 374 375 294
f 294 375 339
f 294 339 295
f 295 339 342
f 345 346 349
f 305 349 308
f 267 313 268
f 665 616 613
f 616 568 564
f 508 564 510
f 510 564 568
f 510 568 513
f 436 433 479
f 479 433 476
f 613 564 612
f 612 564 559
f 612 559 608
f 608 559 558
f 608 558 554
f 608 554 603
f 603 554 547
f 603 547 599
f 558 505 554
f 554 505 502
f 554 502 547
f 547 502 501
f 547 501 599
f 465 501 466
f 466 501 502
f 466 502 471
f 471 502 505
f 471 505 474
f 474 505 558
f 474 558 508
f 508 558 559
f 508 559 564
f 564 613 616
f 496 538 499
f 499 501 460
f 460 501 465
f 538 591 596
f 538 596 499
f 499 596 501
f 501 596 599
f 599 650 654
f 241 240 294
f 294 240 291
f 335 291 290
f 335 290 334
f 334 290 289
f 334 289 372
f 455 411 454
f 513 479 510
f 510 479 476
f 510 476 508
f 508 476 433
f 508 433 474
f 474 433 431
f 474 431 471
f 471 431 429
f 471 429 466
f 466 429 425
f 466 425 424
f 466 424 465
f 465 424 421
f 465 421 460
f 460 421 418
f 460 418 457
f 457 418 414
f 496 457 538
f 538 590 591
f 591 590 646
f 251 257 201
f 139 140 119
f 139 119 118
f 125 105 104
f 145 146 125
f 120 119 140
f 120 140 141
f 124 125 104
f 124 119 125
f 125 119 120
f 125 120 141
f 125 141 145
f 145 141 146
f 146 195 150
f 150 195 197
f 198 251 201
f 197 195 198
f 192 195 191
f 191 141 190
f 190 141 140
f 124 118 119
f 201 257 260
f 260 205 201
f 201 205 204
f 141 191 146
f 146 191 195
f 209 175 168
f 215 175 209
f 216 268 272
f 209 216 215
f 216 215 272
f 209 268 216
f 222 221 216
f 216 221 215
f 280 279 276
f 221 175 215
f 276 279 228
f 276 228 221
f 216 272 276
f 216 276 222
f 222 276 221
f 669 616 668
f 517 484 479
f 718 668 665
f 718 665 714
f 616 665 668
f 401 436 479
f 401 479 480
f 401 480 437
f 479 484 480
f 517 479 513
f 568 571 513
f 513 571 517
f 621 571 568
f 621 568 616
f 691 639 638
f 691 638 690
f 691 640 639
f 692 640 691
f 696 640 692
f 697 646 696
f 696 646 640
f 646 697 701
f 646 701 650
f 650 701 702
f 706 654 650
f 706 650 702
f 708 659 654
f 714 665 709
f 709 665 659
f 709 659 708
f 718 714 760
f 760 714 754
f 754 714 709
f 748 753 709
f 709 753 754
f 718 760 765
f 702 701 706
f 706 701 748
f 706 748 708
f 708 748 709
f 706 708 654
f 744 786 747
f 826 796 792
f 760 801 802
f 796 831 836
f 796 836 801
f 826 831 796
f 760 802 765
f 786 791 747
f 747 791 792
f 792 791 826
f 690 733 691
f 691 733 734
f 691 734 692
f 692 734 739
f 692 739 696
f 696 739 697
f 697 739 740
f 697 740 701
f 701 740 744
f 701 744 748
f 748 744 747
f 748 747 792
f 748 792 753
f 753 792 796
f 753 796 754
f 754 796 760
f 836 837 801
f 801 837 802
f 796 801 760
f 739 780 740
f 740 780 744
f 744 780 786
f 773 729 730
f 808 811 846
f 838 803 842
f 842 803 807
f 808 846 843
f 843 807 808
f 843 842 807
f 803 838 833
f 833 798 803
f 853 854 851
f 738 776 737
f 737 776 733
f 779 776 738
f 840 841 836
f 836 841 837
f 836 837 858
f 722 765 718
f 673 679 721
f 850 847 846
f 846 849 850
f 866 859 865
f 797 793 833
f 741 781 787
f 733 776 734
f 138 139 144
f 138 144 123
f 495 454 416
f 495 416 376
f 737 690 689
f 737 733 690
f 739 734 780
f 786 825 820
f 831 826 825
f 858 836 854
f 806 802 837
f 806 765 802
f 730 682 683
f 774 773 730
f 814 811 773
f 843 846 866
f 859 838 842
f 859 842 865
f 865 842 843
f 865 843 866
f 846 868 866
f 811 815 850
f 811 850 846
f 814 815 811
f 773 774 814
f 814 774 815
f 678 685 679
f 685 678 684
f 680 721 679
f 721 680 722
f 837 841 806
f 825 851 831
f 831 851 854
f 785 819 820
f 734 776 779
f 733 734 737
f 689 637 694
f 689 694 736
f 138 188 143
f 143 138 123
f 143 123 122
f 730 683 731
f 722 680 674
f 103 107 123
f 737 689 736
f 734 779 780
f 786 785 820
f 729 723 730
f 682 730 676
f 676 730 723
f 682 676 681
f 723 720 676
f 676 720 671
f 676 622 681
f 671 617 618
f 767 808 807
f 803 761 766
f 773 811 770
f 770 811 767
f 767 811 808
f 807 803 766
f 766 719 720
f 720 719 671
f 671 719 670
f 671 670 617
f 618 622 671
f 671 622 676
f 766 761 715
f 766 715 719
f 719 715 666
f 719 666 670
f 670 666 614
f 670 614 617
f 729 773 723
f 723 773 770
f 723 770 720
f 720 770 767
f 720 767 766
f 766 767 807
f 519 522 577
f 343 382 378
f 668 718 722
f 683 682 633
f 633 682 627
f 634 687 683
f 634 683 633
f 688 683 687
f 683 688 684
f 679 685 686
f 680 679 686
f 621 616 669
f 668 674 669
f 437 480 484
f 441 401 437
f 322 318 358
f 272 318 322
f 322 276 272
f 283 284 288
f 286 287 330
f 330 282 286
f 282 330 327
f 282 327 281
f 281 327 278
f 278 327 324
f 323 277 278
f 323 278 324
f 319 273 323
f 323 273 277
f 273 269 270
f 258 202 203
f 252 199 202
f 194 196 193
f 378 340 296
f 539 497 458
f 642 641 592
f 597 647 592
f 592 647 642
f 647 597 651
f 651 597 600
f 604 651 600
f 604 655 651
f 609 660 655
f 660 609 661
f 627 682 681
f 627 681 577
f 577 681 622
f 248 196 199
f 248 199 252
f 299 248 302
f 302 248 252
f 302 252 306
f 193 196 242
f 314 319 359
f 340 296 299
f 299 296 242
f 299 242 248
f 248 242 196
f 299 343 340
f 340 343 378
f 382 343 299
f 382 299 381
f 381 299 385
f 385 299 302
f 385 302 386
f 386 302 390
f 390 302 306
f 390 306 350
f 390 350 393
f 419 378 423
f 423 378 382
f 423 382 422
f 422 382 381
f 422 381 426
f 426 381 385
f 426 385 386
f 426 386 430
f 430 386 390
f 430 390 432
f 432 390 393
f 442 438 402
f 402 438 398
f 402 398 356
f 314 356 309
f 314 309 310
f 310 309 258
f 444 445 523
f 481 438 485
f 485 438 442
f 485 442 444
f 485 444 487
f 487 444 523
f 438 481 434
f 438 434 398
f 398 434 394
f 398 394 356
f 356 394 353
f 356 353 309
f 309 353 306
f 309 306 258
f 258 252 202
f 577 522 627
f 627 522 578
f 627 578 581
f 572 622 570
f 570 622 618
f 570 618 569
f 569 618 617
f 569 617 565
f 565 617 614
f 565 614 609
f 609 614 666
f 609 666 661
f 570 569 572
f 572 519 577
f 572 577 622
f 481 477 434
f 434 477 432
f 434 432 394
f 394 432 393
f 394 393 353
f 353 393 350
f 353 350 306
f 258 306 252
f 458 419 462
f 462 419 423
f 462 423 422
f 462 422 461
f 461 422 467
f 467 422 426
f 467 426 472
f 472 426 430
f 472 430 475
f 475 430 432
f 475 432 477
f 655 604 609
f 609 604 560
f 609 560 565
f 592 539 597
f 597 539 543
f 597 543 542
f 597 542 600
f 600 542 548
f 600 548 604
f 604 548 549
f 604 549 555
f 604 555 560
f 560 555 509
f 560 509 565
f 565 509 511
f 565 511 569
f 569 511 514
f 569 514 572
f 572 514 519
f 484 517 518
f 489 521 525
f 489 525 488
f 488 525 524
f 488 524 530
f 491 490 447
f 528 492 529
f 529 492 493
f 529 493 530
f 530 493 494
f 530 494 488
f 488 494 489
f 521 489 486
f 521 486 517
f 517 486 484
f 445 447 523
f 523 447 490
f 523 490 526
f 526 490 491
f 526 491 527
f 527 491 492
f 527 492 528
f 576 571 621
f 675 680 626
f 626 621 675
f 631 579 632
f 632 579 580
f 632 580 625
f 625 580 575
f 625 575 576
f 625 576 626
f 722 674 668
f 626 680 625
f 632 625 631
f 584 585 630
f 584 630 636
f 583 635 582
f 582 635 634
f 576 621 626
f 585 579 631
f 585 631 630
f 687 634 688
f 688 634 635
f 688 635 684
f 684 635 636
f 684 636 685
f 685 636 630
f 685 630 686
f 686 630 631
f 686 631 680
f 680 631 625
f 674 680 675
f 674 675 621
f 674 621 669
f 627 581 633
f 633 581 582
f 633 582 634
f 636 635 583
f 636 583 584
f 539 458 543
f 543 458 462
f 543 462 542
f 542 462 461
f 542 461 548
f 548 461 467
f 548 467 549
f 549 467 472
f 549 472 555
f 555 472 509
f 509 472 475
f 509 475 511
f 511 475 477
f 511 477 514
f 514 477 481
f 514 481 519
f 519 481 485
f 519 485 522
f 522 485 487
f 522 487 578
f 578 487 523
f 578 523 581
f 581 523 526
f 581 526 582
f 582 526 527
f 582 527 583
f 583 527 528
f 583 528 584
f 584 528 529
f 584 529 585
f 585 529 530
f 585 530 579
f 579 530 524
f 579 524 580
f 580 524 525
f 580 525 575
f 575 525 521
f 575 521 576
f 576 521 517
f 576 517 571
f 326 276 322
f 279 280 326
f 279 326 325
f 364 326 322
f 364 322 361
f 361 322 358
f 362 361 358
f 288 284 285
f 367 366 329
f 367 329 325
f 367 325 364
f 364 325 326
f 326 280 276
f 288 287 283
f 331 287 332
f 332 287 288
f 332 288 329
f 329 288 285
f 285 279 329
f 332 329 371
f 332 371 331
f 331 371 370
f 331 370 369
f 287 331 330
f 324 327 323
f 273 319 314
f 273 314 269
f 269 314 261
f 279 325 329
f 329 366 371
f 358 401 362
f 362 401 441
f 362 441 361
f 361 441 364
f 364 441 443
f 364 443 367
f 367 443 446
f 367 446 366
f 366 446 449
f 366 449 371
f 371 449 448
f 371 448 370
f 370 448 410
f 370 410 369
f 369 410 409
f 369 409 368
f 368 409 408
f 368 408 365
f 365 408 406
f 365 406 363
f 363 406 405
f 363 405 359
f 359 319 363
f 363 319 323
f 363 323 365
f 365 323 327
f 365 327 368
f 368 327 369
f 369 327 330
f 369 330 331
f 203 206 258
f 258 206 261
f 258 261 310
f 310 261 314
f 356 314 359
f 356 359 402
f 402 359 405
f 402 405 442
f 442 405 444
f 444 405 406
f 444 406 445
f 445 406 447
f 447 406 408
f 447 408 491
f 491 408 409
f 491 409 492
f 492 409 410
f 492 410 493
f 493 410 448
f 493 448 494
f 494 448 449
f 494 449 489
f 489 449 446
f 489 446 486
f 486 446 443
f 486 443 484
f 484 443 441
f 484 441 437
f 698 647 703
f 749 745 703
f 749 703 707
f 707 703 651
f 651 655 707
f 647 651 703
f 741 698 745
f 745 698 703
f 755 793 749
f 793 745 749
f 539 592 642
f 419 458 497
f 194 193 142
f 197 198 201
f 150 197 146
f 105 109 104
f 104 109 108
f 146 126 125
f 150 197 156
f 156 197 201
f 204 205 161
f 209 167 205
f 205 167 161
f 168 167 209
f 167 168 174
f 174 168 175
f 180 173 181
f 181 173 174
f 183 178 179
f 183 179 184
f 177 178 183
f 217 176 218
f 176 177 218
f 210 169 211
f 211 169 217
f 217 169 176
f 206 162 210
f 210 162 169
f 115 133 111
f 111 130 112
f 130 128 106
f 130 106 112
f 128 130 127
f 194 193 242
f 194 242 243
f 296 340 341
f 296 341 297
f 296 297 242
f 242 297 243
f 379 341 378
f 378 341 340
f 419 497 378
f 378 497 379
f 497 498 459
f 497 459 420
f 539 540 497
f 497 540 498
f 642 593 539
f 539 593 540
f 745 787 741
f 798 833 793
f 838 833 798
f 793 797 798
f 745 793 787
f 699 742 693
f 379 497 420
f 182 177 183
f 130 111 133
f 793 755 797
f 798 797 756
f 756 797 755
f 803 798 756
f 761 803 756
f 756 710 715
f 711 715 710
f 755 710 756
f 756 715 761
f 707 655 660
f 710 707 660
f 661 666 660
f 660 666 710
f 710 666 715
f 812 811 847
f 676 670 671
f 622 570 617
f 617 570 569
f 676 622 617
f 676 617 670
f 685 630 684
f 812 815 774
f 815 812 847
f 584 583 635
f 584 635 636
f 770 811 812
f 770 812 771
f 771 812 774
f 771 774 770
f 622 627 572
f 572 627 577
f 622 676 682
f 622 682 627
f 723 770 730
f 730 682 677
f 730 677 724
f 770 774 730
f 627 634 578
f 578 634 582
f 578 582 581
f 682 683 627
f 627 683 634
f 687 683 684
f 687 684 688
f 636 684 630
f 578 577 627
f 682 676 677
f 677 676 724
f 724 676 723
f 724 723 730
f 648 649 700
f 700 649 701
f 700 701 704
f 704 701 705
f 704 705 652
f 652 705 653
f 652 653 649
f 652 649 648
f 835 830 831
f 835 831 836
f 800 836 801
f 800 801 796
f 800 796 795
f 853 830 835
f 836 801 805
f 800 759 801
f 801 759 764
f 801 764 805
f 795 752 800
f 800 752 759
f 795 830 791
f 830 853 851
f 830 851 825
f 830 825 791
f 836 858 835
f 835 858 857
f 835 857 853
f 836 805 840
f 836 840 863
f 836 863 858
f 790 791 824
f 824 791 825
f 824 825 829
f 829 825 852
f 852 825 851
f 852 851 853
f 852 853 857
f 857 858 862
f 862 858 863
f 862 863 840
f 845 840 810
f 810 840 805
f 763 764 759
f 763 759 758
f 758 759 752
f 501 547 503
f 503 547 553
f 417 412 304
f 304 412 334
f 304 334 294
f 294 334 338
f 470 464 456
f 348 388 456
f 456 388 428
f 417 456 536
f 428 470 456
f 553 503 470
f 503 553 541
f 304 348 456
f 304 456 417
f 536 456 590
f 464 500 541
f 504 553 503
f 563 553 557
f 557 553 507
f 507 553 504
f 541 500 503
f 541 456 464
f 456 541 590
f 590 541 640
f 714 615 718
f 718 615 620
f 607 563 612
f 612 615 607
f 714 664 615
f 615 664 658
f 563 607 553
f 553 563 541
f 541 553 546
f 541 546 545
f 541 545 595
f 541 595 640
f 640 595 590
f 615 658 607
f 595 594 645
f 645 594 644
f 545 546 553
f 545 553 552
f 553 607 606
f 606 607 658
f 606 658 657
f 657 658 663
f 752 700 704
f 752 795 700
f 700 795 791
f 700 791 644
f 644 791 743
f 743 791 790
f 743 790 785
f 663 704 657
f 657 704 652
f 657 652 606
f 606 652 553
f 553 652 552
f 552 652 545
f 652 648 545
f 545 648 700
f 545 700 595
f 595 700 594
f 594 700 644
f 704 663 713
f 704 713 752
f 854 853 872
f 854 872 873
f 854 873 875
f 854 875 858
f 863 841 864
f 857 874 872
f 858 874 857
f 872 853 857
f 874 875 872
f 872 875 873
f 875 874 858
f 840 841 863
f 840 863 845
f 853 851 819
f 853 819 852
f 852 819 818
f 820 819 851
f 820 851 825
f 819 785 817
f 819 817 820
f 864 841 836
f 864 836 863
f 765 769 722
f 728 722 721
f 721 679 728
f 728 727 679
f 806 769 765
f 768 769 810
f 810 769 840
f 806 840 769
f 806 841 840
f 819 785 818
f 818 785 784
f 673 728 679
f 721 722 673
f 673 722 728
f 679 727 678
f 727 728 721
f 721 722 768
f 722 769 768
f 805 764 721
f 717 721 713
f 663 667 713
f 713 667 716
f 713 716 717
f 824 829 818
f 818 829 852
f 818 784 790
f 824 818 790
f 721 845 810
f 721 810 805
f 764 763 721
f 721 763 713
f 713 763 758
f 721 768 810
f 752 713 758
f 207 213 214
f 173 166 174
f 179 172 173
f 173 180 179
f 167 174 166
f 440 361 517
f 435 439 440
f 361 440 404
f 404 357 360
f 404 360 361
f 435 440 517
f 435 517 483
f 435 483 482
f 435 482 478
f 317 312 275
f 312 215 275
f 311 266 312
f 312 266 208
f 312 208 215
f 435 400 439
f 404 403 357
f 275 276 317
f 354 357 400
f 400 357 403
f 400 403 439
f 276 322 321
f 276 321 317
f 214 167 172
f 172 167 166
f 266 260 209
f 266 209 208
f 167 214 208
f 171 164 165
f 171 165 172
f 172 166 173
f 171 165 213
f 213 165 214
f 165 207 214
f 171 213 164
f 164 213 207
f 164 207 165
f 843 844 808
f 808 844 809
f 804 843 808
f 804 839 843
f 843 839 808
f 839 804 808
f 809 844 847
f 847 815 809
f 809 815 812
f 809 812 808
f 808 767 762
f 812 771 808
f 808 771 767
f 844 850 847
f 847 850 815
f 843 838 860
f 808 762 803
f 808 803 843
f 843 803 833
f 843 833 838
f 843 869 844
f 844 869 847
f 843 866 869
f 843 860 866
f 762 757 803
f 803 757 799
f 803 799 833
f 833 799 834
f 833 834 838
f 838 834 860
f 860 834 856
f 860 861 866
f 866 861 867
f 866 867 869
f 869 870 847
f 847 870 848
f 847 848 850
f 850 848 815
f 815 848 813
f 815 813 812
f 812 813 771
f 771 813 772
f 711 712 762
f 762 712 757
f 610 611 661
f 661 611 662
f 661 662 711
f 711 662 712
f 520 516 515
f 515 516 512
f 515 512 566
f 566 512 567
f 566 562 561
f 561 562 610
f 610 562 611
f 672 676 671
f 622 676 619
f 619 676 672
f 622 619 618
f 618 566 671
f 573 618 619
f 573 619 578
f 711 671 661
f 566 561 671
f 671 561 610
f 671 610 661
f 520 618 573
f 618 520 515
f 618 515 566
f 771 672 767
f 767 672 762
f 683 628 672
f 672 628 627
f 672 627 619
f 619 627 578
f 672 671 762
f 762 671 711
f 672 771 730
f 730 731 672
f 672 731 683
f 771 772 730
f 730 772 725
f 574 578 624
f 624 578 627
f 624 627 629
f 629 627 628
f 629 628 684
f 684 628 683
f 684 683 731
f 684 731 678
f 725 731 730
f 730 731 726
f 731 726 727
f 731 727 678
f 856 834 828
f 833 856 828
f 856 833 855
f 856 855 860
f 860 855 859
f 833 838 859
f 828 827 832
f 828 832 833
f 855 833 859
f 860 859 865
f 868 846 871
f 871 846 850
f 868 871 869
f 868 876 866
f 860 865 866
f 876 877 861
f 876 861 866
f 850 848 869
f 869 848 870
f 869 871 850
f 867 868 869
f 868 867 876
f 876 867 877
f 813 848 850
f 815 816 813
f 816 815 775
f 775 815 774
f 813 850 815
f 684 685 732
f 775 774 730
f 730 731 775
f 731 684 732
f 685 726 732
f 850 849 847
f 847 849 846
f 797 833 832
f 685 678 726
f 726 678 727
f 726 727 732
f 731 732 727
f 816 775 813
f 861 877 867
f 731 772 775
f 775 772 813
f 828 834 794
f 772 731 725
f 794 834 799
f 794 799 751
f 751 799 757
f 751 757 712
f 794 793 827
f 827 828 794
f 793 833 832
f 793 832 827
f 274 271 316
f 316 271 212
f 212 271 274
f 343 543 463
f 328 283 274
f 328 274 331
f 331 274 316
f 316 399 407
f 316 407 331
f 331 407 410
f 274 224 212
f 274 283 224
f 343 463 344
f 344 463 300
f 399 316 307
f 550 544 598
f 463 543 544
f 468 387 463
f 387 468 427
f 550 468 463
f 550 463 544
f 598 601 550
f 550 601 602
f 550 602 605
f 399 307 351
f 399 351 396
f 396 351 395
f 463 347 300
f 300 347 303
f 556 506 551
f 551 506 473
f 551 473 550
f 550 473 469
f 550 469 468
f 656 611 605
f 551 550 605
f 351 391 395
f 463 387 347
f 605 556 551
f 320 316 218
f 218 316 212
f 213 171 212
f 212 171 170
f 212 177 218
f 177 212 170
f 212 218 217
f 177 170 176
f 170 178 177
f 179 178 172
f 170 171 178
f 171 172 178
f 818 823 828
f 823 822 828
f 782 787 788
f 788 783 782
f 779 778 783
f 783 778 777
f 818 817 779
f 818 779 783
f 818 783 823
f 823 783 788
f 823 788 822
f 827 828 821
f 788 787 822
f 822 787 828
f 828 787 821
f 782 781 787
f 827 821 793
f 787 793 821
f 817 780 779
f 737 778 733
f 733 778 776
f 776 778 779
f 780 817 785
f 793 785 818
f 818 828 793
f 793 828 827
f 818 785 817
f 743 739 738
f 743 738 695
f 743 695 644
f 738 739 785
f 785 739 743
f 793 789 785
f 785 743 744
f 756 750 798
f 798 750 746
f 746 789 798
f 798 789 793
f 781 782 741
f 741 782 742
f 742 783 777
f 742 782 783
f 540 453 498
f 498 453 459
f 534 495 454
f 643 637 587
f 637 643 694
f 778 737 777
f 777 737 736
f 777 735 742
f 735 777 736
f 735 736 693
f 693 736 694
f 693 694 642
f 642 694 643
f 642 643 593
f 593 643 587
f 593 587 534
f 593 534 540
f 540 534 454
f 540 454 453
f 188 138 194
f 194 138 143
f 188 194 187
f 188 187 238
f 238 187 237
f 292 293 237
f 237 293 238
f 336 337 292
f 292 337 293
f 416 376 415
f 415 376 336
f 336 376 337
f 454 416 453
f 453 416 415
f 453 415 336
f 453 420 459
f 341 336 297
f 297 336 292
f 297 292 237
f 297 237 243
f 143 142 194
f 187 194 237
f 237 194 243
f 453 336 341
f 453 341 420
f 218 212 169
f 274 218 169
f 274 169 211
f 299 315 316
f 212 170 169
f 320 274 316
f 316 274 299
f 299 274 211
f 299 211 200
f 133 162 158
f 176 169 177
f 177 169 170
f 162 133 136
f 162 163 169
f 137 163 162
f 137 162 136
f 134 116 135
f 135 116 117
f 135 133 134
f 136 133 135
f 135 137 136
f 159 163 135
f 135 163 137
f 149 142 148
f 143 142 149
f 149 117 113
f 159 135 149
f 135 117 149
f 115 116 134
f 115 134 133
f 127 142 121
f 127 121 128
f 127 128 106
f 115 111 116
f 116 111 112
f 113 112 107
f 123 107 122
f 128 121 122
f 122 121 142
f 122 142 143
f 107 106 128
f 107 128 122
f 107 112 106
f 107 108 113
f 113 108 114
f 167 166 161
f 161 166 160
f 161 160 156
f 156 160 155
f 155 160 154
f 155 154 150
f 150 154 132
f 150 132 129
f 131 129 132
f 114 109 131
f 131 109 110
f 131 110 129
f 114 108 109
f 114 144 108
f 144 131 132
f 144 132 154
f 154 160 144
f 144 114 131
f 144 160 166
f 267 266 260
f 208 167 266
f 266 167 209
f 161 156 155
f 204 161 156
f 151 156 155
f 151 155 150
f 201 204 156
f 129 126 146
f 146 150 129
f 125 126 110
f 125 110 105
f 105 110 109
f 126 129 110
f 117 116 112
f 112 113 117
f 144 143 114
f 114 143 149
f 114 149 113
f 255 259 263
f 254 245 263
f 249 244 254
f 254 244 250
f 250 245 254
f 255 263 245
f 255 245 256
f 259 265 264
f 259 264 263
f 253 254 262
f 262 254 263
f 321 317 322
f 361 360 357
f 835 831 796
f 835 796 800
f 800 836 835
f 809 808 843
f 809 843 844
f 672 677 623
f 672 623 619
f 652 653 704
f 653 705 704
f 909 905 929
f 929 905 925
f 930 926 906
f 930 906 910
f 944 954 945
f 945 954 955
f 945 955 956
f 945 956 957
f 880 881 878
f 878 881 879
f 878 879 892
f 892 879 893
f 892 909 929
f 892 929 944
f 945 957 893
f 893 957 930
f 893 930 910
f 944 929 954
f 954 929 955
f 955 929 956
f 956 929 930
f 956 930 957
f 893 910 892
f 892 910 909
f 894 880 892
f 880 878 892
f 879 881 893
f 881 895 893
f 894 896 882
f 892 912 894
f 882 880 894
f 944 946 932
f 944 932 892
f 892 932 912
f 880 882 896
f 892 912 944
f 944 912 932
f 944 928 892
f 892 928 908
f 894 880 896
f 904 908 928
f 904 928 924
f 895 913 893
f 893 913 945
f 945 913 933
f 885 897 881
f 881 897 895
f 945 933 947
f 931 933 913
f 913 911 931
f 933 931 945
f 913 893 911
f 931 928 945
f 945 928 944
f 907 906 927
f 908 905 909
f 911 910 906
f 906 907 911
f 904 924 905
f 904 905 908
f 924 925 905
f 931 926 930
f 930 929 931
f 931 929 928
f 928 929 925
f 928 925 924
f 906 926 927
f 927 926 931
f 885 882 881
f 881 882 880
f 881 880 879
f 879 880 878
f 879 878 893
f 893 878 892
f 893 892 911
f 911 892 908
f 911 908 910
f 910 908 909
f 911 907 927
f 911 927 931
f 885 884 882
f 882 884 883
f 887 889 885
f 888 886 882
f 918 922 938
f 938 922 942
f 937 941 921
f 937 921 917
f 941 940 921
f 921 940 920
f 919 922 918
f 918 917 916
f 917 921 916
f 916 921 920
f 943 942 922
f 943 922 923
f 923 922 919
f 937 938 939
f 939 938 942
f 942 943 939
f 940 941 936
f 936 941 937
f 936 937 939
f 936 939 952
f 952 939 953
f 919 918 916
f 919 916 903
f 903 916 902
f 903 902 891
f 891 902 890
f 888 889 891
f 888 891 890
f 903 918 938
f 903 938 953
f 953 938 952
f 952 938 937
f 952 937 902
f 902 937 917
f 902 917 918
f 902 918 903
f 902 903 890
f 890 903 891
f 903 891 889
f 919 939 943
f 919 943 923
f 916 920 940
f 888 890 902
f 916 940 936
f 903 901 889
f 951 935 953
f 949 951 953
f 915 903 935
f 935 903 953
f 901 899 889
f 889 899 885
f 885 899 897
f 903 915 901
f 935 953 939
f 899 889 887
f 899 887 897
f 897 887 885
f 915 919 903
f 935 939 919
f 935 919 915
f 902 888 900
f 934 950 952
f 952 950 948
f 882 896 888
f 888 896 898
f 888 898 900
f 902 914 934
f 902 934 952
f 914 902 900
f 886 898 896
f 886 896 882
f 934 936 952
f 914 916 934
f 934 916 936
f 898 886 900
f 900 886 888
f 914 902 916
f 1167 1168 1165
f 1167 1165 1164
f 1144 1120 1115
f 1149 1119 1143
f 1143 1119 1120
f 1143 1120 1144
f 1039 1038 1033
f 1008 1034 1061
f 1008 1061 1057
f 1057 1002 1003
f 1057 1003 1008
f 1002 1057 1056
f 1054 999 1002
f 1054 1002 1056
f 1107 1080 1110
f 1110 1080 1082
f 1110 1082 1083
f 1164 1134 1167
f 1167 1134 1138
f 1167 1138 1168
f 1168 1138 1139
f 1168 1139 1173
f 1173 1139 1145
f 1173 1145 1174
f 1174 1145 1146
f 1119 1091 1120
f 1120 1091 1092
f 1120 1092 1115
f 1115 1092 1086
f 1134 1107 1138
f 1138 1107 1110
f 1138 1110 1139
f 1139 1110 1083
f 1139 1083 1145
f 1145 1083 1087
f 1145 1087 1146
f 1146 1087 1088
f 1146 1088 1147
f 1147 1088 1089
f 1147 1089 1090
f 1147 1090 1148
f 1148 1090 1149
f 1149 1090 1091
f 1033 1060 1039
f 1039 1060 1066
f 1039 1066 1038
f 1038 1066 1065
f 1038 1065 1037
f 1065 1064 1037
f 1037 1064 1036
f 1036 1064 1063
f 1036 1063 1035
f 1035 1063 1062
f 1035 1062 1034
f 1034 1062 1061
f 1119 1149 1091
f 1091 1065 1092
f 1092 1065 1066
f 1092 1066 1086
f 1086 1066 1060
f 1080 1054 1082
f 1082 1054 1056
f 1082 1056 1083
f 1083 1056 1057
f 1083 1057 1087
f 1087 1057 1061
f 1087 1061 1088
f 1088 1061 1062
f 1088 1062 1089
f 1089 1062 1063
f 1089 1063 1090
f 1090 1063 1064
f 1090 1064 1091
f 1091 1064 1065
f 1187 1185 1168
f 1168 1185 1165
f 1165 1185 1183
f 1149 1144 1143
f 1054 1026 999
f 1168 1173 1187
f 995 1024 1052
f 1125 1130 1129
f 1156 1178 1150
f 1156 1181 1178
f 1182 1156 1161
f 1182 1181 1156
f 995 1052 990
f 990 1052 1046
f 991 990 1047
f 1047 990 1046
f 1047 985 991
f 985 1047 1040
f 1017 1018 1023
f 1072 1129 1130
f 1072 1130 1103
f 1071 1125 1072
f 1072 1125 1129
f 1160 1161 1155
f 1155 1161 1156
f 1103 1077 1072
f 1104 1131 1098
f 1098 1131 1126
f 1098 1126 1127
f 1098 1127 1099
f 1099 1127 1093
f 1093 1127 1121
f 1078 1104 1073
f 1073 1104 1098
f 1073 1098 1074
f 1074 1098 1099
f 1074 1099 1067
f 1067 1099 1093
f 1067 1093 1121
f 1067 1121 1068
f 1068 1121 1122
f 1068 1122 1069
f 1069 1122 1123
f 1069 1123 1070
f 1070 1123 1124
f 1070 1124 1071
f 1071 1124 1125
f 1131 1160 1126
f 1126 1160 1155
f 1126 1155 1156
f 1126 1156 1127
f 1127 1156 1121
f 1121 1156 1150
f 1121 1150 1122
f 1122 1150 1151
f 1016 1043 1017
f 1017 1043 1044
f 1051 1023 1045
f 1045 1023 1018
f 1045 1018 1044
f 1044 1018 1017
f 1044 1071 1045
f 1045 1071 1072
f 1045 1072 1051
f 1051 1072 1077
f 1013 985 1040
f 1013 1040 1041
f 1013 1041 1014
f 1014 1041 1042
f 1014 1042 1015
f 1015 1042 1016
f 1016 1042 1043
f 1052 1078 1046
f 1046 1078 1073
f 1046 1073 1047
f 1047 1073 1074
f 1047 1074 1040
f 1040 1074 1067
f 1040 1067 1041
f 1041 1067 1068
f 1041 1068 1042
f 1042 1068 1069
f 1042 1069 1070
f 1042 1070 1043
f 1043 1070 1044
f 1044 1070 1071
f 1106 1109 1081
f 994 1023 1025
f 994 1025 998
f 998 1025 1028
f 998 1028 1001
f 1053 1055 1028
f 1079 1106 1081
f 1079 1081 1053
f 1053 1081 1055
f 1103 1106 1077
f 1077 1106 1079
f 1025 1023 1053
f 1053 1023 1051
f 1025 1053 1028
f 1079 1053 1051
f 1079 1051 1077
f 1060 1033 1028
f 1081 1086 1055
f 1055 1086 1060
f 1109 1086 1081
f 1086 1109 1115
f 1001 1028 1033
f 1001 1033 1007
f 1055 1060 1028
f 1038 1012 1007
f 1007 1012 1006
f 1037 1011 1038
f 1038 1011 1012
f 1010 1037 1036
f 1037 1010 1011
f 1010 1036 1009
f 1009 1036 1035
f 1034 1008 1035
f 1035 1008 1009
f 1007 1033 1038
f 1114 1143 1144
f 1114 1144 1115
f 1168 1185 1173
f 1183 1185 1168
f 1183 1168 1165
f 1107 1134 1135
f 1008 1034 1009
f 1009 1034 1035
f 1036 1010 1035
f 1035 1010 1009
f 1037 1011 1036
f 1036 1011 1010
f 1032 1006 1012
f 1032 1012 1038
f 1006 1032 1033
f 1006 1033 1007
f 1115 1086 1114
f 1114 1086 1085
f 1114 1085 1119
f 1119 1085 1091
f 1107 1135 1111
f 1111 1135 1139
f 1111 1139 1116
f 1116 1139 1145
f 1080 1107 1082
f 1082 1107 1111
f 1082 1111 1083
f 1083 1111 1087
f 1087 1111 1116
f 1087 1116 1145
f 1087 1145 1088
f 1088 1145 1146
f 1088 1146 1089
f 1089 1146 1147
f 1090 1148 1091
f 1091 1148 1149
f 1119 1149 1114
f 1114 1149 1143
f 1135 1165 1139
f 1139 1165 1168
f 1139 1168 1145
f 1145 1168 1173
f 1145 1173 1146
f 1146 1173 1174
f 1055 1060 1081
f 1060 1033 1059
f 1059 1033 1032
f 1059 1032 1065
f 1065 1032 1038
f 1065 1038 1064
f 1064 1038 1037
f 1064 1037 1063
f 1063 1037 1036
f 1063 1036 1062
f 1062 1036 1035
f 1062 1035 1061
f 1061 1035 1034
f 1061 1034 1057
f 1057 1034 1008
f 1054 1080 1056
f 1056 1080 1082
f 1057 1083 1061
f 1061 1083 1087
f 1062 1088 1063
f 1063 1088 1089
f 1063 1089 1064
f 1064 1089 1090
f 1064 1090 1065
f 1065 1090 1091
f 1065 1091 1059
f 1059 1091 1085
f 1059 1085 1060
f 1060 1085 1086
f 1060 1086 1081
f 1135 1134 1165
f 1134 1164 1165
f 1150 1178 1181
f 1161 1160 1131
f 994 1017 1023
f 1014 986 985
f 1014 985 1013
f 987 986 1014
f 987 1014 1015
f 988 987 1016
f 1016 987 1015
f 1017 989 1016
f 1016 989 988
f 993 989 994
f 994 989 1017
f 1203 1199 1198
f 1203 1198 1202
f 1202 1198 1190
f 1202 1190 1195
f 1195 1190 1179
f 1195 1179 1188
f 1188 1179 1151
f 1188 1151 1174
f 1174 1151 1152
f 1174 1152 1175
f 1175 1152 1123
f 1175 1123 1147
f 1147 1123 1124
f 1147 1124 1148
f 1148 1124 1153
f 1148 1153 1176
f 1176 1153 1154
f 1176 1154 1177
f 1177 1154 1180
f 1177 1180 1189
f 1189 1180 1192
f 1189 1192 1197
f 1197 1192 1201
f 1197 1201 1205
f 1205 1201 1200
f 1205 1200 1204
f 1204 1200 1199
f 1204 1199 1203
f 1175 1147 1176
f 1176 1147 1148
f 1197 1205 1204
f 1196 1176 1203
f 1196 1195 1176
f 1176 1177 1203
f 1203 1177 1189
f 1176 1195 1188
f 1176 1188 1174
f 1203 1189 1197
f 1203 1197 1204
f 1174 1175 1176
f 1203 1202 1195
f 1203 1195 1196
f 1153 1124 1152
f 1152 1124 1123
f 1192 1200 1201
f 1191 1190 1199
f 1199 1190 1198
f 1190 1191 1152
f 1191 1199 1152
f 1152 1199 1200
f 1152 1200 1153
f 1200 1180 1154
f 1200 1154 1153
f 1190 1152 1151
f 1151 1179 1190
f 1180 1200 1192
f 1060 1007 1033
f 1033 1060 1086
f 1060 1033 1032
f 1060 1032 1059
f 1141 1147 1142
f 1142 1147 1148
f 1142 1148 1170
f 1170 1148 1176
f 1170 1176 1171
f 1171 1176 1177
f 1147 1175 1148
f 1148 1175 1176
f 1170 1171 1142
f 1142 1171 1143
f 1171 1166 1143
f 1143 1166 1136
f 1124 1096 1128
f 1096 1101 1128
f 1129 1158 1128
f 1129 1128 1102
f 1102 1128 1101
f 1153 1157 1154
f 1158 1154 1157
f 1158 1157 1128
f 1153 1124 1157
f 1157 1124 1128
f 1043 1096 1095
f 1152 1095 1124
f 1124 1095 1096
f 1069 1042 1095
f 1095 1042 1043
f 993 994 997
f 994 998 997
f 998 1001 976
f 976 971 998
f 959 989 993
f 959 993 964
f 964 993 994
f 964 994 965
f 965 994 971
f 971 994 998
f 970 969 971
f 997 998 993
f 993 998 994
f 1049 1021 1050
f 1076 1049 1050
f 1022 1050 1021
f 1103 1051 1077
f 1106 1077 1081
f 1137 1133 1109
f 1109 1133 1106
f 1025 1051 1023
f 997 970 998
f 970 971 998
f 963 964 969
f 969 964 965
f 969 965 971
f 963 987 988
f 963 988 989
f 963 989 959
f 963 959 964
f 975 976 974
f 979 982 981
f 979 981 984
f 979 984 1012
f 1012 1011 979
f 1011 1010 979
f 979 974 982
f 982 974 976
f 984 981 1006
f 1001 1007 982
f 1001 982 976
f 981 982 1007
f 1006 1012 984
f 1006 981 1007
f 1033 1007 1028
f 1028 1007 1001
f 1055 1028 1025
f 1025 1053 1055
f 1095 1096 1070
f 1016 988 1015
f 1015 988 987
f 1017 988 1016
f 1017 989 988
f 1022 993 1017
f 1017 993 989
f 993 1022 1023
f 993 1023 994
f 1053 1023 1079
f 1130 1103 1129
f 1129 1103 1102
f 1096 1124 1097
f 1097 1124 1125
f 1124 1095 1123
f 1070 1069 1095
f 1071 1097 1076
f 1076 1097 1102
f 1097 1125 1129
f 1097 1129 1102
f 1103 1077 1102
f 1102 1077 1076
f 1070 1096 1071
f 1071 1096 1097
f 1015 1069 1070
f 1015 1070 1016
f 1016 1070 1017
f 1017 1070 1071
f 1017 1071 1076
f 1017 1076 1022
f 1022 1076 1023
f 1023 1076 1077
f 1023 1077 1079
f 1079 1077 1103
f 1079 1103 1106
f 1130 1103 1106
f 1133 1106 1103
f 1133 1103 1130
f 1125 1158 1130
f 1130 1158 1159
f 1125 1154 1158
f 1125 1124 1153
f 1125 1153 1154
f 1123 1152 1153
f 1153 1124 1123
f 1162 1163 1159
f 1162 1159 1158
f 1163 1133 1130
f 1163 1130 1159
f 1172 1162 1171
f 1162 1144 1137
f 1162 1137 1163
f 1163 1137 1133
f 1172 1144 1162
f 1162 1166 1171
f 1149 1177 1176
f 1144 1171 1149
f 1149 1171 1177
f 1144 1172 1171
f 1115 1137 1144
f 1137 1115 1109
f 1149 1176 1148
f 1115 1144 1109
f 1081 1109 1115
f 1028 1055 1086
f 1063 1036 1089
f 1118 1148 1147
f 1147 1117 1118
f 1149 1148 1119
f 1119 1148 1118
f 1085 1115 1114
f 1143 1119 1114
f 1091 1119 1090
f 1090 1119 1118
f 1090 1118 1117
f 1115 1085 1086
f 1115 1086 1081
f 1117 1089 1090
f 1090 1089 1036
f 1090 1036 1037
f 1090 1037 1091
f 1091 1037 1038
f 1091 1038 1085
f 1085 1038 1032
f 1085 1032 1086
f 1086 1032 1033
f 1086 1033 1028
f 1055 1028 1001
f 1060 1055 1033
f 1033 1055 1028
f 1051 1053 1077
f 1077 1053 1079
f 981 975 974
f 980 981 974
f 980 974 979
f 975 981 1007
f 1007 1001 975
f 975 1001 976
f 1031 1032 1006
f 1031 1006 1005
f 1117 1089 1063
f 1063 1036 1117
f 1036 1035 1117
f 1117 1035 1062
f 1117 1062 1088
f 1117 1113 1147
f 1147 1113 1141
f 1083 1112 1141
f 1141 1112 1140
f 1084 1083 1141
f 1084 1141 1112
f 1141 1140 1169
f 1141 1113 1112
f 1029 1004 1003
f 1029 1030 1004
f 1004 1030 1058
f 1084 1058 1083
f 1083 1058 1057
f 1185 1186 1168
f 1168 1186 1169
f 1041 1068 1075
f 1048 1041 1075
f 1094 1100 1075
f 1094 1075 1068
f 1041 1094 1068
f 968 962 967
f 967 962 961
f 967 961 996
f 996 961 991
f 977 972 973
f 1008 983 973
f 973 983 978
f 973 978 977
f 973 974 979
f 979 1010 1009
f 979 1009 973
f 1009 1008 973
f 973 972 966
f 973 966 967
f 968 969 967
f 958 985 967
f 967 985 968
f 985 986 963
f 963 986 987
f 985 963 969
f 985 969 968
f 967 961 958
f 967 960 961
f 967 966 960
f 991 992 1019
f 1048 1047 1020
f 992 1020 1019
f 1047 1019 1020
f 996 995 990
f 996 990 991
f 961 960 996
f 996 960 966
f 996 966 995
f 991 990 961
f 961 990 960
f 1131 1161 1132
f 1132 1104 1131
f 1078 1052 1024
f 961 960 991
f 966 999 1024
f 966 1024 995
f 961 991 985
f 961 985 958
f 960 990 991
f 1182 1161 1183
f 1183 1161 1165
f 1165 1161 1164
f 1164 1161 1160
f 1151 1150 1179
f 1150 1178 1179
f 1151 1152 1122
f 1122 1152 1123
f 1160 1131 1134
f 1160 1134 1164
f 1104 1078 1107
f 1104 1107 1131
f 1131 1107 1134
f 999 1026 1024
f 1024 1026 1080
f 1024 1080 1078
f 1078 1080 1107
f 1156 1181 1150
f 1161 1182 1181
f 1161 1181 1156
f 1014 986 1013
f 1013 986 985
f 1099 1105 1132
f 1074 1047 1046
f 1046 1073 1074
f 1069 1123 1095
f 1099 1132 1127
f 1132 1161 1127
f 1127 1161 1156
f 1042 1015 1041
f 1041 1015 1014
f 1041 1014 1040
f 1040 1014 1013
f 1040 1013 1047
f 1047 1013 985
f 1095 1152 1094
f 1095 1094 1041
f 1095 1041 1042
f 1152 1151 1094
f 1185 1183 1194
f 1194 1183 1193
f 1181 1183 1179
f 1179 1183 1184
f 1181 1182 1183
f 1187 1188 1185
f 1185 1188 1186
f 1178 1181 1179
f 1061 1062 1087
f 1087 1062 1088
f 1117 1147 1089
f 1135 1108 1139
f 1139 1108 1111
f 1108 1135 1107
f 1107 1080 1108
f 1108 1080 1111
f 1111 1080 1083
f 1139 1111 1083
f 1080 1054 1083
f 1083 1054 1056
f 983 1008 1003
f 983 1003 978
f 1002 977 1003
f 1003 977 978
f 972 999 966
f 1187 1173 1188
f 1173 1174 1188
f 1174 1146 1175
f 1175 1146 1147
f 1054 1080 1026
f 1003 1002 1000
f 1002 999 1000
f 977 978 1000
f 977 1000 972
f 972 1000 999
f 978 977 1002
f 978 1002 1003
f 1029 996 1019
f 1029 1003 996
f 996 1003 1000
f 996 991 1019
f 967 1000 978
f 1000 967 996
f 967 978 973
f 1019 1027 1029
f 1390 1393 1391
f 1392 1393 1390
f 1428 1448 1447
f 1429 1430 1427
f 1427 1430 1428
f 1427 1428 1447
f 1412 1411 1410
f 1430 1429 1411
f 1411 1429 1410
f 1412 1410 1391
f 1391 1410 1390
f 1475 1492 1504
f 1475 1525 1524
f 1476 1492 1475
f 1504 1518 1475
f 1475 1518 1517
f 1517 1528 1475
f 1475 1528 1527
f 1475 1527 1526
f 1475 1526 1525
f 1475 1524 1523
f 1503 1491 1475
f 1475 1523 1516
f 1475 1515 1503
f 1475 1516 1515
f 1475 1477 1476
f 1478 1476 1477
f 1461 1462 1477
f 1477 1462 1478
f 1462 1461 1464
f 1461 1463 1464
f 1464 1463 1445
f 1464 1445 1448
f 1448 1445 1447
f 1336 1343 1342
f 1336 1337 1343
f 1303 1304 1312
f 1311 1303 1312
f 1312 1320 1319
f 1312 1319 1311
f 1321 1313 1314
f 1321 1314 1322
f 1306 1313 1305
f 1306 1314 1313
f 1339 1345 1344
f 1339 1344 1338
f 1319 1320 1322
f 1322 1320 1321
f 1322 1321 1313
f 1377 1351 1343
f 1351 1377 1352
f 1352 1377 1378
f 1378 1344 1352
f 1342 1296 1297
f 1342 1297 1343
f 1303 1311 1350
f 1350 1311 1361
f 1361 1311 1319
f 1303 1350 1304
f 1304 1350 1351
f 1357 1304 1351
f 1357 1312 1304
f 1357 1320 1312
f 1357 1312 1311
f 1357 1358 1320
f 1320 1358 1321
f 1358 1313 1314
f 1321 1358 1313
f 1358 1305 1313
f 1305 1358 1352
f 1305 1352 1306
f 1306 1352 1353
f 1362 1322 1314
f 1362 1314 1353
f 1353 1314 1306
f 1344 1298 1299
f 1344 1299 1345
f 1362 1361 1319
f 1362 1319 1322
f 1296 1336 1342
f 1377 1343 1337
f 1338 1344 1378
f 1344 1345 1353
f 1350 1342 1343
f 1344 1353 1352
f 1351 1350 1343
f 1352 1358 1357
f 1352 1357 1351
f 1345 1298 1344
f 1345 1299 1298
f 1299 1345 1339
f 1353 1306 1362
f 1362 1306 1322
f 1303 1350 1319
f 1319 1350 1361
f 1322 1306 1314
f 1322 1315 1323
f 1314 1315 1322
f 1318 1310 1319
f 1319 1310 1311
f 1319 1311 1303
f 1270 1252 1296
f 1296 1252 1247
f 1342 1350 1296
f 1296 1350 1303
f 1270 1296 1274
f 1274 1296 1303
f 1274 1303 1311
f 1274 1319 1279
f 1274 1311 1319
f 1232 1219 1215
f 1336 1296 1247
f 1336 1247 1232
f 1336 1232 1215
f 1207 1336 1215
f 1207 1208 1336
f 1336 1208 1337
f 1208 1377 1337
f 1377 1208 1378
f 1378 1208 1211
f 1338 1378 1211
f 1211 1212 1338
f 1338 1212 1339
f 1229 1339 1216
f 1216 1339 1212
f 1220 1233 1229
f 1229 1233 1339
f 1248 1299 1339
f 1248 1339 1233
f 1353 1345 1306
f 1306 1345 1299
f 1306 1299 1275
f 1314 1306 1275
f 1248 1253 1299
f 1299 1253 1271
f 1299 1271 1275
f 1275 1322 1314
f 1322 1275 1280
f 1381 1346 1354
f 1385 1359 1383
f 1307 1354 1359
f 1307 1359 1315
f 1381 1383 1346
f 1346 1383 1354
f 1315 1359 1323
f 1407 1385 1383
f 1383 1359 1354
f 1319 1322 1281
f 1322 1323 1281
f 1318 1319 1278
f 1278 1319 1281
f 1278 1281 1283
f 1283 1281 1284
f 1380 1349 1341
f 1404 1382 1406
f 1406 1382 1384
f 1310 1356 1349
f 1310 1349 1302
f 1310 1318 1356
f 1380 1341 1382
f 1382 1341 1349
f 1382 1349 1356
f 1382 1356 1384
f 1382 1404 1402
f 1382 1402 1380
f 1385 1407 1387
f 1363 1359 1387
f 1387 1359 1385
f 1323 1359 1363
f 1326 1284 1281
f 1446 1448 1428
f 1464 1448 1446
f 1426 1446 1428
f 1428 1430 1409
f 1409 1430 1411
f 1326 1281 1323
f 1326 1323 1363
f 1428 1409 1426
f 1365 1326 1363
f 1365 1363 1389
f 1389 1363 1387
f 1389 1387 1411
f 1411 1387 1409
f 1409 1387 1407
f 1409 1407 1426
f 1393 1369 1367
f 1393 1367 1391
f 1391 1389 1412
f 1412 1389 1411
f 1367 1328 1365
f 1367 1365 1389
f 1367 1389 1391
f 1365 1328 1326
f 1390 1366 1368
f 1390 1368 1392
f 1360 1356 1318
f 1356 1360 1386
f 1356 1386 1384
f 1384 1386 1406
f 1447 1445 1427
f 1427 1445 1425
f 1410 1388 1390
f 1366 1390 1364
f 1364 1390 1388
f 1278 1283 1325
f 1425 1406 1408
f 1325 1364 1360
f 1360 1364 1388
f 1360 1388 1386
f 1386 1388 1410
f 1386 1410 1408
f 1427 1425 1408
f 1360 1318 1325
f 1325 1318 1278
f 1408 1406 1386
f 1327 1366 1364
f 1327 1364 1325
f 1408 1410 1429
f 1408 1429 1427
f 1326 1366 1284
f 1284 1327 1325
f 1284 1325 1283
f 1366 1327 1284
f 1326 1328 1366
f 1366 1328 1367
f 1367 1369 1366
f 1366 1369 1393
f 1392 1368 1393
f 1393 1368 1366
f 1308 1307 1316
f 1316 1307 1315
f 1316 1315 1314
f 1355 1307 1308
f 1347 1381 1354
f 1347 1354 1355
f 1355 1354 1307
f 1301 1302 1348
f 1348 1302 1349
f 1348 1349 1341
f 1311 1310 1309
f 1302 1301 1310
f 1310 1301 1309
f 1317 1319 1309
f 1309 1319 1311
f 1319 1317 1279
f 1279 1317 1277
f 1273 1274 1279
f 1273 1279 1277
f 1247 1246 1232
f 1232 1246 1231
f 1232 1231 1218
f 1232 1218 1219
f 1246 1247 1245
f 1252 1251 1247
f 1247 1251 1245
f 1270 1269 1252
f 1252 1269 1251
f 1274 1269 1270
f 1274 1273 1269
f 1216 1212 1213
f 1216 1213 1217
f 1208 1209 1211
f 1211 1209 1210
f 1220 1217 1221
f 1219 1218 1214
f 1215 1214 1206
f 1215 1206 1207
f 1217 1220 1229
f 1217 1229 1216
f 1219 1214 1215
f 1254 1253 1248
f 1254 1248 1250
f 1254 1272 1253
f 1253 1272 1271
f 1276 1275 1272
f 1272 1275 1271
f 1250 1248 1249
f 1233 1234 1248
f 1248 1234 1249
f 1234 1233 1220
f 1234 1220 1221
f 1282 1280 1276
f 1276 1280 1275
f 1280 1282 1322
f 1322 1282 1324
f 1316 1314 1322
f 1316 1322 1324
f 1405 1407 1383
f 1444 1462 1464
f 1444 1464 1446
f 1444 1446 1424
f 1422 1424 1405
f 1422 1405 1403
f 1426 1407 1405
f 1403 1405 1383
f 1403 1383 1381
f 1444 1424 1442
f 1442 1424 1422
f 1446 1426 1424
f 1424 1426 1405
f 1460 1476 1478
f 1422 1442 1403
f 1462 1444 1442
f 1478 1462 1460
f 1460 1462 1442
f 1518 1504 1502
f 1466 1450 1449
f 1402 1421 1419
f 1272 1308 1316
f 1272 1316 1276
f 1276 1316 1324
f 1324 1282 1276
f 1346 1381 1347
f 1379 1381 1340
f 1340 1381 1346
f 1422 1403 1379
f 1379 1403 1381
f 1517 1514 1528
f 1522 1526 1527
f 1519 1524 1525
f 1515 1516 1509
f 1380 1402 1376
f 1341 1380 1335
f 1277 1317 1273
f 1317 1309 1273
f 1273 1309 1269
f 1269 1309 1301
f 1245 1251 1269
f 1231 1214 1218
f 1224 1210 1209
f 1208 1223 1209
f 1287 1257 1286
f 1286 1257 1256
f 1223 1222 1235
f 1242 1235 1241
f 1242 1241 1261
f 1237 1224 1236
f 1256 1236 1255
f 1255 1262 1292
f 1292 1262 1291
f 1208 1207 1223
f 1223 1207 1222
f 1228 1206 1214
f 1222 1207 1206
f 1241 1222 1228
f 1228 1222 1206
f 1246 1228 1231
f 1231 1228 1214
f 1261 1266 1295
f 1295 1266 1265
f 1262 1261 1255
f 1262 1255 1235
f 1235 1236 1223
f 1285 1329 1286
f 1286 1329 1330
f 1286 1330 1287
f 1287 1330 1331
f 1336 1329 1292
f 1292 1329 1285
f 1285 1286 1256
f 1256 1257 1237
f 1335 1336 1291
f 1291 1336 1292
f 1291 1292 1285
f 1255 1285 1256
f 1237 1236 1256
f 1285 1255 1292
f 1376 1400 1370
f 1370 1400 1394
f 1370 1394 1371
f 1371 1394 1395
f 1371 1330 1370
f 1370 1330 1329
f 1370 1329 1336
f 1370 1336 1376
f 1376 1336 1335
f 1224 1209 1223
f 1235 1242 1262
f 1262 1242 1261
f 1235 1222 1241
f 1246 1265 1266
f 1335 1380 1376
f 1348 1341 1295
f 1348 1295 1301
f 1301 1295 1265
f 1301 1265 1269
f 1269 1265 1246
f 1269 1246 1245
f 1376 1402 1419
f 1400 1419 1413
f 1400 1413 1394
f 1394 1413 1395
f 1395 1413 1414
f 1467 1468 1451
f 1482 1468 1467
f 1467 1451 1450
f 1466 1480 1481
f 1481 1482 1467
f 1466 1467 1450
f 1433 1414 1432
f 1432 1414 1413
f 1400 1376 1419
f 1419 1439 1431
f 1419 1431 1413
f 1413 1431 1432
f 1467 1466 1481
f 1480 1493 1494
f 1487 1480 1479
f 1487 1488 1480
f 1480 1488 1493
f 1488 1487 1500
f 1488 1500 1493
f 1510 1519 1520
f 1510 1509 1519
f 1520 1519 1525
f 1457 1439 1459
f 1459 1439 1441
f 1451 1433 1450
f 1450 1433 1432
f 1450 1432 1449
f 1449 1432 1431
f 1449 1431 1457
f 1457 1431 1439
f 1457 1439 1419
f 1439 1419 1441
f 1441 1419 1421
f 1459 1475 1457
f 1457 1475 1473
f 1457 1473 1465
f 1457 1465 1449
f 1449 1465 1466
f 1491 1499 1487
f 1499 1509 1500
f 1503 1515 1499
f 1499 1515 1509
f 1491 1503 1499
f 1509 1516 1523
f 1509 1523 1524
f 1509 1524 1519
f 1490 1474 1486
f 1490 1486 1485
f 1485 1498 1489
f 1489 1498 1501
f 1489 1501 1490
f 1490 1501 1502
f 1490 1502 1504
f 1490 1485 1489
f 1484 1497 1498
f 1452 1468 1469
f 1470 1469 1483
f 1470 1483 1484
f 1484 1483 1497
f 1482 1481 1495
f 1482 1495 1496
f 1497 1508 1514
f 1514 1508 1513
f 1497 1496 1508
f 1481 1494 1495
f 1496 1507 1508
f 1514 1513 1527
f 1514 1527 1528
f 1496 1495 1507
f 1513 1522 1527
f 1507 1512 1513
f 1513 1512 1522
f 1495 1494 1506
f 1507 1506 1512
f 1512 1521 1522
f 1494 1505 1506
f 1506 1511 1512
f 1512 1511 1521
f 1493 1509 1505
f 1506 1505 1511
f 1526 1521 1520
f 1509 1493 1500
f 1525 1526 1520
f 1509 1510 1505
f 1505 1510 1511
f 1511 1510 1520
f 1487 1499 1500
f 1494 1493 1505
f 1511 1520 1521
f 1522 1521 1526
f 1475 1491 1473
f 1473 1491 1487
f 1473 1487 1465
f 1465 1487 1479
f 1465 1479 1466
f 1466 1479 1480
f 1481 1480 1494
f 1495 1506 1507
f 1508 1507 1513
f 1517 1518 1514
f 1514 1518 1502
f 1514 1502 1501
f 1514 1501 1498
f 1514 1498 1497
f 1496 1497 1483
f 1496 1483 1482
f 1482 1483 1469
f 1482 1469 1468
f 1468 1452 1451
f 1451 1452 1434
f 1451 1434 1433
f 1433 1434 1415
f 1433 1415 1414
f 1414 1415 1396
f 1414 1396 1395
f 1395 1396 1372
f 1395 1372 1371
f 1371 1372 1331
f 1371 1331 1330
f 1300 1308 1272
f 1254 1250 1272
f 1272 1250 1268
f 1272 1268 1300
f 1234 1221 1230
f 1230 1221 1217
f 1249 1234 1230
f 1217 1213 1227
f 1267 1244 1264
f 1250 1249 1268
f 1268 1249 1267
f 1268 1267 1300
f 1300 1267 1264
f 1340 1300 1294
f 1294 1300 1264
f 1300 1346 1355
f 1300 1355 1308
f 1347 1355 1346
f 1504 1492 1490
f 1490 1492 1476
f 1490 1476 1474
f 1474 1476 1460
f 1474 1460 1458
f 1458 1460 1442
f 1458 1442 1440
f 1440 1442 1422
f 1440 1422 1420
f 1420 1422 1379
f 1213 1212 1227
f 1267 1249 1244
f 1244 1240 1243
f 1227 1212 1226
f 1212 1211 1226
f 1226 1239 1240
f 1226 1240 1227
f 1240 1260 1243
f 1264 1244 1243
f 1264 1243 1263
f 1263 1243 1260
f 1263 1260 1293
f 1293 1260 1290
f 1293 1290 1294
f 1259 1260 1239
f 1227 1240 1244
f 1227 1244 1230
f 1230 1244 1249
f 1346 1300 1340
f 1474 1458 1472
f 1474 1472 1486
f 1486 1472 1485
f 1226 1211 1210
f 1230 1217 1227
f 1210 1224 1225
f 1210 1225 1226
f 1261 1291 1262
f 1235 1255 1236
f 1223 1236 1224
f 1259 1238 1258
f 1259 1258 1289
f 1289 1258 1288
f 1238 1259 1239
f 1238 1239 1225
f 1293 1294 1264
f 1293 1264 1263
f 1290 1334 1339
f 1294 1293 1340
f 1420 1438 1440
f 1440 1438 1456
f 1340 1339 1375
f 1340 1375 1379
f 1379 1375 1399
f 1379 1399 1401
f 1401 1399 1418
f 1293 1290 1339
f 1293 1339 1340
f 1401 1418 1420
f 1420 1418 1437
f 1420 1437 1438
f 1438 1437 1455
f 1438 1455 1456
f 1289 1288 1333
f 1334 1333 1374
f 1334 1374 1375
f 1375 1374 1398
f 1375 1398 1399
f 1399 1398 1417
f 1399 1417 1418
f 1418 1417 1436
f 1418 1436 1437
f 1437 1436 1454
f 1437 1454 1455
f 1455 1454 1471
f 1484 1485 1471
f 1484 1471 1470
f 1470 1454 1453
f 1453 1454 1436
f 1453 1436 1435
f 1435 1436 1417
f 1435 1417 1416
f 1416 1417 1398
f 1416 1398 1397
f 1397 1398 1374
f 1397 1374 1373
f 1373 1374 1333
f 1373 1333 1332
f 1288 1332 1333
f 1454 1470 1471
f 1458 1440 1456
f 1458 1456 1471
f 1471 1456 1455
f 1375 1339 1334
f 1333 1334 1289
f 1289 1334 1290
f 1289 1290 1259
f 1259 1290 1260
f 1331 1332 1287
f 1287 1332 1288
f 1287 1288 1257
f 1257 1288 1258
f 1257 1258 1237
f 1237 1258 1238
f 1237 1238 1224
f 1224 1238 1225
f 1226 1225 1239
f 1240 1239 1260
f 1379 1401 1420
f 1472 1458 1471
f 1472 1471 1485
f 1498 1485 1484
f 1469 1470 1453
f 1469 1453 1452
f 1452 1453 1435
f 1452 1435 1434
f 1434 1435 1416
f 1434 1416 1415
f 1415 1416 1397
f 1415 1397 1396
f 1396 1397 1373
f 1396 1373 1372
f 1372 1373 1332
f 1372 1332 1331
f 1341 1335 1291
f 1341 1291 1295
f 1295 1291 1261
f 1266 1261 1241
f 1266 1241 1246
f 1246 1241 1228
f 1421 1402 1380
f 1406 1425 1423
f 1425 1443 1423
f 1423 1443 1441
f 1423 1441 1421
f 1475 1459 1477
f 1477 1459 1461
f 1425 1445 1443
f 1421 1402 1404
f 1421 1404 1423
f 1423 1404 1406
f 1445 1463 1443
f 1443 1463 1461
f 1443 1461 1459
f 1443 1459 1441
f 1688 1662 1553
f 1662 1574 1553
f 1684 1549 1550
f 1684 1550 1685
f 1552 1684 1687
f 1547 1682 1550
f 1550 1682 1685
f 1684 1552 1549
f 1687 1551 1552
f 1687 1686 1551
f 1551 1686 1688
f 1688 1553 1551
f 1614 1675 1597
f 1597 1675 1540
f 1675 1614 1670
f 1629 1652 1614
f 1614 1652 1670
f 1597 1535 1564
f 1597 1564 1579
f 1540 1535 1597
f 1629 1648 1652
f 1560 1579 1564
f 1629 1644 1648
f 1560 1556 1579
f 1679 1544 1539
f 1679 1539 1674
f 1540 1675 1539
f 1539 1675 1674
f 1543 1678 1547
f 1547 1678 1682
f 1678 1543 1544
f 1678 1544 1679
f 1569 1546 1545
f 1577 1580 1576
f 1543 1547 1542
f 1624 1625 1641
f 1607 1591 1608
f 1607 1608 1625
f 1607 1625 1624
f 1553 1574 1575
f 1579 1578 1555
f 1596 1597 1579
f 1610 1593 1592
f 1592 1593 1596
f 1596 1593 1597
f 1610 1609 1613
f 1610 1613 1614
f 1613 1629 1614
f 1643 1629 1628
f 1529 1533 1558
f 1533 1563 1558
f 1559 1530 1534
f 1544 1543 1539
f 1539 1543 1538
f 1534 1533 1530
f 1530 1533 1529
f 1530 1529 1559
f 1529 1558 1559
f 1543 1542 1538
f 1538 1542 1537
f 1538 1537 1533
f 1533 1537 1532
f 1537 1566 1562
f 1557 1580 1581
f 1566 1565 1562
f 1557 1562 1580
f 1581 1580 1577
f 1558 1562 1557
f 1554 1558 1577
f 1565 1561 1562
f 1561 1582 1583
f 1562 1561 1583
f 1562 1583 1580
f 1594 1595 1576
f 1576 1595 1577
f 1576 1580 1594
f 1594 1580 1599
f 1532 1537 1562
f 1558 1557 1581
f 1539 1538 1534
f 1534 1538 1533
f 1555 1559 1558
f 1555 1558 1554
f 1533 1532 1562
f 1533 1562 1563
f 1563 1562 1558
f 1577 1578 1554
f 1555 1554 1578
f 1558 1581 1577
f 1578 1596 1579
f 1616 1598 1615
f 1615 1598 1600
f 1615 1600 1617
f 1616 1615 1617
f 1630 1633 1650
f 1650 1633 1632
f 1650 1632 1649
f 1630 1616 1617
f 1630 1617 1632
f 1627 1611 1626
f 1626 1611 1616
f 1626 1616 1630
f 1600 1598 1599
f 1599 1616 1611
f 1645 1630 1650
f 1631 1627 1630
f 1631 1630 1645
f 1633 1630 1632
f 1627 1626 1630
f 1646 1664 1668
f 1673 1668 1672
f 1647 1646 1664
f 1673 1672 1677
f 1674 1673 1678
f 1674 1678 1679
f 1580 1582 1599
f 1595 1594 1612
f 1582 1600 1599
f 1594 1599 1611
f 1594 1611 1612
f 1654 1672 1650
f 1650 1672 1667
f 1650 1646 1645
f 1642 1627 1646
f 1650 1649 1653
f 1628 1627 1642
f 1643 1628 1642
f 1650 1653 1654
f 1583 1582 1580
f 1595 1612 1613
f 1613 1596 1595
f 1595 1596 1578
f 1595 1578 1577
f 1596 1613 1592
f 1592 1613 1609
f 1592 1609 1610
f 1613 1628 1629
f 1645 1646 1631
f 1631 1646 1627
f 1647 1664 1665
f 1665 1664 1668
f 1673 1677 1678
f 1665 1668 1669
f 1673 1674 1669
f 1669 1668 1673
f 1650 1651 1646
f 1667 1668 1650
f 1650 1668 1651
f 1642 1646 1643
f 1651 1668 1646
f 1646 1647 1643
f 1672 1668 1667
f 1599 1598 1616
f 1612 1611 1627
f 1612 1627 1628
f 1612 1628 1613
f 1659 1683 1680
f 1662 1663 1661
f 1680 1657 1659
f 1684 1681 1683
f 1686 1661 1663
f 1681 1657 1680
f 1681 1680 1683
f 1683 1659 1686
f 1686 1659 1661
f 1663 1688 1686
f 1686 1687 1684
f 1683 1686 1684
f 1684 1685 1681
f 1688 1663 1662
f 1552 1551 1549
f 1549 1551 1548
f 1624 1623 1607
f 1607 1623 1606
f 1574 1572 1573
f 1574 1573 1575
f 1575 1573 1553
f 1553 1573 1551
f 1662 1660 1641
f 1641 1660 1640
f 1641 1640 1624
f 1591 1607 1590
f 1591 1590 1574
f 1574 1590 1572
f 1573 1571 1551
f 1571 1569 1548
f 1545 1548 1569
f 1571 1548 1551
f 1661 1659 1658
f 1658 1659 1638
f 1638 1659 1639
f 1588 1589 1570
f 1570 1589 1571
f 1570 1571 1573
f 1659 1657 1639
f 1639 1657 1637
f 1621 1622 1604
f 1604 1622 1605
f 1589 1587 1571
f 1571 1587 1569
f 1587 1589 1588
f 1587 1588 1605
f 1605 1588 1606
f 1605 1606 1604
f 1604 1606 1621
f 1621 1606 1623
f 1621 1623 1622
f 1622 1623 1637
f 1637 1623 1638
f 1637 1638 1639
f 1660 1661 1658
f 1660 1658 1640
f 1640 1658 1638
f 1640 1638 1624
f 1624 1638 1623
f 1607 1606 1590
f 1590 1606 1588
f 1590 1588 1572
f 1572 1588 1570
f 1572 1570 1573
f 1548 1545 1546
f 1548 1546 1549
f 1657 1655 1637
f 1637 1655 1636
f 1637 1636 1620
f 1587 1603 1586
f 1587 1586 1569
f 1569 1586 1567
f 1685 1682 1681
f 1681 1676 1657
f 1657 1676 1656
f 1657 1656 1655
f 1636 1634 1620
f 1620 1634 1618
f 1620 1618 1603
f 1603 1618 1601
f 1603 1601 1586
f 1586 1601 1584
f 1567 1568 1569
f 1569 1568 1546
f 1546 1568 1541
f 1549 1546 1547
f 1549 1547 1550
f 1682 1677 1681
f 1681 1677 1676
f 1653 1635 1634
f 1634 1635 1618
f 1618 1635 1619
f 1618 1619 1601
f 1601 1619 1602
f 1601 1602 1584
f 1584 1602 1585
f 1584 1585 1565
f 1565 1585 1568
f 1546 1541 1547
f 1547 1541 1542
f 1682 1678 1677
f 1677 1672 1676
f 1676 1672 1671
f 1635 1653 1632
f 1585 1582 1565
f 1541 1536 1537
f 1541 1537 1542
f 1676 1671 1656
f 1656 1671 1653
f 1635 1632 1619
f 1619 1632 1617
f 1619 1617 1602
f 1602 1617 1600
f 1602 1600 1585
f 1585 1600 1582
f 1568 1565 1541
f 1541 1565 1536
f 1655 1656 1653
f 1655 1653 1636
f 1636 1653 1634
f 1586 1584 1567
f 1567 1584 1565
f 1567 1565 1568
f 1603 1587 1605
f 1603 1605 1620
f 1620 1605 1622
f 1620 1622 1637
f 1661 1660 1662
f 1671 1672 1654
f 1671 1654 1653
f 1653 1649 1632
f 1565 1582 1561
f 1536 1565 1566
f 1536 1566 1537
f 1643 1647 1648
f 1670 1669 1675
f 1675 1669 1674
f 1670 1648 1666
f 1666 1648 1647
f 1648 1644 1643
f 1644 1629 1628
f 1644 1628 1643
f 1670 1666 1647
f 1670 1647 1669
f 1669 1647 1665
f 1540 1539 1535
f 1535 1539 1534
f 1560 1535 1531
f 1597 1593 1614
f 1556 1555 1578
f 1556 1578 1579
f 1560 1559 1556
f 1556 1559 1555
f 1559 1560 1530
f 1530 1560 1531
f 1530 1531 1535
f 1530 1535 1534
f 1593 1610 1614
f 1560 1564 1535
f 1652 1648 1670
f 1574 1662 1641
f 1608 1591 1625
f 1625 1591 1574
f 1641 1625 1574
