v -0.1489089 0.3075501 0.2457557
v -0.1493548 0.3091179 0.2414328
v -0.1497477 0.3111304 0.2356201
v -0.1499688 0.3128216 0.2300520
v -0.1499919 0.3142282 0.2253600
v -0.1500880 0.3135032 0.2207298
v -0.1489619 0.3011833 0.2539482
v -0.1496727 0.3041456 0.2465781
v -0.1501327 0.3054870 0.2413310
v -0.1506218 0.3054859 0.2349747
v -0.1505880 0.3075238 0.2291312
v -0.1505910 0.3072896 0.2245414
v -0.1503331 0.3079897 0.2185542
v -0.1487460 0.2966371 0.2602840
v -0.1491556 0.2981841 0.2565522
v -0.1499820 0.2978478 0.2528411
v -0.1504846 0.2995783 0.2471097
v -0.1509451 0.2995916 0.2418643
v -0.1511170 0.3003641 0.2338676
v -0.1510105 0.3019203 0.2289758
v -0.1509647 0.3010399 0.2237966
v -0.1506136 0.3023798 0.2178838
v -0.1505692 0.3010521 0.2116876
v -0.1478962 0.2894127 0.2797447
v -0.1484880 0.2907099 0.2697447
v -0.1487195 0.2923761 0.2661614
v -0.1496225 0.2925548 0.2608050
v -0.1503798 0.2924357 0.2558986
v -0.1507489 0.2933919 0.2515856
v -0.1511786 0.2928717 0.2455738
v -0.1513375 0.2938935 0.2411895
v -0.1514398 0.2949715 0.2342411
v -0.1514267 0.2955425 0.2277102
v -0.1513027 0.2969797 0.2233179
v -0.1512985 0.2971010 0.2180316
v -0.1512830 0.2973984 0.2112781
v -0.1510944 0.2979827 0.2073290
v -0.1508728 0.2975196 0.2022548
v -0.1487773 0.2846362 0.2792034
v -0.1493759 0.2858258 0.2691907
v -0.1498051 0.2867746 0.2655317
v -0.1504145 0.2870075 0.2596661
v -0.1506917 0.2891136 0.2555037
v -0.1510251 0.2880612 0.2509449
v -0.1512618 0.2883938 0.2455313
v -0.1514855 0.2871224 0.2364964
v -0.1515318 0.2899065 0.2337111
v -0.1515996 0.2917896 0.2277830
v -0.1517871 0.2904348 0.2226735
v -0.1518307 0.2912485 0.2177987
v -0.1517476 0.2919760 0.2113940
v -0.1514295 0.2933550 0.2062800
v -0.1509987 0.2941836 0.2018531
v -0.1482004 0.2779595 0.2783626
v -0.1489512 0.2795524 0.2684061
v -0.1501435 0.2823392 0.2650084
v -0.1505994 0.2822248 0.2590868
v -0.1510085 0.2827317 0.2502911
v -0.1512072 0.2835244 0.2444352
v -0.1514265 0.2835717 0.2378176
v -0.1516098 0.2852743 0.2333335
v -0.1517676 0.2864560 0.2284851
v -0.1518814 0.2875502 0.2203479
v -0.1517604 0.2850158 0.2180584
v -0.1513857 0.2871958 0.2115467
v -0.1510068 0.2894073 0.2057789
v -0.1481989 0.2736671 0.2778393
v -0.1490532 0.2747737 0.2678283
v -0.1501502 0.2745322 0.2640609
v -0.1504957 0.2756894 0.2582760
v -0.1506175 0.2756228 0.2538383
v -0.1507139 0.2758225 0.2494286
v -0.1509196 0.2764522 0.2435593
v -0.1513348 0.2778617 0.2370086
v -0.1516835 0.2802393 0.2327251
v -0.1518472 0.2790952 0.2263432
v -0.1517197 0.2789235 0.2197908
v -0.1516184 0.2809782 0.2176055
v -0.1507423 0.2826370 0.2094527
v -0.1490535 0.2688624 0.2772933
v -0.1495599 0.2694271 0.2672001
v -0.1498115 0.2687785 0.2638498
v -0.1502203 0.2702071 0.2580760
v -0.1502482 0.2689464 0.2529906
v -0.1503219 0.2691460 0.2485860
v -0.1505040 0.2698284 0.2427319
v -0.1511586 0.2739025 0.2358108
v -0.1512803 0.2728873 0.2316772
v -0.1514257 0.2723050 0.2257586
v -0.1516153 0.2750229 0.2207156
v -0.1513363 0.2746773 0.2155508
v -0.1508962 0.2758943 0.2106467
v -0.1482428 0.2629151 0.2765306
v -0.1486636 0.2633512 0.2664177
v -0.1493343 0.2644337 0.2622989
v -0.1495763 0.2642076 0.2568048
v -0.1496686 0.2640105 0.2523470
v -0.1499986 0.2658479 0.2481626
v -0.1501309 0.2663265 0.2437814
v -0.1501135 0.2641429 0.2375183
v -0.1506721 0.2657505 0.2301473
v -0.1509353 0.2666715 0.2241707
v -0.1510871 0.2685359 0.2198386
v -0.1509770 0.2693566 0.2150850
v -0.1505954 0.2713496 0.2080685
v -0.1476545 0.2595361 0.2659056
v -0.1484704 0.2605477 0.2622899
v -0.1486446 0.2594909 0.2561736
v -0.1487729 0.2591641 0.2517003
v -0.1492473 0.2609107 0.2475164
v -0.1493650 0.2597934 0.2399590
v -0.1496856 0.2604797 0.2366912
v -0.1502726 0.2616584 0.2298745
v -0.1504944 0.2621884 0.2242834
v -0.1503519 0.2622553 0.2194735
v -0.1502758 0.2641893 0.2151526
v -0.1502218 0.2662412 0.2104385
v -0.1489032 0.2575176 0.2407813
v -0.1446434 0.3206589 0.2357808
v -0.1459099 0.3216095 0.2304911
v -0.1459568 0.3227231 0.2262079
v -0.1464191 0.3232174 0.2206095
v -0.1465726 0.3237161 0.2150751
v -0.1464828 0.3243095 0.2098214
v -0.1464036 0.3247147 0.2040092
v -0.1460427 0.3249125 0.1982033
v -0.1450542 0.3132158 0.2477695
v -0.1458863 0.3160489 0.2418972
v -0.1471839 0.3175850 0.2361166
v -0.1484817 0.3181278 0.2301558
v -0.1486026 0.3192115 0.2259030
v -0.1486982 0.3198575 0.2209005
v -0.1486546 0.3205003 0.2150325
v -0.1484829 0.3211137 0.2095252
v -0.1479903 0.3215025 0.2035557
v -0.1470375 0.3223577 0.1976408
v -0.1463076 0.3217339 0.1924642
v -0.1429055 0.3067227 0.2602778
v -0.1446391 0.3086460 0.2546675
v -0.1470345 0.3102421 0.2477138
v -0.1482673 0.3118724 0.2420200
v -0.1487276 0.3139709 0.2374395
v -0.1499178 0.3151852 0.2194140
v -0.1497372 0.3152334 0.2133758
v -0.1492971 0.3149155 0.2088071
v -0.1484987 0.3156076 0.2028634
v -0.1475198 0.3165744 0.1969648
v -0.1464915 0.3165076 0.1914475
v -0.1424664 0.2990794 0.2806702
v -0.1432253 0.3002460 0.2706621
v -0.1436063 0.3019651 0.2665969
v -0.1454370 0.3029685 0.2610371
v -0.1472020 0.3029822 0.2570553
v -0.1476910 0.3041034 0.2542493
v -0.1485549 0.3064381 0.2486082
v -0.1498077 0.3096232 0.2126939
v -0.1493070 0.3088529 0.2080684
v -0.1484599 0.3105068 0.2022398
v -0.1474902 0.3114895 0.1963434
v -0.1464148 0.3119318 0.1903891
v -0.1451309 0.2955808 0.2803678
v -0.1459900 0.2964588 0.2703292
v -0.1465709 0.2975583 0.2666899
v -0.1474868 0.2991564 0.2615215
v -0.1500237 0.3047224 0.2121074
v -0.1498649 0.3036537 0.2074611
v -0.1490708 0.3050830 0.2016024
v -0.1481260 0.3060257 0.1956951
v -0.1470533 0.3065744 0.1897475
v -0.1438754 0.2908627 0.2797341
v -0.1443419 0.2920836 0.2697191
v -0.1505654 0.3001785 0.2055683
v -0.1502441 0.2995572 0.2002256
v -0.1492513 0.2999710 0.1934916
v -0.1480275 0.3005708 0.1875354
v -0.1465199 0.3018142 0.1816662
v -0.1436895 0.2850282 0.2790142
v -0.1441560 0.2862491 0.2689991
v -0.1505933 0.2946784 0.1988930
v -0.1495688 0.2955553 0.1929597
v -0.1483048 0.2963042 0.1870164
v -0.1467011 0.2957772 0.1809240
v -0.1462126 0.2774849 0.2782122
v -0.1466791 0.2787058 0.2681971
v -0.1503512 0.2870201 0.2039542
v -0.1497350 0.2892794 0.1981980
v -0.1484437 0.2889659 0.1921127
v -0.1472763 0.2900247 0.1862152
v -0.1463258 0.2750864 0.2779250
v -0.1467923 0.2763073 0.2679099
v -0.1499758 0.2814761 0.2044630
v -0.1490042 0.2822012 0.1985032
v -0.1479697 0.2824041 0.1927900
v -0.1465840 0.2839560 0.1854481
v -0.1460788 0.2824895 0.1825905
v -0.1439107 0.2677368 0.2769166
v -0.1443772 0.2689577 0.2669015
v -0.1500232 0.2773660 0.2042647
v -0.1490808 0.2779064 0.1982826
v -0.1480552 0.2788340 0.1923574
v -0.1466665 0.2804079 0.1850171
v -0.1462066 0.2803973 0.1824756
v -0.1427646 0.2614479 0.2760966
v -0.1432310 0.2626688 0.2660815
v -0.1500538 0.2712220 0.2035168
v -0.1492089 0.2714675 0.1975053
v -0.1482398 0.2722207 0.1915638
v -0.1468777 0.2737052 0.1842159
v -0.1462891 0.2725413 0.1814879
v -0.1464894 0.2571931 0.2757514
v -0.1466937 0.2576154 0.2656267
v -0.1470652 0.2568126 0.2620744
v -0.1476997 0.2567289 0.2572735
v -0.1498384 0.2630319 0.2131123
v -0.1496033 0.2649484 0.2075472
v -0.1492923 0.2661112 0.2025354
v -0.1484789 0.2662825 0.1968385
v -0.1475673 0.2669269 0.1911777
v -0.1464232 0.2676901 0.1852258
v -0.1460845 0.2707717 0.1810679
v -0.1436311 0.2527530 0.2750769
v -0.1440021 0.2536744 0.2650209
v -0.1447565 0.2529267 0.2611870
v -0.1465659 0.2537854 0.2553761
v -0.1470371 0.2535736 0.2509321
v -0.1477194 0.2543825 0.2466424
v -0.1481415 0.2544102 0.2413891
v -0.1430621 0.2503075 0.2592781
v -0.1441836 0.2497768 0.2544890
v -0.1442807 0.2485168 0.2502003
v -0.1456043 0.2491567 0.2459121
v -0.1465749 0.2494850 0.2407162
v -0.1434994 0.2459252 0.2454298
v -0.1443110 0.2452797 0.2400995
v -0.1397471 0.3202257 0.2420332
v -0.1410818 0.3220928 0.2363329
v -0.1416654 0.3236902 0.2306852
v -0.1424713 0.3245269 0.2262655
v -0.1426390 0.3251596 0.2215883
v -0.1430783 0.3256688 0.2150919
v -0.1435815 0.3259711 0.2097010
v -0.1434824 0.3264336 0.2039485
v -0.1437631 0.3265799 0.1972602
v -0.1431270 0.3266387 0.1921414
v -0.1426691 0.3269646 0.1875769
v -0.1419774 0.3270978 0.1836015
v -0.1395410 0.3137865 0.2535704
v -0.1410016 0.3163082 0.2481726
v -0.1426167 0.3185471 0.2427706
v -0.1423691 0.3234293 0.1922006
v -0.1435687 0.3238510 0.1859786
v -0.1430299 0.3255309 0.1843937
v -0.1372238 0.3050828 0.2709722
v -0.1386009 0.3059054 0.2673310
v -0.1395445 0.3084252 0.2618055
v -0.1418872 0.3113764 0.2548755
v -0.1449468 0.3176670 0.1841079
v -0.1390701 0.3020325 0.2808720
v -0.1396769 0.3033489 0.2708751
v -0.1417045 0.3029048 0.2685792
v -0.1409461 0.3105996 0.1916270
v -0.1432998 0.3122067 0.1842920
v -0.1438798 0.3106968 0.1822328
v -0.1388453 0.2955046 0.2800657
v -0.1393118 0.2967255 0.2700506
v -0.1411833 0.3069779 0.1908890
v -0.1412802 0.3064295 0.1859903
v -0.1436242 0.3073152 0.1781879
v -0.1412427 0.3030979 0.1892541
v -0.1411977 0.3032686 0.1863884
v -0.1435496 0.3031491 0.1797130
v -0.1461555 0.2967917 0.1785273
v -0.1412912 0.2898844 0.1878169
v -0.1416349 0.2906554 0.1811363
v -0.1435712 0.2900809 0.1761079
v -0.1410557 0.2839991 0.1927917
v -0.1410270 0.2832760 0.1890548
v -0.1438561 0.2840886 0.1819200
v -0.1439131 0.2875504 0.1767313
v -0.1415141 0.2816017 0.1824038
v -0.1406427 0.2703219 0.1899597
v -0.1410640 0.2704319 0.1877550
v -0.1415030 0.2716348 0.1811371
v -0.1401933 0.2565339 0.2753777
v -0.1406598 0.2577548 0.2653627
v -0.1408463 0.2653096 0.1945375
v -0.1406927 0.2672541 0.1906878
v -0.1410436 0.2679038 0.1878676
v -0.1442455 0.2696784 0.1800010
v -0.1433947 0.2681821 0.1769801
v -0.1390406 0.2509162 0.2746392
v -0.1400789 0.2516212 0.2645878
v -0.1418028 0.2504732 0.2622516
v -0.1369465 0.2479190 0.2741763
v -0.1378982 0.2492182 0.2641934
v -0.1398261 0.2485855 0.2602051
v -0.1414928 0.2472207 0.2540697
v -0.1381539 0.2448944 0.2524656
v -0.1398674 0.2446795 0.2495564
v -0.1407538 0.2435994 0.2448658
v -0.1420151 0.2428659 0.2399818
v -0.1394190 0.2411068 0.2390830
v -0.1348155 0.3191324 0.2472620
v -0.1348417 0.3214268 0.2422546
v -0.1351474 0.3234539 0.2364401
v -0.1352476 0.3249373 0.2308426
v -0.1371071 0.3256623 0.2261542
v -0.1369415 0.3263097 0.2216798
v -0.1365183 0.3270817 0.2142053
v -0.1382478 0.3272280 0.2092933
v -0.1371673 0.3279642 0.2023450
v -0.1367828 0.3285813 0.1964340
v -0.1381564 0.3283526 0.1906220
v -0.1389586 0.3277071 0.1870183
v -0.1385575 0.3290267 0.1821365
v -0.1344456 0.3116974 0.2604930
v -0.1351283 0.3157488 0.2533052
v -0.1365694 0.3176025 0.2494128
v -0.1400000 0.3231451 0.1924221
v -0.1394515 0.3244779 0.1863014
v -0.1393373 0.3252017 0.1799026
v -0.1387655 0.3252695 0.1784744
v -0.1338826 0.3048738 0.2809767
v -0.1341168 0.3063563 0.2709827
v -0.1333305 0.3082914 0.2673763
v -0.1351849 0.3103403 0.2623272
v -0.1336018 0.2995794 0.2803182
v -0.1340683 0.3008003 0.2703031
v -0.1402266 0.3105077 0.1925945
v -0.1394857 0.3109892 0.1845944
v -0.1394851 0.3117958 0.1779814
v -0.1387475 0.3119350 0.1768480
v -0.1404630 0.3067779 0.1829069
v -0.1397855 0.3067029 0.1804245
v -0.1402432 0.3067889 0.1737331
v -0.1404742 0.3038696 0.1804383
v -0.1401838 0.3047246 0.1735204
v -0.1404724 0.2913137 0.1788629
v -0.1401855 0.2920782 0.1719649
v -0.1396844 0.2835685 0.1916335
v -0.1390534 0.2840548 0.1880746
v -0.1383280 0.2843237 0.1836726
v -0.1384008 0.2845472 0.1770146
v -0.1395860 0.2700923 0.1908922
v -0.1390946 0.2709056 0.1836107
v -0.1386895 0.2710418 0.1824985
v -0.1383648 0.2718977 0.1754847
v -0.1395932 0.2675284 0.1908519
v -0.1391545 0.2688507 0.1833186
v -0.1387593 0.2689836 0.1822335
v -0.1384186 0.2698426 0.1751950
v -0.1344377 0.2523118 0.2745949
v -0.1349042 0.2535327 0.2645799
v -0.1326340 0.2465375 0.2738070
v -0.1335956 0.2477565 0.2638147
v -0.1340650 0.2464030 0.2598793
v -0.1345808 0.2437602 0.2521702
v -0.1349546 0.2427595 0.2491103
v -0.1359117 0.2417462 0.2453312
v -0.1351341 0.2408229 0.2429584
v -0.1349817 0.2397581 0.2388736
v -0.1293486 0.3196935 0.2478276
v -0.1302105 0.3222389 0.2416327
v -0.1305541 0.3239439 0.2362859
v -0.1295042 0.3253942 0.2303266
v -0.1313471 0.3261248 0.2259422
v -0.1312405 0.3267028 0.2214620
v -0.1310538 0.3274011 0.2139895
v -0.1309287 0.3278751 0.2080305
v -0.1308504 0.3284170 0.2021059
v -0.1325419 0.3289777 0.1962842
v -0.1324645 0.3296344 0.1904038
v -0.1328327 0.3298180 0.1803107
v -0.1318261 0.3277192 0.1773267
v -0.1283330 0.3122496 0.2614538
v -0.1297675 0.3164144 0.2539309
v -0.1336068 0.3265473 0.1794814
v -0.1316837 0.3264810 0.1768713
v -0.1270720 0.3052223 0.2807020
v -0.1278970 0.3068123 0.2707486
v -0.1281712 0.3095626 0.2668028
v -0.1260796 0.3077108 0.2611790
v -0.1285830 0.3012544 0.2802886
v -0.1290495 0.3024753 0.2702736
v -0.1260699 0.3005969 0.2603113
v -0.1316281 0.3116032 0.1745716
v -0.1330851 0.3086573 0.1766647
v -0.1328511 0.3078566 0.1728117
v -0.1318062 0.3077397 0.1704917
v -0.1311725 0.3051796 0.1700137
v -0.1343052 0.2904682 0.1700872
v -0.1314696 0.2918877 0.1684753
v -0.1317969 0.2865610 0.1759255
v -0.1324165 0.2890398 0.1698432
v -0.1318559 0.2691362 0.1733501
v -0.1287385 0.2508580 0.2741522
v -0.1292050 0.2520789 0.2641371
v -0.1267648 0.2470951 0.2736016
v -0.1276477 0.2479437 0.2635605
v -0.1284052 0.2459672 0.2610527
v -0.1283311 0.2449140 0.2579423
v -0.1284389 0.2428730 0.2517728
v -0.1302731 0.2419899 0.2487971
v -0.1305819 0.2410731 0.2457416
v -0.1284943 0.2404246 0.2435863
v -0.1297323 0.2391759 0.2385094
v -0.1266014 0.3180120 0.2513302
v -0.1259475 0.3204684 0.2461990
v -0.1235440 0.3215671 0.2421368
v -0.1236222 0.3233811 0.2364472
v -0.1233316 0.3246492 0.2315241
v -0.1241211 0.3258551 0.2255729
v -0.1243398 0.3265322 0.2206156
v -0.1249791 0.3273030 0.2136947
v -0.1250049 0.3278419 0.2077505
v -0.1251042 0.3284281 0.2018397
v -0.1271780 0.3290721 0.1960466
v -0.1273245 0.3297365 0.1901779
v -0.1249329 0.3294882 0.1865727
v -0.1278267 0.3299064 0.1811687
v -0.1271711 0.3278200 0.1765513
v -0.1205340 0.3108232 0.2652836
v -0.1237045 0.3119831 0.2631208
v -0.1263021 0.3146472 0.2573644
v -0.1264585 0.3164313 0.2542149
v -0.1234637 0.3141796 0.2464614
v -0.1272383 0.3260192 0.1760916
v -0.1235510 0.3052243 0.2805382
v -0.1236845 0.3068301 0.2705545
v -0.1235397 0.3092552 0.2670432
v -0.1254993 0.3085606 0.2636446
v -0.1261180 0.3098183 0.2463244
v -0.1227690 0.3017742 0.2800812
v -0.1232355 0.3029951 0.2700661
v -0.1259405 0.3002529 0.2624543
v -0.1256084 0.3037863 0.2458093
v -0.1272511 0.3129931 0.1740130
v -0.1240120 0.2950347 0.2645894
v -0.1255603 0.2959535 0.2622315
v -0.1255987 0.2979779 0.2454102
v -0.1268635 0.3080492 0.1724367
v -0.1290032 0.3078283 0.1704571
v -0.1226585 0.2928695 0.2644435
v -0.1239202 0.2930273 0.2626851
v -0.1242153 0.2952684 0.2430362
v -0.1256161 0.3050146 0.1711803
v -0.1283554 0.3051740 0.1699672
v -0.1271291 0.2875498 0.2351740
v -0.1272572 0.2900048 0.2327469
v -0.1275267 0.2918971 0.2271404
v -0.1277779 0.2903896 0.2214177
v -0.1270401 0.2834730 0.2365029
v -0.1278875 0.2875745 0.2185957
v -0.1279284 0.2855874 0.2173993
v -0.1262730 0.2906502 0.1696582
v -0.1283333 0.2922312 0.1683640
v -0.1270402 0.2776168 0.2356130
v -0.1278756 0.2787560 0.2175201
v -0.1279276 0.2819061 0.2168602
v -0.1267524 0.2864096 0.1744736
v -0.1284487 0.2854891 0.1734632
v -0.1271119 0.2747972 0.2336185
v -0.1272341 0.2729972 0.2306725
v -0.1275004 0.2725073 0.2247755
v -0.1277576 0.2753454 0.2195827
v -0.1260355 0.2723304 0.1722804
v -0.1283910 0.2723210 0.1718589
v -0.1266176 0.2685459 0.1723285
v -0.1284831 0.2695789 0.1715201
v -0.1220196 0.2506400 0.2738127
v -0.1224860 0.2518609 0.2637976
v -0.1235172 0.2471361 0.2734553
v -0.1235439 0.2478860 0.2633623
v -0.1224620 0.2458794 0.2607697
v -0.1221861 0.2448651 0.2576490
v -0.1235196 0.2428009 0.2515290
v -0.1236233 0.2405990 0.2438719
v -0.1241517 0.2391612 0.2379933
v -0.1208355 0.3199875 0.2414245
v -0.1205410 0.3215449 0.2357058
v -0.1197789 0.3232733 0.2303861
v -0.1188022 0.3245370 0.2257765
v -0.1189420 0.3256843 0.2201484
v -0.1207499 0.3268494 0.2134428
v -0.1198630 0.3273893 0.2074558
v -0.1201142 0.3280655 0.2015621
v -0.1204435 0.3287406 0.1956905
v -0.1212571 0.3271576 0.1923370
v -0.1237859 0.3288902 0.1895976
v -0.1228818 0.3272825 0.1805474
v -0.1240845 0.3276637 0.1778671
v -0.1171072 0.3121186 0.2652819
v -0.1176609 0.3136842 0.2633151
v -0.1183146 0.3154149 0.2461133
v -0.1194309 0.3174295 0.2416600
v -0.1178152 0.3166811 0.2348822
v -0.1174239 0.3187196 0.2317900
v -0.1216731 0.3231943 0.1917009
v -0.1227020 0.3255356 0.1802795
v -0.1240177 0.3254247 0.1773658
v -0.1177275 0.3063184 0.2804003
v -0.1181635 0.3076554 0.2703980
v -0.1174902 0.3082936 0.2679541
v -0.1170113 0.3117638 0.2403756
v -0.1166191 0.3123958 0.2357847
v -0.1170556 0.3010900 0.2797317
v -0.1175221 0.3023109 0.2697166
v -0.1214542 0.3106530 0.1903362
v -0.1222834 0.3124723 0.1783383
v -0.1238836 0.3128075 0.1755728
v -0.1207821 0.3066511 0.1891768
v -0.1229592 0.3066545 0.1865907
v -0.1232677 0.3078305 0.1773127
v -0.1240229 0.3077387 0.1746772
v -0.1178347 0.2931725 0.2630061
v -0.1180172 0.2936500 0.2590893
v -0.1173427 0.2956778 0.2432625
v -0.1222235 0.3033597 0.1875714
v -0.1229143 0.3033961 0.1860025
v -0.1230212 0.3044482 0.1759769
v -0.1236855 0.3047461 0.1736160
v -0.1207402 0.2886648 0.1867163
v -0.1228712 0.2907209 0.1843522
v -0.1232149 0.2907607 0.1743173
v -0.1237648 0.2912415 0.1720603
v -0.1199996 0.2834939 0.1910738
v -0.1209946 0.2827047 0.1893252
v -0.1218170 0.2856165 0.1800290
v -0.1227171 0.2858898 0.1769213
v -0.1203144 0.2702476 0.1896046
v -0.1209351 0.2704508 0.1875883
v -0.1212022 0.2716213 0.1779413
v -0.1223086 0.2719840 0.1749552
v -0.1197226 0.2682145 0.1895318
v -0.1208878 0.2692991 0.1875546
v -0.1216221 0.2681689 0.1775399
v -0.1226564 0.2685080 0.1747484
v -0.1164019 0.2514710 0.2736523
v -0.1168684 0.2526919 0.2636372
v -0.1165481 0.2463658 0.2730368
v -0.1168576 0.2474916 0.2630028
v -0.1167849 0.2462579 0.2595554
v -0.1174141 0.2435205 0.2513335
v -0.1182086 0.2415852 0.2452219
v -0.1181655 0.2408024 0.2421610
v -0.1181739 0.2398954 0.2382278
v -0.1157990 0.3232140 0.2240642
v -0.1138653 0.3235814 0.2191690
v -0.1132248 0.3244126 0.2140201
v -0.1142534 0.3259479 0.2070187
v -0.1146634 0.3267911 0.2011511
v -0.1148137 0.3273403 0.1952536
v -0.1159646 0.3275310 0.1934732
v -0.1120728 0.3116653 0.2649921
v -0.1123734 0.3135746 0.2629698
v -0.1132475 0.3153847 0.2462786
v -0.1154998 0.3175118 0.2289978
v -0.1131621 0.3188633 0.2234605
v -0.1120554 0.3214525 0.2193278
v -0.1118066 0.3045385 0.2799076
v -0.1123771 0.3059691 0.2699229
v -0.1117414 0.3066145 0.2674250
v -0.1096246 0.3103195 0.2633021
v -0.1106677 0.3127398 0.2447872
v -0.1158923 0.3086470 0.2400872
v -0.1158050 0.3111328 0.2338285
v -0.1143905 0.3121890 0.2291827
v -0.1123129 0.3130616 0.2241160
v -0.1120833 0.2989903 0.2792441
v -0.1125498 0.3002113 0.2692290
v -0.1144731 0.3046560 0.2420187
v -0.1151862 0.3053865 0.2390535
v -0.1152104 0.3056274 0.2341534
v -0.1140477 0.3070104 0.2288286
v -0.1122063 0.3090845 0.2236213
v -0.1097307 0.2969014 0.2788799
v -0.1101972 0.2981223 0.2688648
v -0.1103947 0.2964243 0.2630560
v -0.1104594 0.2965935 0.2616677
v -0.1141622 0.2970969 0.2437769
v -0.1141730 0.3002874 0.2383347
v -0.1148815 0.3005574 0.2338776
v -0.1139516 0.3010769 0.2274485
v -0.1124853 0.3023617 0.2228078
v -0.1161794 0.3049169 0.1883666
v -0.1126688 0.2932729 0.2627777
v -0.1119660 0.2939249 0.2598696
v -0.1135751 0.2957369 0.2436049
v -0.1132473 0.2944558 0.2374308
v -0.1143734 0.2950981 0.2329340
v -0.1138627 0.2959318 0.2272827
v -0.1126077 0.2966895 0.2229565
v -0.1165016 0.3034632 0.1880482
v -0.1104657 0.2883896 0.2428899
v -0.1126666 0.2892881 0.2367768
v -0.1135173 0.2887322 0.2321231
v -0.1128637 0.2901049 0.2262706
v -0.1118786 0.2920037 0.2225187
v -0.1102127 0.2830595 0.2449223
v -0.1109998 0.2828499 0.2416796
v -0.1124208 0.2829995 0.2361451
v -0.1127910 0.2839020 0.2310537
v -0.1117738 0.2848940 0.2264401
v -0.1157238 0.2892442 0.1870109
v -0.1103972 0.2796034 0.2420886
v -0.1115417 0.2789550 0.2351595
v -0.1117080 0.2798594 0.2310283
v -0.1111958 0.2817718 0.2272381
v -0.1148560 0.2836666 0.1918251
v -0.1096398 0.2550439 0.2737729
v -0.1101063 0.2562647 0.2637579
v -0.1156956 0.2676530 0.1907663
v -0.1123483 0.2530429 0.2736551
v -0.1128148 0.2542638 0.2636401
v -0.1111595 0.2480986 0.2729971
v -0.1116261 0.2491328 0.2629592
v -0.1117175 0.2476568 0.2587789
v -0.1122305 0.2449744 0.2512733
v -0.1123799 0.2427650 0.2436150
v -0.1113787 0.2420280 0.2390189
v -0.1129933 0.2411696 0.2378597
v -0.1112571 0.3229662 0.2140014
v -0.1113381 0.3242623 0.2066774
v -0.1116139 0.3250212 0.2007924
v -0.1120580 0.3255869 0.1949098
v -0.1125249 0.3260564 0.1931996
v -0.1084242 0.3123057 0.2622026
v -0.1092581 0.3140778 0.2466327
v -0.1110153 0.3199157 0.2179180
v -0.1096124 0.3202859 0.2124505
v -0.1096681 0.3211524 0.2073467
v -0.1100166 0.3220705 0.2016413
v -0.1107599 0.3228878 0.1951184
v -0.1111316 0.3231775 0.1927838
v -0.1078364 0.3077849 0.2643217
v -0.1064484 0.3083889 0.2620617
v -0.1075095 0.3104295 0.2454073
v -0.1111081 0.3136724 0.2208696
v -0.1099876 0.3132740 0.2175171
v -0.1087158 0.3143846 0.2114671
v -0.1088422 0.3160247 0.2070584
v -0.1093212 0.3173788 0.2012516
v -0.1100395 0.3183327 0.1954265
v -0.1105086 0.3183786 0.1921697
v -0.1069193 0.3010876 0.2792592
v -0.1070897 0.3021614 0.2692124
v -0.1070261 0.3025172 0.2658544
v -0.1056854 0.3031391 0.2614718
v -0.1067109 0.3053072 0.2446223
v -0.1111321 0.3078527 0.2201779
v -0.1100966 0.3076074 0.2168767
v -0.1086449 0.3084636 0.2103347
v -0.1087398 0.3084040 0.2061249
v -0.1092215 0.3096451 0.2003021
v -0.1101960 0.3108006 0.1930181
v -0.1104906 0.3108565 0.1912322
v -0.1066388 0.2949577 0.2784989
v -0.1059328 0.2969788 0.2685268
v -0.1058077 0.2982965 0.2648480
v -0.1074876 0.2976841 0.2606336
v -0.1083716 0.2998726 0.2444227
v -0.1113265 0.3013723 0.2194095
v -0.1099909 0.3024501 0.2156041
v -0.1087119 0.3034207 0.2096196
v -0.1107849 0.3060710 0.1891811
v -0.1064338 0.2895834 0.2778342
v -0.1069003 0.2908043 0.2678191
v -0.1059695 0.2919528 0.2539234
v -0.1087845 0.2924502 0.2476498
v -0.1099035 0.2932984 0.2446828
v -0.1110282 0.2970428 0.2188686
v -0.1096618 0.2968257 0.2150007
v -0.1087617 0.2984894 0.2101547
v -0.1089121 0.3001202 0.2036211
v -0.1092904 0.3008374 0.1992288
v -0.1102614 0.3019305 0.1919321
v -0.1055378 0.2846062 0.2771857
v -0.1060043 0.2858271 0.2671706
v -0.1062408 0.2870605 0.2532679
v -0.1087417 0.2876017 0.2481064
v -0.1099184 0.2898929 0.2441380
v -0.1100878 0.2908863 0.2189658
v -0.1091769 0.2919948 0.2154747
v -0.1088498 0.2938286 0.2115560
v -0.1090779 0.2917685 0.2026107
v -0.1051064 0.2779558 0.2763549
v -0.1055729 0.2791767 0.2663398
v -0.1062565 0.2815522 0.2526054
v -0.1091792 0.2824184 0.2473136
v -0.1102619 0.2838201 0.2238285
v -0.1095539 0.2855687 0.2206911
v -0.1090460 0.2866887 0.2140414
v -0.1109789 0.2900588 0.1870610
v -0.1050656 0.2722128 0.2756529
v -0.1055321 0.2734337 0.2656378
v -0.1054156 0.2761664 0.2516420
v -0.1081695 0.2771153 0.2465475
v -0.1094680 0.2769303 0.2415556
v -0.1099301 0.2757257 0.2364767
v -0.1099019 0.2772020 0.2290377
v -0.1094633 0.2791547 0.2252578
v -0.1091164 0.2814483 0.2198033
v -0.1089843 0.2814095 0.2149073
v -0.1089802 0.2826729 0.2075122
v -0.1091070 0.2822391 0.2031402
v -0.1095803 0.2833396 0.1971106
v -0.1102474 0.2842187 0.1915946
v -0.1052129 0.2681976 0.2751702
v -0.1056794 0.2694184 0.2651552
v -0.1046232 0.2720226 0.2495120
v -0.1058956 0.2719938 0.2459160
v -0.1074260 0.2726321 0.2405223
v -0.1085687 0.2731954 0.2348035
v -0.1089318 0.2743315 0.2301207
v -0.1088520 0.2756318 0.2252637
v -0.1086810 0.2755370 0.2187206
v -0.1086864 0.2766216 0.2143087
v -0.1086593 0.2762890 0.2067162
v -0.1088260 0.2757198 0.2021438
v -0.1094305 0.2774769 0.1963963
v -0.1100043 0.2781836 0.1916966
v -0.1059207 0.2632237 0.2745969
v -0.1063872 0.2644446 0.2645818
v -0.1049386 0.2674861 0.2463173
v -0.1065396 0.2675212 0.2404053
v -0.1074588 0.2672575 0.2343741
v -0.1078111 0.2670970 0.2282954
v -0.1078930 0.2675941 0.2222736
v -0.1079457 0.2686692 0.2178479
v -0.1080789 0.2704220 0.2135216
v -0.1084485 0.2709776 0.2000477
v -0.1089339 0.2723773 0.1957581
v -0.1094523 0.2725945 0.1909942
v -0.1062235 0.2571048 0.2738650
v -0.1059273 0.2578587 0.2637575
v -0.1049237 0.2609001 0.2440140
v -0.1059033 0.2596124 0.2380084
v -0.1066081 0.2606035 0.2335023
v -0.1070447 0.2612541 0.2281632
v -0.1072573 0.2620181 0.2218967
v -0.1073384 0.2627723 0.2157122
v -0.1074319 0.2635716 0.2120117
v -0.1077480 0.2661864 0.2060897
v -0.1077805 0.2646635 0.2002023
v -0.1081185 0.2652322 0.1955359
v -0.1088554 0.2680077 0.1911324
v -0.1062153 0.2515788 0.2731910
v -0.1065024 0.2527932 0.2631668
v -0.1050756 0.2533298 0.2600076
v -0.1046943 0.2525456 0.2543186
v -0.1043793 0.2528352 0.2489206
v -0.1046588 0.2548777 0.2440004
v -0.1054158 0.2567392 0.2390476
v -0.1080604 0.2496049 0.2583145
v -0.1067629 0.2491871 0.2528507
v -0.1057817 0.2493978 0.2485611
v -0.1055422 0.2491952 0.2441980
v -0.1053983 0.2497866 0.2388394
v -0.1091705 0.2455831 0.2482515
v -0.1077068 0.2455679 0.2434446
v -0.1076287 0.2448428 0.2383403
v -0.1028256 0.2946483 0.2782836
v -0.1030722 0.2956385 0.2682301
v -0.1029574 0.2953939 0.2655059
v -0.1014004 0.2898624 0.2776338
v -0.1017364 0.2911084 0.2676156
v -0.1020593 0.2918971 0.2636249
v -0.1025880 0.2914612 0.2604747
v -0.1004499 0.2844546 0.2769302
v -0.1007951 0.2855736 0.2668971
v -0.1011735 0.2855405 0.2623413
v -0.1020436 0.2868057 0.2603715
v -0.1014180 0.2781060 0.2762014
v -0.1016376 0.2793083 0.2661725
v -0.1009392 0.2801757 0.2616637
v -0.1025304 0.2816085 0.2586712
v -0.1016217 0.2745810 0.2757812
v -0.1019282 0.2756721 0.2657428
v -0.1008690 0.2761917 0.2610582
v -0.1016043 0.2747253 0.2581752
v -0.1034926 0.2739337 0.2536510
v -0.1002176 0.2680656 0.2749215
v -0.1005634 0.2689225 0.2648564
v -0.1008307 0.2705200 0.2607682
v -0.1022318 0.2721317 0.2554200
v -0.1036262 0.2717376 0.2516079
v -0.1009498 0.2626414 0.2742943
v -0.1013653 0.2633479 0.2642142
v -0.1011151 0.2651688 0.2613512
v -0.1021864 0.2651636 0.2553810
v -0.1035209 0.2657223 0.2504927
v -0.1043470 0.2642416 0.2473788
v -0.1021727 0.2580536 0.2737920
v -0.1028054 0.2584466 0.2636838
v -0.1025697 0.2586222 0.2605093
v -0.1028562 0.2590556 0.2547987
v -0.1036378 0.2593075 0.2496967
v -0.1042506 0.2609505 0.2469654
v -0.1037192 0.2551219 0.2580432
v -0.1036064 0.2554305 0.2540640
v -0.1039564 0.2549792 0.2496618
v -0.1042725 0.2558565 0.2463322
v -0.1268793 0.3065045 0.2597165
v -0.1273699 0.3077886 0.2491822
v -0.1270976 0.3043157 0.2595222
v -0.1275940 0.3056148 0.2488653
v -0.1227616 0.3127064 0.2605002
v -0.1232724 0.3140432 0.2495344
v -0.1239398 0.3104807 0.2600599
v -0.1242159 0.3103699 0.2578965
v -0.1245081 0.3111346 0.2516240
v -0.1244306 0.3117689 0.2495460
v -0.1250693 0.3069792 0.2592529
v -0.1256505 0.3073866 0.2576433
v -0.1259467 0.3081618 0.2512849
v -0.1255255 0.3081699 0.2495593
v -0.1255653 0.3028255 0.2589374
v -0.1260200 0.3036799 0.2571767
v -0.1263132 0.3044474 0.2508811
v -0.1260199 0.3040552 0.2489482
v -0.1254412 0.3003568 0.2583411
v -0.1253750 0.3004420 0.2567268
v -0.1256695 0.3011759 0.2505182
v -0.1258775 0.3014905 0.2488700
v -0.1244081 0.2975398 0.2584256
v -0.1248883 0.2988020 0.2480579
v -0.1209178 0.3133366 0.2606286
v -0.1214412 0.3147063 0.2493924
v -0.1203589 0.3094809 0.2604564
v -0.1209120 0.3109283 0.2485834
v -0.1223609 0.3062560 0.2601698
v -0.1229151 0.3077066 0.2482707
v -0.1224191 0.3024276 0.2597058
v -0.1229734 0.3038782 0.2478067
v -0.1214444 0.2996303 0.2593194
v -0.1219987 0.3010808 0.2474203
v -0.1226003 0.2961923 0.2585279
v -0.1231155 0.2975408 0.2474670
v -0.1159336 0.3152728 0.2603171
v -0.1161280 0.3156437 0.2569980
v -0.1163369 0.3161346 0.2530195
v -0.1164281 0.3165670 0.2497011
v -0.1173888 0.3147099 0.2608449
v -0.1169502 0.3145518 0.2561844
v -0.1171437 0.3147866 0.2535930
v -0.1179317 0.3161308 0.2491894
v -0.1167803 0.3107831 0.2604617
v -0.1173345 0.3122337 0.2485626
v -0.1184900 0.2982207 0.2590099
v -0.1190442 0.2996713 0.2471108
v -0.1190478 0.2943741 0.2585497
v -0.1189804 0.2953639 0.2539177
v -0.1192038 0.2956122 0.2515481
v -0.1197220 0.2958324 0.2467072
v -0.1182621 0.2937023 0.2578775
v -0.1184680 0.2941215 0.2544861
v -0.1186677 0.2946151 0.2505045
v -0.1187640 0.2950160 0.2471013
v -0.1140590 0.3150555 0.2602869
v -0.1138955 0.3154587 0.2565768
v -0.1140051 0.3158602 0.2532160
v -0.1146558 0.3163732 0.2494708
v -0.1137380 0.3143800 0.2608123
v -0.1137723 0.3139609 0.2560371
v -0.1138932 0.3143040 0.2533210
v -0.1142971 0.3158445 0.2488083
v -0.1134200 0.3102766 0.2602435
v -0.1139742 0.3117272 0.2483444
v -0.1148710 0.2979219 0.2588049
v -0.1154252 0.2993725 0.2469058
v -0.1172233 0.2940066 0.2585447
v -0.1160741 0.2955888 0.2539919
v -0.1161452 0.2959353 0.2511764
v -0.1177852 0.2955149 0.2464163
v -0.1173034 0.2935684 0.2579377
v -0.1161920 0.2939190 0.2539034
v -0.1163390 0.2942970 0.2508278
v -0.1178165 0.2949111 0.2469232
v -0.1098635 0.3135307 0.2602660
v -0.1103986 0.3149313 0.2487769
v -0.1118303 0.3094664 0.2600707
v -0.1123846 0.3109169 0.2481715
v -0.1097830 0.3020766 0.2590744
v -0.1103372 0.3035271 0.2471753
v -0.1117959 0.2993947 0.2588412
v -0.1123502 0.3008453 0.2469421
v -0.1114358 0.2935070 0.2580396
v -0.1119839 0.2949415 0.2462725
v -0.1124301 0.2930911 0.2575742
v -0.1129359 0.2944151 0.2467137
v -0.1070176 0.3119261 0.2598459
v -0.1075488 0.3133321 0.2485700
v -0.1073061 0.3091488 0.2598212
v -0.1078603 0.3105994 0.2479221
v -0.1072227 0.3023894 0.2584584
v -0.1060269 0.3027038 0.2547336
v -0.1062463 0.3032047 0.2506710
v -0.1077280 0.3037118 0.2476112
v -0.1066929 0.2971283 0.2536980
v -0.1068353 0.2974542 0.2506845
v -0.1082772 0.2947812 0.2575416
v -0.1068921 0.2962734 0.2547390
v -0.1072592 0.2967213 0.2499388
v -0.1087675 0.2961084 0.2467953
v -0.1056461 0.3027816 0.2534261
v -0.1057645 0.3029785 0.2514183
v -0.1062166 0.2972525 0.2530790
v -0.1063147 0.2974541 0.2512823
v -0.0970529 0.2940429 0.2636833
v -0.0965941 0.2972037 0.2641887
v -0.0960596 0.3000657 0.2639128
v -0.0982975 0.2925216 0.2621279
v -0.0992236 0.2945827 0.2627706
v -0.0996657 0.2978854 0.2627725
v -0.0984256 0.3011956 0.2630607
v -0.0983279 0.3055898 0.2622758
v -0.1007346 0.2975813 0.2617481
v -0.1020702 0.3032131 0.2606567
v -0.1006202 0.3061543 0.2612104
v -0.1002937 0.3081143 0.2603602
v -0.1025782 0.3038230 0.2597620
v -0.1029431 0.3067837 0.2589331
v -0.1017868 0.3086067 0.2590371
v -0.0918585 0.2945785 0.2635164
v -0.0916967 0.2970381 0.2642149
v -0.0914283 0.2991541 0.2640983
v -0.0945019 0.2918304 0.2612981
v -0.0950042 0.2930469 0.2629264
v -0.0936664 0.2977730 0.2644026
v -0.0941714 0.3014794 0.2636252
v -0.0928151 0.3033016 0.2629987
v -0.0934683 0.3067704 0.2621686
v -0.0972057 0.2915680 0.2598878
v -0.0962919 0.3022288 0.2630895
v -0.0965399 0.3064965 0.2621365
v -0.0953903 0.3080106 0.2614871
v -0.0984453 0.2963867 0.2575895
v -0.0990631 0.2967005 0.2594184
v -0.0984746 0.3092964 0.2599523
v -0.1007025 0.3035319 0.2566013
v -0.1027412 0.3081674 0.2570263
v -0.1004421 0.3099948 0.2569664
v -0.1017896 0.3082898 0.2534019
v -0.1017259 0.3089224 0.2545199
v -0.0896613 0.2936566 0.2619532
v -0.0884328 0.2969095 0.2627982
v -0.0887242 0.3003836 0.2630801
v -0.0886153 0.3034061 0.2622179
v -0.0929959 0.2910064 0.2593949
v -0.0921930 0.2922768 0.2616097
v -0.0904065 0.3002279 0.2618491
v -0.0903450 0.3043374 0.2620128
v -0.0910952 0.3081537 0.2608728
v -0.0951667 0.2891610 0.2546767
v -0.0947860 0.2902235 0.2570541
v -0.0930924 0.3061438 0.2599393
v -0.0927657 0.3087923 0.2603810
v -0.0929394 0.3110955 0.2586919
v -0.0962456 0.2890750 0.2540186
v -0.0975284 0.2901686 0.2555599
v -0.0986902 0.2957243 0.2553456
v -0.0961597 0.3109808 0.2582521
v -0.0945757 0.3117989 0.2570094
v -0.1001228 0.2886553 0.2511429
v -0.1000472 0.2946600 0.2527464
v -0.1004139 0.3029982 0.2535161
v -0.0988405 0.3108505 0.2544589
v -0.0968071 0.3116884 0.2556702
v -0.1026154 0.2867592 0.2472662
v -0.1021419 0.2882697 0.2487589
v -0.1033142 0.2921589 0.2486896
v -0.1027066 0.2973565 0.2490855
v -0.1027591 0.2982629 0.2489686
v -0.1019409 0.3073855 0.2517254
v -0.0997882 0.3098160 0.2515699
v -0.1040156 0.2873206 0.2461871
v -0.1046299 0.2893369 0.2462369
v -0.1047509 0.2930078 0.2471224
v -0.1044458 0.2972250 0.2472767
v -0.1039854 0.3002831 0.2478947
v -0.1045956 0.3041766 0.2474159
v -0.1022661 0.3075548 0.2484186
v -0.1063089 0.2912271 0.2442499
v -0.1065327 0.2937782 0.2442678
v -0.1069202 0.2970881 0.2442328
v -0.1066799 0.3009664 0.2447022
v -0.1054872 0.3045705 0.2451867
v -0.1040482 0.3062541 0.2461301
v -0.1081686 0.2955852 0.2415161
v -0.1081082 0.2982747 0.2425081
v -0.1078902 0.3014264 0.2427976
v -0.1070081 0.3035930 0.2431874
v -0.0844551 0.2977268 0.2613007
v -0.0878526 0.2915784 0.2586801
v -0.0878710 0.2941298 0.2605002
v -0.0868815 0.2969984 0.2613196
v -0.0849787 0.2998981 0.2609250
v -0.0863010 0.3039196 0.2609870
v -0.0859601 0.3068414 0.2599012
v -0.0893492 0.2904209 0.2572876
v -0.0894510 0.2939747 0.2596631
v -0.0876881 0.3088105 0.2595263
v -0.0879009 0.3104404 0.2585186
v -0.0935394 0.2886820 0.2541299
v -0.0929337 0.2894644 0.2559647
v -0.0903556 0.3116281 0.2575704
v -0.0960521 0.2880368 0.2522939
v -0.0941588 0.3104047 0.2550961
v -0.0925534 0.3126748 0.2548126
v -0.0986059 0.2862185 0.2487230
v -0.0980317 0.2873917 0.2507116
v -0.0952050 0.3118771 0.2497900
v -0.0945620 0.3122985 0.2516927
v -0.1005105 0.2858320 0.2469541
v -0.1007430 0.2875528 0.2479852
v -0.1010454 0.2972758 0.2474960
v -0.0988089 0.3103117 0.2499823
v -0.1031456 0.2841821 0.2424143
v -0.1037947 0.2858570 0.2443465
v -0.1023759 0.2971043 0.2464417
v -0.1019634 0.2989527 0.2466999
v -0.1027004 0.3037056 0.2455232
v -0.1015077 0.3081654 0.2464838
v -0.1001681 0.3092446 0.2475387
v -0.1040371 0.2842894 0.2413561
v -0.1057689 0.2864912 0.2411842
v -0.1065967 0.2898950 0.2428774
v -0.1073695 0.2922835 0.2421150
v -0.1042132 0.3056820 0.2438396
v -0.1034174 0.3069243 0.2439372
v -0.1065488 0.2872612 0.2384799
v -0.1073405 0.2896499 0.2388823
v -0.1081229 0.2934303 0.2398379
v -0.1089654 0.2968358 0.2394545
v -0.1078896 0.3017804 0.2407495
v -0.1064478 0.3047696 0.2412855
v -0.1082482 0.2926981 0.2365001
v -0.1089643 0.2956970 0.2365289
v -0.1093146 0.2993294 0.2369092
v -0.1088064 0.3018621 0.2379032
v -0.1067097 0.3047034 0.2384769
v -0.0826185 0.2943901 0.2588805
v -0.0822082 0.2963505 0.2596227
v -0.0821510 0.2996266 0.2599962
v -0.0851199 0.2912622 0.2570849
v -0.0838890 0.2938824 0.2578902
v -0.0826168 0.2955228 0.2576071
v -0.0840989 0.2995096 0.2596383
v -0.0829754 0.3043718 0.2589952
v -0.0832502 0.3075258 0.2579480
v -0.0880550 0.2884595 0.2529300
v -0.0865257 0.2897247 0.2551602
v -0.0845181 0.3093490 0.2575746
v -0.0852536 0.3108533 0.2568295
v -0.0911980 0.2877796 0.2519466
v -0.0874817 0.3130285 0.2542694
v -0.0927575 0.2867449 0.2498025
v -0.0905479 0.3133913 0.2519824
v -0.0960284 0.2852235 0.2459549
v -0.0922365 0.3129068 0.2495573
v -0.0991386 0.2833576 0.2425724
v -0.0969754 0.2855774 0.2439847
v -0.0966434 0.2875490 0.2439405
v -0.0959839 0.3111827 0.2473669
v -0.1006285 0.2828722 0.2408276
v -0.0998539 0.3030852 0.2419081
v -0.0989305 0.3093328 0.2434526
v -0.0977174 0.3100522 0.2447485
v -0.1033351 0.2836411 0.2379988
v -0.1034142 0.2850643 0.2406618
v -0.1007033 0.3040020 0.2410891
v -0.1010515 0.3080511 0.2412628
v -0.1046178 0.2845177 0.2366076
v -0.1058804 0.2867026 0.2362883
v -0.1042176 0.3061057 0.2379399
v -0.1027439 0.3069422 0.2385938
v -0.1073631 0.2914972 0.2344376
v -0.1084269 0.2952677 0.2340832
v -0.1076990 0.2993460 0.2350002
v -0.1077808 0.3029733 0.2351463
v -0.1059879 0.3048669 0.2362988
v -0.1080266 0.2959614 0.2325031
v -0.1085291 0.2987264 0.2331894
v -0.1082416 0.3015516 0.2338465
v -0.0799810 0.2933623 0.2565261
v -0.0796404 0.2962068 0.2565976
v -0.0790652 0.3003910 0.2575368
v -0.0814570 0.2898499 0.2530660
v -0.0800718 0.2933353 0.2545552
v -0.0803090 0.2958198 0.2564053
v -0.0802101 0.3045534 0.2567446
v -0.0802398 0.3078741 0.2552630
v -0.0855920 0.2880907 0.2514009
v -0.0815814 0.3095666 0.2550862
v -0.0823953 0.3113577 0.2543521
v -0.0879219 0.2870062 0.2494951
v -0.0839059 0.3098130 0.2506467
v -0.0846037 0.3129541 0.2515431
v -0.0902068 0.2853336 0.2459989
v -0.0890593 0.2902956 0.2454168
v -0.0868900 0.3081983 0.2476691
v -0.0870116 0.3140974 0.2493210
v -0.0926597 0.2838612 0.2429046
v -0.0904723 0.3062603 0.2440958
v -0.0890210 0.3136600 0.2474413
v -0.0963175 0.2830156 0.2415255
v -0.0965548 0.2870541 0.2410098
v -0.0942794 0.2879294 0.2419375
v -0.0935465 0.3119652 0.2459640
v -0.0919754 0.3123786 0.2448367
v -0.0988189 0.2825996 0.2384543
v -0.0976474 0.2854196 0.2381714
v -0.0952438 0.3042735 0.2398828
v -0.0949411 0.3061633 0.2399092
v -0.0952569 0.3105822 0.2413061
v -0.1011152 0.2835935 0.2355517
v -0.1005551 0.2850079 0.2374646
v -0.0986897 0.3048396 0.2388276
v -0.0992009 0.3085383 0.2384700
v -0.1026403 0.2847505 0.2336727
v -0.1044203 0.2867379 0.2329269
v -0.1023476 0.3067628 0.2359327
v -0.1009639 0.3073581 0.2357485
v -0.1059039 0.2912513 0.2317667
v -0.1059788 0.2986134 0.2314285
v -0.1038405 0.3054855 0.2334157
v -0.1065330 0.2958950 0.2299677
v -0.1062524 0.2989980 0.2299520
v -0.1062894 0.3029094 0.2316243
v -0.0769270 0.2935196 0.2545070
v -0.0768591 0.2960206 0.2548019
v -0.0780037 0.3018651 0.2561384
v -0.0797024 0.2896194 0.2516112
v -0.0793327 0.2954675 0.2547785
v -0.0777966 0.3044669 0.2544837
v -0.0780868 0.3078812 0.2530605
v -0.0830218 0.2877292 0.2494653
v -0.0787962 0.3096220 0.2524180
v -0.0797789 0.3112817 0.2521375
v -0.0854952 0.2853265 0.2442590
v -0.0846247 0.2865890 0.2472849
v -0.0824931 0.3102651 0.2508779
v -0.0820107 0.3119172 0.2503977
v -0.0878475 0.2849902 0.2443273
v -0.0884563 0.2902032 0.2444387
v -0.0860730 0.3079841 0.2460082
v -0.0904815 0.2834874 0.2410617
v -0.0880277 0.3068427 0.2437418
v -0.0885547 0.3136324 0.2457461
v -0.0935967 0.2825011 0.2391089
v -0.0939090 0.2868045 0.2373064
v -0.0904290 0.3127158 0.2434952
v -0.0961511 0.2826298 0.2354232
v -0.0960593 0.2854959 0.2367144
v -0.0931133 0.3111412 0.2396525
v -0.0967696 0.2812497 0.2325567
v -0.0986611 0.2832755 0.2335259
v -0.0970872 0.2850411 0.2339700
v -0.0958400 0.3094431 0.2355621
v -0.1000113 0.2833791 0.2306431
v -0.0982772 0.3079259 0.2325297
v -0.1014150 0.2879783 0.2281584
v -0.1035920 0.2927709 0.2277983
v -0.1004217 0.3064431 0.2302354
v -0.1044672 0.2960181 0.2272985
v -0.1048204 0.2984945 0.2272366
v -0.1035335 0.3025101 0.2272405
v -0.1020098 0.3050836 0.2287078
v -0.0764247 0.2911388 0.2517040
v -0.0752043 0.2933646 0.2528003
v -0.0743008 0.2966918 0.2533884
v -0.0743758 0.3002116 0.2529706
v -0.0771478 0.2893972 0.2493008
v -0.0750163 0.3044440 0.2515037
v -0.0805231 0.2874148 0.2472856
v -0.0762827 0.3095413 0.2496023
v -0.0771681 0.3113312 0.2494601
v -0.0840152 0.2851404 0.2429017
v -0.0822519 0.2862694 0.2451948
v -0.0796096 0.3137105 0.2482432
v -0.0811577 0.3145209 0.2469519
v -0.0858225 0.2840743 0.2405665
v -0.0845758 0.2908365 0.2427778
v -0.0829981 0.3081996 0.2436115
v -0.0832938 0.3146955 0.2449359
v -0.0822335 0.3147219 0.2459654
v -0.0876459 0.2831339 0.2383426
v -0.0871179 0.3062933 0.2407193
v -0.0848476 0.3143176 0.2433487
v -0.0900294 0.2820883 0.2355772
v -0.0893546 0.3049931 0.2381480
v -0.0884248 0.3055555 0.2392994
v -0.0893030 0.3122412 0.2383272
v -0.0873757 0.3132488 0.2406428
v -0.0934764 0.2812735 0.2329354
v -0.0924743 0.2865290 0.2347692
v -0.0909627 0.3038185 0.2353944
v -0.0912048 0.3111423 0.2357526
v -0.0942057 0.2847887 0.2300103
v -0.0937984 0.2849903 0.2303456
v -0.0931985 0.3099409 0.2330320
v -0.0957327 0.3083611 0.2298511
v -0.1011034 0.2987184 0.2267358
v -0.0978878 0.3068222 0.2273856
v -0.1012037 0.2987137 0.2247275
v -0.1008347 0.3028262 0.2241124
v -0.0994293 0.3054281 0.2257246
v -0.0730709 0.2910352 0.2483940
v -0.0718905 0.2932736 0.2494076
v -0.0717407 0.2963642 0.2498979
v -0.0713033 0.3001230 0.2496217
v -0.0746655 0.2893333 0.2469119
v -0.0740057 0.2953428 0.2487476
v -0.0728835 0.3043737 0.2492312
v -0.0741847 0.3071549 0.2492094
v -0.0773260 0.2872749 0.2443199
v -0.0753217 0.3096265 0.2488437
v -0.0745220 0.3116956 0.2462379
v -0.0810828 0.2849607 0.2400392
v -0.0791980 0.2860970 0.2423052
v -0.0758002 0.3134226 0.2452704
v -0.0772473 0.3144500 0.2441037
v -0.0829229 0.2839223 0.2376932
v -0.0821362 0.2903679 0.2384633
v -0.0811370 0.3079925 0.2408876
v -0.0794114 0.3149796 0.2422369
v -0.0847092 0.2830181 0.2354037
v -0.0815744 0.3146659 0.2402836
v -0.0870181 0.2820058 0.2324555
v -0.0852573 0.3131655 0.2367078
v -0.0929889 0.2810353 0.2304062
v -0.0897125 0.2813543 0.2308524
v -0.0902486 0.2861325 0.2309500
v -0.0883886 0.3115305 0.2331237
v -0.0944698 0.2812781 0.2287775
v -0.0937122 0.2846890 0.2291189
v -0.0930738 0.2850784 0.2299217
v -0.0905117 0.3102860 0.2304197
v -0.0967202 0.2834952 0.2265815
v -0.0925508 0.3090289 0.2278303
v -0.0985142 0.2879599 0.2249741
v -0.0957321 0.3066506 0.2239210
v -0.0946984 0.3075246 0.2251750
v -0.0999999 0.2929100 0.2238023
v -0.1009158 0.2962867 0.2232627
v -0.0966932 0.3056552 0.2227468
v -0.0688147 0.2935936 0.2459355
v -0.0681304 0.2968361 0.2465469
v -0.0682793 0.2995329 0.2464044
v -0.0718050 0.2898783 0.2445254
v -0.0718062 0.2946611 0.2438796
v -0.0686539 0.3015625 0.2460524
v -0.0701769 0.3046238 0.2458622
v -0.0712019 0.3074552 0.2456702
v -0.0749785 0.2874241 0.2420127
v -0.0717552 0.3094322 0.2446996
v -0.0713314 0.3114292 0.2429888
v -0.0776635 0.2854589 0.2378266
v -0.0761644 0.2863285 0.2394371
v -0.0772792 0.2914084 0.2373194
v -0.0755188 0.3094003 0.2403352
v -0.0729894 0.3137296 0.2415781
v -0.0744403 0.3147180 0.2403746
v -0.0799698 0.2841365 0.2348117
v -0.0786970 0.2908004 0.2365052
v -0.0780548 0.3078382 0.2370882
v -0.0771750 0.3086730 0.2393198
v -0.0760632 0.3150517 0.2389834
v -0.0816736 0.2832620 0.2324496
v -0.0784225 0.3074512 0.2360119
v -0.0782482 0.3148130 0.2371136
v -0.0854833 0.2820839 0.2308652
v -0.0821114 0.3134156 0.2338956
v -0.0904601 0.2810476 0.2274508
v -0.0880380 0.2813368 0.2281569
v -0.0886494 0.2861281 0.2292645
v -0.0849524 0.3120823 0.2312048
v -0.0902284 0.2812575 0.2254460
v -0.0897133 0.2848179 0.2254315
v -0.0897343 0.2851131 0.2265671
v -0.0872141 0.3108248 0.2285598
v -0.0937231 0.2836409 0.2231119
v -0.0903553 0.3088502 0.2245636
v -0.0948798 0.2876350 0.2213182
v -0.0946357 0.2898932 0.2198122
v -0.0919343 0.3076721 0.2224985
v -0.0971239 0.2930480 0.2207460
v -0.0980368 0.2964338 0.2202009
v -0.0984203 0.2989892 0.2200734
v -0.0972447 0.3030235 0.2202208
v -0.0952692 0.3057136 0.2212826
v -0.0699799 0.2898893 0.2418382
v -0.0679984 0.3041348 0.2437113
v -0.0719151 0.2879360 0.2387011
v -0.0695496 0.3094045 0.2421564
v -0.0697336 0.3106061 0.2418656
v -0.0751052 0.2858088 0.2344737
v -0.0742564 0.2868173 0.2348704
v -0.0768127 0.2913906 0.2367654
v -0.0767746 0.2848306 0.2321250
v -0.0779448 0.2899186 0.2323930
v -0.0765248 0.2908895 0.2345741
v -0.0822221 0.2827979 0.2298606
v -0.0780279 0.2894755 0.2308078
v -0.0778065 0.3072652 0.2346670
v -0.0835880 0.2822679 0.2279104
v -0.0789194 0.3134704 0.2308364
v -0.0853025 0.2817862 0.2256893
v -0.0833773 0.3048880 0.2262595
v -0.0819979 0.3122128 0.2285964
v -0.0893310 0.2813742 0.2238984
v -0.0884088 0.2825518 0.2229590
v -0.0851519 0.3039551 0.2245920
v -0.0847337 0.3071912 0.2250521
v -0.0843956 0.3109819 0.2261649
v -0.0911496 0.2842356 0.2207655
v -0.0867450 0.3061298 0.2231470
v -0.0875631 0.3089941 0.2221530
v -0.0919934 0.2870404 0.2188756
v -0.0931588 0.2901513 0.2182702
v -0.0929178 0.3067635 0.2211597
v -0.0891256 0.3077866 0.2200449
v -0.0941873 0.2933082 0.2177060
v -0.0950293 0.2964914 0.2171833
v -0.0953595 0.2989538 0.2170241
v -0.0949568 0.3029752 0.2179519
v -0.0938011 0.3057150 0.2198782
v -0.0659372 0.2942312 0.2423943
v -0.0654349 0.2966621 0.2429295
v -0.0655288 0.2997499 0.2429705
v -0.0685059 0.2902432 0.2400750
v -0.0667127 0.2925731 0.2416659
v -0.0654462 0.2953818 0.2399605
v -0.0659103 0.3016421 0.2426890
v -0.0660171 0.3043501 0.2410601
v -0.0699673 0.2933852 0.2371463
v -0.0670566 0.3091680 0.2392506
v -0.0674485 0.3109072 0.2387078
v -0.0737047 0.2869922 0.2339524
v -0.0714924 0.2920181 0.2335798
v -0.0707876 0.2940725 0.2338614
v -0.0702304 0.3100330 0.2372024
v -0.0698580 0.3120146 0.2383906
v -0.0712038 0.3145653 0.2370164
v -0.0751241 0.2853155 0.2307426
v -0.0744502 0.2911172 0.2322577
v -0.0734928 0.2935914 0.2315025
v -0.0743278 0.3077739 0.2329557
v -0.0736447 0.3081435 0.2336370
v -0.0744213 0.3149002 0.2342875
v -0.0727925 0.3149585 0.2356692
v -0.0797850 0.2833357 0.2278147
v -0.0775960 0.2841899 0.2290618
v -0.0785623 0.2889396 0.2293438
v -0.0746371 0.3075704 0.2325107
v -0.0755140 0.3146542 0.2333870
v -0.0803126 0.2830973 0.2251764
v -0.0795034 0.2881878 0.2274893
v -0.0777936 0.3067249 0.2273624
v -0.0776765 0.3095374 0.2265384
v -0.0773781 0.3134221 0.2292034
v -0.0828244 0.2824778 0.2231484
v -0.0819128 0.3054886 0.2269974
v -0.0808341 0.3079863 0.2268101
v -0.0802808 0.3120979 0.2264743
v -0.0853079 0.2822172 0.2209514
v -0.0832468 0.3101093 0.2217813
v -0.0822636 0.3110413 0.2242858
v -0.0879366 0.2841653 0.2180367
v -0.0890227 0.2862911 0.2169708
v -0.0863468 0.3005461 0.2182295
v -0.0862783 0.3055907 0.2206257
v -0.0850336 0.3092417 0.2205139
v -0.0896869 0.2876395 0.2166391
v -0.0908430 0.2905463 0.2160204
v -0.0879600 0.3047635 0.2177467
v -0.0862642 0.3079604 0.2178532
v -0.0909967 0.2935467 0.2146870
v -0.0917718 0.2964701 0.2142061
v -0.0921131 0.2987916 0.2141116
v -0.0911972 0.3031311 0.2148555
v -0.0901391 0.3057280 0.2167222
v -0.0627872 0.2977874 0.2394210
v -0.0657157 0.2911202 0.2364850
v -0.0639601 0.2940810 0.2367602
v -0.0630040 0.2961436 0.2390980
v -0.0630675 0.3005461 0.2393972
v -0.0633786 0.3042023 0.2376431
v -0.0673858 0.2896544 0.2350087
v -0.0665196 0.2945094 0.2349015
v -0.0664435 0.2963603 0.2345922
v -0.0645238 0.3089240 0.2360335
v -0.0655217 0.3111643 0.2357810
v -0.0709916 0.2872809 0.2318855
v -0.0689632 0.3094146 0.2335466
v -0.0672755 0.3135757 0.2342960
v -0.0734865 0.2858450 0.2291816
v -0.0706430 0.3077939 0.2291850
v -0.0694057 0.3085692 0.2308187
v -0.0696743 0.3147457 0.2322951
v -0.0757170 0.2846828 0.2261051
v -0.0741353 0.2896280 0.2273203
v -0.0747811 0.2919626 0.2267016
v -0.0722133 0.3070438 0.2279936
v -0.0718261 0.3146154 0.2305142
v -0.0781187 0.2838533 0.2226581
v -0.0782197 0.2857550 0.2241697
v -0.0743703 0.3069479 0.2263046
v -0.0753159 0.3099143 0.2254965
v -0.0758899 0.3133362 0.2275521
v -0.0799388 0.2837138 0.2204466
v -0.0815558 0.2858423 0.2207817
v -0.0783785 0.3117827 0.2235023
v -0.0833587 0.2833836 0.2185376
v -0.0813368 0.2851393 0.2179007
v -0.0806833 0.3065480 0.2183975
v -0.0804194 0.3090297 0.2193168
v -0.0791714 0.3109578 0.2211255
v -0.0855105 0.2844928 0.2165962
v -0.0856103 0.2873690 0.2146355
v -0.0858580 0.3002679 0.2166697
v -0.0816037 0.3090117 0.2179694
v -0.0871901 0.2882801 0.2146997
v -0.0874154 0.2911700 0.2135722
v -0.0883247 0.2939220 0.2129018
v -0.0850872 0.3000948 0.2152120
v -0.0861463 0.3039235 0.2141972
v -0.0870831 0.3057160 0.2153606
v -0.0891093 0.2967201 0.2124088
v -0.0895376 0.2989529 0.2123697
v -0.0888214 0.3021802 0.2126419
v -0.0876438 0.3045384 0.2134769
v -0.0624258 0.2943711 0.2345519
v -0.0605083 0.2976666 0.2356773
v -0.0606766 0.3005712 0.2358852
v -0.0610537 0.3038273 0.2345468
v -0.0642936 0.2909739 0.2317549
v -0.0638830 0.2948636 0.2346095
v -0.0627070 0.2967085 0.2333018
v -0.0610420 0.3044375 0.2337493
v -0.0627589 0.3091856 0.2333230
v -0.0641495 0.3104842 0.2345034
v -0.0672959 0.2887280 0.2287766
v -0.0663745 0.2917632 0.2285984
v -0.0668346 0.2944930 0.2279550
v -0.0641204 0.3127120 0.2311198
v -0.0692264 0.2875410 0.2265099
v -0.0675317 0.2913292 0.2268465
v -0.0680752 0.2938812 0.2269413
v -0.0668180 0.3143663 0.2288424
v -0.0716718 0.2861769 0.2231136
v -0.0725513 0.2888074 0.2225707
v -0.0741104 0.2913426 0.2236623
v -0.0709705 0.3069136 0.2262050
v -0.0688981 0.3143083 0.2271506
v -0.0750789 0.2850688 0.2200938
v -0.0734220 0.2880295 0.2205442
v -0.0731947 0.2919223 0.2212575
v -0.0721541 0.3078638 0.2237528
v -0.0732708 0.3108901 0.2232858
v -0.0718408 0.3134898 0.2250266
v -0.0801667 0.2843266 0.2180623
v -0.0782735 0.2851284 0.2171816
v -0.0748767 0.2928101 0.2190898
v -0.0756482 0.3118162 0.2213105
v -0.0818813 0.2847995 0.2164656
v -0.0798561 0.2867684 0.2146123
v -0.0794492 0.2902148 0.2144926
v -0.0798962 0.3064773 0.2173094
v -0.0785822 0.3089550 0.2181051
v -0.0759712 0.3109396 0.2182502
v -0.0817516 0.2881535 0.2137408
v -0.0815857 0.2913738 0.2128808
v -0.0818142 0.2942876 0.2124411
v -0.0802020 0.3086840 0.2164500
v -0.0847793 0.2918533 0.2126110
v -0.0835139 0.2957442 0.2116201
v -0.0836646 0.2988558 0.2112573
v -0.0840371 0.3024424 0.2109472
v -0.0837883 0.3057931 0.2124749
v -0.0831555 0.3080249 0.2155646
v -0.0868213 0.2995541 0.2112909
v -0.0854890 0.3021661 0.2111818
v -0.0595399 0.2943607 0.2301610
v -0.0584012 0.2972955 0.2316861
v -0.0585103 0.3022653 0.2316677
v -0.0589918 0.3031195 0.2319425
v -0.0615935 0.2917296 0.2277812
v -0.0605006 0.2929498 0.2290605
v -0.0603547 0.2968698 0.2309414
v -0.0593405 0.3040740 0.2313399
v -0.0608175 0.3089923 0.2303263
v -0.0655512 0.2893411 0.2268891
v -0.0647178 0.2916819 0.2265305
v -0.0642023 0.2952814 0.2281820
v -0.0604442 0.3101048 0.2289742
v -0.0614073 0.3117514 0.2283307
v -0.0672357 0.2882621 0.2246251
v -0.0668057 0.2913009 0.2259817
v -0.0667520 0.2938221 0.2253372
v -0.0630949 0.3136579 0.2256151
v -0.0703783 0.2865834 0.2211091
v -0.0693204 0.2871411 0.2227570
v -0.0664188 0.3138017 0.2230024
v -0.0728272 0.2860792 0.2184686
v -0.0717100 0.2923575 0.2195315
v -0.0701036 0.3072498 0.2205532
v -0.0712283 0.3096157 0.2201037
v -0.0688491 0.3129851 0.2207811
v -0.0752436 0.2862805 0.2151351
v -0.0763560 0.2914624 0.2155488
v -0.0757477 0.2921315 0.2174387
v -0.0722873 0.3117667 0.2184469
v -0.0777320 0.2874849 0.2137769
v -0.0778420 0.2902040 0.2132002
v -0.0756602 0.3097821 0.2138721
v -0.0743355 0.3107572 0.2162361
v -0.0798011 0.2908283 0.2130945
v -0.0788408 0.2949547 0.2115877
v -0.0800092 0.2976560 0.2113760
v -0.0792256 0.3020479 0.2108061
v -0.0781763 0.3084083 0.2117460
v -0.0816531 0.2994239 0.2109129
v -0.0817554 0.3025082 0.2100783
v -0.0810786 0.3057044 0.2100292
v -0.0788003 0.3076177 0.2101881
v -0.0563900 0.2978213 0.2284813
v -0.0567236 0.3007981 0.2291394
v -0.0601035 0.2922198 0.2258364
v -0.0583024 0.2952316 0.2265738
v -0.0580923 0.2967032 0.2274771
v -0.0565276 0.3015012 0.2279872
v -0.0573027 0.3036110 0.2281431
v -0.0588627 0.3079796 0.2278862
v -0.0616697 0.2918908 0.2244357
v -0.0612988 0.2945814 0.2243283
v -0.0589724 0.3095844 0.2263331
v -0.0597206 0.3114355 0.2253142
v -0.0656129 0.2887206 0.2218069
v -0.0625502 0.2900331 0.2213684
v -0.0639448 0.3029869 0.2222386
v -0.0612506 0.3131950 0.2235277
v -0.0691155 0.2869613 0.2175435
v -0.0674475 0.2876545 0.2186466
v -0.0682262 0.2916064 0.2186312
v -0.0657256 0.3082674 0.2201819
v -0.0661405 0.3109244 0.2201349
v -0.0640718 0.3135675 0.2210035
v -0.0707973 0.2865291 0.2153850
v -0.0701241 0.2905457 0.2168986
v -0.0698463 0.2931243 0.2177520
v -0.0692530 0.3064823 0.2171283
v -0.0674346 0.3119431 0.2189610
v -0.0669305 0.3128542 0.2190149
v -0.0729709 0.2867857 0.2129788
v -0.0712715 0.2901982 0.2130141
v -0.0715476 0.2925441 0.2146113
v -0.0706738 0.3076807 0.2157792
v -0.0697500 0.3115654 0.2157883
v -0.0741874 0.2876452 0.2115814
v -0.0751428 0.2904465 0.2111713
v -0.0737281 0.3077129 0.2131881
v -0.0715334 0.3106786 0.2137531
v -0.0753554 0.3030888 0.2106938
v -0.0757844 0.3058136 0.2104032
v -0.0746869 0.3088455 0.2098976
v -0.0789253 0.3025430 0.2083249
v -0.0784570 0.3063767 0.2077472
v -0.0771530 0.3078081 0.2088963
v -0.0556952 0.2985479 0.2273702
v -0.0566612 0.2946450 0.2242313
v -0.0555884 0.2973863 0.2260247
v -0.0552670 0.3005861 0.2258141
v -0.0562815 0.3047332 0.2252444
v -0.0586959 0.2921592 0.2218243
v -0.0579714 0.2940607 0.2223627
v -0.0589671 0.2977654 0.2211807
v -0.0568105 0.3058829 0.2239221
v -0.0576075 0.3091616 0.2236434
v -0.0592669 0.3114778 0.2241866
v -0.0641043 0.2889818 0.2182240
v -0.0615660 0.2926129 0.2190664
v -0.0622330 0.2958338 0.2186650
v -0.0616363 0.3029410 0.2206946
v -0.0583151 0.3097485 0.2213051
v -0.0600029 0.3125267 0.2218997
v -0.0648212 0.2896090 0.2145493
v -0.0647016 0.2919253 0.2157878
v -0.0621387 0.3087705 0.2183365
v -0.0620478 0.3129480 0.2185921
v -0.0680174 0.2872695 0.2121986
v -0.0658570 0.2898017 0.2133890
v -0.0660396 0.2914374 0.2139219
v -0.0660845 0.3068823 0.2153304
v -0.0649025 0.3123221 0.2160129
v -0.0633742 0.3125650 0.2165232
v -0.0701942 0.2870979 0.2107324
v -0.0703811 0.2896808 0.2101325
v -0.0680661 0.3074580 0.2106820
v -0.0674909 0.3109618 0.2133571
v -0.0716903 0.2908310 0.2089012
v -0.0706881 0.3064107 0.2090629
v -0.0699692 0.3079465 0.2097853
v -0.0691916 0.3104985 0.2113191
v -0.0743582 0.3023402 0.2068285
v -0.0752458 0.3052104 0.2072711
v -0.0731195 0.3083832 0.2071138
v -0.0751968 0.3021193 0.2059610
v -0.0756361 0.3066764 0.2053473
v -0.0752833 0.3079201 0.2074028
v -0.0556581 0.2947659 0.2216480
v -0.0573752 0.2924924 0.2188611
v -0.0563395 0.2938094 0.2198392
v -0.0563307 0.2977753 0.2203774
v -0.0609914 0.2900140 0.2158313
v -0.0586756 0.2914909 0.2162363
v -0.0592119 0.2963129 0.2159556
v -0.0577533 0.3034194 0.2190645
v -0.0588612 0.3074112 0.2180074
v -0.0622034 0.2897316 0.2134025
v -0.0634216 0.2916677 0.2136954
v -0.0596451 0.2958875 0.2148029
v -0.0596578 0.3095947 0.2171144
v -0.0605759 0.3124645 0.2169521
v -0.0664348 0.2876540 0.2106195
v -0.0646057 0.2889405 0.2110662
v -0.0640729 0.2914562 0.2119402
v -0.0626542 0.3071271 0.2126735
v -0.0625953 0.3117041 0.2135510
v -0.0617393 0.3124385 0.2152937
v -0.0672779 0.2876460 0.2088357
v -0.0670061 0.2891579 0.2077861
v -0.0676123 0.3074701 0.2102537
v -0.0648546 0.3108995 0.2110954
v -0.0689534 0.2910632 0.2070452
v -0.0693674 0.3063643 0.2076104
v -0.0683102 0.3082331 0.2081268
v -0.0665150 0.3102316 0.2084041
v -0.0718513 0.3024266 0.2040529
v -0.0711763 0.3067487 0.2044806
v -0.0703747 0.3083651 0.2051393
v -0.0727800 0.3064106 0.2033788
v -0.0723570 0.3075037 0.2042769
v -0.0581731 0.2913731 0.2137575
v -0.0574487 0.2963613 0.2155102
v -0.0601275 0.2899157 0.2110211
v -0.0586201 0.2920716 0.2109725
v -0.0590563 0.2949715 0.2109338
v -0.0624716 0.2890328 0.2084854
v -0.0606965 0.2934805 0.2078150
v -0.0614020 0.3072261 0.2111341
v -0.0615408 0.3107497 0.2113771
v -0.0653162 0.2878702 0.2074113
v -0.0652460 0.2900865 0.2062467
v -0.0636658 0.2922934 0.2060090
v -0.0626421 0.3055254 0.2061513
v -0.0624895 0.3077714 0.2072203
v -0.0638608 0.3103763 0.2086255
v -0.0651652 0.3042891 0.2036353
v -0.0650827 0.3092121 0.2053793
v -0.0644092 0.3100740 0.2071351
v -0.0687761 0.3030214 0.2028594
v -0.0680635 0.3054927 0.2023270
v -0.0679556 0.3080838 0.2031757
v -0.0704286 0.3067704 0.2020229
v -0.0589364 0.2912884 0.2090495
v -0.0597652 0.2903815 0.2080927
v -0.0603617 0.2932106 0.2075987
v -0.0630306 0.3053300 0.2050735
v -0.0637177 0.3052063 0.2043633
v -0.0644721 0.3081282 0.2036475
v -0.0710098 0.2955897 0.2216364
v -0.0735589 0.3048043 0.2191942
v -0.0722139 0.2947720 0.2196943
v -0.0747482 0.3039331 0.2172508
v -0.0733664 0.2930138 0.2156605
v -0.0760796 0.3028215 0.2130611
v -0.0752527 0.2923314 0.2135903
v -0.0753978 0.2938646 0.2133341
v -0.0771128 0.3001419 0.2116646
v -0.0777623 0.3014759 0.2112058
v -0.0751252 0.2910172 0.2096295
v -0.0777958 0.3006709 0.2070709
v -0.0745985 0.2908622 0.2077379
v -0.0771723 0.3001660 0.2052721
v -0.0688396 0.2960995 0.2220008
v -0.0714789 0.3056404 0.2194722
v -0.0690093 0.2947455 0.2183710
v -0.0719551 0.3049100 0.2160355
v -0.0709299 0.2936217 0.2162131
v -0.0736542 0.3038424 0.2135787
v -0.0719551 0.2923303 0.2124299
v -0.0747799 0.3024568 0.2094982
v -0.0714610 0.2916890 0.2094753
v -0.0749033 0.3016445 0.2065899
v -0.0729390 0.2907042 0.2058723
v -0.0755720 0.3002219 0.2033498
v -0.0641968 0.2978691 0.2226805
v -0.0647530 0.3005266 0.2219227
v -0.0657937 0.3042769 0.2209274
v -0.0666890 0.3068779 0.2202928
v -0.0650281 0.2969459 0.2224894
v -0.0658193 0.3005728 0.2207420
v -0.0665716 0.3030087 0.2201225
v -0.0678303 0.3070754 0.2198047
v -0.0661074 0.2956460 0.2188175
v -0.0689676 0.3058010 0.2160769
v -0.0687000 0.2918510 0.2072045
v -0.0716756 0.3020261 0.2046604
v -0.0700742 0.2906056 0.2036173
v -0.0704071 0.2947073 0.2028661
v -0.0710492 0.2970971 0.2022938
v -0.0728487 0.3006350 0.2009591
v -0.0695041 0.2910809 0.2026616
v -0.0699546 0.2937638 0.2018612
v -0.0710025 0.2975237 0.2008718
v -0.0720032 0.3001147 0.2002674
v -0.0622170 0.2981962 0.2220445
v -0.0628859 0.3009321 0.2212897
v -0.0638727 0.3045903 0.2203128
v -0.0647343 0.3072958 0.2196328
v -0.0610120 0.2977624 0.2211656
v -0.0627561 0.3011941 0.2197275
v -0.0633998 0.3036285 0.2190725
v -0.0637870 0.3077936 0.2185069
v -0.0625349 0.2963607 0.2177850
v -0.0651979 0.3065356 0.2149140
v -0.0649972 0.2925790 0.2060865
v -0.0679846 0.3027195 0.2034242
v -0.0657246 0.2914290 0.2023412
v -0.0674409 0.2953193 0.2019073
v -0.0680581 0.2975071 0.2012653
v -0.0685192 0.3015311 0.1996638
v -0.0676304 0.2913961 0.2020333
v -0.0681083 0.2941538 0.2012586
v -0.0693047 0.2978915 0.2002991
v -0.0701472 0.3004938 0.1996221
v -0.0578337 0.2981152 0.2187705
v -0.0605654 0.3079510 0.2161877
v -0.0600573 0.2963756 0.2152555
v -0.0628033 0.3065334 0.2124061
v -0.0589662 0.2961443 0.2132439
v -0.0617055 0.3063425 0.2105401
v -0.0619159 0.2935993 0.2067200
v -0.0645653 0.3038212 0.2040121
v -0.0627466 0.2923058 0.2019488
v -0.0654654 0.3021342 0.1993442
v -0.0612784 0.2938054 0.2010046
v -0.0611338 0.2958480 0.2002128
v -0.0619943 0.2991754 0.1993589
v -0.0633490 0.3012903 0.1990208
v -0.0567077 0.2919955 0.2037236
v -0.0526771 0.2969179 0.2188331
v -0.0583782 0.2931713 0.2016577
v -0.0569342 0.2932853 0.2038658
v -0.0553791 0.2958264 0.2108534
v -0.0543194 0.2980843 0.2159859
v -0.0537072 0.2988363 0.2177420
v -0.0533384 0.3000824 0.2200047
v -0.0590659 0.2960014 0.2009643
v -0.0577779 0.2964266 0.2033371
v -0.0566592 0.2985016 0.2102848
v -0.0548741 0.3001412 0.2154370
v -0.0547242 0.3018448 0.2169491
v -0.0549490 0.3026402 0.2203353
v -0.0607462 0.3004873 0.1995683
v -0.0598639 0.3017095 0.2008048
v -0.0582893 0.3040547 0.2088375
v -0.0562852 0.3064252 0.2158498
v -0.0560004 0.3066664 0.2192381
v -0.0608859 0.3033927 0.1991447
v -0.0600768 0.3040009 0.2006641
v -0.0590597 0.3057094 0.2047278
v -0.0584825 0.3061129 0.2081942
v -0.0562849 0.3081636 0.2150913
v -0.0557768 0.3091323 0.2175807
v -0.0604304 0.3061484 0.2001037
v -0.0565319 0.3112197 0.2150826
v -0.0537945 0.2923367 0.2042199
v -0.0525829 0.2924392 0.2076144
v -0.0519302 0.2933984 0.2111304
v -0.0507329 0.2946710 0.2144441
v -0.0503944 0.2966194 0.2171425
v -0.0560369 0.2939236 0.2006619
v -0.0551111 0.2944264 0.2028592
v -0.0534672 0.2942935 0.2063299
v -0.0510196 0.2972578 0.2149651
v -0.0510301 0.2985283 0.2163241
v -0.0515584 0.3001942 0.2191830
v -0.0567671 0.2966314 0.2002816
v -0.0558344 0.2963082 0.2018246
v -0.0522393 0.3024721 0.2163540
v -0.0517957 0.3027418 0.2190614
v -0.0578616 0.3005242 0.1985413
v -0.0542227 0.3069029 0.2150259
v -0.0530470 0.3074111 0.2178067
v -0.0584701 0.3033677 0.1982958
v -0.0576582 0.3052947 0.1998427
v -0.0572169 0.3066571 0.2033080
v -0.0578159 0.3079438 0.2074041
v -0.0555693 0.3090254 0.2106625
v -0.0540393 0.3103633 0.2148719
v -0.0540397 0.3094715 0.2166899
v -0.0577366 0.3074392 0.2003497
v -0.0570412 0.3093151 0.2032926
v -0.0563883 0.3103711 0.2067334
v -0.0553114 0.3117579 0.2098833
v -0.0544149 0.3117482 0.2131161
v -0.0518472 0.2928270 0.2014296
v -0.0514723 0.2926926 0.2034649
v -0.0502121 0.2932280 0.2069683
v -0.0500364 0.2940646 0.2099950
v -0.0488971 0.2948158 0.2136320
v -0.0487690 0.2963148 0.2162190
v -0.0523937 0.2946731 0.1998481
v -0.0505205 0.2943099 0.2021926
v -0.0501758 0.2952116 0.2064444
v -0.0489673 0.2970484 0.2121069
v -0.0486247 0.2990866 0.2158658
v -0.0525876 0.2973258 0.1988343
v -0.0480092 0.3047028 0.2149129
v -0.0485965 0.3044928 0.2175792
v -0.0535884 0.3009787 0.1977253
v -0.0487760 0.3066493 0.2143974
v -0.0493576 0.3071544 0.2168350
v -0.0554276 0.3037694 0.1973458
v -0.0552574 0.3062252 0.1982426
v -0.0514915 0.3102043 0.2098496
v -0.0508931 0.3098747 0.2128657
v -0.0514043 0.3098252 0.2152638
v -0.0555570 0.3065846 0.1977584
v -0.0557850 0.3078201 0.1994753
v -0.0542210 0.3095799 0.2027797
v -0.0537658 0.3101891 0.2053840
v -0.0527839 0.3119316 0.2090372
v -0.0526645 0.3122269 0.2117955
v -0.0479716 0.2935737 0.2000955
v -0.0479961 0.2938775 0.2022037
v -0.0468630 0.2948164 0.2053595
v -0.0456697 0.2952200 0.2081503
v -0.0451295 0.2968428 0.2119788
v -0.0446417 0.2979151 0.2144787
v -0.0495661 0.2955571 0.1987682
v -0.0481203 0.2947695 0.2019000
v -0.0462650 0.2950778 0.2033260
v -0.0458423 0.2979815 0.2124456
v -0.0447670 0.3002863 0.2152577
v -0.0456418 0.3016068 0.2171151
v -0.0498135 0.2986734 0.1980570
v -0.0461599 0.3048667 0.2143770
v -0.0454505 0.3041004 0.2166954
v -0.0509691 0.3015766 0.1974219
v -0.0469301 0.3068500 0.2139089
v -0.0466763 0.3082039 0.2155438
v -0.0515660 0.3045529 0.1957671
v -0.0517928 0.3069097 0.1970704
v -0.0482280 0.3106509 0.2082535
v -0.0484633 0.3110822 0.2121990
v -0.0481134 0.3101595 0.2147230
v -0.0516542 0.3072306 0.1964513
v -0.0516507 0.3085389 0.1981924
v -0.0502167 0.3098139 0.2014193
v -0.0505456 0.3114503 0.2041186
v -0.0500044 0.3123920 0.2083375
v -0.0497377 0.3123825 0.2107630
v -0.0440747 0.2943447 0.1988527
v -0.0433916 0.2945031 0.2010251
v -0.0439666 0.2947264 0.2037091
v -0.0413619 0.2955244 0.2073302
v -0.0414612 0.2977840 0.2115999
v -0.0408690 0.2985201 0.2133855
v -0.0453824 0.2963454 0.1973620
v -0.0444620 0.2953894 0.2012568
v -0.0444649 0.2957330 0.2026468
v -0.0415197 0.2986120 0.2118707
v -0.0404084 0.3017142 0.2145459
v -0.0404962 0.3026507 0.2151935
v -0.0471837 0.2991427 0.1972318
v -0.0412418 0.3047522 0.2149118
v -0.0479866 0.3020892 0.1964638
v -0.0422423 0.3086968 0.2140034
v -0.0476271 0.3051968 0.1950567
v -0.0479916 0.3074016 0.1961160
v -0.0460848 0.3114038 0.2081449
v -0.0441797 0.3117476 0.2110740
v -0.0427052 0.3110921 0.2129236
v -0.0477329 0.3079109 0.1952326
v -0.0477682 0.3090917 0.1972420
v -0.0477078 0.3106509 0.2001205
v -0.0463207 0.3125895 0.2033117
v -0.0454795 0.3129116 0.2067126
v -0.0442238 0.3133062 0.2094633
v -0.0410481 0.2949893 0.2005081
v -0.0403742 0.2957151 0.2035728
v -0.0395735 0.2960442 0.2064628
v -0.0385664 0.2985673 0.2099357
v -0.0375047 0.2993620 0.2128099
v -0.0418813 0.2969810 0.1958165
v -0.0419268 0.2959920 0.1992664
v -0.0406875 0.2965273 0.2020241
v -0.0393997 0.2989390 0.2109261
v -0.0382200 0.3022434 0.2137155
v -0.0377597 0.3029458 0.2143448
v -0.0428185 0.2989269 0.1947010
v -0.0373655 0.3044438 0.2133034
v -0.0382576 0.3054079 0.2137027
v -0.0439848 0.3029222 0.1936803
v -0.0395879 0.3101532 0.2120133
v -0.0390426 0.3091002 0.2128494
v -0.0442267 0.3057447 0.1936930
v -0.0453736 0.3073871 0.1958785
v -0.0440115 0.3108422 0.2028781
v -0.0407733 0.3109869 0.2067614
v -0.0402919 0.3114803 0.2103296
v -0.0401147 0.3116791 0.2120143
v -0.0451072 0.3083837 0.1944756
v -0.0454072 0.3093892 0.1963196
v -0.0438575 0.3114767 0.1989083
v -0.0442295 0.3115387 0.2023320
v -0.0413249 0.3133947 0.2089259
v -0.0366446 0.2954809 0.1990089
v -0.0357198 0.2957128 0.2021152
v -0.0349664 0.2964479 0.2056841
v -0.0339985 0.2975584 0.2081503
v -0.0348804 0.2995486 0.2114833
v -0.0394548 0.2965900 0.1960847
v -0.0381715 0.2962491 0.1976456
v -0.0359139 0.2973083 0.2007142
v -0.0349094 0.3021129 0.2125129
v -0.0352759 0.3038218 0.2133554
v -0.0401710 0.3000760 0.1936170
v -0.0355388 0.3053062 0.2124451
v -0.0354093 0.3061832 0.2126227
v -0.0409744 0.3036646 0.1927385
v -0.0392410 0.3061304 0.1948289
v -0.0361749 0.3101358 0.2109422
v -0.0359532 0.3095243 0.2117525
v -0.0423248 0.3071055 0.1932760
v -0.0412194 0.3078794 0.1946224
v -0.0389601 0.3097015 0.1978418
v -0.0391314 0.3116919 0.2011096
v -0.0389653 0.3128095 0.2051512
v -0.0373176 0.3124040 0.2097290
v -0.0374091 0.3117329 0.2112443
v -0.0407614 0.3106314 0.1950045
v -0.0402620 0.3123671 0.1976613
v -0.0396200 0.3134578 0.2009998
v -0.0386613 0.3145405 0.2037144
v -0.0388016 0.3141538 0.2075629
v -0.0337218 0.2962979 0.1984877
v -0.0339139 0.2964964 0.2013802
v -0.0329783 0.2975253 0.2046393
v -0.0314389 0.2988920 0.2079048
v -0.0301661 0.3004195 0.2097492
v -0.0367902 0.2967025 0.1957206
v -0.0350140 0.2970154 0.1977052
v -0.0354760 0.2970890 0.2000253
v -0.0307786 0.3030342 0.2111316
v -0.0328157 0.3046667 0.2122748
v -0.0383735 0.3023914 0.1941692
v -0.0372795 0.3028734 0.1948701
v -0.0309025 0.3067232 0.2105971
v -0.0315835 0.3063909 0.2113474
v -0.0376769 0.3065485 0.1947777
v -0.0322211 0.3103994 0.2095046
v -0.0326311 0.3105094 0.2102210
v -0.0398233 0.3082086 0.1926974
v -0.0381066 0.3081528 0.1947241
v -0.0390147 0.3104528 0.1966853
v -0.0349703 0.3136892 0.2047632
v -0.0339021 0.3132182 0.2078257
v -0.0347274 0.3117563 0.2103830
v -0.0375674 0.3113105 0.1944933
v -0.0381264 0.3123098 0.1971056
v -0.0372777 0.3134505 0.2004300
v -0.0357878 0.3147562 0.2037901
v -0.0341269 0.3149724 0.2058660
v -0.0306830 0.2962602 0.1966895
v -0.0281644 0.2997626 0.2070779
v -0.0287611 0.3010378 0.2092709
v -0.0291617 0.3032138 0.2100593
v -0.0297461 0.3063177 0.2101734
v -0.0300593 0.3109317 0.2053473
v -0.0307845 0.3109357 0.2085614
v -0.0315053 0.3145528 0.2044127
v -0.0318247 0.3135999 0.2069452
v -0.0348690 0.3117759 0.1925452
v -0.0323466 0.3151917 0.2029301
v -0.0325188 0.3150079 0.2055823
v -0.0270821 0.2970614 0.1960533
v -0.0235495 0.2994948 0.2032049
v -0.0247642 0.3001426 0.2052578
v -0.0273436 0.3106795 0.2062442
v -0.0280971 0.3134737 0.2054986
v -0.0312652 0.3125778 0.1919086
v -0.0279364 0.3157635 0.1988637
v -0.0289457 0.3156613 0.2011200
v -0.0251293 0.2982059 0.1958628
v -0.0237830 0.2985018 0.1981173
v -0.0228992 0.2996707 0.2015674
v -0.0230026 0.3008688 0.2036930
v -0.0289993 0.3125578 0.1920331
v -0.0279638 0.3140191 0.1939741
v -0.0270743 0.3151714 0.1974317
v -0.0268726 0.3152208 0.1998633
v -0.0201143 0.3021738 0.2020609
v -0.0201266 0.3036271 0.2017439
v -0.0205089 0.3059922 0.2011604
v -0.0199835 0.3076072 0.2009085
v -0.0206307 0.3100448 0.2002600
v -0.0219881 0.3114274 0.1997074
v -0.0228454 0.3136377 0.1990689
v -0.0235418 0.3148570 0.1986750
v -0.0211449 0.3006099 0.2022074
v -0.0211582 0.3030804 0.2016699
v -0.0238850 0.3135120 0.1989023
v -0.0248240 0.3154919 0.1982984
v -0.0223173 0.2995578 0.2022167
v -0.0229615 0.3019467 0.2015792
v -0.0260626 0.3134473 0.1985103
v -0.0265143 0.3158395 0.1979080
v -0.0197906 0.3030407 0.2005828
v -0.0197443 0.3053770 0.2001791
v -0.0201873 0.3076864 0.1991298
v -0.0207901 0.3098372 0.1984792
v -0.0214611 0.3117436 0.1984801
v -0.0226537 0.3136587 0.1977494
v -0.0207623 0.3005929 0.2006130
v -0.0244486 0.3133670 0.1988286
v -0.0246598 0.3150465 0.1967561
v -0.0222735 0.2992481 0.2009123
v -0.0230469 0.3014251 0.2001012
v -0.0261972 0.3131078 0.1969836
v -0.0266142 0.3153944 0.1962683
v -0.0196651 0.3026754 0.1984165
v -0.0197099 0.3046905 0.1977935
v -0.0201379 0.3070270 0.1972098
v -0.0207993 0.3094104 0.1965701
v -0.0214546 0.3111607 0.1960669
v -0.0224438 0.3129805 0.1956666
v -0.0204173 0.3003177 0.1985595
v -0.0196853 0.3016309 0.1979063
v -0.0228898 0.3135146 0.1947352
v -0.0242300 0.3144570 0.1947865
v -0.0229634 0.2982705 0.1985866
v -0.0221408 0.2987942 0.1989756
v -0.0233399 0.3008175 0.1986391
v -0.0265556 0.3127421 0.1954564
v -0.0265346 0.3149715 0.1946327
v -0.0274015 0.3148132 0.1942126
v -0.0234425 0.2978716 0.1978567
v -0.0241220 0.3001897 0.1971690
v -0.0273491 0.3121575 0.1939754
v -0.0278941 0.3145550 0.1934682
v -0.0194144 0.3023143 0.1961620
v -0.0196098 0.3043875 0.1957893
v -0.0200672 0.3069031 0.1950501
v -0.0205514 0.3086278 0.1945862
v -0.0212579 0.3104995 0.1941583
v -0.0221117 0.3123171 0.1934928
v -0.0200578 0.2998670 0.1965336
v -0.0194536 0.3013421 0.1963635
v -0.0226296 0.3131202 0.1932205
v -0.0238738 0.3140186 0.1927572
v -0.0224431 0.2977610 0.1960196
v -0.0214709 0.2984018 0.1965040
v -0.0257943 0.3144351 0.1922255
v -0.0268841 0.3142303 0.1916248
v -0.0241439 0.2973274 0.1967625
v -0.0249239 0.2997582 0.1963622
v -0.0281510 0.3117259 0.1931686
v -0.0285912 0.3141315 0.1923517
v -0.0264603 0.2963381 0.1958534
v -0.0272889 0.2987923 0.1951325
v -0.0305160 0.3107601 0.1919389
v -0.0311052 0.3132942 0.1912698
v -0.0269506 0.2960666 0.1953688
v -0.0288658 0.2960939 0.1949323
v -0.0276295 0.2985843 0.1946970
v -0.0308566 0.3105520 0.1915034
v -0.0331992 0.3119317 0.1907236
v -0.0315355 0.3130696 0.1908316
v -0.0302274 0.2957869 0.1951061
v -0.0345171 0.3116076 0.1908916
v -0.0191457 0.3019398 0.1942718
v -0.0193163 0.3037607 0.1936626
v -0.0197770 0.3063419 0.1930181
v -0.0203360 0.3083197 0.1924855
v -0.0210297 0.3101148 0.1919670
v -0.0218159 0.3118421 0.1916294
v -0.0196760 0.2992796 0.1945300
v -0.0191204 0.3009015 0.1943168
v -0.0222890 0.3126521 0.1911811
v -0.0235654 0.3137034 0.1906810
v -0.0212843 0.2978482 0.1945696
v -0.0225891 0.3001321 0.1929701
v -0.0224709 0.3019965 0.1925340
v -0.0244731 0.3094213 0.1905527
v -0.0255100 0.3109643 0.1900796
v -0.0256491 0.3140349 0.1902502
v -0.0238009 0.2967955 0.1942512
v -0.0243815 0.2973550 0.1935798
v -0.0252568 0.2999394 0.1932570
v -0.0256548 0.3010488 0.1929634
v -0.0277529 0.3088298 0.1908871
v -0.0279655 0.3099847 0.1905765
v -0.0285256 0.3124762 0.1895754
v -0.0283023 0.3134877 0.1897971
v -0.0262855 0.2961405 0.1947998
v -0.0255418 0.2968694 0.1940126
v -0.0269947 0.2994841 0.1932765
v -0.0272047 0.3005230 0.1924510
v -0.0292893 0.3082535 0.1903881
v -0.0296996 0.3095151 0.1905997
v -0.0298884 0.3124953 0.1899177
v -0.0306792 0.3130782 0.1902077
v -0.0269212 0.2960364 0.1952015
v -0.0276268 0.2962075 0.1941286
v -0.0283883 0.2988347 0.1929095
v -0.0278479 0.3003254 0.1919905
v -0.0298859 0.3078833 0.1899736
v -0.0311760 0.3091729 0.1901508
v -0.0319159 0.3120670 0.1899103
v -0.0315031 0.3130280 0.1906672
v -0.0302494 0.2954292 0.1936264
v -0.0344198 0.3111958 0.1893987
v -0.0313822 0.2951772 0.1931077
v -0.0355404 0.3105630 0.1889371
v -0.0188107 0.3015883 0.1923885
v -0.0189276 0.3031515 0.1916608
v -0.0193983 0.3058612 0.1909862
v -0.0199888 0.3079447 0.1904249
v -0.0207258 0.3098200 0.1898813
v -0.0214523 0.3113845 0.1897744
v -0.0192815 0.2989006 0.1926727
v -0.0201577 0.3013117 0.1926071
v -0.0207387 0.3028585 0.1921822
v -0.0225103 0.3094287 0.1904290
v -0.0227859 0.3110584 0.1900062
v -0.0231809 0.3133053 0.1887788
v -0.0213017 0.2973216 0.1923135
v -0.0219468 0.3007991 0.1922723
v -0.0231230 0.3024471 0.1913312
v -0.0246785 0.3082154 0.1897919
v -0.0245471 0.3104424 0.1896990
v -0.0255576 0.3133765 0.1881505
v -0.0263230 0.3133176 0.1876637
v -0.0228137 0.2967484 0.1928430
v -0.0236691 0.2972712 0.1924531
v -0.0247140 0.2997632 0.1920221
v -0.0241449 0.3022858 0.1913112
v -0.0256506 0.3078437 0.1898300
v -0.0274194 0.3097963 0.1893448
v -0.0277580 0.3123603 0.1885494
v -0.0273556 0.3133402 0.1884995
v -0.0257798 0.2962166 0.1921266
v -0.0267329 0.3006646 0.1916227
v -0.0287065 0.3079835 0.1896697
v -0.0298694 0.3120411 0.1879676
v -0.0276162 0.2956301 0.1918218
v -0.0289703 0.2982147 0.1919298
v -0.0318531 0.3089054 0.1890770
v -0.0318751 0.3114250 0.1875964
v -0.0298763 0.2949736 0.1912789
v -0.0340888 0.3105979 0.1871010
v -0.0320512 0.2950740 0.1910094
v -0.0358961 0.3093644 0.1871564
v -0.0331818 0.2956018 0.1897251
v -0.0364852 0.3078294 0.1864493
v -0.0181829 0.3005929 0.1896059
v -0.0183672 0.3026799 0.1891195
v -0.0188301 0.3053521 0.1884545
v -0.0194105 0.3074009 0.1879026
v -0.0201392 0.3092515 0.1873659
v -0.0210235 0.3111272 0.1867949
v -0.0187995 0.2982667 0.1899949
v -0.0203734 0.3029955 0.1891437
v -0.0217446 0.3080807 0.1877867
v -0.0227073 0.3127588 0.1861276
v -0.0207121 0.2976231 0.1902109
v -0.0246648 0.3125651 0.1863118
v -0.0227595 0.2967969 0.1900223
v -0.0270204 0.3120043 0.1860465
v -0.0252325 0.2957423 0.1897780
v -0.0295130 0.3114932 0.1855221
v -0.0270858 0.2952337 0.1896271
v -0.0313261 0.3109825 0.1855413
v -0.0294500 0.2946509 0.1892831
v -0.0336156 0.3101077 0.1851428
v -0.0315777 0.2948285 0.1892395
v -0.0353626 0.3089792 0.1854556
v -0.0332779 0.2957247 0.1893717
v -0.0364413 0.3075867 0.1861785
v -0.0176943 0.3002994 0.1875704
v -0.0178634 0.3023787 0.1870894
v -0.0183151 0.3049795 0.1864423
v -0.0188759 0.3069620 0.1859083
v -0.0195861 0.3087673 0.1853846
v -0.0204792 0.3106275 0.1848144
v -0.0179826 0.2984487 0.1879159
v -0.0216469 0.3120378 0.1842897
v -0.0206297 0.2973019 0.1889103
v -0.0244275 0.3119138 0.1845565
v -0.0227217 0.2963276 0.1884849
v -0.0267601 0.3115477 0.1838776
v -0.0246875 0.2954283 0.1878456
v -0.0290345 0.3110889 0.1837018
v -0.0268298 0.2947834 0.1873188
v -0.0310479 0.3103651 0.1833002
v -0.0290519 0.2943604 0.1873171
v -0.0331864 0.3095681 0.1831986
v -0.0343076 0.3092731 0.1839681
v -0.0172134 0.2996303 0.1856180
v -0.0173321 0.3021127 0.1850610
v -0.0177698 0.3046235 0.1844365
v -0.0183058 0.3065222 0.1839253
v -0.0189925 0.3082705 0.1834178
v -0.0201293 0.3104441 0.1827324
v -0.0179591 0.2974360 0.1859487
v -0.0218564 0.3118889 0.1820919
v -0.0200896 0.2969903 0.1864758
v -0.0240345 0.3113427 0.1822032
v -0.0219905 0.2959025 0.1857510
v -0.0264464 0.3110166 0.1816666
v -0.0243882 0.2949883 0.1855369
v -0.0286504 0.3105063 0.1814964
v -0.0265339 0.2944458 0.1852394
v -0.0306650 0.3097918 0.1812620
v -0.0278540 0.2942327 0.1855347
v -0.0322499 0.3094345 0.1817809
v -0.0168704 0.2981755 0.1838065
v -0.0167039 0.2992650 0.1836047
v -0.0167939 0.3018565 0.1830311
v -0.0172168 0.3042715 0.1824306
v -0.0177264 0.3060812 0.1819435
v -0.0183882 0.3077689 0.1814533
v -0.0196036 0.3100183 0.1807352
v -0.0202879 0.3108493 0.1804245
v -0.0174436 0.2971794 0.1839106
v -0.0215001 0.3114830 0.1800554
v -0.0194563 0.2965706 0.1838560
v -0.0236056 0.3109448 0.1800824
v -0.0217434 0.2953851 0.1832678
v -0.0258818 0.3104760 0.1795400
v -0.0240128 0.2946773 0.1834084
v -0.0280243 0.3099454 0.1793435
v -0.0257014 0.2943191 0.1834975
v -0.0298078 0.3094111 0.1794484
v -0.0163974 0.2978916 0.1817634
v -0.0162139 0.2989994 0.1815612
v -0.0162781 0.3015831 0.1809945
v -0.0166867 0.3039085 0.1804163
v -0.0171721 0.3056359 0.1799515
v -0.0178106 0.3072665 0.1794779
v -0.0190440 0.3094947 0.1787605
v -0.0197519 0.3103316 0.1784438
v -0.0171386 0.2966298 0.1818920
v -0.0210099 0.3109864 0.1780610
v -0.0191478 0.2960486 0.1815405
v -0.0229713 0.3103196 0.1778523
v -0.0219525 0.2948643 0.1810049
v -0.0258836 0.3097483 0.1773985
v -0.0233979 0.2945589 0.1817629
v -0.0274707 0.3094939 0.1777195
v -0.0161052 0.2972301 0.1797593
v -0.0158914 0.2987040 0.1799557
v -0.0159313 0.3013475 0.1794586
v -0.0163307 0.3036174 0.1788938
v -0.0168015 0.3052950 0.1784426
v -0.0174258 0.3068897 0.1779797
v -0.0186997 0.3091188 0.1771765
v -0.0195566 0.3100293 0.1763439
v -0.0168411 0.2961507 0.1798518
v -0.0207194 0.3105333 0.1760138
v -0.0189771 0.2956478 0.1797839
v -0.0227854 0.3098277 0.1759600
v -0.0210052 0.2950729 0.1800792
v -0.0247695 0.3094924 0.1762325
v -0.0158601 0.2969844 0.1782043
v -0.0155425 0.2980149 0.1775257
v -0.0154497 0.3003155 0.1767351
v -0.0159017 0.3030722 0.1763291
v -0.0163550 0.3046882 0.1758946
v -0.0171031 0.3065237 0.1751127
v -0.0184144 0.3086652 0.1746837
v -0.0192628 0.3096033 0.1748370
v -0.0165128 0.2958856 0.1776188
v -0.0157441 0.2968024 0.1766209
v -0.0190482 0.3090554 0.1733512
v -0.0202769 0.3098448 0.1738938
v -0.0177088 0.2948443 0.1776237
v -0.0218554 0.3101130 0.1736959
v -0.0155446 0.2978181 0.1751446
v -0.0154212 0.2996930 0.1748119
v -0.0157304 0.3019834 0.1739885
v -0.0163971 0.3043846 0.1733903
v -0.0171704 0.3061743 0.1730645
v -0.0182095 0.3077006 0.1725075
v -0.0166571 0.2956723 0.1755892
v -0.0159953 0.2967148 0.1749454
v -0.0190980 0.3082209 0.1718750
v -0.0202237 0.3090256 0.1721005
v -0.0175505 0.2949955 0.1752270
v -0.0213186 0.3089452 0.1715606
v -0.0157927 0.2994976 0.1729512
v -0.0160497 0.3015957 0.1723439
v -0.0166616 0.3037538 0.1717628
v -0.0173583 0.3053034 0.1714019
v -0.0165039 0.2968785 0.1732862
v -0.0163825 0.2985418 0.1720322
v -0.0164422 0.3013292 0.1713452
v -0.0169914 0.3032560 0.1708262
v -0.0182081 0.3053119 0.1702256
v -0.0192136 0.3070543 0.1705756
v -0.0175621 0.2953105 0.1739065
v -0.0175497 0.2960429 0.1725726
v -0.0205184 0.3069340 0.1697021
v -0.0210236 0.3081134 0.1705686
v -0.0172144 0.2987727 0.1707265
v -0.0172686 0.3006867 0.1702199
v -0.0178758 0.3027452 0.1696474
v -0.0186611 0.3041377 0.1692948
v -0.0177262 0.2968049 0.1714076
v -0.0178802 0.2980029 0.1703986
v -0.0183554 0.3000519 0.1692452
v -0.0189188 0.3020397 0.1687121
v -0.0196007 0.3043946 0.1687618
v -0.0201414 0.3057455 0.1690591
v -0.0223558 0.2946462 0.1755702
v -0.0207138 0.2950234 0.1757066
v -0.0195812 0.2954462 0.1756931
v -0.0247616 0.2942374 0.1772033
v -0.0229360 0.2944114 0.1769606
v -0.0210087 0.2948579 0.1770286
v -0.0189292 0.2957801 0.1773940
v -0.0271437 0.2942280 0.1791032
v -0.0254488 0.2940712 0.1788066
v -0.0232791 0.2943242 0.1790798
v -0.0213219 0.2948841 0.1794587
v -0.0192638 0.2958347 0.1793655
v -0.0276885 0.2940842 0.1808427
v -0.0256136 0.2940526 0.1810198
v -0.0236526 0.2944219 0.1811902
v -0.0220900 0.2947376 0.1805478
v -0.0300163 0.2944721 0.1831526
v -0.0283469 0.2940693 0.1828560
v -0.0259851 0.2942024 0.1830361
v -0.0303089 0.2944064 0.1848045
v -0.0286670 0.2941413 0.1850547
v -0.0270709 0.2942445 0.1847039
v -0.0310258 0.2946030 0.1868794
v -0.0294033 0.2942632 0.1868507
v -0.0319298 0.2949106 0.1887560
v -0.0222551 0.2958893 0.1728428
v -0.0206411 0.2960540 0.1728494
v -0.0186424 0.2967665 0.1731830
v -0.0246980 0.2953897 0.1744991
v -0.0228947 0.2951345 0.1742259
v -0.0207215 0.2952841 0.1744389
v -0.0185956 0.2960882 0.1750162
v -0.0270959 0.2953866 0.1764114
v -0.0255968 0.2948528 0.1760877
v -0.0236833 0.2945156 0.1757398
v -0.0181427 0.2961463 0.1766777
v -0.0279374 0.2950104 0.1781123
v -0.0264803 0.2942989 0.1781023
v -0.0300554 0.2955169 0.1802749
v -0.0288370 0.2947693 0.1798768
v -0.0306671 0.2952129 0.1822187
v -0.0327709 0.2963537 0.1849358
v -0.0315985 0.2953249 0.1842226
v -0.0330438 0.2961448 0.1864579
v -0.0323451 0.2954584 0.1861213
v -0.0334026 0.2960583 0.1884585
v -0.0327641 0.2954195 0.1882087
v -0.0248328 0.2975988 0.1723942
v -0.0228826 0.2969178 0.1721014
v -0.0209301 0.2973920 0.1715026
v -0.0191332 0.2980056 0.1716598
v -0.0257527 0.2967893 0.1736854
v -0.0238574 0.2962897 0.1729666
v -0.0279210 0.2968085 0.1755629
v -0.0265990 0.2962917 0.1747993
v -0.0300087 0.2970292 0.1779319
v -0.0290269 0.2965352 0.1771697
v -0.0307928 0.2968706 0.1794374
v -0.0320222 0.2971742 0.1814459
v -0.0330995 0.2974590 0.1836879
v -0.0323940 0.2966156 0.1832909
v -0.0337603 0.2976095 0.1855180
v -0.0344616 0.2980749 0.1872565
v -0.0206903 0.3000967 0.1703446
v -0.0200786 0.3001567 0.1704406
v -0.0251896 0.2988744 0.1717998
v -0.0239765 0.2991382 0.1711453
v -0.0214136 0.2993474 0.1705747
v -0.0192416 0.2998094 0.1708077
v -0.0279191 0.2989962 0.1736847
v -0.0264762 0.2987941 0.1726715
v -0.0288129 0.2987151 0.1748074
v -0.0306385 0.2988293 0.1770262
v -0.0299027 0.2987818 0.1760378
v -0.0318155 0.2989681 0.1788339
v -0.0332773 0.2996983 0.1810422
v -0.0327713 0.2989557 0.1807318
v -0.0339100 0.2995628 0.1828326
v -0.0347223 0.2996847 0.1851954
v -0.0353160 0.3001917 0.1866204
v -0.0210982 0.3016412 0.1699424
v -0.0205012 0.3016849 0.1700297
v -0.0257620 0.3009959 0.1712542
v -0.0245214 0.3010859 0.1706512
v -0.0220443 0.3018667 0.1699116
v -0.0200362 0.3025656 0.1700698
v -0.0283303 0.3005214 0.1732963
v -0.0270260 0.3008720 0.1721324
v -0.0293693 0.3008375 0.1742501
v -0.0312054 0.3009420 0.1764866
v -0.0304609 0.3008592 0.1755077
v -0.0323951 0.3011325 0.1782805
v -0.0336066 0.3009302 0.1807273
v -0.0334823 0.3015389 0.1801038
v -0.0344326 0.3015830 0.1822734
v -0.0353707 0.3021717 0.1845024
v -0.0358114 0.3020324 0.1861311
v -0.0260753 0.3022001 0.1711709
v -0.0247634 0.3034115 0.1704004
v -0.0226627 0.3037933 0.1698010
v -0.0208041 0.3042192 0.1699970
v -0.0273554 0.3030163 0.1719866
v -0.0259984 0.3038622 0.1709908
v -0.0295409 0.3028125 0.1739615
v -0.0285361 0.3034675 0.1728896
v -0.0315553 0.3027669 0.1763944
v -0.0308360 0.3032442 0.1753751
v -0.0325034 0.3032178 0.1777352
v -0.0336863 0.3033481 0.1797908
v -0.0347750 0.3036734 0.1820244
v -0.0345065 0.3044515 0.1811921
v -0.0355117 0.3041034 0.1837820
v -0.0361176 0.3042760 0.1855702
v -0.0246891 0.3049066 0.1704416
v -0.0232011 0.3055213 0.1703043
v -0.0212045 0.3060919 0.1706764
v -0.0272670 0.3049016 0.1719708
v -0.0257797 0.3058171 0.1713851
v -0.0238222 0.3068658 0.1714043
v -0.0217131 0.3074163 0.1719065
v -0.0295992 0.3046623 0.1739392
v -0.0285044 0.3056203 0.1732231
v -0.0269522 0.3066161 0.1725243
v -0.0215714 0.3083401 0.1733732
v -0.0307237 0.3053393 0.1753527
v -0.0297888 0.3065562 0.1748342
v -0.0326029 0.3049684 0.1777407
v -0.0318429 0.3059171 0.1768910
v -0.0335249 0.3058142 0.1793762
v -0.0351664 0.3052374 0.1825588
v -0.0345379 0.3062267 0.1813024
v -0.0356952 0.3059756 0.1838300
v -0.0353666 0.3066614 0.1831247
v -0.0363131 0.3067977 0.1856371
v -0.0360147 0.3074677 0.1849901
v -0.0257112 0.3070665 0.1722696
v -0.0243873 0.3075336 0.1723101
v -0.0227730 0.3079875 0.1726660
v -0.0282078 0.3069972 0.1738096
v -0.0265040 0.3076178 0.1734520
v -0.0245390 0.3082086 0.1734286
v -0.0224706 0.3086601 0.1740265
v -0.0305256 0.3067618 0.1757552
v -0.0290859 0.3075435 0.1752169
v -0.0271104 0.3085086 0.1753080
v -0.0251142 0.3091849 0.1756251
v -0.0228752 0.3093255 0.1756878
v -0.0312862 0.3074226 0.1772721
v -0.0295149 0.3085101 0.1771578
v -0.0276716 0.3092330 0.1772382
v -0.0259488 0.3094470 0.1765806
v -0.0334240 0.3071109 0.1797636
v -0.0320704 0.3081320 0.1791738
v -0.0300743 0.3091654 0.1790890
v -0.0339191 0.3077932 0.1812170
v -0.0327085 0.3088717 0.1811551
v -0.0310842 0.3093957 0.1805754
v -0.0347050 0.3082673 0.1831872
v -0.0334516 0.3092725 0.1828054
v -0.0355686 0.3085209 0.1851020
v -0.1366456 0.3223208 0.1886998
v -0.1366321 0.3123451 0.1874831
v -0.1345654 0.3221617 0.1893840
v -0.1345521 0.3123406 0.1881862
v -0.1303470 0.3223872 0.1901382
v -0.1303328 0.3119517 0.1888654
v -0.1269645 0.3219853 0.1910899
v -0.1273770 0.3202870 0.1906117
v -0.1273463 0.3138743 0.1898272
v -0.1269505 0.3121253 0.1898901
v -0.1231284 0.3223552 0.1900820
v -0.1231143 0.3120156 0.1888209
v -0.1214928 0.3223613 0.1890505
v -0.1214791 0.3122621 0.1878187
v -0.1374640 0.3226517 0.1868746
v -0.1374502 0.3124604 0.1856316
v -0.1336714 0.3230312 0.1862613
v -0.1336567 0.3122496 0.1849463
v -0.1308134 0.3228877 0.1876283
v -0.1307987 0.3120679 0.1863087
v -0.1270145 0.3228837 0.1876841
v -0.1269998 0.3120686 0.1863651
v -0.1242683 0.3230139 0.1865081
v -0.1242537 0.3122323 0.1851931
v -0.1200475 0.3226478 0.1870109
v -0.1200337 0.3124780 0.1857706
v -0.1397793 0.3231239 0.1818919
v -0.1397464 0.3206292 0.1818130
v -0.1397357 0.3156445 0.1812828
v -0.1397658 0.3131934 0.1806807
v -0.1392290 0.3233854 0.1832996
v -0.1385109 0.3193833 0.1826421
v -0.1385721 0.3166671 0.1823874
v -0.1392144 0.3126028 0.1819845
v -0.1350629 0.3233862 0.1834938
v -0.1350482 0.3125664 0.1821742
v -0.1227233 0.3233668 0.1837905
v -0.1227086 0.3125470 0.1824709
v -0.1184926 0.3233675 0.1837268
v -0.1189937 0.3192539 0.1829768
v -0.1190677 0.3166987 0.1825514
v -0.1184779 0.3125730 0.1824102
v -0.1179730 0.3230948 0.1827155
v -0.1179668 0.3205539 0.1823461
v -0.1179511 0.3156052 0.1815651
v -0.1179594 0.3130821 0.1814943
v -0.1397157 0.3233614 0.1799456
v -0.1397029 0.3208622 0.1799146
v -0.1397026 0.3158467 0.1793338
v -0.1397022 0.3134309 0.1787345
v -0.1391679 0.3238834 0.1789154
v -0.1383545 0.3198873 0.1790227
v -0.1384583 0.3170549 0.1785997
v -0.1391534 0.3131733 0.1776091
v -0.1352226 0.3238283 0.1798679
v -0.1352079 0.3130085 0.1785483
v -0.1223936 0.3238120 0.1801438
v -0.1223789 0.3129922 0.1788241
v -0.1184772 0.3239308 0.1794844
v -0.1189792 0.3197872 0.1793741
v -0.1190146 0.3170710 0.1790539
v -0.1184624 0.3130459 0.1781568
v -0.1179046 0.3233241 0.1807898
v -0.1179212 0.3208447 0.1803237
v -0.1179177 0.3158701 0.1796353
v -0.1178910 0.3133226 0.1795699
v -0.1378261 0.3242803 0.1754837
v -0.1378116 0.3136165 0.1741831
v -0.1332997 0.3242326 0.1765742
v -0.1332850 0.3134128 0.1752546
v -0.1322629 0.3243479 0.1756400
v -0.1322482 0.3135281 0.1743204
v -0.1252061 0.3243421 0.1757663
v -0.1251914 0.3135223 0.1744467
v -0.1241974 0.3242240 0.1767457
v -0.1241827 0.3134042 0.1754261
v -0.1195688 0.3242652 0.1755125
v -0.1195545 0.3136744 0.1742224
v -0.1373803 0.3240961 0.1731514
v -0.1373956 0.3210951 0.1715296
v -0.1373562 0.3174265 0.1711435
v -0.1373633 0.3143457 0.1719665
v -0.1323410 0.3242312 0.1732339
v -0.1323127 0.3212222 0.1715131
v -0.1323077 0.3175541 0.1710657
v -0.1323274 0.3142196 0.1720129
v -0.1321911 0.3242372 0.1732444
v -0.1321622 0.3212349 0.1714888
v -0.1321572 0.3175479 0.1710391
v -0.1321775 0.3142116 0.1720216
v -0.1251900 0.3241886 0.1732408
v -0.1251294 0.3219580 0.1718139
v -0.1251224 0.3167866 0.1711832
v -0.1251765 0.3142784 0.1720321
v -0.1250379 0.3240514 0.1731204
v -0.1247442 0.3216513 0.1717075
v -0.1247393 0.3171089 0.1711541
v -0.1250249 0.3144409 0.1719482
v -0.1196373 0.3242871 0.1735178
v -0.1202760 0.3214721 0.1717171
v -0.1203663 0.3171600 0.1712060
v -0.1196235 0.3141306 0.1722786
v -0.1268270 0.3213615 0.1707453
v -0.1304812 0.3213604 0.1706999
v -0.1268095 0.3176083 0.1703393
v -0.1304954 0.3176294 0.1702706
v -0.1211878 0.3270680 0.1686834
v -0.1233500 0.3275253 0.1692418
v -0.1266105 0.3277582 0.1695226
v -0.1303044 0.3282135 0.1694715
v -0.1343570 0.3286008 0.1690529
v -0.1368962 0.3276694 0.1689647
v -0.1176721 0.3237856 0.1684051
v -0.1193474 0.3252038 0.1691366
v -0.1226545 0.3252761 0.1692496
v -0.1269191 0.3255256 0.1698962
v -0.1300960 0.3256471 0.1699199
v -0.1346857 0.3253483 0.1689510
v -0.1381366 0.3252269 0.1686025
v -0.1175171 0.3222097 0.1684823
v -0.1195299 0.3219557 0.1691946
v -0.1222528 0.3215392 0.1692522
v -0.1264614 0.3217461 0.1692331
v -0.1306526 0.3218188 0.1690941
v -0.1350220 0.3210898 0.1688947
v -0.1379306 0.3217602 0.1686040
v -0.1174720 0.3180373 0.1677573
v -0.1197535 0.3179015 0.1686590
v -0.1221782 0.3178184 0.1688528
v -0.1264769 0.3176191 0.1686920
v -0.1306409 0.3175496 0.1685886
v -0.1349882 0.3183199 0.1685529
v -0.1379249 0.3177474 0.1679386
v -0.1176413 0.3158874 0.1675732
v -0.1192466 0.3143051 0.1677413
v -0.1226000 0.3142060 0.1679015
v -0.1269744 0.3141723 0.1685693
v -0.1300600 0.3140812 0.1685947
v -0.1346700 0.3141409 0.1676097
v -0.1382746 0.3142148 0.1674391
v -0.1211642 0.3125696 0.1668751
v -0.1233543 0.3119257 0.1672135
v -0.1266402 0.3116178 0.1673926
v -0.1302561 0.3113067 0.1674190
v -0.1342006 0.3109432 0.1668843
v -0.1368748 0.3118741 0.1670554
v -0.1239059 0.3275656 0.1667524
v -0.1288046 0.3292419 0.1653136
v -0.1360804 0.3282336 0.1655537
v -0.1193046 0.3252825 0.1645206
v -0.1220020 0.3269174 0.1669538
v -0.1257884 0.3251303 0.1666319
v -0.1313528 0.3251349 0.1665323
v -0.1387250 0.3247780 0.1656076
v -0.1181712 0.3227428 0.1639125
v -0.1241272 0.3228177 0.1663797
v -0.1252155 0.3233688 0.1664273
v -0.1319208 0.3233743 0.1663073
v -0.1330077 0.3228251 0.1662207
v -0.1392038 0.3227887 0.1654493
v -0.1173298 0.3203469 0.1635119
v -0.1180440 0.3202354 0.1644119
v -0.1241196 0.3172610 0.1657019
v -0.1252065 0.3167117 0.1656154
v -0.1319118 0.3167173 0.1654954
v -0.1330002 0.3172684 0.1655430
v -0.1391734 0.3181269 0.1645566
v -0.1257746 0.3149511 0.1653904
v -0.1313390 0.3149557 0.1652908
v -0.1387800 0.3154816 0.1649096
v -0.1361600 0.3124690 0.1632122
v -0.1236072 0.3284290 0.1623945
v -0.1265228 0.3289556 0.1624553
v -0.1291664 0.3292551 0.1629989
v -0.1342992 0.3294296 0.1627846
v -0.1366353 0.3287603 0.1609037
v -0.1176139 0.3241178 0.1630996
v -0.1193071 0.3260592 0.1621825
v -0.1220157 0.3274115 0.1632450
v -0.1385483 0.3258711 0.1604446
v -0.1174450 0.3225323 0.1630639
v -0.1182317 0.3231401 0.1607905
v -0.1387586 0.3225786 0.1604857
v -0.1173986 0.3192424 0.1620864
v -0.1180329 0.3206555 0.1609717
v -0.1387231 0.3190906 0.1600178
v -0.1176039 0.3167853 0.1622053
v -0.1186199 0.3151293 0.1616897
v -0.1385340 0.3156734 0.1591272
v -0.1208005 0.3134187 0.1608484
v -0.1233552 0.3125531 0.1600326
v -0.1264522 0.3119495 0.1598672
v -0.1292007 0.3115868 0.1602989
v -0.1342751 0.3116604 0.1606174
v -0.1366129 0.3127541 0.1589516
v -0.1209577 0.3284948 0.1567857
v -0.1292814 0.3300613 0.1581156
v -0.1341462 0.3299415 0.1579332
v -0.1358018 0.3297551 0.1572934
v -0.1191779 0.3263530 0.1577012
v -0.1212900 0.3278931 0.1566831
v -0.1391079 0.3247402 0.1586697
v -0.1174866 0.3223269 0.1578187
v -0.1182338 0.3236755 0.1577965
v -0.1390650 0.3236016 0.1583615
v -0.1174594 0.3203257 0.1573598
v -0.1179758 0.3199884 0.1575484
v -0.1390092 0.3191550 0.1575609
v -0.1187101 0.3159576 0.1562812
v -0.1391170 0.3171740 0.1578467
v -0.1209381 0.3140453 0.1550234
v -0.1277999 0.3134607 0.1563382
v -0.1303376 0.3125826 0.1560923
v -0.1337846 0.3125188 0.1558668
v -0.1358399 0.3124387 0.1568397
v -0.1233584 0.3292004 0.1557831
v -0.1262177 0.3297115 0.1557031
v -0.1286690 0.3299077 0.1558602
v -0.1188432 0.3252783 0.1547892
v -0.1221131 0.3283245 0.1563007
v -0.1389482 0.3254209 0.1542146
v -0.1179247 0.3230943 0.1532356
v -0.1386854 0.3229946 0.1538540
v -0.1177968 0.3207525 0.1527153
v -0.1386291 0.3201868 0.1522787
v -0.1211245 0.3162878 0.1547087
v -0.1215473 0.3163879 0.1538830
v -0.1388577 0.3176964 0.1515679
v -0.1231141 0.3133364 0.1539284
v -0.1261724 0.3127949 0.1536583
v -0.1286186 0.3125225 0.1537498
v -0.1211627 0.3292415 0.1512573
v -0.1286229 0.3299887 0.1517508
v -0.1353093 0.3298343 0.1510731
v -0.1364964 0.3296209 0.1526744
v -0.1192317 0.3270705 0.1513782
v -0.1219177 0.3289821 0.1499984
v -0.1381372 0.3270815 0.1521792
v -0.1183489 0.3235289 0.1500354
v -0.1385016 0.3241961 0.1507351
v -0.1182181 0.3208492 0.1497456
v -0.1384937 0.3201214 0.1501746
v -0.1191461 0.3167082 0.1501201
v -0.1223675 0.3168631 0.1499777
v -0.1381217 0.3164794 0.1508792
v -0.1211429 0.3146488 0.1494775
v -0.1352880 0.3140798 0.1491519
v -0.1363231 0.3138235 0.1504903
v -0.1223902 0.3300525 0.1478385
v -0.1262967 0.3301559 0.1487524
v -0.1292054 0.3308006 0.1486128
v -0.1336315 0.3311000 0.1483810
v -0.1354971 0.3308069 0.1482824
v -0.1198490 0.3276608 0.1477874
v -0.1214295 0.3288783 0.1462874
v -0.1186368 0.3245299 0.1475068
v -0.1185380 0.3204953 0.1468508
v -0.1196971 0.3171762 0.1463644
v -0.1232437 0.3167681 0.1456095
v -0.1385572 0.3187012 0.1448137
v -0.1219280 0.3147255 0.1459865
v -0.1298216 0.3134345 0.1463643
v -0.1337752 0.3135026 0.1462286
v -0.1354568 0.3138768 0.1456303
v -0.1229754 0.3306029 0.1441374
v -0.1259599 0.3312821 0.1439469
v -0.1298158 0.3315203 0.1438818
v -0.1332065 0.3317576 0.1433288
v -0.1361210 0.3306815 0.1450358
v -0.1201688 0.3285852 0.1450210
v -0.1219385 0.3282838 0.1443469
v -0.1253274 0.3266538 0.1423565
v -0.1378597 0.3280505 0.1441989
v -0.1216736 0.3262372 0.1428238
v -0.1381231 0.3249626 0.1430052
v -0.1215550 0.3207184 0.1423593
v -0.1381628 0.3211561 0.1423770
v -0.1201541 0.3167627 0.1435783
v -0.1220847 0.3173588 0.1422738
v -0.1378343 0.3175831 0.1427619
v -0.1229392 0.3149874 0.1423031
v -0.1258255 0.3143376 0.1419624
v -0.1294490 0.3143533 0.1414315
v -0.1331052 0.3140782 0.1411730
v -0.1360990 0.3147060 0.1430875
v -0.1238061 0.3311302 0.1408669
v -0.1261510 0.3312004 0.1414915
v -0.1300543 0.3312187 0.1413499
v -0.1331771 0.3315002 0.1402554
v -0.1361334 0.3314036 0.1396344
v -0.1231997 0.3274701 0.1403597
v -0.1258056 0.3288247 0.1412626
v -0.1299929 0.3299189 0.1403961
v -0.1328860 0.3303249 0.1396368
v -0.1382258 0.3273462 0.1390179
v -0.1225530 0.3266134 0.1398165
v -0.1381745 0.3267730 0.1383228
v -0.1375063 0.3210295 0.1385748
v -0.1228045 0.3169518 0.1392600
v -0.1256078 0.3162046 0.1401209
v -0.1333678 0.3162528 0.1379270
v -0.1381896 0.3194393 0.1375328
v -0.1238015 0.3153584 0.1387720
v -0.1261223 0.3150990 0.1393214
v -0.1299566 0.3149605 0.1394210
v -0.1331444 0.3150257 0.1382717
v -0.1360846 0.3152949 0.1376109
v -0.1223263 0.3316185 0.1373977
v -0.1342015 0.3316149 0.1373189
v -0.1361907 0.3313573 0.1371014
v -0.1224356 0.3303965 0.1370536
v -0.1315479 0.3299505 0.1383852
v -0.1343378 0.3305621 0.1365116
v -0.1373387 0.3294214 0.1369533
v -0.1377851 0.3258788 0.1360724
v -0.1350094 0.3209975 0.1357630
v -0.1376014 0.3213268 0.1355736
v -0.1211770 0.3165773 0.1354018
v -0.1347878 0.3168915 0.1354436
v -0.1375294 0.3180492 0.1353547
v -0.1224288 0.3157075 0.1353666
v -0.1341113 0.3155909 0.1354004
v -0.1361432 0.3160046 0.1350242
v -0.1219669 0.3320155 0.1336492
v -0.1280019 0.3325655 0.1351559
v -0.1340793 0.3319737 0.1337054
v -0.1359863 0.3314277 0.1348734
v -0.1222029 0.3308882 0.1332790
v -0.1337451 0.3309010 0.1330456
v -0.1367673 0.3298404 0.1342200
v -0.1366189 0.3269774 0.1332250
v -0.1351854 0.3212553 0.1336469
v -0.1371694 0.3222888 0.1337373
v -0.1209993 0.3170050 0.1318964
v -0.1348806 0.3170215 0.1316070
v -0.1374244 0.3182211 0.1332365
v -0.1221846 0.3161517 0.1316555
v -0.1279785 0.3152935 0.1330493
v -0.1339439 0.3161815 0.1318403
v -0.1361206 0.3162578 0.1330204
v -0.1233513 0.3323050 0.1307546
v -0.1260488 0.3326000 0.1293224
v -0.1300065 0.3326071 0.1293612
v -0.1325663 0.3322240 0.1304995
v -0.1230018 0.3315614 0.1302280
v -0.1259451 0.3312269 0.1295595
v -0.1299555 0.3312044 0.1292928
v -0.1333683 0.3306588 0.1293813
v -0.1304309 0.3269960 0.1278072
v -0.1330372 0.3268732 0.1292652
v -0.1309073 0.3214497 0.1270173
v -0.1333911 0.3220570 0.1276839
v -0.1227690 0.3174248 0.1284355
v -0.1253411 0.3176427 0.1266197
v -0.1304261 0.3176473 0.1265262
v -0.1327596 0.3174632 0.1280093
v -0.1232833 0.3167245 0.1288321
v -0.1258671 0.3166466 0.1275721
v -0.1296589 0.3166189 0.1274813
v -0.1324278 0.3166968 0.1286749
v -0.1273128 0.3320795 0.1279368
v -0.1289940 0.3320755 0.1279505
v -0.1271710 0.3319410 0.1278958
v -0.1304982 0.3313057 0.1274918
v -0.1334173 0.3304863 0.1266030
v -0.1304054 0.3266923 0.1272715
v -0.1330589 0.3279455 0.1269750
v -0.1310507 0.3217437 0.1263846
v -0.1332905 0.3223341 0.1258558
v -0.1272738 0.3176992 0.1261357
v -0.1288719 0.3176945 0.1261559
v -0.1272806 0.3174173 0.1261751
v -0.1284688 0.3174192 0.1261464
v -0.1360416 0.3316477 0.1347455
v -0.1374874 0.3294380 0.1344222
v -0.1377637 0.3258121 0.1339695
v -0.1377595 0.3218920 0.1334914
v -0.1374571 0.3183673 0.1330725
v -0.1359390 0.3162165 0.1328665
v -0.1346570 0.3323126 0.1348780
v -0.1342917 0.3282226 0.1343926
v -0.1342859 0.3239492 0.1338713
v -0.1342801 0.3196757 0.1333501
v -0.1345383 0.3155504 0.1328372
v -0.1357893 0.3317325 0.1335690
v -0.1369484 0.3300519 0.1334139
v -0.1374975 0.3262826 0.1325728
v -0.1374967 0.3220882 0.1320388
v -0.1369246 0.3181053 0.1319575
v -0.1356984 0.3164526 0.1316888
v -0.1343371 0.3323711 0.1326647
v -0.1343044 0.3160382 0.1307800
v -0.1354111 0.3319317 0.1300562
v -0.1365659 0.3304439 0.1298361
v -0.1370806 0.3266917 0.1290506
v -0.1371835 0.3220853 0.1287825
v -0.1365499 0.3186086 0.1283926
v -0.1353909 0.3171146 0.1282490
v -0.1330924 0.3326239 0.1299718
v -0.1330508 0.3164518 0.1280397
v -0.1298582 0.3328592 0.1286619
v -0.1298954 0.3165073 0.1267567
v -0.1254474 0.3326720 0.1287458
v -0.1253865 0.3166673 0.1269026
v -0.1235329 0.3323427 0.1290420
v -0.1226765 0.3310343 0.1286206
v -0.1236745 0.3244909 0.1295475
v -0.1229794 0.3184097 0.1272420
v -0.1235262 0.3169902 0.1271546
v -0.1350773 0.3322916 0.1262657
v -0.1362838 0.3306136 0.1260331
v -0.1369746 0.3271383 0.1257508
v -0.1370063 0.3231458 0.1253792
v -0.1362686 0.3193586 0.1246603
v -0.1350575 0.3176772 0.1244832
v -0.1330843 0.3327018 0.1259937
v -0.1346303 0.3319629 0.1262885
v -0.1346113 0.3179920 0.1245845
v -0.1332405 0.3173879 0.1239580
v -0.1288842 0.3327440 0.1273858
v -0.1283339 0.3169025 0.1258674
v -0.1270383 0.3326814 0.1278356
v -0.1269257 0.3169289 0.1259254
v -0.1225948 0.3321186 0.1278134
v -0.1215828 0.3312559 0.1265919
v -0.1215540 0.3186431 0.1250786
v -0.1225608 0.3175060 0.1260174
v -0.1198108 0.3298855 0.1250537
v -0.1189390 0.3277681 0.1250358
v -0.1189351 0.3229770 0.1244542
v -0.1197923 0.3203257 0.1239082
v -0.1359288 0.3309042 0.1222438
v -0.1366413 0.3273048 0.1218757
v -0.1366820 0.3237996 0.1213982
v -0.1359140 0.3199884 0.1209125
v -0.1326907 0.3329859 0.1222292
v -0.1339463 0.3323247 0.1224731
v -0.1339276 0.3185597 0.1207942
v -0.1326703 0.3179798 0.1203990
v -0.1295031 0.3330150 0.1223863
v -0.1293837 0.3179568 0.1204603
v -0.1253800 0.3329169 0.1228108
v -0.1244157 0.3325488 0.1219269
v -0.1250621 0.3185028 0.1199007
v -0.1253596 0.3179266 0.1209825
v -0.1233164 0.3327151 0.1231081
v -0.1220265 0.3318211 0.1224882
v -0.1220092 0.3190768 0.1209338
v -0.1232964 0.3180566 0.1213203
v -0.1193771 0.3294067 0.1233449
v -0.1190529 0.3275917 0.1231858
v -0.1190820 0.3232025 0.1225937
v -0.1193514 0.3212280 0.1223785
v -0.1356560 0.3311121 0.1184476
v -0.1364124 0.3277633 0.1182483
v -0.1363911 0.3242635 0.1176999
v -0.1356419 0.3206997 0.1171776
v -0.1324190 0.3333856 0.1185721
v -0.1333789 0.3328097 0.1186357
v -0.1333601 0.3190127 0.1169529
v -0.1323987 0.3184716 0.1167531
v -0.1295049 0.3334173 0.1184854
v -0.1282992 0.3330521 0.1184728
v -0.1282799 0.3188303 0.1167382
v -0.1294846 0.3184694 0.1166623
v -0.1253432 0.3334014 0.1186425
v -0.1253883 0.3329073 0.1185940
v -0.1253694 0.3189494 0.1168917
v -0.1253229 0.3184583 0.1168199
v -0.1233696 0.3331040 0.1187209
v -0.1215677 0.3318625 0.1185798
v -0.1215516 0.3199772 0.1171302
v -0.1233501 0.3187334 0.1169681
v -0.1195232 0.3300273 0.1194799
v -0.1189343 0.3280480 0.1190873
v -0.1190057 0.3237944 0.1184342
v -0.1195117 0.3215477 0.1184457
v -0.1354234 0.3312116 0.1146379
v -0.1359818 0.3285110 0.1135317
v -0.1359903 0.3245174 0.1131288
v -0.1354103 0.3215194 0.1134558
v -0.1325777 0.3337856 0.1151493
v -0.1329808 0.3331894 0.1150337
v -0.1328039 0.3194828 0.1134090
v -0.1323716 0.3188771 0.1133953
v -0.1281268 0.3339449 0.1148424
v -0.1281396 0.3334482 0.1147861
v -0.1289352 0.3192886 0.1132231
v -0.1289235 0.3187931 0.1131579
v -0.1254104 0.3337518 0.1154163
v -0.1254547 0.3332582 0.1153621
v -0.1251136 0.3194487 0.1133889
v -0.1250566 0.3189578 0.1133230
v -0.1212988 0.3319448 0.1152402
v -0.1212835 0.3207008 0.1138688
v -0.1195589 0.3303175 0.1154989
v -0.1191753 0.3287124 0.1149959
v -0.1191836 0.3244716 0.1145475
v -0.1195479 0.3222229 0.1145116
v -0.1351745 0.3316582 0.1119509
v -0.1359171 0.3291445 0.1113009
v -0.1358943 0.3243223 0.1106086
v -0.1351513 0.3217253 0.1107595
v -0.1320278 0.3342805 0.1111908
v -0.1326496 0.3335663 0.1113587
v -0.1325921 0.3200167 0.1096836
v -0.1319934 0.3193721 0.1093786
v -0.1283218 0.3344420 0.1105715
v -0.1284907 0.3339331 0.1106534
v -0.1284817 0.3198539 0.1089353
v -0.1282409 0.3193898 0.1086695
v -0.1257766 0.3342901 0.1109809
v -0.1257081 0.3337972 0.1108462
v -0.1256893 0.3199471 0.1091567
v -0.1257220 0.3194314 0.1092267
v -0.1210752 0.3317769 0.1113803
v -0.1199767 0.3289620 0.1108297
v -0.1199745 0.3247381 0.1103082
v -0.1210965 0.3217590 0.1101801
v -0.1197415 0.3306018 0.1110496
v -0.1194930 0.3287345 0.1111177
v -0.1195017 0.3247938 0.1105772
v -0.1197287 0.3230202 0.1101275
v -0.1348995 0.3319939 0.1087137
v -0.1356402 0.3293770 0.1074258
v -0.1355748 0.3249651 0.1066563
v -0.1348861 0.3221854 0.1075174
v -0.1317933 0.3346737 0.1077052
v -0.1325648 0.3339273 0.1081899
v -0.1310428 0.3274165 0.1054786
v -0.1324652 0.3204158 0.1066111
v -0.1317297 0.3198312 0.1058839
v -0.1292620 0.3346519 0.1087559
v -0.1296502 0.3340943 0.1095101
v -0.1293249 0.3272291 0.1070345
v -0.1272251 0.3271383 0.1078019
v -0.1296355 0.3199692 0.1077868
v -0.1292889 0.3195972 0.1069926
v -0.1248691 0.3344210 0.1090555
v -0.1241734 0.3339010 0.1092930
v -0.1246043 0.3272061 0.1072753
v -0.1262379 0.3271412 0.1077891
v -0.1241289 0.3202315 0.1075697
v -0.1249205 0.3197618 0.1072913
v -0.1227579 0.3347378 0.1066656
v -0.1220595 0.3329664 0.1088347
v -0.1220253 0.3295134 0.1074589
v -0.1220004 0.3249338 0.1068817
v -0.1219979 0.3212813 0.1074471
v -0.1227379 0.3200467 0.1048738
v -0.1196503 0.3292651 0.1095552
v -0.1196451 0.3248817 0.1090198
v -0.1346818 0.3325366 0.1036102
v -0.1353554 0.3299201 0.1034777
v -0.1353362 0.3254300 0.1029138
v -0.1346725 0.3229189 0.1024153
v -0.1318033 0.3349842 0.1048515
v -0.1332805 0.3340620 0.1045410
v -0.1315610 0.3275516 0.1043650
v -0.1317748 0.3277526 0.1027143
v -0.1332531 0.3211866 0.1029847
v -0.1318019 0.3202242 0.1030404
v -0.1268077 0.3350876 0.1037529
v -0.1267877 0.3203965 0.1019610
v -0.1220058 0.3349553 0.1048909
v -0.1219858 0.3202642 0.1030991
v -0.1346087 0.3329586 0.1021955
v -0.1353999 0.3305373 0.1018706
v -0.1354010 0.3256201 0.1012706
v -0.1346210 0.3228480 0.1009614
v -0.1317166 0.3352242 0.1022782
v -0.1330583 0.3346108 0.1024572
v -0.1335559 0.3278843 0.1016154
v -0.1316568 0.3278783 0.1016857
v -0.1331262 0.3212194 0.1008202
v -0.1317249 0.3206065 0.1005230
v -0.1298170 0.3355634 0.0998177
v -0.1297970 0.3208723 0.0980259
v -0.1235071 0.3355429 0.1000560
v -0.1234872 0.3208518 0.0982642
v -0.1221785 0.3353014 0.1020510
v -0.1221586 0.3206103 0.1002592
v -0.1280710 0.3356687 0.0989744
v -0.1280511 0.3209775 0.0971826
v -0.1256620 0.3356705 0.0989864
v -0.1256420 0.3209794 0.0971946
v -0.1355774 0.3306621 0.1014309
v -0.1356172 0.3293053 0.1013934
v -0.1356034 0.3263806 0.1009068
v -0.1355872 0.3252937 0.1008730
v -0.1335837 0.3345458 0.1020648
v -0.1342106 0.3332390 0.1019556
v -0.1349152 0.3313296 0.1016933
v -0.1345435 0.3299614 0.1016667
v -0.1345379 0.3258530 0.1011656
v -0.1349477 0.3246584 0.1008773
v -0.1342582 0.3226605 0.1006668
v -0.1335463 0.3213198 0.1003441
v -0.1322387 0.3350389 0.1020305
v -0.1321229 0.3333553 0.1017901
v -0.1321083 0.3225355 0.1004704
v -0.1321172 0.3208568 0.1001909
v -0.1354633 0.3307192 0.0999659
v -0.1354779 0.3290375 0.0995423
v -0.1354677 0.3264168 0.0992231
v -0.1354893 0.3253059 0.0997386
v -0.1334134 0.3347533 0.1007711
v -0.1338989 0.3337205 0.0996511
v -0.1352793 0.3317659 0.0996696
v -0.1352400 0.3244768 0.0988693
v -0.1338408 0.3226421 0.0982600
v -0.1334256 0.3214426 0.0991869
v -0.1322540 0.3352421 0.1003907
v -0.1324112 0.3337652 0.0994677
v -0.1323962 0.3226950 0.0981175
v -0.1321130 0.3210672 0.0986257
v -0.1303248 0.3355962 0.1002170
v -0.1301806 0.3339766 0.1000212
v -0.1301649 0.3223627 0.0986047
v -0.1301192 0.3207876 0.0983106
v -0.1352870 0.3292644 0.0969719
v -0.1352815 0.3273405 0.0967374
v -0.1331206 0.3352281 0.0969084
v -0.1337349 0.3337418 0.0974781
v -0.1340168 0.3319561 0.0965223
v -0.1351999 0.3305110 0.0964769
v -0.1352130 0.3269038 0.0960359
v -0.1340184 0.3252161 0.0956996
v -0.1337232 0.3232169 0.0961702
v -0.1331757 0.3219382 0.0953025
v -0.1320024 0.3356208 0.0976746
v -0.1323935 0.3338247 0.0977066
v -0.1325810 0.3322015 0.0964036
v -0.1325711 0.3249489 0.0955190
v -0.1323789 0.3230606 0.0963937
v -0.1320372 0.3213714 0.0959608
v -0.1292574 0.3359450 0.0981436
v -0.1287758 0.3334663 0.0971241
v -0.1288526 0.3326277 0.0971777
v -0.1288414 0.3243591 0.0961692
v -0.1288211 0.3233689 0.0958089
v -0.1295119 0.3209417 0.0965190
v -0.1268973 0.3359549 0.0982884
v -0.1268647 0.3341229 0.0980630
v -0.1273596 0.3324458 0.0972427
v -0.1273488 0.3245240 0.0962765
v -0.1269123 0.3227468 0.0966138
v -0.1269349 0.3208686 0.0964788
v -0.1253196 0.3356303 0.0979535
v -0.1252974 0.3339789 0.0974617
v -0.1252310 0.3229931 0.0961413
v -0.1253111 0.3212679 0.0961964
v -0.1229681 0.3352117 0.0987662
v -0.1239929 0.3332758 0.0979290
v -0.1234105 0.3315075 0.0976422
v -0.1233884 0.3253600 0.0969188
v -0.1239568 0.3235960 0.0967425
v -0.1229881 0.3214784 0.0970811
v -0.1216118 0.3345940 0.0978583
v -0.1215951 0.3223062 0.0963597
v -0.1351229 0.3289617 0.0943357
v -0.1351547 0.3279041 0.0948569
v -0.1330609 0.3354490 0.0952486
v -0.1340370 0.3343788 0.0950607
v -0.1348844 0.3321063 0.0946031
v -0.1350716 0.3304524 0.0945206
v -0.1350618 0.3273044 0.0939196
v -0.1348680 0.3252783 0.0940316
v -0.1340247 0.3231503 0.0936476
v -0.1330594 0.3220600 0.0938320
v -0.1320972 0.3358345 0.0956030
v -0.1315032 0.3340733 0.0956858
v -0.1312379 0.3316635 0.0949356
v -0.1307723 0.3309003 0.0946668
v -0.1307749 0.3266288 0.0941343
v -0.1312218 0.3258432 0.0942155
v -0.1314886 0.3233074 0.0943727
v -0.1318778 0.3215899 0.0936720
v -0.1294096 0.3359201 0.0956327
v -0.1293475 0.3340031 0.0962648
v -0.1301636 0.3317589 0.0954309
v -0.1306386 0.3308100 0.0948528
v -0.1306330 0.3266775 0.0943488
v -0.1301488 0.3256250 0.0946846
v -0.1294789 0.3230856 0.0948610
v -0.1294142 0.3214842 0.0938747
v -0.1276985 0.3358390 0.0963563
v -0.1276845 0.3338016 0.0967921
v -0.1272734 0.3325350 0.0966710
v -0.1272626 0.3245751 0.0957002
v -0.1278137 0.3234296 0.0954993
v -0.1276924 0.3214453 0.0945642
v -0.1250243 0.3356785 0.0965359
v -0.1259789 0.3341301 0.0970009
v -0.1259637 0.3229509 0.0956374
v -0.1250178 0.3215611 0.0948137
v -0.1232723 0.3353650 0.0969201
v -0.1224082 0.3350687 0.0960406
v -0.1222838 0.3223158 0.0945622
v -0.1232170 0.3218627 0.0949160
v -0.1211238 0.3341663 0.0966299
v -0.1210821 0.3230318 0.0953141
v -0.1329799 0.3357630 0.0930091
v -0.1337234 0.3343365 0.0929998
v -0.1334523 0.3319131 0.0923224
v -0.1341480 0.3308631 0.0920995
v -0.1342036 0.3271390 0.0916342
v -0.1334501 0.3262117 0.0916278
v -0.1336774 0.3236414 0.0916972
v -0.1329527 0.3222851 0.0914745
v -0.1312944 0.3360247 0.0929934
v -0.1326520 0.3334760 0.0934436
v -0.1325167 0.3321708 0.0927481
v -0.1324817 0.3256573 0.0921264
v -0.1326397 0.3244230 0.0923394
v -0.1314751 0.3219672 0.0914248
v -0.1298107 0.3360934 0.0936612
v -0.1297278 0.3218006 0.0919724
v -0.1272897 0.3361573 0.0935555
v -0.1273254 0.3218124 0.0917362
v -0.1253152 0.3359010 0.0941804
v -0.1253156 0.3219094 0.0924738
v -0.1236426 0.3355626 0.0948227
v -0.1236703 0.3220817 0.0931495
v -0.1328472 0.3359939 0.0914155
v -0.1338121 0.3349212 0.0912286
v -0.1334309 0.3317168 0.0915716
v -0.1335936 0.3309808 0.0913587
v -0.1335829 0.3272187 0.0909001
v -0.1333601 0.3266025 0.0909900
v -0.1337512 0.3234781 0.0898356
v -0.1328981 0.3225077 0.0897666
v -0.1315080 0.3361064 0.0915815
v -0.1316651 0.3358529 0.0906618
v -0.1326793 0.3314202 0.0917610
v -0.1326078 0.3311767 0.0917246
v -0.1326022 0.3270682 0.0912235
v -0.1326731 0.3268228 0.0912003
v -0.1316643 0.3227664 0.0892024
v -0.1314935 0.3222863 0.0899709
v -0.1295228 0.3363703 0.0912675
v -0.1294852 0.3221231 0.0896231
v -0.1272891 0.3363684 0.0913080
v -0.1272329 0.3221358 0.0896342
v -0.1247956 0.3359984 0.0916991
v -0.1247779 0.3224049 0.0900970
v -0.1326710 0.3362239 0.0890696
v -0.1336057 0.3351955 0.0886339
v -0.1344083 0.3330489 0.0885015
v -0.1347134 0.3302187 0.0886569
v -0.1346806 0.3280547 0.0883946
v -0.1343985 0.3258981 0.0877155
v -0.1336028 0.3238946 0.0872981
v -0.1327556 0.3229191 0.0872250
v -0.1314765 0.3364485 0.0891541
v -0.1313985 0.3360000 0.0889126
v -0.1312970 0.3231474 0.0867906
v -0.1315687 0.3225729 0.0874930
v -0.1292483 0.3365240 0.0894206
v -0.1293051 0.3225039 0.0873865
v -0.1272308 0.3365753 0.0891170
v -0.1272052 0.3224593 0.0874401
v -0.1251788 0.3362891 0.0892075
v -0.1252142 0.3226825 0.0878329
v -0.1324736 0.3363788 0.0869361
v -0.1334545 0.3353298 0.0867589
v -0.1342966 0.3329667 0.0864300
v -0.1345190 0.3304867 0.0861178
v -0.1344889 0.3284429 0.0858696
v -0.1342226 0.3261685 0.0856038
v -0.1333927 0.3241599 0.0853988
v -0.1313456 0.3367421 0.0869605
v -0.1309032 0.3362497 0.0866577
v -0.1308398 0.3234162 0.0847768
v -0.1314972 0.3228336 0.0855028
v -0.1288496 0.3367002 0.0873157
v -0.1288302 0.3227766 0.0856169
v -0.1268988 0.3367102 0.0875420
v -0.1269029 0.3227515 0.0855939
v -0.1254418 0.3365509 0.0870753
v -0.1253363 0.3228978 0.0860921
v -0.1330975 0.3356482 0.0842213
v -0.1340332 0.3336708 0.0844576
v -0.1342555 0.3312192 0.0836331
v -0.1342543 0.3288495 0.0833440
v -0.1340383 0.3265516 0.0835024
v -0.1331453 0.3245789 0.0828683
v -0.1311449 0.3369423 0.0845150
v -0.1309516 0.3363866 0.0846821
v -0.1311901 0.3236561 0.0832573
v -0.1311521 0.3231851 0.0830310
v -0.1290328 0.3368028 0.0850799
v -0.1290136 0.3232145 0.0834222
v -0.1266257 0.3368572 0.0849973
v -0.1265851 0.3232070 0.0832480
v -0.1257144 0.3366923 0.0858360
v -0.1256857 0.3231416 0.0842292
v -0.1329659 0.3356301 0.0822278
v -0.1337125 0.3339550 0.0818724
v -0.1339526 0.3317661 0.0814619
v -0.1339400 0.3291156 0.0810113
v -0.1337205 0.3268997 0.0809517
v -0.1329248 0.3249499 0.0809735
v -0.1307071 0.3370546 0.0823919
v -0.1308689 0.3365642 0.0823849
v -0.1310768 0.3241201 0.0809596
v -0.1307935 0.3235841 0.0810639
v -0.1285001 0.3369162 0.0826561
v -0.1289961 0.3367854 0.0820501
v -0.1289973 0.3239671 0.0804715
v -0.1284975 0.3236943 0.0810287
v -0.1271288 0.3369454 0.0832075
v -0.1271702 0.3235396 0.0815149
v -0.1325523 0.3357112 0.0803847
v -0.1333275 0.3338909 0.0798370
v -0.1336094 0.3318170 0.0796589
v -0.1335998 0.3294892 0.0793241
v -0.1333190 0.3272873 0.0790332
v -0.1325361 0.3253863 0.0791348
v -0.1302985 0.3370978 0.0812518
v -0.1308057 0.3366160 0.0804754
v -0.1307823 0.3245372 0.0789032
v -0.1302768 0.3238774 0.0796135
v -0.1293166 0.3366117 0.0811875
v -0.1293073 0.3243339 0.0796879
v -0.1321308 0.3352738 0.0787018
v -0.1325145 0.3338604 0.0779979
v -0.1328156 0.3319671 0.0775542
v -0.1328106 0.3298860 0.0772748
v -0.1325066 0.3277557 0.0772551
v -0.1321184 0.3262156 0.0775997
v -0.1304858 0.3359394 0.0784042
v -0.1309185 0.3347088 0.0772539
v -0.1309995 0.3271441 0.0763482
v -0.1303787 0.3257097 0.0770564
v -0.1318904 0.3319543 0.0763015
v -0.1318843 0.3302592 0.0760709
v -0.1301152 0.3340981 0.0764542
v -0.1307060 0.3323444 0.0758429
v -0.1307111 0.3300103 0.0755314
v -0.1301053 0.3279273 0.0756893
v -0.1296108 0.3336604 0.0760596
v -0.1295549 0.3321836 0.0755027
v -0.1295515 0.3300067 0.0752341
v -0.1295980 0.3285371 0.0753939
v -0.1269781 0.3369268 0.0831040
v -0.1278450 0.3369518 0.0821898
v -0.1254161 0.3366506 0.0852439
v -0.1260647 0.3368029 0.0847393
v -0.1250832 0.3364360 0.0874603
v -0.1247707 0.3361545 0.0896610
v -0.1242773 0.3359050 0.0913048
v -0.1235419 0.3355451 0.0946107
v -0.1249569 0.3353457 0.0792127
v -0.1266979 0.3355238 0.0787640
v -0.1287041 0.3356194 0.0787228
v -0.1299278 0.3355068 0.0787811
v -0.1228403 0.3351501 0.0812806
v -0.1244265 0.3357334 0.0805194
v -0.1267828 0.3364634 0.0806275
v -0.1288486 0.3365001 0.0806220
v -0.1300187 0.3361381 0.0801267
v -0.1224020 0.3352462 0.0830893
v -0.1245199 0.3363160 0.0828559
v -0.1266078 0.3368249 0.0823230
v -0.1282286 0.3368907 0.0818102
v -0.1212376 0.3343877 0.0850218
v -0.1221866 0.3352031 0.0848755
v -0.1243049 0.3363350 0.0848717
v -0.1211526 0.3343007 0.0874276
v -0.1223377 0.3352859 0.0874824
v -0.1240140 0.3361305 0.0874601
v -0.1208835 0.3339389 0.0894691
v -0.1227243 0.3353767 0.0897119
v -0.1211200 0.3341748 0.0917951
v -0.1224335 0.3351589 0.0917892
v -0.1210712 0.3340780 0.0939178
v -0.1223969 0.3350974 0.0940159
v -0.1209937 0.3339950 0.0958841
v -0.1223679 0.3350526 0.0954590
v -0.1265361 0.3334849 0.0767773
v -0.1286154 0.3334806 0.0766513
v -0.1296976 0.3332015 0.0766145
v -0.1227294 0.3335179 0.0788857
v -0.1242522 0.3341004 0.0782255
v -0.1264325 0.3344205 0.0775605
v -0.1287449 0.3345682 0.0775030
v -0.1297921 0.3342927 0.0773973
v -0.1207786 0.3327516 0.0812579
v -0.1220110 0.3339269 0.0803939
v -0.1232772 0.3348233 0.0798627
v -0.1207279 0.3333301 0.0826958
v -0.1214802 0.3343109 0.0824040
v -0.1205601 0.3333068 0.0844243
v -0.1203865 0.3330293 0.0870596
v -0.1202412 0.3327305 0.0892896
v -0.1201795 0.3325910 0.0914691
v -0.1200833 0.3323864 0.0935102
v -0.1196911 0.3311845 0.0954659
v -0.1200297 0.3323711 0.0955596
v -0.1246746 0.3318611 0.0766671
v -0.1264655 0.3322847 0.0762763
v -0.1286844 0.3322220 0.0761296
v -0.1296582 0.3321511 0.0762209
v -0.1223804 0.3315655 0.0781789
v -0.1237073 0.3319647 0.0772487
v -0.1205997 0.3313048 0.0806743
v -0.1213402 0.3317163 0.0794755
v -0.1199757 0.3309488 0.0826954
v -0.1198914 0.3311660 0.0842305
v -0.1198086 0.3310150 0.0870501
v -0.1196687 0.3304211 0.0907805
v -0.1195416 0.3296355 0.0937308
v -0.1195320 0.3298675 0.0950557
v -0.1247044 0.3299145 0.0764292
v -0.1265140 0.3298202 0.0759496
v -0.1286788 0.3299143 0.0758368
v -0.1296569 0.3298298 0.0759510
v -0.1224285 0.3296941 0.0779416
v -0.1237332 0.3295551 0.0769744
v -0.1206115 0.3293485 0.0804744
v -0.1213641 0.3292412 0.0791967
v -0.1199879 0.3291489 0.0825472
v -0.1199233 0.3285401 0.0838965
v -0.1198226 0.3281665 0.0866783
v -0.1196803 0.3277577 0.0905450
v -0.1195641 0.3277784 0.0931625
v -0.1195383 0.3273827 0.0947481
v -0.1266594 0.3284589 0.0761349
v -0.1286086 0.3284657 0.0760401
v -0.1297015 0.3285581 0.0761197
v -0.1227218 0.3279080 0.0782015
v -0.1242433 0.3274971 0.0774201
v -0.1262056 0.3273937 0.0767090
v -0.1287348 0.3272052 0.0766056
v -0.1297964 0.3273615 0.0766479
v -0.1207723 0.3280868 0.0806890
v -0.1220018 0.3271504 0.0795674
v -0.1232658 0.3264045 0.0788359
v -0.1207195 0.3271799 0.0819457
v -0.1214693 0.3262960 0.0814265
v -0.1205512 0.3267874 0.0836292
v -0.1203776 0.3264239 0.0862539
v -0.1202323 0.3261783 0.0884905
v -0.1201703 0.3257900 0.0906396
v -0.1200740 0.3254983 0.0926701
v -0.1196843 0.3261959 0.0948574
v -0.1200197 0.3250206 0.0946630
v -0.1249443 0.3260492 0.0780788
v -0.1266499 0.3259346 0.0776465
v -0.1286907 0.3258919 0.0775371
v -0.1299006 0.3260329 0.0775691
v -0.1228276 0.3257477 0.0801339
v -0.1244124 0.3253602 0.0792543
v -0.1266851 0.3246334 0.0791866
v -0.1288040 0.3245399 0.0792287
v -0.1300472 0.3251011 0.0787244
v -0.1223884 0.3252209 0.0818665
v -0.1245035 0.3242329 0.0813822
v -0.1265348 0.3238671 0.0807590
v -0.1281991 0.3239131 0.0802366
v -0.1212257 0.3255928 0.0839491
v -0.1221725 0.3248339 0.0836108
v -0.1242877 0.3237305 0.0833344
v -0.1211401 0.3250993 0.0863053
v -0.1223225 0.3241266 0.0861214
v -0.1239966 0.3233077 0.0858962
v -0.1208713 0.3249605 0.0883740
v -0.1227081 0.3235015 0.0882636
v -0.1211064 0.3241718 0.0905750
v -0.1224173 0.3232145 0.0903324
v -0.1210571 0.3237557 0.0926588
v -0.1223801 0.3227390 0.0925085
v -0.1210146 0.3233320 0.0945873
v -0.1223679 0.3224281 0.0939073
v -0.1268528 0.3235630 0.0815545
v -0.1277925 0.3237578 0.0806119
v -0.1253980 0.3233317 0.0836195
v -0.1260301 0.3232966 0.0831417
v -0.1250364 0.3229927 0.0859526
v -0.1247115 0.3227515 0.0881002
v -0.1243187 0.3225709 0.0897591
v -0.1234437 0.3221721 0.0930357
v -0.1359657 0.3023445 0.1848195
v -0.1359521 0.2923689 0.1836028
v -0.1337835 0.3022422 0.1850395
v -0.1337702 0.2924212 0.1838416
v -0.1295090 0.3025807 0.1848684
v -0.1294948 0.2921452 0.1835957
v -0.1259916 0.3022706 0.1850686
v -0.1264526 0.3005606 0.1846861
v -0.1264229 0.2941484 0.1838969
v -0.1259771 0.2924106 0.1838686
v -0.1224734 0.3027378 0.1832595
v -0.1224594 0.2923982 0.1819984
v -0.1210990 0.3027835 0.1819001
v -0.1210853 0.2926843 0.1806683
v -0.1371662 0.3026482 0.1832142
v -0.1371523 0.2924568 0.1819712
v -0.1336058 0.3031250 0.1817998
v -0.1335911 0.2923434 0.1804848
v -0.1305178 0.3030609 0.1825191
v -0.1305031 0.2922410 0.1811994
v -0.1267972 0.3031566 0.1817558
v -0.1267825 0.2923415 0.1804367
v -0.1243729 0.3033551 0.1800164
v -0.1243583 0.2925734 0.1787014
v -0.1201347 0.3031014 0.1795979
v -0.1201209 0.2929316 0.1783576
v -0.1405114 0.3030438 0.1788479
v -0.1404306 0.3005506 0.1787574
v -0.1404033 0.2955662 0.1782245
v -0.1404979 0.2931133 0.1776367
v -0.1396780 0.3033240 0.1801048
v -0.1390134 0.2993400 0.1792978
v -0.1390565 0.2966224 0.1790553
v -0.1396634 0.2925414 0.1787897
v -0.1355693 0.3034347 0.1793976
v -0.1355546 0.2926149 0.1780780
v -0.1234589 0.3037398 0.1770309
v -0.1234443 0.2929200 0.1757113
v -0.1193427 0.3038512 0.1760579
v -0.1198852 0.2997236 0.1754228
v -0.1199818 0.2971660 0.1750168
v -0.1193280 0.2930567 0.1747414
v -0.1190460 0.3035891 0.1749578
v -0.1190526 0.3010481 0.1745892
v -0.1190753 0.2960990 0.1738104
v -0.1190324 0.2935764 0.1737366
v -0.1408745 0.3032767 0.1769342
v -0.1408030 0.3007786 0.1768947
v -0.1407959 0.2957630 0.1763146
v -0.1408610 0.2933462 0.1757230
v -0.1405753 0.3038096 0.1758115
v -0.1396531 0.2998366 0.1757310
v -0.1397710 0.2970012 0.1753330
v -0.1405607 0.2930995 0.1745052
v -0.1365173 0.3038610 0.1758923
v -0.1365027 0.2930411 0.1745726
v -0.1239339 0.3041820 0.1733999
v -0.1239192 0.2933622 0.1720802
v -0.1202557 0.3044014 0.1719132
v -0.1206606 0.3002457 0.1719028
v -0.1206927 0.2975285 0.1715908
v -0.1202409 0.2935165 0.1705856
v -0.1193998 0.3038140 0.1730631
v -0.1194512 0.3013336 0.1726052
v -0.1194651 0.2963586 0.1719194
v -0.1193862 0.2938125 0.1718433
v -0.1400146 0.3042307 0.1721725
v -0.1400001 0.2935669 0.1708719
v -0.1353598 0.3043052 0.1722629
v -0.1353451 0.2934854 0.1709432
v -0.1345519 0.3044448 0.1711277
v -0.1345372 0.2936249 0.1698080
v -0.1276357 0.3046244 0.1697319
v -0.1276210 0.2938046 0.1684122
v -0.1264371 0.3045359 0.1704709
v -0.1264224 0.2937161 0.1691512
v -0.1221851 0.3046946 0.1682702
v -0.1221705 0.2941037 0.1669801
v -0.1400766 0.3040509 0.1697985
v -0.1403617 0.3010455 0.1682102
v -0.1403100 0.2973780 0.1678153
v -0.1400588 0.2943007 0.1686126
v -0.1351430 0.3043184 0.1687945
v -0.1354067 0.3013058 0.1671002
v -0.1354017 0.2976376 0.1666528
v -0.1351294 0.2943068 0.1675735
v -0.1349946 0.3043284 0.1687725
v -0.1352653 0.3013224 0.1670442
v -0.1352603 0.2976353 0.1665945
v -0.1349810 0.2943028 0.1675497
v -0.1281596 0.3044634 0.1672617
v -0.1283489 0.3022307 0.1658495
v -0.1283419 0.2970593 0.1652188
v -0.1281461 0.2945532 0.1660530
v -0.1280334 0.3043298 0.1671110
v -0.1279877 0.3019338 0.1656619
v -0.1279827 0.2973914 0.1651087
v -0.1280204 0.2947194 0.1659389
v -0.1226819 0.3047083 0.1663371
v -0.1236191 0.3018719 0.1647089
v -0.1237040 0.2975574 0.1642182
v -0.1226682 0.2945518 0.1650979
v -0.1302205 0.3015864 0.1651699
v -0.1337975 0.3014894 0.1659122
v -0.1301922 0.2978338 0.1647600
v -0.1338056 0.2977580 0.1654865
v -0.1253094 0.3074324 0.1619570
v -0.1273120 0.3078346 0.1629690
v -0.1304405 0.3079828 0.1639456
v -0.1340694 0.3083409 0.1646921
v -0.1381259 0.3086204 0.1651568
v -0.1405992 0.3076225 0.1656148
v -0.1218510 0.3042425 0.1609200
v -0.1233662 0.3056185 0.1619986
v -0.1265722 0.3056044 0.1628211
v -0.1306027 0.3057440 0.1643712
v -0.1337020 0.3057822 0.1650786
v -0.1383832 0.3053601 0.1651197
v -0.1418239 0.3051472 0.1655219
v -0.1216416 0.3026713 0.1609580
v -0.1234465 0.3023670 0.1620862
v -0.1260813 0.3018793 0.1627275
v -0.1301992 0.3019757 0.1636154
v -0.1343225 0.3019381 0.1643821
v -0.1386117 0.3010941 0.1651262
v -0.1415313 0.3016871 0.1654701
v -0.1216439 0.2984993 0.1602295
v -0.1236735 0.2983066 0.1616009
v -0.1259966 0.2981605 0.1623119
v -0.1302224 0.2978480 0.1630798
v -0.1343077 0.2976691 0.1638750
v -0.1385794 0.2983250 0.1647779
v -0.1415634 0.2976738 0.1648088
v -0.1217923 0.2963452 0.1600807
v -0.1232816 0.2947219 0.1605864
v -0.1265181 0.2945354 0.1614644
v -0.1306438 0.2943890 0.1630582
v -0.1336482 0.2942171 0.1637470
v -0.1383620 0.2941528 0.1637776
v -0.1419195 0.2941317 0.1643872
v -0.1252944 0.2929339 0.1601488
v -0.1273427 0.2922339 0.1609491
v -0.1305037 0.2918405 0.1618305
v -0.1340197 0.2914347 0.1626340
v -0.1379758 0.2909662 0.1629600
v -0.1405740 0.2918273 0.1637052
v -0.1283915 0.3078524 0.1606577
v -0.1335274 0.3093952 0.1603115
v -0.1405519 0.3081971 0.1621097
v -0.1243202 0.3056837 0.1574818
v -0.1264725 0.3072550 0.1604429
v -0.1301911 0.3053683 0.1609390
v -0.1356446 0.3052267 0.1620396
v -0.1430311 0.3046736 0.1627228
v -0.1232779 0.3031727 0.1566375
v -0.1285630 0.3030992 0.1603291
v -0.1296296 0.3036217 0.1606114
v -0.1362014 0.3034511 0.1619377
v -0.1372666 0.3028732 0.1620857
v -0.1434803 0.3026719 0.1626661
v -0.1224798 0.3007985 0.1560590
v -0.1229803 0.3006711 0.1570914
v -0.1285554 0.2975425 0.1596514
v -0.1296206 0.2969646 0.1597995
v -0.1361924 0.2967940 0.1611257
v -0.1372590 0.2973165 0.1614080
v -0.1435203 0.2980098 0.1617759
v -0.1301773 0.2951891 0.1596975
v -0.1356309 0.2950474 0.1607981
v -0.1429907 0.2953768 0.1620291
v -0.1407192 0.2924286 0.1597997
v -0.1290608 0.3087096 0.1563399
v -0.1319078 0.3091598 0.1570283
v -0.1343792 0.3093916 0.1581291
v -0.1394406 0.3094307 0.1590251
v -0.1421085 0.3086944 0.1576896
v -0.1229449 0.3045593 0.1557272
v -0.1248464 0.3064527 0.1552010
v -0.1272973 0.3077369 0.1568252
v -0.1439988 0.3057546 0.1576456
v -0.1227461 0.3029787 0.1556519
v -0.1240194 0.3035585 0.1536027
v -0.1441087 0.3024579 0.1577226
v -0.1228248 0.2996880 0.1546789
v -0.1237210 0.3010806 0.1537305
v -0.1440831 0.2989706 0.1572491
v -0.1229350 0.2972268 0.1548329
v -0.1239942 0.2955432 0.1545438
v -0.1440004 0.2955567 0.1563298
v -0.1262591 0.2937733 0.1541874
v -0.1289058 0.2928384 0.1539384
v -0.1319489 0.2921532 0.1544420
v -0.1345295 0.2917200 0.1554543
v -0.1394165 0.2916615 0.1568580
v -0.1420860 0.2926883 0.1557373
v -0.1276834 0.3088272 0.1502924
v -0.1355639 0.3101791 0.1533870
v -0.1403490 0.3099311 0.1542558
v -0.1420981 0.3096994 0.1539870
v -0.1256925 0.3067358 0.1507978
v -0.1280141 0.3082167 0.1502622
v -0.1448974 0.3046039 0.1560299
v -0.1239104 0.3027557 0.1505382
v -0.1246801 0.3040842 0.1506808
v -0.1448920 0.3034658 0.1557167
v -0.1239300 0.3007545 0.1500790
v -0.1243847 0.3004044 0.1503734
v -0.1448929 0.2990197 0.1549115
v -0.1252684 0.2963517 0.1492837
v -0.1448845 0.2970375 0.1552087
v -0.1276638 0.2943777 0.1485301
v -0.1340639 0.2936175 0.1512897
v -0.1365711 0.2926724 0.1515937
v -0.1399829 0.2925175 0.1521154
v -0.1417777 0.2923866 0.1535077
v -0.1302614 0.3094664 0.1498320
v -0.1330833 0.3099021 0.1503707
v -0.1354476 0.3100345 0.1510523
v -0.1259645 0.3056610 0.1478793
v -0.1289112 0.3086251 0.1500671
v -0.1457185 0.3052745 0.1516467
v -0.1253448 0.3034969 0.1461588
v -0.1454757 0.3028548 0.1512317
v -0.1252705 0.3011576 0.1456172
v -0.1456861 0.3000444 0.1496740
v -0.1279725 0.2966135 0.1482687
v -0.1285655 0.2966999 0.1475536
v -0.1459968 0.2975467 0.1490226
v -0.1300051 0.2936085 0.1479274
v -0.1330346 0.2929861 0.1483206
v -0.1353956 0.2926500 0.1489359
v -0.1290932 0.3095508 0.1449397
v -0.1362893 0.3101037 0.1470296
v -0.1429584 0.3097719 0.1478067
v -0.1437670 0.3095324 0.1496255
v -0.1271251 0.3074316 0.1446365
v -0.1300945 0.3092678 0.1438722
v -0.1454085 0.3069493 0.1494886
v -0.1264593 0.3039102 0.1431261
v -0.1459992 0.3040509 0.1481495
v -0.1263235 0.3012339 0.1428081
v -0.1460051 0.2999760 0.1475899
v -0.1270400 0.2970712 0.1433629
v -0.1302194 0.2971411 0.1439177
v -0.1453945 0.2963473 0.1481885
v -0.1290735 0.2949581 0.1431599
v -0.1429370 0.2940173 0.1458856
v -0.1436527 0.2937382 0.1474148
v -0.1310488 0.3103186 0.1418675
v -0.1346684 0.3103224 0.1436011
v -0.1375548 0.3108902 0.1440926
v -0.1419333 0.3110726 0.1448198
v -0.1437681 0.3107304 0.1451244
v -0.1285162 0.3079942 0.1412644
v -0.1304140 0.3091651 0.1401429
v -0.1273110 0.3048953 0.1407213
v -0.1272497 0.3008626 0.1400490
v -0.1283986 0.2975127 0.1398151
v -0.1320126 0.2970094 0.1398403
v -0.1471838 0.2985377 0.1423647
v -0.1305934 0.2950032 0.1399200
v -0.1381838 0.2935069 0.1419849
v -0.1420744 0.2934709 0.1427036
v -0.1438546 0.2937990 0.1424824
v -0.1324313 0.3108418 0.1383805
v -0.1354036 0.3114419 0.1388388
v -0.1391881 0.3115786 0.1396058
v -0.1426234 0.3117252 0.1397964
v -0.1450727 0.3105785 0.1420880
v -0.1294482 0.3089012 0.1386340
v -0.1313129 0.3085513 0.1383559
v -0.1350069 0.3068268 0.1371376
v -0.1468810 0.3079002 0.1416382
v -0.1313285 0.3065076 0.1368062
v -0.1473139 0.3048027 0.1405213
v -0.1311677 0.3009924 0.1363129
v -0.1473879 0.3009944 0.1399066
v -0.1294337 0.2970786 0.1371916
v -0.1316148 0.2976198 0.1363349
v -0.1468904 0.2974325 0.1402025
v -0.1323803 0.2952268 0.1365414
v -0.1352542 0.2945006 0.1368283
v -0.1389062 0.2944196 0.1370899
v -0.1425238 0.2940479 0.1376239
v -0.1450506 0.2946029 0.1401396
v -0.1339601 0.3113368 0.1353669
v -0.1361166 0.3113474 0.1364818
v -0.1399579 0.3112629 0.1371839
v -0.1432495 0.3114590 0.1367880
v -0.1462666 0.3112829 0.1368177
v -0.1333811 0.3076923 0.1347317
v -0.1357663 0.3089809 0.1361778
v -0.1400692 0.3099622 0.1362358
v -0.1430676 0.3102898 0.1361182
v -0.1483352 0.3071702 0.1366557
v -0.1328442 0.3068511 0.1340598
v -0.1484197 0.3065963 0.1359643
v -0.1475621 0.3008731 0.1360519
v -0.1329556 0.2971846 0.1335457
v -0.1354871 0.2963668 0.1349879
v -0.1435360 0.2962046 0.1345160
v -0.1484116 0.2992623 0.1351774
v -0.1339920 0.2955641 0.1332796
v -0.1361324 0.2952456 0.1343151
v -0.1398505 0.2950069 0.1352374
v -0.1432115 0.2949848 0.1348014
v -0.1462310 0.2951747 0.1347898
v -0.1332752 0.3118528 0.1316617
v -0.1448846 0.3115376 0.1341412
v -0.1468665 0.3112272 0.1343564
v -0.1334238 0.3106273 0.1313461
v -0.1420208 0.3099467 0.1346069
v -0.1451638 0.3104790 0.1333794
v -0.1479682 0.3092614 0.1344539
v -0.1485004 0.3057055 0.1336806
v -0.1457291 0.3008977 0.1327684
v -0.1483089 0.3011584 0.1331423
v -0.1321874 0.2968407 0.1294265
v -0.1454736 0.2967979 0.1323983
v -0.1481995 0.2978831 0.1329046
v -0.1333942 0.2959383 0.1296595
v -0.1447884 0.2955154 0.1322071
v -0.1468637 0.2958745 0.1322782
v -0.1337417 0.3122473 0.1279248
v -0.1393232 0.3126436 0.1306968
v -0.1455526 0.3118880 0.1305871
v -0.1471484 0.3112959 0.1321367
v -0.1340221 0.3111130 0.1276112
v -0.1453401 0.3108224 0.1298680
v -0.1480098 0.3096866 0.1316627
v -0.1480038 0.3068254 0.1306518
v -0.1463632 0.3011442 0.1307405
v -0.1483077 0.3021256 0.1312585
v -0.1327798 0.2972619 0.1259662
v -0.1463935 0.2969135 0.1286719
v -0.1485575 0.2980510 0.1308139
v -0.1339664 0.2963770 0.1259840
v -0.1392998 0.2953716 0.1285902
v -0.1454068 0.2960990 0.1286960
v -0.1472797 0.2961220 0.1303172
v -0.1357238 0.3124913 0.1253969
v -0.1386732 0.3127109 0.1245797
v -0.1425286 0.3126143 0.1254696
v -0.1447723 0.3121679 0.1271313
v -0.1354764 0.3117554 0.1248054
v -0.1384848 0.3113417 0.1247853
v -0.1424566 0.3112132 0.1253882
v -0.1457548 0.3105786 0.1262079
v -0.1431299 0.3069892 0.1240289
v -0.1453571 0.3068027 0.1260135
v -0.1436192 0.3014298 0.1233459
v -0.1459163 0.3019739 0.1245331
v -0.1352635 0.2976241 0.1229686
v -0.1381710 0.2977689 0.1217496
v -0.1431551 0.2976398 0.1227529
v -0.1451091 0.2973993 0.1247032
v -0.1356618 0.2969119 0.1234648
v -0.1384532 0.2967623 0.1227903
v -0.1421736 0.2966349 0.1235179
v -0.1446218 0.2966439 0.1252797
v -0.1401917 0.3121530 0.1234973
v -0.1418298 0.3121050 0.1238726
v -0.1400585 0.3120182 0.1234264
v -0.1433768 0.3112946 0.1237465
v -0.1463962 0.3103961 0.1235048
v -0.1432123 0.3066845 0.1234995
v -0.1458994 0.3078668 0.1237845
v -0.1439031 0.3017179 0.1227596
v -0.1462189 0.3022477 0.1227270
v -0.1401633 0.2977731 0.1216931
v -0.1417190 0.2977266 0.1220569
v -0.1401541 0.2974913 0.1217324
v -0.1413202 0.2974619 0.1219601
v -0.1472489 0.3118572 0.1292100
v -0.1486743 0.3096712 0.1286928
v -0.1489466 0.3060499 0.1282025
v -0.1489423 0.3021298 0.1277242
v -0.1486442 0.2986003 0.1273452
v -0.1471475 0.2964247 0.1273419
v -0.1458839 0.3124994 0.1295280
v -0.1455238 0.3084036 0.1290907
v -0.1455180 0.3041301 0.1285694
v -0.1455122 0.2998566 0.1280482
v -0.1457667 0.2957357 0.1275000
v -0.1468398 0.3119368 0.1280781
v -0.1479949 0.3102753 0.1277667
v -0.1484877 0.3065146 0.1268547
v -0.1484838 0.3023203 0.1263203
v -0.1479712 0.2983285 0.1263113
v -0.1467472 0.2966557 0.1262075
v -0.1452690 0.3125507 0.1273777
v -0.1452508 0.2962177 0.1254934
v -0.1459903 0.3121265 0.1246481
v -0.1471294 0.3106576 0.1242731
v -0.1475953 0.3069136 0.1234208
v -0.1477365 0.3023093 0.1231354
v -0.1471133 0.2988223 0.1228296
v -0.1459702 0.2973094 0.1228409
v -0.1436703 0.3127806 0.1248765
v -0.1436342 0.2966082 0.1229467
v -0.1402861 0.3129616 0.1240127
v -0.1403348 0.2966108 0.1220988
v -0.1359301 0.3127023 0.1246875
v -0.1358842 0.2966971 0.1228486
v -0.1340784 0.3123419 0.1252376
v -0.1331947 0.3110193 0.1249332
v -0.1344149 0.3044940 0.1257094
v -0.1335163 0.2984002 0.1235102
v -0.1340695 0.2969897 0.1233484
v -0.1451451 0.3124774 0.1209371
v -0.1463367 0.3108192 0.1205425
v -0.1470402 0.3073554 0.1201657
v -0.1470870 0.3033636 0.1197881
v -0.1463215 0.2995642 0.1191698
v -0.1451252 0.2978630 0.1191547
v -0.1431272 0.3128547 0.1209355
v -0.1447106 0.3121415 0.1210193
v -0.1446916 0.2981705 0.1193153
v -0.1432592 0.2975435 0.1188776
v -0.1391517 0.3128293 0.1228788
v -0.1386617 0.2969795 0.1214276
v -0.1373841 0.3127369 0.1235721
v -0.1372739 0.2969829 0.1216741
v -0.1329877 0.3121014 0.1241457
v -0.1318351 0.3112211 0.1230699
v -0.1318098 0.2986082 0.1215580
v -0.1329519 0.2974886 0.1223516
v -0.1298955 0.3098205 0.1217817
v -0.1290639 0.3076890 0.1218782
v -0.1290603 0.3028980 0.1212961
v -0.1298797 0.3002606 0.1206367
v -0.1454718 0.3111004 0.1168356
v -0.1461871 0.3075128 0.1163706
v -0.1462207 0.3040084 0.1158874
v -0.1454569 0.3001846 0.1155042
v -0.1422273 0.3131288 0.1172584
v -0.1435149 0.3124885 0.1173306
v -0.1434962 0.2987235 0.1156518
v -0.1422069 0.2981228 0.1154281
v -0.1390896 0.3131059 0.1178418
v -0.1389591 0.2980459 0.1159299
v -0.1350629 0.3129407 0.1188156
v -0.1339949 0.3125560 0.1180686
v -0.1345931 0.2985205 0.1159559
v -0.1350426 0.2979503 0.1169873
v -0.1330614 0.3127053 0.1193869
v -0.1317148 0.3117897 0.1189445
v -0.1316975 0.2990454 0.1173901
v -0.1330415 0.2980467 0.1175990
v -0.1292443 0.3093331 0.1201458
v -0.1289313 0.3075128 0.1200293
v -0.1289525 0.3031241 0.1194330
v -0.1292229 0.3011542 0.1191811
v -0.1446886 0.3113003 0.1131106
v -0.1454661 0.3079642 0.1128073
v -0.1454286 0.3044640 0.1122622
v -0.1446745 0.3008880 0.1118406
v -0.1414608 0.3135207 0.1136712
v -0.1424299 0.3129606 0.1136047
v -0.1424111 0.2991636 0.1119219
v -0.1414406 0.2986066 0.1118522
v -0.1385614 0.3135045 0.1139764
v -0.1373710 0.3131196 0.1141253
v -0.1373516 0.2988977 0.1123907
v -0.1385411 0.2985567 0.1121533
v -0.1344592 0.3134206 0.1146905
v -0.1345055 0.3129272 0.1146358
v -0.1344865 0.2989694 0.1129334
v -0.1344389 0.2984775 0.1128680
v -0.1325191 0.3130910 0.1150326
v -0.1307351 0.3118201 0.1151331
v -0.1307190 0.2999347 0.1136835
v -0.1324995 0.2987204 0.1132799
v -0.1288602 0.3099524 0.1162970
v -0.1282564 0.3079633 0.1159844
v -0.1283090 0.3037109 0.1153222
v -0.1288487 0.3014728 0.1152628
v -0.1439453 0.3113925 0.1093667
v -0.1443943 0.3087004 0.1081921
v -0.1444139 0.3047071 0.1077865
v -0.1439321 0.3017004 0.1081845
v -0.1411523 0.3139200 0.1102586
v -0.1415458 0.3133304 0.1100893
v -0.1413767 0.2996213 0.1084854
v -0.1409565 0.2990085 0.1085289
v -0.1366984 0.3140061 0.1105520
v -0.1367117 0.3135097 0.1104939
v -0.1375217 0.2993636 0.1088200
v -0.1375095 0.2988678 0.1087564
v -0.1340871 0.3137691 0.1114850
v -0.1341318 0.3132762 0.1114247
v -0.1337549 0.2994612 0.1094974
v -0.1336976 0.2989694 0.1094391
v -0.1300191 0.3118948 0.1118599
v -0.1300039 0.3006508 0.1104885
v -0.1283566 0.3102394 0.1123476
v -0.1279352 0.3086278 0.1118985
v -0.1279527 0.3043874 0.1114477
v -0.1283456 0.3021448 0.1113603
v -0.1433308 0.3118325 0.1067380
v -0.1440205 0.3093307 0.1059910
v -0.1439838 0.3045082 0.1053018
v -0.1433103 0.3018995 0.1055477
v -0.1400680 0.3144022 0.1064103
v -0.1407183 0.3136985 0.1064924
v -0.1406582 0.3001482 0.1048228
v -0.1400346 0.2994936 0.1046000
v -0.1363104 0.3145024 0.1062942
v -0.1364971 0.3139964 0.1063520
v -0.1364878 0.2999174 0.1046325
v -0.1362211 0.2994492 0.1044009
v -0.1338459 0.3143092 0.1070413
v -0.1337681 0.3138151 0.1069163
v -0.1337492 0.2999650 0.1052268
v -0.1337995 0.2994500 0.1052911
v -0.1292824 0.3117197 0.1080647
v -0.1281661 0.3088867 0.1076629
v -0.1281630 0.3046629 0.1071409
v -0.1293063 0.3017024 0.1068596
v -0.1279358 0.3105226 0.1079144
v -0.1277292 0.3086516 0.1080128
v -0.1277298 0.3047111 0.1074710
v -0.1279233 0.3029410 0.1069926
v -0.1426184 0.3121606 0.1035674
v -0.1432223 0.3095551 0.1021884
v -0.1431263 0.3051419 0.1014289
v -0.1426050 0.3023522 0.1023711
v -0.1393616 0.3147883 0.1029883
v -0.1402032 0.3140551 0.1033641
v -0.1384378 0.3075177 0.1008732
v -0.1401136 0.3005423 0.1017956
v -0.1392969 0.2999451 0.1011729
v -0.1369948 0.3147260 0.1043692
v -0.1374898 0.3141756 0.1050636
v -0.1369475 0.3073036 0.1026453
v -0.1349715 0.3071792 0.1036874
v -0.1374750 0.3000505 0.1033398
v -0.1370311 0.2996722 0.1025988
v -0.1326863 0.3144235 0.1052552
v -0.1320373 0.3138924 0.1055833
v -0.1323030 0.3072036 0.1035174
v -0.1339916 0.3071659 0.1038072
v -0.1319855 0.3002223 0.1038639
v -0.1327402 0.2997655 0.1034812
v -0.1302685 0.3147035 0.1031707
v -0.1298967 0.3129228 0.1054116
v -0.1297346 0.3094685 0.1040483
v -0.1297074 0.3048885 0.1034738
v -0.1298404 0.3012370 0.1040297
v -0.1302485 0.3000123 0.1013788
v -0.1276667 0.3091832 0.1064441
v -0.1276615 0.3047999 0.1059085
v -0.1417089 0.3126951 0.0985400
v -0.1424014 0.3100898 0.0983149
v -0.1423801 0.3055994 0.0977529
v -0.1416967 0.3030773 0.0973448
v -0.1389834 0.3150963 0.1001594
v -0.1404205 0.3141981 0.0996524
v -0.1387997 0.3076603 0.0997003
v -0.1387867 0.3078633 0.0980361
v -0.1403951 0.3013226 0.0980973
v -0.1389804 0.3003366 0.0983460
v -0.1338845 0.3151168 0.0997412
v -0.1338646 0.3004257 0.0979494
v -0.1292816 0.3149070 0.1015132
v -0.1292617 0.3002158 0.0997214
v -0.1414398 0.3131145 0.0971484
v -0.1422198 0.3107061 0.0967172
v -0.1422207 0.3057891 0.0961161
v -0.1414517 0.3030043 0.0959108
v -0.1385483 0.3153324 0.0976214
v -0.1399117 0.3147413 0.0976179
v -0.1404018 0.3080230 0.0967083
v -0.1385297 0.3079860 0.0970328
v -0.1399784 0.3013513 0.0959694
v -0.1385600 0.3007153 0.0958621
v -0.1363304 0.3156383 0.0954385
v -0.1363104 0.3009472 0.0936467
v -0.1301108 0.3155147 0.0965213
v -0.1300908 0.3008235 0.0947295
v -0.1290660 0.3152533 0.0986763
v -0.1290461 0.3005621 0.0968845
v -0.1344855 0.3157141 0.0948372
v -0.1344656 0.3010230 0.0930454
v -0.1321002 0.3156765 0.0951724
v -0.1320803 0.3009854 0.0933806
v -0.1415613 0.3110350 0.0946139
v -0.1416412 0.3096807 0.0945554
v -0.1415849 0.3067547 0.0940794
v -0.1416022 0.3056679 0.0940448
v -0.1397352 0.3148388 0.0959006
v -0.1403428 0.3135578 0.0955805
v -0.1409971 0.3116769 0.0950857
v -0.1406930 0.3102946 0.0951735
v -0.1406874 0.3061862 0.0946724
v -0.1410264 0.3050073 0.0942559
v -0.1403872 0.3029819 0.0942711
v -0.1396634 0.3016113 0.0941924
v -0.1384360 0.3152769 0.0963173
v -0.1383152 0.3135885 0.0961164
v -0.1383005 0.3027686 0.0947968
v -0.1382840 0.3010899 0.0945178
v -0.1409663 0.3110780 0.0932698
v -0.1409076 0.3093956 0.0928529
v -0.1408980 0.3067746 0.0925359
v -0.1411338 0.3056689 0.0930070
v -0.1391379 0.3150310 0.0947379
v -0.1392663 0.3140114 0.0935128
v -0.1406526 0.3121145 0.0930588
v -0.1406443 0.3048248 0.0922632
v -0.1391974 0.3029311 0.0921382
v -0.1391613 0.3017217 0.0931414
v -0.1378992 0.3154700 0.0947665
v -0.1378013 0.3139947 0.0938327
v -0.1377863 0.3029246 0.0924825
v -0.1377532 0.3012899 0.0930438
v -0.1360087 0.3157446 0.0952441
v -0.1358733 0.3141193 0.0950952
v -0.1358576 0.3025054 0.0936787
v -0.1357806 0.3009278 0.0934048
v -0.1398673 0.3095980 0.0904925
v -0.1398620 0.3076740 0.0902589
v -0.1375636 0.3154687 0.0911936
v -0.1383913 0.3140122 0.0915169
v -0.1384125 0.3122332 0.0905086
v -0.1395710 0.3108369 0.0900634
v -0.1395827 0.3072304 0.0896165
v -0.1384132 0.3054936 0.0896824
v -0.1383714 0.3034872 0.0902095
v -0.1376195 0.3021818 0.0895627
v -0.1367474 0.3158207 0.0922898
v -0.1371990 0.3140421 0.0921773
v -0.1370097 0.3124195 0.0908738
v -0.1369998 0.3051669 0.0899893
v -0.1371844 0.3032781 0.0908644
v -0.1367870 0.3015736 0.0905567
v -0.1343018 0.3160366 0.0936437
v -0.1336101 0.3135339 0.0928230
v -0.1337341 0.3126995 0.0928420
v -0.1337228 0.3044308 0.0918336
v -0.1336243 0.3034384 0.0914930
v -0.1346085 0.3010457 0.0919164
v -0.1321245 0.3159519 0.0945619
v -0.1320930 0.3141186 0.0943466
v -0.1323554 0.3124577 0.0933964
v -0.1323447 0.3045360 0.0924302
v -0.1321166 0.3027447 0.0928800
v -0.1321688 0.3008682 0.0927313
v -0.1305394 0.3155616 0.0947660
v -0.1304221 0.3139074 0.0942972
v -0.1303651 0.3029198 0.0929927
v -0.1305285 0.3011996 0.0930055
v -0.1286085 0.3150534 0.0963084
v -0.1293754 0.3131552 0.0951649
v -0.1288027 0.3113629 0.0950742
v -0.1287902 0.3052151 0.0943538
v -0.1293387 0.3034745 0.0939863
v -0.1286230 0.3013216 0.0946111
v -0.1270542 0.3143755 0.0958964
v -0.1270375 0.3020877 0.0943977
v -0.1388518 0.3092720 0.0880572
v -0.1390970 0.3082199 0.0885307
v -0.1369488 0.3156763 0.0896490
v -0.1378499 0.3146453 0.0891406
v -0.1385888 0.3124060 0.0884116
v -0.1388046 0.3107605 0.0882596
v -0.1387232 0.3076109 0.0876727
v -0.1386593 0.3055794 0.0878277
v -0.1378229 0.3034166 0.0877290
v -0.1370180 0.3022893 0.0882147
v -0.1361420 0.3160248 0.0903053
v -0.1356805 0.3142415 0.0905672
v -0.1352791 0.3118182 0.0899295
v -0.1347819 0.3110350 0.0898245
v -0.1347802 0.3067638 0.0892899
v -0.1352601 0.3059975 0.0892127
v -0.1356659 0.3034756 0.0892541
v -0.1358700 0.3017708 0.0884515
v -0.1336148 0.3160017 0.0912240
v -0.1338429 0.3140879 0.0918268
v -0.1344265 0.3118732 0.0907534
v -0.1347211 0.3109407 0.0900436
v -0.1347155 0.3068081 0.0895396
v -0.1344127 0.3057390 0.0900090
v -0.1339420 0.3031758 0.0903787
v -0.1336189 0.3015668 0.0894577
v -0.1322446 0.3158561 0.0924727
v -0.1324579 0.3138227 0.0928736
v -0.1320813 0.3125397 0.0928862
v -0.1320705 0.3045797 0.0919153
v -0.1325697 0.3034563 0.0915349
v -0.1322256 0.3014627 0.0906782
v -0.1297895 0.3155886 0.0935265
v -0.1309059 0.3140832 0.0936378
v -0.1308907 0.3029040 0.0922743
v -0.1297822 0.3014717 0.0918001
v -0.1282778 0.3152070 0.0944669
v -0.1271839 0.3148703 0.0939210
v -0.1270912 0.3021136 0.0924737
v -0.1281063 0.3017009 0.0924952
v -0.1262046 0.3139205 0.0948957
v -0.1261784 0.3027852 0.0935863
v -0.1361181 0.3159724 0.0875650
v -0.1368734 0.3145771 0.0872996
v -0.1364912 0.3121403 0.0867324
v -0.1371156 0.3111180 0.0862840
v -0.1371640 0.3073963 0.0857993
v -0.1364890 0.3064391 0.0860359
v -0.1368298 0.3038807 0.0860073
v -0.1361275 0.3024948 0.0860272
v -0.1345134 0.3161655 0.0881103
v -0.1360450 0.3136768 0.0880668
v -0.1357398 0.3123627 0.0874458
v -0.1357635 0.3058493 0.0868230
v -0.1360327 0.3046237 0.0869626
v -0.1347309 0.3021171 0.0864673
v -0.1333330 0.3161784 0.0892322
v -0.1332718 0.3018834 0.0875613
v -0.1309188 0.3161395 0.0899677
v -0.1309283 0.3017964 0.0881341
v -0.1292748 0.3158076 0.0912093
v -0.1292741 0.3018168 0.0894963
v -0.1279244 0.3154059 0.0923668
v -0.1279398 0.3019267 0.0906799
v -0.1354559 0.3161874 0.0861070
v -0.1363469 0.3151534 0.0856033
v -0.1362303 0.3119385 0.0860296
v -0.1363429 0.3112083 0.0857694
v -0.1363326 0.3074461 0.0853127
v -0.1361772 0.3068219 0.0854668
v -0.1362895 0.3037085 0.0842251
v -0.1355015 0.3027039 0.0844354
v -0.1342439 0.3162467 0.0867079
v -0.1340977 0.3159938 0.0857863
v -0.1355965 0.3116130 0.0864550
v -0.1355268 0.3113665 0.0864426
v -0.1355212 0.3072581 0.0859415
v -0.1355902 0.3070156 0.0858943
v -0.1341411 0.3029089 0.0843135
v -0.1342540 0.3024273 0.0850917
v -0.1322577 0.3164280 0.0870709
v -0.1322521 0.3021807 0.0854274
v -0.1301655 0.3163360 0.0878488
v -0.1301320 0.3021023 0.0861837
v -0.1279593 0.3158679 0.0890409
v -0.1279601 0.3022748 0.0874353
v -0.1345037 0.3163950 0.0839536
v -0.1352820 0.3154025 0.0832254
v -0.1360813 0.3132892 0.0828189
v -0.1365345 0.3104748 0.0828438
v -0.1365039 0.3083096 0.0825913
v -0.1361000 0.3061390 0.0820281
v -0.1352925 0.3041024 0.0818831
v -0.1345089 0.3030929 0.0820875
v -0.1333965 0.3165716 0.0844305
v -0.1332611 0.3161187 0.0842252
v -0.1329808 0.3032592 0.0821622
v -0.1334927 0.3027007 0.0827309
v -0.1313812 0.3165586 0.0854204
v -0.1313263 0.3025395 0.0833794
v -0.1293766 0.3165263 0.0858023
v -0.1293662 0.3024103 0.0841250
v -0.1274837 0.3161579 0.0865651
v -0.1276104 0.3025553 0.0851566
v -0.1336049 0.3165281 0.0820070
v -0.1345132 0.3155185 0.0815072
v -0.1352933 0.3131893 0.0809008
v -0.1354996 0.3107184 0.0805143
v -0.1354714 0.3086735 0.0802752
v -0.1352240 0.3063885 0.0800958
v -0.1344548 0.3043467 0.0801625
v -0.1325349 0.3168455 0.0824062
v -0.1320374 0.3163337 0.0822633
v -0.1318721 0.3034963 0.0804155
v -0.1327557 0.3029455 0.0808786
v -0.1303012 0.3167050 0.0835675
v -0.1302816 0.3027813 0.0818690
v -0.1285367 0.3166375 0.0844272
v -0.1284581 0.3026781 0.0824853
v -0.1270150 0.3164164 0.0844681
v -0.1271403 0.3027641 0.0834752
v -0.1333234 0.3158059 0.0792335
v -0.1343634 0.3138694 0.0791321
v -0.1343988 0.3114236 0.0782626
v -0.1343975 0.3090540 0.0779728
v -0.1343389 0.3067504 0.0781769
v -0.1333666 0.3047390 0.0778598
v -0.1315277 0.3170217 0.0801667
v -0.1314233 0.3164597 0.0803843
v -0.1316895 0.3037404 0.0788675
v -0.1315977 0.3032668 0.0786632
v -0.1297294 0.3168005 0.0813981
v -0.1297100 0.3032122 0.0797406
v -0.1274306 0.3167569 0.0821176
v -0.1273633 0.3031053 0.0803804
v -0.1268559 0.3165607 0.0832096
v -0.1268430 0.3030099 0.0816035
v -0.1325399 0.3157696 0.0773960
v -0.1331936 0.3141239 0.0768011
v -0.1333722 0.3119438 0.0763182
v -0.1333179 0.3092921 0.0758777
v -0.1331806 0.3070688 0.0758779
v -0.1325163 0.3050886 0.0761477
v -0.1304074 0.3171025 0.0783092
v -0.1305774 0.3166191 0.0782454
v -0.1308031 0.3041846 0.0767405
v -0.1305922 0.3036384 0.0769288
v -0.1284199 0.3168767 0.0792883
v -0.1286921 0.3167621 0.0785513
v -0.1286872 0.3039445 0.0769674
v -0.1284115 0.3036553 0.0776566
v -0.1273086 0.3168539 0.0802629
v -0.1273275 0.3034502 0.0785538
v -0.1315363 0.3158220 0.0757944
v -0.1321591 0.3140311 0.0750076
v -0.1324496 0.3119692 0.0747310
v -0.1324235 0.3096408 0.0744012
v -0.1321512 0.3074275 0.0742036
v -0.1315234 0.3054971 0.0745447
v -0.1296429 0.3171218 0.0773691
v -0.1298834 0.3166559 0.0764650
v -0.1298276 0.3045762 0.0749007
v -0.1296129 0.3039011 0.0757334
v -0.1287155 0.3165960 0.0776300
v -0.1287051 0.3043185 0.0761280
v -0.1305993 0.3153571 0.0743428
v -0.1307849 0.3139559 0.0735413
v -0.1309982 0.3120735 0.0730091
v -0.1309849 0.3099922 0.0727318
v -0.1307776 0.3078513 0.0727982
v -0.1305879 0.3062989 0.0732406
v -0.1289232 0.3159537 0.0746117
v -0.1289998 0.3147342 0.0733741
v -0.1290811 0.3071734 0.0724372
v -0.1287883 0.3057195 0.0733004
v -0.1297116 0.3120152 0.0721333
v -0.1296978 0.3103198 0.0719053
v -0.1280023 0.3140864 0.0728809
v -0.1284275 0.3123541 0.0720957
v -0.1284232 0.3100202 0.0717830
v -0.1279884 0.3079154 0.0721172
v -0.1274138 0.3136261 0.0726725
v -0.1272361 0.3121446 0.0721546
v -0.1272318 0.3099677 0.0718865
v -0.1273878 0.3085023 0.0720110
v -0.1271330 0.3168285 0.0802150
v -0.1276466 0.3168827 0.0790655
v -0.1263803 0.3165031 0.0827493
v -0.1268184 0.3166783 0.0820595
v -0.1268091 0.3162895 0.0849493
v -0.1272546 0.3160098 0.0871272
v -0.1273438 0.3157511 0.0888398
v -0.1277599 0.3153830 0.0921999
v -0.1240027 0.3151420 0.0772010
v -0.1254882 0.3153875 0.0762025
v -0.1273620 0.3155639 0.0755000
v -0.1285394 0.3155012 0.0751489
v -0.1227001 0.3148741 0.0798517
v -0.1239198 0.3155162 0.0786125
v -0.1261475 0.3163417 0.0779396
v -0.1280917 0.3164619 0.0772506
v -0.1290453 0.3161444 0.0763930
v -0.1228820 0.3149641 0.0817041
v -0.1247581 0.3161172 0.0807904
v -0.1265294 0.3167067 0.0796000
v -0.1278849 0.3168347 0.0785799
v -0.1224589 0.3140716 0.0839068
v -0.1232721 0.3149238 0.0834605
v -0.1252222 0.3161405 0.0827638
v -0.1231789 0.3139967 0.0862043
v -0.1242745 0.3150294 0.0858709
v -0.1258134 0.3159410 0.0853009
v -0.1236158 0.3136375 0.0882170
v -0.1253736 0.3151502 0.0878472
v -0.1245996 0.3138978 0.0903351
v -0.1257962 0.3149341 0.0899019
v -0.1252604 0.3138127 0.0923535
v -0.1265015 0.3148856 0.0920145
v -0.1258418 0.3137392 0.0942338
v -0.1269539 0.3148488 0.0933855
v -0.1247600 0.3133309 0.0743666
v -0.1266786 0.3134100 0.0735591
v -0.1276978 0.3131746 0.0731639
v -0.1218682 0.3132234 0.0776167
v -0.1230617 0.3138629 0.0764937
v -0.1248839 0.3142666 0.0751467
v -0.1270388 0.3145074 0.0743278
v -0.1280021 0.3142738 0.0738793
v -0.1208456 0.3123941 0.0804954
v -0.1216739 0.3136127 0.0792806
v -0.1226556 0.3145562 0.0783667
v -0.1212507 0.3129793 0.0818732
v -0.1218237 0.3139878 0.0813559
v -0.1216658 0.3129604 0.0835595
v -0.1223861 0.3126930 0.0861014
v -0.1229996 0.3124029 0.0882515
v -0.1236688 0.3122751 0.0903274
v -0.1242623 0.3120799 0.0922836
v -0.1245886 0.3108757 0.0942500
v -0.1248911 0.3120757 0.0942350
v -0.1230341 0.3116324 0.0748670
v -0.1245759 0.3121257 0.0739084
v -0.1266216 0.3121518 0.0730347
v -0.1275727 0.3121210 0.0727979
v -0.1213838 0.3112540 0.0770511
v -0.1223106 0.3117006 0.0757369
v -0.1205420 0.3109375 0.0799933
v -0.1208265 0.3113709 0.0786200
v -0.1206374 0.3105696 0.0821044
v -0.1210576 0.3107930 0.0835823
v -0.1219193 0.3106570 0.0862691
v -0.1230467 0.3100819 0.0898309
v -0.1239356 0.3093108 0.0926510
v -0.1243560 0.3095507 0.0939059
v -0.1230618 0.3096872 0.0746184
v -0.1246127 0.3096631 0.0735660
v -0.1266124 0.3098440 0.0727433
v -0.1275757 0.3097998 0.0725266
v -0.1214261 0.3093846 0.0767975
v -0.1223413 0.3092923 0.0754519
v -0.1205658 0.3089821 0.0797865
v -0.1208565 0.3088971 0.0783309
v -0.1206724 0.3087708 0.0819473
v -0.1210829 0.3081685 0.0832373
v -0.1219242 0.3078091 0.0858927
v -0.1230870 0.3074197 0.0895854
v -0.1238435 0.3074525 0.0920937
v -0.1243602 0.3070664 0.0935954
v -0.1248660 0.3083101 0.0736827
v -0.1266719 0.3083951 0.0729478
v -0.1277249 0.3085321 0.0726618
v -0.1218605 0.3076135 0.0769325
v -0.1230527 0.3072596 0.0756884
v -0.1246713 0.3072311 0.0743669
v -0.1270290 0.3071443 0.0734304
v -0.1280374 0.3073438 0.0731199
v -0.1208393 0.3077293 0.0799264
v -0.1216647 0.3068362 0.0784541
v -0.1226441 0.3061374 0.0773399
v -0.1212423 0.3068291 0.0811231
v -0.1218128 0.3059729 0.0803784
v -0.1216569 0.3064410 0.0827644
v -0.1223771 0.3060876 0.0852958
v -0.1229907 0.3058508 0.0874524
v -0.1236596 0.3054741 0.0894979
v -0.1242530 0.3051918 0.0914435
v -0.1245819 0.3058872 0.0936416
v -0.1248811 0.3047252 0.0933384
v -0.1239901 0.3058454 0.0760671
v -0.1254595 0.3057971 0.0750936
v -0.1273488 0.3058364 0.0743142
v -0.1284943 0.3060264 0.0739449
v -0.1226873 0.3054718 0.0787049
v -0.1239057 0.3051431 0.0773473
v -0.1260551 0.3045084 0.0765256
v -0.1280703 0.3045010 0.0758629
v -0.1290527 0.3051088 0.0749796
v -0.1228683 0.3049387 0.0804813
v -0.1247417 0.3040341 0.0793167
v -0.1264650 0.3037468 0.0780534
v -0.1278591 0.3038568 0.0770097
v -0.1224469 0.3052768 0.0828342
v -0.1232580 0.3045546 0.0821958
v -0.1252050 0.3035359 0.0812264
v -0.1231664 0.3047953 0.0850821
v -0.1242594 0.3038701 0.0845098
v -0.1257960 0.3031181 0.0837370
v -0.1236036 0.3046591 0.0871220
v -0.1253575 0.3032749 0.0863988
v -0.1245860 0.3038947 0.0891151
v -0.1257800 0.3029897 0.0884451
v -0.1252464 0.3034904 0.0910945
v -0.1264847 0.3025271 0.0905072
v -0.1258619 0.3030777 0.0929251
v -0.1269490 0.3022249 0.0918287
v -0.1270405 0.3034610 0.0786964
v -0.1276063 0.3036875 0.0774973
v -0.1263622 0.3031842 0.0811249
v -0.1268012 0.3031717 0.0804645
v -0.1268076 0.3028459 0.0834436
v -0.1272222 0.3026055 0.0855758
v -0.1274085 0.3024199 0.0872698
v -0.1276849 0.3020071 0.0906483
v -0.1349162 0.2815455 0.1876889
v -0.1349026 0.2715699 0.1864722
v -0.1327624 0.2814203 0.1880966
v -0.1327491 0.2715992 0.1868987
v -0.1284858 0.2817136 0.1882958
v -0.1284716 0.2712781 0.1870230
v -0.1250023 0.2813664 0.1887989
v -0.1254465 0.2796613 0.1883771
v -0.1254163 0.2732489 0.1875897
v -0.1249880 0.2715065 0.1875990
v -0.1213362 0.2817959 0.1873009
v -0.1213222 0.2714563 0.1860398
v -0.1198491 0.2818267 0.1860654
v -0.1198354 0.2717274 0.1848336
v -0.1359702 0.2818612 0.1859860
v -0.1359563 0.2716699 0.1847430
v -0.1322961 0.2823001 0.1848848
v -0.1322814 0.2715184 0.1835698
v -0.1292826 0.2822036 0.1858683
v -0.1292679 0.2713838 0.1845486
v -0.1255092 0.2822598 0.1854294
v -0.1254945 0.2714447 0.1841104
v -0.1229417 0.2824321 0.1839062
v -0.1229271 0.2716505 0.1825912
v -0.1186861 0.2821336 0.1838554
v -0.1186723 0.2719638 0.1826150
v -0.1389212 0.2822906 0.1813472
v -0.1388592 0.2797967 0.1812626
v -0.1388384 0.2748121 0.1807312
v -0.1389077 0.2723601 0.1801360
v -0.1381967 0.2825625 0.1826716
v -0.1375068 0.2785715 0.1819228
v -0.1375574 0.2758543 0.1816759
v -0.1381820 0.2717799 0.1813565
v -0.1340412 0.2826296 0.1823222
v -0.1340266 0.2718098 0.1810025
v -0.1217691 0.2828062 0.1810111
v -0.1217545 0.2719864 0.1796914
v -0.1175832 0.2828739 0.1803975
v -0.1181123 0.2787520 0.1797156
v -0.1182004 0.2761954 0.1793012
v -0.1175686 0.2720793 0.1790809
v -0.1171954 0.2826083 0.1793270
v -0.1171969 0.2800673 0.1789578
v -0.1172043 0.2751185 0.1781770
v -0.1171818 0.2725955 0.1781058
v -0.1391151 0.2825267 0.1794094
v -0.1390668 0.2800280 0.1793748
v -0.1390624 0.2750124 0.1787946
v -0.1391016 0.2725962 0.1781982
v -0.1387144 0.2830561 0.1783171
v -0.1378306 0.2790735 0.1783143
v -0.1379435 0.2762393 0.1779059
v -0.1386998 0.2723460 0.1770108
v -0.1346783 0.2830646 0.1787483
v -0.1346636 0.2722448 0.1774286
v -0.1219238 0.2832521 0.1773528
v -0.1219091 0.2724323 0.1760332
v -0.1181288 0.2834322 0.1761897
v -0.1185751 0.2792810 0.1761420
v -0.1186087 0.2765642 0.1758268
v -0.1181141 0.2725473 0.1748621
v -0.1173817 0.2828362 0.1774089
v -0.1174194 0.2803563 0.1769469
v -0.1174265 0.2753816 0.1762596
v -0.1173681 0.2728347 0.1761891
v -0.1378368 0.2834700 0.1747404
v -0.1378224 0.2728062 0.1734397
v -0.1332068 0.2834954 0.1752328
v -0.1331921 0.2726756 0.1739131
v -0.1323023 0.2836260 0.1741717
v -0.1322877 0.2728063 0.1728520
v -0.1252899 0.2837323 0.1733789
v -0.1252752 0.2729124 0.1720593
v -0.1241606 0.2836314 0.1742187
v -0.1241459 0.2728116 0.1728990
v -0.1197330 0.2837445 0.1723938
v -0.1197185 0.2731536 0.1711037
v -0.1376954 0.2832901 0.1723698
v -0.1378738 0.2802872 0.1707611
v -0.1378268 0.2766193 0.1703700
v -0.1376779 0.2735398 0.1711843
v -0.1326909 0.2835051 0.1717961
v -0.1328389 0.2804949 0.1700836
v -0.1328339 0.2768268 0.1696362
v -0.1326773 0.2734936 0.1705751
v -0.1325411 0.2835136 0.1717870
v -0.1326931 0.2805100 0.1700400
v -0.1326881 0.2768230 0.1695903
v -0.1325275 0.2734879 0.1705642
v -0.1256000 0.2835760 0.1708726
v -0.1256901 0.2813449 0.1694480
v -0.1256831 0.2761735 0.1688173
v -0.1255866 0.2736658 0.1696639
v -0.1254628 0.2834410 0.1707333
v -0.1253172 0.2810442 0.1692922
v -0.1253123 0.2765018 0.1687389
v -0.1254497 0.2738306 0.1695612
v -0.1200607 0.2837628 0.1704250
v -0.1208835 0.2809359 0.1687203
v -0.1209711 0.2766223 0.1682216
v -0.1200470 0.2736064 0.1691858
v -0.1275027 0.2807202 0.1686089
v -0.1311313 0.2806612 0.1690392
v -0.1274786 0.2769673 0.1682008
v -0.1311419 0.2769299 0.1686122
v -0.1222709 0.2865129 0.1658358
v -0.1243491 0.2869366 0.1666712
v -0.1275486 0.2871181 0.1673739
v -0.1312245 0.2875147 0.1678041
v -0.1353028 0.2878371 0.1679167
v -0.1378168 0.2868655 0.1681587
v -0.1187697 0.2832864 0.1650997
v -0.1203579 0.2846787 0.1660441
v -0.1236229 0.2846987 0.1665865
v -0.1277706 0.2848813 0.1677825
v -0.1309189 0.2849525 0.1682194
v -0.1355903 0.2845797 0.1678556
v -0.1390549 0.2844033 0.1679589
v -0.1185809 0.2817132 0.1651547
v -0.1204797 0.2814282 0.1661226
v -0.1231650 0.2809686 0.1665335
v -0.1273430 0.2811087 0.1670622
v -0.1315174 0.2811148 0.1674698
v -0.1358634 0.2803164 0.1678399
v -0.1387954 0.2809402 0.1679305
v -0.1185642 0.2775412 0.1644264
v -0.1207067 0.2773703 0.1656171
v -0.1230839 0.2772490 0.1661246
v -0.1273633 0.2769813 0.1665243
v -0.1315037 0.2768458 0.1669633
v -0.1358304 0.2775469 0.1674941
v -0.1388125 0.2769273 0.1672667
v -0.1187219 0.2753887 0.1642641
v -0.1202664 0.2737813 0.1646382
v -0.1235684 0.2736292 0.1652332
v -0.1278177 0.2735269 0.1664644
v -0.1308720 0.2733870 0.1668909
v -0.1355713 0.2733724 0.1665139
v -0.1391682 0.2733890 0.1668138
v -0.1222525 0.2720145 0.1640273
v -0.1243696 0.2713364 0.1646471
v -0.1275989 0.2709767 0.1652519
v -0.1311752 0.2706083 0.1657483
v -0.1351495 0.2701816 0.1657309
v -0.1377931 0.2710703 0.1662493
v -0.1252246 0.2869650 0.1642752
v -0.1302949 0.2885617 0.1634873
v -0.1374607 0.2874385 0.1646711
v -0.1209172 0.2847524 0.1614618
v -0.1233007 0.2863473 0.1642267
v -0.1270679 0.2845001 0.1643985
v -0.1325973 0.2844163 0.1650236
v -0.1400207 0.2839414 0.1650656
v -0.1198323 0.2822303 0.1607093
v -0.1254171 0.2822138 0.1639304
v -0.1264987 0.2827476 0.1641196
v -0.1331619 0.2826467 0.1648729
v -0.1342419 0.2820801 0.1649280
v -0.1404843 0.2819446 0.1649691
v -0.1190123 0.2798476 0.1602006
v -0.1196014 0.2797258 0.1611857
v -0.1254096 0.2766571 0.1632526
v -0.1264897 0.2760905 0.1633077
v -0.1331528 0.2759896 0.1640610
v -0.1342344 0.2765234 0.1642503
v -0.1404963 0.2772828 0.1640761
v -0.1270542 0.2743209 0.1631570
v -0.1325836 0.2742372 0.1637821
v -0.1400184 0.2746445 0.1643726
v -0.1375939 0.2716718 0.1623462
v -0.1255092 0.2878278 0.1599162
v -0.1284001 0.2883082 0.1603563
v -0.1309549 0.2885664 0.1612394
v -0.1360741 0.2886592 0.1616948
v -0.1386242 0.2879506 0.1601332
v -0.1194073 0.2836130 0.1598320
v -0.1212361 0.2855262 0.1591446
v -0.1238046 0.2868367 0.1605515
v -0.1405344 0.2850309 0.1599243
v -0.1192194 0.2820303 0.1597732
v -0.1203047 0.2826228 0.1576220
v -0.1406854 0.2817356 0.1599897
v -0.1192484 0.2787403 0.1587952
v -0.1200446 0.2801419 0.1577736
v -0.1406557 0.2782480 0.1595182
v -0.1193974 0.2762806 0.1589377
v -0.1204454 0.2746080 0.1585572
v -0.1405298 0.2748331 0.1586075
v -0.1226895 0.2728620 0.1580053
v -0.1253145 0.2719550 0.1575280
v -0.1283968 0.2713021 0.1577663
v -0.1310596 0.2708965 0.1585516
v -0.1360500 0.2708900 0.1595276
v -0.1386017 0.2719445 0.1581810
v -0.1236132 0.2879287 0.1540105
v -0.1317170 0.2893647 0.1564132
v -0.1365616 0.2891675 0.1568651
v -0.1382833 0.2889542 0.1564460
v -0.1216956 0.2858166 0.1546848
v -0.1239464 0.2873217 0.1539514
v -0.1413021 0.2838892 0.1582364
v -0.1199398 0.2818179 0.1545779
v -0.1207048 0.2831545 0.1546542
v -0.1412817 0.2827510 0.1579242
v -0.1199407 0.2798168 0.1541176
v -0.1204227 0.2794717 0.1543714
v -0.1412599 0.2783048 0.1571194
v -0.1212516 0.2754282 0.1532071
v -0.1412981 0.2763228 0.1574151
v -0.1235936 0.2734793 0.1522481
v -0.1302159 0.2727875 0.1544439
v -0.1327498 0.2718690 0.1545296
v -0.1361954 0.2717503 0.1547543
v -0.1381051 0.2716388 0.1559862
v -0.1261349 0.2885950 0.1533293
v -0.1289880 0.2890606 0.1536224
v -0.1314008 0.2892182 0.1540972
v -0.1217256 0.2847438 0.1517531
v -0.1248190 0.2877396 0.1536797
v -0.1417342 0.2845669 0.1537990
v -0.1209824 0.2825727 0.1500914
v -0.1414821 0.2821446 0.1534052
v -0.1208862 0.2802326 0.1495569
v -0.1415866 0.2793361 0.1518335
v -0.1238549 0.2757181 0.1519623
v -0.1243831 0.2758105 0.1511987
v -0.1418661 0.2768416 0.1511563
v -0.1258820 0.2727346 0.1514449
v -0.1289405 0.2721443 0.1515745
v -0.1313493 0.2718334 0.1519833
v -0.1245475 0.2886654 0.1485564
v -0.1318910 0.2892949 0.1500168
v -0.1386054 0.2890337 0.1502146
v -0.1395706 0.2888033 0.1519565
v -0.1225829 0.2865255 0.1484232
v -0.1254556 0.2883926 0.1474061
v -0.1412213 0.2862377 0.1516767
v -0.1218262 0.2829967 0.1469739
v -0.1417246 0.2833451 0.1502899
v -0.1216916 0.2803190 0.1466673
v -0.1417250 0.2792704 0.1497296
v -0.1224972 0.2761643 0.1471557
v -0.1257118 0.2762679 0.1474337
v -0.1412067 0.2756356 0.1503767
v -0.1245277 0.2740727 0.1467765
v -0.1385840 0.2732791 0.1482934
v -0.1394321 0.2730081 0.1497549
v -0.1262220 0.2894527 0.1453270
v -0.1299776 0.2894953 0.1467414
v -0.1328896 0.2900936 0.1469819
v -0.1373124 0.2903225 0.1473282
v -0.1391701 0.2899998 0.1474729
v -0.1236714 0.2871016 0.1449437
v -0.1254527 0.2882920 0.1436631
v -0.1224565 0.2839899 0.1445051
v -0.1223798 0.2799566 0.1438383
v -0.1235394 0.2766189 0.1435040
v -0.1271472 0.2761537 0.1432166
v -0.1424628 0.2778428 0.1444213
v -0.1257614 0.2741327 0.1434174
v -0.1335172 0.2727172 0.1448178
v -0.1374555 0.2727225 0.1451976
v -0.1392064 0.2730692 0.1448235
v -0.1272924 0.2899893 0.1417340
v -0.1302867 0.2906208 0.1419340
v -0.1341216 0.2907977 0.1423712
v -0.1375588 0.2909806 0.1422642
v -0.1402090 0.2898605 0.1443349
v -0.1243629 0.2880174 0.1422432
v -0.1262003 0.2876871 0.1418048
v -0.1297931 0.2860012 0.1402708
v -0.1419998 0.2872013 0.1437290
v -0.1261034 0.2856431 0.1402584
v -0.1423671 0.2841082 0.1425771
v -0.1259586 0.2801264 0.1397776
v -0.1424278 0.2803007 0.1419562
v -0.1243484 0.2761949 0.1408007
v -0.1264415 0.2767587 0.1397590
v -0.1419953 0.2767338 0.1422919
v -0.1272472 0.2743740 0.1398971
v -0.1301426 0.2736782 0.1399342
v -0.1338042 0.2736358 0.1398792
v -0.1374581 0.2733025 0.1400983
v -0.1401869 0.2738850 0.1423866
v -0.1285497 0.2904994 0.1385997
v -0.1307943 0.2905331 0.1395241
v -0.1346826 0.2904894 0.1398916
v -0.1379253 0.2907200 0.1392128
v -0.1409354 0.2905758 0.1389816
v -0.1279564 0.2868487 0.1380149
v -0.1304439 0.2881629 0.1392502
v -0.1347252 0.2891896 0.1389367
v -0.1376986 0.2895488 0.1385606
v -0.1430255 0.2864850 0.1386390
v -0.1273723 0.2860017 0.1373914
v -0.1430560 0.2859118 0.1379427
v -0.1422695 0.2801799 0.1381008
v -0.1275407 0.2763367 0.1368641
v -0.1301959 0.2755462 0.1380817
v -0.1381752 0.2754686 0.1369159
v -0.1430572 0.2785778 0.1371551
v -0.1285672 0.2747271 0.1365085
v -0.1307925 0.2744316 0.1373550
v -0.1345786 0.2742324 0.1379524
v -0.1378894 0.2742456 0.1372276
v -0.1408945 0.2744674 0.1369551
v -0.1275418 0.2910069 0.1349680
v -0.1393247 0.2908149 0.1364347
v -0.1413209 0.2905255 0.1364776
v -0.1276755 0.2897829 0.1346399
v -0.1365288 0.2891941 0.1371453
v -0.1395481 0.2897591 0.1356510
v -0.1424476 0.2885715 0.1364784
v -0.1429484 0.2850212 0.1356600
v -0.1401595 0.2801841 0.1349880
v -0.1427590 0.2804721 0.1351377
v -0.1264231 0.2759833 0.1328265
v -0.1399161 0.2760817 0.1346389
v -0.1426640 0.2771958 0.1349085
v -0.1276550 0.2750938 0.1329538
v -0.1392305 0.2747920 0.1345070
v -0.1413003 0.2751730 0.1343987
v -0.1276794 0.2914050 0.1312049
v -0.1334751 0.2918610 0.1334844
v -0.1396793 0.2911712 0.1328363
v -0.1414093 0.2905964 0.1342419
v -0.1279436 0.2902736 0.1308676
v -0.1394168 0.2901031 0.1321377
v -0.1422433 0.2889961 0.1336944
v -0.1421802 0.2861347 0.1326860
v -0.1406133 0.2804365 0.1329130
v -0.1425848 0.2814386 0.1332615
v -0.1267098 0.2764096 0.1293282
v -0.1405093 0.2762057 0.1308471
v -0.1428382 0.2773667 0.1327947
v -0.1279027 0.2755373 0.1292428
v -0.1334517 0.2745890 0.1313778
v -0.1395370 0.2753808 0.1309559
v -0.1415426 0.2754241 0.1324092
v -0.1294330 0.2916690 0.1285153
v -0.1322982 0.2919194 0.1274464
v -0.1362169 0.2918638 0.1279998
v -0.1386004 0.2914416 0.1294611
v -0.1291432 0.2909304 0.1279470
v -0.1321427 0.2905484 0.1276668
v -0.1361529 0.2904620 0.1279241
v -0.1395161 0.2898625 0.1284553
v -0.1367507 0.2862448 0.1265093
v -0.1391429 0.2860825 0.1282938
v -0.1372377 0.2806907 0.1257833
v -0.1396229 0.2812594 0.1267679
v -0.1289211 0.2767970 0.1261273
v -0.1317108 0.2769720 0.1246617
v -0.1367640 0.2768958 0.1252305
v -0.1388816 0.2766766 0.1270045
v -0.1293683 0.2760892 0.1265868
v -0.1320925 0.2759688 0.1256736
v -0.1358630 0.2758809 0.1260768
v -0.1384540 0.2759163 0.1276205
v -0.1337233 0.2913772 0.1262365
v -0.1353881 0.2913466 0.1264688
v -0.1335859 0.2912410 0.1261773
v -0.1369269 0.2905526 0.1262091
v -0.1399234 0.2896858 0.1257068
v -0.1367902 0.2859409 0.1259746
v -0.1394793 0.2871515 0.1260269
v -0.1374668 0.2809816 0.1251749
v -0.1397654 0.2815357 0.1249425
v -0.1336906 0.2769972 0.1244333
v -0.1352722 0.2769672 0.1246613
v -0.1336878 0.2767153 0.1244730
v -0.1348695 0.2766983 0.1245991
v -0.1414836 0.2910000 0.1326082
v -0.1429240 0.2888006 0.1322010
v -0.1431992 0.2851767 0.1317320
v -0.1431949 0.2812566 0.1312538
v -0.1428937 0.2777299 0.1308522
v -0.1413814 0.2755683 0.1307339
v -0.1401044 0.2916551 0.1328210
v -0.1397406 0.2875627 0.1323564
v -0.1397347 0.2832892 0.1318351
v -0.1397289 0.2790157 0.1313139
v -0.1399861 0.2748923 0.1307857
v -0.1411631 0.2910830 0.1314483
v -0.1423230 0.2894106 0.1312259
v -0.1428490 0.2856451 0.1303532
v -0.1428470 0.2814507 0.1298190
v -0.1422992 0.2774640 0.1297699
v -0.1410713 0.2758026 0.1295723
v -0.1396563 0.2917112 0.1306300
v -0.1396299 0.2753782 0.1287457
v -0.1405803 0.2912790 0.1279634
v -0.1417310 0.2897994 0.1276763
v -0.1422258 0.2860508 0.1268613
v -0.1423454 0.2814452 0.1265863
v -0.1417149 0.2779641 0.1262328
v -0.1405602 0.2764619 0.1261562
v -0.1382558 0.2919548 0.1280138
v -0.1382166 0.2757825 0.1260828
v -0.1349495 0.2921670 0.1268937
v -0.1349918 0.2758156 0.1249850
v -0.1305524 0.2919487 0.1272332
v -0.1304979 0.2759437 0.1253920
v -0.1286608 0.2916058 0.1276399
v -0.1277906 0.2902914 0.1272684
v -0.1288869 0.2837553 0.1281341
v -0.1281023 0.2776691 0.1258710
v -0.1286531 0.2762535 0.1257517
v -0.1400248 0.2916361 0.1241988
v -0.1412276 0.2899667 0.1238961
v -0.1419255 0.2864962 0.1235733
v -0.1419638 0.2825040 0.1231994
v -0.1412124 0.2787117 0.1225234
v -0.1400050 0.2770217 0.1224163
v -0.1380165 0.2920322 0.1240429
v -0.1395822 0.2913043 0.1242474
v -0.1395632 0.2773333 0.1225434
v -0.1381627 0.2767195 0.1219972
v -0.1339040 0.2920448 0.1256763
v -0.1333786 0.2761996 0.1241878
v -0.1320878 0.2919692 0.1262323
v -0.1319760 0.2762160 0.1243274
v -0.1276546 0.2913750 0.1264676
v -0.1265796 0.2905050 0.1253066
v -0.1265523 0.2778921 0.1237940
v -0.1276198 0.2767623 0.1246724
v -0.1247311 0.2891219 0.1238734
v -0.1238747 0.2869983 0.1239055
v -0.1238710 0.2822073 0.1233236
v -0.1247138 0.2795620 0.1227282
v -0.1406515 0.2902542 0.1201339
v -0.1413668 0.2866599 0.1197241
v -0.1414045 0.2831550 0.1192440
v -0.1406366 0.2793384 0.1188025
v -0.1374032 0.2923129 0.1203077
v -0.1386755 0.2916607 0.1204781
v -0.1386568 0.2778957 0.1187992
v -0.1373829 0.2773069 0.1184775
v -0.1342301 0.2923196 0.1206493
v -0.1341056 0.2772606 0.1187293
v -0.1301393 0.2921924 0.1213122
v -0.1291280 0.2918173 0.1204856
v -0.1297551 0.2777759 0.1184213
v -0.1301189 0.2772020 0.1194839
v -0.1280978 0.2919760 0.1217286
v -0.1267805 0.2910728 0.1211843
v -0.1267632 0.2783285 0.1196299
v -0.1280779 0.2773174 0.1199407
v -0.1242025 0.2886398 0.1221924
v -0.1238824 0.2868225 0.1220519
v -0.1239082 0.2824335 0.1214578
v -0.1241786 0.2804610 0.1212268
v -0.1401575 0.2904597 0.1163599
v -0.1409248 0.2871163 0.1161162
v -0.1408964 0.2836164 0.1155690
v -0.1401434 0.2800473 0.1150900
v -0.1369172 0.2927103 0.1166726
v -0.1378832 0.2921412 0.1166802
v -0.1378645 0.2783442 0.1149974
v -0.1368969 0.2777963 0.1148535
v -0.1340028 0.2927214 0.1167550
v -0.1328010 0.2923476 0.1168122
v -0.1327817 0.2781258 0.1150777
v -0.1339825 0.2777735 0.1149319
v -0.1298574 0.2926760 0.1171531
v -0.1299032 0.2921822 0.1171020
v -0.1298842 0.2782244 0.1153996
v -0.1298372 0.2777329 0.1153306
v -0.1278938 0.2923647 0.1173457
v -0.1260957 0.2911105 0.1173090
v -0.1260795 0.2792251 0.1158594
v -0.1278743 0.2779940 0.1155930
v -0.1241198 0.2892610 0.1183257
v -0.1235231 0.2872775 0.1179673
v -0.1235866 0.2830244 0.1173099
v -0.1241083 0.2807814 0.1172914
v -0.1397037 0.2905571 0.1125701
v -0.1402161 0.2878604 0.1114327
v -0.1402294 0.2838669 0.1110288
v -0.1396906 0.2808649 0.1113880
v -0.1368744 0.2931109 0.1132464
v -0.1372742 0.2925176 0.1131075
v -0.1371003 0.2788099 0.1114919
v -0.1366723 0.2782011 0.1115031
v -0.1324121 0.2932387 0.1131982
v -0.1324251 0.2927422 0.1131411
v -0.1332288 0.2785883 0.1115305
v -0.1332169 0.2780927 0.1114661
v -0.1297350 0.2930265 0.1139286
v -0.1297796 0.2925332 0.1138718
v -0.1294222 0.2787214 0.1119178
v -0.1293650 0.2782301 0.1118551
v -0.1256329 0.2911904 0.1139907
v -0.1256177 0.2799464 0.1126193
v -0.1239225 0.2895508 0.1143494
v -0.1235217 0.2879430 0.1138690
v -0.1235340 0.2837024 0.1134197
v -0.1239116 0.2814562 0.1133621
v -0.1392962 0.2910016 0.1099023
v -0.1400177 0.2884931 0.1092096
v -0.1399889 0.2836708 0.1085184
v -0.1392742 0.2810686 0.1087114
v -0.1360923 0.2936014 0.1093266
v -0.1367278 0.2928917 0.1094580
v -0.1366691 0.2793418 0.1077852
v -0.1360583 0.2786929 0.1075152
v -0.1323556 0.2937366 0.1089233
v -0.1325326 0.2932289 0.1089951
v -0.1325235 0.2791498 0.1072764
v -0.1322710 0.2786840 0.1070249
v -0.1298395 0.2935668 0.1094796
v -0.1297668 0.2930734 0.1093489
v -0.1297480 0.2792233 0.1076594
v -0.1297884 0.2787079 0.1077272
v -0.1251871 0.2910205 0.1101502
v -0.1240785 0.2881978 0.1096634
v -0.1240759 0.2839739 0.1091417
v -0.1252096 0.2810028 0.1089479
v -0.1238448 0.2898359 0.1098971
v -0.1236139 0.2879669 0.1099789
v -0.1236191 0.2840263 0.1094377
v -0.1238322 0.2822543 0.1089750
v -0.1388316 0.2913349 0.1066865
v -0.1395149 0.2887231 0.1053571
v -0.1394362 0.2843108 0.1045914
v -0.1388183 0.2815264 0.1054902
v -0.1356533 0.2939926 0.1058606
v -0.1364569 0.2932517 0.1062996
v -0.1348263 0.2867299 0.1036792
v -0.1363614 0.2797396 0.1047253
v -0.1355892 0.2791497 0.1040419
v -0.1331874 0.2939530 0.1070563
v -0.1336226 0.2933983 0.1077865
v -0.1332029 0.2865305 0.1053321
v -0.1311518 0.2864250 0.1062199
v -0.1336079 0.2792731 0.1060630
v -0.1332185 0.2788986 0.1052902
v -0.1288210 0.2936911 0.1076101
v -0.1281439 0.2931662 0.1078874
v -0.1285045 0.2864742 0.1058462
v -0.1301655 0.2864209 0.1062643
v -0.1280963 0.2794964 0.1061656
v -0.1288737 0.2790323 0.1058417
v -0.1265726 0.2939926 0.1053467
v -0.1260137 0.2922166 0.1075522
v -0.1259242 0.2887633 0.1061796
v -0.1258983 0.2841835 0.1056035
v -0.1259543 0.2805311 0.1061671
v -0.1265526 0.2793015 0.1035549
v -0.1236765 0.2884984 0.1084101
v -0.1236714 0.2841150 0.1078746
v -0.1383145 0.2918754 0.1016044
v -0.1389978 0.2892637 0.1014323
v -0.1389777 0.2847735 0.1008692
v -0.1383040 0.2822577 0.1004093
v -0.1354956 0.2943027 0.1030112
v -0.1369588 0.2933909 0.1026153
v -0.1352781 0.2868686 0.1025375
v -0.1353944 0.2870709 0.1008772
v -0.1369323 0.2805155 0.1010596
v -0.1354936 0.2795429 0.1011991
v -0.1304441 0.2943706 0.1022041
v -0.1304242 0.2796795 0.1004123
v -0.1257173 0.2942045 0.1036187
v -0.1256974 0.2795134 0.1018269
v -0.1381565 0.2922968 0.1001964
v -0.1389447 0.2898810 0.0998255
v -0.1389458 0.2849639 0.0992251
v -0.1381688 0.2821863 0.0989608
v -0.1352582 0.2945417 0.1004474
v -0.1366123 0.2939379 0.1005480
v -0.1371078 0.2872150 0.0996769
v -0.1352161 0.2871955 0.0998572
v -0.1366799 0.2805472 0.0989061
v -0.1352680 0.2799243 0.0986905
v -0.1332167 0.2948673 0.0981012
v -0.1331968 0.2801762 0.0963094
v -0.1269316 0.2948022 0.0987050
v -0.1269117 0.2801110 0.0969132
v -0.1257226 0.2945515 0.1007737
v -0.1257027 0.2798604 0.0989818
v -0.1314241 0.2949601 0.0973606
v -0.1314041 0.2802689 0.0955688
v -0.1290199 0.2949448 0.0975123
v -0.1289999 0.2802537 0.0957205
v -0.1388060 0.2901167 0.0984804
v -0.1388661 0.2887609 0.0984345
v -0.1388313 0.2858358 0.0979512
v -0.1388313 0.2847487 0.0979184
v -0.1368653 0.2939610 0.0994368
v -0.1374919 0.2926667 0.0992249
v -0.1381822 0.2907713 0.0988481
v -0.1378382 0.2893960 0.0988797
v -0.1378326 0.2852876 0.0983786
v -0.1382138 0.2841009 0.0980253
v -0.1375388 0.2820895 0.0979260
v -0.1368107 0.2807344 0.0977207
v -0.1355231 0.2944272 0.0996224
v -0.1354032 0.2927414 0.0994009
v -0.1353885 0.2819215 0.0980812
v -0.1353851 0.2802429 0.0978009
v -0.1384543 0.2901695 0.0970535
v -0.1384333 0.2884878 0.0966301
v -0.1384232 0.2858670 0.0963119
v -0.1385502 0.2847574 0.0968150
v -0.1364831 0.2941633 0.0981884
v -0.1368005 0.2931387 0.0970025
v -0.1382040 0.2912119 0.0967929
v -0.1381795 0.2839223 0.0959962
v -0.1367365 0.2820594 0.0956189
v -0.1365012 0.2808532 0.0965987
v -0.1352678 0.2946285 0.0980023
v -0.1353022 0.2931536 0.0970633
v -0.1352872 0.2820835 0.0957131
v -0.1351225 0.2804510 0.0962575
v -0.1333293 0.2949440 0.0981449
v -0.1331874 0.2933215 0.0979721
v -0.1331717 0.2817077 0.0965556
v -0.1331100 0.2801315 0.0962700
v -0.1378229 0.2887073 0.0941252
v -0.1378175 0.2867833 0.0938912
v -0.1355574 0.2946268 0.0944254
v -0.1362854 0.2931538 0.0948850
v -0.1364436 0.2913726 0.0938928
v -0.1376319 0.2899513 0.0936532
v -0.1376446 0.2863444 0.0932093
v -0.1364449 0.2846328 0.0930684
v -0.1362697 0.2826288 0.0935771
v -0.1356139 0.2813384 0.0928074
v -0.1345710 0.2949982 0.0953638
v -0.1349975 0.2932103 0.0953285
v -0.1350029 0.2915893 0.0940094
v -0.1349930 0.2843367 0.0931248
v -0.1349829 0.2824462 0.0940157
v -0.1346089 0.2807499 0.0936409
v -0.1319327 0.2952686 0.0962730
v -0.1313410 0.2927794 0.0953407
v -0.1314421 0.2919426 0.0953796
v -0.1314308 0.2836740 0.0943711
v -0.1313719 0.2826831 0.0940170
v -0.1322168 0.2802711 0.0946010
v -0.1296277 0.2952319 0.0967993
v -0.1295952 0.2933993 0.0965788
v -0.1299834 0.2917312 0.0956859
v -0.1299726 0.2838095 0.0947197
v -0.1296320 0.2820244 0.0951202
v -0.1296694 0.2801468 0.0949798
v -0.1280233 0.2948757 0.0967245
v -0.1279542 0.2932234 0.0962398
v -0.1278917 0.2822367 0.0949275
v -0.1280138 0.2805135 0.0949657
v -0.1258437 0.2944116 0.0979076
v -0.1267571 0.2924953 0.0969114
v -0.1261710 0.2907153 0.0967199
v -0.1261534 0.2845677 0.0959983
v -0.1267204 0.2828150 0.0957287
v -0.1258616 0.2806790 0.0962164
v -0.1243705 0.2937659 0.0972310
v -0.1243538 0.2814781 0.0957323
v -0.1372388 0.2883977 0.0915501
v -0.1373758 0.2873416 0.0920572
v -0.1352245 0.2948441 0.0927978
v -0.1361781 0.2937932 0.0924519
v -0.1369847 0.2915373 0.0918585
v -0.1371887 0.2898873 0.0917437
v -0.1371437 0.2867389 0.0911465
v -0.1370108 0.2847095 0.0912847
v -0.1361587 0.2825647 0.0910388
v -0.1352579 0.2814557 0.0913756
v -0.1343237 0.2952110 0.0933047
v -0.1337860 0.2934384 0.0934796
v -0.1334501 0.2910227 0.0927780
v -0.1329623 0.2902501 0.0925870
v -0.1329629 0.2859787 0.0920533
v -0.1334325 0.2852023 0.0920594
v -0.1337714 0.2826724 0.0921666
v -0.1340755 0.2809620 0.0914088
v -0.1316754 0.2952432 0.0937707
v -0.1317549 0.2933263 0.0944010
v -0.1324689 0.2910976 0.0934415
v -0.1328623 0.2901575 0.0927922
v -0.1328567 0.2860249 0.0922881
v -0.1324545 0.2849635 0.0926962
v -0.1318726 0.2824116 0.0929744
v -0.1316802 0.2808079 0.0920087
v -0.1301066 0.2951292 0.0947624
v -0.1302038 0.2930926 0.0951911
v -0.1298037 0.2918179 0.0951360
v -0.1297929 0.2838579 0.0941651
v -0.1303266 0.2827234 0.0938753
v -0.1300944 0.2807357 0.0929687
v -0.1275008 0.2949159 0.0953738
v -0.1285487 0.2933875 0.0956747
v -0.1285335 0.2822083 0.0943112
v -0.1274941 0.2807988 0.0936495
v -0.1258410 0.2945683 0.0960369
v -0.1248515 0.2942537 0.0953089
v -0.1247411 0.2814988 0.0938468
v -0.1257282 0.2810648 0.0940435
v -0.1236980 0.2933269 0.0960973
v -0.1236635 0.2821919 0.0947852
v -0.1347746 0.2951533 0.0906018
v -0.1355348 0.2937419 0.0904692
v -0.1352053 0.2913125 0.0898403
v -0.1358762 0.2902763 0.0895055
v -0.1359291 0.2865534 0.0890305
v -0.1352032 0.2856112 0.0891449
v -0.1354895 0.2830461 0.0891717
v -0.1347652 0.2816754 0.0890671
v -0.1331041 0.2953815 0.0908605
v -0.1345669 0.2928609 0.0910795
v -0.1343463 0.2915522 0.0904128
v -0.1343397 0.2850384 0.0897931
v -0.1345546 0.2838078 0.0899753
v -0.1333057 0.2813282 0.0892575
v -0.1317475 0.2954217 0.0917606
v -0.1316743 0.2811277 0.0900813
v -0.1292420 0.2954355 0.0920659
v -0.1292656 0.2810916 0.0902385
v -0.1274007 0.2951409 0.0930027
v -0.1274009 0.2811497 0.0912930
v -0.1258617 0.2947703 0.0939076
v -0.1258841 0.2812903 0.0922272
v -0.1343802 0.2953793 0.0890513
v -0.1353230 0.2943257 0.0887082
v -0.1350661 0.2911148 0.0891026
v -0.1352066 0.2903819 0.0888647
v -0.1351961 0.2866197 0.0884071
v -0.1350030 0.2859993 0.0885308
v -0.1352632 0.2828816 0.0873225
v -0.1344296 0.2818944 0.0873912
v -0.1330839 0.2954654 0.0894328
v -0.1330944 0.2952138 0.0884994
v -0.1343613 0.2908037 0.0894110
v -0.1342896 0.2905587 0.0893863
v -0.1342840 0.2864502 0.0888852
v -0.1343550 0.2862063 0.0888503
v -0.1331156 0.2821278 0.0870353
v -0.1330815 0.2816456 0.0878206
v -0.1310691 0.2956895 0.0894459
v -0.1310470 0.2814420 0.0878033
v -0.1288722 0.2956433 0.0898487
v -0.1288265 0.2814101 0.0881801
v -0.1264831 0.2952245 0.0906390
v -0.1264745 0.2816311 0.0890360
v -0.1338208 0.2956025 0.0867656
v -0.1346925 0.2945922 0.0861819
v -0.1355052 0.2924617 0.0859170
v -0.1358875 0.2896383 0.0860156
v -0.1358554 0.2874738 0.0857581
v -0.1355094 0.2853110 0.0851299
v -0.1346963 0.2832916 0.0848436
v -0.1338679 0.2822994 0.0849073
v -0.1326517 0.2958034 0.0870434
v -0.1325444 0.2953531 0.0868170
v -0.1323540 0.2824981 0.0847159
v -0.1327475 0.2819301 0.0853639
v -0.1304953 0.2958352 0.0876685
v -0.1304984 0.2818161 0.0856263
v -0.1284547 0.2958460 0.0876966
v -0.1284364 0.2817300 0.0860202
v -0.1264507 0.2955193 0.0881187
v -0.1265317 0.2819141 0.0867316
v -0.1332765 0.2957505 0.0846928
v -0.1342362 0.2947209 0.0843566
v -0.1350602 0.2923745 0.0838910
v -0.1352780 0.2898989 0.0835423
v -0.1352484 0.2878546 0.0832985
v -0.1349875 0.2855750 0.0830752
v -0.1341753 0.2835500 0.0830041
v -0.1321605 0.2960913 0.0849008
v -0.1316845 0.2955899 0.0846729
v -0.1315705 0.2827550 0.0828036
v -0.1323485 0.2821866 0.0834122
v -0.1297566 0.2960005 0.0856565
v -0.1297371 0.2820768 0.0839579
v -0.1278687 0.2959721 0.0861968
v -0.1278325 0.2820135 0.0842481
v -0.1263587 0.2957833 0.0859726
v -0.1263651 0.2821293 0.0849945
v -0.1334654 0.2950286 0.0819114
v -0.1344660 0.2930704 0.0819889
v -0.1346000 0.2906226 0.0811347
v -0.1345987 0.2882529 0.0808453
v -0.1344568 0.2859514 0.0810324
v -0.1335119 0.2839605 0.0805482
v -0.1315612 0.2962841 0.0825207
v -0.1314087 0.2957248 0.0827160
v -0.1316645 0.2829997 0.0812479
v -0.1315996 0.2825277 0.0810299
v -0.1295722 0.2961035 0.0834209
v -0.1295529 0.2825152 0.0817633
v -0.1271830 0.2961100 0.0837305
v -0.1271289 0.2824593 0.0819859
v -0.1264234 0.2959283 0.0847058
v -0.1264024 0.2823775 0.0831000
v -0.1330121 0.2950051 0.0799657
v -0.1337242 0.2933446 0.0794907
v -0.1339376 0.2911603 0.0790425
v -0.1339044 0.2885094 0.0785951
v -0.1337221 0.2862895 0.0785678
v -0.1329792 0.2843244 0.0787150
v -0.1307822 0.2963847 0.0804971
v -0.1309504 0.2958976 0.0804630
v -0.1311703 0.2834581 0.0790000
v -0.1309184 0.2829168 0.0791479
v -0.1286507 0.2962030 0.0811160
v -0.1290441 0.2960811 0.0804373
v -0.1290426 0.2832632 0.0788558
v -0.1286454 0.2829813 0.0794863
v -0.1273868 0.2962057 0.0818829
v -0.1274181 0.2828011 0.0801814
v -0.1323031 0.2950753 0.0782143
v -0.1330149 0.2932700 0.0775447
v -0.1333052 0.2912019 0.0773193
v -0.1332874 0.2888739 0.0769863
v -0.1330067 0.2866664 0.0767408
v -0.1322885 0.2847505 0.0769647
v -0.1301931 0.2964182 0.0794386
v -0.1305769 0.2959454 0.0785893
v -0.1305375 0.2838663 0.0770194
v -0.1301673 0.2831977 0.0778012
v -0.1292236 0.2959126 0.0795337
v -0.1292139 0.2836350 0.0780329
v -0.1316226 0.2946273 0.0766214
v -0.1319148 0.2932208 0.0758620
v -0.1321772 0.2913332 0.0753718
v -0.1321681 0.2892521 0.0750931
v -0.1319071 0.2871162 0.0751191
v -0.1316107 0.2855692 0.0755193
v -0.1299383 0.2952598 0.0765963
v -0.1302026 0.2940364 0.0753887
v -0.1302851 0.2864736 0.0744680
v -0.1298162 0.2850280 0.0752649
v -0.1310612 0.2913004 0.0742860
v -0.1310513 0.2896052 0.0740563
v -0.1292924 0.2934088 0.0747289
v -0.1298106 0.2916662 0.0740266
v -0.1298112 0.2893323 0.0737141
v -0.1292805 0.2872379 0.0739644
v -0.1287393 0.2929606 0.0744207
v -0.1286229 0.2914822 0.0738775
v -0.1286191 0.2893052 0.0736091
v -0.1287200 0.2878371 0.0737565
v -0.1272216 0.2961839 0.0818052
v -0.1279279 0.2962248 0.0807624
v -0.1260338 0.2958798 0.0841699
v -0.1265886 0.2960442 0.0835669
v -0.1260696 0.2956618 0.0864106
v -0.1261244 0.2953772 0.0886322
v -0.1259095 0.2951203 0.0903339
v -0.1257282 0.2947505 0.0937147
v -0.1246269 0.2945576 0.0782909
v -0.1262680 0.2947696 0.0775658
v -0.1282386 0.2949048 0.0771994
v -0.1294575 0.2948166 0.0770580
v -0.1228786 0.2943229 0.0806749
v -0.1243082 0.2949365 0.0796672
v -0.1266359 0.2957133 0.0793925
v -0.1286722 0.2957909 0.0790516
v -0.1297532 0.2954515 0.0783720
v -0.1227381 0.2944129 0.0825309
v -0.1247683 0.2955242 0.0819585
v -0.1267315 0.2960736 0.0810945
v -0.1282458 0.2961708 0.0803254
v -0.1219203 0.2935342 0.0846253
v -0.1228166 0.2943681 0.0843283
v -0.1248833 0.2955417 0.0839825
v -0.1222289 0.2934489 0.0870128
v -0.1233875 0.2944575 0.0868762
v -0.1250208 0.2953351 0.0865835
v -0.1223022 0.2930847 0.0890702
v -0.1241292 0.2945591 0.0890135
v -0.1229087 0.2933286 0.0913273
v -0.1241841 0.2943384 0.0911100
v -0.1232073 0.2932337 0.0934296
v -0.1245109 0.2942794 0.0933129
v -0.1234519 0.2931519 0.0953822
v -0.1247175 0.2942360 0.0947415
v -0.1258260 0.2927250 0.0756280
v -0.1278569 0.2927618 0.0751659
v -0.1289241 0.2925042 0.0749533
v -0.1224124 0.2926855 0.0783268
v -0.1237960 0.2932972 0.0774290
v -0.1258325 0.2936595 0.0764193
v -0.1281015 0.2938530 0.0759872
v -0.1291228 0.2935981 0.0757124
v -0.1208885 0.2918841 0.0809830
v -0.1219406 0.2930823 0.0799324
v -0.1230858 0.2940029 0.0792042
v -0.1210606 0.2924634 0.0824111
v -0.1217359 0.2934585 0.0820027
v -0.1211762 0.2924392 0.0841439
v -0.1214386 0.2921620 0.0867718
v -0.1216634 0.2918635 0.0889952
v -0.1219593 0.2917259 0.0911556
v -0.1222000 0.2915223 0.0931847
v -0.1221545 0.2903156 0.0951760
v -0.1224803 0.2915089 0.0952156
v -0.1240039 0.2910645 0.0758186
v -0.1256987 0.2915230 0.0751429
v -0.1278652 0.2915041 0.0746376
v -0.1288420 0.2914526 0.0745694
v -0.1219920 0.2907256 0.0776825
v -0.1231420 0.2911497 0.0765498
v -0.1206458 0.2904331 0.0804335
v -0.1211734 0.2908576 0.0791311
v -0.1203655 0.2900677 0.0825285
v -0.1205275 0.2902853 0.0840572
v -0.1209068 0.2901367 0.0868526
v -0.1213865 0.2895453 0.0905551
v -0.1217559 0.2887615 0.0934854
v -0.1219570 0.2889951 0.0947946
v -0.1240331 0.2891186 0.0755755
v -0.1257423 0.2890595 0.0748081
v -0.1278578 0.2891964 0.0743453
v -0.1288429 0.2891314 0.0742990
v -0.1220380 0.2888552 0.0774371
v -0.1231707 0.2887407 0.0762706
v -0.1206637 0.2884772 0.0802307
v -0.1212007 0.2883830 0.0788476
v -0.1203892 0.2882682 0.0823770
v -0.1205567 0.2876601 0.0837177
v -0.1209165 0.2872885 0.0864782
v -0.1214124 0.2868824 0.0903160
v -0.1217225 0.2869044 0.0929176
v -0.1219625 0.2865105 0.0944855
v -0.1259428 0.2877016 0.0749648
v -0.1278502 0.2877470 0.0745547
v -0.1289395 0.2878611 0.0744559
v -0.1224048 0.2870756 0.0776426
v -0.1237870 0.2866939 0.0766237
v -0.1256094 0.2866285 0.0756031
v -0.1280915 0.2864899 0.0750899
v -0.1291425 0.2866673 0.0749594
v -0.1208822 0.2872193 0.0804140
v -0.1219314 0.2863058 0.0791059
v -0.1230744 0.2855842 0.0781775
v -0.1210522 0.2863132 0.0816610
v -0.1217250 0.2854436 0.0810252
v -0.1211674 0.2859198 0.0833487
v -0.1214296 0.2855566 0.0859662
v -0.1216545 0.2853114 0.0881961
v -0.1219501 0.2849249 0.0903261
v -0.1221907 0.2846342 0.0923447
v -0.1221477 0.2853270 0.0945676
v -0.1224703 0.2841583 0.0943191
v -0.1246143 0.2852611 0.0771571
v -0.1262290 0.2851797 0.0764533
v -0.1282253 0.2851774 0.0760137
v -0.1294213 0.2853424 0.0758491
v -0.1228659 0.2849206 0.0795282
v -0.1242941 0.2845634 0.0784021
v -0.1265396 0.2838817 0.0779648
v -0.1286387 0.2838303 0.0776620
v -0.1297721 0.2844153 0.0769635
v -0.1227245 0.2843875 0.0813082
v -0.1247519 0.2834410 0.0804849
v -0.1266619 0.2831148 0.0795393
v -0.1282180 0.2831930 0.0787537
v -0.1219084 0.2847393 0.0835527
v -0.1228025 0.2839988 0.0830636
v -0.1248662 0.2829372 0.0824453
v -0.1222164 0.2842474 0.0858906
v -0.1233723 0.2832981 0.0855152
v -0.1250034 0.2825122 0.0850196
v -0.1222900 0.2841063 0.0879752
v -0.1241131 0.2826838 0.0875651
v -0.1228952 0.2833254 0.0901073
v -0.1241679 0.2823940 0.0896532
v -0.1231933 0.2829114 0.0921707
v -0.1244941 0.2819209 0.0918056
v -0.1234729 0.2824896 0.0940796
v -0.1247154 0.2816118 0.0931872
v -0.1271109 0.2828181 0.0802721
v -0.1278809 0.2830302 0.0791897
v -0.1260157 0.2825609 0.0825455
v -0.1265623 0.2825377 0.0819714
v -0.1260446 0.2822181 0.0849058
v -0.1260777 0.2819735 0.0870772
v -0.1259633 0.2817875 0.0887775
v -0.1256402 0.2813760 0.0921520
v -0.1084698 0.2641094 0.1941455
v -0.1082107 0.2639376 0.1978877
v -0.1079819 0.2633622 0.2026077
v -0.1078914 0.2629964 0.2056073
v -0.1078154 0.2626262 0.2084641
v -0.1077150 0.2621021 0.2129411
v -0.1076503 0.2616478 0.2166668
v -0.1075915 0.2611753 0.2205408
v -0.1075081 0.2607384 0.2241238
v -0.1073274 0.2602512 0.2281199
v -0.1071190 0.2599178 0.2308553
v -0.1066416 0.2594123 0.2349961
v -0.1063206 0.2587390 0.2368230
v -0.1082229 0.2621143 0.1944345
v -0.1079000 0.2608051 0.1975657
v -0.1076674 0.2594545 0.2011529
v -0.1075809 0.2600905 0.2125805
v -0.1074160 0.2583776 0.2161705
v -0.1072643 0.2571916 0.2198346
v -0.1071075 0.2566001 0.2235769
v -0.1069172 0.2564738 0.2273737
v -0.1067374 0.2565871 0.2302409
v -0.1064186 0.2569156 0.2340700
v -0.1060518 0.2570139 0.2371959
v -0.1078385 0.2579304 0.1941249
v -0.1075552 0.2564803 0.1970216
v -0.1074105 0.2556678 0.1997381
v -0.1075461 0.2582729 0.2038322
v -0.1074354 0.2565863 0.2074036
v -0.1073279 0.2545558 0.2118942
v -0.1072935 0.2558164 0.2158524
v -0.1071329 0.2547004 0.2195250
v -0.1069410 0.2541278 0.2232687
v -0.1067072 0.2539877 0.2270625
v -0.1065002 0.2540814 0.2299264
v -0.1061083 0.2531537 0.2335994
v -0.1057283 0.2524592 0.2369210
v -0.1076843 0.2538766 0.1936226
v -0.1074859 0.2536153 0.1963549
v -0.1073465 0.2543010 0.2005111
v -0.1073004 0.2534457 0.2032347
v -0.1072970 0.2522363 0.2068692
v -0.1072924 0.2515603 0.2115284
v -0.1072420 0.2518529 0.2153670
v -0.1071123 0.2509986 0.2190728
v -0.1069065 0.2505427 0.2228307
v -0.1066404 0.2504170 0.2266257
v -0.1064463 0.2499137 0.2294180
v -0.1061508 0.2495815 0.2331675
v -0.1060839 0.2486788 0.2364767
v -0.1078730 0.2506034 0.1930987
v -0.1076154 0.2503301 0.1962732
v -0.1075121 0.2498469 0.1990346
v -0.1074962 0.2490587 0.2027114
v -0.1074813 0.2488263 0.2064642
v -0.1074902 0.2488146 0.2102543
v -0.1075264 0.2479309 0.2149026
v -0.1074542 0.2474386 0.2186546
v -0.1072357 0.2473895 0.2222703
v -0.1072419 0.2465931 0.2252327
v -0.1070981 0.2461563 0.2289908
v -0.1070632 0.2459232 0.2327644
v -0.1072501 0.2454889 0.2355691
v -0.1088261 0.2470107 0.1927051
v -0.1085382 0.2468385 0.1949484
v -0.1083875 0.2462139 0.1986331
v -0.1083658 0.2456594 0.2023390
v -0.1084225 0.2451813 0.2060655
v -0.1085774 0.2446438 0.2097982
v -0.1084486 0.2447191 0.2140784
v -0.1081881 0.2449047 0.2180614
v -0.1081493 0.2446279 0.2212109
v -0.1081756 0.2441449 0.2249774
v -0.1079477 0.2442694 0.2288002
v -0.1101334 0.2449580 0.1925158
v -0.1096498 0.2448932 0.1947628
v -0.1094770 0.2443122 0.1984522
v -0.1094149 0.2438322 0.2021654
v -0.1094214 0.2434487 0.2059011
v -0.1134673 0.2617084 0.1946567
v -0.1083137 0.2439718 0.2352427
v -0.1134073 0.2471617 0.1928945
v -0.1094298 0.2428384 0.2172306
v -0.1092926 0.2427962 0.2210408
v -0.1094860 0.2424597 0.2248331
v -0.1097148 0.2422911 0.2286416
v -0.1097175 0.2424902 0.2317575
v -0.1101201 0.2425008 0.2352325
v -0.1122016 0.2436053 0.1924471
v -0.1116199 0.2434385 0.1946776
v -0.1117227 0.2425819 0.1988171
v -0.1115860 0.2420907 0.2025261
v -0.1114140 0.2417331 0.2064156
v -0.1108346 0.2419329 0.2095727
v -0.1112368 0.2413442 0.2133206
v -0.1115658 0.2408590 0.2170888
v -0.1113873 0.2408671 0.2209035
v -0.1116615 0.2406506 0.2247144
v -0.1119840 0.2406147 0.2285435
v -0.1166347 0.2643686 0.1961363
v -0.1162285 0.2640916 0.1984113
v -0.1162442 0.2624663 0.1946643
v -0.1166837 0.2462824 0.1927053
v -0.1129397 0.2405290 0.2323815
v -0.1137660 0.2407797 0.2358715
v -0.1157018 0.2424524 0.1920218
v -0.1154972 0.2418996 0.1946712
v -0.1152532 0.2412126 0.1983427
v -0.1144160 0.2408104 0.2020286
v -0.1142345 0.2403218 0.2057427
v -0.1140638 0.2399430 0.2094797
v -0.1145036 0.2394282 0.2132387
v -0.1143032 0.2392987 0.2170261
v -0.1147060 0.2390799 0.2208407
v -0.1144740 0.2392641 0.2246770
v -0.1142678 0.2396034 0.2285272
v -0.1147031 0.2398760 0.2323844
v -0.1156751 0.2404036 0.2020374
v -0.1154869 0.2398733 0.2057461
v -0.1153057 0.2394561 0.2094780
v -0.1164121 0.2387189 0.2132410
v -0.1162006 0.2385684 0.2170255
v -0.1213685 0.2656818 0.1789335
v -0.1208201 0.2653735 0.1814674
v -0.1205925 0.2645486 0.1841033
v -0.1196392 0.2643394 0.1932616
v -0.1187643 0.2641657 0.1946832
v -0.1214211 0.2627227 0.1786222
v -0.1206179 0.2634579 0.1811720
v -0.1205919 0.2641515 0.1840548
v -0.1197046 0.2611955 0.1926153
v -0.1189954 0.2613309 0.1942555
v -0.1214616 0.2508297 0.1772211
v -0.1202671 0.2505434 0.1795816
v -0.1197879 0.2491523 0.1909919
v -0.1195417 0.2489239 0.1928672
v -0.1213464 0.2492536 0.1769297
v -0.1201241 0.2489606 0.1793450
v -0.1195286 0.2480892 0.1909384
v -0.1186148 0.2474195 0.1924079
v -0.1160817 0.2400418 0.2358894
v -0.1210601 0.2464925 0.1793341
v -0.1210444 0.2426010 0.1874639
v -0.1198662 0.2431710 0.1891667
v -0.1181748 0.2421213 0.1910834
v -0.1173677 0.2414415 0.1947027
v -0.1177345 0.2382444 0.2247052
v -0.1174688 0.2386350 0.2285589
v -0.1172464 0.2391854 0.2324190
v -0.1175415 0.2396332 0.2353986
v -0.1186060 0.2412000 0.1947311
v -0.1184104 0.2404616 0.1983980
v -0.1182469 0.2397712 0.2020798
v -0.1180995 0.2391712 0.2057817
v -0.1179505 0.2386891 0.2095073
v -0.1184668 0.2381694 0.2132696
v -0.1182636 0.2379997 0.2170523
v -0.1180104 0.2380278 0.2208667
v -0.1237803 0.2657841 0.1780682
v -0.1221230 0.2658495 0.1796155
v -0.1236897 0.2638839 0.1776457
v -0.1221215 0.2647079 0.1794763
v -0.1236525 0.2510097 0.1757217
v -0.1235882 0.2494377 0.1753953
v -0.1239994 0.2468973 0.1759829
v -0.1239583 0.2450462 0.1792540
v -0.1239040 0.2445284 0.1822560
v -0.1219357 0.2436181 0.1858873
v -0.1227026 0.2424642 0.1875660
v -0.1207334 0.2378013 0.2260650
v -0.1209944 0.2380281 0.2286496
v -0.1207464 0.2384549 0.2315438
v -0.1201427 0.2392232 0.2355971
v -0.1225124 0.2416013 0.1912040
v -0.1223732 0.2407664 0.1948541
v -0.1222884 0.2399522 0.1985163
v -0.1222537 0.2391906 0.2021950
v -0.1222341 0.2385118 0.2058933
v -0.1225602 0.2378588 0.2100952
v -0.1217780 0.2375396 0.2141089
v -0.1215617 0.2373808 0.2182769
v -0.1215958 0.2374294 0.2219174
v -0.1228286 0.2374183 0.2248423
v -0.1274729 0.2658340 0.1776185
v -0.1275235 0.2640774 0.1771272
v -0.1272952 0.2510737 0.1751568
v -0.1275845 0.2496087 0.1748787
v -0.1276001 0.2469365 0.1756222
v -0.1271272 0.2452772 0.1784983
v -0.1265766 0.2432388 0.1840996
v -0.1264284 0.2423672 0.1877313
v -0.1253962 0.2376335 0.2288066
v -0.1250436 0.2380643 0.2316964
v -0.1244770 0.2388935 0.2361404
v -0.1263368 0.2415110 0.1913731
v -0.1263124 0.2406680 0.1950262
v -0.1263649 0.2398364 0.1986917
v -0.1257568 0.2390354 0.2023387
v -0.1261240 0.2382050 0.2066679
v -0.1261873 0.2376257 0.2103936
v -0.1256287 0.2372028 0.2147550
v -0.1254822 0.2370553 0.2179103
v -0.1261711 0.2370469 0.2220840
v -0.1257468 0.2373125 0.2259206
v -0.1303901 0.2656311 0.1788742
v -0.1313965 0.2653352 0.1806318
v -0.1304540 0.2647896 0.1787142
v -0.1315198 0.2645467 0.1806943
v -0.1306824 0.2483050 0.1763443
v -0.1300725 0.2467854 0.1768333
v -0.1307529 0.2455164 0.1777053
v -0.1305916 0.2434410 0.1843149
v -0.1291286 0.2424850 0.1878735
v -0.1283367 0.2375800 0.2289366
v -0.1279164 0.2379944 0.2318212
v -0.1277519 0.2386988 0.2357603
v -0.1291087 0.2416440 0.1915196
v -0.1291550 0.2408088 0.1951761
v -0.1292772 0.2399769 0.1988443
v -0.1294558 0.2391676 0.2025266
v -0.1296759 0.2382588 0.2071553
v -0.1297842 0.2376646 0.2108823
v -0.1297733 0.2372391 0.2146350
v -0.1295909 0.2370265 0.2184166
v -0.1292304 0.2370451 0.2222261
v -0.1287453 0.2372796 0.2260559
v -0.1352609 0.2649522 0.1847621
v -0.1361204 0.2625375 0.1793581
v -0.1352597 0.2640588 0.1846532
v -0.1361045 0.2507251 0.1779173
v -0.1335634 0.2472915 0.1802380
v -0.1347387 0.2454082 0.1777173
v -0.1347639 0.2438622 0.1845594
v -0.1335170 0.2420887 0.1917791
v -0.1351498 0.2414822 0.1955373
v -0.1315148 0.2374794 0.2271638
v -0.1312017 0.2376711 0.2290804
v -0.1320686 0.2381583 0.2320335
v -0.1314181 0.2387787 0.2358387
v -0.1321476 0.2410867 0.1953494
v -0.1323145 0.2402677 0.1990212
v -0.1325228 0.2394657 0.2027057
v -0.1327581 0.2385551 0.2073350
v -0.1328624 0.2379492 0.2110605
v -0.1328328 0.2375008 0.2148094
v -0.1333517 0.2373465 0.2186307
v -0.1329312 0.2373052 0.2224297
v -0.1325238 0.2374057 0.2252912
v -0.1360955 0.2648578 0.1861707
v -0.1370233 0.2650929 0.1889013
v -0.1377052 0.2648111 0.1920858
v -0.1383481 0.2639832 0.1951609
v -0.1384073 0.2641634 0.1994531
v -0.1365757 0.2634363 0.1795827
v -0.1373309 0.2631057 0.1806233
v -0.1371027 0.2626134 0.1866891
v -0.1374892 0.2624955 0.1880965
v -0.1382427 0.2611241 0.1934493
v -0.1380969 0.2613190 0.1957329
v -0.1365057 0.2507007 0.1781133
v -0.1371850 0.2505868 0.1790391
v -0.1371303 0.2498331 0.1852189
v -0.1374228 0.2496890 0.1863968
v -0.1388533 0.2489212 0.1926757
v -0.1382639 0.2488053 0.1936328
v -0.1365703 0.2495717 0.1778705
v -0.1373899 0.2494340 0.1789900
v -0.1372782 0.2486919 0.1850748
v -0.1375568 0.2485547 0.1861967
v -0.1388526 0.2483753 0.1926091
v -0.1382632 0.2482593 0.1935662
v -0.1383389 0.2460138 0.1782635
v -0.1378949 0.2443773 0.1847624
v -0.1383359 0.2428511 0.1920940
v -0.1381691 0.2412214 0.1994106
v -0.1383923 0.2404921 0.2031053
v -0.1362830 0.2378596 0.2236090
v -0.1357843 0.2379635 0.2264654
v -0.1352572 0.2381466 0.2293260
v -0.1356754 0.2386460 0.2324500
v -0.1355591 0.2392976 0.2361965
v -0.1353454 0.2406904 0.1992140
v -0.1362860 0.2400510 0.2029529
v -0.1362466 0.2391779 0.2072582
v -0.1363252 0.2385706 0.2109814
v -0.1364826 0.2381164 0.2150547
v -0.1362104 0.2378269 0.2188223
v -0.1355612 0.2376877 0.2222796
v -0.1418381 0.2653624 0.1816128
v -0.1411996 0.2638568 0.1953462
v -0.1388672 0.2637095 0.1994192
v -0.1417698 0.2641887 0.1829301
v -0.1416706 0.2623030 0.1848117
v -0.1398164 0.2612335 0.1924623
v -0.1411594 0.2615576 0.1958779
v -0.1416316 0.2501486 0.1838253
v -0.1396181 0.2491024 0.1911818
v -0.1420237 0.2472575 0.1810852
v -0.1421504 0.2479134 0.1833178
v -0.1400552 0.2478358 0.1911013
v -0.1397504 0.2461738 0.1934343
v -0.1390002 0.2402877 0.2366050
v -0.1408021 0.2464320 0.1803758
v -0.1411393 0.2453977 0.1850298
v -0.1417245 0.2447101 0.1887211
v -0.1397459 0.2439748 0.1885426
v -0.1413294 0.2436820 0.1923321
v -0.1412537 0.2428357 0.1959852
v -0.1405452 0.2418427 0.1995974
v -0.1408104 0.2411882 0.2033036
v -0.1404538 0.2403745 0.2069698
v -0.1405419 0.2398202 0.2106978
v -0.1404318 0.2392650 0.2153790
v -0.1401237 0.2389519 0.2191416
v -0.1389877 0.2385815 0.2228665
v -0.1395227 0.2389926 0.2267646
v -0.1389533 0.2390821 0.2296119
v -0.1391707 0.2395713 0.2324002
v -0.1383070 0.2397758 0.2353640
v -0.1385944 0.2396566 0.2077423
v -0.1386472 0.2392129 0.2105351
v -0.1385386 0.2386274 0.2152130
v -0.1382392 0.2383204 0.2189769
v -0.1453214 0.2653118 0.1818235
v -0.1463783 0.2653455 0.1859243
v -0.1452340 0.2642044 0.1829913
v -0.1452234 0.2623528 0.1854160
v -0.1461311 0.2609025 0.1915426
v -0.1445636 0.2588377 0.1859363
v -0.1455582 0.2583390 0.1915159
v -0.1460467 0.2579823 0.1943053
v -0.1441538 0.2557158 0.1852291
v -0.1451888 0.2555012 0.1911486
v -0.1457726 0.2548069 0.1945282
v -0.1439294 0.2515230 0.1847030
v -0.1447053 0.2503047 0.1895434
v -0.1450025 0.2499586 0.1913913
v -0.1455429 0.2506224 0.1943157
v -0.1459396 0.2492517 0.1969860
v -0.1439309 0.2436710 0.2376290
v -0.1434892 0.2485786 0.1842684
v -0.1439324 0.2469305 0.1890929
v -0.1447377 0.2467769 0.1931802
v -0.1452886 0.2462785 0.1969063
v -0.1454163 0.2450015 0.2002096
v -0.1455294 0.2440506 0.2038727
v -0.1440816 0.2415932 0.2272970
v -0.1435198 0.2415516 0.2301292
v -0.1428753 0.2416509 0.2329650
v -0.1421209 0.2419235 0.2366534
v -0.1430404 0.2455149 0.1888789
v -0.1435158 0.2448723 0.1925776
v -0.1435023 0.2439183 0.1962215
v -0.1435815 0.2431742 0.1999015
v -0.1439800 0.2426967 0.2036357
v -0.1438769 0.2420290 0.2073314
v -0.1436699 0.2413376 0.2110288
v -0.1436425 0.2409026 0.2157282
v -0.1433759 0.2406160 0.2194961
v -0.1428810 0.2404012 0.2232703
v -0.1422509 0.2402628 0.2270476
v -0.1416712 0.2402749 0.2298852
v -0.1467347 0.2651276 0.1877067
v -0.1470710 0.2649118 0.1894722
v -0.1475563 0.2645753 0.1922255
v -0.1480980 0.2641544 0.1956704
v -0.1485026 0.2631100 0.2000397
v -0.1490053 0.2629822 0.2035615
v -0.1493167 0.2629109 0.2058515
v -0.1468520 0.2625450 0.1923977
v -0.1471304 0.2613413 0.1957021
v -0.1476823 0.2609526 0.1992481
v -0.1481273 0.2606416 0.2022404
v -0.1487215 0.2602691 0.2059930
v -0.1489869 0.2578469 0.2094906
v -0.1463900 0.2578310 0.1961784
v -0.1469354 0.2577473 0.1990107
v -0.1475135 0.2578157 0.2018672
v -0.1482060 0.2573984 0.2056190
v -0.1486412 0.2548307 0.2091080
v -0.1477628 0.2509295 0.2386924
v -0.1465039 0.2540879 0.1985439
v -0.1470793 0.2541203 0.2013971
v -0.1477402 0.2530007 0.2050631
v -0.1484742 0.2520367 0.2097083
v -0.1489195 0.2523147 0.2126069
v -0.1477815 0.2484310 0.2311763
v -0.1474181 0.2487799 0.2350041
v -0.1470233 0.2487780 0.2378891
v -0.1462960 0.2506601 0.1984293
v -0.1467331 0.2502444 0.2009093
v -0.1472050 0.2486210 0.2045064
v -0.1478349 0.2485458 0.2087811
v -0.1482732 0.2484321 0.2128649
v -0.1481631 0.2470865 0.2168819
v -0.1480213 0.2466475 0.2204490
v -0.1478533 0.2468145 0.2244804
v -0.1473125 0.2463143 0.2275514
v -0.1465651 0.2455623 0.2307667
v -0.1458419 0.2452179 0.2340184
v -0.1449211 0.2448205 0.2373075
v -0.1461637 0.2467822 0.2004613
v -0.1464608 0.2458646 0.2041367
v -0.1466031 0.2449518 0.2078137
v -0.1469702 0.2448533 0.2116097
v -0.1466439 0.2438315 0.2162244
v -0.1465025 0.2436463 0.2200118
v -0.1461126 0.2434357 0.2237933
v -0.1457849 0.2435064 0.2274213
v -0.1450504 0.2431307 0.2303959
v -0.1448414 0.2435516 0.2332917
v -0.1456779 0.2428755 0.2113093
v -0.1493693 0.2628515 0.2063379
v -0.1499250 0.2622393 0.2113506
v -0.1502530 0.2614082 0.2149317
v -0.1505958 0.2613759 0.2183308
v -0.1507607 0.2608589 0.2226579
v -0.1507151 0.2605310 0.2253470
v -0.1505230 0.2600668 0.2291546
v -0.1502310 0.2596269 0.2327645
v -0.1498391 0.2590324 0.2368323
v -0.1495938 0.2584293 0.2387953
v -0.1493143 0.2600266 0.2097715
v -0.1498092 0.2583810 0.2143360
v -0.1504665 0.2585761 0.2220182
v -0.1504029 0.2581957 0.2257987
v -0.1502249 0.2577612 0.2286100
v -0.1498591 0.2570640 0.2323292
v -0.1494240 0.2563521 0.2360231
v -0.1492559 0.2569066 0.2394416
v -0.1494390 0.2553616 0.2139514
v -0.1498730 0.2556301 0.2178111
v -0.1498816 0.2546225 0.2218276
v -0.1496874 0.2538636 0.2252366
v -0.1493753 0.2534076 0.2289951
v -0.1490550 0.2530112 0.2317969
v -0.1486873 0.2526199 0.2345845
v -0.1483423 0.2526551 0.2381704
v -0.1491620 0.2524756 0.2145377
v -0.1491504 0.2512234 0.2172409
v -0.1491462 0.2507600 0.2206845
v -0.1487540 0.2496028 0.2246722
v -0.1486676 0.2500558 0.2275957
v -0.1483893 0.2503368 0.2314385
v -0.1486009 0.2484671 0.2206981
v -0.1484604 0.2483415 0.2235467
v -0.1339599 0.2602751 0.1902927
v -0.1339464 0.2502995 0.1890759
v -0.1318627 0.2601224 0.1909245
v -0.1318494 0.2503014 0.1897266
v -0.1276273 0.2603609 0.1915725
v -0.1276132 0.2499254 0.1902996
v -0.1242208 0.2599693 0.1924389
v -0.1246400 0.2582698 0.1919712
v -0.1246094 0.2518571 0.1911861
v -0.1242068 0.2501093 0.1912390
v -0.1204123 0.2603509 0.1913350
v -0.1203984 0.2500114 0.1900738
v -0.1188032 0.2603619 0.1902627
v -0.1187896 0.2502627 0.1890309
v -0.1348248 0.2606035 0.1884887
v -0.1348111 0.2504121 0.1872456
v -0.1310500 0.2609945 0.1877804
v -0.1310354 0.2502128 0.1864653
v -0.1281581 0.2608598 0.1890751
v -0.1281435 0.2500400 0.1877554
v -0.1243591 0.2608674 0.1890355
v -0.1243445 0.2500523 0.1877163
v -0.1216437 0.2610059 0.1877908
v -0.1216291 0.2502243 0.1864757
v -0.1174105 0.2606528 0.1881875
v -0.1173967 0.2504829 0.1869471
v -0.1372660 0.2610683 0.1835657
v -0.1372274 0.2585737 0.1834860
v -0.1372148 0.2535890 0.1829557
v -0.1372526 0.2511378 0.1823544
v -0.1366813 0.2613315 0.1849591
v -0.1359677 0.2573316 0.1842837
v -0.1360270 0.2546152 0.1840306
v -0.1366667 0.2505489 0.1836439
v -0.1325117 0.2613451 0.1850487
v -0.1324971 0.2505253 0.1837289
v -0.1201685 0.2613634 0.1850353
v -0.1201539 0.2505436 0.1837156
v -0.1159407 0.2613770 0.1848654
v -0.1164480 0.2572618 0.1841282
v -0.1165248 0.2547064 0.1837047
v -0.1159262 0.2505825 0.1835487
v -0.1154459 0.2611058 0.1838413
v -0.1154412 0.2585649 0.1834719
v -0.1154300 0.2536162 0.1826906
v -0.1154324 0.2510931 0.1826200
v -0.1372520 0.2613058 0.1816185
v -0.1372324 0.2588066 0.1815871
v -0.1372314 0.2537911 0.1810064
v -0.1372386 0.2513753 0.1804072
v -0.1367319 0.2618294 0.1805748
v -0.1359038 0.2578358 0.1806616
v -0.1360095 0.2550031 0.1802413
v -0.1367174 0.2511193 0.1792684
v -0.1327638 0.2617864 0.1814279
v -0.1327492 0.2509666 0.1801082
v -0.1199319 0.2618093 0.1813815
v -0.1199173 0.2509896 0.1800617
v -0.1160337 0.2619401 0.1806240
v -0.1165256 0.2577949 0.1805262
v -0.1165608 0.2550786 0.1802069
v -0.1160190 0.2510552 0.1792963
v -0.1154266 0.2613352 0.1819145
v -0.1154473 0.2588558 0.1814490
v -0.1154459 0.2538811 0.1807606
v -0.1154131 0.2513337 0.1806946
v -0.1354779 0.2622302 0.1771105
v -0.1354635 0.2515664 0.1758098
v -0.1309254 0.2621964 0.1780870
v -0.1309108 0.2513766 0.1767672
v -0.1299128 0.2623148 0.1771270
v -0.1298982 0.2514950 0.1758073
v -0.1228550 0.2623306 0.1770761
v -0.1228404 0.2515108 0.1757563
v -0.1218217 0.2622156 0.1780298
v -0.1218071 0.2513959 0.1767101
v -0.1172257 0.2622709 0.1766807
v -0.1172114 0.2516800 0.1753905
v -0.1350903 0.2620472 0.1747678
v -0.1351371 0.2590460 0.1731468
v -0.1350962 0.2553776 0.1727598
v -0.1350733 0.2522969 0.1735827
v -0.1300509 0.2621977 0.1747237
v -0.1300566 0.2591887 0.1730026
v -0.1300517 0.2555206 0.1725552
v -0.1300374 0.2521861 0.1735025
v -0.1299009 0.2622042 0.1747304
v -0.1299068 0.2592019 0.1729746
v -0.1299019 0.2555148 0.1725249
v -0.1298873 0.2521785 0.1735075
v -0.1229019 0.2621769 0.1745509
v -0.1228703 0.2599465 0.1731229
v -0.1228634 0.2547751 0.1724921
v -0.1228885 0.2522668 0.1733421
v -0.1227525 0.2620402 0.1744267
v -0.1224870 0.2596409 0.1730069
v -0.1224821 0.2550986 0.1724534
v -0.1227395 0.2524298 0.1732545
v -0.1173443 0.2622924 0.1746884
v -0.1180195 0.2594754 0.1729042
v -0.1181094 0.2551630 0.1723956
v -0.1173306 0.2521360 0.1734491
v -0.1245924 0.2593447 0.1720973
v -0.1282466 0.2593325 0.1721437
v -0.1245737 0.2555916 0.1716909
v -0.1282602 0.2556014 0.1717149
v -0.1190243 0.2650683 0.1698945
v -0.1211732 0.2655191 0.1705071
v -0.1244262 0.2657420 0.1708696
v -0.1281216 0.2661860 0.1709113
v -0.1321847 0.2665608 0.1705947
v -0.1347224 0.2656217 0.1705702
v -0.1155067 0.2617967 0.1695279
v -0.1171674 0.2632098 0.1703013
v -0.1204708 0.2632720 0.1704974
v -0.1247186 0.2635085 0.1712508
v -0.1278942 0.2636203 0.1713543
v -0.1325058 0.2633073 0.1705010
v -0.1359641 0.2631754 0.1702393
v -0.1153450 0.2602212 0.1696012
v -0.1173385 0.2599612 0.1703638
v -0.1200578 0.2595363 0.1704898
v -0.1242661 0.2597303 0.1705763
v -0.1284597 0.2597902 0.1705427
v -0.1328305 0.2590479 0.1704531
v -0.1357475 0.2597093 0.1702355
v -0.1153053 0.2560489 0.1688752
v -0.1175631 0.2559062 0.1698340
v -0.1199818 0.2558157 0.1700886
v -0.1242826 0.2556032 0.1700358
v -0.1284476 0.2555211 0.1700370
v -0.1327968 0.2562780 0.1701105
v -0.1357462 0.2556966 0.1695702
v -0.1154726 0.2538985 0.1686954
v -0.1170683 0.2523113 0.1689038
v -0.1204163 0.2522020 0.1691481
v -0.1247724 0.2521549 0.1699256
v -0.1278562 0.2520544 0.1700285
v -0.1324896 0.2520999 0.1691595
v -0.1360976 0.2521629 0.1690796
v -0.1190018 0.2505699 0.1680859
v -0.1211807 0.2499193 0.1684792
v -0.1244601 0.2496014 0.1687408
v -0.1280732 0.2492792 0.1688581
v -0.1320288 0.2489036 0.1684225
v -0.1347007 0.2498264 0.1686608
v -0.1217915 0.2655575 0.1680324
v -0.1267299 0.2672187 0.1667171
v -0.1339942 0.2661882 0.1671399
v -0.1172408 0.2632883 0.1656856
v -0.1198812 0.2649150 0.1681859
v -0.1236690 0.2631164 0.1679591
v -0.1292341 0.2631041 0.1679993
v -0.1366261 0.2627245 0.1672601
v -0.1161153 0.2607521 0.1650493
v -0.1220076 0.2608089 0.1676652
v -0.1230960 0.2613567 0.1677402
v -0.1298023 0.2613417 0.1677887
v -0.1308893 0.2607891 0.1677294
v -0.1371026 0.2607337 0.1671138
v -0.1152769 0.2583587 0.1646276
v -0.1159679 0.2582451 0.1655453
v -0.1220001 0.2552522 0.1669875
v -0.1230871 0.2546996 0.1669282
v -0.1297933 0.2546847 0.1669766
v -0.1308818 0.2552324 0.1670516
v -0.1370804 0.2560721 0.1662206
v -0.1236553 0.2529373 0.1667175
v -0.1292204 0.2529249 0.1667577
v -0.1366702 0.2534280 0.1665635
v -0.1340844 0.2504233 0.1648008
v -0.1216051 0.2664215 0.1636683
v -0.1245198 0.2669392 0.1638024
v -0.1271498 0.2672307 0.1644122
v -0.1322868 0.2673895 0.1643269
v -0.1346674 0.2667129 0.1625053
v -0.1155827 0.2621287 0.1642227
v -0.1173044 0.2640648 0.1633483
v -0.1199896 0.2654089 0.1644786
v -0.1365824 0.2638178 0.1620943
v -0.1154100 0.2605437 0.1641826
v -0.1162553 0.2611490 0.1619298
v -0.1367817 0.2605247 0.1621407
v -0.1153781 0.2572539 0.1632043
v -0.1160445 0.2586650 0.1621058
v -0.1367473 0.2570368 0.1616720
v -0.1155728 0.2547962 0.1633283
v -0.1165963 0.2531371 0.1628383
v -0.1365701 0.2536201 0.1607768
v -0.1187921 0.2514198 0.1620521
v -0.1213639 0.2505463 0.1613006
v -0.1244622 0.2499332 0.1612130
v -0.1271979 0.2495622 0.1617136
v -0.1322629 0.2496203 0.1621596
v -0.1346451 0.2507067 0.1605529
v -0.1190974 0.2664950 0.1579948
v -0.1273899 0.2680362 0.1595333
v -0.1322573 0.2679015 0.1594732
v -0.1339279 0.2677101 0.1588752
v -0.1172886 0.2643588 0.1588653
v -0.1194303 0.2658923 0.1579005
v -0.1371830 0.2626852 0.1603340
v -0.1155827 0.2603379 0.1589402
v -0.1163343 0.2616841 0.1589368
v -0.1371444 0.2615466 0.1600248
v -0.1155608 0.2583367 0.1584807
v -0.1160713 0.2579979 0.1586822
v -0.1370951 0.2571002 0.1592230
v -0.1168249 0.2539648 0.1574338
v -0.1371896 0.2551189 0.1595114
v -0.1190780 0.2520456 0.1562323
v -0.1259028 0.2514401 0.1577190
v -0.1284431 0.2505542 0.1575370
v -0.1318945 0.2504799 0.1573981
v -0.1339244 0.2503936 0.1584223
v -0.1215247 0.2671933 0.1570528
v -0.1243867 0.2676956 0.1570446
v -0.1268338 0.2678844 0.1572632
v -0.1170240 0.2632849 0.1559457
v -0.1202641 0.2663212 0.1575389
v -0.1371374 0.2633660 0.1558764
v -0.1161381 0.2611036 0.1543696
v -0.1368763 0.2609405 0.1555092
v -0.1160161 0.2587622 0.1538462
v -0.1368510 0.2581328 0.1539329
v -0.1192790 0.2542874 0.1559225
v -0.1197227 0.2543862 0.1551076
v -0.1370897 0.2556416 0.1532280
v -0.1212786 0.2513299 0.1551923
v -0.1243411 0.2507791 0.1549991
v -0.1267833 0.2504992 0.1551521
v -0.1194435 0.2672407 0.1524733
v -0.1268912 0.2679653 0.1531540
v -0.1335920 0.2677904 0.1526445
v -0.1347379 0.2675734 0.1542751
v -0.1175034 0.2650757 0.1525456
v -0.1202291 0.2669790 0.1512337
v -0.1363828 0.2650290 0.1538212
v -0.1166439 0.2615368 0.1511810
v -0.1367745 0.2621424 0.1523867
v -0.1165121 0.2588574 0.1508880
v -0.1367683 0.2580677 0.1518261
v -0.1174178 0.2547136 0.1512856
v -0.1206422 0.2548587 0.1512242
v -0.1363676 0.2544269 0.1525211
v -0.1194238 0.2526481 0.1506933
v -0.1335708 0.2520358 0.1507231
v -0.1345712 0.2517765 0.1520871
v -0.1207590 0.2680478 0.1490864
v -0.1246416 0.2681394 0.1500981
v -0.1275548 0.2687752 0.1500316
v -0.1319862 0.2690610 0.1499111
v -0.1338528 0.2687622 0.1498594
v -0.1182126 0.2656639 0.1489715
v -0.1198339 0.2668765 0.1475117
v -0.1169982 0.2625367 0.1486604
v -0.1169036 0.2585024 0.1480021
v -0.1180644 0.2551797 0.1475450
v -0.1216276 0.2547607 0.1468794
v -0.1369621 0.2566470 0.1464684
v -0.1202966 0.2527222 0.1472231
v -0.1281742 0.2514071 0.1477991
v -0.1321302 0.2514631 0.1477627
v -0.1338274 0.2518322 0.1472069
v -0.1214386 0.2685962 0.1454012
v -0.1244290 0.2692663 0.1452858
v -0.1282861 0.2694927 0.1453175
v -0.1316903 0.2697196 0.1448499
v -0.1345577 0.2686347 0.1466295
v -0.1186045 0.2665871 0.1462140
v -0.1203897 0.2662803 0.1455846
v -0.1238226 0.2646399 0.1436799
v -0.1363088 0.2659984 0.1458364
v -0.1201569 0.2642344 0.1440552
v -0.1365926 0.2629096 0.1446497
v -0.1200332 0.2587160 0.1435878
v -0.1366365 0.2591029 0.1440227
v -0.1185900 0.2547647 0.1447712
v -0.1205545 0.2553548 0.1435156
v -0.1362875 0.2555310 0.1443991
v -0.1214008 0.2529807 0.1435663
v -0.1242927 0.2523222 0.1432982
v -0.1279285 0.2523267 0.1428584
v -0.1315892 0.2520404 0.1426919
v -0.1345358 0.2526592 0.1446810
v -0.1223528 0.2691208 0.1421526
v -0.1246815 0.2691838 0.1428359
v -0.1285871 0.2691902 0.1427924
v -0.1317373 0.2694620 0.1417766
v -0.1347080 0.2693564 0.1412301
v -0.1217481 0.2654625 0.1416303
v -0.1243347 0.2668092 0.1425983
v -0.1285458 0.2678905 0.1418373
v -0.1314583 0.2682877 0.1411509
v -0.1368028 0.2652926 0.1406663
v -0.1211127 0.2646077 0.1410710
v -0.1367672 0.2647195 0.1399701
v -0.1360753 0.2589781 0.1402052
v -0.1213486 0.2549454 0.1405208
v -0.1241270 0.2541896 0.1414519
v -0.1319398 0.2542140 0.1394535
v -0.1367797 0.2573857 0.1391807
v -0.1223526 0.2533489 0.1400580
v -0.1246581 0.2530825 0.1406656
v -0.1284883 0.2529322 0.1408614
v -0.1317041 0.2529876 0.1397925
v -0.1346608 0.2532478 0.1392057
v -0.1209621 0.2696134 0.1386473
v -0.1328355 0.2695735 0.1388668
v -0.1348287 0.2693098 0.1386994
v -0.1210763 0.2683910 0.1383060
v -0.1301508 0.2679173 0.1398661
v -0.1329888 0.2685202 0.1380631
v -0.1359742 0.2673704 0.1385801
v -0.1364317 0.2638263 0.1377106
v -0.1336498 0.2589535 0.1373315
v -0.1362467 0.2592749 0.1372073
v -0.1198173 0.2545756 0.1366229
v -0.1334237 0.2548482 0.1370066
v -0.1361702 0.2559976 0.1369866
v -0.1210670 0.2537020 0.1366192
v -0.1327446 0.2535497 0.1369464
v -0.1347864 0.2539572 0.1366214
v -0.1206982 0.2700113 0.1348910
v -0.1266951 0.2705429 0.1365488
v -0.1328052 0.2699324 0.1352514
v -0.1346806 0.2693806 0.1364669
v -0.1209399 0.2688832 0.1345268
v -0.1324843 0.2688607 0.1345834
v -0.1354728 0.2677909 0.1358333
v -0.1353407 0.2649284 0.1348349
v -0.1338797 0.2592107 0.1352205
v -0.1358638 0.2602381 0.1353607
v -0.1197290 0.2550037 0.1331142
v -0.1336132 0.2549778 0.1331736
v -0.1361189 0.2561696 0.1348664
v -0.1209174 0.2541468 0.1329031
v -0.1266718 0.2532709 0.1344420
v -0.1326684 0.2541406 0.1333833
v -0.1348150 0.2542104 0.1346177
v -0.1221557 0.2702963 0.1320321
v -0.1248892 0.2705830 0.1306681
v -0.1288448 0.2705779 0.1308063
v -0.1313739 0.2701872 0.1320085
v -0.1218173 0.2695538 0.1314968
v -0.1247754 0.2692102 0.1309024
v -0.1287912 0.2691754 0.1307366
v -0.1321990 0.2686194 0.1309107
v -0.1292909 0.2649655 0.1292633
v -0.1318594 0.2648349 0.1307863
v -0.1297700 0.2594177 0.1284855
v -0.1322381 0.2600175 0.1292144
v -0.1215864 0.2554178 0.1296989
v -0.1242040 0.2556278 0.1279482
v -0.1292896 0.2556168 0.1279825
v -0.1315846 0.2554257 0.1295237
v -0.1220885 0.2547160 0.1301082
v -0.1247028 0.2546301 0.1289136
v -0.1284956 0.2545908 0.1289180
v -0.1312339 0.2546603 0.1301807
v -0.1261860 0.2700585 0.1293146
v -0.1278663 0.2700494 0.1293705
v -0.1260449 0.2699205 0.1292701
v -0.1293793 0.2692750 0.1289498
v -0.1323172 0.2684466 0.1281345
v -0.1292779 0.2646618 0.1287272
v -0.1319418 0.2659069 0.1284975
v -0.1299302 0.2597113 0.1278567
v -0.1321843 0.2602947 0.1273843
v -0.1261483 0.2556783 0.1275129
v -0.1277455 0.2556688 0.1275733
v -0.1261533 0.2553964 0.1275525
v -0.1273418 0.2553947 0.1275536
v -0.1347397 0.2696005 0.1363404
v -0.1361865 0.2673864 0.1360535
v -0.1364630 0.2637596 0.1356079
v -0.1364587 0.2598395 0.1351297
v -0.1361562 0.2563158 0.1347034
v -0.1346371 0.2541696 0.1344592
v -0.1333542 0.2702696 0.1364382
v -0.1329888 0.2661808 0.1359436
v -0.1329830 0.2619073 0.1354223
v -0.1329773 0.2576338 0.1349011
v -0.1332357 0.2535077 0.1343947
v -0.1345174 0.2696860 0.1351580
v -0.1356748 0.2680019 0.1350320
v -0.1362333 0.2642308 0.1342049
v -0.1362331 0.2600364 0.1336710
v -0.1356510 0.2560553 0.1335753
v -0.1344270 0.2544064 0.1332759
v -0.1330902 0.2703290 0.1342175
v -0.1330549 0.2539962 0.1323323
v -0.1342280 0.2698861 0.1316368
v -0.1353835 0.2683948 0.1314457
v -0.1359063 0.2646410 0.1306734
v -0.1360018 0.2600343 0.1304078
v -0.1353675 0.2565595 0.1300021
v -0.1342080 0.2550690 0.1298294
v -0.1319144 0.2705854 0.1314941
v -0.1318718 0.2544133 0.1295614
v -0.1287148 0.2708305 0.1301035
v -0.1287499 0.2544785 0.1281996
v -0.1243027 0.2706568 0.1300765
v -0.1242392 0.2546523 0.1282321
v -0.1223805 0.2703333 0.1303246
v -0.1215309 0.2690276 0.1298818
v -0.1224852 0.2624812 0.1308334
v -0.1218297 0.2564020 0.1285110
v -0.1223742 0.2549808 0.1284374
v -0.1339907 0.2702468 0.1278391
v -0.1351976 0.2685652 0.1276368
v -0.1358846 0.2650877 0.1273719
v -0.1359134 0.2610951 0.1270012
v -0.1351824 0.2573102 0.1262640
v -0.1339710 0.2556325 0.1260565
v -0.1320064 0.2706631 0.1275171
v -0.1335423 0.2699195 0.1278507
v -0.1335234 0.2559486 0.1261465
v -0.1321669 0.2553487 0.1254858
v -0.1277728 0.2707182 0.1288033
v -0.1272124 0.2548783 0.1272713
v -0.1259160 0.2706612 0.1292066
v -0.1258033 0.2549090 0.1272940
v -0.1214728 0.2701120 0.1290728
v -0.1204891 0.2692523 0.1278262
v -0.1204598 0.2566396 0.1263126
v -0.1214392 0.2554995 0.1272762
v -0.1187522 0.2678873 0.1262440
v -0.1178746 0.2657726 0.1262042
v -0.1178707 0.2609815 0.1256226
v -0.1187332 0.2583275 0.1250983
v -0.1349387 0.2688565 0.1238399
v -0.1356492 0.2652549 0.1234897
v -0.1356912 0.2617497 0.1230133
v -0.1349240 0.2579408 0.1225084
v -0.1317083 0.2709481 0.1237440
v -0.1329554 0.2702832 0.1240193
v -0.1329368 0.2565181 0.1223402
v -0.1316880 0.2559421 0.1219136
v -0.1285179 0.2709870 0.1238209
v -0.1284009 0.2559291 0.1218924
v -0.1243852 0.2709016 0.1241418
v -0.1234423 0.2705364 0.1232339
v -0.1240964 0.2564882 0.1212244
v -0.1243649 0.2559112 0.1223133
v -0.1223141 0.2707061 0.1243871
v -0.1210375 0.2698160 0.1237350
v -0.1210203 0.2570717 0.1221805
v -0.1222943 0.2560475 0.1225991
v -0.1183601 0.2674097 0.1245248
v -0.1180344 0.2655957 0.1243576
v -0.1180650 0.2612064 0.1237663
v -0.1183337 0.2592311 0.1235579
v -0.1347620 0.2690651 0.1200380
v -0.1355129 0.2657140 0.1198577
v -0.1354947 0.2622142 0.1193089
v -0.1347479 0.2586527 0.1187679
v -0.1315298 0.2713485 0.1200812
v -0.1324860 0.2707697 0.1201688
v -0.1324674 0.2569727 0.1184859
v -0.1315097 0.2564345 0.1182620
v -0.1286190 0.2713891 0.1199213
v -0.1274128 0.2710275 0.1198784
v -0.1273936 0.2568057 0.1181437
v -0.1285988 0.2564412 0.1180980
v -0.1244546 0.2713858 0.1199738
v -0.1244994 0.2708916 0.1199265
v -0.1244805 0.2569338 0.1182240
v -0.1244344 0.2564428 0.1181511
v -0.1224787 0.2710946 0.1200026
v -0.1206772 0.2698586 0.1198163
v -0.1206611 0.2579732 0.1183666
v -0.1224593 0.2567239 0.1182497
v -0.1186051 0.2680297 0.1206647
v -0.1180202 0.2660521 0.1202574
v -0.1180949 0.2617983 0.1196062
v -0.1185937 0.2595501 0.1196304
v -0.1346255 0.2691651 0.1162236
v -0.1352032 0.2664627 0.1151318
v -0.1352096 0.2624690 0.1147291
v -0.1346124 0.2594729 0.1150414
v -0.1317757 0.2717477 0.1166634
v -0.1321797 0.2711504 0.1165580
v -0.1320018 0.2574442 0.1149292
v -0.1315682 0.2568398 0.1149046
v -0.1273344 0.2719207 0.1162448
v -0.1273471 0.2714239 0.1161889
v -0.1281384 0.2572619 0.1146461
v -0.1281268 0.2567663 0.1145807
v -0.1246039 0.2717359 0.1167504
v -0.1246480 0.2712421 0.1166973
v -0.1243144 0.2574336 0.1147159
v -0.1242576 0.2569429 0.1146486
v -0.1204924 0.2699414 0.1164710
v -0.1204773 0.2586974 0.1150995
v -0.1187417 0.2683194 0.1166859
v -0.1183659 0.2667155 0.1161733
v -0.1183725 0.2624747 0.1157253
v -0.1187307 0.2602248 0.1156985
v -0.1344455 0.2696123 0.1135313
v -0.1351965 0.2670963 0.1129001
v -0.1351763 0.2622741 0.1122074
v -0.1344218 0.2596794 0.1123395
v -0.1313269 0.2722440 0.1126924
v -0.1319420 0.2715281 0.1128759
v -0.1318853 0.2579786 0.1111997
v -0.1312924 0.2573358 0.1108797
v -0.1276381 0.2724169 0.1119802
v -0.1278034 0.2719074 0.1120663
v -0.1277945 0.2578283 0.1103483
v -0.1275590 0.2573649 0.1100765
v -0.1250830 0.2722728 0.1123256
v -0.1250164 0.2717800 0.1121891
v -0.1249977 0.2579300 0.1104995
v -0.1250271 0.2574142 0.1105703
v -0.1203654 0.2697740 0.1126067
v -0.1192725 0.2669624 0.1120287
v -0.1192704 0.2627385 0.1115072
v -0.1203862 0.2597560 0.1114073
v -0.1190368 0.2686029 0.1122426
v -0.1187810 0.2667364 0.1123044
v -0.1187912 0.2627957 0.1117642
v -0.1190240 0.2610214 0.1113203
v -0.1342528 0.2699485 0.1102881
v -0.1350177 0.2673293 0.1090192
v -0.1349581 0.2629175 0.1082483
v -0.1342396 0.2601401 0.1090917
v -0.1311812 0.2726378 0.1092020
v -0.1319380 0.2718891 0.1097060
v -0.1304647 0.2653828 0.1069572
v -0.1318368 0.2583778 0.1081249
v -0.1311180 0.2577955 0.1073795
v -0.1286242 0.2726238 0.1101888
v -0.1289917 0.2720651 0.1109525
v -0.1287077 0.2652007 0.1084694
v -0.1265890 0.2651164 0.1091839
v -0.1289771 0.2579399 0.1092291
v -0.1286494 0.2575690 0.1084265
v -0.1242245 0.2724064 0.1103780
v -0.1235215 0.2718885 0.1105979
v -0.1239825 0.2651922 0.1085916
v -0.1256025 0.2651223 0.1091462
v -0.1234785 0.2582190 0.1088738
v -0.1242754 0.2577470 0.1086154
v -0.1221750 0.2727294 0.1079358
v -0.1214170 0.2709603 0.1100867
v -0.1214068 0.2675074 0.1087103
v -0.1213824 0.2629278 0.1081326
v -0.1213545 0.2592753 0.1086977
v -0.1221551 0.2580383 0.1061439
v -0.1189791 0.2672664 0.1107464
v -0.1189740 0.2628830 0.1102109
v -0.1341651 0.2704916 0.1051809
v -0.1348338 0.2678730 0.1050652
v -0.1348151 0.2633830 0.1045010
v -0.1341564 0.2608739 0.1039859
v -0.1312638 0.2729481 0.1063495
v -0.1327455 0.2720213 0.1060762
v -0.1310112 0.2655162 0.1058570
v -0.1312669 0.2657165 0.1042121
v -0.1327179 0.2591460 0.1045195
v -0.1312628 0.2581881 0.1045387
v -0.1262977 0.2730666 0.1051257
v -0.1262779 0.2583756 0.1033337
v -0.1214684 0.2729491 0.1061428
v -0.1214485 0.2582580 0.1043508
v -0.1341288 0.2709138 0.1037647
v -0.1349206 0.2684900 0.1034598
v -0.1349217 0.2635728 0.1028599
v -0.1341413 0.2608031 0.1025311
v -0.1312426 0.2731881 0.1037748
v -0.1325774 0.2725706 0.1039874
v -0.1330754 0.2658426 0.1031583
v -0.1311752 0.2658424 0.1031809
v -0.1326455 0.2591791 0.1023524
v -0.1312502 0.2585704 0.1020201
v -0.1294063 0.2735331 0.1012674
v -0.1293865 0.2588420 0.0994754
v -0.1230925 0.2735319 0.1013471
v -0.1230726 0.2588408 0.0995552
v -0.1217134 0.2732945 0.1033081
v -0.1216936 0.2586034 0.1015162
v -0.1276824 0.2736436 0.1003805
v -0.1276626 0.2589525 0.0985885
v -0.1252739 0.2736527 0.1003320
v -0.1252540 0.2589616 0.0985400
v -0.1351094 0.2686143 0.1030247
v -0.1351460 0.2672573 0.1029882
v -0.1351355 0.2643326 0.1025014
v -0.1351168 0.2632458 0.1024671
v -0.1331123 0.2725041 0.1036083
v -0.1337378 0.2711953 0.1035150
v -0.1344429 0.2692838 0.1032704
v -0.1340678 0.2679168 0.1032344
v -0.1340622 0.2638083 0.1027332
v -0.1344755 0.2626125 0.1024553
v -0.1337854 0.2606167 0.1022276
v -0.1330778 0.2592781 0.1018870
v -0.1317701 0.2730013 0.1035403
v -0.1316553 0.2713180 0.1032970
v -0.1316407 0.2604982 0.1019773
v -0.1316515 0.2588195 0.1016980
v -0.1350323 0.2686717 0.1015573
v -0.1350524 0.2669898 0.1011342
v -0.1350423 0.2643692 0.1008148
v -0.1350475 0.2632582 0.1013306
v -0.1329752 0.2727121 0.1023108
v -0.1334855 0.2716776 0.1012034
v -0.1348590 0.2697189 0.1012565
v -0.1348175 0.2624299 0.1004553
v -0.1334285 0.2605994 0.0998110
v -0.1329865 0.2594012 0.1007271
v -0.1318272 0.2732044 0.1019014
v -0.1320031 0.2717269 0.1009826
v -0.1319881 0.2606567 0.0996323
v -0.1316872 0.2590298 0.1001332
v -0.1299040 0.2735643 0.1016793
v -0.1297599 0.2719451 0.1014799
v -0.1297442 0.2603313 0.1000633
v -0.1297011 0.2587563 0.0997682
v -0.1349269 0.2672172 0.0985598
v -0.1349214 0.2652932 0.0983252
v -0.1327810 0.2731875 0.0984419
v -0.1333763 0.2716994 0.0990269
v -0.1336766 0.2699127 0.0980784
v -0.1348560 0.2684641 0.0980627
v -0.1348692 0.2648568 0.0976221
v -0.1336782 0.2631727 0.0972560
v -0.1333652 0.2611744 0.0977190
v -0.1328358 0.2598974 0.0968377
v -0.1316451 0.2735836 0.0991799
v -0.1320297 0.2717863 0.0992216
v -0.1322449 0.2701625 0.0979237
v -0.1322351 0.2629099 0.0970390
v -0.1320152 0.2610223 0.0979086
v -0.1316794 0.2593341 0.0974672
v -0.1288902 0.2739162 0.0995797
v -0.1284268 0.2714389 0.0985484
v -0.1284996 0.2706001 0.0986040
v -0.1284884 0.2623315 0.0975954
v -0.1284742 0.2613414 0.0972346
v -0.1291395 0.2589121 0.0979618
v -0.1265272 0.2739334 0.0996652
v -0.1264947 0.2721014 0.0994391
v -0.1270049 0.2704228 0.0986314
v -0.1269942 0.2625010 0.0976651
v -0.1265439 0.2607252 0.0979914
v -0.1265641 0.2588469 0.0978569
v -0.1249575 0.2736136 0.0992908
v -0.1249425 0.2719622 0.0987986
v -0.1248758 0.2609766 0.0974768
v -0.1249492 0.2592512 0.0975338
v -0.1225849 0.2732022 0.1000441
v -0.1236246 0.2712631 0.0992329
v -0.1230442 0.2694966 0.0989316
v -0.1230215 0.2633492 0.0982077
v -0.1235887 0.2615834 0.0980457
v -0.1226053 0.2594688 0.0983599
v -0.1212500 0.2725886 0.0991025
v -0.1212334 0.2603008 0.0976037
v -0.1348281 0.2669149 0.0959202
v -0.1348436 0.2658571 0.0964421
v -0.1327637 0.2734084 0.0967812
v -0.1337409 0.2723353 0.0966179
v -0.1345926 0.2700602 0.0961817
v -0.1347767 0.2684056 0.0961039
v -0.1347723 0.2652577 0.0955028
v -0.1345696 0.2632322 0.0956098
v -0.1337298 0.2611068 0.0952047
v -0.1327568 0.2600194 0.0953648
v -0.1317925 0.2737969 0.0971112
v -0.1311913 0.2720375 0.0971791
v -0.1309375 0.2696285 0.0964224
v -0.1304765 0.2688667 0.0961420
v -0.1304794 0.2645952 0.0956097
v -0.1309217 0.2638083 0.0957020
v -0.1311767 0.2612716 0.0958659
v -0.1315781 0.2595529 0.0951752
v -0.1291053 0.2738907 0.0970735
v -0.1290215 0.2719740 0.0977038
v -0.1298514 0.2697272 0.0968906
v -0.1303378 0.2687769 0.0963246
v -0.1303323 0.2646443 0.0958205
v -0.1298367 0.2635933 0.0961441
v -0.1291548 0.2610560 0.0963036
v -0.1291099 0.2594548 0.0953159
v -0.1273763 0.2738149 0.0977538
v -0.1273451 0.2717776 0.0981892
v -0.1269334 0.2705123 0.0980578
v -0.1269227 0.2625523 0.0970868
v -0.1274751 0.2614052 0.0968998
v -0.1273713 0.2594211 0.0959620
v -0.1246980 0.2736625 0.0978662
v -0.1256358 0.2721113 0.0983550
v -0.1256208 0.2609321 0.0969914
v -0.1246916 0.2595451 0.0961442
v -0.1229359 0.2733544 0.0982063
v -0.1220933 0.2730607 0.0973054
v -0.1219671 0.2603082 0.0958241
v -0.1228897 0.2598523 0.0962012
v -0.1207917 0.2721623 0.0978622
v -0.1207491 0.2610279 0.0965456
v -0.1327398 0.2737226 0.0945404
v -0.1334790 0.2722938 0.0945498
v -0.1332176 0.2698712 0.0938657
v -0.1339155 0.2688191 0.0936603
v -0.1339713 0.2650948 0.0931965
v -0.1332155 0.2641697 0.0931712
v -0.1334331 0.2615988 0.0932463
v -0.1327100 0.2602447 0.0930054
v -0.1310561 0.2739894 0.0944824
v -0.1323941 0.2714366 0.0949664
v -0.1322724 0.2701318 0.0942677
v -0.1322331 0.2636184 0.0936453
v -0.1323819 0.2623836 0.0938622
v -0.1312331 0.2599314 0.0929186
v -0.1295563 0.2740627 0.0951127
v -0.1294722 0.2597701 0.0934221
v -0.1270389 0.2741343 0.0949437
v -0.1270765 0.2597892 0.0931256
v -0.1250487 0.2738840 0.0955188
v -0.1250492 0.2598924 0.0938125
v -0.1233594 0.2735508 0.0961189
v -0.1233880 0.2600698 0.0944467
v -0.1326479 0.2739537 0.0929439
v -0.1336140 0.2728781 0.0927814
v -0.1332145 0.2696749 0.0931146
v -0.1333803 0.2689384 0.0929058
v -0.1333696 0.2651764 0.0924471
v -0.1331427 0.2645608 0.0925313
v -0.1335531 0.2614352 0.0913870
v -0.1326990 0.2604674 0.0912967
v -0.1313054 0.2740703 0.0930763
v -0.1314847 0.2738163 0.0921608
v -0.1324575 0.2693807 0.0932850
v -0.1323861 0.2691373 0.0932468
v -0.1323806 0.2650288 0.0927457
v -0.1324513 0.2647833 0.0927243
v -0.1314806 0.2607298 0.0907016
v -0.1312891 0.2602503 0.0914656
v -0.1293294 0.2743403 0.0927124
v -0.1292896 0.2600932 0.0910675
v -0.1270954 0.2743452 0.0926968
v -0.1270378 0.2601127 0.0910220
v -0.1245918 0.2739829 0.0930252
v -0.1245728 0.2603894 0.0914230
v -0.1325314 0.2741841 0.0905944
v -0.1334736 0.2731529 0.0901822
v -0.1342727 0.2710038 0.0900700
v -0.1345652 0.2681727 0.0902330
v -0.1345324 0.2660088 0.0899699
v -0.1342608 0.2638530 0.0892839
v -0.1334697 0.2618520 0.0888466
v -0.1326216 0.2608790 0.0887523
v -0.1313358 0.2744124 0.0906488
v -0.1312626 0.2739641 0.0904055
v -0.1311752 0.2611118 0.0882813
v -0.1314273 0.2605365 0.0889904
v -0.1291019 0.2744948 0.0908593
v -0.1291669 0.2604744 0.0888271
v -0.1270928 0.2745522 0.0905051
v -0.1270662 0.2604363 0.0888279
v -0.1250384 0.2742723 0.0905440
v -0.1250667 0.2606655 0.0891706
v -0.1323882 0.2743396 0.0884566
v -0.1333700 0.2732875 0.0883040
v -0.1342129 0.2709219 0.0879964
v -0.1344355 0.2684411 0.0876898
v -0.1344053 0.2663974 0.0874410
v -0.1341389 0.2641239 0.0871684
v -0.1333083 0.2621177 0.0869427
v -0.1312610 0.2747062 0.0884527
v -0.1308248 0.2742153 0.0881388
v -0.1307695 0.2613819 0.0862567
v -0.1314066 0.2607973 0.0869990
v -0.1287568 0.2746720 0.0887450
v -0.1287374 0.2607484 0.0870461
v -0.1268010 0.2746880 0.0889223
v -0.1268113 0.2607292 0.0869746
v -0.1253557 0.2745331 0.0884191
v -0.1252331 0.2608803 0.0874334
v -0.1330778 0.2736069 0.0857583
v -0.1340012 0.2716266 0.0860180
v -0.1342367 0.2691743 0.0851993
v -0.1342355 0.2668046 0.0849103
v -0.1340086 0.2645074 0.0850631
v -0.1331257 0.2625374 0.0844068
v -0.1311224 0.2749069 0.0860028
v -0.1309233 0.2743518 0.0861651
v -0.1311586 0.2616206 0.0847465
v -0.1311249 0.2611497 0.0845194
v -0.1289964 0.2747739 0.0865146
v -0.1289773 0.2611857 0.0848567
v -0.1265923 0.2748356 0.0863715
v -0.1265539 0.2611855 0.0846216
v -0.1256597 0.2746736 0.0871871
v -0.1256300 0.2611230 0.0855798
v -0.1329963 0.2735890 0.0837621
v -0.1337465 0.2719117 0.0834256
v -0.1339901 0.2697220 0.0830211
v -0.1339807 0.2670715 0.0825703
v -0.1337560 0.2648562 0.0825052
v -0.1329540 0.2629090 0.0825070
v -0.1307384 0.2750204 0.0838694
v -0.1308988 0.2745295 0.0838665
v -0.1311045 0.2620847 0.0824467
v -0.1308170 0.2615497 0.0825439
v -0.1285251 0.2748888 0.0840781
v -0.1290357 0.2747564 0.0834848
v -0.1290374 0.2619381 0.0819065
v -0.1285229 0.2616669 0.0824510
v -0.1271404 0.2749222 0.0845949
v -0.1271834 0.2615163 0.0829037
v -0.1326293 0.2736713 0.0819092
v -0.1334125 0.2718486 0.0813812
v -0.1336925 0.2697738 0.0812101
v -0.1336842 0.2674460 0.0808752
v -0.1334040 0.2652449 0.0805773
v -0.1326130 0.2633464 0.0806592
v -0.1303587 0.2750648 0.0827194
v -0.1308838 0.2745814 0.0819561
v -0.1308630 0.2625026 0.0803835
v -0.1303378 0.2618445 0.0810809
v -0.1293772 0.2745817 0.0826305
v -0.1293681 0.2623039 0.0811309
v -0.1322489 0.2732350 0.0802162
v -0.1326458 0.2718205 0.0795221
v -0.1329522 0.2699262 0.0790862
v -0.1329479 0.2678452 0.0788067
v -0.1326379 0.2657158 0.0787793
v -0.1322366 0.2641769 0.0791140
v -0.1306139 0.2739057 0.0798774
v -0.1310716 0.2726737 0.0787384
v -0.1311522 0.2651088 0.0778349
v -0.1305095 0.2636762 0.0785272
v -0.1320587 0.2699162 0.0778106
v -0.1320532 0.2682211 0.0775799
v -0.1302869 0.2720654 0.0779187
v -0.1308874 0.2703098 0.0773224
v -0.1308932 0.2679757 0.0770111
v -0.1302773 0.2658946 0.0771537
v -0.1297912 0.2716292 0.0775115
v -0.1297447 0.2701525 0.0769534
v -0.1297414 0.2679756 0.0766848
v -0.1297794 0.2665059 0.0768457
v -0.1269923 0.2749041 0.0844876
v -0.1278820 0.2749263 0.0835956
v -0.1253763 0.2746328 0.0865877
v -0.1260378 0.2747831 0.0860995
v -0.1249871 0.2744194 0.0887950
v -0.1246186 0.2741390 0.0909872
v -0.1240833 0.2738911 0.0926180
v -0.1232640 0.2735336 0.0959044
v -0.1250647 0.2733289 0.0805468
v -0.1268170 0.2735017 0.0801420
v -0.1288239 0.2735911 0.0801512
v -0.1300454 0.2734748 0.0802402
v -0.1228963 0.2731399 0.0825609
v -0.1245028 0.2737183 0.0818398
v -0.1268579 0.2744411 0.0820070
v -0.1289233 0.2744715 0.0820535
v -0.1301044 0.2741059 0.0815876
v -0.1224130 0.2732375 0.0843580
v -0.1245393 0.2743008 0.0841779
v -0.1266415 0.2748033 0.0836976
v -0.1282748 0.2748641 0.0832257
v -0.1211978 0.2723826 0.0862607
v -0.1221526 0.2731952 0.0861382
v -0.1242737 0.2743206 0.0861876
v -0.1210520 0.2722960 0.0886635
v -0.1222384 0.2732776 0.0887481
v -0.1239173 0.2741171 0.0887679
v -0.1207307 0.2719352 0.0906976
v -0.1225692 0.2733674 0.0909866
v -0.1209094 0.2721706 0.0930288
v -0.1222256 0.2731506 0.0930559
v -0.1208070 0.2720740 0.0951496
v -0.1221329 0.2730894 0.0952810
v -0.1206799 0.2719913 0.0971133
v -0.1220675 0.2730447 0.0967230
v -0.1266989 0.2714631 0.0781518
v -0.1287806 0.2714525 0.0780781
v -0.1298626 0.2711700 0.0780684
v -0.1228405 0.2715079 0.0801639
v -0.1243812 0.2720857 0.0795421
v -0.1265785 0.2723991 0.0789321
v -0.1288920 0.2725398 0.0789327
v -0.1299407 0.2722610 0.0788534
v -0.1208285 0.2707478 0.0824864
v -0.1220857 0.2719192 0.0816536
v -0.1233676 0.2728117 0.0811544
v -0.1207434 0.2713264 0.0839226
v -0.1215057 0.2723049 0.0836497
v -0.1205321 0.2713038 0.0856463
v -0.1202916 0.2710269 0.0882764
v -0.1200894 0.2707287 0.0905020
v -0.1199725 0.2705896 0.0926793
v -0.1198245 0.2703854 0.0947173
v -0.1193796 0.2691848 0.0966625
v -0.1197194 0.2703705 0.0967647
v -0.1248358 0.2698450 0.0779948
v -0.1266372 0.2702631 0.0776492
v -0.1288589 0.2701936 0.0775582
v -0.1298299 0.2701198 0.0776739
v -0.1225034 0.2695565 0.0794486
v -0.1238545 0.2699516 0.0785520
v -0.1206598 0.2693014 0.0818984
v -0.1214314 0.2697106 0.0807186
v -0.1199841 0.2689475 0.0839032
v -0.1198620 0.2691650 0.0854357
v -0.1197080 0.2690144 0.0882523
v -0.1194726 0.2684212 0.0919780
v -0.1192690 0.2676362 0.0949242
v -0.1192269 0.2678683 0.0962484
v -0.1248656 0.2678984 0.0777577
v -0.1266864 0.2677985 0.0773237
v -0.1288536 0.2678860 0.0772653
v -0.1298283 0.2677985 0.0774040
v -0.1225518 0.2676850 0.0792125
v -0.1238799 0.2675419 0.0782784
v -0.1206706 0.2673451 0.0816988
v -0.1214548 0.2672354 0.0804405
v -0.1199946 0.2671476 0.0837554
v -0.1198943 0.2665390 0.0851026
v -0.1197225 0.2661659 0.0878809
v -0.1194819 0.2657578 0.0917429
v -0.1193001 0.2657790 0.0943567
v -0.1192333 0.2653835 0.0959410
v -0.1268229 0.2664368 0.0775126
v -0.1287739 0.2664376 0.0774668
v -0.1298648 0.2665267 0.0775739
v -0.1228329 0.2658980 0.0794796
v -0.1243723 0.2654825 0.0787367
v -0.1263516 0.2653730 0.0780752
v -0.1288820 0.2651767 0.0780353
v -0.1299426 0.2653298 0.0781042
v -0.1208222 0.2660829 0.0819174
v -0.1220766 0.2651427 0.0808270
v -0.1233563 0.2643929 0.0801275
v -0.1207351 0.2651762 0.0831724
v -0.1214949 0.2642900 0.0826721
v -0.1205233 0.2647844 0.0848511
v -0.1202827 0.2644216 0.0874707
v -0.1200806 0.2641766 0.0897028
v -0.1199634 0.2637886 0.0918497
v -0.1198152 0.2634973 0.0938771
v -0.1193728 0.2641963 0.0960540
v -0.1197095 0.2630199 0.0958681
v -0.1250522 0.2640324 0.0794128
v -0.1267678 0.2639126 0.0790235
v -0.1288105 0.2638637 0.0789653
v -0.1300196 0.2640010 0.0790278
v -0.1228836 0.2637375 0.0814140
v -0.1244888 0.2633452 0.0805745
v -0.1267602 0.2626114 0.0805640
v -0.1288772 0.2625114 0.0806592
v -0.1301344 0.2630688 0.0801864
v -0.1223994 0.2632121 0.0831351
v -0.1245230 0.2622176 0.0827040
v -0.1265681 0.2618457 0.0821320
v -0.1282452 0.2618866 0.0816517
v -0.1211859 0.2635878 0.0851879
v -0.1221386 0.2628260 0.0848734
v -0.1242567 0.2617160 0.0846502
v -0.1210396 0.2630946 0.0875412
v -0.1222234 0.2621183 0.0873869
v -0.1239000 0.2612943 0.0872039
v -0.1207185 0.2629568 0.0896024
v -0.1225531 0.2614922 0.0895381
v -0.1208959 0.2621675 0.0918087
v -0.1222095 0.2612062 0.0915990
v -0.1207930 0.2617517 0.0938905
v -0.1221162 0.2607310 0.0937735
v -0.1207007 0.2613283 0.0958173
v -0.1220679 0.2604202 0.0951715
v -0.1268652 0.2615407 0.0829353
v -0.1278288 0.2617325 0.0820166
v -0.1253583 0.2613139 0.0849631
v -0.1260020 0.2612768 0.0845014
v -0.1249371 0.2609762 0.0872864
v -0.1245576 0.2607360 0.0894252
v -0.1241227 0.2605568 0.0910736
v -0.1231645 0.2601609 0.0943273
f 315 420 373
f 315 373 246
f 246 315 314
f 313 244 246
f 313 246 314
f 286 287 612
f 612 746 745
f 612 745 286
f 344 348 287
f 746 612 534
f 746 534 733
f 733 534 530
f 733 530 281
f 281 530 344
f 281 344 287
f 522 693 707
f 340 276 273
f 340 273 526
f 526 273 522
f 526 522 707
f 604 522 693
f 522 273 693
f 508 656 665
f 508 665 511
f 261 250 319
f 656 508 644
f 644 508 634
f 261 319 329
f 329 319 498
f 329 498 508
f 508 498 634
f 634 498 553
f 553 498 488
f 553 626 634
f 246 244 251
f 251 244 250
f 273 276 277
f 282 288 277
f 290 288 286
f 286 288 287
f 289 288 290
f 267 263 262
f 268 263 267
f 271 267 270
f 282 277 281
f 282 281 288
f 288 281 287
f 277 276 281
f 273 270 269
f 268 267 271
f 271 270 275
f 275 270 274
f 275 274 279
f 262 251 261
f 261 251 250
f 274 270 273
f 274 278 279
f 251 252 246
f 288 289 277
f 277 289 283
f 277 283 280
f 277 280 278
f 67 68 81
f 67 81 80
f 80 81 94
f 80 94 93
f 93 94 211
f 93 211 210
f 210 211 222
f 210 222 221
f 221 222 292
f 221 292 291
f 291 292 295
f 291 295 294
f 294 295 355
f 294 355 354
f 354 355 399
f 354 399 398
f 379 380 324
f 379 324 323
f 323 324 259
f 323 259 258
f 258 259 150
f 258 150 149
f 149 150 162
f 149 162 161
f 161 162 171
f 161 171 170
f 170 171 25
f 170 25 24
f 24 25 40
f 24 40 39
f 39 40 55
f 39 55 54
f 472 473 541
f 472 541 540
f 540 541 616
f 540 616 615
f 615 616 748
f 615 748 747
f 747 748 735
f 747 735 734
f 734 735 794
f 734 794 793
f 793 794 788
f 793 788 787
f 787 788 783
f 787 783 782
f 782 783 778
f 782 778 777
f 773 774 770
f 773 770 769
f 769 770 766
f 769 766 765
f 765 766 763
f 765 763 762
f 762 763 658
f 762 658 657
f 657 658 646
f 657 646 645
f 645 646 561
f 645 561 560
f 560 561 502
f 560 502 501
f 501 502 429
f 501 429 428
f 8 9 18
f 7 154 8
f 753 737 736
f 784 789 790
f 233 231 234
f 705 719 720
f 314 244 313
f 133 144 6
f 123 240 241
f 654 675 676
f 412 482 483
f 295 292 296
f 324 380 325
f 262 160 148
f 626 625 633
f 625 626 552
f 552 626 553
f 633 634 626
f 656 644 643
f 643 644 633
f 633 644 634
f 665 656 655
f 676 693 665
f 732 746 733
f 746 732 745
f 745 732 731
f 745 731 744
f 741 729 728
f 741 728 740
f 739 740 728
f 738 739 727
f 116 214 104
f 289 219 290
f 219 209 220
f 219 220 289
f 201 202 208
f 208 202 209
f 194 195 201
f 201 195 202
f 278 194 279
f 194 278 195
f 182 272 275
f 160 262 263
f 148 257 262
f 251 257 250
f 250 257 137
f 252 251 245
f 488 489 418
f 418 489 419
f 487 488 417
f 552 553 487
f 487 553 488
f 774 775 771
f 774 771 770
f 766 770 771
f 771 767 766
f 658 763 659
f 764 763 767
f 767 763 766
f 658 659 647
f 658 647 646
f 646 647 562
f 646 562 561
f 503 502 562
f 562 502 561
f 503 429 502
f 380 429 430
f 430 429 503
f 254 259 253
f 254 253 324
f 26 25 162
f 26 162 163
f 41 40 25
f 41 25 26
f 69 68 55
f 69 55 56
f 56 55 41
f 41 55 40
f 68 69 82
f 82 94 81
f 82 81 68
f 106 94 107
f 356 355 296
f 296 355 295
f 400 399 356
f 399 355 356
f 474 541 473
f 541 542 616
f 616 542 617
f 795 794 735
f 795 735 749
f 749 735 748
f 783 789 784
f 783 784 779
f 783 779 778
f 48 47 32
f 33 48 32
f 50 64 63
f 90 77 91
f 91 77 78
f 90 103 89
f 89 103 102
f 101 88 89
f 101 89 102
f 32 47 31
f 47 46 31
f 46 60 31
f 724 711 710
f 725 711 724
f 725 712 711
f 726 713 725
f 725 713 712
f 714 713 727
f 727 713 726
f 727 726 738
f 738 726 737
f 737 726 725
f 739 728 727
f 727 728 714
f 702 703 691
f 691 703 692
f 691 692 683
f 653 652 664
f 674 664 673
f 641 640 653
f 653 640 652
f 630 640 641
f 483 548 549
f 362 408 363
f 363 408 409
f 408 362 376
f 408 376 407
f 407 376 425
f 376 375 424
f 376 424 425
f 430 431 381
f 381 431 375
f 375 431 423
f 763 764 659
f 703 704 692
f 692 704 684
f 692 684 683
f 631 630 641
f 653 664 674
f 674 685 706
f 412 413 367
f 412 367 366
f 631 641 642
f 642 641 653
f 642 653 654
f 654 653 674
f 654 674 675
f 675 674 706
f 550 549 623
f 623 549 622
f 623 622 630
f 623 630 631
f 415 484 485
f 551 486 485
f 484 483 549
f 484 549 550
f 551 550 624
f 624 550 623
f 624 623 631
f 624 631 632
f 707 693 676
f 707 676 675
f 707 675 706
f 676 665 655
f 676 655 654
f 654 655 643
f 654 643 642
f 642 643 633
f 643 655 656
f 632 642 633
f 632 633 624
f 624 633 625
f 624 625 552
f 624 552 551
f 240 239 309
f 309 239 308
f 309 308 368
f 368 308 367
f 368 367 414
f 414 367 413
f 239 240 122
f 122 123 132
f 133 132 123
f 122 121 239
f 309 310 240
f 310 309 369
f 369 309 368
f 369 368 415
f 415 368 414
f 415 414 484
f 484 414 413
f 124 123 241
f 123 124 133
f 133 124 134
f 485 486 415
f 415 486 416
f 415 416 369
f 369 416 370
f 369 370 310
f 310 370 311
f 310 311 242
f 310 242 241
f 310 241 240
f 6 12 5
f 132 133 143
f 132 143 6
f 143 133 6
f 6 5 132
f 132 5 131
f 132 131 122
f 122 131 121
f 63 49 50
f 51 50 36
f 51 36 37
f 35 22 165
f 135 145 134
f 135 134 125
f 125 134 124
f 165 157 166
f 166 157 158
f 166 158 167
f 185 191 79
f 51 52 66
f 51 66 65
f 65 66 185
f 65 185 79
f 37 38 52
f 38 53 52
f 52 53 186
f 38 173 53
f 53 173 179
f 53 179 186
f 35 165 23
f 23 165 166
f 37 52 51
f 50 51 65
f 50 65 64
f 64 65 79
f 64 79 78
f 242 125 124
f 551 552 486
f 486 552 487
f 486 487 416
f 416 487 417
f 416 417 370
f 370 417 371
f 370 371 311
f 311 371 312
f 311 312 242
f 242 312 243
f 121 238 239
f 314 313 315
f 418 419 420
f 418 420 372
f 372 420 373
f 372 373 313
f 313 373 315
f 244 314 245
f 245 314 246
f 252 245 246
f 136 135 126
f 126 135 125
f 126 125 243
f 243 125 242
f 242 124 241
f 243 244 126
f 126 244 250
f 126 250 136
f 136 250 137
f 417 488 418
f 417 418 371
f 371 418 372
f 371 372 312
f 312 372 313
f 312 313 243
f 243 313 244
f 244 245 251
f 156 145 157
f 157 145 146
f 157 146 158
f 158 146 147
f 158 147 159
f 159 147 148
f 159 148 160
f 169 168 160
f 160 168 159
f 145 156 144
f 144 156 13
f 144 13 6
f 6 13 12
f 257 148 137
f 137 148 147
f 137 147 136
f 136 147 146
f 136 146 135
f 135 146 145
f 145 144 134
f 134 144 133
f 240 123 122
f 174 173 167
f 167 173 172
f 167 172 166
f 166 172 37
f 166 37 36
f 166 36 23
f 23 36 35
f 22 35 21
f 158 159 167
f 167 159 168
f 167 168 174
f 174 168 169
f 174 169 175
f 173 174 179
f 179 174 180
f 179 180 186
f 186 180 187
f 186 187 192
f 192 187 193
f 268 169 263
f 263 169 160
f 175 169 268
f 175 268 176
f 176 268 271
f 175 176 182
f 175 182 181
f 279 194 275
f 275 194 188
f 275 188 182
f 182 188 181
f 104 103 91
f 91 103 90
f 215 117 104
f 215 104 105
f 105 104 92
f 92 79 191
f 216 215 205
f 205 215 105
f 205 105 198
f 198 105 92
f 198 92 191
f 217 216 206
f 206 216 205
f 206 205 199
f 199 205 198
f 199 198 192
f 192 198 191
f 78 79 92
f 78 92 91
f 91 92 104
f 116 104 117
f 116 117 214
f 214 117 215
f 718 704 703
f 716 730 717
f 717 730 718
f 743 718 730
f 743 730 742
f 720 706 705
f 218 217 207
f 207 217 206
f 207 206 200
f 200 206 199
f 200 199 193
f 193 199 192
f 174 175 180
f 180 175 181
f 180 181 187
f 187 181 188
f 187 188 193
f 193 188 194
f 193 194 200
f 200 194 201
f 200 201 207
f 207 201 208
f 207 208 218
f 66 52 186
f 66 186 185
f 185 186 191
f 191 186 192
f 219 218 208
f 219 208 209
f 719 744 731
f 719 731 732
f 719 732 720
f 720 732 733
f 721 707 706
f 642 632 631
f 733 721 720
f 720 721 706
f 705 706 685
f 107 94 95
f 96 95 83
f 85 98 97
f 96 97 108
f 108 213 212
f 72 86 85
f 85 86 98
f 98 110 97
f 97 110 109
f 97 109 108
f 108 109 224
f 108 224 213
f 213 224 212
f 212 224 223
f 212 223 211
f 211 223 222
f 86 99 98
f 98 99 110
f 109 110 225
f 109 225 224
f 99 111 110
f 110 226 225
f 111 118 227
f 111 227 226
f 226 231 225
f 225 231 230
f 225 230 229
f 228 229 296
f 228 296 293
f 293 296 292
f 401 400 356
f 473 399 474
f 474 399 400
f 474 400 401
f 402 401 357
f 357 401 356
f 357 356 298
f 298 356 296
f 298 296 297
f 226 227 231
f 229 297 296
f 297 230 299
f 297 299 298
f 298 299 357
f 234 231 232
f 300 234 301
f 404 405 403
f 403 405 402
f 403 402 358
f 358 402 357
f 358 357 299
f 404 403 359
f 359 403 358
f 359 358 300
f 300 358 299
f 300 299 233
f 233 299 230
f 233 230 231
f 300 301 302
f 300 302 359
f 359 302 360
f 360 302 361
f 475 474 401
f 475 401 402
f 227 232 231
f 229 230 297
f 100 111 86
f 86 87 100
f 100 87 88
f 100 88 101
f 111 100 112
f 112 100 101
f 112 101 113
f 113 101 102
f 113 102 114
f 114 102 103
f 114 103 115
f 115 103 104
f 115 104 116
f 360 361 405
f 405 361 406
f 405 406 477
f 402 476 475
f 474 475 542
f 474 542 541
f 476 543 475
f 475 543 542
f 748 616 754
f 754 616 617
f 754 617 755
f 542 543 617
f 617 543 618
f 617 618 755
f 477 545 544
f 233 234 300
f 359 360 404
f 404 360 405
f 544 545 619
f 406 478 477
f 477 478 546
f 477 546 545
f 545 546 619
f 619 546 621
f 619 618 543
f 619 543 544
f 544 543 477
f 477 543 476
f 477 476 405
f 405 476 402
f 756 760 757
f 756 759 760
f 760 619 761
f 761 619 620
f 761 620 621
f 757 758 753
f 758 757 761
f 761 757 760
f 755 756 750
f 750 756 751
f 801 751 802
f 621 620 619
f 619 760 618
f 618 760 759
f 618 759 755
f 755 759 756
f 754 749 748
f 788 795 789
f 795 749 799
f 754 755 750
f 754 750 749
f 749 750 800
f 749 800 799
f 799 800 796
f 799 796 795
f 795 796 790
f 795 790 789
f 797 790 796
f 788 794 795
f 789 783 788
f 779 775 778
f 778 775 774
f 800 750 801
f 750 751 801
f 797 796 800
f 800 801 797
f 797 801 802
f 797 802 798
f 797 798 791
f 797 791 790
f 790 785 784
f 784 785 780
f 751 756 752
f 751 752 802
f 802 752 798
f 756 757 752
f 752 757 753
f 752 753 736
f 752 736 798
f 798 736 792
f 798 792 791
f 790 791 786
f 790 786 785
f 737 725 736
f 736 725 724
f 736 724 792
f 792 724 791
f 791 724 710
f 791 710 786
f 718 703 717
f 717 703 702
f 717 702 716
f 716 702 701
f 716 701 715
f 674 673 685
f 685 673 684
f 685 684 705
f 705 684 704
f 705 704 718
f 705 718 719
f 719 718 744
f 744 718 743
f 741 742 730
f 741 730 729
f 729 730 716
f 729 716 728
f 728 716 715
f 728 715 714
f 779 784 780
f 247 255 326
f 326 255 325
f 151 152 163
f 255 254 325
f 325 254 324
f 152 164 163
f 163 164 14
f 163 14 26
f 26 14 27
f 26 27 41
f 41 27 42
f 41 42 56
f 56 42 57
f 56 57 69
f 69 57 70
f 69 70 83
f 69 83 82
f 247 256 255
f 152 139 154
f 317 247 326
f 317 326 316
f 152 153 164
f 164 153 15
f 164 15 14
f 153 152 154
f 153 154 15
f 15 154 7
f 14 28 27
f 27 28 43
f 27 43 42
f 57 42 44
f 44 42 43
f 44 43 28
f 29 16 30
f 14 15 28
f 28 15 29
f 28 29 44
f 212 107 108
f 108 107 96
f 97 96 84
f 97 84 85
f 85 84 71
f 85 71 72
f 72 71 58
f 44 58 57
f 57 58 71
f 57 71 70
f 70 71 84
f 70 84 83
f 83 84 96
f 95 96 107
f 107 212 106
f 106 212 211
f 8 154 155
f 155 154 140
f 140 154 139
f 140 139 127
f 364 363 410
f 410 363 409
f 303 318 317
f 376 317 316
f 376 316 375
f 375 316 326
f 375 326 325
f 375 325 381
f 381 325 380
f 9 1 2
f 2 1 140
f 2 140 141
f 141 140 127
f 141 127 128
f 363 304 303
f 363 303 362
f 362 303 317
f 362 317 376
f 430 381 380
f 150 259 260
f 260 259 254
f 247 317 318
f 304 363 364
f 364 410 411
f 8 17 16
f 9 8 1
f 86 73 87
f 19 9 10
f 10 9 3
f 9 19 18
f 74 87 73
f 74 73 60
f 60 73 59
f 60 59 45
f 60 45 31
f 31 45 30
f 30 45 29
f 3 9 2
f 3 2 141
f 3 141 142
f 142 141 129
f 129 141 128
f 411 365 364
f 364 305 304
f 318 303 248
f 318 248 247
f 254 255 151
f 254 151 260
f 260 151 150
f 235 304 305
f 162 150 163
f 163 150 151
f 152 151 255
f 152 255 138
f 138 255 139
f 139 255 256
f 139 256 248
f 248 256 247
f 248 303 235
f 235 303 304
f 305 364 306
f 306 364 365
f 249 235 236
f 237 236 306
f 119 120 129
f 119 236 237
f 366 307 306
f 306 307 237
f 128 249 119
f 119 249 236
f 238 237 307
f 238 307 308
f 308 307 366
f 308 366 367
f 305 306 236
f 248 249 128
f 129 3 142
f 20 19 11
f 11 19 10
f 11 10 4
f 4 10 3
f 4 3 130
f 130 3 129
f 130 129 120
f 16 17 30
f 30 17 31
f 32 19 20
f 32 20 33
f 48 33 34
f 48 34 49
f 49 34 50
f 50 35 36
f 17 8 18
f 17 18 31
f 31 18 19
f 31 19 32
f 33 20 21
f 33 21 34
f 34 21 35
f 34 35 50
f 37 172 173
f 37 173 38
f 176 271 182
f 182 271 272
f 157 165 156
f 156 165 22
f 156 22 13
f 13 22 21
f 13 21 12
f 12 21 20
f 12 20 11
f 12 11 5
f 5 11 4
f 5 4 131
f 131 4 130
f 131 130 121
f 121 130 120
f 121 120 238
f 238 120 237
f 95 94 82
f 95 82 83
f 152 138 139
f 127 139 248
f 127 248 128
f 249 248 235
f 236 235 305
f 306 365 366
f 366 365 411
f 366 411 412
f 412 411 481
f 412 481 482
f 292 222 293
f 293 222 223
f 293 223 228
f 228 223 229
f 229 223 224
f 229 224 225
f 226 110 111
f 111 99 86
f 73 86 72
f 73 72 59
f 59 72 58
f 59 58 45
f 45 58 44
f 45 44 29
f 16 29 15
f 16 15 7
f 16 7 8
f 8 155 1
f 1 155 140
f 129 128 119
f 120 119 237
f 239 238 308
f 413 412 483
f 413 483 484
f 485 484 550
f 485 550 551
f 324 253 259
f 190 184 68
f 184 55 68
f 211 94 106
f 171 162 25
f 262 257 251
f 275 272 271
f 195 278 280
f 195 280 202
f 283 209 280
f 280 209 202
f 283 220 209
f 220 283 289
f 289 290 286
f 289 286 219
f 737 111 738
f 738 111 112
f 738 112 739
f 739 112 113
f 216 217 286
f 286 217 218
f 286 218 219
f 739 113 740
f 740 113 114
f 215 742 741
f 215 741 214
f 215 743 742
f 114 115 740
f 740 115 116
f 740 116 741
f 741 116 214
f 216 286 215
f 215 286 745
f 745 744 215
f 215 744 743
f 713 714 700
f 557 481 497
f 480 495 496
f 691 682 598
f 691 598 603
f 603 690 691
f 698 712 713
f 696 786 710
f 588 589 580
f 571 580 581
f 581 580 589
f 504 565 572
f 504 565 505
f 505 565 566
f 565 572 566
f 566 572 573
f 566 573 567
f 557 558 547
f 557 547 481
f 558 629 559
f 558 559 548
f 558 548 547
f 630 629 640
f 497 496 557
f 558 638 629
f 629 638 639
f 629 639 640
f 567 574 575
f 582 581 589
f 582 590 583
f 583 590 591
f 573 574 567
f 568 567 575
f 568 575 638
f 638 575 650
f 638 650 639
f 568 638 558
f 568 558 567
f 567 558 557
f 567 557 566
f 566 557 496
f 566 496 505
f 505 496 504
f 650 584 662
f 650 662 651
f 664 652 663
f 663 652 651
f 663 651 662
f 663 662 672
f 582 589 590
f 590 589 595
f 590 595 596
f 596 595 601
f 596 601 602
f 591 590 596
f 596 597 591
f 583 591 592
f 583 592 584
f 584 592 662
f 662 592 671
f 662 671 672
f 598 597 603
f 608 701 690
f 608 690 603
f 699 713 606
f 606 713 700
f 606 700 607
f 607 700 701
f 663 672 673
f 663 673 664
f 598 682 671
f 671 682 683
f 671 683 672
f 671 592 598
f 598 592 591
f 598 591 597
f 597 596 603
f 603 596 602
f 603 602 608
f 668 679 680
f 668 680 669
f 594 595 588
f 588 595 589
f 776 688 772
f 772 688 679
f 680 679 688
f 680 688 689
f 689 688 697
f 697 688 696
f 776 780 696
f 775 779 776
f 776 779 780
f 696 780 781
f 711 697 710
f 710 697 696
f 696 781 786
f 670 669 681
f 681 669 680
f 681 680 594
f 594 680 689
f 594 689 600
f 600 689 599
f 600 689 697
f 600 697 605
f 605 697 698
f 601 600 606
f 606 605 698
f 595 594 600
f 595 600 601
f 600 605 606
f 681 594 588
f 681 588 670
f 696 688 776
f 711 712 697
f 697 712 698
f 698 713 699
f 565 571 572
f 572 581 582
f 573 572 582
f 679 668 768
f 679 768 772
f 698 699 606
f 481 480 497
f 497 480 496
f 496 495 504
f 573 582 574
f 574 582 583
f 574 583 575
f 575 583 584
f 575 584 650
f 639 650 651
f 639 651 640
f 640 651 652
f 572 571 581
f 601 606 602
f 602 606 607
f 602 607 608
f 608 607 701
f 111 737 118
f 118 737 753
f 118 406 227
f 227 406 361
f 406 118 478
f 478 118 753
f 227 361 232
f 753 546 478
f 234 232 302
f 758 621 753
f 753 621 546
f 232 361 302
f 621 758 761
f 302 301 234
f 588 580 445
f 445 580 571
f 445 479 409
f 445 571 565
f 445 495 479
f 565 504 445
f 445 504 495
f 668 669 444
f 444 669 445
f 445 669 670
f 445 670 588
f 444 768 668
f 768 444 767
f 767 444 443
f 767 443 438
f 767 438 764
f 438 430 503
f 659 764 438
f 438 503 562
f 438 647 659
f 562 647 438
f 432 408 407
f 423 431 382
f 423 382 375
f 375 382 424
f 440 436 439
f 439 436 385
f 439 385 435
f 407 425 432
f 432 425 424
f 432 424 436
f 436 424 382
f 436 382 385
f 410 480 481
f 410 481 411
f 548 622 549
f 482 547 548
f 548 483 482
f 479 495 480
f 482 481 547
f 548 559 629
f 700 714 701
f 683 684 673
f 768 767 772
f 772 767 771
f 710 786 711
f 714 715 701
f 702 691 701
f 786 781 780
f 775 776 772
f 772 771 775
f 780 785 786
f 701 691 690
f 691 683 682
f 630 548 629
f 672 683 673
f 630 622 548
f 480 410 409
f 480 409 479
f 449 47 450
f 450 47 48
f 448 47 449
f 60 46 452
f 452 46 448
f 448 46 47
f 74 60 452
f 457 74 452
f 88 462 463
f 88 87 462
f 462 87 457
f 457 87 74
f 464 89 463
f 463 89 88
f 465 90 464
f 464 90 89
f 458 77 465
f 77 90 465
f 459 78 458
f 458 78 77
f 454 64 459
f 459 64 78
f 453 64 454
f 451 49 63
f 451 63 453
f 453 63 64
f 450 48 451
f 451 48 49
f 451 49 450
f 450 49 48
f 463 88 464
f 464 88 89
f 448 46 60
f 448 60 452
f 450 48 449
f 449 48 47
f 62 48 49
f 62 47 48
f 61 60 46
f 61 46 47
f 61 47 62
f 60 75 74
f 89 88 76
f 76 90 89
f 78 77 64
f 77 63 64
f 77 76 62
f 77 62 63
f 63 62 49
f 87 74 88
f 88 74 75
f 88 75 76
f 77 90 76
f 62 76 75
f 62 75 61
f 61 75 60
f 439 438 443
f 439 443 444
f 440 439 445
f 445 439 444
f 408 432 445
f 408 445 409
f 440 445 432
f 276 707 721
f 276 721 281
f 281 721 733
f 609 526 707
f 276 340 526
f 276 526 707
f 518 693 269
f 269 693 273
f 585 665 593
f 593 665 693
f 593 693 518
f 665 585 511
f 765 762 657
f 694 777 686
f 686 777 773
f 773 657 645
f 773 769 657
f 657 769 765
f 686 773 677
f 677 773 666
f 666 773 657
f 773 645 560
f 39 161 24
f 24 161 170
f 161 39 54
f 161 54 149
f 149 54 258
f 569 576 560
f 379 383 428
f 428 383 433
f 472 470 398
f 398 470 396
f 470 472 538
f 538 472 613
f 747 610 613
f 428 433 506
f 428 506 569
f 472 747 613
f 540 615 472
f 472 615 747
f 428 569 560
f 428 560 501
f 657 773 560
f 657 560 576
f 383 379 327
f 327 379 264
f 54 183 177
f 54 177 170
f 54 170 258
f 258 170 264
f 294 354 398
f 398 291 294
f 352 398 396
f 352 291 398
f 398 291 221
f 291 284 221
f 221 284 210
f 210 284 203
f 210 203 93
f 196 189 203
f 203 189 67
f 258 264 379
f 258 379 323
f 93 203 67
f 93 67 80
f 610 747 734
f 734 793 722
f 722 793 787
f 722 787 708
f 708 787 782
f 708 782 694
f 694 782 777
f 538 539 471
f 538 471 470
f 470 471 397
f 470 397 396
f 396 397 353
f 396 353 352
f 352 353 292
f 352 292 291
f 291 292 285
f 291 285 284
f 284 285 204
f 284 204 203
f 203 204 197
f 203 197 196
f 196 197 190
f 196 190 189
f 189 190 184
f 189 184 183
f 183 184 178
f 183 178 177
f 177 178 171
f 177 171 170
f 170 171 265
f 170 265 264
f 264 265 328
f 264 328 327
f 327 328 384
f 327 384 383
f 383 384 434
f 383 434 433
f 433 434 507
f 433 507 506
f 506 507 570
f 506 570 569
f 569 570 577
f 569 577 576
f 576 577 658
f 576 658 657
f 657 658 667
f 657 667 666
f 666 667 678
f 666 678 677
f 677 678 687
f 677 687 686
f 686 687 695
f 686 695 694
f 694 695 709
f 694 709 708
f 708 709 723
f 708 723 722
f 722 723 735
f 722 735 734
f 734 735 611
f 734 611 610
f 610 611 614
f 610 614 613
f 613 614 539
f 613 539 538
f 723 709 197
f 197 709 695
f 197 695 190
f 190 695 687
f 190 687 184
f 184 687 678
f 184 678 178
f 434 678 667
f 353 397 204
f 204 397 197
f 197 397 471
f 197 471 539
f 197 735 723
f 434 667 658
f 434 658 507
f 434 384 678
f 678 384 328
f 197 539 614
f 658 577 570
f 265 171 678
f 678 171 178
f 353 204 285
f 353 285 292
f 614 611 197
f 197 611 735
f 658 570 507
f 678 328 265
f 428 429 379
f 379 429 380
f 777 778 773
f 773 778 774
f 398 399 472
f 472 399 473
f 54 55 183
f 183 55 184
f 189 190 67
f 67 190 68
f 421 420 491
f 491 420 490
f 420 421 374
f 420 374 373
f 420 419 490
f 490 419 489
f 489 488 490
f 319 320 427
f 498 319 427
f 498 427 499
f 319 250 251
f 320 319 251
f 499 427 500
f 321 322 378
f 427 320 321
f 427 321 378
f 315 373 374
f 498 499 490
f 498 490 488
f 319 250 313
f 313 250 244
f 315 321 314
f 314 321 320
f 314 320 319
f 314 319 313
f 374 378 315
f 315 378 321
f 378 374 421
f 378 421 427
f 427 421 491
f 427 491 500
f 500 491 490
f 500 490 499
f 277 522 273
f 277 523 522
f 523 277 524
f 524 277 278
f 524 278 394
f 524 394 455
f 455 525 524
f 523 524 339
f 523 339 338
f 456 392 524
f 524 392 339
f 456 524 525
f 456 525 455
f 523 338 522
f 522 338 275
f 275 274 522
f 522 274 273
f 391 339 392
f 275 338 391
f 338 339 391
f 394 278 391
f 391 278 274
f 394 391 392
f 394 392 456
f 394 456 455
f 275 391 274
f 266 511 512
f 266 512 267
f 267 512 333
f 388 513 514
f 513 388 512
f 512 388 334
f 512 334 333
f 441 388 514
f 518 269 519
f 271 336 270
f 270 336 447
f 270 447 269
f 447 446 520
f 520 446 521
f 519 269 447
f 519 447 520
f 447 336 337
f 447 337 390
f 441 442 389
f 441 389 388
f 519 520 513
f 519 513 512
f 518 511 593
f 593 511 585
f 519 512 518
f 518 512 511
f 390 389 442
f 390 442 447
f 447 442 441
f 447 441 446
f 446 441 514
f 446 514 521
f 521 514 513
f 521 513 520
f 334 336 268
f 268 336 271
f 335 388 389
f 334 268 333
f 333 268 267
f 388 335 334
f 335 389 337
f 337 389 390
f 334 335 336
f 336 335 337
f 287 534 612
f 348 534 287
f 288 395 468
f 468 537 287
f 468 287 288
f 534 348 535
f 535 348 536
f 536 348 537
f 537 348 287
f 282 288 287
f 282 287 281
f 466 467 347
f 531 532 347
f 466 467 532
f 530 347 346
f 530 346 345
f 532 466 347
f 347 530 531
f 533 466 532
f 345 282 530
f 530 282 281
f 530 534 535
f 530 535 531
f 349 345 350
f 350 345 346
f 395 351 469
f 349 350 395
f 395 350 351
f 350 346 351
f 351 346 347
f 351 347 469
f 469 347 467
f 395 469 468
f 349 395 288
f 282 345 288
f 288 345 349
f 535 536 531
f 531 536 532
f 469 467 466
f 469 466 468
f 468 466 533
f 468 533 537
f 537 533 532
f 537 532 536
f 340 526 527
f 340 527 341
f 393 528 529
f 528 393 527
f 527 393 341
f 529 460 393
f 341 342 461
f 341 461 340
f 528 460 529
f 527 340 461
f 527 461 528
f 528 461 460
f 461 342 343
f 461 343 460
f 276 277 340
f 277 341 340
f 341 393 342
f 460 461 393
f 343 393 461
f 393 343 342
f 511 266 513
f 441 387 388
f 266 387 441
f 266 441 514
f 266 514 513
f 437 386 509
f 509 386 332
f 509 332 508
f 331 330 508
f 508 332 331
f 262 261 330
f 329 508 261
f 261 508 330
f 509 510 437
f 330 331 386
f 386 331 332
f 387 266 388
f 388 266 267
f 386 388 330
f 330 388 267
f 330 267 262
f 508 511 513
f 508 513 509
f 388 386 437
f 388 437 441
f 441 437 510
f 441 510 514
f 514 510 509
f 514 509 513
f 432 436 440
f 628 432 637
f 637 432 440
f 637 440 649
f 661 517 588
f 661 440 517
f 432 628 556
f 432 556 426
f 661 649 440
f 426 556 494
f 440 436 649
f 661 580 440
f 556 564 436
f 436 564 637
f 436 637 649
f 494 432 426
f 432 494 436
f 494 556 436
f 440 580 517
f 556 628 564
f 564 628 637
f 580 588 517
f 661 588 580
f 636 648 493
f 493 648 423
f 439 385 648
f 648 385 382
f 648 382 431
f 648 431 423
f 636 493 555
f 636 555 627
f 648 660 439
f 439 660 587
f 439 587 516
f 430 438 578
f 578 438 515
f 578 515 586
f 430 578 422
f 422 578 659
f 422 659 647
f 635 492 422
f 422 647 635
f 492 635 554
f 635 562 554
f 660 579 587
f 563 636 627
f 563 627 555
f 587 586 515
f 587 515 516
f 516 515 438
f 516 438 439
f 578 586 579
f 579 586 587
f 423 431 422
f 422 431 430
f 423 422 492
f 423 492 493
f 493 492 554
f 493 554 555
f 555 554 562
f 555 562 563
f 563 562 635
f 563 635 636
f 636 635 647
f 636 647 648
f 648 647 659
f 648 659 660
f 660 659 578
f 660 578 579
f 442 388 441
f 377 373 374
f 377 374 378
f 896 905 897
f 905 906 897
f 898 884 904
f 850 838 870
f 870 838 904
f 884 886 904
f 904 886 870
f 838 850 836
f 834 820 836
f 836 820 824
f 824 820 834
f 850 854 838
f 888 874 870
f 870 874 854
f 870 854 850
f 836 824 834
f 888 870 886
f 886 904 888
f 908 900 897
f 897 900 898
f 898 900 904
f 908 906 905
f 908 905 907
f 906 908 897
f 896 899 907
f 896 907 905
f 899 896 902
f 902 896 895
f 902 895 901
f 895 883 901
f 883 885 901
f 835 837 849
f 849 837 851
f 833 817 821
f 901 885 887
f 849 851 869
f 869 851 871
f 869 871 887
f 869 887 885
f 833 821 835
f 885 901 869
f 837 849 869
f 837 869 901
f 896 899 895
f 895 899 901
f 897 900 896
f 896 900 899
f 900 897 903
f 903 897 898
f 903 898 904
f 877 873 857
f 857 873 853
f 856 852 872
f 872 876 856
f 873 876 872
f 873 877 876
f 902 901 903
f 901 904 903
f 902 907 899
f 903 900 902
f 902 900 908
f 902 908 907
f 889 890 887
f 887 890 888
f 887 888 901
f 901 888 904
f 901 872 837
f 837 872 852
f 838 853 873
f 838 873 904
f 837 852 838
f 838 852 853
f 904 873 901
f 901 873 872
f 902 899 900
f 890 877 878
f 889 876 890
f 890 876 877
f 876 889 875
f 908 900 903
f 900 903 904
f 899 902 901
f 887 871 851
f 887 871 889
f 889 871 875
f 876 875 856
f 856 875 855
f 858 857 854
f 854 857 853
f 852 851 853
f 851 852 856
f 851 856 855
f 878 877 858
f 858 877 857
f 825 826 838
f 837 825 838
f 837 838 851
f 851 838 854
f 851 854 853
f 874 888 878
f 878 888 890
f 836 824 838
f 824 826 838
f 838 826 836
f 836 826 824
f 858 854 874
f 858 874 878
f 821 825 835
f 835 825 837
f 855 875 871
f 851 855 871
f 821 835 837
f 825 821 837
f 838 826 837
f 837 826 825
f 812 816 820
f 817 813 809
f 819 820 816
f 819 816 815
f 815 816 811
f 811 816 812
f 820 819 824
f 824 819 823
f 813 818 814
f 810 809 814
f 809 813 814
f 813 817 818
f 818 817 822
f 822 817 821
f 810 811 812
f 828 827 808
f 808 827 807
f 808 807 812
f 812 807 809
f 812 809 810
f 892 865 828
f 828 865 845
f 891 864 892
f 892 864 865
f 828 845 827
f 827 845 844
f 827 844 891
f 891 844 864
f 844 840 864
f 864 840 860
f 865 861 841
f 865 841 845
f 861 864 860
f 861 865 864
f 809 827 829
f 807 827 809
f 812 828 808
f 830 828 812
f 879 863 859
f 809 829 831
f 891 881 867
f 881 891 893
f 891 867 847
f 891 847 827
f 809 831 817
f 817 831 833
f 827 847 829
f 843 827 813
f 813 831 829
f 813 829 843
f 813 827 809
f 817 833 813
f 813 833 831
f 843 829 847
f 843 847 863
f 863 847 867
f 863 867 879
f 867 881 879
f 879 881 891
f 866 880 862
f 834 820 832
f 832 820 816
f 892 882 880
f 880 882 868
f 880 868 866
f 866 868 848
f 866 848 846
f 828 846 816
f 816 846 830
f 816 830 832
f 812 828 816
f 882 892 894
f 846 848 830
f 830 848 828
f 832 812 820
f 812 832 830
f 828 848 892
f 848 868 892
f 892 868 882
f 843 863 859
f 859 839 843
f 813 803 805
f 813 805 817
f 820 806 804
f 820 804 816
f 842 862 846
f 846 862 866
f 862 861 866
f 860 859 863
f 891 892 879
f 879 892 880
f 879 880 863
f 863 880 866
f 863 866 860
f 860 866 861
f 861 862 841
f 841 862 842
f 841 842 845
f 845 842 846
f 843 844 827
f 844 845 828
f 828 845 846
f 843 840 844
f 859 860 839
f 839 860 840
f 839 840 843
f 827 844 828
f 827 828 807
f 807 828 808
f 807 808 809
f 809 808 812
f 809 812 813
f 813 812 816
f 813 816 803
f 803 816 804
f 803 804 805
f 805 804 806
f 805 806 817
f 817 806 820
f 817 820 821
f 821 820 824
f 822 823 818
f 818 823 819
f 818 819 814
f 814 819 815
f 814 815 810
f 810 815 811
f 824 823 821
f 822 821 823
f 919 935 916
f 957 953 936
f 1256 1217 1176
f 1537 1534 1492
f 923 919 920
f 974 975 982
f 1440 1436 1491
f 998 952 948
f 934 915 930
f 1468 1515 1473
f 1478 1477 1474
f 1642 1643 1640
f 1640 1643 1641
f 1660 1661 1658
f 1596 1629 1590
f 1586 1580 1538
f 1555 1514 1510
f 1631 1632 1625
f 1625 1632 1626
f 1646 1647 1644
f 1531 1570 1572
f 1532 1528 1531
f 1531 1528 1570
f 910 930 911
f 930 910 929
f 930 929 926
f 947 951 930
f 926 947 930
f 962 939 936
f 957 958 962
f 957 962 936
f 958 957 1006
f 1006 957 953
f 1006 953 1002
f 1080 1084 1083
f 1039 1080 1079
f 1079 1080 1083
f 1080 1039 1040
f 1035 992 1036
f 1035 1036 1040
f 1075 1081 1041
f 1041 1081 1040
f 1040 1081 1080
f 1040 1036 1041
f 1041 1036 1075
f 1036 1029 1072
f 1036 1072 1075
f 1029 1030 1072
f 1072 1076 1075
f 939 962 963
f 958 1006 963
f 962 942 939
f 967 942 968
f 968 942 962
f 1064 1068 1024
f 1024 1017 1064
f 1023 1024 1068
f 968 1013 967
f 963 968 962
f 963 1006 1009
f 1009 968 963
f 958 963 962
f 1072 1023 1067
f 1067 1023 1068
f 1072 1030 1023
f 1009 1013 968
f 975 967 1017
f 1017 967 1013
f 1017 1013 1012
f 1017 1012 1064
f 1029 1036 987
f 992 987 1036
f 1035 991 992
f 1019 977 976
f 1039 1038 1034
f 984 985 989
f 1039 1079 1083
f 1035 1040 1039
f 1028 984 1033
f 1027 983 1028
f 1028 983 984
f 977 1026 976
f 1026 977 1027
f 1026 1027 1032
f 1028 1033 1032
f 1028 1032 1027
f 983 1027 977
f 991 1035 990
f 990 1035 1039
f 1077 1037 1038
f 1077 1038 1078
f 1039 1083 1038
f 1038 1083 1078
f 989 985 990
f 989 990 1034
f 1034 990 1039
f 1038 1033 1034
f 1032 1074 1031
f 1032 1077 1074
f 1033 1038 1037
f 1033 1037 1032
f 1032 1037 1077
f 1031 1026 1032
f 1034 1033 989
f 989 1033 984
f 1435 1486 1436
f 1626 1620 1587
f 1587 1581 1539
f 1456 1505 1502
f 1456 1502 1451
f 1498 1447 1451
f 1498 1451 1503
f 1503 1451 1502
f 1494 1437 1444
f 1494 1444 1443
f 1433 1437 1489
f 1485 1434 1433
f 1435 1434 1485
f 1510 1549 1505
f 1510 1555 1549
f 1587 1544 1543
f 1505 1549 1543
f 1505 1543 1502
f 1502 1543 1544
f 1502 1544 1503
f 1443 1493 1494
f 1582 1535 1540
f 1540 1535 1494
f 1540 1494 1539
f 1539 1494 1493
f 1539 1493 1498
f 1498 1493 1443
f 1498 1443 1447
f 1587 1620 1581
f 1549 1591 1592
f 1592 1626 1587
f 1544 1587 1539
f 1544 1539 1503
f 1549 1555 1591
f 1620 1615 1581
f 1581 1615 1582
f 1498 1503 1539
f 1539 1581 1540
f 1540 1581 1582
f 1437 1488 1489
f 1489 1488 1529
f 1489 1529 1530
f 1435 1485 1486
f 1486 1485 1527
f 1486 1527 1528
f 1433 1484 1485
f 1485 1484 1530
f 1485 1530 1527
f 1527 1530 1531
f 1529 1571 1530
f 1433 1489 1484
f 1484 1489 1530
f 1592 1591 1625
f 1625 1626 1592
f 1543 1549 1592
f 1543 1592 1587
f 1582 1575 1535
f 1437 1494 1488
f 1488 1494 1535
f 1488 1535 1529
f 1529 1535 1575
f 1529 1575 1571
f 1530 1571 1531
f 1531 1571 1527
f 1576 1571 1575
f 1616 1575 1582
f 1615 1616 1582
f 1620 1626 1646
f 1597 1591 1555
f 1569 1568 1526
f 1526 1568 1525
f 1607 1603 1641
f 1641 1603 1637
f 1638 1600 1634
f 1604 1637 1603
f 1637 1604 1638
f 1638 1604 1600
f 1496 1537 1497
f 1497 1537 1538
f 1496 1497 1492
f 1446 1441 1497
f 1497 1441 1492
f 1497 1538 1542
f 1497 1542 1501
f 1446 1501 1450
f 1548 1504 1501
f 1501 1446 1497
f 1504 1455 1450
f 1504 1450 1501
f 1542 1548 1501
f 1504 1548 1509
f 1509 1548 1554
f 1596 1595 1553
f 1600 1553 1595
f 1553 1600 1559
f 1554 1596 1553
f 1509 1554 1553
f 1553 1559 1513
f 1553 1513 1509
f 1461 1455 1509
f 1509 1455 1504
f 1509 1513 1461
f 1465 1460 1461
f 1465 1461 1513
f 1480 1481 1475
f 1526 1525 1522
f 1480 1475 1525
f 1525 1475 1522
f 1516 1517 1562
f 1604 1603 1563
f 1563 1559 1604
f 1604 1559 1600
f 1607 1569 1566
f 1566 1569 1522
f 1569 1526 1522
f 1471 1418 1465
f 1475 1481 1422
f 1522 1475 1470
f 1470 1475 1422
f 1470 1422 1417
f 1470 1417 1471
f 1471 1417 1418
f 1513 1559 1563
f 1513 1563 1517
f 1517 1563 1562
f 1562 1563 1603
f 1562 1603 1607
f 1465 1513 1471
f 1471 1513 1517
f 1471 1517 1470
f 1470 1517 1516
f 1470 1516 1522
f 1522 1516 1562
f 1522 1562 1566
f 1566 1562 1607
f 1374 1375 1424
f 1285 1284 1287
f 1242 1243 1286
f 1065 1069 1116
f 1365 1410 1465
f 1410 1461 1460
f 1410 1460 1465
f 1455 1405 1450
f 1450 1405 1400
f 1396 1450 1400
f 1396 1446 1450
f 1446 1396 1393
f 1446 1393 1442
f 1446 1442 1441
f 1058 1013 1009
f 1013 1058 1060
f 1064 1012 1060
f 1060 1012 1013
f 1123 1076 1072
f 1081 1075 1126
f 1126 1075 1122
f 1129 1080 1126
f 1126 1080 1081
f 1129 1084 1080
f 1078 1082 1077
f 1082 1078 1083
f 1116 1111 1065
f 1157 1153 1116
f 1116 1153 1111
f 1274 1231 1235
f 1156 1195 1153
f 1156 1153 1157
f 1463 1462 1414
f 1477 1473 1476
f 1476 1473 1472
f 1482 1483 1479
f 1482 1479 1478
f 1483 1431 1479
f 1432 1480 1479
f 1432 1479 1431
f 1428 1480 1432
f 1422 1481 1377
f 1377 1481 1428
f 1428 1481 1480
f 1422 1377 1373
f 1413 1465 1418
f 1006 1056 1009
f 1009 1056 1058
f 1064 1060 1109
f 1064 1109 1068
f 1068 1109 1115
f 1056 1098 1058
f 1058 1098 1102
f 1058 1102 1060
f 1060 1102 1105
f 1060 1105 1109
f 1109 1105 1110
f 1109 1110 1115
f 1105 1149 1110
f 1110 1149 1152
f 1110 1152 1115
f 1115 1152 1155
f 1119 1072 1115
f 1119 1115 1159
f 1072 1119 1123
f 1123 1119 1159
f 1123 1159 1161
f 1161 1159 1201
f 1161 1201 1202
f 1202 1201 1238
f 1202 1238 1240
f 1095 1139 1177
f 1139 1177 1180
f 1180 1143 1139
f 1139 1143 1095
f 1054 1006 1003
f 1003 1006 1002
f 1143 1180 1098
f 1143 1098 1095
f 1095 1098 1056
f 1095 1056 1054
f 1054 1056 1006
f 1193 1155 1194
f 1194 1155 1152
f 1194 1152 1189
f 1189 1152 1149
f 1189 1149 1105
f 1189 1105 1185
f 1185 1105 1102
f 1185 1102 1186
f 1186 1102 1181
f 1181 1102 1098
f 1181 1098 1180
f 1177 1218 1180
f 1180 1218 1221
f 1180 1221 1222
f 1180 1222 1181
f 1181 1222 1186
f 1186 1222 1226
f 1186 1226 1185
f 1185 1226 1189
f 1189 1226 1228
f 1189 1228 1194
f 1194 1228 1230
f 1194 1230 1193
f 1238 1281 1240
f 1240 1281 1283
f 1240 1283 1243
f 1243 1283 1286
f 1115 1155 1159
f 1159 1155 1198
f 1159 1198 1201
f 1201 1198 1234
f 1201 1234 1238
f 1238 1234 1277
f 1238 1277 1281
f 1365 1465 1413
f 1365 1413 1368
f 1368 1413 1418
f 1368 1418 1367
f 1367 1418 1417
f 1417 1422 1373
f 1417 1373 1367
f 1367 1373 1368
f 1067 1068 1072
f 1072 1068 1115
f 1155 1193 1198
f 1198 1193 1230
f 1198 1230 1234
f 1234 1230 1277
f 1218 1257 1221
f 1221 1257 1262
f 1221 1262 1222
f 1222 1262 1263
f 1222 1263 1226
f 1226 1263 1268
f 1226 1268 1228
f 1228 1268 1271
f 1228 1271 1230
f 1230 1271 1273
f 1230 1273 1277
f 1410 1365 1361
f 1410 1361 1356
f 1338 1393 1343
f 1343 1393 1396
f 1343 1396 1344
f 1344 1396 1351
f 1351 1396 1400
f 1351 1400 1350
f 1350 1400 1405
f 1350 1405 1356
f 1356 1405 1410
f 1410 1405 1455
f 1410 1455 1461
f 1278 1282 1316
f 1316 1282 1284
f 1369 1312 1316
f 1320 1375 1319
f 1319 1375 1374
f 1319 1374 1316
f 1316 1374 1370
f 1319 1316 1284
f 1319 1284 1320
f 1286 1321 1242
f 1242 1321 1291
f 1242 1291 1246
f 1246 1291 1290
f 1289 1325 1288
f 1288 1325 1324
f 1288 1324 1287
f 1287 1324 1323
f 1287 1323 1285
f 1325 1289 1290
f 1325 1290 1326
f 1326 1290 1291
f 1326 1291 1327
f 1327 1291 1321
f 1284 1285 1320
f 1320 1285 1323
f 1320 1323 1375
f 1312 1278 1311
f 1366 1312 1369
f 1366 1369 1414
f 1414 1369 1419
f 1472 1466 1414
f 1462 1411 1414
f 1420 1419 1369
f 1420 1369 1370
f 1420 1370 1423
f 1312 1278 1316
f 1369 1316 1370
f 1370 1374 1423
f 1423 1374 1424
f 1467 1514 1463
f 1463 1514 1510
f 1467 1463 1414
f 1467 1414 1466
f 1467 1466 1472
f 1472 1420 1476
f 1476 1420 1424
f 1476 1424 1477
f 1423 1424 1420
f 1420 1472 1419
f 1419 1472 1414
f 1429 1425 1378
f 1429 1378 1379
f 1430 1380 1431
f 1431 1380 1381
f 1430 1429 1379
f 1430 1379 1380
f 1431 1483 1430
f 1430 1483 1482
f 1430 1482 1429
f 1429 1482 1478
f 1478 1425 1429
f 1431 1381 1432
f 1432 1381 1428
f 1428 1381 1382
f 1428 1382 1376
f 1428 1376 1377
f 1377 1376 1322
f 1377 1322 1373
f 1373 1322 1318
f 1373 1318 1368
f 1368 1318 1315
f 1368 1315 1365
f 1365 1315 1310
f 1365 1310 1361
f 1361 1310 1307
f 1361 1307 1356
f 1257 1296 1338
f 1257 1338 1262
f 1262 1338 1343
f 1262 1343 1263
f 1263 1343 1344
f 1263 1344 1268
f 1268 1344 1351
f 1268 1351 1271
f 1271 1351 1350
f 1271 1350 1356
f 1271 1356 1273
f 1273 1356 1307
f 1273 1307 1277
f 1277 1307 1310
f 1277 1310 1281
f 1281 1310 1315
f 1281 1315 1283
f 1283 1315 1318
f 1283 1318 1286
f 1286 1318 1322
f 1286 1322 1321
f 1321 1322 1376
f 1321 1376 1327
f 1327 1376 1382
f 1327 1382 1326
f 1326 1382 1381
f 1326 1381 1325
f 1325 1381 1380
f 1325 1380 1324
f 1324 1380 1379
f 1324 1379 1323
f 1323 1379 1378
f 1323 1378 1375
f 1375 1378 1425
f 1375 1425 1424
f 1424 1425 1477
f 1477 1425 1478
f 1116 1120 1160
f 1231 1195 1235
f 1235 1195 1156
f 1235 1156 1157
f 1235 1157 1239
f 1157 1116 1160
f 1157 1160 1239
f 1239 1160 1241
f 1241 1160 1162
f 1241 1162 1244
f 1160 1120 1162
f 1162 1120 1121
f 1162 1121 1124
f 1116 1069 1073
f 1116 1073 1120
f 1120 1073 1074
f 1120 1074 1121
f 1121 1074 1077
f 1121 1077 1124
f 1124 1077 1082
f 1083 1084 1129
f 1165 1163 1127
f 1165 1127 1166
f 1166 1127 1128
f 1122 1123 1126
f 1083 1129 1128
f 1083 1128 1082
f 1082 1128 1127
f 1082 1127 1124
f 1124 1127 1163
f 1124 1163 1162
f 1162 1163 1244
f 1161 1202 1164
f 1164 1202 1204
f 1164 1204 1168
f 1168 1204 1207
f 1168 1207 1167
f 1167 1207 1206
f 1167 1206 1166
f 1166 1206 1205
f 1166 1205 1165
f 1165 1205 1245
f 1123 1161 1126
f 1126 1161 1164
f 1126 1164 1168
f 1126 1168 1129
f 1129 1168 1167
f 1129 1167 1128
f 1128 1167 1166
f 1163 1165 1245
f 1163 1245 1244
f 1278 1274 1235
f 1278 1235 1282
f 1282 1235 1239
f 1282 1239 1284
f 1284 1239 1241
f 1284 1241 1287
f 1287 1241 1244
f 1287 1244 1288
f 1288 1244 1245
f 1288 1245 1289
f 1289 1245 1205
f 1289 1205 1290
f 1290 1205 1206
f 1290 1206 1246
f 1246 1206 1207
f 1246 1207 1242
f 1242 1207 1204
f 1242 1204 1243
f 1243 1204 1240
f 1240 1204 1202
f 1123 1122 1075
f 1123 1075 1076
f 1232 1195 1275
f 1411 1463 1456
f 1510 1505 1463
f 1463 1505 1456
f 1411 1462 1463
f 1366 1414 1362
f 1362 1414 1411
f 1308 1312 1366
f 1308 1366 1362
f 1275 1278 1312
f 1275 1312 1308
f 1275 1274 1278
f 1274 1275 1231
f 1231 1275 1195
f 1258 1259 1220
f 1099 1103 1147
f 946 996 993
f 1172 1171 1210
f 1292 1331 1332
f 1065 1111 1106
f 1433 1434 1386
f 1049 1087 1091
f 1132 1135 1087
f 1087 1135 1091
f 1211 1214 1174
f 1293 1253 1252
f 1334 1335 1293
f 1388 1387 1436
f 1436 1387 1435
f 1389 1437 1384
f 1437 1389 1444
f 1444 1389 1394
f 1444 1394 1443
f 1401 1451 1397
f 1397 1451 1447
f 1407 1456 1451
f 1407 1451 1401
f 1334 1387 1388
f 1334 1388 1335
f 1331 1385 1332
f 1332 1385 1328
f 1328 1385 1329
f 1250 1255 1292
f 1250 1212 1216
f 1216 1255 1250
f 1250 1292 1332
f 1250 1332 1247
f 1247 1332 1328
f 1247 1328 1329
f 1247 1329 1248
f 1330 1387 1334
f 1330 1334 1252
f 1252 1334 1293
f 1434 1435 1383
f 1383 1435 1387
f 1383 1387 1330
f 1249 1330 1252
f 1249 1252 1211
f 1211 1252 1253
f 1211 1253 1214
f 1248 1210 1247
f 1247 1210 1209
f 1247 1209 1250
f 1250 1209 1208
f 1250 1208 1212
f 1089 1046 1088
f 1088 1046 1045
f 1046 995 994
f 1046 994 1045
f 1045 994 1000
f 1210 1171 1209
f 1209 1171 1170
f 1209 1170 1208
f 1329 1383 1330
f 1329 1330 1249
f 1172 1211 1174
f 1386 1434 1383
f 1386 1383 1329
f 1248 1329 1249
f 1248 1249 1211
f 1132 1172 1174
f 1132 1174 1135
f 1130 1131 1085
f 1085 1131 1086
f 1043 1086 1044
f 1043 1044 993
f 993 1044 997
f 993 996 1043
f 1043 996 1042
f 1043 1042 1085
f 997 947 993
f 993 947 946
f 1086 1043 1085
f 1385 1433 1386
f 1385 1386 1329
f 1210 1248 1211
f 1210 1211 1172
f 1087 1172 1132
f 1086 1087 1044
f 997 1044 1048
f 997 1048 1049
f 997 1049 998
f 947 997 998
f 947 998 948
f 1190 1195 1229
f 1229 1195 1232
f 1150 1153 1190
f 1190 1153 1195
f 1169 1133 1173
f 1173 1133 1137
f 1173 1137 1175
f 1175 1137 1141
f 1220 1175 1179
f 1179 1175 1141
f 1179 1141 1140
f 1111 1153 1150
f 1150 1106 1111
f 1061 1065 1106
f 1106 1062 1061
f 1045 1000 1052
f 1045 1052 1088
f 1088 1052 1093
f 1088 1093 1137
f 1137 1093 1096
f 1137 1096 1141
f 1141 1096 1099
f 1141 1099 1144
f 1096 1051 1055
f 1096 1055 1099
f 1099 1055 1057
f 1099 1057 1059
f 1099 1059 1103
f 1052 1000 1051
f 1052 1051 1093
f 1093 1051 1096
f 1144 1099 1147
f 1144 1147 1187
f 1229 1187 1190
f 1190 1187 1147
f 1190 1147 1150
f 1150 1147 1103
f 1150 1103 1106
f 1106 1103 1059
f 1106 1059 1062
f 1411 1456 1406
f 1362 1411 1357
f 1357 1411 1406
f 1306 1357 1352
f 1306 1308 1357
f 1357 1308 1362
f 1303 1353 1269
f 1303 1269 1227
f 1229 1232 1275
f 1229 1275 1272
f 1272 1275 1306
f 1306 1275 1308
f 1397 1353 1401
f 1401 1353 1352
f 1401 1352 1357
f 1401 1357 1407
f 1303 1306 1352
f 1303 1352 1353
f 1345 1353 1397
f 1345 1397 1394
f 1394 1397 1447
f 1182 1227 1223
f 1223 1227 1269
f 1223 1269 1264
f 1264 1269 1353
f 1264 1353 1300
f 1300 1353 1345
f 1300 1345 1339
f 1339 1345 1394
f 1394 1447 1443
f 1140 1178 1179
f 1179 1178 1219
f 1179 1219 1220
f 1220 1219 1258
f 1258 1297 1298
f 1258 1298 1259
f 1259 1298 1294
f 1384 1331 1389
f 1389 1331 1294
f 1389 1294 1394
f 1394 1294 1298
f 1394 1298 1339
f 1339 1298 1297
f 1339 1297 1300
f 1300 1297 1258
f 1300 1258 1264
f 1264 1258 1219
f 1264 1219 1223
f 1223 1219 1178
f 1223 1178 1182
f 1182 1178 1140
f 1406 1456 1407
f 1406 1407 1357
f 1272 1306 1303
f 1272 1303 1229
f 1229 1303 1227
f 1229 1227 1187
f 1187 1227 1182
f 1187 1182 1144
f 1144 1182 1140
f 1144 1140 1141
f 1137 1133 1088
f 1088 1133 1169
f 1088 1169 1089
f 1089 1169 1085
f 1089 1085 1046
f 1046 1085 1042
f 1046 1042 995
f 995 1042 996
f 1051 1000 1004
f 1051 1004 1055
f 1049 1048 1087
f 1087 1048 1044
f 1087 1086 1172
f 1172 1086 1131
f 1172 1131 1171
f 1171 1131 1170
f 1170 1131 1130
f 1170 1130 1085
f 1170 1085 1169
f 1170 1169 1208
f 1208 1169 1173
f 1208 1173 1212
f 1212 1173 1175
f 1212 1175 1216
f 1216 1175 1220
f 1216 1220 1255
f 1255 1220 1259
f 1255 1259 1294
f 1255 1294 1292
f 1292 1294 1331
f 1331 1384 1385
f 1385 1384 1437
f 1385 1437 1433
f 1005 1000 955
f 955 1000 949
f 949 950 927
f 950 928 927
f 929 910 928
f 928 910 909
f 926 929 925
f 924 928 945
f 924 945 946
f 950 949 945
f 950 945 928
f 1010 1007 1011
f 1057 1055 1007
f 1007 1055 1004
f 1005 1004 1000
f 994 995 1000
f 945 995 996
f 945 996 946
f 947 926 946
f 946 926 925
f 946 925 924
f 924 925 929
f 924 929 928
f 1059 1057 1007
f 1059 1007 1010
f 949 1000 945
f 945 1000 995
f 915 914 911
f 911 914 910
f 952 931 930
f 948 952 930
f 1293 1253 1214
f 1293 1214 1174
f 1487 1491 1436
f 1487 1533 1491
f 1527 1570 1528
f 1570 1527 1572
f 1576 1612 1613
f 1644 1616 1620
f 1644 1620 1646
f 1597 1631 1625
f 1472 1515 1514
f 1472 1473 1515
f 1477 1474 1473
f 1607 1609 1610
f 1610 1609 1568
f 1641 1643 1642
f 1641 1642 1607
f 1607 1642 1609
f 1661 1660 1637
f 1661 1637 1638
f 1661 1638 1658
f 1658 1638 1634
f 1664 1641 1660
f 1660 1641 1637
f 1568 1569 1610
f 1610 1569 1607
f 1480 1525 1479
f 1625 1591 1597
f 1649 1646 1626
f 1615 1620 1616
f 1487 1486 1532
f 1532 1486 1528
f 1436 1486 1487
f 930 947 948
f 1525 1524 1479
f 1514 1467 1472
f 915 911 930
f 1533 1487 1532
f 1572 1527 1571
f 1612 1576 1575
f 1612 1575 1616
f 1600 1595 1634
f 1554 1590 1596
f 1548 1590 1554
f 1595 1596 1590
f 1595 1590 1629
f 1538 1580 1542
f 1542 1580 1586
f 1338 1337 1392
f 1338 1392 1441
f 1296 1337 1338
f 1256 1296 1217
f 1296 1256 1295
f 1296 1295 1337
f 1217 1296 1176
f 1176 1296 1177
f 1176 1177 1138
f 1138 1177 1139
f 1094 1138 1139
f 1054 1053 1095
f 1095 1053 1094
f 1054 1002 1053
f 1003 953 1002
f 939 916 935
f 939 935 936
f 942 923 920
f 975 1017 1024
f 975 1024 982
f 1030 988 982
f 1030 982 1023
f 1029 987 1030
f 1030 987 988
f 991 986 987
f 990 986 991
f 990 985 986
f 984 983 978
f 983 977 978
f 977 976 969
f 977 969 970
f 1014 970 969
f 964 970 1010
f 1010 970 1014
f 1011 964 1010
f 1005 955 1007
f 1007 955 959
f 949 955 1005
f 910 914 913
f 910 913 909
f 1007 1004 1005
f 982 1024 1023
f 1003 1002 1054
f 1095 1094 1139
f 1296 1257 1218
f 1441 1393 1338
f 1441 1442 1393
f 1590 1548 1542
f 1586 1590 1542
f 1492 1537 1496
f 1177 1296 1218
f 991 987 992
f 939 942 920
f 1595 1629 1634
f 939 920 919
f 939 919 916
f 976 1019 1014
f 976 1014 969
f 1061 1014 1018
f 1061 1018 1065
f 1018 1026 1025
f 1019 1026 1018
f 1031 1069 1026
f 1074 1073 1069
f 1074 1069 1031
f 976 1026 1019
f 1018 1014 1019
f 1026 1069 1025
f 1025 1069 1018
f 1018 1069 1065
f 1014 1061 1062
f 1014 1062 1059
f 1014 1059 1010
f 980 986 979
f 980 981 986
f 986 985 979
f 981 987 986
f 1125 1128 1071
f 1197 1113 1203
f 1071 1035 1079
f 1071 1079 1125
f 1203 1113 1071
f 1142 1097 1261
f 1142 1261 1143
f 1203 1071 1128
f 1203 1128 1205
f 1197 1104 1113
f 1143 1261 1343
f 1343 1261 1342
f 1035 1071 1022
f 1022 1071 1066
f 1022 1066 1113
f 1113 1066 1071
f 1104 1197 1148
f 1148 1197 1191
f 1261 1395 1342
f 1404 1349 1348
f 1101 1146 1097
f 1097 1146 1267
f 1097 1267 1261
f 1267 1146 1184
f 1267 1184 1225
f 1349 1267 1348
f 1348 1267 1355
f 1191 1192 1148
f 1148 1192 1188
f 1355 1267 1266
f 1404 1348 1355
f 1261 1267 1349
f 1454 1349 1404
f 1261 1349 1395
f 1355 1266 1305
f 1305 1266 1270
f 1349 1404 1398
f 1404 1408 1454
f 1398 1399 1349
f 1349 1399 1395
f 1113 1118 1022
f 1022 1118 1029
f 1029 987 1022
f 980 1021 1022
f 980 1022 981
f 981 1022 987
f 981 987 988
f 1029 1030 1022
f 1603 1602 1637
f 1637 1602 1636
f 1637 1633 1599
f 1637 1599 1603
f 1640 1636 1602
f 1640 1642 1636
f 1636 1640 1637
f 1602 1609 1640
f 1640 1609 1642
f 1603 1565 1602
f 1602 1565 1606
f 1602 1606 1609
f 1603 1562 1565
f 1603 1600 1558
f 1637 1660 1657
f 1640 1663 1637
f 1637 1663 1660
f 1603 1558 1562
f 1637 1657 1634
f 1637 1634 1629
f 1637 1629 1603
f 1603 1629 1600
f 1565 1564 1606
f 1606 1564 1605
f 1606 1605 1609
f 1609 1605 1642
f 1642 1605 1639
f 1642 1639 1640
f 1640 1639 1663
f 1663 1639 1662
f 1663 1659 1660
f 1660 1659 1656
f 1660 1656 1657
f 1657 1651 1634
f 1634 1651 1628
f 1634 1628 1629
f 1629 1628 1600
f 1600 1628 1594
f 1600 1594 1558
f 1558 1594 1552
f 1525 1524 1519
f 1376 1371 1428
f 1428 1371 1421
f 1428 1421 1427
f 1427 1421 1426
f 1427 1426 1479
f 1479 1426 1478
f 1479 1478 1524
f 1524 1478 1519
f 1519 1478 1474
f 1564 1565 1521
f 1521 1565 1525
f 1521 1525 1524
f 1524 1525 1520
f 1520 1525 1519
f 1475 1422 1416
f 1416 1422 1417
f 1469 1475 1416
f 1475 1469 1470
f 1524 1525 1469
f 1469 1525 1565
f 1469 1565 1470
f 1565 1409 1470
f 1460 1409 1562
f 1469 1479 1524
f 1562 1409 1565
f 1372 1417 1317
f 1409 1360 1470
f 1470 1360 1364
f 1470 1364 1417
f 1416 1376 1428
f 1416 1428 1469
f 1469 1428 1427
f 1469 1427 1479
f 1417 1372 1416
f 1416 1372 1376
f 1364 1314 1417
f 1417 1314 1317
f 1562 1558 1508
f 1562 1508 1460
f 1558 1552 1508
f 1552 1507 1508
f 1508 1507 1460
f 1460 1507 1459
f 1460 1459 1409
f 1409 1459 1408
f 1409 1408 1360
f 1360 1408 1359
f 1360 1359 1364
f 1364 1363 1314
f 1314 1363 1309
f 1314 1309 1313
f 1314 1313 1317
f 1628 1657 1651
f 1628 1651 1623
f 1629 1623 1651
f 1657 1658 1651
f 1651 1658 1652
f 1651 1652 1629
f 1630 1624 1623
f 1629 1630 1623
f 1661 1658 1657
f 1652 1658 1629
f 1630 1590 1624
f 1596 1590 1630
f 1658 1634 1629
f 1664 1665 1641
f 1641 1665 1642
f 1671 1664 1660
f 1664 1663 1665
f 1657 1660 1661
f 1664 1671 1670
f 1664 1659 1663
f 1663 1642 1665
f 1642 1663 1639
f 1664 1670 1659
f 1660 1656 1669
f 1660 1669 1671
f 1671 1669 1670
f 1567 1568 1609
f 1609 1642 1639
f 1609 1639 1608
f 1608 1567 1609
f 1478 1524 1523
f 1477 1478 1523
f 1567 1524 1525
f 1567 1525 1568
f 1477 1523 1520
f 1474 1477 1519
f 1519 1477 1520
f 1520 1523 1524
f 1605 1608 1639
f 1659 1670 1656
f 1656 1670 1669
f 1605 1564 1521
f 1589 1594 1628
f 1589 1628 1623
f 1507 1552 1546
f 1546 1552 1594
f 1546 1594 1589
f 1567 1608 1524
f 1524 1608 1639
f 1524 1639 1521
f 1521 1639 1605
f 1589 1623 1624
f 1589 1624 1590
f 1445 1495 1494
f 1494 1495 1500
f 1494 1444 1445
f 1445 1444 1449
f 1449 1444 1448
f 1449 1448 1500
f 1500 1448 1499
f 1500 1499 1494
f 1621 1620 1587
f 1587 1588 1621
f 1593 1588 1587
f 1593 1587 1592
f 1593 1592 1626
f 1627 1626 1620
f 1627 1620 1621
f 1616 1621 1582
f 1582 1621 1588
f 1627 1621 1647
f 1621 1616 1644
f 1621 1644 1647
f 1593 1545 1588
f 1592 1550 1593
f 1593 1550 1545
f 1626 1598 1592
f 1592 1598 1556
f 1592 1556 1550
f 1626 1632 1598
f 1626 1654 1632
f 1647 1650 1627
f 1627 1650 1649
f 1627 1649 1626
f 1626 1649 1654
f 1551 1545 1550
f 1551 1550 1557
f 1557 1550 1556
f 1601 1598 1635
f 1635 1598 1632
f 1655 1632 1654
f 1655 1654 1649
f 1655 1649 1650
f 1650 1647 1648
f 1648 1647 1644
f 1648 1644 1622
f 1622 1644 1616
f 1622 1616 1617
f 1617 1616 1583
f 1583 1616 1582
f 1545 1551 1506
f 1648 1645 1647
f 1647 1645 1613
f 1647 1613 1644
f 1614 1613 1645
f 1645 1648 1617
f 1645 1617 1614
f 1635 1632 1654
f 1654 1631 1632
f 1668 1667 1649
f 1647 1666 1650
f 1667 1668 1666
f 1666 1668 1650
f 1650 1668 1649
f 1654 1653 1631
f 1646 1667 1666
f 1646 1666 1647
f 1649 1667 1646
f 1612 1616 1644
f 1644 1613 1612
f 1474 1519 1473
f 1473 1518 1468
f 1468 1518 1515
f 1518 1514 1515
f 1632 1631 1626
f 1576 1611 1613
f 1576 1613 1577
f 1577 1613 1614
f 1654 1649 1653
f 1649 1626 1653
f 1626 1631 1653
f 1555 1560 1597
f 1473 1519 1518
f 1473 1518 1515
f 1555 1514 1560
f 1632 1631 1597
f 1632 1597 1560
f 1560 1601 1632
f 1632 1601 1635
f 1601 1560 1561
f 1518 1519 1515
f 1560 1514 1561
f 1514 1515 1561
f 1506 1511 1512
f 1557 1506 1551
f 1512 1464 1506
f 1506 1464 1458
f 1598 1601 1561
f 1598 1561 1556
f 1556 1561 1557
f 1511 1506 1515
f 1515 1506 1557
f 1515 1557 1561
f 1617 1648 1622
f 1617 1622 1614
f 1614 1617 1583
f 1583 1577 1614
f 1347 1341 1458
f 1500 1495 1536
f 1500 1545 1449
f 1449 1545 1341
f 1500 1582 1588
f 1500 1588 1545
f 1449 1341 1445
f 1341 1390 1445
f 1445 1390 1391
f 1445 1391 1439
f 1445 1439 1495
f 1458 1341 1545
f 1458 1545 1506
f 1347 1458 1346
f 1346 1458 1453
f 1346 1453 1403
f 1576 1583 1500
f 1500 1583 1582
f 1500 1536 1576
f 1536 1495 1439
f 1438 1439 1390
f 1390 1439 1391
f 1390 1391 1385
f 1340 1341 1347
f 1340 1347 1346
f 1346 1403 1402
f 1402 1403 1453
f 1402 1453 1452
f 1452 1453 1458
f 1131 1210 1213
f 1134 1131 1089
f 1089 1131 1100
f 1333 1251 1213
f 1505 1510 1415
f 1183 1145 1213
f 1385 1433 1336
f 1302 1251 1346
f 1131 1213 1100
f 1100 1213 1145
f 1402 1452 1415
f 1336 1390 1341
f 1336 1346 1251
f 1336 1251 1333
f 1336 1333 1385
f 1302 1299 1251
f 1251 1299 1260
f 1251 1260 1213
f 1213 1260 1183
f 1402 1415 1346
f 1340 1346 1341
f 1341 1346 1336
f 1390 1336 1433
f 1390 1433 1385
f 1265 1224 1183
f 1265 1183 1260
f 1407 1358 1346
f 1415 1452 1457
f 1415 1457 1505
f 1407 1346 1412
f 1412 1346 1415
f 1346 1358 1354
f 1346 1354 1304
f 1346 1304 1302
f 1302 1304 1301
f 1346 1302 1339
f 1302 1298 1339
f 1157 1312 1116
f 1316 1120 1312
f 1312 1120 1116
f 1280 1279 1236
f 1151 1196 1200
f 1200 1196 1237
f 1157 1236 1312
f 1236 1279 1312
f 1237 1233 1276
f 1237 1276 1236
f 1236 1276 1280
f 1200 1154 1151
f 1019 1107 1070
f 1070 1107 1112
f 1070 1112 1069
f 1019 1015 1107
f 1107 1015 1063
f 1107 1063 1108
f 1158 1200 1199
f 1158 1199 1157
f 1157 1199 1236
f 1233 1237 1196
f 1069 1117 1116
f 1158 1154 1200
f 1069 1112 1117
f 984 978 985
f 978 979 985
f 977 970 971
f 977 971 978
f 980 979 972
f 980 972 973
f 1021 980 1016
f 1016 980 973
f 1016 973 972
f 1020 1021 1016
f 1021 1020 980
f 980 1020 972
f 1020 1016 972
f 972 1016 979
f 1015 1014 1063
f 1063 1014 1059
f 970 1020 979
f 970 979 971
f 1020 970 1015
f 979 978 971
f 1116 1112 1154
f 1111 1112 1116
f 1154 1153 1116
f 922 923 941
f 941 923 942
f 940 966 956
f 956 921 940
f 943 974 940
f 940 974 966
f 943 940 944
f 944 940 942
f 922 941 940
f 940 941 942
f 921 922 940
f 943 944 974
f 1098 1008 1023
f 1071 1098 1023
f 1071 1023 982
f 1071 982 1029
f 1029 982 1022
f 1022 982 981
f 1114 1098 1071
f 1114 1071 1113
f 1113 1071 1118
f 967 975 942
f 944 975 974
f 987 981 982
f 987 982 988
f 944 942 975
f 952 948 1002
f 952 1002 953
f 1002 948 998
f 1094 1053 1050
f 1094 1050 1092
f 1136 1138 1092
f 1092 1138 1094
f 1256 1217 1254
f 1254 1217 1136
f 1136 1217 1176
f 1136 1176 1138
f 1215 1174 1214
f 1215 1214 1253
f 1136 1135 1215
f 1215 1135 1174
f 1135 1136 1092
f 1135 1092 1091
f 1050 1049 1091
f 1050 1091 1092
f 999 1049 1050
f 1002 998 999
f 999 998 1049
f 1002 999 1053
f 1053 999 1050
f 1254 1136 1215
f 1254 1215 1253
f 936 932 957
f 957 932 953
f 923 922 920
f 920 922 919
f 1619 1618 1623
f 1623 1618 1614
f 1619 1585 1618
f 1618 1585 1578
f 1618 1578 1614
f 1572 1611 1614
f 1578 1574 1573
f 1573 1572 1578
f 1578 1572 1614
f 1585 1579 1578
f 1623 1624 1586
f 1623 1586 1619
f 1619 1586 1585
f 1531 1576 1530
f 1576 1536 1530
f 1439 1490 1536
f 1536 1490 1531
f 1536 1531 1530
f 1576 1584 1590
f 1590 1584 1595
f 1584 1541 1547
f 1595 1584 1547
f 1595 1547 1553
f 1536 1576 1535
f 1614 1576 1623
f 1623 1576 1590
f 1623 1590 1624
f 1576 1614 1611
f 1571 1576 1611
f 1570 1528 1532
f 1572 1570 1532
f 1573 1532 1528
f 1573 1528 1570
f 1573 1570 1572
f 1611 1572 1571
f 1624 1590 1586
f 1586 1579 1585
f 1538 1579 1580
f 1580 1579 1586
f 1579 1538 1537
f 1579 1537 1578
f 1578 1537 1574
f 1574 1537 1534
f 1574 1533 1573
f 1573 1533 1532
f 1436 1440 1388
f 1253 1293 1335
f 1253 1335 1254
f 1254 1335 1337
f 1256 1254 1295
f 1295 1254 1337
f 1533 1574 1534
f 1533 1534 1491
f 1491 1534 1492
f 1491 1492 1440
f 1440 1492 1441
f 1440 1441 1388
f 1388 1441 1392
f 1388 1392 1335
f 1335 1392 1337
f 1253 1214 1174
f 936 935 931
f 916 919 915
f 915 919 918
f 916 915 935
f 935 915 931
f 952 953 931
f 931 953 932
f 931 932 936
f 930 931 915
f 917 914 918
f 918 914 915
f 951 937 938
f 965 961 951
f 951 961 937
f 971 965 951
f 951 938 917
f 917 951 914
f 952 951 956
f 956 951 917
f 918 956 917
f 964 971 970
f 964 965 971
f 965 964 960
f 965 960 961
f 961 960 955
f 961 955 937
f 937 955 933
f 937 933 938
f 938 933 913
f 938 913 917
f 1062 1059 1063
f 1015 1014 970
f 964 960 959
f 954 955 960
f 954 960 959
f 1011 959 964
f 959 1011 1007
f 913 933 912
f 955 949 933
f 933 949 927
f 912 933 927
f 928 909 913
f 913 912 928
f 928 912 927
f 913 914 917
f 921 918 919
f 921 919 922
f 921 956 918
f 957 953 956
f 956 953 952
f 1086 1090 946
f 946 1090 996
f 946 996 1086
f 996 997 1086
f 1086 997 1048
f 1086 1048 1090
f 1090 1047 996
f 996 1047 995
f 995 1047 1046
f 1046 1001 995
f 1731 1735 1711
f 1736 1732 1712
f 1712 1716 1736
f 1735 1715 1711
f 1747 1751 1746
f 1746 1751 1750
f 1746 1750 1749
f 1746 1749 1748
f 1683 1682 1685
f 1685 1682 1684
f 1685 1684 1697
f 1697 1684 1696
f 1697 1712 1747
f 1747 1712 1732
f 1746 1748 1696
f 1696 1748 1711
f 1747 1732 1751
f 1751 1732 1750
f 1750 1732 1731
f 1750 1731 1749
f 1749 1731 1748
f 1748 1731 1711
f 1696 1711 1697
f 1697 1711 1712
f 1695 1683 1697
f 1683 1685 1697
f 1684 1682 1696
f 1682 1694 1696
f 1695 1693 1681
f 1697 1709 1695
f 1681 1683 1695
f 1747 1745 1729
f 1747 1729 1697
f 1697 1729 1709
f 1683 1681 1693
f 1697 1709 1747
f 1747 1709 1729
f 1747 1733 1697
f 1697 1733 1713
f 1695 1683 1693
f 1717 1713 1733
f 1717 1733 1737
f 1694 1708 1696
f 1696 1708 1746
f 1746 1708 1728
f 1678 1692 1682
f 1682 1692 1694
f 1746 1728 1744
f 1730 1728 1708
f 1708 1710 1730
f 1728 1730 1746
f 1708 1696 1710
f 1730 1733 1746
f 1746 1733 1747
f 1714 1715 1734
f 1713 1716 1712
f 1710 1711 1715
f 1715 1714 1710
f 1717 1737 1716
f 1717 1716 1713
f 1737 1736 1716
f 1730 1735 1731
f 1731 1732 1730
f 1730 1732 1733
f 1733 1732 1736
f 1733 1736 1737
f 1734 1715 1735
f 1734 1735 1730
f 1678 1681 1682
f 1682 1681 1683
f 1682 1683 1684
f 1684 1683 1685
f 1684 1685 1696
f 1696 1685 1697
f 1696 1697 1710
f 1710 1697 1713
f 1710 1713 1711
f 1711 1713 1712
f 1710 1714 1734
f 1710 1734 1730
f 1678 1679 1681
f 1681 1679 1680
f 1676 1674 1678
f 1675 1677 1681
f 1724 1720 1704
f 1719 1723 1703
f 1703 1699 1719
f 1720 1700 1704
f 1720 1721 1700
f 1700 1721 1701
f 1702 1699 1703
f 1703 1704 1705
f 1704 1700 1705
f 1705 1700 1701
f 1718 1719 1699
f 1718 1699 1698
f 1698 1699 1702
f 1724 1723 1722
f 1722 1723 1719
f 1719 1718 1722
f 1721 1720 1725
f 1725 1720 1724
f 1725 1724 1722
f 1725 1722 1739
f 1739 1722 1738
f 1702 1703 1705
f 1702 1705 1686
f 1686 1705 1687
f 1686 1687 1672
f 1672 1687 1673
f 1675 1674 1672
f 1675 1672 1673
f 1686 1703 1723
f 1686 1723 1738
f 1738 1723 1739
f 1739 1723 1724
f 1739 1724 1687
f 1687 1724 1704
f 1687 1704 1686
f 1686 1704 1703
f 1687 1686 1673
f 1673 1686 1672
f 1686 1672 1674
f 1702 1722 1718
f 1702 1718 1698
f 1705 1701 1721
f 1675 1673 1687
f 1705 1721 1725
f 1686 1688 1674
f 1740 1726 1738
f 1742 1740 1738
f 1706 1686 1726
f 1726 1686 1738
f 1688 1690 1674
f 1674 1690 1678
f 1678 1690 1692
f 1686 1706 1688
f 1726 1738 1722
f 1690 1674 1676
f 1690 1676 1692
f 1692 1676 1678
f 1706 1702 1686
f 1726 1722 1702
f 1726 1702 1706
f 1687 1675 1689
f 1727 1741 1739
f 1739 1741 1743
f 1681 1693 1675
f 1675 1693 1691
f 1675 1691 1689
f 1687 1707 1727
f 1687 1727 1739
f 1707 1687 1689
f 1677 1691 1693
f 1677 1693 1681
f 1727 1725 1739
f 1707 1705 1727
f 1727 1705 1725
f 1691 1677 1689
f 1689 1677 1675
f 1707 1687 1705
f 1802 1803 1858
f 1938 1910 1916
f 1917 1945 1916
f 1916 1945 1939
f 1916 1939 1938
f 1966 1965 1972
f 1972 1965 1971
f 1859 1803 1796
f 1859 1796 1854
f 1858 1803 1859
f 1858 1808 1802
f 1808 1858 1865
f 1831 1826 1832
f 1909 1937 1915
f 1915 1937 1944
f 1915 1944 1943
f 1937 1966 1944
f 1944 1966 1972
f 1944 1972 1971
f 1944 1971 1943
f 1943 1971 1949
f 1949 1971 1977
f 1949 1977 1948
f 1948 1977 1976
f 1945 1917 1888
f 1881 1909 1886
f 1886 1909 1915
f 1886 1915 1885
f 1885 1915 1943
f 1885 1943 1892
f 1892 1943 1949
f 1892 1949 1891
f 1891 1949 1948
f 1891 1948 1890
f 1890 1948 1947
f 1890 1947 1889
f 1889 1947 1946
f 1889 1946 1888
f 1888 1946 1945
f 1855 1826 1860
f 1860 1826 1831
f 1860 1831 1861
f 1861 1831 1832
f 1833 1862 1832
f 1832 1862 1861
f 1836 1808 1865
f 1836 1865 1864
f 1836 1864 1835
f 1835 1864 1863
f 1835 1863 1834
f 1834 1863 1833
f 1833 1863 1862
f 1861 1888 1860
f 1860 1888 1887
f 1860 1887 1855
f 1855 1887 1882
f 1854 1881 1859
f 1859 1881 1886
f 1859 1886 1858
f 1858 1886 1885
f 1858 1885 1865
f 1865 1885 1892
f 1865 1892 1864
f 1864 1892 1891
f 1864 1891 1863
f 1863 1891 1890
f 1863 1890 1889
f 1863 1889 1862
f 1862 1889 1861
f 1861 1889 1888
f 1888 1917 1887
f 1887 1917 1916
f 1887 1916 1882
f 1882 1916 1910
f 1910 1907 1882
f 1855 1882 1880
f 1882 1907 1880
f 1797 1826 1823
f 1797 1823 1794
f 1823 1826 1852
f 1852 1826 1855
f 1852 1855 1880
f 1872 1904 1898
f 1878 1904 1872
f 1904 1878 1880
f 1904 1880 1907
f 1820 1823 1852
f 1823 1820 1790
f 1823 1790 1794
f 1784 1790 1815
f 1815 1790 1820
f 1849 1843 1820
f 1820 1843 1815
f 1849 1820 1852
f 1849 1852 1880
f 1849 1878 1872
f 1849 1872 1843
f 1878 1849 1880
f 1809 1810 1815
f 1783 1814 1842
f 1783 1842 1847
f 1789 1788 1847
f 1847 1788 1783
f 1789 1847 1848
f 1851 1793 1789
f 1851 1789 1848
f 1959 1958 1962
f 1959 1962 1963
f 1921 1867 1927
f 1927 1867 1866
f 1927 1866 1926
f 1872 1898 1866
f 1866 1898 1926
f 1906 1879 1903
f 1903 1879 1877
f 1903 1877 1902
f 1902 1877 1876
f 1902 1876 1897
f 1897 1876 1871
f 1867 1921 1868
f 1868 1921 1922
f 1868 1922 1923
f 1868 1923 1869
f 1869 1923 1870
f 1870 1923 1924
f 1870 1924 1871
f 1871 1924 1925
f 1897 1871 1925
f 1897 1925 1902
f 1902 1925 1929
f 1902 1929 1903
f 1903 1929 1930
f 1903 1930 1906
f 1906 1930 1933
f 1963 1933 1959
f 1959 1933 1930
f 1959 1930 1958
f 1958 1930 1929
f 1958 1929 1954
f 1954 1929 1925
f 1954 1925 1953
f 1953 1925 1924
f 1815 1843 1809
f 1809 1843 1837
f 1809 1837 1810
f 1810 1837 1838
f 1810 1838 1811
f 1843 1872 1837
f 1837 1872 1866
f 1837 1866 1838
f 1838 1866 1867
f 1838 1839 1811
f 1811 1839 1812
f 1812 1839 1840
f 1812 1840 1813
f 1813 1840 1841
f 1813 1841 1814
f 1814 1841 1842
f 1879 1851 1877
f 1877 1851 1848
f 1877 1848 1876
f 1876 1848 1847
f 1876 1847 1871
f 1871 1847 1842
f 1871 1842 1870
f 1870 1842 1841
f 1870 1841 1869
f 1869 1841 1840
f 1869 1840 1868
f 1868 1840 1839
f 1868 1839 1867
f 1867 1839 1838
f 1822 1793 1851
f 1981 1982 1962
f 1981 1958 1980
f 1980 1958 1954
f 1921 1926 1927
f 1962 1958 1981
f 1938 1939 1945
f 1971 1986 1977
f 1977 1986 1989
f 1971 1965 1986
f 1965 1984 1986
f 1825 1854 1796
f 1832 1826 1797
f 1835 1807 1808
f 1835 1808 1836
f 1834 1806 1835
f 1835 1806 1807
f 1805 1806 1833
f 1833 1806 1834
f 1832 1804 1833
f 1833 1804 1805
f 1798 1804 1797
f 1797 1804 1832
f 1810 1779 1784
f 1784 1779 1785
f 1811 1780 1810
f 1810 1780 1779
f 1781 1811 1812
f 1811 1781 1780
f 1781 1812 1782
f 1782 1812 1813
f 1814 1783 1813
f 1813 1783 1782
f 1784 1815 1810
f 1962 1933 1963
f 1981 1980 1954
f 1971 1977 1989
f 1971 1989 1986
f 1965 1966 1936
f 1936 1966 1937
f 1797 1826 1798
f 1798 1826 1827
f 1832 1804 1827
f 1827 1804 1798
f 1833 1805 1832
f 1832 1805 1804
f 1835 1807 1834
f 1834 1807 1806
f 1807 1835 1836
f 1807 1836 1808
f 1858 1808 1836
f 1854 1803 1859
f 1854 1796 1803
f 1938 1911 1910
f 1880 1882 1852
f 1938 1939 1911
f 1911 1939 1917
f 1917 1939 1945
f 1947 1890 1946
f 1946 1890 1889
f 1946 1889 1945
f 1945 1889 1888
f 1917 1888 1911
f 1911 1888 1883
f 1911 1883 1910
f 1910 1883 1882
f 1909 1881 1914
f 1914 1881 1886
f 1914 1886 1885
f 1936 1937 1909
f 1936 1909 1943
f 1943 1909 1914
f 1891 1948 1892
f 1892 1948 1949
f 1892 1949 1920
f 1977 1949 1976
f 1976 1949 1948
f 1965 1936 1971
f 1971 1936 1943
f 1881 1854 1886
f 1886 1854 1859
f 1886 1859 1885
f 1885 1859 1858
f 1892 1865 1891
f 1891 1865 1864
f 1826 1855 1827
f 1827 1855 1856
f 1827 1856 1832
f 1832 1856 1861
f 1832 1861 1833
f 1833 1861 1862
f 1833 1862 1834
f 1834 1862 1863
f 1836 1865 1858
f 1858 1865 1892
f 1858 1892 1885
f 1885 1892 1920
f 1885 1920 1914
f 1914 1920 1949
f 1914 1949 1943
f 1943 1949 1977
f 1943 1977 1971
f 1855 1852 1882
f 1855 1882 1856
f 1856 1882 1883
f 1856 1883 1861
f 1861 1883 1888
f 1861 1888 1862
f 1862 1888 1889
f 1891 1890 1947
f 1891 1947 1948
f 1946 1922 1923
f 1946 1923 1947
f 1947 1923 1952
f 1947 1952 1975
f 1975 1952 1953
f 1975 1953 1976
f 1976 1953 1979
f 1976 1979 1988
f 1988 1979 1992
f 1988 1992 1997
f 1997 1992 2001
f 1997 2001 2005
f 2005 2001 2000
f 2005 2000 2004
f 2004 2000 1999
f 2004 1999 2003
f 2003 1999 1998
f 2003 1998 2002
f 2002 1998 1990
f 2002 1990 1995
f 1995 1990 1978
f 1995 1978 1987
f 1987 1978 1950
f 1987 1950 1973
f 1973 1950 1951
f 1973 1951 1974
f 1974 1951 1922
f 1974 1922 1946
f 1974 1946 1975
f 1975 1946 1947
f 1995 2003 2002
f 2004 1987 1973
f 2003 1995 1987
f 2003 1987 2004
f 1988 1974 1976
f 1976 1974 1975
f 1974 1997 1996
f 1974 1996 2004
f 1973 1974 2004
f 1974 1988 1997
f 1996 1997 2004
f 2004 1997 2005
f 1952 1923 1951
f 1951 1923 1922
f 1990 1998 1999
f 2000 2001 1992
f 2000 1992 1991
f 1991 1952 2000
f 2000 1952 1951
f 1999 1950 1978
f 1992 1979 1953
f 2000 1951 1999
f 1999 1951 1950
f 1992 1953 1952
f 1999 1978 1990
f 1991 1992 1952
f 1940 1939 1968
f 1939 1935 1968
f 1968 1935 1964
f 1839 1845 1844
f 1839 1844 1838
f 1816 1810 1838
f 1816 1838 1844
f 1844 1873 1899
f 1900 1899 1874
f 1874 1899 1873
f 1898 1843 1899
f 1899 1843 1844
f 1934 1907 1931
f 1898 1872 1843
f 1872 1904 1880
f 1815 1820 1784
f 1784 1820 1790
f 1931 1907 1904
f 1767 1772 1773
f 1767 1773 1768
f 1768 1773 1774
f 1766 1760 1771
f 1766 1771 1772
f 1766 1772 1767
f 1826 1855 1882
f 1863 1889 1919
f 1863 1919 1834
f 1862 1804 1889
f 1889 1804 1888
f 1834 1806 1805
f 1805 1833 1834
f 1804 1862 1833
f 1798 1883 1804
f 1804 1883 1888
f 1772 1799 1773
f 1799 1772 1798
f 1797 1910 1883
f 1797 1883 1798
f 1797 1882 1910
f 1797 1826 1882
f 1791 1785 1790
f 1790 1785 1784
f 1820 1849 1815
f 1820 1823 1849
f 1880 1878 1852
f 1852 1878 1849
f 1823 1852 1849
f 1777 1804 1797
f 1777 1797 1772
f 1797 1771 1772
f 1771 1797 1766
f 1766 1797 1794
f 1774 1806 1805
f 1774 1805 1804
f 1804 1777 1774
f 1777 1772 1774
f 1774 1772 1771
f 1766 1768 1771
f 1771 1768 1774
f 1756 1752 1779
f 1779 1780 1756
f 1780 1781 1756
f 1762 1754 1756
f 1756 1754 1755
f 1756 1755 1752
f 1760 1754 1762
f 1790 1760 1794
f 1794 1760 1766
f 1784 1754 1790
f 1790 1754 1760
f 1779 1752 1784
f 1784 1752 1755
f 1784 1755 1754
f 1895 1869 1868
f 1868 1894 1895
f 1923 1895 1922
f 1922 1895 1894
f 1921 1922 1893
f 1893 1922 1894
f 1927 1921 1893
f 1898 1926 1899
f 1926 1927 1899
f 1785 1815 1816
f 1785 1784 1815
f 1785 1816 1810
f 1785 1810 1779
f 1779 1810 1811
f 1779 1811 1780
f 1812 1781 1780
f 1927 1893 1899
f 1873 1899 1893
f 1893 1867 1873
f 1872 1898 1873
f 1873 1898 1899
f 1894 1868 1893
f 1893 1868 1867
f 1811 1812 1780
f 1869 1812 1868
f 1868 1812 1811
f 1868 1811 1867
f 1867 1811 1810
f 1867 1810 1873
f 1873 1810 1816
f 1873 1816 1872
f 1872 1816 1815
f 1872 1815 1849
f 1956 1950 1921
f 1951 1922 1921
f 1921 1950 1951
f 1926 1955 1956
f 1926 1956 1921
f 1926 1898 1931
f 1931 1898 1904
f 1946 1974 1945
f 1945 1974 1973
f 1910 1938 1934
f 1910 1934 1907
f 1968 1945 1973
f 1945 1968 1938
f 1938 1968 1967
f 1947 1975 1974
f 1947 1974 1946
f 1947 1918 1919
f 1827 1798 1832
f 1832 1798 1804
f 1911 1939 1910
f 1910 1939 1938
f 1946 1945 1917
f 1918 1946 1917
f 1947 1946 1918
f 1917 1888 1918
f 1918 1888 1889
f 1918 1889 1919
f 1919 1889 1890
f 1834 1863 1889
f 1834 1889 1833
f 1833 1889 1832
f 1832 1889 1888
f 1832 1888 1883
f 1832 1883 1827
f 1827 1883 1826
f 1826 1883 1882
f 1826 1882 1852
f 1794 1771 1790
f 1797 1771 1794
f 1790 1771 1760
f 1823 1794 1852
f 1849 1843 1878
f 1878 1843 1872
f 1755 1785 1761
f 1761 1785 1791
f 1762 1761 1760
f 1839 1811 1840
f 1840 1811 1812
f 1869 1840 1812
f 1840 1869 1895
f 1840 1895 1839
f 1895 1952 1894
f 1895 1894 1839
f 1839 1894 1922
f 1922 1894 1952
f 1922 1952 1951
f 1868 1894 1867
f 1894 1900 1867
f 1867 1900 1873
f 1867 1873 1868
f 1868 1873 1874
f 1928 1900 1922
f 1922 1900 1894
f 1928 1899 1900
f 1899 1928 1927
f 1927 1928 1956
f 1951 1950 1956
f 1922 1951 1928
f 1928 1951 1957
f 1957 1951 1956
f 1957 1956 1928
f 1960 1926 1931
f 1961 1956 1960
f 1960 1956 1955
f 1960 1955 1926
f 1964 1961 1968
f 1931 1934 1960
f 1960 1934 1961
f 1961 1934 1938
f 1938 1967 1961
f 1961 1967 1968
f 1940 1968 1969
f 1968 1973 1969
f 1969 1973 1974
f 1969 1974 1940
f 1940 1974 1946
f 1940 1946 1941
f 1941 1946 1947
f 1774 1800 1806
f 1863 1834 1890
f 1890 1834 1919
f 1767 1768 1766
f 1790 1760 1791
f 1791 1760 1761
f 1816 1785 1786
f 1786 1817 1816
f 1985 1986 1970
f 1970 1986 1971
f 1984 1986 1993
f 1993 1986 1994
f 1979 1983 1984
f 1988 1989 1985
f 1986 1985 1989
f 1984 1980 1979
f 1982 1981 1984
f 1984 1981 1980
f 1774 1776 1775
f 1774 1775 1778
f 1774 1778 1808
f 1808 1807 1774
f 1774 1807 1806
f 1769 1770 1775
f 1775 1770 1776
f 1764 1765 1769
f 1769 1765 1770
f 1758 1759 1765
f 1758 1765 1764
f 1756 1759 1758
f 1756 1781 1782
f 1756 1782 1783
f 1756 1783 1753
f 1756 1753 1758
f 1850 1824 1853
f 1824 1850 1821
f 1829 1858 1885
f 1885 1858 1914
f 1914 1858 1913
f 1824 1821 1819
f 1787 1788 1818
f 1818 1788 1819
f 1818 1819 1846
f 1846 1819 1847
f 1757 1763 1758
f 1758 1763 1764
f 1822 1851 1879
f 1962 1963 1932
f 1932 1963 1933
f 1788 1783 1819
f 1819 1783 1814
f 1847 1788 1819
f 1954 1981 1958
f 1902 1932 1905
f 1929 1932 1902
f 1923 1869 1895
f 1962 1932 1958
f 1958 1932 1929
f 1814 1842 1819
f 1819 1842 1847
f 1758 1759 1788
f 1788 1759 1789
f 1793 1765 1792
f 1792 1765 1759
f 1792 1759 1758
f 1793 1792 1789
f 1789 1792 1788
f 1788 1792 1758
f 1788 1764 1792
f 1788 1758 1764
f 1763 1762 1764
f 1762 1756 1764
f 1764 1756 1758
f 1858 1829 1802
f 1792 1764 1769
f 1802 1829 1824
f 1802 1824 1795
f 1795 1792 1769
f 1795 1769 1775
f 1819 1792 1824
f 1824 1792 1795
f 1819 1788 1792
f 1835 1834 1864
f 1864 1834 1919
f 1864 1919 1891
f 1947 1941 1919
f 1919 1941 1912
f 1913 1941 1884
f 1884 1941 1885
f 1941 1942 1913
f 1941 1913 1885
f 1912 1941 1913
f 1942 1941 1970
f 1828 1801 1857
f 1884 1885 1857
f 1857 1885 1858
f 1829 1801 1828
f 1801 1775 1774
f 1801 1774 1800
f 1775 1801 1829
f 1829 1802 1775
f 1936 1937 1965
f 1965 1937 1966
f 1829 1802 1803
f 1829 1803 1830
f 1808 1829 1836
f 1808 1802 1829
f 1890 1947 1919
f 1908 1936 1914
f 1909 1936 1908
f 1936 1943 1914
f 1881 1909 1908
f 1881 1908 1885
f 1885 1908 1914
f 1885 1914 1943
f 1834 1864 1863
f 1830 1803 1858
f 1830 1858 1829
f 1829 1858 1836
f 1859 1881 1885
f 1802 1803 1775
f 1775 1803 1776
f 1775 1776 1795
f 1795 1776 1770
f 1795 1770 1796
f 1795 1796 1803
f 1795 1803 1802
f 1881 1854 1825
f 1988 1976 1977
f 1977 1989 1988
f 1948 1976 1975
f 1948 1975 1947
f 1802 1778 1775
f 1802 1775 1776
f 1808 1778 1802
f 1776 1803 1802
f 1822 1881 1825
f 1822 1825 1796
f 1822 1796 1793
f 1793 1796 1770
f 1793 1770 1765
f 1962 1965 1966
f 1965 1962 1984
f 1984 1962 1982
f 1980 1954 1979
f 1954 1953 1979
f 1953 1924 1952
f 1924 1923 1952
f 1753 1783 1788
f 1753 1788 1758
f 1765 1793 1822
f 1881 1822 1879
f 1881 1879 1909
f 1909 1879 1906
f 1909 1906 1933
f 1909 1933 1937
f 1937 1933 1963
f 1937 1963 1966
f 1966 1963 1962
f 1895 1840 1841
f 1895 1841 1953
f 1952 1895 1953
f 1953 1841 1896
f 1870 1875 1896
f 1896 1875 1901
f 1896 1841 1870
f 2190 2193 2191
f 2192 2193 2190
f 2228 2248 2247
f 2229 2230 2227
f 2227 2230 2228
f 2227 2228 2247
f 2212 2211 2210
f 2230 2229 2211
f 2211 2229 2210
f 2212 2210 2191
f 2191 2210 2190
f 2275 2292 2304
f 2275 2325 2324
f 2276 2292 2275
f 2304 2318 2275
f 2275 2318 2317
f 2317 2328 2275
f 2275 2328 2327
f 2275 2327 2326
f 2275 2326 2325
f 2275 2324 2323
f 2303 2291 2275
f 2275 2323 2316
f 2275 2315 2303
f 2275 2316 2315
f 2275 2277 2276
f 2278 2276 2277
f 2261 2262 2277
f 2277 2262 2278
f 2262 2261 2264
f 2261 2263 2264
f 2264 2263 2245
f 2264 2245 2248
f 2248 2245 2247
f 2136 2143 2142
f 2136 2137 2143
f 2103 2104 2112
f 2111 2103 2112
f 2112 2120 2119
f 2112 2119 2111
f 2121 2113 2114
f 2121 2114 2122
f 2106 2113 2105
f 2106 2114 2113
f 2139 2145 2144
f 2139 2144 2138
f 2119 2120 2122
f 2122 2120 2121
f 2122 2121 2113
f 2177 2151 2143
f 2151 2177 2152
f 2152 2177 2178
f 2178 2144 2152
f 2142 2096 2097
f 2142 2097 2143
f 2103 2111 2150
f 2150 2111 2161
f 2161 2111 2119
f 2103 2150 2104
f 2104 2150 2151
f 2157 2104 2151
f 2157 2112 2104
f 2157 2120 2112
f 2157 2112 2111
f 2157 2158 2120
f 2120 2158 2121
f 2158 2113 2114
f 2121 2158 2113
f 2158 2105 2113
f 2105 2158 2152
f 2105 2152 2106
f 2106 2152 2153
f 2162 2122 2114
f 2162 2114 2153
f 2153 2114 2106
f 2144 2098 2099
f 2144 2099 2145
f 2162 2161 2119
f 2162 2119 2122
f 2096 2136 2142
f 2177 2143 2137
f 2138 2144 2178
f 2144 2145 2153
f 2150 2142 2143
f 2144 2153 2152
f 2151 2150 2143
f 2152 2158 2157
f 2152 2157 2151
f 2145 2098 2144
f 2145 2099 2098
f 2099 2145 2139
f 2153 2106 2162
f 2162 2106 2122
f 2103 2150 2119
f 2119 2150 2161
f 2122 2106 2114
f 2122 2115 2123
f 2114 2115 2122
f 2118 2110 2119
f 2119 2110 2111
f 2119 2111 2103
f 2070 2052 2096
f 2096 2052 2047
f 2142 2150 2096
f 2096 2150 2103
f 2070 2096 2074
f 2074 2096 2103
f 2074 2103 2111
f 2074 2119 2079
f 2074 2111 2119
f 2032 2019 2015
f 2136 2096 2047
f 2136 2047 2032
f 2136 2032 2015
f 2007 2136 2015
f 2007 2008 2136
f 2136 2008 2137
f 2008 2177 2137
f 2177 2008 2178
f 2178 2008 2011
f 2138 2178 2011
f 2011 2012 2138
f 2138 2012 2139
f 2029 2139 2016
f 2016 2139 2012
f 2020 2033 2029
f 2029 2033 2139
f 2048 2099 2139
f 2048 2139 2033
f 2153 2145 2106
f 2106 2145 2099
f 2106 2099 2075
f 2114 2106 2075
f 2048 2053 2099
f 2099 2053 2071
f 2099 2071 2075
f 2075 2122 2114
f 2122 2075 2080
f 2181 2146 2154
f 2185 2159 2183
f 2107 2154 2159
f 2107 2159 2115
f 2181 2183 2146
f 2146 2183 2154
f 2115 2159 2123
f 2207 2185 2183
f 2183 2159 2154
f 2119 2122 2081
f 2122 2123 2081
f 2118 2119 2078
f 2078 2119 2081
f 2078 2081 2083
f 2083 2081 2084
f 2180 2149 2141
f 2204 2182 2206
f 2206 2182 2184
f 2110 2156 2149
f 2110 2149 2102
f 2110 2118 2156
f 2180 2141 2182
f 2182 2141 2149
f 2182 2149 2156
f 2182 2156 2184
f 2182 2204 2202
f 2182 2202 2180
f 2185 2207 2187
f 2163 2159 2187
f 2187 2159 2185
f 2123 2159 2163
f 2126 2084 2081
f 2246 2248 2228
f 2264 2248 2246
f 2226 2246 2228
f 2228 2230 2209
f 2209 2230 2211
f 2126 2081 2123
f 2126 2123 2163
f 2228 2209 2226
f 2165 2126 2163
f 2165 2163 2189
f 2189 2163 2187
f 2189 2187 2211
f 2211 2187 2209
f 2209 2187 2207
f 2209 2207 2226
f 2193 2169 2167
f 2193 2167 2191
f 2191 2189 2212
f 2212 2189 2211
f 2167 2128 2165
f 2167 2165 2189
f 2167 2189 2191
f 2165 2128 2126
f 2190 2166 2168
f 2190 2168 2192
f 2160 2156 2118
f 2156 2160 2186
f 2156 2186 2184
f 2184 2186 2206
f 2247 2245 2227
f 2227 2245 2225
f 2210 2188 2190
f 2166 2190 2164
f 2164 2190 2188
f 2078 2083 2125
f 2225 2206 2208
f 2125 2164 2160
f 2160 2164 2188
f 2160 2188 2186
f 2186 2188 2210
f 2186 2210 2208
f 2227 2225 2208
f 2160 2118 2125
f 2125 2118 2078
f 2208 2206 2186
f 2127 2166 2164
f 2127 2164 2125
f 2208 2210 2229
f 2208 2229 2227
f 2126 2166 2084
f 2084 2127 2125
f 2084 2125 2083
f 2166 2127 2084
f 2126 2128 2166
f 2166 2128 2167
f 2167 2169 2166
f 2166 2169 2193
f 2192 2168 2193
f 2193 2168 2166
f 2108 2107 2116
f 2116 2107 2115
f 2116 2115 2114
f 2155 2107 2108
f 2147 2181 2154
f 2147 2154 2155
f 2155 2154 2107
f 2101 2102 2148
f 2148 2102 2149
f 2148 2149 2141
f 2111 2110 2109
f 2102 2101 2110
f 2110 2101 2109
f 2117 2119 2109
f 2109 2119 2111
f 2119 2117 2079
f 2079 2117 2077
f 2073 2074 2079
f 2073 2079 2077
f 2047 2046 2032
f 2032 2046 2031
f 2032 2031 2018
f 2032 2018 2019
f 2046 2047 2045
f 2052 2051 2047
f 2047 2051 2045
f 2070 2069 2052
f 2052 2069 2051
f 2074 2069 2070
f 2074 2073 2069
f 2016 2012 2013
f 2016 2013 2017
f 2008 2009 2011
f 2011 2009 2010
f 2020 2017 2021
f 2019 2018 2014
f 2015 2014 2006
f 2015 2006 2007
f 2017 2020 2029
f 2017 2029 2016
f 2019 2014 2015
f 2054 2053 2048
f 2054 2048 2050
f 2054 2072 2053
f 2053 2072 2071
f 2076 2075 2072
f 2072 2075 2071
f 2050 2048 2049
f 2033 2034 2048
f 2048 2034 2049
f 2034 2033 2020
f 2034 2020 2021
f 2082 2080 2076
f 2076 2080 2075
f 2080 2082 2122
f 2122 2082 2124
f 2116 2114 2122
f 2116 2122 2124
f 2205 2207 2183
f 2244 2262 2264
f 2244 2264 2246
f 2244 2246 2224
f 2222 2224 2205
f 2222 2205 2203
f 2226 2207 2205
f 2203 2205 2183
f 2203 2183 2181
f 2244 2224 2242
f 2242 2224 2222
f 2246 2226 2224
f 2224 2226 2205
f 2260 2276 2278
f 2222 2242 2203
f 2262 2244 2242
f 2278 2262 2260
f 2260 2262 2242
f 2318 2304 2302
f 2266 2250 2249
f 2202 2221 2219
f 2072 2108 2116
f 2072 2116 2076
f 2076 2116 2124
f 2124 2082 2076
f 2146 2181 2147
f 2179 2181 2140
f 2140 2181 2146
f 2222 2203 2179
f 2179 2203 2181
f 2317 2314 2328
f 2322 2326 2327
f 2319 2324 2325
f 2315 2316 2309
f 2180 2202 2176
f 2141 2180 2135
f 2077 2117 2073
f 2117 2109 2073
f 2073 2109 2069
f 2069 2109 2101
f 2045 2051 2069
f 2031 2014 2018
f 2024 2010 2009
f 2008 2023 2009
f 2087 2057 2086
f 2086 2057 2056
f 2023 2022 2035
f 2042 2035 2041
f 2042 2041 2061
f 2037 2024 2036
f 2056 2036 2055
f 2055 2062 2092
f 2092 2062 2091
f 2008 2007 2023
f 2023 2007 2022
f 2028 2006 2014
f 2022 2007 2006
f 2041 2022 2028
f 2028 2022 2006
f 2046 2028 2031
f 2031 2028 2014
f 2061 2066 2095
f 2095 2066 2065
f 2062 2061 2055
f 2062 2055 2035
f 2035 2036 2023
f 2085 2129 2086
f 2086 2129 2130
f 2086 2130 2087
f 2087 2130 2131
f 2136 2129 2092
f 2092 2129 2085
f 2085 2086 2056
f 2056 2057 2037
f 2135 2136 2091
f 2091 2136 2092
f 2091 2092 2085
f 2055 2085 2056
f 2037 2036 2056
f 2085 2055 2092
f 2176 2200 2170
f 2170 2200 2194
f 2170 2194 2171
f 2171 2194 2195
f 2171 2130 2170
f 2170 2130 2129
f 2170 2129 2136
f 2170 2136 2176
f 2176 2136 2135
f 2024 2009 2023
f 2035 2042 2062
f 2062 2042 2061
f 2035 2022 2041
f 2046 2065 2066
f 2135 2180 2176
f 2148 2141 2095
f 2148 2095 2101
f 2101 2095 2065
f 2101 2065 2069
f 2069 2065 2046
f 2069 2046 2045
f 2176 2202 2219
f 2200 2219 2213
f 2200 2213 2194
f 2194 2213 2195
f 2195 2213 2214
f 2267 2268 2251
f 2282 2268 2267
f 2267 2251 2250
f 2266 2280 2281
f 2281 2282 2267
f 2266 2267 2250
f 2233 2214 2232
f 2232 2214 2213
f 2200 2176 2219
f 2219 2239 2231
f 2219 2231 2213
f 2213 2231 2232
f 2267 2266 2281
f 2280 2293 2294
f 2287 2280 2279
f 2287 2288 2280
f 2280 2288 2293
f 2288 2287 2300
f 2288 2300 2293
f 2310 2319 2320
f 2310 2309 2319
f 2320 2319 2325
f 2257 2239 2259
f 2259 2239 2241
f 2251 2233 2250
f 2250 2233 2232
f 2250 2232 2249
f 2249 2232 2231
f 2249 2231 2257
f 2257 2231 2239
f 2257 2239 2219
f 2239 2219 2241
f 2241 2219 2221
f 2259 2275 2257
f 2257 2275 2273
f 2257 2273 2265
f 2257 2265 2249
f 2249 2265 2266
f 2291 2299 2287
f 2299 2309 2300
f 2303 2315 2299
f 2299 2315 2309
f 2291 2303 2299
f 2309 2316 2323
f 2309 2323 2324
f 2309 2324 2319
f 2290 2274 2286
f 2290 2286 2285
f 2285 2298 2289
f 2289 2298 2301
f 2289 2301 2290
f 2290 2301 2302
f 2290 2302 2304
f 2290 2285 2289
f 2284 2297 2298
f 2252 2268 2269
f 2270 2269 2283
f 2270 2283 2284
f 2284 2283 2297
f 2282 2281 2295
f 2282 2295 2296
f 2297 2308 2314
f 2314 2308 2313
f 2297 2296 2308
f 2281 2294 2295
f 2296 2307 2308
f 2314 2313 2327
f 2314 2327 2328
f 2296 2295 2307
f 2313 2322 2327
f 2307 2312 2313
f 2313 2312 2322
f 2295 2294 2306
f 2307 2306 2312
f 2312 2321 2322
f 2294 2305 2306
f 2306 2311 2312
f 2312 2311 2321
f 2293 2309 2305
f 2306 2305 2311
f 2326 2321 2320
f 2309 2293 2300
f 2325 2326 2320
f 2309 2310 2305
f 2305 2310 2311
f 2311 2310 2320
f 2287 2299 2300
f 2294 2293 2305
f 2311 2320 2321
f 2322 2321 2326
f 2275 2291 2273
f 2273 2291 2287
f 2273 2287 2265
f 2265 2287 2279
f 2265 2279 2266
f 2266 2279 2280
f 2281 2280 2294
f 2295 2306 2307
f 2308 2307 2313
f 2317 2318 2314
f 2314 2318 2302
f 2314 2302 2301
f 2314 2301 2298
f 2314 2298 2297
f 2296 2297 2283
f 2296 2283 2282
f 2282 2283 2269
f 2282 2269 2268
f 2268 2252 2251
f 2251 2252 2234
f 2251 2234 2233
f 2233 2234 2215
f 2233 2215 2214
f 2214 2215 2196
f 2214 2196 2195
f 2195 2196 2172
f 2195 2172 2171
f 2171 2172 2131
f 2171 2131 2130
f 2100 2108 2072
f 2054 2050 2072
f 2072 2050 2068
f 2072 2068 2100
f 2034 2021 2030
f 2030 2021 2017
f 2049 2034 2030
f 2017 2013 2027
f 2067 2044 2064
f 2050 2049 2068
f 2068 2049 2067
f 2068 2067 2100
f 2100 2067 2064
f 2140 2100 2094
f 2094 2100 2064
f 2100 2146 2155
f 2100 2155 2108
f 2147 2155 2146
f 2304 2292 2290
f 2290 2292 2276
f 2290 2276 2274
f 2274 2276 2260
f 2274 2260 2258
f 2258 2260 2242
f 2258 2242 2240
f 2240 2242 2222
f 2240 2222 2220
f 2220 2222 2179
f 2013 2012 2027
f 2067 2049 2044
f 2044 2040 2043
f 2027 2012 2026
f 2012 2011 2026
f 2026 2039 2040
f 2026 2040 2027
f 2040 2060 2043
f 2064 2044 2043
f 2064 2043 2063
f 2063 2043 2060
f 2063 2060 2093
f 2093 2060 2090
f 2093 2090 2094
f 2059 2060 2039
f 2027 2040 2044
f 2027 2044 2030
f 2030 2044 2049
f 2146 2100 2140
f 2274 2258 2272
f 2274 2272 2286
f 2286 2272 2285
f 2026 2011 2010
f 2030 2017 2027
f 2010 2024 2025
f 2010 2025 2026
f 2061 2091 2062
f 2035 2055 2036
f 2023 2036 2024
f 2059 2038 2058
f 2059 2058 2089
f 2089 2058 2088
f 2038 2059 2039
f 2038 2039 2025
f 2093 2094 2064
f 2093 2064 2063
f 2090 2134 2139
f 2094 2093 2140
f 2220 2238 2240
f 2240 2238 2256
f 2140 2139 2175
f 2140 2175 2179
f 2179 2175 2199
f 2179 2199 2201
f 2201 2199 2218
f 2093 2090 2139
f 2093 2139 2140
f 2201 2218 2220
f 2220 2218 2237
f 2220 2237 2238
f 2238 2237 2255
f 2238 2255 2256
f 2089 2088 2133
f 2134 2133 2174
f 2134 2174 2175
f 2175 2174 2198
f 2175 2198 2199
f 2199 2198 2217
f 2199 2217 2218
f 2218 2217 2236
f 2218 2236 2237
f 2237 2236 2254
f 2237 2254 2255
f 2255 2254 2271
f 2284 2285 2271
f 2284 2271 2270
f 2270 2254 2253
f 2253 2254 2236
f 2253 2236 2235
f 2235 2236 2217
f 2235 2217 2216
f 2216 2217 2198
f 2216 2198 2197
f 2197 2198 2174
f 2197 2174 2173
f 2173 2174 2133
f 2173 2133 2132
f 2088 2132 2133
f 2254 2270 2271
f 2258 2240 2256
f 2258 2256 2271
f 2271 2256 2255
f 2175 2139 2134
f 2133 2134 2089
f 2089 2134 2090
f 2089 2090 2059
f 2059 2090 2060
f 2131 2132 2087
f 2087 2132 2088
f 2087 2088 2057
f 2057 2088 2058
f 2057 2058 2037
f 2037 2058 2038
f 2037 2038 2024
f 2024 2038 2025
f 2026 2025 2039
f 2040 2039 2060
f 2179 2201 2220
f 2272 2258 2271
f 2272 2271 2285
f 2298 2285 2284
f 2269 2270 2253
f 2269 2253 2252
f 2252 2253 2235
f 2252 2235 2234
f 2234 2235 2216
f 2234 2216 2215
f 2215 2216 2197
f 2215 2197 2196
f 2196 2197 2173
f 2196 2173 2172
f 2172 2173 2132
f 2172 2132 2131
f 2141 2135 2091
f 2141 2091 2095
f 2095 2091 2061
f 2066 2061 2041
f 2066 2041 2046
f 2046 2041 2028
f 2221 2202 2180
f 2206 2225 2223
f 2225 2243 2223
f 2223 2243 2241
f 2223 2241 2221
f 2275 2259 2277
f 2277 2259 2261
f 2225 2245 2243
f 2221 2202 2204
f 2221 2204 2223
f 2223 2204 2206
f 2245 2263 2243
f 2243 2263 2261
f 2243 2261 2259
f 2243 2259 2241
f 2488 2462 2353
f 2462 2374 2353
f 2484 2349 2350
f 2484 2350 2485
f 2352 2484 2487
f 2347 2482 2350
f 2350 2482 2485
f 2484 2352 2349
f 2487 2351 2352
f 2487 2486 2351
f 2351 2486 2488
f 2488 2353 2351
f 2414 2475 2397
f 2397 2475 2340
f 2475 2414 2470
f 2429 2452 2414
f 2414 2452 2470
f 2397 2335 2364
f 2397 2364 2379
f 2340 2335 2397
f 2429 2448 2452
f 2360 2379 2364
f 2429 2444 2448
f 2360 2356 2379
f 2479 2344 2339
f 2479 2339 2474
f 2340 2475 2339
f 2339 2475 2474
f 2343 2478 2347
f 2347 2478 2482
f 2478 2343 2344
f 2478 2344 2479
f 2369 2346 2345
f 2377 2380 2376
f 2343 2347 2342
f 2424 2425 2441
f 2407 2391 2408
f 2407 2408 2425
f 2407 2425 2424
f 2353 2374 2375
f 2379 2378 2355
f 2396 2397 2379
f 2410 2393 2392
f 2392 2393 2396
f 2396 2393 2397
f 2410 2409 2413
f 2410 2413 2414
f 2413 2429 2414
f 2443 2429 2428
f 2329 2333 2358
f 2333 2363 2358
f 2359 2330 2334
f 2344 2343 2339
f 2339 2343 2338
f 2334 2333 2330
f 2330 2333 2329
f 2330 2329 2359
f 2329 2358 2359
f 2343 2342 2338
f 2338 2342 2337
f 2338 2337 2333
f 2333 2337 2332
f 2337 2366 2362
f 2357 2380 2381
f 2366 2365 2362
f 2357 2362 2380
f 2381 2380 2377
f 2358 2362 2357
f 2354 2358 2377
f 2365 2361 2362
f 2361 2382 2383
f 2362 2361 2383
f 2362 2383 2380
f 2394 2395 2376
f 2376 2395 2377
f 2376 2380 2394
f 2394 2380 2399
f 2332 2337 2362
f 2358 2357 2381
f 2339 2338 2334
f 2334 2338 2333
f 2355 2359 2358
f 2355 2358 2354
f 2333 2332 2362
f 2333 2362 2363
f 2363 2362 2358
f 2377 2378 2354
f 2355 2354 2378
f 2358 2381 2377
f 2378 2396 2379
f 2416 2398 2415
f 2415 2398 2400
f 2415 2400 2417
f 2416 2415 2417
f 2430 2433 2450
f 2450 2433 2432
f 2450 2432 2449
f 2430 2416 2417
f 2430 2417 2432
f 2427 2411 2426
f 2426 2411 2416
f 2426 2416 2430
f 2400 2398 2399
f 2399 2416 2411
f 2445 2430 2450
f 2431 2427 2430
f 2431 2430 2445
f 2433 2430 2432
f 2427 2426 2430
f 2446 2464 2468
f 2473 2468 2472
f 2447 2446 2464
f 2473 2472 2477
f 2474 2473 2478
f 2474 2478 2479
f 2380 2382 2399
f 2395 2394 2412
f 2382 2400 2399
f 2394 2399 2411
f 2394 2411 2412
f 2454 2472 2450
f 2450 2472 2467
f 2450 2446 2445
f 2442 2427 2446
f 2450 2449 2453
f 2428 2427 2442
f 2443 2428 2442
f 2450 2453 2454
f 2383 2382 2380
f 2395 2412 2413
f 2413 2396 2395
f 2395 2396 2378
f 2395 2378 2377
f 2396 2413 2392
f 2392 2413 2409
f 2392 2409 2410
f 2413 2428 2429
f 2445 2446 2431
f 2431 2446 2427
f 2447 2464 2465
f 2465 2464 2468
f 2473 2477 2478
f 2465 2468 2469
f 2473 2474 2469
f 2469 2468 2473
f 2450 2451 2446
f 2467 2468 2450
f 2450 2468 2451
f 2442 2446 2443
f 2451 2468 2446
f 2446 2447 2443
f 2472 2468 2467
f 2399 2398 2416
f 2412 2411 2427
f 2412 2427 2428
f 2412 2428 2413
f 2459 2483 2480
f 2462 2463 2461
f 2480 2457 2459
f 2484 2481 2483
f 2486 2461 2463
f 2481 2457 2480
f 2481 2480 2483
f 2483 2459 2486
f 2486 2459 2461
f 2463 2488 2486
f 2486 2487 2484
f 2483 2486 2484
f 2484 2485 2481
f 2488 2463 2462
f 2352 2351 2349
f 2349 2351 2348
f 2424 2423 2407
f 2407 2423 2406
f 2374 2372 2373
f 2374 2373 2375
f 2375 2373 2353
f 2353 2373 2351
f 2462 2460 2441
f 2441 2460 2440
f 2441 2440 2424
f 2391 2407 2390
f 2391 2390 2374
f 2374 2390 2372
f 2373 2371 2351
f 2371 2369 2348
f 2345 2348 2369
f 2371 2348 2351
f 2461 2459 2458
f 2458 2459 2438
f 2438 2459 2439
f 2388 2389 2370
f 2370 2389 2371
f 2370 2371 2373
f 2459 2457 2439
f 2439 2457 2437
f 2421 2422 2404
f 2404 2422 2405
f 2389 2387 2371
f 2371 2387 2369
f 2387 2389 2388
f 2387 2388 2405
f 2405 2388 2406
f 2405 2406 2404
f 2404 2406 2421
f 2421 2406 2423
f 2421 2423 2422
f 2422 2423 2437
f 2437 2423 2438
f 2437 2438 2439
f 2460 2461 2458
f 2460 2458 2440
f 2440 2458 2438
f 2440 2438 2424
f 2424 2438 2423
f 2407 2406 2390
f 2390 2406 2388
f 2390 2388 2372
f 2372 2388 2370
f 2372 2370 2373
f 2348 2345 2346
f 2348 2346 2349
f 2457 2455 2437
f 2437 2455 2436
f 2437 2436 2420
f 2387 2403 2386
f 2387 2386 2369
f 2369 2386 2367
f 2485 2482 2481
f 2481 2476 2457
f 2457 2476 2456
f 2457 2456 2455
f 2436 2434 2420
f 2420 2434 2418
f 2420 2418 2403
f 2403 2418 2401
f 2403 2401 2386
f 2386 2401 2384
f 2367 2368 2369
f 2369 2368 2346
f 2346 2368 2341
f 2349 2346 2347
f 2349 2347 2350
f 2482 2477 2481
f 2481 2477 2476
f 2453 2435 2434
f 2434 2435 2418
f 2418 2435 2419
f 2418 2419 2401
f 2401 2419 2402
f 2401 2402 2384
f 2384 2402 2385
f 2384 2385 2365
f 2365 2385 2368
f 2346 2341 2347
f 2347 2341 2342
f 2482 2478 2477
f 2477 2472 2476
f 2476 2472 2471
f 2435 2453 2432
f 2385 2382 2365
f 2341 2336 2337
f 2341 2337 2342
f 2476 2471 2456
f 2456 2471 2453
f 2435 2432 2419
f 2419 2432 2417
f 2419 2417 2402
f 2402 2417 2400
f 2402 2400 2385
f 2385 2400 2382
f 2368 2365 2341
f 2341 2365 2336
f 2455 2456 2453
f 2455 2453 2436
f 2436 2453 2434
f 2386 2384 2367
f 2367 2384 2365
f 2367 2365 2368
f 2403 2387 2405
f 2403 2405 2420
f 2420 2405 2422
f 2420 2422 2437
f 2461 2460 2462
f 2471 2472 2454
f 2471 2454 2453
f 2453 2449 2432
f 2365 2382 2361
f 2336 2365 2366
f 2336 2366 2337
f 2443 2447 2448
f 2470 2469 2475
f 2475 2469 2474
f 2470 2448 2466
f 2466 2448 2447
f 2448 2444 2443
f 2444 2429 2428
f 2444 2428 2443
f 2470 2466 2447
f 2470 2447 2469
f 2469 2447 2465
f 2340 2339 2335
f 2335 2339 2334
f 2360 2335 2331
f 2397 2393 2414
f 2356 2355 2378
f 2356 2378 2379
f 2360 2359 2356
f 2356 2359 2355
f 2359 2360 2330
f 2330 2360 2331
f 2330 2331 2335
f 2330 2335 2334
f 2393 2410 2414
f 2360 2364 2335
f 2452 2448 2470
f 2374 2462 2441
f 2408 2391 2425
f 2425 2391 2374
f 2441 2425 2374
f 2586 2582 2585
f 2585 2582 2581
f 2582 2586 2581
f 2581 2586 2585
f 2579 2583 2580
f 2580 2583 2584
f 2583 2579 2584
f 2584 2579 2580
f 2588 2584 2587
f 2587 2584 2583
f 2585 2589 2586
f 2586 2589 2590
f 2589 2585 2590
f 2590 2585 2586
f 2589 2565 2566
f 2589 2566 2590
f 2565 2589 2588
f 2565 2588 2587
f 2529 2533 2553
f 2529 2553 2549
f 2548 2552 2532
f 2548 2532 2528
f 2528 2513 2548
f 2548 2513 2587
f 2588 2548 2587
f 2514 2529 2549
f 2514 2549 2590
f 2590 2549 2589
f 2589 2549 2588
f 2588 2549 2548
f 2513 2528 2514
f 2514 2528 2529
f 2587 2583 2588
f 2588 2583 2584
f 2500 2499 2502
f 2502 2499 2501
f 2502 2501 2514
f 2514 2501 2513
f 2583 2579 2563
f 2563 2579 2561
f 2564 2562 2586
f 2586 2562 2582
f 2586 2582 2564
f 2564 2582 2562
f 2566 2514 2590
f 2512 2500 2514
f 2500 2502 2514
f 2501 2499 2513
f 2499 2511 2513
f 2513 2565 2587
f 2563 2561 2583
f 2583 2561 2579
f 2587 2563 2583
f 2565 2545 2563
f 2565 2563 2587
f 2495 2509 2499
f 2499 2509 2511
f 2545 2565 2525
f 2525 2565 2513
f 2513 2511 2525
f 2547 2565 2513
f 2513 2565 2545
f 2513 2545 2525
f 2513 2527 2547
f 2550 2566 2547
f 2547 2566 2565
f 2531 2532 2551
f 2533 2529 2530
f 2534 2533 2530
f 2529 2528 2527
f 2527 2528 2532
f 2532 2531 2527
f 2534 2554 2533
f 2554 2553 2533
f 2551 2552 2547
f 2552 2548 2547
f 2547 2548 2550
f 2548 2549 2550
f 2550 2549 2553
f 2550 2553 2554
f 2532 2552 2551
f 2495 2498 2499
f 2499 2498 2500
f 2499 2500 2501
f 2501 2500 2502
f 2501 2502 2513
f 2513 2502 2514
f 2513 2514 2527
f 2527 2514 2530
f 2527 2530 2529
f 2547 2527 2551
f 2551 2527 2531
f 2566 2564 2590
f 2500 2498 2510
f 2590 2564 2586
f 2514 2566 2550
f 2526 2514 2512
f 2514 2526 2546
f 2514 2546 2566
f 2566 2546 2564
f 2512 2500 2510
f 2550 2530 2514
f 2512 2510 2498
f 2498 2500 2512
f 2534 2530 2550
f 2534 2550 2554
f 2499 2500 2495
f 2495 2500 2498
f 2496 2497 2498
f 2496 2498 2495
f 2498 2497 2495
f 2496 2495 2497
f 2493 2491 2495
f 2492 2494 2498
f 2536 2540 2516
f 2516 2540 2520
f 2541 2537 2517
f 2541 2517 2521
f 2578 2574 2573
f 2578 2573 2577
f 2577 2573 2572
f 2577 2572 2576
f 2576 2572 2571
f 2576 2571 2575
f 2572 2568 2571
f 2571 2568 2567
f 2568 2572 2573
f 2568 2573 2569
f 2574 2570 2569
f 2574 2569 2573
f 2555 2567 2568
f 2555 2568 2569
f 2555 2569 2556
f 2556 2569 2570
f 2538 2518 2537
f 2518 2517 2537
f 2516 2520 2519
f 2521 2522 2520
f 2522 2521 2517
f 2517 2518 2522
f 2515 2516 2519
f 2536 2516 2515
f 2538 2537 2542
f 2542 2537 2541
f 2541 2540 2539
f 2539 2540 2536
f 2536 2515 2535
f 2536 2535 2539
f 2555 2556 2539
f 2539 2556 2542
f 2539 2542 2541
f 2519 2520 2522
f 2519 2522 2503
f 2503 2522 2504
f 2503 2504 2489
f 2489 2504 2490
f 2570 2574 2573
f 2573 2569 2570
f 2572 2568 2569
f 2572 2569 2573
f 2568 2572 2567
f 2567 2572 2571
f 2503 2540 2567
f 2570 2541 2504
f 2504 2541 2521
f 2503 2520 2540
f 2567 2540 2568
f 2568 2540 2569
f 2569 2540 2541
f 2504 2521 2503
f 2503 2521 2520
f 2541 2570 2569
f 2504 2503 2490
f 2490 2503 2489
f 2490 2489 2492
f 2492 2489 2491
f 2489 2491 2503
f 2535 2515 2539
f 2539 2515 2519
f 2557 2559 2571
f 2571 2559 2575
f 2574 2578 2558
f 2558 2578 2560
f 2538 2542 2522
f 2538 2522 2518
f 2490 2504 2492
f 2558 2560 2574
f 2574 2560 2578
f 2571 2575 2557
f 2557 2575 2559
f 2492 2506 2504
f 2556 2570 2558
f 2558 2570 2574
f 2494 2508 2510
f 2494 2510 2498
f 2556 2558 2544
f 2556 2544 2542
f 2542 2544 2522
f 2522 2544 2524
f 2522 2524 2504
f 2504 2524 2506
f 2508 2494 2492
f 2508 2492 2506
f 2498 2510 2508
f 2498 2508 2492
f 2544 2570 2504
f 2544 2504 2524
f 2544 2558 2570
f 2567 2571 2557
f 2543 2567 2557
f 2567 2543 2503
f 2503 2543 2523
f 2507 2491 2505
f 2491 2507 2495
f 2495 2507 2509
f 2503 2523 2505
f 2523 2543 2519
f 2519 2543 2539
f 2539 2543 2555
f 2555 2543 2557
f 2555 2557 2567
f 2491 2493 2507
f 2507 2493 2509
f 2509 2493 2495
f 2505 2503 2491
f 2523 2519 2503
f 2840 2857 2839
f 2839 2857 2856
f 2853 2836 2852
f 2836 2817 2835
f 2836 2835 2852
f 2780 2779 2799
f 2834 2816 2833
f 2782 2781 2800
f 2782 2800 2801
f 2857 2855 2853
f 2836 2838 2840
f 2855 2857 2838
f 2838 2857 2840
f 2857 2853 2856
f 2856 2853 2852
f 2854 2837 2856
f 2856 2837 2839
f 2835 2837 2852
f 2852 2837 2854
f 2854 2856 2852
f 2839 2837 2838
f 2839 2838 2840
f 2621 2620 2614
f 2614 2620 2613
f 2614 2613 2621
f 2621 2613 2620
f 2656 2625 2652
f 2625 2618 2652
f 2652 2618 2617
f 2652 2617 2651
f 2591 2593 2611
f 2593 2618 2611
f 2644 2610 2611
f 2644 2611 2645
f 2645 2611 2604
f 2645 2604 2640
f 2592 2591 2612
f 2612 2591 2611
f 2641 2605 2646
f 2605 2612 2646
f 2646 2612 2613
f 2646 2613 2647
f 2594 2592 2619
f 2619 2592 2612
f 2654 2620 2619
f 2654 2619 2653
f 2619 2626 2653
f 2653 2626 2657
f 2594 2618 2593
f 2618 2594 2619
f 2599 2606 2605
f 2598 2599 2600
f 2596 2597 2604
f 2605 2604 2597
f 2605 2597 2598
f 2603 2596 2604
f 2602 2603 2610
f 2609 2602 2610
f 2616 2609 2617
f 2631 2630 2625
f 2625 2630 2624
f 2626 2633 2632
f 2607 2614 2621
f 2626 2625 2619
f 2619 2625 2618
f 2632 2631 2625
f 2632 2625 2626
f 2623 2616 2617
f 2623 2617 2624
f 2624 2617 2618
f 2609 2610 2617
f 2617 2610 2618
f 2618 2610 2611
f 2603 2611 2610
f 2603 2604 2611
f 2612 2611 2604
f 2604 2605 2612
f 2605 2598 2599
f 2606 2613 2612
f 2606 2612 2605
f 2614 2606 2607
f 2606 2614 2613
f 2613 2621 2612
f 2612 2621 2619
f 2628 2620 2621
f 2621 2620 2619
f 2607 2606 2605
f 2627 2633 2626
f 2628 2627 2626
f 2628 2626 2620
f 2620 2626 2619
f 2624 2618 2625
f 2695 2673 2670
f 2721 2739 2738
f 2724 2744 2727
f 2724 2742 2744
f 2742 2724 2743
f 2725 2759 2724
f 2724 2759 2743
f 2737 2753 2725
f 2725 2753 2759
f 2737 2774 2753
f 2738 2775 2737
f 2737 2775 2774
f 2755 2776 2739
f 2775 2738 2776
f 2776 2738 2739
f 2661 2660 2635
f 2598 2662 2597
f 2597 2662 2661
f 2597 2661 2635
f 2597 2635 2596
f 2596 2635 2639
f 2596 2639 2603
f 2638 2602 2603
f 2602 2638 2666
f 2602 2638 2643
f 2602 2643 2609
f 2673 2650 2643
f 2609 2643 2650
f 2609 2650 2616
f 2695 2692 2710
f 2729 2712 2710
f 2710 2712 2695
f 2688 2707 2692
f 2692 2707 2710
f 2706 2721 2705
f 2705 2721 2738
f 2727 2729 2710
f 2727 2710 2724
f 2724 2710 2707
f 2724 2707 2688
f 2724 2688 2725
f 2725 2688 2689
f 2725 2689 2708
f 2725 2708 2737
f 2737 2708 2704
f 2737 2704 2738
f 2738 2704 2705
f 2667 2639 2660
f 2660 2639 2635
f 2670 2673 2643
f 2670 2643 2666
f 2666 2643 2638
f 2688 2666 2667
f 2667 2666 2638
f 2667 2638 2639
f 2639 2638 2603
f 2662 2706 2661
f 2661 2706 2705
f 2661 2705 2660
f 2660 2705 2704
f 2660 2704 2667
f 2667 2704 2708
f 2667 2708 2688
f 2688 2708 2689
f 2688 2689 2666
f 2666 2688 2670
f 2670 2688 2692
f 2670 2692 2695
f 2757 2741 2740
f 2756 2777 2757
f 2756 2740 2739
f 2756 2739 2755
f 2757 2740 2756
f 2662 2598 2636
f 2663 2599 2598
f 2663 2598 2662
f 2637 2600 2599
f 2637 2599 2664
f 2664 2599 2663
f 2740 2741 2723
f 2687 2686 2723
f 2723 2686 2740
f 2706 2739 2685
f 2685 2739 2686
f 2686 2663 2662
f 2686 2662 2685
f 2687 2664 2686
f 2686 2664 2663
f 2739 2740 2686
f 2668 2607 2664
f 2664 2607 2600
f 2668 2642 2607
f 2802 2783 2761
f 2798 2802 2761
f 2778 2798 2757
f 2757 2798 2761
f 2777 2778 2757
f 2600 2637 2664
f 2726 2709 2668
f 2726 2668 2723
f 2723 2668 2664
f 2723 2664 2687
f 2761 2726 2757
f 2757 2726 2723
f 2757 2723 2741
f 2690 2668 2709
f 2648 2607 2642
f 2648 2614 2607
f 2614 2648 2671
f 2671 2693 2711
f 2668 2690 2693
f 2693 2690 2709
f 2693 2709 2728
f 2693 2648 2668
f 2668 2648 2642
f 2671 2648 2693
f 2802 2803 2783
f 2783 2803 2785
f 2783 2785 2763
f 2783 2763 2761
f 2709 2726 2728
f 2728 2726 2761
f 2763 2728 2761
f 2785 2803 2763
f 2728 2711 2693
f 2743 2737 2742
f 2743 2753 2737
f 2774 2775 2753
f 2753 2775 2754
f 2754 2775 2755
f 2775 2776 2755
f 2776 2777 2755
f 2755 2777 2756
f 2777 2797 2798
f 2777 2798 2778
f 2685 2662 2661
f 2615 2669 2608
f 2608 2669 2665
f 2608 2665 2601
f 2601 2665 2666
f 2601 2666 2602
f 2660 2596 2666
f 2666 2596 2602
f 2596 2660 2597
f 2597 2660 2661
f 2661 2662 2636
f 2661 2636 2597
f 2597 2636 2598
f 2705 2754 2755
f 2755 2739 2705
f 2705 2739 2706
f 2705 2706 2685
f 2704 2753 2705
f 2705 2753 2754
f 2753 2704 2737
f 2720 2724 2742
f 2720 2742 2737
f 2712 2710 2694
f 2694 2710 2691
f 2694 2691 2672
f 2615 2649 2669
f 2669 2649 2672
f 2737 2704 2720
f 2720 2704 2684
f 2720 2684 2724
f 2724 2684 2688
f 2691 2710 2692
f 2692 2710 2688
f 2688 2710 2724
f 2661 2705 2685
f 2672 2691 2669
f 2669 2691 2692
f 2669 2692 2665
f 2665 2692 2688
f 2665 2688 2666
f 2666 2688 2684
f 2666 2684 2660
f 2660 2684 2704
f 2623 2629 2630
f 2677 2698 2716
f 2716 2698 2733
f 2733 2748 2768
f 2655 2658 2628
f 2655 2628 2621
f 2702 2703 2736
f 2752 2751 2736
f 2634 2683 2682
f 2634 2682 2633
f 2681 2632 2633
f 2681 2633 2682
f 2701 2750 2719
f 2702 2682 2683
f 2702 2683 2703
f 2682 2702 2681
f 2681 2702 2701
f 2702 2751 2701
f 2701 2751 2750
f 2736 2751 2702
f 2795 2794 2773
f 2811 2795 2773
f 2808 2811 2768
f 2768 2811 2773
f 2790 2808 2768
f 2716 2733 2677
f 2628 2658 2677
f 2628 2677 2683
f 2628 2683 2634
f 2677 2733 2683
f 2683 2733 2736
f 2683 2736 2703
f 2733 2768 2736
f 2736 2768 2773
f 2736 2773 2752
f 2773 2772 2752
f 2772 2751 2752
f 2771 2750 2772
f 2772 2750 2751
f 2773 2794 2772
f 2718 2719 2750
f 2718 2750 2771
f 2680 2681 2701
f 2632 2681 2680
f 2680 2631 2632
f 2630 2631 2680
f 2680 2679 2630
f 2678 2623 2679
f 2679 2623 2630
f 2623 2678 2676
f 2623 2676 2622
f 2622 2676 2675
f 2622 2675 2615
f 2615 2675 2672
f 2615 2672 2649
f 2712 2731 2729
f 2749 2731 2734
f 2717 2749 2734
f 2749 2717 2769
f 2769 2717 2718
f 2769 2718 2770
f 2731 2697 2734
f 2734 2697 2699
f 2734 2699 2717
f 2712 2694 2695
f 2712 2695 2731
f 2731 2695 2697
f 2771 2770 2718
f 2718 2680 2701
f 2718 2701 2719
f 2680 2718 2679
f 2679 2718 2717
f 2679 2717 2678
f 2678 2717 2699
f 2678 2699 2676
f 2676 2699 2697
f 2676 2697 2675
f 2675 2697 2672
f 2672 2697 2695
f 2672 2695 2694
f 2674 2696 2655
f 2677 2696 2698
f 2677 2658 2655
f 2677 2655 2696
f 2731 2746 2745
f 2731 2745 2729
f 2749 2769 2746
f 2792 2791 2769
f 2769 2770 2792
f 2793 2792 2770
f 2810 2795 2811
f 2795 2810 2794
f 2696 2713 2730
f 2805 2808 2790
f 2805 2790 2786
f 2790 2765 2786
f 2786 2765 2805
f 2696 2730 2733
f 2696 2733 2698
f 2790 2768 2765
f 2765 2768 2748
f 2730 2765 2748
f 2730 2748 2733
f 2793 2770 2771
f 2771 2772 2793
f 2793 2772 2794
f 2731 2749 2746
f 2655 2621 2674
f 2696 2674 2713
f 2768 2808 2805
f 2805 2765 2768
f 2751 2772 2773
f 2773 2772 2810
f 2773 2810 2811
f 2702 2735 2736
f 2658 2628 2634
f 2658 2634 2659
f 2730 2713 2674
f 2683 2702 2736
f 2683 2736 2677
f 2736 2733 2677
f 2677 2658 2659
f 2677 2659 2683
f 2683 2659 2682
f 2730 2674 2733
f 2733 2674 2677
f 2674 2655 2677
f 2768 2765 2730
f 2768 2730 2733
f 2768 2733 2773
f 2773 2733 2736
f 2773 2736 2751
f 2751 2736 2735
f 2615 2616 2622
f 2622 2616 2623
f 2624 2630 2623
f 2596 2595 2602
f 2608 2601 2602
f 2616 2615 2609
f 2609 2615 2608
f 2602 2609 2608
f 2603 2602 2596
f 2803 2802 2763
f 2722 2723 2740
f 2757 2798 2797
f 2757 2797 2756
f 2763 2802 2761
f 2711 2728 2671
f 2637 2600 2607
f 2637 2607 2642
f 2671 2668 2648
f 2722 2686 2723
f 2723 2686 2664
f 2723 2664 2726
f 2726 2664 2668
f 2664 2663 2637
f 2664 2637 2668
f 2668 2637 2642
f 2671 2728 2668
f 2668 2728 2726
f 2728 2763 2726
f 2726 2763 2761
f 2726 2761 2723
f 2723 2761 2757
f 2723 2757 2740
f 2820 2821 2804
f 2804 2821 2805
f 2797 2802 2798
f 2755 2776 2754
f 2754 2776 2775
f 2797 2798 2815
f 2797 2815 2814
f 2815 2798 2802
f 2802 2818 2815
f 2746 2715 2714
f 2747 2732 2746
f 2715 2746 2732
f 2747 2767 2787
f 2606 2597 2598
f 2633 2632 2627
f 2627 2632 2631
f 2606 2598 2599
f 2600 2607 2606
f 2600 2606 2599
f 2623 2616 2602
f 2602 2616 2609
f 2603 2596 2606
f 2606 2596 2597
f 2628 2634 2627
f 2627 2634 2633
f 2627 2631 2630
f 2627 2630 2624
f 2824 2808 2821
f 2821 2808 2805
f 2828 2811 2824
f 2824 2811 2808
f 2811 2828 2827
f 2811 2827 2810
f 2805 2803 2821
f 2821 2803 2819
f 2802 2818 2803
f 2803 2818 2819
f 2803 2805 2763
f 2763 2805 2765
f 2763 2765 2728
f 2728 2765 2730
f 2728 2730 2711
f 2711 2730 2696
f 2711 2696 2671
f 2671 2696 2674
f 2671 2674 2655
f 2671 2655 2648
f 2648 2655 2621
f 2648 2621 2614
f 2727 2729 2744
f 2758 2743 2742
f 2758 2759 2743
f 2747 2767 2766
f 2747 2766 2746
f 2744 2729 2745
f 2764 2744 2745
f 2742 2762 2758
f 2769 2791 2787
f 2742 2744 2762
f 2762 2744 2764
f 2764 2745 2746
f 2769 2787 2767
f 2764 2746 2767
f 2767 2746 2766
f 2762 2759 2758
f 2779 2753 2759
f 2753 2779 2774
f 2820 2824 2821
f 2827 2828 2823
f 2823 2828 2820
f 2820 2828 2824
f 2819 2805 2821
f 2802 2805 2818
f 2818 2805 2819
f 2767 2746 2747
f 2767 2747 2769
f 2759 2743 2753
f 2813 2796 2812
f 2775 2774 2813
f 2813 2774 2796
f 2813 2776 2775
f 2813 2797 2776
f 2813 2814 2797
f 2831 2832 2813
f 2813 2832 2814
f 2813 2830 2831
f 2813 2829 2830
f 2813 2812 2829
f 2797 2777 2776
f 2814 2801 2797
f 2814 2817 2801
f 2832 2836 2814
f 2814 2836 2817
f 2831 2835 2836
f 2831 2836 2832
f 2835 2831 2852
f 2852 2831 2850
f 2852 2850 2849
f 2852 2849 2851
f 2851 2849 2830
f 2851 2830 2834
f 2834 2830 2833
f 2833 2830 2829
f 2833 2829 2812
f 2833 2812 2816
f 2816 2812 2799
f 2799 2812 2796
f 2799 2796 2779
f 2779 2796 2774
f 2775 2779 2774
f 2775 2780 2779
f 2797 2801 2782
f 2797 2782 2777
f 2777 2782 2781
f 2777 2781 2776
f 2776 2781 2780
f 2776 2780 2775
f 2850 2831 2830
f 2850 2830 2849
f 2764 2767 2762
f 2762 2767 2787
f 2762 2787 2784
f 2762 2784 2759
f 2759 2784 2779
f 2780 2760 2779
f 2759 2779 2760
f 2779 2784 2787
f 2779 2787 2799
f 2799 2787 2806
f 2822 2816 2806
f 2806 2816 2799
f 2841 2833 2822
f 2822 2833 2816
f 2858 2851 2842
f 2842 2851 2834
f 2842 2834 2841
f 2841 2834 2833
f 2843 2835 2859
f 2859 2835 2852
f 2859 2852 2858
f 2858 2852 2851
f 2844 2836 2843
f 2843 2836 2835
f 2823 2817 2844
f 2844 2817 2836
f 2807 2801 2823
f 2823 2801 2817
f 2788 2792 2787
f 2787 2792 2791
f 2787 2791 2809
f 2787 2809 2806
f 2806 2809 2825
f 2806 2825 2822
f 2822 2825 2845
f 2822 2845 2841
f 2841 2845 2846
f 2841 2846 2842
f 2842 2846 2860
f 2842 2860 2858
f 2858 2860 2861
f 2858 2861 2859
f 2859 2861 2847
f 2859 2847 2843
f 2843 2847 2848
f 2843 2848 2844
f 2844 2848 2827
f 2844 2827 2823
f 2823 2827 2810
f 2823 2810 2807
f 2860 2846 2847
f 2860 2847 2861
f 2807 2810 2794
f 2807 2794 2789
f 2770 2700 2794
f 2794 2700 2701
f 2794 2701 2702
f 2794 2793 2770
f 2845 2825 2846
f 2847 2827 2848
f 2793 2794 2810
f 2792 2809 2791
f 2826 2810 2827
f 2793 2810 2826
f 2826 2792 2793
f 2809 2792 2826
f 2826 2825 2809
f 2846 2825 2826
f 2826 2847 2846
f 2827 2847 2826
f 2606 2621 2603
f 2603 2621 2628
f 2628 2627 2603
f 2603 2627 2624
f 2606 2607 2621
f 2602 2603 2623
f 2623 2603 2624
f 3073 3072 3071
f 3071 3072 3066
f 3071 3066 3065
f 3065 3066 3064
f 3065 3064 3059
f 3059 3064 3050
f 3059 3050 3045
f 3045 3050 3020
f 3045 3020 3016
f 3016 3020 3026
f 3016 3026 3021
f 3021 3026 3032
f 3021 3032 3027
f 3027 3032 3038
f 3027 3038 3033
f 3033 3038 3054
f 3033 3054 3053
f 3053 3054 3070
f 3053 3070 3069
f 3069 3070 3068
f 3069 3068 3067
f 3067 3068 3074
f 3067 3074 3073
f 3073 3074 3072
f 3032 3026 3052
f 3052 3054 3038
f 3052 3038 3032
f 3052 3070 3054
f 3052 3068 3070
f 3052 3074 3068
f 3066 3072 3052
f 3052 3072 3074
f 3052 3064 3066
f 3052 3050 3064
f 3026 3020 3052
f 3052 3020 3050
f 3027 3051 3021
f 3051 3045 3016
f 3051 3016 3021
f 3051 3059 3045
f 3051 3065 3059
f 3073 3071 3051
f 3051 3071 3065
f 3067 3073 3051
f 3051 3069 3067
f 3051 3053 3069
f 3027 3033 3051
f 3051 3033 3053
f 2896 2919 2918
f 2918 2895 2896
f 2896 2914 2919
f 2865 2871 2870
f 2871 2865 2866
f 2871 2866 2867
f 2871 2867 2872
f 2914 2915 2896
f 2897 2896 2915
f 3019 3049 3020
f 3020 3049 3050
f 2999 3026 3003
f 3003 3026 3032
f 3007 3037 3011
f 3011 3037 3036
f 3011 3036 3040
f 3011 3040 3010
f 3064 3050 3063
f 3050 3049 3063
f 3063 3049 3044
f 3063 3044 3058
f 3058 3044 3057
f 3057 3044 3043
f 3043 3014 2990
f 2865 2876 2877
f 2865 2877 2866
f 2866 2877 2867
f 2877 2878 2867
f 2880 2872 2867
f 2880 2867 2878
f 2890 2909 2892
f 2892 2909 2911
f 2897 2915 2914
f 2897 2914 2896
f 2940 2918 2919
f 2940 2919 2941
f 3003 3002 2999
f 2999 3002 2998
f 2999 2998 3026
f 3026 2998 3025
f 3032 3031 3002
f 3032 3002 3003
f 3007 3011 3006
f 3010 3006 3011
f 3019 3020 3025
f 3025 3020 3026
f 3047 3050 3048
f 3020 3050 3018
f 3018 3050 3047
f 3026 3020 3023
f 3023 3020 3018
f 3024 3026 3023
f 3026 3024 3032
f 3032 3024 3030
f 3029 3032 3030
f 3029 3031 3032
f 3031 3029 3035
f 3031 3035 3037
f 3037 3035 3036
f 3037 3036 3040
f 3063 3058 3061
f 3061 3058 3057
f 3062 3064 3063
f 3062 3063 3061
f 3062 3048 3064
f 3064 3048 3050
f 2906 2907 2888
f 2969 2991 2994
f 2969 2994 2972
f 2968 2990 2969
f 2969 2990 2991
f 2885 2877 2884
f 2884 2877 2876
f 2878 2877 2885
f 2886 2878 2885
f 2886 2880 2878
f 2927 2888 2907
f 2890 2888 2927
f 2929 2890 2927
f 2929 2909 2890
f 2933 2909 2929
f 2892 2911 2933
f 2933 2911 2909
f 2932 2892 2933
f 2897 2892 2932
f 2897 2936 2896
f 2936 2897 2932
f 2936 2914 2896
f 2941 2919 2936
f 2936 2919 2914
f 3007 3031 3037
f 2976 2998 3002
f 2976 3002 2980
f 2972 2994 2976
f 2976 2994 2998
f 2927 2907 2926
f 2948 2927 2926
f 2948 2926 2945
f 2926 2907 2906
f 2906 2902 2923
f 2922 2944 2923
f 2923 2944 2945
f 2923 2902 2922
f 2922 2902 2901
f 2926 2906 2923
f 2926 2923 2945
f 2884 2901 2885
f 2885 2901 2902
f 2885 2902 2906
f 2885 2906 2886
f 2886 2906 2888
f 2886 2888 2880
f 2960 2965 2936
f 2960 2936 2956
f 2927 2948 2949
f 2927 2949 2929
f 2929 2949 2953
f 2929 2953 2952
f 2929 2952 2932
f 2932 2952 2956
f 2932 2956 2936
f 2964 2940 2965
f 2965 2940 2941
f 2965 2941 2936
f 2932 2933 2929
f 2983 3007 2987
f 2987 3007 2986
f 2986 3007 3006
f 2986 3006 3010
f 2983 2980 3007
f 2980 3002 3007
f 3007 3002 3031
f 2986 2964 2987
f 2987 2964 2965
f 2987 2965 2983
f 2983 2965 2960
f 2983 2960 2980
f 2980 2960 2956
f 2980 2956 3002
f 2944 2968 2945
f 2945 2968 2969
f 2945 2969 2948
f 2948 2969 2972
f 2948 2972 2949
f 2949 2972 2953
f 2953 2972 2976
f 2953 2976 2952
f 2952 2976 2956
f 2956 2976 2980
f 2884 2876 2901
f 3025 2998 2994
f 3019 3025 2994
f 2990 3014 3015
f 3019 2994 3015
f 3015 2994 2991
f 3015 2991 2990
f 3049 3019 3044
f 3044 3019 3015
f 3044 3015 3043
f 3043 3015 3014
f 2918 2917 2895
f 2917 2916 2895
f 2895 2916 2894
f 2894 2916 2913
f 2863 2864 2869
f 2869 2864 2870
f 2870 2864 2865
f 2869 2868 2862
f 2869 2862 2863
f 2912 2913 2893
f 2893 2913 2894
f 3046 3017 3045
f 3045 3017 3016
f 3055 3041 3060
f 3060 3041 3046
f 3041 3055 3056
f 3041 3056 3042
f 3043 3013 3042
f 3043 3042 3057
f 3057 3042 3056
f 3013 3043 2989
f 2989 3043 2990
f 2989 2990 2968
f 2989 2968 2967
f 2967 2968 2944
f 2967 2944 2943
f 2876 2900 2901
f 2901 2900 2921
f 2901 2921 2922
f 2922 2921 2944
f 2944 2921 2943
f 2876 2875 2900
f 2875 2864 2863
f 2875 2863 2874
f 2862 2873 2874
f 2862 2874 2863
f 2908 2889 2891
f 2891 2910 2908
f 2917 2939 2916
f 2916 2939 2938
f 2939 2917 2918
f 2939 2918 2940
f 2873 2862 2868
f 2873 2868 2879
f 2864 2875 2876
f 2864 2876 2865
f 3060 3046 3045
f 3060 3045 3059
f 3000 3027 3021
f 3000 3021 2996
f 3034 3004 3008
f 3034 3008 3035
f 3035 3008 3039
f 3039 3008 3009
f 3009 3010 3039
f 3039 3010 3040
f 3016 3017 3021
f 3021 3017 3022
f 3021 3022 2996
f 3022 2997 2996
f 2996 2997 3000
f 2997 3001 3000
f 3000 3001 3027
f 3027 3001 3028
f 3008 3004 3005
f 3008 3005 3009
f 3009 3005 3010
f 3010 3005 3006
f 3045 3016 3018
f 3034 3035 3028
f 3028 3035 3029
f 3029 3027 3028
f 3030 3027 3029
f 3024 3021 3030
f 3030 3021 3027
f 3021 3024 3023
f 3018 3016 3023
f 3023 3016 3021
f 3047 3045 3018
f 3048 3045 3047
f 3035 3039 3036
f 3036 3039 3040
f 3060 3059 3062
f 3061 3057 3056
f 3061 3056 3055
f 3055 3060 3061
f 3061 3060 3062
f 3048 3062 3059
f 3045 3048 3059
f 2964 2986 2985
f 2997 2975 3001
f 3001 2975 2979
f 3004 3028 3001
f 3010 3009 2986
f 2935 2913 2916
f 2935 2916 2938
f 2894 2913 2935
f 2935 2893 2894
f 2893 2935 2931
f 2893 2931 2891
f 2891 2931 2930
f 2910 2891 2930
f 2928 2908 2930
f 2930 2908 2910
f 2887 2889 2904
f 2904 2889 2908
f 2873 2879 2881
f 2881 2879 2887
f 2882 2873 2881
f 2874 2873 2882
f 2883 2875 2874
f 2989 2967 2966
f 2966 2988 2989
f 2971 2993 2966
f 2966 2993 2988
f 2962 2959 2935
f 2955 2935 2959
f 2940 2964 2939
f 2939 2964 2963
f 2939 2963 2938
f 2938 2963 2962
f 2938 2962 2935
f 2955 2931 2935
f 2930 2931 2955
f 2930 2955 2928
f 2928 2955 2951
f 2946 2924 2950
f 2950 2924 2928
f 2950 2928 2951
f 2924 2946 2947
f 2924 2947 2925
f 2925 2947 2920
f 2920 2947 2942
f 2924 2904 2928
f 2928 2904 2908
f 2925 2904 2924
f 2899 2882 2905
f 2905 2882 2881
f 2905 2881 2887
f 2905 2887 2904
f 2874 2882 2883
f 2883 2882 2899
f 2883 2899 2900
f 2900 2899 2920
f 2900 2920 2921
f 2921 2920 2942
f 2921 2942 2943
f 2920 2899 2925
f 2925 2899 2905
f 2925 2905 2904
f 2967 2943 2966
f 2966 2943 2942
f 2966 2942 2971
f 2971 2942 2947
f 2971 2947 2946
f 2986 3009 2985
f 2985 3009 3005
f 2985 3005 2984
f 2984 3005 3004
f 2984 3004 2982
f 3001 2979 3004
f 2963 2964 2985
f 2963 2985 2962
f 2962 2985 2984
f 2962 2984 2959
f 2959 2984 2982
f 2959 2982 2955
f 3034 3028 3004
f 2982 3004 2979
f 2982 2979 2955
f 2955 2979 2951
f 2951 2979 2975
f 2951 2975 2950
f 2950 2975 2997
f 2950 2997 2946
f 2946 2997 2993
f 2946 2993 2971
f 2875 2883 2900
f 2993 3022 3017
f 2997 3022 2993
f 3013 2989 2988
f 2993 3017 2988
f 2988 3017 3012
f 2988 3012 3013
f 3017 3046 3012
f 3012 3046 3041
f 3012 3041 3013
f 3013 3041 3042
f 2893 2892 2897
f 2897 2896 2895
f 2897 2895 2893
f 2893 2895 2894
f 2868 2869 2879
f 2879 2869 2870
f 2871 2872 2880
f 2871 2880 2870
f 2870 2880 2879
f 2888 2887 2880
f 2880 2887 2879
f 2890 2889 2887
f 2890 2887 2888
f 2892 2891 2890
f 2890 2891 2889
f 2891 2892 2893
f 2973 2994 2995
f 2994 2973 2972
f 2972 2991 2994
f 2933 2911 2929
f 2929 2911 2909
f 2933 2897 2892
f 2914 2915 2936
f 2936 2915 2937
f 2937 2915 2897
f 3003 2981 2999
f 2999 2981 2977
f 2973 2995 2977
f 2977 2995 2999
f 2991 2972 2969
f 2969 2972 2945
f 2923 2948 2927
f 2903 2923 2907
f 2907 2923 2927
f 2886 2903 2888
f 2888 2903 2907
f 2885 2902 2886
f 2964 2963 2940
f 2964 2940 2941
f 2964 2941 2965
f 2929 2953 2933
f 2933 2953 2957
f 3010 2986 3011
f 3011 2986 2987
f 3011 2987 3007
f 2937 2933 2957
f 2937 2957 2961
f 2961 2957 2981
f 2961 2981 2983
f 2983 2981 3007
f 2933 2937 2897
f 2983 2960 2961
f 2961 2960 2936
f 2961 2936 2937
f 2886 2902 2903
f 2903 2902 2923
f 2923 2945 2948
f 2948 2945 2972
f 2949 2972 2973
f 2949 2973 2953
f 2953 2973 2977
f 2953 2977 2957
f 2957 2977 2981
f 2957 2981 3003
f 2981 3003 3007
f 3007 3003 3032
f 3007 3032 3031
f 2995 3020 3026
f 2995 3026 2999
f 3020 2995 3019
f 3019 2995 2994
f 3019 2994 2991
f 3019 2991 3015
f 3015 2991 3014
f 3014 2991 2990
f 2978 3000 2974
f 2974 3000 2996
f 3004 3028 3000
f 3000 3028 3027
f 2935 2912 2913
f 2934 2893 2935
f 2935 2893 2912
f 2930 2891 2934
f 2934 2891 2893
f 2881 2873 2887
f 2887 2873 2879
f 2971 2993 2988
f 2971 2988 2966
f 2970 2993 2971
f 2970 2992 2993
f 2963 2939 2940
f 2954 2930 2958
f 2958 2930 2934
f 2958 2934 2959
f 2959 2934 2935
f 2950 2928 2954
f 2954 2928 2930
f 2947 2920 2924
f 2920 2899 2898
f 2920 2898 2924
f 2924 2898 2904
f 2899 2882 2881
f 2899 2881 2898
f 2898 2881 2904
f 2904 2881 2887
f 2971 2947 2970
f 2970 2947 2946
f 2985 3009 2984
f 2984 3009 3008
f 2984 3008 2982
f 2982 3008 3004
f 2982 3004 2978
f 2978 3004 3000
f 2959 2982 2958
f 2958 2982 2978
f 2958 2978 2954
f 2954 2978 2950
f 2950 2978 2974
f 2950 2974 2996
f 2950 2996 2946
f 2946 2996 2992
f 2946 2992 2970
f 3021 3016 2992
f 2992 2996 3021
f 3016 3017 3046
f 2992 3016 2993
f 2993 3016 3017
f 2988 3012 2989
f 2989 3012 3013
f 3189 3187 3188
f 3189 3188 3212
f 3212 3211 3186
f 3212 3186 3189
f 3189 3190 3187
f 3211 3212 3233
f 3233 3212 3234
f 3233 3234 3251
f 3251 3234 3252
f 3251 3252 3269
f 3269 3285 3284
f 3284 3268 3269
f 3269 3268 3251
f 3301 3300 3283
f 3283 3300 3282
f 3282 3284 3283
f 3283 3284 3285
f 3311 3310 3295
f 3295 3310 3294
f 3292 3293 3308
f 3308 3293 3309
f 3293 3292 3276
f 3293 3276 3277
f 3310 3323 3309
f 3309 3331 3330
f 3309 3330 3326
f 3309 3329 3333
f 3333 3332 3309
f 3309 3326 3321
f 3295 3294 3278
f 3295 3278 3279
f 3323 3322 3309
f 3309 3322 3329
f 3309 3332 3331
f 3321 3320 3309
f 3227 3228 3246
f 3227 3246 3245
f 3261 3277 3276
f 3279 3278 3262
f 3279 3262 3263
f 3263 3262 3245
f 3263 3245 3246
f 3276 3260 3261
f 3261 3260 3244
f 3244 3260 3243
f 3244 3243 3222
f 3222 3243 3221
f 3312 3313 3310
f 3312 3310 3309
f 3313 3312 3298
f 3298 3312 3297
f 3298 3297 3299
f 3299 3297 3301
f 3301 3297 3296
f 3301 3296 3300
f 3193 3201 3200
f 3193 3200 3192
f 3170 3169 3161
f 3162 3170 3161
f 3163 3164 3171
f 3171 3164 3172
f 3196 3197 3203
f 3196 3203 3202
f 3192 3112 3193
f 3193 3112 3113
f 3193 3113 3201
f 3201 3113 3121
f 3201 3121 3200
f 3200 3121 3120
f 3200 3120 3192
f 3192 3120 3112
f 3201 3161 3193
f 3224 3162 3201
f 3201 3162 3161
f 3224 3170 3162
f 3224 3225 3170
f 3170 3225 3171
f 3225 3163 3171
f 3202 3164 3225
f 3225 3164 3163
f 3196 3164 3202
f 3196 3116 3197
f 3197 3116 3117
f 3197 3117 3203
f 3203 3117 3123
f 3203 3123 3202
f 3202 3123 3122
f 3202 3122 3196
f 3196 3122 3116
f 3165 3164 3122
f 3165 3122 3123
f 3172 3169 3171
f 3171 3169 3170
f 3121 3161 3160
f 3121 3160 3120
f 3126 3133 3132
f 3127 3133 3126
f 3128 3129 3135
f 3134 3128 3135
f 3178 3134 3179
f 3179 3134 3135
f 3176 3132 3177
f 3177 3132 3133
f 3161 3121 3113
f 3161 3113 3193
f 3201 3193 3215
f 3223 3201 3215
f 3224 3201 3223
f 3224 3223 3216
f 3216 3223 3215
f 3194 3216 3215
f 3193 3194 3215
f 3194 3195 3216
f 3216 3195 3217
f 3216 3217 3224
f 3224 3217 3225
f 3202 3225 3226
f 3226 3225 3218
f 3218 3225 3217
f 3202 3226 3218
f 3196 3202 3218
f 3196 3218 3217
f 3196 3217 3195
f 3122 3164 3116
f 3116 3164 3196
f 3173 3172 3164
f 3173 3164 3165
f 3160 3161 3168
f 3168 3161 3169
f 3168 3169 3173
f 3173 3169 3172
f 3182 3138 3176
f 3176 3138 3132
f 3168 3126 3132
f 3168 3132 3176
f 3127 3126 3169
f 3169 3126 3168
f 3177 3133 3127
f 3177 3127 3169
f 3172 3128 3134
f 3172 3134 3178
f 3129 3128 3173
f 3173 3128 3172
f 3179 3135 3129
f 3179 3129 3173
f 3135 3139 3183
f 3135 3183 3179
f 3139 3138 3183
f 3183 3138 3182
f 3182 3176 3177
f 3179 3183 3178
f 3182 3177 3178
f 3182 3178 3183
f 3145 3144 3139
f 3139 3144 3143
f 3139 3143 3138
f 3138 3143 3142
f 3102 3088 3160
f 3102 3160 3168
f 3102 3168 3106
f 3102 3120 3088
f 3088 3120 3160
f 3080 3102 3088
f 3080 3096 3102
f 3096 3080 3112
f 3081 3113 3080
f 3080 3113 3112
f 3193 3113 3081
f 3193 3081 3194
f 3194 3081 3082
f 3082 3083 3194
f 3194 3083 3195
f 3084 3116 3196
f 3084 3196 3083
f 3083 3196 3195
f 3089 3103 3085
f 3085 3103 3099
f 3099 3117 3085
f 3085 3117 3084
f 3084 3117 3116
f 3103 3089 3123
f 3123 3089 3165
f 3173 3165 3107
f 3107 3165 3103
f 3103 3165 3089
f 3106 3168 3126
f 3132 3106 3126
f 3173 3107 3129
f 3107 3135 3129
f 3135 3136 3139
f 3139 3136 3140
f 3136 3135 3180
f 3180 3135 3179
f 3131 3132 3138
f 3131 3138 3137
f 3173 3174 3179
f 3179 3174 3180
f 3132 3131 3175
f 3132 3175 3176
f 3167 3168 3176
f 3167 3176 3175
f 3169 3172 3177
f 3172 3178 3177
f 3132 3131 3125
f 3132 3125 3106
f 3125 3105 3106
f 3106 3105 3102
f 3102 3105 3087
f 3102 3087 3088
f 3078 3084 3083
f 3078 3083 3077
f 3075 3076 3082
f 3075 3082 3081
f 3088 3087 3080
f 3090 3089 3085
f 3090 3085 3086
f 3082 3076 3083
f 3083 3076 3077
f 3080 3087 3079
f 3103 3089 3090
f 3103 3090 3107
f 3107 3090 3108
f 3136 3135 3130
f 3130 3135 3107
f 3130 3107 3108
f 3130 3129 3136
f 3136 3129 3135
f 3126 3168 3125
f 3125 3168 3167
f 3131 3132 3126
f 3131 3126 3125
f 3137 3138 3132
f 3137 3132 3131
f 3112 3120 3111
f 3111 3120 3119
f 3102 3119 3120
f 3102 3101 3119
f 3101 3102 3095
f 3102 3096 3095
f 3103 3100 3099
f 3100 3103 3104
f 3123 3104 3103
f 3123 3124 3104
f 3123 3118 3124
f 3123 3117 3118
f 3173 3129 3174
f 3174 3129 3130
f 3138 3142 3141
f 3142 3143 3141
f 3138 3141 3137
f 3137 3181 3175
f 3175 3181 3207
f 3131 3137 3175
f 3175 3207 3205
f 3205 3167 3175
f 3205 3207 3231
f 3199 3205 3221
f 3221 3205 3229
f 3231 3229 3205
f 3230 3206 3228
f 3204 3228 3206
f 3206 3230 3232
f 3206 3232 3208
f 3140 3136 3180
f 3208 3184 3180
f 3180 3174 3206
f 3140 3180 3184
f 3206 3208 3180
f 3146 3144 3145
f 3146 3139 3140
f 3145 3139 3146
f 3247 3249 3264
f 3282 3280 3264
f 3221 3229 3247
f 3247 3229 3231
f 3244 3222 3221
f 3244 3243 3261
f 3261 3243 3260
f 3266 3282 3264
f 3231 3249 3266
f 3247 3231 3249
f 3249 3231 3264
f 3264 3231 3266
f 3312 3309 3293
f 3297 3312 3293
f 3297 3293 3277
f 3277 3261 3280
f 3277 3280 3297
f 3297 3280 3296
f 3244 3221 3243
f 3243 3221 3247
f 3243 3247 3260
f 3260 3247 3264
f 3260 3264 3261
f 3261 3264 3280
f 3296 3280 3282
f 3296 3282 3300
f 3293 3292 3309
f 3304 3305 3289
f 3333 3329 3328
f 3333 3328 3332
f 3326 3330 3327
f 3327 3330 3331
f 3308 3309 3292
f 3310 3307 3319
f 3310 3319 3323
f 3294 3291 3307
f 3310 3294 3307
f 3305 3317 3318
f 3318 3306 3305
f 3289 3305 3306
f 3316 3304 3315
f 3315 3304 3303
f 3304 3316 3305
f 3305 3316 3317
f 3288 3304 3289
f 3287 3303 3288
f 3288 3303 3304
f 3321 3314 3320
f 3320 3314 3302
f 3320 3302 3309
f 3327 3331 3328
f 3328 3331 3332
f 3323 3319 3322
f 3322 3319 3318
f 3322 3318 3328
f 3328 3318 3317
f 3328 3317 3325
f 3328 3325 3327
f 3327 3325 3324
f 3327 3324 3316
f 3327 3316 3321
f 3321 3316 3315
f 3321 3315 3314
f 3307 3306 3318
f 3315 3303 3302
f 3319 3307 3318
f 3325 3317 3324
f 3324 3317 3316
f 3314 3315 3302
f 3329 3322 3328
f 3326 3327 3321
f 3309 3302 3293
f 3293 3302 3286
f 3306 3290 3289
f 3291 3290 3307
f 3307 3290 3306
f 3302 3303 3286
f 3286 3303 3287
f 3271 3255 3254
f 3274 3258 3257
f 3105 3101 3087
f 3104 3108 3090
f 3205 3199 3167
f 3159 3112 3111
f 3159 3111 3119
f 3151 3152 3112
f 3117 3157 3158
f 3117 3158 3118
f 3158 3124 3118
f 3092 3093 3077
f 3077 3093 3078
f 3078 3093 3094
f 3078 3094 3084
f 3084 3094 3098
f 3084 3098 3085
f 3085 3098 3099
f 3092 3109 3093
f 3093 3109 3110
f 3093 3110 3116
f 3093 3116 3098
f 3098 3116 3117
f 3098 3117 3099
f 3110 3115 3116
f 3104 3090 3100
f 3100 3090 3086
f 3100 3086 3099
f 3099 3086 3085
f 3130 3108 3104
f 3124 3130 3104
f 3149 3155 3150
f 3195 3155 3194
f 3194 3155 3149
f 3115 3155 3116
f 3116 3155 3156
f 3116 3156 3117
f 3117 3156 3157
f 3124 3166 3130
f 3130 3166 3174
f 3206 3174 3204
f 3166 3124 3158
f 3166 3204 3174
f 3155 3195 3156
f 3156 3195 3196
f 3156 3196 3157
f 3157 3196 3197
f 3157 3197 3198
f 3157 3198 3158
f 3158 3198 3166
f 3166 3198 3204
f 3263 3246 3259
f 3259 3246 3242
f 3259 3242 3241
f 3259 3241 3258
f 3258 3241 3240
f 3295 3279 3294
f 3294 3279 3278
f 3294 3278 3291
f 3291 3278 3275
f 3291 3275 3290
f 3290 3275 3274
f 3258 3274 3259
f 3259 3274 3275
f 3259 3275 3263
f 3263 3275 3278
f 3263 3278 3279
f 3237 3215 3236
f 3236 3215 3214
f 3236 3214 3235
f 3235 3214 3213
f 3235 3213 3243
f 3243 3213 3221
f 3246 3228 3242
f 3242 3228 3220
f 3242 3220 3241
f 3241 3220 3219
f 3241 3219 3240
f 3240 3219 3218
f 3240 3218 3239
f 3239 3218 3217
f 3239 3217 3238
f 3238 3217 3216
f 3238 3216 3237
f 3237 3216 3215
f 3287 3271 3286
f 3286 3271 3270
f 3286 3270 3293
f 3293 3270 3277
f 3260 3276 3277
f 3260 3277 3253
f 3253 3277 3270
f 3253 3270 3254
f 3254 3270 3271
f 3289 3273 3288
f 3288 3273 3272
f 3288 3272 3287
f 3287 3272 3271
f 3289 3290 3274
f 3289 3274 3273
f 3273 3274 3257
f 3273 3257 3272
f 3272 3257 3256
f 3272 3256 3255
f 3272 3255 3271
f 3255 3237 3254
f 3254 3237 3236
f 3254 3236 3253
f 3253 3236 3235
f 3253 3235 3260
f 3260 3235 3243
f 3105 3125 3119
f 3119 3101 3105
f 3087 3101 3079
f 3079 3101 3095
f 3079 3095 3080
f 3080 3095 3096
f 3159 3119 3167
f 3167 3119 3125
f 3151 3112 3159
f 3081 3080 3096
f 3081 3096 3097
f 3097 3096 3112
f 3097 3112 3113
f 3077 3076 3092
f 3113 3109 3092
f 3113 3092 3091
f 3091 3092 3075
f 3076 3075 3092
f 3094 3093 3098
f 3152 3113 3112
f 3192 3152 3191
f 3191 3152 3151
f 3191 3151 3199
f 3199 3151 3159
f 3199 3159 3167
f 3151 3152 3159
f 3081 3097 3091
f 3113 3152 3153
f 3153 3152 3192
f 3153 3192 3193
f 3153 3193 3154
f 3193 3194 3154
f 3154 3194 3149
f 3149 3150 3110
f 3110 3109 3149
f 3149 3109 3154
f 3154 3109 3114
f 3154 3114 3153
f 3150 3155 3115
f 3150 3115 3110
f 3114 3109 3113
f 3114 3113 3153
f 3258 3240 3257
f 3257 3240 3239
f 3257 3239 3256
f 3256 3239 3238
f 3256 3238 3255
f 3255 3238 3237
f 3215 3193 3214
f 3214 3193 3192
f 3214 3192 3213
f 3213 3192 3191
f 3213 3191 3221
f 3221 3191 3199
f 3228 3204 3220
f 3220 3204 3198
f 3220 3198 3219
f 3219 3198 3197
f 3219 3197 3218
f 3218 3197 3196
f 3113 3091 3097
f 3091 3075 3081
f 3230 3228 3246
f 3230 3248 3250
f 3230 3250 3232
f 3301 3283 3281
f 3301 3281 3299
f 3245 3262 3246
f 3262 3263 3246
f 3246 3248 3230
f 3294 3310 3298
f 3294 3298 3278
f 3278 3298 3281
f 3278 3281 3262
f 3262 3281 3263
f 3263 3281 3265
f 3263 3265 3246
f 3246 3265 3248
f 3265 3281 3283
f 3265 3283 3267
f 3267 3250 3265
f 3265 3250 3248
f 3299 3281 3298
f 3313 3298 3310
f 3144 3146 3143
f 3141 3143 3146
f 3186 3211 3185
f 3141 3147 3186
f 3186 3147 3189
f 3185 3141 3186
f 3137 3141 3181
f 3181 3209 3207
f 3209 3231 3207
f 3251 3268 3266
f 3266 3268 3284
f 3266 3284 3282
f 3251 3266 3249
f 3249 3231 3251
f 3211 3233 3209
f 3211 3209 3185
f 3185 3209 3181
f 3185 3181 3141
f 3209 3233 3231
f 3231 3233 3251
f 3188 3184 3210
f 3210 3208 3232
f 3184 3140 3210
f 3210 3184 3208
f 3188 3146 3184
f 3148 3146 3188
f 3188 3187 3148
f 3148 3187 3190
f 3250 3267 3252
f 3250 3252 3232
f 3283 3285 3267
f 3267 3285 3269
f 3267 3269 3252
f 3212 3188 3210
f 3212 3210 3234
f 3232 3252 3234
f 3232 3234 3210
f 3140 3184 3146
f 3141 3146 3148
f 3190 3147 3141
f 3190 3141 3148
f 3190 3189 3147
f 3341 3471 3463
f 3368 3341 3463
f 3463 3462 3368
f 3462 3367 3368
f 3471 3341 3470
f 3470 3341 3340
f 3336 3466 3338
f 3338 3466 3468
f 3338 3468 3339
f 3339 3468 3469
f 3339 3469 3340
f 3340 3469 3470
f 3350 3376 3371
f 3350 3371 3392
f 3350 3392 3406
f 3350 3424 3440
f 3350 3345 3376
f 3406 3419 3350
f 3350 3419 3424
f 3350 3440 3445
f 3464 3334 3335
f 3335 3465 3464
f 3465 3335 3354
f 3465 3354 3449
f 3449 3354 3349
f 3449 3349 3444
f 3444 3349 3350
f 3444 3350 3445
f 3334 3464 3337
f 3337 3464 3467
f 3337 3467 3466
f 3337 3466 3336
f 3388 3367 3462
f 3462 3436 3388
f 3436 3387 3388
f 3387 3436 3435
f 3387 3416 3402
f 3387 3435 3416
f 3431 3413 3432
f 3436 3416 3435
f 3415 3401 3402
f 3402 3416 3415
f 3432 3433 3456
f 3431 3432 3453
f 3453 3432 3456
f 3430 3431 3450
f 3450 3431 3453
f 3450 3453 3451
f 3451 3453 3454
f 3414 3433 3432
f 3432 3413 3414
f 3431 3430 3413
f 3400 3414 3413
f 3441 3427 3426
f 3426 3427 3421
f 3420 3426 3421
f 3422 3417 3404
f 3422 3404 3421
f 3421 3404 3408
f 3411 3398 3412
f 3412 3398 3399
f 3411 3397 3398
f 3396 3409 3410
f 3396 3395 3409
f 3409 3395 3397
f 3409 3397 3411
f 3404 3403 3408
f 3410 3426 3407
f 3407 3426 3420
f 3408 3394 3393
f 3407 3408 3393
f 3394 3408 3389
f 3389 3408 3403
f 3389 3403 3390
f 3390 3403 3404
f 3407 3393 3410
f 3410 3393 3396
f 3466 3467 3448
f 3448 3467 3464
f 3409 3425 3428
f 3451 3430 3450
f 3452 3447 3446
f 3410 3409 3425
f 3428 3430 3429
f 3429 3430 3451
f 3429 3451 3446
f 3447 3442 3441
f 3441 3442 3427
f 3427 3442 3421
f 3443 3442 3447
f 3443 3447 3448
f 3446 3447 3441
f 3426 3429 3441
f 3441 3429 3446
f 3443 3438 3437
f 3437 3438 3421
f 3442 3443 3437
f 3437 3421 3442
f 3422 3421 3438
f 3428 3429 3426
f 3408 3407 3420
f 3408 3420 3421
f 3448 3447 3466
f 3466 3447 3452
f 3466 3452 3468
f 3468 3452 3455
f 3471 3470 3459
f 3459 3470 3457
f 3433 3434 3458
f 3458 3434 3460
f 3458 3460 3459
f 3459 3460 3461
f 3400 3401 3414
f 3414 3401 3415
f 3415 3416 3434
f 3434 3416 3436
f 3434 3436 3460
f 3460 3436 3462
f 3460 3462 3461
f 3461 3462 3463
f 3470 3469 3457
f 3457 3469 3455
f 3457 3455 3454
f 3454 3455 3451
f 3457 3458 3459
f 3454 3458 3457
f 3469 3468 3455
f 3455 3452 3451
f 3451 3452 3446
f 3428 3426 3425
f 3425 3426 3410
f 3413 3412 3399
f 3413 3399 3400
f 3463 3471 3461
f 3461 3471 3459
f 3454 3453 3458
f 3458 3453 3456
f 3458 3456 3433
f 3434 3433 3415
f 3415 3433 3414
f 3412 3413 3430
f 3412 3430 3411
f 3411 3430 3428
f 3411 3428 3409
f 3418 3424 3419
f 3418 3419 3405
f 3405 3419 3406
f 3424 3418 3423
f 3439 3440 3423
f 3424 3423 3440
f 3464 3465 3448
f 3448 3465 3449
f 3422 3438 3439
f 3417 3418 3404
f 3405 3404 3418
f 3418 3417 3423
f 3423 3417 3422
f 3449 3444 3443
f 3449 3443 3448
f 3443 3444 3438
f 3444 3445 3439
f 3445 3440 3439
f 3439 3423 3422
f 3405 3404 3391
f 3439 3438 3444
f 3334 3337 3336
f 3388 3387 3402
f 3385 3386 3400
f 3386 3401 3400
f 3384 3383 3361
f 3361 3383 3358
f 3383 3382 3358
f 3358 3382 3355
f 3358 3355 3356
f 3358 3356 3359
f 3347 3379 3373
f 3355 3382 3356
f 3382 3380 3356
f 3356 3380 3381
f 3356 3381 3351
f 3372 3373 3378
f 3378 3373 3379
f 3378 3379 3346
f 3346 3379 3347
f 3397 3380 3398
f 3398 3380 3382
f 3398 3382 3383
f 3399 3398 3383
f 3399 3383 3384
f 3400 3399 3384
f 3400 3384 3385
f 3377 3380 3397
f 3377 3397 3395
f 3378 3377 3395
f 3378 3395 3396
f 3378 3381 3380
f 3378 3380 3377
f 3373 3372 3393
f 3373 3393 3394
f 3348 3353 3352
f 3352 3353 3357
f 3394 3389 3373
f 3347 3348 3352
f 3343 3373 3374
f 3369 3374 3373
f 3369 3373 3390
f 3389 3390 3394
f 3394 3390 3373
f 3373 3342 3347
f 3357 3336 3360
f 3360 3336 3338
f 3360 3338 3362
f 3362 3338 3339
f 3362 3339 3364
f 3364 3339 3340
f 3364 3340 3341
f 3364 3341 3366
f 3366 3341 3368
f 3386 3385 3365
f 3365 3385 3363
f 3365 3363 3364
f 3365 3364 3366
f 3402 3401 3386
f 3402 3386 3388
f 3388 3386 3365
f 3388 3365 3367
f 3367 3365 3366
f 3367 3366 3368
f 3346 3347 3351
f 3351 3347 3352
f 3360 3359 3357
f 3351 3381 3378
f 3372 3378 3396
f 3372 3396 3393
f 3346 3351 3378
f 3364 3363 3362
f 3362 3363 3359
f 3385 3384 3361
f 3385 3361 3363
f 3363 3361 3358
f 3363 3358 3359
f 3342 3373 3343
f 3342 3343 3348
f 3342 3348 3347
f 3351 3352 3356
f 3356 3352 3357
f 3360 3362 3359
f 3353 3334 3336
f 3353 3336 3357
f 3356 3357 3359
f 3335 3334 3353
f 3376 3345 3344
f 3376 3344 3375
f 3391 3371 3370
f 3370 3371 3376
f 3370 3376 3375
f 3391 3392 3371
f 3405 3406 3392
f 3392 3391 3405
f 3350 3349 3345
f 3345 3349 3344
f 3354 3335 3353
f 3354 3353 3349
f 3349 3353 3348
f 3404 3405 3390
f 3390 3405 3391
f 3370 3390 3391
f 3370 3375 3374
f 3370 3374 3369
f 3370 3369 3390
f 3348 3343 3349
f 3349 3343 3344
f 3343 3374 3375
f 3344 3343 3375
f 3569 3565 3568
f 3568 3565 3564
f 3565 3569 3564
f 3564 3569 3568
f 3562 3566 3563
f 3563 3566 3567
f 3566 3562 3567
f 3567 3562 3563
f 3571 3567 3570
f 3570 3567 3566
f 3568 3572 3569
f 3569 3572 3573
f 3572 3568 3573
f 3573 3568 3569
f 3572 3548 3549
f 3572 3549 3573
f 3548 3572 3571
f 3548 3571 3570
f 3512 3516 3536
f 3512 3536 3532
f 3531 3535 3515
f 3531 3515 3511
f 3511 3496 3531
f 3531 3496 3570
f 3571 3531 3570
f 3497 3512 3532
f 3497 3532 3573
f 3573 3532 3572
f 3572 3532 3571
f 3571 3532 3531
f 3496 3511 3497
f 3497 3511 3512
f 3570 3566 3571
f 3571 3566 3567
f 3483 3482 3485
f 3485 3482 3484
f 3485 3484 3497
f 3497 3484 3496
f 3566 3562 3546
f 3546 3562 3544
f 3547 3545 3569
f 3569 3545 3565
f 3569 3565 3547
f 3547 3565 3545
f 3549 3497 3573
f 3495 3483 3497
f 3483 3485 3497
f 3484 3482 3496
f 3482 3494 3496
f 3496 3548 3570
f 3546 3544 3566
f 3566 3544 3562
f 3570 3546 3566
f 3548 3528 3546
f 3548 3546 3570
f 3478 3492 3482
f 3482 3492 3494
f 3528 3548 3508
f 3508 3548 3496
f 3496 3494 3508
f 3530 3548 3496
f 3496 3548 3528
f 3496 3528 3508
f 3496 3510 3530
f 3533 3549 3530
f 3530 3549 3548
f 3514 3515 3534
f 3516 3512 3513
f 3517 3516 3513
f 3512 3511 3510
f 3510 3511 3515
f 3515 3514 3510
f 3517 3537 3516
f 3537 3536 3516
f 3534 3535 3530
f 3535 3531 3530
f 3530 3531 3533
f 3531 3532 3533
f 3533 3532 3536
f 3533 3536 3537
f 3515 3535 3534
f 3478 3481 3482
f 3482 3481 3483
f 3482 3483 3484
f 3484 3483 3485
f 3484 3485 3496
f 3496 3485 3497
f 3496 3497 3510
f 3510 3497 3513
f 3510 3513 3512
f 3530 3510 3534
f 3534 3510 3514
f 3549 3547 3573
f 3483 3481 3493
f 3573 3547 3569
f 3497 3549 3533
f 3509 3497 3495
f 3497 3509 3529
f 3497 3529 3549
f 3549 3529 3547
f 3495 3483 3493
f 3533 3513 3497
f 3495 3493 3481
f 3481 3483 3495
f 3517 3513 3533
f 3517 3533 3537
f 3482 3483 3478
f 3478 3483 3481
f 3479 3480 3481
f 3479 3481 3478
f 3481 3480 3478
f 3479 3478 3480
f 3476 3474 3478
f 3475 3477 3481
f 3519 3523 3499
f 3499 3523 3503
f 3524 3520 3500
f 3524 3500 3504
f 3561 3557 3556
f 3561 3556 3560
f 3560 3556 3555
f 3560 3555 3559
f 3559 3555 3554
f 3559 3554 3558
f 3555 3551 3554
f 3554 3551 3550
f 3551 3555 3556
f 3551 3556 3552
f 3557 3553 3552
f 3557 3552 3556
f 3538 3550 3551
f 3538 3551 3552
f 3538 3552 3539
f 3539 3552 3553
f 3521 3501 3520
f 3501 3500 3520
f 3499 3503 3502
f 3504 3505 3503
f 3505 3504 3500
f 3500 3501 3505
f 3498 3499 3502
f 3519 3499 3498
f 3521 3520 3525
f 3525 3520 3524
f 3524 3523 3522
f 3522 3523 3519
f 3519 3498 3518
f 3519 3518 3522
f 3538 3539 3522
f 3522 3539 3525
f 3522 3525 3524
f 3502 3503 3505
f 3502 3505 3486
f 3486 3505 3487
f 3486 3487 3472
f 3472 3487 3473
f 3553 3557 3556
f 3556 3552 3553
f 3555 3551 3552
f 3555 3552 3556
f 3551 3555 3550
f 3550 3555 3554
f 3486 3523 3550
f 3553 3524 3487
f 3487 3524 3504
f 3486 3503 3523
f 3550 3523 3551
f 3551 3523 3552
f 3552 3523 3524
f 3487 3504 3486
f 3486 3504 3503
f 3524 3553 3552
f 3487 3486 3473
f 3473 3486 3472
f 3473 3472 3475
f 3475 3472 3474
f 3472 3474 3486
f 3518 3498 3522
f 3522 3498 3502
f 3540 3542 3554
f 3554 3542 3558
f 3557 3561 3541
f 3541 3561 3543
f 3521 3525 3505
f 3521 3505 3501
f 3473 3487 3475
f 3541 3543 3557
f 3557 3543 3561
f 3554 3558 3540
f 3540 3558 3542
f 3475 3489 3487
f 3539 3553 3541
f 3541 3553 3557
f 3477 3491 3493
f 3477 3493 3481
f 3539 3541 3527
f 3539 3527 3525
f 3525 3527 3505
f 3505 3527 3507
f 3505 3507 3487
f 3487 3507 3489
f 3491 3477 3475
f 3491 3475 3489
f 3481 3493 3491
f 3481 3491 3475
f 3527 3553 3487
f 3527 3487 3507
f 3527 3541 3553
f 3550 3554 3540
f 3526 3550 3540
f 3550 3526 3486
f 3486 3526 3506
f 3490 3474 3488
f 3474 3490 3478
f 3478 3490 3492
f 3486 3506 3488
f 3506 3526 3502
f 3502 3526 3522
f 3522 3526 3538
f 3538 3526 3540
f 3538 3540 3550
f 3474 3476 3490
f 3490 3476 3492
f 3492 3476 3478
f 3488 3486 3474
f 3506 3502 3486
f 3823 3840 3822
f 3822 3840 3839
f 3836 3819 3835
f 3819 3800 3818
f 3819 3818 3835
f 3763 3762 3782
f 3817 3799 3816
f 3765 3764 3783
f 3765 3783 3784
f 3840 3838 3836
f 3819 3821 3823
f 3838 3840 3821
f 3821 3840 3823
f 3840 3836 3839
f 3839 3836 3835
f 3837 3820 3839
f 3839 3820 3822
f 3818 3820 3835
f 3835 3820 3837
f 3837 3839 3835
f 3822 3820 3821
f 3822 3821 3823
f 3604 3603 3597
f 3597 3603 3596
f 3597 3596 3604
f 3604 3596 3603
f 3639 3608 3635
f 3608 3601 3635
f 3635 3601 3600
f 3635 3600 3634
f 3574 3576 3594
f 3576 3601 3594
f 3627 3593 3594
f 3627 3594 3628
f 3628 3594 3587
f 3628 3587 3623
f 3575 3574 3595
f 3595 3574 3594
f 3624 3588 3629
f 3588 3595 3629
f 3629 3595 3596
f 3629 3596 3630
f 3577 3575 3602
f 3602 3575 3595
f 3637 3603 3602
f 3637 3602 3636
f 3602 3609 3636
f 3636 3609 3640
f 3577 3601 3576
f 3601 3577 3602
f 3582 3589 3588
f 3581 3582 3583
f 3579 3580 3587
f 3588 3587 3580
f 3588 3580 3581
f 3586 3579 3587
f 3585 3586 3593
f 3592 3585 3593
f 3599 3592 3600
f 3614 3613 3608
f 3608 3613 3607
f 3609 3616 3615
f 3590 3597 3604
f 3609 3608 3602
f 3602 3608 3601
f 3615 3614 3608
f 3615 3608 3609
f 3606 3599 3600
f 3606 3600 3607
f 3607 3600 3601
f 3592 3593 3600
f 3600 3593 3601
f 3601 3593 3594
f 3586 3594 3593
f 3586 3587 3594
f 3595 3594 3587
f 3587 3588 3595
f 3588 3581 3582
f 3589 3596 3595
f 3589 3595 3588
f 3597 3589 3590
f 3589 3597 3596
f 3596 3604 3595
f 3595 3604 3602
f 3611 3603 3604
f 3604 3603 3602
f 3590 3589 3588
f 3610 3616 3609
f 3611 3610 3609
f 3611 3609 3603
f 3603 3609 3602
f 3607 3601 3608
f 3678 3656 3653
f 3704 3722 3721
f 3707 3727 3710
f 3707 3725 3727
f 3725 3707 3726
f 3708 3742 3707
f 3707 3742 3726
f 3720 3736 3708
f 3708 3736 3742
f 3720 3757 3736
f 3721 3758 3720
f 3720 3758 3757
f 3738 3759 3722
f 3758 3721 3759
f 3759 3721 3722
f 3644 3643 3618
f 3581 3645 3580
f 3580 3645 3644
f 3580 3644 3618
f 3580 3618 3579
f 3579 3618 3622
f 3579 3622 3586
f 3621 3585 3586
f 3585 3621 3649
f 3585 3621 3626
f 3585 3626 3592
f 3656 3633 3626
f 3592 3626 3633
f 3592 3633 3599
f 3678 3675 3693
f 3712 3695 3693
f 3693 3695 3678
f 3671 3690 3675
f 3675 3690 3693
f 3689 3704 3688
f 3688 3704 3721
f 3710 3712 3693
f 3710 3693 3707
f 3707 3693 3690
f 3707 3690 3671
f 3707 3671 3708
f 3708 3671 3672
f 3708 3672 3691
f 3708 3691 3720
f 3720 3691 3687
f 3720 3687 3721
f 3721 3687 3688
f 3650 3622 3643
f 3643 3622 3618
f 3653 3656 3626
f 3653 3626 3649
f 3649 3626 3621
f 3671 3649 3650
f 3650 3649 3621
f 3650 3621 3622
f 3622 3621 3586
f 3645 3689 3644
f 3644 3689 3688
f 3644 3688 3643
f 3643 3688 3687
f 3643 3687 3650
f 3650 3687 3691
f 3650 3691 3671
f 3671 3691 3672
f 3671 3672 3649
f 3649 3671 3653
f 3653 3671 3675
f 3653 3675 3678
f 3740 3724 3723
f 3739 3760 3740
f 3739 3723 3722
f 3739 3722 3738
f 3740 3723 3739
f 3645 3581 3619
f 3646 3582 3581
f 3646 3581 3645
f 3620 3583 3582
f 3620 3582 3647
f 3647 3582 3646
f 3723 3724 3706
f 3670 3669 3706
f 3706 3669 3723
f 3689 3722 3668
f 3668 3722 3669
f 3669 3646 3645
f 3669 3645 3668
f 3670 3647 3669
f 3669 3647 3646
f 3722 3723 3669
f 3651 3590 3647
f 3647 3590 3583
f 3651 3625 3590
f 3785 3766 3744
f 3781 3785 3744
f 3761 3781 3740
f 3740 3781 3744
f 3760 3761 3740
f 3583 3620 3647
f 3709 3692 3651
f 3709 3651 3706
f 3706 3651 3647
f 3706 3647 3670
f 3744 3709 3740
f 3740 3709 3706
f 3740 3706 3724
f 3673 3651 3692
f 3631 3590 3625
f 3631 3597 3590
f 3597 3631 3654
f 3654 3676 3694
f 3651 3673 3676
f 3676 3673 3692
f 3676 3692 3711
f 3676 3631 3651
f 3651 3631 3625
f 3654 3631 3676
f 3785 3786 3766
f 3766 3786 3768
f 3766 3768 3746
f 3766 3746 3744
f 3692 3709 3711
f 3711 3709 3744
f 3746 3711 3744
f 3768 3786 3746
f 3711 3694 3676
f 3726 3720 3725
f 3726 3736 3720
f 3757 3758 3736
f 3736 3758 3737
f 3737 3758 3738
f 3758 3759 3738
f 3759 3760 3738
f 3738 3760 3739
f 3760 3780 3781
f 3760 3781 3761
f 3668 3645 3644
f 3598 3652 3591
f 3591 3652 3648
f 3591 3648 3584
f 3584 3648 3649
f 3584 3649 3585
f 3643 3579 3649
f 3649 3579 3585
f 3579 3643 3580
f 3580 3643 3644
f 3644 3645 3619
f 3644 3619 3580
f 3580 3619 3581
f 3688 3737 3738
f 3738 3722 3688
f 3688 3722 3689
f 3688 3689 3668
f 3687 3736 3688
f 3688 3736 3737
f 3736 3687 3720
f 3703 3707 3725
f 3703 3725 3720
f 3695 3693 3677
f 3677 3693 3674
f 3677 3674 3655
f 3598 3632 3652
f 3652 3632 3655
f 3720 3687 3703
f 3703 3687 3667
f 3703 3667 3707
f 3707 3667 3671
f 3674 3693 3675
f 3675 3693 3671
f 3671 3693 3707
f 3644 3688 3668
f 3655 3674 3652
f 3652 3674 3675
f 3652 3675 3648
f 3648 3675 3671
f 3648 3671 3649
f 3649 3671 3667
f 3649 3667 3643
f 3643 3667 3687
f 3606 3612 3613
f 3660 3681 3699
f 3699 3681 3716
f 3716 3731 3751
f 3638 3641 3611
f 3638 3611 3604
f 3685 3686 3719
f 3735 3734 3719
f 3617 3666 3665
f 3617 3665 3616
f 3664 3615 3616
f 3664 3616 3665
f 3684 3733 3702
f 3685 3665 3666
f 3685 3666 3686
f 3665 3685 3664
f 3664 3685 3684
f 3685 3734 3684
f 3684 3734 3733
f 3719 3734 3685
f 3778 3777 3756
f 3794 3778 3756
f 3791 3794 3751
f 3751 3794 3756
f 3773 3791 3751
f 3699 3716 3660
f 3611 3641 3660
f 3611 3660 3666
f 3611 3666 3617
f 3660 3716 3666
f 3666 3716 3719
f 3666 3719 3686
f 3716 3751 3719
f 3719 3751 3756
f 3719 3756 3735
f 3756 3755 3735
f 3755 3734 3735
f 3754 3733 3755
f 3755 3733 3734
f 3756 3777 3755
f 3701 3702 3733
f 3701 3733 3754
f 3663 3664 3684
f 3615 3664 3663
f 3663 3614 3615
f 3613 3614 3663
f 3663 3662 3613
f 3661 3606 3662
f 3662 3606 3613
f 3606 3661 3659
f 3606 3659 3605
f 3605 3659 3658
f 3605 3658 3598
f 3598 3658 3655
f 3598 3655 3632
f 3695 3714 3712
f 3732 3714 3717
f 3700 3732 3717
f 3732 3700 3752
f 3752 3700 3701
f 3752 3701 3753
f 3714 3680 3717
f 3717 3680 3682
f 3717 3682 3700
f 3695 3677 3678
f 3695 3678 3714
f 3714 3678 3680
f 3754 3753 3701
f 3701 3663 3684
f 3701 3684 3702
f 3663 3701 3662
f 3662 3701 3700
f 3662 3700 3661
f 3661 3700 3682
f 3661 3682 3659
f 3659 3682 3680
f 3659 3680 3658
f 3658 3680 3655
f 3655 3680 3678
f 3655 3678 3677
f 3657 3679 3638
f 3660 3679 3681
f 3660 3641 3638
f 3660 3638 3679
f 3714 3729 3728
f 3714 3728 3712
f 3732 3752 3729
f 3775 3774 3752
f 3752 3753 3775
f 3776 3775 3753
f 3793 3778 3794
f 3778 3793 3777
f 3679 3696 3713
f 3788 3791 3773
f 3788 3773 3769
f 3773 3748 3769
f 3769 3748 3788
f 3679 3713 3716
f 3679 3716 3681
f 3773 3751 3748
f 3748 3751 3731
f 3713 3748 3731
f 3713 3731 3716
f 3776 3753 3754
f 3754 3755 3776
f 3776 3755 3777
f 3714 3732 3729
f 3638 3604 3657
f 3679 3657 3696
f 3751 3791 3788
f 3788 3748 3751
f 3734 3755 3756
f 3756 3755 3793
f 3756 3793 3794
f 3685 3718 3719
f 3641 3611 3617
f 3641 3617 3642
f 3713 3696 3657
f 3666 3685 3719
f 3666 3719 3660
f 3719 3716 3660
f 3660 3641 3642
f 3660 3642 3666
f 3666 3642 3665
f 3713 3657 3716
f 3716 3657 3660
f 3657 3638 3660
f 3751 3748 3713
f 3751 3713 3716
f 3751 3716 3756
f 3756 3716 3719
f 3756 3719 3734
f 3734 3719 3718
f 3598 3599 3605
f 3605 3599 3606
f 3607 3613 3606
f 3579 3578 3585
f 3591 3584 3585
f 3599 3598 3592
f 3592 3598 3591
f 3585 3592 3591
f 3586 3585 3579
f 3786 3785 3746
f 3705 3706 3723
f 3740 3781 3780
f 3740 3780 3739
f 3746 3785 3744
f 3694 3711 3654
f 3620 3583 3590
f 3620 3590 3625
f 3654 3651 3631
f 3705 3669 3706
f 3706 3669 3647
f 3706 3647 3709
f 3709 3647 3651
f 3647 3646 3620
f 3647 3620 3651
f 3651 3620 3625
f 3654 3711 3651
f 3651 3711 3709
f 3711 3746 3709
f 3709 3746 3744
f 3709 3744 3706
f 3706 3744 3740
f 3706 3740 3723
f 3803 3804 3787
f 3787 3804 3788
f 3780 3785 3781
f 3738 3759 3737
f 3737 3759 3758
f 3780 3781 3798
f 3780 3798 3797
f 3798 3781 3785
f 3785 3801 3798
f 3729 3698 3697
f 3730 3715 3729
f 3698 3729 3715
f 3730 3750 3770
f 3589 3580 3581
f 3616 3615 3610
f 3610 3615 3614
f 3589 3581 3582
f 3583 3590 3589
f 3583 3589 3582
f 3606 3599 3585
f 3585 3599 3592
f 3586 3579 3589
f 3589 3579 3580
f 3611 3617 3610
f 3610 3617 3616
f 3610 3614 3613
f 3610 3613 3607
f 3807 3791 3804
f 3804 3791 3788
f 3811 3794 3807
f 3807 3794 3791
f 3794 3811 3810
f 3794 3810 3793
f 3788 3786 3804
f 3804 3786 3802
f 3785 3801 3786
f 3786 3801 3802
f 3786 3788 3746
f 3746 3788 3748
f 3746 3748 3711
f 3711 3748 3713
f 3711 3713 3694
f 3694 3713 3679
f 3694 3679 3654
f 3654 3679 3657
f 3654 3657 3638
f 3654 3638 3631
f 3631 3638 3604
f 3631 3604 3597
f 3710 3712 3727
f 3741 3726 3725
f 3741 3742 3726
f 3730 3750 3749
f 3730 3749 3729
f 3727 3712 3728
f 3747 3727 3728
f 3725 3745 3741
f 3752 3774 3770
f 3725 3727 3745
f 3745 3727 3747
f 3747 3728 3729
f 3752 3770 3750
f 3747 3729 3750
f 3750 3729 3749
f 3745 3742 3741
f 3762 3736 3742
f 3736 3762 3757
f 3803 3807 3804
f 3810 3811 3806
f 3806 3811 3803
f 3803 3811 3807
f 3802 3788 3804
f 3785 3788 3801
f 3801 3788 3802
f 3750 3729 3730
f 3750 3730 3752
f 3742 3726 3736
f 3796 3779 3795
f 3758 3757 3796
f 3796 3757 3779
f 3796 3759 3758
f 3796 3780 3759
f 3796 3797 3780
f 3814 3815 3796
f 3796 3815 3797
f 3796 3813 3814
f 3796 3812 3813
f 3796 3795 3812
f 3780 3760 3759
f 3797 3784 3780
f 3797 3800 3784
f 3815 3819 3797
f 3797 3819 3800
f 3814 3818 3819
f 3814 3819 3815
f 3818 3814 3835
f 3835 3814 3833
f 3835 3833 3832
f 3835 3832 3834
f 3834 3832 3813
f 3834 3813 3817
f 3817 3813 3816
f 3816 3813 3812
f 3816 3812 3795
f 3816 3795 3799
f 3799 3795 3782
f 3782 3795 3779
f 3782 3779 3762
f 3762 3779 3757
f 3758 3762 3757
f 3758 3763 3762
f 3780 3784 3765
f 3780 3765 3760
f 3760 3765 3764
f 3760 3764 3759
f 3759 3764 3763
f 3759 3763 3758
f 3833 3814 3813
f 3833 3813 3832
f 3747 3750 3745
f 3745 3750 3770
f 3745 3770 3767
f 3745 3767 3742
f 3742 3767 3762
f 3763 3743 3762
f 3742 3762 3743
f 3762 3767 3770
f 3762 3770 3782
f 3782 3770 3789
f 3805 3799 3789
f 3789 3799 3782
f 3824 3816 3805
f 3805 3816 3799
f 3841 3834 3825
f 3825 3834 3817
f 3825 3817 3824
f 3824 3817 3816
f 3826 3818 3842
f 3842 3818 3835
f 3842 3835 3841
f 3841 3835 3834
f 3827 3819 3826
f 3826 3819 3818
f 3806 3800 3827
f 3827 3800 3819
f 3790 3784 3806
f 3806 3784 3800
f 3771 3775 3770
f 3770 3775 3774
f 3770 3774 3792
f 3770 3792 3789
f 3789 3792 3808
f 3789 3808 3805
f 3805 3808 3828
f 3805 3828 3824
f 3824 3828 3829
f 3824 3829 3825
f 3825 3829 3843
f 3825 3843 3841
f 3841 3843 3844
f 3841 3844 3842
f 3842 3844 3830
f 3842 3830 3826
f 3826 3830 3831
f 3826 3831 3827
f 3827 3831 3810
f 3827 3810 3806
f 3806 3810 3793
f 3806 3793 3790
f 3843 3829 3830
f 3843 3830 3844
f 3790 3793 3777
f 3790 3777 3772
f 3753 3683 3777
f 3777 3683 3684
f 3777 3684 3685
f 3777 3776 3753
f 3828 3808 3829
f 3830 3810 3831
f 3776 3777 3793
f 3775 3792 3774
f 3809 3793 3810
f 3776 3793 3809
f 3809 3775 3776
f 3792 3775 3809
f 3809 3808 3792
f 3829 3808 3809
f 3809 3830 3829
f 3810 3830 3809
f 3589 3604 3586
f 3586 3604 3611
f 3611 3610 3586
f 3586 3610 3607
f 3589 3590 3604
f 3585 3586 3606
f 3606 3586 3607
f 4056 4055 4054
f 4054 4055 4049
f 4054 4049 4048
f 4048 4049 4047
f 4048 4047 4042
f 4042 4047 4033
f 4042 4033 4028
f 4028 4033 4003
f 4028 4003 3999
f 3999 4003 4009
f 3999 4009 4004
f 4004 4009 4015
f 4004 4015 4010
f 4010 4015 4021
f 4010 4021 4016
f 4016 4021 4037
f 4016 4037 4036
f 4036 4037 4053
f 4036 4053 4052
f 4052 4053 4051
f 4052 4051 4050
f 4050 4051 4057
f 4050 4057 4056
f 4056 4057 4055
f 4015 4009 4035
f 4035 4037 4021
f 4035 4021 4015
f 4035 4053 4037
f 4035 4051 4053
f 4035 4057 4051
f 4049 4055 4035
f 4035 4055 4057
f 4035 4047 4049
f 4035 4033 4047
f 4009 4003 4035
f 4035 4003 4033
f 4010 4034 4004
f 4034 4028 3999
f 4034 3999 4004
f 4034 4042 4028
f 4034 4048 4042
f 4056 4054 4034
f 4034 4054 4048
f 4050 4056 4034
f 4034 4052 4050
f 4034 4036 4052
f 4010 4016 4034
f 4034 4016 4036
f 3879 3902 3901
f 3901 3878 3879
f 3879 3897 3902
f 3848 3854 3853
f 3854 3848 3849
f 3854 3849 3850
f 3854 3850 3855
f 3897 3898 3879
f 3880 3879 3898
f 4002 4032 4003
f 4003 4032 4033
f 3982 4009 3986
f 3986 4009 4015
f 3990 4020 3994
f 3994 4020 4019
f 3994 4019 4023
f 3994 4023 3993
f 4047 4033 4046
f 4033 4032 4046
f 4046 4032 4027
f 4046 4027 4041
f 4041 4027 4040
f 4040 4027 4026
f 4026 3997 3973
f 3848 3859 3860
f 3848 3860 3849
f 3849 3860 3850
f 3860 3861 3850
f 3863 3855 3850
f 3863 3850 3861
f 3873 3892 3875
f 3875 3892 3894
f 3880 3898 3897
f 3880 3897 3879
f 3923 3901 3902
f 3923 3902 3924
f 3986 3985 3982
f 3982 3985 3981
f 3982 3981 4009
f 4009 3981 4008
f 4015 4014 3985
f 4015 3985 3986
f 3990 3994 3989
f 3993 3989 3994
f 4002 4003 4008
f 4008 4003 4009
f 4030 4033 4031
f 4003 4033 4001
f 4001 4033 4030
f 4009 4003 4006
f 4006 4003 4001
f 4007 4009 4006
f 4009 4007 4015
f 4015 4007 4013
f 4012 4015 4013
f 4012 4014 4015
f 4014 4012 4018
f 4014 4018 4020
f 4020 4018 4019
f 4020 4019 4023
f 4046 4041 4044
f 4044 4041 4040
f 4045 4047 4046
f 4045 4046 4044
f 4045 4031 4047
f 4047 4031 4033
f 3889 3890 3871
f 3952 3974 3977
f 3952 3977 3955
f 3951 3973 3952
f 3952 3973 3974
f 3868 3860 3867
f 3867 3860 3859
f 3861 3860 3868
f 3869 3861 3868
f 3869 3863 3861
f 3910 3871 3890
f 3873 3871 3910
f 3912 3873 3910
f 3912 3892 3873
f 3916 3892 3912
f 3875 3894 3916
f 3916 3894 3892
f 3915 3875 3916
f 3880 3875 3915
f 3880 3919 3879
f 3919 3880 3915
f 3919 3897 3879
f 3924 3902 3919
f 3919 3902 3897
f 3990 4014 4020
f 3959 3981 3985
f 3959 3985 3963
f 3955 3977 3959
f 3959 3977 3981
f 3910 3890 3909
f 3931 3910 3909
f 3931 3909 3928
f 3909 3890 3889
f 3889 3885 3906
f 3905 3927 3906
f 3906 3927 3928
f 3906 3885 3905
f 3905 3885 3884
f 3909 3889 3906
f 3909 3906 3928
f 3867 3884 3868
f 3868 3884 3885
f 3868 3885 3889
f 3868 3889 3869
f 3869 3889 3871
f 3869 3871 3863
f 3943 3948 3919
f 3943 3919 3939
f 3910 3931 3932
f 3910 3932 3912
f 3912 3932 3936
f 3912 3936 3935
f 3912 3935 3915
f 3915 3935 3939
f 3915 3939 3919
f 3947 3923 3948
f 3948 3923 3924
f 3948 3924 3919
f 3915 3916 3912
f 3966 3990 3970
f 3970 3990 3969
f 3969 3990 3989
f 3969 3989 3993
f 3966 3963 3990
f 3963 3985 3990
f 3990 3985 4014
f 3969 3947 3970
f 3970 3947 3948
f 3970 3948 3966
f 3966 3948 3943
f 3966 3943 3963
f 3963 3943 3939
f 3963 3939 3985
f 3927 3951 3928
f 3928 3951 3952
f 3928 3952 3931
f 3931 3952 3955
f 3931 3955 3932
f 3932 3955 3936
f 3936 3955 3959
f 3936 3959 3935
f 3935 3959 3939
f 3939 3959 3963
f 3867 3859 3884
f 4008 3981 3977
f 4002 4008 3977
f 3973 3997 3998
f 4002 3977 3998
f 3998 3977 3974
f 3998 3974 3973
f 4032 4002 4027
f 4027 4002 3998
f 4027 3998 4026
f 4026 3998 3997
f 3901 3900 3878
f 3900 3899 3878
f 3878 3899 3877
f 3877 3899 3896
f 3846 3847 3852
f 3852 3847 3853
f 3853 3847 3848
f 3852 3851 3845
f 3852 3845 3846
f 3895 3896 3876
f 3876 3896 3877
f 4029 4000 4028
f 4028 4000 3999
f 4038 4024 4043
f 4043 4024 4029
f 4024 4038 4039
f 4024 4039 4025
f 4026 3996 4025
f 4026 4025 4040
f 4040 4025 4039
f 3996 4026 3972
f 3972 4026 3973
f 3972 3973 3951
f 3972 3951 3950
f 3950 3951 3927
f 3950 3927 3926
f 3859 3883 3884
f 3884 3883 3904
f 3884 3904 3905
f 3905 3904 3927
f 3927 3904 3926
f 3859 3858 3883
f 3858 3847 3846
f 3858 3846 3857
f 3845 3856 3857
f 3845 3857 3846
f 3891 3872 3874
f 3874 3893 3891
f 3900 3922 3899
f 3899 3922 3921
f 3922 3900 3901
f 3922 3901 3923
f 3856 3845 3851
f 3856 3851 3862
f 3847 3858 3859
f 3847 3859 3848
f 4043 4029 4028
f 4043 4028 4042
f 3983 4010 4004
f 3983 4004 3979
f 4017 3987 3991
f 4017 3991 4018
f 4018 3991 4022
f 4022 3991 3992
f 3992 3993 4022
f 4022 3993 4023
f 3999 4000 4004
f 4004 4000 4005
f 4004 4005 3979
f 4005 3980 3979
f 3979 3980 3983
f 3980 3984 3983
f 3983 3984 4010
f 4010 3984 4011
f 3991 3987 3988
f 3991 3988 3992
f 3992 3988 3993
f 3993 3988 3989
f 4028 3999 4001
f 4017 4018 4011
f 4011 4018 4012
f 4012 4010 4011
f 4013 4010 4012
f 4007 4004 4013
f 4013 4004 4010
f 4004 4007 4006
f 4001 3999 4006
f 4006 3999 4004
f 4030 4028 4001
f 4031 4028 4030
f 4018 4022 4019
f 4019 4022 4023
f 4043 4042 4045
f 4044 4040 4039
f 4044 4039 4038
f 4038 4043 4044
f 4044 4043 4045
f 4031 4045 4042
f 4028 4031 4042
f 3947 3969 3968
f 3980 3958 3984
f 3984 3958 3962
f 3987 4011 3984
f 3993 3992 3969
f 3918 3896 3899
f 3918 3899 3921
f 3877 3896 3918
f 3918 3876 3877
f 3876 3918 3914
f 3876 3914 3874
f 3874 3914 3913
f 3893 3874 3913
f 3911 3891 3913
f 3913 3891 3893
f 3870 3872 3887
f 3887 3872 3891
f 3856 3862 3864
f 3864 3862 3870
f 3865 3856 3864
f 3857 3856 3865
f 3866 3858 3857
f 3972 3950 3949
f 3949 3971 3972
f 3954 3976 3949
f 3949 3976 3971
f 3945 3942 3918
f 3938 3918 3942
f 3923 3947 3922
f 3922 3947 3946
f 3922 3946 3921
f 3921 3946 3945
f 3921 3945 3918
f 3938 3914 3918
f 3913 3914 3938
f 3913 3938 3911
f 3911 3938 3934
f 3929 3907 3933
f 3933 3907 3911
f 3933 3911 3934
f 3907 3929 3930
f 3907 3930 3908
f 3908 3930 3903
f 3903 3930 3925
f 3907 3887 3911
f 3911 3887 3891
f 3908 3887 3907
f 3882 3865 3888
f 3888 3865 3864
f 3888 3864 3870
f 3888 3870 3887
f 3857 3865 3866
f 3866 3865 3882
f 3866 3882 3883
f 3883 3882 3903
f 3883 3903 3904
f 3904 3903 3925
f 3904 3925 3926
f 3903 3882 3908
f 3908 3882 3888
f 3908 3888 3887
f 3950 3926 3949
f 3949 3926 3925
f 3949 3925 3954
f 3954 3925 3930
f 3954 3930 3929
f 3969 3992 3968
f 3968 3992 3988
f 3968 3988 3967
f 3967 3988 3987
f 3967 3987 3965
f 3984 3962 3987
f 3946 3947 3968
f 3946 3968 3945
f 3945 3968 3967
f 3945 3967 3942
f 3942 3967 3965
f 3942 3965 3938
f 4017 4011 3987
f 3965 3987 3962
f 3965 3962 3938
f 3938 3962 3934
f 3934 3962 3958
f 3934 3958 3933
f 3933 3958 3980
f 3933 3980 3929
f 3929 3980 3976
f 3929 3976 3954
f 3858 3866 3883
f 3976 4005 4000
f 3980 4005 3976
f 3996 3972 3971
f 3976 4000 3971
f 3971 4000 3995
f 3971 3995 3996
f 4000 4029 3995
f 3995 4029 4024
f 3995 4024 3996
f 3996 4024 4025
f 3876 3875 3880
f 3880 3879 3878
f 3880 3878 3876
f 3876 3878 3877
f 3851 3852 3862
f 3862 3852 3853
f 3854 3855 3863
f 3854 3863 3853
f 3853 3863 3862
f 3871 3870 3863
f 3863 3870 3862
f 3873 3872 3870
f 3873 3870 3871
f 3875 3874 3873
f 3873 3874 3872
f 3874 3875 3876
f 3956 3977 3978
f 3977 3956 3955
f 3955 3974 3977
f 3916 3894 3912
f 3912 3894 3892
f 3916 3880 3875
f 3897 3898 3919
f 3919 3898 3920
f 3920 3898 3880
f 3986 3964 3982
f 3982 3964 3960
f 3956 3978 3960
f 3960 3978 3982
f 3974 3955 3952
f 3952 3955 3928
f 3906 3931 3910
f 3886 3906 3890
f 3890 3906 3910
f 3869 3886 3871
f 3871 3886 3890
f 3868 3885 3869
f 3947 3946 3923
f 3947 3923 3924
f 3947 3924 3948
f 3912 3936 3916
f 3916 3936 3940
f 3993 3969 3994
f 3994 3969 3970
f 3994 3970 3990
f 3920 3916 3940
f 3920 3940 3944
f 3944 3940 3964
f 3944 3964 3966
f 3966 3964 3990
f 3916 3920 3880
f 3966 3943 3944
f 3944 3943 3919
f 3944 3919 3920
f 3869 3885 3886
f 3886 3885 3906
f 3906 3928 3931
f 3931 3928 3955
f 3932 3955 3956
f 3932 3956 3936
f 3936 3956 3960
f 3936 3960 3940
f 3940 3960 3964
f 3940 3964 3986
f 3964 3986 3990
f 3990 3986 4015
f 3990 4015 4014
f 3978 4003 4009
f 3978 4009 3982
f 4003 3978 4002
f 4002 3978 3977
f 4002 3977 3974
f 4002 3974 3998
f 3998 3974 3997
f 3997 3974 3973
f 3961 3983 3957
f 3957 3983 3979
f 3987 4011 3983
f 3983 4011 4010
f 3918 3895 3896
f 3917 3876 3918
f 3918 3876 3895
f 3913 3874 3917
f 3917 3874 3876
f 3864 3856 3870
f 3870 3856 3862
f 3954 3976 3971
f 3954 3971 3949
f 3953 3976 3954
f 3953 3975 3976
f 3946 3922 3923
f 3937 3913 3941
f 3941 3913 3917
f 3941 3917 3942
f 3942 3917 3918
f 3933 3911 3937
f 3937 3911 3913
f 3930 3903 3907
f 3903 3882 3881
f 3903 3881 3907
f 3907 3881 3887
f 3882 3865 3864
f 3882 3864 3881
f 3881 3864 3887
f 3887 3864 3870
f 3954 3930 3953
f 3953 3930 3929
f 3968 3992 3967
f 3967 3992 3991
f 3967 3991 3965
f 3965 3991 3987
f 3965 3987 3961
f 3961 3987 3983
f 3942 3965 3941
f 3941 3965 3961
f 3941 3961 3937
f 3937 3961 3933
f 3933 3961 3957
f 3933 3957 3979
f 3933 3979 3929
f 3929 3979 3975
f 3929 3975 3953
f 4004 3999 3975
f 3975 3979 4004
f 3999 4000 4029
f 3975 3999 3976
f 3976 3999 4000
f 3971 3995 3972
f 3972 3995 3996
f 4172 4170 4171
f 4172 4171 4195
f 4195 4194 4169
f 4195 4169 4172
f 4172 4173 4170
f 4194 4195 4216
f 4216 4195 4217
f 4216 4217 4234
f 4234 4217 4235
f 4234 4235 4252
f 4252 4268 4267
f 4267 4251 4252
f 4252 4251 4234
f 4284 4283 4266
f 4266 4283 4265
f 4265 4267 4266
f 4266 4267 4268
f 4294 4293 4278
f 4278 4293 4277
f 4275 4276 4291
f 4291 4276 4292
f 4276 4275 4259
f 4276 4259 4260
f 4293 4306 4292
f 4292 4314 4313
f 4292 4313 4309
f 4292 4312 4316
f 4316 4315 4292
f 4292 4309 4304
f 4278 4277 4261
f 4278 4261 4262
f 4306 4305 4292
f 4292 4305 4312
f 4292 4315 4314
f 4304 4303 4292
f 4210 4211 4229
f 4210 4229 4228
f 4244 4260 4259
f 4262 4261 4245
f 4262 4245 4246
f 4246 4245 4228
f 4246 4228 4229
f 4259 4243 4244
f 4244 4243 4227
f 4227 4243 4226
f 4227 4226 4205
f 4205 4226 4204
f 4295 4296 4293
f 4295 4293 4292
f 4296 4295 4281
f 4281 4295 4280
f 4281 4280 4282
f 4282 4280 4284
f 4284 4280 4279
f 4284 4279 4283
f 4176 4184 4183
f 4176 4183 4175
f 4153 4152 4144
f 4145 4153 4144
f 4146 4147 4154
f 4154 4147 4155
f 4179 4180 4186
f 4179 4186 4185
f 4175 4095 4176
f 4176 4095 4096
f 4176 4096 4184
f 4184 4096 4104
f 4184 4104 4183
f 4183 4104 4103
f 4183 4103 4175
f 4175 4103 4095
f 4184 4144 4176
f 4207 4145 4184
f 4184 4145 4144
f 4207 4153 4145
f 4207 4208 4153
f 4153 4208 4154
f 4208 4146 4154
f 4185 4147 4208
f 4208 4147 4146
f 4179 4147 4185
f 4179 4099 4180
f 4180 4099 4100
f 4180 4100 4186
f 4186 4100 4106
f 4186 4106 4185
f 4185 4106 4105
f 4185 4105 4179
f 4179 4105 4099
f 4148 4147 4105
f 4148 4105 4106
f 4155 4152 4154
f 4154 4152 4153
f 4104 4144 4143
f 4104 4143 4103
f 4109 4116 4115
f 4110 4116 4109
f 4111 4112 4118
f 4117 4111 4118
f 4161 4117 4162
f 4162 4117 4118
f 4159 4115 4160
f 4160 4115 4116
f 4144 4104 4096
f 4144 4096 4176
f 4184 4176 4198
f 4206 4184 4198
f 4207 4184 4206
f 4207 4206 4199
f 4199 4206 4198
f 4177 4199 4198
f 4176 4177 4198
f 4177 4178 4199
f 4199 4178 4200
f 4199 4200 4207
f 4207 4200 4208
f 4185 4208 4209
f 4209 4208 4201
f 4201 4208 4200
f 4185 4209 4201
f 4179 4185 4201
f 4179 4201 4200
f 4179 4200 4178
f 4105 4147 4099
f 4099 4147 4179
f 4156 4155 4147
f 4156 4147 4148
f 4143 4144 4151
f 4151 4144 4152
f 4151 4152 4156
f 4156 4152 4155
f 4165 4121 4159
f 4159 4121 4115
f 4151 4109 4115
f 4151 4115 4159
f 4110 4109 4152
f 4152 4109 4151
f 4160 4116 4110
f 4160 4110 4152
f 4155 4111 4117
f 4155 4117 4161
f 4112 4111 4156
f 4156 4111 4155
f 4162 4118 4112
f 4162 4112 4156
f 4118 4122 4166
f 4118 4166 4162
f 4122 4121 4166
f 4166 4121 4165
f 4165 4159 4160
f 4162 4166 4161
f 4165 4160 4161
f 4165 4161 4166
f 4128 4127 4122
f 4122 4127 4126
f 4122 4126 4121
f 4121 4126 4125
f 4085 4071 4143
f 4085 4143 4151
f 4085 4151 4089
f 4085 4103 4071
f 4071 4103 4143
f 4063 4085 4071
f 4063 4079 4085
f 4079 4063 4095
f 4064 4096 4063
f 4063 4096 4095
f 4176 4096 4064
f 4176 4064 4177
f 4177 4064 4065
f 4065 4066 4177
f 4177 4066 4178
f 4067 4099 4179
f 4067 4179 4066
f 4066 4179 4178
f 4072 4086 4068
f 4068 4086 4082
f 4082 4100 4068
f 4068 4100 4067
f 4067 4100 4099
f 4086 4072 4106
f 4106 4072 4148
f 4156 4148 4090
f 4090 4148 4086
f 4086 4148 4072
f 4089 4151 4109
f 4115 4089 4109
f 4156 4090 4112
f 4090 4118 4112
f 4118 4119 4122
f 4122 4119 4123
f 4119 4118 4163
f 4163 4118 4162
f 4114 4115 4121
f 4114 4121 4120
f 4156 4157 4162
f 4162 4157 4163
f 4115 4114 4158
f 4115 4158 4159
f 4150 4151 4159
f 4150 4159 4158
f 4152 4155 4160
f 4155 4161 4160
f 4115 4114 4108
f 4115 4108 4089
f 4108 4088 4089
f 4089 4088 4085
f 4085 4088 4070
f 4085 4070 4071
f 4061 4067 4066
f 4061 4066 4060
f 4058 4059 4065
f 4058 4065 4064
f 4071 4070 4063
f 4073 4072 4068
f 4073 4068 4069
f 4065 4059 4066
f 4066 4059 4060
f 4063 4070 4062
f 4086 4072 4073
f 4086 4073 4090
f 4090 4073 4091
f 4119 4118 4113
f 4113 4118 4090
f 4113 4090 4091
f 4113 4112 4119
f 4119 4112 4118
f 4109 4151 4108
f 4108 4151 4150
f 4114 4115 4109
f 4114 4109 4108
f 4120 4121 4115
f 4120 4115 4114
f 4095 4103 4094
f 4094 4103 4102
f 4085 4102 4103
f 4085 4084 4102
f 4084 4085 4078
f 4085 4079 4078
f 4086 4083 4082
f 4083 4086 4087
f 4106 4087 4086
f 4106 4107 4087
f 4106 4101 4107
f 4106 4100 4101
f 4156 4112 4157
f 4157 4112 4113
f 4121 4125 4124
f 4125 4126 4124
f 4121 4124 4120
f 4120 4164 4158
f 4158 4164 4190
f 4114 4120 4158
f 4158 4190 4188
f 4188 4150 4158
f 4188 4190 4214
f 4182 4188 4204
f 4204 4188 4212
f 4214 4212 4188
f 4213 4189 4211
f 4187 4211 4189
f 4189 4213 4215
f 4189 4215 4191
f 4123 4119 4163
f 4191 4167 4163
f 4163 4157 4189
f 4123 4163 4167
f 4189 4191 4163
f 4129 4127 4128
f 4129 4122 4123
f 4128 4122 4129
f 4230 4232 4247
f 4265 4263 4247
f 4204 4212 4230
f 4230 4212 4214
f 4227 4205 4204
f 4227 4226 4244
f 4244 4226 4243
f 4249 4265 4247
f 4214 4232 4249
f 4230 4214 4232
f 4232 4214 4247
f 4247 4214 4249
f 4295 4292 4276
f 4280 4295 4276
f 4280 4276 4260
f 4260 4244 4263
f 4260 4263 4280
f 4280 4263 4279
f 4227 4204 4226
f 4226 4204 4230
f 4226 4230 4243
f 4243 4230 4247
f 4243 4247 4244
f 4244 4247 4263
f 4279 4263 4265
f 4279 4265 4283
f 4276 4275 4292
f 4287 4288 4272
f 4316 4312 4311
f 4316 4311 4315
f 4309 4313 4310
f 4310 4313 4314
f 4291 4292 4275
f 4293 4290 4302
f 4293 4302 4306
f 4277 4274 4290
f 4293 4277 4290
f 4288 4300 4301
f 4301 4289 4288
f 4272 4288 4289
f 4299 4287 4298
f 4298 4287 4286
f 4287 4299 4288
f 4288 4299 4300
f 4271 4287 4272
f 4270 4286 4271
f 4271 4286 4287
f 4304 4297 4303
f 4303 4297 4285
f 4303 4285 4292
f 4310 4314 4311
f 4311 4314 4315
f 4306 4302 4305
f 4305 4302 4301
f 4305 4301 4311
f 4311 4301 4300
f 4311 4300 4308
f 4311 4308 4310
f 4310 4308 4307
f 4310 4307 4299
f 4310 4299 4304
f 4304 4299 4298
f 4304 4298 4297
f 4290 4289 4301
f 4298 4286 4285
f 4302 4290 4301
f 4308 4300 4307
f 4307 4300 4299
f 4297 4298 4285
f 4312 4305 4311
f 4309 4310 4304
f 4292 4285 4276
f 4276 4285 4269
f 4289 4273 4272
f 4274 4273 4290
f 4290 4273 4289
f 4285 4286 4269
f 4269 4286 4270
f 4254 4238 4237
f 4257 4241 4240
f 4088 4084 4070
f 4087 4091 4073
f 4188 4182 4150
f 4142 4095 4094
f 4142 4094 4102
f 4134 4135 4095
f 4100 4140 4141
f 4100 4141 4101
f 4141 4107 4101
f 4075 4076 4060
f 4060 4076 4061
f 4061 4076 4077
f 4061 4077 4067
f 4067 4077 4081
f 4067 4081 4068
f 4068 4081 4082
f 4075 4092 4076
f 4076 4092 4093
f 4076 4093 4099
f 4076 4099 4081
f 4081 4099 4100
f 4081 4100 4082
f 4093 4098 4099
f 4087 4073 4083
f 4083 4073 4069
f 4083 4069 4082
f 4082 4069 4068
f 4113 4091 4087
f 4107 4113 4087
f 4132 4138 4133
f 4178 4138 4177
f 4177 4138 4132
f 4098 4138 4099
f 4099 4138 4139
f 4099 4139 4100
f 4100 4139 4140
f 4107 4149 4113
f 4113 4149 4157
f 4189 4157 4187
f 4149 4107 4141
f 4149 4187 4157
f 4138 4178 4139
f 4139 4178 4179
f 4139 4179 4140
f 4140 4179 4180
f 4140 4180 4181
f 4140 4181 4141
f 4141 4181 4149
f 4149 4181 4187
f 4246 4229 4242
f 4242 4229 4225
f 4242 4225 4224
f 4242 4224 4241
f 4241 4224 4223
f 4278 4262 4277
f 4277 4262 4261
f 4277 4261 4274
f 4274 4261 4258
f 4274 4258 4273
f 4273 4258 4257
f 4241 4257 4242
f 4242 4257 4258
f 4242 4258 4246
f 4246 4258 4261
f 4246 4261 4262
f 4220 4198 4219
f 4219 4198 4197
f 4219 4197 4218
f 4218 4197 4196
f 4218 4196 4226
f 4226 4196 4204
f 4229 4211 4225
f 4225 4211 4203
f 4225 4203 4224
f 4224 4203 4202
f 4224 4202 4223
f 4223 4202 4201
f 4223 4201 4222
f 4222 4201 4200
f 4222 4200 4221
f 4221 4200 4199
f 4221 4199 4220
f 4220 4199 4198
f 4270 4254 4269
f 4269 4254 4253
f 4269 4253 4276
f 4276 4253 4260
f 4243 4259 4260
f 4243 4260 4236
f 4236 4260 4253
f 4236 4253 4237
f 4237 4253 4254
f 4272 4256 4271
f 4271 4256 4255
f 4271 4255 4270
f 4270 4255 4254
f 4272 4273 4257
f 4272 4257 4256
f 4256 4257 4240
f 4256 4240 4255
f 4255 4240 4239
f 4255 4239 4238
f 4255 4238 4254
f 4238 4220 4237
f 4237 4220 4219
f 4237 4219 4236
f 4236 4219 4218
f 4236 4218 4243
f 4243 4218 4226
f 4088 4108 4102
f 4102 4084 4088
f 4070 4084 4062
f 4062 4084 4078
f 4062 4078 4063
f 4063 4078 4079
f 4142 4102 4150
f 4150 4102 4108
f 4134 4095 4142
f 4064 4063 4079
f 4064 4079 4080
f 4080 4079 4095
f 4080 4095 4096
f 4060 4059 4075
f 4096 4092 4075
f 4096 4075 4074
f 4074 4075 4058
f 4059 4058 4075
f 4077 4076 4081
f 4135 4096 4095
f 4175 4135 4174
f 4174 4135 4134
f 4174 4134 4182
f 4182 4134 4142
f 4182 4142 4150
f 4134 4135 4142
f 4064 4080 4074
f 4096 4135 4136
f 4136 4135 4175
f 4136 4175 4176
f 4136 4176 4137
f 4176 4177 4137
f 4137 4177 4132
f 4132 4133 4093
f 4093 4092 4132
f 4132 4092 4137
f 4137 4092 4097
f 4137 4097 4136
f 4133 4138 4098
f 4133 4098 4093
f 4097 4092 4096
f 4097 4096 4136
f 4241 4223 4240
f 4240 4223 4222
f 4240 4222 4239
f 4239 4222 4221
f 4239 4221 4238
f 4238 4221 4220
f 4198 4176 4197
f 4197 4176 4175
f 4197 4175 4196
f 4196 4175 4174
f 4196 4174 4204
f 4204 4174 4182
f 4211 4187 4203
f 4203 4187 4181
f 4203 4181 4202
f 4202 4181 4180
f 4202 4180 4201
f 4201 4180 4179
f 4096 4074 4080
f 4074 4058 4064
f 4213 4211 4229
f 4213 4231 4233
f 4213 4233 4215
f 4284 4266 4264
f 4284 4264 4282
f 4228 4245 4229
f 4245 4246 4229
f 4229 4231 4213
f 4277 4293 4281
f 4277 4281 4261
f 4261 4281 4264
f 4261 4264 4245
f 4245 4264 4246
f 4246 4264 4248
f 4246 4248 4229
f 4229 4248 4231
f 4248 4264 4266
f 4248 4266 4250
f 4250 4233 4248
f 4248 4233 4231
f 4282 4264 4281
f 4296 4281 4293
f 4127 4129 4126
f 4124 4126 4129
f 4169 4194 4168
f 4124 4130 4169
f 4169 4130 4172
f 4168 4124 4169
f 4120 4124 4164
f 4164 4192 4190
f 4192 4214 4190
f 4234 4251 4249
f 4249 4251 4267
f 4249 4267 4265
f 4234 4249 4232
f 4232 4214 4234
f 4194 4216 4192
f 4194 4192 4168
f 4168 4192 4164
f 4168 4164 4124
f 4192 4216 4214
f 4214 4216 4234
f 4171 4167 4193
f 4193 4191 4215
f 4167 4123 4193
f 4193 4167 4191
f 4171 4129 4167
f 4131 4129 4171
f 4171 4170 4131
f 4131 4170 4173
f 4233 4250 4235
f 4233 4235 4215
f 4266 4268 4250
f 4250 4268 4252
f 4250 4252 4235
f 4195 4171 4193
f 4195 4193 4217
f 4215 4235 4217
f 4215 4217 4193
f 4123 4167 4129
f 4124 4129 4131
f 4173 4130 4124
f 4173 4124 4131
f 4173 4172 4130
f 4324 4454 4446
f 4351 4324 4446
f 4446 4445 4351
f 4445 4350 4351
f 4454 4324 4453
f 4453 4324 4323
f 4319 4449 4321
f 4321 4449 4451
f 4321 4451 4322
f 4322 4451 4452
f 4322 4452 4323
f 4323 4452 4453
f 4333 4359 4354
f 4333 4354 4375
f 4333 4375 4389
f 4333 4407 4423
f 4333 4328 4359
f 4389 4402 4333
f 4333 4402 4407
f 4333 4423 4428
f 4447 4317 4318
f 4318 4448 4447
f 4448 4318 4337
f 4448 4337 4432
f 4432 4337 4332
f 4432 4332 4427
f 4427 4332 4333
f 4427 4333 4428
f 4317 4447 4320
f 4320 4447 4450
f 4320 4450 4449
f 4320 4449 4319
f 4371 4350 4445
f 4445 4419 4371
f 4419 4370 4371
f 4370 4419 4418
f 4370 4399 4385
f 4370 4418 4399
f 4414 4396 4415
f 4419 4399 4418
f 4398 4384 4385
f 4385 4399 4398
f 4415 4416 4439
f 4414 4415 4436
f 4436 4415 4439
f 4413 4414 4433
f 4433 4414 4436
f 4433 4436 4434
f 4434 4436 4437
f 4397 4416 4415
f 4415 4396 4397
f 4414 4413 4396
f 4383 4397 4396
f 4424 4410 4409
f 4409 4410 4404
f 4403 4409 4404
f 4405 4400 4387
f 4405 4387 4404
f 4404 4387 4391
f 4394 4381 4395
f 4395 4381 4382
f 4394 4380 4381
f 4379 4392 4393
f 4379 4378 4392
f 4392 4378 4380
f 4392 4380 4394
f 4387 4386 4391
f 4393 4409 4390
f 4390 4409 4403
f 4391 4377 4376
f 4390 4391 4376
f 4377 4391 4372
f 4372 4391 4386
f 4372 4386 4373
f 4373 4386 4387
f 4390 4376 4393
f 4393 4376 4379
f 4449 4450 4431
f 4431 4450 4447
f 4392 4408 4411
f 4434 4413 4433
f 4435 4430 4429
f 4393 4392 4408
f 4411 4413 4412
f 4412 4413 4434
f 4412 4434 4429
f 4430 4425 4424
f 4424 4425 4410
f 4410 4425 4404
f 4426 4425 4430
f 4426 4430 4431
f 4429 4430 4424
f 4409 4412 4424
f 4424 4412 4429
f 4426 4421 4420
f 4420 4421 4404
f 4425 4426 4420
f 4420 4404 4425
f 4405 4404 4421
f 4411 4412 4409
f 4391 4390 4403
f 4391 4403 4404
f 4431 4430 4449
f 4449 4430 4435
f 4449 4435 4451
f 4451 4435 4438
f 4454 4453 4442
f 4442 4453 4440
f 4416 4417 4441
f 4441 4417 4443
f 4441 4443 4442
f 4442 4443 4444
f 4383 4384 4397
f 4397 4384 4398
f 4398 4399 4417
f 4417 4399 4419
f 4417 4419 4443
f 4443 4419 4445
f 4443 4445 4444
f 4444 4445 4446
f 4453 4452 4440
f 4440 4452 4438
f 4440 4438 4437
f 4437 4438 4434
f 4440 4441 4442
f 4437 4441 4440
f 4452 4451 4438
f 4438 4435 4434
f 4434 4435 4429
f 4411 4409 4408
f 4408 4409 4393
f 4396 4395 4382
f 4396 4382 4383
f 4446 4454 4444
f 4444 4454 4442
f 4437 4436 4441
f 4441 4436 4439
f 4441 4439 4416
f 4417 4416 4398
f 4398 4416 4397
f 4395 4396 4413
f 4395 4413 4394
f 4394 4413 4411
f 4394 4411 4392
f 4401 4407 4402
f 4401 4402 4388
f 4388 4402 4389
f 4407 4401 4406
f 4422 4423 4406
f 4407 4406 4423
f 4447 4448 4431
f 4431 4448 4432
f 4405 4421 4422
f 4400 4401 4387
f 4388 4387 4401
f 4401 4400 4406
f 4406 4400 4405
f 4432 4427 4426
f 4432 4426 4431
f 4426 4427 4421
f 4427 4428 4422
f 4428 4423 4422
f 4422 4406 4405
f 4388 4387 4374
f 4422 4421 4427
f 4317 4320 4319
f 4371 4370 4385
f 4368 4369 4383
f 4369 4384 4383
f 4367 4366 4344
f 4344 4366 4341
f 4366 4365 4341
f 4341 4365 4338
f 4341 4338 4339
f 4341 4339 4342
f 4330 4362 4356
f 4338 4365 4339
f 4365 4363 4339
f 4339 4363 4364
f 4339 4364 4334
f 4355 4356 4361
f 4361 4356 4362
f 4361 4362 4329
f 4329 4362 4330
f 4380 4363 4381
f 4381 4363 4365
f 4381 4365 4366
f 4382 4381 4366
f 4382 4366 4367
f 4383 4382 4367
f 4383 4367 4368
f 4360 4363 4380
f 4360 4380 4378
f 4361 4360 4378
f 4361 4378 4379
f 4361 4364 4363
f 4361 4363 4360
f 4356 4355 4376
f 4356 4376 4377
f 4331 4336 4335
f 4335 4336 4340
f 4377 4372 4356
f 4330 4331 4335
f 4326 4356 4357
f 4352 4357 4356
f 4352 4356 4373
f 4372 4373 4377
f 4377 4373 4356
f 4356 4325 4330
f 4340 4319 4343
f 4343 4319 4321
f 4343 4321 4345
f 4345 4321 4322
f 4345 4322 4347
f 4347 4322 4323
f 4347 4323 4324
f 4347 4324 4349
f 4349 4324 4351
f 4369 4368 4348
f 4348 4368 4346
f 4348 4346 4347
f 4348 4347 4349
f 4385 4384 4369
f 4385 4369 4371
f 4371 4369 4348
f 4371 4348 4350
f 4350 4348 4349
f 4350 4349 4351
f 4329 4330 4334
f 4334 4330 4335
f 4343 4342 4340
f 4334 4364 4361
f 4355 4361 4379
f 4355 4379 4376
f 4329 4334 4361
f 4347 4346 4345
f 4345 4346 4342
f 4368 4367 4344
f 4368 4344 4346
f 4346 4344 4341
f 4346 4341 4342
f 4325 4356 4326
f 4325 4326 4331
f 4325 4331 4330
f 4334 4335 4339
f 4339 4335 4340
f 4343 4345 4342
f 4336 4317 4319
f 4336 4319 4340
f 4339 4340 4342
f 4318 4317 4336
f 4359 4328 4327
f 4359 4327 4358
f 4374 4354 4353
f 4353 4354 4359
f 4353 4359 4358
f 4374 4375 4354
f 4388 4389 4375
f 4375 4374 4388
f 4333 4332 4328
f 4328 4332 4327
f 4337 4318 4336
f 4337 4336 4332
f 4332 4336 4331
f 4387 4388 4373
f 4373 4388 4374
f 4353 4373 4374
f 4353 4358 4357
f 4353 4357 4352
f 4353 4352 4373
f 4331 4326 4332
f 4332 4326 4327
f 4326 4357 4358
f 4327 4326 4358
f 4552 4548 4551
f 4551 4548 4547
f 4548 4552 4547
f 4547 4552 4551
f 4545 4549 4546
f 4546 4549 4550
f 4549 4545 4550
f 4550 4545 4546
f 4554 4550 4553
f 4553 4550 4549
f 4551 4555 4552
f 4552 4555 4556
f 4555 4551 4556
f 4556 4551 4552
f 4555 4531 4532
f 4555 4532 4556
f 4531 4555 4554
f 4531 4554 4553
f 4495 4499 4519
f 4495 4519 4515
f 4514 4518 4498
f 4514 4498 4494
f 4494 4479 4514
f 4514 4479 4553
f 4554 4514 4553
f 4480 4495 4515
f 4480 4515 4556
f 4556 4515 4555
f 4555 4515 4554
f 4554 4515 4514
f 4479 4494 4480
f 4480 4494 4495
f 4553 4549 4554
f 4554 4549 4550
f 4466 4465 4468
f 4468 4465 4467
f 4468 4467 4480
f 4480 4467 4479
f 4549 4545 4529
f 4529 4545 4527
f 4530 4528 4552
f 4552 4528 4548
f 4552 4548 4530
f 4530 4548 4528
f 4532 4480 4556
f 4478 4466 4480
f 4466 4468 4480
f 4467 4465 4479
f 4465 4477 4479
f 4479 4531 4553
f 4529 4527 4549
f 4549 4527 4545
f 4553 4529 4549
f 4531 4511 4529
f 4531 4529 4553
f 4461 4475 4465
f 4465 4475 4477
f 4511 4531 4491
f 4491 4531 4479
f 4479 4477 4491
f 4513 4531 4479
f 4479 4531 4511
f 4479 4511 4491
f 4479 4493 4513
f 4516 4532 4513
f 4513 4532 4531
f 4497 4498 4517
f 4499 4495 4496
f 4500 4499 4496
f 4495 4494 4493
f 4493 4494 4498
f 4498 4497 4493
f 4500 4520 4499
f 4520 4519 4499
f 4517 4518 4513
f 4518 4514 4513
f 4513 4514 4516
f 4514 4515 4516
f 4516 4515 4519
f 4516 4519 4520
f 4498 4518 4517
f 4461 4464 4465
f 4465 4464 4466
f 4465 4466 4467
f 4467 4466 4468
f 4467 4468 4479
f 4479 4468 4480
f 4479 4480 4493
f 4493 4480 4496
f 4493 4496 4495
f 4513 4493 4517
f 4517 4493 4497
f 4532 4530 4556
f 4466 4464 4476
f 4556 4530 4552
f 4480 4532 4516
f 4492 4480 4478
f 4480 4492 4512
f 4480 4512 4532
f 4532 4512 4530
f 4478 4466 4476
f 4516 4496 4480
f 4478 4476 4464
f 4464 4466 4478
f 4500 4496 4516
f 4500 4516 4520
f 4465 4466 4461
f 4461 4466 4464
f 4462 4463 4464
f 4462 4464 4461
f 4464 4463 4461
f 4462 4461 4463
f 4459 4457 4461
f 4458 4460 4464
f 4502 4506 4482
f 4482 4506 4486
f 4507 4503 4483
f 4507 4483 4487
f 4544 4540 4539
f 4544 4539 4543
f 4543 4539 4538
f 4543 4538 4542
f 4542 4538 4537
f 4542 4537 4541
f 4538 4534 4537
f 4537 4534 4533
f 4534 4538 4539
f 4534 4539 4535
f 4540 4536 4535
f 4540 4535 4539
f 4521 4533 4534
f 4521 4534 4535
f 4521 4535 4522
f 4522 4535 4536
f 4504 4484 4503
f 4484 4483 4503
f 4482 4486 4485
f 4487 4488 4486
f 4488 4487 4483
f 4483 4484 4488
f 4481 4482 4485
f 4502 4482 4481
f 4504 4503 4508
f 4508 4503 4507
f 4507 4506 4505
f 4505 4506 4502
f 4502 4481 4501
f 4502 4501 4505
f 4521 4522 4505
f 4505 4522 4508
f 4505 4508 4507
f 4485 4486 4488
f 4485 4488 4469
f 4469 4488 4470
f 4469 4470 4455
f 4455 4470 4456
f 4536 4540 4539
f 4539 4535 4536
f 4538 4534 4535
f 4538 4535 4539
f 4534 4538 4533
f 4533 4538 4537
f 4469 4506 4533
f 4536 4507 4470
f 4470 4507 4487
f 4469 4486 4506
f 4533 4506 4534
f 4534 4506 4535
f 4535 4506 4507
f 4470 4487 4469
f 4469 4487 4486
f 4507 4536 4535
f 4470 4469 4456
f 4456 4469 4455
f 4456 4455 4458
f 4458 4455 4457
f 4455 4457 4469
f 4501 4481 4505
f 4505 4481 4485
f 4523 4525 4537
f 4537 4525 4541
f 4540 4544 4524
f 4524 4544 4526
f 4504 4508 4488
f 4504 4488 4484
f 4456 4470 4458
f 4524 4526 4540
f 4540 4526 4544
f 4537 4541 4523
f 4523 4541 4525
f 4458 4472 4470
f 4522 4536 4524
f 4524 4536 4540
f 4460 4474 4476
f 4460 4476 4464
f 4522 4524 4510
f 4522 4510 4508
f 4508 4510 4488
f 4488 4510 4490
f 4488 4490 4470
f 4470 4490 4472
f 4474 4460 4458
f 4474 4458 4472
f 4464 4476 4474
f 4464 4474 4458
f 4510 4536 4470
f 4510 4470 4490
f 4510 4524 4536
f 4533 4537 4523
f 4509 4533 4523
f 4533 4509 4469
f 4469 4509 4489
f 4473 4457 4471
f 4457 4473 4461
f 4461 4473 4475
f 4469 4489 4471
f 4489 4509 4485
f 4485 4509 4505
f 4505 4509 4521
f 4521 4509 4523
f 4521 4523 4533
f 4457 4459 4473
f 4473 4459 4475
f 4475 4459 4461
f 4471 4469 4457
f 4489 4485 4469
f 4806 4823 4805
f 4805 4823 4822
f 4819 4802 4818
f 4802 4783 4801
f 4802 4801 4818
f 4746 4745 4765
f 4800 4782 4799
f 4748 4747 4766
f 4748 4766 4767
f 4823 4821 4819
f 4802 4804 4806
f 4821 4823 4804
f 4804 4823 4806
f 4823 4819 4822
f 4822 4819 4818
f 4820 4803 4822
f 4822 4803 4805
f 4801 4803 4818
f 4818 4803 4820
f 4820 4822 4818
f 4805 4803 4804
f 4805 4804 4806
f 4587 4586 4580
f 4580 4586 4579
f 4580 4579 4587
f 4587 4579 4586
f 4622 4591 4618
f 4591 4584 4618
f 4618 4584 4583
f 4618 4583 4617
f 4557 4559 4577
f 4559 4584 4577
f 4610 4576 4577
f 4610 4577 4611
f 4611 4577 4570
f 4611 4570 4606
f 4558 4557 4578
f 4578 4557 4577
f 4607 4571 4612
f 4571 4578 4612
f 4612 4578 4579
f 4612 4579 4613
f 4560 4558 4585
f 4585 4558 4578
f 4620 4586 4585
f 4620 4585 4619
f 4585 4592 4619
f 4619 4592 4623
f 4560 4584 4559
f 4584 4560 4585
f 4565 4572 4571
f 4564 4565 4566
f 4562 4563 4570
f 4571 4570 4563
f 4571 4563 4564
f 4569 4562 4570
f 4568 4569 4576
f 4575 4568 4576
f 4582 4575 4583
f 4597 4596 4591
f 4591 4596 4590
f 4592 4599 4598
f 4573 4580 4587
f 4592 4591 4585
f 4585 4591 4584
f 4598 4597 4591
f 4598 4591 4592
f 4589 4582 4583
f 4589 4583 4590
f 4590 4583 4584
f 4575 4576 4583
f 4583 4576 4584
f 4584 4576 4577
f 4569 4577 4576
f 4569 4570 4577
f 4578 4577 4570
f 4570 4571 4578
f 4571 4564 4565
f 4572 4579 4578
f 4572 4578 4571
f 4580 4572 4573
f 4572 4580 4579
f 4579 4587 4578
f 4578 4587 4585
f 4594 4586 4587
f 4587 4586 4585
f 4573 4572 4571
f 4593 4599 4592
f 4594 4593 4592
f 4594 4592 4586
f 4586 4592 4585
f 4590 4584 4591
f 4661 4639 4636
f 4687 4705 4704
f 4690 4710 4693
f 4690 4708 4710
f 4708 4690 4709
f 4691 4725 4690
f 4690 4725 4709
f 4703 4719 4691
f 4691 4719 4725
f 4703 4740 4719
f 4704 4741 4703
f 4703 4741 4740
f 4721 4742 4705
f 4741 4704 4742
f 4742 4704 4705
f 4627 4626 4601
f 4564 4628 4563
f 4563 4628 4627
f 4563 4627 4601
f 4563 4601 4562
f 4562 4601 4605
f 4562 4605 4569
f 4604 4568 4569
f 4568 4604 4632
f 4568 4604 4609
f 4568 4609 4575
f 4639 4616 4609
f 4575 4609 4616
f 4575 4616 4582
f 4661 4658 4676
f 4695 4678 4676
f 4676 4678 4661
f 4654 4673 4658
f 4658 4673 4676
f 4672 4687 4671
f 4671 4687 4704
f 4693 4695 4676
f 4693 4676 4690
f 4690 4676 4673
f 4690 4673 4654
f 4690 4654 4691
f 4691 4654 4655
f 4691 4655 4674
f 4691 4674 4703
f 4703 4674 4670
f 4703 4670 4704
f 4704 4670 4671
f 4633 4605 4626
f 4626 4605 4601
f 4636 4639 4609
f 4636 4609 4632
f 4632 4609 4604
f 4654 4632 4633
f 4633 4632 4604
f 4633 4604 4605
f 4605 4604 4569
f 4628 4672 4627
f 4627 4672 4671
f 4627 4671 4626
f 4626 4671 4670
f 4626 4670 4633
f 4633 4670 4674
f 4633 4674 4654
f 4654 4674 4655
f 4654 4655 4632
f 4632 4654 4636
f 4636 4654 4658
f 4636 4658 4661
f 4723 4707 4706
f 4722 4743 4723
f 4722 4706 4705
f 4722 4705 4721
f 4723 4706 4722
f 4628 4564 4602
f 4629 4565 4564
f 4629 4564 4628
f 4603 4566 4565
f 4603 4565 4630
f 4630 4565 4629
f 4706 4707 4689
f 4653 4652 4689
f 4689 4652 4706
f 4672 4705 4651
f 4651 4705 4652
f 4652 4629 4628
f 4652 4628 4651
f 4653 4630 4652
f 4652 4630 4629
f 4705 4706 4652
f 4634 4573 4630
f 4630 4573 4566
f 4634 4608 4573
f 4768 4749 4727
f 4764 4768 4727
f 4744 4764 4723
f 4723 4764 4727
f 4743 4744 4723
f 4566 4603 4630
f 4692 4675 4634
f 4692 4634 4689
f 4689 4634 4630
f 4689 4630 4653
f 4727 4692 4723
f 4723 4692 4689
f 4723 4689 4707
f 4656 4634 4675
f 4614 4573 4608
f 4614 4580 4573
f 4580 4614 4637
f 4637 4659 4677
f 4634 4656 4659
f 4659 4656 4675
f 4659 4675 4694
f 4659 4614 4634
f 4634 4614 4608
f 4637 4614 4659
f 4768 4769 4749
f 4749 4769 4751
f 4749 4751 4729
f 4749 4729 4727
f 4675 4692 4694
f 4694 4692 4727
f 4729 4694 4727
f 4751 4769 4729
f 4694 4677 4659
f 4709 4703 4708
f 4709 4719 4703
f 4740 4741 4719
f 4719 4741 4720
f 4720 4741 4721
f 4741 4742 4721
f 4742 4743 4721
f 4721 4743 4722
f 4743 4763 4764
f 4743 4764 4744
f 4651 4628 4627
f 4581 4635 4574
f 4574 4635 4631
f 4574 4631 4567
f 4567 4631 4632
f 4567 4632 4568
f 4626 4562 4632
f 4632 4562 4568
f 4562 4626 4563
f 4563 4626 4627
f 4627 4628 4602
f 4627 4602 4563
f 4563 4602 4564
f 4671 4720 4721
f 4721 4705 4671
f 4671 4705 4672
f 4671 4672 4651
f 4670 4719 4671
f 4671 4719 4720
f 4719 4670 4703
f 4686 4690 4708
f 4686 4708 4703
f 4678 4676 4660
f 4660 4676 4657
f 4660 4657 4638
f 4581 4615 4635
f 4635 4615 4638
f 4703 4670 4686
f 4686 4670 4650
f 4686 4650 4690
f 4690 4650 4654
f 4657 4676 4658
f 4658 4676 4654
f 4654 4676 4690
f 4627 4671 4651
f 4638 4657 4635
f 4635 4657 4658
f 4635 4658 4631
f 4631 4658 4654
f 4631 4654 4632
f 4632 4654 4650
f 4632 4650 4626
f 4626 4650 4670
f 4589 4595 4596
f 4643 4664 4682
f 4682 4664 4699
f 4699 4714 4734
f 4621 4624 4594
f 4621 4594 4587
f 4668 4669 4702
f 4718 4717 4702
f 4600 4649 4648
f 4600 4648 4599
f 4647 4598 4599
f 4647 4599 4648
f 4667 4716 4685
f 4668 4648 4649
f 4668 4649 4669
f 4648 4668 4647
f 4647 4668 4667
f 4668 4717 4667
f 4667 4717 4716
f 4702 4717 4668
f 4761 4760 4739
f 4777 4761 4739
f 4774 4777 4734
f 4734 4777 4739
f 4756 4774 4734
f 4682 4699 4643
f 4594 4624 4643
f 4594 4643 4649
f 4594 4649 4600
f 4643 4699 4649
f 4649 4699 4702
f 4649 4702 4669
f 4699 4734 4702
f 4702 4734 4739
f 4702 4739 4718
f 4739 4738 4718
f 4738 4717 4718
f 4737 4716 4738
f 4738 4716 4717
f 4739 4760 4738
f 4684 4685 4716
f 4684 4716 4737
f 4646 4647 4667
f 4598 4647 4646
f 4646 4597 4598
f 4596 4597 4646
f 4646 4645 4596
f 4644 4589 4645
f 4645 4589 4596
f 4589 4644 4642
f 4589 4642 4588
f 4588 4642 4641
f 4588 4641 4581
f 4581 4641 4638
f 4581 4638 4615
f 4678 4697 4695
f 4715 4697 4700
f 4683 4715 4700
f 4715 4683 4735
f 4735 4683 4684
f 4735 4684 4736
f 4697 4663 4700
f 4700 4663 4665
f 4700 4665 4683
f 4678 4660 4661
f 4678 4661 4697
f 4697 4661 4663
f 4737 4736 4684
f 4684 4646 4667
f 4684 4667 4685
f 4646 4684 4645
f 4645 4684 4683
f 4645 4683 4644
f 4644 4683 4665
f 4644 4665 4642
f 4642 4665 4663
f 4642 4663 4641
f 4641 4663 4638
f 4638 4663 4661
f 4638 4661 4660
f 4640 4662 4621
f 4643 4662 4664
f 4643 4624 4621
f 4643 4621 4662
f 4697 4712 4711
f 4697 4711 4695
f 4715 4735 4712
f 4758 4757 4735
f 4735 4736 4758
f 4759 4758 4736
f 4776 4761 4777
f 4761 4776 4760
f 4662 4679 4696
f 4771 4774 4756
f 4771 4756 4752
f 4756 4731 4752
f 4752 4731 4771
f 4662 4696 4699
f 4662 4699 4664
f 4756 4734 4731
f 4731 4734 4714
f 4696 4731 4714
f 4696 4714 4699
f 4759 4736 4737
f 4737 4738 4759
f 4759 4738 4760
f 4697 4715 4712
f 4621 4587 4640
f 4662 4640 4679
f 4734 4774 4771
f 4771 4731 4734
f 4717 4738 4739
f 4739 4738 4776
f 4739 4776 4777
f 4668 4701 4702
f 4624 4594 4600
f 4624 4600 4625
f 4696 4679 4640
f 4649 4668 4702
f 4649 4702 4643
f 4702 4699 4643
f 4643 4624 4625
f 4643 4625 4649
f 4649 4625 4648
f 4696 4640 4699
f 4699 4640 4643
f 4640 4621 4643
f 4734 4731 4696
f 4734 4696 4699
f 4734 4699 4739
f 4739 4699 4702
f 4739 4702 4717
f 4717 4702 4701
f 4581 4582 4588
f 4588 4582 4589
f 4590 4596 4589
f 4562 4561 4568
f 4574 4567 4568
f 4582 4581 4575
f 4575 4581 4574
f 4568 4575 4574
f 4569 4568 4562
f 4769 4768 4729
f 4688 4689 4706
f 4723 4764 4763
f 4723 4763 4722
f 4729 4768 4727
f 4677 4694 4637
f 4603 4566 4573
f 4603 4573 4608
f 4637 4634 4614
f 4688 4652 4689
f 4689 4652 4630
f 4689 4630 4692
f 4692 4630 4634
f 4630 4629 4603
f 4630 4603 4634
f 4634 4603 4608
f 4637 4694 4634
f 4634 4694 4692
f 4694 4729 4692
f 4692 4729 4727
f 4692 4727 4689
f 4689 4727 4723
f 4689 4723 4706
f 4786 4787 4770
f 4770 4787 4771
f 4763 4768 4764
f 4721 4742 4720
f 4720 4742 4741
f 4763 4764 4781
f 4763 4781 4780
f 4781 4764 4768
f 4768 4784 4781
f 4712 4681 4680
f 4713 4698 4712
f 4681 4712 4698
f 4713 4733 4753
f 4572 4563 4564
f 4599 4598 4593
f 4593 4598 4597
f 4572 4564 4565
f 4566 4573 4572
f 4566 4572 4565
f 4589 4582 4568
f 4568 4582 4575
f 4569 4562 4572
f 4572 4562 4563
f 4594 4600 4593
f 4593 4600 4599
f 4593 4597 4596
f 4593 4596 4590
f 4790 4774 4787
f 4787 4774 4771
f 4794 4777 4790
f 4790 4777 4774
f 4777 4794 4793
f 4777 4793 4776
f 4771 4769 4787
f 4787 4769 4785
f 4768 4784 4769
f 4769 4784 4785
f 4769 4771 4729
f 4729 4771 4731
f 4729 4731 4694
f 4694 4731 4696
f 4694 4696 4677
f 4677 4696 4662
f 4677 4662 4637
f 4637 4662 4640
f 4637 4640 4621
f 4637 4621 4614
f 4614 4621 4587
f 4614 4587 4580
f 4693 4695 4710
f 4724 4709 4708
f 4724 4725 4709
f 4713 4733 4732
f 4713 4732 4712
f 4710 4695 4711
f 4730 4710 4711
f 4708 4728 4724
f 4735 4757 4753
f 4708 4710 4728
f 4728 4710 4730
f 4730 4711 4712
f 4735 4753 4733
f 4730 4712 4733
f 4733 4712 4732
f 4728 4725 4724
f 4745 4719 4725
f 4719 4745 4740
f 4786 4790 4787
f 4793 4794 4789
f 4789 4794 4786
f 4786 4794 4790
f 4785 4771 4787
f 4768 4771 4784
f 4784 4771 4785
f 4733 4712 4713
f 4733 4713 4735
f 4725 4709 4719
f 4779 4762 4778
f 4741 4740 4779
f 4779 4740 4762
f 4779 4742 4741
f 4779 4763 4742
f 4779 4780 4763
f 4797 4798 4779
f 4779 4798 4780
f 4779 4796 4797
f 4779 4795 4796
f 4779 4778 4795
f 4763 4743 4742
f 4780 4767 4763
f 4780 4783 4767
f 4798 4802 4780
f 4780 4802 4783
f 4797 4801 4802
f 4797 4802 4798
f 4801 4797 4818
f 4818 4797 4816
f 4818 4816 4815
f 4818 4815 4817
f 4817 4815 4796
f 4817 4796 4800
f 4800 4796 4799
f 4799 4796 4795
f 4799 4795 4778
f 4799 4778 4782
f 4782 4778 4765
f 4765 4778 4762
f 4765 4762 4745
f 4745 4762 4740
f 4741 4745 4740
f 4741 4746 4745
f 4763 4767 4748
f 4763 4748 4743
f 4743 4748 4747
f 4743 4747 4742
f 4742 4747 4746
f 4742 4746 4741
f 4816 4797 4796
f 4816 4796 4815
f 4730 4733 4728
f 4728 4733 4753
f 4728 4753 4750
f 4728 4750 4725
f 4725 4750 4745
f 4746 4726 4745
f 4725 4745 4726
f 4745 4750 4753
f 4745 4753 4765
f 4765 4753 4772
f 4788 4782 4772
f 4772 4782 4765
f 4807 4799 4788
f 4788 4799 4782
f 4824 4817 4808
f 4808 4817 4800
f 4808 4800 4807
f 4807 4800 4799
f 4809 4801 4825
f 4825 4801 4818
f 4825 4818 4824
f 4824 4818 4817
f 4810 4802 4809
f 4809 4802 4801
f 4789 4783 4810
f 4810 4783 4802
f 4773 4767 4789
f 4789 4767 4783
f 4754 4758 4753
f 4753 4758 4757
f 4753 4757 4775
f 4753 4775 4772
f 4772 4775 4791
f 4772 4791 4788
f 4788 4791 4811
f 4788 4811 4807
f 4807 4811 4812
f 4807 4812 4808
f 4808 4812 4826
f 4808 4826 4824
f 4824 4826 4827
f 4824 4827 4825
f 4825 4827 4813
f 4825 4813 4809
f 4809 4813 4814
f 4809 4814 4810
f 4810 4814 4793
f 4810 4793 4789
f 4789 4793 4776
f 4789 4776 4773
f 4826 4812 4813
f 4826 4813 4827
f 4773 4776 4760
f 4773 4760 4755
f 4736 4666 4760
f 4760 4666 4667
f 4760 4667 4668
f 4760 4759 4736
f 4811 4791 4812
f 4813 4793 4814
f 4759 4760 4776
f 4758 4775 4757
f 4792 4776 4793
f 4759 4776 4792
f 4792 4758 4759
f 4775 4758 4792
f 4792 4791 4775
f 4812 4791 4792
f 4792 4813 4812
f 4793 4813 4792
f 4572 4587 4569
f 4569 4587 4594
f 4594 4593 4569
f 4569 4593 4590
f 4572 4573 4587
f 4568 4569 4589
f 4589 4569 4590
f 5039 5038 5037
f 5037 5038 5032
f 5037 5032 5031
f 5031 5032 5030
f 5031 5030 5025
f 5025 5030 5016
f 5025 5016 5011
f 5011 5016 4986
f 5011 4986 4982
f 4982 4986 4992
f 4982 4992 4987
f 4987 4992 4998
f 4987 4998 4993
f 4993 4998 5004
f 4993 5004 4999
f 4999 5004 5020
f 4999 5020 5019
f 5019 5020 5036
f 5019 5036 5035
f 5035 5036 5034
f 5035 5034 5033
f 5033 5034 5040
f 5033 5040 5039
f 5039 5040 5038
f 4998 4992 5018
f 5018 5020 5004
f 5018 5004 4998
f 5018 5036 5020
f 5018 5034 5036
f 5018 5040 5034
f 5032 5038 5018
f 5018 5038 5040
f 5018 5030 5032
f 5018 5016 5030
f 4992 4986 5018
f 5018 4986 5016
f 4993 5017 4987
f 5017 5011 4982
f 5017 4982 4987
f 5017 5025 5011
f 5017 5031 5025
f 5039 5037 5017
f 5017 5037 5031
f 5033 5039 5017
f 5017 5035 5033
f 5017 5019 5035
f 4993 4999 5017
f 5017 4999 5019
f 4862 4885 4884
f 4884 4861 4862
f 4862 4880 4885
f 4831 4837 4836
f 4837 4831 4832
f 4837 4832 4833
f 4837 4833 4838
f 4880 4881 4862
f 4863 4862 4881
f 4985 5015 4986
f 4986 5015 5016
f 4965 4992 4969
f 4969 4992 4998
f 4973 5003 4977
f 4977 5003 5002
f 4977 5002 5006
f 4977 5006 4976
f 5030 5016 5029
f 5016 5015 5029
f 5029 5015 5010
f 5029 5010 5024
f 5024 5010 5023
f 5023 5010 5009
f 5009 4980 4956
f 4831 4842 4843
f 4831 4843 4832
f 4832 4843 4833
f 4843 4844 4833
f 4846 4838 4833
f 4846 4833 4844
f 4856 4875 4858
f 4858 4875 4877
f 4863 4881 4880
f 4863 4880 4862
f 4906 4884 4885
f 4906 4885 4907
f 4969 4968 4965
f 4965 4968 4964
f 4965 4964 4992
f 4992 4964 4991
f 4998 4997 4968
f 4998 4968 4969
f 4973 4977 4972
f 4976 4972 4977
f 4985 4986 4991
f 4991 4986 4992
f 5013 5016 5014
f 4986 5016 4984
f 4984 5016 5013
f 4992 4986 4989
f 4989 4986 4984
f 4990 4992 4989
f 4992 4990 4998
f 4998 4990 4996
f 4995 4998 4996
f 4995 4997 4998
f 4997 4995 5001
f 4997 5001 5003
f 5003 5001 5002
f 5003 5002 5006
f 5029 5024 5027
f 5027 5024 5023
f 5028 5030 5029
f 5028 5029 5027
f 5028 5014 5030
f 5030 5014 5016
f 4872 4873 4854
f 4935 4957 4960
f 4935 4960 4938
f 4934 4956 4935
f 4935 4956 4957
f 4851 4843 4850
f 4850 4843 4842
f 4844 4843 4851
f 4852 4844 4851
f 4852 4846 4844
f 4893 4854 4873
f 4856 4854 4893
f 4895 4856 4893
f 4895 4875 4856
f 4899 4875 4895
f 4858 4877 4899
f 4899 4877 4875
f 4898 4858 4899
f 4863 4858 4898
f 4863 4902 4862
f 4902 4863 4898
f 4902 4880 4862
f 4907 4885 4902
f 4902 4885 4880
f 4973 4997 5003
f 4942 4964 4968
f 4942 4968 4946
f 4938 4960 4942
f 4942 4960 4964
f 4893 4873 4892
f 4914 4893 4892
f 4914 4892 4911
f 4892 4873 4872
f 4872 4868 4889
f 4888 4910 4889
f 4889 4910 4911
f 4889 4868 4888
f 4888 4868 4867
f 4892 4872 4889
f 4892 4889 4911
f 4850 4867 4851
f 4851 4867 4868
f 4851 4868 4872
f 4851 4872 4852
f 4852 4872 4854
f 4852 4854 4846
f 4926 4931 4902
f 4926 4902 4922
f 4893 4914 4915
f 4893 4915 4895
f 4895 4915 4919
f 4895 4919 4918
f 4895 4918 4898
f 4898 4918 4922
f 4898 4922 4902
f 4930 4906 4931
f 4931 4906 4907
f 4931 4907 4902
f 4898 4899 4895
f 4949 4973 4953
f 4953 4973 4952
f 4952 4973 4972
f 4952 4972 4976
f 4949 4946 4973
f 4946 4968 4973
f 4973 4968 4997
f 4952 4930 4953
f 4953 4930 4931
f 4953 4931 4949
f 4949 4931 4926
f 4949 4926 4946
f 4946 4926 4922
f 4946 4922 4968
f 4910 4934 4911
f 4911 4934 4935
f 4911 4935 4914
f 4914 4935 4938
f 4914 4938 4915
f 4915 4938 4919
f 4919 4938 4942
f 4919 4942 4918
f 4918 4942 4922
f 4922 4942 4946
f 4850 4842 4867
f 4991 4964 4960
f 4985 4991 4960
f 4956 4980 4981
f 4985 4960 4981
f 4981 4960 4957
f 4981 4957 4956
f 5015 4985 5010
f 5010 4985 4981
f 5010 4981 5009
f 5009 4981 4980
f 4884 4883 4861
f 4883 4882 4861
f 4861 4882 4860
f 4860 4882 4879
f 4829 4830 4835
f 4835 4830 4836
f 4836 4830 4831
f 4835 4834 4828
f 4835 4828 4829
f 4878 4879 4859
f 4859 4879 4860
f 5012 4983 5011
f 5011 4983 4982
f 5021 5007 5026
f 5026 5007 5012
f 5007 5021 5022
f 5007 5022 5008
f 5009 4979 5008
f 5009 5008 5023
f 5023 5008 5022
f 4979 5009 4955
f 4955 5009 4956
f 4955 4956 4934
f 4955 4934 4933
f 4933 4934 4910
f 4933 4910 4909
f 4842 4866 4867
f 4867 4866 4887
f 4867 4887 4888
f 4888 4887 4910
f 4910 4887 4909
f 4842 4841 4866
f 4841 4830 4829
f 4841 4829 4840
f 4828 4839 4840
f 4828 4840 4829
f 4874 4855 4857
f 4857 4876 4874
f 4883 4905 4882
f 4882 4905 4904
f 4905 4883 4884
f 4905 4884 4906
f 4839 4828 4834
f 4839 4834 4845
f 4830 4841 4842
f 4830 4842 4831
f 5026 5012 5011
f 5026 5011 5025
f 4966 4993 4987
f 4966 4987 4962
f 5000 4970 4974
f 5000 4974 5001
f 5001 4974 5005
f 5005 4974 4975
f 4975 4976 5005
f 5005 4976 5006
f 4982 4983 4987
f 4987 4983 4988
f 4987 4988 4962
f 4988 4963 4962
f 4962 4963 4966
f 4963 4967 4966
f 4966 4967 4993
f 4993 4967 4994
f 4974 4970 4971
f 4974 4971 4975
f 4975 4971 4976
f 4976 4971 4972
f 5011 4982 4984
f 5000 5001 4994
f 4994 5001 4995
f 4995 4993 4994
f 4996 4993 4995
f 4990 4987 4996
f 4996 4987 4993
f 4987 4990 4989
f 4984 4982 4989
f 4989 4982 4987
f 5013 5011 4984
f 5014 5011 5013
f 5001 5005 5002
f 5002 5005 5006
f 5026 5025 5028
f 5027 5023 5022
f 5027 5022 5021
f 5021 5026 5027
f 5027 5026 5028
f 5014 5028 5025
f 5011 5014 5025
f 4930 4952 4951
f 4963 4941 4967
f 4967 4941 4945
f 4970 4994 4967
f 4976 4975 4952
f 4901 4879 4882
f 4901 4882 4904
f 4860 4879 4901
f 4901 4859 4860
f 4859 4901 4897
f 4859 4897 4857
f 4857 4897 4896
f 4876 4857 4896
f 4894 4874 4896
f 4896 4874 4876
f 4853 4855 4870
f 4870 4855 4874
f 4839 4845 4847
f 4847 4845 4853
f 4848 4839 4847
f 4840 4839 4848
f 4849 4841 4840
f 4955 4933 4932
f 4932 4954 4955
f 4937 4959 4932
f 4932 4959 4954
f 4928 4925 4901
f 4921 4901 4925
f 4906 4930 4905
f 4905 4930 4929
f 4905 4929 4904
f 4904 4929 4928
f 4904 4928 4901
f 4921 4897 4901
f 4896 4897 4921
f 4896 4921 4894
f 4894 4921 4917
f 4912 4890 4916
f 4916 4890 4894
f 4916 4894 4917
f 4890 4912 4913
f 4890 4913 4891
f 4891 4913 4886
f 4886 4913 4908
f 4890 4870 4894
f 4894 4870 4874
f 4891 4870 4890
f 4865 4848 4871
f 4871 4848 4847
f 4871 4847 4853
f 4871 4853 4870
f 4840 4848 4849
f 4849 4848 4865
f 4849 4865 4866
f 4866 4865 4886
f 4866 4886 4887
f 4887 4886 4908
f 4887 4908 4909
f 4886 4865 4891
f 4891 4865 4871
f 4891 4871 4870
f 4933 4909 4932
f 4932 4909 4908
f 4932 4908 4937
f 4937 4908 4913
f 4937 4913 4912
f 4952 4975 4951
f 4951 4975 4971
f 4951 4971 4950
f 4950 4971 4970
f 4950 4970 4948
f 4967 4945 4970
f 4929 4930 4951
f 4929 4951 4928
f 4928 4951 4950
f 4928 4950 4925
f 4925 4950 4948
f 4925 4948 4921
f 5000 4994 4970
f 4948 4970 4945
f 4948 4945 4921
f 4921 4945 4917
f 4917 4945 4941
f 4917 4941 4916
f 4916 4941 4963
f 4916 4963 4912
f 4912 4963 4959
f 4912 4959 4937
f 4841 4849 4866
f 4959 4988 4983
f 4963 4988 4959
f 4979 4955 4954
f 4959 4983 4954
f 4954 4983 4978
f 4954 4978 4979
f 4983 5012 4978
f 4978 5012 5007
f 4978 5007 4979
f 4979 5007 5008
f 4859 4858 4863
f 4863 4862 4861
f 4863 4861 4859
f 4859 4861 4860
f 4834 4835 4845
f 4845 4835 4836
f 4837 4838 4846
f 4837 4846 4836
f 4836 4846 4845
f 4854 4853 4846
f 4846 4853 4845
f 4856 4855 4853
f 4856 4853 4854
f 4858 4857 4856
f 4856 4857 4855
f 4857 4858 4859
f 4939 4960 4961
f 4960 4939 4938
f 4938 4957 4960
f 4899 4877 4895
f 4895 4877 4875
f 4899 4863 4858
f 4880 4881 4902
f 4902 4881 4903
f 4903 4881 4863
f 4969 4947 4965
f 4965 4947 4943
f 4939 4961 4943
f 4943 4961 4965
f 4957 4938 4935
f 4935 4938 4911
f 4889 4914 4893
f 4869 4889 4873
f 4873 4889 4893
f 4852 4869 4854
f 4854 4869 4873
f 4851 4868 4852
f 4930 4929 4906
f 4930 4906 4907
f 4930 4907 4931
f 4895 4919 4899
f 4899 4919 4923
f 4976 4952 4977
f 4977 4952 4953
f 4977 4953 4973
f 4903 4899 4923
f 4903 4923 4927
f 4927 4923 4947
f 4927 4947 4949
f 4949 4947 4973
f 4899 4903 4863
f 4949 4926 4927
f 4927 4926 4902
f 4927 4902 4903
f 4852 4868 4869
f 4869 4868 4889
f 4889 4911 4914
f 4914 4911 4938
f 4915 4938 4939
f 4915 4939 4919
f 4919 4939 4943
f 4919 4943 4923
f 4923 4943 4947
f 4923 4947 4969
f 4947 4969 4973
f 4973 4969 4998
f 4973 4998 4997
f 4961 4986 4992
f 4961 4992 4965
f 4986 4961 4985
f 4985 4961 4960
f 4985 4960 4957
f 4985 4957 4981
f 4981 4957 4980
f 4980 4957 4956
f 4944 4966 4940
f 4940 4966 4962
f 4970 4994 4966
f 4966 4994 4993
f 4901 4878 4879
f 4900 4859 4901
f 4901 4859 4878
f 4896 4857 4900
f 4900 4857 4859
f 4847 4839 4853
f 4853 4839 4845
f 4937 4959 4954
f 4937 4954 4932
f 4936 4959 4937
f 4936 4958 4959
f 4929 4905 4906
f 4920 4896 4924
f 4924 4896 4900
f 4924 4900 4925
f 4925 4900 4901
f 4916 4894 4920
f 4920 4894 4896
f 4913 4886 4890
f 4886 4865 4864
f 4886 4864 4890
f 4890 4864 4870
f 4865 4848 4847
f 4865 4847 4864
f 4864 4847 4870
f 4870 4847 4853
f 4937 4913 4936
f 4936 4913 4912
f 4951 4975 4950
f 4950 4975 4974
f 4950 4974 4948
f 4948 4974 4970
f 4948 4970 4944
f 4944 4970 4966
f 4925 4948 4924
f 4924 4948 4944
f 4924 4944 4920
f 4920 4944 4916
f 4916 4944 4940
f 4916 4940 4962
f 4916 4962 4912
f 4912 4962 4958
f 4912 4958 4936
f 4987 4982 4958
f 4958 4962 4987
f 4982 4983 5012
f 4958 4982 4959
f 4959 4982 4983
f 4954 4978 4955
f 4955 4978 4979
f 5155 5153 5154
f 5155 5154 5178
f 5178 5177 5152
f 5178 5152 5155
f 5155 5156 5153
f 5177 5178 5199
f 5199 5178 5200
f 5199 5200 5217
f 5217 5200 5218
f 5217 5218 5235
f 5235 5251 5250
f 5250 5234 5235
f 5235 5234 5217
f 5267 5266 5249
f 5249 5266 5248
f 5248 5250 5249
f 5249 5250 5251
f 5277 5276 5261
f 5261 5276 5260
f 5258 5259 5274
f 5274 5259 5275
f 5259 5258 5242
f 5259 5242 5243
f 5276 5289 5275
f 5275 5297 5296
f 5275 5296 5292
f 5275 5295 5299
f 5299 5298 5275
f 5275 5292 5287
f 5261 5260 5244
f 5261 5244 5245
f 5289 5288 5275
f 5275 5288 5295
f 5275 5298 5297
f 5287 5286 5275
f 5193 5194 5212
f 5193 5212 5211
f 5227 5243 5242
f 5245 5244 5228
f 5245 5228 5229
f 5229 5228 5211
f 5229 5211 5212
f 5242 5226 5227
f 5227 5226 5210
f 5210 5226 5209
f 5210 5209 5188
f 5188 5209 5187
f 5278 5279 5276
f 5278 5276 5275
f 5279 5278 5264
f 5264 5278 5263
f 5264 5263 5265
f 5265 5263 5267
f 5267 5263 5262
f 5267 5262 5266
f 5159 5167 5166
f 5159 5166 5158
f 5136 5135 5127
f 5128 5136 5127
f 5129 5130 5137
f 5137 5130 5138
f 5162 5163 5169
f 5162 5169 5168
f 5158 5078 5159
f 5159 5078 5079
f 5159 5079 5167
f 5167 5079 5087
f 5167 5087 5166
f 5166 5087 5086
f 5166 5086 5158
f 5158 5086 5078
f 5167 5127 5159
f 5190 5128 5167
f 5167 5128 5127
f 5190 5136 5128
f 5190 5191 5136
f 5136 5191 5137
f 5191 5129 5137
f 5168 5130 5191
f 5191 5130 5129
f 5162 5130 5168
f 5162 5082 5163
f 5163 5082 5083
f 5163 5083 5169
f 5169 5083 5089
f 5169 5089 5168
f 5168 5089 5088
f 5168 5088 5162
f 5162 5088 5082
f 5131 5130 5088
f 5131 5088 5089
f 5138 5135 5137
f 5137 5135 5136
f 5087 5127 5126
f 5087 5126 5086
f 5092 5099 5098
f 5093 5099 5092
f 5094 5095 5101
f 5100 5094 5101
f 5144 5100 5145
f 5145 5100 5101
f 5142 5098 5143
f 5143 5098 5099
f 5127 5087 5079
f 5127 5079 5159
f 5167 5159 5181
f 5189 5167 5181
f 5190 5167 5189
f 5190 5189 5182
f 5182 5189 5181
f 5160 5182 5181
f 5159 5160 5181
f 5160 5161 5182
f 5182 5161 5183
f 5182 5183 5190
f 5190 5183 5191
f 5168 5191 5192
f 5192 5191 5184
f 5184 5191 5183
f 5168 5192 5184
f 5162 5168 5184
f 5162 5184 5183
f 5162 5183 5161
f 5088 5130 5082
f 5082 5130 5162
f 5139 5138 5130
f 5139 5130 5131
f 5126 5127 5134
f 5134 5127 5135
f 5134 5135 5139
f 5139 5135 5138
f 5148 5104 5142
f 5142 5104 5098
f 5134 5092 5098
f 5134 5098 5142
f 5093 5092 5135
f 5135 5092 5134
f 5143 5099 5093
f 5143 5093 5135
f 5138 5094 5100
f 5138 5100 5144
f 5095 5094 5139
f 5139 5094 5138
f 5145 5101 5095
f 5145 5095 5139
f 5101 5105 5149
f 5101 5149 5145
f 5105 5104 5149
f 5149 5104 5148
f 5148 5142 5143
f 5145 5149 5144
f 5148 5143 5144
f 5148 5144 5149
f 5111 5110 5105
f 5105 5110 5109
f 5105 5109 5104
f 5104 5109 5108
f 5068 5054 5126
f 5068 5126 5134
f 5068 5134 5072
f 5068 5086 5054
f 5054 5086 5126
f 5046 5068 5054
f 5046 5062 5068
f 5062 5046 5078
f 5047 5079 5046
f 5046 5079 5078
f 5159 5079 5047
f 5159 5047 5160
f 5160 5047 5048
f 5048 5049 5160
f 5160 5049 5161
f 5050 5082 5162
f 5050 5162 5049
f 5049 5162 5161
f 5055 5069 5051
f 5051 5069 5065
f 5065 5083 5051
f 5051 5083 5050
f 5050 5083 5082
f 5069 5055 5089
f 5089 5055 5131
f 5139 5131 5073
f 5073 5131 5069
f 5069 5131 5055
f 5072 5134 5092
f 5098 5072 5092
f 5139 5073 5095
f 5073 5101 5095
f 5101 5102 5105
f 5105 5102 5106
f 5102 5101 5146
f 5146 5101 5145
f 5097 5098 5104
f 5097 5104 5103
f 5139 5140 5145
f 5145 5140 5146
f 5098 5097 5141
f 5098 5141 5142
f 5133 5134 5142
f 5133 5142 5141
f 5135 5138 5143
f 5138 5144 5143
f 5098 5097 5091
f 5098 5091 5072
f 5091 5071 5072
f 5072 5071 5068
f 5068 5071 5053
f 5068 5053 5054
f 5044 5050 5049
f 5044 5049 5043
f 5041 5042 5048
f 5041 5048 5047
f 5054 5053 5046
f 5056 5055 5051
f 5056 5051 5052
f 5048 5042 5049
f 5049 5042 5043
f 5046 5053 5045
f 5069 5055 5056
f 5069 5056 5073
f 5073 5056 5074
f 5102 5101 5096
f 5096 5101 5073
f 5096 5073 5074
f 5096 5095 5102
f 5102 5095 5101
f 5092 5134 5091
f 5091 5134 5133
f 5097 5098 5092
f 5097 5092 5091
f 5103 5104 5098
f 5103 5098 5097
f 5078 5086 5077
f 5077 5086 5085
f 5068 5085 5086
f 5068 5067 5085
f 5067 5068 5061
f 5068 5062 5061
f 5069 5066 5065
f 5066 5069 5070
f 5089 5070 5069
f 5089 5090 5070
f 5089 5084 5090
f 5089 5083 5084
f 5139 5095 5140
f 5140 5095 5096
f 5104 5108 5107
f 5108 5109 5107
f 5104 5107 5103
f 5103 5147 5141
f 5141 5147 5173
f 5097 5103 5141
f 5141 5173 5171
f 5171 5133 5141
f 5171 5173 5197
f 5165 5171 5187
f 5187 5171 5195
f 5197 5195 5171
f 5196 5172 5194
f 5170 5194 5172
f 5172 5196 5198
f 5172 5198 5174
f 5106 5102 5146
f 5174 5150 5146
f 5146 5140 5172
f 5106 5146 5150
f 5172 5174 5146
f 5112 5110 5111
f 5112 5105 5106
f 5111 5105 5112
f 5213 5215 5230
f 5248 5246 5230
f 5187 5195 5213
f 5213 5195 5197
f 5210 5188 5187
f 5210 5209 5227
f 5227 5209 5226
f 5232 5248 5230
f 5197 5215 5232
f 5213 5197 5215
f 5215 5197 5230
f 5230 5197 5232
f 5278 5275 5259
f 5263 5278 5259
f 5263 5259 5243
f 5243 5227 5246
f 5243 5246 5263
f 5263 5246 5262
f 5210 5187 5209
f 5209 5187 5213
f 5209 5213 5226
f 5226 5213 5230
f 5226 5230 5227
f 5227 5230 5246
f 5262 5246 5248
f 5262 5248 5266
f 5259 5258 5275
f 5270 5271 5255
f 5299 5295 5294
f 5299 5294 5298
f 5292 5296 5293
f 5293 5296 5297
f 5274 5275 5258
f 5276 5273 5285
f 5276 5285 5289
f 5260 5257 5273
f 5276 5260 5273
f 5271 5283 5284
f 5284 5272 5271
f 5255 5271 5272
f 5282 5270 5281
f 5281 5270 5269
f 5270 5282 5271
f 5271 5282 5283
f 5254 5270 5255
f 5253 5269 5254
f 5254 5269 5270
f 5287 5280 5286
f 5286 5280 5268
f 5286 5268 5275
f 5293 5297 5294
f 5294 5297 5298
f 5289 5285 5288
f 5288 5285 5284
f 5288 5284 5294
f 5294 5284 5283
f 5294 5283 5291
f 5294 5291 5293
f 5293 5291 5290
f 5293 5290 5282
f 5293 5282 5287
f 5287 5282 5281
f 5287 5281 5280
f 5273 5272 5284
f 5281 5269 5268
f 5285 5273 5284
f 5291 5283 5290
f 5290 5283 5282
f 5280 5281 5268
f 5295 5288 5294
f 5292 5293 5287
f 5275 5268 5259
f 5259 5268 5252
f 5272 5256 5255
f 5257 5256 5273
f 5273 5256 5272
f 5268 5269 5252
f 5252 5269 5253
f 5237 5221 5220
f 5240 5224 5223
f 5071 5067 5053
f 5070 5074 5056
f 5171 5165 5133
f 5125 5078 5077
f 5125 5077 5085
f 5117 5118 5078
f 5083 5123 5124
f 5083 5124 5084
f 5124 5090 5084
f 5058 5059 5043
f 5043 5059 5044
f 5044 5059 5060
f 5044 5060 5050
f 5050 5060 5064
f 5050 5064 5051
f 5051 5064 5065
f 5058 5075 5059
f 5059 5075 5076
f 5059 5076 5082
f 5059 5082 5064
f 5064 5082 5083
f 5064 5083 5065
f 5076 5081 5082
f 5070 5056 5066
f 5066 5056 5052
f 5066 5052 5065
f 5065 5052 5051
f 5096 5074 5070
f 5090 5096 5070
f 5115 5121 5116
f 5161 5121 5160
f 5160 5121 5115
f 5081 5121 5082
f 5082 5121 5122
f 5082 5122 5083
f 5083 5122 5123
f 5090 5132 5096
f 5096 5132 5140
f 5172 5140 5170
f 5132 5090 5124
f 5132 5170 5140
f 5121 5161 5122
f 5122 5161 5162
f 5122 5162 5123
f 5123 5162 5163
f 5123 5163 5164
f 5123 5164 5124
f 5124 5164 5132
f 5132 5164 5170
f 5229 5212 5225
f 5225 5212 5208
f 5225 5208 5207
f 5225 5207 5224
f 5224 5207 5206
f 5261 5245 5260
f 5260 5245 5244
f 5260 5244 5257
f 5257 5244 5241
f 5257 5241 5256
f 5256 5241 5240
f 5224 5240 5225
f 5225 5240 5241
f 5225 5241 5229
f 5229 5241 5244
f 5229 5244 5245
f 5203 5181 5202
f 5202 5181 5180
f 5202 5180 5201
f 5201 5180 5179
f 5201 5179 5209
f 5209 5179 5187
f 5212 5194 5208
f 5208 5194 5186
f 5208 5186 5207
f 5207 5186 5185
f 5207 5185 5206
f 5206 5185 5184
f 5206 5184 5205
f 5205 5184 5183
f 5205 5183 5204
f 5204 5183 5182
f 5204 5182 5203
f 5203 5182 5181
f 5253 5237 5252
f 5252 5237 5236
f 5252 5236 5259
f 5259 5236 5243
f 5226 5242 5243
f 5226 5243 5219
f 5219 5243 5236
f 5219 5236 5220
f 5220 5236 5237
f 5255 5239 5254
f 5254 5239 5238
f 5254 5238 5253
f 5253 5238 5237
f 5255 5256 5240
f 5255 5240 5239
f 5239 5240 5223
f 5239 5223 5238
f 5238 5223 5222
f 5238 5222 5221
f 5238 5221 5237
f 5221 5203 5220
f 5220 5203 5202
f 5220 5202 5219
f 5219 5202 5201
f 5219 5201 5226
f 5226 5201 5209
f 5071 5091 5085
f 5085 5067 5071
f 5053 5067 5045
f 5045 5067 5061
f 5045 5061 5046
f 5046 5061 5062
f 5125 5085 5133
f 5133 5085 5091
f 5117 5078 5125
f 5047 5046 5062
f 5047 5062 5063
f 5063 5062 5078
f 5063 5078 5079
f 5043 5042 5058
f 5079 5075 5058
f 5079 5058 5057
f 5057 5058 5041
f 5042 5041 5058
f 5060 5059 5064
f 5118 5079 5078
f 5158 5118 5157
f 5157 5118 5117
f 5157 5117 5165
f 5165 5117 5125
f 5165 5125 5133
f 5117 5118 5125
f 5047 5063 5057
f 5079 5118 5119
f 5119 5118 5158
f 5119 5158 5159
f 5119 5159 5120
f 5159 5160 5120
f 5120 5160 5115
f 5115 5116 5076
f 5076 5075 5115
f 5115 5075 5120
f 5120 5075 5080
f 5120 5080 5119
f 5116 5121 5081
f 5116 5081 5076
f 5080 5075 5079
f 5080 5079 5119
f 5224 5206 5223
f 5223 5206 5205
f 5223 5205 5222
f 5222 5205 5204
f 5222 5204 5221
f 5221 5204 5203
f 5181 5159 5180
f 5180 5159 5158
f 5180 5158 5179
f 5179 5158 5157
f 5179 5157 5187
f 5187 5157 5165
f 5194 5170 5186
f 5186 5170 5164
f 5186 5164 5185
f 5185 5164 5163
f 5185 5163 5184
f 5184 5163 5162
f 5079 5057 5063
f 5057 5041 5047
f 5196 5194 5212
f 5196 5214 5216
f 5196 5216 5198
f 5267 5249 5247
f 5267 5247 5265
f 5211 5228 5212
f 5228 5229 5212
f 5212 5214 5196
f 5260 5276 5264
f 5260 5264 5244
f 5244 5264 5247
f 5244 5247 5228
f 5228 5247 5229
f 5229 5247 5231
f 5229 5231 5212
f 5212 5231 5214
f 5231 5247 5249
f 5231 5249 5233
f 5233 5216 5231
f 5231 5216 5214
f 5265 5247 5264
f 5279 5264 5276
f 5110 5112 5109
f 5107 5109 5112
f 5152 5177 5151
f 5107 5113 5152
f 5152 5113 5155
f 5151 5107 5152
f 5103 5107 5147
f 5147 5175 5173
f 5175 5197 5173
f 5217 5234 5232
f 5232 5234 5250
f 5232 5250 5248
f 5217 5232 5215
f 5215 5197 5217
f 5177 5199 5175
f 5177 5175 5151
f 5151 5175 5147
f 5151 5147 5107
f 5175 5199 5197
f 5197 5199 5217
f 5154 5150 5176
f 5176 5174 5198
f 5150 5106 5176
f 5176 5150 5174
f 5154 5112 5150
f 5114 5112 5154
f 5154 5153 5114
f 5114 5153 5156
f 5216 5233 5218
f 5216 5218 5198
f 5249 5251 5233
f 5233 5251 5235
f 5233 5235 5218
f 5178 5154 5176
f 5178 5176 5200
f 5198 5218 5200
f 5198 5200 5176
f 5106 5150 5112
f 5107 5112 5114
f 5156 5113 5107
f 5156 5107 5114
f 5156 5155 5113
f 5307 5437 5429
f 5334 5307 5429
f 5429 5428 5334
f 5428 5333 5334
f 5437 5307 5436
f 5436 5307 5306
f 5302 5432 5304
f 5304 5432 5434
f 5304 5434 5305
f 5305 5434 5435
f 5305 5435 5306
f 5306 5435 5436
f 5316 5342 5337
f 5316 5337 5358
f 5316 5358 5372
f 5316 5390 5406
f 5316 5311 5342
f 5372 5385 5316
f 5316 5385 5390
f 5316 5406 5411
f 5430 5300 5301
f 5301 5431 5430
f 5431 5301 5320
f 5431 5320 5415
f 5415 5320 5315
f 5415 5315 5410
f 5410 5315 5316
f 5410 5316 5411
f 5300 5430 5303
f 5303 5430 5433
f 5303 5433 5432
f 5303 5432 5302
f 5354 5333 5428
f 5428 5402 5354
f 5402 5353 5354
f 5353 5402 5401
f 5353 5382 5368
f 5353 5401 5382
f 5397 5379 5398
f 5402 5382 5401
f 5381 5367 5368
f 5368 5382 5381
f 5398 5399 5422
f 5397 5398 5419
f 5419 5398 5422
f 5396 5397 5416
f 5416 5397 5419
f 5416 5419 5417
f 5417 5419 5420
f 5380 5399 5398
f 5398 5379 5380
f 5397 5396 5379
f 5366 5380 5379
f 5407 5393 5392
f 5392 5393 5387
f 5386 5392 5387
f 5388 5383 5370
f 5388 5370 5387
f 5387 5370 5374
f 5377 5364 5378
f 5378 5364 5365
f 5377 5363 5364
f 5362 5375 5376
f 5362 5361 5375
f 5375 5361 5363
f 5375 5363 5377
f 5370 5369 5374
f 5376 5392 5373
f 5373 5392 5386
f 5374 5360 5359
f 5373 5374 5359
f 5360 5374 5355
f 5355 5374 5369
f 5355 5369 5356
f 5356 5369 5370
f 5373 5359 5376
f 5376 5359 5362
f 5432 5433 5414
f 5414 5433 5430
f 5375 5391 5394
f 5417 5396 5416
f 5418 5413 5412
f 5376 5375 5391
f 5394 5396 5395
f 5395 5396 5417
f 5395 5417 5412
f 5413 5408 5407
f 5407 5408 5393
f 5393 5408 5387
f 5409 5408 5413
f 5409 5413 5414
f 5412 5413 5407
f 5392 5395 5407
f 5407 5395 5412
f 5409 5404 5403
f 5403 5404 5387
f 5408 5409 5403
f 5403 5387 5408
f 5388 5387 5404
f 5394 5395 5392
f 5374 5373 5386
f 5374 5386 5387
f 5414 5413 5432
f 5432 5413 5418
f 5432 5418 5434
f 5434 5418 5421
f 5437 5436 5425
f 5425 5436 5423
f 5399 5400 5424
f 5424 5400 5426
f 5424 5426 5425
f 5425 5426 5427
f 5366 5367 5380
f 5380 5367 5381
f 5381 5382 5400
f 5400 5382 5402
f 5400 5402 5426
f 5426 5402 5428
f 5426 5428 5427
f 5427 5428 5429
f 5436 5435 5423
f 5423 5435 5421
f 5423 5421 5420
f 5420 5421 5417
f 5423 5424 5425
f 5420 5424 5423
f 5435 5434 5421
f 5421 5418 5417
f 5417 5418 5412
f 5394 5392 5391
f 5391 5392 5376
f 5379 5378 5365
f 5379 5365 5366
f 5429 5437 5427
f 5427 5437 5425
f 5420 5419 5424
f 5424 5419 5422
f 5424 5422 5399
f 5400 5399 5381
f 5381 5399 5380
f 5378 5379 5396
f 5378 5396 5377
f 5377 5396 5394
f 5377 5394 5375
f 5384 5390 5385
f 5384 5385 5371
f 5371 5385 5372
f 5390 5384 5389
f 5405 5406 5389
f 5390 5389 5406
f 5430 5431 5414
f 5414 5431 5415
f 5388 5404 5405
f 5383 5384 5370
f 5371 5370 5384
f 5384 5383 5389
f 5389 5383 5388
f 5415 5410 5409
f 5415 5409 5414
f 5409 5410 5404
f 5410 5411 5405
f 5411 5406 5405
f 5405 5389 5388
f 5371 5370 5357
f 5405 5404 5410
f 5300 5303 5302
f 5354 5353 5368
f 5351 5352 5366
f 5352 5367 5366
f 5350 5349 5327
f 5327 5349 5324
f 5349 5348 5324
f 5324 5348 5321
f 5324 5321 5322
f 5324 5322 5325
f 5313 5345 5339
f 5321 5348 5322
f 5348 5346 5322
f 5322 5346 5347
f 5322 5347 5317
f 5338 5339 5344
f 5344 5339 5345
f 5344 5345 5312
f 5312 5345 5313
f 5363 5346 5364
f 5364 5346 5348
f 5364 5348 5349
f 5365 5364 5349
f 5365 5349 5350
f 5366 5365 5350
f 5366 5350 5351
f 5343 5346 5363
f 5343 5363 5361
f 5344 5343 5361
f 5344 5361 5362
f 5344 5347 5346
f 5344 5346 5343
f 5339 5338 5359
f 5339 5359 5360
f 5314 5319 5318
f 5318 5319 5323
f 5360 5355 5339
f 5313 5314 5318
f 5309 5339 5340
f 5335 5340 5339
f 5335 5339 5356
f 5355 5356 5360
f 5360 5356 5339
f 5339 5308 5313
f 5323 5302 5326
f 5326 5302 5304
f 5326 5304 5328
f 5328 5304 5305
f 5328 5305 5330
f 5330 5305 5306
f 5330 5306 5307
f 5330 5307 5332
f 5332 5307 5334
f 5352 5351 5331
f 5331 5351 5329
f 5331 5329 5330
f 5331 5330 5332
f 5368 5367 5352
f 5368 5352 5354
f 5354 5352 5331
f 5354 5331 5333
f 5333 5331 5332
f 5333 5332 5334
f 5312 5313 5317
f 5317 5313 5318
f 5326 5325 5323
f 5317 5347 5344
f 5338 5344 5362
f 5338 5362 5359
f 5312 5317 5344
f 5330 5329 5328
f 5328 5329 5325
f 5351 5350 5327
f 5351 5327 5329
f 5329 5327 5324
f 5329 5324 5325
f 5308 5339 5309
f 5308 5309 5314
f 5308 5314 5313
f 5317 5318 5322
f 5322 5318 5323
f 5326 5328 5325
f 5319 5300 5302
f 5319 5302 5323
f 5322 5323 5325
f 5301 5300 5319
f 5342 5311 5310
f 5342 5310 5341
f 5357 5337 5336
f 5336 5337 5342
f 5336 5342 5341
f 5357 5358 5337
f 5371 5372 5358
f 5358 5357 5371
f 5316 5315 5311
f 5311 5315 5310
f 5320 5301 5319
f 5320 5319 5315
f 5315 5319 5314
f 5370 5371 5356
f 5356 5371 5357
f 5336 5356 5357
f 5336 5341 5340
f 5336 5340 5335
f 5336 5335 5356
f 5314 5309 5315
f 5315 5309 5310
f 5309 5340 5341
f 5310 5309 5341
f 5648 5740 5668
f 5668 5740 5735
f 5648 5626 5709
f 5648 5709 5740
f 5805 5806 5728
f 5728 5806 5850
f 5728 5850 5851
f 5726 5761 5727
f 5727 5761 5762
f 5689 5727 5728
f 5728 5727 5805
f 5762 5800 5727
f 5727 5800 5801
f 5727 5801 5802
f 5803 5804 5727
f 5727 5804 5805
f 5438 5564 5537
f 5447 5857 5448
f 5448 5857 5449
f 5449 5857 5858
f 5445 5854 5446
f 5446 5854 5855
f 5446 5855 5447
f 5447 5855 5856
f 5447 5856 5857
f 5727 5802 5803
f 5537 5439 5438
f 5538 5439 5537
f 5442 5441 5538
f 5538 5441 5440
f 5538 5440 5439
f 5538 5728 5442
f 5442 5728 5851
f 5442 5851 5443
f 5443 5851 5852
f 5443 5852 5444
f 5444 5852 5853
f 5444 5853 5445
f 5445 5853 5854
f 5668 5735 5737
f 5738 5737 5735
f 5519 5577 5573
f 5738 5732 5696
f 5569 5451 5462
f 5569 5475 5488
f 5573 5488 5519
f 5519 5488 5501
f 5708 5738 5702
f 5702 5738 5696
f 5702 5696 5573
f 5573 5696 5569
f 5573 5569 5488
f 5462 5475 5569
f 5501 5512 5519
f 5519 5512 5526
f 5564 5438 5539
f 5564 5539 5569
f 5451 5517 5539
f 5438 5451 5539
f 5451 5569 5517
f 5732 5727 5696
f 5696 5727 5689
f 5726 5727 5731
f 5731 5727 5732
f 5732 5738 5737
f 5731 5730 5729
f 5731 5729 5726
f 5737 5735 5736
f 5737 5736 5731
f 5737 5731 5732
f 5736 5733 5731
f 5731 5733 5730
f 5581 5580 5605
f 5604 5603 5626
f 5581 5576 5577
f 5581 5577 5582
f 5540 5543 5577
f 5577 5543 5582
f 5519 5526 5540
f 5526 5543 5540
f 5793 5748 5749
f 5673 5674 5716
f 5468 5481 5467
f 5528 5529 5546
f 5529 5530 5547
f 5591 5615 5614
f 5678 5656 5657
f 5747 5713 5757
f 5441 5465 5453
f 5442 5443 5454
f 5587 5586 5554
f 5669 5670 5710
f 5669 5710 5709
f 5709 5710 5741
f 5709 5741 5740
f 5778 5736 5735
f 5761 5763 5764
f 5801 5800 5764
f 5764 5800 5762
f 5764 5762 5761
f 5853 5862 5854
f 5854 5862 5863
f 5854 5863 5855
f 5858 5866 5859
f 5859 5866 5867
f 5787 5777 5838
f 5739 5756 5718
f 5630 5631 5653
f 5610 5631 5630
f 5554 5542 5587
f 5587 5542 5578
f 5524 5525 5541
f 5542 5554 5541
f 5542 5541 5525
f 5474 5487 5486
f 5461 5449 5450
f 5449 5459 5448
f 5448 5459 5458
f 5448 5458 5447
f 5447 5458 5457
f 5447 5457 5446
f 5446 5457 5456
f 5446 5456 5445
f 5445 5456 5455
f 5445 5455 5444
f 5444 5455 5454
f 5444 5454 5443
f 5441 5453 5440
f 5440 5453 5439
f 5453 5452 5439
f 5451 5438 5452
f 5452 5438 5439
f 5476 5488 5475
f 5489 5502 5488
f 5527 5512 5501
f 5527 5501 5513
f 5513 5501 5502
f 5544 5543 5527
f 5527 5543 5526
f 5582 5543 5588
f 5543 5544 5583
f 5543 5583 5588
f 5606 5580 5581
f 5611 5581 5582
f 5606 5605 5580
f 5626 5649 5648
f 5649 5626 5627
f 5627 5626 5603
f 5627 5603 5604
f 5669 5648 5649
f 5816 5812 5811
f 5811 5812 5860
f 5815 5816 5811
f 5815 5811 5810
f 5804 5809 5810
f 5809 5808 5814
f 5814 5808 5813
f 5814 5813 5771
f 5819 5814 5771
f 5819 5771 5775
f 5780 5781 5776
f 5776 5781 5827
f 5827 5828 5820
f 5820 5828 5821
f 5821 5822 5817
f 5775 5780 5776
f 5775 5776 5827
f 5819 5827 5820
f 5819 5820 5815
f 5815 5820 5821
f 5815 5821 5816
f 5816 5821 5817
f 5816 5817 5812
f 5810 5809 5815
f 5815 5809 5814
f 5815 5814 5819
f 5827 5819 5775
f 5813 5808 5768
f 5813 5768 5771
f 5803 5802 5807
f 5802 5801 5807
f 5807 5801 5764
f 5807 5764 5765
f 5765 5764 5767
f 5767 5764 5766
f 5767 5766 5770
f 5779 5774 5773
f 5773 5774 5770
f 5747 5748 5793
f 5747 5793 5792
f 5781 5780 5790
f 5713 5720 5721
f 5766 5769 5770
f 5770 5769 5772
f 5770 5772 5773
f 5773 5772 5779
f 5779 5772 5778
f 5789 5779 5788
f 5743 5744 5742
f 5742 5744 5789
f 5742 5789 5788
f 5779 5736 5788
f 5788 5736 5742
f 5742 5736 5741
f 5779 5778 5736
f 5736 5735 5741
f 5740 5741 5735
f 5742 5741 5743
f 5780 5779 5789
f 5780 5789 5790
f 5790 5789 5744
f 5790 5744 5745
f 5745 5744 5711
f 5711 5744 5743
f 5743 5741 5710
f 5743 5710 5711
f 5711 5710 5671
f 5671 5710 5670
f 5614 5615 5635
f 5635 5615 5636
f 5635 5636 5657
f 5591 5614 5590
f 5590 5614 5613
f 5590 5613 5589
f 5657 5656 5635
f 5635 5656 5634
f 5635 5634 5613
f 5635 5613 5614
f 5546 5529 5547
f 5546 5547 5555
f 5555 5547 5556
f 5555 5556 5590
f 5590 5556 5591
f 5590 5589 5555
f 5555 5589 5545
f 5555 5545 5546
f 5546 5545 5528
f 5612 5613 5633
f 5633 5613 5634
f 5633 5634 5655
f 5655 5634 5656
f 5655 5656 5677
f 5677 5656 5678
f 5677 5678 5672
f 5588 5589 5612
f 5612 5589 5613
f 5544 5545 5583
f 5583 5545 5589
f 5583 5589 5588
f 5527 5528 5544
f 5504 5505 5515
f 5515 5505 5516
f 5515 5516 5529
f 5529 5516 5530
f 5503 5504 5514
f 5514 5504 5515
f 5514 5515 5528
f 5528 5515 5529
f 5505 5504 5491
f 5491 5504 5503
f 5491 5503 5490
f 5441 5442 5466
f 5441 5466 5465
f 5465 5466 5478
f 5465 5478 5453
f 5453 5478 5477
f 5502 5503 5513
f 5513 5503 5514
f 5513 5514 5527
f 5527 5514 5528
f 5489 5490 5502
f 5502 5490 5503
f 5478 5490 5477
f 5477 5490 5489
f 5477 5489 5476
f 5477 5464 5453
f 5453 5464 5463
f 5453 5463 5452
f 5452 5463 5462
f 5452 5462 5451
f 5671 5650 5654
f 5654 5650 5628
f 5654 5628 5632
f 5632 5628 5606
f 5632 5606 5611
f 5611 5606 5581
f 5670 5669 5649
f 5670 5649 5671
f 5671 5649 5650
f 5650 5649 5627
f 5650 5627 5628
f 5628 5627 5604
f 5628 5604 5606
f 5606 5604 5605
f 5587 5610 5586
f 5619 5641 5640
f 5640 5641 5663
f 5640 5663 5662
f 5651 5663 5641
f 5620 5641 5619
f 5610 5609 5586
f 5586 5609 5585
f 5586 5585 5554
f 5554 5585 5553
f 5554 5553 5541
f 5541 5553 5524
f 5524 5553 5536
f 5617 5593 5618
f 5660 5637 5638
f 5638 5637 5616
f 5712 5672 5719
f 5719 5672 5678
f 5719 5678 5679
f 5679 5678 5657
f 5679 5657 5658
f 5658 5657 5636
f 5658 5636 5659
f 5660 5659 5637
f 5595 5594 5551
f 5551 5594 5559
f 5551 5559 5550
f 5551 5550 5534
f 5534 5550 5533
f 5534 5533 5521
f 5521 5533 5520
f 5521 5520 5509
f 5548 5530 5531
f 5527 5526 5512
f 5507 5520 5532
f 5532 5520 5533
f 5532 5533 5549
f 5549 5533 5550
f 5549 5550 5558
f 5558 5550 5559
f 5558 5559 5593
f 5593 5559 5594
f 5593 5594 5618
f 5545 5544 5528
f 5547 5530 5548
f 5547 5548 5556
f 5556 5548 5557
f 5556 5557 5591
f 5591 5557 5592
f 5591 5592 5615
f 5615 5592 5616
f 5615 5616 5636
f 5636 5616 5637
f 5636 5637 5659
f 5518 5499 5500
f 5500 5499 5487
f 5536 5523 5524
f 5524 5523 5511
f 5498 5499 5511
f 5511 5499 5524
f 5524 5499 5518
f 5524 5518 5525
f 5610 5630 5609
f 5609 5608 5585
f 5585 5608 5584
f 5585 5584 5553
f 5553 5584 5552
f 5553 5552 5536
f 5536 5552 5535
f 5536 5535 5523
f 5523 5535 5522
f 5523 5522 5511
f 5511 5522 5510
f 5511 5510 5498
f 5498 5510 5497
f 5473 5474 5486
f 5473 5486 5485
f 5485 5497 5484
f 5484 5497 5496
f 5484 5496 5483
f 5483 5496 5495
f 5483 5495 5482
f 5482 5495 5494
f 5482 5494 5481
f 5532 5531 5507
f 5507 5531 5506
f 5509 5520 5508
f 5508 5520 5507
f 5491 5492 5505
f 5505 5492 5493
f 5505 5493 5506
f 5506 5493 5494
f 5506 5494 5507
f 5507 5494 5495
f 5507 5495 5508
f 5508 5495 5496
f 5496 5509 5508
f 5502 5501 5488
f 5491 5479 5492
f 5492 5479 5493
f 5497 5485 5498
f 5498 5485 5486
f 5498 5486 5499
f 5499 5486 5487
f 5479 5480 5493
f 5493 5480 5494
f 5494 5480 5481
f 5584 5595 5552
f 5552 5595 5551
f 5552 5551 5535
f 5535 5551 5534
f 5535 5534 5522
f 5522 5534 5521
f 5522 5521 5510
f 5510 5521 5509
f 5510 5509 5497
f 5497 5509 5496
f 5460 5461 5473
f 5460 5473 5472
f 5472 5473 5485
f 5472 5485 5471
f 5471 5485 5484
f 5471 5484 5470
f 5470 5484 5483
f 5470 5483 5469
f 5469 5483 5482
f 5469 5482 5468
f 5449 5461 5460
f 5449 5460 5459
f 5459 5460 5472
f 5459 5472 5458
f 5458 5472 5471
f 5458 5471 5457
f 5457 5471 5470
f 5457 5470 5456
f 5456 5470 5469
f 5456 5469 5455
f 5455 5469 5468
f 5482 5481 5468
f 5455 5468 5467
f 5455 5467 5454
f 5442 5454 5467
f 5442 5467 5466
f 5466 5467 5479
f 5466 5479 5478
f 5464 5477 5476
f 5464 5476 5463
f 5463 5476 5475
f 5463 5475 5462
f 5489 5488 5476
f 5491 5490 5478
f 5491 5478 5479
f 5480 5479 5467
f 5480 5467 5481
f 5474 5473 5461
f 5505 5506 5516
f 5516 5506 5531
f 5516 5531 5530
f 5531 5532 5548
f 5548 5532 5549
f 5548 5549 5557
f 5557 5549 5592
f 5592 5549 5558
f 5592 5558 5593
f 5592 5593 5616
f 5616 5593 5617
f 5616 5617 5638
f 5837 5826 5825
f 5836 5837 5824
f 5824 5837 5825
f 5824 5825 5881
f 5881 5825 5874
f 5874 5825 5826
f 5874 5826 5875
f 5875 5826 5818
f 5873 5874 5866
f 5872 5865 5864
f 5864 5865 5857
f 5864 5857 5856
f 5873 5872 5880
f 5835 5836 5824
f 5835 5824 5880
f 5880 5824 5881
f 5880 5881 5873
f 5873 5881 5874
f 5866 5874 5875
f 5866 5875 5867
f 5856 5855 5864
f 5864 5855 5863
f 5864 5863 5872
f 5872 5863 5871
f 5838 5837 5848
f 5838 5848 5787
f 5787 5848 5786
f 5787 5786 5739
f 5739 5786 5755
f 5739 5755 5756
f 5607 5608 5629
f 5629 5608 5630
f 5629 5630 5652
f 5675 5652 5676
f 5653 5676 5652
f 5653 5652 5630
f 5609 5630 5608
f 5608 5607 5584
f 5584 5607 5595
f 5847 5836 5846
f 5846 5836 5835
f 5785 5847 5784
f 5784 5847 5846
f 5784 5846 5845
f 5725 5684 5685
f 5725 5685 5715
f 5716 5715 5673
f 5673 5715 5685
f 5879 5871 5870
f 5878 5870 5869
f 5878 5869 5877
f 5832 5833 5882
f 5882 5833 5834
f 5882 5834 5883
f 5831 5832 5877
f 5877 5832 5882
f 5877 5882 5878
f 5878 5882 5883
f 5878 5883 5879
f 5879 5870 5878
f 5853 5852 5869
f 5853 5869 5870
f 5853 5870 5862
f 5862 5870 5871
f 5862 5871 5863
f 5852 5861 5869
f 5869 5861 5868
f 5869 5868 5877
f 5877 5868 5876
f 5877 5876 5831
f 5834 5879 5883
f 5832 5831 5842
f 5830 5831 5823
f 5842 5831 5830
f 5842 5830 5841
f 5841 5830 5840
f 5582 5588 5611
f 5611 5588 5612
f 5611 5612 5632
f 5632 5612 5633
f 5632 5633 5654
f 5654 5633 5655
f 5654 5655 5671
f 5671 5655 5677
f 5671 5677 5672
f 5671 5672 5711
f 5711 5672 5712
f 5711 5712 5746
f 5711 5746 5745
f 5745 5746 5791
f 5745 5791 5790
f 5790 5791 5781
f 5781 5791 5782
f 5781 5782 5839
f 5781 5839 5828
f 5828 5839 5829
f 5822 5830 5823
f 5822 5823 5868
f 5850 5806 5811
f 5811 5806 5805
f 5811 5805 5810
f 5810 5805 5804
f 5809 5804 5803
f 5809 5803 5808
f 5808 5803 5807
f 5808 5807 5765
f 5808 5765 5768
f 5768 5765 5767
f 5768 5767 5771
f 5771 5767 5770
f 5771 5770 5775
f 5775 5770 5774
f 5775 5774 5779
f 5775 5779 5780
f 5827 5781 5828
f 5828 5829 5821
f 5821 5829 5830
f 5821 5830 5822
f 5817 5822 5868
f 5817 5868 5812
f 5812 5868 5861
f 5812 5861 5860
f 5860 5861 5852
f 5860 5852 5851
f 5860 5851 5811
f 5811 5851 5850
f 5797 5784 5845
f 5797 5845 5844
f 5799 5785 5798
f 5798 5785 5784
f 5798 5784 5797
f 5796 5797 5844
f 5796 5844 5843
f 5754 5799 5753
f 5753 5799 5798
f 5753 5798 5797
f 5795 5796 5843
f 5661 5683 5682
f 5783 5792 5793
f 5796 5795 5751
f 5753 5752 5715
f 5753 5715 5754
f 5754 5715 5716
f 5754 5716 5755
f 5755 5716 5717
f 5834 5845 5835
f 5837 5838 5826
f 5845 5846 5835
f 5837 5836 5847
f 5837 5847 5848
f 5848 5847 5786
f 5786 5847 5785
f 5786 5785 5799
f 5786 5799 5755
f 5755 5799 5754
f 5795 5750 5751
f 5751 5760 5752
f 5752 5760 5725
f 5752 5725 5714
f 5752 5714 5715
f 5717 5716 5675
f 5840 5783 5841
f 5841 5783 5793
f 5841 5793 5849
f 5849 5793 5794
f 5849 5794 5795
f 5796 5751 5752
f 5795 5794 5750
f 5751 5750 5760
f 5760 5724 5725
f 5714 5725 5715
f 5675 5716 5674
f 5757 5722 5758
f 5758 5722 5723
f 5683 5684 5724
f 5723 5724 5759
f 5759 5750 5749
f 5713 5721 5757
f 5757 5721 5722
f 5723 5682 5683
f 5683 5661 5662
f 5662 5661 5639
f 5662 5639 5640
f 5640 5639 5618
f 5640 5618 5619
f 5794 5793 5749
f 5794 5749 5750
f 5750 5759 5760
f 5760 5759 5724
f 5725 5724 5684
f 5721 5720 5680
f 5721 5680 5722
f 5722 5680 5681
f 5722 5681 5723
f 5723 5681 5682
f 5682 5660 5661
f 5661 5660 5638
f 5661 5638 5639
f 5639 5638 5618
f 5858 5857 5866
f 5866 5857 5865
f 5866 5865 5873
f 5873 5865 5872
f 5880 5872 5871
f 5880 5871 5879
f 5880 5879 5835
f 5835 5879 5834
f 5845 5834 5833
f 5845 5833 5844
f 5844 5833 5832
f 5844 5832 5843
f 5843 5832 5842
f 5747 5757 5748
f 5748 5757 5749
f 5749 5757 5758
f 5749 5758 5759
f 5759 5758 5723
f 5724 5723 5683
f 5684 5683 5662
f 5684 5662 5685
f 5685 5662 5663
f 5685 5663 5673
f 5673 5663 5674
f 5674 5663 5651
f 5674 5651 5675
f 5876 5868 5823
f 5876 5823 5831
f 5830 5829 5840
f 5840 5829 5839
f 5840 5839 5782
f 5840 5782 5783
f 5783 5782 5792
f 5792 5782 5791
f 5792 5791 5747
f 5747 5791 5746
f 5747 5746 5713
f 5713 5746 5712
f 5713 5712 5720
f 5720 5712 5719
f 5720 5719 5679
f 5720 5679 5680
f 5680 5679 5658
f 5680 5658 5681
f 5681 5658 5659
f 5681 5659 5682
f 5682 5659 5660
f 5638 5617 5618
f 5618 5594 5619
f 5619 5594 5595
f 5619 5595 5607
f 5619 5607 5620
f 5620 5607 5641
f 5641 5607 5629
f 5641 5629 5651
f 5651 5629 5652
f 5651 5652 5675
f 5675 5676 5717
f 5717 5676 5718
f 5717 5718 5756
f 5717 5756 5755
f 5752 5753 5797
f 5752 5797 5796
f 5795 5843 5849
f 5849 5843 5842
f 5849 5842 5841
f 5772 5733 5736
f 5736 5778 5772
f 5769 5766 5730
f 5730 5766 5764
f 5733 5772 5730
f 5730 5772 5769
f 5763 5729 5764
f 5764 5729 5730
f 5648 5669 5626
f 5709 5626 5669
f 5867 5461 5450
f 5867 5450 5859
f 5859 5450 5858
f 5858 5450 5449
f 5461 5631 5610
f 5461 5610 5587
f 5867 5653 5461
f 5461 5653 5631
f 5461 5587 5578
f 5461 5578 5542
f 5542 5474 5461
f 5718 5676 5867
f 5867 5676 5653
f 5718 5867 5875
f 5875 5818 5718
f 5718 5818 5826
f 5542 5487 5474
f 5718 5826 5838
f 5718 5838 5739
f 5542 5500 5487
f 5500 5542 5518
f 5542 5525 5518
f 5739 5838 5777
f 5739 5777 5787
f 5761 5726 5763
f 5763 5726 5729
f 5581 5579 5575
f 5581 5575 5576
f 5577 5519 5540
f 5707 5737 5738
f 5738 5708 5707
f 5646 5668 5706
f 5706 5668 5737
f 5648 5646 5647
f 5647 5646 5625
f 5625 5646 5624
f 5625 5624 5601
f 5625 5601 5602
f 5602 5601 5574
f 5602 5574 5603
f 5603 5574 5575
f 5603 5575 5579
f 5668 5646 5648
f 5646 5703 5624
f 5706 5705 5646
f 5646 5705 5704
f 5646 5704 5703
f 5623 5667 5571
f 5572 5699 5700
f 5701 5702 5572
f 5667 5697 5572
f 5572 5697 5698
f 5701 5572 5734
f 5667 5572 5571
f 5572 5698 5699
f 5572 5702 5573
f 5571 5570 5623
f 5623 5570 5600
f 5572 5700 5734
f 5700 5706 5734
f 5734 5706 5737
f 5706 5700 5705
f 5705 5700 5699
f 5698 5704 5699
f 5699 5704 5705
f 5667 5703 5697
f 5697 5703 5698
f 5698 5703 5704
f 5623 5624 5667
f 5667 5624 5703
f 5624 5623 5600
f 5624 5600 5601
f 5601 5600 5570
f 5601 5570 5574
f 5574 5570 5571
f 5574 5571 5575
f 5572 5576 5571
f 5571 5576 5575
f 5573 5577 5572
f 5572 5577 5576
f 5734 5737 5701
f 5701 5737 5707
f 5701 5707 5702
f 5702 5707 5708
f 5626 5625 5602
f 5648 5647 5626
f 5626 5647 5625
f 5602 5603 5626
f 5626 5603 5579
f 5626 5579 5604
f 5579 5581 5605
f 5579 5605 5604
f 5689 5688 5695
f 5689 5695 5696
f 5728 5690 5689
f 5689 5690 5688
f 5691 5644 5622
f 5732 5696 5731
f 5731 5696 5695
f 5731 5695 5694
f 5644 5691 5666
f 5691 5692 5666
f 5666 5692 5693
f 5691 5622 5665
f 5644 5642 5622
f 5622 5642 5621
f 5622 5621 5596
f 5622 5596 5598
f 5598 5596 5560
f 5598 5560 5565
f 5565 5560 5561
f 5565 5561 5566
f 5642 5644 5664
f 5664 5644 5666
f 5666 5693 5664
f 5664 5693 5686
f 5686 5693 5687
f 5687 5693 5694
f 5687 5694 5695
f 5687 5695 5688
f 5568 5563 5569
f 5569 5563 5564
f 5568 5566 5561
f 5568 5561 5563
f 5561 5560 5597
f 5597 5560 5596
f 5687 5643 5642
f 5687 5642 5664
f 5664 5686 5687
f 5732 5731 5695
f 5732 5695 5696
f 5539 5517 5569
f 5695 5694 5622
f 5695 5622 5696
f 5622 5693 5665
f 5665 5693 5692
f 5665 5692 5691
f 5694 5693 5622
f 5598 5566 5622
f 5622 5566 5568
f 5622 5568 5696
f 5696 5568 5569
f 5566 5598 5565
f 5538 5564 5690
f 5690 5564 5563
f 5690 5563 5688
f 5688 5563 5687
f 5564 5538 5537
f 5561 5596 5621
f 5561 5621 5642
f 5561 5642 5643
f 5561 5643 5563
f 5563 5643 5687
f 5596 5561 5597
f 5538 5690 5728
f 5599 5566 5598
f 5645 5643 5642
f 5645 5642 5644
f 5644 5642 5621
f 5644 5621 5622
f 5598 5596 5597
f 5598 5597 5599
f 5599 5597 5561
f 5599 5561 5566
f 5567 5566 5562
f 5562 5566 5561
f 5596 5598 5561
f 5561 5598 5566
f 5981 5977 5980
f 5980 5977 5976
f 5977 5981 5976
f 5976 5981 5980
f 5974 5978 5975
f 5975 5978 5979
f 5978 5974 5979
f 5979 5974 5975
f 5983 5979 5982
f 5982 5979 5978
f 5980 5984 5981
f 5981 5984 5985
f 5984 5980 5985
f 5985 5980 5981
f 5984 5960 5961
f 5984 5961 5985
f 5960 5984 5983
f 5960 5983 5982
f 5924 5928 5948
f 5924 5948 5944
f 5943 5947 5927
f 5943 5927 5923
f 5923 5908 5943
f 5943 5908 5982
f 5983 5943 5982
f 5909 5924 5944
f 5909 5944 5985
f 5985 5944 5984
f 5984 5944 5983
f 5983 5944 5943
f 5908 5923 5909
f 5909 5923 5924
f 5982 5978 5983
f 5983 5978 5979
f 5895 5894 5897
f 5897 5894 5896
f 5897 5896 5909
f 5909 5896 5908
f 5978 5974 5958
f 5958 5974 5956
f 5959 5957 5981
f 5981 5957 5977
f 5981 5977 5959
f 5959 5977 5957
f 5961 5909 5985
f 5907 5895 5909
f 5895 5897 5909
f 5896 5894 5908
f 5894 5906 5908
f 5908 5960 5982
f 5958 5956 5978
f 5978 5956 5974
f 5982 5958 5978
f 5960 5940 5958
f 5960 5958 5982
f 5890 5904 5894
f 5894 5904 5906
f 5940 5960 5920
f 5920 5960 5908
f 5908 5906 5920
f 5942 5960 5908
f 5908 5960 5940
f 5908 5940 5920
f 5908 5922 5942
f 5945 5961 5942
f 5942 5961 5960
f 5926 5927 5946
f 5928 5924 5925
f 5929 5928 5925
f 5924 5923 5922
f 5922 5923 5927
f 5927 5926 5922
f 5929 5949 5928
f 5949 5948 5928
f 5946 5947 5942
f 5947 5943 5942
f 5942 5943 5945
f 5943 5944 5945
f 5945 5944 5948
f 5945 5948 5949
f 5927 5947 5946
f 5890 5893 5894
f 5894 5893 5895
f 5894 5895 5896
f 5896 5895 5897
f 5896 5897 5908
f 5908 5897 5909
f 5908 5909 5922
f 5922 5909 5925
f 5922 5925 5924
f 5942 5922 5946
f 5946 5922 5926
f 5961 5959 5985
f 5895 5893 5905
f 5985 5959 5981
f 5909 5961 5945
f 5921 5909 5907
f 5909 5921 5941
f 5909 5941 5961
f 5961 5941 5959
f 5907 5895 5905
f 5945 5925 5909
f 5907 5905 5893
f 5893 5895 5907
f 5929 5925 5945
f 5929 5945 5949
f 5894 5895 5890
f 5890 5895 5893
f 5891 5892 5893
f 5891 5893 5890
f 5893 5892 5890
f 5891 5890 5892
f 5888 5886 5890
f 5887 5889 5893
f 5931 5935 5911
f 5911 5935 5915
f 5936 5932 5912
f 5936 5912 5916
f 5973 5969 5968
f 5973 5968 5972
f 5972 5968 5967
f 5972 5967 5971
f 5971 5967 5966
f 5971 5966 5970
f 5967 5963 5966
f 5966 5963 5962
f 5963 5967 5968
f 5963 5968 5964
f 5969 5965 5964
f 5969 5964 5968
f 5950 5962 5963
f 5950 5963 5964
f 5950 5964 5951
f 5951 5964 5965
f 5933 5913 5932
f 5913 5912 5932
f 5911 5915 5914
f 5916 5917 5915
f 5917 5916 5912
f 5912 5913 5917
f 5910 5911 5914
f 5931 5911 5910
f 5933 5932 5937
f 5937 5932 5936
f 5936 5935 5934
f 5934 5935 5931
f 5931 5910 5930
f 5931 5930 5934
f 5950 5951 5934
f 5934 5951 5937
f 5934 5937 5936
f 5914 5915 5917
f 5914 5917 5898
f 5898 5917 5899
f 5898 5899 5884
f 5884 5899 5885
f 5965 5969 5968
f 5968 5964 5965
f 5967 5963 5964
f 5967 5964 5968
f 5963 5967 5962
f 5962 5967 5966
f 5898 5935 5962
f 5965 5936 5899
f 5899 5936 5916
f 5898 5915 5935
f 5962 5935 5963
f 5963 5935 5964
f 5964 5935 5936
f 5899 5916 5898
f 5898 5916 5915
f 5936 5965 5964
f 5899 5898 5885
f 5885 5898 5884
f 5885 5884 5887
f 5887 5884 5886
f 5884 5886 5898
f 5930 5910 5934
f 5934 5910 5914
f 5952 5954 5966
f 5966 5954 5970
f 5969 5973 5953
f 5953 5973 5955
f 5933 5937 5917
f 5933 5917 5913
f 5885 5899 5887
f 5953 5955 5969
f 5969 5955 5973
f 5966 5970 5952
f 5952 5970 5954
f 5887 5901 5899
f 5951 5965 5953
f 5953 5965 5969
f 5889 5903 5905
f 5889 5905 5893
f 5951 5953 5939
f 5951 5939 5937
f 5937 5939 5917
f 5917 5939 5919
f 5917 5919 5899
f 5899 5919 5901
f 5903 5889 5887
f 5903 5887 5901
f 5893 5905 5903
f 5893 5903 5887
f 5939 5965 5899
f 5939 5899 5919
f 5939 5953 5965
f 5962 5966 5952
f 5938 5962 5952
f 5962 5938 5898
f 5898 5938 5918
f 5902 5886 5900
f 5886 5902 5890
f 5890 5902 5904
f 5898 5918 5900
f 5918 5938 5914
f 5914 5938 5934
f 5934 5938 5950
f 5950 5938 5952
f 5950 5952 5962
f 5886 5888 5902
f 5902 5888 5904
f 5904 5888 5890
f 5900 5898 5886
f 5918 5914 5898
f 6235 6252 6234
f 6234 6252 6251
f 6248 6231 6247
f 6231 6212 6230
f 6231 6230 6247
f 6175 6174 6194
f 6229 6211 6228
f 6177 6176 6195
f 6177 6195 6196
f 6252 6250 6248
f 6231 6233 6235
f 6250 6252 6233
f 6233 6252 6235
f 6252 6248 6251
f 6251 6248 6247
f 6249 6232 6251
f 6251 6232 6234
f 6230 6232 6247
f 6247 6232 6249
f 6249 6251 6247
f 6234 6232 6233
f 6234 6233 6235
f 6016 6015 6009
f 6009 6015 6008
f 6009 6008 6016
f 6016 6008 6015
f 6051 6020 6047
f 6020 6013 6047
f 6047 6013 6012
f 6047 6012 6046
f 5986 5988 6006
f 5988 6013 6006
f 6039 6005 6006
f 6039 6006 6040
f 6040 6006 5999
f 6040 5999 6035
f 5987 5986 6007
f 6007 5986 6006
f 6036 6000 6041
f 6000 6007 6041
f 6041 6007 6008
f 6041 6008 6042
f 5989 5987 6014
f 6014 5987 6007
f 6049 6015 6014
f 6049 6014 6048
f 6014 6021 6048
f 6048 6021 6052
f 5989 6013 5988
f 6013 5989 6014
f 5994 6001 6000
f 5993 5994 5995
f 5991 5992 5999
f 6000 5999 5992
f 6000 5992 5993
f 5998 5991 5999
f 5997 5998 6005
f 6004 5997 6005
f 6011 6004 6012
f 6026 6025 6020
f 6020 6025 6019
f 6021 6028 6027
f 6002 6009 6016
f 6021 6020 6014
f 6014 6020 6013
f 6027 6026 6020
f 6027 6020 6021
f 6018 6011 6012
f 6018 6012 6019
f 6019 6012 6013
f 6004 6005 6012
f 6012 6005 6013
f 6013 6005 6006
f 5998 6006 6005
f 5998 5999 6006
f 6007 6006 5999
f 5999 6000 6007
f 6000 5993 5994
f 6001 6008 6007
f 6001 6007 6000
f 6009 6001 6002
f 6001 6009 6008
f 6008 6016 6007
f 6007 6016 6014
f 6023 6015 6016
f 6016 6015 6014
f 6002 6001 6000
f 6022 6028 6021
f 6023 6022 6021
f 6023 6021 6015
f 6015 6021 6014
f 6019 6013 6020
f 6090 6068 6065
f 6116 6134 6133
f 6119 6139 6122
f 6119 6137 6139
f 6137 6119 6138
f 6120 6154 6119
f 6119 6154 6138
f 6132 6148 6120
f 6120 6148 6154
f 6132 6169 6148
f 6133 6170 6132
f 6132 6170 6169
f 6150 6171 6134
f 6170 6133 6171
f 6171 6133 6134
f 6056 6055 6030
f 5993 6057 5992
f 5992 6057 6056
f 5992 6056 6030
f 5992 6030 5991
f 5991 6030 6034
f 5991 6034 5998
f 6033 5997 5998
f 5997 6033 6061
f 5997 6033 6038
f 5997 6038 6004
f 6068 6045 6038
f 6004 6038 6045
f 6004 6045 6011
f 6090 6087 6105
f 6124 6107 6105
f 6105 6107 6090
f 6083 6102 6087
f 6087 6102 6105
f 6101 6116 6100
f 6100 6116 6133
f 6122 6124 6105
f 6122 6105 6119
f 6119 6105 6102
f 6119 6102 6083
f 6119 6083 6120
f 6120 6083 6084
f 6120 6084 6103
f 6120 6103 6132
f 6132 6103 6099
f 6132 6099 6133
f 6133 6099 6100
f 6062 6034 6055
f 6055 6034 6030
f 6065 6068 6038
f 6065 6038 6061
f 6061 6038 6033
f 6083 6061 6062
f 6062 6061 6033
f 6062 6033 6034
f 6034 6033 5998
f 6057 6101 6056
f 6056 6101 6100
f 6056 6100 6055
f 6055 6100 6099
f 6055 6099 6062
f 6062 6099 6103
f 6062 6103 6083
f 6083 6103 6084
f 6083 6084 6061
f 6061 6083 6065
f 6065 6083 6087
f 6065 6087 6090
f 6152 6136 6135
f 6151 6172 6152
f 6151 6135 6134
f 6151 6134 6150
f 6152 6135 6151
f 6057 5993 6031
f 6058 5994 5993
f 6058 5993 6057
f 6032 5995 5994
f 6032 5994 6059
f 6059 5994 6058
f 6135 6136 6118
f 6082 6081 6118
f 6118 6081 6135
f 6101 6134 6080
f 6080 6134 6081
f 6081 6058 6057
f 6081 6057 6080
f 6082 6059 6081
f 6081 6059 6058
f 6134 6135 6081
f 6063 6002 6059
f 6059 6002 5995
f 6063 6037 6002
f 6197 6178 6156
f 6193 6197 6156
f 6173 6193 6152
f 6152 6193 6156
f 6172 6173 6152
f 5995 6032 6059
f 6121 6104 6063
f 6121 6063 6118
f 6118 6063 6059
f 6118 6059 6082
f 6156 6121 6152
f 6152 6121 6118
f 6152 6118 6136
f 6085 6063 6104
f 6043 6002 6037
f 6043 6009 6002
f 6009 6043 6066
f 6066 6088 6106
f 6063 6085 6088
f 6088 6085 6104
f 6088 6104 6123
f 6088 6043 6063
f 6063 6043 6037
f 6066 6043 6088
f 6197 6198 6178
f 6178 6198 6180
f 6178 6180 6158
f 6178 6158 6156
f 6104 6121 6123
f 6123 6121 6156
f 6158 6123 6156
f 6180 6198 6158
f 6123 6106 6088
f 6138 6132 6137
f 6138 6148 6132
f 6169 6170 6148
f 6148 6170 6149
f 6149 6170 6150
f 6170 6171 6150
f 6171 6172 6150
f 6150 6172 6151
f 6172 6192 6193
f 6172 6193 6173
f 6080 6057 6056
f 6010 6064 6003
f 6003 6064 6060
f 6003 6060 5996
f 5996 6060 6061
f 5996 6061 5997
f 6055 5991 6061
f 6061 5991 5997
f 5991 6055 5992
f 5992 6055 6056
f 6056 6057 6031
f 6056 6031 5992
f 5992 6031 5993
f 6100 6149 6150
f 6150 6134 6100
f 6100 6134 6101
f 6100 6101 6080
f 6099 6148 6100
f 6100 6148 6149
f 6148 6099 6132
f 6115 6119 6137
f 6115 6137 6132
f 6107 6105 6089
f 6089 6105 6086
f 6089 6086 6067
f 6010 6044 6064
f 6064 6044 6067
f 6132 6099 6115
f 6115 6099 6079
f 6115 6079 6119
f 6119 6079 6083
f 6086 6105 6087
f 6087 6105 6083
f 6083 6105 6119
f 6056 6100 6080
f 6067 6086 6064
f 6064 6086 6087
f 6064 6087 6060
f 6060 6087 6083
f 6060 6083 6061
f 6061 6083 6079
f 6061 6079 6055
f 6055 6079 6099
f 6018 6024 6025
f 6072 6093 6111
f 6111 6093 6128
f 6128 6143 6163
f 6050 6053 6023
f 6050 6023 6016
f 6097 6098 6131
f 6147 6146 6131
f 6029 6078 6077
f 6029 6077 6028
f 6076 6027 6028
f 6076 6028 6077
f 6096 6145 6114
f 6097 6077 6078
f 6097 6078 6098
f 6077 6097 6076
f 6076 6097 6096
f 6097 6146 6096
f 6096 6146 6145
f 6131 6146 6097
f 6190 6189 6168
f 6206 6190 6168
f 6203 6206 6163
f 6163 6206 6168
f 6185 6203 6163
f 6111 6128 6072
f 6023 6053 6072
f 6023 6072 6078
f 6023 6078 6029
f 6072 6128 6078
f 6078 6128 6131
f 6078 6131 6098
f 6128 6163 6131
f 6131 6163 6168
f 6131 6168 6147
f 6168 6167 6147
f 6167 6146 6147
f 6166 6145 6167
f 6167 6145 6146
f 6168 6189 6167
f 6113 6114 6145
f 6113 6145 6166
f 6075 6076 6096
f 6027 6076 6075
f 6075 6026 6027
f 6025 6026 6075
f 6075 6074 6025
f 6073 6018 6074
f 6074 6018 6025
f 6018 6073 6071
f 6018 6071 6017
f 6017 6071 6070
f 6017 6070 6010
f 6010 6070 6067
f 6010 6067 6044
f 6107 6126 6124
f 6144 6126 6129
f 6112 6144 6129
f 6144 6112 6164
f 6164 6112 6113
f 6164 6113 6165
f 6126 6092 6129
f 6129 6092 6094
f 6129 6094 6112
f 6107 6089 6090
f 6107 6090 6126
f 6126 6090 6092
f 6166 6165 6113
f 6113 6075 6096
f 6113 6096 6114
f 6075 6113 6074
f 6074 6113 6112
f 6074 6112 6073
f 6073 6112 6094
f 6073 6094 6071
f 6071 6094 6092
f 6071 6092 6070
f 6070 6092 6067
f 6067 6092 6090
f 6067 6090 6089
f 6069 6091 6050
f 6072 6091 6093
f 6072 6053 6050
f 6072 6050 6091
f 6126 6141 6140
f 6126 6140 6124
f 6144 6164 6141
f 6187 6186 6164
f 6164 6165 6187
f 6188 6187 6165
f 6205 6190 6206
f 6190 6205 6189
f 6091 6108 6125
f 6200 6203 6185
f 6200 6185 6181
f 6185 6160 6181
f 6181 6160 6200
f 6091 6125 6128
f 6091 6128 6093
f 6185 6163 6160
f 6160 6163 6143
f 6125 6160 6143
f 6125 6143 6128
f 6188 6165 6166
f 6166 6167 6188
f 6188 6167 6189
f 6126 6144 6141
f 6050 6016 6069
f 6091 6069 6108
f 6163 6203 6200
f 6200 6160 6163
f 6146 6167 6168
f 6168 6167 6205
f 6168 6205 6206
f 6097 6130 6131
f 6053 6023 6029
f 6053 6029 6054
f 6125 6108 6069
f 6078 6097 6131
f 6078 6131 6072
f 6131 6128 6072
f 6072 6053 6054
f 6072 6054 6078
f 6078 6054 6077
f 6125 6069 6128
f 6128 6069 6072
f 6069 6050 6072
f 6163 6160 6125
f 6163 6125 6128
f 6163 6128 6168
f 6168 6128 6131
f 6168 6131 6146
f 6146 6131 6130
f 6010 6011 6017
f 6017 6011 6018
f 6019 6025 6018
f 5991 5990 5997
f 6003 5996 5997
f 6011 6010 6004
f 6004 6010 6003
f 5997 6004 6003
f 5998 5997 5991
f 6198 6197 6158
f 6117 6118 6135
f 6152 6193 6192
f 6152 6192 6151
f 6158 6197 6156
f 6106 6123 6066
f 6032 5995 6002
f 6032 6002 6037
f 6066 6063 6043
f 6117 6081 6118
f 6118 6081 6059
f 6118 6059 6121
f 6121 6059 6063
f 6059 6058 6032
f 6059 6032 6063
f 6063 6032 6037
f 6066 6123 6063
f 6063 6123 6121
f 6123 6158 6121
f 6121 6158 6156
f 6121 6156 6118
f 6118 6156 6152
f 6118 6152 6135
f 6215 6216 6199
f 6199 6216 6200
f 6192 6197 6193
f 6150 6171 6149
f 6149 6171 6170
f 6192 6193 6210
f 6192 6210 6209
f 6210 6193 6197
f 6197 6213 6210
f 6141 6110 6109
f 6142 6127 6141
f 6110 6141 6127
f 6142 6162 6182
f 6001 5992 5993
f 6028 6027 6022
f 6022 6027 6026
f 6001 5993 5994
f 5995 6002 6001
f 5995 6001 5994
f 6018 6011 5997
f 5997 6011 6004
f 5998 5991 6001
f 6001 5991 5992
f 6023 6029 6022
f 6022 6029 6028
f 6022 6026 6025
f 6022 6025 6019
f 6219 6203 6216
f 6216 6203 6200
f 6223 6206 6219
f 6219 6206 6203
f 6206 6223 6222
f 6206 6222 6205
f 6200 6198 6216
f 6216 6198 6214
f 6197 6213 6198
f 6198 6213 6214
f 6198 6200 6158
f 6158 6200 6160
f 6158 6160 6123
f 6123 6160 6125
f 6123 6125 6106
f 6106 6125 6091
f 6106 6091 6066
f 6066 6091 6069
f 6066 6069 6050
f 6066 6050 6043
f 6043 6050 6016
f 6043 6016 6009
f 6122 6124 6139
f 6153 6138 6137
f 6153 6154 6138
f 6142 6162 6161
f 6142 6161 6141
f 6139 6124 6140
f 6159 6139 6140
f 6137 6157 6153
f 6164 6186 6182
f 6137 6139 6157
f 6157 6139 6159
f 6159 6140 6141
f 6164 6182 6162
f 6159 6141 6162
f 6162 6141 6161
f 6157 6154 6153
f 6174 6148 6154
f 6148 6174 6169
f 6215 6219 6216
f 6222 6223 6218
f 6218 6223 6215
f 6215 6223 6219
f 6214 6200 6216
f 6197 6200 6213
f 6213 6200 6214
f 6162 6141 6142
f 6162 6142 6164
f 6154 6138 6148
f 6208 6191 6207
f 6170 6169 6208
f 6208 6169 6191
f 6208 6171 6170
f 6208 6192 6171
f 6208 6209 6192
f 6226 6227 6208
f 6208 6227 6209
f 6208 6225 6226
f 6208 6224 6225
f 6208 6207 6224
f 6192 6172 6171
f 6209 6196 6192
f 6209 6212 6196
f 6227 6231 6209
f 6209 6231 6212
f 6226 6230 6231
f 6226 6231 6227
f 6230 6226 6247
f 6247 6226 6245
f 6247 6245 6244
f 6247 6244 6246
f 6246 6244 6225
f 6246 6225 6229
f 6229 6225 6228
f 6228 6225 6224
f 6228 6224 6207
f 6228 6207 6211
f 6211 6207 6194
f 6194 6207 6191
f 6194 6191 6174
f 6174 6191 6169
f 6170 6174 6169
f 6170 6175 6174
f 6192 6196 6177
f 6192 6177 6172
f 6172 6177 6176
f 6172 6176 6171
f 6171 6176 6175
f 6171 6175 6170
f 6245 6226 6225
f 6245 6225 6244
f 6159 6162 6157
f 6157 6162 6182
f 6157 6182 6179
f 6157 6179 6154
f 6154 6179 6174
f 6175 6155 6174
f 6154 6174 6155
f 6174 6179 6182
f 6174 6182 6194
f 6194 6182 6201
f 6217 6211 6201
f 6201 6211 6194
f 6236 6228 6217
f 6217 6228 6211
f 6253 6246 6237
f 6237 6246 6229
f 6237 6229 6236
f 6236 6229 6228
f 6238 6230 6254
f 6254 6230 6247
f 6254 6247 6253
f 6253 6247 6246
f 6239 6231 6238
f 6238 6231 6230
f 6218 6212 6239
f 6239 6212 6231
f 6202 6196 6218
f 6218 6196 6212
f 6183 6187 6182
f 6182 6187 6186
f 6182 6186 6204
f 6182 6204 6201
f 6201 6204 6220
f 6201 6220 6217
f 6217 6220 6240
f 6217 6240 6236
f 6236 6240 6241
f 6236 6241 6237
f 6237 6241 6255
f 6237 6255 6253
f 6253 6255 6256
f 6253 6256 6254
f 6254 6256 6242
f 6254 6242 6238
f 6238 6242 6243
f 6238 6243 6239
f 6239 6243 6222
f 6239 6222 6218
f 6218 6222 6205
f 6218 6205 6202
f 6255 6241 6242
f 6255 6242 6256
f 6202 6205 6189
f 6202 6189 6184
f 6165 6095 6189
f 6189 6095 6096
f 6189 6096 6097
f 6189 6188 6165
f 6240 6220 6241
f 6242 6222 6243
f 6188 6189 6205
f 6187 6204 6186
f 6221 6205 6222
f 6188 6205 6221
f 6221 6187 6188
f 6204 6187 6221
f 6221 6220 6204
f 6241 6220 6221
f 6221 6242 6241
f 6222 6242 6221
f 6001 6016 5998
f 5998 6016 6023
f 6023 6022 5998
f 5998 6022 6019
f 6001 6002 6016
f 5997 5998 6018
f 6018 5998 6019
f 6468 6467 6466
f 6466 6467 6461
f 6466 6461 6460
f 6460 6461 6459
f 6460 6459 6454
f 6454 6459 6445
f 6454 6445 6440
f 6440 6445 6415
f 6440 6415 6411
f 6411 6415 6421
f 6411 6421 6416
f 6416 6421 6427
f 6416 6427 6422
f 6422 6427 6433
f 6422 6433 6428
f 6428 6433 6449
f 6428 6449 6448
f 6448 6449 6465
f 6448 6465 6464
f 6464 6465 6463
f 6464 6463 6462
f 6462 6463 6469
f 6462 6469 6468
f 6468 6469 6467
f 6427 6421 6447
f 6447 6449 6433
f 6447 6433 6427
f 6447 6465 6449
f 6447 6463 6465
f 6447 6469 6463
f 6461 6467 6447
f 6447 6467 6469
f 6447 6459 6461
f 6447 6445 6459
f 6421 6415 6447
f 6447 6415 6445
f 6422 6446 6416
f 6446 6440 6411
f 6446 6411 6416
f 6446 6454 6440
f 6446 6460 6454
f 6468 6466 6446
f 6446 6466 6460
f 6462 6468 6446
f 6446 6464 6462
f 6446 6448 6464
f 6422 6428 6446
f 6446 6428 6448
f 6291 6314 6313
f 6313 6290 6291
f 6291 6309 6314
f 6260 6266 6265
f 6266 6260 6261
f 6266 6261 6262
f 6266 6262 6267
f 6309 6310 6291
f 6292 6291 6310
f 6414 6444 6415
f 6415 6444 6445
f 6394 6421 6398
f 6398 6421 6427
f 6402 6432 6406
f 6406 6432 6431
f 6406 6431 6435
f 6406 6435 6405
f 6459 6445 6458
f 6445 6444 6458
f 6458 6444 6439
f 6458 6439 6453
f 6453 6439 6452
f 6452 6439 6438
f 6438 6409 6385
f 6260 6271 6272
f 6260 6272 6261
f 6261 6272 6262
f 6272 6273 6262
f 6275 6267 6262
f 6275 6262 6273
f 6285 6304 6287
f 6287 6304 6306
f 6292 6310 6309
f 6292 6309 6291
f 6335 6313 6314
f 6335 6314 6336
f 6398 6397 6394
f 6394 6397 6393
f 6394 6393 6421
f 6421 6393 6420
f 6427 6426 6397
f 6427 6397 6398
f 6402 6406 6401
f 6405 6401 6406
f 6414 6415 6420
f 6420 6415 6421
f 6442 6445 6443
f 6415 6445 6413
f 6413 6445 6442
f 6421 6415 6418
f 6418 6415 6413
f 6419 6421 6418
f 6421 6419 6427
f 6427 6419 6425
f 6424 6427 6425
f 6424 6426 6427
f 6426 6424 6430
f 6426 6430 6432
f 6432 6430 6431
f 6432 6431 6435
f 6458 6453 6456
f 6456 6453 6452
f 6457 6459 6458
f 6457 6458 6456
f 6457 6443 6459
f 6459 6443 6445
f 6301 6302 6283
f 6364 6386 6389
f 6364 6389 6367
f 6363 6385 6364
f 6364 6385 6386
f 6280 6272 6279
f 6279 6272 6271
f 6273 6272 6280
f 6281 6273 6280
f 6281 6275 6273
f 6322 6283 6302
f 6285 6283 6322
f 6324 6285 6322
f 6324 6304 6285
f 6328 6304 6324
f 6287 6306 6328
f 6328 6306 6304
f 6327 6287 6328
f 6292 6287 6327
f 6292 6331 6291
f 6331 6292 6327
f 6331 6309 6291
f 6336 6314 6331
f 6331 6314 6309
f 6402 6426 6432
f 6371 6393 6397
f 6371 6397 6375
f 6367 6389 6371
f 6371 6389 6393
f 6322 6302 6321
f 6343 6322 6321
f 6343 6321 6340
f 6321 6302 6301
f 6301 6297 6318
f 6317 6339 6318
f 6318 6339 6340
f 6318 6297 6317
f 6317 6297 6296
f 6321 6301 6318
f 6321 6318 6340
f 6279 6296 6280
f 6280 6296 6297
f 6280 6297 6301
f 6280 6301 6281
f 6281 6301 6283
f 6281 6283 6275
f 6355 6360 6331
f 6355 6331 6351
f 6322 6343 6344
f 6322 6344 6324
f 6324 6344 6348
f 6324 6348 6347
f 6324 6347 6327
f 6327 6347 6351
f 6327 6351 6331
f 6359 6335 6360
f 6360 6335 6336
f 6360 6336 6331
f 6327 6328 6324
f 6378 6402 6382
f 6382 6402 6381
f 6381 6402 6401
f 6381 6401 6405
f 6378 6375 6402
f 6375 6397 6402
f 6402 6397 6426
f 6381 6359 6382
f 6382 6359 6360
f 6382 6360 6378
f 6378 6360 6355
f 6378 6355 6375
f 6375 6355 6351
f 6375 6351 6397
f 6339 6363 6340
f 6340 6363 6364
f 6340 6364 6343
f 6343 6364 6367
f 6343 6367 6344
f 6344 6367 6348
f 6348 6367 6371
f 6348 6371 6347
f 6347 6371 6351
f 6351 6371 6375
f 6279 6271 6296
f 6420 6393 6389
f 6414 6420 6389
f 6385 6409 6410
f 6414 6389 6410
f 6410 6389 6386
f 6410 6386 6385
f 6444 6414 6439
f 6439 6414 6410
f 6439 6410 6438
f 6438 6410 6409
f 6313 6312 6290
f 6312 6311 6290
f 6290 6311 6289
f 6289 6311 6308
f 6258 6259 6264
f 6264 6259 6265
f 6265 6259 6260
f 6264 6263 6257
f 6264 6257 6258
f 6307 6308 6288
f 6288 6308 6289
f 6441 6412 6440
f 6440 6412 6411
f 6450 6436 6455
f 6455 6436 6441
f 6436 6450 6451
f 6436 6451 6437
f 6438 6408 6437
f 6438 6437 6452
f 6452 6437 6451
f 6408 6438 6384
f 6384 6438 6385
f 6384 6385 6363
f 6384 6363 6362
f 6362 6363 6339
f 6362 6339 6338
f 6271 6295 6296
f 6296 6295 6316
f 6296 6316 6317
f 6317 6316 6339
f 6339 6316 6338
f 6271 6270 6295
f 6270 6259 6258
f 6270 6258 6269
f 6257 6268 6269
f 6257 6269 6258
f 6303 6284 6286
f 6286 6305 6303
f 6312 6334 6311
f 6311 6334 6333
f 6334 6312 6313
f 6334 6313 6335
f 6268 6257 6263
f 6268 6263 6274
f 6259 6270 6271
f 6259 6271 6260
f 6455 6441 6440
f 6455 6440 6454
f 6395 6422 6416
f 6395 6416 6391
f 6429 6399 6403
f 6429 6403 6430
f 6430 6403 6434
f 6434 6403 6404
f 6404 6405 6434
f 6434 6405 6435
f 6411 6412 6416
f 6416 6412 6417
f 6416 6417 6391
f 6417 6392 6391
f 6391 6392 6395
f 6392 6396 6395
f 6395 6396 6422
f 6422 6396 6423
f 6403 6399 6400
f 6403 6400 6404
f 6404 6400 6405
f 6405 6400 6401
f 6440 6411 6413
f 6429 6430 6423
f 6423 6430 6424
f 6424 6422 6423
f 6425 6422 6424
f 6419 6416 6425
f 6425 6416 6422
f 6416 6419 6418
f 6413 6411 6418
f 6418 6411 6416
f 6442 6440 6413
f 6443 6440 6442
f 6430 6434 6431
f 6431 6434 6435
f 6455 6454 6457
f 6456 6452 6451
f 6456 6451 6450
f 6450 6455 6456
f 6456 6455 6457
f 6443 6457 6454
f 6440 6443 6454
f 6359 6381 6380
f 6392 6370 6396
f 6396 6370 6374
f 6399 6423 6396
f 6405 6404 6381
f 6330 6308 6311
f 6330 6311 6333
f 6289 6308 6330
f 6330 6288 6289
f 6288 6330 6326
f 6288 6326 6286
f 6286 6326 6325
f 6305 6286 6325
f 6323 6303 6325
f 6325 6303 6305
f 6282 6284 6299
f 6299 6284 6303
f 6268 6274 6276
f 6276 6274 6282
f 6277 6268 6276
f 6269 6268 6277
f 6278 6270 6269
f 6384 6362 6361
f 6361 6383 6384
f 6366 6388 6361
f 6361 6388 6383
f 6357 6354 6330
f 6350 6330 6354
f 6335 6359 6334
f 6334 6359 6358
f 6334 6358 6333
f 6333 6358 6357
f 6333 6357 6330
f 6350 6326 6330
f 6325 6326 6350
f 6325 6350 6323
f 6323 6350 6346
f 6341 6319 6345
f 6345 6319 6323
f 6345 6323 6346
f 6319 6341 6342
f 6319 6342 6320
f 6320 6342 6315
f 6315 6342 6337
f 6319 6299 6323
f 6323 6299 6303
f 6320 6299 6319
f 6294 6277 6300
f 6300 6277 6276
f 6300 6276 6282
f 6300 6282 6299
f 6269 6277 6278
f 6278 6277 6294
f 6278 6294 6295
f 6295 6294 6315
f 6295 6315 6316
f 6316 6315 6337
f 6316 6337 6338
f 6315 6294 6320
f 6320 6294 6300
f 6320 6300 6299
f 6362 6338 6361
f 6361 6338 6337
f 6361 6337 6366
f 6366 6337 6342
f 6366 6342 6341
f 6381 6404 6380
f 6380 6404 6400
f 6380 6400 6379
f 6379 6400 6399
f 6379 6399 6377
f 6396 6374 6399
f 6358 6359 6380
f 6358 6380 6357
f 6357 6380 6379
f 6357 6379 6354
f 6354 6379 6377
f 6354 6377 6350
f 6429 6423 6399
f 6377 6399 6374
f 6377 6374 6350
f 6350 6374 6346
f 6346 6374 6370
f 6346 6370 6345
f 6345 6370 6392
f 6345 6392 6341
f 6341 6392 6388
f 6341 6388 6366
f 6270 6278 6295
f 6388 6417 6412
f 6392 6417 6388
f 6408 6384 6383
f 6388 6412 6383
f 6383 6412 6407
f 6383 6407 6408
f 6412 6441 6407
f 6407 6441 6436
f 6407 6436 6408
f 6408 6436 6437
f 6288 6287 6292
f 6292 6291 6290
f 6292 6290 6288
f 6288 6290 6289
f 6263 6264 6274
f 6274 6264 6265
f 6266 6267 6275
f 6266 6275 6265
f 6265 6275 6274
f 6283 6282 6275
f 6275 6282 6274
f 6285 6284 6282
f 6285 6282 6283
f 6287 6286 6285
f 6285 6286 6284
f 6286 6287 6288
f 6368 6389 6390
f 6389 6368 6367
f 6367 6386 6389
f 6328 6306 6324
f 6324 6306 6304
f 6328 6292 6287
f 6309 6310 6331
f 6331 6310 6332
f 6332 6310 6292
f 6398 6376 6394
f 6394 6376 6372
f 6368 6390 6372
f 6372 6390 6394
f 6386 6367 6364
f 6364 6367 6340
f 6318 6343 6322
f 6298 6318 6302
f 6302 6318 6322
f 6281 6298 6283
f 6283 6298 6302
f 6280 6297 6281
f 6359 6358 6335
f 6359 6335 6336
f 6359 6336 6360
f 6324 6348 6328
f 6328 6348 6352
f 6405 6381 6406
f 6406 6381 6382
f 6406 6382 6402
f 6332 6328 6352
f 6332 6352 6356
f 6356 6352 6376
f 6356 6376 6378
f 6378 6376 6402
f 6328 6332 6292
f 6378 6355 6356
f 6356 6355 6331
f 6356 6331 6332
f 6281 6297 6298
f 6298 6297 6318
f 6318 6340 6343
f 6343 6340 6367
f 6344 6367 6368
f 6344 6368 6348
f 6348 6368 6372
f 6348 6372 6352
f 6352 6372 6376
f 6352 6376 6398
f 6376 6398 6402
f 6402 6398 6427
f 6402 6427 6426
f 6390 6415 6421
f 6390 6421 6394
f 6415 6390 6414
f 6414 6390 6389
f 6414 6389 6386
f 6414 6386 6410
f 6410 6386 6409
f 6409 6386 6385
f 6373 6395 6369
f 6369 6395 6391
f 6399 6423 6395
f 6395 6423 6422
f 6330 6307 6308
f 6329 6288 6330
f 6330 6288 6307
f 6325 6286 6329
f 6329 6286 6288
f 6276 6268 6282
f 6282 6268 6274
f 6366 6388 6383
f 6366 6383 6361
f 6365 6388 6366
f 6365 6387 6388
f 6358 6334 6335
f 6349 6325 6353
f 6353 6325 6329
f 6353 6329 6354
f 6354 6329 6330
f 6345 6323 6349
f 6349 6323 6325
f 6342 6315 6319
f 6315 6294 6293
f 6315 6293 6319
f 6319 6293 6299
f 6294 6277 6276
f 6294 6276 6293
f 6293 6276 6299
f 6299 6276 6282
f 6366 6342 6365
f 6365 6342 6341
f 6380 6404 6379
f 6379 6404 6403
f 6379 6403 6377
f 6377 6403 6399
f 6377 6399 6373
f 6373 6399 6395
f 6354 6377 6353
f 6353 6377 6373
f 6353 6373 6349
f 6349 6373 6345
f 6345 6373 6369
f 6345 6369 6391
f 6345 6391 6341
f 6341 6391 6387
f 6341 6387 6365
f 6416 6411 6387
f 6387 6391 6416
f 6411 6412 6441
f 6387 6411 6388
f 6388 6411 6412
f 6383 6407 6384
f 6384 6407 6408
f 6584 6582 6583
f 6584 6583 6607
f 6607 6606 6581
f 6607 6581 6584
f 6584 6585 6582
f 6606 6607 6628
f 6628 6607 6629
f 6628 6629 6646
f 6646 6629 6647
f 6646 6647 6664
f 6664 6680 6679
f 6679 6663 6664
f 6664 6663 6646
f 6696 6695 6678
f 6678 6695 6677
f 6677 6679 6678
f 6678 6679 6680
f 6706 6705 6690
f 6690 6705 6689
f 6687 6688 6703
f 6703 6688 6704
f 6688 6687 6671
f 6688 6671 6672
f 6705 6718 6704
f 6704 6726 6725
f 6704 6725 6721
f 6704 6724 6728
f 6728 6727 6704
f 6704 6721 6716
f 6690 6689 6673
f 6690 6673 6674
f 6718 6717 6704
f 6704 6717 6724
f 6704 6727 6726
f 6716 6715 6704
f 6622 6623 6641
f 6622 6641 6640
f 6656 6672 6671
f 6674 6673 6657
f 6674 6657 6658
f 6658 6657 6640
f 6658 6640 6641
f 6671 6655 6656
f 6656 6655 6639
f 6639 6655 6638
f 6639 6638 6617
f 6617 6638 6616
f 6707 6708 6705
f 6707 6705 6704
f 6708 6707 6693
f 6693 6707 6692
f 6693 6692 6694
f 6694 6692 6696
f 6696 6692 6691
f 6696 6691 6695
f 6588 6596 6595
f 6588 6595 6587
f 6565 6564 6556
f 6557 6565 6556
f 6558 6559 6566
f 6566 6559 6567
f 6591 6592 6598
f 6591 6598 6597
f 6587 6507 6588
f 6588 6507 6508
f 6588 6508 6596
f 6596 6508 6516
f 6596 6516 6595
f 6595 6516 6515
f 6595 6515 6587
f 6587 6515 6507
f 6596 6556 6588
f 6619 6557 6596
f 6596 6557 6556
f 6619 6565 6557
f 6619 6620 6565
f 6565 6620 6566
f 6620 6558 6566
f 6597 6559 6620
f 6620 6559 6558
f 6591 6559 6597
f 6591 6511 6592
f 6592 6511 6512
f 6592 6512 6598
f 6598 6512 6518
f 6598 6518 6597
f 6597 6518 6517
f 6597 6517 6591
f 6591 6517 6511
f 6560 6559 6517
f 6560 6517 6518
f 6567 6564 6566
f 6566 6564 6565
f 6516 6556 6555
f 6516 6555 6515
f 6521 6528 6527
f 6522 6528 6521
f 6523 6524 6530
f 6529 6523 6530
f 6573 6529 6574
f 6574 6529 6530
f 6571 6527 6572
f 6572 6527 6528
f 6556 6516 6508
f 6556 6508 6588
f 6596 6588 6610
f 6618 6596 6610
f 6619 6596 6618
f 6619 6618 6611
f 6611 6618 6610
f 6589 6611 6610
f 6588 6589 6610
f 6589 6590 6611
f 6611 6590 6612
f 6611 6612 6619
f 6619 6612 6620
f 6597 6620 6621
f 6621 6620 6613
f 6613 6620 6612
f 6597 6621 6613
f 6591 6597 6613
f 6591 6613 6612
f 6591 6612 6590
f 6517 6559 6511
f 6511 6559 6591
f 6568 6567 6559
f 6568 6559 6560
f 6555 6556 6563
f 6563 6556 6564
f 6563 6564 6568
f 6568 6564 6567
f 6577 6533 6571
f 6571 6533 6527
f 6563 6521 6527
f 6563 6527 6571
f 6522 6521 6564
f 6564 6521 6563
f 6572 6528 6522
f 6572 6522 6564
f 6567 6523 6529
f 6567 6529 6573
f 6524 6523 6568
f 6568 6523 6567
f 6574 6530 6524
f 6574 6524 6568
f 6530 6534 6578
f 6530 6578 6574
f 6534 6533 6578
f 6578 6533 6577
f 6577 6571 6572
f 6574 6578 6573
f 6577 6572 6573
f 6577 6573 6578
f 6540 6539 6534
f 6534 6539 6538
f 6534 6538 6533
f 6533 6538 6537
f 6497 6483 6555
f 6497 6555 6563
f 6497 6563 6501
f 6497 6515 6483
f 6483 6515 6555
f 6475 6497 6483
f 6475 6491 6497
f 6491 6475 6507
f 6476 6508 6475
f 6475 6508 6507
f 6588 6508 6476
f 6588 6476 6589
f 6589 6476 6477
f 6477 6478 6589
f 6589 6478 6590
f 6479 6511 6591
f 6479 6591 6478
f 6478 6591 6590
f 6484 6498 6480
f 6480 6498 6494
f 6494 6512 6480
f 6480 6512 6479
f 6479 6512 6511
f 6498 6484 6518
f 6518 6484 6560
f 6568 6560 6502
f 6502 6560 6498
f 6498 6560 6484
f 6501 6563 6521
f 6527 6501 6521
f 6568 6502 6524
f 6502 6530 6524
f 6530 6531 6534
f 6534 6531 6535
f 6531 6530 6575
f 6575 6530 6574
f 6526 6527 6533
f 6526 6533 6532
f 6568 6569 6574
f 6574 6569 6575
f 6527 6526 6570
f 6527 6570 6571
f 6562 6563 6571
f 6562 6571 6570
f 6564 6567 6572
f 6567 6573 6572
f 6527 6526 6520
f 6527 6520 6501
f 6520 6500 6501
f 6501 6500 6497
f 6497 6500 6482
f 6497 6482 6483
f 6473 6479 6478
f 6473 6478 6472
f 6470 6471 6477
f 6470 6477 6476
f 6483 6482 6475
f 6485 6484 6480
f 6485 6480 6481
f 6477 6471 6478
f 6478 6471 6472
f 6475 6482 6474
f 6498 6484 6485
f 6498 6485 6502
f 6502 6485 6503
f 6531 6530 6525
f 6525 6530 6502
f 6525 6502 6503
f 6525 6524 6531
f 6531 6524 6530
f 6521 6563 6520
f 6520 6563 6562
f 6526 6527 6521
f 6526 6521 6520
f 6532 6533 6527
f 6532 6527 6526
f 6507 6515 6506
f 6506 6515 6514
f 6497 6514 6515
f 6497 6496 6514
f 6496 6497 6490
f 6497 6491 6490
f 6498 6495 6494
f 6495 6498 6499
f 6518 6499 6498
f 6518 6519 6499
f 6518 6513 6519
f 6518 6512 6513
f 6568 6524 6569
f 6569 6524 6525
f 6533 6537 6536
f 6537 6538 6536
f 6533 6536 6532
f 6532 6576 6570
f 6570 6576 6602
f 6526 6532 6570
f 6570 6602 6600
f 6600 6562 6570
f 6600 6602 6626
f 6594 6600 6616
f 6616 6600 6624
f 6626 6624 6600
f 6625 6601 6623
f 6599 6623 6601
f 6601 6625 6627
f 6601 6627 6603
f 6535 6531 6575
f 6603 6579 6575
f 6575 6569 6601
f 6535 6575 6579
f 6601 6603 6575
f 6541 6539 6540
f 6541 6534 6535
f 6540 6534 6541
f 6642 6644 6659
f 6677 6675 6659
f 6616 6624 6642
f 6642 6624 6626
f 6639 6617 6616
f 6639 6638 6656
f 6656 6638 6655
f 6661 6677 6659
f 6626 6644 6661
f 6642 6626 6644
f 6644 6626 6659
f 6659 6626 6661
f 6707 6704 6688
f 6692 6707 6688
f 6692 6688 6672
f 6672 6656 6675
f 6672 6675 6692
f 6692 6675 6691
f 6639 6616 6638
f 6638 6616 6642
f 6638 6642 6655
f 6655 6642 6659
f 6655 6659 6656
f 6656 6659 6675
f 6691 6675 6677
f 6691 6677 6695
f 6688 6687 6704
f 6699 6700 6684
f 6728 6724 6723
f 6728 6723 6727
f 6721 6725 6722
f 6722 6725 6726
f 6703 6704 6687
f 6705 6702 6714
f 6705 6714 6718
f 6689 6686 6702
f 6705 6689 6702
f 6700 6712 6713
f 6713 6701 6700
f 6684 6700 6701
f 6711 6699 6710
f 6710 6699 6698
f 6699 6711 6700
f 6700 6711 6712
f 6683 6699 6684
f 6682 6698 6683
f 6683 6698 6699
f 6716 6709 6715
f 6715 6709 6697
f 6715 6697 6704
f 6722 6726 6723
f 6723 6726 6727
f 6718 6714 6717
f 6717 6714 6713
f 6717 6713 6723
f 6723 6713 6712
f 6723 6712 6720
f 6723 6720 6722
f 6722 6720 6719
f 6722 6719 6711
f 6722 6711 6716
f 6716 6711 6710
f 6716 6710 6709
f 6702 6701 6713
f 6710 6698 6697
f 6714 6702 6713
f 6720 6712 6719
f 6719 6712 6711
f 6709 6710 6697
f 6724 6717 6723
f 6721 6722 6716
f 6704 6697 6688
f 6688 6697 6681
f 6701 6685 6684
f 6686 6685 6702
f 6702 6685 6701
f 6697 6698 6681
f 6681 6698 6682
f 6666 6650 6649
f 6669 6653 6652
f 6500 6496 6482
f 6499 6503 6485
f 6600 6594 6562
f 6554 6507 6506
f 6554 6506 6514
f 6546 6547 6507
f 6512 6552 6553
f 6512 6553 6513
f 6553 6519 6513
f 6487 6488 6472
f 6472 6488 6473
f 6473 6488 6489
f 6473 6489 6479
f 6479 6489 6493
f 6479 6493 6480
f 6480 6493 6494
f 6487 6504 6488
f 6488 6504 6505
f 6488 6505 6511
f 6488 6511 6493
f 6493 6511 6512
f 6493 6512 6494
f 6505 6510 6511
f 6499 6485 6495
f 6495 6485 6481
f 6495 6481 6494
f 6494 6481 6480
f 6525 6503 6499
f 6519 6525 6499
f 6544 6550 6545
f 6590 6550 6589
f 6589 6550 6544
f 6510 6550 6511
f 6511 6550 6551
f 6511 6551 6512
f 6512 6551 6552
f 6519 6561 6525
f 6525 6561 6569
f 6601 6569 6599
f 6561 6519 6553
f 6561 6599 6569
f 6550 6590 6551
f 6551 6590 6591
f 6551 6591 6552
f 6552 6591 6592
f 6552 6592 6593
f 6552 6593 6553
f 6553 6593 6561
f 6561 6593 6599
f 6658 6641 6654
f 6654 6641 6637
f 6654 6637 6636
f 6654 6636 6653
f 6653 6636 6635
f 6690 6674 6689
f 6689 6674 6673
f 6689 6673 6686
f 6686 6673 6670
f 6686 6670 6685
f 6685 6670 6669
f 6653 6669 6654
f 6654 6669 6670
f 6654 6670 6658
f 6658 6670 6673
f 6658 6673 6674
f 6632 6610 6631
f 6631 6610 6609
f 6631 6609 6630
f 6630 6609 6608
f 6630 6608 6638
f 6638 6608 6616
f 6641 6623 6637
f 6637 6623 6615
f 6637 6615 6636
f 6636 6615 6614
f 6636 6614 6635
f 6635 6614 6613
f 6635 6613 6634
f 6634 6613 6612
f 6634 6612 6633
f 6633 6612 6611
f 6633 6611 6632
f 6632 6611 6610
f 6682 6666 6681
f 6681 6666 6665
f 6681 6665 6688
f 6688 6665 6672
f 6655 6671 6672
f 6655 6672 6648
f 6648 6672 6665
f 6648 6665 6649
f 6649 6665 6666
f 6684 6668 6683
f 6683 6668 6667
f 6683 6667 6682
f 6682 6667 6666
f 6684 6685 6669
f 6684 6669 6668
f 6668 6669 6652
f 6668 6652 6667
f 6667 6652 6651
f 6667 6651 6650
f 6667 6650 6666
f 6650 6632 6649
f 6649 6632 6631
f 6649 6631 6648
f 6648 6631 6630
f 6648 6630 6655
f 6655 6630 6638
f 6500 6520 6514
f 6514 6496 6500
f 6482 6496 6474
f 6474 6496 6490
f 6474 6490 6475
f 6475 6490 6491
f 6554 6514 6562
f 6562 6514 6520
f 6546 6507 6554
f 6476 6475 6491
f 6476 6491 6492
f 6492 6491 6507
f 6492 6507 6508
f 6472 6471 6487
f 6508 6504 6487
f 6508 6487 6486
f 6486 6487 6470
f 6471 6470 6487
f 6489 6488 6493
f 6547 6508 6507
f 6587 6547 6586
f 6586 6547 6546
f 6586 6546 6594
f 6594 6546 6554
f 6594 6554 6562
f 6546 6547 6554
f 6476 6492 6486
f 6508 6547 6548
f 6548 6547 6587
f 6548 6587 6588
f 6548 6588 6549
f 6588 6589 6549
f 6549 6589 6544
f 6544 6545 6505
f 6505 6504 6544
f 6544 6504 6549
f 6549 6504 6509
f 6549 6509 6548
f 6545 6550 6510
f 6545 6510 6505
f 6509 6504 6508
f 6509 6508 6548
f 6653 6635 6652
f 6652 6635 6634
f 6652 6634 6651
f 6651 6634 6633
f 6651 6633 6650
f 6650 6633 6632
f 6610 6588 6609
f 6609 6588 6587
f 6609 6587 6608
f 6608 6587 6586
f 6608 6586 6616
f 6616 6586 6594
f 6623 6599 6615
f 6615 6599 6593
f 6615 6593 6614
f 6614 6593 6592
f 6614 6592 6613
f 6613 6592 6591
f 6508 6486 6492
f 6486 6470 6476
f 6625 6623 6641
f 6625 6643 6645
f 6625 6645 6627
f 6696 6678 6676
f 6696 6676 6694
f 6640 6657 6641
f 6657 6658 6641
f 6641 6643 6625
f 6689 6705 6693
f 6689 6693 6673
f 6673 6693 6676
f 6673 6676 6657
f 6657 6676 6658
f 6658 6676 6660
f 6658 6660 6641
f 6641 6660 6643
f 6660 6676 6678
f 6660 6678 6662
f 6662 6645 6660
f 6660 6645 6643
f 6694 6676 6693
f 6708 6693 6705
f 6539 6541 6538
f 6536 6538 6541
f 6581 6606 6580
f 6536 6542 6581
f 6581 6542 6584
f 6580 6536 6581
f 6532 6536 6576
f 6576 6604 6602
f 6604 6626 6602
f 6646 6663 6661
f 6661 6663 6679
f 6661 6679 6677
f 6646 6661 6644
f 6644 6626 6646
f 6606 6628 6604
f 6606 6604 6580
f 6580 6604 6576
f 6580 6576 6536
f 6604 6628 6626
f 6626 6628 6646
f 6583 6579 6605
f 6605 6603 6627
f 6579 6535 6605
f 6605 6579 6603
f 6583 6541 6579
f 6543 6541 6583
f 6583 6582 6543
f 6543 6582 6585
f 6645 6662 6647
f 6645 6647 6627
f 6678 6680 6662
f 6662 6680 6664
f 6662 6664 6647
f 6607 6583 6605
f 6607 6605 6629
f 6627 6647 6629
f 6627 6629 6605
f 6535 6579 6541
f 6536 6541 6543
f 6585 6542 6536
f 6585 6536 6543
f 6585 6584 6542
f 6736 6866 6858
f 6763 6736 6858
f 6858 6857 6763
f 6857 6762 6763
f 6866 6736 6865
f 6865 6736 6735
f 6731 6861 6733
f 6733 6861 6863
f 6733 6863 6734
f 6734 6863 6864
f 6734 6864 6735
f 6735 6864 6865
f 6745 6771 6766
f 6745 6766 6787
f 6745 6787 6801
f 6745 6819 6835
f 6745 6740 6771
f 6801 6814 6745
f 6745 6814 6819
f 6745 6835 6840
f 6859 6729 6730
f 6730 6860 6859
f 6860 6730 6749
f 6860 6749 6844
f 6844 6749 6744
f 6844 6744 6839
f 6839 6744 6745
f 6839 6745 6840
f 6729 6859 6732
f 6732 6859 6862
f 6732 6862 6861
f 6732 6861 6731
f 6783 6762 6857
f 6857 6831 6783
f 6831 6782 6783
f 6782 6831 6830
f 6782 6811 6797
f 6782 6830 6811
f 6826 6808 6827
f 6831 6811 6830
f 6810 6796 6797
f 6797 6811 6810
f 6827 6828 6851
f 6826 6827 6848
f 6848 6827 6851
f 6825 6826 6845
f 6845 6826 6848
f 6845 6848 6846
f 6846 6848 6849
f 6809 6828 6827
f 6827 6808 6809
f 6826 6825 6808
f 6795 6809 6808
f 6836 6822 6821
f 6821 6822 6816
f 6815 6821 6816
f 6817 6812 6799
f 6817 6799 6816
f 6816 6799 6803
f 6806 6793 6807
f 6807 6793 6794
f 6806 6792 6793
f 6791 6804 6805
f 6791 6790 6804
f 6804 6790 6792
f 6804 6792 6806
f 6799 6798 6803
f 6805 6821 6802
f 6802 6821 6815
f 6803 6789 6788
f 6802 6803 6788
f 6789 6803 6784
f 6784 6803 6798
f 6784 6798 6785
f 6785 6798 6799
f 6802 6788 6805
f 6805 6788 6791
f 6861 6862 6843
f 6843 6862 6859
f 6804 6820 6823
f 6846 6825 6845
f 6847 6842 6841
f 6805 6804 6820
f 6823 6825 6824
f 6824 6825 6846
f 6824 6846 6841
f 6842 6837 6836
f 6836 6837 6822
f 6822 6837 6816
f 6838 6837 6842
f 6838 6842 6843
f 6841 6842 6836
f 6821 6824 6836
f 6836 6824 6841
f 6838 6833 6832
f 6832 6833 6816
f 6837 6838 6832
f 6832 6816 6837
f 6817 6816 6833
f 6823 6824 6821
f 6803 6802 6815
f 6803 6815 6816
f 6843 6842 6861
f 6861 6842 6847
f 6861 6847 6863
f 6863 6847 6850
f 6866 6865 6854
f 6854 6865 6852
f 6828 6829 6853
f 6853 6829 6855
f 6853 6855 6854
f 6854 6855 6856
f 6795 6796 6809
f 6809 6796 6810
f 6810 6811 6829
f 6829 6811 6831
f 6829 6831 6855
f 6855 6831 6857
f 6855 6857 6856
f 6856 6857 6858
f 6865 6864 6852
f 6852 6864 6850
f 6852 6850 6849
f 6849 6850 6846
f 6852 6853 6854
f 6849 6853 6852
f 6864 6863 6850
f 6850 6847 6846
f 6846 6847 6841
f 6823 6821 6820
f 6820 6821 6805
f 6808 6807 6794
f 6808 6794 6795
f 6858 6866 6856
f 6856 6866 6854
f 6849 6848 6853
f 6853 6848 6851
f 6853 6851 6828
f 6829 6828 6810
f 6810 6828 6809
f 6807 6808 6825
f 6807 6825 6806
f 6806 6825 6823
f 6806 6823 6804
f 6813 6819 6814
f 6813 6814 6800
f 6800 6814 6801
f 6819 6813 6818
f 6834 6835 6818
f 6819 6818 6835
f 6859 6860 6843
f 6843 6860 6844
f 6817 6833 6834
f 6812 6813 6799
f 6800 6799 6813
f 6813 6812 6818
f 6818 6812 6817
f 6844 6839 6838
f 6844 6838 6843
f 6838 6839 6833
f 6839 6840 6834
f 6840 6835 6834
f 6834 6818 6817
f 6800 6799 6786
f 6834 6833 6839
f 6729 6732 6731
f 6783 6782 6797
f 6780 6781 6795
f 6781 6796 6795
f 6779 6778 6756
f 6756 6778 6753
f 6778 6777 6753
f 6753 6777 6750
f 6753 6750 6751
f 6753 6751 6754
f 6742 6774 6768
f 6750 6777 6751
f 6777 6775 6751
f 6751 6775 6776
f 6751 6776 6746
f 6767 6768 6773
f 6773 6768 6774
f 6773 6774 6741
f 6741 6774 6742
f 6792 6775 6793
f 6793 6775 6777
f 6793 6777 6778
f 6794 6793 6778
f 6794 6778 6779
f 6795 6794 6779
f 6795 6779 6780
f 6772 6775 6792
f 6772 6792 6790
f 6773 6772 6790
f 6773 6790 6791
f 6773 6776 6775
f 6773 6775 6772
f 6768 6767 6788
f 6768 6788 6789
f 6743 6748 6747
f 6747 6748 6752
f 6789 6784 6768
f 6742 6743 6747
f 6738 6768 6769
f 6764 6769 6768
f 6764 6768 6785
f 6784 6785 6789
f 6789 6785 6768
f 6768 6737 6742
f 6752 6731 6755
f 6755 6731 6733
f 6755 6733 6757
f 6757 6733 6734
f 6757 6734 6759
f 6759 6734 6735
f 6759 6735 6736
f 6759 6736 6761
f 6761 6736 6763
f 6781 6780 6760
f 6760 6780 6758
f 6760 6758 6759
f 6760 6759 6761
f 6797 6796 6781
f 6797 6781 6783
f 6783 6781 6760
f 6783 6760 6762
f 6762 6760 6761
f 6762 6761 6763
f 6741 6742 6746
f 6746 6742 6747
f 6755 6754 6752
f 6746 6776 6773
f 6767 6773 6791
f 6767 6791 6788
f 6741 6746 6773
f 6759 6758 6757
f 6757 6758 6754
f 6780 6779 6756
f 6780 6756 6758
f 6758 6756 6753
f 6758 6753 6754
f 6737 6768 6738
f 6737 6738 6743
f 6737 6743 6742
f 6746 6747 6751
f 6751 6747 6752
f 6755 6757 6754
f 6748 6729 6731
f 6748 6731 6752
f 6751 6752 6754
f 6730 6729 6748
f 6771 6740 6739
f 6771 6739 6770
f 6786 6766 6765
f 6765 6766 6771
f 6765 6771 6770
f 6786 6787 6766
f 6800 6801 6787
f 6787 6786 6800
f 6745 6744 6740
f 6740 6744 6739
f 6749 6730 6748
f 6749 6748 6744
f 6744 6748 6743
f 6799 6800 6785
f 6785 6800 6786
f 6765 6785 6786
f 6765 6770 6769
f 6765 6769 6764
f 6765 6764 6785
f 6743 6738 6744
f 6744 6738 6739
f 6738 6769 6770
f 6739 6738 6770
