v 0.137198231 0.257474273 0.171052292
v 0.134886853 0.258550525 0.206177995
v 0.135569743 0.259658277 0.196161658
v 0.136500306 0.260549486 0.192547530
v 0.136746860 0.259479135 0.186436146
v 0.136935062 0.259142280 0.181965694
v 0.137497804 0.260873675 0.177786365
v 0.137707792 0.259741008 0.170233265
v 0.138086698 0.260416329 0.166969433
v 0.138790838 0.261572719 0.160165608
v 0.139102555 0.262088180 0.154584840
v 0.139032892 0.262145191 0.149802446
v 0.139050431 0.264074177 0.145462468
v 0.139095611 0.266121387 0.140718386
v 0.136101357 0.262937069 0.206778482
v 0.136679716 0.263367414 0.196674660
v 0.137425176 0.264421463 0.192563057
v 0.137743465 0.264181674 0.187073424
v 0.137897528 0.263975114 0.182617724
v 0.138317324 0.265799522 0.178435668
v 0.138520888 0.266268164 0.174056157
v 0.138560198 0.264073849 0.167796880
v 0.139251254 0.265659153 0.160432294
v 0.139615826 0.266565144 0.154458806
v 0.139859996 0.268419147 0.150126383
v 0.139832071 0.269232899 0.145370454
v 0.139584041 0.271219075 0.138346016
v 0.136993042 0.268844396 0.207540244
v 0.137658722 0.269423842 0.197459728
v 0.137948117 0.268760979 0.194113895
v 0.138526759 0.270695806 0.187918440
v 0.138545371 0.268902481 0.183262005
v 0.138686276 0.269092977 0.178858563
v 0.138964287 0.269761831 0.173006743
v 0.139783732 0.273816049 0.166093230
v 0.139949358 0.272789359 0.161963120
v 0.140171594 0.272192359 0.156048208
v 0.140477441 0.274895668 0.151003778
v 0.140268362 0.274548143 0.145833060
v 0.139918871 0.275763065 0.140921235
v 0.136209346 0.273699552 0.208070651
v 0.137122146 0.274543554 0.198037326
v 0.138374335 0.274508983 0.194320932
v 0.138822175 0.275650233 0.188539788
v 0.139007411 0.275573671 0.184104472
v 0.139171190 0.275763988 0.179696336
v 0.139472178 0.276379704 0.173829675
v 0.140004835 0.277773827 0.167284980
v 0.140453167 0.280134827 0.163001895
v 0.140691734 0.278976887 0.156624809
v 0.140638343 0.278395951 0.149991602
v 0.140627436 0.280983478 0.147923544
v 0.139888636 0.282505214 0.139714465
v 0.136270902 0.277992249 0.208587214
v 0.137191288 0.279570967 0.198642120
v 0.138476870 0.282316893 0.195255861
v 0.139017037 0.282184631 0.189341769
v 0.139319948 0.282313257 0.184939355
v 0.139561988 0.282669157 0.180552199
v 0.139858372 0.283448130 0.174698532
v 0.140174783 0.283483624 0.168084472
v 0.140449978 0.285171479 0.163601175
v 0.140696875 0.286341786 0.158753783
v 0.140940971 0.287044942 0.150847688
v 0.140824429 0.284966856 0.148368821
v 0.140573300 0.287057042 0.141810432
v 0.140313230 0.289263874 0.136034280
v 0.136943347 0.284638286 0.209423363
v 0.137703560 0.285823852 0.199421212
v 0.138200796 0.286757916 0.195767254
v 0.138899154 0.286970675 0.189910844
v 0.139319114 0.287380397 0.185549781
v 0.139653049 0.287998974 0.181197762
v 0.139973707 0.288318008 0.175787687
v 0.140309087 0.287033170 0.166755602
v 0.140439607 0.289807528 0.163966671
v 0.140623397 0.291675985 0.158037931
v 0.140863887 0.290307581 0.152934030
v 0.140991039 0.291113526 0.148061916
v 0.141012631 0.291830719 0.141655579
v 0.140790797 0.293205291 0.136535317
v 0.140437505 0.294032693 0.132101268
v 0.136136732 0.289414436 0.209942892
v 0.136884383 0.290721297 0.199954435
v 0.137194536 0.292376965 0.196372226
v 0.138178132 0.292531759 0.191029370
v 0.139004744 0.292391986 0.186134681
v 0.139451645 0.293334484 0.181826055
v 0.139960549 0.292796731 0.175822020
v 0.140199281 0.293808043 0.171438828
v 0.140419579 0.294871837 0.164490998
v 0.140510566 0.295431197 0.157959715
v 0.140473119 0.296862274 0.153563827
v 0.140547774 0.296974093 0.148277879
v 0.140635244 0.297259569 0.141524434
v 0.140513352 0.297839612 0.137572050
v 0.140358336 0.297370940 0.132495865
v 0.137463457 0.296569854 0.190241709
v 0.137944541 0.297913820 0.186736688
v 0.138736851 0.297804177 0.183063224
v 0.139349989 0.299516201 0.177337065
v 0.139886937 0.299512774 0.172098950
v 0.140187345 0.300268114 0.164104387
v 0.140176512 0.301816970 0.159209087
v 0.140192203 0.300928116 0.154031202
v 0.139948420 0.302262694 0.148111820
v 0.139973290 0.300924718 0.141917720
v 0.137753404 0.301157296 0.184150055
v 0.138617984 0.304094702 0.176786512
v 0.139175347 0.305419326 0.171544522
v 0.139756791 0.305399030 0.165196076
v 0.139840207 0.307426721 0.159349531
v 0.139906324 0.307184249 0.154760674
v 0.139746554 0.307877600 0.148769245
v 0.137919999 0.307509333 0.175947696
v 0.138453341 0.309062123 0.171629354
v 0.138962499 0.311057806 0.165819839
v 0.139291219 0.312735260 0.160252869
v 0.139404781 0.314132839 0.155559555
v 0.139556817 0.313398123 0.150932387
v 0.131545372 0.245976761 0.175639689
v 0.132421709 0.245305717 0.170322344
v 0.130975745 0.250390232 0.189473346
v 0.132158346 0.249833375 0.184701934
v 0.132298000 0.248564243 0.180417076
v 0.133693747 0.249175593 0.176147580
v 0.134742207 0.249473214 0.170965016
v 0.131403095 0.252910525 0.205284655
v 0.131909303 0.253778309 0.195228532
v 0.132683239 0.252985865 0.191402584
v 0.134590364 0.253805578 0.185617298
v 0.135122783 0.253578395 0.181180969
v 0.135880075 0.254368693 0.176900461
v 0.136376954 0.254372299 0.171652779
v 0.131559736 0.257339358 0.205823466
v 0.133549339 0.257695585 0.195799813
v 0.135039768 0.256836563 0.192317396
v 0.135742582 0.256734282 0.187526450
v 0.138622842 0.262923270 0.143392161
v 0.138502158 0.264828205 0.137862042
v 0.138281516 0.265988886 0.132826895
v 0.137551627 0.266165704 0.127094299
v 0.136733390 0.266813666 0.121424012
v 0.135689653 0.267583102 0.115462005
v 0.135457731 0.270662755 0.111282960
v 0.130736134 0.262023091 0.206330895
v 0.131367482 0.263218462 0.196321785
v 0.139106802 0.271091759 0.133787140
v 0.138353489 0.271339715 0.127763525
v 0.137482859 0.272097439 0.121807352
v 0.136251412 0.273589879 0.114438124
v 0.135684080 0.272425115 0.111702859
v 0.131776727 0.267009377 0.206992045
v 0.132408089 0.268204749 0.196982935
v 0.139162100 0.277236879 0.134524852
v 0.138315506 0.277781218 0.128528759
v 0.137390963 0.278714240 0.122587860
v 0.136134199 0.280296504 0.115225650
v 0.135712288 0.280265093 0.112674914
v 0.134331725 0.274349928 0.208029896
v 0.134963072 0.275545299 0.198020786
v 0.139176629 0.281347513 0.134715974
v 0.138303376 0.282077134 0.128741503
v 0.137355528 0.282285959 0.123013489
v 0.136101372 0.283846259 0.115649812
v 0.135614834 0.282382756 0.112787455
v 0.134283058 0.276781589 0.208317235
v 0.134914420 0.277976990 0.198308125
v 0.139646731 0.286884010 0.134203956
v 0.139381699 0.289425910 0.129484728
v 0.137942589 0.288838238 0.122332938
v 0.136878006 0.289904714 0.116417356
v 0.132064498 0.283312678 0.208957300
v 0.132695846 0.284508049 0.198948190
v 0.140083052 0.294528455 0.129134864
v 0.139159016 0.295410663 0.123185895
v 0.137993596 0.296168655 0.117223598
v 0.136470533 0.295655966 0.111109316
v 0.132454521 0.290029496 0.209784091
v 0.133085883 0.291224867 0.199774981
v 0.140044681 0.300040275 0.135800421
v 0.139791451 0.299414545 0.130454540
v 0.138903401 0.299831778 0.123706132
v 0.137776009 0.300440013 0.117731877
v 0.136373735 0.301696420 0.111839309
v 0.133454195 0.295658112 0.210519373
v 0.134467921 0.296513468 0.200493768
v 0.135199613 0.297639877 0.196576774
v 0.136136554 0.299167454 0.191704214
v 0.139479569 0.304603964 0.142323747
v 0.139371596 0.303529501 0.137677357
v 0.138685472 0.304960519 0.131805465
v 0.137841693 0.305907369 0.125883520
v 0.136864431 0.306462198 0.119920053
v 0.130855090 0.299184382 0.210776567
v 0.131754718 0.300347000 0.200780466
v 0.132227279 0.302045971 0.196718082
v 0.134154312 0.303010464 0.191183984
v 0.135977007 0.302989215 0.187228426
v 0.136524475 0.304097503 0.184428036
v 0.137507058 0.306408137 0.178796500
v 0.139332346 0.309508532 0.142899379
v 0.138886950 0.308737904 0.138268232
v 0.138150937 0.310394406 0.132425278
v 0.137282691 0.311381638 0.126513898
v 0.136301137 0.311830074 0.120543882
v 0.131693594 0.306802601 0.190382004
v 0.133538715 0.308688313 0.184794605
v 0.136059947 0.310234010 0.177874044
v 0.137401036 0.311834514 0.172196254
v 0.137960918 0.313917220 0.167619735
v 0.139432228 0.315080196 0.149611562
v 0.139340288 0.315120369 0.143571287
v 0.138961829 0.314801246 0.138997212
v 0.138260938 0.315495133 0.133041367
v 0.137383393 0.316466600 0.127127632
v 0.136434517 0.316406041 0.121596038
v 0.134126148 0.313238561 0.177896246
v 0.135088108 0.316047698 0.172032267
v 0.136493734 0.317552745 0.166268796
v 0.137886516 0.318064392 0.160326689
v 0.138086400 0.319138348 0.156074405
v 0.138264946 0.319773793 0.151072815
v 0.138316906 0.320406705 0.145203829
v 0.138234980 0.321012706 0.139693588
v 0.137835465 0.321398556 0.133716956
v 0.136982507 0.322257936 0.127787516
v 0.136318288 0.321636409 0.122601829
v 0.134007163 0.320665658 0.165891126
v 0.135365359 0.321586728 0.160618961
v 0.135492049 0.322691679 0.156335145
v 0.136043511 0.323168635 0.150743365
v 0.136285431 0.323654890 0.145210952
v 0.136281452 0.324240178 0.139955580
v 0.136293165 0.324636102 0.134142235
v 0.136019952 0.324829131 0.128331408
v 0.127477168 0.241209194 0.169241130
v 0.126082554 0.245042831 0.182598487
v 0.127834603 0.244795725 0.179714933
v 0.128771975 0.243693411 0.175039485
v 0.130090482 0.242929488 0.170175105
v 0.124569810 0.248109847 0.204280287
v 0.125677093 0.249390259 0.194311351
v 0.127699851 0.248721063 0.190355748
v 0.129433967 0.247319102 0.184247449
v 0.126860186 0.251165420 0.204789683
v 0.128009341 0.251806378 0.194747016
v 0.129676095 0.250581086 0.192427829
v 0.127470366 0.256003350 0.205405965
v 0.128101728 0.257198721 0.195396855
v 0.129938892 0.265308857 0.124683864
v 0.129872046 0.267248541 0.120829254
v 0.130274139 0.267887563 0.118013419
v 0.133683524 0.269534916 0.110224210
v 0.132787518 0.268109262 0.107160993
v 0.129880972 0.270315498 0.120095737
v 0.130336023 0.270414859 0.117897213
v 0.130890093 0.271596462 0.111283883
v 0.131039880 0.281566530 0.112535626
v 0.130468152 0.283989578 0.122911982
v 0.130482457 0.283260226 0.119176194
v 0.133427522 0.284015417 0.112082109
v 0.133614651 0.287465870 0.106890760
v 0.130868710 0.289861411 0.117931858
v 0.131321690 0.290614903 0.111255825
v 0.133333898 0.289984256 0.106242016
v 0.135975085 0.296663791 0.108701959
v 0.129672862 0.292378098 0.209889114
v 0.130304209 0.293573499 0.199880004
v 0.131007619 0.303076684 0.119347483
v 0.131007008 0.303242832 0.116481103
v 0.133453719 0.303072035 0.109840691
v 0.127440959 0.295489937 0.210119978
v 0.128072313 0.296685338 0.200110868
v 0.130985490 0.306960046 0.120975181
v 0.131145022 0.306401342 0.116079278
v 0.133615963 0.307235986 0.108310409
v 0.126522011 0.300888240 0.210706726
v 0.127747878 0.302826136 0.200823799
v 0.130311913 0.303019077 0.198670968
v 0.130794726 0.310586303 0.121703967
v 0.133279956 0.312142968 0.114401571
v 0.133865989 0.310620457 0.112353422
v 0.125812433 0.305282563 0.200995088
v 0.127274446 0.306065857 0.197373033
v 0.128625750 0.308242142 0.192001522
v 0.130827449 0.311462045 0.184958100
v 0.135015331 0.317556679 0.114230543
v 0.128538749 0.313906461 0.183615178
v 0.130117319 0.316395134 0.178235307
v 0.131845928 0.318598628 0.172853917
v 0.132411233 0.323393047 0.122278161
v 0.133707828 0.323783845 0.116073549
v 0.133218534 0.325469971 0.114478402
v 0.129014231 0.320320845 0.172072142
v 0.130460895 0.322156429 0.166389033
v 0.131151772 0.323734254 0.160747945
v 0.132034934 0.324550241 0.156339124
v 0.132280655 0.325171828 0.151663855
v 0.132822386 0.325662345 0.145173803
v 0.133408747 0.325946987 0.139790326
v 0.133400685 0.326400608 0.134036332
v 0.133780874 0.326530397 0.127352551
v 0.133220366 0.326590002 0.122224972
v 0.132834084 0.326914877 0.117653757
v 0.132202826 0.327051520 0.113668807
v 0.123137645 0.241002262 0.173054680
v 0.123018286 0.239931017 0.168968990
v 0.122496649 0.243964463 0.182252809
v 0.122899152 0.242952406 0.179200232
v 0.123895041 0.241917387 0.175437063
v 0.120257325 0.246805534 0.203852475
v 0.121407374 0.247997358 0.193875656
v 0.121910452 0.246628851 0.189949393
v 0.122097655 0.252533048 0.204652607
v 0.122729018 0.253728420 0.194643483
v 0.128774724 0.267540395 0.120976873
v 0.128466538 0.268855959 0.113435909
v 0.128089316 0.268993080 0.112344973
v 0.127864681 0.269844621 0.105300918
v 0.128807350 0.270104229 0.121013023
v 0.128434821 0.270911992 0.113723941
v 0.128048173 0.271052539 0.112605728
v 0.127839051 0.271900833 0.105586626
v 0.129107244 0.283578485 0.121734560
v 0.128535836 0.284068197 0.118166037
v 0.127878881 0.284340620 0.113753580
v 0.128052092 0.284550905 0.107096940
v 0.130202971 0.291287333 0.108964637
v 0.130028582 0.292043835 0.102062024
v 0.130379639 0.303844482 0.110520214
v 0.130203477 0.304691464 0.103597470
v 0.130378402 0.306757003 0.112983823
v 0.129736013 0.306688190 0.110491946
v 0.130292288 0.306755006 0.103807770
v 0.121103621 0.300273508 0.210291535
v 0.121734984 0.301468879 0.200282425
v 0.130059845 0.310507536 0.122661017
v 0.129443146 0.310986191 0.114650272
v 0.129551462 0.311780781 0.108036689
v 0.128832712 0.311929584 0.106892496
v 0.122410684 0.305105686 0.210951090
v 0.122754037 0.306589693 0.200958282
v 0.122042201 0.308534592 0.197337747
v 0.124001905 0.310544968 0.192312971
v 0.123310886 0.311910212 0.190466046
v 0.124161928 0.315937430 0.183282599
v 0.125688478 0.317761153 0.179408774
v 0.130034945 0.323146522 0.122465491
v 0.129596657 0.324476808 0.116335362
v 0.129586957 0.325190872 0.109934486
v 0.129037208 0.325265050 0.108498044
v 0.123990423 0.319314688 0.177230164
v 0.124125577 0.321599305 0.172220170
v 0.124547794 0.323610902 0.166407511
v 0.124752774 0.325082421 0.160809800
v 0.126691557 0.325769693 0.156147808
v 0.126601293 0.326411605 0.151670456
v 0.126299097 0.327176660 0.144189447
v 0.128102011 0.327286929 0.139302894
v 0.127134479 0.328027546 0.132338509
v 0.126845754 0.328639925 0.126421526
v 0.128300040 0.328379214 0.120630577
v 0.129144362 0.327714682 0.117039971
v 0.128890156 0.328985572 0.112245247
v 0.116483911 0.240709603 0.173586294
v 0.117769300 0.239432245 0.168529600
v 0.116182550 0.245226786 0.187931389
v 0.116347975 0.243173257 0.181767255
v 0.118211150 0.242256075 0.178820103
v 0.118549868 0.241328984 0.175770804
v 0.114423110 0.247460470 0.203562692
v 0.115470960 0.248277366 0.193534642
v 0.116228021 0.246284321 0.191040829
v 0.116391695 0.251185954 0.204131797
v 0.117023050 0.252381325 0.194122687
v 0.121319189 0.269238293 0.103361651
v 0.115788481 0.275081605 0.163545519
v 0.115925215 0.273274630 0.160604447
v 0.116269543 0.272769988 0.154712692
v 0.116646922 0.275594413 0.149519786
v 0.115734204 0.278724641 0.165808320
v 0.116848632 0.278998971 0.147453710
v 0.116940118 0.281212986 0.146767333
v 0.121497288 0.286666453 0.105908602
v 0.122244298 0.289124250 0.099832043
v 0.115835241 0.284622937 0.166343093
v 0.116983875 0.287818104 0.148515508
v 0.117002338 0.284915984 0.147123173
v 0.124151542 0.290523231 0.100101285
v 0.121362462 0.291984171 0.098446064
v 0.115984059 0.287835211 0.165081009
v 0.116186044 0.290283501 0.162652269
v 0.116566903 0.292161196 0.157047331
v 0.116877645 0.290639639 0.151331186
v 0.121252454 0.305281878 0.099959046
v 0.114602185 0.297185838 0.191468388
v 0.115510910 0.298906356 0.177062139
v 0.123122699 0.308741093 0.106631808
v 0.122932128 0.307937175 0.102776997
v 0.121919423 0.307832569 0.100442193
v 0.115978859 0.301789939 0.210149378
v 0.116610213 0.302985340 0.200140268
v 0.114710785 0.300840080 0.191037849
v 0.115572638 0.302471876 0.177374646
v 0.121742859 0.311705679 0.104513057
v 0.115552276 0.305586338 0.210575879
v 0.116537235 0.307146847 0.200632676
v 0.116912461 0.309885740 0.196687013
v 0.114819884 0.307954460 0.191894397
v 0.115693479 0.309608489 0.178045079
v 0.117184191 0.312483072 0.191477925
v 0.115260094 0.314972728 0.187231109
v 0.117975130 0.316701651 0.183895394
v 0.123885139 0.326625615 0.109427728
v 0.121999434 0.326584905 0.106789976
v 0.115698389 0.318309128 0.181221053
v 0.118525378 0.319962710 0.177715182
v 0.119517288 0.322483063 0.171529517
v 0.119965500 0.324172765 0.166185617
v 0.119672581 0.325504631 0.160742760
v 0.120943270 0.326322407 0.155851156
v 0.120910994 0.326893926 0.151368961
v 0.120843998 0.327581584 0.143893510
v 0.120813108 0.328046829 0.137932524
v 0.120829626 0.328579247 0.132006645
v 0.122614301 0.329102784 0.126209304
v 0.122632846 0.329750001 0.120327391
v 0.123048610 0.329935431 0.110216297
v 0.122154623 0.327821493 0.107245453
v 0.111612625 0.240961075 0.173800573
v 0.112186729 0.239505917 0.167931721
v 0.110042475 0.245274067 0.187548578
v 0.111432276 0.243178159 0.181451976
v 0.111179113 0.247552231 0.203369021
v 0.111366607 0.248283237 0.193276450
v 0.110288888 0.246289477 0.190671369
v 0.109709858 0.251081228 0.203697816
v 0.110341220 0.252276599 0.193688706
v 0.116087697 0.268728644 0.102264725
v 0.117980755 0.269730687 0.101482011
v 0.115566067 0.272521704 0.102202177
v 0.117926962 0.272474527 0.101815127
v 0.116472735 0.286591798 0.104383484
v 0.118168845 0.285642892 0.103399411
v 0.116130359 0.290830731 0.099555016
v 0.118233918 0.292376816 0.098288536
v 0.111172355 0.293277234 0.194273800
v 0.112461820 0.293412000 0.192533836
v 0.113078154 0.295612842 0.172887757
v 0.115677788 0.305206448 0.101044819
v 0.118436597 0.305320501 0.099871509
v 0.112557537 0.295421153 0.194436044
v 0.114145308 0.296293706 0.192112163
v 0.114455081 0.298296183 0.175253019
v 0.116954423 0.308223307 0.102314487
v 0.119118966 0.307965219 0.100366622
v 0.110062822 0.302201122 0.209825307
v 0.110694177 0.303396493 0.199816197
v 0.114584453 0.300571203 0.192427427
v 0.114430352 0.304331481 0.175439894
v 0.117396905 0.313163340 0.103888527
v 0.112025134 0.305645436 0.210360438
v 0.112327150 0.307230949 0.200377151
v 0.112287610 0.309643835 0.196842670
v 0.114240594 0.308987141 0.193537623
v 0.115111209 0.310187221 0.176002964
v 0.109319016 0.311263621 0.195054680
v 0.112544283 0.312412590 0.192857802
v 0.112574845 0.314539611 0.176272005
v 0.117559090 0.326191694 0.105946183
v 0.115200213 0.320763767 0.176096216
v 0.112834811 0.321919680 0.171929687
v 0.113022588 0.323723376 0.166231900
v 0.112817853 0.324985862 0.161299050
v 0.113720036 0.326165736 0.155376986
v 0.114021487 0.326830387 0.150422305
v 0.114773444 0.327578545 0.143510297
v 0.114894270 0.328106314 0.137566283
v 0.115088745 0.328680247 0.131656677
v 0.117256514 0.329281121 0.125893414
v 0.117498911 0.329932511 0.120026477
v 0.115157961 0.329715878 0.116383269
v 0.118105038 0.330021888 0.111017369
v 0.117513619 0.327994198 0.106402062
v 0.106184221 0.241247267 0.172009990
v 0.106247939 0.240260422 0.167707756
v 0.105342320 0.243993357 0.181166291
v 0.106195099 0.242034733 0.175069958
v 0.104422621 0.246851549 0.202859148
v 0.104765675 0.247977480 0.192823559
v 0.104636765 0.246755123 0.189373821
v 0.104510962 0.251880407 0.203465313
v 0.105142325 0.253075778 0.193456203
v 0.108938738 0.268536657 0.119366229
v 0.110149524 0.269599229 0.117404491
v 0.111011527 0.268439651 0.107403383
v 0.112091645 0.268757403 0.104626678
v 0.109561391 0.270560414 0.119444422
v 0.110214441 0.270750165 0.117437102
v 0.110640309 0.271898925 0.107793108
v 0.111795678 0.272238791 0.104822941
v 0.109434008 0.283812612 0.120888054
v 0.110441781 0.283004671 0.119155377
v 0.111445084 0.285886467 0.109867670
v 0.112394541 0.286139995 0.106772974
v 0.110319346 0.288963348 0.116533689
v 0.112516596 0.290981382 0.114197738
v 0.113006904 0.290997684 0.104168884
v 0.113597027 0.291465789 0.101919360
v 0.106375403 0.293653518 0.192765832
v 0.106622315 0.294121027 0.188851371
v 0.106210216 0.296130717 0.173013270
v 0.112021356 0.303634614 0.117387228
v 0.112735435 0.303657323 0.115828529
v 0.113004736 0.304689556 0.105803959
v 0.113707899 0.304972678 0.103452481
v 0.110608838 0.306951165 0.118966334
v 0.112823046 0.306915641 0.116412230
v 0.113285064 0.308069915 0.107137844
v 0.114077009 0.307961553 0.104513802
v 0.104527190 0.301365703 0.209376365
v 0.105158544 0.302561104 0.199367255
v 0.111326940 0.310944080 0.120129049
v 0.112359240 0.312728524 0.108141735
v 0.114004567 0.313033462 0.105399363
v 0.106243915 0.306834608 0.210137799
v 0.106819495 0.308142185 0.200138569
v 0.106200404 0.308787793 0.197684765
v 0.106176137 0.312218666 0.170096949
v 0.105859048 0.312844545 0.165499508
v 0.105913407 0.312612742 0.195000976
v 0.106520272 0.314165890 0.193040103
v 0.107451036 0.315855294 0.175846979
v 0.108665428 0.317847401 0.171402916
v 0.107135534 0.317108810 0.164607733
v 0.106821477 0.319147617 0.161507025
v 0.111723534 0.323482782 0.121477135
v 0.112955301 0.325787097 0.110068321
v 0.114311322 0.325650245 0.107174300
v 0.110113076 0.320382446 0.171180263
v 0.109924748 0.321934104 0.165452674
v 0.109258361 0.323664635 0.160106495
v 0.108372762 0.324932069 0.155495495
v 0.108609661 0.326065868 0.149865463
v 0.110541790 0.327191085 0.143197507
v 0.109750665 0.327734113 0.137197345
v 0.110098294 0.328395724 0.131306946
v 0.110523603 0.329054922 0.125439718
v 0.111369497 0.327511102 0.122097909
v 0.113956183 0.329140961 0.119395934
v 0.113158695 0.327531368 0.110336043
v 0.114406101 0.327888846 0.107673012
v 0.101075537 0.241690710 0.167633161
v 0.100183717 0.245528474 0.181028292
v 0.100409738 0.243303195 0.173376486
v 0.099463991 0.242573842 0.168767393
v 0.098747588 0.248755097 0.202728525
v 0.099453173 0.249727696 0.192697480
v 0.099603898 0.248232171 0.188521400
v 0.100362337 0.253493667 0.203396305
v 0.100993700 0.254689038 0.193387195
v 0.097609788 0.255483866 0.203460366
v 0.098241150 0.256679237 0.193451256
v 0.104885794 0.268040895 0.120542675
v 0.099030196 0.280165434 0.171763420
v 0.100264958 0.279486656 0.164852843
v 0.100505649 0.280380905 0.160723075
v 0.100078798 0.282294333 0.156922817
v 0.104328460 0.284077615 0.121553406
v 0.098858885 0.283629090 0.174588680
v 0.099689692 0.283401310 0.171358198
v 0.101193286 0.283518583 0.165844738
v 0.101651713 0.284406036 0.160757914
v 0.100710682 0.285776019 0.155830041
v 0.105308882 0.289622098 0.116754264
v 0.099225431 0.288950890 0.172551930
v 0.101528882 0.289803714 0.166470140
v 0.102438367 0.289226115 0.161830202
v 0.101891718 0.290598333 0.155966595
v 0.100991353 0.292505711 0.152197793
v 0.101215600 0.293834776 0.192462012
v 0.100565552 0.294492513 0.189542949
v 0.102438613 0.296250641 0.173299506
v 0.102181419 0.294962794 0.167124435
v 0.103382825 0.295579165 0.162643507
v 0.102967589 0.296410680 0.156984091
v 0.101787812 0.297180176 0.152638867
v 0.106295503 0.303828984 0.117780477
v 0.098206072 0.297621369 0.208530441
v 0.098837427 0.298816741 0.198521331
v 0.098987601 0.297021985 0.192702115
v 0.099075116 0.297187686 0.191314712
v 0.103045597 0.297601193 0.173479050
v 0.103185593 0.300780714 0.168032497
v 0.103963069 0.301031530 0.163585857
v 0.103135093 0.301554024 0.157143012
v 0.101756930 0.302853346 0.152479410
v 0.105991668 0.305288136 0.118091792
v 0.100612789 0.299747050 0.208936125
v 0.101244143 0.300942421 0.198927015
v 0.103870108 0.306210428 0.171807006
v 0.104268468 0.305864543 0.168758020
v 0.104367770 0.306096196 0.163858458
v 0.103304639 0.307487756 0.158515051
v 0.101572118 0.309581161 0.153278217
v 0.100327409 0.305163503 0.209565014
v 0.101023681 0.306548268 0.199582621
v 0.100437536 0.307200938 0.197075143
v 0.098433025 0.310928017 0.192915216
v 0.099783450 0.313298255 0.174413696
v 0.105018794 0.309136480 0.169798702
v 0.105053685 0.311590910 0.163533539
v 0.103723741 0.312660903 0.158866048
v 0.101734116 0.313556999 0.153768182
v 0.100877269 0.312238246 0.194638580
v 0.101237371 0.314138860 0.192617863
v 0.102382644 0.315904945 0.175938398
v 0.104919381 0.317965239 0.158688962
v 0.102684125 0.319343448 0.153116003
v 0.101670458 0.321940035 0.148946956
v 0.105367831 0.323651195 0.153732449
v 0.103513173 0.324039817 0.148810163
v 0.102970726 0.324873626 0.143667683
v 0.104126073 0.326380372 0.136680812
v 0.104634627 0.327206433 0.130818501
v 0.104879401 0.327742577 0.124922998
v 0.106061264 0.327912718 0.123159230
v 0.097177974 0.246179774 0.177961260
v 0.095784276 0.246179059 0.173133507
v 0.095766953 0.245448887 0.168030038
v 0.095985025 0.250236720 0.188000649
v 0.094760812 0.249829516 0.182519138
v 0.093845538 0.250047952 0.178215384
v 0.093666381 0.249841303 0.173849612
v 0.093609146 0.250433505 0.168489486
v 0.093902006 0.252321362 0.202848792
v 0.094441868 0.253393829 0.192819223
v 0.093034982 0.254011095 0.189644173
v 0.092724211 0.253222793 0.183951497
v 0.092492453 0.253507555 0.178549051
v 0.092875636 0.255536526 0.173630193
v 0.093733966 0.257378817 0.168686271
v 0.094140253 0.257588506 0.203492865
v 0.093978121 0.258379698 0.193385437
v 0.093235149 0.261554092 0.173638225
v 0.094281680 0.260240316 0.167649597
v 0.094968519 0.261129081 0.163854718
v 0.095595218 0.261851072 0.157777950
v 0.095908723 0.262598813 0.151527524
v 0.096077166 0.263283938 0.145815611
v 0.096250742 0.264128804 0.141667143
v 0.096695080 0.266729623 0.135728881
v 0.096789397 0.265195638 0.129846513
v 0.097203560 0.265748858 0.125198692
v 0.098047874 0.268505991 0.120807633
v 0.093993790 0.263100654 0.204141945
v 0.094625152 0.264296055 0.194132835
v 0.093320354 0.268143177 0.175931141
v 0.095007531 0.268142462 0.170043051
v 0.096010118 0.267853469 0.164026350
v 0.096448279 0.267676473 0.157953724
v 0.096625655 0.268161446 0.151932910
v 0.096759617 0.269227535 0.147506848
v 0.096983410 0.270970285 0.143180221
v 0.097557723 0.271495789 0.129712209
v 0.098127461 0.272879958 0.125427991
v 0.098718486 0.273080349 0.120671846
v 0.093255191 0.267874777 0.204665527
v 0.093886554 0.269070178 0.194656417
v 0.093028224 0.272690177 0.179118559
v 0.094365641 0.272634447 0.175488785
v 0.096003331 0.273253739 0.170049265
v 0.097217313 0.273781121 0.164423004
v 0.097655378 0.274891764 0.159790054
v 0.097666390 0.276178867 0.154933050
v 0.097590267 0.276084483 0.148379341
v 0.097677036 0.277160883 0.143966317
v 0.097755119 0.276815146 0.136374757
v 0.097979366 0.276235193 0.131806120
v 0.098695047 0.277972251 0.126065373
v 0.099349543 0.278674811 0.121375129
v 0.093099646 0.271580875 0.205098331
v 0.093731000 0.272776276 0.195089221
v 0.093856513 0.276824504 0.181248620
v 0.096698902 0.277720690 0.176193297
v 0.098066784 0.277506351 0.171221152
v 0.098583690 0.276285499 0.166151434
v 0.098686039 0.277741253 0.158717543
v 0.098333515 0.279691547 0.154929087
v 0.098102494 0.281975448 0.149469554
v 0.098041571 0.281944692 0.144561648
v 0.098164968 0.283194602 0.137165353
v 0.098348557 0.282751083 0.132796362
v 0.098926849 0.283833086 0.126772583
v 0.099687963 0.284693241 0.121264890
v 0.093176647 0.277346998 0.205791846
v 0.093808010 0.278542399 0.195782721
v 0.094768062 0.282198101 0.182215720
v 0.097780741 0.283008665 0.176965728
v 0.099140822 0.284371823 0.153285310
v 0.098584018 0.286165237 0.150254220
v 0.098199069 0.287220597 0.143688440
v 0.100577436 0.290513426 0.116733104
v 0.093638695 0.284514189 0.206676960
v 0.094270057 0.285709590 0.196667850
v 0.094829514 0.287707120 0.182869300
v 0.097413517 0.288199633 0.177743882
v 0.098683796 0.290464908 0.173789471
v 0.099237672 0.291380316 0.148647785
v 0.098396055 0.292452991 0.145179987
v 0.098152443 0.294305533 0.141235739
v 0.098477341 0.292278707 0.132251501
v 0.094956762 0.291022420 0.207537383
v 0.095588117 0.292217791 0.197528258
v 0.094630867 0.292605340 0.183503658
v 0.097403667 0.293007553 0.177617580
v 0.098714597 0.293871135 0.174328655
v 0.100273646 0.297550976 0.148527801
v 0.098961450 0.297333598 0.144657269
v 0.098157144 0.298704922 0.139950752
v 0.098428435 0.300633878 0.133246303
v 0.098881877 0.301337063 0.128858835
v 0.099976040 0.302401692 0.121575341
v 0.094449251 0.296495259 0.208158985
v 0.093891486 0.298274904 0.198144644
v 0.094406559 0.298972160 0.194424525
v 0.096136227 0.298323005 0.190235659
v 0.097290485 0.300468177 0.174035951
v 0.100632265 0.301876187 0.149066180
v 0.099369354 0.302968025 0.145240009
v 0.098192982 0.303940713 0.139235631
v 0.100604548 0.306530237 0.118826702
v 0.095401480 0.301820755 0.208855078
v 0.095696046 0.302833349 0.198802888
v 0.095678314 0.303175837 0.195442200
v 0.094408221 0.303807169 0.191038951
v 0.095712900 0.305928618 0.174202755
v 0.100528850 0.308360219 0.149821460
v 0.099537804 0.308125317 0.146505922
v 0.098194867 0.308964342 0.139935672
v 0.098350278 0.308923841 0.135734290
v 0.098936118 0.310146660 0.129917204
v 0.099790893 0.311074018 0.124100491
v 0.100356347 0.311350107 0.120868497
v 0.096590451 0.308423787 0.193912625
v 0.095245212 0.309045464 0.191631585
v 0.096580512 0.311039090 0.174991295
v 0.100586466 0.314180821 0.150503591
v 0.099508739 0.313794047 0.147135794
v 0.098342425 0.314904124 0.141064584
v 0.098559178 0.316543579 0.136657178
v 0.099143907 0.317879617 0.130855888
v 0.099961757 0.318811566 0.125040427
v 0.100479379 0.318857402 0.121792354
v 0.097280226 0.312930912 0.191795126
v 0.098368413 0.314661622 0.176236331
v 0.100633725 0.320419014 0.147537991
v 0.099317237 0.320800275 0.142052203
v 0.099461421 0.321658134 0.136949465
v 0.099907353 0.322560459 0.131248340
v 0.100758299 0.323354214 0.124735631
v 0.101169586 0.323637962 0.122406833
v 0.100979097 0.323456466 0.143620476
v 0.101189851 0.324740171 0.136299670
v 0.101563192 0.325484157 0.130418167
v 0.102101690 0.326032162 0.124541782
v 0.102602436 0.326493025 0.122838192
v 0.091735757 0.255820841 0.187657431
v 0.091685756 0.256124020 0.183676541
v 0.092092580 0.255659282 0.179280579
v 0.092470876 0.256525517 0.175954595
v 0.089989609 0.258853525 0.203382134
v 0.090790323 0.259176105 0.193279460
v 0.090605795 0.259343237 0.190101042
v 0.090982183 0.259761751 0.184394538
v 0.091841816 0.259992152 0.179304048
v 0.092520035 0.261620343 0.176579416
v 0.088841847 0.263449550 0.203858644
v 0.089421994 0.264096886 0.193780839
v 0.089242428 0.265913397 0.190911353
v 0.090400315 0.265880615 0.184957370
v 0.091814428 0.266409427 0.180088162
v 0.092662274 0.264910340 0.176988989
v 0.088192328 0.268867821 0.204464763
v 0.088699377 0.269678354 0.194401860
v 0.089050955 0.271267325 0.190315872
v 0.090552680 0.272849649 0.184992880
v 0.091992854 0.272427380 0.181209743
v 0.089687280 0.275342345 0.205332324
v 0.090156942 0.276409000 0.195297629
v 0.089163869 0.276895434 0.190618992
v 0.089927300 0.275457859 0.187731579
v 0.091867372 0.274627298 0.183238417
v 0.089537493 0.278947949 0.205753490
v 0.089921131 0.280114621 0.195725322
v 0.089305557 0.280883491 0.191167131
v 0.090955719 0.282326162 0.188226387
v 0.088740393 0.285908937 0.206534550
v 0.089126080 0.286008209 0.196379036
v 0.089609429 0.286296248 0.191868931
v 0.090528413 0.287545621 0.189909697
v 0.089771069 0.291032314 0.207211450
v 0.090212374 0.292069644 0.197171479
v 0.090542338 0.292629778 0.193434909
v 0.091111078 0.292094469 0.190052897
v 0.091219439 0.295510411 0.207837626
v 0.091714210 0.296670705 0.197815716
v 0.091505698 0.296126753 0.195046902
v 0.126389764 0.312276423 0.117521271
v 0.126546196 0.322479844 0.118749768
v 0.125068321 0.312201709 0.118103400
v 0.125225499 0.322454184 0.119337805
v 0.120974071 0.312272549 0.119681865
v 0.120435520 0.314028621 0.119652689
v 0.120511948 0.320442080 0.120428257
v 0.121124602 0.322138280 0.120866939
v 0.117664925 0.312111706 0.119053505
v 0.117824800 0.322539836 0.120309055
v 0.113334365 0.312604010 0.118398212
v 0.113483756 0.322348207 0.119571418
v 0.111404448 0.312469274 0.117948733
v 0.111560441 0.322643995 0.119173780
v 0.127527162 0.312549353 0.115248010
v 0.127683088 0.322719932 0.116472557
v 0.123412459 0.312356025 0.114828736
v 0.123577661 0.323131502 0.116126113
v 0.120765253 0.312224060 0.116089828
v 0.120931081 0.323040336 0.117392115
v 0.116797163 0.312256396 0.116308503
v 0.116963058 0.323076963 0.117611311
v 0.114071070 0.312466443 0.114911124
v 0.114236958 0.323287010 0.116213933
v 0.110154129 0.312715411 0.115979128
v 0.110310427 0.322910160 0.117206581
v 0.129038609 0.312749922 0.111580797
v 0.128652162 0.316472203 0.111713096
v 0.128731906 0.319602966 0.112242535
v 0.129201121 0.323349774 0.112857029
v 0.124696127 0.312644184 0.112081915
v 0.124862015 0.323464751 0.113384724
v 0.112357579 0.312796921 0.112384371
v 0.112523473 0.323617518 0.113687180
v 0.108450874 0.312678277 0.112664580
v 0.109640106 0.316802979 0.112422422
v 0.109666339 0.319758058 0.112730354
v 0.108621142 0.323784262 0.114001751
v 0.107804365 0.313222975 0.111743763
v 0.107851229 0.316634804 0.112601943
v 0.107878267 0.320152223 0.112872384
v 0.107961825 0.323493421 0.112980329
v 0.128912813 0.313169062 0.107953489
v 0.128535538 0.316833109 0.108610287
v 0.128603555 0.320080251 0.109002091
v 0.129075907 0.323807389 0.109234348
v 0.124853148 0.313082308 0.108422831
v 0.125019043 0.323902905 0.109725639
v 0.112026810 0.313237190 0.108769827
v 0.112192705 0.324057788 0.110072635
v 0.108323819 0.313204765 0.107915595
v 0.109530940 0.317053407 0.109317854
v 0.109577029 0.320211679 0.109698750
v 0.108495518 0.324403882 0.109263979
v 0.107755102 0.313646406 0.108395293
v 0.107740647 0.317044616 0.109016575
v 0.107783898 0.320561707 0.109535895
v 0.107911974 0.323878378 0.109627232
v 0.127458080 0.313729435 0.103688419
v 0.127620428 0.324321091 0.104962066
v 0.123467355 0.313434631 0.105673239
v 0.123633242 0.324255198 0.106976047
v 0.121963538 0.313629240 0.104248345
v 0.122129432 0.324449807 0.105551153
v 0.113957099 0.313634723 0.105222188
v 0.114122986 0.324455321 0.106524996
v 0.109220973 0.313869208 0.104535244
v 0.109384476 0.324533761 0.105819270
v 0.127299755 0.314184576 0.101749636
v 0.126809336 0.317213833 0.100694105
v 0.126946493 0.321561664 0.101214893
v 0.127455487 0.324341774 0.102973044
v 0.124048769 0.317388684 0.100790143
v 0.124113447 0.321557134 0.101292007
v 0.121826030 0.314481556 0.101721898
v 0.121974833 0.317060143 0.100898378
v 0.122050270 0.321913391 0.101474218
v 0.121975421 0.324225932 0.102895126
v 0.114674597 0.314406008 0.102101304
v 0.114683680 0.317740053 0.101131693
v 0.114740066 0.321417928 0.101574510
v 0.114828206 0.324425370 0.103307642
v 0.109568983 0.314591467 0.102298476
v 0.109569318 0.317671210 0.101471506
v 0.109588242 0.321340322 0.101853617
v 0.109714545 0.324342519 0.103468388
v 0.120540805 0.321467012 0.100588031
v 0.116856679 0.321526766 0.100707926
v 0.120464175 0.317742199 0.100113980
v 0.116811059 0.317785531 0.100205645
v 0.126992076 0.327726960 0.098757230
v 0.124333418 0.328712106 0.098848343
v 0.120426073 0.328295439 0.099309154
v 0.116822458 0.328051180 0.099308744
v 0.113474860 0.327843338 0.099075094
v 0.111270636 0.327332139 0.098621383
v 0.128353521 0.325341493 0.098552495
v 0.124752454 0.325426996 0.098782867
v 0.120263911 0.325302690 0.099797927
v 0.117188818 0.325301886 0.099823534
v 0.112686343 0.325476319 0.099208444
v 0.109330423 0.325468987 0.099073075
v 0.107695728 0.323997170 0.098552965
v 0.127945527 0.321797550 0.098198429
v 0.125004805 0.321139365 0.098696508
v 0.120722167 0.321911931 0.098952658
v 0.116559535 0.321945846 0.099125013
v 0.112209051 0.321748048 0.099274941
v 0.109781622 0.321750283 0.099098630
v 0.107489898 0.321868449 0.098220460
v 0.127885915 0.317742497 0.097886063
v 0.124992489 0.318367809 0.098366514
v 0.120665028 0.317714006 0.098431200
v 0.116480089 0.317740858 0.098656774
v 0.112221091 0.318038940 0.098773159
v 0.109490789 0.317689389 0.098653361
v 0.107467405 0.317643493 0.097927421
v 0.128030210 0.314373851 0.097054034
v 0.124580956 0.314224899 0.097408555
v 0.120067149 0.313796282 0.098327786
v 0.116918988 0.313906491 0.098394647
v 0.112556204 0.314405322 0.097873010
v 0.109250031 0.314552486 0.097823754
v 0.107593655 0.316129506 0.097474054
v 0.126749858 0.311934710 0.096838601
v 0.124195411 0.311047643 0.096735068
v 0.120236746 0.311373025 0.097233966
v 0.116560108 0.311859339 0.097531401
v 0.113211490 0.312212855 0.097319178
v 0.111052758 0.312823057 0.096914448
v 0.126231938 0.328078687 0.094892785
v 0.128813311 0.324708462 0.095787212
v 0.121386542 0.325240374 0.096380211
v 0.115824274 0.325305074 0.096550748
v 0.129156343 0.322218567 0.094807640
v 0.123008578 0.322909653 0.096051097
v 0.121929809 0.323472530 0.096150674
v 0.115227013 0.323550522 0.096356183
v 0.114131383 0.323012948 0.096323274
v 0.107992328 0.320525199 0.094439767
v 0.107268147 0.320642799 0.093548551
v 0.129111878 0.317478687 0.094560660
v 0.122923396 0.317352563 0.095382020
v 0.121827766 0.316814989 0.095349103
v 0.115124970 0.316892982 0.095554613
v 0.114046208 0.317455858 0.095654190
v 0.108070395 0.318208188 0.093354359
v 0.128599263 0.315516651 0.094245613
v 0.121230505 0.315060437 0.095154539
v 0.115668237 0.315125138 0.095325075
v 0.111853726 0.313370377 0.095260404
v 0.109163887 0.315579981 0.093323447
v 0.125893160 0.312214404 0.093402587
v 0.118598721 0.311402708 0.093023673
v 0.113743863 0.312760353 0.094885103
v 0.126641034 0.328813344 0.090681858
v 0.124338313 0.329512358 0.092591122
v 0.119263298 0.329736620 0.092365697
v 0.116504996 0.329529226 0.091895856
v 0.113399348 0.328950435 0.091952816
v 0.110837161 0.327953577 0.092571631
v 0.128511406 0.325908035 0.090130068
v 0.108634218 0.326124609 0.093008429
v 0.107593670 0.324408889 0.093126900
v 0.128647804 0.322374552 0.090176329
v 0.107942491 0.320939690 0.090999179
v 0.107343651 0.322054893 0.092427380
v 0.128625482 0.318875670 0.089797191
v 0.108095384 0.318567693 0.090227306
v 0.107340350 0.318626374 0.092590116
v 0.128356203 0.315692008 0.088973649
v 0.111824974 0.313776821 0.091540985
v 0.109131343 0.315384656 0.090867676
v 0.107481270 0.317075938 0.092244007
v 0.126396432 0.312806070 0.088754497
v 0.124065935 0.311741918 0.090451479
v 0.118939190 0.311937660 0.090768352
v 0.116296566 0.312398314 0.090346575
v 0.113390371 0.312968165 0.090451382
v 0.125854573 0.329636008 0.088716693
v 0.123789481 0.329821765 0.087779790
v 0.120344072 0.329757988 0.088028595
v 0.117793492 0.328885049 0.088090755
v 0.110910706 0.328735292 0.086764149
v 0.129055894 0.324748278 0.088520780
v 0.108660556 0.326611698 0.087557934
v 0.128910317 0.322894931 0.087771602
v 0.107866152 0.322406411 0.087835304
v 0.107342153 0.322131842 0.087578416
v 0.128894306 0.318385512 0.087486252
v 0.108060821 0.318763465 0.087192304
v 0.107337966 0.320078790 0.087545723
v 0.128919668 0.317205697 0.087513030
v 0.111031226 0.314888507 0.085064001
v 0.108956172 0.316172332 0.086448029
v 0.125512592 0.312715620 0.085022278
v 0.123859733 0.312406808 0.085620612
v 0.118995494 0.312320322 0.085832678
v 0.110689215 0.314284861 0.085024305
v 0.118605166 0.330402166 0.085790902
v 0.116153836 0.330196589 0.085668899
v 0.113088905 0.329652488 0.085841835
v 0.128730349 0.325745732 0.082302824
v 0.111467704 0.326724291 0.085089482
v 0.111054301 0.326630533 0.085920691
v 0.128463990 0.323161364 0.082401268
v 0.107629768 0.322822422 0.082962416
v 0.128484628 0.320057869 0.083259538
v 0.107720665 0.320422441 0.082906678
v 0.128707505 0.317612022 0.083026834
v 0.111843004 0.314548641 0.084578946
v 0.108614273 0.317916811 0.083881527
v 0.118365444 0.313017696 0.083687410
v 0.115916743 0.313282818 0.083613783
v 0.113067827 0.313803107 0.083850943
v 0.126255392 0.329801708 0.082214564
v 0.125203743 0.329888433 0.080867343
v 0.111054368 0.329471797 0.081232458
v 0.128009907 0.327102989 0.081934378
v 0.112243816 0.327183902 0.081173353
v 0.109027169 0.327348918 0.081390716
v 0.128310665 0.323729783 0.080375589
v 0.108022242 0.323431909 0.080050297
v 0.128251112 0.319639534 0.079946660
v 0.108108036 0.320758909 0.079689965
v 0.127848565 0.316498488 0.080664434
v 0.111578769 0.315419376 0.078305028
v 0.108939796 0.316986144 0.080136456
v 0.126167490 0.313939422 0.080560289
v 0.124962232 0.314132810 0.078970022
v 0.118280567 0.313921928 0.079678588
v 0.110830679 0.314878106 0.079475366
v 0.125344209 0.330924541 0.077494234
v 0.123675025 0.331170291 0.078186437
v 0.119724601 0.331263721 0.078386165
v 0.111806213 0.330219835 0.077814184
v 0.128350742 0.326388955 0.075508632
v 0.113081879 0.328306884 0.076943181
v 0.109535582 0.327783823 0.077625051
v 0.108322128 0.324462533 0.077319786
v 0.108355089 0.320387065 0.076991916
v 0.111058756 0.316414446 0.074732982
v 0.109513901 0.317261875 0.076500863
v 0.125107385 0.313852698 0.076025613
v 0.123237795 0.313572764 0.076075710
v 0.118820011 0.313874871 0.076430105
v 0.115924671 0.314511329 0.076757647
v 0.112012490 0.314889163 0.075946100
v 0.125948384 0.330717593 0.074818820
v 0.122949033 0.331829876 0.073148906
v 0.119290999 0.331556231 0.073381960
v 0.115673295 0.331499279 0.073948614
v 0.112779117 0.330830634 0.074161999
v 0.127629197 0.327975810 0.073792838
v 0.111882306 0.328548133 0.073578380
v 0.109974592 0.328844249 0.075012572
v 0.127890631 0.324593842 0.072561592
v 0.111293762 0.325273871 0.072865918
v 0.127788826 0.320748508 0.072262973
v 0.111318357 0.319802850 0.071997449
v 0.127481423 0.317469150 0.072687969
v 0.114959798 0.319454819 0.071396478
v 0.111560575 0.317447782 0.072984144
v 0.109791979 0.317020744 0.073589817
v 0.125703885 0.314740926 0.072895057
v 0.122755370 0.314148188 0.071018711
v 0.119374558 0.314297646 0.071656600
v 0.115524239 0.314571559 0.071827151
v 0.112554177 0.315230548 0.072213300
v 0.125873781 0.331454962 0.069360659
v 0.122945003 0.331602842 0.070105009
v 0.119812920 0.331428796 0.071297057
v 0.115962713 0.331394851 0.071187191
v 0.113602533 0.331301302 0.070633426
v 0.127903900 0.327418029 0.068267643
v 0.123143330 0.330490440 0.069474317
v 0.115405678 0.330130100 0.071717545
v 0.112582914 0.329665869 0.070727773
v 0.127201907 0.325635344 0.068908550
v 0.127765551 0.320109189 0.067283407
v 0.112163543 0.320143044 0.068976089
v 0.127812929 0.319385707 0.067820773
v 0.122426844 0.316426367 0.067780159
v 0.119548469 0.316682816 0.068652160
v 0.115389324 0.317601353 0.069809556
v 0.112799808 0.319171697 0.069290504
v 0.125654421 0.315330654 0.067477770
v 0.122702583 0.315133125 0.068096302
v 0.119625195 0.315193117 0.069267116
v 0.115710906 0.315233886 0.069458336
v 0.113345607 0.315487683 0.068900891
v 0.125896215 0.331383228 0.066678829
v 0.123875580 0.331725687 0.067169443
v 0.112193003 0.331796974 0.067261517
v 0.127248793 0.329298198 0.066493340
v 0.124529115 0.330442429 0.066891968
v 0.110926240 0.330963045 0.067104265
v 0.127264477 0.326062560 0.065922208
v 0.124680593 0.326376230 0.066218585
v 0.127371646 0.321521074 0.065317012
v 0.126870378 0.317877710 0.065332130
v 0.123845711 0.316921115 0.064670011
v 0.121084242 0.317109257 0.066671789
v 0.111953824 0.317132145 0.065391414
v 0.125689454 0.315980107 0.065028645
v 0.123698092 0.315708041 0.065204293
v 0.111825927 0.315865099 0.065435141
v 0.125850975 0.331616610 0.064673007
v 0.123665347 0.332005680 0.063573867
v 0.117727905 0.332668990 0.065037802
v 0.111907228 0.332256347 0.063555188
v 0.127121485 0.329639167 0.064396866
v 0.124584778 0.331231683 0.063134424
v 0.110709152 0.331388205 0.063600808
v 0.126798719 0.325573981 0.063915029
v 0.124832741 0.326628953 0.064100035
v 0.126160263 0.321152538 0.062305108
v 0.126266747 0.318132877 0.062585555
v 0.123215600 0.317429394 0.061231494
v 0.111678063 0.317560434 0.061612051
v 0.125463627 0.316447377 0.062851101
v 0.123536705 0.316225201 0.061611608
v 0.117463148 0.315395743 0.062958091
v 0.111425481 0.316380948 0.061705340
v 0.122111648 0.332284838 0.060397018
v 0.119498498 0.332646221 0.059272662
v 0.115718804 0.332734019 0.059431490
v 0.112969897 0.332358450 0.060662590
v 0.122423678 0.331694752 0.059563413
v 0.120073839 0.331905782 0.058109891
v 0.114990874 0.331964612 0.058268201
v 0.112439632 0.331781119 0.060117010
v 0.122970312 0.327302843 0.058142122
v 0.120491832 0.328089386 0.057672326
v 0.122545249 0.322254211 0.058531906
v 0.119924038 0.322522849 0.057120964
v 0.122809976 0.318546087 0.057736244
v 0.119387335 0.318089068 0.057564665
v 0.115379713 0.318064064 0.057870630
v 0.112437128 0.317623883 0.058478326
v 0.121990389 0.316771209 0.058458731
v 0.119414008 0.316710055 0.057295464
v 0.115456826 0.316785961 0.057311200
v 0.112778149 0.316770792 0.058807552
v 0.118117570 0.332247555 0.057821117
v 0.116929925 0.332260460 0.057865009
v 0.118515826 0.331971854 0.057759408
v 0.116917691 0.331996322 0.057759553
v 0.122848227 0.327472329 0.056302231
v 0.120624229 0.327952951 0.056985915
v 0.122527018 0.321760207 0.056051884
v 0.119899019 0.322946161 0.056673713
v 0.122836775 0.319376826 0.055079147
v 0.119911797 0.318412870 0.055784620
v 0.116577610 0.317749828 0.056068663
v 0.118398286 0.317578584 0.056065813
v 0.116717234 0.317603439 0.056073561
v 0.125513724 0.316263467 0.062673680
v 0.126995727 0.318464249 0.062868573
v 0.127332381 0.322088659 0.063291356
v 0.127393543 0.326009035 0.063763320
v 0.127150162 0.329535782 0.064202338
v 0.125668734 0.331696242 0.064535744
v 0.124118774 0.315607160 0.062661663
v 0.123822003 0.319699645 0.063171804
v 0.123887523 0.323973417 0.063686356
v 0.123953044 0.328247190 0.064200938
v 0.124279968 0.332371116 0.064684689
v 0.125249385 0.316466063 0.061514352
v 0.126436710 0.318117291 0.061749984
v 0.127045132 0.321969718 0.061826296
v 0.127114146 0.326169699 0.062309526
v 0.126612260 0.330064714 0.063189209
v 0.125413305 0.331752062 0.063339069
v 0.123777791 0.316084087 0.060502797
v 0.124018691 0.332392693 0.062573753
v 0.124835721 0.317117959 0.058060866
v 0.126014850 0.318597645 0.058187366
v 0.126589067 0.322420627 0.058314074
v 0.126771442 0.326955527 0.059152432
v 0.126196317 0.330433756 0.059612446
v 0.125062905 0.331936121 0.059844986
v 0.122504457 0.316501141 0.057843901
v 0.122733101 0.332665086 0.059830647
v 0.119254752 0.316634625 0.056558125
v 0.119565747 0.332965463 0.058612909
v 0.114848948 0.316862971 0.056741927
v 0.115056194 0.332843363 0.058775213
v 0.112943455 0.317140877 0.057133272
v 0.112106688 0.318524808 0.057047721
v 0.113229282 0.324641168 0.059497382
v 0.112621664 0.331106931 0.058720130
v 0.113192774 0.332497776 0.058967181
v 0.124461226 0.317679524 0.054298811
v 0.125695243 0.319346011 0.054457877
v 0.126445211 0.322777301 0.055004749
v 0.126544549 0.326741934 0.055597048
v 0.125867806 0.330601811 0.055813082
v 0.124685294 0.332294941 0.056058515
v 0.122458845 0.317376375 0.053962745
v 0.124020352 0.317999959 0.054405287
v 0.124234556 0.331971884 0.056087516
v 0.122869074 0.332728833 0.055641364
v 0.118271425 0.317066163 0.055359345
v 0.117989368 0.332817942 0.057675414
v 0.116431109 0.317047358 0.055835139
v 0.116581544 0.332799733 0.057743847
v 0.111998319 0.317666203 0.056006078
v 0.110990777 0.318811089 0.055039268
v 0.111172742 0.331418931 0.056582469
v 0.112208068 0.332283348 0.057752348
v 0.109229616 0.320535928 0.053896181
v 0.108395479 0.322609246 0.054395858
v 0.108471572 0.327399939 0.054975338
v 0.109370827 0.330091655 0.055067215
v 0.125300727 0.319974959 0.050713871
v 0.126073762 0.323546827 0.051206756
v 0.126172505 0.327063501 0.051579602
v 0.125468090 0.330891520 0.052028228
v 0.122026011 0.318006217 0.050244901
v 0.123295351 0.318570912 0.050623126
v 0.123506404 0.332336932 0.052280568
v 0.122256085 0.333013326 0.052051768
v 0.118840023 0.317988575 0.050432105
v 0.118971116 0.333070755 0.052159779
v 0.114723302 0.318044633 0.050921645
v 0.113757736 0.318627864 0.050163880
v 0.114635571 0.332739741 0.051542494
v 0.114953145 0.333036095 0.052726626
v 0.112666383 0.318200737 0.051285468
v 0.111387051 0.319236368 0.050913904
v 0.111582450 0.331981599 0.052448440
v 0.112891137 0.332860351 0.053050496
v 0.108788989 0.321415812 0.052356958
v 0.108495697 0.323220938 0.052640140
v 0.108597554 0.327623516 0.053113073
v 0.108900077 0.329587877 0.053372141
v 0.124989785 0.320684493 0.046981718
v 0.125803850 0.323972046 0.047578085
v 0.125839836 0.327501386 0.047881745
v 0.125149436 0.331097633 0.048235465
v 0.121714077 0.318496287 0.046601955
v 0.122684605 0.319025725 0.046788678
v 0.122896149 0.332823724 0.048449963
v 0.121942743 0.333411396 0.048397746
v 0.118799239 0.318530262 0.046548314
v 0.117600112 0.318906128 0.046639085
v 0.117818169 0.333128989 0.048351526
v 0.119028426 0.333479226 0.048348181
v 0.114640071 0.318571121 0.046759035
v 0.114693514 0.319061726 0.046829417
v 0.114907517 0.333020568 0.048510075
v 0.114869184 0.333515227 0.048558317
v 0.112672820 0.318870872 0.046931949
v 0.110892161 0.320137203 0.047115047
v 0.111074395 0.332023412 0.048546154
v 0.112893156 0.333242595 0.048662312
v 0.108888923 0.321734756 0.048454013
v 0.108365513 0.323338211 0.048503652
v 0.108432724 0.327789187 0.048919350
v 0.109018936 0.330215007 0.049475040
v 0.124720878 0.321501940 0.043261860
v 0.125317171 0.324379891 0.042825449
v 0.125393017 0.328353494 0.043387841
v 0.124869488 0.331194818 0.044428889
v 0.121834598 0.318923652 0.043180924
v 0.122247084 0.319523990 0.043205835
v 0.122299440 0.333222717 0.044903971
v 0.121877923 0.333820641 0.045040913
v 0.117378942 0.318909556 0.042903043
v 0.117400072 0.319405019 0.042966872
v 0.118433259 0.333514154 0.044820350
v 0.118429824 0.334011048 0.044875626
v 0.114671721 0.319000900 0.043541979
v 0.114724322 0.319492489 0.043606646
v 0.114611118 0.333376884 0.044993132
v 0.114562310 0.333870023 0.045047104
v 0.110591463 0.320859551 0.043856245
v 0.110763855 0.332104415 0.045210131
v 0.108883268 0.322404027 0.044518806
v 0.108527906 0.323944390 0.044488348
v 0.108597434 0.328250021 0.044925623
v 0.109007373 0.330499202 0.045493472
v 0.124439626 0.321714252 0.040549520
v 0.125220969 0.324298978 0.040508971
v 0.125277682 0.329146624 0.040988680
v 0.124582379 0.331643254 0.041765116
v 0.121239967 0.319397569 0.039226290
v 0.121875874 0.320041358 0.039551780
v 0.122044354 0.333597898 0.041161958
v 0.121454454 0.334305763 0.041027550
v 0.117526270 0.319444746 0.038634870
v 0.117704950 0.319916755 0.038833704
v 0.117930896 0.333996981 0.040527921
v 0.117695979 0.334514737 0.040383831
v 0.114987939 0.319532841 0.039101969
v 0.114927038 0.320044667 0.039089721
v 0.115139387 0.333895773 0.040757194
v 0.115181922 0.334379256 0.040947866
v 0.110335901 0.321948469 0.040151402
v 0.109282687 0.324829668 0.040303409
v 0.109350919 0.329055339 0.040805761
v 0.110524549 0.331961423 0.041378208
v 0.109020307 0.323188603 0.040128384
v 0.108817525 0.324865073 0.040570129
v 0.108864612 0.328818381 0.041101053
v 0.109134107 0.330770135 0.041043758
v 0.124129280 0.322166264 0.037329640
v 0.124904773 0.325003594 0.036694404
v 0.124910868 0.329472065 0.037001755
v 0.124279670 0.331975400 0.038510665
v 0.120966896 0.319852322 0.035751041
v 0.121755935 0.320449501 0.036389872
v 0.120325483 0.327441901 0.035332058
v 0.121882423 0.333946764 0.038084976
v 0.121150955 0.334699214 0.037528113
v 0.118445992 0.319660634 0.036809579
v 0.118850931 0.320015877 0.037669890
v 0.118102677 0.327262074 0.037108589
v 0.119071990 0.334142119 0.039370161
v 0.118666969 0.334694892 0.038690299
v 0.114060848 0.319879591 0.037213042
v 0.113376632 0.320338190 0.037576910
v 0.114454708 0.327285886 0.037375323
v 0.113559841 0.334022552 0.039168701
v 0.114296741 0.334532261 0.039011814
v 0.111922666 0.320175141 0.034844447
v 0.111275724 0.321387112 0.037382770
v 0.110718346 0.323874146 0.037208956
v 0.111615039 0.329104930 0.037103552
v 0.111409418 0.333064854 0.038826808
v 0.112147912 0.334867299 0.036613394
v 0.108939349 0.324844956 0.038997792
v 0.109007373 0.329228848 0.039524756
v 0.123855627 0.322862327 0.032247562
v 0.124574474 0.325424224 0.032734931
v 0.124630056 0.329918742 0.033259958
v 0.124006666 0.332485944 0.033384334
v 0.120945423 0.320232809 0.032905884
v 0.122435912 0.321180105 0.032805361
v 0.120977476 0.327716112 0.032971516
v 0.122623562 0.334053159 0.034369443
v 0.121190294 0.334996134 0.034672357
v 0.116164252 0.335162669 0.033648688
v 0.115939006 0.320470512 0.031879738
v 0.111150733 0.320399493 0.033079140
v 0.111375987 0.335091680 0.034848087
v 0.123762197 0.322791785 0.030774048
v 0.124593414 0.325208426 0.031026520
v 0.124676577 0.330125868 0.031618211
v 0.123943246 0.332902998 0.031990152
v 0.120831154 0.320616156 0.030351132
v 0.122185073 0.321148664 0.030653829
v 0.122794650 0.327873081 0.031436373
v 0.120896689 0.327890813 0.031530928
v 0.122476473 0.334540546 0.032261558
v 0.121083594 0.335227817 0.032137677
v 0.118903472 0.320903510 0.027905839
v 0.119128726 0.335595697 0.029674787
v 0.112597435 0.320961803 0.028224610
v 0.112822681 0.335653991 0.029993558
v 0.111291497 0.320739567 0.030236764
v 0.111516743 0.335431755 0.032005712
v 0.117148347 0.321029305 0.027084669
v 0.116888783 0.335735470 0.028799141
v 0.114739857 0.321061075 0.027127435
v 0.114488087 0.335748136 0.028999479
v 0.124764613 0.325189561 0.030567430
v 0.124828271 0.326515317 0.030854575
v 0.124862126 0.329471439 0.031080743
v 0.124864898 0.330535024 0.031307660
v 0.122707970 0.321297556 0.030281467
v 0.123357049 0.322582990 0.030479409
v 0.124093122 0.324488789 0.030671494
v 0.123745567 0.325829148 0.030977186
v 0.123808555 0.329937905 0.031471882
v 0.124236941 0.331160426 0.031471871
v 0.123581155 0.333160877 0.031753700
v 0.122890405 0.334550530 0.031769808
v 0.121354155 0.320847332 0.030148033
v 0.121266223 0.322541147 0.030318167
v 0.121432117 0.333361745 0.031620976
v 0.121468350 0.335058242 0.031750333
v 0.124636232 0.325486004 0.029132826
v 0.124676957 0.327219844 0.029122960
v 0.124710514 0.329840690 0.029438995
v 0.124756507 0.330795735 0.030204587
v 0.122522301 0.321407825 0.028977990
v 0.123015895 0.322670966 0.028130878
v 0.124430984 0.324543327 0.028597523
v 0.124514102 0.331812233 0.029561715
v 0.123142309 0.333760321 0.029426597
v 0.122756957 0.334709704 0.030618431
v 0.121350973 0.321041673 0.028507106
v 0.121526062 0.322693884 0.027961524
v 0.121695801 0.333764821 0.029294470
v 0.121446184 0.335228175 0.030180335
v 0.119414217 0.320768565 0.028279111
v 0.119297191 0.322390020 0.028477654
v 0.119475260 0.334004730 0.029876074
v 0.119454912 0.335605025 0.029967291
v 0.124458700 0.327616721 0.026575426
v 0.124485336 0.329540819 0.026807293
v 0.122186057 0.321874440 0.025117802
v 0.122831858 0.323172063 0.026017928
v 0.123136803 0.325130045 0.025512669
v 0.124344952 0.326525986 0.025798209
v 0.124418243 0.330133438 0.026231276
v 0.123250819 0.331870526 0.026323477
v 0.122995577 0.333703488 0.027261725
v 0.122463062 0.335160613 0.026731685
v 0.121068045 0.321327001 0.025782704
v 0.121491268 0.323057294 0.026237540
v 0.121695749 0.324941874 0.025357546
v 0.121806941 0.332194924 0.026230820
v 0.121656305 0.333822131 0.027533632
v 0.121340833 0.335570842 0.027521146
v 0.118322066 0.320941627 0.026196495
v 0.117875411 0.323599160 0.025804840
v 0.117967568 0.324399322 0.026056182
v 0.118094347 0.332668573 0.027051803
v 0.118088431 0.333716333 0.026938640
v 0.118828750 0.335892767 0.028198734
v 0.115963555 0.320933074 0.026365591
v 0.115961566 0.322766155 0.026584683
v 0.116478696 0.324582994 0.026182186
v 0.116600155 0.332505345 0.027136043
v 0.116198457 0.334156781 0.027893739
v 0.116253167 0.336012304 0.028210845
v 0.114388942 0.321352065 0.026138566
v 0.114391594 0.323073357 0.026055751
v 0.114508792 0.334055990 0.027398121
v 0.114620104 0.335716635 0.027862569
v 0.112052664 0.321599841 0.027058331
v 0.113104179 0.323664010 0.026694352
v 0.112550750 0.325458199 0.026845878
v 0.112631499 0.331600010 0.027611833
v 0.113229557 0.333346218 0.027854471
v 0.112301803 0.335335970 0.028701715
v 0.110699385 0.322437018 0.026342113
v 0.110887780 0.334725678 0.027821675
v 0.124276093 0.328543127 0.024090150
v 0.124331444 0.329444975 0.024848392
v 0.122107349 0.322057605 0.023454288
v 0.123100608 0.323126823 0.023514671
v 0.123984090 0.325429738 0.023601972
v 0.124199904 0.327052444 0.023914434
v 0.124240666 0.330252588 0.024082785
v 0.124083995 0.332195908 0.024677930
v 0.123275294 0.334366500 0.024824264
v 0.122331246 0.335395575 0.025276370
v 0.121140166 0.321613163 0.023718875
v 0.120578385 0.323312312 0.024227675
v 0.120349220 0.325835347 0.024078200
v 0.119894854 0.326647609 0.024005547
v 0.119968630 0.330922037 0.024508610
v 0.120430156 0.331658602 0.024769189
v 0.120743453 0.334079027 0.025523996
v 0.121156774 0.335908145 0.025248680
v 0.118451803 0.321563631 0.023762468
v 0.118429668 0.323274672 0.024834819
v 0.119277916 0.325640529 0.024550436
v 0.119764432 0.326692760 0.024209486
v 0.119827791 0.330825657 0.024707088
v 0.119365572 0.331774563 0.025290830
v 0.118742599 0.334208012 0.026077338
v 0.118697412 0.335999489 0.025502916
v 0.116749100 0.321495265 0.024506718
v 0.116775296 0.323369414 0.025416700
v 0.116385787 0.324634284 0.025606960
v 0.116507835 0.332594842 0.026565414
v 0.117077350 0.333746582 0.026636716
v 0.116982921 0.335898548 0.026204240
v 0.114079922 0.321648628 0.024754440
v 0.115066110 0.323026329 0.025563249
v 0.115237511 0.334206372 0.026909335
v 0.114309072 0.335766912 0.026453782
v 0.112337313 0.321887612 0.025225302
v 0.111470676 0.322398573 0.024453344
v 0.111559912 0.335135579 0.026065093
v 0.112504184 0.335476846 0.026504606
v 0.110207944 0.323153228 0.025257815
v 0.110352486 0.334278911 0.026639866
v 0.122000381 0.322289169 0.021205844
v 0.122769087 0.323665142 0.021527788
v 0.122534997 0.326184094 0.021452282
v 0.123247228 0.327246249 0.021477545
v 0.123364806 0.330972314 0.021914413
v 0.122627988 0.331885636 0.022139544
v 0.122901588 0.334361106 0.022817791
v 0.122199117 0.335742116 0.022934873
v 0.120310485 0.322064340 0.021150161
v 0.121717192 0.324410737 0.022178143
v 0.121598861 0.325846285 0.021816326
v 0.121674127 0.332319379 0.022768700
v 0.121855996 0.333464473 0.023268219
v 0.120727009 0.336084932 0.022981856
v 0.118831842 0.321860462 0.021801518
v 0.118988066 0.336142242 0.023576163
v 0.116309232 0.321861804 0.021716587
v 0.116583727 0.336223513 0.023375446
v 0.114345438 0.321991175 0.022410376
v 0.114579364 0.335983455 0.024094760
v 0.112685002 0.322191447 0.023136750
v 0.112937480 0.335679531 0.024731146
v 0.121849134 0.322447956 0.019605082
v 0.122831284 0.323519468 0.019667195
v 0.122510321 0.326554447 0.020770455
v 0.122684150 0.327317476 0.020737352
v 0.122736252 0.331079781 0.021190722
v 0.122525259 0.331660032 0.021428062
v 0.122961394 0.334963471 0.021048201
v 0.122125089 0.335935026 0.021224137
v 0.120509743 0.322319269 0.019756908
v 0.120662957 0.322782815 0.018922400
v 0.121765844 0.326808453 0.021035001
v 0.121698304 0.327054709 0.021058766
v 0.121761299 0.331163466 0.021553466
v 0.121836334 0.331406176 0.021588571
v 0.120881795 0.335837394 0.020630604
v 0.120726562 0.336122334 0.021493755
v 0.118517331 0.322168112 0.019414889
v 0.118718385 0.336394280 0.021221267
v 0.116284489 0.322194040 0.019483877
v 0.116466410 0.336413354 0.021258410
v 0.113801643 0.322497427 0.019984640
v 0.114011354 0.336078554 0.021675631
v 0.121647596 0.322787941 0.017274670
v 0.122596427 0.323876411 0.017084928
v 0.123435832 0.325980157 0.017458566
v 0.123792685 0.328686178 0.018281411
v 0.123796030 0.330850363 0.018543892
v 0.123546190 0.333110839 0.018403258
v 0.122782520 0.335167736 0.018486829
v 0.121952168 0.336145192 0.018659892
v 0.120450064 0.322567761 0.017318666
v 0.120377860 0.323062122 0.017192330
v 0.120485909 0.336049378 0.018202618
v 0.120774119 0.336435199 0.019018343
v 0.118223376 0.322464377 0.017588543
v 0.118511237 0.336561799 0.018960981
v 0.116202629 0.322517663 0.017307835
v 0.116413026 0.336624026 0.019051099
v 0.114156968 0.322804868 0.017490882
v 0.114422038 0.336343557 0.019405227
v 0.121428131 0.323150426 0.015168636
v 0.122425906 0.324196458 0.015234250
v 0.123306847 0.326556653 0.015468282
v 0.123570553 0.329035789 0.015754523
v 0.123574487 0.331079841 0.016002031
v 0.123346358 0.333355635 0.016290521
v 0.122550546 0.335367322 0.016582066
v 0.120294086 0.322808981 0.015120362
v 0.119857750 0.323366046 0.014949640
v 0.120005734 0.336276621 0.016189029
v 0.120679907 0.336658776 0.017024541
v 0.117802575 0.322802454 0.015507809
v 0.118015490 0.336727202 0.017183824
v 0.115854039 0.322768122 0.015750702
v 0.116088807 0.336786211 0.017192621
v 0.114395916 0.323056340 0.015354599
v 0.114524483 0.336548775 0.017661948
v 0.122040219 0.324499160 0.012698993
v 0.123013019 0.326348484 0.013388429
v 0.123271472 0.328922421 0.013170467
v 0.123309850 0.331292242 0.013455690
v 0.123136184 0.333488673 0.014161063
v 0.122272714 0.335569084 0.014028166
v 0.120067588 0.323202103 0.012700594
v 0.119885794 0.323704630 0.012998128
v 0.120337903 0.336401582 0.014651774
v 0.120306230 0.336913526 0.014545092
v 0.117963604 0.323234409 0.013310084
v 0.118171155 0.336823761 0.014945815
v 0.115555256 0.323237777 0.013248286
v 0.115741677 0.336909413 0.014810267
v 0.114654645 0.323211104 0.014113984
v 0.114852584 0.336751997 0.015790278
v 0.121890865 0.324995220 0.010769389
v 0.122663937 0.326695204 0.010814587
v 0.122939154 0.328914970 0.010935563
v 0.122969612 0.331596196 0.011131195
v 0.122789099 0.333765179 0.011605400
v 0.122028432 0.335665017 0.012102594
v 0.119608610 0.323607117 0.010617999
v 0.119779035 0.324082434 0.010726219
v 0.120195470 0.336501986 0.012311515
v 0.119922756 0.337001652 0.012544471
v 0.117406971 0.323711634 0.010936430
v 0.117899641 0.323976040 0.010372840
v 0.118114657 0.336798549 0.011901246
v 0.117624878 0.336937815 0.012513936
v 0.116040393 0.323572278 0.011482786
v 0.116305053 0.336991847 0.013040313
v 0.121459103 0.325363278 0.008965760
v 0.122261591 0.327249736 0.008858622
v 0.122578799 0.329301596 0.009177242
v 0.122607603 0.331641853 0.009408253
v 0.122363388 0.333853483 0.009655325
v 0.121615387 0.335686624 0.010218178
v 0.119189001 0.323843867 0.009506050
v 0.119697637 0.324489504 0.008860663
v 0.119874931 0.336592972 0.010218958
v 0.119387760 0.337071389 0.011072812
v 0.118215344 0.324345976 0.009572502
v 0.118410959 0.336625099 0.011048722
v 0.121030248 0.326196551 0.007441683
v 0.121432624 0.327731222 0.007090733
v 0.121763355 0.329670936 0.007108225
v 0.121792875 0.331758231 0.007333976
v 0.121526621 0.333835900 0.007827495
v 0.121169090 0.335254699 0.008534961
v 0.119371011 0.325646192 0.007015300
v 0.119815081 0.327109396 0.006186647
v 0.120022460 0.334669203 0.007112736
v 0.119433805 0.335902065 0.008151070
v 0.120827130 0.329996705 0.005906974
v 0.120849110 0.331697673 0.006087913
v 0.119015604 0.327905625 0.005566425
v 0.119631871 0.329745501 0.005383982
v 0.119675710 0.332086027 0.005638891
v 0.119108572 0.334079802 0.006297545
v 0.118515476 0.328432500 0.005294439
v 0.118480786 0.330000341 0.005107092
v 0.118513710 0.332178116 0.005366298
v 0.118587821 0.333566040 0.005871797
v 0.115889049 0.323617399 0.011388697
v 0.116747081 0.323798537 0.010483786
v 0.114351749 0.323397756 0.013552906
v 0.114992894 0.323360652 0.013018042
v 0.114042877 0.323081344 0.015760588
v 0.113755464 0.322833389 0.017968714
v 0.113281443 0.322690219 0.019630842
v 0.112582675 0.322260648 0.022936365
v 0.113861083 0.326113075 0.008014342
v 0.115594461 0.326021075 0.007513436
v 0.117598198 0.325907856 0.007424367
v 0.118824206 0.325984746 0.007491860
v 0.111767180 0.325840741 0.010096694
v 0.113335706 0.325432390 0.009197546
v 0.115679561 0.324662149 0.009097332
v 0.117744266 0.324596614 0.009056241
v 0.118916056 0.325048804 0.008646385
v 0.111343681 0.325321764 0.011835603
v 0.113439954 0.324306875 0.011325819
v 0.115513577 0.323908597 0.010659582
v 0.117128185 0.323942780 0.010124722
v 0.110212355 0.325711012 0.013932322
v 0.111145265 0.324939907 0.013583097
v 0.113242946 0.323809862 0.013281379
v 0.110150702 0.325221777 0.016290145
v 0.111318565 0.324234217 0.016092610
v 0.112979292 0.323394209 0.015847337
v 0.109906650 0.325089186 0.018362302
v 0.111723705 0.323607326 0.018230664
v 0.110160082 0.324300587 0.020561339
v 0.111455730 0.323326766 0.020303469
v 0.110132261 0.323888034 0.022646211
v 0.111440434 0.322854757 0.022480642
v 0.110074117 0.323499858 0.024576284
v 0.111425340 0.322553843 0.023893032
v 0.115450933 0.328477979 0.006073466
v 0.117528736 0.328480810 0.005924908
v 0.118615358 0.328744262 0.005941675
v 0.111663535 0.327999532 0.008162486
v 0.113169714 0.327568740 0.007362405
v 0.115337811 0.327383965 0.006611787
v 0.117646574 0.327219337 0.006490435
v 0.118697486 0.327496260 0.006439941
v 0.109748363 0.328206003 0.010674386
v 0.110951728 0.327252775 0.009538628
v 0.112196929 0.326490313 0.008792259
v 0.109700403 0.327301502 0.011933085
v 0.110432416 0.326407611 0.011405663
v 0.109548717 0.326913476 0.013619187
v 0.109404131 0.326555729 0.016246475
v 0.109284400 0.326315045 0.018485030
v 0.109244972 0.325930446 0.020635394
v 0.109171010 0.325642765 0.022667339
v 0.108817979 0.326348156 0.024858456
v 0.109136290 0.325168520 0.024661591
v 0.113617732 0.330109000 0.006378518
v 0.115397147 0.329764009 0.005874537
v 0.117615431 0.329826474 0.005718039
v 0.118591062 0.329858750 0.005810852
v 0.111342914 0.330069304 0.007947085
v 0.112654030 0.329883993 0.006931165
v 0.109589889 0.329752922 0.010455542
v 0.110312022 0.329628736 0.009183610
v 0.108990706 0.329624891 0.012511231
v 0.108916580 0.329048455 0.013950948
v 0.108862094 0.328522384 0.016725853
v 0.108766637 0.328209549 0.020491682
v 0.108680344 0.328269064 0.023545597
v 0.108678683 0.327727318 0.024776755
v 0.113679952 0.332055300 0.006612051
v 0.115486547 0.332234114 0.006145213
v 0.117648228 0.332137018 0.005984890
v 0.118628665 0.332177073 0.006103172
v 0.111422218 0.331942230 0.008162946
v 0.112720362 0.332288653 0.007240014
v 0.109634674 0.331699878 0.010728509
v 0.110377453 0.332098067 0.009503723
v 0.109033651 0.331407636 0.012797032
v 0.108992174 0.331677228 0.014253329
v 0.108923338 0.331376642 0.017044947
v 0.108823470 0.330851495 0.020898957
v 0.108730725 0.330207586 0.023437072
v 0.108726441 0.330213189 0.025071405
v 0.115657828 0.333509326 0.006648317
v 0.117605641 0.333495945 0.006529151
v 0.118697449 0.333370686 0.006570181
v 0.111749552 0.333609849 0.008837994
v 0.113270960 0.334172487 0.008157526
v 0.115228265 0.334413171 0.007466162
v 0.117759384 0.334582746 0.007377724
v 0.118818364 0.334404856 0.007367516
v 0.109819881 0.332871139 0.011236088
v 0.111055627 0.334029824 0.010354613
v 0.112326003 0.334909648 0.009805986
v 0.109794698 0.333452106 0.012673645
v 0.110555305 0.334423065 0.012370760
v 0.109648674 0.333433300 0.014404204
v 0.109505407 0.333161563 0.017041845
v 0.109384864 0.332867622 0.019273989
v 0.109349250 0.332731962 0.021454325
v 0.109276622 0.332531303 0.023496753
v 0.108894467 0.331337094 0.025459146
v 0.109248988 0.332519561 0.025546687
v 0.114003613 0.335410267 0.009133764
v 0.115707017 0.335599095 0.008719110
v 0.117747120 0.335635841 0.008596326
v 0.118954561 0.335473001 0.008577975
v 0.111911341 0.335243791 0.011228860
v 0.113494753 0.335806280 0.010446609
v 0.115779317 0.336493760 0.010524780
v 0.117899894 0.336542487 0.010560246
v 0.119128264 0.336099297 0.009920321
v 0.111497394 0.335347861 0.013042787
v 0.113625213 0.336390883 0.012780783
v 0.115656956 0.336864203 0.012236468
v 0.117315351 0.336919248 0.011696544
v 0.110347203 0.334506512 0.014991338
v 0.111304253 0.335309893 0.014831685
v 0.113436199 0.336415350 0.014799129
v 0.110291786 0.334423870 0.017398117
v 0.111489660 0.335394323 0.017436337
v 0.113175898 0.336217940 0.017391369
v 0.110044307 0.334068209 0.019443417
v 0.111905775 0.335483402 0.019660594
v 0.110313452 0.334304422 0.021765845
v 0.111638866 0.335272014 0.021741729
v 0.110290527 0.334211051 0.023889150
v 0.111629910 0.335214078 0.023968756
v 0.110273010 0.334162176 0.025863390
v 0.111635945 0.335181862 0.025401296
v 0.115987598 0.336964518 0.013077379
v 0.116915024 0.336986542 0.012103330
v 0.114555954 0.336717546 0.015156669
v 0.115184150 0.336856306 0.014692926
v 0.114221632 0.336494505 0.017507816
v 0.113920584 0.336220354 0.019654941
v 0.113546125 0.336005121 0.021313917
v 0.112708203 0.335622400 0.024602123
v 0.125196993 0.292296648 0.113776140
v 0.125353425 0.302500069 0.115004636
v 0.123772382 0.292264074 0.114021286
v 0.123929567 0.302516550 0.115255699
v 0.119421884 0.292463750 0.114562325
v 0.118958555 0.294234276 0.114403486
v 0.119034826 0.300648391 0.115173660
v 0.119573108 0.302329510 0.115747310
v 0.116359636 0.292393267 0.113152064
v 0.116519510 0.302821398 0.114407614
v 0.112332582 0.293004721 0.111468472
v 0.112481973 0.302748919 0.112641685
v 0.110565528 0.292922109 0.110565461
v 0.110721520 0.303096801 0.111790508
v 0.126857921 0.292520285 0.111845545
v 0.127013847 0.302690864 0.113070093
v 0.122962869 0.292441934 0.110443279
v 0.123128071 0.303217411 0.111740656
v 0.120086558 0.292395115 0.111026488
v 0.120252385 0.303211391 0.112328775
v 0.116186104 0.292542756 0.110278651
v 0.116351999 0.303363353 0.111581460
v 0.113886274 0.292820692 0.108263224
v 0.114052168 0.303641289 0.109566033
v 0.109836451 0.293189645 0.108351842
v 0.109992749 0.303384393 0.109579302
v 0.129216573 0.292650729 0.108652912
v 0.128919869 0.296383411 0.108687297
v 0.128961786 0.299514383 0.109219886
v 0.129379086 0.303250581 0.109929144
v 0.124880619 0.292673171 0.108088583
v 0.125046506 0.303493738 0.109391384
v 0.112845212 0.293181747 0.105396949
v 0.113011106 0.304002345 0.106699757
v 0.108984939 0.293177187 0.104723692
v 0.110318906 0.297264248 0.104775891
v 0.110357291 0.300219506 0.105080634
v 0.109155215 0.304283202 0.106060863
v 0.108596704 0.293733478 0.103673741
v 0.108535535 0.297148734 0.104517318
v 0.108600407 0.300665796 0.104785800
v 0.108754165 0.304003924 0.104910314
v 0.129984117 0.293046862 0.105102874
v 0.129567764 0.296724916 0.105648398
v 0.129635028 0.299971551 0.106044590
v 0.130147225 0.303685188 0.106383733
v 0.125930718 0.293079972 0.104576126
v 0.126096613 0.303900540 0.105878934
v 0.113411508 0.293604970 0.101809695
v 0.113577402 0.304425567 0.103112504
v 0.110025696 0.293672502 0.100084975
v 0.110971189 0.297495067 0.101737104
v 0.111017189 0.300653398 0.102117419
v 0.110197394 0.304871589 0.101433359
v 0.109371177 0.294133753 0.100412771
v 0.109307430 0.297535419 0.101011649
v 0.109327822 0.301053494 0.101525545
v 0.109528049 0.304365724 0.101644710
v 0.129621185 0.293617636 0.100612484
v 0.129783920 0.304209292 0.101886168
v 0.125262006 0.293451816 0.101572894
v 0.125427901 0.304272383 0.102875702
v 0.124153829 0.293679059 0.099826485
v 0.124319724 0.304499656 0.101129293
v 0.116153284 0.293921173 0.098834395
v 0.116319179 0.304741770 0.100137196
v 0.111732922 0.294286311 0.097022004
v 0.111896425 0.304950863 0.098306030
v 0.129949934 0.294063002 0.098692931
v 0.129819132 0.297097266 0.097549707
v 0.129954822 0.301443070 0.098087631
v 0.130105547 0.304220200 0.099916324
v 0.127123690 0.297351897 0.096974999
v 0.127188354 0.301520348 0.097477049
v 0.124656617 0.294516563 0.097341709
v 0.125076353 0.297083735 0.096578315
v 0.125153817 0.301936895 0.097154655
v 0.124806009 0.304260910 0.098514937
v 0.117626681 0.294648796 0.095979698
v 0.117968574 0.297974080 0.095040642
v 0.118024960 0.301651955 0.095483467
v 0.117780290 0.304668158 0.097186036
v 0.112632699 0.294981986 0.094935782
v 0.112924098 0.298054338 0.094133049
v 0.112958572 0.301724106 0.094507903
v 0.112779378 0.304733127 0.096104860
v 0.123890921 0.301527530 0.095929667
v 0.120290577 0.301693738 0.095154688
v 0.123821072 0.297803074 0.095451653
v 0.120257139 0.297951818 0.094656780
v 0.130775697 0.307586461 0.095713191
v 0.128204256 0.308648080 0.095158257
v 0.124290875 0.308346927 0.094660118
v 0.120788723 0.308206081 0.093787923
v 0.117592342 0.308092594 0.092751361
v 0.115549124 0.307641506 0.091777921
v 0.132075078 0.305161536 0.095844224
v 0.128529332 0.305351913 0.095196538
v 0.123926885 0.305363715 0.095095538
v 0.120938233 0.305451244 0.094376422
v 0.116725325 0.305750191 0.092690289
v 0.113503031 0.305838108 0.091747046
v 0.111999839 0.304409981 0.090847097
v 0.131660170 0.301628262 0.095402442
v 0.128668144 0.301058292 0.095174357
v 0.124475449 0.301955163 0.094386697
v 0.120397560 0.302109629 0.093546852
v 0.116136059 0.302037746 0.092639834
v 0.113824471 0.302108258 0.091881491
v 0.111817657 0.302285671 0.090474956
v 0.131557963 0.297574401 0.095085472
v 0.128654025 0.298285902 0.094851553
v 0.124421976 0.297756881 0.093867458
v 0.120309367 0.297905356 0.093073860
v 0.116159371 0.298326254 0.092156366
v 0.113529965 0.298054248 0.091379620
v 0.111741736 0.298061103 0.090185739
v 0.131799481 0.294197053 0.094313517
v 0.128364011 0.294149607 0.093823038
v 0.123751237 0.293857276 0.093622990
v 0.120685025 0.294058174 0.092926212
v 0.116594590 0.294678062 0.091364510
v 0.113404296 0.294919550 0.090516828
v 0.111929036 0.296540856 0.089776583
v 0.130537651 0.291794091 0.093795046
v 0.128058969 0.290979892 0.093076706
v 0.124108560 0.291422248 0.092603020
v 0.120485164 0.292015910 0.092002057
v 0.117299206 0.292463720 0.090985954
v 0.115321442 0.293132573 0.090070903
v 0.130983374 0.307931662 0.091779590
v 0.133170999 0.304495454 0.093272418
v 0.125840328 0.305244327 0.092050955
v 0.120406329 0.305469722 0.090870738
v 0.133666924 0.301989675 0.092405260
v 0.127424143 0.302865744 0.092124350
v 0.126370444 0.303460032 0.091959909
v 0.119822226 0.303731620 0.090537690
v 0.118751659 0.303225458 0.090240754
v 0.113179467 0.300901085 0.086928308
v 0.112696103 0.301032901 0.085888341
v 0.133543334 0.297251344 0.092155486
v 0.127338968 0.297308654 0.091455273
v 0.126268401 0.296802491 0.091158345
v 0.119720175 0.297074109 0.089736119
v 0.118666484 0.297668368 0.089571677
v 0.113449126 0.298574954 0.085894331
v 0.133064322 0.295302570 0.091726042
v 0.125684290 0.295064390 0.090825297
v 0.120250291 0.295289785 0.089645073
v 0.116514451 0.293644667 0.088659704
v 0.114439412 0.295916289 0.086129233
v 0.130545936 0.292073190 0.090253808
v 0.123538911 0.291468203 0.088121504
v 0.118420347 0.292977989 0.088752918
v 0.132420174 0.308623612 0.087792635
v 0.129745803 0.309402257 0.089087993
v 0.124884843 0.309770256 0.087641433
v 0.122317135 0.309638619 0.086518250
v 0.119274169 0.309149504 0.085822240
v 0.116610050 0.308231026 0.085802935
v 0.134281687 0.305661947 0.087710127
v 0.114313758 0.306469202 0.085694030
v 0.113225169 0.304784924 0.085557476
v 0.134298272 0.302126437 0.087788478
v 0.113975398 0.301291764 0.083577812
v 0.113082215 0.302434027 0.084818557
v 0.134264834 0.298626959 0.087415665
v 0.114240191 0.298910797 0.082866177
v 0.112938262 0.299008310 0.084976114
v 0.134108640 0.295446426 0.086551867
v 0.117398030 0.294024676 0.085043766
v 0.114995926 0.295704097 0.083738565
v 0.113112777 0.297451973 0.084674589
v 0.132175557 0.292616308 0.085865475
v 0.129473440 0.291631818 0.086948365
v 0.124430328 0.291976750 0.086015485
v 0.121982946 0.292509854 0.084966838
v 0.119155824 0.293163538 0.084365353
v 0.132156960 0.309454143 0.085695468
v 0.130386151 0.309692204 0.084286764
v 0.126982495 0.309729040 0.083694637
v 0.124467909 0.308930039 0.083137996
v 0.118108883 0.308968008 0.080185667
v 0.135164625 0.304475367 0.086280532
v 0.115671761 0.306915641 0.080411769
v 0.135149784 0.302621543 0.085518628
v 0.114709839 0.302736968 0.080489263
v 0.114255629 0.302475691 0.080113269
v 0.135069884 0.298112482 0.085238487
v 0.114946387 0.299085379 0.079912946
v 0.114198751 0.300423384 0.080080807
v 0.135053120 0.296932638 0.085270755
v 0.118227347 0.295111448 0.078567006
v 0.115918099 0.296464264 0.079407729
v 0.132218204 0.292524040 0.082030311
v 0.130461327 0.292267114 0.082211033
v 0.125689811 0.292321682 0.081240006
v 0.117887385 0.294517577 0.078445837
v 0.125856160 0.310406476 0.081102632
v 0.123502105 0.310270369 0.080391236
v 0.120471611 0.309815645 0.079817601
v 0.136382035 0.305436432 0.080168389
v 0.118994586 0.306929708 0.078695759
v 0.118389859 0.306853920 0.079402283
v 0.136023454 0.302861542 0.080199815
v 0.115671254 0.303124070 0.075703889
v 0.135744131 0.299765050 0.081037991
v 0.115701906 0.300722152 0.075672112
v 0.135944224 0.297312200 0.080866441
v 0.119121916 0.294744909 0.078292802
v 0.116258740 0.298199087 0.076834530
v 0.125618144 0.293021172 0.079005934
v 0.123268864 0.293355823 0.078342050
v 0.120463825 0.293959290 0.077882849
v 0.134122960 0.309560925 0.079483449
v 0.133431337 0.309667945 0.077921808
v 0.119607679 0.309659779 0.074852958
v 0.135812543 0.306811064 0.079636410
v 0.120707906 0.307338327 0.075083673
v 0.117540500 0.307597071 0.074516356
v 0.136381409 0.303419352 0.078197144
v 0.116774141 0.303700835 0.072973147
v 0.136306397 0.299329460 0.077767089
v 0.116865426 0.301023930 0.072644629
v 0.135649509 0.296206564 0.078366570
v 0.120408557 0.295577139 0.072141223
v 0.117452561 0.297232211 0.073279582
v 0.133968584 0.293696046 0.077859148
v 0.133189909 0.293912321 0.076024510
v 0.126531988 0.293898225 0.075095549
v 0.119383990 0.295066059 0.073095873
v 0.134413920 0.310675025 0.074682750
v 0.132634900 0.310973555 0.074950531
v 0.128757975 0.311181635 0.074188583
v 0.121185615 0.310361028 0.071718022
v 0.137675873 0.306040734 0.073484108
v 0.122576892 0.308405995 0.071181774
v 0.118957079 0.307989806 0.070985496
v 0.117755770 0.304702550 0.070396170
v 0.117746487 0.300625503 0.070086554
v 0.120797447 0.296560645 0.068549350
v 0.118896692 0.297464877 0.069890849
v 0.134034432 0.293606728 0.073202722
v 0.132200784 0.293380886 0.072799057
v 0.127839341 0.293812066 0.072074085
v 0.124970853 0.294533640 0.071691342
v 0.121383972 0.295017540 0.069957368
v 0.135640747 0.310431361 0.072233014
v 0.133168481 0.311616957 0.069886923
v 0.129556216 0.311450005 0.069228098
v 0.125908799 0.311500907 0.068902686
v 0.123030446 0.310917079 0.068409629
v 0.137437917 0.307635099 0.071644507
v 0.122234277 0.308657020 0.067626685
v 0.120045982 0.309018135 0.068556696
v 0.137889183 0.304238141 0.070513539
v 0.121738910 0.305395871 0.066793427
v 0.137748934 0.300395221 0.070199668
v 0.121810965 0.299920231 0.065957434
v 0.137251011 0.297129214 0.070538111
v 0.125477716 0.299463570 0.066255346
v 0.121737621 0.297566444 0.066973731
v 0.119863211 0.297194690 0.067133591
v 0.135396264 0.294454664 0.070309363
v 0.132972799 0.293933034 0.067775495
v 0.129544026 0.294183999 0.067576498
v 0.125776566 0.294569403 0.066810429
v 0.122822113 0.295316070 0.066466466
v 0.136910103 0.311130792 0.066918850
v 0.133893929 0.311367959 0.066932507
v 0.130562819 0.311292470 0.067331411
v 0.126854181 0.311368108 0.066293329
v 0.124696262 0.311338216 0.065185033
v 0.139023966 0.307029456 0.066349991
v 0.134205899 0.310245782 0.066368677
v 0.126148268 0.310123742 0.066673338
v 0.123636171 0.309733421 0.065030105
v 0.138135410 0.305272341 0.066802248
v 0.138911612 0.299720585 0.065362483
v 0.123371377 0.300214022 0.063230269
v 0.138806216 0.298999995 0.065895446
v 0.133504710 0.296196073 0.064553373
v 0.130509771 0.296541244 0.064703062
v 0.126223236 0.297587067 0.064819731
v 0.123883701 0.299227178 0.063689403
v 0.136675752 0.295006096 0.065040961
v 0.133657432 0.294897765 0.064927004
v 0.130391426 0.295054495 0.065318510
v 0.126550033 0.295208842 0.064557053
v 0.124398305 0.295526296 0.063443899
v 0.137578256 0.311038882 0.064322121
v 0.135509990 0.311442673 0.064309262
v 0.124159253 0.311849505 0.061572209
v 0.138873271 0.308914632 0.064469650
v 0.136172987 0.310139239 0.064198308
v 0.122944027 0.311051130 0.061113276
v 0.138930894 0.305675805 0.063919708
v 0.136362470 0.306065559 0.063582122
v 0.139046855 0.301128834 0.063359022
v 0.138449273 0.297501534 0.063252896
v 0.135647557 0.296627253 0.061878815
v 0.132490791 0.296909064 0.063153014
v 0.123945772 0.297184348 0.059701737
v 0.137321181 0.295636415 0.062672980
v 0.135339312 0.295422852 0.062361673
v 0.123773678 0.295921832 0.059713397
v 0.138026334 0.311258852 0.062364910
v 0.136183865 0.311702430 0.060769599
v 0.130090929 0.312546283 0.060753506
v 0.124791957 0.312289894 0.057906788
v 0.139266855 0.309243828 0.062404610
v 0.137158967 0.310899168 0.060565755
v 0.123593263 0.311456800 0.057661310
v 0.138950086 0.305186182 0.061859541
v 0.137029819 0.306298405 0.061563279
v 0.138589419 0.300773233 0.060143568
v 0.138535566 0.297753900 0.060441844
v 0.135882980 0.297128350 0.058389936
v 0.124604917 0.297592819 0.055967875
v 0.137642569 0.296094090 0.060505424
v 0.136066876 0.295918226 0.058836602
v 0.129826165 0.295273066 0.058673814
v 0.124302498 0.296421796 0.055997442
v 0.135453469 0.312002838 0.057311196
v 0.133201636 0.312430769 0.055587992
v 0.129500008 0.312628061 0.054827668
v 0.126525118 0.312340438 0.055357195
v 0.135940231 0.311398000 0.056577928
v 0.134018935 0.311665684 0.054599054
v 0.129052571 0.311871380 0.053522926
v 0.126125685 0.311774582 0.054699611
v 0.136684186 0.306981981 0.055331685
v 0.134417258 0.307835788 0.054276120
v 0.136028341 0.301950604 0.055607721
v 0.133835248 0.302283973 0.053604506
v 0.136367834 0.298230708 0.054900236
v 0.133076287 0.297870755 0.053905770
v 0.129114679 0.297962844 0.053233080
v 0.126100785 0.297611684 0.053110875
v 0.135345734 0.296485364 0.055403210
v 0.133126459 0.296489626 0.053651199
v 0.129286952 0.296679020 0.052709095
v 0.126326694 0.296751559 0.053512938
v 0.132201529 0.312061310 0.053845532
v 0.131039447 0.312108576 0.053600792
v 0.132594562 0.311773866 0.053882044
v 0.131045274 0.311844140 0.053495541
v 0.137015722 0.307141483 0.053516895
v 0.134707622 0.307690620 0.053642150
v 0.136595778 0.301439255 0.053197030
v 0.133931673 0.302704543 0.053164434
v 0.137060932 0.299040943 0.052328445
v 0.134024984 0.298166394 0.052305445
v 0.130702949 0.297601312 0.051774494
v 0.132464401 0.297377944 0.052212231
v 0.130832858 0.297450989 0.051813044
v 0.137735701 0.296281785 0.057236068
v 0.139192290 0.298507959 0.057223145
v 0.139524005 0.302137315 0.057605591
v 0.139585159 0.306057721 0.058077402
v 0.139346994 0.309579253 0.058559105
v 0.137892134 0.311713129 0.059109844
v 0.136365048 0.295601189 0.057422780
v 0.136074594 0.299687356 0.057984512
v 0.136140100 0.303961128 0.058499064
v 0.136205635 0.308234900 0.059013646
v 0.136527918 0.312363446 0.059459563
v 0.137303687 0.296480834 0.056127600
v 0.138484023 0.298152357 0.056195516
v 0.139030806 0.302014768 0.056196760
v 0.139096550 0.306214869 0.056679562
v 0.138659767 0.310099632 0.057635833
v 0.137466095 0.311765611 0.057962626
v 0.135708518 0.296074122 0.055337183
v 0.135964982 0.312382460 0.057408340
v 0.136385761 0.297128677 0.052771956
v 0.137545220 0.298628628 0.052732464
v 0.138065926 0.302460968 0.052788403
v 0.138289220 0.306997567 0.053607464
v 0.137726686 0.310464770 0.054157544
v 0.136612944 0.311946839 0.054556075
v 0.134058497 0.296471357 0.052890819
v 0.134293190 0.312634915 0.054879904
v 0.130655668 0.296549171 0.052086875
v 0.130978785 0.312880993 0.054132011
v 0.126319028 0.296700209 0.052903995
v 0.126542404 0.312679857 0.054941580
v 0.124485283 0.296944350 0.053566612
v 0.123621262 0.298313528 0.053607244
v 0.124979756 0.304446250 0.055890884
v 0.124155521 0.310901105 0.055231631
v 0.124732285 0.312301517 0.055398684
v 0.135463692 0.297687203 0.049105003
v 0.136678941 0.299374849 0.049090482
v 0.137440793 0.302818209 0.049535543
v 0.137556291 0.306783408 0.050121091
v 0.136851511 0.310630649 0.050445691
v 0.135687760 0.312302589 0.050864711
v 0.133439294 0.297349364 0.049059737
v 0.135037310 0.297999740 0.049274970
v 0.135251529 0.311971664 0.050957199
v 0.133823208 0.312705040 0.050714955
v 0.129502661 0.296964586 0.051043693
v 0.129286579 0.312706798 0.053430781
v 0.127750672 0.296913147 0.051779468
v 0.127903818 0.312663883 0.053701166
v 0.123378760 0.297454149 0.052589096
v 0.122222944 0.298582137 0.051781420
v 0.122408658 0.311189741 0.053325992
v 0.123586691 0.312071055 0.054337576
v 0.120286129 0.300276995 0.050909836
v 0.119497172 0.302334905 0.051531602
v 0.119573622 0.307125658 0.052110672
v 0.120430350 0.309832603 0.052081421
v 0.135738499 0.300000370 0.045444515
v 0.136512987 0.303584754 0.045833312
v 0.136603988 0.307102263 0.046200227
v 0.135905869 0.310916930 0.046758872
v 0.132464699 0.297975093 0.045445178
v 0.133765391 0.298561543 0.045638628
v 0.133976451 0.312327564 0.047296070
v 0.132694773 0.312982202 0.047252048
v 0.129339687 0.297901511 0.046089154
v 0.129459135 0.312982023 0.047832169
v 0.125336058 0.297885060 0.047166597
v 0.124261535 0.298452020 0.046557795
v 0.125086217 0.312575758 0.047844499
v 0.125565893 0.312876523 0.048971578
v 0.123350620 0.298004776 0.047823366
v 0.122013501 0.299018234 0.047643490
v 0.122208900 0.311763465 0.049178023
v 0.123575366 0.312664390 0.049588393
v 0.119613334 0.301150471 0.049453165
v 0.119332924 0.302949935 0.049781881
v 0.119426183 0.307353199 0.050250459
v 0.119729071 0.309322268 0.050470065
v 0.134881086 0.300707936 0.041798517
v 0.135715968 0.304008633 0.042282823
v 0.135734669 0.307537794 0.042590357
v 0.135040737 0.311121047 0.043052264
v 0.131622917 0.298463076 0.041886840
v 0.132600985 0.299009234 0.041933689
v 0.132812522 0.312807232 0.043594979
v 0.131851591 0.313378215 0.043682631
v 0.128730609 0.298446089 0.042253617
v 0.127550780 0.298800826 0.042517416
v 0.127768829 0.313023686 0.044229858
v 0.128959797 0.313395053 0.044053484
v 0.124645076 0.298413962 0.043061208
v 0.124699666 0.298905343 0.043124858
v 0.124913669 0.312864214 0.044805516
v 0.124874189 0.313358068 0.044860490
v 0.122718401 0.298679084 0.043516640
v 0.120961189 0.299913883 0.043958630
v 0.121143415 0.311800063 0.045389738
v 0.122938737 0.313050807 0.045247007
v 0.119144551 0.301474869 0.045577634
v 0.118606284 0.303068846 0.045707680
v 0.118656195 0.307519913 0.046124782
v 0.119274563 0.309955090 0.046598665
v 0.134065173 0.301524073 0.038159005
v 0.134542859 0.304412425 0.037651245
v 0.134630642 0.308386207 0.038210612
v 0.134213782 0.311216950 0.039326034
v 0.131242059 0.298895746 0.038485613
v 0.131643466 0.299503177 0.038452942
v 0.131704516 0.313199103 0.040173277
v 0.131296910 0.313789427 0.040371556
v 0.126793756 0.298803955 0.038852196
v 0.126815341 0.299299657 0.038914036
v 0.127862177 0.313422918 0.040648267
v 0.127858199 0.313919634 0.040705185
v 0.124205626 0.298847288 0.039874628
v 0.124258547 0.299339682 0.039932754
v 0.124107710 0.313218623 0.041369170
v 0.124058715 0.313710809 0.041431315
v 0.120181858 0.300633967 0.040779617
v 0.120354257 0.311878830 0.042133506
v 0.118560634 0.302147657 0.041686602
v 0.118178181 0.303681612 0.041712970
v 0.118235990 0.307987392 0.042150583
v 0.118684746 0.310242832 0.042661268
v 0.133392564 0.301734030 0.035516188
v 0.134115390 0.304332048 0.035372499
v 0.134157322 0.309179515 0.035855826
v 0.133538327 0.311662823 0.036732938
v 0.130075953 0.299362957 0.034659486
v 0.130740962 0.300017476 0.034892242
v 0.130906678 0.313573331 0.036508318
v 0.130291499 0.314270884 0.036462713
v 0.126315541 0.299345702 0.034609176
v 0.126512862 0.299820572 0.034781840
v 0.126738548 0.313900977 0.036474619
v 0.126476473 0.314414680 0.036367651
v 0.123869828 0.299388915 0.035437230
v 0.123799010 0.299899608 0.035435654
v 0.124011330 0.313750714 0.037103131
v 0.124072573 0.314234674 0.037287362
v 0.119376651 0.301721781 0.037153985
v 0.118306979 0.304583967 0.037466049
v 0.118374243 0.308809668 0.037967972
v 0.119567990 0.311735332 0.038375508
v 0.118050359 0.302938700 0.037324950
v 0.117884546 0.304610938 0.037797093
v 0.117939688 0.308563977 0.038329393
v 0.118164546 0.310520202 0.038240645
v 0.132613949 0.302183598 0.032376140
v 0.133240990 0.305034667 0.031645685
v 0.133214525 0.309502244 0.031964429
v 0.132764331 0.311992735 0.033557169
v 0.129297382 0.299816191 0.031261377
v 0.130159832 0.300426483 0.031781994
v 0.128472015 0.307393759 0.030965418
v 0.130297265 0.313922256 0.033487953
v 0.129480399 0.314662308 0.033044834
v 0.126958913 0.299579412 0.032671228
v 0.127477384 0.299940854 0.033465486
v 0.126531705 0.307173371 0.033042885
v 0.127698317 0.314067155 0.035165116
v 0.127190157 0.314613432 0.034552582
v 0.122674502 0.299721211 0.033702705
v 0.122042059 0.300167412 0.034162894
v 0.122960336 0.307133108 0.033832230
v 0.122217506 0.313851357 0.035759103
v 0.122915260 0.314374000 0.035499498
v 0.120212688 0.299981534 0.031667735
v 0.119917385 0.301179588 0.034276947
v 0.119298145 0.303656667 0.034193821
v 0.120080306 0.308902413 0.033978511
v 0.120057046 0.312856466 0.035727121
v 0.120437942 0.314673692 0.033436686
v 0.117778949 0.304594457 0.036223542
v 0.117846838 0.308978349 0.036750399
v 0.131599210 0.302879602 0.027388882
v 0.132336638 0.305453211 0.027776526
v 0.132390044 0.309947520 0.028303640
v 0.131747059 0.312503308 0.028525379
v 0.128859788 0.300198942 0.028450303
v 0.130303762 0.301172256 0.028139478
v 0.128772392 0.307681590 0.028536553
v 0.130493558 0.314045131 0.029704813
v 0.129102878 0.314962596 0.030214224
v 0.123979687 0.315042138 0.029925562
v 0.123754441 0.300349951 0.028156612
v 0.119190797 0.300194025 0.030032774
v 0.119416043 0.314886212 0.031801723
v 0.131295732 0.302808851 0.025943942
v 0.132113016 0.305239409 0.026082458
v 0.132196031 0.310157001 0.026673032
v 0.131476320 0.312920511 0.027156314
v 0.128372162 0.300582677 0.025939975
v 0.129746205 0.301138490 0.026046395
v 0.130346529 0.307871789 0.026756288
v 0.128481961 0.307856202 0.027123224
v 0.130036033 0.314531863 0.027641777
v 0.128628231 0.315194786 0.027722146
v 0.126107714 0.300838560 0.023798767
v 0.126332960 0.315530747 0.025567718
v 0.119913287 0.300786197 0.025022494
v 0.120138540 0.315478384 0.026791444
v 0.118914812 0.300539225 0.027200948
v 0.119140058 0.315231413 0.028969899
v 0.124250702 0.300934404 0.023239339
v 0.123988181 0.315632135 0.025024243
v 0.121873311 0.300923973 0.023628592
v 0.121641523 0.315602601 0.025568238
v 0.131299622 0.305454105 0.023809105
v 0.131406418 0.306782126 0.024071967
v 0.131394140 0.309737384 0.024311054
v 0.131433583 0.310800642 0.024536174
v 0.129446022 0.301473618 0.024232261
v 0.130067534 0.302787185 0.024199897
v 0.130741588 0.304724395 0.024139138
v 0.130471460 0.306048721 0.024568059
v 0.130534462 0.310157478 0.025062757
v 0.130881510 0.311397851 0.024924705
v 0.130287639 0.313367844 0.025451768
v 0.129591084 0.314725399 0.025735358
v 0.128155968 0.300963163 0.024590800
v 0.128063633 0.302651823 0.024804372
v 0.128229528 0.313472420 0.026107183
v 0.128237977 0.315169185 0.026237911
v 0.130648799 0.305740774 0.022521980
v 0.130609519 0.307474703 0.022521794
v 0.130643702 0.310095251 0.022840189
v 0.130922756 0.311053395 0.023550447
v 0.128797158 0.301572084 0.023085542
v 0.128896966 0.302853763 0.022134690
v 0.130304150 0.304788530 0.022084141
v 0.130421392 0.312056422 0.023052549
v 0.129012115 0.313941091 0.023448829
v 0.129043765 0.314875454 0.024712255
v 0.127551503 0.301152915 0.023064682
v 0.127447157 0.302809864 0.022515357
v 0.127616889 0.313880801 0.023848301
v 0.127642512 0.315333873 0.024784448
v 0.125676803 0.300793201 0.023548089
v 0.125570706 0.302408338 0.023797669
v 0.125748775 0.314023048 0.025196090
v 0.125694833 0.315621078 0.025310384
v 0.129468358 0.307854831 0.020230869
v 0.129495270 0.309778810 0.020463759
v 0.127068571 0.302013248 0.019614337
v 0.127940378 0.303340673 0.020238014
v 0.127958558 0.305308968 0.019683555
v 0.129127763 0.306758106 0.019532399
v 0.129199348 0.310366333 0.019959053
v 0.128071576 0.312049925 0.020490555
v 0.128095194 0.313872129 0.021482633
v 0.127345688 0.315302700 0.021200774
v 0.126290909 0.301418275 0.020630691
v 0.126776031 0.303166866 0.020925533
v 0.126568287 0.305056393 0.020056980
v 0.126679487 0.312309444 0.020930253
v 0.126941069 0.313931704 0.022221627
v 0.126568451 0.315664589 0.022347890
v 0.123899295 0.300912023 0.022003291
v 0.123228803 0.303545982 0.021835865
v 0.123371518 0.304350108 0.022047859
v 0.123498298 0.312619358 0.023043482
v 0.123407371 0.313665509 0.022954445
v 0.124460011 0.315876037 0.023891618
v 0.121764100 0.300798833 0.023012923
v 0.121763586 0.302630574 0.023242997
v 0.122022546 0.304467589 0.022705756
v 0.122144006 0.312389940 0.023659615
v 0.121973655 0.314023823 0.024533780
v 0.122060432 0.315880746 0.024835061
v 0.120197638 0.301146686 0.023375871
v 0.120097055 0.302866131 0.023321252
v 0.120225012 0.313846558 0.024680758
v 0.120426066 0.315511703 0.025096295
v 0.118343651 0.301292509 0.025080867
v 0.119103751 0.303400517 0.024389859
v 0.118566870 0.305168658 0.024755629
v 0.118658110 0.311309934 0.025524639
v 0.119228683 0.313081712 0.025558690
v 0.118586368 0.315030307 0.026711032
v 0.116788722 0.302066714 0.024913467
v 0.116977117 0.314355373 0.026393034
v 0.128360427 0.308765709 0.017992357
v 0.128647804 0.309671104 0.018691652
v 0.126386076 0.302188396 0.018094294
v 0.127287603 0.303300917 0.017806375
v 0.128044210 0.305641145 0.017600095
v 0.128289259 0.307272673 0.017835656
v 0.128252148 0.310471892 0.018021684
v 0.128238849 0.312407821 0.018659761
v 0.127446338 0.314540595 0.019118067
v 0.126686803 0.315527797 0.019894741
v 0.125599786 0.301701993 0.018684326
v 0.125188320 0.303375751 0.019384922
v 0.124813668 0.305885643 0.019362874
v 0.124329700 0.306676686 0.019470409
v 0.124398730 0.310951442 0.019971278
v 0.124891511 0.311708510 0.020057566
v 0.125353388 0.314142466 0.020681243
v 0.125561117 0.315987438 0.020300256
v 0.123113728 0.301532865 0.019695554
v 0.123408123 0.303243995 0.020726778
v 0.123994864 0.305644542 0.020187547
v 0.124280042 0.306716532 0.019708287
v 0.124343409 0.310849398 0.020205889
v 0.124083630 0.311778277 0.020930123
v 0.123684383 0.314183593 0.021921797
v 0.123358532 0.315969795 0.021427069
v 0.121799826 0.301390648 0.021003680
v 0.122073598 0.303266436 0.021868289
v 0.121725872 0.304513216 0.022203710
v 0.121847919 0.312473744 0.023162164
v 0.122355222 0.313649893 0.023038646
v 0.122019506 0.315794379 0.022698987
v 0.119396820 0.301425576 0.022201072
v 0.120549231 0.302847922 0.022617731
v 0.120720639 0.314027965 0.023963818
v 0.119624912 0.315544426 0.023895863
v 0.117933846 0.301587909 0.023272928
v 0.116825885 0.302057743 0.022873282
v 0.116950660 0.314790219 0.024518054
v 0.117974556 0.315174341 0.024591355
v 0.115908570 0.302757472 0.024089867
v 0.116070262 0.313882113 0.025478445
v 0.125463723 0.302409083 0.016039759
v 0.126237638 0.303818792 0.016081033
v 0.125885307 0.306324601 0.016129676
v 0.126512698 0.307417512 0.015910445
v 0.126621879 0.311146230 0.016326267
v 0.125978208 0.312026411 0.016814867
v 0.126373097 0.314513355 0.017382259
v 0.125702485 0.315861970 0.017764110
v 0.123879186 0.302109063 0.016595297
v 0.125461362 0.304518461 0.017077630
v 0.125159367 0.305946380 0.016802682
v 0.125298827 0.312418848 0.017752014
v 0.125600166 0.313572198 0.018167706
v 0.124333806 0.316138983 0.018344454
v 0.122746147 0.301841229 0.017734010
v 0.122926592 0.316120327 0.019527595
v 0.120365843 0.301729947 0.018566219
v 0.120611190 0.316093892 0.020210214
v 0.118782117 0.301773489 0.019924331
v 0.119014598 0.315766662 0.021601727
v 0.117489702 0.301901489 0.021204200
v 0.117728344 0.315391541 0.022784092
v 0.124737381 0.302556843 0.014604094
v 0.125629089 0.303671211 0.014321836
v 0.125600091 0.306691706 0.015507953
v 0.125717624 0.307461649 0.015424727
v 0.125770240 0.311223716 0.015880087
v 0.125634878 0.311794579 0.016185541
v 0.125763445 0.315113187 0.015719011
v 0.125006854 0.316046953 0.016198482
v 0.123550243 0.302368999 0.015227786
v 0.123371548 0.302836716 0.014400721
v 0.124991550 0.306912988 0.016027045
v 0.124926775 0.307156056 0.016076975
v 0.124989770 0.311264813 0.016571674
v 0.125062040 0.311510712 0.016580617
v 0.123638428 0.315892488 0.016092943
v 0.123793802 0.316172481 0.016957687
v 0.121577292 0.302128345 0.015626663
v 0.121813341 0.316353977 0.017432874
v 0.119521491 0.302054942 0.016498026
v 0.119728490 0.316272825 0.018281365
v 0.117377139 0.302248716 0.017866077
v 0.117606930 0.315830052 0.019552751
v 0.123692713 0.302881420 0.012508786
v 0.124461613 0.304010600 0.012003976
v 0.125289149 0.306150615 0.012077863
v 0.125804059 0.308871984 0.012753151
v 0.125810138 0.311034858 0.013026283
v 0.125430583 0.313281566 0.013016355
v 0.124662145 0.315302610 0.013398319
v 0.123909815 0.316242546 0.013873043
v 0.122602596 0.302608222 0.012979443
v 0.122468679 0.303098559 0.012894501
v 0.122382901 0.316080302 0.013975126
v 0.122929863 0.316480696 0.014636823
v 0.120630644 0.302406460 0.014034113
v 0.120796114 0.316506237 0.015402616
v 0.118644788 0.302368909 0.014503182
v 0.118871800 0.316475153 0.016245537
v 0.116793460 0.302565187 0.015416838
v 0.117157354 0.316107184 0.017291181
v 0.122711509 0.303228289 0.010629462
v 0.123620115 0.304317921 0.010344472
v 0.124424971 0.306715608 0.010276699
v 0.124668761 0.309204787 0.010482230
v 0.124675087 0.311247587 0.010739543
v 0.124470233 0.313511729 0.011122079
v 0.123748980 0.315486729 0.011708943
v 0.121652319 0.302836537 0.010989492
v 0.121160536 0.303373158 0.010995584
v 0.121198043 0.316280693 0.012274333
v 0.122111789 0.316694677 0.012814988
v 0.119472093 0.302720040 0.012250784
v 0.119684852 0.316644758 0.013927042
v 0.117746516 0.302599549 0.013180749
v 0.117891043 0.316617876 0.014632125
v 0.116232991 0.302821517 0.013342177
v 0.116613797 0.316312224 0.015631624
v 0.122331455 0.304596543 0.008124195
v 0.123408213 0.306489140 0.008440843
v 0.123460799 0.309071451 0.008179472
v 0.123498998 0.311441362 0.008463964
v 0.123498968 0.313629717 0.009214419
v 0.122558325 0.315669239 0.009430937
v 0.120549835 0.303212881 0.008820618
v 0.120466738 0.303707600 0.009170581
v 0.120946347 0.316416323 0.010722768
v 0.120856530 0.316926092 0.010641749
v 0.118809178 0.303153008 0.010149456
v 0.119016624 0.316742331 0.011785503
v 0.116543583 0.303048909 0.010961978
v 0.116701192 0.316719323 0.012538024
v 0.116018876 0.302984416 0.012094127
v 0.116234093 0.316524982 0.013770801
v 0.121473654 0.305080414 0.006385866
v 0.122137822 0.306813270 0.006171970
v 0.122343607 0.309043407 0.006215706
v 0.122328810 0.311723828 0.006423789
v 0.122239999 0.313883841 0.006960811
v 0.121630564 0.315749198 0.007725186
v 0.119352221 0.303591609 0.007050262
v 0.119529887 0.304074347 0.007096095
v 0.119963340 0.316504180 0.008593644
v 0.119772337 0.316991806 0.008916207
v 0.117412313 0.303598791 0.008143998
v 0.117656200 0.303883404 0.007444154
v 0.117864370 0.316706717 0.008966948
v 0.117623783 0.316825598 0.009717049
v 0.116342939 0.303400099 0.009145210
v 0.116582512 0.316822141 0.010685389
v 0.120403818 0.305424184 0.004865267
v 0.121032379 0.307344258 0.004501265
v 0.121355868 0.309409022 0.004711804
v 0.121366798 0.311748832 0.004948806
v 0.121134720 0.313948005 0.005297658
v 0.120563663 0.315747470 0.006117761
v 0.118549339 0.303806543 0.006168367
v 0.118762321 0.304472536 0.005391710
v 0.118904404 0.316575378 0.006759689
v 0.118739031 0.317033827 0.007738335
v 0.117645174 0.304264992 0.006588960
v 0.117839492 0.316544384 0.008062671
v 0.119417987 0.306233555 0.003610624
v 0.119600690 0.307783693 0.003159041
v 0.119832664 0.309736282 0.003082404
v 0.119853108 0.311823398 0.003310782
v 0.119695298 0.313888401 0.003895539
v 0.119557797 0.315291703 0.004703734
v 0.117741815 0.305608720 0.003805007
v 0.117793679 0.307088077 0.002891994
v 0.118000529 0.314651996 0.003783960
v 0.117775283 0.315860122 0.004981597
v 0.118512540 0.310016870 0.002305112
v 0.118526175 0.311717629 0.002489145
v 0.116791002 0.307846278 0.002613460
v 0.117220878 0.309711307 0.002245888
v 0.117254450 0.312052131 0.002499742
v 0.116879656 0.314020365 0.003346020
v 0.116204477 0.308349669 0.002547768
v 0.116037838 0.309913903 0.002407080
v 0.116069711 0.312091649 0.002666659
v 0.116262540 0.313482791 0.003130178
v 0.116166122 0.303438127 0.009112773
v 0.116630442 0.303654939 0.007961562
v 0.115526050 0.303155839 0.011682976
v 0.115931413 0.303145975 0.010952151
v 0.116049945 0.302831739 0.013848585
v 0.116591088 0.302576989 0.016007790
v 0.116756580 0.302417159 0.017726781
v 0.117319039 0.301965505 0.021055279
v 0.112951353 0.305832148 0.006733472
v 0.114388622 0.305816174 0.005638957
v 0.116227499 0.305792093 0.004830454
v 0.117390528 0.305923700 0.004451504
v 0.111765503 0.305472255 0.009427724
v 0.112918697 0.305131823 0.008017135
v 0.115098237 0.304466516 0.007066378
v 0.117009214 0.304492921 0.006281235
v 0.117933228 0.304995805 0.005481945
v 0.112021773 0.304939449 0.011194910
v 0.113833032 0.304017633 0.009948387
v 0.115540444 0.303710401 0.008572611
v 0.116849459 0.303815097 0.007491074
v 0.111709557 0.305283368 0.013563848
v 0.112484961 0.304553688 0.012890656
v 0.114377647 0.303517461 0.011836041
v 0.112525336 0.304798007 0.015777761
v 0.113583609 0.303862959 0.015158155
v 0.115077406 0.303097159 0.014317994
v 0.113052807 0.304660082 0.017796108
v 0.114760547 0.303260297 0.016996641
v 0.114117361 0.303889304 0.019744048
v 0.115272261 0.302973479 0.019022208
v 0.114862717 0.303481340 0.021692300
v 0.116065174 0.302506953 0.021051181
v 0.115522831 0.303095996 0.023507511
v 0.116574518 0.302209347 0.022369370
v 0.113629989 0.308260471 0.004381855
v 0.115511409 0.308355480 0.003492718
v 0.116518355 0.308667123 0.003119380
v 0.110878005 0.307619214 0.007691328
v 0.112009890 0.307253867 0.006395323
v 0.113765716 0.307163924 0.004909665
v 0.115879207 0.307101995 0.003960160
v 0.116828001 0.307425350 0.003537197
v 0.109993576 0.307746708 0.010728052
v 0.110744260 0.306845099 0.009221331
v 0.111666589 0.306136906 0.008065153
v 0.110442384 0.306844264 0.011906561
v 0.110971465 0.305982500 0.011138127
v 0.110927164 0.306454271 0.013528104
v 0.111757531 0.306097269 0.016025016
v 0.112465545 0.305857331 0.018152110
v 0.113222576 0.305476964 0.020166000
v 0.113900519 0.305191547 0.022083284
v 0.114333897 0.305886239 0.024263378
v 0.114609300 0.304721445 0.023948694
v 0.111963562 0.309808999 0.005350882
v 0.113453343 0.309542328 0.004233407
v 0.115460209 0.309703141 0.003286928
v 0.116401091 0.309779108 0.003021429
v 0.110413588 0.309672087 0.007634645
v 0.111275330 0.309542745 0.006211233
v 0.109701149 0.309284478 0.010602426
v 0.109919167 0.309189260 0.009153942
v 0.109891705 0.309135228 0.012733782
v 0.110367648 0.308559805 0.014095006
v 0.111342459 0.308039069 0.016694695
v 0.112628295 0.307732105 0.020235997
v 0.113649472 0.307795674 0.023115326
v 0.114116035 0.307257593 0.024256395
v 0.112023264 0.311756760 0.005572763
v 0.113529547 0.312014669 0.004487263
v 0.115489080 0.312013537 0.003555489
v 0.116443320 0.312097520 0.003312104
v 0.110485926 0.311547250 0.007832876
v 0.111346632 0.311948776 0.006508120
v 0.109758846 0.311232179 0.010867382
v 0.109990954 0.311659873 0.009462543
v 0.109959304 0.310918838 0.013009124
v 0.110435716 0.311190128 0.014385583
v 0.111393622 0.310894042 0.017009124
v 0.112716242 0.310375035 0.020631332
v 0.113574817 0.309734225 0.023022460
v 0.114161446 0.309743881 0.024547866
v 0.113816790 0.313297540 0.004911903
v 0.115588456 0.313370615 0.004096910
v 0.116625517 0.313294262 0.003739004
v 0.110964014 0.313229531 0.008366815
v 0.112111136 0.313857645 0.007190420
v 0.113673984 0.314183474 0.005841982
v 0.115992270 0.314465404 0.004847405
v 0.116982459 0.314334840 0.004452868
v 0.110065102 0.312411845 0.011289737
v 0.110848165 0.313622147 0.010037291
v 0.111795663 0.314556271 0.009078849
v 0.110536686 0.312994868 0.012647099
v 0.111094355 0.313997954 0.012103194
v 0.111027121 0.312974095 0.014313096
v 0.111858814 0.312703103 0.016820362
v 0.112566009 0.312409908 0.018941045
v 0.113326854 0.312278450 0.020984907
v 0.114006131 0.312080115 0.022912670
v 0.114410385 0.310875177 0.024864048
v 0.114722005 0.312072486 0.024833761
v 0.113093890 0.315129369 0.007852861
v 0.114522494 0.315392822 0.006853437
v 0.116376675 0.315520108 0.006002415
v 0.117501564 0.315411150 0.005546854
v 0.111909665 0.314875305 0.010559856
v 0.113077744 0.315505743 0.009266160
v 0.115204632 0.316294521 0.008523081
v 0.117190472 0.316437751 0.007790697
v 0.118122041 0.316048056 0.006744211
v 0.112175486 0.314965546 0.012402059
v 0.114018291 0.316101640 0.011403308
v 0.115693755 0.316663593 0.010168262
v 0.117040835 0.316791058 0.009066469
v 0.111844405 0.314078867 0.014622834
v 0.112643949 0.314923674 0.014139207
v 0.114570900 0.316122919 0.013353747
v 0.112666420 0.314000100 0.016885700
v 0.113754704 0.315023065 0.016501842
v 0.115274011 0.315920889 0.015861981
v 0.113190464 0.313639134 0.018877191
v 0.114942625 0.315136373 0.018426530
v 0.114270739 0.313893110 0.020948516
v 0.115455396 0.314918727 0.020460427
v 0.115020982 0.313804388 0.022935202
v 0.116254657 0.314866275 0.022539251
v 0.115720495 0.313759923 0.024781555
v 0.116779550 0.314838082 0.023872267
v 0.116301469 0.316780716 0.010834207
v 0.116812176 0.316841483 0.009591290
v 0.115730255 0.316475660 0.013286692
v 0.116141803 0.316641033 0.012629262
v 0.116278350 0.316244066 0.015596533
v 0.116785853 0.315962344 0.017703431
v 0.117045990 0.315734982 0.019382529
v 0.117470607 0.315323859 0.022745796
v 0.123969957 0.271530092 0.116570316
v 0.124126382 0.281733513 0.117798820
v 0.122580185 0.271478862 0.116966039
v 0.122737370 0.281731337 0.118200451
v 0.118310108 0.271621734 0.117968790
v 0.117809913 0.273386270 0.117864423
v 0.117886088 0.279800087 0.118636958
v 0.118461035 0.281487465 0.119153790
v 0.115115962 0.271512955 0.116893262
v 0.115275844 0.281941086 0.118148811
v 0.110924720 0.272073835 0.115650527
v 0.111074112 0.281818032 0.116823733
v 0.109072565 0.271969229 0.114941083
v 0.109228551 0.282143921 0.116166130
v 0.125412300 0.271777064 0.114474006
v 0.125568225 0.281947613 0.115698554
v 0.121391132 0.271649629 0.113495298
v 0.121556334 0.282425106 0.114792667
v 0.118594355 0.271565050 0.114382051
v 0.118760175 0.282381326 0.115684338
v 0.114634781 0.271662921 0.114055134
v 0.114800676 0.282483518 0.115357943
v 0.112129591 0.271912962 0.112297341
v 0.112295478 0.282733560 0.113600150
v 0.108107991 0.272229403 0.112818554
v 0.108264289 0.282424152 0.114046007
v 0.127414800 0.271941006 0.111048177
v 0.127075843 0.275669545 0.111122705
v 0.127134397 0.278800249 0.111655064
v 0.127577304 0.282540888 0.112324409
v 0.123043440 0.271907866 0.110949904
v 0.123209334 0.282728463 0.112252712
v 0.110783971 0.272263259 0.109559394
v 0.110949858 0.283083826 0.110862203
v 0.106874264 0.272209376 0.109301992
v 0.108153894 0.276313305 0.109221019
v 0.108186863 0.279268533 0.109526791
v 0.107044532 0.283315390 0.110639162
v 0.106369085 0.272761583 0.108300768
v 0.106354735 0.276174963 0.109153993
v 0.106402993 0.279692322 0.109422192
v 0.106526546 0.283032060 0.109537341
v 0.127793863 0.272350430 0.107437424
v 0.127391204 0.276022255 0.108032823
v 0.127458929 0.279269129 0.108427122
v 0.127956963 0.282988727 0.108718283
v 0.123707301 0.272331566 0.107346393
v 0.123873188 0.283152163 0.108649202
v 0.110958635 0.272697181 0.105933189
v 0.111124522 0.283517748 0.107235998
v 0.107407465 0.272722512 0.104579851
v 0.108475051 0.276555449 0.106130511
v 0.108521073 0.279713720 0.106511086
v 0.107579164 0.283921629 0.105928235
v 0.106785848 0.273174942 0.104976706
v 0.106742977 0.276574939 0.105586872
v 0.106773212 0.280092508 0.106103830
v 0.106942713 0.283406943 0.106208645
v 0.126946389 0.272920698 0.103012756
v 0.127108953 0.283512354 0.104286417
v 0.122717112 0.272697568 0.104432561
v 0.122883006 0.283518165 0.105735369
v 0.121426030 0.272912145 0.102814935
v 0.121591918 0.283732712 0.104117744
v 0.113362856 0.273051649 0.102682985
v 0.113528750 0.283872217 0.103985794
v 0.108769975 0.273361266 0.101353601
v 0.108933478 0.284025848 0.102637619
v 0.127062618 0.273372114 0.101070121
v 0.126771814 0.276405513 0.099954449
v 0.126908667 0.280752212 0.100484923
v 0.127218291 0.283529311 0.102293529
v 0.124027393 0.276625812 0.099671304
v 0.124092072 0.280794233 0.100173280
v 0.121649958 0.273758441 0.100292645
v 0.121953002 0.276331544 0.099494785
v 0.122029587 0.281184763 0.100070842
v 0.121799349 0.283502787 0.101465873
v 0.114513680 0.273800999 0.099689037
v 0.114710904 0.277131289 0.098726593
v 0.114767290 0.280809164 0.099169411
v 0.114667288 0.283820331 0.100895375
v 0.109432950 0.274070501 0.099184878
v 0.109597757 0.277147144 0.098362774
v 0.109625205 0.280816674 0.098740332
v 0.109579115 0.283821613 0.100354291
v 0.120648473 0.280760229 0.098986693
v 0.116984136 0.280880600 0.098600797
v 0.120575532 0.277035654 0.098510206
v 0.116945504 0.277139008 0.098100610
v 0.127392895 0.286907941 0.098050714
v 0.124763555 0.287936717 0.097775869
v 0.120823532 0.287585437 0.097697563
v 0.117250367 0.287400126 0.097203813
v 0.113963305 0.287246287 0.096514061
v 0.111833773 0.286769688 0.095763221
v 0.128729678 0.284499913 0.098036677
v 0.125132910 0.284644991 0.097771578
v 0.120546214 0.284597337 0.098162405
v 0.117496996 0.284646869 0.097766593
v 0.113124690 0.284892887 0.096540436
v 0.109819263 0.284940004 0.095946707
v 0.108246937 0.283493400 0.095209025
v 0.128315120 0.280961990 0.097633488
v 0.125323355 0.280353546 0.097724728
v 0.121059432 0.281196862 0.097391143
v 0.116913556 0.281299323 0.096991703
v 0.112580843 0.281173170 0.096544534
v 0.110200799 0.281214505 0.096037410
v 0.108053199 0.281367272 0.094853513
v 0.128231398 0.276907444 0.097319812
v 0.125310249 0.277581513 0.097398832
v 0.121004424 0.276998729 0.096870825
v 0.116829044 0.277094722 0.096521042
v 0.112599782 0.277462751 0.096052714
v 0.109906174 0.277157515 0.095560417
v 0.108000770 0.277142346 0.094564229
v 0.128432221 0.273534238 0.096518651
v 0.124964915 0.273442805 0.096397534
v 0.120361253 0.273091018 0.096690275
v 0.117235869 0.273252875 0.096325211
v 0.112994514 0.273821235 0.095210448
v 0.109729140 0.274022251 0.094708681
v 0.108162708 0.275625020 0.094133891
v 0.127153031 0.271115631 0.096132226
v 0.124622426 0.270270109 0.095680661
v 0.120638705 0.270661771 0.095632337
v 0.116964571 0.271209091 0.095422916
v 0.113682903 0.271616578 0.094753705
v 0.111610375 0.272260666 0.094056532
v 0.127175040 0.287259549 0.094118230
v 0.129553206 0.283850521 0.095361046
v 0.122125074 0.284505635 0.094930723
v 0.116593696 0.284661800 0.094337747
v 0.129985667 0.281352162 0.094440088
v 0.123737901 0.282147676 0.094829127
v 0.122665174 0.282728434 0.094779469
v 0.115999609 0.282916635 0.094064906
v 0.114910013 0.282396942 0.093882754
v 0.109046175 0.280003786 0.091178566
v 0.108452908 0.280130327 0.090196438
v 0.129896618 0.276612878 0.094193928
v 0.123652718 0.276590586 0.094160050
v 0.122563123 0.276070893 0.093977898
v 0.115897565 0.276259094 0.093263336
v 0.114824838 0.276839823 0.093213677
v 0.109233580 0.277682304 0.090116315
v 0.129399396 0.274658471 0.093813531
v 0.121969036 0.274325699 0.093705058
v 0.116437665 0.274481863 0.093112081
v 0.112639285 0.272789478 0.092527255
v 0.110277138 0.275036484 0.090237997
v 0.126779675 0.271398187 0.092610985
v 0.119593351 0.270704627 0.091237336
v 0.114552594 0.272147447 0.092414968
v 0.128169052 0.287973821 0.090002321
v 0.125638529 0.288716555 0.091577522
v 0.120646625 0.289022982 0.090658896
v 0.117975577 0.288859189 0.089815885
v 0.114882185 0.288331419 0.089447498
v 0.112243175 0.287378579 0.089710511
v 0.130048774 0.285036534 0.089714713
v 0.109971061 0.285587281 0.089843221
v 0.108895703 0.283889174 0.089819714
v 0.130118764 0.281501502 0.089782625
v 0.109474837 0.280407906 0.087763168
v 0.108704700 0.281537354 0.089094818
v 0.130090378 0.278002232 0.089407384
v 0.109692513 0.278031230 0.087021805
v 0.108622126 0.278109878 0.089258872
v 0.129883475 0.274820745 0.088557795
v 0.113126873 0.273184329 0.088838555
v 0.110577925 0.274833769 0.087801099
v 0.108783304 0.276556253 0.088936828
v 0.127924457 0.271966517 0.088075064
v 0.125366158 0.270946115 0.089437887
v 0.120248295 0.271226645 0.089049391
v 0.117696344 0.271729052 0.088269196
v 0.114813059 0.272346646 0.087974407
v 0.127672880 0.288802862 0.087947160
v 0.125758915 0.289019316 0.086736061
v 0.122311316 0.289012671 0.086510673
v 0.119762077 0.288181722 0.086223751
v 0.113124251 0.288140208 0.083967082
v 0.130789138 0.283862859 0.088196285
v 0.110751598 0.286056250 0.084447242
v 0.130716703 0.282009721 0.087436020
v 0.109856858 0.281865418 0.084617242
v 0.109368480 0.281598628 0.084291272
v 0.130664907 0.277500242 0.087155521
v 0.110077120 0.278217733 0.084010489
v 0.109334662 0.279545814 0.084260300
v 0.130666740 0.276320279 0.087186657
v 0.113246105 0.274287879 0.082312822
v 0.111022725 0.275609910 0.083398357
v 0.127558618 0.271878451 0.084257051
v 0.125834487 0.271598637 0.084623665
v 0.120986275 0.271592379 0.084167577
v 0.112902760 0.273689777 0.082227245
v 0.120906159 0.289677948 0.084055275
v 0.118491537 0.289512068 0.083598875
v 0.115423180 0.289018691 0.083350912
v 0.131334729 0.284845382 0.081991382
v 0.113871790 0.286114961 0.082386427
v 0.113346956 0.286030650 0.083153270
v 0.131014443 0.282266021 0.082054906
v 0.110296904 0.282269478 0.079757504
v 0.130865745 0.279165417 0.082910910
v 0.110354646 0.279868186 0.079717055
v 0.131077669 0.276715517 0.082713284
v 0.114110894 0.273933202 0.081943855
v 0.111064553 0.277351409 0.080807537
v 0.120667598 0.272293001 0.081955552
v 0.118256799 0.272597849 0.081546977
v 0.115411296 0.273165405 0.081391193
v 0.128962978 0.288940966 0.081561059
v 0.128107294 0.289040476 0.080082402
v 0.114036254 0.288856357 0.078506485
v 0.130694202 0.286213040 0.081526421
v 0.115184366 0.286549151 0.078613065
v 0.111971452 0.286767423 0.078387648
v 0.131149418 0.282830328 0.080026776
v 0.111094526 0.282863051 0.076926000
v 0.131081141 0.278740227 0.079597674
v 0.111184380 0.280187845 0.076583393
v 0.130531914 0.275608510 0.080256589
v 0.114722758 0.274787843 0.075692035
v 0.111884295 0.276403457 0.077143237
v 0.128838598 0.273076952 0.079925634
v 0.127865835 0.273284882 0.078185089
v 0.121147505 0.273185521 0.077972017
v 0.113812565 0.274262667 0.076749399
v 0.128725543 0.290063262 0.076759323
v 0.126981615 0.290338516 0.077216148
v 0.123043157 0.290497124 0.076872826
v 0.115261427 0.289580941 0.075222686
v 0.131899781 0.285472721 0.075208604
v 0.116612344 0.287644595 0.074536465
v 0.112997881 0.287181795 0.074726693
v 0.111782580 0.283879817 0.074261300
v 0.111792340 0.279803306 0.073944971
v 0.114713400 0.275779724 0.072081476
v 0.112955324 0.276657999 0.073620275
v 0.128408126 0.272992909 0.075288579
v 0.126544892 0.272743732 0.075082406
v 0.122125834 0.273119122 0.074828081
v 0.119223899 0.273803920 0.074755363
v 0.115466527 0.274242997 0.073415257
v 0.129686854 0.289837837 0.074192077
v 0.126963332 0.290993571 0.072126016
v 0.123303808 0.290780514 0.071856111
v 0.119642145 0.290784538 0.071921974
v 0.116735286 0.290163964 0.071737587
v 0.131446488 0.287065625 0.073408626
v 0.115888997 0.287894547 0.071038842
v 0.113808058 0.288226426 0.072197936
v 0.131817750 0.283675879 0.072228052
v 0.115349180 0.284628034 0.070255637
v 0.131693847 0.279831767 0.071922012
v 0.115401461 0.279154599 0.069404006
v 0.131276644 0.276559263 0.072304070
v 0.119084596 0.278745145 0.069307789
v 0.115467086 0.276799083 0.070416853
v 0.113625354 0.276402950 0.070774987
v 0.129442371 0.273861140 0.072268374
v 0.126769110 0.273310602 0.070006438
v 0.123335756 0.273517370 0.070175119
v 0.119503438 0.273854733 0.069816433
v 0.116519860 0.274563402 0.069791503
v 0.130372620 0.290558666 0.068774432
v 0.127372369 0.290756792 0.069110475
v 0.124104104 0.290637821 0.069862463
v 0.120305180 0.290666461 0.069226317
v 0.118041835 0.290609688 0.068354599
v 0.132465846 0.286485553 0.067973673
v 0.127636663 0.289639264 0.068513967
v 0.119659818 0.289412677 0.069676608
v 0.116991840 0.288991451 0.068309978
v 0.131653152 0.284716666 0.068514101
v 0.132342018 0.279176801 0.066986814
v 0.116657949 0.279471159 0.066526562
v 0.132303334 0.278454393 0.067526303
v 0.126925080 0.275583386 0.066751219
v 0.123959079 0.275889635 0.067220509
v 0.119696490 0.276879787 0.067796446
v 0.117228917 0.278490543 0.066926092
v 0.130144975 0.274434060 0.066894807
v 0.127133384 0.274286807 0.067103393
v 0.123926088 0.274400890 0.067841612
v 0.120023704 0.274506241 0.067494862
v 0.117761574 0.274796873 0.066618465
v 0.130760870 0.290477902 0.066121019
v 0.128698065 0.290854901 0.066329911
v 0.117115743 0.291117430 0.064820930
v 0.132091246 0.288370430 0.066124544
v 0.129362009 0.289560258 0.066145808
v 0.115868747 0.290303826 0.064492464
v 0.132131151 0.285133123 0.065564066
v 0.129536606 0.285489947 0.065503441
v 0.132244638 0.280588567 0.064983636
v 0.131685487 0.276953965 0.064933471
v 0.128764487 0.276044816 0.063864239
v 0.125758446 0.276284516 0.065468736
v 0.116891003 0.276452512 0.062949844
v 0.130525849 0.275074929 0.064472936
v 0.128524944 0.274836034 0.064374439
v 0.116737268 0.275187850 0.062976874
v 0.130994610 0.290705502 0.064127676
v 0.128986850 0.291126668 0.062739164
v 0.122916743 0.291891664 0.063375428
v 0.117347858 0.291569442 0.061109953
v 0.132257900 0.288706660 0.064030059
v 0.129944793 0.290336311 0.062430542
v 0.116140544 0.290721118 0.060991880
v 0.131936572 0.284645736 0.063512489
v 0.129981599 0.285733312 0.063425459
v 0.131451122 0.280230135 0.061834555
v 0.131467960 0.277210087 0.062129859
v 0.128619700 0.276552200 0.060371336
v 0.117142520 0.276872993 0.059167922
v 0.130608118 0.275538802 0.062284525
v 0.128865659 0.275344133 0.060793009
v 0.122651986 0.274618417 0.061295729
v 0.116859957 0.275698125 0.059226874
v 0.127887651 0.291420907 0.059379179
v 0.125459462 0.291821301 0.057907160
v 0.121695607 0.291971385 0.057546716
v 0.118798151 0.291644812 0.058390066
v 0.128301039 0.290823102 0.058596741
v 0.126176208 0.291067809 0.056834862
v 0.121121130 0.291210234 0.056295428
v 0.118338063 0.291074455 0.057777554
v 0.128964014 0.286418289 0.057267949
v 0.126586638 0.287243694 0.056462355
v 0.128405660 0.281378567 0.057600714
v 0.126007176 0.281685442 0.055843797
v 0.128715135 0.277664065 0.056852393
v 0.125341102 0.277262479 0.056214083
v 0.121329478 0.277303964 0.055968277
v 0.118324488 0.276913911 0.056167636
v 0.127774931 0.275905162 0.057457525
v 0.125381447 0.275882363 0.055952404
v 0.121461205 0.276022971 0.055425916
v 0.118602983 0.276056409 0.056541290
v 0.124283857 0.291440576 0.056280538
v 0.123101778 0.291473031 0.056161337
v 0.124682172 0.291158199 0.056274224
v 0.123099706 0.291208804 0.056055453
v 0.129097856 0.286583781 0.055428516
v 0.126809492 0.287102908 0.055800680
v 0.128718979 0.280876905 0.055142049
v 0.126050688 0.282107651 0.055396922
v 0.129119328 0.278485656 0.054223206
v 0.126109681 0.277571917 0.054522336
v 0.122757449 0.276964366 0.054347668
v 0.124558262 0.276763380 0.054594386
v 0.122892632 0.276815712 0.054371785
v 0.130670823 0.275537461 0.060589120
v 0.132147095 0.277747482 0.060707938
v 0.132482640 0.281373709 0.061115954
v 0.132543809 0.285294086 0.061587863
v 0.132301591 0.288818926 0.062042505
v 0.130826152 0.290969700 0.062455468
v 0.129281334 0.274872333 0.060649849
v 0.128985993 0.278962493 0.061178878
v 0.129051498 0.283236265 0.061693430
v 0.129117034 0.287510067 0.062208012
v 0.129442907 0.291635662 0.062677912
v 0.130344591 0.275739133 0.059445497
v 0.131532214 0.277397722 0.059619959
v 0.132119484 0.281253874 0.059667915
v 0.132187314 0.285453916 0.060150933
v 0.131707824 0.289345056 0.061059583
v 0.130507789 0.291024685 0.061273940
v 0.128824263 0.275348455 0.058512371
v 0.129070825 0.291656911 0.060583662
v 0.129745729 0.276390582 0.056019187
v 0.130920521 0.277877629 0.056084931
v 0.131476469 0.281704128 0.056184981
v 0.131674058 0.286239535 0.057017002
v 0.131101988 0.289713770 0.057510011
v 0.129972912 0.291208744 0.057803303
v 0.127410217 0.275759101 0.055924535
v 0.127641022 0.291922897 0.057912234
v 0.124096602 0.275872737 0.054811593
v 0.124412171 0.292203933 0.056863066
v 0.119705222 0.276072979 0.055227093
v 0.119918256 0.292053074 0.057262216
v 0.117821231 0.276338518 0.055718388
v 0.116972401 0.277717173 0.055678315
v 0.118183672 0.283838987 0.058071490
v 0.117495208 0.290301234 0.057333566
v 0.118069737 0.291695505 0.057551589
v 0.129170320 0.276952177 0.052282583
v 0.130400456 0.278626353 0.052378144
v 0.131156481 0.282061994 0.052888155
v 0.131261817 0.286026776 0.053478267
v 0.130573026 0.289882153 0.053733349
v 0.129394404 0.291567564 0.054042283
v 0.127154990 0.276636511 0.052052002
v 0.128733649 0.277269721 0.052412413
v 0.128947861 0.291241646 0.054094642
v 0.127556048 0.291990191 0.053721663
v 0.123048879 0.276298821 0.053666614
v 0.122789628 0.292046994 0.056009635
v 0.121236294 0.276268005 0.054238524
v 0.121387496 0.292019784 0.056152008
v 0.116814814 0.276858568 0.054642979
v 0.115750603 0.277997613 0.053731613
v 0.115933909 0.290605396 0.055275377
v 0.117023862 0.291475624 0.056390021
v 0.113920897 0.279711992 0.052684419
v 0.113101132 0.281779647 0.053229295
v 0.113177366 0.286570340 0.053808633
v 0.114063203 0.289267659 0.053855706
v 0.129805587 0.279255182 0.048660684
v 0.130580909 0.282831579 0.049115703
v 0.130676947 0.286348581 0.049486261
v 0.129972956 0.290171713 0.049975041
v 0.126523226 0.277265966 0.048362687
v 0.127807117 0.277838469 0.048674177
v 0.128018170 0.291604489 0.050331615
v 0.126753300 0.292273074 0.050169554
v 0.123351670 0.277227968 0.048717186
v 0.123478270 0.292309552 0.050450247
v 0.119266137 0.277257562 0.049422629
v 0.118258379 0.277835131 0.048717268
v 0.119118437 0.291951388 0.050061531
v 0.119495972 0.292249024 0.051227611
v 0.117230251 0.277400345 0.049894288
v 0.115926638 0.278428078 0.049591534
v 0.116122037 0.291173309 0.051126070
v 0.117455005 0.292059958 0.051659316
v 0.113394372 0.280590028 0.051171359
v 0.113104998 0.282393068 0.051471334
v 0.113203793 0.286795914 0.051942535
v 0.113507121 0.288761973 0.052187245
v 0.129294283 0.279965103 0.044950746
v 0.130117826 0.283257395 0.045506667
v 0.130147464 0.286786705 0.045811448
v 0.129453934 0.290378243 0.046204492
v 0.126017011 0.277756393 0.044741672
v 0.126992657 0.278291851 0.044877600
v 0.127204201 0.292089850 0.046538889
v 0.126245684 0.292671502 0.046537459
v 0.123103238 0.277771860 0.044841446
v 0.121908195 0.278140038 0.044995524
v 0.122126251 0.292362899 0.046707965
v 0.123332425 0.292720824 0.046641313
v 0.118960730 0.277786165 0.045270674
v 0.119014702 0.278277040 0.045338627
v 0.119228713 0.292235881 0.047019280
v 0.119189843 0.292730272 0.047069956
v 0.117003455 0.278073311 0.045547109
v 0.115226931 0.279328167 0.045824841
v 0.115409158 0.291214377 0.047255948
v 0.117223791 0.292445004 0.047277473
v 0.113286852 0.280912101 0.047268871
v 0.112756669 0.282512158 0.047347531
v 0.112817562 0.286963195 0.047763452
v 0.113416865 0.289392352 0.048289899
v 0.128824926 0.280783206 0.041250978
v 0.129379264 0.283665180 0.040786609
v 0.129459507 0.287638813 0.041348096
v 0.128973536 0.290476084 0.042418003
v 0.125954717 0.278186679 0.041319452
v 0.126364148 0.278789610 0.041323215
v 0.126419290 0.292487323 0.043029580
v 0.126001797 0.293082446 0.043189082
v 0.121490791 0.278144449 0.041276295
v 0.121512122 0.278640002 0.041339405
v 0.122552305 0.292754233 0.043149702
v 0.122548639 0.293251067 0.043205567
v 0.118820406 0.278218180 0.042056825
v 0.118873230 0.278710067 0.042119116
v 0.118745483 0.292592555 0.043523148
v 0.118696465 0.293085366 0.043580092
v 0.114750675 0.280050695 0.042587072
v 0.114923074 0.291295558 0.043940958
v 0.113069981 0.281583816 0.043340065
v 0.112703792 0.283121943 0.043329839
v 0.112769059 0.287427664 0.043767039
v 0.113194092 0.289679021 0.044314731
v 0.128400057 0.280995458 0.038557392
v 0.129161856 0.283585101 0.038478319
v 0.129213131 0.288432747 0.038959097
v 0.128543883 0.290924400 0.039773457
v 0.125149912 0.278659344 0.037402030
v 0.125797979 0.279306948 0.037694249
v 0.125965356 0.292863250 0.039306529
v 0.125364750 0.293567449 0.039204024
v 0.121410019 0.278683305 0.037006807
v 0.121595926 0.279156327 0.037196424
v 0.121821805 0.293236613 0.038890112
v 0.121576376 0.293752939 0.038759079
v 0.118899270 0.278754950 0.037606850
v 0.118834577 0.279266417 0.037598319
v 0.119046911 0.293117523 0.039265793
v 0.119096368 0.293601125 0.039454430
v 0.114293716 0.281140327 0.038901862
v 0.113231800 0.284014672 0.039111856
v 0.113299682 0.288240343 0.039614033
v 0.114483438 0.291153491 0.040126789
v 0.112970940 0.282372087 0.038949277
v 0.112781092 0.284046948 0.039402708
v 0.112831093 0.288000137 0.039934266
v 0.113084874 0.289953619 0.039864775
v 0.127917922 0.281447560 0.035358734
v 0.128641001 0.284290165 0.034686349
v 0.128635056 0.288758367 0.034997303
v 0.128068312 0.291256696 0.036539759
v 0.124691545 0.279114604 0.033946399
v 0.125509314 0.279716372 0.034543425
v 0.123981088 0.286700189 0.033569120
v 0.125639602 0.293213040 0.036242664
v 0.124875120 0.293961197 0.035725776
v 0.122231073 0.278906196 0.035135876
v 0.122678458 0.279263467 0.035974044
v 0.121855988 0.286505133 0.035459924
v 0.122899480 0.293389738 0.037674077
v 0.122455783 0.293940365 0.037016995
v 0.117871925 0.279097050 0.035769638
v 0.117204926 0.279551059 0.036169436
v 0.118227027 0.286505580 0.035918184
v 0.117385230 0.293235272 0.037762702
v 0.118109628 0.293749750 0.037567768
v 0.115610293 0.279380500 0.033517070
v 0.115090131 0.280586720 0.036087085
v 0.114508695 0.283070266 0.035945248
v 0.115365572 0.288306713 0.035797916
v 0.115225896 0.292264134 0.037533455
v 0.115835547 0.294072658 0.035286017
v 0.112820170 0.284028590 0.037826117
v 0.112888149 0.288412482 0.038353041
v 0.127372935 0.282145113 0.030298762
v 0.128100238 0.284711212 0.030750141
v 0.128154992 0.289205670 0.031275891
v 0.127522818 0.291768759 0.031435382
v 0.124518044 0.279496729 0.031106682
v 0.125995173 0.280453563 0.030928826
v 0.124506272 0.286980063 0.031177819
v 0.126183584 0.293326527 0.032493398
v 0.124762311 0.294260204 0.032872193
v 0.119688428 0.294395447 0.032114457
v 0.119463182 0.279703289 0.030345509
v 0.114745169 0.279601097 0.031795025
v 0.114970423 0.294293255 0.033563972
v 0.127202570 0.282074928 0.028832134
v 0.128030650 0.284496635 0.029042890
v 0.128113783 0.289414108 0.029634172
v 0.127383515 0.292186290 0.030046871
v 0.124267138 0.279881001 0.028561849
v 0.125631712 0.280421883 0.028793434
v 0.126239150 0.287149549 0.029549377
v 0.124348722 0.287155151 0.029743642
v 0.125922746 0.293814301 0.030396642
v 0.124520972 0.294492811 0.030346863
v 0.122211716 0.280157655 0.026221612
v 0.122436970 0.294849843 0.027990559
v 0.115930937 0.280175686 0.026871674
v 0.116156183 0.294867873 0.028640622
v 0.114734075 0.279943854 0.028949512
v 0.114959321 0.294636041 0.030718461
v 0.120415061 0.280272812 0.025494015
v 0.120153233 0.294975936 0.027234076
v 0.118012010 0.280289263 0.025663430
v 0.117766365 0.294973224 0.027560417
v 0.127880021 0.284592271 0.027673896
v 0.127963282 0.285918742 0.027952593
v 0.127976782 0.288874745 0.028182203
v 0.127995349 0.289938003 0.028410016
v 0.125877693 0.280661732 0.027701143
v 0.126525580 0.281959206 0.027799107
v 0.127246737 0.283878624 0.027879985
v 0.126926675 0.285211772 0.028242020
v 0.126989669 0.289320529 0.028736718
v 0.127389564 0.290551066 0.028673835
v 0.126749008 0.292538285 0.029063603
v 0.126043438 0.293914407 0.029194111
v 0.124528534 0.280185670 0.027781503
v 0.124436706 0.281877339 0.027970057
v 0.124602600 0.292697936 0.029272866
v 0.124626867 0.294394732 0.029401546
v 0.127520978 0.284887493 0.026278771
v 0.127526968 0.286621809 0.026269419
v 0.127560689 0.289242536 0.026586492
v 0.127709098 0.290197581 0.027338956
v 0.125486321 0.280769587 0.026443815
v 0.125815957 0.282042772 0.025534336
v 0.127251498 0.283941567 0.025778914
v 0.127349041 0.291209847 0.026746463
v 0.125936701 0.293131322 0.026837438
v 0.125726736 0.294072032 0.028078912
v 0.124262399 0.280381411 0.026162466
v 0.124317928 0.282037199 0.025602579
v 0.124487660 0.293108135 0.026935523
v 0.124353669 0.294565618 0.027855450
v 0.122319444 0.280071378 0.026242251
v 0.122204750 0.281690091 0.026463168
v 0.122382819 0.293304801 0.027861588
v 0.122347012 0.294904321 0.027961170
v 0.126901417 0.287016749 0.023789944
v 0.126928120 0.288940787 0.024022261
v 0.124535523 0.281233191 0.022687096
v 0.125290915 0.282542139 0.023478987
v 0.125475242 0.284506083 0.022939604
v 0.126686826 0.285924733 0.023036174
v 0.126759692 0.289532542 0.023466414
v 0.125589005 0.291246772 0.023748733
v 0.125450782 0.293073624 0.024722731
v 0.124813839 0.294520736 0.024289217
v 0.123547151 0.280663759 0.023518125
v 0.124004274 0.282401443 0.023907188
v 0.124031580 0.284290403 0.023013365
v 0.124142780 0.291543454 0.023886638
v 0.124169312 0.293166280 0.025203280
v 0.123822957 0.294908613 0.025247674
v 0.120908826 0.280225277 0.024359036
v 0.120355918 0.282874107 0.024053331
v 0.120471551 0.283675671 0.024290102
v 0.120598330 0.291944921 0.025285723
v 0.120554879 0.292992473 0.025179038
v 0.121443912 0.295181602 0.026314897
v 0.118607260 0.280171275 0.024898598
v 0.118605397 0.282003760 0.025122464
v 0.119018114 0.283830553 0.024650473
v 0.119139574 0.291752934 0.025604330
v 0.118831641 0.293395638 0.026422467
v 0.118900820 0.295251578 0.026734246
v 0.117008946 0.280560136 0.024924850
v 0.116966061 0.282281220 0.024849430
v 0.117087080 0.293262839 0.026199631
v 0.117239110 0.294924915 0.026647191
v 0.114843137 0.280762106 0.026203141
v 0.115784853 0.282846451 0.025685729
v 0.115228645 0.284629554 0.025929846
v 0.115313745 0.290771067 0.026697587
v 0.115909643 0.292528242 0.026849559
v 0.115090139 0.294498980 0.027840562
v 0.113378152 0.281573772 0.025713021
v 0.113566554 0.293862462 0.027192585
v 0.126310922 0.287941724 0.021368396
v 0.126468419 0.288843781 0.022111913
v 0.124191477 0.281416297 0.021057645
v 0.125161476 0.282504350 0.020964552
v 0.126004122 0.284823745 0.020920236
v 0.126236013 0.286450028 0.021201059
v 0.126242592 0.289650202 0.021373451
v 0.126145377 0.291589618 0.021993514
v 0.125329233 0.293744117 0.022274317
v 0.124449290 0.294754446 0.022873942
v 0.123286805 0.280953109 0.021469962
v 0.122780591 0.282640696 0.022067811
v 0.122483208 0.285158992 0.021966349
v 0.122007854 0.285962462 0.021969594
v 0.122079692 0.290237039 0.022471499
v 0.122562646 0.290982097 0.022658784
v 0.122945658 0.293407410 0.023364132
v 0.123275756 0.295244366 0.023034174
v 0.120640531 0.280851901 0.021937551
v 0.120755925 0.282561243 0.023006655
v 0.121503859 0.284943193 0.022601143
v 0.121910475 0.286004901 0.022191752
v 0.121973842 0.290137768 0.022689352
v 0.121591888 0.291077107 0.023342520
v 0.121055327 0.293497413 0.024227144
v 0.120886206 0.295288235 0.023674130
v 0.119078434 0.280750155 0.022941187
v 0.119212813 0.282623589 0.023842972
v 0.118834517 0.283880591 0.024097355
v 0.118956565 0.291841149 0.025055809
v 0.119508400 0.293003559 0.025040770
v 0.119306295 0.295153707 0.024637116
v 0.116479538 0.280851960 0.023608105
v 0.117555029 0.282247603 0.024256365
v 0.117726437 0.293427646 0.025602449
v 0.116708449 0.294970483 0.025305446
v 0.114829055 0.281057000 0.024349306
v 0.113841846 0.281551868 0.023725981
v 0.113944791 0.294286788 0.025353501
v 0.114940062 0.294645727 0.025639646
v 0.112708128 0.282281399 0.024722813
v 0.112859725 0.293406546 0.026108440
v 0.123726166 0.281647801 0.018855270
v 0.124510049 0.283038020 0.019057134
v 0.124219566 0.285552055 0.019029474
v 0.124906711 0.286627710 0.018946070
v 0.125021658 0.290354937 0.019373536
v 0.124312616 0.291253716 0.019715842
v 0.124643295 0.293733358 0.020352080
v 0.123942270 0.295100510 0.020584110
v 0.122053250 0.281390607 0.019066388
v 0.123560294 0.283762664 0.019868439
v 0.123359255 0.285196006 0.019535514
v 0.123462170 0.291668475 0.020489499
v 0.123699098 0.292816401 0.020958513
v 0.122489899 0.295414925 0.020864431
v 0.120700232 0.281157762 0.019942369
v 0.120865963 0.295438260 0.021726232
v 0.118196330 0.281110674 0.020257059
v 0.118459015 0.295473516 0.021908220
v 0.116364776 0.281201661 0.021252898
v 0.116598404 0.295194328 0.022934221
v 0.114836521 0.281369328 0.022233266
v 0.115083739 0.294858336 0.023820816
v 0.123320884 0.281805128 0.017299144
v 0.124280147 0.282895267 0.017209524
v 0.124080478 0.285922498 0.018361570
v 0.124232493 0.286688775 0.018304422
v 0.124284721 0.290450960 0.018758668
v 0.124102994 0.291026831 0.019028645
v 0.124411329 0.294338405 0.018597653
v 0.123595192 0.295293510 0.018907329
v 0.122024983 0.281650603 0.017660165
v 0.122035622 0.282117754 0.016813764
v 0.123382516 0.286161900 0.018741410
v 0.123314954 0.286406815 0.018776519
v 0.123377948 0.290515572 0.019271217
v 0.123453005 0.290759653 0.019294983
v 0.122275791 0.295172542 0.018517299
v 0.122253581 0.295453668 0.019395249
v 0.120006754 0.281461477 0.017636634
v 0.120222814 0.295687228 0.019444529
v 0.117812797 0.281444430 0.018057626
v 0.118005052 0.295662999 0.019837072
v 0.115435011 0.281699598 0.018945554
v 0.115653537 0.295280695 0.020635607
v 0.122747219 0.282143295 0.015031198
v 0.123633473 0.283249974 0.014698217
v 0.124481610 0.285369098 0.014942820
v 0.124912991 0.288080752 0.015709594
v 0.124917015 0.290244371 0.015976764
v 0.124605566 0.292499721 0.015886266
v 0.123826101 0.294541508 0.016097533
v 0.123015276 0.295502663 0.016403455
v 0.121576048 0.281900078 0.015262974
v 0.121475495 0.282393098 0.015151578
v 0.121497243 0.295379102 0.016183207
v 0.121903426 0.295769662 0.016944664
v 0.119422338 0.281753689 0.015880847
v 0.119657941 0.295852810 0.017246036
v 0.117381989 0.281768382 0.015923135
v 0.117599546 0.295874596 0.017666763
v 0.115385919 0.282016069 0.016428208
v 0.115695185 0.295555621 0.018329894
v 0.122190892 0.282503396 0.012987731
v 0.123166620 0.283568382 0.012898997
v 0.124028868 0.285944849 0.013000195
v 0.124287761 0.288428336 0.013250933
v 0.124292269 0.290471852 0.013502752
v 0.124069779 0.292742580 0.013832615
v 0.123292296 0.294738352 0.014254143
v 0.121070109 0.282140255 0.013117888
v 0.120601855 0.282689005 0.013020442
v 0.120700687 0.295598894 0.014271681
v 0.121491111 0.295993209 0.014991683
v 0.118671700 0.282085508 0.013894076
v 0.118884540 0.296010256 0.015570187
v 0.116787038 0.282013506 0.014441632
v 0.116982698 0.296032220 0.015883502
v 0.115279473 0.282274038 0.014282010
v 0.115516953 0.295764327 0.016593145
v 0.122379489 0.283865899 0.010457727
v 0.123414017 0.285732925 0.010992083
v 0.123586252 0.288311571 0.010746157
v 0.123624585 0.290681422 0.011031058
v 0.123523250 0.292873472 0.011763647
v 0.122610598 0.294937015 0.011777028
v 0.120456673 0.282531172 0.010765861
v 0.120314754 0.283029854 0.011090356
v 0.120783321 0.295731634 0.012701757
v 0.120725557 0.296242982 0.012603434
v 0.118475220 0.282522500 0.011700229
v 0.118682712 0.296111852 0.013336089
v 0.116087741 0.282479614 0.012019717
v 0.116261169 0.296150893 0.013586416
v 0.115335926 0.282434881 0.013016718
v 0.115541256 0.295975536 0.014693959
v 0.121917739 0.284360737 0.008577921
v 0.122656084 0.286075234 0.008507104
v 0.122905112 0.288299769 0.008591813
v 0.122915603 0.290980935 0.008790726
v 0.122771493 0.293145597 0.009296025
v 0.122063316 0.295029998 0.009914625
v 0.119666792 0.282929182 0.008783547
v 0.119843192 0.283407599 0.008865353
v 0.120270974 0.295831382 0.010413806
v 0.120029136 0.296325535 0.010688886
v 0.117541566 0.282991111 0.009446226
v 0.117933921 0.283265412 0.008812921
v 0.118146255 0.296088308 0.010338609
v 0.117756925 0.296217591 0.011021528
v 0.116281382 0.282824993 0.010201073
v 0.116536088 0.296245724 0.011750022
v 0.121199510 0.284722090 0.006866623
v 0.121939308 0.286623716 0.006641469
v 0.122264191 0.288681030 0.006914042
v 0.122285060 0.291021168 0.007146810
v 0.122041359 0.293227464 0.007438063
v 0.121357321 0.295045376 0.008119233
v 0.119072347 0.283158839 0.007752798
v 0.119460344 0.283814728 0.007037703
v 0.119622103 0.295918137 0.008398547
v 0.119267076 0.296386302 0.009320520
v 0.118112146 0.283642113 0.007974220
v 0.118307314 0.295921355 0.009449303
v 0.120519570 0.285548359 0.005432732
v 0.120832457 0.287090778 0.005028660
v 0.121125206 0.289036512 0.005001313
v 0.121150716 0.291123778 0.005227777
v 0.120926722 0.293195486 0.005765336
v 0.120658837 0.294606477 0.006525981
v 0.118824459 0.284966618 0.005271686
v 0.119104362 0.286438823 0.004389046
v 0.119313083 0.294000357 0.005300482
v 0.118872813 0.295220733 0.006423621
v 0.120004936 0.289345294 0.003964356
v 0.120023198 0.291046232 0.004146242
v 0.118202060 0.287220091 0.003906062
v 0.118746988 0.289071649 0.003635788
v 0.118786476 0.291412354 0.003889778
v 0.118293113 0.293394268 0.004637602
v 0.117655403 0.287737519 0.003718582
v 0.117562018 0.289304584 0.003545240
v 0.117594472 0.291482329 0.003804558
v 0.117721393 0.292870969 0.004297456
v 0.116116247 0.282867283 0.010132255
v 0.116816922 0.283065706 0.009103868
v 0.114944711 0.282616168 0.012511280
v 0.115493856 0.282591909 0.011881697
v 0.114994622 0.282291859 0.014738773
v 0.115064509 0.282036453 0.016963582
v 0.114861912 0.281882674 0.018679148
v 0.114702530 0.281436741 0.022051837
v 0.113533861 0.285326600 0.007130527
v 0.115167714 0.285268396 0.006361696
v 0.117133974 0.285193771 0.005956729
v 0.118353567 0.285294145 0.005829980
v 0.111800864 0.285012186 0.009516456
v 0.113214991 0.284634858 0.008379187
v 0.115527637 0.283909917 0.007906895
v 0.117560766 0.283884108 0.007539859
v 0.118644334 0.284359097 0.006951800
v 0.111667349 0.284483582 0.011298378
v 0.113675452 0.283509642 0.010459815
v 0.115624852 0.283151865 0.009472771
v 0.117133714 0.283217579 0.008689674
v 0.110874473 0.284849107 0.013549017
v 0.111754827 0.284096390 0.013053754
v 0.113799363 0.283007145 0.012419968
v 0.111195444 0.284356624 0.015885023
v 0.112335800 0.283391863 0.015501574
v 0.113952420 0.282584161 0.014993697
v 0.111284479 0.284217477 0.017969176
v 0.113085470 0.282770932 0.017546283
v 0.111897058 0.283431888 0.020097435
v 0.113153777 0.282483399 0.019634273
v 0.112206846 0.283016980 0.022158878
v 0.113491639 0.282009214 0.021784645
v 0.112461782 0.282626033 0.024072353
v 0.113705612 0.281706780 0.023180485
v 0.114752180 0.287723362 0.004972168
v 0.116779967 0.287766278 0.004497215
v 0.117850430 0.288050532 0.004343132
v 0.111352212 0.287170321 0.007631425
v 0.112720861 0.286769271 0.006601741
v 0.114746175 0.286626905 0.005517291
v 0.117009438 0.286506772 0.005032052
v 0.118033759 0.286803901 0.004817248
v 0.109854534 0.287337661 0.010415149
v 0.110881015 0.286408812 0.009099794
v 0.112006753 0.285671085 0.008163073
v 0.110023140 0.286431283 0.011662046
v 0.110679305 0.285552114 0.011022085
v 0.110147163 0.286038876 0.013349399
v 0.110426366 0.285676032 0.015965104
v 0.110666468 0.285431057 0.018193495
v 0.110974617 0.285043806 0.020321552
v 0.111228138 0.284752905 0.022338515
v 0.111212603 0.285449386 0.024560647
v 0.111517958 0.284276277 0.024311323
v 0.112959839 0.289318591 0.005569434
v 0.114643417 0.289008319 0.004789297
v 0.116807520 0.289113551 0.004284543
v 0.117784783 0.289164484 0.004222177
v 0.110962658 0.289233774 0.007477531
v 0.112099997 0.289074630 0.006266505
v 0.109634362 0.288881481 0.010230180
v 0.110148615 0.288772345 0.008859654
v 0.109370104 0.288740098 0.012354196
v 0.109535306 0.288161010 0.013785263
v 0.109929956 0.287631452 0.016531833
v 0.110436752 0.287313432 0.020264186
v 0.110833071 0.287368506 0.023293590
v 0.111036203 0.286825687 0.024507407
v 0.113021515 0.291265517 0.005797860
v 0.114727943 0.291479439 0.005052167
v 0.116838559 0.291424066 0.004551952
v 0.117824442 0.291482836 0.004514005
v 0.111039787 0.291107655 0.007685521
v 0.112169004 0.291479826 0.006570456
v 0.109685048 0.290828675 0.010500303
v 0.110217295 0.291242182 0.009175125
v 0.109424091 0.290523052 0.012636636
v 0.109608217 0.290790498 0.014082245
v 0.109987102 0.290486068 0.016848473
v 0.110507465 0.289955616 0.020667760
v 0.110829152 0.289307714 0.023186097
v 0.111083097 0.289311737 0.024800591
v 0.114952526 0.292757273 0.005526907
v 0.116856939 0.292781413 0.005101450
v 0.117943674 0.292677134 0.004968976
v 0.111438229 0.292780668 0.008306932
v 0.112822107 0.293373048 0.007396861
v 0.114640675 0.293651938 0.006405897
v 0.117122359 0.293870181 0.005919345
v 0.118169575 0.293712705 0.005741257
v 0.109926059 0.292002827 0.010976851
v 0.110984921 0.293185830 0.009915777
v 0.112135834 0.294090420 0.009176799
v 0.110117442 0.292581886 0.012402607
v 0.110802195 0.293567568 0.011987180
v 0.110247120 0.292558700 0.014134414
v 0.110527641 0.292281866 0.016760474
v 0.110766932 0.291983634 0.018982453
v 0.111078902 0.291845322 0.021140482
v 0.111333757 0.291641474 0.023167927
v 0.111289098 0.290438324 0.025161335
v 0.111630663 0.291627318 0.025196418
v 0.113676398 0.294623792 0.008249949
v 0.115289002 0.294845700 0.007572128
v 0.117283001 0.294921756 0.007128715
v 0.118475220 0.294782162 0.006919189
v 0.111945032 0.294415236 0.010648620
v 0.113374039 0.295008749 0.009628249
v 0.115628897 0.295739949 0.009347203
v 0.117727130 0.295829386 0.009047384
v 0.118847057 0.295410484 0.008219687
v 0.111821062 0.294509649 0.012505561
v 0.113860711 0.295593619 0.011914779
v 0.115771621 0.296106398 0.011058171
v 0.117322519 0.296193808 0.010263238
v 0.111009321 0.293644607 0.014608033
v 0.111913814 0.294466376 0.014302342
v 0.113992623 0.295612603 0.013937718
v 0.111336529 0.293558717 0.016992996
v 0.112506896 0.294551998 0.016845299
v 0.114149026 0.295407921 0.016537730
v 0.111422143 0.293196529 0.019050291
v 0.113267548 0.294647008 0.018976213
v 0.112050436 0.293435723 0.021301938
v 0.113336920 0.294428647 0.021072531
v 0.112365119 0.293340027 0.023401817
v 0.113681122 0.294368505 0.023272758
v 0.112660750 0.293289036 0.025353819
v 0.113914079 0.294335127 0.024686214
v 0.116229064 0.296212286 0.011836669
v 0.116990312 0.296252996 0.010728424
v 0.115148916 0.295935988 0.014115043
v 0.115693203 0.296087176 0.013558424
v 0.115194625 0.295704395 0.016488586
v 0.115241899 0.295422554 0.018655211
v 0.115138448 0.295198649 0.020351652
v 0.114838078 0.294796914 0.023729410
v 0.094303198 0.259367883 0.166447625
v 0.094659432 0.260031104 0.164639145
v 0.095197401 0.260512710 0.160578698
v 0.095454715 0.260840178 0.157826021
v 0.095705337 0.261322170 0.153790727
v 0.095837756 0.261712819 0.150529400
v 0.095989316 0.262283921 0.145766512
v 0.096097774 0.262665510 0.142583311
v 0.096270337 0.263176262 0.138137221
v 0.096390090 0.263530195 0.135364249
v 0.096526808 0.263883293 0.132413924
v 0.096780337 0.264374137 0.128304839
v 0.097152232 0.264622271 0.123847872
v 0.093989372 0.257594794 0.166854411
v 0.094412505 0.257538259 0.163699210
v 0.094781733 0.257197827 0.159875736
v 0.095001391 0.257076502 0.157011658
v 0.095248930 0.257192880 0.153217793
v 0.095469519 0.257775187 0.149477288
v 0.095693133 0.258952022 0.145813897
v 0.095896132 0.259910703 0.141815394
v 0.096180029 0.259997636 0.130799875
v 0.096486024 0.261337966 0.127214372
v 0.096874214 0.262629598 0.124084912
v 0.093609191 0.253041625 0.166540012
v 0.094049788 0.253780872 0.163230062
v 0.094509653 0.254695594 0.159561723
v 0.094756819 0.254593432 0.156701356
v 0.095047958 0.254723042 0.152911082
v 0.095303296 0.255285800 0.149169713
v 0.095534913 0.256392449 0.145498082
v 0.095638625 0.255928695 0.141957730
v 0.095756836 0.256287485 0.136945605
v 0.095923147 0.257876545 0.133361474
v 0.095883957 0.256212950 0.129387453
v 0.096080988 0.257018149 0.126672074
v 0.096432141 0.258491606 0.123781689
v 0.093916788 0.249290422 0.166111410
v 0.094042248 0.250207603 0.162804469
v 0.094397440 0.250528395 0.159059212
v 0.094617433 0.251021624 0.156458721
v 0.094963311 0.251138121 0.152478337
v 0.095230907 0.251583993 0.148723140
v 0.095427960 0.252429426 0.145018220
v 0.095529571 0.252129108 0.141181231
v 0.095612682 0.252796561 0.136521533
v 0.095688052 0.253999114 0.132885560
v 0.095760680 0.254420161 0.130423307
v 0.095976270 0.254153401 0.126008943
v 0.096219613 0.254442215 0.123283751
v 0.095150530 0.245965779 0.165282518
v 0.095058806 0.246223122 0.162013024
v 0.094996072 0.246760413 0.158647418
v 0.095201365 0.247188076 0.154891133
v 0.095250859 0.247979090 0.151927784
v 0.095522627 0.248018309 0.148315549
v 0.095657244 0.248502567 0.144564256
v 0.095665208 0.249501154 0.140687034
v 0.095748975 0.249383375 0.136124671
v 0.095801398 0.249752417 0.132387921
v 0.095850966 0.250748307 0.129111364
v 0.096055120 0.250866443 0.125934333
v 0.096342481 0.251170129 0.122846730
v 0.096232645 0.244212896 0.161276832
v 0.096113011 0.244429961 0.158439443
v 0.096383862 0.244280100 0.154618129
v 0.096395574 0.244729593 0.150846094
v 0.096444465 0.245062903 0.147542775
v 0.096540570 0.245275185 0.143758595
v 0.096730358 0.245190173 0.139480904
v 0.096526235 0.246067002 0.135779336
v 0.096643350 0.246195480 0.132017791
v 0.096727721 0.246742815 0.128311753
v 0.096830956 0.247560740 0.124959916
v 0.097256928 0.247538894 0.122391053
v 0.097583994 0.243689418 0.139355674
v 0.097822084 0.243734226 0.135582849
v 0.097887769 0.244106457 0.131847039
v 0.098020791 0.244575799 0.128134638
v 0.098261520 0.245146364 0.124447554
v 0.098525911 0.245465368 0.122223452
v 0.100658252 0.263325125 0.127771914
v 0.101282849 0.263625324 0.125198960
v 0.100627794 0.261339694 0.127532870
v 0.101252391 0.261639893 0.124959923
v 0.098074614 0.242948487 0.165004805
v 0.098053984 0.242570117 0.161331654
v 0.097939148 0.242471829 0.158321157
v 0.097744457 0.242611215 0.154504851
v 0.097590870 0.242918029 0.150705159
v 0.097789332 0.242934316 0.146895573
v 0.100412629 0.247473642 0.125594407
v 0.101070210 0.247677192 0.123250738
v 0.099799893 0.241141796 0.158280209
v 0.099533751 0.241175845 0.154446751
v 0.099318511 0.241389707 0.150631890
v 0.099552333 0.241371915 0.146820217
v 0.099285907 0.241855413 0.143046811
v 0.099243134 0.242159665 0.139277250
v 0.099882073 0.242010459 0.136047870
v 0.100045829 0.242393345 0.132318303
v 0.100252270 0.242877930 0.128611580
v 0.100526794 0.243463397 0.124928124
v 0.100852757 0.243947893 0.122183166
v 0.104403100 0.263902485 0.128077075
v 0.105082392 0.264175922 0.125501588
v 0.105025209 0.260967165 0.127765760
v 0.105452947 0.261258870 0.125497654
v 0.104836605 0.248918489 0.125998527
v 0.105199158 0.249133572 0.124165930
v 0.101936437 0.241107211 0.165639967
v 0.100698165 0.241047934 0.162131786
v 0.104159667 0.246682048 0.125715613
v 0.104829244 0.247142300 0.123309307
v 0.102450892 0.240367308 0.162161395
v 0.102067477 0.240094572 0.158298761
v 0.102324314 0.239745080 0.154452533
v 0.102609120 0.239550397 0.150620252
v 0.102265402 0.239768580 0.146799922
v 0.102522887 0.239888102 0.143015638
v 0.102146051 0.240402997 0.139249831
v 0.102377042 0.240772247 0.135515049
v 0.102620191 0.241251200 0.131803274
v 0.103517182 0.241633579 0.128129333
v 0.104577675 0.243247703 0.124894120
v 0.104829013 0.244007453 0.122733526
v 0.104150816 0.239008486 0.146828085
v 0.104419775 0.239148855 0.143046856
v 0.104022405 0.239674225 0.139280841
v 0.104261100 0.240099147 0.135553136
v 0.104506119 0.240638435 0.131848738
v 0.105397760 0.241102636 0.128184423
v 0.107541769 0.264696300 0.124569923
v 0.108340918 0.264679193 0.123076260
v 0.109433874 0.264850706 0.113982357
v 0.109796829 0.265692830 0.111125089
v 0.110764451 0.266014576 0.108329371
v 0.107590004 0.261421233 0.124272928
v 0.108365744 0.261533320 0.122437701
v 0.109427779 0.264453620 0.113934547
v 0.109571017 0.263780743 0.110824525
v 0.110642455 0.263070732 0.108113922
v 0.107495136 0.249232471 0.123051822
v 0.108283929 0.249487892 0.120829910
v 0.109018772 0.250868857 0.109266281
v 0.110305547 0.251127511 0.106953941
v 0.103801905 0.240511999 0.165686548
v 0.107125773 0.247927025 0.122400768
v 0.108091577 0.248510957 0.120702118
v 0.108855835 0.249288499 0.109026350
v 0.110512390 0.249585152 0.106351309
v 0.105602249 0.239988819 0.165126532
v 0.106027752 0.239345968 0.161790520
v 0.105942316 0.238925919 0.158404380
v 0.106581009 0.238486364 0.155049369
v 0.107312850 0.244602501 0.122157767
v 0.108306586 0.243129000 0.119302370
v 0.109739325 0.242991045 0.116903722
v 0.109742298 0.246803075 0.109058186
v 0.105895861 0.238446459 0.150696054
v 0.106204032 0.238407433 0.146885842
v 0.106464847 0.238567144 0.143106252
v 0.106685012 0.238906190 0.139356747
v 0.106883622 0.239394471 0.135634005
v 0.107741549 0.239886492 0.131962582
v 0.107933498 0.240595698 0.128283694
v 0.108164422 0.241368845 0.124622472
v 0.109649747 0.241995171 0.121030092
v 0.112960256 0.266079187 0.107931167
v 0.112942419 0.264189333 0.107425019
v 0.112565554 0.251260698 0.105559587
v 0.110938936 0.247123450 0.115206040
v 0.112635090 0.247492731 0.111922652
v 0.113871387 0.247660741 0.110090002
v 0.112893320 0.249707550 0.105031230
v 0.109164319 0.239516869 0.165905952
v 0.109891921 0.238644063 0.161475718
v 0.110208794 0.238201812 0.158587530
v 0.110427886 0.237962484 0.156663716
v 0.112345993 0.242649138 0.117525652
v 0.110631778 0.243316367 0.115259483
v 0.112488426 0.243967161 0.112187050
v 0.113699018 0.244500071 0.109874442
v 0.112494647 0.247124031 0.106041737
v 0.109898768 0.237864673 0.154706821
v 0.109872050 0.237708226 0.151337489
v 0.109791666 0.237699151 0.147983491
v 0.110044784 0.237834737 0.144197479
v 0.110598638 0.238186330 0.139992326
v 0.110693827 0.238722891 0.136267409
v 0.111109636 0.239434853 0.132120550
v 0.111184976 0.240198880 0.128441155
v 0.111951470 0.240961894 0.124813214
v 0.112119808 0.241794750 0.121163130
v 0.116823851 0.266066104 0.107621275
v 0.116785295 0.264237076 0.107079655
v 0.116313382 0.251253366 0.105143003
v 0.114642426 0.247407272 0.109255150
v 0.116614907 0.249557450 0.104883343
v 0.112222507 0.239232853 0.166064933
v 0.112770467 0.238391712 0.161627069
v 0.113158166 0.237950236 0.158743456
v 0.114862389 0.242592841 0.117680132
v 0.115077242 0.243455440 0.114049628
v 0.116063855 0.245675102 0.108256631
v 0.116574257 0.247105479 0.105675951
v 0.113545633 0.237618476 0.155863389
v 0.114021457 0.237339318 0.152033776
v 0.114399723 0.237276271 0.148223713
v 0.114631071 0.237448454 0.144440487
v 0.114720560 0.237839252 0.140685618
v 0.114216968 0.238470122 0.136616826
v 0.113925926 0.239298418 0.132281408
v 0.114599563 0.240083173 0.128642425
v 0.114613577 0.240908876 0.124975212
v 0.114704362 0.241744831 0.121321559
v 0.120260946 0.265407383 0.110489063
v 0.119442149 0.265811294 0.108912036
v 0.120333358 0.264700532 0.110494100
v 0.119490332 0.264927298 0.108717903
v 0.119593992 0.248419270 0.106510833
v 0.116078682 0.238936588 0.165508732
v 0.115639611 0.238276780 0.161793843
v 0.116095274 0.237850651 0.158916354
v 0.120409846 0.242048770 0.121719286
v 0.118992432 0.242765099 0.117963709
v 0.119091361 0.243594766 0.114323094
v 0.119296647 0.245385841 0.107481636
v 0.118905208 0.246911824 0.106987372
v 0.116540945 0.237538666 0.156042412
v 0.117077924 0.237289593 0.152220458
v 0.117493502 0.237258419 0.148416698
v 0.117734230 0.237461343 0.144637734
v 0.117806464 0.237879783 0.140884951
v 0.117761753 0.238468885 0.137155831
v 0.117623470 0.239372686 0.132523000
v 0.117511205 0.240178093 0.128837243
v 0.117455527 0.241005197 0.125166312
v 0.117475643 0.241834417 0.121508226
v 0.124535247 0.264967442 0.115564302
v 0.124466530 0.264050275 0.115368254
v 0.125180937 0.263354897 0.109478831
v 0.124947391 0.250770271 0.108055338
v 0.124990813 0.249644041 0.107782237
v 0.119434073 0.239074945 0.166118756
v 0.119790367 0.238375708 0.162066370
v 0.120333671 0.238004059 0.159200802
v 0.120000667 0.237746716 0.157240406
v 0.123454332 0.241584763 0.125613794
v 0.123362384 0.242371395 0.121943340
v 0.123301856 0.243158966 0.118281700
v 0.123265705 0.243950695 0.114627711
v 0.123336635 0.245482191 0.107780598
v 0.120331749 0.237603843 0.155332685
v 0.120779052 0.237491786 0.152477562
v 0.121255352 0.237519607 0.148685068
v 0.121276043 0.237706035 0.145208195
v 0.120885856 0.238116249 0.141107544
v 0.120845362 0.238716990 0.137380019
v 0.120691776 0.239622757 0.132746354
v 0.122066885 0.240608945 0.129176095
v 0.120449274 0.241236240 0.125382841
v 0.127477735 0.263624728 0.129186705
v 0.127305917 0.263530672 0.126852319
v 0.126427300 0.264864206 0.122163139
v 0.125785119 0.265151471 0.119012028
v 0.125137328 0.264923215 0.116701856
v 0.127259991 0.261134535 0.128771335
v 0.127292208 0.262637228 0.126744747
v 0.127154037 0.261144936 0.123506501
v 0.126199282 0.262636781 0.118207052
v 0.126008786 0.262457818 0.116824403
v 0.126192957 0.263144195 0.110699132
v 0.125697918 0.263462394 0.109803140
v 0.127319864 0.248444125 0.127073497
v 0.126658715 0.248754427 0.124580450
v 0.127737238 0.249017209 0.122260384
v 0.125989191 0.249738216 0.116494551
v 0.125716201 0.249884754 0.115312241
v 0.125872693 0.250626355 0.109132744
v 0.125333681 0.250737488 0.108278245
v 0.127311490 0.247898132 0.127007753
v 0.127246782 0.246705532 0.124371387
v 0.127666890 0.248444080 0.122427866
v 0.126108184 0.248601601 0.116298161
v 0.125848181 0.248741150 0.115172155
v 0.126060098 0.249470368 0.109088399
v 0.125527389 0.249593750 0.108131602
v 0.123049564 0.239407033 0.166113347
v 0.123687282 0.238834530 0.162366077
v 0.123671993 0.238407627 0.159458637
v 0.123583175 0.238112330 0.156553388
v 0.125105373 0.238195240 0.153152645
v 0.126570351 0.240557387 0.133229896
v 0.126412413 0.241283387 0.129531145
v 0.127309538 0.244410217 0.126694217
v 0.126623868 0.244367898 0.123708539
v 0.127705380 0.245017260 0.121601857
v 0.126924149 0.244527429 0.114920475
v 0.126870706 0.246018723 0.108365260
v 0.123416639 0.237832502 0.152365267
v 0.124118208 0.237955198 0.148917541
v 0.124449737 0.238233596 0.145153880
v 0.124358750 0.238682896 0.141077936
v 0.125283077 0.239461645 0.137560129
v 0.124459780 0.240149185 0.133047447
v 0.128653533 0.263228178 0.129192919
v 0.129857800 0.263848633 0.125480831
v 0.130720324 0.265331447 0.111750729
v 0.128639824 0.262334734 0.129085362
v 0.130571119 0.261837721 0.125935689
v 0.128628425 0.261297405 0.122403607
v 0.130458079 0.262280822 0.114951670
v 0.130614287 0.264161378 0.113068663
v 0.128180570 0.249152675 0.121078730
v 0.130241684 0.250126779 0.113983884
v 0.127306990 0.240634367 0.166674376
v 0.128263868 0.245498553 0.126734689
v 0.129236630 0.246368766 0.123478301
v 0.128589175 0.247794211 0.121184886
v 0.131123013 0.247890383 0.113772862
v 0.130627535 0.247225851 0.111257151
v 0.126004382 0.239900723 0.165484980
v 0.127203479 0.239795104 0.162702918
v 0.127280384 0.239405259 0.159805477
v 0.127332627 0.239082932 0.156905472
v 0.128058299 0.239092201 0.153126970
v 0.128043703 0.239019021 0.149292052
v 0.128411412 0.239320412 0.145533875
v 0.128598399 0.239865407 0.140853927
v 0.129136673 0.240615860 0.137183905
v 0.128995939 0.241215616 0.133462250
v 0.129289142 0.242034003 0.129802659
v 0.129571579 0.242842734 0.126148567
v 0.129713855 0.243681103 0.122495562
v 0.128009773 0.244869247 0.120896935
v 0.130619577 0.244957820 0.118947692
v 0.129994533 0.245513976 0.115224287
v 0.129400543 0.246416196 0.110526264
v 0.126152105 0.238416970 0.149100885
v 0.126510970 0.238712430 0.145341262
v 0.126696877 0.239287749 0.140664563
v 0.135353751 0.265144736 0.116988920
v 0.134198956 0.265226394 0.112012252
v 0.131941787 0.261426061 0.129518420
v 0.135128356 0.260012418 0.124797754
v 0.135038934 0.261406988 0.121957928
v 0.134009234 0.262341022 0.115542740
v 0.134077124 0.264121830 0.113181695
v 0.134783677 0.257832259 0.125453860
v 0.134184650 0.258268237 0.121718042
v 0.133228562 0.258613765 0.115970798
v 0.134788416 0.254032433 0.127816170
v 0.134376190 0.254947454 0.125081539
v 0.133775986 0.255435973 0.121349886
v 0.132825933 0.255594939 0.115407974
v 0.131972379 0.243921176 0.167362377
v 0.134517647 0.249880865 0.127929389
v 0.134006999 0.250557899 0.124529406
v 0.133498735 0.249897406 0.121598557
v 0.133234001 0.250244826 0.119745977
v 0.132546834 0.251451492 0.114890896
v 0.130240969 0.242267385 0.166909680
v 0.130834974 0.241908610 0.163293317
v 0.131720490 0.241960183 0.160394654
v 0.131923712 0.241612449 0.157500073
v 0.132878266 0.242072463 0.154746041
v 0.133974946 0.244327322 0.134148195
v 0.134014613 0.245658040 0.130533665
v 0.133314587 0.246355489 0.127222434
v 0.132837645 0.246772155 0.124091394
v 0.132414586 0.246882439 0.119289570
v 0.132268749 0.249048263 0.114693783
v 0.129959307 0.240612507 0.160120115
v 0.130076058 0.240310594 0.157226160
v 0.131274752 0.240725681 0.153525740
v 0.131316236 0.240632355 0.149691284
v 0.131642095 0.240907967 0.145927235
v 0.132150344 0.241635278 0.141289502
v 0.132454626 0.242264375 0.137590423
v 0.132183812 0.242674619 0.133838132
v 0.132205836 0.243357778 0.130145013
v 0.131833322 0.243890211 0.126415923
v 0.131914876 0.244837329 0.122771092
v 0.137850396 0.262746960 0.136586338
v 0.137575499 0.262816250 0.134314418
v 0.137151099 0.263162106 0.130398557
v 0.136739365 0.264065683 0.125774667
v 0.136256135 0.264485449 0.122349739
v 0.135808907 0.264828444 0.119558066
v 0.137581758 0.259204537 0.139929637
v 0.137167014 0.260174394 0.136236623
v 0.136633433 0.260549456 0.132475197
v 0.136236987 0.260861963 0.129476175
v 0.135865859 0.261501074 0.126146749
v 0.135792888 0.262797296 0.123293392
v 0.135716609 0.251009583 0.168193460
v 0.136108286 0.251185298 0.165588319
v 0.137568406 0.255179137 0.143243045
v 0.136955655 0.254743606 0.139358684
v 0.136611886 0.257311553 0.135859653
v 0.135980672 0.257732898 0.132097542
v 0.135443202 0.257668436 0.129232973
v 0.134835727 0.248797119 0.168126747
v 0.135260633 0.248759553 0.165243655
v 0.135885439 0.249030262 0.161511481
v 0.136445589 0.249330044 0.157759458
v 0.136759511 0.249542698 0.154931083
v 0.137008122 0.249729395 0.151138425
v 0.137000880 0.249734253 0.147317529
v 0.137251786 0.252310097 0.143832147
v 0.136735923 0.251953691 0.139960840
v 0.136145837 0.252506554 0.135888651
v 0.135495163 0.254043996 0.131626949
v 0.135133318 0.253998548 0.129715309
v 0.133044726 0.245333731 0.167497605
v 0.133730284 0.245270565 0.163967282
v 0.134418718 0.245548189 0.160999358
v 0.135134138 0.246146187 0.158058956
v 0.135856963 0.246791437 0.154352516
v 0.136243335 0.247195244 0.150787175
v 0.136242382 0.247021943 0.147136927
v 0.136432193 0.248358354 0.143119916
v 0.136055223 0.248471558 0.139029980
v 0.135623179 0.248756602 0.135409728
v 0.135154820 0.249792233 0.131727487
v 0.134891904 0.251316935 0.129379734
v 0.132828466 0.243555978 0.162563324
v 0.133221573 0.243569255 0.160684496
v 0.133654974 0.243498817 0.157646224
v 0.134199417 0.243608311 0.153920293
v 0.134482420 0.243613988 0.150247723
v 0.134681843 0.243790135 0.146462560
v 0.135278798 0.245079741 0.142530248
v 0.134781054 0.244895741 0.138050392
v 0.134875811 0.246188521 0.134426698
v 0.134880028 0.247063443 0.132642642
v 0.137532926 0.258380413 0.169050992
v 0.137816198 0.258975953 0.167090833
v 0.138284377 0.259565711 0.162953660
v 0.138637937 0.259999454 0.159306094
v 0.138884700 0.260443896 0.155583233
v 0.138972617 0.260760635 0.152941331
v 0.138877726 0.261275232 0.148587257
v 0.138583563 0.261309147 0.145163581
v 0.138256557 0.262083232 0.141153395
v 0.137162543 0.256868273 0.169695199
v 0.137370712 0.256301135 0.166279837
v 0.137870676 0.256999403 0.162591547
v 0.138301484 0.257684052 0.158877045
v 0.138527192 0.258110553 0.156067923
v 0.138651750 0.258483082 0.152288184
v 0.138103298 0.258284539 0.144597545
v 0.136340372 0.253206640 0.168748692
v 0.136758841 0.253042758 0.164586037
v 0.137010536 0.252958804 0.162053987
v 0.137377850 0.253345072 0.159256577
v 0.137751690 0.253789276 0.155502275
v 0.138007469 0.254538864 0.152095333
v 0.138073183 0.255539209 0.148077577
v 0.137814052 0.255362064 0.145181686
v 0.136829964 0.250674546 0.157945096
v 0.137667544 0.252600461 0.150566131
v 0.137578181 0.252552629 0.147690088
v 0.122625760 0.250276625 0.119239338
v 0.122782341 0.260480046 0.120467812
v 0.121284492 0.250207812 0.119775005
v 0.121441826 0.260460287 0.121009380
v 0.117137960 0.250296861 0.121209510
v 0.116608194 0.252055168 0.121160723
v 0.116684608 0.258468717 0.121935509
v 0.117288738 0.260162592 0.122394532
v 0.113852120 0.250149578 0.120466046
v 0.114012151 0.260577679 0.121721573
v 0.109549209 0.250659674 0.119659707
v 0.109698742 0.260403872 0.120832890
v 0.107635609 0.250532806 0.119143181
v 0.107791751 0.260707498 0.120368190
v 0.123842984 0.250543356 0.117007054
v 0.123999059 0.260713935 0.118231572
v 0.119744658 0.250367105 0.116444446
v 0.119910016 0.261142552 0.117741793
v 0.117054499 0.250247061 0.117612392
v 0.117220483 0.261063337 0.118914649
v 0.113081358 0.250296205 0.117692359
v 0.113247409 0.261116803 0.118995130
v 0.110406629 0.250516862 0.116200536
v 0.110572680 0.261337459 0.117503315
v 0.106455877 0.250782996 0.117131002
v 0.106612332 0.260977745 0.118358426
v 0.125482395 0.250735313 0.113394760
v 0.125107310 0.254459262 0.113511756
v 0.125181756 0.257589996 0.114042208
v 0.125645063 0.261335164 0.114670970
v 0.121124654 0.250648141 0.113743991
v 0.121290705 0.261468738 0.115046769
v 0.108783826 0.250853032 0.113615341
v 0.108949877 0.261673599 0.114918120
v 0.104869253 0.250750989 0.113759018
v 0.106083646 0.254870504 0.113556616
v 0.106111608 0.257825643 0.113863900
v 0.105039685 0.261857003 0.115096159
v 0.104257605 0.251297861 0.112815924
v 0.104288890 0.254709989 0.113673642
v 0.104321352 0.258227438 0.113943219
v 0.104415215 0.261568308 0.114052467
v 0.125485107 0.251152754 0.109765083
v 0.125100619 0.254818767 0.110406607
v 0.125168643 0.258065850 0.110799037
v 0.125648356 0.261791080 0.111045912
v 0.121411196 0.251083404 0.110092416
v 0.121577247 0.261903971 0.111395195
v 0.108581334 0.251292467 0.109991245
v 0.108747385 0.262113065 0.111294024
v 0.104910321 0.251275092 0.109008245
v 0.106084011 0.255119503 0.110450007
v 0.106130122 0.258277774 0.110830821
v 0.105082183 0.262474209 0.110356599
v 0.104327075 0.251719445 0.109467581
v 0.104305304 0.255118072 0.110086404
v 0.104345269 0.258635253 0.110605285
v 0.104484096 0.261951417 0.110699497
v 0.124182566 0.251716644 0.105451554
v 0.124345123 0.262308300 0.106725171
v 0.120123751 0.251439840 0.107295945
v 0.120289802 0.262260437 0.108598724
v 0.118671446 0.251639903 0.105819322
v 0.118837497 0.262460500 0.107122101
v 0.110635980 0.251679718 0.106512994
v 0.110802031 0.262500286 0.107815772
v 0.105927765 0.251933694 0.105660975
v 0.106091424 0.262598276 0.106944971
v 0.124093957 0.252171248 0.103508212
v 0.123653501 0.255201906 0.102434799
v 0.123790778 0.259549439 0.102958038
v 0.124249823 0.262328476 0.104731590
v 0.120892032 0.255388439 0.102434292
v 0.120956778 0.259556890 0.102936171
v 0.118625841 0.252491266 0.103289217
v 0.118814214 0.255068690 0.102470197
v 0.118890017 0.259921938 0.103046060
v 0.118775375 0.262235612 0.104462422
v 0.111465267 0.252446055 0.103418700
v 0.111522294 0.255779445 0.102448449
v 0.111578740 0.259457320 0.102891259
v 0.111619025 0.262465388 0.104625016
v 0.106356710 0.252653122 0.103437386
v 0.106398947 0.255732328 0.102609500
v 0.106420032 0.259401560 0.102990337
v 0.106502562 0.262404174 0.104607135
v 0.117410540 0.259481370 0.102107920
v 0.113724760 0.259556711 0.102099061
v 0.117334760 0.255756617 0.101633213
v 0.113680891 0.255815387 0.101597235
v 0.123948216 0.265712976 0.100500599
v 0.121292188 0.266709358 0.100498363
v 0.117369405 0.266309410 0.100822642
v 0.113767005 0.266080320 0.100696504
v 0.110428757 0.265886456 0.100346208
v 0.108239576 0.265384257 0.099816039
v 0.125305875 0.263321698 0.100344636
v 0.121699362 0.263422489 0.100449085
v 0.117177627 0.263317674 0.101306848
v 0.114103533 0.263329834 0.101225063
v 0.109626062 0.263522834 0.100453034
v 0.106276914 0.263529569 0.100200571
v 0.104655176 0.262064338 0.099624380
v 0.124895512 0.259779274 0.099978186
v 0.121936440 0.259133756 0.100373581
v 0.117650769 0.259924531 0.100479670
v 0.113484844 0.259976059 0.100506552
v 0.109130985 0.259796679 0.100504562
v 0.106711223 0.259808987 0.100243598
v 0.104452080 0.259936273 0.099285878
v 0.124829701 0.255724311 0.099665813
v 0.121923930 0.256362110 0.100044645
v 0.117594130 0.255726546 0.099958479
v 0.113404013 0.255771160 0.100037768
v 0.109144851 0.256087244 0.100005232
v 0.106418944 0.255749136 0.099790327
v 0.104421965 0.255711287 0.098994195
v 0.124988719 0.252354592 0.098840900
v 0.121528595 0.252220362 0.099074826
v 0.116983666 0.251811326 0.099836074
v 0.113835587 0.251934826 0.099792913
v 0.109495825 0.252451688 0.099119022
v 0.106194041 0.252612740 0.098954275
v 0.104557566 0.254196525 0.098546222
v 0.123706362 0.249920711 0.098582014
v 0.121153361 0.249044344 0.098389767
v 0.117181107 0.249386698 0.098749973
v 0.113498419 0.249888673 0.098918617
v 0.110160767 0.250256151 0.098589428
v 0.108020089 0.250875175 0.098109275
v 0.123324967 0.266065538 0.096611798
v 0.125859267 0.262685031 0.097597390
v 0.118418633 0.263248533 0.097930439
v 0.112854130 0.263336778 0.097906619
v 0.126225754 0.260193110 0.096631549
v 0.120041303 0.260910839 0.097659253
v 0.118962101 0.261478305 0.097720839
v 0.112256616 0.261584640 0.097692132
v 0.111160538 0.261051655 0.097621232
v 0.105080529 0.258588642 0.095525667
v 0.104388408 0.258708745 0.094609648
v 0.126169904 0.255453318 0.096385375
v 0.119956038 0.255353719 0.096990190
v 0.118859961 0.254820764 0.096919291
v 0.112154476 0.254927099 0.096890576
v 0.111075274 0.255494565 0.096952170
v 0.105186648 0.256270647 0.094444714
v 0.125660307 0.253493249 0.096053526
v 0.118262447 0.253068626 0.096704803
v 0.112697943 0.253156841 0.096680976
v 0.108880631 0.251418114 0.096483961
v 0.106269433 0.253637820 0.094453231
v 0.122971355 0.250201911 0.095118053
v 0.115691236 0.249420702 0.094485037
v 0.110780119 0.250799924 0.096175179
v 0.123883955 0.266795874 0.092417389
v 0.121518947 0.267505765 0.094244756
v 0.116455890 0.267751247 0.093842149
v 0.113714828 0.267555177 0.093276374
v 0.110606662 0.266989499 0.093225121
v 0.108020238 0.266003817 0.093754552
v 0.125760145 0.263882399 0.091932602
v 0.105795673 0.264184386 0.094115004
v 0.104744382 0.262473136 0.094197869
v 0.125879905 0.260348409 0.091985233
v 0.105152606 0.259001225 0.092085235
v 0.104508980 0.260119796 0.093491137
v 0.125856041 0.256849408 0.091607176
v 0.105322331 0.256628126 0.091320276
v 0.104485511 0.256691426 0.093655251
v 0.125602222 0.253666431 0.090776213
v 0.108983486 0.251822412 0.092765614
v 0.106321826 0.253441125 0.091997907
v 0.104631878 0.255140215 0.093314998
v 0.123639121 0.250788599 0.090490095
v 0.121246307 0.249735340 0.092105165
v 0.116112500 0.249952853 0.092242733
v 0.113488182 0.250424355 0.091728717
v 0.110582537 0.251006484 0.091731712
v 0.123170070 0.267620653 0.090425573
v 0.121139764 0.267814517 0.089417048
v 0.117687530 0.267765403 0.089545421
v 0.115132659 0.266903251 0.089518882
v 0.108299821 0.266781658 0.087952815
v 0.126355588 0.262719363 0.090343848
v 0.106014370 0.264668047 0.088668533
v 0.126228421 0.260866195 0.089590900
v 0.105192996 0.260466307 0.088919945
v 0.104677125 0.260193795 0.088645048
v 0.126203320 0.256356716 0.089307263
v 0.105394594 0.256822199 0.088285834
v 0.104665405 0.258140743 0.088613182
v 0.126222744 0.255176812 0.089335456
v 0.108421079 0.252933472 0.086264350
v 0.106304414 0.254226834 0.087574475
v 0.122885763 0.250699580 0.086729333
v 0.121211729 0.250398099 0.087269738
v 0.116342730 0.250332236 0.087311856
v 0.108078121 0.252331227 0.086213015
v 0.116030558 0.268415540 0.087248072
v 0.113584130 0.268220186 0.087040640
v 0.110512755 0.267689109 0.087106697
v 0.126251570 0.263714373 0.084117845
v 0.108906447 0.264767289 0.086299554
v 0.108463883 0.264675796 0.087115869
v 0.125971019 0.261131197 0.084208131
v 0.105128660 0.260880321 0.084041581
v 0.125948548 0.258028179 0.085068040
v 0.105211302 0.258479953 0.083990172
v 0.126169070 0.255581290 0.084844396
v 0.109247863 0.252589852 0.085808091
v 0.106059722 0.255971164 0.084996797
v 0.115790925 0.251030952 0.085145570
v 0.113347425 0.251306325 0.084986366
v 0.110494196 0.251838744 0.085123651
v 0.123798385 0.267780691 0.083941340
v 0.122794791 0.267870992 0.082558170
v 0.108639664 0.267514169 0.082429171
v 0.125550180 0.265074462 0.083723836
v 0.109820760 0.265221238 0.082412705
v 0.106599218 0.265399933 0.082517534
v 0.125890917 0.261699051 0.082178071
v 0.105625152 0.261486381 0.081144668
v 0.125829085 0.257608801 0.081749223
v 0.105712167 0.258812815 0.080788791
v 0.125388450 0.254469931 0.082453966
v 0.109206534 0.253457874 0.079528376
v 0.106511868 0.255036861 0.081265800
v 0.123701229 0.251917899 0.082292370
v 0.122553057 0.252115399 0.080660895
v 0.115849897 0.251933068 0.081135809
v 0.108415759 0.252920479 0.080672123
v 0.123057328 0.268904477 0.079191543
v 0.121366046 0.269157678 0.079824932
v 0.117411486 0.269267857 0.079886541
v 0.109513558 0.268256932 0.079038888
v 0.126112155 0.264355034 0.077314243
v 0.110810763 0.266338110 0.078213856
v 0.107240639 0.265830398 0.078771718
v 0.106024555 0.262514055 0.078425810
v 0.106051713 0.258438289 0.078101188
v 0.108815781 0.254452914 0.075939886
v 0.107213735 0.255307943 0.077652343
v 0.122799753 0.251832843 0.077723481
v 0.120928384 0.251560837 0.077708393
v 0.116502240 0.251881748 0.077908166
v 0.113599940 0.252530605 0.078134120
v 0.109720110 0.252924412 0.077186279
v 0.123753674 0.268693328 0.076538958
v 0.120819188 0.269817203 0.074764811
v 0.117154128 0.269559115 0.074870110
v 0.113518632 0.269517750 0.075310118
v 0.110615968 0.268861413 0.075422622
v 0.125457681 0.265943885 0.075573564
v 0.109730437 0.266582340 0.074809104
v 0.107775077 0.266887337 0.076175667
v 0.125747635 0.262560070 0.074353769
v 0.109153292 0.263310134 0.074078046
v 0.125640064 0.258715004 0.074053563
v 0.109185062 0.257838547 0.073213510
v 0.125304147 0.255437255 0.074469097
v 0.112843766 0.257474810 0.072740227
v 0.109382726 0.255483091 0.074209154
v 0.107592269 0.255063862 0.074752904
v 0.123508944 0.252716660 0.074615255
v 0.120625264 0.252135187 0.072637364
v 0.117224909 0.252299279 0.073156744
v 0.113372169 0.252589494 0.073192619
v 0.110393255 0.253261209 0.073474512
v 0.123872823 0.269427687 0.071081176
v 0.120920486 0.269588321 0.071722738
v 0.117747984 0.269428194 0.072804764
v 0.113903850 0.269410402 0.072560534
v 0.111564077 0.269326448 0.071924739
v 0.125922776 0.265381545 0.070061602
v 0.121136009 0.268474698 0.071099870
v 0.113323300 0.268148303 0.073071711
v 0.110534876 0.267695367 0.071984179
v 0.125191300 0.263602227 0.070678420
v 0.125787973 0.258072764 0.069076523
v 0.110136665 0.258173347 0.070223354
v 0.125813498 0.257349432 0.069615550
v 0.120419658 0.254412770 0.069388263
v 0.117513701 0.254681855 0.070159100
v 0.113320603 0.255618602 0.071170136
v 0.110757447 0.257199526 0.070560239
v 0.123651154 0.253303260 0.069199272
v 0.120678715 0.253118545 0.069714442
v 0.117562606 0.253192216 0.070777051
v 0.113644234 0.253249586 0.070831455
v 0.111300937 0.253513008 0.070191644
v 0.123988576 0.269354194 0.068401799
v 0.121953509 0.269705445 0.068821393
v 0.110275246 0.269825965 0.068505436
v 0.125337980 0.267263353 0.068264619
v 0.122610904 0.268419296 0.068567507
v 0.109011232 0.268997312 0.068304434
v 0.125359915 0.264027327 0.067695893
v 0.122768610 0.264352053 0.067901716
v 0.125468946 0.259485066 0.067096919
v 0.124952055 0.255843878 0.067096218
v 0.121948338 0.254899621 0.066329330
v 0.119119472 0.255100608 0.068233363
v 0.110039509 0.255161166 0.066634938
v 0.123774431 0.253951073 0.066752560
v 0.121777020 0.253687501 0.066858694
v 0.109904803 0.253894657 0.066674761
v 0.124014392 0.269586533 0.066395514
v 0.121870137 0.269984156 0.065220542
v 0.115888058 0.270673305 0.066475950
v 0.110121011 0.270284295 0.064791180
v 0.125285394 0.267603576 0.066164821
v 0.122801072 0.269205987 0.064813837
v 0.108918405 0.269421220 0.064795330
v 0.124962456 0.263539493 0.065673903
v 0.122995704 0.264602870 0.065789655
v 0.124361924 0.259119809 0.064044721
v 0.124445780 0.256099910 0.064330123
v 0.121440827 0.255408436 0.062870666
v 0.109897695 0.255588263 0.062848054
v 0.123626753 0.254417956 0.064568244
v 0.121743373 0.254203141 0.063262321
v 0.115623049 0.253400087 0.064396292
v 0.109637021 0.254409939 0.062933013
v 0.120429500 0.270267874 0.061991248
v 0.117858759 0.270639569 0.060776163
v 0.114076234 0.270743370 0.060802869
v 0.111284449 0.270380139 0.061937403
v 0.120767958 0.269675970 0.061169323
v 0.118471219 0.269896001 0.059634533
v 0.113386116 0.269976348 0.059615228
v 0.110771119 0.269804716 0.061373908
v 0.121345303 0.265280932 0.059770025
v 0.118888094 0.266077608 0.059213605
v 0.120885550 0.260234386 0.060147077
v 0.118316359 0.260513186 0.058645342
v 0.121162220 0.256524712 0.059362870
v 0.117745749 0.256081969 0.059072092
v 0.113729819 0.256074011 0.059237938
v 0.110765971 0.255646616 0.059742715
v 0.120310403 0.254753709 0.060057119
v 0.117775976 0.254702717 0.058804624
v 0.113821014 0.254795253 0.058682136
v 0.111091688 0.254792303 0.060084045
v 0.116527683 0.270245820 0.059277467
v 0.115339301 0.270263761 0.059279855
v 0.116926684 0.269968420 0.059229828
v 0.115329637 0.269999623 0.059174158
v 0.121288262 0.265449792 0.057926916
v 0.119043797 0.265940189 0.058532301
v 0.120951831 0.259738952 0.057668161
v 0.118308767 0.260936320 0.058197290
v 0.121285289 0.257353693 0.056707945
v 0.118333414 0.256402463 0.057311296
v 0.114988572 0.255753636 0.057479046
v 0.116807497 0.255574763 0.057539854
v 0.115127317 0.255606681 0.057488885
v 0.123682223 0.254233718 0.064392768
v 0.125165805 0.256428361 0.064638272
v 0.125502817 0.260051608 0.065070868
v 0.125564038 0.263971955 0.065542862
v 0.125320389 0.267499983 0.065971471
v 0.123837373 0.269666851 0.066251941
v 0.122285783 0.253583312 0.064332351
v 0.121988691 0.257677287 0.064829923
v 0.122054263 0.261951089 0.065344460
v 0.122119851 0.266224861 0.065859027
v 0.122447118 0.270347655 0.066351987
v 0.123459383 0.254436731 0.063224822
v 0.124644726 0.256083101 0.063501008
v 0.125266395 0.259932965 0.063596725
v 0.125336251 0.264132917 0.064080119
v 0.124820433 0.268030524 0.064939931
v 0.123624123 0.269722998 0.065047055
v 0.122022412 0.254060328 0.062162679
v 0.122259802 0.270369053 0.064233206
v 0.123169317 0.255088240 0.059758697
v 0.124349556 0.256563038 0.059925608
v 0.124935164 0.260383666 0.060070511
v 0.125107325 0.264918238 0.060912624
v 0.124531194 0.268399149 0.061350655
v 0.123396716 0.269906431 0.061542775
v 0.120844468 0.254481137 0.059460744
v 0.121071934 0.270645171 0.061446752
v 0.117642231 0.254627496 0.058062214
v 0.117950334 0.270958126 0.060119018
v 0.113233707 0.254874498 0.058091953
v 0.113437391 0.270855129 0.060123809
v 0.111316904 0.255160660 0.058416389
v 0.110489487 0.256548047 0.058301032
v 0.111551716 0.262661129 0.060785554
v 0.110998950 0.269128889 0.059984554
v 0.111566968 0.270517468 0.060250752
v 0.122928790 0.255649090 0.055985600
v 0.124163538 0.257310450 0.056186885
v 0.124908454 0.260738879 0.056758020
v 0.125003814 0.264703423 0.057351585
v 0.124336264 0.268566251 0.057542060
v 0.123153075 0.270264506 0.057745263
v 0.120938099 0.255354166 0.055579957
v 0.122485823 0.255971432 0.056076467
v 0.122700236 0.269943357 0.057758659
v 0.121354378 0.270705760 0.057264745
v 0.116703204 0.255062431 0.056829628
v 0.116407051 0.270816654 0.059127115
v 0.114847332 0.255051672 0.057240877
v 0.114997632 0.270804435 0.059146360
v 0.110413931 0.255689293 0.057256639
v 0.109445608 0.256837785 0.056254700
v 0.109626881 0.269445688 0.057797458
v 0.110624372 0.270306468 0.059002373
v 0.107732742 0.258569360 0.055050012
v 0.106890447 0.260646433 0.055519294
v 0.106966510 0.265437126 0.056098852
v 0.107873380 0.268125087 0.056220826
v 0.123902648 0.257938772 0.052431095
v 0.124673098 0.261507660 0.052949015
v 0.124773636 0.265024126 0.053323444
v 0.124070174 0.268855304 0.053745423
v 0.120638012 0.255983531 0.051848974
v 0.121895752 0.256543100 0.052271035
v 0.122107006 0.270309150 0.053928435
v 0.120868310 0.270990670 0.053655799
v 0.117447390 0.255979419 0.051924821
v 0.117581844 0.271061987 0.053649012
v 0.113316364 0.256053120 0.052270286
v 0.112380310 0.256639928 0.051478993
v 0.113269142 0.270748824 0.052880865
v 0.113546423 0.271044582 0.054075226
v 0.111248671 0.256218106 0.052561987
v 0.109987482 0.257258892 0.052145496
v 0.110183067 0.270004123 0.053679995
v 0.111473634 0.270877719 0.054326974
v 0.107349857 0.259450108 0.053495932
v 0.107054494 0.261256635 0.053767864
v 0.107158385 0.265659064 0.054242019
v 0.107459977 0.267622262 0.054510579
v 0.123725220 0.258647323 0.048690032
v 0.124531864 0.261931777 0.049312934
v 0.124572142 0.265461117 0.049616024
v 0.123885020 0.269060463 0.049943753
v 0.120455548 0.256472707 0.048197132
v 0.121421195 0.256998152 0.048417386
v 0.121632940 0.270796150 0.050078634
v 0.120684429 0.271387815 0.049992882
v 0.117544531 0.256518900 0.048041727
v 0.116344563 0.256899863 0.048090391
v 0.116562828 0.271122724 0.049802795
v 0.117773942 0.271467865 0.049841549
v 0.113380752 0.256577402 0.048107065
v 0.113433778 0.257067800 0.048179042
v 0.113647989 0.271026671 0.049859658
v 0.113610081 0.271521509 0.049906302
v 0.111409954 0.256885529 0.048211038
v 0.109629355 0.258159459 0.048331257
v 0.109811760 0.270045668 0.049762331
v 0.111630499 0.271257252 0.049941365
v 0.107587352 0.259766251 0.049598709
v 0.107069320 0.261371911 0.049629297
v 0.107140794 0.265822828 0.050045021
v 0.107717491 0.268246502 0.050619714
v 0.123589828 0.259463608 0.044962674
v 0.124213151 0.262338758 0.044546016
v 0.124286122 0.266312331 0.045108866
v 0.123738571 0.269156486 0.046129677
v 0.120697259 0.256897449 0.044782199
v 0.121111154 0.257496059 0.044821218
v 0.121162101 0.271195501 0.046513785
v 0.120738595 0.271795273 0.046635643
v 0.116254001 0.256901950 0.044348907
v 0.116274982 0.257397354 0.044413205
v 0.117302469 0.271503150 0.046295073
v 0.117299206 0.272000104 0.046349965
v 0.113526530 0.257005066 0.044892874
v 0.113578922 0.257496476 0.044959113
v 0.113476082 0.271382064 0.046334349
v 0.113427497 0.271875441 0.046386354
v 0.109445683 0.258881092 0.045063604
v 0.109618246 0.270125955 0.046417464
v 0.107721939 0.260433108 0.045665398
v 0.107374377 0.261974961 0.045621835
v 0.107446804 0.266280532 0.046059269
v 0.107846170 0.268528312 0.046640042
v 0.123404353 0.259675443 0.042242069
v 0.124197557 0.262256831 0.042227630
v 0.124257981 0.267104506 0.042706773
v 0.123546555 0.269604504 0.043457296
v 0.120243079 0.257371455 0.040808991
v 0.120869949 0.258012742 0.041156191
v 0.121039420 0.271569461 0.042764973
v 0.120457574 0.272279680 0.042609718
v 0.116552531 0.257433891 0.040088233
v 0.116726152 0.257905275 0.040292967
v 0.116952337 0.271985471 0.041987497
v 0.116724788 0.272504091 0.041835051
v 0.113999835 0.257532954 0.040466368
v 0.113941565 0.258045048 0.040451765
v 0.114154122 0.271896154 0.042119198
v 0.114192016 0.272379547 0.042311013
v 0.109324246 0.259968817 0.041351594
v 0.108278564 0.262854487 0.041465394
v 0.108347073 0.267080128 0.041967854
v 0.109512276 0.269981623 0.042579588
v 0.108015514 0.261214435 0.041282076
v 0.107804521 0.262892008 0.041715689
v 0.107849761 0.266845405 0.042246100
v 0.108129337 0.268795997 0.042197339
v 0.123208537 0.260126770 0.039013106
v 0.124017730 0.262960434 0.038404018
v 0.124031983 0.267429024 0.038709320
v 0.123359069 0.269935906 0.040194105
v 0.120093449 0.257825226 0.037326120
v 0.120862215 0.258419484 0.037991837
v 0.119499146 0.265417159 0.036881469
v 0.120986506 0.271917105 0.039684050
v 0.120278119 0.272672296 0.039101634
v 0.117536328 0.257644802 0.038296074
v 0.117912478 0.257998854 0.039169833
v 0.117214925 0.265247792 0.038579378
v 0.118133760 0.272125065 0.040870219
v 0.117755070 0.272679150 0.040176373
v 0.113140739 0.257882446 0.038546059
v 0.112446181 0.258344144 0.038885601
v 0.113560005 0.265287131 0.038718555
v 0.112631551 0.272028595 0.040476460
v 0.113375633 0.272535086 0.040345166
v 0.111087836 0.258185536 0.036104109
v 0.110357783 0.259401798 0.038617730
v 0.109817340 0.261891037 0.038423404
v 0.110739275 0.267117947 0.038346946
v 0.110490359 0.271079719 0.040060133
v 0.111313298 0.272877723 0.037873019
v 0.107981093 0.262870431 0.040148575
v 0.108049206 0.267254293 0.040675558
v 0.123115442 0.260820895 0.033924252
v 0.123827665 0.263380051 0.034435235
v 0.123883880 0.267874599 0.034959793
v 0.123267389 0.270444483 0.035061132
v 0.120172940 0.258204043 0.034481771
v 0.121670022 0.259144992 0.034432918
v 0.120234317 0.265687197 0.034545004
v 0.121857374 0.272018105 0.035996616
v 0.120418399 0.272967279 0.036248855
v 0.115431919 0.273154378 0.035050228
v 0.115206457 0.258462191 0.033281323
v 0.110378973 0.258412093 0.034312818
v 0.110604435 0.273104250 0.036081728
v 0.123073227 0.260749847 0.032448404
v 0.123905330 0.263163090 0.032728627
v 0.123988576 0.268080503 0.033320576
v 0.123254455 0.270860940 0.033665393
v 0.120149575 0.258586317 0.031924408
v 0.121494330 0.259113312 0.032273952
v 0.122104637 0.265835583 0.033074182
v 0.120204627 0.265861332 0.033102393
v 0.121786035 0.272504807 0.033884652
v 0.120401255 0.273197860 0.033711892
v 0.118309676 0.258880287 0.029413162
v 0.118535145 0.273572475 0.031182069
v 0.111996657 0.258965313 0.029511509
v 0.112222120 0.273657501 0.031280417
v 0.110620327 0.258749813 0.031476934
v 0.110845796 0.273442000 0.033245843
v 0.116584837 0.259012938 0.028531145
v 0.116327754 0.273721129 0.030228676
v 0.114176489 0.259054899 0.028489769
v 0.113921604 0.273744047 0.030345056
v 0.124092362 0.263143271 0.032275800
v 0.124151564 0.264468908 0.032564379
v 0.124190002 0.267425001 0.032790218
v 0.124189346 0.268488705 0.033016596
v 0.122030526 0.259259790 0.031920005
v 0.122677728 0.260542572 0.032139894
v 0.123414702 0.262445390 0.032356679
v 0.123062349 0.263787359 0.032649424
v 0.123125403 0.267896146 0.033144113
v 0.123558692 0.269116849 0.033158489
v 0.122901923 0.271120191 0.033416320
v 0.122216917 0.272512764 0.033407651
v 0.120680302 0.258815169 0.031739589
v 0.120593644 0.260509431 0.031905759
v 0.120759695 0.271330029 0.033208542
v 0.120798572 0.273026466 0.033338293
v 0.124015413 0.263439357 0.030837452
v 0.124063789 0.265172988 0.030828210
v 0.124097369 0.267793894 0.031144004
v 0.124120637 0.268749177 0.031910293
v 0.121890954 0.259370029 0.030610789
v 0.122419155 0.260630548 0.029780842
v 0.123824998 0.262497246 0.030295746
v 0.123905129 0.269766331 0.031258877
v 0.122547142 0.271720082 0.031075032
v 0.122124425 0.272671819 0.032252245
v 0.120735242 0.259008497 0.030099461
v 0.120936259 0.260659635 0.029559558
v 0.121106162 0.271730572 0.030892473
v 0.120831958 0.273195505 0.031768400
v 0.118806496 0.258743435 0.029804101
v 0.118689462 0.260365486 0.029997684
v 0.118867702 0.271980196 0.031396072
v 0.118850953 0.273580611 0.031485777
v 0.123936302 0.265569270 0.028274423
v 0.123962953 0.267493367 0.028506184
v 0.121691673 0.259835690 0.026740996
v 0.122311137 0.261131138 0.027662523
v 0.122641809 0.263087511 0.027167309
v 0.123845144 0.264478534 0.027494216
v 0.123918518 0.268085897 0.027927900
v 0.122755944 0.269827932 0.027978472
v 0.122475854 0.271662533 0.028906384
v 0.121968336 0.273121566 0.028357394
v 0.120548829 0.259293377 0.027366709
v 0.120963223 0.261022151 0.027835241
v 0.121206268 0.262905300 0.026962049
v 0.121317572 0.270158350 0.027835302
v 0.121128409 0.271786958 0.029131303
v 0.120820969 0.273536980 0.029106997
v 0.117788471 0.258919805 0.027684538
v 0.117366999 0.261578947 0.027276291
v 0.117453709 0.262378901 0.027530326
v 0.117580607 0.270648122 0.028525924
v 0.117583080 0.271695852 0.028412137
v 0.118288144 0.273869902 0.029696301
v 0.115425482 0.258921295 0.027771179
v 0.115423589 0.260754496 0.027989214
v 0.115962132 0.262568891 0.027604176
v 0.116083711 0.270491242 0.028558012
v 0.115662783 0.272144824 0.029300451
v 0.115714229 0.274000287 0.029618412
v 0.113861538 0.259346783 0.027489115
v 0.113874353 0.261067957 0.027405640
v 0.113991044 0.272050828 0.028746180
v 0.114093094 0.273711264 0.029213462
v 0.111495636 0.259604931 0.028326621
v 0.112567931 0.261664450 0.027998623
v 0.112017147 0.263461053 0.028129896
v 0.112097069 0.269602925 0.028895350
v 0.112693667 0.271346748 0.029157912
v 0.111745312 0.273340881 0.029971318
v 0.110171742 0.260447353 0.027563194
v 0.110360316 0.272736013 0.029042723
v 0.123844496 0.266494900 0.025783855
v 0.123877152 0.267396957 0.026543150
v 0.121671877 0.260018170 0.025075667
v 0.122666932 0.261083215 0.025170198
v 0.123556554 0.263382465 0.025287224
v 0.123768187 0.265004456 0.025606280
v 0.123816579 0.268204480 0.025774466
v 0.123647443 0.270148814 0.026362874
v 0.122843310 0.272322863 0.026479868
v 0.121888413 0.273356199 0.026898256
v 0.120694175 0.259577960 0.025306523
v 0.120122156 0.261279762 0.025794607
v 0.119909025 0.263803661 0.025636047
v 0.119460910 0.264617801 0.025547197
v 0.119535147 0.268892169 0.026050543
v 0.119990400 0.269626945 0.026326736
v 0.120287388 0.272046506 0.027090898
v 0.120717793 0.273873657 0.026829332
v 0.118005744 0.259539783 0.025256239
v 0.117953412 0.261251569 0.026326368
v 0.118821069 0.263613641 0.026070679
v 0.119323640 0.264663607 0.025746435
v 0.119387060 0.268796504 0.026244026
v 0.118908755 0.269747704 0.026810830
v 0.118268988 0.272184223 0.027573975
v 0.118251465 0.273975551 0.026997494
v 0.116277821 0.259479046 0.025940608
v 0.116280145 0.261353582 0.026850078
v 0.115889586 0.262620240 0.027026033
v 0.116011746 0.270580769 0.027984465
v 0.116583295 0.271730155 0.028075077
v 0.116513117 0.273882240 0.027638566
v 0.113602287 0.259643763 0.026094902
v 0.114565446 0.261017799 0.026937015
v 0.114737018 0.272197843 0.028283069
v 0.113831661 0.273762017 0.027794650
v 0.111845329 0.259890407 0.026504515
v 0.111008345 0.260404497 0.025702531
v 0.111095100 0.273142010 0.027310492
v 0.112024888 0.273479551 0.027782552
v 0.109721489 0.261164963 0.026462065
v 0.109864733 0.272290796 0.027843149
v 0.121644459 0.260248810 0.022824751
v 0.122407272 0.261621714 0.023172701
v 0.122186608 0.264141589 0.023087896
v 0.122902013 0.265200764 0.023137519
v 0.123020015 0.268926561 0.023576496
v 0.122279658 0.269843102 0.023775337
v 0.122539870 0.272317827 0.024461573
v 0.121839582 0.273701847 0.024553413
v 0.119956604 0.260031074 0.022710195
v 0.121336467 0.262372136 0.023785582
v 0.121236912 0.263807952 0.023419186
v 0.121306247 0.270281255 0.024370600
v 0.121475405 0.271425873 0.024875632
v 0.120368197 0.274050862 0.024548803
v 0.118455275 0.259833813 0.023309616
v 0.118609815 0.274115860 0.025081998
v 0.115937195 0.259845704 0.023136649
v 0.116214319 0.274207145 0.024797408
v 0.113950937 0.259983748 0.023761380
v 0.114185064 0.273975968 0.025446406
v 0.112267017 0.260191470 0.024429237
v 0.112520694 0.273679346 0.026025210
v 0.121549874 0.260407239 0.021219609
v 0.122533775 0.261474669 0.021315483
v 0.122187323 0.264511645 0.022405451
v 0.122365429 0.265273899 0.022378083
v 0.122417576 0.269036233 0.022831248
v 0.122200876 0.269617498 0.023060806
v 0.122663974 0.272918850 0.022694871
v 0.121826149 0.273894012 0.022841046
v 0.120205469 0.260284305 0.021324631
v 0.120389684 0.260746688 0.020495767
v 0.121435150 0.264768898 0.022643721
v 0.121367856 0.265015483 0.022665000
v 0.121430910 0.269124240 0.023159686
v 0.121505707 0.269366652 0.023197280
v 0.120603941 0.273801237 0.022204505
v 0.120419867 0.274087369 0.023061577
v 0.118225589 0.260141313 0.020913318
v 0.118423595 0.274367601 0.022719005
v 0.115991838 0.260176659 0.020904284
v 0.116171799 0.274396181 0.022677479
v 0.113494314 0.260490835 0.021317899
v 0.113702282 0.274071962 0.023008872
v 0.121431268 0.260746658 0.018883424
v 0.122390739 0.261830986 0.018726423
v 0.123225480 0.263931423 0.019128168
v 0.123564816 0.266636431 0.019961715
v 0.123568139 0.268800735 0.020223146
v 0.123332932 0.271062136 0.020072823
v 0.122575513 0.273122281 0.020128721
v 0.121743760 0.274103314 0.020272229
v 0.120232008 0.260531515 0.018885680
v 0.120166353 0.261026114 0.018756669
v 0.120293967 0.274013430 0.019764079
v 0.120555154 0.274398506 0.020589190
v 0.117996841 0.260437697 0.019077685
v 0.118296205 0.274534613 0.020452786
v 0.115987375 0.260499299 0.018726559
v 0.116196416 0.274605721 0.020469554
v 0.113937802 0.260795236 0.018837929
v 0.114193111 0.274333864 0.020754073
v 0.121287010 0.261108756 0.016770843
v 0.122286304 0.262150645 0.016870772
v 0.123168505 0.264507234 0.017134326
v 0.123432531 0.266985416 0.017428448
v 0.123436465 0.269029588 0.017674994
v 0.123208023 0.271306485 0.017954284
v 0.122411027 0.273321688 0.018216928
v 0.120153911 0.260772049 0.016683158
v 0.119726158 0.261330843 0.016497044
v 0.119885362 0.274241447 0.017734846
v 0.120531558 0.274621278 0.018593211
v 0.117650382 0.260776252 0.016983369
v 0.117863520 0.274700999 0.018659325
v 0.115694425 0.260750264 0.017158087
v 0.115937977 0.274768144 0.018600810
v 0.114252261 0.261044413 0.016711177
v 0.114357225 0.274537563 0.019015338
v 0.121990658 0.262453407 0.014323453
v 0.122946604 0.264299005 0.015045579
v 0.123223386 0.266871721 0.014835578
v 0.123261801 0.269241512 0.015120866
v 0.123072899 0.271439105 0.015818724
v 0.122223399 0.273523033 0.015654791
v 0.120013706 0.261164665 0.014256774
v 0.119823761 0.261668116 0.014547545
v 0.120271526 0.274364054 0.016210070
v 0.120245769 0.274876088 0.016102107
v 0.117889873 0.261206180 0.014792407
v 0.118097640 0.274795562 0.016428074
v 0.115485191 0.261219651 0.014646548
v 0.115674763 0.274891347 0.016207732
v 0.114554799 0.261197299 0.015480282
v 0.114751338 0.274738252 0.017156173
v 0.121910862 0.262948900 0.012389580
v 0.122689068 0.264645636 0.012460956
v 0.122969277 0.266864300 0.012590436
v 0.123004220 0.269545496 0.012785768
v 0.122816435 0.271715522 0.013252372
v 0.122046910 0.273618847 0.013721818
v 0.119629442 0.261570305 0.012159233
v 0.119797989 0.262044996 0.012273118
v 0.120211325 0.274463624 0.013866217
v 0.119932755 0.274964571 0.014089275
v 0.117418482 0.261684328 0.012400541
v 0.117931648 0.261946261 0.011854377
v 0.118147380 0.274768710 0.013383401
v 0.117637097 0.274910420 0.013978549
v 0.116033091 0.261551023 0.012898910
v 0.116299934 0.274970293 0.014458492
v 0.121543906 0.263317645 0.010571805
v 0.122357614 0.265200675 0.010491877
v 0.122672177 0.267251372 0.010820426
v 0.122702792 0.269591630 0.011051214
v 0.122459448 0.271804422 0.011288580
v 0.121700011 0.273641020 0.011824118
v 0.119249917 0.261808157 0.011033201
v 0.119783505 0.262451231 0.010405668
v 0.119964435 0.274554700 0.011763702
v 0.119449779 0.275035679 0.012599800
v 0.118276670 0.262314409 0.011065379
v 0.118472531 0.274593472 0.012541823
v 0.121172055 0.264151782 0.009033294
v 0.121592931 0.265684545 0.008695897
v 0.121931046 0.267622888 0.008724025
v 0.121961489 0.269710153 0.008949699
v 0.121686950 0.271789223 0.009432654
v 0.121310934 0.273209929 0.010126545
v 0.119526408 0.263608187 0.008549487
v 0.120005324 0.265068978 0.007736167
v 0.120212197 0.272628397 0.008665420
v 0.119592867 0.273864388 0.009681992
v 0.121038719 0.267951846 0.007490663
v 0.121061555 0.269652814 0.007671469
v 0.119231358 0.265868187 0.007088037
v 0.119861394 0.267705351 0.006926370
v 0.119906201 0.270045817 0.007181567
v 0.119324847 0.272042394 0.007819087
v 0.118743270 0.266397029 0.006798507
v 0.118721775 0.267964870 0.006609336
v 0.118754833 0.270142615 0.006868521
v 0.118817120 0.271530539 0.007375654
v 0.115885309 0.261596739 0.012799573
v 0.116775177 0.261773705 0.011925092
v 0.114272467 0.261384875 0.014908883
v 0.114931739 0.261344761 0.014396750
v 0.113885365 0.261071116 0.017104579
v 0.113519981 0.260825753 0.019301437
v 0.112987615 0.260685593 0.020946065
v 0.112172044 0.260260969 0.024225369
v 0.113986976 0.264098853 0.009355301
v 0.115736387 0.263999254 0.008915273
v 0.117741510 0.263877541 0.008896279
v 0.118964724 0.263949305 0.009006507
v 0.111820511 0.263836622 0.011363393
v 0.113417737 0.263421088 0.010519755
v 0.115760378 0.262640953 0.010501806
v 0.117824971 0.262566686 0.010532869
v 0.119012258 0.263013691 0.010163970
v 0.111334360 0.263320476 0.013086693
v 0.113442845 0.262296468 0.012650892
v 0.115536764 0.261889070 0.012057656
v 0.117169193 0.261916131 0.011579489
v 0.110132165 0.263715774 0.015142446
v 0.111073441 0.262940556 0.014826369
v 0.113175578 0.261801511 0.014598611
v 0.109986163 0.263228238 0.017496906
v 0.111156016 0.262235641 0.017340731
v 0.112820736 0.261388540 0.017153990
v 0.109669342 0.263097942 0.019559339
v 0.111483603 0.261608362 0.019491920
v 0.109842501 0.262309641 0.021766249
v 0.111142232 0.261330217 0.021554234
v 0.109740152 0.261898458 0.023849070
v 0.111048929 0.260859638 0.023729764
v 0.109613016 0.261511743 0.025776114
v 0.110983252 0.260559618 0.025140904
v 0.115653611 0.266455829 0.007470027
v 0.117735326 0.266449839 0.007394114
v 0.118821807 0.266708732 0.007448692
v 0.111793592 0.265994608 0.009425742
v 0.113324954 0.265556991 0.008678944
v 0.115517139 0.265362650 0.008004578
v 0.117828011 0.265188217 0.007963996
v 0.118881210 0.265460700 0.007950102
v 0.109792768 0.266210705 0.011869136
v 0.111031018 0.265251726 0.010776536
v 0.112298279 0.264483571 0.010074457
v 0.109697066 0.265307158 0.013125812
v 0.110443264 0.264409900 0.012624689
v 0.109484955 0.264920831 0.014805770
v 0.109247214 0.264565319 0.017426573
v 0.109048373 0.264326513 0.019659692
v 0.108932263 0.263943374 0.021807548
v 0.108786180 0.263657242 0.023835802
v 0.108359843 0.264365464 0.026012929
v 0.108679838 0.263184398 0.025827846
v 0.113817788 0.268094778 0.007710121
v 0.115612238 0.267741978 0.007268743
v 0.117834880 0.267794997 0.007189773
v 0.118806809 0.267823249 0.007316583
v 0.111489444 0.268065602 0.009198314
v 0.112834438 0.267874151 0.008228883
v 0.109648577 0.267758131 0.011644172
v 0.110414147 0.267630130 0.010398290
v 0.108977444 0.267633885 0.013677744
v 0.108850657 0.267058641 0.015114262
v 0.108697086 0.266534507 0.017885815
v 0.108468882 0.266224384 0.021646159
v 0.108276255 0.266286135 0.024695171
v 0.108229316 0.265745133 0.025925772
v 0.113880045 0.270040929 0.007944779
v 0.115702584 0.270211846 0.007541227
v 0.117868110 0.270105571 0.007456532
v 0.118843979 0.270141542 0.007608959
v 0.111569076 0.269938290 0.009415942
v 0.112900107 0.270278722 0.008538742
v 0.109692036 0.269705057 0.011917631
v 0.110478803 0.270099342 0.010719346
v 0.109017923 0.269416600 0.013964041
v 0.108926765 0.269687265 0.015417876
v 0.108759224 0.269388676 0.018205527
v 0.108522623 0.268866330 0.022053942
v 0.108338594 0.268224359 0.024587570
v 0.108277268 0.268230975 0.026220754
v 0.115861579 0.271486640 0.008049413
v 0.117812290 0.271464974 0.007998342
v 0.118901461 0.271335155 0.008077531
v 0.111879691 0.271604955 0.010101233
v 0.113426297 0.272160769 0.009474045
v 0.115407548 0.272392780 0.008851338
v 0.117940902 0.272551626 0.008851260
v 0.118998832 0.272369295 0.008878120
v 0.109864361 0.270875841 0.012430824
v 0.111135013 0.272028774 0.011592500
v 0.112427480 0.272902906 0.011088158
v 0.109791450 0.271457791 0.013866355
v 0.110566265 0.272425354 0.013589762
v 0.109585009 0.271440655 0.015590766
v 0.109348587 0.271171123 0.018221922
v 0.109148934 0.270879090 0.020448633
v 0.109036639 0.270744890 0.022626458
v 0.108891889 0.270545810 0.024665195
v 0.108436405 0.269354403 0.026613602
v 0.108792647 0.270535439 0.026712919
v 0.114129647 0.273396045 0.010474695
v 0.115847267 0.273577452 0.010119689
v 0.117890551 0.273605555 0.010068202
v 0.119097195 0.273437589 0.010092101
v 0.111964806 0.273239642 0.012495530
v 0.113576926 0.273795009 0.011768786
v 0.115860260 0.274472922 0.011926366
v 0.117978490 0.274512708 0.012035836
v 0.119226574 0.274063975 0.011439403
v 0.111488215 0.273346573 0.014293847
v 0.113628275 0.274380475 0.014105819
v 0.115679770 0.274844885 0.013632565
v 0.117356225 0.274892628 0.013150855
v 0.110267139 0.272511274 0.016201437
v 0.111232571 0.273310512 0.016074928
v 0.113369010 0.274406970 0.016116323
v 0.110127374 0.272430331 0.018604850
v 0.111327275 0.273395777 0.018684424
v 0.113017521 0.274212271 0.018697983
v 0.109807133 0.272076994 0.020640425
v 0.111665844 0.273484439 0.020921815
v 0.109996020 0.272313476 0.022970725
v 0.111325539 0.273275465 0.022992456
v 0.109898567 0.272221506 0.025091980
v 0.111238591 0.273218930 0.025217840
v 0.109811924 0.272173911 0.027064424
v 0.111194461 0.273187578 0.026649730
v 0.115981273 0.274944335 0.014484461
v 0.116942226 0.274961859 0.013543382
v 0.114476866 0.274704695 0.016512604
v 0.115121453 0.274840474 0.016071016
v 0.114059716 0.274484485 0.018850747
v 0.113682724 0.274212927 0.020986177
v 0.113249659 0.274000287 0.022631165
v 0.112295828 0.273623109 0.025888283
f 429 484 365
f 365 306 364
f 306 304 363
f 306 363 364
f 252 251 565
f 565 251 655
f 565 655 656
f 256 321 499
f 495 656 499
f 499 656 668
f 499 668 256
f 495 565 656
f 256 252 321
f 321 252 317
f 696 704 507
f 503 696 507
f 503 507 325
f 325 507 264
f 325 264 260
f 704 264 507
f 576 704 507
f 745 524 733
f 733 524 518
f 524 745 755
f 538 763 550
f 550 763 628
f 763 768 628
f 292 281 349
f 349 281 338
f 349 338 538
f 538 338 524
f 538 524 763
f 763 524 755
f 260 264 261
f 292 304 293
f 293 304 306
f 253 257 258
f 252 253 251
f 251 253 255
f 253 258 254
f 253 254 255
f 261 257 260
f 260 257 256
f 256 257 252
f 252 257 253
f 271 264 270
f 283 277 276
f 276 277 272
f 276 272 271
f 276 282 283
f 294 293 306
f 266 263 265
f 265 263 262
f 272 266 271
f 271 266 265
f 262 259 261
f 261 259 258
f 261 258 257
f 264 271 265
f 281 292 282
f 282 292 293
f 372 373 313
f 372 313 312
f 312 313 243
f 312 243 242
f 242 243 247
f 242 247 246
f 246 247 129
f 246 129 128
f 128 129 136
f 128 136 135
f 135 136 3
f 135 3 2
f 2 3 16
f 2 16 15
f 15 16 29
f 15 29 28
f 28 29 42
f 28 42 41
f 54 55 69
f 54 69 68
f 68 69 84
f 68 84 83
f 83 84 180
f 83 180 179
f 179 180 187
f 179 187 186
f 186 187 196
f 186 196 195
f 195 196 279
f 195 279 278
f 278 279 343
f 278 343 342
f 342 343 408
f 342 408 407
f 790 791 786
f 790 786 785
f 785 786 780
f 785 780 779
f 779 780 774
f 779 774 773
f 773 774 645
f 773 645 644
f 644 645 638
f 644 638 637
f 637 638 559
f 637 559 558
f 558 559 491
f 558 491 490
f 490 491 436
f 490 436 435
f 463 464 528
f 463 528 527
f 527 528 608
f 527 608 607
f 607 608 735
f 607 735 734
f 734 735 726
f 734 726 725
f 725 726 808
f 725 808 807
f 807 808 804
f 807 804 803
f 803 804 800
f 803 800 799
f 799 800 796
f 799 796 795
f 116 110 117
f 74 60 61
f 295 291 229
f 87 86 71
f 199 200 208
f 691 677 676
f 633 555 560
f 40 39 26
f 429 484 482
f 170 67 169
f 80 79 65
f 481 549 548
f 713 722 723
f 694 693 712
f 692 691 702
f 293 292 228
f 305 293 294
f 206 288 217
f 217 288 228
f 228 288 293
f 206 283 282
f 206 282 288
f 272 277 185
f 178 267 272
f 178 266 267
f 165 166 262
f 152 159 158
f 158 159 165
f 165 159 166
f 151 152 158
f 254 145 144
f 145 152 144
f 144 152 151
f 13 140 14
f 8 134 1
f 554 557 631
f 662 649 661
f 649 662 650
f 650 662 663
f 650 663 664
f 650 664 651
f 665 652 651
f 665 651 664
f 666 667 655
f 667 656 655
f 668 656 667
f 733 704 724
f 763 755 754
f 767 768 763
f 767 763 762
f 628 768 767
f 627 628 767
f 628 627 549
f 628 549 550
f 481 550 549
f 483 551 482
f 482 551 550
f 786 787 781
f 786 781 780
f 638 645 775
f 775 645 774
f 775 639 638
f 560 559 638
f 560 638 632
f 632 638 639
f 492 491 560
f 491 492 437
f 491 437 436
f 374 436 437
f 374 373 436
f 314 313 374
f 374 313 373
f 137 129 130
f 130 129 247
f 130 247 248
f 248 247 244
f 244 247 243
f 244 243 313
f 244 313 314
f 137 136 129
f 4 16 137
f 137 16 3
f 137 3 136
f 17 16 4
f 30 29 16
f 30 16 17
f 56 55 43
f 43 55 42
f 43 42 30
f 30 42 29
f 70 69 56
f 56 69 55
f 85 84 70
f 70 84 69
f 188 187 85
f 85 187 84
f 196 187 188
f 280 279 196
f 285 343 284
f 344 343 285
f 465 464 408
f 529 464 465
f 609 608 529
f 529 608 528
f 608 609 736
f 608 736 735
f 735 736 726
f 726 736 727
f 809 808 727
f 727 808 726
f 805 800 804
f 76 77 91
f 91 77 92
f 90 61 75
f 90 75 76
f 24 37 23
f 23 37 36
f 38 37 25
f 25 37 24
f 39 52 51
f 39 51 38
f 79 64 65
f 412 469 409
f 409 469 466
f 466 465 409
f 418 417 414
f 414 413 412
f 412 413 469
f 418 472 417
f 419 472 418
f 751 759 760
f 741 751 752
f 722 721 732
f 741 742 732
f 674 675 662
f 674 662 661
f 660 673 661
f 661 673 674
f 660 659 672
f 660 672 673
f 783 789 659
f 659 789 671
f 659 671 672
f 800 801 796
f 721 722 713
f 721 713 712
f 712 713 694
f 743 723 742
f 742 723 722
f 742 722 732
f 544 476 477
f 623 545 546
f 423 477 422
f 760 759 765
f 765 759 764
f 765 764 625
f 625 764 624
f 625 624 547
f 761 760 766
f 766 760 765
f 766 765 626
f 626 765 625
f 626 625 548
f 548 625 547
f 742 741 752
f 742 752 743
f 743 752 753
f 694 713 695
f 695 713 723
f 695 723 696
f 743 753 744
f 743 744 723
f 723 744 724
f 723 724 696
f 696 724 704
f 751 760 752
f 752 760 761
f 752 761 753
f 753 761 754
f 753 754 744
f 724 744 745
f 724 745 733
f 763 754 762
f 761 762 754
f 744 754 755
f 744 755 745
f 548 549 626
f 626 549 627
f 626 627 766
f 766 627 767
f 766 767 761
f 761 767 762
f 484 483 482
f 481 482 550
f 424 477 423
f 423 422 357
f 232 223 233
f 233 223 224
f 423 358 359
f 423 359 424
f 424 359 360
f 424 360 425
f 358 299 300
f 358 300 359
f 359 300 360
f 360 300 301
f 234 301 233
f 233 301 300
f 233 224 234
f 234 224 225
f 94 79 80
f 94 80 95
f 78 79 94
f 81 80 66
f 66 65 52
f 79 78 64
f 235 225 226
f 80 81 95
f 95 81 96
f 52 53 66
f 66 67 81
f 65 66 80
f 67 170 82
f 82 170 175
f 212 120 213
f 213 120 202
f 213 202 214
f 214 202 203
f 204 203 192
f 82 81 67
f 169 67 66
f 169 66 162
f 162 66 53
f 623 545 544
f 547 546 479
f 547 479 480
f 480 479 426
f 480 426 481
f 481 426 427
f 481 427 428
f 428 427 363
f 428 363 429
f 425 360 361
f 362 361 303
f 362 303 363
f 363 303 304
f 363 304 364
f 236 303 235
f 545 544 477
f 545 477 546
f 546 477 478
f 546 478 479
f 479 478 425
f 479 425 426
f 427 426 362
f 427 362 363
f 428 429 482
f 428 482 481
f 480 481 548
f 480 548 547
f 546 547 624
f 546 624 623
f 364 365 363
f 363 365 429
f 360 301 302
f 360 302 361
f 361 302 303
f 364 304 305
f 305 304 293
f 305 294 306
f 236 235 227
f 227 235 226
f 227 226 216
f 216 226 215
f 204 205 215
f 214 225 224
f 214 203 204
f 204 192 193
f 176 177 183
f 176 183 182
f 97 182 181
f 181 182 191
f 172 177 176
f 82 175 97
f 82 97 96
f 183 184 194
f 184 178 185
f 185 178 272
f 184 185 194
f 194 185 277
f 194 277 206
f 206 277 283
f 165 262 263
f 165 263 172
f 172 263 266
f 38 25 26
f 26 13 140
f 40 162 53
f 27 148 40
f 40 148 155
f 40 155 162
f 162 163 169
f 169 163 170
f 39 38 26
f 27 26 140
f 27 140 141
f 163 162 156
f 156 162 155
f 156 155 149
f 149 155 148
f 149 148 142
f 142 148 141
f 677 691 692
f 692 702 703
f 703 702 711
f 655 654 666
f 666 654 680
f 680 654 653
f 680 653 679
f 679 653 665
f 665 653 652
f 664 678 665
f 665 678 679
f 679 694 680
f 142 143 149
f 149 143 150
f 149 150 156
f 156 150 157
f 156 157 163
f 163 157 164
f 163 164 171
f 163 171 170
f 170 171 175
f 52 39 53
f 53 39 40
f 27 40 26
f 148 27 141
f 143 144 150
f 150 144 151
f 150 151 157
f 157 151 158
f 157 158 164
f 164 158 165
f 164 165 171
f 171 165 172
f 666 680 681
f 666 681 667
f 667 681 682
f 667 682 668
f 678 692 693
f 678 693 679
f 679 693 694
f 680 694 695
f 680 695 681
f 681 695 696
f 681 696 682
f 32 31 19
f 19 31 18
f 19 18 6
f 6 18 5
f 6 5 132
f 314 238 244
f 244 238 245
f 238 239 245
f 245 239 125
f 245 125 124
f 124 125 131
f 131 125 132
f 131 132 5
f 369 370 309
f 309 370 310
f 371 366 311
f 311 366 307
f 366 308 307
f 307 308 311
f 311 308 237
f 311 237 240
f 240 237 241
f 21 8 34
f 34 8 35
f 34 35 47
f 8 22 35
f 35 22 23
f 35 23 36
f 8 9 22
f 22 9 10
f 22 10 23
f 23 10 11
f 23 11 24
f 24 11 12
f 24 12 25
f 25 12 13
f 25 13 26
f 26 13 139
f 13 139 140
f 560 488 492
f 492 488 433
f 433 488 434
f 433 434 368
f 368 434 369
f 368 369 314
f 314 369 309
f 314 309 238
f 238 309 310
f 238 310 239
f 560 555 488
f 367 308 366
f 367 366 432
f 432 366 431
f 432 431 486
f 486 431 489
f 629 633 634
f 630 634 635
f 634 630 629
f 629 630 556
f 489 556 486
f 486 487 432
f 641 771 772
f 630 631 556
f 556 631 557
f 556 557 554
f 556 554 486
f 486 554 487
f 780 775 774
f 769 639 775
f 640 639 769
f 640 769 770
f 770 769 775
f 770 775 776
f 787 792 793
f 781 787 788
f 781 788 782
f 782 788 789
f 782 789 783
f 775 780 781
f 775 781 776
f 776 781 782
f 776 782 783
f 776 783 777
f 777 783 784
f 777 784 778
f 771 777 772
f 642 772 646
f 642 646 647
f 647 643 642
f 640 633 639
f 639 633 632
f 783 659 784
f 784 659 778
f 643 636 642
f 642 636 635
f 642 635 772
f 772 642 641
f 641 642 635
f 641 635 634
f 632 633 560
f 559 560 491
f 633 640 634
f 634 640 641
f 641 640 770
f 641 770 771
f 771 770 776
f 771 776 777
f 772 777 778
f 772 778 646
f 646 778 659
f 646 659 647
f 647 659 660
f 647 660 661
f 647 661 648
f 648 661 649
f 676 690 691
f 711 712 703
f 703 712 693
f 703 693 692
f 692 678 677
f 677 678 664
f 677 664 676
f 676 664 663
f 676 663 675
f 675 663 662
f 801 797 796
f 796 797 792
f 796 792 791
f 791 792 786
f 786 792 787
f 788 787 793
f 801 800 805
f 805 804 809
f 809 804 808
f 529 528 464
f 279 280 285
f 285 280 197
f 412 409 345
f 345 409 344
f 197 280 196
f 285 284 279
f 207 286 198
f 409 408 344
f 345 344 286
f 289 286 287
f 244 245 123
f 123 245 124
f 123 124 130
f 130 124 131
f 130 131 137
f 137 131 138
f 137 138 4
f 4 138 5
f 4 5 17
f 17 5 18
f 17 18 30
f 30 18 31
f 30 31 43
f 43 31 44
f 43 44 56
f 56 44 57
f 56 57 70
f 70 57 71
f 70 71 85
f 85 71 86
f 85 86 188
f 188 86 98
f 414 412 347
f 347 412 346
f 347 346 289
f 289 346 345
f 198 197 188
f 188 197 196
f 189 198 188
f 208 207 198
f 208 198 199
f 208 286 207
f 289 290 347
f 347 290 348
f 347 348 353
f 88 87 72
f 72 87 71
f 72 71 58
f 58 71 57
f 58 57 45
f 45 57 44
f 45 44 31
f 109 200 108
f 108 200 199
f 108 199 99
f 99 199 198
f 99 198 189
f 89 88 73
f 33 46 32
f 33 32 20
f 20 32 19
f 20 19 7
f 7 19 6
f 7 6 133
f 133 6 132
f 133 132 126
f 126 132 125
f 126 125 121
f 121 125 240
f 240 125 239
f 240 239 311
f 311 239 310
f 311 310 371
f 371 310 370
f 371 370 366
f 366 370 369
f 366 369 431
f 431 369 434
f 431 434 489
f 489 434 488
f 489 488 556
f 556 488 555
f 556 555 629
f 629 555 633
f 73 88 72
f 73 72 59
f 59 72 58
f 59 58 46
f 46 58 45
f 46 45 32
f 32 45 31
f 209 208 200
f 209 200 201
f 201 200 109
f 138 131 5
f 544 543 476
f 476 543 475
f 421 475 474
f 421 474 420
f 420 474 473
f 420 473 419
f 419 473 472
f 348 290 353
f 290 219 291
f 290 291 295
f 290 295 353
f 353 295 354
f 354 295 296
f 229 291 220
f 220 291 219
f 346 412 345
f 345 286 289
f 289 287 290
f 290 287 218
f 290 218 219
f 219 218 209
f 219 209 210
f 210 209 115
f 210 115 116
f 116 115 109
f 116 109 110
f 286 285 197
f 286 197 198
f 408 343 344
f 344 285 286
f 287 286 208
f 287 208 218
f 218 208 209
f 209 201 115
f 115 201 109
f 61 90 89
f 61 89 74
f 34 47 33
f 34 33 21
f 21 33 20
f 21 20 8
f 8 20 7
f 8 7 134
f 134 7 133
f 134 133 127
f 127 133 126
f 127 126 122
f 122 126 121
f 122 121 240
f 122 240 241
f 47 35 48
f 47 48 60
f 60 48 61
f 408 409 465
f 414 347 353
f 414 353 418
f 418 353 354
f 418 354 419
f 354 296 355
f 355 296 297
f 355 297 356
f 295 229 296
f 477 476 422
f 422 476 421
f 422 421 356
f 422 356 357
f 357 356 298
f 298 356 297
f 230 220 221
f 230 221 222
f 222 221 119
f 222 119 223
f 223 119 120
f 223 120 212
f 231 232 299
f 233 300 232
f 232 300 299
f 235 303 302
f 235 302 234
f 234 302 301
f 193 205 204
f 204 215 214
f 213 214 224
f 213 224 212
f 212 224 223
f 205 216 215
f 215 226 214
f 214 226 225
f 220 219 211
f 220 211 117
f 220 117 118
f 119 118 113
f 358 423 357
f 358 357 299
f 299 357 298
f 299 298 231
f 231 298 297
f 231 297 230
f 230 297 296
f 230 296 229
f 229 220 230
f 231 230 222
f 231 222 232
f 232 222 223
f 234 225 235
f 117 110 111
f 210 116 117
f 117 111 112
f 104 112 111
f 104 111 103
f 103 111 110
f 103 110 102
f 102 110 101
f 101 110 109
f 92 104 103
f 92 103 91
f 118 117 112
f 112 104 113
f 113 104 105
f 113 105 106
f 190 106 107
f 190 107 191
f 191 107 96
f 191 96 181
f 181 96 97
f 182 97 175
f 182 175 176
f 219 210 211
f 211 210 117
f 118 112 113
f 114 113 106
f 114 106 202
f 202 106 190
f 202 190 203
f 203 190 191
f 192 191 182
f 184 183 177
f 184 177 178
f 178 177 172
f 178 172 266
f 94 93 78
f 78 93 92
f 78 92 77
f 171 172 176
f 171 176 175
f 81 82 96
f 95 96 107
f 95 107 94
f 94 107 106
f 94 106 105
f 94 105 93
f 93 105 104
f 93 104 92
f 91 103 102
f 91 102 90
f 90 102 101
f 90 101 89
f 89 101 88
f 88 101 100
f 88 100 87
f 87 100 99
f 87 99 86
f 86 99 98
f 221 220 118
f 221 118 119
f 120 119 113
f 120 113 114
f 120 114 202
f 203 191 192
f 192 182 193
f 193 182 183
f 193 183 194
f 193 194 205
f 205 194 206
f 205 206 216
f 216 206 217
f 216 217 227
f 227 217 228
f 227 228 292
f 227 292 236
f 236 292 304
f 236 304 303
f 636 631 635
f 635 631 630
f 437 492 433
f 437 433 374
f 374 433 368
f 374 368 314
f 248 244 130
f 130 244 123
f 188 98 189
f 189 98 99
f 99 100 108
f 108 100 101
f 108 101 109
f 419 354 355
f 419 355 420
f 420 355 356
f 420 356 421
f 475 421 476
f 478 477 424
f 478 424 425
f 426 425 361
f 426 361 362
f 365 364 305
f 365 305 306
f 46 33 47
f 46 47 59
f 59 47 60
f 59 60 73
f 73 60 74
f 73 74 89
f 91 90 76
f 284 343 279
f 42 55 168
f 42 168 161
f 187 180 84
f 293 288 282
f 272 267 266
f 159 259 166
f 166 259 262
f 259 159 258
f 258 159 152
f 152 145 258
f 258 145 254
f 647 648 8
f 8 648 9
f 9 648 649
f 9 649 10
f 255 254 251
f 251 254 144
f 251 144 143
f 143 142 251
f 251 142 141
f 251 141 140
f 10 649 11
f 652 140 651
f 649 650 11
f 11 650 12
f 12 650 13
f 13 650 651
f 652 653 140
f 140 653 654
f 655 251 140
f 655 140 654
f 651 140 139
f 651 139 13
f 575 701 569
f 603 612 604
f 789 794 685
f 789 685 671
f 674 673 687
f 536 542 543
f 603 602 612
f 595 594 602
f 585 584 595
f 595 584 594
f 536 535 542
f 613 531 536
f 614 613 536
f 614 536 619
f 619 536 537
f 537 536 543
f 537 543 619
f 535 536 531
f 613 614 605
f 585 595 586
f 586 595 596
f 597 587 596
f 597 596 604
f 597 598 588
f 741 740 750
f 750 740 739
f 750 739 749
f 750 749 758
f 758 749 620
f 758 620 621
f 621 620 623
f 623 620 622
f 758 759 750
f 750 759 751
f 750 751 741
f 615 620 749
f 615 749 606
f 606 749 739
f 739 740 731
f 543 622 619
f 619 622 620
f 619 620 614
f 614 620 615
f 614 615 605
f 605 615 606
f 605 606 598
f 598 606 739
f 598 739 730
f 730 739 731
f 741 732 740
f 740 732 731
f 730 731 720
f 730 720 719
f 604 605 597
f 587 597 588
f 578 585 579
f 579 585 586
f 573 578 574
f 574 578 579
f 575 574 580
f 579 580 574
f 575 569 568
f 702 701 575
f 702 575 710
f 710 575 580
f 710 580 581
f 568 689 567
f 689 675 567
f 567 675 674
f 701 690 569
f 569 690 568
f 568 690 689
f 586 587 580
f 581 719 710
f 710 719 720
f 710 720 711
f 595 604 596
f 580 587 588
f 580 588 581
f 581 588 719
f 708 707 716
f 716 707 802
f 716 802 806
f 708 716 717
f 709 717 718
f 709 718 577
f 577 718 584
f 584 585 578
f 584 578 577
f 717 709 708
f 577 708 709
f 577 709 572
f 572 577 573
f 573 577 578
f 700 708 572
f 572 708 577
f 686 685 699
f 686 699 700
f 672 671 685
f 685 794 793
f 686 672 685
f 798 793 797
f 573 567 572
f 687 686 566
f 566 686 700
f 566 700 572
f 572 700 571
f 686 687 673
f 686 673 672
f 566 572 567
f 566 567 687
f 687 567 688
f 687 688 674
f 674 688 567
f 530 531 613
f 530 535 531
f 604 613 605
f 597 605 598
f 598 730 588
f 588 730 719
f 603 595 602
f 530 603 612
f 603 604 595
f 732 721 720
f 732 720 731
f 587 586 596
f 613 604 612
f 613 612 530
f 699 685 793
f 699 793 798
f 798 802 699
f 699 802 707
f 699 707 700
f 700 707 708
f 579 586 580
f 574 575 568
f 574 568 573
f 573 568 567
f 643 647 1
f 1 647 8
f 432 487 643
f 308 367 134
f 134 367 1
f 1 367 643
f 643 367 432
f 237 308 127
f 308 134 127
f 487 554 643
f 643 554 636
f 122 237 127
f 237 122 241
f 636 554 631
f 450 473 541
f 450 541 535
f 450 535 530
f 450 530 612
f 612 602 450
f 602 594 450
f 450 594 584
f 450 584 718
f 450 718 449
f 449 718 717
f 449 717 716
f 716 806 449
f 809 453 805
f 805 453 448
f 805 448 449
f 805 449 806
f 529 465 453
f 453 809 727
f 453 727 736
f 453 609 529
f 453 736 609
f 405 398 397
f 397 404 405
f 405 404 410
f 405 410 411
f 410 469 412
f 410 469 413
f 410 413 411
f 411 413 414
f 411 414 417
f 411 417 472
f 535 541 542
f 543 544 622
f 621 623 758
f 702 691 690
f 544 623 622
f 474 475 543
f 623 624 764
f 542 474 543
f 721 712 711
f 541 473 474
f 541 474 542
f 623 764 759
f 721 711 720
f 701 702 690
f 758 623 759
f 710 711 702
f 690 676 675
f 690 675 689
f 805 806 801
f 789 672 671
f 806 802 801
f 801 802 797
f 793 789 788
f 794 789 793
f 793 792 797
f 798 797 802
f 395 78 394
f 394 78 77
f 388 64 395
f 395 64 78
f 389 65 388
f 388 65 64
f 52 389 384
f 389 52 65
f 383 52 384
f 381 38 51
f 381 51 383
f 383 51 52
f 380 38 381
f 380 37 38
f 37 380 36
f 36 380 379
f 378 35 36
f 378 36 379
f 35 378 382
f 35 382 48
f 387 61 382
f 382 61 48
f 61 387 75
f 75 387 392
f 393 76 392
f 392 76 75
f 394 77 393
f 393 77 76
f 77 394 76
f 76 394 393
f 387 61 392
f 392 61 75
f 380 37 379
f 379 37 36
f 394 77 395
f 395 77 78
f 48 35 36
f 63 78 77
f 51 52 65
f 50 37 38
f 50 36 37
f 61 48 49
f 62 76 75
f 62 75 61
f 77 76 63
f 63 76 62
f 51 65 64
f 51 64 63
f 63 64 78
f 36 50 49
f 36 49 48
f 38 51 50
f 50 51 63
f 50 63 62
f 50 62 49
f 49 62 61
f 469 410 466
f 460 397 454
f 397 460 404
f 454 449 448
f 454 448 453
f 450 449 454
f 450 454 455
f 454 397 398
f 455 454 398
f 467 450 455
f 398 405 461
f 461 455 398
f 472 473 450
f 472 450 467
f 472 467 411
f 256 668 682
f 256 682 260
f 260 682 696
f 325 260 503
f 503 260 696
f 503 696 570
f 704 733 599
f 270 264 514
f 514 264 704
f 514 704 589
f 589 704 599
f 599 733 518
f 779 773 644
f 725 795 734
f 725 799 795
f 607 734 795
f 807 803 725
f 725 803 799
f 795 697 705
f 195 278 54
f 153 41 160
f 644 637 790
f 790 785 644
f 644 785 779
f 795 790 697
f 697 790 683
f 683 790 669
f 669 790 657
f 246 128 41
f 41 128 135
f 41 135 28
f 173 167 54
f 173 54 179
f 186 68 83
f 186 83 179
f 2 15 135
f 135 15 28
f 402 336 407
f 54 68 186
f 54 186 195
f 438 435 375
f 375 435 372
f 561 563 558
f 372 246 315
f 372 315 375
f 278 342 407
f 490 435 558
f 558 563 644
f 246 41 146
f 246 146 135
f 458 463 522
f 590 600 607
f 435 561 558
f 637 558 790
f 790 558 644
f 790 644 657
f 435 438 493
f 435 493 561
f 41 153 146
f 135 249 246
f 179 54 278
f 179 278 268
f 268 278 273
f 312 242 372
f 372 242 246
f 407 336 278
f 402 407 463
f 402 463 458
f 600 522 463
f 607 600 463
f 607 463 527
f 705 714 795
f 795 714 607
f 607 714 725
f 607 725 590
f 438 494 493
f 493 494 562
f 493 562 561
f 561 562 564
f 561 564 563
f 563 564 645
f 563 645 644
f 644 645 658
f 644 658 657
f 657 658 670
f 657 670 669
f 669 670 684
f 669 684 683
f 683 684 698
f 683 698 697
f 697 698 706
f 697 706 705
f 705 706 715
f 705 715 714
f 714 715 726
f 714 726 725
f 725 726 591
f 725 591 590
f 590 591 601
f 590 601 600
f 600 601 523
f 600 523 522
f 522 523 459
f 522 459 458
f 458 459 403
f 458 403 402
f 402 403 337
f 402 337 336
f 336 337 279
f 336 279 278
f 278 279 274
f 278 274 273
f 273 274 269
f 273 269 268
f 268 269 180
f 268 180 179
f 179 180 174
f 179 174 173
f 173 174 168
f 173 168 167
f 167 168 161
f 167 161 160
f 160 161 154
f 160 154 153
f 153 154 147
f 153 147 146
f 146 147 136
f 146 136 135
f 135 136 250
f 135 250 249
f 249 250 247
f 249 247 246
f 246 247 316
f 246 316 315
f 315 316 376
f 315 376 375
f 375 376 439
f 375 439 438
f 438 439 494
f 698 168 174
f 168 698 161
f 715 706 174
f 174 706 698
f 698 684 161
f 161 684 670
f 161 670 658
f 494 439 161
f 161 439 154
f 154 439 376
f 154 376 147
f 337 403 715
f 715 403 459
f 161 562 494
f 715 174 180
f 161 658 645
f 180 269 715
f 715 269 274
f 376 316 147
f 147 316 247
f 247 250 147
f 147 250 136
f 274 279 715
f 715 279 337
f 459 523 715
f 715 523 726
f 726 523 601
f 645 564 161
f 161 564 562
f 601 591 726
f 407 408 463
f 463 408 464
f 795 796 790
f 790 796 791
f 435 436 372
f 372 436 373
f 41 42 160
f 160 42 161
f 167 168 54
f 54 168 55
f 552 483 484
f 484 485 553
f 484 553 552
f 430 485 484
f 429 430 484
f 552 550 551
f 552 551 483
f 471 538 539
f 471 349 538
f 293 292 349
f 471 350 349
f 349 350 293
f 350 471 351
f 351 471 416
f 416 352 351
f 471 539 540
f 430 429 365
f 538 550 552
f 538 552 539
f 292 349 304
f 304 349 363
f 350 351 365
f 364 350 365
f 350 364 363
f 350 363 349
f 416 430 351
f 351 430 365
f 430 416 471
f 430 471 485
f 485 471 540
f 485 540 553
f 553 540 539
f 553 539 552
f 507 261 264
f 261 507 508
f 509 261 508
f 509 386 262
f 509 262 261
f 510 446 509
f 509 446 386
f 447 446 509
f 508 329 330
f 391 447 509
f 508 330 509
f 509 330 391
f 329 508 507
f 329 507 266
f 266 507 264
f 266 264 265
f 330 390 391
f 266 390 329
f 390 330 329
f 262 386 265
f 265 386 390
f 446 447 391
f 446 391 386
f 386 391 390
f 266 265 390
f 519 276 333
f 276 519 275
f 275 519 518
f 400 456 520
f 520 456 521
f 333 334 519
f 519 334 400
f 519 400 520
f 272 271 331
f 452 515 516
f 452 331 271
f 452 271 515
f 515 271 270
f 515 270 514
f 516 517 452
f 517 451 452
f 396 332 452
f 452 332 331
f 400 401 457
f 400 457 456
f 272 277 271
f 271 277 276
f 515 519 520
f 515 520 516
f 518 514 599
f 599 514 589
f 514 518 515
f 515 518 519
f 401 396 452
f 401 452 457
f 457 452 451
f 457 451 456
f 456 451 517
f 456 517 521
f 521 517 516
f 521 516 520
f 277 272 334
f 334 272 331
f 400 335 401
f 277 334 333
f 277 333 276
f 335 400 334
f 401 335 396
f 396 335 332
f 335 334 332
f 332 334 331
f 565 495 252
f 495 317 252
f 317 495 496
f 317 496 497
f 317 497 498
f 317 498 252
f 440 252 498
f 440 377 252
f 252 377 253
f 321 317 256
f 256 317 252
f 253 257 256
f 253 256 252
f 443 442 324
f 322 323 499
f 443 442 501
f 499 323 324
f 500 324 501
f 501 324 442
f 499 257 322
f 442 502 501
f 324 500 499
f 256 257 499
f 500 496 495
f 500 495 499
f 319 323 318
f 318 323 322
f 319 318 377
f 320 377 441
f 320 319 377
f 323 319 324
f 324 319 320
f 324 320 443
f 443 320 441
f 440 441 377
f 253 377 318
f 253 318 257
f 257 318 322
f 500 501 496
f 496 501 497
f 443 441 440
f 443 440 442
f 442 440 498
f 442 498 502
f 502 498 497
f 502 497 501
f 503 325 504
f 504 325 326
f 505 385 444
f 505 444 506
f 504 326 385
f 504 385 505
f 505 444 445
f 505 445 504
f 445 327 326
f 445 326 504
f 445 328 327
f 445 444 328
f 260 325 261
f 261 325 326
f 326 327 385
f 385 445 444
f 385 328 445
f 327 328 385
f 400 399 456
f 275 518 520
f 399 275 456
f 520 521 275
f 275 521 456
f 524 340 341
f 524 339 340
f 281 524 338
f 524 281 339
f 524 341 525
f 525 341 406
f 525 406 462
f 281 282 339
f 462 526 525
f 339 406 341
f 341 340 339
f 275 399 276
f 276 399 400
f 400 406 339
f 339 282 276
f 339 276 400
f 524 525 520
f 524 520 518
f 406 400 456
f 406 456 462
f 462 456 521
f 462 521 526
f 526 521 520
f 526 520 525
f 455 618 513
f 513 618 757
f 405 411 455
f 455 411 467
f 455 470 534
f 757 748 513
f 748 738 513
f 455 467 470
f 455 534 618
f 729 584 738
f 584 513 738
f 513 594 455
f 467 461 534
f 467 534 470
f 748 461 455
f 594 729 455
f 455 729 738
f 461 618 534
f 461 748 611
f 461 611 618
f 455 738 748
f 455 461 405
f 461 467 455
f 611 748 757
f 611 757 618
f 584 594 513
f 729 594 584
f 583 728 404
f 737 404 728
f 404 737 747
f 404 747 756
f 410 404 466
f 454 583 404
f 756 617 404
f 533 469 404
f 404 469 466
f 454 512 583
f 617 533 404
f 465 592 453
f 453 592 582
f 582 511 453
f 592 465 468
f 592 468 727
f 727 468 532
f 746 532 616
f 746 736 532
f 532 736 727
f 746 616 609
f 583 593 728
f 617 756 610
f 610 756 747
f 404 460 454
f 454 453 511
f 454 511 512
f 512 511 582
f 512 582 583
f 582 592 583
f 583 592 593
f 466 469 465
f 465 469 468
f 593 592 727
f 593 727 728
f 728 727 736
f 728 736 737
f 737 736 746
f 737 746 747
f 747 746 609
f 747 609 610
f 610 609 616
f 610 616 617
f 617 616 532
f 617 532 533
f 533 532 468
f 533 468 469
f 416 430 429
f 416 429 415
f 886 880 883
f 880 886 881
f 881 886 887
f 885 882 879
f 885 879 884
f 884 879 878
f 879 885 878
f 878 885 884
f 879 869 868
f 879 868 878
f 869 879 880
f 869 880 881
f 838 825 854
f 854 825 881
f 880 854 881
f 824 837 853
f 824 853 878
f 878 853 879
f 879 853 880
f 880 853 854
f 825 838 824
f 824 838 837
f 881 887 880
f 880 887 886
f 812 813 824
f 824 813 825
f 868 824 878
f 826 812 824
f 813 827 825
f 825 869 881
f 881 873 887
f 869 857 871
f 869 871 881
f 881 871 873
f 817 829 813
f 813 829 827
f 857 869 841
f 841 869 825
f 825 827 841
f 855 869 825
f 881 873 869
f 869 873 871
f 825 869 857
f 825 857 841
f 825 839 855
f 852 868 855
f 855 868 869
f 839 838 855
f 837 838 839
f 836 852 837
f 852 853 837
f 855 854 852
f 854 853 852
f 838 854 855
f 817 814 813
f 813 814 812
f 813 812 811
f 811 812 810
f 811 810 825
f 825 810 824
f 825 824 839
f 839 824 836
f 839 836 837
f 811 825 813
f 868 870 878
f 878 870 872
f 878 872 884
f 824 868 852
f 840 824 826
f 824 840 856
f 824 856 868
f 868 856 870
f 826 812 828
f 828 812 814
f 852 836 824
f 826 828 814
f 814 812 826
f 810 812 824
f 813 812 817
f 817 812 814
f 816 815 814
f 816 814 817
f 814 815 817
f 816 817 815
f 819 821 817
f 820 818 814
f 862 866 861
f 861 866 865
f 866 862 850
f 850 862 846
f 845 849 850
f 845 850 846
f 861 865 849
f 861 849 845
f 890 894 891
f 891 894 895
f 894 890 889
f 894 889 893
f 888 892 893
f 888 893 889
f 877 895 894
f 877 894 893
f 877 893 876
f 876 893 892
f 864 848 865
f 848 849 865
f 849 848 850
f 866 850 851
f 865 866 867
f 866 851 867
f 877 876 867
f 867 876 864
f 867 864 865
f 851 850 848
f 851 848 835
f 835 848 834
f 835 834 823
f 823 834 822
f 892 888 889
f 889 893 892
f 890 894 893
f 890 893 889
f 894 890 895
f 895 890 891
f 835 862 895
f 892 861 834
f 834 861 845
f 835 846 862
f 895 862 894
f 894 862 893
f 893 862 861
f 834 845 835
f 835 845 846
f 861 892 893
f 834 835 822
f 822 835 823
f 822 823 820
f 820 823 821
f 835 847 851
f 867 851 863
f 863 851 847
f 863 877 867
f 834 848 844
f 876 860 864
f 864 860 844
f 864 844 848
f 820 834 822
f 876 892 874
f 874 892 888
f 818 830 828
f 818 828 814
f 876 874 858
f 876 858 860
f 860 858 844
f 844 858 842
f 844 842 834
f 834 842 832
f 834 832 822
f 822 832 820
f 830 818 820
f 830 820 832
f 814 828 830
f 814 830 820
f 858 892 834
f 858 834 842
f 858 874 892
f 820 832 834
f 895 891 875
f 859 895 875
f 895 859 835
f 835 859 843
f 831 821 833
f 821 831 817
f 817 831 829
f 821 835 833
f 835 843 833
f 843 859 847
f 847 859 863
f 863 859 877
f 877 859 875
f 877 875 895
f 821 819 831
f 831 819 829
f 829 819 817
f 833 835 823
f 833 823 821
f 843 847 835
f 823 835 821
f 1142 1158 1143
f 1143 1158 1159
f 1162 1146 1163
f 1146 1128 1147
f 1146 1147 1163
f 1094 1095 1113
f 1148 1129 1149
f 1092 1093 1112
f 1092 1112 1111
f 1158 1160 1162
f 1146 1144 1142
f 1160 1158 1144
f 1144 1158 1142
f 1158 1162 1159
f 1159 1162 1163
f 1161 1145 1159
f 1159 1145 1143
f 1147 1145 1163
f 1163 1145 1161
f 1161 1159 1163
f 1143 1145 1144
f 1143 1144 1142
f 913 914 920
f 920 914 921
f 920 921 913
f 913 921 914
f 943 909 947
f 909 916 947
f 947 916 917
f 947 917 948
f 899 897 923
f 897 916 923
f 955 924 923
f 955 923 954
f 954 923 930
f 954 930 959
f 898 899 922
f 922 899 923
f 958 929 953
f 929 922 953
f 953 922 921
f 953 921 952
f 896 898 915
f 915 898 922
f 945 914 915
f 945 915 946
f 915 908 946
f 946 908 942
f 896 916 897
f 916 896 915
f 935 928 929
f 908 909 916
f 908 916 915
f 936 935 934
f 938 937 930
f 931 938 930
f 932 931 924
f 925 932 924
f 918 925 917
f 903 904 909
f 909 904 910
f 909 908 902
f 909 902 903
f 908 901 902
f 927 920 913
f 911 918 917
f 911 917 910
f 910 917 916
f 925 924 917
f 917 924 916
f 916 924 923
f 931 923 924
f 931 930 923
f 930 929 923
f 923 929 922
f 929 936 935
f 937 936 929
f 937 929 930
f 928 921 922
f 928 922 929
f 920 928 927
f 928 920 921
f 921 913 922
f 922 913 915
f 906 914 913
f 913 914 915
f 927 928 929
f 907 901 908
f 906 907 908
f 906 908 914
f 914 908 915
f 910 916 909
f 997 975 978
f 1040 1055 1056
f 1037 1050 1034
f 1037 1052 1050
f 1052 1037 1051
f 1036 1072 1037
f 1037 1072 1051
f 1057 1078 1036
f 1036 1078 1072
f 1057 1100 1078
f 1056 1099 1057
f 1057 1099 1100
f 1076 1098 1055
f 1099 1056 1098
f 1098 1056 1055
f 987 988 964
f 936 986 937
f 937 986 987
f 937 987 964
f 937 964 938
f 938 964 960
f 938 960 931
f 961 932 931
f 932 961 982
f 932 961 956
f 932 956 925
f 975 949 956
f 925 956 949
f 925 949 918
f 997 1000 1018
f 1032 1016 1018
f 1018 1016 997
f 1004 1021 1000
f 1000 1021 1018
f 1022 1040 1023
f 1023 1040 1056
f 1034 1032 1018
f 1034 1018 1037
f 1037 1018 1021
f 1037 1021 1004
f 1037 1004 1036
f 1036 1004 1003
f 1036 1003 1020
f 1036 1020 1057
f 1057 1020 1024
f 1057 1024 1056
f 1056 1024 1023
f 981 960 988
f 988 960 964
f 978 975 956
f 978 956 982
f 982 956 961
f 1004 982 981
f 981 982 961
f 981 961 960
f 960 961 931
f 986 1022 987
f 987 1022 1023
f 987 1023 988
f 988 1023 1024
f 988 1024 981
f 981 1024 1020
f 981 1020 1004
f 1004 1020 1003
f 1004 1003 982
f 982 1004 978
f 978 1004 1000
f 978 1000 997
f 1074 1053 1054
f 1075 1097 1074
f 1075 1054 1055
f 1075 1055 1076
f 1074 1054 1075
f 986 936 963
f 985 935 936
f 985 936 986
f 962 934 935
f 962 935 984
f 984 935 985
f 1054 1053 1038
f 1005 1006 1038
f 1038 1006 1054
f 1022 1055 1007
f 1007 1055 1006
f 1006 985 986
f 1006 986 1007
f 1005 984 1006
f 1006 984 985
f 1055 1054 1006
f 980 927 984
f 984 927 934
f 980 957 927
f 1110 1091 1070
f 1114 1110 1070
f 1096 1114 1074
f 1074 1114 1070
f 1097 1096 1074
f 934 962 984
f 1035 1019 980
f 1035 980 1038
f 1038 980 984
f 1038 984 1005
f 1070 1035 1074
f 1074 1035 1038
f 1074 1038 1053
f 1002 980 1019
f 951 927 957
f 951 920 927
f 920 951 977
f 977 999 1017
f 980 1002 999
f 999 1002 1019
f 999 1019 1033
f 999 951 980
f 980 951 957
f 977 951 999
f 1110 1109 1091
f 1091 1109 1089
f 1091 1089 1068
f 1091 1068 1070
f 1019 1035 1033
f 1033 1035 1070
f 1068 1033 1070
f 1089 1109 1068
f 1033 1017 999
f 1051 1057 1052
f 1051 1078 1057
f 1100 1099 1078
f 1078 1099 1077
f 1077 1099 1076
f 1099 1098 1076
f 1098 1097 1076
f 1076 1097 1075
f 1097 1115 1114
f 1097 1114 1096
f 1007 986 987
f 919 979 926
f 926 979 983
f 926 983 933
f 933 983 982
f 933 982 932
f 988 938 982
f 982 938 932
f 938 988 937
f 937 988 987
f 987 986 963
f 987 963 937
f 937 963 936
f 1023 1077 1076
f 1076 1055 1023
f 1023 1055 1022
f 1023 1022 1007
f 1024 1078 1023
f 1023 1078 1077
f 1078 1024 1057
f 1041 1037 1052
f 1041 1052 1057
f 1016 1018 998
f 998 1018 1001
f 998 1001 976
f 919 950 979
f 979 950 976
f 1057 1024 1041
f 1041 1024 1008
f 1041 1008 1037
f 1037 1008 1004
f 1001 1018 1000
f 1000 1018 1004
f 1004 1018 1037
f 987 1023 1007
f 976 1001 979
f 979 1001 1000
f 979 1000 983
f 983 1000 1004
f 983 1004 982
f 982 1004 1008
f 982 1008 988
f 988 1008 1024
f 911 905 904
f 971 994 1012
f 1012 994 1028
f 1028 1046 1063
f 944 941 906
f 944 906 913
f 990 989 1025
f 1042 1043 1025
f 900 965 966
f 900 966 901
f 967 902 901
f 967 901 966
f 991 1044 1009
f 990 966 965
f 990 965 989
f 966 990 967
f 967 990 991
f 990 1043 991
f 991 1043 1044
f 1025 1043 990
f 1079 1080 1058
f 1101 1079 1058
f 1104 1101 1063
f 1063 1101 1058
f 1084 1104 1063
f 1012 1028 971
f 906 941 971
f 906 971 965
f 906 965 900
f 971 1028 965
f 965 1028 1025
f 965 1025 989
f 1028 1063 1025
f 1025 1063 1058
f 1025 1058 1042
f 1058 1059 1042
f 1059 1043 1042
f 1060 1044 1059
f 1059 1044 1043
f 1058 1080 1059
f 1010 1009 1044
f 1010 1044 1060
f 968 967 991
f 902 967 968
f 968 903 902
f 904 903 968
f 968 969 904
f 970 911 969
f 969 911 904
f 911 970 972
f 911 972 912
f 912 972 973
f 912 973 919
f 919 973 976
f 919 976 950
f 1016 1030 1032
f 1045 1030 1027
f 1011 1045 1027
f 1045 1011 1062
f 1062 1011 1010
f 1062 1010 1061
f 1030 995 1027
f 1027 995 993
f 1027 993 1011
f 1016 998 997
f 1016 997 1030
f 1030 997 995
f 1060 1061 1010
f 1010 968 991
f 1010 991 1009
f 968 1010 969
f 969 1010 1011
f 969 1011 970
f 970 1011 993
f 970 993 972
f 972 993 995
f 972 995 973
f 973 995 976
f 976 995 997
f 976 997 998
f 974 996 944
f 971 996 994
f 971 941 944
f 971 944 996
f 1030 1048 1049
f 1030 1049 1032
f 1045 1062 1048
f 1082 1083 1062
f 1062 1061 1082
f 1081 1082 1061
f 1102 1079 1101
f 1079 1102 1080
f 996 1015 1031
f 1107 1104 1084
f 1107 1084 1088
f 1084 1066 1088
f 1088 1066 1107
f 996 1031 1028
f 996 1028 994
f 1084 1063 1066
f 1066 1063 1046
f 1031 1066 1046
f 1031 1046 1028
f 1081 1061 1060
f 1060 1059 1081
f 1081 1059 1080
f 1030 1045 1048
f 944 913 974
f 996 974 1015
f 1063 1104 1107
f 1107 1066 1063
f 1043 1059 1058
f 1058 1059 1102
f 1058 1102 1101
f 990 1026 1025
f 941 906 900
f 941 900 940
f 1031 1015 974
f 965 990 1025
f 965 1025 971
f 1025 1028 971
f 971 941 940
f 971 940 965
f 965 940 966
f 1031 974 1028
f 1028 974 971
f 974 944 971
f 1063 1066 1031
f 1063 1031 1028
f 1063 1028 1058
f 1058 1028 1025
f 1058 1025 1043
f 1043 1025 1026
f 919 918 912
f 912 918 911
f 910 904 911
f 938 939 932
f 926 933 932
f 918 919 925
f 925 919 926
f 932 925 926
f 931 932 938
f 1109 1110 1068
f 1039 1038 1054
f 1074 1114 1115
f 1074 1115 1075
f 1068 1110 1070
f 1017 1033 977
f 962 934 927
f 962 927 957
f 977 980 951
f 1039 1006 1038
f 1038 1006 984
f 1038 984 1035
f 1035 984 980
f 984 985 962
f 984 962 980
f 980 962 957
f 977 1033 980
f 980 1033 1035
f 1033 1068 1035
f 1035 1068 1070
f 1035 1070 1038
f 1038 1070 1074
f 1038 1074 1054
f 1125 1124 1108
f 1108 1124 1107
f 1115 1110 1114
f 1076 1098 1077
f 1077 1098 1099
f 1115 1114 1130
f 1115 1130 1131
f 1130 1114 1110
f 1110 1127 1130
f 1048 1013 1014
f 1047 1029 1048
f 1013 1048 1029
f 1047 1064 1087
f 928 937 936
f 901 902 907
f 907 902 903
f 928 936 935
f 934 927 928
f 934 928 935
f 911 918 932
f 932 918 925
f 931 938 928
f 928 938 937
f 906 900 907
f 907 900 901
f 907 903 904
f 907 904 910
f 1121 1104 1124
f 1124 1104 1107
f 1117 1101 1121
f 1121 1101 1104
f 1101 1117 1118
f 1101 1118 1102
f 1107 1109 1124
f 1124 1109 1126
f 1110 1127 1109
f 1109 1127 1126
f 1109 1107 1068
f 1068 1107 1066
f 1068 1066 1033
f 1033 1066 1031
f 1033 1031 1017
f 1017 1031 996
f 1017 996 977
f 977 996 974
f 977 974 944
f 977 944 951
f 951 944 913
f 951 913 920
f 1034 1032 1050
f 1073 1051 1052
f 1073 1072 1051
f 1047 1064 1065
f 1047 1065 1048
f 1050 1032 1049
f 1067 1050 1049
f 1052 1069 1073
f 1062 1083 1087
f 1052 1050 1069
f 1069 1050 1067
f 1067 1049 1048
f 1062 1087 1064
f 1067 1048 1064
f 1064 1048 1065
f 1069 1072 1073
f 1095 1078 1072
f 1078 1095 1100
f 1125 1121 1124
f 1118 1117 1122
f 1122 1117 1125
f 1125 1117 1121
f 1126 1107 1124
f 1110 1107 1127
f 1127 1107 1126
f 1064 1048 1047
f 1064 1047 1062
f 1072 1051 1078
f 1132 1116 1133
f 1099 1100 1132
f 1132 1100 1116
f 1132 1098 1099
f 1132 1115 1098
f 1132 1131 1115
f 1151 1150 1132
f 1132 1150 1131
f 1132 1152 1151
f 1132 1153 1152
f 1132 1133 1153
f 1115 1097 1098
f 1131 1111 1115
f 1131 1128 1111
f 1150 1146 1131
f 1131 1146 1128
f 1151 1147 1146
f 1151 1146 1150
f 1147 1151 1163
f 1163 1151 1165
f 1163 1165 1166
f 1163 1166 1164
f 1164 1166 1152
f 1164 1152 1148
f 1148 1152 1149
f 1149 1152 1153
f 1149 1153 1133
f 1149 1133 1129
f 1129 1133 1113
f 1113 1133 1116
f 1113 1116 1095
f 1095 1116 1100
f 1099 1095 1100
f 1099 1094 1095
f 1115 1111 1092
f 1115 1092 1097
f 1097 1092 1093
f 1097 1093 1098
f 1098 1093 1094
f 1098 1094 1099
f 1165 1151 1152
f 1165 1152 1166
f 1067 1064 1069
f 1069 1064 1087
f 1069 1087 1090
f 1069 1090 1072
f 1072 1090 1095
f 1094 1071 1095
f 1072 1095 1071
f 1095 1090 1087
f 1095 1087 1113
f 1113 1087 1106
f 1123 1129 1106
f 1106 1129 1113
f 1141 1149 1123
f 1123 1149 1129
f 1157 1164 1140
f 1140 1164 1148
f 1140 1148 1141
f 1141 1148 1149
f 1139 1147 1156
f 1156 1147 1163
f 1156 1163 1157
f 1157 1163 1164
f 1138 1146 1139
f 1139 1146 1147
f 1122 1128 1138
f 1138 1128 1146
f 1105 1111 1122
f 1122 1111 1128
f 1086 1082 1087
f 1087 1082 1083
f 1087 1083 1103
f 1087 1103 1106
f 1106 1103 1120
f 1106 1120 1123
f 1123 1120 1137
f 1123 1137 1141
f 1141 1137 1136
f 1141 1136 1140
f 1140 1136 1155
f 1140 1155 1157
f 1157 1155 1154
f 1157 1154 1156
f 1156 1154 1135
f 1156 1135 1139
f 1139 1135 1134
f 1139 1134 1138
f 1138 1134 1118
f 1138 1118 1122
f 1122 1118 1102
f 1122 1102 1105
f 1155 1136 1135
f 1155 1135 1154
f 1105 1102 1080
f 1105 1080 1085
f 1061 992 1080
f 1080 992 991
f 1080 991 990
f 1080 1081 1061
f 1137 1120 1136
f 1135 1118 1134
f 1081 1080 1102
f 1082 1103 1083
f 1119 1102 1118
f 1081 1102 1119
f 1119 1082 1081
f 1103 1082 1119
f 1119 1120 1103
f 1136 1120 1119
f 1119 1135 1136
f 1118 1135 1119
f 928 913 931
f 931 913 906
f 906 907 931
f 931 907 910
f 928 927 913
f 932 931 911
f 911 931 910
f 1375 1374 1373
f 1373 1374 1368
f 1373 1368 1367
f 1367 1368 1366
f 1367 1366 1361
f 1361 1366 1352
f 1361 1352 1348
f 1348 1352 1325
f 1348 1325 1321
f 1321 1325 1330
f 1321 1330 1326
f 1326 1330 1331
f 1331 1330 1335
f 1331 1335 1341
f 1331 1341 1336
f 1336 1341 1356
f 1336 1356 1355
f 1355 1356 1372
f 1355 1372 1371
f 1371 1372 1370
f 1371 1370 1369
f 1369 1370 1376
f 1369 1376 1375
f 1375 1376 1374
f 1330 1353 1335
f 1353 1356 1341
f 1353 1341 1335
f 1353 1372 1356
f 1353 1370 1372
f 1374 1376 1353
f 1353 1376 1370
f 1368 1374 1353
f 1353 1366 1368
f 1353 1352 1366
f 1330 1325 1353
f 1353 1325 1352
f 1331 1354 1326
f 1354 1348 1321
f 1354 1321 1326
f 1354 1361 1348
f 1354 1367 1361
f 1375 1373 1354
f 1354 1373 1367
f 1369 1375 1354
f 1354 1371 1369
f 1354 1355 1371
f 1331 1336 1354
f 1354 1336 1355
f 1201 1224 1223
f 1223 1200 1201
f 1201 1219 1224
f 1170 1176 1175
f 1176 1170 1171
f 1176 1171 1172
f 1176 1172 1177
f 1219 1220 1201
f 1202 1201 1220
f 1324 1351 1325
f 1325 1351 1352
f 1304 1330 1308
f 1308 1330 1335
f 1312 1340 1316
f 1316 1340 1339
f 1316 1339 1343
f 1316 1343 1315
f 1366 1352 1365
f 1352 1351 1365
f 1365 1351 1347
f 1365 1347 1360
f 1360 1347 1359
f 1359 1347 1346
f 1346 1319 1295
f 1170 1181 1182
f 1170 1182 1171
f 1171 1182 1172
f 1182 1183 1172
f 1185 1177 1172
f 1185 1172 1183
f 1195 1214 1197
f 1197 1214 1216
f 1202 1220 1219
f 1202 1219 1201
f 1245 1223 1224
f 1245 1224 1246
f 1308 1307 1304
f 1304 1307 1303
f 1304 1303 1330
f 1330 1303 1329
f 1335 1334 1307
f 1335 1307 1308
f 1312 1316 1311
f 1315 1311 1316
f 1324 1325 1329
f 1329 1325 1330
f 1325 1352 1323
f 1323 1352 1350
f 1330 1325 1328
f 1328 1325 1323
f 1330 1328 1335
f 1335 1328 1333
f 1333 1334 1335
f 1334 1333 1339
f 1334 1339 1340
f 1340 1339 1343
f 1365 1360 1363
f 1363 1360 1359
f 1364 1366 1365
f 1364 1365 1363
f 1364 1350 1366
f 1366 1350 1352
f 1211 1212 1193
f 1274 1296 1299
f 1274 1299 1277
f 1273 1295 1274
f 1274 1295 1296
f 1190 1182 1189
f 1189 1182 1181
f 1183 1182 1190
f 1191 1183 1190
f 1191 1185 1183
f 1232 1193 1212
f 1195 1193 1232
f 1234 1195 1232
f 1234 1214 1195
f 1238 1214 1234
f 1197 1216 1238
f 1238 1216 1214
f 1237 1197 1238
f 1202 1197 1237
f 1202 1241 1201
f 1241 1202 1237
f 1241 1219 1201
f 1246 1224 1241
f 1241 1224 1219
f 1312 1334 1340
f 1281 1303 1307
f 1281 1307 1285
f 1277 1299 1281
f 1281 1299 1303
f 1232 1212 1231
f 1253 1232 1231
f 1253 1231 1250
f 1231 1212 1211
f 1211 1207 1228
f 1227 1249 1228
f 1228 1249 1250
f 1228 1207 1227
f 1227 1207 1206
f 1231 1211 1228
f 1231 1228 1250
f 1189 1206 1190
f 1190 1206 1207
f 1190 1207 1211
f 1190 1211 1191
f 1191 1211 1193
f 1191 1193 1185
f 1265 1270 1241
f 1265 1241 1261
f 1232 1253 1254
f 1232 1254 1234
f 1234 1254 1258
f 1234 1258 1257
f 1234 1257 1237
f 1237 1257 1261
f 1237 1261 1241
f 1269 1245 1270
f 1270 1245 1246
f 1270 1246 1241
f 1237 1238 1234
f 1288 1312 1292
f 1292 1312 1291
f 1291 1312 1311
f 1291 1311 1315
f 1288 1285 1312
f 1285 1307 1312
f 1312 1307 1334
f 1291 1269 1292
f 1292 1269 1270
f 1292 1270 1288
f 1288 1270 1265
f 1288 1265 1285
f 1285 1265 1261
f 1285 1261 1307
f 1249 1273 1250
f 1250 1273 1274
f 1250 1274 1253
f 1253 1274 1277
f 1253 1277 1254
f 1254 1277 1258
f 1258 1277 1281
f 1258 1281 1257
f 1257 1281 1261
f 1261 1281 1285
f 1189 1181 1206
f 1329 1303 1299
f 1324 1329 1299
f 1295 1319 1320
f 1324 1299 1320
f 1320 1299 1296
f 1320 1296 1295
f 1351 1324 1347
f 1347 1324 1320
f 1347 1320 1346
f 1346 1320 1319
f 1223 1222 1200
f 1222 1221 1200
f 1200 1221 1199
f 1199 1221 1218
f 1168 1169 1174
f 1174 1169 1175
f 1175 1169 1170
f 1174 1173 1167
f 1174 1167 1168
f 1217 1218 1198
f 1198 1218 1199
f 1349 1322 1348
f 1348 1322 1321
f 1357 1344 1362
f 1362 1344 1349
f 1344 1357 1358
f 1344 1358 1345
f 1346 1318 1345
f 1346 1345 1359
f 1359 1345 1358
f 1318 1346 1294
f 1294 1346 1295
f 1294 1295 1273
f 1294 1273 1272
f 1272 1273 1249
f 1272 1249 1248
f 1181 1205 1206
f 1206 1205 1226
f 1206 1226 1227
f 1227 1226 1249
f 1249 1226 1248
f 1181 1180 1205
f 1180 1169 1168
f 1180 1168 1179
f 1167 1178 1179
f 1167 1179 1168
f 1213 1194 1196
f 1196 1215 1213
f 1222 1244 1221
f 1221 1244 1243
f 1244 1222 1223
f 1244 1223 1245
f 1178 1167 1173
f 1178 1173 1184
f 1169 1180 1181
f 1169 1181 1170
f 1362 1349 1348
f 1362 1348 1361
f 1305 1331 1326
f 1305 1326 1301
f 1337 1309 1313
f 1337 1313 1338
f 1338 1313 1342
f 1342 1313 1314
f 1314 1315 1342
f 1342 1315 1343
f 1321 1322 1326
f 1326 1322 1327
f 1326 1327 1301
f 1327 1302 1301
f 1301 1302 1305
f 1302 1306 1305
f 1305 1306 1331
f 1331 1306 1332
f 1313 1309 1310
f 1313 1310 1314
f 1314 1310 1315
f 1315 1310 1311
f 1348 1321 1323
f 1337 1338 1339
f 1337 1339 1332
f 1332 1339 1333
f 1333 1331 1332
f 1328 1326 1333
f 1333 1326 1331
f 1323 1321 1328
f 1328 1321 1326
f 1350 1348 1323
f 1338 1342 1339
f 1339 1342 1343
f 1362 1361 1364
f 1363 1359 1358
f 1363 1358 1357
f 1357 1362 1363
f 1363 1362 1364
f 1350 1364 1361
f 1348 1350 1361
f 1269 1291 1290
f 1302 1280 1306
f 1306 1280 1284
f 1309 1332 1306
f 1315 1314 1291
f 1240 1218 1221
f 1240 1221 1243
f 1199 1218 1240
f 1240 1198 1199
f 1198 1240 1236
f 1198 1236 1196
f 1196 1236 1235
f 1215 1196 1235
f 1233 1213 1235
f 1235 1213 1215
f 1192 1194 1209
f 1209 1194 1213
f 1178 1184 1186
f 1186 1184 1192
f 1187 1178 1186
f 1179 1178 1187
f 1188 1180 1179
f 1294 1272 1271
f 1271 1293 1294
f 1276 1298 1271
f 1271 1298 1293
f 1267 1264 1240
f 1260 1240 1264
f 1245 1269 1244
f 1244 1269 1268
f 1244 1268 1243
f 1243 1268 1267
f 1243 1267 1240
f 1260 1236 1240
f 1235 1236 1260
f 1235 1260 1233
f 1233 1260 1256
f 1251 1229 1255
f 1255 1229 1233
f 1255 1233 1256
f 1229 1251 1252
f 1229 1252 1230
f 1230 1252 1225
f 1225 1252 1247
f 1229 1209 1233
f 1233 1209 1213
f 1230 1209 1229
f 1204 1187 1210
f 1210 1187 1186
f 1210 1186 1192
f 1210 1192 1209
f 1179 1187 1188
f 1188 1187 1204
f 1188 1204 1205
f 1205 1204 1225
f 1205 1225 1226
f 1226 1225 1247
f 1226 1247 1248
f 1225 1204 1230
f 1230 1204 1210
f 1230 1210 1209
f 1272 1248 1271
f 1271 1248 1247
f 1271 1247 1276
f 1276 1247 1252
f 1276 1252 1251
f 1291 1314 1290
f 1290 1314 1310
f 1290 1310 1289
f 1289 1310 1309
f 1289 1309 1287
f 1306 1284 1309
f 1268 1269 1290
f 1268 1290 1267
f 1267 1290 1289
f 1267 1289 1264
f 1264 1289 1287
f 1264 1287 1260
f 1337 1332 1309
f 1287 1309 1284
f 1287 1284 1260
f 1260 1284 1256
f 1256 1284 1280
f 1256 1280 1255
f 1255 1280 1302
f 1255 1302 1251
f 1251 1302 1298
f 1251 1298 1276
f 1180 1188 1205
f 1298 1327 1322
f 1302 1327 1298
f 1318 1294 1293
f 1298 1322 1293
f 1293 1322 1317
f 1293 1317 1318
f 1322 1349 1317
f 1317 1349 1344
f 1317 1344 1318
f 1318 1344 1345
f 1198 1197 1202
f 1202 1201 1200
f 1202 1200 1198
f 1198 1200 1199
f 1173 1174 1184
f 1184 1174 1175
f 1176 1177 1185
f 1176 1185 1175
f 1175 1185 1184
f 1193 1192 1185
f 1185 1192 1184
f 1195 1194 1192
f 1195 1192 1193
f 1197 1196 1195
f 1195 1196 1194
f 1196 1197 1198
f 1278 1299 1300
f 1299 1278 1277
f 1277 1296 1299
f 1238 1216 1234
f 1234 1216 1214
f 1238 1202 1197
f 1219 1220 1241
f 1241 1220 1242
f 1242 1220 1202
f 1308 1286 1304
f 1304 1286 1282
f 1278 1300 1282
f 1282 1300 1304
f 1296 1277 1274
f 1274 1277 1250
f 1228 1253 1232
f 1208 1228 1212
f 1212 1228 1232
f 1191 1208 1193
f 1193 1208 1212
f 1190 1207 1191
f 1269 1245 1246
f 1269 1246 1270
f 1234 1258 1238
f 1238 1258 1262
f 1315 1291 1316
f 1316 1291 1292
f 1316 1292 1312
f 1242 1238 1262
f 1242 1262 1266
f 1266 1262 1286
f 1266 1286 1288
f 1288 1286 1312
f 1238 1242 1202
f 1288 1265 1266
f 1266 1265 1241
f 1266 1241 1242
f 1191 1207 1208
f 1208 1207 1228
f 1228 1250 1253
f 1253 1250 1277
f 1254 1277 1278
f 1254 1278 1258
f 1258 1278 1282
f 1258 1282 1262
f 1262 1282 1286
f 1262 1286 1308
f 1286 1308 1312
f 1312 1308 1335
f 1312 1335 1334
f 1300 1325 1330
f 1300 1330 1304
f 1325 1300 1324
f 1324 1300 1299
f 1324 1299 1296
f 1324 1296 1320
f 1320 1296 1319
f 1319 1296 1295
f 1283 1305 1279
f 1279 1305 1301
f 1309 1332 1305
f 1305 1332 1331
f 1240 1217 1218
f 1239 1198 1240
f 1240 1198 1217
f 1235 1196 1239
f 1239 1196 1198
f 1186 1178 1192
f 1192 1178 1184
f 1276 1298 1293
f 1276 1293 1271
f 1275 1298 1276
f 1275 1297 1298
f 1268 1244 1245
f 1245 1269 1268
f 1259 1235 1263
f 1263 1235 1239
f 1263 1239 1264
f 1264 1239 1240
f 1255 1233 1259
f 1259 1233 1235
f 1252 1225 1229
f 1225 1204 1203
f 1225 1203 1229
f 1229 1203 1209
f 1204 1187 1186
f 1204 1186 1203
f 1203 1186 1209
f 1209 1186 1192
f 1276 1252 1275
f 1275 1252 1251
f 1290 1314 1289
f 1289 1314 1313
f 1289 1313 1287
f 1287 1313 1309
f 1287 1309 1283
f 1283 1309 1305
f 1264 1287 1263
f 1263 1287 1283
f 1263 1283 1259
f 1259 1283 1255
f 1255 1283 1279
f 1255 1279 1301
f 1255 1301 1251
f 1251 1301 1297
f 1251 1297 1275
f 1326 1321 1297
f 1297 1301 1326
f 1321 1322 1349
f 1297 1321 1298
f 1298 1321 1322
f 1293 1317 1294
f 1294 1317 1318
f 1491 1489 1490
f 1491 1490 1514
f 1514 1513 1488
f 1514 1488 1491
f 1491 1492 1489
f 1513 1514 1535
f 1535 1514 1536
f 1535 1536 1553
f 1553 1536 1554
f 1553 1554 1571
f 1571 1587 1586
f 1586 1570 1571
f 1571 1570 1553
f 1603 1602 1585
f 1585 1602 1584
f 1584 1586 1585
f 1585 1586 1587
f 1613 1612 1597
f 1597 1612 1596
f 1594 1595 1610
f 1610 1595 1611
f 1595 1594 1578
f 1595 1578 1579
f 1612 1625 1611
f 1611 1633 1632
f 1611 1632 1628
f 1611 1631 1635
f 1635 1634 1611
f 1611 1628 1623
f 1597 1596 1580
f 1597 1580 1581
f 1625 1624 1611
f 1611 1624 1631
f 1611 1634 1633
f 1623 1622 1611
f 1529 1530 1548
f 1529 1548 1547
f 1563 1579 1578
f 1581 1580 1564
f 1581 1564 1565
f 1565 1564 1547
f 1565 1547 1548
f 1578 1562 1563
f 1563 1562 1546
f 1546 1562 1545
f 1546 1545 1524
f 1524 1545 1523
f 1614 1615 1612
f 1614 1612 1611
f 1615 1614 1600
f 1600 1614 1599
f 1600 1599 1601
f 1601 1599 1603
f 1603 1599 1598
f 1603 1598 1602
f 1495 1503 1502
f 1495 1502 1494
f 1472 1471 1463
f 1464 1472 1463
f 1465 1466 1473
f 1473 1466 1474
f 1498 1499 1505
f 1498 1505 1504
f 1494 1414 1495
f 1495 1414 1415
f 1495 1415 1503
f 1503 1415 1423
f 1503 1423 1502
f 1502 1423 1422
f 1502 1422 1494
f 1494 1422 1414
f 1503 1463 1495
f 1526 1464 1503
f 1503 1464 1463
f 1526 1472 1464
f 1526 1527 1472
f 1472 1527 1473
f 1527 1465 1473
f 1504 1466 1527
f 1527 1466 1465
f 1498 1466 1504
f 1498 1418 1499
f 1499 1418 1419
f 1499 1419 1505
f 1505 1419 1425
f 1505 1425 1504
f 1504 1425 1424
f 1504 1424 1498
f 1498 1424 1418
f 1467 1466 1424
f 1467 1424 1425
f 1474 1471 1473
f 1473 1471 1472
f 1423 1463 1462
f 1423 1462 1422
f 1428 1435 1434
f 1429 1435 1428
f 1430 1431 1437
f 1436 1430 1437
f 1480 1436 1481
f 1481 1436 1437
f 1478 1434 1479
f 1479 1434 1435
f 1463 1423 1415
f 1463 1415 1495
f 1503 1495 1517
f 1525 1503 1517
f 1526 1503 1525
f 1526 1525 1518
f 1518 1525 1517
f 1496 1518 1517
f 1495 1496 1517
f 1496 1497 1518
f 1518 1497 1519
f 1518 1519 1526
f 1526 1519 1527
f 1504 1527 1528
f 1528 1527 1520
f 1520 1527 1519
f 1504 1528 1520
f 1498 1504 1520
f 1498 1520 1519
f 1498 1519 1497
f 1424 1466 1418
f 1418 1466 1498
f 1475 1474 1466
f 1475 1466 1467
f 1462 1463 1470
f 1470 1463 1471
f 1470 1471 1475
f 1475 1471 1474
f 1484 1440 1478
f 1478 1440 1434
f 1470 1428 1434
f 1470 1434 1478
f 1429 1428 1471
f 1471 1428 1470
f 1479 1435 1429
f 1479 1429 1471
f 1474 1430 1436
f 1474 1436 1480
f 1431 1430 1475
f 1475 1430 1474
f 1481 1437 1431
f 1481 1431 1475
f 1437 1441 1485
f 1437 1485 1481
f 1441 1440 1485
f 1485 1440 1484
f 1484 1478 1479
f 1481 1485 1480
f 1484 1479 1480
f 1484 1480 1485
f 1447 1446 1441
f 1441 1446 1445
f 1441 1445 1440
f 1440 1445 1444
f 1404 1390 1462
f 1404 1462 1470
f 1404 1470 1408
f 1404 1422 1390
f 1390 1422 1462
f 1382 1404 1390
f 1382 1398 1404
f 1398 1382 1414
f 1383 1415 1382
f 1382 1415 1414
f 1495 1415 1383
f 1495 1383 1496
f 1496 1383 1384
f 1384 1385 1496
f 1496 1385 1497
f 1386 1418 1498
f 1386 1498 1385
f 1385 1498 1497
f 1391 1405 1387
f 1387 1405 1401
f 1401 1419 1387
f 1387 1419 1386
f 1386 1419 1418
f 1405 1391 1425
f 1425 1391 1467
f 1475 1467 1409
f 1409 1467 1405
f 1405 1467 1391
f 1408 1470 1428
f 1434 1408 1428
f 1475 1409 1431
f 1409 1437 1431
f 1437 1438 1441
f 1441 1438 1442
f 1438 1437 1482
f 1482 1437 1481
f 1433 1434 1440
f 1433 1440 1439
f 1475 1476 1481
f 1481 1476 1482
f 1434 1433 1477
f 1434 1477 1478
f 1469 1470 1478
f 1469 1478 1477
f 1471 1474 1479
f 1474 1480 1479
f 1434 1433 1427
f 1434 1427 1408
f 1427 1407 1408
f 1408 1407 1404
f 1404 1407 1389
f 1404 1389 1390
f 1380 1386 1385
f 1380 1385 1379
f 1377 1378 1384
f 1377 1384 1383
f 1390 1389 1382
f 1392 1391 1387
f 1392 1387 1388
f 1384 1378 1385
f 1385 1378 1379
f 1382 1389 1381
f 1405 1391 1392
f 1405 1392 1409
f 1409 1392 1410
f 1438 1437 1432
f 1432 1437 1409
f 1432 1409 1410
f 1432 1431 1438
f 1438 1431 1437
f 1428 1470 1427
f 1427 1470 1469
f 1433 1434 1428
f 1433 1428 1427
f 1439 1440 1434
f 1439 1434 1433
f 1414 1422 1413
f 1413 1422 1421
f 1404 1421 1422
f 1404 1403 1421
f 1403 1404 1397
f 1404 1398 1397
f 1405 1402 1401
f 1402 1405 1406
f 1425 1406 1405
f 1425 1426 1406
f 1425 1420 1426
f 1425 1419 1420
f 1475 1431 1476
f 1476 1431 1432
f 1440 1444 1443
f 1444 1445 1443
f 1440 1443 1439
f 1439 1483 1477
f 1477 1483 1509
f 1433 1439 1477
f 1477 1509 1507
f 1507 1469 1477
f 1507 1509 1533
f 1501 1507 1523
f 1523 1507 1531
f 1533 1531 1507
f 1532 1508 1530
f 1506 1530 1508
f 1508 1532 1534
f 1508 1534 1510
f 1442 1438 1482
f 1510 1486 1482
f 1482 1476 1508
f 1442 1482 1486
f 1508 1510 1482
f 1448 1446 1447
f 1448 1441 1442
f 1447 1441 1448
f 1549 1551 1566
f 1584 1582 1566
f 1523 1531 1549
f 1549 1531 1533
f 1546 1524 1523
f 1546 1545 1563
f 1563 1545 1562
f 1568 1584 1566
f 1533 1551 1568
f 1549 1533 1551
f 1551 1533 1566
f 1566 1533 1568
f 1614 1611 1595
f 1599 1614 1595
f 1599 1595 1579
f 1579 1563 1582
f 1579 1582 1599
f 1599 1582 1598
f 1546 1523 1545
f 1545 1523 1549
f 1545 1549 1562
f 1562 1549 1566
f 1562 1566 1563
f 1563 1566 1582
f 1598 1582 1584
f 1598 1584 1602
f 1595 1594 1611
f 1606 1607 1591
f 1635 1631 1630
f 1635 1630 1634
f 1628 1632 1629
f 1629 1632 1633
f 1610 1611 1594
f 1612 1609 1621
f 1612 1621 1625
f 1596 1593 1609
f 1612 1596 1609
f 1607 1619 1620
f 1620 1608 1607
f 1591 1607 1608
f 1618 1606 1617
f 1617 1606 1605
f 1606 1618 1607
f 1607 1618 1619
f 1590 1606 1591
f 1589 1605 1590
f 1590 1605 1606
f 1623 1616 1622
f 1622 1616 1604
f 1622 1604 1611
f 1629 1633 1630
f 1630 1633 1634
f 1625 1621 1624
f 1624 1621 1620
f 1624 1620 1630
f 1630 1620 1619
f 1630 1619 1627
f 1630 1627 1629
f 1629 1627 1626
f 1629 1626 1618
f 1629 1618 1623
f 1623 1618 1617
f 1623 1617 1616
f 1609 1608 1620
f 1617 1605 1604
f 1621 1609 1620
f 1627 1619 1626
f 1626 1619 1618
f 1616 1617 1604
f 1631 1624 1630
f 1628 1629 1623
f 1611 1604 1595
f 1595 1604 1588
f 1608 1592 1591
f 1593 1592 1609
f 1609 1592 1608
f 1604 1605 1588
f 1588 1605 1589
f 1573 1557 1556
f 1576 1560 1559
f 1407 1403 1389
f 1406 1410 1392
f 1507 1501 1469
f 1461 1414 1413
f 1461 1413 1421
f 1453 1454 1414
f 1419 1459 1460
f 1419 1460 1420
f 1460 1426 1420
f 1394 1395 1379
f 1379 1395 1380
f 1380 1395 1396
f 1380 1396 1386
f 1386 1396 1400
f 1386 1400 1387
f 1387 1400 1401
f 1394 1411 1395
f 1395 1411 1412
f 1395 1412 1418
f 1395 1418 1400
f 1400 1418 1419
f 1400 1419 1401
f 1412 1417 1418
f 1406 1392 1402
f 1402 1392 1388
f 1402 1388 1401
f 1401 1388 1387
f 1432 1410 1406
f 1426 1432 1406
f 1451 1457 1452
f 1497 1457 1496
f 1496 1457 1451
f 1417 1457 1418
f 1418 1457 1458
f 1418 1458 1419
f 1419 1458 1459
f 1426 1468 1432
f 1432 1468 1476
f 1508 1476 1506
f 1468 1426 1460
f 1468 1506 1476
f 1457 1497 1458
f 1458 1497 1498
f 1458 1498 1459
f 1459 1498 1499
f 1459 1499 1500
f 1459 1500 1460
f 1460 1500 1468
f 1468 1500 1506
f 1565 1548 1561
f 1561 1548 1544
f 1561 1544 1543
f 1561 1543 1560
f 1560 1543 1542
f 1597 1581 1596
f 1596 1581 1580
f 1596 1580 1593
f 1593 1580 1577
f 1593 1577 1592
f 1592 1577 1576
f 1560 1576 1561
f 1561 1576 1577
f 1561 1577 1565
f 1565 1577 1580
f 1565 1580 1581
f 1539 1517 1538
f 1538 1517 1516
f 1538 1516 1537
f 1537 1516 1515
f 1537 1515 1545
f 1545 1515 1523
f 1548 1530 1544
f 1544 1530 1522
f 1544 1522 1543
f 1543 1522 1521
f 1543 1521 1542
f 1542 1521 1520
f 1542 1520 1541
f 1541 1520 1519
f 1541 1519 1540
f 1540 1519 1518
f 1540 1518 1539
f 1539 1518 1517
f 1589 1573 1588
f 1588 1573 1572
f 1588 1572 1595
f 1595 1572 1579
f 1562 1578 1579
f 1562 1579 1555
f 1555 1579 1572
f 1555 1572 1556
f 1556 1572 1573
f 1591 1575 1590
f 1590 1575 1574
f 1590 1574 1589
f 1589 1574 1573
f 1591 1592 1576
f 1591 1576 1575
f 1575 1576 1559
f 1575 1559 1574
f 1574 1559 1558
f 1574 1558 1557
f 1574 1557 1573
f 1557 1539 1556
f 1556 1539 1538
f 1556 1538 1555
f 1555 1538 1537
f 1555 1537 1562
f 1562 1537 1545
f 1407 1427 1421
f 1421 1403 1407
f 1389 1403 1381
f 1381 1403 1397
f 1381 1397 1382
f 1382 1397 1398
f 1461 1421 1469
f 1469 1421 1427
f 1453 1414 1461
f 1383 1382 1398
f 1383 1398 1399
f 1399 1398 1414
f 1399 1414 1415
f 1379 1378 1394
f 1415 1411 1394
f 1415 1394 1393
f 1393 1394 1377
f 1378 1377 1394
f 1396 1395 1400
f 1454 1415 1414
f 1494 1454 1493
f 1493 1454 1453
f 1493 1453 1501
f 1501 1453 1461
f 1501 1461 1469
f 1453 1454 1461
f 1383 1399 1393
f 1415 1454 1455
f 1455 1454 1494
f 1455 1494 1495
f 1455 1495 1456
f 1495 1496 1456
f 1456 1496 1451
f 1451 1452 1412
f 1412 1411 1451
f 1451 1411 1456
f 1456 1411 1416
f 1456 1416 1455
f 1452 1457 1417
f 1452 1417 1412
f 1416 1411 1415
f 1416 1415 1455
f 1560 1542 1559
f 1559 1542 1541
f 1559 1541 1558
f 1558 1541 1540
f 1558 1540 1557
f 1557 1540 1539
f 1517 1495 1516
f 1516 1495 1494
f 1516 1494 1515
f 1515 1494 1493
f 1515 1493 1523
f 1523 1493 1501
f 1530 1506 1522
f 1522 1506 1500
f 1522 1500 1521
f 1521 1500 1499
f 1521 1499 1520
f 1520 1499 1498
f 1415 1393 1399
f 1393 1377 1383
f 1532 1530 1548
f 1532 1550 1552
f 1532 1552 1534
f 1603 1585 1583
f 1603 1583 1601
f 1547 1564 1548
f 1564 1565 1548
f 1548 1550 1532
f 1596 1612 1600
f 1596 1600 1580
f 1580 1600 1583
f 1580 1583 1564
f 1564 1583 1565
f 1565 1583 1567
f 1565 1567 1548
f 1548 1567 1550
f 1567 1583 1585
f 1567 1585 1569
f 1569 1552 1567
f 1567 1552 1550
f 1601 1583 1600
f 1615 1600 1612
f 1446 1448 1445
f 1443 1445 1448
f 1488 1513 1487
f 1443 1449 1488
f 1488 1449 1491
f 1487 1443 1488
f 1439 1443 1483
f 1483 1511 1509
f 1511 1533 1509
f 1553 1570 1568
f 1568 1570 1586
f 1568 1586 1584
f 1553 1568 1551
f 1551 1533 1553
f 1513 1535 1511
f 1513 1511 1487
f 1487 1511 1483
f 1487 1483 1443
f 1511 1535 1533
f 1533 1535 1553
f 1490 1486 1512
f 1512 1510 1534
f 1486 1442 1512
f 1512 1486 1510
f 1490 1448 1486
f 1450 1448 1490
f 1490 1489 1450
f 1450 1489 1492
f 1552 1569 1554
f 1552 1554 1534
f 1585 1587 1569
f 1569 1587 1571
f 1569 1571 1554
f 1514 1490 1512
f 1514 1512 1536
f 1534 1554 1536
f 1534 1536 1512
f 1442 1486 1448
f 1443 1448 1450
f 1492 1449 1443
f 1492 1443 1450
f 1492 1491 1449
f 1643 1773 1765
f 1670 1643 1765
f 1765 1764 1670
f 1764 1669 1670
f 1773 1643 1772
f 1772 1643 1642
f 1638 1768 1640
f 1640 1768 1770
f 1640 1770 1641
f 1641 1770 1771
f 1641 1771 1642
f 1642 1771 1772
f 1652 1678 1673
f 1652 1673 1694
f 1652 1694 1708
f 1652 1726 1742
f 1652 1647 1678
f 1708 1721 1652
f 1652 1721 1726
f 1652 1742 1747
f 1766 1636 1637
f 1637 1767 1766
f 1767 1637 1656
f 1767 1656 1751
f 1751 1656 1651
f 1751 1651 1746
f 1746 1651 1652
f 1746 1652 1747
f 1636 1766 1639
f 1639 1766 1769
f 1639 1769 1768
f 1639 1768 1638
f 1690 1669 1764
f 1764 1738 1690
f 1738 1689 1690
f 1689 1738 1737
f 1689 1718 1704
f 1689 1737 1718
f 1733 1715 1734
f 1738 1718 1737
f 1717 1703 1704
f 1704 1718 1717
f 1734 1735 1758
f 1733 1734 1755
f 1755 1734 1758
f 1732 1733 1752
f 1752 1733 1755
f 1752 1755 1753
f 1753 1755 1756
f 1716 1735 1734
f 1734 1715 1716
f 1733 1732 1715
f 1702 1716 1715
f 1743 1729 1728
f 1728 1729 1723
f 1722 1728 1723
f 1724 1719 1706
f 1724 1706 1723
f 1723 1706 1710
f 1713 1700 1714
f 1714 1700 1701
f 1713 1699 1700
f 1698 1711 1712
f 1698 1697 1711
f 1711 1697 1699
f 1711 1699 1713
f 1706 1705 1710
f 1712 1728 1709
f 1709 1728 1722
f 1710 1696 1695
f 1709 1710 1695
f 1696 1710 1691
f 1691 1710 1705
f 1691 1705 1692
f 1692 1705 1706
f 1709 1695 1712
f 1712 1695 1698
f 1768 1769 1750
f 1750 1769 1766
f 1711 1727 1730
f 1753 1732 1752
f 1754 1749 1748
f 1712 1711 1727
f 1730 1732 1731
f 1731 1732 1753
f 1731 1753 1748
f 1749 1744 1743
f 1743 1744 1729
f 1729 1744 1723
f 1745 1744 1749
f 1745 1749 1750
f 1748 1749 1743
f 1728 1731 1743
f 1743 1731 1748
f 1745 1740 1739
f 1739 1740 1723
f 1744 1745 1739
f 1739 1723 1744
f 1724 1723 1740
f 1730 1731 1728
f 1710 1709 1722
f 1710 1722 1723
f 1750 1749 1768
f 1768 1749 1754
f 1768 1754 1770
f 1770 1754 1757
f 1773 1772 1761
f 1761 1772 1759
f 1735 1736 1760
f 1760 1736 1762
f 1760 1762 1761
f 1761 1762 1763
f 1702 1703 1716
f 1716 1703 1717
f 1717 1718 1736
f 1736 1718 1738
f 1736 1738 1762
f 1762 1738 1764
f 1762 1764 1763
f 1763 1764 1765
f 1772 1771 1759
f 1759 1771 1757
f 1759 1757 1756
f 1756 1757 1753
f 1759 1760 1761
f 1756 1760 1759
f 1771 1770 1757
f 1757 1754 1753
f 1753 1754 1748
f 1730 1728 1727
f 1727 1728 1712
f 1715 1714 1701
f 1715 1701 1702
f 1765 1773 1763
f 1763 1773 1761
f 1756 1755 1760
f 1760 1755 1758
f 1760 1758 1735
f 1736 1735 1717
f 1717 1735 1716
f 1714 1715 1732
f 1714 1732 1713
f 1713 1732 1730
f 1713 1730 1711
f 1720 1726 1721
f 1720 1721 1707
f 1707 1721 1708
f 1726 1720 1725
f 1741 1742 1725
f 1726 1725 1742
f 1766 1767 1750
f 1750 1767 1751
f 1724 1740 1741
f 1719 1720 1706
f 1707 1706 1720
f 1720 1719 1725
f 1725 1719 1724
f 1751 1746 1745
f 1751 1745 1750
f 1745 1746 1740
f 1746 1747 1741
f 1747 1742 1741
f 1741 1725 1724
f 1707 1706 1693
f 1741 1740 1746
f 1636 1639 1638
f 1690 1689 1704
f 1687 1688 1702
f 1688 1703 1702
f 1686 1685 1663
f 1663 1685 1660
f 1685 1684 1660
f 1660 1684 1657
f 1660 1657 1658
f 1660 1658 1661
f 1649 1681 1675
f 1657 1684 1658
f 1684 1682 1658
f 1658 1682 1683
f 1658 1683 1653
f 1674 1675 1680
f 1680 1675 1681
f 1680 1681 1648
f 1648 1681 1649
f 1699 1682 1700
f 1700 1682 1684
f 1700 1684 1685
f 1701 1700 1685
f 1701 1685 1686
f 1702 1701 1686
f 1702 1686 1687
f 1679 1682 1699
f 1679 1699 1697
f 1680 1679 1697
f 1680 1697 1698
f 1680 1683 1682
f 1680 1682 1679
f 1675 1674 1695
f 1675 1695 1696
f 1650 1655 1654
f 1654 1655 1659
f 1696 1691 1675
f 1649 1650 1654
f 1645 1675 1676
f 1671 1676 1675
f 1671 1675 1692
f 1691 1692 1696
f 1696 1692 1675
f 1675 1644 1649
f 1659 1638 1662
f 1662 1638 1640
f 1662 1640 1664
f 1664 1640 1641
f 1664 1641 1666
f 1666 1641 1642
f 1666 1642 1643
f 1666 1643 1668
f 1668 1643 1670
f 1688 1687 1667
f 1667 1687 1665
f 1667 1665 1666
f 1667 1666 1668
f 1704 1703 1688
f 1704 1688 1690
f 1690 1688 1667
f 1690 1667 1669
f 1669 1667 1668
f 1669 1668 1670
f 1648 1649 1653
f 1653 1649 1654
f 1662 1661 1659
f 1653 1683 1680
f 1674 1680 1698
f 1674 1698 1695
f 1648 1653 1680
f 1666 1665 1664
f 1664 1665 1661
f 1687 1686 1663
f 1687 1663 1665
f 1665 1663 1660
f 1665 1660 1661
f 1644 1675 1645
f 1644 1645 1650
f 1644 1650 1649
f 1653 1654 1658
f 1658 1654 1659
f 1662 1664 1661
f 1655 1636 1638
f 1655 1638 1659
f 1658 1659 1661
f 1637 1636 1655
f 1678 1647 1646
f 1678 1646 1677
f 1693 1673 1672
f 1672 1673 1678
f 1672 1678 1677
f 1693 1694 1673
f 1707 1708 1694
f 1694 1693 1707
f 1652 1651 1647
f 1647 1651 1646
f 1656 1637 1655
f 1656 1655 1651
f 1651 1655 1650
f 1706 1707 1692
f 1692 1707 1693
f 1672 1692 1693
f 1672 1677 1676
f 1672 1676 1671
f 1672 1671 1692
f 1650 1645 1651
f 1651 1645 1646
f 1645 1676 1677
f 1646 1645 1677
f 1850 1844 1847
f 1844 1850 1845
f 1845 1850 1851
f 1849 1846 1843
f 1849 1843 1848
f 1848 1843 1842
f 1843 1849 1842
f 1842 1849 1848
f 1843 1833 1832
f 1843 1832 1842
f 1833 1843 1844
f 1833 1844 1845
f 1802 1789 1818
f 1818 1789 1845
f 1844 1818 1845
f 1788 1801 1817
f 1788 1817 1842
f 1842 1817 1843
f 1843 1817 1844
f 1844 1817 1818
f 1789 1802 1788
f 1788 1802 1801
f 1845 1851 1844
f 1844 1851 1850
f 1776 1777 1788
f 1788 1777 1789
f 1832 1788 1842
f 1790 1776 1788
f 1777 1791 1789
f 1789 1833 1845
f 1845 1837 1851
f 1833 1821 1835
f 1833 1835 1845
f 1845 1835 1837
f 1781 1793 1777
f 1777 1793 1791
f 1821 1833 1805
f 1805 1833 1789
f 1789 1791 1805
f 1819 1833 1789
f 1845 1837 1833
f 1833 1837 1835
f 1789 1833 1821
f 1789 1821 1805
f 1789 1803 1819
f 1816 1832 1819
f 1819 1832 1833
f 1803 1802 1819
f 1801 1802 1803
f 1800 1816 1801
f 1816 1817 1801
f 1819 1818 1816
f 1818 1817 1816
f 1802 1818 1819
f 1781 1778 1777
f 1777 1778 1776
f 1777 1776 1775
f 1775 1776 1774
f 1775 1774 1789
f 1789 1774 1788
f 1789 1788 1803
f 1803 1788 1800
f 1803 1800 1801
f 1775 1789 1777
f 1832 1834 1842
f 1842 1834 1836
f 1842 1836 1848
f 1788 1832 1816
f 1804 1788 1790
f 1788 1804 1820
f 1788 1820 1832
f 1832 1820 1834
f 1790 1776 1792
f 1792 1776 1778
f 1816 1800 1788
f 1790 1792 1778
f 1778 1776 1790
f 1774 1776 1788
f 1777 1776 1781
f 1781 1776 1778
f 1780 1779 1778
f 1780 1778 1781
f 1778 1779 1781
f 1780 1781 1779
f 1783 1785 1781
f 1784 1782 1778
f 1826 1830 1825
f 1825 1830 1829
f 1830 1826 1814
f 1814 1826 1810
f 1809 1813 1814
f 1809 1814 1810
f 1825 1829 1813
f 1825 1813 1809
f 1854 1858 1855
f 1855 1858 1859
f 1858 1854 1853
f 1858 1853 1857
f 1852 1856 1857
f 1852 1857 1853
f 1841 1859 1858
f 1841 1858 1857
f 1841 1857 1840
f 1840 1857 1856
f 1828 1812 1829
f 1812 1813 1829
f 1813 1812 1814
f 1830 1814 1815
f 1829 1830 1831
f 1830 1815 1831
f 1841 1840 1831
f 1831 1840 1828
f 1831 1828 1829
f 1815 1814 1812
f 1815 1812 1799
f 1799 1812 1798
f 1799 1798 1787
f 1787 1798 1786
f 1856 1852 1853
f 1853 1857 1856
f 1854 1858 1857
f 1854 1857 1853
f 1858 1854 1859
f 1859 1854 1855
f 1799 1826 1859
f 1856 1825 1798
f 1798 1825 1809
f 1799 1810 1826
f 1859 1826 1858
f 1858 1826 1857
f 1857 1826 1825
f 1798 1809 1799
f 1799 1809 1810
f 1825 1856 1857
f 1798 1799 1786
f 1786 1799 1787
f 1786 1787 1784
f 1784 1787 1785
f 1799 1811 1815
f 1831 1815 1827
f 1827 1815 1811
f 1827 1841 1831
f 1798 1812 1808
f 1840 1824 1828
f 1828 1824 1808
f 1828 1808 1812
f 1784 1798 1786
f 1840 1856 1838
f 1838 1856 1852
f 1782 1794 1792
f 1782 1792 1778
f 1840 1838 1822
f 1840 1822 1824
f 1824 1822 1808
f 1808 1822 1806
f 1808 1806 1798
f 1798 1806 1796
f 1798 1796 1786
f 1786 1796 1784
f 1794 1782 1784
f 1794 1784 1796
f 1778 1792 1794
f 1778 1794 1784
f 1822 1856 1798
f 1822 1798 1806
f 1822 1838 1856
f 1784 1796 1798
f 1859 1855 1839
f 1823 1859 1839
f 1859 1823 1799
f 1799 1823 1807
f 1795 1785 1797
f 1785 1795 1781
f 1781 1795 1793
f 1785 1799 1797
f 1799 1807 1797
f 1807 1823 1811
f 1811 1823 1827
f 1827 1823 1841
f 1841 1823 1839
f 1841 1839 1859
f 1785 1783 1795
f 1795 1783 1793
f 1793 1783 1781
f 1797 1799 1787
f 1797 1787 1785
f 1807 1811 1799
f 1787 1799 1785
f 2106 2122 2107
f 2107 2122 2123
f 2126 2110 2127
f 2110 2092 2111
f 2110 2111 2127
f 2058 2059 2077
f 2112 2093 2113
f 2056 2057 2076
f 2056 2076 2075
f 2122 2124 2126
f 2110 2108 2106
f 2124 2122 2108
f 2108 2122 2106
f 2122 2126 2123
f 2123 2126 2127
f 2125 2109 2123
f 2123 2109 2107
f 2111 2109 2127
f 2127 2109 2125
f 2125 2123 2127
f 2107 2109 2108
f 2107 2108 2106
f 1877 1878 1884
f 1884 1878 1885
f 1884 1885 1877
f 1877 1885 1878
f 1907 1873 1911
f 1873 1880 1911
f 1911 1880 1881
f 1911 1881 1912
f 1863 1861 1887
f 1861 1880 1887
f 1919 1888 1887
f 1919 1887 1918
f 1918 1887 1894
f 1918 1894 1923
f 1862 1863 1886
f 1886 1863 1887
f 1922 1893 1917
f 1893 1886 1917
f 1917 1886 1885
f 1917 1885 1916
f 1860 1862 1879
f 1879 1862 1886
f 1909 1878 1879
f 1909 1879 1910
f 1879 1872 1910
f 1910 1872 1906
f 1860 1880 1861
f 1880 1860 1879
f 1899 1892 1893
f 1872 1873 1880
f 1872 1880 1879
f 1900 1899 1898
f 1902 1901 1894
f 1895 1902 1894
f 1896 1895 1888
f 1889 1896 1888
f 1882 1889 1881
f 1867 1868 1873
f 1873 1868 1874
f 1873 1872 1866
f 1873 1866 1867
f 1872 1865 1866
f 1891 1884 1877
f 1875 1882 1881
f 1875 1881 1874
f 1874 1881 1880
f 1889 1888 1881
f 1881 1888 1880
f 1880 1888 1887
f 1895 1887 1888
f 1895 1894 1887
f 1894 1893 1887
f 1887 1893 1886
f 1893 1900 1899
f 1901 1900 1893
f 1901 1893 1894
f 1892 1885 1886
f 1892 1886 1893
f 1884 1892 1891
f 1892 1884 1885
f 1885 1877 1886
f 1886 1877 1879
f 1870 1878 1877
f 1877 1878 1879
f 1891 1892 1893
f 1871 1865 1872
f 1870 1871 1872
f 1870 1872 1878
f 1878 1872 1879
f 1874 1880 1873
f 1961 1939 1942
f 2004 2019 2020
f 2001 2014 1998
f 2001 2016 2014
f 2016 2001 2015
f 2000 2036 2001
f 2001 2036 2015
f 2021 2042 2000
f 2000 2042 2036
f 2021 2064 2042
f 2020 2063 2021
f 2021 2063 2064
f 2040 2062 2019
f 2063 2020 2062
f 2062 2020 2019
f 1951 1952 1928
f 1900 1950 1901
f 1901 1950 1951
f 1901 1951 1928
f 1901 1928 1902
f 1902 1928 1924
f 1902 1924 1895
f 1925 1896 1895
f 1896 1925 1946
f 1896 1925 1920
f 1896 1920 1889
f 1939 1913 1920
f 1889 1920 1913
f 1889 1913 1882
f 1961 1964 1982
f 1996 1980 1982
f 1982 1980 1961
f 1968 1985 1964
f 1964 1985 1982
f 1986 2004 1987
f 1987 2004 2020
f 1998 1996 1982
f 1998 1982 2001
f 2001 1982 1985
f 2001 1985 1968
f 2001 1968 2000
f 2000 1968 1967
f 2000 1967 1984
f 2000 1984 2021
f 2021 1984 1988
f 2021 1988 2020
f 2020 1988 1987
f 1945 1924 1952
f 1952 1924 1928
f 1942 1939 1920
f 1942 1920 1946
f 1946 1920 1925
f 1968 1946 1945
f 1945 1946 1925
f 1945 1925 1924
f 1924 1925 1895
f 1950 1986 1951
f 1951 1986 1987
f 1951 1987 1952
f 1952 1987 1988
f 1952 1988 1945
f 1945 1988 1984
f 1945 1984 1968
f 1968 1984 1967
f 1968 1967 1946
f 1946 1968 1942
f 1942 1968 1964
f 1942 1964 1961
f 2038 2017 2018
f 2039 2061 2038
f 2039 2018 2019
f 2039 2019 2040
f 2038 2018 2039
f 1950 1900 1927
f 1949 1899 1900
f 1949 1900 1950
f 1926 1898 1899
f 1926 1899 1948
f 1948 1899 1949
f 2018 2017 2002
f 1969 1970 2002
f 2002 1970 2018
f 1986 2019 1971
f 1971 2019 1970
f 1970 1949 1950
f 1970 1950 1971
f 1969 1948 1970
f 1970 1948 1949
f 2019 2018 1970
f 1944 1891 1948
f 1948 1891 1898
f 1944 1921 1891
f 2074 2055 2034
f 2078 2074 2034
f 2060 2078 2038
f 2038 2078 2034
f 2061 2060 2038
f 1898 1926 1948
f 1999 1983 1944
f 1999 1944 2002
f 2002 1944 1948
f 2002 1948 1969
f 2034 1999 2038
f 2038 1999 2002
f 2038 2002 2017
f 1966 1944 1983
f 1915 1891 1921
f 1915 1884 1891
f 1884 1915 1941
f 1941 1963 1981
f 1944 1966 1963
f 1963 1966 1983
f 1963 1983 1997
f 1963 1915 1944
f 1944 1915 1921
f 1941 1915 1963
f 2074 2073 2055
f 2055 2073 2053
f 2055 2053 2032
f 2055 2032 2034
f 1983 1999 1997
f 1997 1999 2034
f 2032 1997 2034
f 2053 2073 2032
f 1997 1981 1963
f 2015 2021 2016
f 2015 2042 2021
f 2064 2063 2042
f 2042 2063 2041
f 2041 2063 2040
f 2063 2062 2040
f 2062 2061 2040
f 2040 2061 2039
f 2061 2079 2078
f 2061 2078 2060
f 1971 1950 1951
f 1883 1943 1890
f 1890 1943 1947
f 1890 1947 1897
f 1897 1947 1946
f 1897 1946 1896
f 1952 1902 1946
f 1946 1902 1896
f 1902 1952 1901
f 1901 1952 1951
f 1951 1950 1927
f 1951 1927 1901
f 1901 1927 1900
f 1987 2041 2040
f 2040 2019 1987
f 1987 2019 1986
f 1987 1986 1971
f 1988 2042 1987
f 1987 2042 2041
f 2042 1988 2021
f 2005 2001 2016
f 2005 2016 2021
f 1980 1982 1962
f 1962 1982 1965
f 1962 1965 1940
f 1883 1914 1943
f 1943 1914 1940
f 2021 1988 2005
f 2005 1988 1972
f 2005 1972 2001
f 2001 1972 1968
f 1965 1982 1964
f 1964 1982 1968
f 1968 1982 2001
f 1951 1987 1971
f 1940 1965 1943
f 1943 1965 1964
f 1943 1964 1947
f 1947 1964 1968
f 1947 1968 1946
f 1946 1968 1972
f 1946 1972 1952
f 1952 1972 1988
f 1875 1869 1868
f 1935 1958 1976
f 1976 1958 1992
f 1992 2010 2027
f 1908 1905 1870
f 1908 1870 1877
f 1954 1953 1989
f 2006 2007 1989
f 1864 1929 1930
f 1864 1930 1865
f 1931 1866 1865
f 1931 1865 1930
f 1955 2008 1973
f 1954 1930 1929
f 1954 1929 1953
f 1930 1954 1931
f 1931 1954 1955
f 1954 2007 1955
f 1955 2007 2008
f 1989 2007 1954
f 2043 2044 2022
f 2065 2043 2022
f 2068 2065 2027
f 2027 2065 2022
f 2048 2068 2027
f 1976 1992 1935
f 1870 1905 1935
f 1870 1935 1929
f 1870 1929 1864
f 1935 1992 1929
f 1929 1992 1989
f 1929 1989 1953
f 1992 2027 1989
f 1989 2027 2022
f 1989 2022 2006
f 2022 2023 2006
f 2023 2007 2006
f 2024 2008 2023
f 2023 2008 2007
f 2022 2044 2023
f 1974 1973 2008
f 1974 2008 2024
f 1932 1931 1955
f 1866 1931 1932
f 1932 1867 1866
f 1868 1867 1932
f 1932 1933 1868
f 1934 1875 1933
f 1933 1875 1868
f 1875 1934 1936
f 1875 1936 1876
f 1876 1936 1937
f 1876 1937 1883
f 1883 1937 1940
f 1883 1940 1914
f 1980 1994 1996
f 2009 1994 1991
f 1975 2009 1991
f 2009 1975 2026
f 2026 1975 1974
f 2026 1974 2025
f 1994 1959 1991
f 1991 1959 1957
f 1991 1957 1975
f 1980 1962 1961
f 1980 1961 1994
f 1994 1961 1959
f 2024 2025 1974
f 1974 1932 1955
f 1974 1955 1973
f 1932 1974 1933
f 1933 1974 1975
f 1933 1975 1934
f 1934 1975 1957
f 1934 1957 1936
f 1936 1957 1959
f 1936 1959 1937
f 1937 1959 1940
f 1940 1959 1961
f 1940 1961 1962
f 1938 1960 1908
f 1935 1960 1958
f 1935 1905 1908
f 1935 1908 1960
f 1994 2012 2013
f 1994 2013 1996
f 2009 2026 2012
f 2046 2047 2026
f 2026 2025 2046
f 2045 2046 2025
f 2066 2043 2065
f 2043 2066 2044
f 1960 1979 1995
f 2071 2068 2048
f 2071 2048 2052
f 2048 2030 2052
f 2052 2030 2071
f 1960 1995 1992
f 1960 1992 1958
f 2048 2027 2030
f 2030 2027 2010
f 1995 2030 2010
f 1995 2010 1992
f 2045 2025 2024
f 2024 2023 2045
f 2045 2023 2044
f 1994 2009 2012
f 1908 1877 1938
f 1960 1938 1979
f 2027 2068 2071
f 2071 2030 2027
f 2007 2023 2022
f 2022 2023 2066
f 2022 2066 2065
f 1954 1990 1989
f 1905 1870 1864
f 1905 1864 1904
f 1995 1979 1938
f 1929 1954 1989
f 1929 1989 1935
f 1989 1992 1935
f 1935 1905 1904
f 1935 1904 1929
f 1929 1904 1930
f 1995 1938 1992
f 1992 1938 1935
f 1938 1908 1935
f 2027 2030 1995
f 2027 1995 1992
f 2027 1992 2022
f 2022 1992 1989
f 2022 1989 2007
f 2007 1989 1990
f 1883 1882 1876
f 1876 1882 1875
f 1874 1868 1875
f 1902 1903 1896
f 1890 1897 1896
f 1882 1883 1889
f 1889 1883 1890
f 1896 1889 1890
f 1895 1896 1902
f 2073 2074 2032
f 2003 2002 2018
f 2038 2078 2079
f 2038 2079 2039
f 2032 2074 2034
f 1981 1997 1941
f 1926 1898 1891
f 1926 1891 1921
f 1941 1944 1915
f 2003 1970 2002
f 2002 1970 1948
f 2002 1948 1999
f 1999 1948 1944
f 1948 1949 1926
f 1948 1926 1944
f 1944 1926 1921
f 1941 1997 1944
f 1944 1997 1999
f 1997 2032 1999
f 1999 2032 2034
f 1999 2034 2002
f 2002 2034 2038
f 2002 2038 2018
f 2089 2088 2072
f 2072 2088 2071
f 2079 2074 2078
f 2040 2062 2041
f 2041 2062 2063
f 2079 2078 2094
f 2079 2094 2095
f 2094 2078 2074
f 2074 2091 2094
f 2012 1977 1978
f 2011 1993 2012
f 1977 2012 1993
f 2011 2028 2051
f 1892 1901 1900
f 1865 1866 1871
f 1871 1866 1867
f 1892 1900 1899
f 1898 1891 1892
f 1898 1892 1899
f 1875 1882 1896
f 1896 1882 1889
f 1895 1902 1892
f 1892 1902 1901
f 1870 1864 1871
f 1871 1864 1865
f 1871 1867 1868
f 1871 1868 1874
f 2085 2068 2088
f 2088 2068 2071
f 2081 2065 2085
f 2085 2065 2068
f 2065 2081 2082
f 2065 2082 2066
f 2071 2073 2088
f 2088 2073 2090
f 2074 2091 2073
f 2073 2091 2090
f 2073 2071 2032
f 2032 2071 2030
f 2032 2030 1997
f 1997 2030 1995
f 1997 1995 1981
f 1981 1995 1960
f 1981 1960 1941
f 1941 1960 1938
f 1941 1938 1908
f 1941 1908 1915
f 1915 1908 1877
f 1915 1877 1884
f 1998 1996 2014
f 2037 2015 2016
f 2037 2036 2015
f 2011 2028 2029
f 2011 2029 2012
f 2014 1996 2013
f 2031 2014 2013
f 2016 2033 2037
f 2026 2047 2051
f 2016 2014 2033
f 2033 2014 2031
f 2031 2013 2012
f 2026 2051 2028
f 2031 2012 2028
f 2028 2012 2029
f 2033 2036 2037
f 2059 2042 2036
f 2042 2059 2064
f 2089 2085 2088
f 2082 2081 2086
f 2086 2081 2089
f 2089 2081 2085
f 2090 2071 2088
f 2074 2071 2091
f 2091 2071 2090
f 2028 2012 2011
f 2028 2011 2026
f 2036 2015 2042
f 2096 2080 2097
f 2063 2064 2096
f 2096 2064 2080
f 2096 2062 2063
f 2096 2079 2062
f 2096 2095 2079
f 2115 2114 2096
f 2096 2114 2095
f 2096 2116 2115
f 2096 2117 2116
f 2096 2097 2117
f 2079 2061 2062
f 2095 2075 2079
f 2095 2092 2075
f 2114 2110 2095
f 2095 2110 2092
f 2115 2111 2110
f 2115 2110 2114
f 2111 2115 2127
f 2127 2115 2129
f 2127 2129 2130
f 2127 2130 2128
f 2128 2130 2116
f 2128 2116 2112
f 2112 2116 2113
f 2113 2116 2117
f 2113 2117 2097
f 2113 2097 2093
f 2093 2097 2077
f 2077 2097 2080
f 2077 2080 2059
f 2059 2080 2064
f 2063 2059 2064
f 2063 2058 2059
f 2079 2075 2056
f 2079 2056 2061
f 2061 2056 2057
f 2061 2057 2062
f 2062 2057 2058
f 2062 2058 2063
f 2129 2115 2116
f 2129 2116 2130
f 2031 2028 2033
f 2033 2028 2051
f 2033 2051 2054
f 2033 2054 2036
f 2036 2054 2059
f 2058 2035 2059
f 2036 2059 2035
f 2059 2054 2051
f 2059 2051 2077
f 2077 2051 2070
f 2087 2093 2070
f 2070 2093 2077
f 2105 2113 2087
f 2087 2113 2093
f 2121 2128 2104
f 2104 2128 2112
f 2104 2112 2105
f 2105 2112 2113
f 2103 2111 2120
f 2120 2111 2127
f 2120 2127 2121
f 2121 2127 2128
f 2102 2110 2103
f 2103 2110 2111
f 2086 2092 2102
f 2102 2092 2110
f 2069 2075 2086
f 2086 2075 2092
f 2050 2046 2051
f 2051 2046 2047
f 2051 2047 2067
f 2051 2067 2070
f 2070 2067 2084
f 2070 2084 2087
f 2087 2084 2101
f 2087 2101 2105
f 2105 2101 2100
f 2105 2100 2104
f 2104 2100 2119
f 2104 2119 2121
f 2121 2119 2118
f 2121 2118 2120
f 2120 2118 2099
f 2120 2099 2103
f 2103 2099 2098
f 2103 2098 2102
f 2102 2098 2082
f 2102 2082 2086
f 2086 2082 2066
f 2086 2066 2069
f 2119 2100 2099
f 2119 2099 2118
f 2069 2066 2044
f 2069 2044 2049
f 2025 1956 2044
f 2044 1956 1955
f 2044 1955 1954
f 2044 2045 2025
f 2101 2084 2100
f 2099 2082 2098
f 2045 2044 2066
f 2046 2067 2047
f 2083 2066 2082
f 2045 2066 2083
f 2083 2046 2045
f 2067 2046 2083
f 2083 2084 2067
f 2100 2084 2083
f 2083 2099 2100
f 2082 2099 2083
f 1892 1877 1895
f 1895 1877 1870
f 1870 1871 1895
f 1895 1871 1874
f 1892 1891 1877
f 1896 1895 1875
f 1875 1895 1874
f 2339 2338 2337
f 2337 2338 2332
f 2337 2332 2331
f 2331 2332 2330
f 2331 2330 2325
f 2325 2330 2316
f 2325 2316 2312
f 2312 2316 2289
f 2312 2289 2285
f 2285 2289 2294
f 2285 2294 2290
f 2290 2294 2295
f 2295 2294 2299
f 2295 2299 2305
f 2295 2305 2300
f 2300 2305 2320
f 2300 2320 2319
f 2319 2320 2336
f 2319 2336 2335
f 2335 2336 2334
f 2335 2334 2333
f 2333 2334 2340
f 2333 2340 2339
f 2339 2340 2338
f 2294 2317 2299
f 2317 2320 2305
f 2317 2305 2299
f 2317 2336 2320
f 2317 2334 2336
f 2338 2340 2317
f 2317 2340 2334
f 2332 2338 2317
f 2317 2330 2332
f 2317 2316 2330
f 2294 2289 2317
f 2317 2289 2316
f 2295 2318 2290
f 2318 2312 2285
f 2318 2285 2290
f 2318 2325 2312
f 2318 2331 2325
f 2339 2337 2318
f 2318 2337 2331
f 2333 2339 2318
f 2318 2335 2333
f 2318 2319 2335
f 2295 2300 2318
f 2318 2300 2319
f 2165 2188 2187
f 2187 2164 2165
f 2165 2183 2188
f 2134 2140 2139
f 2140 2134 2135
f 2140 2135 2136
f 2140 2136 2141
f 2183 2184 2165
f 2166 2165 2184
f 2288 2315 2289
f 2289 2315 2316
f 2268 2294 2272
f 2272 2294 2299
f 2276 2304 2280
f 2280 2304 2303
f 2280 2303 2307
f 2280 2307 2279
f 2330 2316 2329
f 2316 2315 2329
f 2329 2315 2311
f 2329 2311 2324
f 2324 2311 2323
f 2323 2311 2310
f 2310 2283 2259
f 2134 2145 2146
f 2134 2146 2135
f 2135 2146 2136
f 2146 2147 2136
f 2149 2141 2136
f 2149 2136 2147
f 2159 2178 2161
f 2161 2178 2180
f 2166 2184 2183
f 2166 2183 2165
f 2209 2187 2188
f 2209 2188 2210
f 2272 2271 2268
f 2268 2271 2267
f 2268 2267 2294
f 2294 2267 2293
f 2299 2298 2271
f 2299 2271 2272
f 2276 2280 2275
f 2279 2275 2280
f 2288 2289 2293
f 2293 2289 2294
f 2289 2316 2287
f 2287 2316 2314
f 2294 2289 2292
f 2292 2289 2287
f 2294 2292 2299
f 2299 2292 2297
f 2297 2298 2299
f 2298 2297 2303
f 2298 2303 2304
f 2304 2303 2307
f 2329 2324 2327
f 2327 2324 2323
f 2328 2330 2329
f 2328 2329 2327
f 2328 2314 2330
f 2330 2314 2316
f 2175 2176 2157
f 2238 2260 2263
f 2238 2263 2241
f 2237 2259 2238
f 2238 2259 2260
f 2154 2146 2153
f 2153 2146 2145
f 2147 2146 2154
f 2155 2147 2154
f 2155 2149 2147
f 2196 2157 2176
f 2159 2157 2196
f 2198 2159 2196
f 2198 2178 2159
f 2202 2178 2198
f 2161 2180 2202
f 2202 2180 2178
f 2201 2161 2202
f 2166 2161 2201
f 2166 2205 2165
f 2205 2166 2201
f 2205 2183 2165
f 2210 2188 2205
f 2205 2188 2183
f 2276 2298 2304
f 2245 2267 2271
f 2245 2271 2249
f 2241 2263 2245
f 2245 2263 2267
f 2196 2176 2195
f 2217 2196 2195
f 2217 2195 2214
f 2195 2176 2175
f 2175 2171 2192
f 2191 2213 2192
f 2192 2213 2214
f 2192 2171 2191
f 2191 2171 2170
f 2195 2175 2192
f 2195 2192 2214
f 2153 2170 2154
f 2154 2170 2171
f 2154 2171 2175
f 2154 2175 2155
f 2155 2175 2157
f 2155 2157 2149
f 2229 2234 2205
f 2229 2205 2225
f 2196 2217 2218
f 2196 2218 2198
f 2198 2218 2222
f 2198 2222 2221
f 2198 2221 2201
f 2201 2221 2225
f 2201 2225 2205
f 2233 2209 2234
f 2234 2209 2210
f 2234 2210 2205
f 2201 2202 2198
f 2252 2276 2256
f 2256 2276 2255
f 2255 2276 2275
f 2255 2275 2279
f 2252 2249 2276
f 2249 2271 2276
f 2276 2271 2298
f 2255 2233 2256
f 2256 2233 2234
f 2256 2234 2252
f 2252 2234 2229
f 2252 2229 2249
f 2249 2229 2225
f 2249 2225 2271
f 2213 2237 2214
f 2214 2237 2238
f 2214 2238 2217
f 2217 2238 2241
f 2217 2241 2218
f 2218 2241 2222
f 2222 2241 2245
f 2222 2245 2221
f 2221 2245 2225
f 2225 2245 2249
f 2153 2145 2170
f 2293 2267 2263
f 2288 2293 2263
f 2259 2283 2284
f 2288 2263 2284
f 2284 2263 2260
f 2284 2260 2259
f 2315 2288 2311
f 2311 2288 2284
f 2311 2284 2310
f 2310 2284 2283
f 2187 2186 2164
f 2186 2185 2164
f 2164 2185 2163
f 2163 2185 2182
f 2132 2133 2138
f 2138 2133 2139
f 2139 2133 2134
f 2138 2137 2131
f 2138 2131 2132
f 2181 2182 2162
f 2162 2182 2163
f 2313 2286 2312
f 2312 2286 2285
f 2321 2308 2326
f 2326 2308 2313
f 2308 2321 2322
f 2308 2322 2309
f 2310 2282 2309
f 2310 2309 2323
f 2323 2309 2322
f 2282 2310 2258
f 2258 2310 2259
f 2258 2259 2237
f 2258 2237 2236
f 2236 2237 2213
f 2236 2213 2212
f 2145 2169 2170
f 2170 2169 2190
f 2170 2190 2191
f 2191 2190 2213
f 2213 2190 2212
f 2145 2144 2169
f 2144 2133 2132
f 2144 2132 2143
f 2131 2142 2143
f 2131 2143 2132
f 2177 2158 2160
f 2160 2179 2177
f 2186 2208 2185
f 2185 2208 2207
f 2208 2186 2187
f 2208 2187 2209
f 2142 2131 2137
f 2142 2137 2148
f 2133 2144 2145
f 2133 2145 2134
f 2326 2313 2312
f 2326 2312 2325
f 2269 2295 2290
f 2269 2290 2265
f 2301 2273 2277
f 2301 2277 2302
f 2302 2277 2306
f 2306 2277 2278
f 2278 2279 2306
f 2306 2279 2307
f 2285 2286 2290
f 2290 2286 2291
f 2290 2291 2265
f 2291 2266 2265
f 2265 2266 2269
f 2266 2270 2269
f 2269 2270 2295
f 2295 2270 2296
f 2277 2273 2274
f 2277 2274 2278
f 2278 2274 2279
f 2279 2274 2275
f 2312 2285 2287
f 2301 2302 2303
f 2301 2303 2296
f 2296 2303 2297
f 2297 2295 2296
f 2292 2290 2297
f 2297 2290 2295
f 2287 2285 2292
f 2292 2285 2290
f 2314 2312 2287
f 2302 2306 2303
f 2303 2306 2307
f 2326 2325 2328
f 2327 2323 2322
f 2327 2322 2321
f 2321 2326 2327
f 2327 2326 2328
f 2314 2328 2325
f 2312 2314 2325
f 2233 2255 2254
f 2266 2244 2270
f 2270 2244 2248
f 2273 2296 2270
f 2279 2278 2255
f 2204 2182 2185
f 2204 2185 2207
f 2163 2182 2204
f 2204 2162 2163
f 2162 2204 2200
f 2162 2200 2160
f 2160 2200 2199
f 2179 2160 2199
f 2197 2177 2199
f 2199 2177 2179
f 2156 2158 2173
f 2173 2158 2177
f 2142 2148 2150
f 2150 2148 2156
f 2151 2142 2150
f 2143 2142 2151
f 2152 2144 2143
f 2258 2236 2235
f 2235 2257 2258
f 2240 2262 2235
f 2235 2262 2257
f 2231 2228 2204
f 2224 2204 2228
f 2209 2233 2208
f 2208 2233 2232
f 2208 2232 2207
f 2207 2232 2231
f 2207 2231 2204
f 2224 2200 2204
f 2199 2200 2224
f 2199 2224 2197
f 2197 2224 2220
f 2215 2193 2219
f 2219 2193 2197
f 2219 2197 2220
f 2193 2215 2216
f 2193 2216 2194
f 2194 2216 2189
f 2189 2216 2211
f 2193 2173 2197
f 2197 2173 2177
f 2194 2173 2193
f 2168 2151 2174
f 2174 2151 2150
f 2174 2150 2156
f 2174 2156 2173
f 2143 2151 2152
f 2152 2151 2168
f 2152 2168 2169
f 2169 2168 2189
f 2169 2189 2190
f 2190 2189 2211
f 2190 2211 2212
f 2189 2168 2194
f 2194 2168 2174
f 2194 2174 2173
f 2236 2212 2235
f 2235 2212 2211
f 2235 2211 2240
f 2240 2211 2216
f 2240 2216 2215
f 2255 2278 2254
f 2254 2278 2274
f 2254 2274 2253
f 2253 2274 2273
f 2253 2273 2251
f 2270 2248 2273
f 2232 2233 2254
f 2232 2254 2231
f 2231 2254 2253
f 2231 2253 2228
f 2228 2253 2251
f 2228 2251 2224
f 2301 2296 2273
f 2251 2273 2248
f 2251 2248 2224
f 2224 2248 2220
f 2220 2248 2244
f 2220 2244 2219
f 2219 2244 2266
f 2219 2266 2215
f 2215 2266 2262
f 2215 2262 2240
f 2144 2152 2169
f 2262 2291 2286
f 2266 2291 2262
f 2282 2258 2257
f 2262 2286 2257
f 2257 2286 2281
f 2257 2281 2282
f 2286 2313 2281
f 2281 2313 2308
f 2281 2308 2282
f 2282 2308 2309
f 2162 2161 2166
f 2166 2165 2164
f 2166 2164 2162
f 2162 2164 2163
f 2137 2138 2148
f 2148 2138 2139
f 2140 2141 2149
f 2140 2149 2139
f 2139 2149 2148
f 2157 2156 2149
f 2149 2156 2148
f 2159 2158 2156
f 2159 2156 2157
f 2161 2160 2159
f 2159 2160 2158
f 2160 2161 2162
f 2242 2263 2264
f 2263 2242 2241
f 2241 2260 2263
f 2202 2180 2198
f 2198 2180 2178
f 2202 2166 2161
f 2183 2184 2205
f 2205 2184 2206
f 2206 2184 2166
f 2272 2250 2268
f 2268 2250 2246
f 2242 2264 2246
f 2246 2264 2268
f 2260 2241 2238
f 2238 2241 2214
f 2192 2217 2196
f 2172 2192 2176
f 2176 2192 2196
f 2155 2172 2157
f 2157 2172 2176
f 2154 2171 2155
f 2233 2209 2210
f 2233 2210 2234
f 2198 2222 2202
f 2202 2222 2226
f 2279 2255 2280
f 2280 2255 2256
f 2280 2256 2276
f 2206 2202 2226
f 2206 2226 2230
f 2230 2226 2250
f 2230 2250 2252
f 2252 2250 2276
f 2202 2206 2166
f 2252 2229 2230
f 2230 2229 2205
f 2230 2205 2206
f 2155 2171 2172
f 2172 2171 2192
f 2192 2214 2217
f 2217 2214 2241
f 2218 2241 2242
f 2218 2242 2222
f 2222 2242 2246
f 2222 2246 2226
f 2226 2246 2250
f 2226 2250 2272
f 2250 2272 2276
f 2276 2272 2299
f 2276 2299 2298
f 2264 2289 2294
f 2264 2294 2268
f 2289 2264 2288
f 2288 2264 2263
f 2288 2263 2260
f 2288 2260 2284
f 2284 2260 2283
f 2283 2260 2259
f 2247 2269 2243
f 2243 2269 2265
f 2273 2296 2269
f 2269 2296 2295
f 2204 2181 2182
f 2203 2162 2204
f 2204 2162 2181
f 2199 2160 2203
f 2203 2160 2162
f 2150 2142 2156
f 2156 2142 2148
f 2240 2262 2257
f 2240 2257 2235
f 2239 2262 2240
f 2239 2261 2262
f 2232 2208 2209
f 2209 2233 2232
f 2223 2199 2227
f 2227 2199 2203
f 2227 2203 2228
f 2228 2203 2204
f 2219 2197 2223
f 2223 2197 2199
f 2216 2189 2193
f 2189 2168 2167
f 2189 2167 2193
f 2193 2167 2173
f 2168 2151 2150
f 2168 2150 2167
f 2167 2150 2173
f 2173 2150 2156
f 2240 2216 2239
f 2239 2216 2215
f 2254 2278 2253
f 2253 2278 2277
f 2253 2277 2251
f 2251 2277 2273
f 2251 2273 2247
f 2247 2273 2269
f 2228 2251 2227
f 2227 2251 2247
f 2227 2247 2223
f 2223 2247 2219
f 2219 2247 2243
f 2219 2243 2265
f 2219 2265 2215
f 2215 2265 2261
f 2215 2261 2239
f 2290 2285 2261
f 2261 2265 2290
f 2285 2286 2313
f 2261 2285 2262
f 2262 2285 2286
f 2257 2281 2258
f 2258 2281 2282
f 2455 2453 2454
f 2455 2454 2478
f 2478 2477 2452
f 2478 2452 2455
f 2455 2456 2453
f 2477 2478 2499
f 2499 2478 2500
f 2499 2500 2517
f 2517 2500 2518
f 2517 2518 2535
f 2535 2551 2550
f 2550 2534 2535
f 2535 2534 2517
f 2567 2566 2549
f 2549 2566 2548
f 2548 2550 2549
f 2549 2550 2551
f 2577 2576 2561
f 2561 2576 2560
f 2558 2559 2574
f 2574 2559 2575
f 2559 2558 2542
f 2559 2542 2543
f 2576 2589 2575
f 2575 2597 2596
f 2575 2596 2592
f 2575 2595 2599
f 2599 2598 2575
f 2575 2592 2587
f 2561 2560 2544
f 2561 2544 2545
f 2589 2588 2575
f 2575 2588 2595
f 2575 2598 2597
f 2587 2586 2575
f 2493 2494 2512
f 2493 2512 2511
f 2527 2543 2542
f 2545 2544 2528
f 2545 2528 2529
f 2529 2528 2511
f 2529 2511 2512
f 2542 2526 2527
f 2527 2526 2510
f 2510 2526 2509
f 2510 2509 2488
f 2488 2509 2487
f 2578 2579 2576
f 2578 2576 2575
f 2579 2578 2564
f 2564 2578 2563
f 2564 2563 2565
f 2565 2563 2567
f 2567 2563 2562
f 2567 2562 2566
f 2459 2467 2466
f 2459 2466 2458
f 2436 2435 2427
f 2428 2436 2427
f 2429 2430 2437
f 2437 2430 2438
f 2462 2463 2469
f 2462 2469 2468
f 2458 2378 2459
f 2459 2378 2379
f 2459 2379 2467
f 2467 2379 2387
f 2467 2387 2466
f 2466 2387 2386
f 2466 2386 2458
f 2458 2386 2378
f 2467 2427 2459
f 2490 2428 2467
f 2467 2428 2427
f 2490 2436 2428
f 2490 2491 2436
f 2436 2491 2437
f 2491 2429 2437
f 2468 2430 2491
f 2491 2430 2429
f 2462 2430 2468
f 2462 2382 2463
f 2463 2382 2383
f 2463 2383 2469
f 2469 2383 2389
f 2469 2389 2468
f 2468 2389 2388
f 2468 2388 2462
f 2462 2388 2382
f 2431 2430 2388
f 2431 2388 2389
f 2438 2435 2437
f 2437 2435 2436
f 2387 2427 2426
f 2387 2426 2386
f 2392 2399 2398
f 2393 2399 2392
f 2394 2395 2401
f 2400 2394 2401
f 2444 2400 2445
f 2445 2400 2401
f 2442 2398 2443
f 2443 2398 2399
f 2427 2387 2379
f 2427 2379 2459
f 2467 2459 2481
f 2489 2467 2481
f 2490 2467 2489
f 2490 2489 2482
f 2482 2489 2481
f 2460 2482 2481
f 2459 2460 2481
f 2460 2461 2482
f 2482 2461 2483
f 2482 2483 2490
f 2490 2483 2491
f 2468 2491 2492
f 2492 2491 2484
f 2484 2491 2483
f 2468 2492 2484
f 2462 2468 2484
f 2462 2484 2483
f 2462 2483 2461
f 2388 2430 2382
f 2382 2430 2462
f 2439 2438 2430
f 2439 2430 2431
f 2426 2427 2434
f 2434 2427 2435
f 2434 2435 2439
f 2439 2435 2438
f 2448 2404 2442
f 2442 2404 2398
f 2434 2392 2398
f 2434 2398 2442
f 2393 2392 2435
f 2435 2392 2434
f 2443 2399 2393
f 2443 2393 2435
f 2438 2394 2400
f 2438 2400 2444
f 2395 2394 2439
f 2439 2394 2438
f 2445 2401 2395
f 2445 2395 2439
f 2401 2405 2449
f 2401 2449 2445
f 2405 2404 2449
f 2449 2404 2448
f 2448 2442 2443
f 2445 2449 2444
f 2448 2443 2444
f 2448 2444 2449
f 2411 2410 2405
f 2405 2410 2409
f 2405 2409 2404
f 2404 2409 2408
f 2368 2354 2426
f 2368 2426 2434
f 2368 2434 2372
f 2368 2386 2354
f 2354 2386 2426
f 2346 2368 2354
f 2346 2362 2368
f 2362 2346 2378
f 2347 2379 2346
f 2346 2379 2378
f 2459 2379 2347
f 2459 2347 2460
f 2460 2347 2348
f 2348 2349 2460
f 2460 2349 2461
f 2350 2382 2462
f 2350 2462 2349
f 2349 2462 2461
f 2355 2369 2351
f 2351 2369 2365
f 2365 2383 2351
f 2351 2383 2350
f 2350 2383 2382
f 2369 2355 2389
f 2389 2355 2431
f 2439 2431 2373
f 2373 2431 2369
f 2369 2431 2355
f 2372 2434 2392
f 2398 2372 2392
f 2439 2373 2395
f 2373 2401 2395
f 2401 2402 2405
f 2405 2402 2406
f 2402 2401 2446
f 2446 2401 2445
f 2397 2398 2404
f 2397 2404 2403
f 2439 2440 2445
f 2445 2440 2446
f 2398 2397 2441
f 2398 2441 2442
f 2433 2434 2442
f 2433 2442 2441
f 2435 2438 2443
f 2438 2444 2443
f 2398 2397 2391
f 2398 2391 2372
f 2391 2371 2372
f 2372 2371 2368
f 2368 2371 2353
f 2368 2353 2354
f 2344 2350 2349
f 2344 2349 2343
f 2341 2342 2348
f 2341 2348 2347
f 2354 2353 2346
f 2356 2355 2351
f 2356 2351 2352
f 2348 2342 2349
f 2349 2342 2343
f 2346 2353 2345
f 2369 2355 2356
f 2369 2356 2373
f 2373 2356 2374
f 2402 2401 2396
f 2396 2401 2373
f 2396 2373 2374
f 2396 2395 2402
f 2402 2395 2401
f 2392 2434 2391
f 2391 2434 2433
f 2397 2398 2392
f 2397 2392 2391
f 2403 2404 2398
f 2403 2398 2397
f 2378 2386 2377
f 2377 2386 2385
f 2368 2385 2386
f 2368 2367 2385
f 2367 2368 2361
f 2368 2362 2361
f 2369 2366 2365
f 2366 2369 2370
f 2389 2370 2369
f 2389 2390 2370
f 2389 2384 2390
f 2389 2383 2384
f 2439 2395 2440
f 2440 2395 2396
f 2404 2408 2407
f 2408 2409 2407
f 2404 2407 2403
f 2403 2447 2441
f 2441 2447 2473
f 2397 2403 2441
f 2441 2473 2471
f 2471 2433 2441
f 2471 2473 2497
f 2465 2471 2487
f 2487 2471 2495
f 2497 2495 2471
f 2496 2472 2494
f 2470 2494 2472
f 2472 2496 2498
f 2472 2498 2474
f 2406 2402 2446
f 2474 2450 2446
f 2446 2440 2472
f 2406 2446 2450
f 2472 2474 2446
f 2412 2410 2411
f 2412 2405 2406
f 2411 2405 2412
f 2513 2515 2530
f 2548 2546 2530
f 2487 2495 2513
f 2513 2495 2497
f 2510 2488 2487
f 2510 2509 2527
f 2527 2509 2526
f 2532 2548 2530
f 2497 2515 2532
f 2513 2497 2515
f 2515 2497 2530
f 2530 2497 2532
f 2578 2575 2559
f 2563 2578 2559
f 2563 2559 2543
f 2543 2527 2546
f 2543 2546 2563
f 2563 2546 2562
f 2510 2487 2509
f 2509 2487 2513
f 2509 2513 2526
f 2526 2513 2530
f 2526 2530 2527
f 2527 2530 2546
f 2562 2546 2548
f 2562 2548 2566
f 2559 2558 2575
f 2570 2571 2555
f 2599 2595 2594
f 2599 2594 2598
f 2592 2596 2593
f 2593 2596 2597
f 2574 2575 2558
f 2576 2573 2585
f 2576 2585 2589
f 2560 2557 2573
f 2576 2560 2573
f 2571 2583 2584
f 2584 2572 2571
f 2555 2571 2572
f 2582 2570 2581
f 2581 2570 2569
f 2570 2582 2571
f 2571 2582 2583
f 2554 2570 2555
f 2553 2569 2554
f 2554 2569 2570
f 2587 2580 2586
f 2586 2580 2568
f 2586 2568 2575
f 2593 2597 2594
f 2594 2597 2598
f 2589 2585 2588
f 2588 2585 2584
f 2588 2584 2594
f 2594 2584 2583
f 2594 2583 2591
f 2594 2591 2593
f 2593 2591 2590
f 2593 2590 2582
f 2593 2582 2587
f 2587 2582 2581
f 2587 2581 2580
f 2573 2572 2584
f 2581 2569 2568
f 2585 2573 2584
f 2591 2583 2590
f 2590 2583 2582
f 2580 2581 2568
f 2595 2588 2594
f 2592 2593 2587
f 2575 2568 2559
f 2559 2568 2552
f 2572 2556 2555
f 2557 2556 2573
f 2573 2556 2572
f 2568 2569 2552
f 2552 2569 2553
f 2537 2521 2520
f 2540 2524 2523
f 2371 2367 2353
f 2370 2374 2356
f 2471 2465 2433
f 2425 2378 2377
f 2425 2377 2385
f 2417 2418 2378
f 2383 2423 2424
f 2383 2424 2384
f 2424 2390 2384
f 2358 2359 2343
f 2343 2359 2344
f 2344 2359 2360
f 2344 2360 2350
f 2350 2360 2364
f 2350 2364 2351
f 2351 2364 2365
f 2358 2375 2359
f 2359 2375 2376
f 2359 2376 2382
f 2359 2382 2364
f 2364 2382 2383
f 2364 2383 2365
f 2376 2381 2382
f 2370 2356 2366
f 2366 2356 2352
f 2366 2352 2365
f 2365 2352 2351
f 2396 2374 2370
f 2390 2396 2370
f 2415 2421 2416
f 2461 2421 2460
f 2460 2421 2415
f 2381 2421 2382
f 2382 2421 2422
f 2382 2422 2383
f 2383 2422 2423
f 2390 2432 2396
f 2396 2432 2440
f 2472 2440 2470
f 2432 2390 2424
f 2432 2470 2440
f 2421 2461 2422
f 2422 2461 2462
f 2422 2462 2423
f 2423 2462 2463
f 2423 2463 2464
f 2423 2464 2424
f 2424 2464 2432
f 2432 2464 2470
f 2529 2512 2525
f 2525 2512 2508
f 2525 2508 2507
f 2525 2507 2524
f 2524 2507 2506
f 2561 2545 2560
f 2560 2545 2544
f 2560 2544 2557
f 2557 2544 2541
f 2557 2541 2556
f 2556 2541 2540
f 2524 2540 2525
f 2525 2540 2541
f 2525 2541 2529
f 2529 2541 2544
f 2529 2544 2545
f 2503 2481 2502
f 2502 2481 2480
f 2502 2480 2501
f 2501 2480 2479
f 2501 2479 2509
f 2509 2479 2487
f 2512 2494 2508
f 2508 2494 2486
f 2508 2486 2507
f 2507 2486 2485
f 2507 2485 2506
f 2506 2485 2484
f 2506 2484 2505
f 2505 2484 2483
f 2505 2483 2504
f 2504 2483 2482
f 2504 2482 2503
f 2503 2482 2481
f 2553 2537 2552
f 2552 2537 2536
f 2552 2536 2559
f 2559 2536 2543
f 2526 2542 2543
f 2526 2543 2519
f 2519 2543 2536
f 2519 2536 2520
f 2520 2536 2537
f 2555 2539 2554
f 2554 2539 2538
f 2554 2538 2553
f 2553 2538 2537
f 2555 2556 2540
f 2555 2540 2539
f 2539 2540 2523
f 2539 2523 2538
f 2538 2523 2522
f 2538 2522 2521
f 2538 2521 2537
f 2521 2503 2520
f 2520 2503 2502
f 2520 2502 2519
f 2519 2502 2501
f 2519 2501 2526
f 2526 2501 2509
f 2371 2391 2385
f 2385 2367 2371
f 2353 2367 2345
f 2345 2367 2361
f 2345 2361 2346
f 2346 2361 2362
f 2425 2385 2433
f 2433 2385 2391
f 2417 2378 2425
f 2347 2346 2362
f 2347 2362 2363
f 2363 2362 2378
f 2363 2378 2379
f 2343 2342 2358
f 2379 2375 2358
f 2379 2358 2357
f 2357 2358 2341
f 2342 2341 2358
f 2360 2359 2364
f 2418 2379 2378
f 2458 2418 2457
f 2457 2418 2417
f 2457 2417 2465
f 2465 2417 2425
f 2465 2425 2433
f 2417 2418 2425
f 2347 2363 2357
f 2379 2418 2419
f 2419 2418 2458
f 2419 2458 2459
f 2419 2459 2420
f 2459 2460 2420
f 2420 2460 2415
f 2415 2416 2376
f 2376 2375 2415
f 2415 2375 2420
f 2420 2375 2380
f 2420 2380 2419
f 2416 2421 2381
f 2416 2381 2376
f 2380 2375 2379
f 2380 2379 2419
f 2524 2506 2523
f 2523 2506 2505
f 2523 2505 2522
f 2522 2505 2504
f 2522 2504 2521
f 2521 2504 2503
f 2481 2459 2480
f 2480 2459 2458
f 2480 2458 2479
f 2479 2458 2457
f 2479 2457 2487
f 2487 2457 2465
f 2494 2470 2486
f 2486 2470 2464
f 2486 2464 2485
f 2485 2464 2463
f 2485 2463 2484
f 2484 2463 2462
f 2379 2357 2363
f 2357 2341 2347
f 2496 2494 2512
f 2496 2514 2516
f 2496 2516 2498
f 2567 2549 2547
f 2567 2547 2565
f 2511 2528 2512
f 2528 2529 2512
f 2512 2514 2496
f 2560 2576 2564
f 2560 2564 2544
f 2544 2564 2547
f 2544 2547 2528
f 2528 2547 2529
f 2529 2547 2531
f 2529 2531 2512
f 2512 2531 2514
f 2531 2547 2549
f 2531 2549 2533
f 2533 2516 2531
f 2531 2516 2514
f 2565 2547 2564
f 2579 2564 2576
f 2410 2412 2409
f 2407 2409 2412
f 2452 2477 2451
f 2407 2413 2452
f 2452 2413 2455
f 2451 2407 2452
f 2403 2407 2447
f 2447 2475 2473
f 2475 2497 2473
f 2517 2534 2532
f 2532 2534 2550
f 2532 2550 2548
f 2517 2532 2515
f 2515 2497 2517
f 2477 2499 2475
f 2477 2475 2451
f 2451 2475 2447
f 2451 2447 2407
f 2475 2499 2497
f 2497 2499 2517
f 2454 2450 2476
f 2476 2474 2498
f 2450 2406 2476
f 2476 2450 2474
f 2454 2412 2450
f 2414 2412 2454
f 2454 2453 2414
f 2414 2453 2456
f 2516 2533 2518
f 2516 2518 2498
f 2549 2551 2533
f 2533 2551 2535
f 2533 2535 2518
f 2478 2454 2476
f 2478 2476 2500
f 2498 2518 2500
f 2498 2500 2476
f 2406 2450 2412
f 2407 2412 2414
f 2456 2413 2407
f 2456 2407 2414
f 2456 2455 2413
f 2607 2737 2729
f 2634 2607 2729
f 2729 2728 2634
f 2728 2633 2634
f 2737 2607 2736
f 2736 2607 2606
f 2602 2732 2604
f 2604 2732 2734
f 2604 2734 2605
f 2605 2734 2735
f 2605 2735 2606
f 2606 2735 2736
f 2616 2642 2637
f 2616 2637 2658
f 2616 2658 2672
f 2616 2690 2706
f 2616 2611 2642
f 2672 2685 2616
f 2616 2685 2690
f 2616 2706 2711
f 2730 2600 2601
f 2601 2731 2730
f 2731 2601 2620
f 2731 2620 2715
f 2715 2620 2615
f 2715 2615 2710
f 2710 2615 2616
f 2710 2616 2711
f 2600 2730 2603
f 2603 2730 2733
f 2603 2733 2732
f 2603 2732 2602
f 2654 2633 2728
f 2728 2702 2654
f 2702 2653 2654
f 2653 2702 2701
f 2653 2682 2668
f 2653 2701 2682
f 2697 2679 2698
f 2702 2682 2701
f 2681 2667 2668
f 2668 2682 2681
f 2698 2699 2722
f 2697 2698 2719
f 2719 2698 2722
f 2696 2697 2716
f 2716 2697 2719
f 2716 2719 2717
f 2717 2719 2720
f 2680 2699 2698
f 2698 2679 2680
f 2697 2696 2679
f 2666 2680 2679
f 2707 2693 2692
f 2692 2693 2687
f 2686 2692 2687
f 2688 2683 2670
f 2688 2670 2687
f 2687 2670 2674
f 2677 2664 2678
f 2678 2664 2665
f 2677 2663 2664
f 2662 2675 2676
f 2662 2661 2675
f 2675 2661 2663
f 2675 2663 2677
f 2670 2669 2674
f 2676 2692 2673
f 2673 2692 2686
f 2674 2660 2659
f 2673 2674 2659
f 2660 2674 2655
f 2655 2674 2669
f 2655 2669 2656
f 2656 2669 2670
f 2673 2659 2676
f 2676 2659 2662
f 2732 2733 2714
f 2714 2733 2730
f 2675 2691 2694
f 2717 2696 2716
f 2718 2713 2712
f 2676 2675 2691
f 2694 2696 2695
f 2695 2696 2717
f 2695 2717 2712
f 2713 2708 2707
f 2707 2708 2693
f 2693 2708 2687
f 2709 2708 2713
f 2709 2713 2714
f 2712 2713 2707
f 2692 2695 2707
f 2707 2695 2712
f 2709 2704 2703
f 2703 2704 2687
f 2708 2709 2703
f 2703 2687 2708
f 2688 2687 2704
f 2694 2695 2692
f 2674 2673 2686
f 2674 2686 2687
f 2714 2713 2732
f 2732 2713 2718
f 2732 2718 2734
f 2734 2718 2721
f 2737 2736 2725
f 2725 2736 2723
f 2699 2700 2724
f 2724 2700 2726
f 2724 2726 2725
f 2725 2726 2727
f 2666 2667 2680
f 2680 2667 2681
f 2681 2682 2700
f 2700 2682 2702
f 2700 2702 2726
f 2726 2702 2728
f 2726 2728 2727
f 2727 2728 2729
f 2736 2735 2723
f 2723 2735 2721
f 2723 2721 2720
f 2720 2721 2717
f 2723 2724 2725
f 2720 2724 2723
f 2735 2734 2721
f 2721 2718 2717
f 2717 2718 2712
f 2694 2692 2691
f 2691 2692 2676
f 2679 2678 2665
f 2679 2665 2666
f 2729 2737 2727
f 2727 2737 2725
f 2720 2719 2724
f 2724 2719 2722
f 2724 2722 2699
f 2700 2699 2681
f 2681 2699 2680
f 2678 2679 2696
f 2678 2696 2677
f 2677 2696 2694
f 2677 2694 2675
f 2684 2690 2685
f 2684 2685 2671
f 2671 2685 2672
f 2690 2684 2689
f 2705 2706 2689
f 2690 2689 2706
f 2730 2731 2714
f 2714 2731 2715
f 2688 2704 2705
f 2683 2684 2670
f 2671 2670 2684
f 2684 2683 2689
f 2689 2683 2688
f 2715 2710 2709
f 2715 2709 2714
f 2709 2710 2704
f 2710 2711 2705
f 2711 2706 2705
f 2705 2689 2688
f 2671 2670 2657
f 2705 2704 2710
f 2600 2603 2602
f 2654 2653 2668
f 2651 2652 2666
f 2652 2667 2666
f 2650 2649 2627
f 2627 2649 2624
f 2649 2648 2624
f 2624 2648 2621
f 2624 2621 2622
f 2624 2622 2625
f 2613 2645 2639
f 2621 2648 2622
f 2648 2646 2622
f 2622 2646 2647
f 2622 2647 2617
f 2638 2639 2644
f 2644 2639 2645
f 2644 2645 2612
f 2612 2645 2613
f 2663 2646 2664
f 2664 2646 2648
f 2664 2648 2649
f 2665 2664 2649
f 2665 2649 2650
f 2666 2665 2650
f 2666 2650 2651
f 2643 2646 2663
f 2643 2663 2661
f 2644 2643 2661
f 2644 2661 2662
f 2644 2647 2646
f 2644 2646 2643
f 2639 2638 2659
f 2639 2659 2660
f 2614 2619 2618
f 2618 2619 2623
f 2660 2655 2639
f 2613 2614 2618
f 2609 2639 2640
f 2635 2640 2639
f 2635 2639 2656
f 2655 2656 2660
f 2660 2656 2639
f 2639 2608 2613
f 2623 2602 2626
f 2626 2602 2604
f 2626 2604 2628
f 2628 2604 2605
f 2628 2605 2630
f 2630 2605 2606
f 2630 2606 2607
f 2630 2607 2632
f 2632 2607 2634
f 2652 2651 2631
f 2631 2651 2629
f 2631 2629 2630
f 2631 2630 2632
f 2668 2667 2652
f 2668 2652 2654
f 2654 2652 2631
f 2654 2631 2633
f 2633 2631 2632
f 2633 2632 2634
f 2612 2613 2617
f 2617 2613 2618
f 2626 2625 2623
f 2617 2647 2644
f 2638 2644 2662
f 2638 2662 2659
f 2612 2617 2644
f 2630 2629 2628
f 2628 2629 2625
f 2651 2650 2627
f 2651 2627 2629
f 2629 2627 2624
f 2629 2624 2625
f 2608 2639 2609
f 2608 2609 2614
f 2608 2614 2613
f 2617 2618 2622
f 2622 2618 2623
f 2626 2628 2625
f 2619 2600 2602
f 2619 2602 2623
f 2622 2623 2625
f 2601 2600 2619
f 2642 2611 2610
f 2642 2610 2641
f 2657 2637 2636
f 2636 2637 2642
f 2636 2642 2641
f 2657 2658 2637
f 2671 2672 2658
f 2658 2657 2671
f 2616 2615 2611
f 2611 2615 2610
f 2620 2601 2619
f 2620 2619 2615
f 2615 2619 2614
f 2670 2671 2656
f 2656 2671 2657
f 2636 2656 2657
f 2636 2641 2640
f 2636 2640 2635
f 2636 2635 2656
f 2614 2609 2615
f 2615 2609 2610
f 2609 2640 2641
f 2610 2609 2641
f 2814 2808 2811
f 2808 2814 2809
f 2809 2814 2815
f 2813 2810 2807
f 2813 2807 2812
f 2812 2807 2806
f 2807 2813 2806
f 2806 2813 2812
f 2807 2797 2796
f 2807 2796 2806
f 2797 2807 2808
f 2797 2808 2809
f 2766 2753 2782
f 2782 2753 2809
f 2808 2782 2809
f 2752 2765 2781
f 2752 2781 2806
f 2806 2781 2807
f 2807 2781 2808
f 2808 2781 2782
f 2753 2766 2752
f 2752 2766 2765
f 2809 2815 2808
f 2808 2815 2814
f 2740 2741 2752
f 2752 2741 2753
f 2796 2752 2806
f 2754 2740 2752
f 2741 2755 2753
f 2753 2797 2809
f 2809 2801 2815
f 2797 2785 2799
f 2797 2799 2809
f 2809 2799 2801
f 2745 2757 2741
f 2741 2757 2755
f 2785 2797 2769
f 2769 2797 2753
f 2753 2755 2769
f 2783 2797 2753
f 2809 2801 2797
f 2797 2801 2799
f 2753 2797 2785
f 2753 2785 2769
f 2753 2767 2783
f 2780 2796 2783
f 2783 2796 2797
f 2767 2766 2783
f 2765 2766 2767
f 2764 2780 2765
f 2780 2781 2765
f 2783 2782 2780
f 2782 2781 2780
f 2766 2782 2783
f 2745 2742 2741
f 2741 2742 2740
f 2741 2740 2739
f 2739 2740 2738
f 2739 2738 2753
f 2753 2738 2752
f 2753 2752 2767
f 2767 2752 2764
f 2767 2764 2765
f 2739 2753 2741
f 2796 2798 2806
f 2806 2798 2800
f 2806 2800 2812
f 2752 2796 2780
f 2768 2752 2754
f 2752 2768 2784
f 2752 2784 2796
f 2796 2784 2798
f 2754 2740 2756
f 2756 2740 2742
f 2780 2764 2752
f 2754 2756 2742
f 2742 2740 2754
f 2738 2740 2752
f 2741 2740 2745
f 2745 2740 2742
f 2744 2743 2742
f 2744 2742 2745
f 2742 2743 2745
f 2744 2745 2743
f 2747 2749 2745
f 2748 2746 2742
f 2790 2794 2789
f 2789 2794 2793
f 2794 2790 2778
f 2778 2790 2774
f 2773 2777 2778
f 2773 2778 2774
f 2789 2793 2777
f 2789 2777 2773
f 2818 2822 2819
f 2819 2822 2823
f 2822 2818 2817
f 2822 2817 2821
f 2816 2820 2821
f 2816 2821 2817
f 2805 2823 2822
f 2805 2822 2821
f 2805 2821 2804
f 2804 2821 2820
f 2792 2776 2793
f 2776 2777 2793
f 2777 2776 2778
f 2794 2778 2779
f 2793 2794 2795
f 2794 2779 2795
f 2805 2804 2795
f 2795 2804 2792
f 2795 2792 2793
f 2779 2778 2776
f 2779 2776 2763
f 2763 2776 2762
f 2763 2762 2751
f 2751 2762 2750
f 2820 2816 2817
f 2817 2821 2820
f 2818 2822 2821
f 2818 2821 2817
f 2822 2818 2823
f 2823 2818 2819
f 2763 2790 2823
f 2820 2789 2762
f 2762 2789 2773
f 2763 2774 2790
f 2823 2790 2822
f 2822 2790 2821
f 2821 2790 2789
f 2762 2773 2763
f 2763 2773 2774
f 2789 2820 2821
f 2762 2763 2750
f 2750 2763 2751
f 2750 2751 2748
f 2748 2751 2749
f 2763 2775 2779
f 2795 2779 2791
f 2791 2779 2775
f 2791 2805 2795
f 2762 2776 2772
f 2804 2788 2792
f 2792 2788 2772
f 2792 2772 2776
f 2748 2762 2750
f 2804 2820 2802
f 2802 2820 2816
f 2746 2758 2756
f 2746 2756 2742
f 2804 2802 2786
f 2804 2786 2788
f 2788 2786 2772
f 2772 2786 2770
f 2772 2770 2762
f 2762 2770 2760
f 2762 2760 2750
f 2750 2760 2748
f 2758 2746 2748
f 2758 2748 2760
f 2742 2756 2758
f 2742 2758 2748
f 2786 2820 2762
f 2786 2762 2770
f 2786 2802 2820
f 2748 2760 2762
f 2823 2819 2803
f 2787 2823 2803
f 2823 2787 2763
f 2763 2787 2771
f 2759 2749 2761
f 2749 2759 2745
f 2745 2759 2757
f 2749 2763 2761
f 2763 2771 2761
f 2771 2787 2775
f 2775 2787 2791
f 2791 2787 2805
f 2805 2787 2803
f 2805 2803 2823
f 2749 2747 2759
f 2759 2747 2757
f 2757 2747 2745
f 2761 2763 2751
f 2761 2751 2749
f 2771 2775 2763
f 2751 2763 2749
f 3070 3086 3071
f 3071 3086 3087
f 3090 3074 3091
f 3074 3056 3075
f 3074 3075 3091
f 3022 3023 3041
f 3076 3057 3077
f 3020 3021 3040
f 3020 3040 3039
f 3086 3088 3090
f 3074 3072 3070
f 3088 3086 3072
f 3072 3086 3070
f 3086 3090 3087
f 3087 3090 3091
f 3089 3073 3087
f 3087 3073 3071
f 3075 3073 3091
f 3091 3073 3089
f 3089 3087 3091
f 3071 3073 3072
f 3071 3072 3070
f 2841 2842 2848
f 2848 2842 2849
f 2848 2849 2841
f 2841 2849 2842
f 2871 2837 2875
f 2837 2844 2875
f 2875 2844 2845
f 2875 2845 2876
f 2827 2825 2851
f 2825 2844 2851
f 2883 2852 2851
f 2883 2851 2882
f 2882 2851 2858
f 2882 2858 2887
f 2826 2827 2850
f 2850 2827 2851
f 2886 2857 2881
f 2857 2850 2881
f 2881 2850 2849
f 2881 2849 2880
f 2824 2826 2843
f 2843 2826 2850
f 2873 2842 2843
f 2873 2843 2874
f 2843 2836 2874
f 2874 2836 2870
f 2824 2844 2825
f 2844 2824 2843
f 2863 2856 2857
f 2836 2837 2844
f 2836 2844 2843
f 2864 2863 2862
f 2866 2865 2858
f 2859 2866 2858
f 2860 2859 2852
f 2853 2860 2852
f 2846 2853 2845
f 2831 2832 2837
f 2837 2832 2838
f 2837 2836 2830
f 2837 2830 2831
f 2836 2829 2830
f 2855 2848 2841
f 2839 2846 2845
f 2839 2845 2838
f 2838 2845 2844
f 2853 2852 2845
f 2845 2852 2844
f 2844 2852 2851
f 2859 2851 2852
f 2859 2858 2851
f 2858 2857 2851
f 2851 2857 2850
f 2857 2864 2863
f 2865 2864 2857
f 2865 2857 2858
f 2856 2849 2850
f 2856 2850 2857
f 2848 2856 2855
f 2856 2848 2849
f 2849 2841 2850
f 2850 2841 2843
f 2834 2842 2841
f 2841 2842 2843
f 2855 2856 2857
f 2835 2829 2836
f 2834 2835 2836
f 2834 2836 2842
f 2842 2836 2843
f 2838 2844 2837
f 2925 2903 2906
f 2968 2983 2984
f 2965 2978 2962
f 2965 2980 2978
f 2980 2965 2979
f 2964 3000 2965
f 2965 3000 2979
f 2985 3006 2964
f 2964 3006 3000
f 2985 3028 3006
f 2984 3027 2985
f 2985 3027 3028
f 3004 3026 2983
f 3027 2984 3026
f 3026 2984 2983
f 2915 2916 2892
f 2864 2914 2865
f 2865 2914 2915
f 2865 2915 2892
f 2865 2892 2866
f 2866 2892 2888
f 2866 2888 2859
f 2889 2860 2859
f 2860 2889 2910
f 2860 2889 2884
f 2860 2884 2853
f 2903 2877 2884
f 2853 2884 2877
f 2853 2877 2846
f 2925 2928 2946
f 2960 2944 2946
f 2946 2944 2925
f 2932 2949 2928
f 2928 2949 2946
f 2950 2968 2951
f 2951 2968 2984
f 2962 2960 2946
f 2962 2946 2965
f 2965 2946 2949
f 2965 2949 2932
f 2965 2932 2964
f 2964 2932 2931
f 2964 2931 2948
f 2964 2948 2985
f 2985 2948 2952
f 2985 2952 2984
f 2984 2952 2951
f 2909 2888 2916
f 2916 2888 2892
f 2906 2903 2884
f 2906 2884 2910
f 2910 2884 2889
f 2932 2910 2909
f 2909 2910 2889
f 2909 2889 2888
f 2888 2889 2859
f 2914 2950 2915
f 2915 2950 2951
f 2915 2951 2916
f 2916 2951 2952
f 2916 2952 2909
f 2909 2952 2948
f 2909 2948 2932
f 2932 2948 2931
f 2932 2931 2910
f 2910 2932 2906
f 2906 2932 2928
f 2906 2928 2925
f 3002 2981 2982
f 3003 3025 3002
f 3003 2982 2983
f 3003 2983 3004
f 3002 2982 3003
f 2914 2864 2891
f 2913 2863 2864
f 2913 2864 2914
f 2890 2862 2863
f 2890 2863 2912
f 2912 2863 2913
f 2982 2981 2966
f 2933 2934 2966
f 2966 2934 2982
f 2950 2983 2935
f 2935 2983 2934
f 2934 2913 2914
f 2934 2914 2935
f 2933 2912 2934
f 2934 2912 2913
f 2983 2982 2934
f 2908 2855 2912
f 2912 2855 2862
f 2908 2885 2855
f 3038 3019 2998
f 3042 3038 2998
f 3024 3042 3002
f 3002 3042 2998
f 3025 3024 3002
f 2862 2890 2912
f 2963 2947 2908
f 2963 2908 2966
f 2966 2908 2912
f 2966 2912 2933
f 2998 2963 3002
f 3002 2963 2966
f 3002 2966 2981
f 2930 2908 2947
f 2879 2855 2885
f 2879 2848 2855
f 2848 2879 2905
f 2905 2927 2945
f 2908 2930 2927
f 2927 2930 2947
f 2927 2947 2961
f 2927 2879 2908
f 2908 2879 2885
f 2905 2879 2927
f 3038 3037 3019
f 3019 3037 3017
f 3019 3017 2996
f 3019 2996 2998
f 2947 2963 2961
f 2961 2963 2998
f 2996 2961 2998
f 3017 3037 2996
f 2961 2945 2927
f 2979 2985 2980
f 2979 3006 2985
f 3028 3027 3006
f 3006 3027 3005
f 3005 3027 3004
f 3027 3026 3004
f 3026 3025 3004
f 3004 3025 3003
f 3025 3043 3042
f 3025 3042 3024
f 2935 2914 2915
f 2847 2907 2854
f 2854 2907 2911
f 2854 2911 2861
f 2861 2911 2910
f 2861 2910 2860
f 2916 2866 2910
f 2910 2866 2860
f 2866 2916 2865
f 2865 2916 2915
f 2915 2914 2891
f 2915 2891 2865
f 2865 2891 2864
f 2951 3005 3004
f 3004 2983 2951
f 2951 2983 2950
f 2951 2950 2935
f 2952 3006 2951
f 2951 3006 3005
f 3006 2952 2985
f 2969 2965 2980
f 2969 2980 2985
f 2944 2946 2926
f 2926 2946 2929
f 2926 2929 2904
f 2847 2878 2907
f 2907 2878 2904
f 2985 2952 2969
f 2969 2952 2936
f 2969 2936 2965
f 2965 2936 2932
f 2929 2946 2928
f 2928 2946 2932
f 2932 2946 2965
f 2915 2951 2935
f 2904 2929 2907
f 2907 2929 2928
f 2907 2928 2911
f 2911 2928 2932
f 2911 2932 2910
f 2910 2932 2936
f 2910 2936 2916
f 2916 2936 2952
f 2839 2833 2832
f 2899 2922 2940
f 2940 2922 2956
f 2956 2974 2991
f 2872 2869 2834
f 2872 2834 2841
f 2918 2917 2953
f 2970 2971 2953
f 2828 2893 2894
f 2828 2894 2829
f 2895 2830 2829
f 2895 2829 2894
f 2919 2972 2937
f 2918 2894 2893
f 2918 2893 2917
f 2894 2918 2895
f 2895 2918 2919
f 2918 2971 2919
f 2919 2971 2972
f 2953 2971 2918
f 3007 3008 2986
f 3029 3007 2986
f 3032 3029 2991
f 2991 3029 2986
f 3012 3032 2991
f 2940 2956 2899
f 2834 2869 2899
f 2834 2899 2893
f 2834 2893 2828
f 2899 2956 2893
f 2893 2956 2953
f 2893 2953 2917
f 2956 2991 2953
f 2953 2991 2986
f 2953 2986 2970
f 2986 2987 2970
f 2987 2971 2970
f 2988 2972 2987
f 2987 2972 2971
f 2986 3008 2987
f 2938 2937 2972
f 2938 2972 2988
f 2896 2895 2919
f 2830 2895 2896
f 2896 2831 2830
f 2832 2831 2896
f 2896 2897 2832
f 2898 2839 2897
f 2897 2839 2832
f 2839 2898 2900
f 2839 2900 2840
f 2840 2900 2901
f 2840 2901 2847
f 2847 2901 2904
f 2847 2904 2878
f 2944 2958 2960
f 2973 2958 2955
f 2939 2973 2955
f 2973 2939 2990
f 2990 2939 2938
f 2990 2938 2989
f 2958 2923 2955
f 2955 2923 2921
f 2955 2921 2939
f 2944 2926 2925
f 2944 2925 2958
f 2958 2925 2923
f 2988 2989 2938
f 2938 2896 2919
f 2938 2919 2937
f 2896 2938 2897
f 2897 2938 2939
f 2897 2939 2898
f 2898 2939 2921
f 2898 2921 2900
f 2900 2921 2923
f 2900 2923 2901
f 2901 2923 2904
f 2904 2923 2925
f 2904 2925 2926
f 2902 2924 2872
f 2899 2924 2922
f 2899 2869 2872
f 2899 2872 2924
f 2958 2976 2977
f 2958 2977 2960
f 2973 2990 2976
f 3010 3011 2990
f 2990 2989 3010
f 3009 3010 2989
f 3030 3007 3029
f 3007 3030 3008
f 2924 2943 2959
f 3035 3032 3012
f 3035 3012 3016
f 3012 2994 3016
f 3016 2994 3035
f 2924 2959 2956
f 2924 2956 2922
f 3012 2991 2994
f 2994 2991 2974
f 2959 2994 2974
f 2959 2974 2956
f 3009 2989 2988
f 2988 2987 3009
f 3009 2987 3008
f 2958 2973 2976
f 2872 2841 2902
f 2924 2902 2943
f 2991 3032 3035
f 3035 2994 2991
f 2971 2987 2986
f 2986 2987 3030
f 2986 3030 3029
f 2918 2954 2953
f 2869 2834 2828
f 2869 2828 2868
f 2959 2943 2902
f 2893 2918 2953
f 2893 2953 2899
f 2953 2956 2899
f 2899 2869 2868
f 2899 2868 2893
f 2893 2868 2894
f 2959 2902 2956
f 2956 2902 2899
f 2902 2872 2899
f 2991 2994 2959
f 2991 2959 2956
f 2991 2956 2986
f 2986 2956 2953
f 2986 2953 2971
f 2971 2953 2954
f 2847 2846 2840
f 2840 2846 2839
f 2838 2832 2839
f 2866 2867 2860
f 2854 2861 2860
f 2846 2847 2853
f 2853 2847 2854
f 2860 2853 2854
f 2859 2860 2866
f 3037 3038 2996
f 2967 2966 2982
f 3002 3042 3043
f 3002 3043 3003
f 2996 3038 2998
f 2945 2961 2905
f 2890 2862 2855
f 2890 2855 2885
f 2905 2908 2879
f 2967 2934 2966
f 2966 2934 2912
f 2966 2912 2963
f 2963 2912 2908
f 2912 2913 2890
f 2912 2890 2908
f 2908 2890 2885
f 2905 2961 2908
f 2908 2961 2963
f 2961 2996 2963
f 2963 2996 2998
f 2963 2998 2966
f 2966 2998 3002
f 2966 3002 2982
f 3053 3052 3036
f 3036 3052 3035
f 3043 3038 3042
f 3004 3026 3005
f 3005 3026 3027
f 3043 3042 3058
f 3043 3058 3059
f 3058 3042 3038
f 3038 3055 3058
f 2976 2941 2942
f 2975 2957 2976
f 2941 2976 2957
f 2975 2992 3015
f 2856 2865 2864
f 2829 2830 2835
f 2835 2830 2831
f 2856 2864 2863
f 2862 2855 2856
f 2862 2856 2863
f 2839 2846 2860
f 2860 2846 2853
f 2859 2866 2856
f 2856 2866 2865
f 2834 2828 2835
f 2835 2828 2829
f 2835 2831 2832
f 2835 2832 2838
f 3049 3032 3052
f 3052 3032 3035
f 3045 3029 3049
f 3049 3029 3032
f 3029 3045 3046
f 3029 3046 3030
f 3035 3037 3052
f 3052 3037 3054
f 3038 3055 3037
f 3037 3055 3054
f 3037 3035 2996
f 2996 3035 2994
f 2996 2994 2961
f 2961 2994 2959
f 2961 2959 2945
f 2945 2959 2924
f 2945 2924 2905
f 2905 2924 2902
f 2905 2902 2872
f 2905 2872 2879
f 2879 2872 2841
f 2879 2841 2848
f 2962 2960 2978
f 3001 2979 2980
f 3001 3000 2979
f 2975 2992 2993
f 2975 2993 2976
f 2978 2960 2977
f 2995 2978 2977
f 2980 2997 3001
f 2990 3011 3015
f 2980 2978 2997
f 2997 2978 2995
f 2995 2977 2976
f 2990 3015 2992
f 2995 2976 2992
f 2992 2976 2993
f 2997 3000 3001
f 3023 3006 3000
f 3006 3023 3028
f 3053 3049 3052
f 3046 3045 3050
f 3050 3045 3053
f 3053 3045 3049
f 3054 3035 3052
f 3038 3035 3055
f 3055 3035 3054
f 2992 2976 2975
f 2992 2975 2990
f 3000 2979 3006
f 3060 3044 3061
f 3027 3028 3060
f 3060 3028 3044
f 3060 3026 3027
f 3060 3043 3026
f 3060 3059 3043
f 3079 3078 3060
f 3060 3078 3059
f 3060 3080 3079
f 3060 3081 3080
f 3060 3061 3081
f 3043 3025 3026
f 3059 3039 3043
f 3059 3056 3039
f 3078 3074 3059
f 3059 3074 3056
f 3079 3075 3074
f 3079 3074 3078
f 3075 3079 3091
f 3091 3079 3093
f 3091 3093 3094
f 3091 3094 3092
f 3092 3094 3080
f 3092 3080 3076
f 3076 3080 3077
f 3077 3080 3081
f 3077 3081 3061
f 3077 3061 3057
f 3057 3061 3041
f 3041 3061 3044
f 3041 3044 3023
f 3023 3044 3028
f 3027 3023 3028
f 3027 3022 3023
f 3043 3039 3020
f 3043 3020 3025
f 3025 3020 3021
f 3025 3021 3026
f 3026 3021 3022
f 3026 3022 3027
f 3093 3079 3080
f 3093 3080 3094
f 2995 2992 2997
f 2997 2992 3015
f 2997 3015 3018
f 2997 3018 3000
f 3000 3018 3023
f 3022 2999 3023
f 3000 3023 2999
f 3023 3018 3015
f 3023 3015 3041
f 3041 3015 3034
f 3051 3057 3034
f 3034 3057 3041
f 3069 3077 3051
f 3051 3077 3057
f 3085 3092 3068
f 3068 3092 3076
f 3068 3076 3069
f 3069 3076 3077
f 3067 3075 3084
f 3084 3075 3091
f 3084 3091 3085
f 3085 3091 3092
f 3066 3074 3067
f 3067 3074 3075
f 3050 3056 3066
f 3066 3056 3074
f 3033 3039 3050
f 3050 3039 3056
f 3014 3010 3015
f 3015 3010 3011
f 3015 3011 3031
f 3015 3031 3034
f 3034 3031 3048
f 3034 3048 3051
f 3051 3048 3065
f 3051 3065 3069
f 3069 3065 3064
f 3069 3064 3068
f 3068 3064 3083
f 3068 3083 3085
f 3085 3083 3082
f 3085 3082 3084
f 3084 3082 3063
f 3084 3063 3067
f 3067 3063 3062
f 3067 3062 3066
f 3066 3062 3046
f 3066 3046 3050
f 3050 3046 3030
f 3050 3030 3033
f 3083 3064 3063
f 3083 3063 3082
f 3033 3030 3008
f 3033 3008 3013
f 2989 2920 3008
f 3008 2920 2919
f 3008 2919 2918
f 3008 3009 2989
f 3065 3048 3064
f 3063 3046 3062
f 3009 3008 3030
f 3010 3031 3011
f 3047 3030 3046
f 3009 3030 3047
f 3047 3010 3009
f 3031 3010 3047
f 3047 3048 3031
f 3064 3048 3047
f 3047 3063 3064
f 3046 3063 3047
f 2856 2841 2859
f 2859 2841 2834
f 2834 2835 2859
f 2859 2835 2838
f 2856 2855 2841
f 2860 2859 2839
f 2839 2859 2838
f 3303 3302 3301
f 3301 3302 3296
f 3301 3296 3295
f 3295 3296 3294
f 3295 3294 3289
f 3289 3294 3280
f 3289 3280 3276
f 3276 3280 3253
f 3276 3253 3249
f 3249 3253 3258
f 3249 3258 3254
f 3254 3258 3259
f 3259 3258 3263
f 3259 3263 3269
f 3259 3269 3264
f 3264 3269 3284
f 3264 3284 3283
f 3283 3284 3300
f 3283 3300 3299
f 3299 3300 3298
f 3299 3298 3297
f 3297 3298 3304
f 3297 3304 3303
f 3303 3304 3302
f 3258 3281 3263
f 3281 3284 3269
f 3281 3269 3263
f 3281 3300 3284
f 3281 3298 3300
f 3302 3304 3281
f 3281 3304 3298
f 3296 3302 3281
f 3281 3294 3296
f 3281 3280 3294
f 3258 3253 3281
f 3281 3253 3280
f 3259 3282 3254
f 3282 3276 3249
f 3282 3249 3254
f 3282 3289 3276
f 3282 3295 3289
f 3303 3301 3282
f 3282 3301 3295
f 3297 3303 3282
f 3282 3299 3297
f 3282 3283 3299
f 3259 3264 3282
f 3282 3264 3283
f 3129 3152 3151
f 3151 3128 3129
f 3129 3147 3152
f 3098 3104 3103
f 3104 3098 3099
f 3104 3099 3100
f 3104 3100 3105
f 3147 3148 3129
f 3130 3129 3148
f 3252 3279 3253
f 3253 3279 3280
f 3232 3258 3236
f 3236 3258 3263
f 3240 3268 3244
f 3244 3268 3267
f 3244 3267 3271
f 3244 3271 3243
f 3294 3280 3293
f 3280 3279 3293
f 3293 3279 3275
f 3293 3275 3288
f 3288 3275 3287
f 3287 3275 3274
f 3274 3247 3223
f 3098 3109 3110
f 3098 3110 3099
f 3099 3110 3100
f 3110 3111 3100
f 3113 3105 3100
f 3113 3100 3111
f 3123 3142 3125
f 3125 3142 3144
f 3130 3148 3147
f 3130 3147 3129
f 3173 3151 3152
f 3173 3152 3174
f 3236 3235 3232
f 3232 3235 3231
f 3232 3231 3258
f 3258 3231 3257
f 3263 3262 3235
f 3263 3235 3236
f 3240 3244 3239
f 3243 3239 3244
f 3252 3253 3257
f 3257 3253 3258
f 3253 3280 3251
f 3251 3280 3278
f 3258 3253 3256
f 3256 3253 3251
f 3258 3256 3263
f 3263 3256 3261
f 3261 3262 3263
f 3262 3261 3267
f 3262 3267 3268
f 3268 3267 3271
f 3293 3288 3291
f 3291 3288 3287
f 3292 3294 3293
f 3292 3293 3291
f 3292 3278 3294
f 3294 3278 3280
f 3139 3140 3121
f 3202 3224 3227
f 3202 3227 3205
f 3201 3223 3202
f 3202 3223 3224
f 3118 3110 3117
f 3117 3110 3109
f 3111 3110 3118
f 3119 3111 3118
f 3119 3113 3111
f 3160 3121 3140
f 3123 3121 3160
f 3162 3123 3160
f 3162 3142 3123
f 3166 3142 3162
f 3125 3144 3166
f 3166 3144 3142
f 3165 3125 3166
f 3130 3125 3165
f 3130 3169 3129
f 3169 3130 3165
f 3169 3147 3129
f 3174 3152 3169
f 3169 3152 3147
f 3240 3262 3268
f 3209 3231 3235
f 3209 3235 3213
f 3205 3227 3209
f 3209 3227 3231
f 3160 3140 3159
f 3181 3160 3159
f 3181 3159 3178
f 3159 3140 3139
f 3139 3135 3156
f 3155 3177 3156
f 3156 3177 3178
f 3156 3135 3155
f 3155 3135 3134
f 3159 3139 3156
f 3159 3156 3178
f 3117 3134 3118
f 3118 3134 3135
f 3118 3135 3139
f 3118 3139 3119
f 3119 3139 3121
f 3119 3121 3113
f 3193 3198 3169
f 3193 3169 3189
f 3160 3181 3182
f 3160 3182 3162
f 3162 3182 3186
f 3162 3186 3185
f 3162 3185 3165
f 3165 3185 3189
f 3165 3189 3169
f 3197 3173 3198
f 3198 3173 3174
f 3198 3174 3169
f 3165 3166 3162
f 3216 3240 3220
f 3220 3240 3219
f 3219 3240 3239
f 3219 3239 3243
f 3216 3213 3240
f 3213 3235 3240
f 3240 3235 3262
f 3219 3197 3220
f 3220 3197 3198
f 3220 3198 3216
f 3216 3198 3193
f 3216 3193 3213
f 3213 3193 3189
f 3213 3189 3235
f 3177 3201 3178
f 3178 3201 3202
f 3178 3202 3181
f 3181 3202 3205
f 3181 3205 3182
f 3182 3205 3186
f 3186 3205 3209
f 3186 3209 3185
f 3185 3209 3189
f 3189 3209 3213
f 3117 3109 3134
f 3257 3231 3227
f 3252 3257 3227
f 3223 3247 3248
f 3252 3227 3248
f 3248 3227 3224
f 3248 3224 3223
f 3279 3252 3275
f 3275 3252 3248
f 3275 3248 3274
f 3274 3248 3247
f 3151 3150 3128
f 3150 3149 3128
f 3128 3149 3127
f 3127 3149 3146
f 3096 3097 3102
f 3102 3097 3103
f 3103 3097 3098
f 3102 3101 3095
f 3102 3095 3096
f 3145 3146 3126
f 3126 3146 3127
f 3277 3250 3276
f 3276 3250 3249
f 3285 3272 3290
f 3290 3272 3277
f 3272 3285 3286
f 3272 3286 3273
f 3274 3246 3273
f 3274 3273 3287
f 3287 3273 3286
f 3246 3274 3222
f 3222 3274 3223
f 3222 3223 3201
f 3222 3201 3200
f 3200 3201 3177
f 3200 3177 3176
f 3109 3133 3134
f 3134 3133 3154
f 3134 3154 3155
f 3155 3154 3177
f 3177 3154 3176
f 3109 3108 3133
f 3108 3097 3096
f 3108 3096 3107
f 3095 3106 3107
f 3095 3107 3096
f 3141 3122 3124
f 3124 3143 3141
f 3150 3172 3149
f 3149 3172 3171
f 3172 3150 3151
f 3172 3151 3173
f 3106 3095 3101
f 3106 3101 3112
f 3097 3108 3109
f 3097 3109 3098
f 3290 3277 3276
f 3290 3276 3289
f 3233 3259 3254
f 3233 3254 3229
f 3265 3237 3241
f 3265 3241 3266
f 3266 3241 3270
f 3270 3241 3242
f 3242 3243 3270
f 3270 3243 3271
f 3249 3250 3254
f 3254 3250 3255
f 3254 3255 3229
f 3255 3230 3229
f 3229 3230 3233
f 3230 3234 3233
f 3233 3234 3259
f 3259 3234 3260
f 3241 3237 3238
f 3241 3238 3242
f 3242 3238 3243
f 3243 3238 3239
f 3276 3249 3251
f 3265 3266 3267
f 3265 3267 3260
f 3260 3267 3261
f 3261 3259 3260
f 3256 3254 3261
f 3261 3254 3259
f 3251 3249 3256
f 3256 3249 3254
f 3278 3276 3251
f 3266 3270 3267
f 3267 3270 3271
f 3290 3289 3292
f 3291 3287 3286
f 3291 3286 3285
f 3285 3290 3291
f 3291 3290 3292
f 3278 3292 3289
f 3276 3278 3289
f 3197 3219 3218
f 3230 3208 3234
f 3234 3208 3212
f 3237 3260 3234
f 3243 3242 3219
f 3168 3146 3149
f 3168 3149 3171
f 3127 3146 3168
f 3168 3126 3127
f 3126 3168 3164
f 3126 3164 3124
f 3124 3164 3163
f 3143 3124 3163
f 3161 3141 3163
f 3163 3141 3143
f 3120 3122 3137
f 3137 3122 3141
f 3106 3112 3114
f 3114 3112 3120
f 3115 3106 3114
f 3107 3106 3115
f 3116 3108 3107
f 3222 3200 3199
f 3199 3221 3222
f 3204 3226 3199
f 3199 3226 3221
f 3195 3192 3168
f 3188 3168 3192
f 3173 3197 3172
f 3172 3197 3196
f 3172 3196 3171
f 3171 3196 3195
f 3171 3195 3168
f 3188 3164 3168
f 3163 3164 3188
f 3163 3188 3161
f 3161 3188 3184
f 3179 3157 3183
f 3183 3157 3161
f 3183 3161 3184
f 3157 3179 3180
f 3157 3180 3158
f 3158 3180 3153
f 3153 3180 3175
f 3157 3137 3161
f 3161 3137 3141
f 3158 3137 3157
f 3132 3115 3138
f 3138 3115 3114
f 3138 3114 3120
f 3138 3120 3137
f 3107 3115 3116
f 3116 3115 3132
f 3116 3132 3133
f 3133 3132 3153
f 3133 3153 3154
f 3154 3153 3175
f 3154 3175 3176
f 3153 3132 3158
f 3158 3132 3138
f 3158 3138 3137
f 3200 3176 3199
f 3199 3176 3175
f 3199 3175 3204
f 3204 3175 3180
f 3204 3180 3179
f 3219 3242 3218
f 3218 3242 3238
f 3218 3238 3217
f 3217 3238 3237
f 3217 3237 3215
f 3234 3212 3237
f 3196 3197 3218
f 3196 3218 3195
f 3195 3218 3217
f 3195 3217 3192
f 3192 3217 3215
f 3192 3215 3188
f 3265 3260 3237
f 3215 3237 3212
f 3215 3212 3188
f 3188 3212 3184
f 3184 3212 3208
f 3184 3208 3183
f 3183 3208 3230
f 3183 3230 3179
f 3179 3230 3226
f 3179 3226 3204
f 3108 3116 3133
f 3226 3255 3250
f 3230 3255 3226
f 3246 3222 3221
f 3226 3250 3221
f 3221 3250 3245
f 3221 3245 3246
f 3250 3277 3245
f 3245 3277 3272
f 3245 3272 3246
f 3246 3272 3273
f 3126 3125 3130
f 3130 3129 3128
f 3130 3128 3126
f 3126 3128 3127
f 3101 3102 3112
f 3112 3102 3103
f 3104 3105 3113
f 3104 3113 3103
f 3103 3113 3112
f 3121 3120 3113
f 3113 3120 3112
f 3123 3122 3120
f 3123 3120 3121
f 3125 3124 3123
f 3123 3124 3122
f 3124 3125 3126
f 3206 3227 3228
f 3227 3206 3205
f 3205 3224 3227
f 3166 3144 3162
f 3162 3144 3142
f 3166 3130 3125
f 3147 3148 3169
f 3169 3148 3170
f 3170 3148 3130
f 3236 3214 3232
f 3232 3214 3210
f 3206 3228 3210
f 3210 3228 3232
f 3224 3205 3202
f 3202 3205 3178
f 3156 3181 3160
f 3136 3156 3140
f 3140 3156 3160
f 3119 3136 3121
f 3121 3136 3140
f 3118 3135 3119
f 3197 3173 3174
f 3197 3174 3198
f 3162 3186 3166
f 3166 3186 3190
f 3243 3219 3244
f 3244 3219 3220
f 3244 3220 3240
f 3170 3166 3190
f 3170 3190 3194
f 3194 3190 3214
f 3194 3214 3216
f 3216 3214 3240
f 3166 3170 3130
f 3216 3193 3194
f 3194 3193 3169
f 3194 3169 3170
f 3119 3135 3136
f 3136 3135 3156
f 3156 3178 3181
f 3181 3178 3205
f 3182 3205 3206
f 3182 3206 3186
f 3186 3206 3210
f 3186 3210 3190
f 3190 3210 3214
f 3190 3214 3236
f 3214 3236 3240
f 3240 3236 3263
f 3240 3263 3262
f 3228 3253 3258
f 3228 3258 3232
f 3253 3228 3252
f 3252 3228 3227
f 3252 3227 3224
f 3252 3224 3248
f 3248 3224 3247
f 3247 3224 3223
f 3211 3233 3207
f 3207 3233 3229
f 3237 3260 3233
f 3233 3260 3259
f 3168 3145 3146
f 3167 3126 3168
f 3168 3126 3145
f 3163 3124 3167
f 3167 3124 3126
f 3114 3106 3120
f 3120 3106 3112
f 3204 3226 3221
f 3204 3221 3199
f 3203 3226 3204
f 3203 3225 3226
f 3196 3172 3173
f 3173 3197 3196
f 3187 3163 3191
f 3191 3163 3167
f 3191 3167 3192
f 3192 3167 3168
f 3183 3161 3187
f 3187 3161 3163
f 3180 3153 3157
f 3153 3132 3131
f 3153 3131 3157
f 3157 3131 3137
f 3132 3115 3114
f 3132 3114 3131
f 3131 3114 3137
f 3137 3114 3120
f 3204 3180 3203
f 3203 3180 3179
f 3218 3242 3217
f 3217 3242 3241
f 3217 3241 3215
f 3215 3241 3237
f 3215 3237 3211
f 3211 3237 3233
f 3192 3215 3191
f 3191 3215 3211
f 3191 3211 3187
f 3187 3211 3183
f 3183 3211 3207
f 3183 3207 3229
f 3183 3229 3179
f 3179 3229 3225
f 3179 3225 3203
f 3254 3249 3225
f 3225 3229 3254
f 3249 3250 3277
f 3225 3249 3226
f 3226 3249 3250
f 3221 3245 3222
f 3222 3245 3246
f 3419 3417 3418
f 3419 3418 3442
f 3442 3441 3416
f 3442 3416 3419
f 3419 3420 3417
f 3441 3442 3463
f 3463 3442 3464
f 3463 3464 3481
f 3481 3464 3482
f 3481 3482 3499
f 3499 3515 3514
f 3514 3498 3499
f 3499 3498 3481
f 3531 3530 3513
f 3513 3530 3512
f 3512 3514 3513
f 3513 3514 3515
f 3541 3540 3525
f 3525 3540 3524
f 3522 3523 3538
f 3538 3523 3539
f 3523 3522 3506
f 3523 3506 3507
f 3540 3553 3539
f 3539 3561 3560
f 3539 3560 3556
f 3539 3559 3563
f 3563 3562 3539
f 3539 3556 3551
f 3525 3524 3508
f 3525 3508 3509
f 3553 3552 3539
f 3539 3552 3559
f 3539 3562 3561
f 3551 3550 3539
f 3457 3458 3476
f 3457 3476 3475
f 3491 3507 3506
f 3509 3508 3492
f 3509 3492 3493
f 3493 3492 3475
f 3493 3475 3476
f 3506 3490 3491
f 3491 3490 3474
f 3474 3490 3473
f 3474 3473 3452
f 3452 3473 3451
f 3542 3543 3540
f 3542 3540 3539
f 3543 3542 3528
f 3528 3542 3527
f 3528 3527 3529
f 3529 3527 3531
f 3531 3527 3526
f 3531 3526 3530
f 3423 3431 3430
f 3423 3430 3422
f 3400 3399 3391
f 3392 3400 3391
f 3393 3394 3401
f 3401 3394 3402
f 3426 3427 3433
f 3426 3433 3432
f 3422 3342 3423
f 3423 3342 3343
f 3423 3343 3431
f 3431 3343 3351
f 3431 3351 3430
f 3430 3351 3350
f 3430 3350 3422
f 3422 3350 3342
f 3431 3391 3423
f 3454 3392 3431
f 3431 3392 3391
f 3454 3400 3392
f 3454 3455 3400
f 3400 3455 3401
f 3455 3393 3401
f 3432 3394 3455
f 3455 3394 3393
f 3426 3394 3432
f 3426 3346 3427
f 3427 3346 3347
f 3427 3347 3433
f 3433 3347 3353
f 3433 3353 3432
f 3432 3353 3352
f 3432 3352 3426
f 3426 3352 3346
f 3395 3394 3352
f 3395 3352 3353
f 3402 3399 3401
f 3401 3399 3400
f 3351 3391 3390
f 3351 3390 3350
f 3356 3363 3362
f 3357 3363 3356
f 3358 3359 3365
f 3364 3358 3365
f 3408 3364 3409
f 3409 3364 3365
f 3406 3362 3407
f 3407 3362 3363
f 3391 3351 3343
f 3391 3343 3423
f 3431 3423 3445
f 3453 3431 3445
f 3454 3431 3453
f 3454 3453 3446
f 3446 3453 3445
f 3424 3446 3445
f 3423 3424 3445
f 3424 3425 3446
f 3446 3425 3447
f 3446 3447 3454
f 3454 3447 3455
f 3432 3455 3456
f 3456 3455 3448
f 3448 3455 3447
f 3432 3456 3448
f 3426 3432 3448
f 3426 3448 3447
f 3426 3447 3425
f 3352 3394 3346
f 3346 3394 3426
f 3403 3402 3394
f 3403 3394 3395
f 3390 3391 3398
f 3398 3391 3399
f 3398 3399 3403
f 3403 3399 3402
f 3412 3368 3406
f 3406 3368 3362
f 3398 3356 3362
f 3398 3362 3406
f 3357 3356 3399
f 3399 3356 3398
f 3407 3363 3357
f 3407 3357 3399
f 3402 3358 3364
f 3402 3364 3408
f 3359 3358 3403
f 3403 3358 3402
f 3409 3365 3359
f 3409 3359 3403
f 3365 3369 3413
f 3365 3413 3409
f 3369 3368 3413
f 3413 3368 3412
f 3412 3406 3407
f 3409 3413 3408
f 3412 3407 3408
f 3412 3408 3413
f 3375 3374 3369
f 3369 3374 3373
f 3369 3373 3368
f 3368 3373 3372
f 3332 3318 3390
f 3332 3390 3398
f 3332 3398 3336
f 3332 3350 3318
f 3318 3350 3390
f 3310 3332 3318
f 3310 3326 3332
f 3326 3310 3342
f 3311 3343 3310
f 3310 3343 3342
f 3423 3343 3311
f 3423 3311 3424
f 3424 3311 3312
f 3312 3313 3424
f 3424 3313 3425
f 3314 3346 3426
f 3314 3426 3313
f 3313 3426 3425
f 3319 3333 3315
f 3315 3333 3329
f 3329 3347 3315
f 3315 3347 3314
f 3314 3347 3346
f 3333 3319 3353
f 3353 3319 3395
f 3403 3395 3337
f 3337 3395 3333
f 3333 3395 3319
f 3336 3398 3356
f 3362 3336 3356
f 3403 3337 3359
f 3337 3365 3359
f 3365 3366 3369
f 3369 3366 3370
f 3366 3365 3410
f 3410 3365 3409
f 3361 3362 3368
f 3361 3368 3367
f 3403 3404 3409
f 3409 3404 3410
f 3362 3361 3405
f 3362 3405 3406
f 3397 3398 3406
f 3397 3406 3405
f 3399 3402 3407
f 3402 3408 3407
f 3362 3361 3355
f 3362 3355 3336
f 3355 3335 3336
f 3336 3335 3332
f 3332 3335 3317
f 3332 3317 3318
f 3308 3314 3313
f 3308 3313 3307
f 3305 3306 3312
f 3305 3312 3311
f 3318 3317 3310
f 3320 3319 3315
f 3320 3315 3316
f 3312 3306 3313
f 3313 3306 3307
f 3310 3317 3309
f 3333 3319 3320
f 3333 3320 3337
f 3337 3320 3338
f 3366 3365 3360
f 3360 3365 3337
f 3360 3337 3338
f 3360 3359 3366
f 3366 3359 3365
f 3356 3398 3355
f 3355 3398 3397
f 3361 3362 3356
f 3361 3356 3355
f 3367 3368 3362
f 3367 3362 3361
f 3342 3350 3341
f 3341 3350 3349
f 3332 3349 3350
f 3332 3331 3349
f 3331 3332 3325
f 3332 3326 3325
f 3333 3330 3329
f 3330 3333 3334
f 3353 3334 3333
f 3353 3354 3334
f 3353 3348 3354
f 3353 3347 3348
f 3403 3359 3404
f 3404 3359 3360
f 3368 3372 3371
f 3372 3373 3371
f 3368 3371 3367
f 3367 3411 3405
f 3405 3411 3437
f 3361 3367 3405
f 3405 3437 3435
f 3435 3397 3405
f 3435 3437 3461
f 3429 3435 3451
f 3451 3435 3459
f 3461 3459 3435
f 3460 3436 3458
f 3434 3458 3436
f 3436 3460 3462
f 3436 3462 3438
f 3370 3366 3410
f 3438 3414 3410
f 3410 3404 3436
f 3370 3410 3414
f 3436 3438 3410
f 3376 3374 3375
f 3376 3369 3370
f 3375 3369 3376
f 3477 3479 3494
f 3512 3510 3494
f 3451 3459 3477
f 3477 3459 3461
f 3474 3452 3451
f 3474 3473 3491
f 3491 3473 3490
f 3496 3512 3494
f 3461 3479 3496
f 3477 3461 3479
f 3479 3461 3494
f 3494 3461 3496
f 3542 3539 3523
f 3527 3542 3523
f 3527 3523 3507
f 3507 3491 3510
f 3507 3510 3527
f 3527 3510 3526
f 3474 3451 3473
f 3473 3451 3477
f 3473 3477 3490
f 3490 3477 3494
f 3490 3494 3491
f 3491 3494 3510
f 3526 3510 3512
f 3526 3512 3530
f 3523 3522 3539
f 3534 3535 3519
f 3563 3559 3558
f 3563 3558 3562
f 3556 3560 3557
f 3557 3560 3561
f 3538 3539 3522
f 3540 3537 3549
f 3540 3549 3553
f 3524 3521 3537
f 3540 3524 3537
f 3535 3547 3548
f 3548 3536 3535
f 3519 3535 3536
f 3546 3534 3545
f 3545 3534 3533
f 3534 3546 3535
f 3535 3546 3547
f 3518 3534 3519
f 3517 3533 3518
f 3518 3533 3534
f 3551 3544 3550
f 3550 3544 3532
f 3550 3532 3539
f 3557 3561 3558
f 3558 3561 3562
f 3553 3549 3552
f 3552 3549 3548
f 3552 3548 3558
f 3558 3548 3547
f 3558 3547 3555
f 3558 3555 3557
f 3557 3555 3554
f 3557 3554 3546
f 3557 3546 3551
f 3551 3546 3545
f 3551 3545 3544
f 3537 3536 3548
f 3545 3533 3532
f 3549 3537 3548
f 3555 3547 3554
f 3554 3547 3546
f 3544 3545 3532
f 3559 3552 3558
f 3556 3557 3551
f 3539 3532 3523
f 3523 3532 3516
f 3536 3520 3519
f 3521 3520 3537
f 3537 3520 3536
f 3532 3533 3516
f 3516 3533 3517
f 3501 3485 3484
f 3504 3488 3487
f 3335 3331 3317
f 3334 3338 3320
f 3435 3429 3397
f 3389 3342 3341
f 3389 3341 3349
f 3381 3382 3342
f 3347 3387 3388
f 3347 3388 3348
f 3388 3354 3348
f 3322 3323 3307
f 3307 3323 3308
f 3308 3323 3324
f 3308 3324 3314
f 3314 3324 3328
f 3314 3328 3315
f 3315 3328 3329
f 3322 3339 3323
f 3323 3339 3340
f 3323 3340 3346
f 3323 3346 3328
f 3328 3346 3347
f 3328 3347 3329
f 3340 3345 3346
f 3334 3320 3330
f 3330 3320 3316
f 3330 3316 3329
f 3329 3316 3315
f 3360 3338 3334
f 3354 3360 3334
f 3379 3385 3380
f 3425 3385 3424
f 3424 3385 3379
f 3345 3385 3346
f 3346 3385 3386
f 3346 3386 3347
f 3347 3386 3387
f 3354 3396 3360
f 3360 3396 3404
f 3436 3404 3434
f 3396 3354 3388
f 3396 3434 3404
f 3385 3425 3386
f 3386 3425 3426
f 3386 3426 3387
f 3387 3426 3427
f 3387 3427 3428
f 3387 3428 3388
f 3388 3428 3396
f 3396 3428 3434
f 3493 3476 3489
f 3489 3476 3472
f 3489 3472 3471
f 3489 3471 3488
f 3488 3471 3470
f 3525 3509 3524
f 3524 3509 3508
f 3524 3508 3521
f 3521 3508 3505
f 3521 3505 3520
f 3520 3505 3504
f 3488 3504 3489
f 3489 3504 3505
f 3489 3505 3493
f 3493 3505 3508
f 3493 3508 3509
f 3467 3445 3466
f 3466 3445 3444
f 3466 3444 3465
f 3465 3444 3443
f 3465 3443 3473
f 3473 3443 3451
f 3476 3458 3472
f 3472 3458 3450
f 3472 3450 3471
f 3471 3450 3449
f 3471 3449 3470
f 3470 3449 3448
f 3470 3448 3469
f 3469 3448 3447
f 3469 3447 3468
f 3468 3447 3446
f 3468 3446 3467
f 3467 3446 3445
f 3517 3501 3516
f 3516 3501 3500
f 3516 3500 3523
f 3523 3500 3507
f 3490 3506 3507
f 3490 3507 3483
f 3483 3507 3500
f 3483 3500 3484
f 3484 3500 3501
f 3519 3503 3518
f 3518 3503 3502
f 3518 3502 3517
f 3517 3502 3501
f 3519 3520 3504
f 3519 3504 3503
f 3503 3504 3487
f 3503 3487 3502
f 3502 3487 3486
f 3502 3486 3485
f 3502 3485 3501
f 3485 3467 3484
f 3484 3467 3466
f 3484 3466 3483
f 3483 3466 3465
f 3483 3465 3490
f 3490 3465 3473
f 3335 3355 3349
f 3349 3331 3335
f 3317 3331 3309
f 3309 3331 3325
f 3309 3325 3310
f 3310 3325 3326
f 3389 3349 3397
f 3397 3349 3355
f 3381 3342 3389
f 3311 3310 3326
f 3311 3326 3327
f 3327 3326 3342
f 3327 3342 3343
f 3307 3306 3322
f 3343 3339 3322
f 3343 3322 3321
f 3321 3322 3305
f 3306 3305 3322
f 3324 3323 3328
f 3382 3343 3342
f 3422 3382 3421
f 3421 3382 3381
f 3421 3381 3429
f 3429 3381 3389
f 3429 3389 3397
f 3381 3382 3389
f 3311 3327 3321
f 3343 3382 3383
f 3383 3382 3422
f 3383 3422 3423
f 3383 3423 3384
f 3423 3424 3384
f 3384 3424 3379
f 3379 3380 3340
f 3340 3339 3379
f 3379 3339 3384
f 3384 3339 3344
f 3384 3344 3383
f 3380 3385 3345
f 3380 3345 3340
f 3344 3339 3343
f 3344 3343 3383
f 3488 3470 3487
f 3487 3470 3469
f 3487 3469 3486
f 3486 3469 3468
f 3486 3468 3485
f 3485 3468 3467
f 3445 3423 3444
f 3444 3423 3422
f 3444 3422 3443
f 3443 3422 3421
f 3443 3421 3451
f 3451 3421 3429
f 3458 3434 3450
f 3450 3434 3428
f 3450 3428 3449
f 3449 3428 3427
f 3449 3427 3448
f 3448 3427 3426
f 3343 3321 3327
f 3321 3305 3311
f 3460 3458 3476
f 3460 3478 3480
f 3460 3480 3462
f 3531 3513 3511
f 3531 3511 3529
f 3475 3492 3476
f 3492 3493 3476
f 3476 3478 3460
f 3524 3540 3528
f 3524 3528 3508
f 3508 3528 3511
f 3508 3511 3492
f 3492 3511 3493
f 3493 3511 3495
f 3493 3495 3476
f 3476 3495 3478
f 3495 3511 3513
f 3495 3513 3497
f 3497 3480 3495
f 3495 3480 3478
f 3529 3511 3528
f 3543 3528 3540
f 3374 3376 3373
f 3371 3373 3376
f 3416 3441 3415
f 3371 3377 3416
f 3416 3377 3419
f 3415 3371 3416
f 3367 3371 3411
f 3411 3439 3437
f 3439 3461 3437
f 3481 3498 3496
f 3496 3498 3514
f 3496 3514 3512
f 3481 3496 3479
f 3479 3461 3481
f 3441 3463 3439
f 3441 3439 3415
f 3415 3439 3411
f 3415 3411 3371
f 3439 3463 3461
f 3461 3463 3481
f 3418 3414 3440
f 3440 3438 3462
f 3414 3370 3440
f 3440 3414 3438
f 3418 3376 3414
f 3378 3376 3418
f 3418 3417 3378
f 3378 3417 3420
f 3480 3497 3482
f 3480 3482 3462
f 3513 3515 3497
f 3497 3515 3499
f 3497 3499 3482
f 3442 3418 3440
f 3442 3440 3464
f 3462 3482 3464
f 3462 3464 3440
f 3370 3414 3376
f 3371 3376 3378
f 3420 3377 3371
f 3420 3371 3378
f 3420 3419 3377
f 3571 3701 3693
f 3598 3571 3693
f 3693 3692 3598
f 3692 3597 3598
f 3701 3571 3700
f 3700 3571 3570
f 3566 3696 3568
f 3568 3696 3698
f 3568 3698 3569
f 3569 3698 3699
f 3569 3699 3570
f 3570 3699 3700
f 3580 3606 3601
f 3580 3601 3622
f 3580 3622 3636
f 3580 3654 3670
f 3580 3575 3606
f 3636 3649 3580
f 3580 3649 3654
f 3580 3670 3675
f 3694 3564 3565
f 3565 3695 3694
f 3695 3565 3584
f 3695 3584 3679
f 3679 3584 3579
f 3679 3579 3674
f 3674 3579 3580
f 3674 3580 3675
f 3564 3694 3567
f 3567 3694 3697
f 3567 3697 3696
f 3567 3696 3566
f 3618 3597 3692
f 3692 3666 3618
f 3666 3617 3618
f 3617 3666 3665
f 3617 3646 3632
f 3617 3665 3646
f 3661 3643 3662
f 3666 3646 3665
f 3645 3631 3632
f 3632 3646 3645
f 3662 3663 3686
f 3661 3662 3683
f 3683 3662 3686
f 3660 3661 3680
f 3680 3661 3683
f 3680 3683 3681
f 3681 3683 3684
f 3644 3663 3662
f 3662 3643 3644
f 3661 3660 3643
f 3630 3644 3643
f 3671 3657 3656
f 3656 3657 3651
f 3650 3656 3651
f 3652 3647 3634
f 3652 3634 3651
f 3651 3634 3638
f 3641 3628 3642
f 3642 3628 3629
f 3641 3627 3628
f 3626 3639 3640
f 3626 3625 3639
f 3639 3625 3627
f 3639 3627 3641
f 3634 3633 3638
f 3640 3656 3637
f 3637 3656 3650
f 3638 3624 3623
f 3637 3638 3623
f 3624 3638 3619
f 3619 3638 3633
f 3619 3633 3620
f 3620 3633 3634
f 3637 3623 3640
f 3640 3623 3626
f 3696 3697 3678
f 3678 3697 3694
f 3639 3655 3658
f 3681 3660 3680
f 3682 3677 3676
f 3640 3639 3655
f 3658 3660 3659
f 3659 3660 3681
f 3659 3681 3676
f 3677 3672 3671
f 3671 3672 3657
f 3657 3672 3651
f 3673 3672 3677
f 3673 3677 3678
f 3676 3677 3671
f 3656 3659 3671
f 3671 3659 3676
f 3673 3668 3667
f 3667 3668 3651
f 3672 3673 3667
f 3667 3651 3672
f 3652 3651 3668
f 3658 3659 3656
f 3638 3637 3650
f 3638 3650 3651
f 3678 3677 3696
f 3696 3677 3682
f 3696 3682 3698
f 3698 3682 3685
f 3701 3700 3689
f 3689 3700 3687
f 3663 3664 3688
f 3688 3664 3690
f 3688 3690 3689
f 3689 3690 3691
f 3630 3631 3644
f 3644 3631 3645
f 3645 3646 3664
f 3664 3646 3666
f 3664 3666 3690
f 3690 3666 3692
f 3690 3692 3691
f 3691 3692 3693
f 3700 3699 3687
f 3687 3699 3685
f 3687 3685 3684
f 3684 3685 3681
f 3687 3688 3689
f 3684 3688 3687
f 3699 3698 3685
f 3685 3682 3681
f 3681 3682 3676
f 3658 3656 3655
f 3655 3656 3640
f 3643 3642 3629
f 3643 3629 3630
f 3693 3701 3691
f 3691 3701 3689
f 3684 3683 3688
f 3688 3683 3686
f 3688 3686 3663
f 3664 3663 3645
f 3645 3663 3644
f 3642 3643 3660
f 3642 3660 3641
f 3641 3660 3658
f 3641 3658 3639
f 3648 3654 3649
f 3648 3649 3635
f 3635 3649 3636
f 3654 3648 3653
f 3669 3670 3653
f 3654 3653 3670
f 3694 3695 3678
f 3678 3695 3679
f 3652 3668 3669
f 3647 3648 3634
f 3635 3634 3648
f 3648 3647 3653
f 3653 3647 3652
f 3679 3674 3673
f 3679 3673 3678
f 3673 3674 3668
f 3674 3675 3669
f 3675 3670 3669
f 3669 3653 3652
f 3635 3634 3621
f 3669 3668 3674
f 3564 3567 3566
f 3618 3617 3632
f 3615 3616 3630
f 3616 3631 3630
f 3614 3613 3591
f 3591 3613 3588
f 3613 3612 3588
f 3588 3612 3585
f 3588 3585 3586
f 3588 3586 3589
f 3577 3609 3603
f 3585 3612 3586
f 3612 3610 3586
f 3586 3610 3611
f 3586 3611 3581
f 3602 3603 3608
f 3608 3603 3609
f 3608 3609 3576
f 3576 3609 3577
f 3627 3610 3628
f 3628 3610 3612
f 3628 3612 3613
f 3629 3628 3613
f 3629 3613 3614
f 3630 3629 3614
f 3630 3614 3615
f 3607 3610 3627
f 3607 3627 3625
f 3608 3607 3625
f 3608 3625 3626
f 3608 3611 3610
f 3608 3610 3607
f 3603 3602 3623
f 3603 3623 3624
f 3578 3583 3582
f 3582 3583 3587
f 3624 3619 3603
f 3577 3578 3582
f 3573 3603 3604
f 3599 3604 3603
f 3599 3603 3620
f 3619 3620 3624
f 3624 3620 3603
f 3603 3572 3577
f 3587 3566 3590
f 3590 3566 3568
f 3590 3568 3592
f 3592 3568 3569
f 3592 3569 3594
f 3594 3569 3570
f 3594 3570 3571
f 3594 3571 3596
f 3596 3571 3598
f 3616 3615 3595
f 3595 3615 3593
f 3595 3593 3594
f 3595 3594 3596
f 3632 3631 3616
f 3632 3616 3618
f 3618 3616 3595
f 3618 3595 3597
f 3597 3595 3596
f 3597 3596 3598
f 3576 3577 3581
f 3581 3577 3582
f 3590 3589 3587
f 3581 3611 3608
f 3602 3608 3626
f 3602 3626 3623
f 3576 3581 3608
f 3594 3593 3592
f 3592 3593 3589
f 3615 3614 3591
f 3615 3591 3593
f 3593 3591 3588
f 3593 3588 3589
f 3572 3603 3573
f 3572 3573 3578
f 3572 3578 3577
f 3581 3582 3586
f 3586 3582 3587
f 3590 3592 3589
f 3583 3564 3566
f 3583 3566 3587
f 3586 3587 3589
f 3565 3564 3583
f 3606 3575 3574
f 3606 3574 3605
f 3621 3601 3600
f 3600 3601 3606
f 3600 3606 3605
f 3621 3622 3601
f 3635 3636 3622
f 3622 3621 3635
f 3580 3579 3575
f 3575 3579 3574
f 3584 3565 3583
f 3584 3583 3579
f 3579 3583 3578
f 3634 3635 3620
f 3620 3635 3621
f 3600 3620 3621
f 3600 3605 3604
f 3600 3604 3599
f 3600 3599 3620
f 3578 3573 3579
f 3579 3573 3574
f 3573 3604 3605
f 3574 3573 3605
f 4006 4005 3959
f 4099 4156 4098
f 4059 4127 4070
f 4090 4089 4096
f 3726 3715 3727
f 3712 3723 3735
f 3928 3905 3906
f 3928 3906 3929
f 3905 3883 3906
f 3906 3883 3884
f 3858 3859 3881
f 3881 3859 3882
f 3857 3858 3869
f 3826 3827 3868
f 3826 3804 3805
f 3805 3827 3826
f 3764 3776 3775
f 3710 3722 3709
f 3709 3722 3708
f 3708 3722 3721
f 3708 3721 3720
f 3708 3720 3707
f 3707 3720 3719
f 3707 3719 3706
f 3706 3719 3718
f 3706 3718 3705
f 3705 3718 3717
f 3705 3717 3704
f 3702 3703 3715
f 3715 3703 3716
f 3716 3703 3704
f 3704 3717 3716
f 3716 3717 3727
f 3716 3727 3715
f 3812 3787 3813
f 3877 3853 3878
f 4117 4118 4106
f 4149 4148 4155
f 4149 4140 4148
f 4148 4140 4139
f 4151 4141 4150
f 4147 4093 4086
f 4094 4087 4093
f 4086 4093 4087
f 4044 4091 4048
f 4045 4049 4050
f 3928 3929 3954
f 3928 3954 3953
f 4147 4146 4092
f 4147 4092 4093
f 4089 4088 4096
f 4096 4088 4095
f 4096 4095 4051
f 4051 4095 4104
f 4051 4104 4055
f 4055 4104 4054
f 4055 4054 4059
f 4126 4137 4138
f 4138 4137 4070
f 4070 4127 4138
f 4138 4127 4126
f 4127 4114 4126
f 4127 4128 4116
f 4104 4116 4054
f 4054 4116 4128
f 4054 4128 4059
f 4061 4060 4072
f 4059 4071 4060
f 4056 4057 4053
f 4056 4053 4052
f 4052 4053 4048
f 4048 4053 4049
f 4048 4049 4044
f 4044 4049 4045
f 4091 4090 4048
f 4048 4090 4097
f 4071 4072 4060
f 4060 4061 4055
f 4055 4061 4056
f 4055 4056 4051
f 4051 4056 4052
f 4051 4052 4047
f 4047 4052 4048
f 4047 4048 4096
f 4096 4048 4097
f 4096 4097 4090
f 4084 4083 4035
f 4035 4083 4034
f 4059 4128 4127
f 4126 4125 4137
f 4137 4125 4136
f 4137 4136 4069
f 4069 4136 4082
f 4082 4136 4081
f 4082 4081 4033
f 4033 4081 4032
f 4033 4032 3995
f 4007 4006 3961
f 3961 4006 3960
f 3961 3960 3937
f 3962 4007 3961
f 3962 3961 3938
f 3938 3961 3937
f 3938 3937 3915
f 4073 4072 4085
f 4085 4072 4071
f 4085 4071 4084
f 4084 4071 4070
f 4084 4070 4083
f 4072 4073 4061
f 4061 4073 4062
f 4061 4062 4056
f 4073 4022 4074
f 4073 4074 4062
f 4062 4074 4063
f 4062 4063 4056
f 4056 4063 4057
f 4039 4040 4023
f 4000 4040 4039
f 4000 4001 4040
f 4037 3998 4000
f 4037 4000 4038
f 4038 4000 4039
f 4023 4022 4039
f 4039 4022 4038
f 4038 4085 4036
f 4038 4036 4037
f 4037 4036 3998
f 3936 3913 3914
f 3892 3914 3913
f 3823 3824 3831
f 3831 3824 3832
f 3831 3832 3865
f 3865 3832 3866
f 3865 3866 3891
f 3891 3866 3892
f 3803 3825 3802
f 3894 3893 3868
f 3893 3894 3915
f 3915 3894 3916
f 3915 3916 3938
f 3938 3916 3939
f 3938 3939 3962
f 3962 3939 3963
f 3962 3963 3950
f 3962 3950 3998
f 3803 3804 3825
f 3825 3804 3826
f 3825 3826 3833
f 3833 3826 3867
f 3867 3826 3868
f 3867 3868 3893
f 3868 3827 3857
f 3868 3857 3869
f 3868 3869 3894
f 3894 3869 3895
f 3894 3895 3916
f 3916 3895 3917
f 3916 3917 3939
f 3939 3917 3940
f 3939 3940 3963
f 3963 3940 3926
f 3963 3926 3950
f 3950 3926 3951
f 3950 3951 3998
f 3998 3951 4000
f 3735 3723 3749
f 3735 3749 3748
f 3748 3749 3761
f 3761 3749 3762
f 3761 3760 3748
f 3748 3760 3747
f 3748 3747 3735
f 3735 3747 3734
f 3712 3713 3723
f 3749 3723 3736
f 3774 3773 3762
f 3774 3762 3775
f 3775 3762 3763
f 3713 3714 3724
f 3724 3714 3725
f 3724 3725 3737
f 3737 3725 3738
f 3737 3738 3750
f 3750 3738 3751
f 3750 3751 3764
f 3763 3750 3764
f 3869 3858 3895
f 3895 3858 3881
f 3895 3881 3917
f 3917 3881 3904
f 3917 3904 3940
f 3940 3904 3927
f 3940 3927 3926
f 3926 3927 3951
f 3951 3927 3952
f 3951 3952 4000
f 3881 3882 3883
f 3881 3883 3904
f 3904 3883 3905
f 3904 3905 3927
f 3927 3905 3928
f 3927 3928 3952
f 3952 3928 3953
f 3952 3953 4000
f 4000 3953 3954
f 4000 3954 4001
f 3949 3948 3925
f 3925 3948 3924
f 3925 3924 3902
f 3878 3902 3901
f 3878 3901 3877
f 3878 3854 3879
f 3878 3879 3903
f 3903 3879 3908
f 3903 3908 3931
f 3795 3813 3788
f 3788 3813 3787
f 3856 3855 3818
f 3856 3818 3819
f 3862 3861 3828
f 3889 3890 3912
f 3935 3912 3936
f 3912 3890 3913
f 3912 3913 3936
f 3892 3913 3891
f 3880 3855 3856
f 3861 3856 3819
f 3861 3819 3828
f 3828 3819 3820
f 3820 3821 3828
f 3828 3821 3829
f 3828 3829 3862
f 3862 3829 3863
f 3862 3863 3889
f 3911 3889 3912
f 3911 3912 3935
f 3795 3788 3789
f 3795 3789 3796
f 3796 3789 3790
f 3796 3790 3797
f 3797 3790 3791
f 3797 3791 3792
f 3818 3817 3796
f 3818 3796 3797
f 3816 3812 3813
f 3816 3813 3817
f 3817 3813 3795
f 3817 3795 3796
f 3798 3797 3792
f 3798 3792 3799
f 3821 3822 3830
f 3821 3830 3829
f 3829 3830 3863
f 3863 3830 3864
f 3863 3864 3889
f 3889 3864 3890
f 3890 3891 3913
f 3853 3848 3812
f 3853 3812 3854
f 3854 3812 3816
f 3854 3816 3817
f 3819 3818 3797
f 3819 3797 3798
f 3805 3804 3781
f 3781 3804 3803
f 3781 3803 3780
f 3780 3803 3802
f 3780 3802 3779
f 3779 3802 3801
f 3779 3801 3778
f 3778 3801 3800
f 3802 3824 3801
f 3801 3824 3823
f 3801 3823 3800
f 3791 3769 3792
f 3792 3769 3770
f 3792 3770 3799
f 3799 3770 3777
f 3799 3777 3800
f 3800 3777 3778
f 3781 3782 3805
f 3820 3799 3821
f 3821 3799 3800
f 3821 3800 3822
f 3822 3800 3823
f 3822 3823 3830
f 3830 3823 3831
f 3830 3831 3864
f 3864 3831 3865
f 3864 3865 3890
f 3890 3865 3891
f 3765 3752 3753
f 3765 3753 3766
f 3787 3752 3788
f 3788 3752 3765
f 3788 3765 3789
f 3789 3765 3766
f 3789 3766 3767
f 3755 3741 3742
f 3790 3789 3767
f 3790 3767 3768
f 3791 3790 3768
f 3791 3768 3769
f 3739 3753 3752
f 3755 3756 3768
f 3768 3756 3757
f 3768 3757 3769
f 3769 3757 3758
f 3769 3758 3770
f 3775 3763 3764
f 3770 3759 3771
f 3771 3759 3772
f 3753 3741 3754
f 3754 3741 3755
f 3746 3759 3758
f 3746 3758 3745
f 3745 3758 3757
f 3745 3757 3744
f 3744 3757 3756
f 3744 3756 3743
f 3743 3756 3755
f 3743 3755 3742
f 3753 3754 3766
f 3766 3754 3755
f 3766 3755 3767
f 3767 3755 3768
f 3770 3758 3759
f 3761 3772 3760
f 3760 3772 3759
f 3760 3759 3747
f 3747 3759 3746
f 3747 3746 3734
f 3722 3733 3721
f 3721 3733 3732
f 3721 3732 3720
f 3720 3732 3731
f 3720 3731 3719
f 3719 3731 3730
f 3719 3730 3718
f 3718 3730 3729
f 3718 3729 3717
f 3717 3729 3728
f 3717 3728 3727
f 3739 3726 3740
f 3740 3726 3727
f 3740 3727 3741
f 3741 3727 3728
f 3741 3728 3742
f 3742 3728 3729
f 3742 3729 3743
f 3743 3729 3730
f 3743 3730 3744
f 3744 3730 3731
f 3744 3731 3745
f 3745 3731 3732
f 3745 3732 3733
f 3733 3722 3734
f 3734 3722 3710
f 3734 3710 3711
f 3753 3739 3740
f 3753 3740 3741
f 3746 3745 3733
f 3746 3733 3734
f 3735 3734 3711
f 3735 3711 3712
f 3723 3713 3724
f 3723 3724 3736
f 3736 3724 3737
f 3736 3737 3749
f 3749 3737 3750
f 3749 3750 3762
f 3762 3750 3763
f 3761 3762 3773
f 3761 3773 3772
f 3770 3771 3777
f 3777 3771 3772
f 3777 3772 3778
f 3778 3772 3773
f 3778 3773 3779
f 3779 3773 3774
f 3779 3774 3780
f 3780 3774 3775
f 3780 3775 3781
f 3781 3775 3776
f 3781 3776 3782
f 4106 4105 4117
f 4118 4119 4106
f 4106 4119 4107
f 4106 4107 4156
f 4156 4107 4157
f 4156 4149 4155
f 4156 4155 4098
f 4156 4150 4149
f 4149 4150 4141
f 4149 4141 4140
f 4158 4163 4159
f 4159 4163 4109
f 4117 4058 4065
f 4117 4065 4118
f 4119 4120 4107
f 4107 4120 4108
f 3947 3946 3923
f 3947 3991 3990
f 3947 3990 3946
f 4018 3990 4024
f 4024 3990 3991
f 4026 3991 3992
f 4026 3992 4027
f 4025 4024 3991
f 4025 3991 4026
f 4002 3993 3956
f 3956 3993 3955
f 3956 3955 3932
f 3932 3955 3931
f 3932 3931 3908
f 3880 3908 3879
f 3880 3879 3855
f 3855 3879 3854
f 3948 3947 3924
f 4143 4152 4153
f 4153 4152 4160
f 4160 4164 4165
f 4165 4164 4111
f 4123 4111 4110
f 4110 4111 4164
f 4110 4164 4160
f 4159 4160 4152
f 4152 4143 4142
f 4134 4123 4122
f 4121 4122 4109
f 4121 4109 4120
f 4120 4109 4108
f 4108 4109 4163
f 4108 4163 4107
f 4107 4163 4158
f 4107 4158 4157
f 4165 4161 4160
f 4160 4161 4153
f 4153 4144 4143
f 4092 4102 4093
f 4093 4102 4103
f 4144 4153 4145
f 4145 4153 4161
f 4145 4161 4154
f 4145 4154 4146
f 4146 4154 4092
f 4093 4103 4094
f 4101 4100 4112
f 4112 4100 4162
f 4112 4124 4113
f 4112 4113 4101
f 4114 4113 4125
f 4124 4125 4113
f 4101 4113 4114
f 4088 4087 4095
f 4095 4087 4094
f 4095 4094 4104
f 4104 4094 4103
f 4104 4103 4115
f 4115 4103 4102
f 4115 4102 4114
f 4114 4102 4092
f 4114 4092 4101
f 4101 4092 4154
f 4101 4154 4100
f 4100 4154 4162
f 4162 4154 4161
f 4162 4161 4112
f 4112 4161 4165
f 4112 4165 4124
f 4124 4165 4111
f 4124 4111 4123
f 4124 4123 4135
f 4134 4135 4123
f 4122 4110 4109
f 4109 4110 4159
f 4158 4159 4151
f 4158 4151 4150
f 4158 4150 4157
f 4157 4150 4156
f 4156 4099 4106
f 4106 4099 4098
f 4106 4098 4105
f 4122 4133 4134
f 4135 4134 4080
f 4078 4079 4133
f 4066 4131 4130
f 4066 4130 4065
f 4065 4130 4129
f 4079 4080 4134
f 4132 4133 4121
f 4132 4121 4131
f 4131 4121 4120
f 3993 4027 3992
f 3992 3991 3947
f 4041 4029 4028
f 4041 4028 3994
f 3994 4028 4027
f 3994 4027 3993
f 3993 3992 3948
f 3948 3992 3947
f 3924 3947 3923
f 3924 3923 3902
f 3902 3923 3901
f 4003 4002 3957
f 3957 4002 3956
f 3957 3956 3933
f 3933 3956 3932
f 3933 3932 3909
f 3887 3909 3886
f 3948 3949 3993
f 3994 4002 4003
f 3994 4003 4041
f 4041 4003 4004
f 4064 4018 4065
f 4065 4018 4025
f 4065 4025 4075
f 4075 4025 4026
f 4075 4026 4076
f 4078 4029 4030
f 4018 4024 4025
f 4029 4041 4042
f 4042 4041 4004
f 3887 3888 3910
f 3933 3910 3934
f 3933 3934 3957
f 3957 3934 3958
f 3957 3958 4003
f 4003 3958 4004
f 3910 3933 3909
f 3910 3909 3887
f 4068 4067 4077
f 4068 4077 4132
f 4132 4077 4078
f 4079 4030 4031
f 4122 4123 4110
f 4110 4160 4159
f 4159 4152 4151
f 4151 4152 4142
f 4151 4142 4141
f 4079 4134 4133
f 4131 4120 4130
f 4130 4120 4119
f 4130 4119 4129
f 4065 4129 4118
f 4118 4129 4119
f 4122 4121 4133
f 4058 4064 4065
f 4131 4066 4067
f 4131 4067 4132
f 4132 4067 4068
f 4133 4132 4078
f 4080 4079 4031
f 4066 4065 4075
f 4066 4075 4067
f 4067 4075 4076
f 4067 4076 4077
f 4079 4078 4030
f 4042 4005 4043
f 4043 4005 4006
f 4043 4006 4032
f 4032 4006 3995
f 3959 3960 4006
f 4007 3962 3996
f 3996 3962 3998
f 3996 3998 4034
f 4034 3998 4035
f 4035 3998 4036
f 4035 4036 4084
f 4084 4036 4085
f 4085 4038 4073
f 4073 4038 4022
f 4047 4096 4051
f 4060 4055 4059
f 4071 4059 4070
f 4070 4137 4069
f 4070 4069 4083
f 4083 4069 4082
f 4083 4082 4034
f 4034 4082 4033
f 4034 4033 3996
f 3996 4033 3995
f 3996 3995 4007
f 4007 3995 4006
f 3910 3888 3911
f 3910 3911 3934
f 4030 4042 4043
f 4030 4043 4031
f 4031 4043 4032
f 4031 4032 4080
f 4080 4032 4081
f 4080 4081 4135
f 4135 4081 4136
f 4135 4136 4124
f 4124 4136 4125
f 4125 4126 4114
f 4114 4127 4115
f 4115 4127 4116
f 4115 4116 4104
f 3909 3932 3908
f 3909 3908 3886
f 3886 3908 3880
f 3886 3880 3856
f 3886 3856 3887
f 3887 3856 3861
f 3887 3861 3888
f 3888 3861 3862
f 3888 3862 3889
f 3888 3889 3911
f 3934 3911 3935
f 3934 3935 3958
f 3958 3935 3959
f 3958 3959 4004
f 4076 4026 4027
f 4076 4027 4077
f 4077 4027 4028
f 4077 4028 4078
f 4078 4028 4029
f 4030 4029 4042
f 4042 4004 4005
f 4005 4004 3959
f 3959 3935 3960
f 3960 3935 3936
f 3960 3936 3937
f 3937 3936 3914
f 3937 3914 3915
f 3915 3914 3893
f 3893 3914 3892
f 3893 3892 3867
f 3867 3892 3866
f 3867 3866 3833
f 3833 3866 3832
f 3833 3832 3825
f 3825 3832 3824
f 3825 3824 3802
f 3798 3799 3820
f 3798 3820 3819
f 3817 3818 3855
f 3817 3855 3854
f 3853 3854 3878
f 3902 3878 3903
f 3902 3903 3925
f 3925 3903 3931
f 3925 3931 3949
f 3949 3931 3955
f 3949 3955 3993
f 3993 4002 3994
f 4001 3906 4040
f 4040 3906 4023
f 4023 3906 3899
f 4023 3899 3875
f 4074 4022 4063
f 4063 4022 4017
f 4014 4049 4053
f 4053 4057 4014
f 4014 4057 4017
f 4017 4057 4063
f 4049 4014 4015
f 4049 4015 4050
f 4009 4087 4088
f 3703 4140 3704
f 4045 4010 4044
f 4044 4010 4009
f 4044 4009 4091
f 4009 4088 4089
f 4089 4090 4009
f 4009 4090 4091
f 3705 4141 4142
f 3705 4142 3706
f 3706 4142 4143
f 3704 4140 4141
f 3704 4141 3705
f 3706 4143 4144
f 3706 4144 3707
f 3707 4144 4145
f 3707 4145 3708
f 4086 4087 3710
f 3710 4087 3711
f 3711 4087 3712
f 3710 3709 4086
f 4086 3709 4147
f 4147 3709 3708
f 3708 4145 4146
f 3708 4146 4147
f 3712 4087 3713
f 4009 3714 4087
f 4087 3714 3713
f 3906 3954 3929
f 3906 4001 3954
f 4139 3702 4148
f 4148 3702 3715
f 4139 4140 3703
f 4139 3703 3702
f 3877 3901 3715
f 3812 3848 3715
f 3715 3848 3853
f 3715 3901 3923
f 3715 3923 4148
f 3715 3853 3877
f 3923 3946 4148
f 4148 3946 3990
f 3715 3726 3812
f 3812 3726 3739
f 4098 4155 3990
f 3990 4155 4148
f 3812 3739 3752
f 3787 3812 3752
f 3990 4105 4098
f 4117 3990 4058
f 3990 4117 4105
f 3990 4018 4058
f 4058 4018 4064
f 3849 3815 4020
f 4020 3815 3794
f 4020 3850 3849
f 3874 3873 4020
f 4020 3873 3850
f 4023 3875 4020
f 4020 3875 3874
f 3738 3725 4012
f 3794 3776 3764
f 4012 4020 3794
f 3764 4012 3794
f 3764 3751 4012
f 4012 3751 3738
f 3805 3782 3794
f 3794 3782 3776
f 3714 4009 4012
f 3714 4012 3725
f 4015 4014 4009
f 4009 4014 4012
f 4012 4014 4020
f 4020 4014 4017
f 4020 4017 4022
f 4015 4009 4010
f 4020 4022 4023
f 4010 4045 4015
f 4015 4045 4050
f 3884 3875 3906
f 3906 3875 3899
f 3884 3874 3875
f 3805 3794 3815
f 3805 3815 3827
f 3827 3815 3849
f 3850 3858 3849
f 3849 3858 3857
f 3849 3857 3827
f 3873 3859 3850
f 3850 3859 3858
f 3874 3883 3873
f 3873 3883 3882
f 3873 3882 3859
f 3884 3883 3874
f 3997 4019 3983
f 3983 4019 4071
f 3976 3810 3983
f 3983 3810 3814
f 3983 3814 3826
f 3983 3826 3997
f 3826 3998 3997
f 3998 3826 3827
f 3999 3998 3885
f 3827 3857 3998
f 3885 3930 3929
f 3885 3929 3999
f 3998 3860 3885
f 3998 3857 3858
f 3998 3858 3860
f 3885 3907 3930
f 3977 3984 3978
f 3978 3984 3985
f 3976 3983 3984
f 3976 3984 3977
f 3810 3811 3814
f 3814 3811 3815
f 3978 4016 4021
f 4021 3978 3985
f 3845 3850 3844
f 3844 3850 3849
f 3844 3849 3811
f 3811 3849 3815
f 3850 3845 3851
f 3851 3845 3846
f 3898 3900 3876
f 3898 3876 3872
f 3872 3876 3852
f 3872 3852 3847
f 3847 3852 3851
f 3847 3851 3846
f 3900 3898 3945
f 3945 3898 3944
f 3981 3988 3989
f 3981 3989 3982
f 3982 3989 3945
f 3982 3945 3944
f 3988 3981 3987
f 3987 3981 3980
f 3987 3980 3986
f 3986 3980 3979
f 3986 3979 4021
f 4021 3979 4016
f 3944 3898 3845
f 3980 3981 3845
f 3898 3846 3845
f 3979 3845 4016
f 3845 3979 3980
f 3845 3977 3978
f 3977 3810 3976
f 3810 3977 3811
f 3845 3981 3982
f 3845 3982 3944
f 3898 3872 3847
f 3898 3847 3846
f 3844 3977 3845
f 3844 3811 3977
f 4016 3978 3845
f 3945 3922 3900
f 3945 3989 3988
f 3988 3987 3945
f 3945 3987 3922
f 3922 3987 3986
f 4019 3997 3998
f 4019 3998 3984
f 3984 3998 4020
f 4020 3998 3999
f 4020 3999 4021
f 4021 3999 4037
f 3815 3827 3814
f 3814 3827 3826
f 3999 3929 4021
f 4021 3929 3922
f 3860 3851 3852
f 3860 3852 3885
f 3885 3852 3876
f 3885 3876 3900
f 3885 3900 3907
f 3907 3900 3922
f 3907 3922 3930
f 3930 3922 3929
f 3851 3860 3850
f 3850 3860 3858
f 3850 3858 3857
f 3850 3857 3849
f 3849 3857 3815
f 3815 3857 3827
f 3794 3815 3814
f 3794 3814 3793
f 4071 4019 4072
f 4072 4019 3984
f 4072 3984 4020
f 3986 4021 3922
f 4020 4021 3985
f 4020 3985 4072
f 4071 3984 3983
f 4072 3985 4071
f 3985 3984 4071
f 3783 3785 3806
f 3806 3785 3808
f 3806 3808 3969
f 4046 4011 3969
f 3969 4011 4008
f 3969 4008 3964
f 3964 3806 3969
f 3835 3834 3964
f 3834 3806 3964
f 3806 3834 3807
f 3835 3964 3966
f 3835 3966 3967
f 3835 3967 3918
f 3835 3918 3837
f 3918 3919 3837
f 3837 3919 3896
f 3837 3896 3870
f 3871 3897 3842
f 3842 3897 3840
f 3973 3972 3897
f 3974 3973 3897
f 4013 3971 3972
f 3809 3839 3808
f 3808 3839 3969
f 3839 3840 3969
f 3969 3840 3971
f 3842 3843 3871
f 3840 3897 3971
f 3971 3897 3972
f 3943 3975 3974
f 3897 3943 3974
f 3809 3808 3785
f 3785 3786 3809
f 3971 4046 3969
f 4046 3971 4012
f 4012 3971 4013
f 3918 3967 3919
f 3967 3968 3941
f 3967 3941 3919
f 3870 3838 3837
f 3840 3835 3837
f 3840 3837 3842
f 3783 3784 3785
f 3785 3784 3786
f 3807 3809 3784
f 3784 3809 3786
f 3809 3807 3839
f 3839 3807 3834
f 3839 3834 3840
f 3840 3834 3835
f 3970 3971 3965
f 3965 3971 3966
f 3965 3966 3964
f 3942 3941 3972
f 3972 3941 3968
f 3972 3968 3967
f 3972 3967 3966
f 3972 3966 3971
f 3921 3919 3942
f 3942 3919 3941
f 3897 3896 3919
f 3897 3919 3921
f 3896 3897 3871
f 3896 3871 3870
f 3870 3871 3843
f 3870 3843 3838
f 3838 3843 3842
f 3838 3842 3837
f 4011 4046 4012
f 4011 4012 3969
f 3969 4012 3970
f 4012 3971 3970
f 3972 3973 3942
f 3943 3897 3921
f 3943 3921 3942
f 3943 3942 3975
f 3942 3973 3974
f 3942 3974 3975
f 3783 3806 3784
f 3784 3806 3807
f 3970 3965 3969
f 3969 3965 3964
f 3969 3964 4011
f 4011 3964 4008
f 3842 3837 3870
f 3842 3870 3871
f 3921 3919 3918
f 3921 3918 3920
f 3841 3836 3842
f 3842 3836 3837
f 3836 3841 3837
f 3837 3841 3842
f 4242 4236 4239
f 4236 4242 4237
f 4237 4242 4243
f 4241 4238 4235
f 4241 4235 4240
f 4240 4235 4234
f 4235 4241 4234
f 4234 4241 4240
f 4235 4225 4224
f 4235 4224 4234
f 4225 4235 4236
f 4225 4236 4237
f 4194 4181 4210
f 4210 4181 4237
f 4236 4210 4237
f 4180 4193 4209
f 4180 4209 4234
f 4234 4209 4235
f 4235 4209 4236
f 4236 4209 4210
f 4181 4194 4180
f 4180 4194 4193
f 4237 4243 4236
f 4236 4243 4242
f 4168 4169 4180
f 4180 4169 4181
f 4224 4180 4234
f 4182 4168 4180
f 4169 4183 4181
f 4181 4225 4237
f 4237 4229 4243
f 4225 4213 4227
f 4225 4227 4237
f 4237 4227 4229
f 4173 4185 4169
f 4169 4185 4183
f 4213 4225 4197
f 4197 4225 4181
f 4181 4183 4197
f 4211 4225 4181
f 4237 4229 4225
f 4225 4229 4227
f 4181 4225 4213
f 4181 4213 4197
f 4181 4195 4211
f 4208 4224 4211
f 4211 4224 4225
f 4195 4194 4211
f 4193 4194 4195
f 4192 4208 4193
f 4208 4209 4193
f 4211 4210 4208
f 4210 4209 4208
f 4194 4210 4211
f 4173 4170 4169
f 4169 4170 4168
f 4169 4168 4167
f 4167 4168 4166
f 4167 4166 4181
f 4181 4166 4180
f 4181 4180 4195
f 4195 4180 4192
f 4195 4192 4193
f 4167 4181 4169
f 4224 4226 4234
f 4234 4226 4228
f 4234 4228 4240
f 4180 4224 4208
f 4196 4180 4182
f 4180 4196 4212
f 4180 4212 4224
f 4224 4212 4226
f 4182 4168 4184
f 4184 4168 4170
f 4208 4192 4180
f 4182 4184 4170
f 4170 4168 4182
f 4166 4168 4180
f 4169 4168 4173
f 4173 4168 4170
f 4172 4171 4170
f 4172 4170 4173
f 4170 4171 4173
f 4172 4173 4171
f 4175 4177 4173
f 4176 4174 4170
f 4218 4222 4217
f 4217 4222 4221
f 4222 4218 4206
f 4206 4218 4202
f 4201 4205 4206
f 4201 4206 4202
f 4217 4221 4205
f 4217 4205 4201
f 4246 4250 4247
f 4247 4250 4251
f 4250 4246 4245
f 4250 4245 4249
f 4244 4248 4249
f 4244 4249 4245
f 4233 4251 4250
f 4233 4250 4249
f 4233 4249 4232
f 4232 4249 4248
f 4220 4204 4221
f 4204 4205 4221
f 4205 4204 4206
f 4222 4206 4207
f 4221 4222 4223
f 4222 4207 4223
f 4233 4232 4223
f 4223 4232 4220
f 4223 4220 4221
f 4207 4206 4204
f 4207 4204 4191
f 4191 4204 4190
f 4191 4190 4179
f 4179 4190 4178
f 4248 4244 4245
f 4245 4249 4248
f 4246 4250 4249
f 4246 4249 4245
f 4250 4246 4251
f 4251 4246 4247
f 4191 4218 4251
f 4248 4217 4190
f 4190 4217 4201
f 4191 4202 4218
f 4251 4218 4250
f 4250 4218 4249
f 4249 4218 4217
f 4190 4201 4191
f 4191 4201 4202
f 4217 4248 4249
f 4190 4191 4178
f 4178 4191 4179
f 4178 4179 4176
f 4176 4179 4177
f 4191 4203 4207
f 4223 4207 4219
f 4219 4207 4203
f 4219 4233 4223
f 4190 4204 4200
f 4232 4216 4220
f 4220 4216 4200
f 4220 4200 4204
f 4176 4190 4178
f 4232 4248 4230
f 4230 4248 4244
f 4174 4186 4184
f 4174 4184 4170
f 4232 4230 4214
f 4232 4214 4216
f 4216 4214 4200
f 4200 4214 4198
f 4200 4198 4190
f 4190 4198 4188
f 4190 4188 4178
f 4178 4188 4176
f 4186 4174 4176
f 4186 4176 4188
f 4170 4184 4186
f 4170 4186 4176
f 4214 4248 4190
f 4214 4190 4198
f 4214 4230 4248
f 4176 4188 4190
f 4251 4247 4231
f 4215 4251 4231
f 4251 4215 4191
f 4191 4215 4199
f 4187 4177 4189
f 4177 4187 4173
f 4173 4187 4185
f 4177 4191 4189
f 4191 4199 4189
f 4199 4215 4203
f 4203 4215 4219
f 4219 4215 4233
f 4233 4215 4231
f 4233 4231 4251
f 4177 4175 4187
f 4187 4175 4185
f 4185 4175 4173
f 4189 4191 4179
f 4189 4179 4177
f 4199 4203 4191
f 4179 4191 4177
f 4498 4514 4499
f 4499 4514 4515
f 4518 4502 4519
f 4502 4484 4503
f 4502 4503 4519
f 4450 4451 4469
f 4504 4485 4505
f 4448 4449 4468
f 4448 4468 4467
f 4514 4516 4518
f 4502 4500 4498
f 4516 4514 4500
f 4500 4514 4498
f 4514 4518 4515
f 4515 4518 4519
f 4517 4501 4515
f 4515 4501 4499
f 4503 4501 4519
f 4519 4501 4517
f 4517 4515 4519
f 4499 4501 4500
f 4499 4500 4498
f 4269 4270 4276
f 4276 4270 4277
f 4276 4277 4269
f 4269 4277 4270
f 4299 4265 4303
f 4265 4272 4303
f 4303 4272 4273
f 4303 4273 4304
f 4255 4253 4279
f 4253 4272 4279
f 4311 4280 4279
f 4311 4279 4310
f 4310 4279 4286
f 4310 4286 4315
f 4254 4255 4278
f 4278 4255 4279
f 4314 4285 4309
f 4285 4278 4309
f 4309 4278 4277
f 4309 4277 4308
f 4252 4254 4271
f 4271 4254 4278
f 4301 4270 4271
f 4301 4271 4302
f 4271 4264 4302
f 4302 4264 4298
f 4252 4272 4253
f 4272 4252 4271
f 4291 4284 4285
f 4264 4265 4272
f 4264 4272 4271
f 4292 4291 4290
f 4294 4293 4286
f 4287 4294 4286
f 4288 4287 4280
f 4281 4288 4280
f 4274 4281 4273
f 4259 4260 4265
f 4265 4260 4266
f 4265 4264 4258
f 4265 4258 4259
f 4264 4257 4258
f 4283 4276 4269
f 4267 4274 4273
f 4267 4273 4266
f 4266 4273 4272
f 4281 4280 4273
f 4273 4280 4272
f 4272 4280 4279
f 4287 4279 4280
f 4287 4286 4279
f 4286 4285 4279
f 4279 4285 4278
f 4285 4292 4291
f 4293 4292 4285
f 4293 4285 4286
f 4284 4277 4278
f 4284 4278 4285
f 4276 4284 4283
f 4284 4276 4277
f 4277 4269 4278
f 4278 4269 4271
f 4262 4270 4269
f 4269 4270 4271
f 4283 4284 4285
f 4263 4257 4264
f 4262 4263 4264
f 4262 4264 4270
f 4270 4264 4271
f 4266 4272 4265
f 4353 4331 4334
f 4396 4411 4412
f 4393 4406 4390
f 4393 4408 4406
f 4408 4393 4407
f 4392 4428 4393
f 4393 4428 4407
f 4413 4434 4392
f 4392 4434 4428
f 4413 4456 4434
f 4412 4455 4413
f 4413 4455 4456
f 4432 4454 4411
f 4455 4412 4454
f 4454 4412 4411
f 4343 4344 4320
f 4292 4342 4293
f 4293 4342 4343
f 4293 4343 4320
f 4293 4320 4294
f 4294 4320 4316
f 4294 4316 4287
f 4317 4288 4287
f 4288 4317 4338
f 4288 4317 4312
f 4288 4312 4281
f 4331 4305 4312
f 4281 4312 4305
f 4281 4305 4274
f 4353 4356 4374
f 4388 4372 4374
f 4374 4372 4353
f 4360 4377 4356
f 4356 4377 4374
f 4378 4396 4379
f 4379 4396 4412
f 4390 4388 4374
f 4390 4374 4393
f 4393 4374 4377
f 4393 4377 4360
f 4393 4360 4392
f 4392 4360 4359
f 4392 4359 4376
f 4392 4376 4413
f 4413 4376 4380
f 4413 4380 4412
f 4412 4380 4379
f 4337 4316 4344
f 4344 4316 4320
f 4334 4331 4312
f 4334 4312 4338
f 4338 4312 4317
f 4360 4338 4337
f 4337 4338 4317
f 4337 4317 4316
f 4316 4317 4287
f 4342 4378 4343
f 4343 4378 4379
f 4343 4379 4344
f 4344 4379 4380
f 4344 4380 4337
f 4337 4380 4376
f 4337 4376 4360
f 4360 4376 4359
f 4360 4359 4338
f 4338 4360 4334
f 4334 4360 4356
f 4334 4356 4353
f 4430 4409 4410
f 4431 4453 4430
f 4431 4410 4411
f 4431 4411 4432
f 4430 4410 4431
f 4342 4292 4319
f 4341 4291 4292
f 4341 4292 4342
f 4318 4290 4291
f 4318 4291 4340
f 4340 4291 4341
f 4410 4409 4394
f 4361 4362 4394
f 4394 4362 4410
f 4378 4411 4363
f 4363 4411 4362
f 4362 4341 4342
f 4362 4342 4363
f 4361 4340 4362
f 4362 4340 4341
f 4411 4410 4362
f 4336 4283 4340
f 4340 4283 4290
f 4336 4313 4283
f 4466 4447 4426
f 4470 4466 4426
f 4452 4470 4430
f 4430 4470 4426
f 4453 4452 4430
f 4290 4318 4340
f 4391 4375 4336
f 4391 4336 4394
f 4394 4336 4340
f 4394 4340 4361
f 4426 4391 4430
f 4430 4391 4394
f 4430 4394 4409
f 4358 4336 4375
f 4307 4283 4313
f 4307 4276 4283
f 4276 4307 4333
f 4333 4355 4373
f 4336 4358 4355
f 4355 4358 4375
f 4355 4375 4389
f 4355 4307 4336
f 4336 4307 4313
f 4333 4307 4355
f 4466 4465 4447
f 4447 4465 4445
f 4447 4445 4424
f 4447 4424 4426
f 4375 4391 4389
f 4389 4391 4426
f 4424 4389 4426
f 4445 4465 4424
f 4389 4373 4355
f 4407 4413 4408
f 4407 4434 4413
f 4456 4455 4434
f 4434 4455 4433
f 4433 4455 4432
f 4455 4454 4432
f 4454 4453 4432
f 4432 4453 4431
f 4453 4471 4470
f 4453 4470 4452
f 4363 4342 4343
f 4275 4335 4282
f 4282 4335 4339
f 4282 4339 4289
f 4289 4339 4338
f 4289 4338 4288
f 4344 4294 4338
f 4338 4294 4288
f 4294 4344 4293
f 4293 4344 4343
f 4343 4342 4319
f 4343 4319 4293
f 4293 4319 4292
f 4379 4433 4432
f 4432 4411 4379
f 4379 4411 4378
f 4379 4378 4363
f 4380 4434 4379
f 4379 4434 4433
f 4434 4380 4413
f 4397 4393 4408
f 4397 4408 4413
f 4372 4374 4354
f 4354 4374 4357
f 4354 4357 4332
f 4275 4306 4335
f 4335 4306 4332
f 4413 4380 4397
f 4397 4380 4364
f 4397 4364 4393
f 4393 4364 4360
f 4357 4374 4356
f 4356 4374 4360
f 4360 4374 4393
f 4343 4379 4363
f 4332 4357 4335
f 4335 4357 4356
f 4335 4356 4339
f 4339 4356 4360
f 4339 4360 4338
f 4338 4360 4364
f 4338 4364 4344
f 4344 4364 4380
f 4267 4261 4260
f 4327 4350 4368
f 4368 4350 4384
f 4384 4402 4419
f 4300 4297 4262
f 4300 4262 4269
f 4346 4345 4381
f 4398 4399 4381
f 4256 4321 4322
f 4256 4322 4257
f 4323 4258 4257
f 4323 4257 4322
f 4347 4400 4365
f 4346 4322 4321
f 4346 4321 4345
f 4322 4346 4323
f 4323 4346 4347
f 4346 4399 4347
f 4347 4399 4400
f 4381 4399 4346
f 4435 4436 4414
f 4457 4435 4414
f 4460 4457 4419
f 4419 4457 4414
f 4440 4460 4419
f 4368 4384 4327
f 4262 4297 4327
f 4262 4327 4321
f 4262 4321 4256
f 4327 4384 4321
f 4321 4384 4381
f 4321 4381 4345
f 4384 4419 4381
f 4381 4419 4414
f 4381 4414 4398
f 4414 4415 4398
f 4415 4399 4398
f 4416 4400 4415
f 4415 4400 4399
f 4414 4436 4415
f 4366 4365 4400
f 4366 4400 4416
f 4324 4323 4347
f 4258 4323 4324
f 4324 4259 4258
f 4260 4259 4324
f 4324 4325 4260
f 4326 4267 4325
f 4325 4267 4260
f 4267 4326 4328
f 4267 4328 4268
f 4268 4328 4329
f 4268 4329 4275
f 4275 4329 4332
f 4275 4332 4306
f 4372 4386 4388
f 4401 4386 4383
f 4367 4401 4383
f 4401 4367 4418
f 4418 4367 4366
f 4418 4366 4417
f 4386 4351 4383
f 4383 4351 4349
f 4383 4349 4367
f 4372 4354 4353
f 4372 4353 4386
f 4386 4353 4351
f 4416 4417 4366
f 4366 4324 4347
f 4366 4347 4365
f 4324 4366 4325
f 4325 4366 4367
f 4325 4367 4326
f 4326 4367 4349
f 4326 4349 4328
f 4328 4349 4351
f 4328 4351 4329
f 4329 4351 4332
f 4332 4351 4353
f 4332 4353 4354
f 4330 4352 4300
f 4327 4352 4350
f 4327 4297 4300
f 4327 4300 4352
f 4386 4404 4405
f 4386 4405 4388
f 4401 4418 4404
f 4438 4439 4418
f 4418 4417 4438
f 4437 4438 4417
f 4458 4435 4457
f 4435 4458 4436
f 4352 4371 4387
f 4463 4460 4440
f 4463 4440 4444
f 4440 4422 4444
f 4444 4422 4463
f 4352 4387 4384
f 4352 4384 4350
f 4440 4419 4422
f 4422 4419 4402
f 4387 4422 4402
f 4387 4402 4384
f 4437 4417 4416
f 4416 4415 4437
f 4437 4415 4436
f 4386 4401 4404
f 4300 4269 4330
f 4352 4330 4371
f 4419 4460 4463
f 4463 4422 4419
f 4399 4415 4414
f 4414 4415 4458
f 4414 4458 4457
f 4346 4382 4381
f 4297 4262 4256
f 4297 4256 4296
f 4387 4371 4330
f 4321 4346 4381
f 4321 4381 4327
f 4381 4384 4327
f 4327 4297 4296
f 4327 4296 4321
f 4321 4296 4322
f 4387 4330 4384
f 4384 4330 4327
f 4330 4300 4327
f 4419 4422 4387
f 4419 4387 4384
f 4419 4384 4414
f 4414 4384 4381
f 4414 4381 4399
f 4399 4381 4382
f 4275 4274 4268
f 4268 4274 4267
f 4266 4260 4267
f 4294 4295 4288
f 4282 4289 4288
f 4274 4275 4281
f 4281 4275 4282
f 4288 4281 4282
f 4287 4288 4294
f 4465 4466 4424
f 4395 4394 4410
f 4430 4470 4471
f 4430 4471 4431
f 4424 4466 4426
f 4373 4389 4333
f 4318 4290 4283
f 4318 4283 4313
f 4333 4336 4307
f 4395 4362 4394
f 4394 4362 4340
f 4394 4340 4391
f 4391 4340 4336
f 4340 4341 4318
f 4340 4318 4336
f 4336 4318 4313
f 4333 4389 4336
f 4336 4389 4391
f 4389 4424 4391
f 4391 4424 4426
f 4391 4426 4394
f 4394 4426 4430
f 4394 4430 4410
f 4481 4480 4464
f 4464 4480 4463
f 4471 4466 4470
f 4432 4454 4433
f 4433 4454 4455
f 4471 4470 4486
f 4471 4486 4487
f 4486 4470 4466
f 4466 4483 4486
f 4404 4369 4370
f 4403 4385 4404
f 4369 4404 4385
f 4403 4420 4443
f 4284 4293 4292
f 4257 4258 4263
f 4263 4258 4259
f 4284 4292 4291
f 4290 4283 4284
f 4290 4284 4291
f 4267 4274 4288
f 4288 4274 4281
f 4287 4294 4284
f 4284 4294 4293
f 4262 4256 4263
f 4263 4256 4257
f 4263 4259 4260
f 4263 4260 4266
f 4477 4460 4480
f 4480 4460 4463
f 4473 4457 4477
f 4477 4457 4460
f 4457 4473 4474
f 4457 4474 4458
f 4463 4465 4480
f 4480 4465 4482
f 4466 4483 4465
f 4465 4483 4482
f 4465 4463 4424
f 4424 4463 4422
f 4424 4422 4389
f 4389 4422 4387
f 4389 4387 4373
f 4373 4387 4352
f 4373 4352 4333
f 4333 4352 4330
f 4333 4330 4300
f 4333 4300 4307
f 4307 4300 4269
f 4307 4269 4276
f 4390 4388 4406
f 4429 4407 4408
f 4429 4428 4407
f 4403 4420 4421
f 4403 4421 4404
f 4406 4388 4405
f 4423 4406 4405
f 4408 4425 4429
f 4418 4439 4443
f 4408 4406 4425
f 4425 4406 4423
f 4423 4405 4404
f 4418 4443 4420
f 4423 4404 4420
f 4420 4404 4421
f 4425 4428 4429
f 4451 4434 4428
f 4434 4451 4456
f 4481 4477 4480
f 4474 4473 4478
f 4478 4473 4481
f 4481 4473 4477
f 4482 4463 4480
f 4466 4463 4483
f 4483 4463 4482
f 4420 4404 4403
f 4420 4403 4418
f 4428 4407 4434
f 4488 4472 4489
f 4455 4456 4488
f 4488 4456 4472
f 4488 4454 4455
f 4488 4471 4454
f 4488 4487 4471
f 4507 4506 4488
f 4488 4506 4487
f 4488 4508 4507
f 4488 4509 4508
f 4488 4489 4509
f 4471 4453 4454
f 4487 4467 4471
f 4487 4484 4467
f 4506 4502 4487
f 4487 4502 4484
f 4507 4503 4502
f 4507 4502 4506
f 4503 4507 4519
f 4519 4507 4521
f 4519 4521 4522
f 4519 4522 4520
f 4520 4522 4508
f 4520 4508 4504
f 4504 4508 4505
f 4505 4508 4509
f 4505 4509 4489
f 4505 4489 4485
f 4485 4489 4469
f 4469 4489 4472
f 4469 4472 4451
f 4451 4472 4456
f 4455 4451 4456
f 4455 4450 4451
f 4471 4467 4448
f 4471 4448 4453
f 4453 4448 4449
f 4453 4449 4454
f 4454 4449 4450
f 4454 4450 4455
f 4521 4507 4508
f 4521 4508 4522
f 4423 4420 4425
f 4425 4420 4443
f 4425 4443 4446
f 4425 4446 4428
f 4428 4446 4451
f 4450 4427 4451
f 4428 4451 4427
f 4451 4446 4443
f 4451 4443 4469
f 4469 4443 4462
f 4479 4485 4462
f 4462 4485 4469
f 4497 4505 4479
f 4479 4505 4485
f 4513 4520 4496
f 4496 4520 4504
f 4496 4504 4497
f 4497 4504 4505
f 4495 4503 4512
f 4512 4503 4519
f 4512 4519 4513
f 4513 4519 4520
f 4494 4502 4495
f 4495 4502 4503
f 4478 4484 4494
f 4494 4484 4502
f 4461 4467 4478
f 4478 4467 4484
f 4442 4438 4443
f 4443 4438 4439
f 4443 4439 4459
f 4443 4459 4462
f 4462 4459 4476
f 4462 4476 4479
f 4479 4476 4493
f 4479 4493 4497
f 4497 4493 4492
f 4497 4492 4496
f 4496 4492 4511
f 4496 4511 4513
f 4513 4511 4510
f 4513 4510 4512
f 4512 4510 4491
f 4512 4491 4495
f 4495 4491 4490
f 4495 4490 4494
f 4494 4490 4474
f 4494 4474 4478
f 4478 4474 4458
f 4478 4458 4461
f 4511 4492 4491
f 4511 4491 4510
f 4461 4458 4436
f 4461 4436 4441
f 4417 4348 4436
f 4436 4348 4347
f 4436 4347 4346
f 4436 4437 4417
f 4493 4476 4492
f 4491 4474 4490
f 4437 4436 4458
f 4438 4459 4439
f 4475 4458 4474
f 4437 4458 4475
f 4475 4438 4437
f 4459 4438 4475
f 4475 4476 4459
f 4492 4476 4475
f 4475 4491 4492
f 4474 4491 4475
f 4284 4269 4287
f 4287 4269 4262
f 4262 4263 4287
f 4287 4263 4266
f 4284 4283 4269
f 4288 4287 4267
f 4267 4287 4266
f 4731 4730 4729
f 4729 4730 4724
f 4729 4724 4723
f 4723 4724 4722
f 4723 4722 4717
f 4717 4722 4708
f 4717 4708 4704
f 4704 4708 4681
f 4704 4681 4677
f 4677 4681 4686
f 4677 4686 4682
f 4682 4686 4687
f 4687 4686 4691
f 4687 4691 4697
f 4687 4697 4692
f 4692 4697 4712
f 4692 4712 4711
f 4711 4712 4728
f 4711 4728 4727
f 4727 4728 4726
f 4727 4726 4725
f 4725 4726 4732
f 4725 4732 4731
f 4731 4732 4730
f 4686 4709 4691
f 4709 4712 4697
f 4709 4697 4691
f 4709 4728 4712
f 4709 4726 4728
f 4730 4732 4709
f 4709 4732 4726
f 4724 4730 4709
f 4709 4722 4724
f 4709 4708 4722
f 4686 4681 4709
f 4709 4681 4708
f 4687 4710 4682
f 4710 4704 4677
f 4710 4677 4682
f 4710 4717 4704
f 4710 4723 4717
f 4731 4729 4710
f 4710 4729 4723
f 4725 4731 4710
f 4710 4727 4725
f 4710 4711 4727
f 4687 4692 4710
f 4710 4692 4711
f 4557 4580 4579
f 4579 4556 4557
f 4557 4575 4580
f 4526 4532 4531
f 4532 4526 4527
f 4532 4527 4528
f 4532 4528 4533
f 4575 4576 4557
f 4558 4557 4576
f 4680 4707 4681
f 4681 4707 4708
f 4660 4686 4664
f 4664 4686 4691
f 4668 4696 4672
f 4672 4696 4695
f 4672 4695 4699
f 4672 4699 4671
f 4722 4708 4721
f 4708 4707 4721
f 4721 4707 4703
f 4721 4703 4716
f 4716 4703 4715
f 4715 4703 4702
f 4702 4675 4651
f 4526 4537 4538
f 4526 4538 4527
f 4527 4538 4528
f 4538 4539 4528
f 4541 4533 4528
f 4541 4528 4539
f 4551 4570 4553
f 4553 4570 4572
f 4558 4576 4575
f 4558 4575 4557
f 4601 4579 4580
f 4601 4580 4602
f 4664 4663 4660
f 4660 4663 4659
f 4660 4659 4686
f 4686 4659 4685
f 4691 4690 4663
f 4691 4663 4664
f 4668 4672 4667
f 4671 4667 4672
f 4680 4681 4685
f 4685 4681 4686
f 4681 4708 4679
f 4679 4708 4706
f 4686 4681 4684
f 4684 4681 4679
f 4686 4684 4691
f 4691 4684 4689
f 4689 4690 4691
f 4690 4689 4695
f 4690 4695 4696
f 4696 4695 4699
f 4721 4716 4719
f 4719 4716 4715
f 4720 4722 4721
f 4720 4721 4719
f 4720 4706 4722
f 4722 4706 4708
f 4567 4568 4549
f 4630 4652 4655
f 4630 4655 4633
f 4629 4651 4630
f 4630 4651 4652
f 4546 4538 4545
f 4545 4538 4537
f 4539 4538 4546
f 4547 4539 4546
f 4547 4541 4539
f 4588 4549 4568
f 4551 4549 4588
f 4590 4551 4588
f 4590 4570 4551
f 4594 4570 4590
f 4553 4572 4594
f 4594 4572 4570
f 4593 4553 4594
f 4558 4553 4593
f 4558 4597 4557
f 4597 4558 4593
f 4597 4575 4557
f 4602 4580 4597
f 4597 4580 4575
f 4668 4690 4696
f 4637 4659 4663
f 4637 4663 4641
f 4633 4655 4637
f 4637 4655 4659
f 4588 4568 4587
f 4609 4588 4587
f 4609 4587 4606
f 4587 4568 4567
f 4567 4563 4584
f 4583 4605 4584
f 4584 4605 4606
f 4584 4563 4583
f 4583 4563 4562
f 4587 4567 4584
f 4587 4584 4606
f 4545 4562 4546
f 4546 4562 4563
f 4546 4563 4567
f 4546 4567 4547
f 4547 4567 4549
f 4547 4549 4541
f 4621 4626 4597
f 4621 4597 4617
f 4588 4609 4610
f 4588 4610 4590
f 4590 4610 4614
f 4590 4614 4613
f 4590 4613 4593
f 4593 4613 4617
f 4593 4617 4597
f 4625 4601 4626
f 4626 4601 4602
f 4626 4602 4597
f 4593 4594 4590
f 4644 4668 4648
f 4648 4668 4647
f 4647 4668 4667
f 4647 4667 4671
f 4644 4641 4668
f 4641 4663 4668
f 4668 4663 4690
f 4647 4625 4648
f 4648 4625 4626
f 4648 4626 4644
f 4644 4626 4621
f 4644 4621 4641
f 4641 4621 4617
f 4641 4617 4663
f 4605 4629 4606
f 4606 4629 4630
f 4606 4630 4609
f 4609 4630 4633
f 4609 4633 4610
f 4610 4633 4614
f 4614 4633 4637
f 4614 4637 4613
f 4613 4637 4617
f 4617 4637 4641
f 4545 4537 4562
f 4685 4659 4655
f 4680 4685 4655
f 4651 4675 4676
f 4680 4655 4676
f 4676 4655 4652
f 4676 4652 4651
f 4707 4680 4703
f 4703 4680 4676
f 4703 4676 4702
f 4702 4676 4675
f 4579 4578 4556
f 4578 4577 4556
f 4556 4577 4555
f 4555 4577 4574
f 4524 4525 4530
f 4530 4525 4531
f 4531 4525 4526
f 4530 4529 4523
f 4530 4523 4524
f 4573 4574 4554
f 4554 4574 4555
f 4705 4678 4704
f 4704 4678 4677
f 4713 4700 4718
f 4718 4700 4705
f 4700 4713 4714
f 4700 4714 4701
f 4702 4674 4701
f 4702 4701 4715
f 4715 4701 4714
f 4674 4702 4650
f 4650 4702 4651
f 4650 4651 4629
f 4650 4629 4628
f 4628 4629 4605
f 4628 4605 4604
f 4537 4561 4562
f 4562 4561 4582
f 4562 4582 4583
f 4583 4582 4605
f 4605 4582 4604
f 4537 4536 4561
f 4536 4525 4524
f 4536 4524 4535
f 4523 4534 4535
f 4523 4535 4524
f 4569 4550 4552
f 4552 4571 4569
f 4578 4600 4577
f 4577 4600 4599
f 4600 4578 4579
f 4600 4579 4601
f 4534 4523 4529
f 4534 4529 4540
f 4525 4536 4537
f 4525 4537 4526
f 4718 4705 4704
f 4718 4704 4717
f 4661 4687 4682
f 4661 4682 4657
f 4693 4665 4669
f 4693 4669 4694
f 4694 4669 4698
f 4698 4669 4670
f 4670 4671 4698
f 4698 4671 4699
f 4677 4678 4682
f 4682 4678 4683
f 4682 4683 4657
f 4683 4658 4657
f 4657 4658 4661
f 4658 4662 4661
f 4661 4662 4687
f 4687 4662 4688
f 4669 4665 4666
f 4669 4666 4670
f 4670 4666 4671
f 4671 4666 4667
f 4704 4677 4679
f 4693 4694 4695
f 4693 4695 4688
f 4688 4695 4689
f 4689 4687 4688
f 4684 4682 4689
f 4689 4682 4687
f 4679 4677 4684
f 4684 4677 4682
f 4706 4704 4679
f 4694 4698 4695
f 4695 4698 4699
f 4718 4717 4720
f 4719 4715 4714
f 4719 4714 4713
f 4713 4718 4719
f 4719 4718 4720
f 4706 4720 4717
f 4704 4706 4717
f 4625 4647 4646
f 4658 4636 4662
f 4662 4636 4640
f 4665 4688 4662
f 4671 4670 4647
f 4596 4574 4577
f 4596 4577 4599
f 4555 4574 4596
f 4596 4554 4555
f 4554 4596 4592
f 4554 4592 4552
f 4552 4592 4591
f 4571 4552 4591
f 4589 4569 4591
f 4591 4569 4571
f 4548 4550 4565
f 4565 4550 4569
f 4534 4540 4542
f 4542 4540 4548
f 4543 4534 4542
f 4535 4534 4543
f 4544 4536 4535
f 4650 4628 4627
f 4627 4649 4650
f 4632 4654 4627
f 4627 4654 4649
f 4623 4620 4596
f 4616 4596 4620
f 4601 4625 4600
f 4600 4625 4624
f 4600 4624 4599
f 4599 4624 4623
f 4599 4623 4596
f 4616 4592 4596
f 4591 4592 4616
f 4591 4616 4589
f 4589 4616 4612
f 4607 4585 4611
f 4611 4585 4589
f 4611 4589 4612
f 4585 4607 4608
f 4585 4608 4586
f 4586 4608 4581
f 4581 4608 4603
f 4585 4565 4589
f 4589 4565 4569
f 4586 4565 4585
f 4560 4543 4566
f 4566 4543 4542
f 4566 4542 4548
f 4566 4548 4565
f 4535 4543 4544
f 4544 4543 4560
f 4544 4560 4561
f 4561 4560 4581
f 4561 4581 4582
f 4582 4581 4603
f 4582 4603 4604
f 4581 4560 4586
f 4586 4560 4566
f 4586 4566 4565
f 4628 4604 4627
f 4627 4604 4603
f 4627 4603 4632
f 4632 4603 4608
f 4632 4608 4607
f 4647 4670 4646
f 4646 4670 4666
f 4646 4666 4645
f 4645 4666 4665
f 4645 4665 4643
f 4662 4640 4665
f 4624 4625 4646
f 4624 4646 4623
f 4623 4646 4645
f 4623 4645 4620
f 4620 4645 4643
f 4620 4643 4616
f 4693 4688 4665
f 4643 4665 4640
f 4643 4640 4616
f 4616 4640 4612
f 4612 4640 4636
f 4612 4636 4611
f 4611 4636 4658
f 4611 4658 4607
f 4607 4658 4654
f 4607 4654 4632
f 4536 4544 4561
f 4654 4683 4678
f 4658 4683 4654
f 4674 4650 4649
f 4654 4678 4649
f 4649 4678 4673
f 4649 4673 4674
f 4678 4705 4673
f 4673 4705 4700
f 4673 4700 4674
f 4674 4700 4701
f 4554 4553 4558
f 4558 4557 4556
f 4558 4556 4554
f 4554 4556 4555
f 4529 4530 4540
f 4540 4530 4531
f 4532 4533 4541
f 4532 4541 4531
f 4531 4541 4540
f 4549 4548 4541
f 4541 4548 4540
f 4551 4550 4548
f 4551 4548 4549
f 4553 4552 4551
f 4551 4552 4550
f 4552 4553 4554
f 4634 4655 4656
f 4655 4634 4633
f 4633 4652 4655
f 4594 4572 4590
f 4590 4572 4570
f 4594 4558 4553
f 4575 4576 4597
f 4597 4576 4598
f 4598 4576 4558
f 4664 4642 4660
f 4660 4642 4638
f 4634 4656 4638
f 4638 4656 4660
f 4652 4633 4630
f 4630 4633 4606
f 4584 4609 4588
f 4564 4584 4568
f 4568 4584 4588
f 4547 4564 4549
f 4549 4564 4568
f 4546 4563 4547
f 4625 4601 4602
f 4625 4602 4626
f 4590 4614 4594
f 4594 4614 4618
f 4671 4647 4672
f 4672 4647 4648
f 4672 4648 4668
f 4598 4594 4618
f 4598 4618 4622
f 4622 4618 4642
f 4622 4642 4644
f 4644 4642 4668
f 4594 4598 4558
f 4644 4621 4622
f 4622 4621 4597
f 4622 4597 4598
f 4547 4563 4564
f 4564 4563 4584
f 4584 4606 4609
f 4609 4606 4633
f 4610 4633 4634
f 4610 4634 4614
f 4614 4634 4638
f 4614 4638 4618
f 4618 4638 4642
f 4618 4642 4664
f 4642 4664 4668
f 4668 4664 4691
f 4668 4691 4690
f 4656 4681 4686
f 4656 4686 4660
f 4681 4656 4680
f 4680 4656 4655
f 4680 4655 4652
f 4680 4652 4676
f 4676 4652 4675
f 4675 4652 4651
f 4639 4661 4635
f 4635 4661 4657
f 4665 4688 4661
f 4661 4688 4687
f 4596 4573 4574
f 4595 4554 4596
f 4596 4554 4573
f 4591 4552 4595
f 4595 4552 4554
f 4542 4534 4548
f 4548 4534 4540
f 4632 4654 4649
f 4632 4649 4627
f 4631 4654 4632
f 4631 4653 4654
f 4624 4600 4601
f 4601 4625 4624
f 4615 4591 4619
f 4619 4591 4595
f 4619 4595 4620
f 4620 4595 4596
f 4611 4589 4615
f 4615 4589 4591
f 4608 4581 4585
f 4581 4560 4559
f 4581 4559 4585
f 4585 4559 4565
f 4560 4543 4542
f 4560 4542 4559
f 4559 4542 4565
f 4565 4542 4548
f 4632 4608 4631
f 4631 4608 4607
f 4646 4670 4645
f 4645 4670 4669
f 4645 4669 4643
f 4643 4669 4665
f 4643 4665 4639
f 4639 4665 4661
f 4620 4643 4619
f 4619 4643 4639
f 4619 4639 4615
f 4615 4639 4611
f 4611 4639 4635
f 4611 4635 4657
f 4611 4657 4607
f 4607 4657 4653
f 4607 4653 4631
f 4682 4677 4653
f 4653 4657 4682
f 4677 4678 4705
f 4653 4677 4654
f 4654 4677 4678
f 4649 4673 4650
f 4650 4673 4674
f 4847 4845 4846
f 4847 4846 4870
f 4870 4869 4844
f 4870 4844 4847
f 4847 4848 4845
f 4869 4870 4891
f 4891 4870 4892
f 4891 4892 4909
f 4909 4892 4910
f 4909 4910 4927
f 4927 4943 4942
f 4942 4926 4927
f 4927 4926 4909
f 4959 4958 4941
f 4941 4958 4940
f 4940 4942 4941
f 4941 4942 4943
f 4969 4968 4953
f 4953 4968 4952
f 4950 4951 4966
f 4966 4951 4967
f 4951 4950 4934
f 4951 4934 4935
f 4968 4981 4967
f 4967 4989 4988
f 4967 4988 4984
f 4967 4987 4991
f 4991 4990 4967
f 4967 4984 4979
f 4953 4952 4936
f 4953 4936 4937
f 4981 4980 4967
f 4967 4980 4987
f 4967 4990 4989
f 4979 4978 4967
f 4885 4886 4904
f 4885 4904 4903
f 4919 4935 4934
f 4937 4936 4920
f 4937 4920 4921
f 4921 4920 4903
f 4921 4903 4904
f 4934 4918 4919
f 4919 4918 4902
f 4902 4918 4901
f 4902 4901 4880
f 4880 4901 4879
f 4970 4971 4968
f 4970 4968 4967
f 4971 4970 4956
f 4956 4970 4955
f 4956 4955 4957
f 4957 4955 4959
f 4959 4955 4954
f 4959 4954 4958
f 4851 4859 4858
f 4851 4858 4850
f 4828 4827 4819
f 4820 4828 4819
f 4821 4822 4829
f 4829 4822 4830
f 4854 4855 4861
f 4854 4861 4860
f 4850 4770 4851
f 4851 4770 4771
f 4851 4771 4859
f 4859 4771 4779
f 4859 4779 4858
f 4858 4779 4778
f 4858 4778 4850
f 4850 4778 4770
f 4859 4819 4851
f 4882 4820 4859
f 4859 4820 4819
f 4882 4828 4820
f 4882 4883 4828
f 4828 4883 4829
f 4883 4821 4829
f 4860 4822 4883
f 4883 4822 4821
f 4854 4822 4860
f 4854 4774 4855
f 4855 4774 4775
f 4855 4775 4861
f 4861 4775 4781
f 4861 4781 4860
f 4860 4781 4780
f 4860 4780 4854
f 4854 4780 4774
f 4823 4822 4780
f 4823 4780 4781
f 4830 4827 4829
f 4829 4827 4828
f 4779 4819 4818
f 4779 4818 4778
f 4784 4791 4790
f 4785 4791 4784
f 4786 4787 4793
f 4792 4786 4793
f 4836 4792 4837
f 4837 4792 4793
f 4834 4790 4835
f 4835 4790 4791
f 4819 4779 4771
f 4819 4771 4851
f 4859 4851 4873
f 4881 4859 4873
f 4882 4859 4881
f 4882 4881 4874
f 4874 4881 4873
f 4852 4874 4873
f 4851 4852 4873
f 4852 4853 4874
f 4874 4853 4875
f 4874 4875 4882
f 4882 4875 4883
f 4860 4883 4884
f 4884 4883 4876
f 4876 4883 4875
f 4860 4884 4876
f 4854 4860 4876
f 4854 4876 4875
f 4854 4875 4853
f 4780 4822 4774
f 4774 4822 4854
f 4831 4830 4822
f 4831 4822 4823
f 4818 4819 4826
f 4826 4819 4827
f 4826 4827 4831
f 4831 4827 4830
f 4840 4796 4834
f 4834 4796 4790
f 4826 4784 4790
f 4826 4790 4834
f 4785 4784 4827
f 4827 4784 4826
f 4835 4791 4785
f 4835 4785 4827
f 4830 4786 4792
f 4830 4792 4836
f 4787 4786 4831
f 4831 4786 4830
f 4837 4793 4787
f 4837 4787 4831
f 4793 4797 4841
f 4793 4841 4837
f 4797 4796 4841
f 4841 4796 4840
f 4840 4834 4835
f 4837 4841 4836
f 4840 4835 4836
f 4840 4836 4841
f 4803 4802 4797
f 4797 4802 4801
f 4797 4801 4796
f 4796 4801 4800
f 4760 4746 4818
f 4760 4818 4826
f 4760 4826 4764
f 4760 4778 4746
f 4746 4778 4818
f 4738 4760 4746
f 4738 4754 4760
f 4754 4738 4770
f 4739 4771 4738
f 4738 4771 4770
f 4851 4771 4739
f 4851 4739 4852
f 4852 4739 4740
f 4740 4741 4852
f 4852 4741 4853
f 4742 4774 4854
f 4742 4854 4741
f 4741 4854 4853
f 4747 4761 4743
f 4743 4761 4757
f 4757 4775 4743
f 4743 4775 4742
f 4742 4775 4774
f 4761 4747 4781
f 4781 4747 4823
f 4831 4823 4765
f 4765 4823 4761
f 4761 4823 4747
f 4764 4826 4784
f 4790 4764 4784
f 4831 4765 4787
f 4765 4793 4787
f 4793 4794 4797
f 4797 4794 4798
f 4794 4793 4838
f 4838 4793 4837
f 4789 4790 4796
f 4789 4796 4795
f 4831 4832 4837
f 4837 4832 4838
f 4790 4789 4833
f 4790 4833 4834
f 4825 4826 4834
f 4825 4834 4833
f 4827 4830 4835
f 4830 4836 4835
f 4790 4789 4783
f 4790 4783 4764
f 4783 4763 4764
f 4764 4763 4760
f 4760 4763 4745
f 4760 4745 4746
f 4736 4742 4741
f 4736 4741 4735
f 4733 4734 4740
f 4733 4740 4739
f 4746 4745 4738
f 4748 4747 4743
f 4748 4743 4744
f 4740 4734 4741
f 4741 4734 4735
f 4738 4745 4737
f 4761 4747 4748
f 4761 4748 4765
f 4765 4748 4766
f 4794 4793 4788
f 4788 4793 4765
f 4788 4765 4766
f 4788 4787 4794
f 4794 4787 4793
f 4784 4826 4783
f 4783 4826 4825
f 4789 4790 4784
f 4789 4784 4783
f 4795 4796 4790
f 4795 4790 4789
f 4770 4778 4769
f 4769 4778 4777
f 4760 4777 4778
f 4760 4759 4777
f 4759 4760 4753
f 4760 4754 4753
f 4761 4758 4757
f 4758 4761 4762
f 4781 4762 4761
f 4781 4782 4762
f 4781 4776 4782
f 4781 4775 4776
f 4831 4787 4832
f 4832 4787 4788
f 4796 4800 4799
f 4800 4801 4799
f 4796 4799 4795
f 4795 4839 4833
f 4833 4839 4865
f 4789 4795 4833
f 4833 4865 4863
f 4863 4825 4833
f 4863 4865 4889
f 4857 4863 4879
f 4879 4863 4887
f 4889 4887 4863
f 4888 4864 4886
f 4862 4886 4864
f 4864 4888 4890
f 4864 4890 4866
f 4798 4794 4838
f 4866 4842 4838
f 4838 4832 4864
f 4798 4838 4842
f 4864 4866 4838
f 4804 4802 4803
f 4804 4797 4798
f 4803 4797 4804
f 4905 4907 4922
f 4940 4938 4922
f 4879 4887 4905
f 4905 4887 4889
f 4902 4880 4879
f 4902 4901 4919
f 4919 4901 4918
f 4924 4940 4922
f 4889 4907 4924
f 4905 4889 4907
f 4907 4889 4922
f 4922 4889 4924
f 4970 4967 4951
f 4955 4970 4951
f 4955 4951 4935
f 4935 4919 4938
f 4935 4938 4955
f 4955 4938 4954
f 4902 4879 4901
f 4901 4879 4905
f 4901 4905 4918
f 4918 4905 4922
f 4918 4922 4919
f 4919 4922 4938
f 4954 4938 4940
f 4954 4940 4958
f 4951 4950 4967
f 4962 4963 4947
f 4991 4987 4986
f 4991 4986 4990
f 4984 4988 4985
f 4985 4988 4989
f 4966 4967 4950
f 4968 4965 4977
f 4968 4977 4981
f 4952 4949 4965
f 4968 4952 4965
f 4963 4975 4976
f 4976 4964 4963
f 4947 4963 4964
f 4974 4962 4973
f 4973 4962 4961
f 4962 4974 4963
f 4963 4974 4975
f 4946 4962 4947
f 4945 4961 4946
f 4946 4961 4962
f 4979 4972 4978
f 4978 4972 4960
f 4978 4960 4967
f 4985 4989 4986
f 4986 4989 4990
f 4981 4977 4980
f 4980 4977 4976
f 4980 4976 4986
f 4986 4976 4975
f 4986 4975 4983
f 4986 4983 4985
f 4985 4983 4982
f 4985 4982 4974
f 4985 4974 4979
f 4979 4974 4973
f 4979 4973 4972
f 4965 4964 4976
f 4973 4961 4960
f 4977 4965 4976
f 4983 4975 4982
f 4982 4975 4974
f 4972 4973 4960
f 4987 4980 4986
f 4984 4985 4979
f 4967 4960 4951
f 4951 4960 4944
f 4964 4948 4947
f 4949 4948 4965
f 4965 4948 4964
f 4960 4961 4944
f 4944 4961 4945
f 4929 4913 4912
f 4932 4916 4915
f 4763 4759 4745
f 4762 4766 4748
f 4863 4857 4825
f 4817 4770 4769
f 4817 4769 4777
f 4809 4810 4770
f 4775 4815 4816
f 4775 4816 4776
f 4816 4782 4776
f 4750 4751 4735
f 4735 4751 4736
f 4736 4751 4752
f 4736 4752 4742
f 4742 4752 4756
f 4742 4756 4743
f 4743 4756 4757
f 4750 4767 4751
f 4751 4767 4768
f 4751 4768 4774
f 4751 4774 4756
f 4756 4774 4775
f 4756 4775 4757
f 4768 4773 4774
f 4762 4748 4758
f 4758 4748 4744
f 4758 4744 4757
f 4757 4744 4743
f 4788 4766 4762
f 4782 4788 4762
f 4807 4813 4808
f 4853 4813 4852
f 4852 4813 4807
f 4773 4813 4774
f 4774 4813 4814
f 4774 4814 4775
f 4775 4814 4815
f 4782 4824 4788
f 4788 4824 4832
f 4864 4832 4862
f 4824 4782 4816
f 4824 4862 4832
f 4813 4853 4814
f 4814 4853 4854
f 4814 4854 4815
f 4815 4854 4855
f 4815 4855 4856
f 4815 4856 4816
f 4816 4856 4824
f 4824 4856 4862
f 4921 4904 4917
f 4917 4904 4900
f 4917 4900 4899
f 4917 4899 4916
f 4916 4899 4898
f 4953 4937 4952
f 4952 4937 4936
f 4952 4936 4949
f 4949 4936 4933
f 4949 4933 4948
f 4948 4933 4932
f 4916 4932 4917
f 4917 4932 4933
f 4917 4933 4921
f 4921 4933 4936
f 4921 4936 4937
f 4895 4873 4894
f 4894 4873 4872
f 4894 4872 4893
f 4893 4872 4871
f 4893 4871 4901
f 4901 4871 4879
f 4904 4886 4900
f 4900 4886 4878
f 4900 4878 4899
f 4899 4878 4877
f 4899 4877 4898
f 4898 4877 4876
f 4898 4876 4897
f 4897 4876 4875
f 4897 4875 4896
f 4896 4875 4874
f 4896 4874 4895
f 4895 4874 4873
f 4945 4929 4944
f 4944 4929 4928
f 4944 4928 4951
f 4951 4928 4935
f 4918 4934 4935
f 4918 4935 4911
f 4911 4935 4928
f 4911 4928 4912
f 4912 4928 4929
f 4947 4931 4946
f 4946 4931 4930
f 4946 4930 4945
f 4945 4930 4929
f 4947 4948 4932
f 4947 4932 4931
f 4931 4932 4915
f 4931 4915 4930
f 4930 4915 4914
f 4930 4914 4913
f 4930 4913 4929
f 4913 4895 4912
f 4912 4895 4894
f 4912 4894 4911
f 4911 4894 4893
f 4911 4893 4918
f 4918 4893 4901
f 4763 4783 4777
f 4777 4759 4763
f 4745 4759 4737
f 4737 4759 4753
f 4737 4753 4738
f 4738 4753 4754
f 4817 4777 4825
f 4825 4777 4783
f 4809 4770 4817
f 4739 4738 4754
f 4739 4754 4755
f 4755 4754 4770
f 4755 4770 4771
f 4735 4734 4750
f 4771 4767 4750
f 4771 4750 4749
f 4749 4750 4733
f 4734 4733 4750
f 4752 4751 4756
f 4810 4771 4770
f 4850 4810 4849
f 4849 4810 4809
f 4849 4809 4857
f 4857 4809 4817
f 4857 4817 4825
f 4809 4810 4817
f 4739 4755 4749
f 4771 4810 4811
f 4811 4810 4850
f 4811 4850 4851
f 4811 4851 4812
f 4851 4852 4812
f 4812 4852 4807
f 4807 4808 4768
f 4768 4767 4807
f 4807 4767 4812
f 4812 4767 4772
f 4812 4772 4811
f 4808 4813 4773
f 4808 4773 4768
f 4772 4767 4771
f 4772 4771 4811
f 4916 4898 4915
f 4915 4898 4897
f 4915 4897 4914
f 4914 4897 4896
f 4914 4896 4913
f 4913 4896 4895
f 4873 4851 4872
f 4872 4851 4850
f 4872 4850 4871
f 4871 4850 4849
f 4871 4849 4879
f 4879 4849 4857
f 4886 4862 4878
f 4878 4862 4856
f 4878 4856 4877
f 4877 4856 4855
f 4877 4855 4876
f 4876 4855 4854
f 4771 4749 4755
f 4749 4733 4739
f 4888 4886 4904
f 4888 4906 4908
f 4888 4908 4890
f 4959 4941 4939
f 4959 4939 4957
f 4903 4920 4904
f 4920 4921 4904
f 4904 4906 4888
f 4952 4968 4956
f 4952 4956 4936
f 4936 4956 4939
f 4936 4939 4920
f 4920 4939 4921
f 4921 4939 4923
f 4921 4923 4904
f 4904 4923 4906
f 4923 4939 4941
f 4923 4941 4925
f 4925 4908 4923
f 4923 4908 4906
f 4957 4939 4956
f 4971 4956 4968
f 4802 4804 4801
f 4799 4801 4804
f 4844 4869 4843
f 4799 4805 4844
f 4844 4805 4847
f 4843 4799 4844
f 4795 4799 4839
f 4839 4867 4865
f 4867 4889 4865
f 4909 4926 4924
f 4924 4926 4942
f 4924 4942 4940
f 4909 4924 4907
f 4907 4889 4909
f 4869 4891 4867
f 4869 4867 4843
f 4843 4867 4839
f 4843 4839 4799
f 4867 4891 4889
f 4889 4891 4909
f 4846 4842 4868
f 4868 4866 4890
f 4842 4798 4868
f 4868 4842 4866
f 4846 4804 4842
f 4806 4804 4846
f 4846 4845 4806
f 4806 4845 4848
f 4908 4925 4910
f 4908 4910 4890
f 4941 4943 4925
f 4925 4943 4927
f 4925 4927 4910
f 4870 4846 4868
f 4870 4868 4892
f 4890 4910 4892
f 4890 4892 4868
f 4798 4842 4804
f 4799 4804 4806
f 4848 4805 4799
f 4848 4799 4806
f 4848 4847 4805
f 4999 5129 5121
f 5026 4999 5121
f 5121 5120 5026
f 5120 5025 5026
f 5129 4999 5128
f 5128 4999 4998
f 4994 5124 4996
f 4996 5124 5126
f 4996 5126 4997
f 4997 5126 5127
f 4997 5127 4998
f 4998 5127 5128
f 5008 5034 5029
f 5008 5029 5050
f 5008 5050 5064
f 5008 5082 5098
f 5008 5003 5034
f 5064 5077 5008
f 5008 5077 5082
f 5008 5098 5103
f 5122 4992 4993
f 4993 5123 5122
f 5123 4993 5012
f 5123 5012 5107
f 5107 5012 5007
f 5107 5007 5102
f 5102 5007 5008
f 5102 5008 5103
f 4992 5122 4995
f 4995 5122 5125
f 4995 5125 5124
f 4995 5124 4994
f 5046 5025 5120
f 5120 5094 5046
f 5094 5045 5046
f 5045 5094 5093
f 5045 5074 5060
f 5045 5093 5074
f 5089 5071 5090
f 5094 5074 5093
f 5073 5059 5060
f 5060 5074 5073
f 5090 5091 5114
f 5089 5090 5111
f 5111 5090 5114
f 5088 5089 5108
f 5108 5089 5111
f 5108 5111 5109
f 5109 5111 5112
f 5072 5091 5090
f 5090 5071 5072
f 5089 5088 5071
f 5058 5072 5071
f 5099 5085 5084
f 5084 5085 5079
f 5078 5084 5079
f 5080 5075 5062
f 5080 5062 5079
f 5079 5062 5066
f 5069 5056 5070
f 5070 5056 5057
f 5069 5055 5056
f 5054 5067 5068
f 5054 5053 5067
f 5067 5053 5055
f 5067 5055 5069
f 5062 5061 5066
f 5068 5084 5065
f 5065 5084 5078
f 5066 5052 5051
f 5065 5066 5051
f 5052 5066 5047
f 5047 5066 5061
f 5047 5061 5048
f 5048 5061 5062
f 5065 5051 5068
f 5068 5051 5054
f 5124 5125 5106
f 5106 5125 5122
f 5067 5083 5086
f 5109 5088 5108
f 5110 5105 5104
f 5068 5067 5083
f 5086 5088 5087
f 5087 5088 5109
f 5087 5109 5104
f 5105 5100 5099
f 5099 5100 5085
f 5085 5100 5079
f 5101 5100 5105
f 5101 5105 5106
f 5104 5105 5099
f 5084 5087 5099
f 5099 5087 5104
f 5101 5096 5095
f 5095 5096 5079
f 5100 5101 5095
f 5095 5079 5100
f 5080 5079 5096
f 5086 5087 5084
f 5066 5065 5078
f 5066 5078 5079
f 5106 5105 5124
f 5124 5105 5110
f 5124 5110 5126
f 5126 5110 5113
f 5129 5128 5117
f 5117 5128 5115
f 5091 5092 5116
f 5116 5092 5118
f 5116 5118 5117
f 5117 5118 5119
f 5058 5059 5072
f 5072 5059 5073
f 5073 5074 5092
f 5092 5074 5094
f 5092 5094 5118
f 5118 5094 5120
f 5118 5120 5119
f 5119 5120 5121
f 5128 5127 5115
f 5115 5127 5113
f 5115 5113 5112
f 5112 5113 5109
f 5115 5116 5117
f 5112 5116 5115
f 5127 5126 5113
f 5113 5110 5109
f 5109 5110 5104
f 5086 5084 5083
f 5083 5084 5068
f 5071 5070 5057
f 5071 5057 5058
f 5121 5129 5119
f 5119 5129 5117
f 5112 5111 5116
f 5116 5111 5114
f 5116 5114 5091
f 5092 5091 5073
f 5073 5091 5072
f 5070 5071 5088
f 5070 5088 5069
f 5069 5088 5086
f 5069 5086 5067
f 5076 5082 5077
f 5076 5077 5063
f 5063 5077 5064
f 5082 5076 5081
f 5097 5098 5081
f 5082 5081 5098
f 5122 5123 5106
f 5106 5123 5107
f 5080 5096 5097
f 5075 5076 5062
f 5063 5062 5076
f 5076 5075 5081
f 5081 5075 5080
f 5107 5102 5101
f 5107 5101 5106
f 5101 5102 5096
f 5102 5103 5097
f 5103 5098 5097
f 5097 5081 5080
f 5063 5062 5049
f 5097 5096 5102
f 4992 4995 4994
f 5046 5045 5060
f 5043 5044 5058
f 5044 5059 5058
f 5042 5041 5019
f 5019 5041 5016
f 5041 5040 5016
f 5016 5040 5013
f 5016 5013 5014
f 5016 5014 5017
f 5005 5037 5031
f 5013 5040 5014
f 5040 5038 5014
f 5014 5038 5039
f 5014 5039 5009
f 5030 5031 5036
f 5036 5031 5037
f 5036 5037 5004
f 5004 5037 5005
f 5055 5038 5056
f 5056 5038 5040
f 5056 5040 5041
f 5057 5056 5041
f 5057 5041 5042
f 5058 5057 5042
f 5058 5042 5043
f 5035 5038 5055
f 5035 5055 5053
f 5036 5035 5053
f 5036 5053 5054
f 5036 5039 5038
f 5036 5038 5035
f 5031 5030 5051
f 5031 5051 5052
f 5006 5011 5010
f 5010 5011 5015
f 5052 5047 5031
f 5005 5006 5010
f 5001 5031 5032
f 5027 5032 5031
f 5027 5031 5048
f 5047 5048 5052
f 5052 5048 5031
f 5031 5000 5005
f 5015 4994 5018
f 5018 4994 4996
f 5018 4996 5020
f 5020 4996 4997
f 5020 4997 5022
f 5022 4997 4998
f 5022 4998 4999
f 5022 4999 5024
f 5024 4999 5026
f 5044 5043 5023
f 5023 5043 5021
f 5023 5021 5022
f 5023 5022 5024
f 5060 5059 5044
f 5060 5044 5046
f 5046 5044 5023
f 5046 5023 5025
f 5025 5023 5024
f 5025 5024 5026
f 5004 5005 5009
f 5009 5005 5010
f 5018 5017 5015
f 5009 5039 5036
f 5030 5036 5054
f 5030 5054 5051
f 5004 5009 5036
f 5022 5021 5020
f 5020 5021 5017
f 5043 5042 5019
f 5043 5019 5021
f 5021 5019 5016
f 5021 5016 5017
f 5000 5031 5001
f 5000 5001 5006
f 5000 5006 5005
f 5009 5010 5014
f 5014 5010 5015
f 5018 5020 5017
f 5011 4992 4994
f 5011 4994 5015
f 5014 5015 5017
f 4993 4992 5011
f 5034 5003 5002
f 5034 5002 5033
f 5049 5029 5028
f 5028 5029 5034
f 5028 5034 5033
f 5049 5050 5029
f 5063 5064 5050
f 5050 5049 5063
f 5008 5007 5003
f 5003 5007 5002
f 5012 4993 5011
f 5012 5011 5007
f 5007 5011 5006
f 5062 5063 5048
f 5048 5063 5049
f 5028 5048 5049
f 5028 5033 5032
f 5028 5032 5027
f 5028 5027 5048
f 5006 5001 5007
f 5007 5001 5002
f 5001 5032 5033
f 5002 5001 5033
