v -0.137919716 0.307509750 0.175947785
v -0.138453073 0.309062570 0.171629444
v -0.138962216 0.311058283 0.165819928
v -0.139290951 0.312735736 0.160252973
v -0.139404512 0.314133346 0.155559659
v -0.139556564 0.313398629 0.150932491
v -0.137753136 0.301157713 0.184150130
v -0.138617716 0.304095149 0.176786602
v -0.139175094 0.305419803 0.171544611
v -0.139756552 0.305399507 0.165196165
v -0.139839969 0.307427227 0.159349620
v -0.139906100 0.307184756 0.154760748
v -0.139746345 0.307878107 0.148769319
v -0.137373454 0.296626836 0.190489262
v -0.137861706 0.298160464 0.186761424
v -0.138736598 0.297804624 0.183063284
v -0.139349736 0.299516648 0.177337140
v -0.139886714 0.299513221 0.172099024
v -0.140187151 0.300268590 0.164104462
v -0.140176318 0.301817447 0.159209162
v -0.140192024 0.300928622 0.154031277
v -0.139948241 0.302263200 0.148111895
v -0.139973141 0.300925255 0.141917780
v -0.136126853 0.289451659 0.209946752
v -0.136884473 0.290721476 0.199954495
v -0.137194298 0.292377353 0.196372285
v -0.138177893 0.292532176 0.191029429
v -0.139004520 0.292392403 0.186134741
v -0.139451436 0.293334931 0.181826115
v -0.139960355 0.292797178 0.175822079
v -0.140199087 0.293808490 0.171438888
v -0.140419401 0.294872314 0.164491057
v -0.140510402 0.295431703 0.157959774
v -0.140472970 0.296862781 0.153563887
v -0.140547625 0.296974629 0.148277938
v -0.140635125 0.297260106 0.141524494
v -0.140513233 0.297840148 0.137572110
v -0.140358231 0.297371507 0.132495925
v -0.136940397 0.284660906 0.209425896
v -0.137703291 0.285822958 0.199421093
v -0.138200573 0.286758333 0.195767313
v -0.138898946 0.286971092 0.189910889
v -0.139269821 0.289065152 0.185749695
v -0.139652855 0.287999421 0.181197822
v -0.139973528 0.288318485 0.175787732
v -0.140308700 0.287027508 0.166759118
v -0.140439338 0.289805532 0.163970426
v -0.140623144 0.291676700 0.158041000
v -0.140863619 0.290309876 0.152936876
v -0.140990935 0.291114062 0.148061961
v -0.141012526 0.291831255 0.141655639
v -0.140790708 0.293205857 0.136535376
v -0.140437416 0.294033229 0.132101312
v -0.136270709 0.277992636 0.208587244
v -0.137191332 0.279555619 0.198640287
v -0.138476691 0.282317311 0.195255905
v -0.139016859 0.282185078 0.189341798
v -0.139561839 0.282669604 0.180552244
v -0.139858238 0.283448607 0.174698576
v -0.140174560 0.283480555 0.168084860
v -0.140449859 0.285171986 0.163601220
v -0.140696771 0.286342293 0.158753827
v -0.140946216 0.287419975 0.150617406
v -0.140818737 0.284883648 0.148330420
v -0.140573240 0.287057579 0.141810477
v -0.140313170 0.289264441 0.136034325
v -0.136209167 0.273699939 0.208070680
v -0.137226380 0.274774939 0.198071525
v -0.138374201 0.274509400 0.194320947
v -0.138822041 0.275650650 0.188539818
v -0.139007292 0.275574118 0.184104502
v -0.139171086 0.275764436 0.179696351
v -0.139472089 0.276380181 0.173829705
v -0.140004671 0.277771294 0.167283580
v -0.140453077 0.280135334 0.163001925
v -0.140691675 0.278977394 0.156624839
v -0.140656836 0.278795898 0.150071561
v -0.140619717 0.280848056 0.147881761
v -0.139888606 0.282505751 0.139714494
v -0.136995844 0.268881321 0.207544804
v -0.137657917 0.269419879 0.197459176
v -0.137948013 0.268761396 0.194113895
v -0.138463266 0.270173013 0.188344494
v -0.138545296 0.268902898 0.183262020
v -0.138686217 0.269093424 0.178858563
v -0.138964243 0.269762278 0.173006743
v -0.139783613 0.273813158 0.166089505
v -0.139949403 0.272788763 0.161959767
v -0.140171758 0.272193640 0.156044811
v -0.140477590 0.274899155 0.151000828
v -0.140268362 0.274548680 0.145833075
v -0.139918871 0.275763601 0.140921250
v -0.136102713 0.262946159 0.206779614
v -0.136677525 0.263357490 0.196673289
v -0.137425102 0.264421880 0.192563057
v -0.137743405 0.264182091 0.187073410
v -0.137897483 0.263975561 0.182617724
v -0.138317279 0.265799969 0.178435668
v -0.138520844 0.266268641 0.174056157
v -0.138560198 0.264074326 0.167796880
v -0.139251254 0.265659630 0.160432279
v -0.139615841 0.266565651 0.154458806
v -0.139860011 0.268419653 0.150126383
v -0.139832101 0.269233435 0.145370454
v -0.139584086 0.271219641 0.138346031
v -0.135615981 0.259557784 0.196152523
v -0.136500261 0.260549873 0.192547515
v -0.136746845 0.259479553 0.186436132
v -0.136935047 0.259142697 0.181965679
v -0.137497790 0.260874122 0.177786350
v -0.137707806 0.259741485 0.170233250
v -0.138086713 0.260416776 0.166969419
v -0.138791389 0.261573851 0.160160199
v -0.139102808 0.262090236 0.154572070
v -0.139031387 0.262150794 0.149760500
v -0.139048658 0.264077932 0.145435944
v -0.139095671 0.266121924 0.140718371
v -0.137198261 0.257474750 0.171052262
v -0.134006820 0.320666075 0.165891215
v -0.135365031 0.321587175 0.160619065
v -0.135491736 0.322692156 0.156335250
v -0.136043213 0.323169112 0.150743470
v -0.136285148 0.323655397 0.145211056
v -0.136281169 0.324240685 0.139955685
v -0.136292897 0.324636608 0.134142339
v -0.136019699 0.324829638 0.128331512
v -0.134125821 0.313238978 0.177896336
v -0.135087780 0.316048145 0.172032356
v -0.136493421 0.317553192 0.166268900
v -0.137886218 0.318064868 0.160326794
v -0.138086102 0.319138825 0.156074524
v -0.138264663 0.319774270 0.151072919
v -0.138316623 0.320407212 0.145203933
v -0.138234712 0.321013242 0.139693692
v -0.137835226 0.321399063 0.133717060
v -0.136982269 0.322258472 0.127787605
v -0.136318065 0.321636945 0.122601926
v -0.131693266 0.306802958 0.190382063
v -0.133538402 0.308688730 0.184794679
v -0.136059634 0.310234427 0.177874133
v -0.137400738 0.311834961 0.172196344
v -0.137960620 0.313917696 0.167619839
v -0.139431975 0.315080702 0.149611667
v -0.139340050 0.315120906 0.143571377
v -0.138961605 0.314801782 0.138997301
v -0.138260729 0.315495670 0.133041456
v -0.137383185 0.316467136 0.127127722
v -0.136434338 0.316406578 0.121596120
v -0.130837075 0.299204290 0.210777849
v -0.131759799 0.300340772 0.200780079
v -0.132226966 0.302046329 0.196718141
v -0.134154014 0.303010851 0.191184059
v -0.135976724 0.302989632 0.187228501
v -0.136524177 0.304097921 0.184428111
v -0.137506760 0.306408584 0.178796574
v -0.139332137 0.309509069 0.142899454
v -0.138886757 0.308738410 0.138268307
v -0.138150758 0.310394943 0.132425368
v -0.137282512 0.311382174 0.126513973
v -0.136300988 0.311830640 0.120543957
v -0.133450232 0.295663625 0.210519820
v -0.134469114 0.296509981 0.200493455
v -0.135120145 0.297593623 0.196861312
v -0.136136270 0.299167842 0.191704273
v -0.139479406 0.304604471 0.142323822
v -0.139371447 0.303530008 0.137677416
v -0.138685338 0.304961085 0.131805539
v -0.137841559 0.305907905 0.125883594
v -0.136864311 0.306462735 0.119920120
v -0.132129989 0.290964752 0.209875330
v -0.132761366 0.292160153 0.199866220
v -0.140044562 0.300040841 0.135800481
v -0.139791332 0.299415082 0.130454600
v -0.138903312 0.299832344 0.123706184
v -0.137775935 0.300440580 0.117731929
v -0.136373661 0.301696986 0.111839361
v -0.131862647 0.285132587 0.209161922
v -0.132494024 0.286327988 0.199152812
v -0.140082977 0.294529021 0.129134923
v -0.139158941 0.295411229 0.123185948
v -0.137993536 0.296169221 0.117223643
v -0.136470503 0.295656532 0.111109354
v -0.134278066 0.277549088 0.208408579
v -0.134909443 0.278744519 0.198399469
v -0.139646686 0.286884576 0.134204000
v -0.139150030 0.289142936 0.128435954
v -0.137942559 0.288838804 0.122332968
v -0.136877991 0.289905280 0.116417386
v -0.134357638 0.275148630 0.208126903
v -0.134989015 0.276344061 0.198117793
v -0.139176614 0.281348079 0.134715989
v -0.138303376 0.282077670 0.128741518
v -0.137355543 0.282286525 0.123013504
v -0.136101402 0.283846825 0.115649827
v -0.135614864 0.282383323 0.112787463
v -0.131841949 0.267836124 0.207094863
v -0.132473327 0.269031554 0.197085753
v -0.139162115 0.277237415 0.134524867
v -0.138315521 0.277781755 0.128528774
v -0.137391008 0.278714806 0.122587867
v -0.136134244 0.280297071 0.115225658
v -0.135711349 0.280289173 0.112677664
v -0.130608983 0.261564583 0.206268057
v -0.131240375 0.262759984 0.196258947
v -0.139106847 0.271092296 0.133787140
v -0.138353548 0.271340251 0.127763525
v -0.137482933 0.272098005 0.121807352
v -0.136251501 0.273590446 0.114438117
v -0.135684378 0.272431046 0.111703679
v -0.134270943 0.257251054 0.205983892
v -0.134629197 0.257651895 0.195862651
v -0.135039739 0.256836951 0.192317367
v -0.135742567 0.256734699 0.187526435
v -0.138622857 0.262923896 0.143391311
v -0.138498954 0.264833808 0.137820363
v -0.138279341 0.265992373 0.132802770
v -0.137551717 0.266166270 0.127094284
v -0.136732853 0.266814739 0.121419802
v -0.135687716 0.267585069 0.115450673
v -0.135458089 0.270664185 0.111283444
v -0.131353162 0.252855331 0.205274835
v -0.131884984 0.253752649 0.195223838
v -0.132683239 0.252986252 0.191402540
v -0.134590379 0.253805995 0.185617268
v -0.135122798 0.253578842 0.181180939
v -0.135880105 0.254369110 0.176900432
v -0.136379010 0.254380792 0.171653837
v -0.130975760 0.250390619 0.189473301
v -0.132158376 0.249833778 0.184701875
v -0.132298044 0.248564661 0.180417031
v -0.133693806 0.249176025 0.176147535
v -0.134744934 0.249479607 0.170965850
v -0.131545446 0.245977178 0.175639629
v -0.132424272 0.245309338 0.170322821
v -0.129013873 0.320321232 0.172072232
v -0.130460552 0.322156847 0.166389123
v -0.131151430 0.323734671 0.160748035
v -0.132034607 0.324550688 0.156339228
v -0.132280342 0.325172305 0.151663959
v -0.132822073 0.325662822 0.145173907
v -0.133408449 0.325947493 0.139790431
v -0.133400402 0.326401085 0.134036422
v -0.133780620 0.326530933 0.127352640
v -0.133220128 0.326590538 0.122225061
v -0.132833845 0.326915413 0.117653854
v -0.132202304 0.327052295 0.113668591
v -0.128538399 0.313906819 0.183615252
v -0.130116976 0.316395521 0.178235397
v -0.131845585 0.318599045 0.172854006
v -0.132411010 0.323393553 0.122278243
v -0.133707456 0.323785186 0.116073728
v -0.133218310 0.325470507 0.114478491
v -0.125831410 0.305271894 0.200995043
v -0.127274103 0.306066185 0.197373092
v -0.128337584 0.308560938 0.191857934
v -0.130827106 0.311462432 0.184958175
v -0.135015092 0.317576945 0.114232972
v -0.127485126 0.302210718 0.210925475
v -0.128257989 0.303499490 0.200936437
v -0.130311600 0.303019404 0.198671043
v -0.130794562 0.310586840 0.121704020
v -0.133279807 0.312143505 0.114401639
v -0.133865870 0.310621023 0.112353481
v -0.127169340 0.295685709 0.210126251
v -0.127800717 0.296881139 0.200117141
v -0.130985356 0.306960553 0.120975226
v -0.131144918 0.306401849 0.116079323
v -0.133615888 0.307236612 0.108310595
v -0.131007514 0.303077191 0.119347528
v -0.131006918 0.303243369 0.116481140
v -0.133453525 0.303074956 0.109841011
v -0.135975964 0.296675205 0.108703353
v -0.130868695 0.289861947 0.117931873
v -0.131321690 0.290615439 0.111255839
v -0.133321709 0.290001601 0.106257051
v -0.130468137 0.283990085 0.122911982
v -0.130482472 0.283260763 0.119176187
v -0.133427552 0.284015983 0.112082116
v -0.133614592 0.287467122 0.106889375
v -0.131039924 0.281567097 0.112535618
v -0.129881061 0.270316035 0.120095707
v -0.130336128 0.270415395 0.117897183
v -0.130890212 0.271599382 0.111284554
v -0.127971410 0.256690353 0.205519542
v -0.128602787 0.257885754 0.195510432
v -0.129938997 0.265309364 0.124683827
v -0.129872150 0.267249048 0.120829217
v -0.130274243 0.267888099 0.118013382
v -0.133617870 0.269597948 0.110191621
v -0.132787667 0.268109828 0.107160963
v -0.126741170 0.251090109 0.204773083
v -0.127936705 0.251760602 0.194736868
v -0.129676095 0.250581443 0.192427784
v -0.124607138 0.248125389 0.204284385
v -0.125724330 0.249391571 0.194314376
v -0.127699866 0.248721436 0.190355688
v -0.129434011 0.247319505 0.184247389
v -0.126082613 0.245043218 0.182598412
v -0.127834677 0.244796112 0.179714859
v -0.128772072 0.243693814 0.175039411
v -0.130092643 0.242931768 0.170175388
v -0.127482488 0.241212055 0.169241667
v -0.123990058 0.319315046 0.177230239
v -0.124125212 0.321599662 0.172220245
v -0.124547436 0.323611259 0.166407585
v -0.124752417 0.325082809 0.160809875
v -0.126691207 0.325770110 0.156147882
v -0.126600958 0.326412022 0.151670545
v -0.126298785 0.327177078 0.144189537
v -0.128101713 0.327287406 0.139302984
v -0.127134188 0.328027993 0.132338598
v -0.126845478 0.328640401 0.126421601
v -0.128299780 0.328379691 0.120630659
v -0.129144109 0.327715188 0.117040060
v -0.128834932 0.329032123 0.112150863
v -0.123310528 0.311910510 0.190466106
v -0.124161563 0.315937757 0.183282658
v -0.125688120 0.317761511 0.179408848
v -0.130034722 0.323147029 0.122465566
v -0.129596434 0.324477315 0.116335444
v -0.129586748 0.325191379 0.109934561
v -0.129037014 0.325265557 0.108498126
v -0.122342102 0.305133402 0.210950106
v -0.122745059 0.306594163 0.200958282
v -0.122041843 0.308534890 0.197337806
v -0.124001554 0.310545266 0.192313030
v -0.121987469 0.299842924 0.210295886
v -0.122618853 0.301038325 0.200286776
v -0.130059681 0.310508043 0.122661069
v -0.129443012 0.310986727 0.114650324
v -0.129551343 0.311781317 0.108036734
v -0.128832593 0.311930090 0.106892541
v -0.130378298 0.306757510 0.112983860
v -0.129735924 0.306688726 0.110491991
v -0.130292199 0.306755543 0.103807814
v -0.130379550 0.303845018 0.110520244
v -0.130203418 0.304692000 0.103597507
v -0.130202971 0.291287869 0.108964644
v -0.130028597 0.292044401 0.102062032
v -0.129107244 0.283578992 0.121734552
v -0.128535844 0.284068704 0.118166029
v -0.127878904 0.284341127 0.113753572
v -0.128052130 0.284551442 0.107096933
v -0.128807440 0.270104766 0.121012993
v -0.128434918 0.270912528 0.113723904
v -0.128048270 0.271053076 0.112605691
v -0.127839170 0.271901369 0.105586588
v -0.128774821 0.267540902 0.120976828
v -0.128466650 0.268856496 0.113435864
v -0.128089435 0.268993616 0.112344928
v -0.127864815 0.269845158 0.105300881
v -0.122161984 0.252557874 0.204659522
v -0.122793361 0.253753275 0.194650412
v -0.120279185 0.246811196 0.203854427
v -0.121405199 0.247996956 0.193875358
v -0.121910475 0.246629193 0.189949304
v -0.122496716 0.243964806 0.182252720
v -0.122899234 0.242952764 0.179200143
v -0.123895138 0.241917759 0.175436974
v -0.123137757 0.241002634 0.173054591
v -0.123028002 0.239933014 0.168969691
v -0.118525005 0.319963038 0.177715242
v -0.119516916 0.322483391 0.171529576
v -0.119965135 0.324173123 0.166185677
v -0.119025051 0.325629026 0.160209402
v -0.120942920 0.326322764 0.155851230
v -0.120910651 0.326894283 0.151369035
v -0.120843671 0.327582002 0.143893570
v -0.120812795 0.328047246 0.137932599
v -0.120829328 0.328579664 0.132006705
v -0.122614018 0.329103231 0.126209378
v -0.122632577 0.329750478 0.120327465
v -0.123150415 0.329910129 0.110240579
v -0.122154407 0.327821970 0.107245512
v -0.117194086 0.312560529 0.191336811
v -0.118803314 0.316688716 0.183829099
v -0.123884923 0.326626092 0.109427795
v -0.121999226 0.326585382 0.106790036
v -0.115542493 0.305588573 0.210575551
v -0.116537228 0.307147473 0.200632766
v -0.116912096 0.309886009 0.196687058
v -0.114873669 0.308057219 0.191036269
v -0.116996660 0.301596642 0.210190505
v -0.117628037 0.302792042 0.200181395
v -0.114764615 0.300942838 0.190179706
v -0.121742740 0.311706185 0.104513086
v -0.123122595 0.308741599 0.106631830
v -0.122932039 0.307937682 0.102777019
v -0.121919341 0.307833076 0.100442208
v -0.121252387 0.305282384 0.099959053
v -0.124151557 0.290523767 0.100101277
v -0.121362477 0.291984677 0.098446049
v -0.121497317 0.286666960 0.105908573
v -0.122244328 0.289124787 0.099832021
v -0.121319323 0.269238800 0.103361592
v -0.116447634 0.251193047 0.204136059
v -0.117079019 0.252388477 0.194126949
v -0.114423096 0.247460723 0.203562587
v -0.115465365 0.248277292 0.193534151
v -0.116228043 0.246284619 0.191040725
v -0.116182587 0.245227084 0.187931284
v -0.116348042 0.243173569 0.181767151
v -0.118211231 0.242256403 0.178819999
v -0.118549965 0.241329327 0.175770700
v -0.116484016 0.240709931 0.173586175
v -0.117775954 0.239432707 0.168529898
v -0.115700989 0.318331182 0.181180015
v -0.115160554 0.320788383 0.176035985
v -0.112834103 0.321917444 0.171937436
v -0.113023601 0.323719740 0.166246757
v -0.112824715 0.324983448 0.161317945
v -0.113719686 0.326166064 0.155377030
v -0.114021144 0.326830745 0.150422350
v -0.114773116 0.327578902 0.143510342
v -0.114893957 0.328106701 0.137566328
v -0.115088440 0.328680664 0.131656721
v -0.117256223 0.329281539 0.125893474
v -0.117498636 0.329932928 0.120026536
v -0.115156166 0.329715788 0.116387181
v -0.118134476 0.330078781 0.111025289
v -0.117513395 0.327994674 0.106402114
v -0.109318643 0.311263859 0.195054695
v -0.112538121 0.312369823 0.192936614
v -0.115260943 0.314982444 0.187214449
v -0.115491248 0.316758156 0.184064835
v -0.112574502 0.314539909 0.176272035
v -0.117558881 0.326192141 0.105946235
v -0.112024746 0.305645645 0.210360467
v -0.112328804 0.307231128 0.200377285
v -0.112273394 0.309651971 0.196860448
v -0.114270977 0.308920443 0.193491831
v -0.115161523 0.310137182 0.176180571
v -0.111195236 0.302207440 0.209897503
v -0.111826620 0.303402841 0.199888393
v -0.114598586 0.300604761 0.192321151
v -0.114564463 0.304113030 0.175667524
v -0.117396779 0.313163817 0.103888541
v -0.112557254 0.295421392 0.194436044
v -0.114153988 0.296311468 0.192099541
v -0.114469110 0.298304737 0.175277472
v -0.116954326 0.308223784 0.102314495
v -0.119118876 0.307965696 0.100366637
v -0.111172087 0.293277472 0.194273785
v -0.112461559 0.293412238 0.192533821
v -0.113077930 0.295613140 0.172887743
v -0.115677714 0.305206895 0.101044819
v -0.118436522 0.305320978 0.099871516
v -0.115983910 0.287835568 0.165080994
v -0.116185888 0.290283829 0.162652254
v -0.116566754 0.292161554 0.157047331
v -0.116877518 0.290639997 0.151331171
v -0.115811332 0.283762962 0.166414842
v -0.116983771 0.287818491 0.148515493
v -0.117010809 0.285828888 0.147322997
v -0.116130374 0.290831208 0.099554978
v -0.118233926 0.292377323 0.098288514
v -0.115732140 0.277905971 0.165534303
v -0.116848580 0.278999358 0.147453666
v -0.116959810 0.282147050 0.146789715
v -0.116472765 0.286592275 0.104383446
v -0.118168882 0.285643399 0.103399374
v -0.115788407 0.275081962 0.163545460
v -0.115925162 0.273274988 0.160604402
v -0.116269506 0.272770345 0.154712632
v -0.116646893 0.275594801 0.149519742
v -0.115566186 0.272522181 0.102202103
v -0.117927081 0.272475034 0.101815067
v -0.116087838 0.268729120 0.102264650
v -0.117980897 0.269731164 0.101481937
v -0.109731748 0.251080155 0.203698933
v -0.110363133 0.252275586 0.193689823
v -0.111179090 0.247552469 0.203368917
v -0.111364468 0.248283699 0.193276227
v -0.110288910 0.246289745 0.190671250
v -0.110042512 0.245274335 0.187548459
v -0.111432343 0.243178442 0.181451857
v -0.111612729 0.240961388 0.173800454
v -0.112203880 0.239504933 0.167932495
v -0.110111713 0.320379376 0.171188280
v -0.109925001 0.321930885 0.165463433
v -0.109267711 0.323661506 0.160130456
v -0.108378231 0.324932158 0.155505091
v -0.108618028 0.326066941 0.149877846
v -0.110541462 0.327191442 0.143197551
v -0.109750352 0.327734470 0.137197375
v -0.110097996 0.328396082 0.131306991
v -0.110523313 0.329055279 0.125439748
v -0.111360534 0.327453643 0.122100897
v -0.113955922 0.329141378 0.119395971
v -0.113158456 0.327531815 0.110336080
v -0.114405870 0.327889264 0.107673056
v -0.105913020 0.312612951 0.195000991
v -0.106519885 0.314166099 0.193040118
v -0.107451110 0.315855443 0.175846934
v -0.108663640 0.317844123 0.171407178
v -0.107135206 0.317109078 0.164607763
v -0.106821141 0.319147915 0.161507040
v -0.111723288 0.323483199 0.121477164
v -0.112955078 0.325787514 0.110068351
v -0.114311113 0.325650692 0.107174329
v -0.106221854 0.306830943 0.210135981
v -0.106824345 0.308142900 0.200138971
v -0.106196857 0.308787167 0.197684482
v -0.106174111 0.312214911 0.170096576
v -0.105858743 0.312844813 0.165499508
v -0.105477459 0.301612526 0.209465772
v -0.106108836 0.302807957 0.199456662
v -0.111326776 0.310944498 0.120129056
v -0.112359098 0.312728971 0.108141735
v -0.114004432 0.313033909 0.105399370
v -0.110608696 0.306951582 0.118966326
v -0.112822919 0.306916058 0.116412230
v -0.113284952 0.308070362 0.107137837
v -0.114076904 0.307962000 0.104513802
v -0.106375135 0.293653756 0.192765802
v -0.106622062 0.294121265 0.188851357
v -0.106209993 0.296130985 0.173013240
v -0.112021244 0.303635031 0.117387213
v -0.112735323 0.303657740 0.115828522
v -0.113004654 0.304690003 0.105803952
v -0.113707825 0.304973125 0.103452474
v -0.110319323 0.288963765 0.116533637
v -0.112516566 0.290981829 0.114197694
v -0.113006904 0.290998161 0.104168840
v -0.113597035 0.291466266 0.101919323
v -0.109434000 0.283813030 0.120887995
v -0.110441781 0.283005089 0.119155318
v -0.111445098 0.285886884 0.109867617
v -0.112394563 0.286140442 0.106772922
v -0.109561465 0.270560801 0.119444333
v -0.110214523 0.270750582 0.117437020
v -0.110640406 0.271899372 0.107793026
v -0.111795782 0.272239268 0.104822859
v -0.108938827 0.268537045 0.119366139
v -0.110149614 0.269599646 0.117404401
v -0.111011646 0.268440098 0.107403293
v -0.112091772 0.268757850 0.104626589
v -0.104130774 0.251999080 0.203455374
v -0.104762159 0.253194481 0.193446264
v -0.104205526 0.246891156 0.202850044
v -0.104678720 0.247993946 0.192819893
v -0.104636780 0.246755362 0.189373687
v -0.105342380 0.243993610 0.181166157
v -0.106195188 0.242035016 0.175069824
v -0.106184325 0.241247535 0.172009856
v -0.106235682 0.240333483 0.168078676
v -0.105379886 0.323653460 0.153751329
v -0.103523574 0.324042410 0.148827836
v -0.102971255 0.324874312 0.143668830
v -0.104125760 0.326380700 0.136680827
v -0.104634329 0.327206761 0.130818516
v -0.104879125 0.327742904 0.124923013
v -0.106058642 0.327912301 0.123159245
v -0.100876882 0.312238425 0.194638580
v -0.101236983 0.314139038 0.192617863
v -0.102382287 0.315905184 0.175938413
v -0.104919068 0.317965508 0.158688977
v -0.102683812 0.319343716 0.153116003
v -0.101678252 0.321942538 0.148963630
v -0.100281402 0.305143505 0.209559724
v -0.101019605 0.306546956 0.199582189
v -0.100430577 0.307197779 0.197074309
v -0.098432645 0.310928166 0.192915201
v -0.099783107 0.313298464 0.174413681
v -0.105010412 0.309115648 0.169796795
v -0.105053387 0.311591208 0.163533539
v -0.103723458 0.312661201 0.158866048
v -0.101733833 0.313557267 0.153768182
v -0.100480288 0.299590439 0.208909050
v -0.101111665 0.300785869 0.198899940
v -0.103500634 0.305150956 0.171713650
v -0.104268200 0.305864811 0.168758005
v -0.104367509 0.306096464 0.163858443
v -0.103304378 0.307488054 0.158515036
v -0.101571857 0.309581429 0.153278202
v -0.098100691 0.297538131 0.208513826
v -0.098732076 0.298733532 0.198504716
v -0.098987310 0.297022164 0.192702070
v -0.099074832 0.297187865 0.191314667
v -0.103045075 0.297600806 0.173478976
v -0.103185348 0.300780952 0.168032467
v -0.103962831 0.301031798 0.163585827
v -0.103134877 0.301554292 0.157142982
v -0.101756714 0.302853614 0.152479365
v -0.105991542 0.305288523 0.118091762
v -0.101215325 0.293834955 0.192461967
v -0.100565284 0.294492692 0.189542904
v -0.102439224 0.296249926 0.173300564
v -0.102181210 0.294963062 0.167124391
v -0.103382624 0.295579433 0.162643462
v -0.102967403 0.296410948 0.156984061
v -0.101787634 0.297180444 0.152638823
v -0.106295384 0.303829372 0.117780447
v -0.099225245 0.288951099 0.172551855
v -0.101528711 0.289803982 0.166470081
v -0.102438211 0.289226383 0.161830142
v -0.101891569 0.290598601 0.155966535
v -0.100991204 0.292505980 0.152197734
v -0.098858728 0.283629328 0.174588606
v -0.099689535 0.283401549 0.171358123
v -0.101193144 0.283518851 0.165844664
v -0.101651586 0.284406304 0.160757840
v -0.100717365 0.285405844 0.156128347
v -0.105308852 0.289622486 0.116754197
v -0.099030062 0.280165642 0.171763346
v -0.100264854 0.279486924 0.164852753
v -0.100505545 0.280381173 0.160723001
v -0.100078694 0.282294601 0.156922743
v -0.104283362 0.284067869 0.121563971
v -0.097424760 0.255678087 0.203471750
v -0.098056137 0.256873488 0.193462640
v -0.104885876 0.268041283 0.120542563
v -0.100102871 0.253634542 0.203396618
v -0.100734248 0.254829973 0.193387508
v -0.098845988 0.248708427 0.202729002
v -0.099474891 0.249717101 0.192697421
v -0.099603913 0.248232365 0.188521251
v -0.100183762 0.245528698 0.181028143
v -0.100409820 0.243303448 0.173376322
v -0.099464088 0.242574081 0.168767244
v -0.101081676 0.241688311 0.167633072
v -0.100981525 0.323459029 0.143623739
v -0.101189561 0.324740469 0.136299685
v -0.101562909 0.325484455 0.130418181
v -0.102101422 0.326032490 0.124541789
v -0.102600455 0.326491535 0.122837871
v -0.097279839 0.312931091 0.191795111
v -0.098368055 0.314661831 0.176236317
v -0.100634768 0.320419699 0.147541165
v -0.099317595 0.320802122 0.142053246
v -0.099461138 0.321658432 0.136949450
v -0.099907085 0.322560757 0.131248340
v -0.100758038 0.323354542 0.124735631
v -0.101168185 0.323634148 0.122406259
v -0.096590086 0.308423936 0.193912596
v -0.095244847 0.309045643 0.191631556
v -0.096580184 0.311039299 0.174991265
v -0.100586190 0.314181089 0.150503576
v -0.099508479 0.313794315 0.147135779
v -0.098342537 0.314913929 0.141066149
v -0.098558932 0.316543877 0.136657164
v -0.099143661 0.317879915 0.130855873
v -0.099961526 0.318811893 0.125040412
v -0.100478716 0.318844557 0.121790737
v -0.095350377 0.301768750 0.208845615
v -0.095683820 0.302821636 0.198800683
v -0.095674745 0.303172320 0.195441529
v -0.094407893 0.303807318 0.191038907
v -0.095712601 0.305928826 0.174202725
v -0.100528612 0.308360487 0.149821430
v -0.099537573 0.308125585 0.146505892
v -0.098194911 0.308992773 0.139942095
v -0.098350070 0.308924139 0.135734260
v -0.098935924 0.310146987 0.129917175
v -0.100034482 0.311273962 0.122646317
v -0.100355885 0.311321944 0.120864868
v -0.094984449 0.295642614 0.208090872
v -0.094455547 0.297656655 0.198106334
v -0.094404741 0.298969477 0.194424048
v -0.096135929 0.298323184 0.190235615
v -0.097290217 0.300468355 0.174035907
v -0.100632063 0.301876485 0.149066135
v -0.099369160 0.302968323 0.145239979
v -0.098192803 0.303948134 0.139235914
v -0.100604526 0.306528717 0.118825793
v -0.094704463 0.290270984 0.207431659
v -0.095335841 0.291466415 0.197422549
v -0.094625614 0.292604476 0.183512971
v -0.097539126 0.293046296 0.177280292
v -0.098714373 0.293871373 0.174328595
v -0.100273474 0.297551274 0.148527756
v -0.098960265 0.297348708 0.144640729
v -0.098157197 0.299017638 0.139779493
v -0.098428286 0.300634176 0.133246243
v -0.098881743 0.301337391 0.128858790
v -0.099975921 0.302402020 0.121575288
v -0.093739718 0.285307348 0.206777990
v -0.094371095 0.286502749 0.196768880
v -0.094829298 0.287707299 0.182869226
v -0.097413323 0.288199842 0.177743807
v -0.098683595 0.290465146 0.173789412
v -0.099234901 0.291410416 0.148620889
v -0.098392523 0.292526901 0.145115122
v -0.098151460 0.294358522 0.141189173
v -0.098477244 0.292279035 0.132251427
v -0.093215726 0.278663099 0.205951393
v -0.093847103 0.279858530 0.195942283
v -0.094767890 0.282198280 0.182215631
v -0.097780577 0.283008873 0.176965654
v -0.099226876 0.284351170 0.153496668
v -0.098592243 0.286104977 0.150346547
v -0.098198972 0.287220895 0.143688351
v -0.100577205 0.290511727 0.116733797
v -0.093094669 0.272920191 0.205257863
v -0.093726053 0.274115592 0.195248753
v -0.093856371 0.276824683 0.181248516
v -0.096698768 0.277720898 0.176193208
v -0.098066665 0.277506560 0.171221063
v -0.098583593 0.276285738 0.166151345
v -0.098686896 0.277748883 0.158710435
v -0.098334178 0.279701501 0.154921472
v -0.098102904 0.281990439 0.149458945
v -0.098041504 0.281944960 0.144561559
v -0.098164915 0.283194870 0.137165263
v -0.098348513 0.282751381 0.132796273
v -0.098926819 0.283833414 0.126772508
v -0.099687822 0.284691989 0.121265426
v -0.093185782 0.268902272 0.204783753
v -0.093817159 0.270097673 0.194774643
v -0.093029908 0.272689968 0.179113716
v -0.094353869 0.272634715 0.175536692
v -0.095972463 0.273239195 0.170164898
v -0.097207002 0.273774207 0.164462447
v -0.097656115 0.274895936 0.159783721
v -0.097667455 0.276188612 0.154924020
v -0.097590222 0.276084751 0.148379236
v -0.097676992 0.277161181 0.143966213
v -0.097755104 0.276815444 0.136374652
v -0.097979366 0.276235521 0.131806016
v -0.098695054 0.277972579 0.126065269
v -0.099348284 0.278661638 0.121373333
v -0.093823440 0.263916850 0.204228550
v -0.094454817 0.265112281 0.194219440
v -0.093320280 0.268143356 0.175931022
v -0.095007471 0.268142670 0.170042932
v -0.096010081 0.267853677 0.164026231
v -0.096448257 0.267676711 0.157953605
v -0.096625648 0.268161714 0.151932791
v -0.096759617 0.269227803 0.147506729
v -0.096983410 0.270970553 0.143180102
v -0.097557760 0.271496117 0.129712090
v -0.098127499 0.272880256 0.125427887
v -0.098718538 0.273080677 0.120671727
v -0.094040393 0.257792711 0.203510821
v -0.093903228 0.258532912 0.193398863
v -0.093235120 0.261554301 0.173638090
v -0.094281673 0.260240525 0.167649463
v -0.095067500 0.261212289 0.163152561
v -0.095591902 0.261846393 0.157819331
v -0.095907755 0.262595713 0.151555434
v -0.096090644 0.263337433 0.145371675
v -0.096250630 0.264128536 0.141671568
v -0.096694014 0.266727298 0.135750771
v -0.096788182 0.265193492 0.129866898
v -0.097203045 0.265748411 0.125205025
v -0.098047524 0.268504053 0.120808348
v -0.093954995 0.252266318 0.202845395
v -0.094406992 0.253458023 0.192824528
v -0.093034945 0.254011244 0.189644024
v -0.092724196 0.253222972 0.183951348
v -0.092492461 0.253507733 0.178548887
v -0.092875636 0.255536735 0.173630044
v -0.093733861 0.257377237 0.168685898
v -0.095985025 0.250236928 0.188000500
v -0.094760827 0.249829710 0.182518989
v -0.093845560 0.250048131 0.178215221
v -0.093666419 0.249841496 0.173849449
v -0.093609876 0.250425458 0.168488383
v -0.097178026 0.246179983 0.177961096
v -0.095784343 0.246179268 0.173133343
v -0.095769211 0.245446295 0.168029666
v -0.091170355 0.295392841 0.207820445
v -0.091578751 0.296360910 0.197770119
v -0.091499842 0.296113342 0.195044875
v -0.089679546 0.290628791 0.207157418
v -0.090180858 0.291851342 0.197143346
v -0.090574189 0.292627692 0.193156511
v -0.091141819 0.292177826 0.190015063
v -0.088654354 0.285235316 0.206448600
v -0.089163057 0.286330730 0.196419805
v -0.089607156 0.286283493 0.191870064
v -0.090525641 0.287531346 0.189911202
v -0.089532814 0.278870970 0.205743909
v -0.089917272 0.280051708 0.195717454
v -0.089298322 0.280921847 0.191197529
v -0.090955279 0.282324046 0.188226327
v -0.089687079 0.275342464 0.205332220
v -0.090156785 0.276410550 0.195297703
v -0.089174166 0.276938349 0.190597326
v -0.089928179 0.275455385 0.187727690
v -0.091869450 0.274626076 0.183232754
v -0.088193185 0.268848419 0.204462379
v -0.088698908 0.269681692 0.194402084
v -0.089050814 0.271267444 0.190315753
v -0.090554803 0.272847354 0.184986010
v -0.091998122 0.272424489 0.181195289
v -0.088848896 0.263412267 0.203854486
v -0.089422061 0.264094025 0.193780363
v -0.089242316 0.265913546 0.190911219
v -0.090400226 0.265880764 0.184957236
v -0.091814353 0.266409606 0.180088028
v -0.092662207 0.264910519 0.176988855
v -0.090006545 0.258804917 0.203377247
v -0.090792447 0.259169757 0.193278685
v -0.090605728 0.259343386 0.190100893
v -0.090982131 0.259761900 0.184394404
v -0.091841772 0.259992331 0.179303914
v -0.092519998 0.261620522 0.176579282
v -0.091735720 0.255820990 0.187657282
v -0.091685734 0.256124198 0.183676392
v -0.092092566 0.255659461 0.179280430
v -0.092470869 0.256525695 0.175954446
v -0.126926459 0.322391450 0.118482754
v -0.126773491 0.312415123 0.117281653
v -0.124853364 0.322259218 0.119193695
v -0.124702766 0.312437475 0.118011206
v -0.120648011 0.322538257 0.120001264
v -0.120487995 0.312101990 0.118744783
v -0.117273218 0.322179705 0.120996565
v -0.117658510 0.320475817 0.120515786
v -0.117538116 0.314062864 0.119741604
v -0.117121487 0.312318981 0.119812153
v -0.113429412 0.322595984 0.120037101
v -0.113270863 0.312255591 0.118792161
v -0.111781030 0.322620928 0.119026527
v -0.111626170 0.312520981 0.117810540
v -0.127725519 0.322709709 0.116646834
v -0.127569243 0.312517613 0.115419745
v -0.123930372 0.323135495 0.116081335
v -0.123765051 0.312353075 0.114783175
v -0.121088512 0.323029459 0.117484868
v -0.120922602 0.312208861 0.116182111
v -0.117290891 0.323072731 0.117589086
v -0.117125056 0.312256873 0.116286904
v -0.114531732 0.323235452 0.116447940
v -0.114366412 0.312453061 0.115149781
v -0.110313460 0.322922647 0.117005132
v -0.110157511 0.312752068 0.115780644
v -0.129982702 0.323146254 0.111634232
v -0.129917807 0.320652008 0.111559652
v -0.129838444 0.315667093 0.111037284
v -0.129830427 0.313215017 0.110438555
v -0.129453711 0.323416442 0.113048442
v -0.128677636 0.319422662 0.112406261
v -0.128701835 0.316705614 0.112155005
v -0.129288367 0.312633067 0.111750171
v -0.125290758 0.323469371 0.113295779
v -0.125124856 0.312648773 0.111993030
v -0.112956650 0.323603839 0.113749772
v -0.112790740 0.312783241 0.112447016
v -0.108725800 0.323657066 0.113739975
v -0.109166197 0.319536537 0.112989970
v -0.109203010 0.316980034 0.112567604
v -0.108560286 0.312861741 0.112440266
v -0.108190066 0.323389500 0.112735786
v -0.108147546 0.320848376 0.112370424
v -0.108060382 0.315899134 0.111597240
v -0.108036532 0.313376009 0.111530200
v -0.129897229 0.323381782 0.109688617
v -0.129853017 0.320882887 0.109661527
v -0.129783026 0.315867007 0.109088473
v -0.129744954 0.313450575 0.108492948
v -0.129342861 0.323909163 0.108664609
v -0.128481328 0.319923639 0.108788475
v -0.128544509 0.317089587 0.108368494
v -0.129178635 0.313198239 0.107375063
v -0.125409655 0.323904395 0.109667443
v -0.125243745 0.313083798 0.108364694
v -0.112586021 0.324048102 0.110106863
v -0.112420111 0.313227504 0.108804107
v -0.108663305 0.324214667 0.109497271
v -0.109112374 0.320064992 0.109386884
v -0.109109937 0.317348123 0.109070435
v -0.108496397 0.313328981 0.108186685
v -0.108099914 0.323616922 0.110810772
v -0.108079776 0.321136922 0.110348359
v -0.108005650 0.316161782 0.109667659
v -0.107946552 0.313614726 0.109606549
v -0.127962387 0.324317962 0.105249710
v -0.127798877 0.313653409 0.103965744
v -0.123449981 0.324328065 0.106397942
v -0.123284071 0.313507468 0.105095185
v -0.122402891 0.324455023 0.105476826
v -0.122236981 0.313634425 0.104174078
v -0.115348748 0.324537158 0.105693094
v -0.115182839 0.313716561 0.104390338
v -0.114351287 0.324432969 0.106685452
v -0.114185377 0.313612372 0.105382696
v -0.109708167 0.324530065 0.105511270
v -0.109545834 0.313938409 0.104237676
v -0.127484589 0.324136108 0.102923602
v -0.127441890 0.321132928 0.101306282
v -0.127352036 0.317464620 0.100926362
v -0.127331405 0.314385116 0.101753972
v -0.122448794 0.324333996 0.103070132
v -0.122361145 0.321323216 0.101354368
v -0.122304893 0.317654818 0.100912705
v -0.122295282 0.314321667 0.101864696
v -0.122299186 0.324341923 0.103082508
v -0.122210547 0.321337819 0.101332046
v -0.122154012 0.317650467 0.100888103
v -0.122145458 0.314315528 0.101875372
v -0.115298501 0.324380368 0.103168219
v -0.115191988 0.322148740 0.101745598
v -0.115112699 0.316977024 0.101122968
v -0.115146539 0.314469457 0.101974994
v -0.115143216 0.324244887 0.103049941
v -0.114801652 0.321846664 0.101644635
v -0.114733323 0.317303985 0.101098262
v -0.114995851 0.314633757 0.101892807
v -0.109751403 0.324548304 0.103515863
v -0.110332146 0.321723163 0.101711437
v -0.110362365 0.317409545 0.101205893
v -0.109595648 0.314391106 0.102292508
v -0.116868279 0.321529657 0.100656427
v -0.120521351 0.321483135 0.100564398
v -0.116799026 0.317776471 0.100256398
v -0.120483688 0.317751646 0.100140721
v -0.111274547 0.327303052 0.098657802
v -0.113449238 0.327734262 0.099187925
v -0.116715647 0.327926934 0.099426709
v -0.120413914 0.328336149 0.099327825
v -0.124465405 0.328672409 0.098857082
v -0.126991495 0.327709377 0.098737866
v -0.107715122 0.324064285 0.098429367
v -0.109417103 0.325462520 0.099137284
v -0.112726010 0.325493813 0.099208042
v -0.117001272 0.325691164 0.099799804
v -0.120179422 0.325773150 0.099782802
v -0.124752335 0.325415939 0.098755956
v -0.128196783 0.325251222 0.098363683
v -0.107541538 0.322490484 0.098510966
v -0.109559953 0.322212517 0.099197917
v -0.112277991 0.321762204 0.099221423
v -0.116488195 0.321916699 0.099148333
v -0.120677910 0.321937114 0.098955870
v -0.125035025 0.321153551 0.098701932
v -0.127947747 0.321787298 0.098373078
v -0.107435315 0.318318009 0.097792976
v -0.109726346 0.318155110 0.098665766
v -0.112152084 0.318042070 0.098828733
v -0.116445578 0.317789078 0.098613508
v -0.120606697 0.317667753 0.098457091
v -0.124962404 0.318383783 0.098364763
v -0.127883687 0.317774057 0.097714037
v -0.107575528 0.316165954 0.097610079
v -0.109163105 0.314564049 0.097760126
v -0.112516760 0.314423442 0.097877689
v -0.116898558 0.314336210 0.098489754
v -0.119982950 0.314206779 0.098475933
v -0.124580323 0.314207762 0.097432114
v -0.128183133 0.314236641 0.097215518
v -0.111047774 0.312803566 0.096872158
v -0.113233886 0.312132955 0.097183585
v -0.116517715 0.311784476 0.097321257
v -0.120129495 0.311428428 0.097302131
v -0.124061994 0.311015159 0.096717685
v -0.126749515 0.311912984 0.096853286
v -0.113973684 0.327764183 0.096691534
v -0.118874095 0.329377443 0.095187806
v -0.126139245 0.328279018 0.095336765
v -0.109316333 0.325535357 0.094522037
v -0.112064629 0.327139914 0.096918225
v -0.115824125 0.325305492 0.096550778
v -0.121386393 0.325240761 0.096380249
v -0.128741264 0.324790835 0.095362239
v -0.108143828 0.323009163 0.093932368
v -0.114131234 0.323013365 0.096323304
v -0.115226872 0.323550940 0.096356213
v -0.121929660 0.323472917 0.096150726
v -0.123008429 0.322910070 0.096051149
v -0.129193223 0.322795540 0.095200829
v -0.107267692 0.320623398 0.093546189
v -0.107991851 0.320504218 0.094437219
v -0.114046051 0.317456275 0.095654249
v -0.115124814 0.316893399 0.095554672
v -0.121827609 0.316815376 0.095349185
v -0.122923239 0.317352951 0.095382094
v -0.129093564 0.318133324 0.094315812
v -0.115668080 0.315125555 0.095325150
v -0.121230348 0.315060824 0.095154621
v -0.128671906 0.315493613 0.094677791
v -0.125993169 0.312511504 0.093018547
v -0.113630220 0.328625232 0.092336461
v -0.116552665 0.329115599 0.092359312
v -0.119206450 0.329382926 0.092868745
v -0.124337881 0.329493284 0.092588738
v -0.126641332 0.328792334 0.090679243
v -0.107593230 0.324389815 0.093124568
v -0.109298638 0.326308787 0.092182904
v -0.112037151 0.327628762 0.093208715
v -0.128512203 0.325878948 0.090200171
v -0.107404276 0.322806537 0.093093373
v -0.108169331 0.323401392 0.090809256
v -0.128682181 0.322584182 0.090243720
v -0.107304580 0.319516063 0.092121691
v -0.107942037 0.320919722 0.090996750
v -0.128597408 0.319096237 0.089781649
v -0.107480823 0.317056865 0.092241712
v -0.108469486 0.315387666 0.091715701
v -0.128354489 0.315680444 0.088898718
v -0.110617741 0.313648880 0.090849355
v -0.113150879 0.312750399 0.090002351
v -0.116237811 0.312108099 0.089798383
v -0.118986859 0.311711907 0.090195566
v -0.124065480 0.311722815 0.090449311
v -0.126395203 0.312785059 0.088752106
v -0.110910288 0.328716189 0.086761802
v -0.119269132 0.330180913 0.087983072
v -0.124129272 0.330000311 0.087738864
v -0.125774212 0.329792529 0.087078333
v -0.109115838 0.326598048 0.087703250
v -0.111233755 0.328110307 0.086655870
v -0.129035003 0.324738830 0.088420041
v -0.107376374 0.322593421 0.087848455
v -0.108139917 0.323932558 0.087814637
v -0.128974102 0.323600382 0.088114150
v -0.107318408 0.320592076 0.087393008
v -0.107832938 0.320248663 0.087575495
v -0.128852829 0.319153696 0.087321192
v -0.108500934 0.316207290 0.086305246
v -0.128939620 0.317171961 0.087608643
v -0.110688775 0.314265758 0.085022025
v -0.117559015 0.313597590 0.086250179
v -0.120082273 0.312687695 0.085973367
v -0.123525068 0.312580734 0.085704014
v -0.125591404 0.312476367 0.086650729
v -0.113306619 0.329390556 0.085727639
v -0.116170801 0.329865932 0.085610360
v -0.118626110 0.330031902 0.085735895
v -0.108730740 0.325523585 0.084797353
v -0.112057193 0.328530908 0.086262375
v -0.128826983 0.325415283 0.083966359
v -0.107765391 0.323348999 0.083259009
v -0.128529466 0.322991937 0.083612822
v -0.107601828 0.321008235 0.082743973
v -0.128418207 0.320182860 0.082042687
v -0.110898956 0.316505224 0.084701613
v -0.111312359 0.316598952 0.083870396
v -0.128606721 0.317688823 0.081332818
v -0.112841605 0.313528240 0.083900496
v -0.115889310 0.312948376 0.083592243
v -0.118332855 0.312645763 0.083653063
v -0.111053958 0.329452693 0.081230104
v -0.118528544 0.330107808 0.081627347
v -0.125203318 0.329869300 0.080864690
v -0.126408077 0.329643279 0.082451031
v -0.109097853 0.327306092 0.081378937
v -0.111789598 0.329182237 0.079962045
v -0.128010682 0.327083021 0.081938826
v -0.108154125 0.323773950 0.080052949
v -0.128320760 0.324191362 0.080494724
v -0.107986301 0.321095616 0.079768993
v -0.128255151 0.320116252 0.079940557
v -0.108867548 0.316943914 0.080137953
v -0.112088478 0.317058533 0.079954267
v -0.127846948 0.316480160 0.080655433
v -0.110830247 0.314858973 0.079473078
v -0.124961815 0.314113617 0.078968100
v -0.126010700 0.313846320 0.080293588
v -0.112247727 0.330243737 0.077794753
v -0.116166561 0.330299795 0.078658551
v -0.119080982 0.330908060 0.078480877
v -0.123507134 0.331152022 0.078192234
v -0.125367589 0.330835640 0.078070350
v -0.109676591 0.327883750 0.077779703
v -0.111252777 0.329079419 0.076257817
v -0.108422115 0.324767768 0.077519327
v -0.108264855 0.320733815 0.076870829
v -0.109376296 0.317399859 0.076374821
v -0.112907625 0.316946656 0.075575419
v -0.128232583 0.318688035 0.074581482
v -0.111571587 0.314921081 0.075972229
v -0.119452692 0.313532531 0.076251365
v -0.123404837 0.313551307 0.076065160
v -0.125083193 0.313903749 0.075444981
v -0.112792439 0.330781698 0.074085616
v -0.115782432 0.331423461 0.073856093
v -0.119639873 0.331613541 0.073741414
v -0.123025953 0.331807911 0.073144920
v -0.125948369 0.330698013 0.074816287
v -0.109972424 0.328800261 0.075008035
v -0.111729502 0.328475922 0.074311897
v -0.115072294 0.326801211 0.072280966
v -0.127643413 0.328044474 0.073961250
v -0.111419841 0.326430678 0.072795413
v -0.127853147 0.324951887 0.072769076
v -0.111226811 0.320913196 0.072340883
v -0.127837642 0.321144253 0.072146289
v -0.109792567 0.316976905 0.073583752
v -0.111713565 0.317547113 0.072253861
v -0.127469681 0.317576200 0.072540760
v -0.112538881 0.315165281 0.072275899
v -0.115412294 0.314479262 0.071899429
v -0.119028664 0.314449131 0.071322300
v -0.122677586 0.314128220 0.071017675
v -0.125703073 0.314721316 0.072892919
v -0.113587789 0.331294119 0.070803955
v -0.115941136 0.331335992 0.071398497
v -0.119842208 0.331305563 0.071207173
v -0.122954070 0.331546664 0.070072480
v -0.125900819 0.331412464 0.069414012
v -0.112929522 0.327641129 0.070310198
v -0.115563399 0.328964472 0.071177654
v -0.119752578 0.330005318 0.070256174
v -0.122640542 0.330374300 0.069459483
v -0.127934574 0.327328503 0.068777099
v -0.112265355 0.326791793 0.069776580
v -0.127867318 0.326754987 0.068083577
v -0.127131067 0.321020663 0.068352975
v -0.112389772 0.317127109 0.069231749
v -0.115194290 0.316346228 0.070057988
v -0.122925638 0.316294879 0.067765214
v -0.127781212 0.319420606 0.067304797
v -0.113360538 0.315520763 0.068733469
v -0.115684799 0.315233231 0.069253728
v -0.119518063 0.315047175 0.069304585
v -0.122691497 0.315071106 0.068114631
v -0.125626094 0.315302849 0.067415990
v -0.112070023 0.331796020 0.067353189
v -0.123942278 0.331644624 0.067123041
v -0.125925130 0.331361979 0.066880621
v -0.112159743 0.330572277 0.067009568
v -0.121281966 0.330014825 0.068225607
v -0.124055124 0.330589086 0.066315629
v -0.127047076 0.329411775 0.066720836
v -0.127438105 0.325862646 0.065839753
v -0.124598331 0.321015805 0.065573223
v -0.127191573 0.321312636 0.065350346
v -0.110708542 0.316767514 0.065395132
v -0.124321631 0.316912442 0.065262996
v -0.127076066 0.318035871 0.065137401
v -0.111948951 0.315882236 0.065345399
v -0.123628616 0.315620333 0.065230399
v -0.125660441 0.316008210 0.064827725
v -0.111667752 0.332192332 0.063608989
v -0.117727830 0.332669258 0.065037794
v -0.123778417 0.331999898 0.063510872
v -0.125693224 0.331431836 0.064655222
v -0.111884921 0.331061602 0.063237555
v -0.123422466 0.330930561 0.062857024
v -0.126446015 0.329834014 0.063994378
v -0.126249372 0.326971799 0.063005760
v -0.124750487 0.321268529 0.063454673
v -0.126748092 0.322277397 0.063518152
v -0.110491461 0.317192644 0.061891668
v -0.124367095 0.317036092 0.061425321
v -0.126946151 0.318206161 0.063020371
v -0.111662931 0.316324323 0.061636984
v -0.117463052 0.315396011 0.062958166
v -0.123423106 0.316208035 0.061671872
v -0.125615477 0.316258967 0.062823988
v -0.113018564 0.332460582 0.060696565
v -0.115700989 0.332720041 0.059229631
v -0.119658686 0.332677901 0.059217967
v -0.122227795 0.332264632 0.060324125
v -0.112653121 0.331720680 0.060175546
v -0.115583255 0.331348628 0.059470065
v -0.119589380 0.331275851 0.059152339
v -0.122996009 0.330687970 0.059198119
v -0.119993500 0.327059865 0.057667222
v -0.122616477 0.326906711 0.059092071
v -0.120390854 0.321506977 0.056879822
v -0.122890241 0.322084308 0.057513829
v -0.112221956 0.317585558 0.058407873
v -0.114773198 0.317769021 0.056559071
v -0.119856171 0.317710161 0.056400768
v -0.122206002 0.317499161 0.057854299
v -0.112732544 0.316879481 0.058798935
v -0.115298852 0.316767752 0.057506252
v -0.119088589 0.316692770 0.057367131
v -0.121873251 0.316737831 0.058525197
v -0.116940617 0.332181901 0.057828784
v -0.118621669 0.332157075 0.057821039
v -0.116796657 0.332045138 0.057789791
v -0.120110295 0.331368029 0.057344403
v -0.123007364 0.330511093 0.056419708
v -0.119957335 0.326755732 0.057132386
v -0.122622206 0.327975422 0.056800198
v -0.120529815 0.321798325 0.056244917
v -0.122769787 0.322360039 0.055686735
v -0.116700023 0.317800730 0.056050424
v -0.118298150 0.317776263 0.056050282
v -0.116703882 0.317518860 0.056090146
v -0.117891520 0.317505956 0.056046255
v -0.125749580 0.331650943 0.064526327
v -0.127163670 0.329423040 0.064188018
v -0.127389110 0.325793326 0.063737415
v -0.127330064 0.321872950 0.063265368
v -0.126978620 0.318351746 0.062855825
v -0.125431373 0.316219687 0.062672414
v -0.124375149 0.332333177 0.064675458
v -0.123952992 0.328247458 0.064200960
v -0.123887456 0.323973656 0.063686408
v -0.123821928 0.319699883 0.063171871
v -0.124022319 0.315571010 0.062662005
v -0.125483453 0.331737310 0.063353002
v -0.126619472 0.330042243 0.063185744
v -0.127110920 0.326265156 0.062343478
v -0.127051226 0.322070360 0.061815996
v -0.126428671 0.318094879 0.061748084
v -0.125178739 0.316457182 0.061497614
v -0.124027773 0.332392722 0.062466346
v -0.123768195 0.316058904 0.060607210
v -0.125062860 0.331936359 0.059844997
v -0.126196265 0.330433995 0.059612464
v -0.126654229 0.326674581 0.058826260
v -0.126696429 0.322066903 0.058563873
v -0.126014783 0.318597853 0.058187444
v -0.124835654 0.317118168 0.058060948
v -0.122752100 0.332657218 0.059789076
v -0.122484952 0.316484213 0.057882510
v -0.119504548 0.332930923 0.058520179
v -0.119314424 0.316577226 0.056639798
v -0.115093223 0.332798749 0.058660563
v -0.114810056 0.316793531 0.056842837
v -0.113178789 0.332493633 0.058981705
v -0.112300894 0.331195444 0.058573235
v -0.113229222 0.324641436 0.059497405
v -0.112429328 0.318566203 0.057210241
v -0.112957253 0.317139864 0.057118107
v -0.124685257 0.332295150 0.056058522
v -0.125867768 0.330602020 0.055813100
v -0.126511707 0.327117920 0.055527374
v -0.126489043 0.323124856 0.055161580
v -0.125695191 0.319346219 0.054457948
v -0.124461166 0.317679733 0.054298885
v -0.122694194 0.332729787 0.055811279
v -0.124234519 0.331972092 0.056087527
v -0.124020293 0.318000168 0.054405361
v -0.122634194 0.317412317 0.053797297
v -0.118513002 0.332826078 0.057256814
v -0.117746651 0.316990584 0.055769827
v -0.116672374 0.332787037 0.057730168
v -0.116339780 0.317034572 0.055845749
v -0.112222321 0.332279563 0.057765488
v -0.111184164 0.331427813 0.056558285
v -0.110979430 0.318814337 0.055064887
v -0.111983902 0.317666084 0.055992443
v -0.109375856 0.330077499 0.055044949
v -0.108477637 0.327971041 0.055041391
v -0.108406819 0.323179603 0.054467198
v -0.109223976 0.320517063 0.053914435
v -0.125468060 0.330891699 0.052028246
v -0.126131005 0.327283204 0.051656630
v -0.126122079 0.323777169 0.051183950
v -0.125300675 0.319975168 0.050713938
v -0.122256055 0.333013535 0.052051768
v -0.123506374 0.332337141 0.052280571
v -0.123295299 0.318571091 0.050623197
v -0.122025959 0.318006426 0.050244968
v -0.119071401 0.333082527 0.052249394
v -0.118740387 0.318024307 0.050348215
v -0.114953115 0.333036333 0.052726611
v -0.113973125 0.332679033 0.051855609
v -0.114419102 0.318623215 0.049842883
v -0.114723250 0.318044841 0.050921701
v -0.112891107 0.332860589 0.053050477
v -0.111582420 0.331981838 0.052448422
v -0.111386999 0.319236606 0.050913949
v -0.112666331 0.318200946 0.051285520
v -0.108914449 0.329601765 0.053342514
v -0.108565717 0.327790707 0.053190317
v -0.108532756 0.323400617 0.052604623
v -0.108774840 0.321422696 0.052389052
v -0.125149406 0.331097811 0.048235480
v -0.125861584 0.327739596 0.048031710
v -0.125789791 0.324239582 0.047489047
v -0.124989747 0.320684671 0.046981782
v -0.121942721 0.333411604 0.048397742
v -0.122896127 0.332823902 0.048449967
v -0.122684568 0.319025904 0.046788745
v -0.121714033 0.318496466 0.046602022
v -0.119028411 0.333479404 0.048348170
v -0.117818146 0.333129168 0.048351515
v -0.117600068 0.318906307 0.046639141
v -0.118799201 0.318530440 0.046548378
v -0.114869162 0.333515435 0.048558298
v -0.114907495 0.333020777 0.048510060
v -0.114693470 0.319061905 0.046829470
v -0.114640027 0.318571299 0.046759088
v -0.112893141 0.333242804 0.048662294
v -0.111074365 0.332023591 0.048546135
v -0.110892124 0.320137382 0.047115084
v -0.112672783 0.318871081 0.046931997
v -0.109018906 0.330215216 0.049475025
v -0.108400456 0.328242809 0.049092963
v -0.108410648 0.323987782 0.048445538
v -0.108888879 0.321734965 0.048454039
v -0.124869465 0.331194967 0.044428900
v -0.125380106 0.328486115 0.043319847
v -0.125333793 0.324492127 0.042922959
v -0.124720848 0.321502090 0.043261919
v -0.122062735 0.333804816 0.044972602
v -0.122456796 0.333203524 0.044852842
v -0.122088983 0.319497973 0.043251548
v -0.121649101 0.318897665 0.043244220
v -0.117610581 0.334019095 0.044722203
v -0.117616489 0.333522230 0.044666559
v -0.118216097 0.319351673 0.043115214
v -0.118197440 0.318856180 0.043051004
v -0.114899523 0.333860576 0.045331053
v -0.114937014 0.333366334 0.045277029
v -0.114399246 0.319559485 0.043329537
v -0.114335357 0.319069296 0.043265115
v -0.110763840 0.332104623 0.045210112
v -0.110591426 0.320859760 0.043856278
v -0.109007358 0.330499381 0.045493457
v -0.108597405 0.328898519 0.044997811
v -0.108547352 0.324657381 0.044555921
v -0.108883231 0.322404206 0.044518828
v -0.124591804 0.331640959 0.041744690
v -0.125294826 0.329117298 0.041089106
v -0.125203281 0.324294806 0.040404547
v -0.124430022 0.321707457 0.040568877
v -0.121468446 0.334301054 0.041020650
v -0.122083425 0.333579510 0.041181758
v -0.121836304 0.320029378 0.039528340
v -0.121225781 0.319391787 0.039231945
v -0.117757201 0.334507823 0.040448442
v -0.117920808 0.333996922 0.040528934
v -0.117714993 0.319916636 0.038832672
v -0.117465071 0.319455236 0.038570691
v -0.115215688 0.334388167 0.040890519
v -0.115139387 0.333895922 0.040757380
v -0.114927008 0.320044875 0.039089561
v -0.114954218 0.319528908 0.039159901
v -0.110488980 0.331934184 0.041353650
v -0.109348639 0.329132408 0.040821433
v -0.109287313 0.324908167 0.040306430
v -0.110370501 0.321915150 0.040168636
v -0.109136611 0.330775291 0.041041791
v -0.108865842 0.328911334 0.041115873
v -0.108818724 0.324970126 0.040581375
v -0.109017915 0.323193222 0.040131487
v -0.124279662 0.331975520 0.038510673
v -0.124971367 0.329347879 0.037217464
v -0.124841309 0.324936032 0.036455639
v -0.124129265 0.322166383 0.037329692
v -0.121194414 0.334692419 0.037537772
v -0.121962718 0.333937168 0.038013771
v -0.120325475 0.327442020 0.035332080
v -0.121675111 0.320425719 0.036457077
v -0.120923273 0.319849342 0.035740223
v -0.118676617 0.334703535 0.038620722
v -0.119067497 0.334142238 0.039370682
v -0.118625357 0.327278107 0.036910050
v -0.116534612 0.327214539 0.037704282
v -0.118855394 0.320015967 0.037669398
v -0.118494085 0.319647253 0.036880311
v -0.114285416 0.334527731 0.038976643
v -0.113586343 0.334016770 0.039223779
v -0.113908342 0.327314198 0.037211008
v -0.115547418 0.327229708 0.037703983
v -0.113350145 0.320346445 0.037522111
v -0.114132225 0.319866598 0.037234426
v -0.112147919 0.334867448 0.036613364
v -0.111455410 0.333107859 0.038793910
v -0.111360736 0.329653680 0.037423871
v -0.111271612 0.325073898 0.036854066
v -0.111230909 0.321422458 0.037425075
v -0.111922651 0.320175260 0.034844488
v -0.109009750 0.329437762 0.039550740
v -0.108943350 0.325054079 0.039022103
v -0.124003603 0.332513928 0.033409614
v -0.124642923 0.329889029 0.033272501
v -0.124560750 0.325398743 0.032715771
v -0.123859621 0.322895408 0.032229662
v -0.121171809 0.334998816 0.034683693
v -0.122633352 0.334057838 0.034355830
v -0.120831101 0.327569157 0.034211773
v -0.121026269 0.327765256 0.032558125
v -0.122426211 0.321181715 0.032819755
v -0.120964012 0.320237547 0.032895453
v -0.116164266 0.335162818 0.033648666
v -0.115938998 0.320470631 0.031879786
v -0.111375994 0.335091829 0.034848053
v -0.111150719 0.320399642 0.033079177
v -0.123917713 0.332934886 0.031995270
v -0.124674595 0.330503404 0.031664044
v -0.124606966 0.325585812 0.031071611
v -0.123788706 0.322823197 0.030776579
v -0.121055312 0.335236281 0.032111377
v -0.122391410 0.334606498 0.032274138
v -0.122794657 0.327873200 0.031436399
v -0.120896696 0.327890903 0.031530946
v -0.122272141 0.321213126 0.030656971
v -0.120859592 0.320617288 0.030378602
v -0.119128741 0.335595787 0.029674767
v -0.118903472 0.320903599 0.027905889
v -0.112822703 0.335654110 0.029993527
v -0.112597435 0.320961922 0.028224647
v -0.111516758 0.335431874 0.032005679
v -0.111291490 0.320739686 0.030236799
v -0.117373615 0.335721582 0.028853593
v -0.117148347 0.321029395 0.027084714
v -0.114965133 0.335753351 0.028896354
v -0.114739857 0.321061164 0.027127476
v -0.124847955 0.330625474 0.031221913
v -0.124870478 0.329268157 0.031186024
v -0.124814167 0.326343179 0.030704116
v -0.124783970 0.325256526 0.030672150
v -0.122910916 0.334534496 0.031875174
v -0.123520135 0.333219796 0.031760070
v -0.124197579 0.331301510 0.031491742
v -0.123808562 0.329938024 0.031471897
v -0.123745567 0.325829268 0.030977219
v -0.124136805 0.324629307 0.030685542
v -0.123419850 0.322639883 0.030486997
v -0.122687369 0.321307600 0.030175388
v -0.121571823 0.335044235 0.031857319
v -0.121432125 0.333361894 0.031620968
v -0.121266215 0.322541267 0.030318212
v -0.121250703 0.320862234 0.030041158
v -0.124715909 0.330681980 0.029758424
v -0.124704249 0.328999579 0.029337248
v -0.124657444 0.326378793 0.029022200
v -0.124671764 0.325268418 0.029539119
v -0.122726753 0.334742367 0.030583452
v -0.123185030 0.333701998 0.029459000
v -0.124541185 0.331730485 0.029462852
v -0.124401092 0.324441314 0.028674277
v -0.122971564 0.322623312 0.028085725
v -0.122553363 0.321430296 0.029019618
v -0.121568739 0.335245013 0.030217169
v -0.121695816 0.333764941 0.029294465
v -0.121526069 0.322694004 0.027961567
v -0.121229126 0.321070462 0.028475774
v -0.119641966 0.335622817 0.030067533
v -0.119475275 0.334004879 0.029876061
v -0.119297191 0.322390139 0.028477697
v -0.119228161 0.320815295 0.028186630
v -0.124483376 0.329225332 0.026769107
v -0.124451003 0.327301264 0.026537664
v -0.122390612 0.335215479 0.026724041
v -0.122993632 0.333722413 0.027288180
v -0.123241104 0.331931949 0.026331613
v -0.124405465 0.330472261 0.026273346
v -0.124368138 0.326864570 0.025837719
v -0.123148426 0.325191319 0.025519319
v -0.122834503 0.323196650 0.025996728
v -0.122260123 0.321923703 0.025137987
v -0.121287248 0.335623026 0.027503923
v -0.121656328 0.333822250 0.027533624
v -0.121806964 0.332195044 0.026230820
v -0.121695756 0.324941963 0.025357580
v -0.121491268 0.323057413 0.026237581
v -0.121123142 0.321371973 0.025811628
v -0.118552677 0.335981995 0.028007327
v -0.118027344 0.333508044 0.026997849
v -0.118094362 0.332668692 0.027051793
v -0.117967575 0.324399441 0.026056211
v -0.117930412 0.323409140 0.025697665
v -0.118600033 0.320974499 0.026402595
v -0.116194903 0.336021453 0.028182194
v -0.116136722 0.334189653 0.027960045
v -0.116600170 0.332505465 0.027136030
v -0.116478703 0.324583113 0.026182212
v -0.116024523 0.322811931 0.026527829
v -0.116021983 0.320933402 0.026395364
v -0.114609181 0.335716069 0.027867954
v -0.114560119 0.334064335 0.027379034
v -0.114340491 0.323078483 0.026076436
v -0.114399887 0.321352482 0.026133139
v -0.112263150 0.335327834 0.028711140
v -0.113253123 0.333378196 0.027863907
v -0.112645186 0.331616849 0.027587350
v -0.112537510 0.325469166 0.026873674
v -0.113081641 0.323697984 0.026692824
v -0.112091101 0.321593016 0.027047070
v -0.110887802 0.334725827 0.027821641
v -0.110699385 0.322437137 0.026342137
v -0.124281905 0.328921109 0.024135666
v -0.124307222 0.327863842 0.024658037
v -0.122312463 0.335434765 0.025064878
v -0.123272731 0.334352255 0.024866199
v -0.124085895 0.332068771 0.024401307
v -0.124251440 0.330412507 0.024318986
v -0.124194860 0.327264100 0.023722984
v -0.123977377 0.325240701 0.023840543
v -0.123102925 0.323122859 0.023470556
v -0.122126571 0.322044879 0.023668975
v -0.121358200 0.335832745 0.025430888
v -0.120743475 0.334079146 0.025523983
v -0.120438717 0.331671774 0.024780896
v -0.119960278 0.330914050 0.024519218
v -0.119903020 0.326642156 0.023993319
v -0.120341129 0.325851172 0.024069985
v -0.120578393 0.323312432 0.024227714
v -0.120937250 0.321589291 0.023524716
v -0.118672415 0.335951716 0.025494764
v -0.118594683 0.334036559 0.026130525
v -0.119372077 0.331781238 0.025289768
v -0.119827814 0.330825746 0.024707090
v -0.119764447 0.326692879 0.024209509
v -0.119271635 0.325646967 0.024553075
v -0.118572555 0.323116362 0.024741920
v -0.118475347 0.321514547 0.023758952
v -0.116969860 0.335892946 0.026240163
v -0.116936094 0.333856493 0.026679320
v -0.116507850 0.332594961 0.026565401
v -0.116385795 0.324634403 0.025606984
v -0.116919986 0.323481977 0.025400868
v -0.116762146 0.321497977 0.024470426
v -0.114296384 0.335765928 0.026454125
v -0.115237533 0.334206492 0.026909312
v -0.115066110 0.323026448 0.025563281
v -0.114092603 0.321647346 0.024753798
v -0.112545646 0.335474789 0.026861155
v -0.111666783 0.335188061 0.025993157
v -0.111365206 0.322435707 0.024536030
v -0.112297132 0.321971506 0.024878571
v -0.110378898 0.334302574 0.026600156
v -0.110182136 0.323167562 0.025302060
v -0.122206732 0.335746706 0.022826113
v -0.122932337 0.334311068 0.022809545
v -0.122622504 0.331890225 0.022139298
v -0.123302221 0.330831409 0.021909196
v -0.123305559 0.327106297 0.021448957
v -0.122540660 0.326188326 0.021453602
v -0.122736863 0.323615521 0.021524046
v -0.121992550 0.322268069 0.021312624
v -0.120524614 0.336029291 0.022831514
v -0.121856026 0.333464563 0.023268212
v -0.121695682 0.332160145 0.022576507
v -0.121571838 0.325646698 0.021965327
v -0.121717206 0.324410826 0.022178181
v -0.120510600 0.321968526 0.021282269
v -0.119050450 0.336117357 0.023518020
v -0.118768565 0.321824402 0.021852318
v -0.116529278 0.336212456 0.023444375
v -0.116363614 0.321865767 0.021646786
v -0.114559963 0.335981548 0.024094781
v -0.114364817 0.321988732 0.022409808
v -0.112891591 0.335664898 0.024758911
v -0.112730555 0.322182447 0.023106104
v -0.122056588 0.335976958 0.021233952
v -0.123005673 0.334892124 0.021036448
v -0.122589126 0.331693172 0.021389153
v -0.122739948 0.330954909 0.021175297
v -0.122676677 0.327192664 0.020722723
v -0.122447378 0.326579332 0.020816358
v -0.122784867 0.323448747 0.019661853
v -0.121918953 0.322488934 0.019605257
v -0.120721153 0.336106360 0.021416847
v -0.120863318 0.335849673 0.020495627
v -0.121836364 0.331406265 0.021588575
v -0.121761321 0.331163555 0.021553470
v -0.121698327 0.327054799 0.021058790
v -0.121765866 0.326808542 0.021035025
v -0.120681352 0.322762161 0.019056372
v -0.120514437 0.322285354 0.019827809
v -0.118735469 0.336394489 0.021127716
v -0.118499964 0.322146654 0.019505873
v -0.116502635 0.336420447 0.021196704
v -0.116248324 0.322187364 0.019545615
v -0.114009938 0.336082041 0.021620190
v -0.113803006 0.322487622 0.020039294
v -0.121853351 0.336205959 0.018890176
v -0.122769541 0.335165441 0.018444112
v -0.123543627 0.333008736 0.018304804
v -0.123815543 0.330175221 0.018460698
v -0.123752526 0.328011483 0.018202102
v -0.123435012 0.325857580 0.017529987
v -0.122609235 0.323863655 0.017125841
v -0.121749102 0.322898597 0.017065030
v -0.120662860 0.336445481 0.018989522
v -0.120576217 0.335997641 0.018749742
v -0.120288073 0.323144436 0.016648887
v -0.120561525 0.322567552 0.017348703
v -0.118439353 0.336549133 0.019284317
v -0.118296071 0.322526604 0.017271161
v -0.116418957 0.336625069 0.019006334
v -0.116196632 0.322508216 0.017351571
v -0.114364899 0.336364567 0.019123431
v -0.114213757 0.322756678 0.017769376
v -0.121630705 0.336360395 0.016759096
v -0.122596166 0.335298985 0.016570980
v -0.123404525 0.332925171 0.016235044
v -0.123592145 0.330442101 0.015923848
v -0.123533412 0.328398556 0.015679218
v -0.123235568 0.326127261 0.015420244
v -0.122378267 0.324128866 0.015228977
v -0.120507679 0.336737663 0.016797353
v -0.120055325 0.336250454 0.016500900
v -0.119808591 0.323416144 0.014640651
v -0.120467863 0.322826445 0.015359150
v -0.118016101 0.336727321 0.017184336
v -0.117802031 0.322802722 0.015507335
v -0.116068623 0.336761922 0.017435523
v -0.115874431 0.322801560 0.015508884
v -0.114603914 0.336620092 0.016987639
v -0.114316291 0.322968006 0.016026834
v -0.122210740 0.335618347 0.014037727
v -0.123124696 0.333629757 0.014265087
v -0.123306035 0.331174433 0.013441614
v -0.123271748 0.328804582 0.013156187
v -0.123029224 0.326509774 0.013320822
v -0.122103765 0.324547410 0.012701183
v -0.120278209 0.336936980 0.014354250
v -0.120080232 0.336383939 0.014524695
v -0.120142422 0.323649585 0.013116456
v -0.120095684 0.323178738 0.012891448
v -0.118172004 0.336824566 0.014946309
v -0.117962851 0.323235333 0.013309785
v -0.115764900 0.336908758 0.014894239
v -0.115532405 0.323257744 0.013166620
v -0.114862359 0.336756438 0.015744805
v -0.114644914 0.323204905 0.014159219
v -0.122053481 0.335599124 0.012046084
v -0.122774667 0.333914399 0.011683772
v -0.122982233 0.331722051 0.011273536
v -0.122930943 0.329071313 0.010827210
v -0.122683249 0.326858252 0.010773820
v -0.121863707 0.324918568 0.010808744
v -0.119814783 0.337051809 0.012236717
v -0.119970373 0.336559445 0.012228427
v -0.120005547 0.324111730 0.010819751
v -0.119717009 0.323579520 0.010928470
v -0.117609843 0.336941272 0.012529247
v -0.118096358 0.336803436 0.011917230
v -0.117918230 0.323983997 0.010358389
v -0.117422230 0.323718190 0.010922309
v -0.116246126 0.336988270 0.013098040
v -0.116099469 0.323580712 0.011425628
v -0.121617369 0.335682809 0.010208217
v -0.122362866 0.333852261 0.009653558
v -0.122616767 0.331774771 0.009475013
v -0.122573993 0.329446793 0.009143976
v -0.122262164 0.327248126 0.008860054
v -0.121457062 0.325357258 0.008974542
v -0.119392268 0.337098479 0.011101883
v -0.119883499 0.336609364 0.010319873
v -0.119690023 0.324529618 0.008766550
v -0.119185514 0.323877215 0.009484255
v -0.118403643 0.336624593 0.011050819
v -0.118222735 0.324345767 0.009570310
v -0.121169082 0.335248351 0.008531505
v -0.121526174 0.333829343 0.007824942
v -0.121798075 0.331931800 0.007380429
v -0.121763676 0.329850644 0.007104306
v -0.121432967 0.327724248 0.007091664
v -0.121030151 0.326189578 0.007443538
v -0.119528792 0.335934043 0.008253933
v -0.119931459 0.334696531 0.007100125
v -0.119906924 0.327130198 0.006205054
v -0.119277506 0.325704515 0.006923301
v -0.120856806 0.331928849 0.006139601
v -0.120826721 0.330233634 0.005911646
v -0.119110546 0.334094763 0.006311585
v -0.119671597 0.332332969 0.005695507
v -0.119643755 0.329998612 0.005387568
v -0.119014233 0.327923536 0.005556335
v -0.118595726 0.333662838 0.005924155
v -0.118514358 0.332186013 0.005370239
v -0.118480503 0.330008984 0.005105135
v -0.118510804 0.328539163 0.005266567
v -0.116093911 0.336971402 0.012996511
v -0.116949371 0.336984336 0.012071354
v -0.114556081 0.336717576 0.015156597
v -0.115199997 0.336861104 0.014643484
v -0.114248864 0.336510211 0.017377408
v -0.113961033 0.336235642 0.019582327
v -0.113485500 0.335994571 0.021232665
v -0.112787991 0.335648388 0.024548221
v -0.114003769 0.335410237 0.009133702
v -0.115740954 0.335566044 0.008662641
v -0.117747507 0.335636556 0.008595710
v -0.118970371 0.335508823 0.008638573
v -0.111911475 0.335243762 0.011228788
v -0.113494895 0.335806251 0.010446540
v -0.115861303 0.336507052 0.010523453
v -0.117927186 0.336518049 0.010491589
v -0.119086265 0.336140841 0.009981880
v -0.111497521 0.335347831 0.013042711
v -0.113625347 0.336390853 0.012780710
v -0.115712471 0.336873025 0.012220492
v -0.117327250 0.336917967 0.011686936
v -0.110347315 0.334506512 0.014991261
v -0.111304372 0.335309893 0.014831607
v -0.113436326 0.336415350 0.014799055
v -0.110291890 0.334423900 0.017398041
v -0.111489765 0.335394353 0.017436258
v -0.113176010 0.336217970 0.017391294
v -0.110044404 0.334068269 0.019443342
v -0.111905872 0.335483432 0.019660518
v -0.110313534 0.334304482 0.021765767
v -0.111638948 0.335272074 0.021741653
v -0.110290594 0.334211141 0.023889074
v -0.111629985 0.335214168 0.023968680
v -0.110237173 0.334131777 0.025856324
v -0.111618846 0.335171640 0.025412181
v -0.115528493 0.333526522 0.006681304
v -0.117605782 0.333496243 0.006528771
v -0.118683881 0.333203614 0.006478594
v -0.111749701 0.333609790 0.008837934
v -0.113271109 0.334172428 0.008157470
v -0.115446515 0.334464431 0.007464266
v -0.117759629 0.334583312 0.007377063
v -0.118801876 0.334294647 0.007258479
v -0.109820015 0.332871109 0.011236023
v -0.111055768 0.334029794 0.010354545
v -0.112326152 0.334909618 0.009805917
v -0.109794825 0.333452106 0.012673574
v -0.110555432 0.334423065 0.012370684
v -0.109648786 0.333433330 0.014404131
v -0.109505504 0.333161592 0.017041774
v -0.109384946 0.332867682 0.019273920
v -0.109349325 0.332732022 0.021454256
v -0.109276681 0.332531393 0.023496686
v -0.108894519 0.331337184 0.025459087
v -0.109249040 0.332519650 0.025546618
v -0.113645739 0.331925869 0.006597248
v -0.115436591 0.332326651 0.006183070
v -0.117652535 0.332236111 0.006008163
v -0.118626400 0.332153261 0.006087119
v -0.111367463 0.331660897 0.008138680
v -0.112687267 0.332042307 0.007190998
v -0.109615668 0.331425816 0.010656916
v -0.110345847 0.331826419 0.009448173
v -0.109013140 0.331080407 0.012686427
v -0.108951218 0.331300706 0.014222072
v -0.108902543 0.331154644 0.017042730
v -0.108802862 0.330567658 0.020775545
v -0.108703687 0.329787761 0.023728395
v -0.108713909 0.330021679 0.025052946
v -0.113648265 0.329978764 0.006362015
v -0.115450322 0.329861343 0.005859521
v -0.117614522 0.329928339 0.005718968
v -0.118592865 0.329831749 0.005820807
v -0.111389346 0.329788774 0.007903636
v -0.112679779 0.329632163 0.006920146
v -0.109600603 0.329469264 0.010459901
v -0.110335469 0.329350859 0.009172920
v -0.109001152 0.329280317 0.012540856
v -0.108946241 0.328674227 0.013891716
v -0.108876347 0.328305721 0.016675157
v -0.108778349 0.327904046 0.020544030
v -0.108695857 0.327929765 0.023162771
v -0.108685448 0.327536613 0.024749096
v -0.115581154 0.328498572 0.006045014
v -0.117528900 0.328480989 0.005925357
v -0.118623845 0.328559875 0.005990970
v -0.111663669 0.327999473 0.008162473
v -0.113169856 0.327568680 0.007362403
v -0.115121498 0.327439904 0.006626569
v -0.117646641 0.327219754 0.006491224
v -0.118710540 0.327362895 0.006519675
v -0.109748482 0.328205973 0.010674359
v -0.110951848 0.327252746 0.009538618
v -0.112197056 0.326490253 0.008792262
v -0.109700515 0.327301472 0.011933065
v -0.110432527 0.326407611 0.011405656
v -0.109548821 0.326913476 0.013619171
v -0.109404221 0.326555759 0.016246460
v -0.109284475 0.326315105 0.018485017
v -0.109245031 0.325930506 0.020635383
v -0.109171062 0.325642824 0.022667330
v -0.108818024 0.326348245 0.024858439
v -0.109136327 0.325168639 0.024661584
v -0.113861210 0.326113015 0.008014356
v -0.115559622 0.325976580 0.007560552
v -0.117598116 0.325908393 0.007425144
v -0.118809990 0.326034367 0.007441577
v -0.111767299 0.325840712 0.010096699
v -0.113335825 0.325432330 0.009197564
v -0.115598276 0.324677229 0.009102061
v -0.117716267 0.324557424 0.009117251
v -0.118959799 0.325102478 0.008596314
v -0.111343785 0.325321734 0.011835610
v -0.113440051 0.324306875 0.011325845
v -0.115458533 0.323915064 0.010677383
v -0.117116473 0.323939621 0.010133798
v -0.110212452 0.325711012 0.013932319
v -0.111145362 0.324939907 0.013583105
v -0.113243035 0.323809862 0.013281409
v -0.110150791 0.325221777 0.016290145
v -0.111318640 0.324234217 0.016092625
v -0.112979374 0.323394239 0.015847368
v -0.109906725 0.325089216 0.018362302
v -0.111723765 0.323607355 0.018230688
v -0.110160142 0.324300647 0.020561349
v -0.111455783 0.323326796 0.020303493
v -0.110132306 0.323888093 0.022646224
v -0.111440472 0.322854847 0.022480670
v -0.110109083 0.323467612 0.024575718
v -0.111442260 0.322546005 0.023879902
v -0.115782938 0.323608100 0.011469260
v -0.116712808 0.323789865 0.010514450
v -0.114351838 0.323397726 0.013552946
v -0.114977240 0.323354095 0.013067248
v -0.114015839 0.323066473 0.015891062
v -0.113715395 0.322832257 0.018042991
v -0.113341562 0.322658867 0.019707004
v -0.112503617 0.322275490 0.022995127
v -0.125784315 0.302398890 0.114837565
v -0.125631347 0.292422563 0.113636456
v -0.123597845 0.302331299 0.115025856
v -0.123447254 0.292509586 0.113843359
v -0.119332171 0.302736670 0.114791989
v -0.119172155 0.292300373 0.113535501
v -0.115807764 0.302482247 0.114941306
v -0.116247318 0.300764561 0.114568248
v -0.116128101 0.294352233 0.113788784
v -0.115655384 0.292621583 0.113756679
v -0.112324111 0.303001553 0.113080345
v -0.112165562 0.292661160 0.111835413
v -0.110970511 0.303066373 0.111700997
v -0.110815651 0.292966425 0.110485002
v -0.127012677 0.302680731 0.113249451
v -0.126856401 0.292488635 0.112022370
v -0.123481221 0.303211004 0.111782536
v -0.123315900 0.292428583 0.110484377
v -0.120382442 0.303196698 0.112456851
v -0.120216533 0.292376101 0.111154094
v -0.116675324 0.303349584 0.111639209
v -0.116509489 0.292533726 0.110337026
v -0.114280067 0.303582996 0.109864406
v -0.114114746 0.292800605 0.108566254
v -0.110044896 0.303395301 0.109384559
v -0.109888955 0.293224722 0.108160064
v -0.130426905 0.303015858 0.108931787
v -0.130308247 0.300524026 0.108844049
v -0.130210153 0.295539767 0.108318664
v -0.130274645 0.293084621 0.107736111
v -0.129579864 0.303311408 0.110175967
v -0.128864347 0.299336940 0.109365635
v -0.128868222 0.296618551 0.109128065
v -0.129414535 0.292528003 0.108877696
v -0.125484101 0.303485453 0.109408811
v -0.125318199 0.292664856 0.108106054
v -0.113415814 0.303976715 0.106865279
v -0.113249905 0.293156117 0.105562530
v -0.109316386 0.304151118 0.105832197
v -0.109803005 0.300014317 0.105211563
v -0.109865240 0.297454804 0.104810990
v -0.109150864 0.293355793 0.104532488
v -0.109031714 0.303891718 0.104728259
v -0.109003670 0.301350266 0.104363807
v -0.108959719 0.296400070 0.103593163
v -0.108878180 0.293878227 0.103522681
v -0.130821473 0.303239584 0.107023261
v -0.130711234 0.300742835 0.106986612
v -0.130633599 0.295726985 0.106414311
v -0.130669198 0.293308347 0.105827585
v -0.130547039 0.303775162 0.105895482
v -0.129563636 0.299816966 0.105807766
v -0.129642657 0.296979308 0.105415925
v -0.130382813 0.293064237 0.104605928
v -0.126489691 0.303890437 0.105916962
v -0.126323789 0.293069839 0.104614213
v -0.113950431 0.304404885 0.103240870
v -0.113784521 0.293584287 0.101938114
v -0.110298238 0.304679394 0.101700336
v -0.110637739 0.300517857 0.101702422
v -0.110631547 0.297799915 0.101395153
v -0.110131330 0.293793678 0.100389749
v -0.109416514 0.304107606 0.102838598
v -0.109435453 0.301625907 0.102385372
v -0.109381019 0.296650082 0.101707622
v -0.109263151 0.294105411 0.101634376
v -0.130046047 0.304198474 0.102247998
v -0.129882536 0.293533891 0.100964032
v -0.125392228 0.304346293 0.102270417
v -0.125226326 0.293525696 0.100967668
v -0.124603189 0.304496497 0.101123326
v -0.124437287 0.293675900 0.099820577
v -0.117711722 0.304782361 0.099626541
v -0.117545813 0.293961763 0.098323792
v -0.116501256 0.304714054 0.100348115
v -0.116335347 0.293893456 0.099045366
v -0.112284853 0.304935634 0.098085485
v -0.112122125 0.294343978 0.096811861
v -0.130139775 0.304013431 0.099875420
v -0.130400635 0.301001012 0.098296210
v -0.130296863 0.297334135 0.097906329
v -0.129985652 0.294262588 0.098704770
v -0.125226124 0.304356664 0.098799251
v -0.125466972 0.301337212 0.097113647
v -0.125410728 0.297668815 0.096671991
v -0.125072605 0.294344336 0.097593814
v -0.125078268 0.304368973 0.098775059
v -0.125326745 0.301355988 0.097055554
v -0.125270210 0.297668636 0.096611612
v -0.124924532 0.294342577 0.097567931
v -0.118268921 0.304608673 0.097164541
v -0.118443630 0.302370727 0.095758706
v -0.118364341 0.297199011 0.095136076
v -0.118116959 0.294697791 0.095971309
v -0.118142910 0.304476857 0.097012229
v -0.118080533 0.302079260 0.095566347
v -0.118012040 0.297536552 0.095020279
v -0.117995545 0.294865727 0.095855087
v -0.112809859 0.304938108 0.096159816
v -0.113725893 0.302084386 0.094549865
v -0.113749876 0.297768146 0.094067231
v -0.112654216 0.294780910 0.094936475
v -0.120314493 0.301695943 0.095107526
v -0.123878374 0.301544040 0.095902026
v -0.120233058 0.297943473 0.094703123
v -0.123833939 0.297812194 0.095482320
v -0.115543372 0.307612598 0.091814205
v -0.117537095 0.307985127 0.092854641
v -0.120653033 0.308085829 0.093876556
v -0.124275892 0.308388144 0.094675288
v -0.128329098 0.308604687 0.095198669
v -0.130779407 0.307568789 0.095694259
v -0.112050637 0.304475605 0.090731844
v -0.113571502 0.305829614 0.091830313
v -0.116764530 0.305766553 0.092699490
v -0.120773710 0.305845588 0.094307967
v -0.123862638 0.305836290 0.095060356
v -0.128535516 0.305340677 0.095170394
v -0.131966166 0.305074424 0.095623113
v -0.111816003 0.302908063 0.090769239
v -0.113599270 0.302577376 0.091924138
v -0.116216406 0.302049518 0.092604585
v -0.120321996 0.302082717 0.093552224
v -0.124432623 0.301981628 0.094379097
v -0.128696687 0.301071644 0.095186934
v -0.131619922 0.301619232 0.095572442
v -0.111763201 0.298735231 0.090047427
v -0.113769329 0.298513085 0.091448590
v -0.116079225 0.298331767 0.092193589
v -0.120287924 0.297954232 0.093023524
v -0.124357893 0.297712535 0.093878478
v -0.128625869 0.298302740 0.094842575
v -0.131598464 0.297604769 0.094918013
v -0.111879765 0.296578765 0.089904174
v -0.113335847 0.294933140 0.090434060
v -0.116555869 0.294697315 0.091359504
v -0.120655052 0.294488996 0.093013495
v -0.123646020 0.294271082 0.093746312
v -0.128357320 0.294132680 0.093845755
v -0.131904817 0.294056714 0.094507217
v -0.115326396 0.293112963 0.090028673
v -0.117351494 0.292382240 0.090859823
v -0.120492778 0.291940778 0.091787912
v -0.123989835 0.291481197 0.092643201
v -0.127932950 0.290951133 0.093027569
v -0.130533270 0.291772544 0.093809217
v -0.118650309 0.307981819 0.090559289
v -0.123814411 0.309442967 0.090285584
v -0.130792163 0.308137864 0.092187926
v -0.114591985 0.305871695 0.087327778
v -0.116725489 0.307414204 0.090317465
v -0.120406314 0.305470139 0.090870716
v -0.125840313 0.305244774 0.092050955
v -0.133206449 0.304576784 0.092842624
v -0.113522693 0.303375900 0.086472295
v -0.118751644 0.303225905 0.090240747
v -0.119822203 0.303732067 0.090537675
v -0.126370429 0.303460449 0.091959916
v -0.127424120 0.302866191 0.092124365
v -0.133624799 0.302568227 0.092795618
v -0.112695783 0.301013470 0.085885942
v -0.113179124 0.300880075 0.086925715
v -0.118666454 0.297668785 0.089571700
v -0.119720153 0.297074527 0.089736141
v -0.126268371 0.296802908 0.091158383
v -0.127338938 0.297309071 0.091455311
v -0.133604280 0.297904462 0.091913402
v -0.120250262 0.295290202 0.089645103
v -0.125684261 0.295064807 0.090825342
v -0.133029721 0.295280635 0.092162967
v -0.130744732 0.292364508 0.089905329
v -0.119395807 0.308820605 0.086250380
v -0.122239172 0.309227169 0.086979516
v -0.124697714 0.309422016 0.088115819
v -0.129745505 0.309383184 0.089085564
v -0.132420591 0.308602631 0.087790169
v -0.113224863 0.304765880 0.085555099
v -0.115163355 0.306628227 0.085053749
v -0.117610335 0.307876587 0.086711451
v -0.134264774 0.305633396 0.087778345
v -0.113002315 0.303188443 0.085479334
v -0.114314265 0.303744495 0.083448082
v -0.134321652 0.302335501 0.087862156
v -0.113043278 0.299895227 0.084512830
v -0.113975077 0.301271766 0.083575346
v -0.134248010 0.298848122 0.087393768
v -0.113112456 0.297432929 0.084672250
v -0.114149160 0.295732260 0.084401272
v -0.134124897 0.295434386 0.086478747
v -0.116390764 0.293926358 0.084080637
v -0.119025826 0.292949498 0.083871752
v -0.122050076 0.292217463 0.084420756
v -0.124608531 0.291745543 0.085471272
v -0.129473097 0.291612744 0.086946160
v -0.132174454 0.292595357 0.085862860
v -0.118108585 0.308948904 0.080183282
v -0.125963568 0.310182273 0.083390340
v -0.130730993 0.309860677 0.084329233
v -0.132479958 0.309601009 0.084086314
v -0.116077899 0.306889981 0.080662906
v -0.118430003 0.308333248 0.080158830
v -0.135168574 0.304465801 0.086177722
v -0.114237285 0.302938014 0.080383502
v -0.115025609 0.304254442 0.080535233
v -0.135149799 0.303327382 0.085866340
v -0.114232018 0.300935894 0.079927824
v -0.114676758 0.300579250 0.080229416
v -0.135092414 0.298880339 0.085068189
v -0.115512266 0.296511233 0.079159051
v -0.135048486 0.296899080 0.085368358
v -0.117887072 0.294498473 0.078443520
v -0.124233566 0.293642610 0.081297398
v -0.126720823 0.292658776 0.081639387
v -0.130121849 0.292451173 0.082210973
v -0.131893910 0.292294562 0.083629489
v -0.120702750 0.309546739 0.079759493
v -0.123523048 0.309938967 0.080338575
v -0.125878929 0.310035378 0.081054375
v -0.116375334 0.305805862 0.077750310
v -0.119336232 0.308727205 0.079976186
v -0.136063821 0.305115461 0.081805930
v -0.115746758 0.303648710 0.076024406
v -0.135789088 0.302699178 0.081391245
v -0.115643441 0.301309884 0.075485408
v -0.135977797 0.299883068 0.079841204
v -0.118234649 0.296728581 0.078183174
v -0.118839375 0.296804368 0.077476650
v -0.136258520 0.297379553 0.079198360
v -0.120224445 0.293691397 0.077876240
v -0.123237714 0.293022186 0.078314558
v -0.125583976 0.292650104 0.078964777
v -0.119607396 0.309640646 0.074850574
v -0.126780085 0.310084105 0.077044263
v -0.133431129 0.309648842 0.077919133
v -0.134209282 0.309399933 0.079749845
v -0.117610752 0.307552159 0.074522026
v -0.120619520 0.309340000 0.073798195
v -0.135811738 0.306791127 0.079640917
v -0.116911642 0.304038972 0.073007584
v -0.136376164 0.303881317 0.078315116
v -0.116738334 0.301364571 0.072691813
v -0.136326022 0.299805850 0.077762082
v -0.117381013 0.297192097 0.073263563
v -0.120552703 0.297212988 0.073864564
v -0.135649703 0.296188265 0.078357451
v -0.119383692 0.295046955 0.073093563
v -0.133189536 0.293893158 0.076022550
v -0.133878387 0.293605566 0.077562459
v -0.121619336 0.310372114 0.071805976
v -0.125212870 0.310322136 0.073592201
v -0.128100432 0.310845286 0.074124813
v -0.132470242 0.310960144 0.074915536
v -0.134294755 0.310589671 0.075247414
v -0.119059510 0.308086783 0.071169645
v -0.120991594 0.309225649 0.070074141
v -0.117813639 0.305006206 0.070613928
v -0.117698624 0.300973803 0.069947183
v -0.118797913 0.297605842 0.069735244
v -0.122402764 0.297045767 0.069813989
v -0.137557826 0.298339844 0.072556935
v -0.120951115 0.295062304 0.069876052
v -0.128486186 0.293450475 0.072053768
v -0.132364831 0.293354571 0.072829239
v -0.134153015 0.293654233 0.072633483
v -0.123060494 0.310867190 0.068338744
v -0.126034892 0.311421305 0.068839319
v -0.129809461 0.311499894 0.069661260
v -0.133243508 0.311592758 0.069901660
v -0.135640866 0.310411781 0.072230548
v -0.120043784 0.308974206 0.068551764
v -0.121906675 0.308594555 0.068301447
v -0.125590339 0.306809962 0.067139797
v -0.137413121 0.307704568 0.071811348
v -0.121912568 0.306548059 0.066755362
v -0.137813366 0.304598659 0.070705742
v -0.121672078 0.301035196 0.066268377
v -0.137836314 0.300788581 0.070098214
v -0.119864083 0.297150820 0.067127854
v -0.122065655 0.297656029 0.066302150
v -0.137278519 0.297235489 0.070392422
v -0.122790336 0.295251727 0.066523515
v -0.125647924 0.294480890 0.066853486
v -0.129294000 0.294342905 0.067168422
v -0.132897145 0.293915331 0.067755677
v -0.135395549 0.294435084 0.070307098
v -0.124640613 0.311332732 0.065346912
v -0.126780524 0.311311424 0.066493139
v -0.130609415 0.311167806 0.067251295
v -0.133909053 0.311311305 0.066903137
v -0.136922277 0.311087906 0.066977166
v -0.124013542 0.307696581 0.064709060
v -0.126397430 0.308950156 0.066187784
v -0.130714006 0.309863776 0.066307038
v -0.133718527 0.310143977 0.066232651
v -0.138927973 0.306942821 0.066851735
v -0.123473308 0.306862801 0.064030722
v -0.139013491 0.306366444 0.066162623
v -0.138064674 0.300657660 0.066246659
v -0.123439885 0.297194809 0.063533455
v -0.125936999 0.296339869 0.065013759
v -0.133988328 0.296050221 0.064659558
v -0.138901389 0.299032062 0.065387122
v -0.124454386 0.295557678 0.063285053
v -0.126574300 0.295207441 0.064352214
v -0.130274273 0.294911951 0.065328971
v -0.133640549 0.294836253 0.064942114
v -0.136662535 0.294978648 0.064974174
v -0.124017894 0.311852783 0.061631400
v -0.135583616 0.311359406 0.064280383
v -0.137556992 0.311018318 0.064524911
v -0.124151810 0.310624480 0.061319854
v -0.132688633 0.309814632 0.064706795
v -0.135857082 0.310295224 0.063524395
v -0.138626091 0.309035629 0.064641573
v -0.139113418 0.305470407 0.063881733
v -0.136280320 0.300705165 0.062936731
v -0.138858102 0.300925910 0.063347831
v -0.122726455 0.296855599 0.059404127
v -0.135965607 0.296609253 0.062569328
v -0.138700656 0.297652364 0.063113697
v -0.123915329 0.295934767 0.059656080
v -0.135263137 0.295337379 0.062370211
v -0.137342594 0.295663893 0.062471010
v -0.124544896 0.312233150 0.057901051
v -0.130090974 0.312546551 0.060753472
v -0.136308692 0.311692953 0.060735829
v -0.137872271 0.311078548 0.062309511
v -0.124811902 0.311093986 0.057593346
v -0.136089958 0.310629517 0.060015433
v -0.138714946 0.309455067 0.061850633
v -0.138678632 0.306592524 0.060844190
v -0.136947668 0.300938010 0.060917895
v -0.138899586 0.301889628 0.061462644
v -0.123375698 0.297261238 0.055952162
v -0.136941395 0.296703607 0.058856640
v -0.139091633 0.297810853 0.061028108
v -0.124547771 0.296357870 0.055988576
v -0.129826195 0.295273304 0.058673862
v -0.135941736 0.295904785 0.058867596
v -0.137790955 0.295901239 0.060515884
v -0.126567229 0.312441379 0.055401918
v -0.129531241 0.312613100 0.054627489
v -0.133371256 0.312457472 0.055573668
v -0.135583244 0.311978787 0.057268567
v -0.126316904 0.311708450 0.054808058
v -0.129318348 0.311247408 0.054832481
v -0.133278451 0.311057538 0.055493407
v -0.136553980 0.310372591 0.056362078
v -0.133904836 0.306821018 0.054150738
v -0.136099688 0.306603074 0.056167860
v -0.134316392 0.301253408 0.053483602
v -0.136604226 0.301763445 0.054703377
v -0.125908128 0.297578990 0.052990466
v -0.128835007 0.297675788 0.051813785
v -0.133801363 0.297470093 0.052889924
v -0.135722674 0.297202408 0.054868806
v -0.126287884 0.296861470 0.053493533
v -0.129086159 0.296666801 0.052860137
v -0.132793135 0.296482205 0.053642016
v -0.135215185 0.296455830 0.055439368
v -0.131056360 0.312029481 0.053568233
v -0.132687903 0.311956406 0.053967420
v -0.130922116 0.311896622 0.053495590
v -0.134223602 0.311121553 0.053865194
v -0.137231640 0.310175210 0.053668976
v -0.133990101 0.306514144 0.053623080
v -0.136691085 0.307654500 0.053945318
v -0.134613312 0.301536024 0.052901138
v -0.136937402 0.302029222 0.052901383
v -0.130827717 0.297648549 0.051786408
v -0.132377005 0.297578275 0.052172910
v -0.130813516 0.297366977 0.051825918
v -0.131975613 0.297319710 0.052070662
v -0.137971691 0.311669260 0.059088666
v -0.139360375 0.309466749 0.058542535
v -0.139580882 0.305842012 0.058051601
v -0.139521814 0.301921636 0.057579398
v -0.139175601 0.298395216 0.057212543
v -0.137654922 0.296236575 0.057246469
v -0.136621571 0.312327206 0.059436534
v -0.136205725 0.308235168 0.059013627
v -0.136140175 0.303961396 0.058499068
v -0.136074654 0.299687594 0.057984538
v -0.136270426 0.295563370 0.057436835
v -0.137537889 0.311752081 0.057966202
v -0.138666920 0.310077310 0.057631228
v -0.139096744 0.306310207 0.056713898
v -0.139033771 0.302115500 0.056185983
v -0.138476319 0.298129797 0.056194659
v -0.137231670 0.296470731 0.056121122
v -0.135958634 0.312382758 0.057300683
v -0.135714627 0.296048671 0.055441752
v -0.136613033 0.311947078 0.054556038
v -0.137726761 0.310465008 0.054157514
v -0.138131223 0.306714922 0.053300541
v -0.138214342 0.302108943 0.053018857
v -0.137545280 0.298628867 0.052732494
v -0.136385820 0.297128886 0.052771993
v -0.134306274 0.312627435 0.054835953
v -0.134045176 0.296454072 0.052931730
v -0.130905605 0.312845498 0.054048896
v -0.130727581 0.296492755 0.052158870
v -0.126563422 0.312635988 0.054822605
v -0.126296400 0.296630025 0.053009182
v -0.124720737 0.312297106 0.055415027
v -0.123815595 0.310984164 0.055132739
v -0.124979823 0.304446518 0.055890888
v -0.123963318 0.298360407 0.053721726
v -0.124496891 0.296943605 0.053549591
v -0.135687850 0.312302828 0.050864670
v -0.136851586 0.310630888 0.050445661
v -0.137507416 0.307158858 0.050058119
v -0.137500904 0.303166330 0.049685575
v -0.136679000 0.299375057 0.049090508
v -0.135463751 0.297687411 0.049105041
v -0.133674762 0.312702775 0.050908230
v -0.135251603 0.311971903 0.050957162
v -0.135037384 0.297999948 0.049275003
v -0.133588455 0.297388524 0.048870847
v -0.129744373 0.312724531 0.052941129
v -0.129043988 0.296879441 0.051525168
v -0.127992063 0.312652826 0.053674467
v -0.127662174 0.296898723 0.051803041
v -0.123602881 0.312067509 0.054348487
v -0.122416451 0.311198860 0.053300422
v -0.122215472 0.298585147 0.051808394
v -0.123362652 0.297453791 0.052577656
v -0.120432488 0.309818566 0.052058592
v -0.119579441 0.307696700 0.052177124
v -0.119508981 0.302905321 0.051602524
v -0.120283625 0.300258011 0.050928630
v -0.135905943 0.310917109 0.046758838
v -0.136570341 0.307321131 0.046283133
v -0.136553667 0.303815931 0.045804530
v -0.135738573 0.300000578 0.045444537
v -0.132694862 0.312982410 0.047252003
v -0.133976526 0.312327772 0.047296029
v -0.133765466 0.298561722 0.045638662
v -0.132464758 0.297975272 0.045445211
v -0.129571176 0.312995464 0.047906410
v -0.129228509 0.297935575 0.046020575
v -0.125565975 0.312876731 0.048971538
v -0.124477028 0.312503189 0.048249502
v -0.124869853 0.298459232 0.046144865
v -0.125336117 0.297885269 0.047166631
v -0.123575448 0.312664628 0.049588352
v -0.122208982 0.311763704 0.049177989
v -0.122013568 0.299018443 0.047643520
v -0.123350679 0.298005015 0.047823399
v -0.119738913 0.309336454 0.050438710
v -0.119403056 0.307519704 0.050332043
v -0.119361504 0.303130299 0.049742002
v -0.119603954 0.301157117 0.049486969
v -0.135040812 0.311121225 0.043052230
v -0.135773800 0.307776183 0.042736396
v -0.135684721 0.304275960 0.042197611
v -0.134881160 0.300708085 0.041798536
v -0.131851665 0.313378394 0.043682586
v -0.132812611 0.312807411 0.043594938
v -0.132601044 0.299009413 0.041933719
v -0.131622977 0.298463255 0.041886870
v -0.128959871 0.313395262 0.044053439
v -0.127768911 0.313023865 0.044229817
v -0.127550840 0.298801005 0.042517446
v -0.128730669 0.298446298 0.042253647
v -0.124874271 0.313358277 0.044860445
v -0.124913751 0.312864393 0.044805475
v -0.124699726 0.298905551 0.043124888
v -0.124645136 0.298414171 0.043061238
v -0.122938811 0.313051015 0.045246962
v -0.121143497 0.311800271 0.045389704
v -0.120961248 0.299914062 0.043958656
v -0.122718460 0.298679292 0.043516673
v -0.119274645 0.309955329 0.046598636
v -0.118641584 0.307972759 0.046302788
v -0.118631519 0.303719163 0.045645911
v -0.119144618 0.301475078 0.045577653
v -0.134213857 0.311217099 0.039325997
v -0.134605876 0.308518648 0.038145598
v -0.134571514 0.304524869 0.037745681
v -0.134065247 0.301524222 0.038159020
v -0.131470285 0.313776910 0.040277246
v -0.131853259 0.313182741 0.040099904
v -0.131494156 0.299474359 0.038520813
v -0.131068177 0.298866451 0.038574826
v -0.127025477 0.313913465 0.040671326
v -0.127031847 0.313416839 0.040613692
v -0.127645104 0.299260467 0.038943101
v -0.127625912 0.298764765 0.038880534
v -0.124433524 0.313706964 0.041663677
v -0.124471321 0.313213497 0.041603107
v -0.123895928 0.299401224 0.039705548
v -0.123831860 0.298910052 0.039649304
v -0.120354331 0.311879009 0.042133469
v -0.120181925 0.300634146 0.040779639
v -0.118684820 0.310243040 0.042661238
v -0.118235312 0.308635712 0.042224251
v -0.118195004 0.304394752 0.041779488
v -0.118560701 0.302147865 0.041686613
v -0.133544824 0.311660707 0.036711313
v -0.134189344 0.309150368 0.035952587
v -0.134083010 0.304327697 0.035271648
v -0.133386052 0.301727027 0.035536654
v -0.130304522 0.314266443 0.036453810
v -0.130948595 0.313555628 0.036522180
v -0.130698717 0.300004810 0.034874663
v -0.130062915 0.299356937 0.034667067
v -0.126546554 0.314408779 0.036422715
v -0.126728802 0.313900739 0.036477037
v -0.126522734 0.299820632 0.034779340
v -0.126245647 0.299355179 0.034554485
v -0.124097652 0.314244241 0.037225753
v -0.124011441 0.313750863 0.037103288
v -0.123799033 0.299899817 0.035435475
v -0.123844958 0.299384326 0.035499375
v -0.119529820 0.311707497 0.038356215
v -0.118373013 0.308886677 0.037984058
v -0.118310727 0.304662526 0.037468631
v -0.119414023 0.301689029 0.037165925
v -0.118166737 0.310525417 0.038238343
v -0.117941528 0.308656901 0.038344186
v -0.117885626 0.304715991 0.037808400
v -0.118048444 0.302943289 0.037328366
v -0.132764406 0.311992854 0.033557128
v -0.133307657 0.309378952 0.032168698
v -0.133145041 0.304966241 0.031418268
v -0.132614008 0.302183717 0.032376152
v -0.129524983 0.314656287 0.033048067
v -0.130366690 0.313914120 0.033405852
v -0.128472082 0.307393879 0.030965401
v -0.130090035 0.300401211 0.031860013
v -0.129252783 0.299812466 0.031256907
v -0.127189613 0.314622313 0.034482334
v -0.127694032 0.314067185 0.035166241
v -0.127020053 0.307198733 0.032771170
v -0.125066920 0.307097852 0.033857971
v -0.127481803 0.299941033 0.033464324
v -0.127016983 0.299566776 0.032734215
v -0.122899152 0.314369321 0.035466284
v -0.122251845 0.313845962 0.035809737
v -0.122395664 0.307152003 0.033748381
v -0.124089866 0.307095736 0.033999890
v -0.122007891 0.300175250 0.034112491
v -0.122748501 0.299709439 0.033713520
v -0.120438016 0.314673841 0.033436634
v -0.120097152 0.312900305 0.035688069
v -0.119865476 0.309446335 0.034333989
v -0.119773894 0.304866254 0.033767097
v -0.119878604 0.301214099 0.034325369
v -0.120212748 0.299981654 0.031667762
v -0.117849431 0.309187293 0.036776476
v -0.117782898 0.304803610 0.036247734
v -0.131747253 0.312531203 0.028550886
v -0.132405154 0.309918016 0.028314048
v -0.132320813 0.305427521 0.027759409
v -0.131600074 0.302912742 0.027370663
v -0.129086248 0.314964950 0.030228073
v -0.130501262 0.314049989 0.029689902
v -0.128808803 0.307530910 0.029784406
v -0.128760337 0.307731986 0.028120579
v -0.130296267 0.301173687 0.028155085
v -0.128876663 0.300204009 0.028437285
v -0.123979762 0.315042257 0.029925507
v -0.123754493 0.300350070 0.028156634
v -0.119416117 0.314886361 0.031801671
v -0.119190849 0.300194174 0.030032797
v -0.131451316 0.312951952 0.027165120
v -0.132194258 0.310534388 0.026719932
v -0.132126487 0.305616945 0.026126387
v -0.131321839 0.302840710 0.025942694
v -0.128596380 0.315202773 0.027700178
v -0.129952601 0.314596325 0.027666662
v -0.130346588 0.307871908 0.026756268
v -0.128482028 0.307856321 0.027123205
v -0.129831753 0.301204473 0.026037151
v -0.128404289 0.300584257 0.025963033
v -0.126333035 0.315530866 0.025567660
v -0.126107767 0.300838679 0.023798786
v -0.120138615 0.315478504 0.026791386
v -0.119913346 0.300786316 0.025022512
v -0.119140133 0.315231532 0.028969843
v -0.118914864 0.300539345 0.027200969
v -0.124476030 0.315626681 0.025008230
v -0.124250762 0.300934494 0.023239356
v -0.122098632 0.315616280 0.025397483
v -0.121873363 0.300924093 0.023628611
v -0.131383038 0.310889959 0.024463532
v -0.131448693 0.309534907 0.024403360
v -0.131346262 0.306609094 0.023934374
v -0.131352744 0.305522084 0.023900608
v -0.129649050 0.314710498 0.025825918
v -0.130230687 0.313423961 0.025480509
v -0.130846120 0.311537057 0.024959331
v -0.130534536 0.310157567 0.025062717
v -0.130471534 0.306048810 0.024568040
v -0.130781464 0.304866701 0.024138324
v -0.130126409 0.302846789 0.024185015
v -0.129388116 0.301482409 0.024140889
v -0.128373719 0.315160036 0.026300041
v -0.128229610 0.313472509 0.026107131
v -0.128063708 0.302651912 0.024804376
v -0.128020405 0.300973117 0.024528693
v -0.130728550 0.310936719 0.023147522
v -0.130636878 0.309254378 0.022736028
v -0.130590699 0.306633323 0.022423340
v -0.130838088 0.305526048 0.022884924
v -0.129001684 0.314906597 0.024690956
v -0.129066176 0.313884765 0.023462763
v -0.130414418 0.311975628 0.022949416
v -0.130308456 0.304685444 0.022165056
v -0.128841444 0.302804023 0.022107910
v -0.128840245 0.301596016 0.023113396
v -0.127769343 0.315356225 0.024774700
v -0.127616971 0.313880891 0.023848252
v -0.127447232 0.302809924 0.022515355
v -0.127425528 0.301176131 0.023079846
v -0.125904619 0.315647423 0.025336474
v -0.125748865 0.314023167 0.025196038
v -0.125570781 0.302408427 0.023797676
v -0.125468157 0.300831318 0.023529688
v -0.129493094 0.309463382 0.020424496
v -0.129460997 0.307539225 0.020194078
v -0.127273194 0.315354228 0.021220531
v -0.128102212 0.313890994 0.021508217
v -0.128062918 0.312110841 0.020502450
v -0.129188336 0.310704350 0.020007482
v -0.129149310 0.307097435 0.019565446
v -0.127969242 0.305370688 0.019686349
v -0.127934180 0.303365260 0.020217588
v -0.127142816 0.302065760 0.019607034
v -0.126510172 0.315714240 0.022351865
v -0.126941159 0.313931793 0.022221575
v -0.126679561 0.312309504 0.020930208
v -0.126568354 0.305056453 0.020056972
v -0.126776099 0.303166956 0.020925535
v -0.126350827 0.301465660 0.020638330
v -0.124129973 0.315952361 0.023814090
v -0.123380802 0.313454837 0.023028843
v -0.123498380 0.312619448 0.023043439
v -0.123371593 0.304350197 0.022047859
v -0.123249418 0.303358287 0.021713443
v -0.124231360 0.300957739 0.022095447
v -0.121995508 0.315887153 0.024829501
v -0.121938809 0.314054042 0.024618335
v -0.122144087 0.312390029 0.023659576
v -0.122022621 0.304467678 0.022705758
v -0.121799789 0.302678943 0.023167849
v -0.121829323 0.300801814 0.023019558
v -0.120417944 0.315510631 0.025105238
v -0.120265647 0.313857108 0.024644516
v -0.120056785 0.302869022 0.023359055
v -0.120205916 0.301147521 0.023366846
v -0.118554204 0.315020472 0.026733663
v -0.119252763 0.313114673 0.025559399
v -0.118661366 0.311327279 0.025497088
v -0.118564188 0.305179089 0.024786469
v -0.119080833 0.303433448 0.024397029
v -0.118375740 0.301287353 0.025056377
v -0.116977207 0.314355463 0.026392991
v -0.116788789 0.302066803 0.024913488
v -0.128366291 0.309143662 0.018037824
v -0.128623634 0.308089942 0.018501244
v -0.126591242 0.315565497 0.019704837
v -0.127459779 0.314526320 0.019157857
v -0.128146067 0.312280148 0.018399380
v -0.128340840 0.310632676 0.018240156
v -0.128206401 0.307483345 0.017661830
v -0.128132283 0.305452585 0.017822323
v -0.127274021 0.303296924 0.017764313
v -0.126482181 0.302177042 0.018287301
v -0.125817872 0.315921515 0.020396298
v -0.125353470 0.314142525 0.020681191
v -0.124903224 0.311722040 0.020065533
v -0.124395191 0.310943097 0.019984042
v -0.124333180 0.306671500 0.019455949
v -0.124802537 0.305901051 0.019358326
v -0.125188387 0.303375810 0.019384924
v -0.125341653 0.301668555 0.018576253
v -0.123334400 0.315920889 0.021427818
v -0.123573198 0.314005822 0.022022450
v -0.124089091 0.311785221 0.020926842
v -0.124343484 0.310849458 0.020205855
v -0.124280117 0.306716591 0.019708274
v -0.123989753 0.305650651 0.020192334
v -0.123514398 0.303091913 0.020586345
v -0.123136520 0.301484823 0.019683072
v -0.122020639 0.315788269 0.022737099
v -0.122234463 0.313753486 0.023130883
v -0.121848001 0.312473834 0.023162125
v -0.121725946 0.304513276 0.022203710
v -0.122197918 0.303385258 0.021802772
v -0.121798790 0.301393777 0.020965148
v -0.119613341 0.315542817 0.023900740
v -0.120720721 0.314028054 0.023963772
v -0.120549306 0.302848011 0.022617742
v -0.119408510 0.301424831 0.022195863
v -0.118142239 0.315175056 0.024908770
v -0.117022044 0.314847201 0.024413085
v -0.116756021 0.302090317 0.022988984
v -0.117767564 0.301668972 0.022965308
v -0.116079583 0.313906789 0.025432201
v -0.115899979 0.302770764 0.024140636
v -0.125670119 0.315866590 0.017659985
v -0.126400932 0.314464658 0.017362742
v -0.125972866 0.312030703 0.016816646
v -0.126567728 0.311002612 0.016342048
v -0.126562669 0.307280153 0.015860764
v -0.125890925 0.306329042 0.016128881
v -0.126208416 0.303767711 0.016088469
v -0.125495970 0.302387893 0.016141821
v -0.124093368 0.316073954 0.018276611
v -0.125600248 0.313572258 0.018167654
v -0.125256240 0.312260181 0.017562820
v -0.125196590 0.305746138 0.016948599
v -0.125461429 0.304518521 0.017077625
v -0.124117441 0.302022576 0.016644830
v -0.122964799 0.316098064 0.019450478
v -0.122707143 0.301802456 0.017803719
v -0.120585940 0.316080570 0.020293981
v -0.120391130 0.301736116 0.018481532
v -0.118996687 0.315763861 0.021608718
v -0.118800103 0.301771909 0.019916758
v -0.117696344 0.315374911 0.022826348
v -0.117521479 0.301894426 0.021159038
v -0.124944872 0.316085786 0.016232921
v -0.125803522 0.315043807 0.015691042
v -0.125678948 0.311830401 0.016126605
v -0.125773459 0.311099023 0.015862625
v -0.125710710 0.307336539 0.015412045
v -0.125557049 0.306713849 0.015573794
v -0.125586964 0.303598404 0.014332619
v -0.124800763 0.302600831 0.014579561
v -0.123761690 0.316156030 0.016887687
v -0.123571954 0.315903544 0.015973909
v -0.125062115 0.311510772 0.016580576
v -0.124989837 0.311264873 0.016571635
v -0.124926842 0.307156086 0.016076958
v -0.124991617 0.306913018 0.016027028
v -0.123438030 0.302817225 0.014518674
v -0.123581722 0.302335471 0.015291704
v -0.121795475 0.316354692 0.017339457
v -0.121594957 0.302106321 0.015717451
v -0.119739673 0.316281319 0.018210826
v -0.119510441 0.302046776 0.016568547
v -0.117585487 0.315833300 0.019501610
v -0.117398626 0.302239090 0.017916400
v -0.123898498 0.316299409 0.014124251
v -0.124634757 0.315299571 0.013363115
v -0.125396974 0.313179165 0.012924054
v -0.125826954 0.310360998 0.012932390
v -0.125766672 0.308195919 0.012684446
v -0.125319436 0.306028277 0.012143038
v -0.124488897 0.303998470 0.012037288
v -0.123706780 0.302995920 0.012278141
v -0.122815430 0.316485941 0.014650261
v -0.122667066 0.316034019 0.014451876
v -0.122185103 0.303175360 0.012421358
v -0.122717305 0.302613020 0.012967147
v -0.120846651 0.316491157 0.015729858
v -0.120580993 0.302471012 0.013712768
v -0.118861146 0.316476315 0.016201658
v -0.118655443 0.302359313 0.014545987
v -0.117001421 0.316124856 0.017049372
v -0.116949111 0.302520275 0.015655315
v -0.122914105 0.316438228 0.012219882
v -0.123790398 0.315420419 0.011681158
v -0.124522670 0.313084096 0.011043416
v -0.124690383 0.310611069 0.010651509
v -0.124634034 0.308566302 0.010416684
v -0.124359473 0.306283325 0.010251758
v -0.123576730 0.304248184 0.010355812
v -0.121865935 0.316765189 0.012666445
v -0.121358133 0.316257536 0.012546808
v -0.121000923 0.303420186 0.010725921
v -0.121899776 0.302862316 0.011149563
v -0.119685649 0.316644877 0.013927282
v -0.119471430 0.302720249 0.012250527
v -0.117961130 0.316593319 0.014865547
v -0.117676690 0.302633226 0.012948370
v -0.116441011 0.316385239 0.014975199
v -0.116405643 0.302731425 0.013996494
v -0.122501991 0.315715700 0.009462887
v -0.123519904 0.313770384 0.009317458
v -0.123495384 0.311323464 0.008450574
v -0.123460911 0.308953673 0.008164416
v -0.123392022 0.306650788 0.008374135
v -0.122389390 0.304647535 0.008103912
v -0.120760477 0.316947758 0.010474239
v -0.120661191 0.316386878 0.010697112
v -0.120750889 0.303664297 0.009187415
v -0.120646007 0.303191274 0.008988071
v -0.119017600 0.316743135 0.011785653
v -0.118808351 0.303153872 0.010149447
v -0.116753250 0.316719890 0.012607910
v -0.116491943 0.303067625 0.010894359
v -0.116226613 0.316529691 0.013724930
v -0.116026453 0.302977890 0.012139728
v -0.121636293 0.315684289 0.007662521
v -0.122248560 0.314032435 0.007041113
v -0.122386693 0.311850458 0.006553637
v -0.122290156 0.309198916 0.006119761
v -0.122134148 0.306976855 0.006129189
v -0.121465854 0.305002719 0.006431297
v -0.119558408 0.317036301 0.008668947
v -0.119721233 0.316551328 0.008598269
v -0.119773432 0.304113925 0.007101848
v -0.119566604 0.303569674 0.007300174
v -0.117615200 0.316828400 0.009736791
v -0.117852926 0.316710770 0.008988518
v -0.117667950 0.303892136 0.007424067
v -0.117421157 0.303605944 0.008125398
v -0.116548694 0.316816062 0.010760441
v -0.116376951 0.303411007 0.009070685
v -0.120562091 0.315743685 0.006107685
v -0.121133662 0.313946754 0.005296160
v -0.121393836 0.311882168 0.005009534
v -0.121333196 0.309553742 0.004684488
v -0.121033504 0.307342619 0.004502349
v -0.120405345 0.305418074 0.004874089
v -0.118752606 0.317061156 0.007764169
v -0.118948191 0.316592366 0.006850888
v -0.118719495 0.304511994 0.005307250
v -0.118536792 0.303839624 0.006149749
v -0.117833487 0.316543549 0.008067249
v -0.117651276 0.304265052 0.006584234
v -0.119556821 0.315285325 0.004700410
v -0.119694240 0.313881814 0.003893213
v -0.119867376 0.311997116 0.003354571
v -0.119823910 0.309915781 0.003081075
v -0.119601636 0.307776719 0.003159672
v -0.119418859 0.306226552 0.003612275
v -0.117899596 0.315896541 0.005043610
v -0.117910057 0.314675212 0.003805441
v -0.117884985 0.307112992 0.002876248
v -0.117618985 0.305662543 0.003753799
v -0.118542209 0.311948985 0.002537705
v -0.118503779 0.310253561 0.002312845
v -0.116885937 0.314035416 0.003358592
v -0.117260590 0.312298775 0.002557383
v -0.117222487 0.309964687 0.002248389
v -0.116785310 0.307864070 0.002604783
v -0.116284712 0.313579977 0.003177458
v -0.116071395 0.312099576 0.002670202
v -0.116036496 0.309922487 0.002405470
v -0.116185515 0.308455914 0.002524923
v -0.116370931 0.316792160 0.010720547
v -0.116832673 0.316840798 0.009549085
v -0.115730337 0.316475689 0.013286638
v -0.116138472 0.316646457 0.012577560
v -0.116255916 0.316260666 0.015465376
v -0.116796649 0.315979272 0.017621376
v -0.116960637 0.315721542 0.019328577
v -0.117524385 0.315353245 0.022667114
v -0.113093964 0.315129399 0.007852818
v -0.114535033 0.315361202 0.006788135
v -0.116376727 0.315520883 0.006001755
v -0.117536611 0.315447867 0.005598167
v -0.111909739 0.314875335 0.010559817
v -0.113077819 0.315505773 0.009266115
v -0.115279905 0.316311508 0.008492466
v -0.117192059 0.316414446 0.007716534
v -0.118103355 0.316087902 0.006817385
v -0.112175561 0.314965576 0.012402018
v -0.114018373 0.316101700 0.011403259
v -0.115739285 0.316674888 0.010133485
v -0.117048464 0.316790342 0.009053240
v -0.111844479 0.314078927 0.014622797
v -0.112644031 0.314923733 0.014139166
v -0.114570990 0.316122979 0.013353697
v -0.112666502 0.314000189 0.016885664
v -0.113754786 0.315023154 0.016501799
v -0.115274093 0.315920949 0.015861932
v -0.113190546 0.313639224 0.018877156
v -0.114942706 0.315136462 0.018426483
v -0.114270821 0.313893229 0.020948479
v -0.115455485 0.314918816 0.020460382
v -0.115021072 0.313804477 0.022935165
v -0.116254746 0.314866364 0.022539206
v -0.115685924 0.313727915 0.024787551
v -0.116768054 0.314827144 0.023888504
v -0.113707452 0.313309103 0.004989677
v -0.115588366 0.313371003 0.004096550
v -0.116586789 0.313126564 0.003656261
v -0.110964082 0.313229591 0.008366784
v -0.112111203 0.313857675 0.007190384
v -0.113874338 0.314244479 0.005762125
v -0.115992173 0.314466059 0.004846752
v -0.116932295 0.314223796 0.004355691
v -0.110065169 0.312411904 0.011289712
v -0.110848232 0.313622177 0.010037258
v -0.111795738 0.314556301 0.009078809
v -0.110536753 0.312994927 0.012647071
v -0.111094429 0.313998014 0.012103159
v -0.111027195 0.312974155 0.014313067
v -0.111858889 0.312703162 0.016820334
v -0.112566083 0.312409997 0.018941017
v -0.113326936 0.312278539 0.020984879
v -0.114006213 0.312080204 0.022912644
v -0.114410467 0.310875267 0.024864029
v -0.114722087 0.312072575 0.024833735
v -0.111991479 0.311625957 0.005569615
v -0.113492697 0.312105060 0.004541930
v -0.115497216 0.312112868 0.003577027
v -0.116436332 0.312073678 0.003297663
v -0.110438048 0.311263770 0.007826260
v -0.111308485 0.311701119 0.006471076
v -0.109726860 0.310957432 0.010803829
v -0.109952933 0.311387032 0.009418529
v -0.109914086 0.310590804 0.012909011
v -0.110402248 0.310812145 0.014366163
v -0.111382886 0.310671389 0.017011601
v -0.112664528 0.310090214 0.020519890
v -0.113672837 0.309314370 0.023298154
v -0.114151291 0.309551984 0.024532612
v -0.111991487 0.309680283 0.005322738
v -0.113493226 0.309641957 0.004201570
v -0.115455277 0.309804946 0.003289549
v -0.116407416 0.309752315 0.003029716
v -0.110452972 0.309393853 0.007573593
v -0.111305959 0.309292346 0.006188272
v -0.109724707 0.309001654 0.010598812
v -0.109948895 0.308912754 0.009131774
v -0.109926752 0.308791608 0.012752988
v -0.110389739 0.308187157 0.014024013
v -0.111346609 0.307823151 0.016639376
v -0.112671129 0.307427585 0.020276446
v -0.113539971 0.307456404 0.022748195
v -0.114120490 0.307067335 0.024225594
v -0.113740026 0.308286875 0.004308602
v -0.115511625 0.308355778 0.003493105
v -0.116551816 0.308483511 0.003159773
v -0.110878057 0.307619244 0.007691325
v -0.112009949 0.307253897 0.006395320
v -0.113567128 0.307210267 0.005002398
v -0.115879438 0.307102501 0.003960897
v -0.116874553 0.307292968 0.003605010
v -0.109993636 0.307746768 0.010728049
v -0.110744319 0.306845158 0.009221332
v -0.111666641 0.306136936 0.008065158
v -0.110442451 0.306844294 0.011906562
v -0.110971525 0.305982560 0.011138134
v -0.110927224 0.306454331 0.013528109
v -0.111757598 0.306097358 0.016025022
v -0.112465612 0.305857420 0.018152116
v -0.113222651 0.305477053 0.020166008
v -0.113900586 0.305191636 0.022083292
v -0.114333972 0.305886328 0.024263382
v -0.114609375 0.304721564 0.023948703
v -0.112951405 0.305832177 0.006733475
v -0.114375017 0.305770397 0.005694889
v -0.116227596 0.305792719 0.004831229
v -0.117356903 0.305972606 0.004410442
v -0.111765563 0.305472285 0.009427732
v -0.112918749 0.305131853 0.008017142
v -0.115023523 0.304478049 0.007100376
v -0.117006778 0.304452747 0.006347700
v -0.117953501 0.305051297 0.005420191
v -0.112021826 0.304939479 0.011194920
v -0.113833084 0.304017693 0.009948400
v -0.115495279 0.303714514 0.008609192
v -0.116841889 0.303811491 0.007503727
v -0.111709616 0.305283427 0.013563858
v -0.112485021 0.304553747 0.012890667
v -0.114377699 0.303517491 0.011836056
v -0.112525403 0.304798067 0.015777772
v -0.113583668 0.303863019 0.015158169
v -0.115077465 0.303097218 0.014318011
v -0.113052874 0.304660171 0.017796120
v -0.114760607 0.303260386 0.016996657
v -0.114117428 0.303889364 0.019744063
v -0.115272320 0.302973568 0.019022226
v -0.114862784 0.303481430 0.021692317
v -0.116065233 0.302507043 0.021051202
v -0.115556597 0.303065330 0.023493925
v -0.116585887 0.302202225 0.022350911
v -0.116096749 0.303424388 0.009226101
v -0.116609908 0.303644896 0.008002416
v -0.115526102 0.303155869 0.011682991
v -0.115934848 0.303138882 0.011003604
v -0.116072542 0.302816063 0.013979802
v -0.116580650 0.302574277 0.016091507
v -0.116841435 0.302388728 0.017775642
v -0.117266043 0.301976979 0.021138830
v -0.124538354 0.281638056 0.117586434
v -0.124385386 0.271661729 0.116385333
v -0.122385524 0.281542033 0.118006863
v -0.122234925 0.271720290 0.116824366
v -0.118114434 0.281892389 0.118230544
v -0.117954417 0.271456093 0.116974063
v -0.114629648 0.281592220 0.118754581
v -0.115048751 0.279880732 0.118332751
v -0.114928856 0.273468137 0.117555559
v -0.114477537 0.271731555 0.117570072
v -0.110960893 0.282068163 0.117277279
v -0.110802344 0.271727800 0.116032340
v -0.109467066 0.282116801 0.116050437
v -0.109312206 0.272016853 0.114834443
v -0.125586464 0.281937301 0.115876950
v -0.125430188 0.271745175 0.114649862
v -0.121912121 0.282423198 0.114796564
v -0.121746793 0.271640778 0.113498405
v -0.118903465 0.282368153 0.115797728
v -0.118737555 0.271547556 0.114494972
v -0.115128598 0.282473832 0.115380779
v -0.114962763 0.271657974 0.114078596
v -0.112554788 0.282677948 0.113872312
v -0.112389460 0.271895528 0.112574153
v -0.108295328 0.282435894 0.113846794
v -0.108139388 0.272265315 0.112622298
v -0.128515712 0.282320648 0.111220330
v -0.128420173 0.279827595 0.111139975
v -0.128330185 0.274842978 0.110616475
v -0.128363445 0.272389412 0.110024661
v -0.127802632 0.282604039 0.112548500
v -0.127055480 0.278621435 0.111809932
v -0.127068668 0.275903523 0.111566983
v -0.127637289 0.271820635 0.111250229
v -0.123646490 0.282725781 0.112223268
v -0.123480580 0.271905184 0.110920519
v -0.111370354 0.283063293 0.110983483
v -0.111204445 0.272242695 0.109680727
v -0.107182174 0.283185631 0.110394239
v -0.107652522 0.279056042 0.109715603
v -0.107704304 0.276497930 0.109304726
v -0.107016652 0.272390306 0.109094530
v -0.106784619 0.282923609 0.109326392
v -0.106750264 0.280382335 0.108961105
v -0.106687486 0.275432706 0.108188048
v -0.106631085 0.272910118 0.108120814
v -0.128701396 0.282551259 0.109281123
v -0.128619752 0.280053347 0.109250642
v -0.128545485 0.275037438 0.108678244
v -0.128549128 0.272620052 0.108085446
v -0.128301322 0.283084333 0.108190328
v -0.127364776 0.279113829 0.108198874
v -0.127437725 0.276277781 0.107794233
v -0.128137096 0.272373408 0.106900774
v -0.124268315 0.283147067 0.108645000
v -0.124102413 0.272326469 0.107342243
v -0.111509486 0.283501774 0.107323714
v -0.111343577 0.272681177 0.106020957
v -0.107710510 0.283730447 0.106182426
v -0.108101382 0.279573649 0.106138587
v -0.108097113 0.276856154 0.105827413
v -0.107543602 0.272844762 0.104871839
v -0.106962703 0.283146232 0.107406959
v -0.106964833 0.280665427 0.106948532
v -0.106901869 0.275689960 0.106268905
v -0.106809340 0.273144037 0.106202736
v -0.127408459 0.283504575 0.104618140
v -0.127244941 0.272839993 0.103334174
v -0.122782125 0.283592135 0.105137482
v -0.122616216 0.272771537 0.103834733
v -0.121873289 0.283733219 0.104081511
v -0.121707379 0.272912621 0.102778755
v -0.114858329 0.283931315 0.103329472
v -0.114692419 0.273110718 0.102026723
v -0.113732784 0.283846647 0.104175963
v -0.113566875 0.273026049 0.102873206
v -0.109296448 0.284015834 0.102376796
v -0.109133891 0.273424178 0.101103194
v -0.127250723 0.283323020 0.102248684
v -0.127379946 0.280315727 0.100643657
v -0.127281956 0.276648164 0.100258559
v -0.127096980 0.273572117 0.101078510
v -0.122246295 0.283603668 0.101703912
v -0.122344344 0.280589193 0.099995211
v -0.122288100 0.276920795 0.099553555
v -0.122092775 0.273591340 0.100498468
v -0.122096553 0.283614099 0.101695664
v -0.122198492 0.280606180 0.099952459
v -0.122141949 0.276918828 0.099508516
v -0.121942818 0.273587704 0.100488529
v -0.115151688 0.283767194 0.100821666
v -0.115203879 0.281533033 0.099400021
v -0.115124590 0.276361316 0.098777391
v -0.114999726 0.273856282 0.099628441
v -0.115011833 0.283633888 0.100683369
v -0.114826075 0.281237066 0.099246837
v -0.114757664 0.276694357 0.098700635
v -0.114864468 0.274022758 0.099526227
v -0.109612807 0.284026921 0.100406103
v -0.110388092 0.281186819 0.098700948
v -0.110415503 0.276871711 0.098208480
v -0.109457120 0.273869693 0.099182747
v -0.117002993 0.280883133 0.098551311
v -0.120632976 0.280776590 0.098960541
v -0.116926751 0.277130306 0.098149188
v -0.120591617 0.277044892 0.098539308
v -0.111832439 0.286740661 0.095799789
v -0.113920926 0.287137985 0.096622363
v -0.117126613 0.287278026 0.097306095
v -0.120809875 0.287626415 0.097714297
v -0.124892696 0.287894905 0.097802587
v -0.127394936 0.286890298 0.098031417
v -0.108284443 0.283559799 0.095089108
v -0.109896480 0.284932286 0.096022122
v -0.113164588 0.284909755 0.096545391
v -0.117321230 0.285039097 0.097716957
v -0.120472699 0.285069078 0.098135337
v -0.125136561 0.284633845 0.097744860
v -0.128599062 0.284411579 0.097828217
v -0.108075171 0.281989306 0.095147684
v -0.109975606 0.281680614 0.096104883
v -0.112656958 0.281186014 0.096500888
v -0.116839490 0.281271458 0.097004995
v -0.121015854 0.281222761 0.097388178
v -0.125353053 0.280367255 0.097734176
v -0.128293506 0.280952275 0.097806759
v -0.107998885 0.277816802 0.094425939
v -0.110145792 0.277619332 0.095604457
v -0.112524144 0.277467191 0.096098244
v -0.116801865 0.277143359 0.096473359
v -0.120942599 0.276953548 0.096888468
v -0.125281222 0.277597994 0.097392909
v -0.128253549 0.276938468 0.097149029
v -0.108127005 0.275662184 0.094266050
v -0.109652213 0.274035037 0.094633669
v -0.112955376 0.273840010 0.095209599
v -0.117210030 0.273683161 0.096416146
v -0.120264671 0.273503304 0.096825041
v -0.124961048 0.273425758 0.096420750
v -0.128559559 0.273395061 0.096699633
v -0.111611179 0.272241145 0.094013914
v -0.113722592 0.271535873 0.094622478
v -0.116950385 0.271134228 0.095208965
v -0.120524339 0.270719141 0.095685057
v -0.124492399 0.270239770 0.095645137
v -0.127150595 0.271093994 0.096146695
v -0.114782690 0.287151247 0.094221301
v -0.119868993 0.288679361 0.093401387
v -0.127026036 0.287462831 0.094545089
v -0.110429860 0.284991860 0.091436498
v -0.112850457 0.286559016 0.094184980
v -0.116593822 0.284662217 0.094337694
v -0.122125193 0.284506023 0.094930686
v -0.129541672 0.283932686 0.094930083
v -0.109307296 0.282483250 0.090694226
v -0.114910140 0.282397360 0.093882702
v -0.115999735 0.282917023 0.094064854
v -0.122665293 0.282728821 0.094779439
v -0.123738020 0.282148093 0.094829097
v -0.129978217 0.281929731 0.094834022
v -0.108452737 0.280110896 0.090193994
v -0.109045974 0.279982775 0.091175929
v -0.114824950 0.276840240 0.093213655
v -0.115897677 0.276259482 0.093263321
v -0.122563242 0.276071280 0.093977898
v -0.123652838 0.276590973 0.094160050
v -0.129923157 0.277266949 0.093948200
v -0.116437777 0.274482280 0.093112074
v -0.121969148 0.274326086 0.093705066
v -0.129412062 0.274635643 0.094251558
v -0.126936532 0.271692365 0.092243925
v -0.115053176 0.288003713 0.089859396
v -0.117952719 0.288446337 0.090281837
v -0.120515823 0.288671881 0.091149695
v -0.125638380 0.288697481 0.091575056
v -0.128169625 0.287952811 0.089999735
v -0.108895540 0.283870131 0.089817293
v -0.110745504 0.285757869 0.089116238
v -0.113339327 0.287036240 0.090506203
v -0.130039758 0.285007685 0.089784242
v -0.108686327 0.282290012 0.089762047
v -0.109766736 0.282864928 0.087603666
v -0.130147345 0.281710744 0.089853838
v -0.108665905 0.278998524 0.088789038
v -0.109474658 0.280387908 0.087760657
v -0.130068637 0.278223157 0.089387879
v -0.108783133 0.276537180 0.088934444
v -0.109806604 0.274850309 0.088550411
v -0.129892133 0.274808973 0.088483296
v -0.112024038 0.273073882 0.087988161
v -0.114633992 0.272131383 0.087496959
v -0.117708667 0.271438032 0.087718338
v -0.120370462 0.270998269 0.088488691
v -0.125365964 0.270927012 0.089435644
v -0.127923495 0.271945536 0.088072501
v -0.113124117 0.288121104 0.083964653
v -0.121260180 0.289452940 0.086317882
v -0.126104302 0.289192170 0.086741835
v -0.127820513 0.288955390 0.086313032
v -0.111182674 0.286035627 0.084653489
v -0.113448917 0.287509680 0.083904609
v -0.130782343 0.283853412 0.088093594
v -0.109373345 0.282060444 0.084562942
v -0.110156491 0.283386797 0.084632725
v -0.130744986 0.282715142 0.087783344
v -0.109345018 0.280058831 0.084105782
v -0.109823927 0.279707670 0.084357351
v -0.130659483 0.278268486 0.086985543
v -0.110592253 0.275651842 0.083194464
v -0.130673132 0.276286542 0.087284081
v -0.112902603 0.273670644 0.082224883
v -0.119527883 0.272894293 0.084383100
v -0.122049793 0.271942377 0.084455386
v -0.125494778 0.271778256 0.084660225
v -0.127409986 0.271643221 0.085881129
v -0.115650370 0.288752854 0.083267801
v -0.118511132 0.289180964 0.083543472
v -0.120928548 0.289307207 0.084003955
v -0.111181296 0.284958184 0.081723273
v -0.114325366 0.287915468 0.083627202
v -0.131197430 0.284518749 0.083652742
v -0.110399655 0.282794714 0.080069304
v -0.130910850 0.282099485 0.083264127
v -0.110269248 0.280455291 0.079538979
v -0.130968935 0.279287547 0.081696264
v -0.113191902 0.275905341 0.081934109
v -0.113716728 0.275989622 0.081167266
v -0.131211377 0.276788473 0.081021309
v -0.115176163 0.272894442 0.081409499
v -0.118227302 0.272263855 0.081522152
v -0.120634123 0.271921515 0.081917375
v -0.114036135 0.288837254 0.078504056
v -0.121395766 0.289371401 0.079920694
v -0.128107204 0.289021373 0.080079682
v -0.129079468 0.288780838 0.081816301
v -0.112042642 0.286723405 0.078385636
v -0.114933885 0.288550705 0.077348970
v -0.130694307 0.286193073 0.081530906
v -0.111230753 0.283202887 0.076946296
v -0.131151057 0.283292055 0.080145672
v -0.111058875 0.280526757 0.076644614
v -0.131094179 0.279216826 0.079591677
v -0.111812122 0.276362419 0.077134803
v -0.115029319 0.276423782 0.077393904
v -0.130531512 0.275590211 0.080247410
v -0.113812424 0.274243534 0.076747037
v -0.127865649 0.273265660 0.078183100
v -0.128718562 0.272985578 0.079640016
v -0.115702055 0.289597541 0.075263828
v -0.119466081 0.289592385 0.076656185
v -0.122387088 0.290152341 0.076878779
v -0.126814514 0.290322989 0.077198856
v -0.128668613 0.289975852 0.077333242
v -0.113118313 0.287279904 0.074899033
v -0.114907711 0.288444728 0.073606223
v -0.111859656 0.284184009 0.074472301
v -0.111725598 0.280151069 0.073812269
v -0.112838879 0.276797801 0.073476382
v -0.116438381 0.276284367 0.073168628
v -0.131781913 0.277771831 0.074281394
v -0.115027092 0.274282217 0.073380657
v -0.122771538 0.272765934 0.074737966
v -0.126711711 0.272719502 0.075094804
v -0.128464810 0.273042470 0.074710011
v -0.116758413 0.290114552 0.071663737
v -0.119761928 0.290706605 0.071845286
v -0.123601361 0.290833265 0.072259851
v -0.127039983 0.290970325 0.072132573
v -0.129687137 0.289818227 0.074189529
v -0.113806091 0.288182467 0.072193123
v -0.115636303 0.287827194 0.071744524
v -0.119197383 0.286091536 0.070192203
v -0.131438918 0.287134588 0.073577285
v -0.115503236 0.285782397 0.070201889
v -0.131758458 0.284035146 0.072428055
v -0.115282520 0.280267358 0.069730535
v -0.131765059 0.280226260 0.071812689
v -0.113626330 0.276359081 0.070769042
v -0.115720555 0.276893526 0.069714256
v -0.131287254 0.276665986 0.072156489
v -0.116495348 0.274498612 0.069851421
v -0.119381435 0.273764491 0.069872722
v -0.123041763 0.273673385 0.069796391
v -0.126692175 0.273291916 0.069994725
v -0.129441819 0.273841530 0.072266117
v -0.118004046 0.290603310 0.068521447
v -0.120254188 0.290608615 0.069432676
v -0.124143659 0.290513813 0.069777504
v -0.127385161 0.290700346 0.069079496
v -0.130391679 0.290515870 0.068830974
v -0.117358930 0.286959946 0.067945704
v -0.119870856 0.288242877 0.069164462
v -0.124163478 0.289212167 0.068824448
v -0.127139068 0.289531291 0.068430461
v -0.132425270 0.286397189 0.068482563
v -0.116760052 0.286119908 0.067326963
v -0.132444090 0.285822630 0.067786917
v -0.131582610 0.280101985 0.067958467
v -0.116797134 0.276452750 0.066813640
v -0.119448713 0.275628805 0.068016976
v -0.127419255 0.275443703 0.066804804
v -0.132343463 0.278488129 0.067010768
v -0.117800138 0.274829119 0.066454574
v -0.120026156 0.274505347 0.067288555
v -0.123812720 0.274256825 0.067864142
v -0.127119153 0.274225056 0.067120038
v -0.130125231 0.274406523 0.066829704
v -0.116981662 0.291118771 0.064894833
v -0.128769419 0.290772587 0.066293113
v -0.130761824 0.290456802 0.066324838
v -0.117097221 0.289892614 0.064567924
v -0.125956460 0.289190084 0.067022480
v -0.128974199 0.289712757 0.065509789
v -0.131862483 0.288488030 0.066322111
v -0.132311381 0.284930140 0.065506317
v -0.129454649 0.280129522 0.064858019
v -0.132058553 0.280383229 0.064992152
v -0.115651354 0.276108265 0.062783264
v -0.129154808 0.276030242 0.064516775
v -0.131918810 0.277108133 0.064768545
v -0.116871990 0.275202662 0.062904745
v -0.128451399 0.274749547 0.064390816
v -0.130525387 0.275102884 0.064269856
v -0.117102533 0.291509479 0.061130442
v -0.122916966 0.291891903 0.063375354
v -0.129107661 0.291118830 0.062692203
v -0.130838014 0.290523231 0.064088583
v -0.117349684 0.290374160 0.060793348
v -0.128826856 0.290053338 0.061996795
v -0.131647534 0.288911223 0.063538611
v -0.131540529 0.286049426 0.062535144
v -0.129899643 0.280372888 0.062780030
v -0.131886236 0.281349182 0.063115545
v -0.115923158 0.276525557 0.059282672
v -0.129727400 0.276140720 0.060721379
v -0.132082857 0.277273625 0.062653512
v -0.117103859 0.275637388 0.059191681
v -0.122652180 0.274618655 0.061295733
v -0.128744900 0.275329024 0.060837112
v -0.130759410 0.275347829 0.062278606
v -0.118843696 0.291746229 0.058430228
v -0.121705666 0.291957051 0.057344273
v -0.125626429 0.291850179 0.057874836
v -0.128012634 0.291398585 0.059322849
v -0.118540786 0.291010708 0.057864778
v -0.121533326 0.290588498 0.057567637
v -0.125543452 0.290449262 0.057801683
v -0.128901466 0.289805919 0.058314200
v -0.126076944 0.286222458 0.056389987
v -0.128477193 0.286031038 0.058160815
v -0.126485965 0.280661285 0.055669792
v -0.128884240 0.281199723 0.056639601
v -0.118120685 0.276878864 0.056068353
v -0.120903760 0.277014643 0.054586235
v -0.125958837 0.276872188 0.055125684
v -0.128083661 0.276627511 0.056887571
v -0.118561103 0.276165813 0.056526348
v -0.121278032 0.276007980 0.055597454
v -0.125049345 0.275870621 0.055978786
v -0.127649560 0.275873899 0.057507303
v -0.123116321 0.291394204 0.056126934
v -0.124781951 0.291341871 0.056349538
v -0.122976794 0.291259676 0.056068726
v -0.126308485 0.290527046 0.056082048
v -0.129290230 0.289619893 0.055563696
v -0.126109309 0.285917222 0.055855531
v -0.128814473 0.287092119 0.055890296
v -0.126715376 0.280948281 0.055059623
v -0.129019714 0.281471491 0.054812960
v -0.122882336 0.277013212 0.054346263
v -0.124464802 0.276962608 0.054565039
v -0.122876040 0.276731431 0.054386411
v -0.124058119 0.276698977 0.054505616
v -0.130906946 0.290924937 0.062441658
v -0.132315330 0.288706243 0.062027268
v -0.132539652 0.285078377 0.061561901
v -0.132480598 0.281157970 0.061089795
v -0.132130332 0.277634889 0.060695875
v -0.130589075 0.275493145 0.060592033
v -0.129537992 0.291598320 0.062663548
v -0.129117257 0.287510306 0.062207937
v -0.129051722 0.283236504 0.061693378
v -0.128986194 0.278962731 0.061178848
v -0.129185549 0.274835557 0.060655128
v -0.130578942 0.291010350 0.061284043
v -0.131715260 0.289322644 0.061055612
v -0.132185555 0.285549283 0.060184985
v -0.132124669 0.281354547 0.059657291
v -0.131524510 0.277375221 0.059618350
v -0.130273498 0.275729775 0.059432380
v -0.129074521 0.291657060 0.060475823
v -0.128820605 0.275323123 0.058617022
v -0.129973135 0.291208982 0.057803210
v -0.131102196 0.289713979 0.057509925
v -0.131541885 0.285958052 0.056697059
v -0.131599314 0.281350911 0.056428332
v -0.130920715 0.277877837 0.056084901
v -0.129745922 0.276390791 0.056019165
v -0.127658128 0.291915148 0.057869617
v -0.127393141 0.275741994 0.055964008
v -0.124346665 0.292169034 0.056773569
v -0.124161109 0.275815666 0.054889880
v -0.119949750 0.292008728 0.057145670
v -0.119672387 0.276003212 0.055329777
v -0.118056826 0.291691244 0.057566773
v -0.117166869 0.290387779 0.057203781
v -0.118183880 0.283839196 0.058071461
v -0.117303140 0.277760506 0.055823628
v -0.117834478 0.276337594 0.055702467
v -0.129394613 0.291567773 0.054042194
v -0.130573235 0.289882362 0.053733263
v -0.131223223 0.286402613 0.053410672
v -0.131206549 0.282409698 0.053042687
v -0.130400650 0.278626531 0.052378111
v -0.129170514 0.276952356 0.052282557
v -0.127390585 0.291989893 0.053900447
v -0.128948069 0.291241854 0.054094553
v -0.128733835 0.277269900 0.052412391
v -0.127321407 0.276673675 0.051877502
v -0.123290709 0.292058706 0.055564009
v -0.122547164 0.276219606 0.054103982
v -0.121477812 0.292007685 0.056133486
v -0.121145985 0.276254594 0.054253843
v -0.117039069 0.291471899 0.056402341
v -0.115944243 0.290614337 0.055250589
v -0.115740850 0.278000772 0.053757749
v -0.116799950 0.276858330 0.054630071
v -0.114067390 0.289253533 0.053833153
v -0.113183535 0.287141412 0.053874794
v -0.113112859 0.282350004 0.053300463
v -0.113916598 0.279693067 0.052702889
v -0.129973150 0.290171921 0.049974956
v -0.130638398 0.286567956 0.049565472
v -0.130626745 0.283062220 0.049090505
v -0.129805765 0.279255360 0.048660647
v -0.126753501 0.292273283 0.050169464
v -0.128018371 0.291604698 0.050331526
v -0.127807296 0.277838647 0.048674155
v -0.126523405 0.277266145 0.048362669
v -0.123583286 0.292321891 0.050534397
v -0.123247764 0.277263075 0.048638612
v -0.119496174 0.292249203 0.051227536
v -0.118473999 0.291886270 0.050408941
v -0.118902183 0.277834862 0.048361864
v -0.119266316 0.277257740 0.049422629
v -0.117455206 0.292060167 0.051659245
v -0.116122238 0.291173518 0.051126007
v -0.115926816 0.278428286 0.049591534
v -0.117230437 0.277400553 0.049894288
v -0.113520070 0.288775980 0.052156884
v -0.113175257 0.286962837 0.052021477
v -0.113139241 0.282573014 0.051434055
v -0.113382130 0.280596793 0.051204123
v -0.129454128 0.290378422 0.046204407
v -0.130175776 0.287024915 0.045960188
v -0.130097634 0.283524871 0.045418646
v -0.129294462 0.279965281 0.044950709
v -0.126245878 0.292671680 0.046537369
v -0.127204395 0.292089999 0.046538800
v -0.126992836 0.278292000 0.044877578
v -0.126017182 0.277756542 0.044741649
v -0.123332619 0.292721003 0.046641227
v -0.122126445 0.292363077 0.046707887
v -0.121908366 0.278140217 0.044995513
v -0.123103409 0.277772039 0.044841435
v -0.119190037 0.292730451 0.047069877
v -0.119228906 0.292236060 0.047019206
v -0.119014881 0.278277218 0.045338620
v -0.118960901 0.277786344 0.045270670
v -0.117223985 0.292445213 0.047277406
v -0.115409351 0.291214556 0.047255889
v -0.115227103 0.279328346 0.045824841
v -0.117003626 0.278073490 0.045547109
v -0.113417059 0.289392531 0.048289854
v -0.112791828 0.287416488 0.047938932
v -0.112794808 0.283162028 0.047287725
v -0.113287031 0.280912310 0.047268867
v -0.128973714 0.290476233 0.042417917
v -0.129442386 0.287771374 0.041280907
v -0.129400484 0.283777446 0.040883113
v -0.128825098 0.280783355 0.041250937
v -0.126183047 0.293067843 0.043111041
v -0.126574054 0.292469144 0.042970132
v -0.126209035 0.278762549 0.041377068
v -0.125773168 0.278159469 0.041392304
v -0.121722623 0.293253958 0.043095384
v -0.121728740 0.292757183 0.043039024
v -0.122335336 0.278591752 0.041444495
v -0.122316457 0.278096169 0.041380879
v -0.119048409 0.293077856 0.043845840
v -0.119086123 0.292583883 0.043789439
v -0.118533812 0.278775126 0.041859493
v -0.118469714 0.278284609 0.041798048
v -0.114923260 0.291295707 0.043940898
v -0.114750839 0.280050844 0.042587064
v -0.113194279 0.289679199 0.044314682
v -0.112768933 0.288076043 0.043839727
v -0.112722471 0.283834964 0.043396953
v -0.113070152 0.281583995 0.043340057
v -0.128552421 0.290922135 0.039752465
v -0.129235900 0.288403422 0.039058354
v -0.129138909 0.283580899 0.038374864
v -0.128391712 0.280988574 0.038577121
v -0.125378571 0.293562829 0.039196309
v -0.126005716 0.292845100 0.039324142
v -0.125757485 0.279294729 0.037672825
v -0.125136256 0.278653473 0.037408333
v -0.121641129 0.293746382 0.038820304
v -0.121811970 0.293236464 0.038891584
v -0.121606089 0.279156238 0.037194796
v -0.121345646 0.278693408 0.036945876
v -0.119127198 0.293610275 0.039395340
v -0.119047105 0.293117642 0.039265919
v -0.118834718 0.279266596 0.037598103
v -0.118868850 0.278750747 0.037666414
v -0.114446982 0.291126013 0.040104069
v -0.113297931 0.288317382 0.039629847
v -0.113236263 0.284093171 0.039114673
v -0.114329576 0.281107187 0.038917180
v -0.113087422 0.289958745 0.039862651
v -0.112832702 0.288093060 0.039949059
v -0.112782403 0.284151971 0.039413944
v -0.112968869 0.282376647 0.038952474
v -0.128068476 0.291256815 0.036539670
v -0.128707766 0.288634419 0.035209309
v -0.128565661 0.284222335 0.034451090
v -0.127918079 0.281447649 0.035358690
v -0.124919235 0.293954670 0.035733044
v -0.125716261 0.293203980 0.036167238
v -0.123981244 0.286700308 0.033569060
v -0.125432453 0.279691994 0.034614678
v -0.124647594 0.279111326 0.033937804
v -0.122461870 0.293949097 0.036946945
v -0.122895203 0.293389797 0.037674759
v -0.122367560 0.286524594 0.035234112
v -0.120321936 0.286447227 0.036137156
v -0.122683062 0.279263556 0.035973243
v -0.122283071 0.278893054 0.035203893
v -0.118096671 0.293745130 0.037533183
v -0.117414802 0.293229610 0.037816249
v -0.117672778 0.286530495 0.035782807
v -0.119336016 0.286456138 0.036188804
v -0.117175705 0.279559135 0.036116064
v -0.117944583 0.279084474 0.035787169
v -0.115835711 0.294072807 0.035285942
v -0.115269996 0.292307436 0.037498184
v -0.115125179 0.288853616 0.036131661
v -0.115035109 0.284273714 0.035562873
v -0.115047551 0.280621737 0.036131680
v -0.115610442 0.279380620 0.033517066
v -0.112890750 0.288621396 0.038379036
v -0.112824305 0.284237713 0.037850358
v -0.127521060 0.291796714 0.031460717
v -0.128168843 0.289176017 0.031287614
v -0.128085836 0.284685642 0.030731609
v -0.127375922 0.282178223 0.030280616
v -0.124744586 0.294262737 0.032884408
v -0.126192763 0.293331265 0.032479204
v -0.124426424 0.286831349 0.032423832
v -0.124533086 0.287029743 0.030762400
v -0.125986389 0.280455083 0.030943625
v -0.124536178 0.279501587 0.031095210
v -0.119688592 0.294395566 0.032114372
v -0.119463324 0.279703379 0.030345496
v -0.114970587 0.294293404 0.033563901
v -0.114745318 0.279601216 0.031795021
v -0.127358235 0.292218029 0.030053264
v -0.128111980 0.289791614 0.029680315
v -0.128044314 0.284874052 0.029087476
v -0.127229116 0.282106489 0.028833205
v -0.124491438 0.294501096 0.030322012
v -0.125838190 0.293879718 0.030413657
v -0.126239299 0.287149638 0.029549312
v -0.124348871 0.287155241 0.029743582
v -0.125718556 0.280486882 0.028791970
v -0.124297104 0.279882282 0.028587706
v -0.122437119 0.294849932 0.027990466
v -0.122211851 0.280157745 0.026221590
v -0.116156339 0.294867963 0.028640542
v -0.115931071 0.280175775 0.026871666
v -0.114959485 0.294636160 0.030718384
v -0.114734209 0.279943973 0.028949508
v -0.120640463 0.294965059 0.027262874
v -0.120415195 0.280272901 0.025493996
v -0.118237413 0.294981509 0.027432295
v -0.118012145 0.280289322 0.025663417
v -0.127963505 0.290028125 0.028328262
v -0.128005638 0.288671523 0.028283924
v -0.127928957 0.285746455 0.027805459
v -0.127914562 0.284659445 0.027774386
v -0.126080788 0.293898612 0.029294746
v -0.126688808 0.292595983 0.029079659
v -0.127351336 0.290691286 0.028700119
v -0.126989818 0.289320618 0.028736621
v -0.126926824 0.285211861 0.028241942
v -0.127289578 0.284019887 0.027887395
v -0.126587845 0.282017231 0.027796794
v -0.125840544 0.280671418 0.027599586
v -0.124746344 0.294382542 0.029490694
v -0.124602757 0.292698026 0.029272767
v -0.124436847 0.281877398 0.027970009
v -0.124409362 0.280198634 0.027692281
v -0.127600781 0.290083408 0.026904251
v -0.127554394 0.288401484 0.026483592
v -0.127507746 0.285780579 0.026169581
v -0.127624489 0.284670234 0.026673373
v -0.125690907 0.294104069 0.028049175
v -0.125985219 0.293073744 0.026862353
v -0.127361826 0.291128635 0.026644127
v -0.127236164 0.283838838 0.025858911
v -0.125766083 0.281994253 0.025496464
v -0.125523276 0.280792564 0.026479999
v -0.124480306 0.294584721 0.027872434
v -0.124487802 0.293108195 0.026935427
v -0.124318055 0.282037258 0.025602527
v -0.124136738 0.280407846 0.026150800
v -0.122547328 0.294925541 0.028030593
v -0.122382968 0.293304890 0.027861496
v -0.122204884 0.281690150 0.026463132
v -0.122120395 0.280114532 0.026180433
v -0.126926205 0.288625300 0.023983512
v -0.126893900 0.286701173 0.023752522
v -0.124740190 0.294574142 0.024293240
v -0.125452793 0.293092459 0.024749137
v -0.125579647 0.291307956 0.023758447
v -0.126747451 0.289870977 0.023511199
v -0.126709692 0.286263615 0.023072748
v -0.125486723 0.284567505 0.022944475
v -0.125289812 0.282566756 0.023457633
v -0.124611012 0.281283766 0.022695426
v -0.123766466 0.294959694 0.025239253
v -0.124169446 0.293166339 0.025203180
v -0.124142907 0.291543514 0.023886545
v -0.124031700 0.284290433 0.023013307
v -0.124004393 0.282401502 0.023907138
v -0.123605385 0.280709684 0.023538068
v -0.121139556 0.295265615 0.026169797
v -0.120507970 0.292782962 0.025246274
v -0.120598465 0.291944981 0.025285646
v -0.120471678 0.283675730 0.024290064
v -0.120396971 0.282685220 0.023938000
v -0.121215313 0.280263245 0.024518689
v -0.118838734 0.295259565 0.026715146
v -0.118780679 0.293427229 0.026497774
v -0.119139708 0.291752994 0.025604263
v -0.119018234 0.283830643 0.024650443
v -0.118657827 0.282050759 0.025056506
v -0.118669763 0.280172646 0.024918713
v -0.117229312 0.294924080 0.026654195
v -0.117134705 0.293272167 0.026172671
v -0.116918906 0.282285303 0.024877908
v -0.117019004 0.280560702 0.024917722
v -0.115053757 0.294490069 0.027855923
v -0.115933932 0.292560577 0.026855251
v -0.115323200 0.290788114 0.026671290
v -0.115219883 0.284640163 0.025959402
v -0.115761853 0.282879949 0.025687883
v -0.114879563 0.280755997 0.026185894
v -0.113566703 0.293862522 0.027192535
v -0.113378278 0.281573862 0.025713032
v -0.126316830 0.288319647 0.021413805
v -0.126444294 0.287262589 0.021921448
v -0.124396689 0.294793397 0.022668140
v -0.125333696 0.293729722 0.022315979
v -0.126106023 0.291462719 0.021719465
v -0.126287638 0.289810002 0.021605505
v -0.126196883 0.286661655 0.021013539
v -0.126038856 0.284634352 0.021156020
v -0.125156961 0.282500416 0.020920509
v -0.124244712 0.281403720 0.021266453
v -0.123504936 0.295172632 0.023181889
v -0.122945785 0.293407470 0.023364037
v -0.122572809 0.290995359 0.022668965
v -0.122073381 0.290228844 0.022483187
v -0.122014187 0.285957098 0.021956131
v -0.122473724 0.285174608 0.021959500
v -0.122780702 0.282640755 0.022067768
v -0.123056329 0.280925453 0.021310126
v -0.120861247 0.295239925 0.023669777
v -0.120921045 0.293323040 0.024302293
v -0.121598131 0.291083872 0.023340398
v -0.121973961 0.290137827 0.022689277
v -0.121910594 0.286004961 0.022191696
v -0.121498063 0.284949452 0.022604693
v -0.120885386 0.282405704 0.022891657
v -0.120664238 0.280803233 0.021930097
v -0.119299307 0.295147747 0.024674576
v -0.119373723 0.293110639 0.025105534
v -0.118956699 0.291841209 0.025055742
v -0.118834636 0.283880681 0.024097327
v -0.119351148 0.282738894 0.023804864
v -0.119085632 0.280753076 0.022903247
v -0.116696111 0.294969201 0.025307752
v -0.117726571 0.293427736 0.025602382
v -0.117555156 0.282247663 0.024256350
v -0.116492092 0.280850857 0.023605427
v -0.115037508 0.294644088 0.025985133
v -0.114038064 0.294341326 0.025265776
v -0.113750204 0.281586856 0.023824422
v -0.114733122 0.281140327 0.024013586
v -0.112879201 0.293430686 0.026065143
v -0.112689494 0.282295167 0.024770625
v -0.123932599 0.295105308 0.020475447
v -0.124673373 0.293683887 0.020338792
v -0.124307148 0.291258156 0.019716393
v -0.124961778 0.290212780 0.019377623
v -0.124962486 0.286488861 0.018907981
v -0.124225362 0.285556346 0.019029807
v -0.124478645 0.282987744 0.019058241
v -0.123735792 0.281626403 0.018961772
v -0.122267462 0.295355499 0.020747662
v -0.123699210 0.292816430 0.020958418
v -0.123456165 0.291509807 0.020295605
v -0.123359970 0.284995764 0.019686040
v -0.123560391 0.283762693 0.019868387
v -0.122273571 0.281298488 0.019164763
v -0.120918929 0.295414597 0.021658801
v -0.120646551 0.281120390 0.020002320
v -0.118416465 0.295461297 0.021984795
v -0.118238992 0.281115711 0.020179510
v -0.116579390 0.295192003 0.022937266
v -0.116383947 0.281199545 0.021249231
v -0.115043215 0.294842720 0.023855401
v -0.114876925 0.281361163 0.022195747
v -0.123528405 0.295334071 0.018927924
v -0.124454609 0.294267863 0.018578680
v -0.124159358 0.291061163 0.018980173
v -0.124288357 0.290326118 0.018742273
v -0.124225221 0.286563784 0.018290576
v -0.124025195 0.285946071 0.018416848
v -0.124234877 0.282823622 0.017211210
v -0.123389132 0.281847388 0.017288361
v -0.122236460 0.295437604 0.019320024
v -0.122236057 0.295184553 0.018386912
v -0.123453110 0.290759683 0.019294897
v -0.123378045 0.290515602 0.019271133
v -0.123315051 0.286406845 0.018776456
v -0.123382612 0.286161929 0.018741347
v -0.122075408 0.282097280 0.016942987
v -0.122041523 0.281616658 0.017729225
v -0.120224967 0.295687795 0.019349396
v -0.120004467 0.281439543 0.017729072
v -0.118031009 0.295670778 0.019770402
v -0.117787040 0.281436920 0.018124228
v -0.115643396 0.295284152 0.020581072
v -0.115445263 0.281689703 0.018999239
v -0.122953027 0.295561254 0.016646618
v -0.123806632 0.294538945 0.016057309
v -0.124589450 0.292397648 0.015788959
v -0.124935902 0.289569736 0.015888780
v -0.124873570 0.287405431 0.015634876
v -0.124494440 0.285246432 0.015012898
v -0.123652867 0.283237368 0.014736454
v -0.122812256 0.282256037 0.014808509
v -0.121788903 0.295777768 0.016933752
v -0.121673904 0.295328557 0.016708914
v -0.121299460 0.282474130 0.014629401
v -0.121690891 0.281901956 0.015274948
v -0.119638375 0.295838386 0.017576560
v -0.119442835 0.281817555 0.015556157
v -0.117598369 0.295875758 0.017621588
v -0.117383211 0.281758755 0.015967190
v -0.115593910 0.295575708 0.018060725
v -0.115486964 0.281968653 0.016694011
v -0.122393503 0.295713335 0.014578108
v -0.123336918 0.294670850 0.014235638
v -0.124126583 0.292313308 0.013766863
v -0.124309390 0.289834589 0.013420163
v -0.124251231 0.287790507 0.013179842
v -0.123959019 0.285514146 0.012962244
v -0.123120061 0.283499807 0.012900967
v -0.121283732 0.296068907 0.014794803
v -0.120799474 0.295573354 0.014571630
v -0.120503581 0.282738388 0.012723234
v -0.121279105 0.282160789 0.013326219
v -0.118885271 0.296010345 0.015570547
v -0.118671126 0.282085717 0.013893643
v -0.117001667 0.296007276 0.016126409
v -0.116768359 0.282047510 0.014199723
v -0.115487515 0.295837730 0.015915018
v -0.115308813 0.282183498 0.014958001
v -0.122550025 0.294985056 0.011796378
v -0.123525716 0.293014169 0.011868651
v -0.123620837 0.290563554 0.011017212
v -0.123586505 0.288193733 0.010731463
v -0.123416304 0.285894543 0.010923316
v -0.122441671 0.283915311 0.010449960
v -0.120667323 0.296266019 0.012419447
v -0.120509221 0.295709103 0.012616852
v -0.120587870 0.282979578 0.011166370
v -0.120515033 0.282508135 0.010949721
v -0.118683650 0.296112597 0.013336399
v -0.118474438 0.282523334 0.011700005
v -0.116297416 0.296150565 0.013665630
v -0.116051927 0.282499194 0.011942732
v -0.115543678 0.295980126 0.014647506
v -0.115333624 0.282428384 0.013062870
v -0.122080363 0.294964612 0.009854536
v -0.122766822 0.293294400 0.009376203
v -0.122948191 0.291106820 0.008929699
v -0.122876942 0.288455993 0.008486654
v -0.122665643 0.286238611 0.008464360
v -0.121898598 0.284283519 0.008620696
v -0.119872979 0.296373844 0.010402200
v -0.120034545 0.295884550 0.010367494
v -0.120081052 0.283441097 0.008921975
v -0.119823403 0.282903343 0.009072822
v -0.117744460 0.296220690 0.011038993
v -0.118130639 0.296092749 0.010357259
v -0.117949835 0.283273697 0.008795701
v -0.117554291 0.282997906 0.009429852
v -0.116487137 0.296240926 0.011816286
v -0.116330526 0.282834560 0.010135299
v -0.121357768 0.295041561 0.008109003
v -0.122040577 0.293226212 0.007436323
v -0.122302152 0.291154146 0.007211730
v -0.122251443 0.288826048 0.006882450
v -0.121940120 0.286622077 0.006642713
v -0.121198989 0.284715980 0.006875522
v -0.119275614 0.296413422 0.009348569
v -0.119646206 0.295934528 0.008496849
v -0.119437187 0.283854723 0.006946076
v -0.119064822 0.283192098 0.007731904
v -0.118300445 0.295920640 0.009452482
v -0.118119098 0.283641994 0.007970839
v -0.120658382 0.294600099 0.006522483
v -0.120925985 0.293188870 0.005762795
v -0.121159896 0.291297287 0.005273441
v -0.121121495 0.289216101 0.004998032
v -0.120833046 0.287083775 0.005029432
v -0.120519883 0.285541326 0.005434487
v -0.118982225 0.295254380 0.006510260
v -0.119220711 0.294025928 0.005302462
v -0.119197517 0.286461323 0.004392739
v -0.118716493 0.285023153 0.005195794
v -0.120034582 0.291277379 0.004196914
v -0.120000772 0.289582133 0.003969907
v -0.118296973 0.293409199 0.004651166
v -0.118786677 0.291659057 0.003947254
v -0.118754491 0.289324880 0.003638396
v -0.118198744 0.287237942 0.003896338
v -0.117735616 0.292967796 0.004348247
v -0.117595553 0.291490197 0.003808337
v -0.117561235 0.289313167 0.003543345
v -0.117644347 0.287844062 0.003692176
v -0.116321049 0.296221167 0.011739993
v -0.117019139 0.296251386 0.010691351
v -0.115148998 0.295935869 0.014114912
v -0.115700907 0.296092242 0.013507072
v -0.115200601 0.295720637 0.016355535
v -0.115270085 0.295438617 0.018577140
v -0.115065991 0.295186937 0.020280920
v -0.114907912 0.294824392 0.023663651
v -0.113676443 0.294623613 0.008249841
v -0.115314096 0.294813216 0.007510836
v -0.117283165 0.294922352 0.007127984
v -0.118499629 0.294818103 0.006976592
v -0.111945085 0.294415087 0.010648524
v -0.113374091 0.295008600 0.009628139
v -0.115709289 0.295754701 0.009332945
v -0.117743596 0.295805424 0.008975112
v -0.118814438 0.295451015 0.008287190
v -0.111821129 0.294509530 0.012505464
v -0.113860778 0.295593500 0.011914658
v -0.115823678 0.296116203 0.011033609
v -0.117332696 0.296192646 0.010251798
v -0.111009396 0.293644488 0.014607950
v -0.111913889 0.294466257 0.014302245
v -0.113992705 0.295612514 0.013937597
v -0.111336618 0.293558657 0.016992912
v -0.112506992 0.294551909 0.016845198
v -0.114149115 0.295407832 0.016537610
v -0.111422240 0.293196470 0.019050211
v -0.113267652 0.294646949 0.018976107
v -0.112050548 0.293435723 0.021301853
v -0.113337032 0.294428617 0.021072429
v -0.112365238 0.293340027 0.023401732
v -0.113681249 0.294368535 0.023272652
v -0.112624913 0.293257862 0.025352381
v -0.113899193 0.294324487 0.024699604
v -0.114829614 0.292771786 0.005579950
v -0.116856887 0.292781562 0.005100999
v -0.117918826 0.292509764 0.004879961
v -0.111438274 0.292780489 0.008306856
v -0.112822152 0.293372869 0.007396772
v -0.114854767 0.293707252 0.006369712
v -0.117122374 0.293870628 0.005918597
v -0.118138022 0.293602169 0.005635692
v -0.109926111 0.292002678 0.010976793
v -0.110984973 0.293185681 0.009915700
v -0.112135886 0.294090271 0.009176704
v -0.110117502 0.292581767 0.012402541
v -0.110802255 0.293567449 0.011987099
v -0.110247194 0.292558610 0.014134347
v -0.110527731 0.292281777 0.016760409
v -0.110767029 0.291983575 0.018982392
v -0.111079007 0.291845292 0.021140421
v -0.111333876 0.291641474 0.023167865
v -0.111289225 0.290438354 0.025161291
v -0.111630789 0.291627347 0.025196357
v -0.112987726 0.291135311 0.005788134
v -0.114682741 0.291570842 0.005097781
v -0.116844497 0.291523039 0.004574594
v -0.117819987 0.291458845 0.004498359
v -0.110987104 0.290825248 0.007669122
v -0.112133122 0.291232765 0.006526319
v -0.109660066 0.290554255 0.010431567
v -0.110182359 0.290969908 0.009124222
v -0.109392486 0.290195465 0.012529412
v -0.109569907 0.290413171 0.014056408
v -0.109970405 0.290263623 0.016848728
v -0.110473014 0.289671421 0.020548070
v -0.110856473 0.288887113 0.023476411
v -0.111071504 0.289119989 0.024783619
v -0.112989708 0.289188832 0.005547801
v -0.114691592 0.289106518 0.004766433
v -0.116804718 0.289215237 0.004285965
v -0.117788508 0.289137393 0.004231564
v -0.111006818 0.288954079 0.007426213
v -0.112128317 0.288823187 0.006250578
v -0.109650902 0.288597941 0.010231716
v -0.110175229 0.288494825 0.008844336
v -0.109391540 0.288395613 0.012380488
v -0.109562247 0.287787348 0.013720661
v -0.109940104 0.287415028 0.016478714
v -0.110462382 0.287008047 0.020312862
v -0.110794342 0.287029803 0.022911826
v -0.111042186 0.286635101 0.024478311
v -0.114875733 0.287746370 0.004923565
v -0.116780072 0.287766337 0.004497596
v -0.117869943 0.287866175 0.004389693
v -0.111352257 0.287170142 0.007631416
v -0.112720899 0.286769092 0.006601729
v -0.114533789 0.286678523 0.005566274
v -0.117009498 0.286507070 0.005032788
v -0.118061639 0.286670595 0.004893347
v -0.109854586 0.287337512 0.010415145
v -0.110881067 0.286408633 0.009099796
v -0.112006798 0.285670906 0.008163080
v -0.110023200 0.286431134 0.011662054
v -0.110679365 0.285551965 0.011022099
v -0.110147230 0.286038756 0.013349410
v -0.110426448 0.285675943 0.015965119
v -0.110666565 0.285430998 0.018193511
v -0.110974728 0.285043776 0.020321572
v -0.111228257 0.284752905 0.022338536
v -0.111212737 0.285449415 0.024560660
v -0.111518084 0.284276307 0.024311349
v -0.113533899 0.285326391 0.007130528
v -0.115141503 0.285223067 0.006413540
v -0.117133900 0.285194159 0.005957481
v -0.118330545 0.285343409 0.005782725
v -0.111800916 0.285012037 0.009516470
v -0.113215036 0.284634680 0.008379199
v -0.115447774 0.283923268 0.007924456
v -0.117543414 0.283844203 0.007604339
v -0.118678495 0.284413517 0.006895614
v -0.111667409 0.284483433 0.011298399
v -0.113675497 0.283509493 0.010459838
v -0.115573145 0.283157140 0.009499062
v -0.117123566 0.283214033 0.008700449
v -0.110874540 0.284848988 0.013549039
v -0.111754894 0.284096271 0.013053780
v -0.113799430 0.283007026 0.012419996
v -0.111195526 0.284356534 0.015885049
v -0.112335875 0.283391774 0.015501605
v -0.113952495 0.282584071 0.014993730
v -0.111284568 0.284217417 0.017969204
v -0.113085560 0.282770872 0.017546320
v -0.111897162 0.283431858 0.020097468
v -0.113153882 0.282483339 0.019634312
v -0.112206958 0.283016980 0.022158917
v -0.113491751 0.282009214 0.021784687
v -0.112496912 0.282594353 0.024066174
v -0.113720469 0.281699181 0.023164837
v -0.116024345 0.282855749 0.010228523
v -0.116788036 0.283056200 0.009139506
v -0.114944770 0.282616049 0.012511307
v -0.115486256 0.282584876 0.011932730
v -0.114988826 0.282276243 0.014871822
v -0.115036725 0.282034338 0.017043255
v -0.114933922 0.281852305 0.018744737
v -0.114633560 0.281449914 0.022122422
v -0.097556829 0.264617801 0.123821609
v -0.097240611 0.264456779 0.127559900
v -0.096934109 0.263893515 0.132276997
v -0.096794210 0.263534635 0.135275513
v -0.096670746 0.263170749 0.138131440
v -0.096496939 0.262656391 0.142607287
v -0.096370890 0.262209803 0.146332368
v -0.096248283 0.261745274 0.150205910
v -0.096105933 0.261316150 0.153787926
v -0.095859430 0.260839045 0.157781780
v -0.095606028 0.260513932 0.160514325
v -0.095060512 0.260023475 0.164648548
v -0.094702318 0.259358525 0.166471601
v -0.097274333 0.262627333 0.124110095
v -0.096885293 0.261328995 0.127238348
v -0.096579305 0.259988636 0.130823851
v -0.096336468 0.260646492 0.142247945
v -0.096092365 0.258942842 0.145837873
v -0.095868758 0.257766008 0.149501249
v -0.095648154 0.257183671 0.153241754
v -0.095400601 0.257067233 0.157035619
v -0.095180936 0.257188529 0.159899697
v -0.094811677 0.257528901 0.163723171
v -0.094401001 0.257638574 0.166843280
v -0.096828631 0.258449405 0.123801485
v -0.096480347 0.257009178 0.126696020
v -0.096283323 0.256203920 0.129411399
v -0.096400342 0.258813977 0.133502960
v -0.096211142 0.257135749 0.137074992
v -0.096006333 0.255115181 0.141566768
v -0.095934189 0.256383300 0.145522013
v -0.095702580 0.255276620 0.149193645
v -0.095447242 0.254713804 0.152935028
v -0.095156080 0.254584163 0.156725287
v -0.094908907 0.254686296 0.159585655
v -0.094449043 0.253771514 0.163253978
v -0.094009816 0.253088981 0.166570798
v -0.096617854 0.254397660 0.123303339
v -0.096375696 0.254144430 0.126032859
v -0.096186563 0.254839718 0.130185559
v -0.096087448 0.253990054 0.132909477
v -0.096012078 0.252787501 0.136545449
v -0.095928959 0.252119988 0.141205132
v -0.095827326 0.252420276 0.145042121
v -0.095630273 0.251574785 0.148747042
v -0.095362670 0.251128912 0.152502239
v -0.095039382 0.251014173 0.156293124
v -0.094796776 0.250519097 0.159083113
v -0.094441577 0.250198275 0.162828371
v -0.094312243 0.249302715 0.166137651
v -0.096762649 0.251120985 0.122787438
v -0.096454605 0.250857443 0.125958219
v -0.096303537 0.250380844 0.128718570
v -0.096221677 0.249599695 0.132396027
v -0.096148446 0.249374300 0.136148557
v -0.096102066 0.249369219 0.139938414
v -0.096056692 0.248493418 0.144588128
v -0.095922067 0.248009115 0.148339421
v -0.095650285 0.247969866 0.151951671
v -0.095600798 0.247178823 0.154915005
v -0.095395490 0.246751130 0.158671290
v -0.095301955 0.246525362 0.162444383
v -0.095441192 0.246093258 0.165252149
v -0.097664676 0.247512996 0.122413404
v -0.097341447 0.247349426 0.124652557
v -0.097127288 0.246733814 0.128335610
v -0.097042910 0.246186450 0.132041648
v -0.097037814 0.245714203 0.135769352
v -0.097129903 0.245181084 0.139504746
v -0.096940092 0.245266050 0.143782452
v -0.096624567 0.245462835 0.147760913
v -0.096535615 0.245192394 0.150909975
v -0.096499457 0.244715825 0.154677197
v -0.096217959 0.244850755 0.158496067
v -0.098942026 0.245439723 0.122246347
v -0.098424814 0.245386541 0.124486223
v -0.098189234 0.244814962 0.128173545
v -0.098065577 0.244342670 0.131886214
v -0.098011627 0.243965849 0.135622233
v -0.102507866 0.262139380 0.124409445
v -0.096485376 0.244558975 0.164943680
v -0.102244391 0.247592241 0.122669376
v -0.097845531 0.243375823 0.146951586
v -0.097652196 0.243342653 0.150759459
v -0.097785070 0.243009999 0.154554710
v -0.097955740 0.242844611 0.158366397
v -0.097916252 0.243049234 0.161481649
v -0.098268359 0.243059725 0.164962128
v -0.100989483 0.244054541 0.122209936
v -0.100372776 0.243900865 0.124431975
v -0.100401863 0.243050218 0.128573924
v -0.100203424 0.242567867 0.132281318
v -0.099969312 0.242219985 0.136168450
v -0.099347159 0.242434591 0.139316425
v -0.099685497 0.241846338 0.143070653
v -0.099951922 0.241362810 0.146844059
v -0.099718078 0.241380572 0.150655732
v -0.099933303 0.241166681 0.154470593
v -0.100199431 0.241132617 0.158304051
v -0.105694964 0.264752090 0.125930801
v -0.105251364 0.264485627 0.128200144
v -0.105295918 0.262853503 0.124456249
v -0.105508997 0.246661246 0.122529328
v -0.101097687 0.241038740 0.162155628
v -0.101876988 0.241282672 0.165656924
v -0.104476868 0.242845923 0.121837579
v -0.104225046 0.242301166 0.124484591
v -0.103916846 0.241624728 0.128153190
v -0.103019848 0.241242304 0.131827116
v -0.102776691 0.240763307 0.135538876
v -0.102545693 0.240394011 0.139273658
v -0.102922521 0.239879102 0.143039480
v -0.102665021 0.239759535 0.146823749
v -0.103008724 0.239541337 0.150644094
v -0.102723896 0.239735976 0.154476374
v -0.102467037 0.240085438 0.158322603
v -0.102850422 0.240358144 0.162185252
v -0.104272156 0.240815789 0.131854936
v -0.104021712 0.240295246 0.135561243
v -0.103779606 0.239887610 0.139290795
v -0.104819424 0.239139885 0.143070698
v -0.104550450 0.238999486 0.146851927
v -0.110698684 0.265959769 0.108796880
v -0.110108673 0.265664667 0.111322947
v -0.109829738 0.264848173 0.113956518
v -0.108740128 0.264670491 0.123100318
v -0.107841998 0.264513135 0.124509312
v -0.110709175 0.262999594 0.108490989
v -0.109880640 0.263751984 0.111027718
v -0.109823658 0.264451087 0.113908708
v -0.108765408 0.261524826 0.122460000
v -0.108034580 0.261674225 0.124089427
v -0.110582783 0.251105011 0.107109338
v -0.109349652 0.250841767 0.109452546
v -0.108682580 0.249478847 0.120856814
v -0.108405575 0.249257699 0.122728765
v -0.110446967 0.249530360 0.106818683
v -0.109185159 0.249260992 0.109216377
v -0.108407400 0.248419911 0.120801181
v -0.107461899 0.247767270 0.122258335
v -0.104180283 0.240508497 0.165709749
v -0.110082320 0.246778458 0.109223023
v -0.109886899 0.242902294 0.117357828
v -0.108693182 0.243493795 0.119042397
v -0.106957763 0.242474288 0.120935805
v -0.106087453 0.241813734 0.124544054
v -0.105967134 0.238665238 0.154553637
v -0.105651572 0.239066929 0.158402503
v -0.105381749 0.239627615 0.162258103
v -0.105640485 0.240076080 0.165240929
v -0.107321314 0.241552904 0.124590836
v -0.107060685 0.240824223 0.128255695
v -0.106832787 0.240143150 0.131935775
v -0.106622136 0.239552170 0.135636136
v -0.106411292 0.239079192 0.139359906
v -0.106864511 0.238558218 0.143130094
v -0.106603681 0.238398477 0.146909684
v -0.106295488 0.238437459 0.150719911
v -0.113124184 0.266022563 0.107966676
v -0.111445724 0.266116768 0.109489545
v -0.113009750 0.264123261 0.107545890
v -0.111428230 0.264975131 0.109352089
v -0.112797774 0.251247793 0.105641700
v -0.112713463 0.249676451 0.105316907
v -0.113076031 0.247130975 0.105914384
v -0.112958215 0.245286614 0.109187454
v -0.112852096 0.244775146 0.112189189
v -0.110817000 0.243902445 0.115792803
v -0.111541136 0.242739573 0.117484339
v -0.108938559 0.238177478 0.155957729
v -0.109165467 0.238404781 0.158545554
v -0.108882173 0.238840610 0.161435127
v -0.108231708 0.239625558 0.165477961
v -0.111284471 0.241886318 0.121120490
v -0.111079037 0.241060287 0.124769464
v -0.110928095 0.240254104 0.128431290
v -0.110827810 0.239499748 0.132110342
v -0.110743760 0.238828003 0.135808975
v -0.110998317 0.238177523 0.140016183
v -0.110152885 0.237877920 0.144018546
v -0.109873406 0.237729967 0.148183212
v -0.109855271 0.237784609 0.151823729
v -0.111045054 0.237759411 0.154766321
v -0.116823248 0.266013563 0.107570745
v -0.116853281 0.264255464 0.107083067
v -0.116448886 0.251253486 0.105129853
v -0.116719059 0.249783620 0.104858391
v -0.116681828 0.247112840 0.105606198
v -0.116141043 0.245466337 0.108477697
v -0.115476935 0.243446946 0.114073537
v -0.115262083 0.242584303 0.117704034
v -0.113557763 0.237941325 0.158767343
v -0.113170042 0.238382772 0.161650956
v -0.112551875 0.239228740 0.166084990
v -0.115104056 0.241736263 0.121345453
v -0.115013271 0.240900278 0.124999098
v -0.114999256 0.240074545 0.128666312
v -0.114325612 0.239289746 0.132305279
v -0.114616662 0.238461420 0.136640698
v -0.114616542 0.237887934 0.140367821
v -0.113987922 0.237481683 0.144721329
v -0.113793223 0.237342224 0.147874400
v -0.114421099 0.237330481 0.152057648
v -0.113945253 0.237609595 0.155887261
v -0.119718313 0.265767097 0.108869188
v -0.120694212 0.265458584 0.110641778
v -0.119771197 0.264924437 0.108711511
v -0.120804145 0.264668316 0.110707290
v -0.119774460 0.248434022 0.106370963
v -0.119133561 0.246925101 0.106853478
v -0.119781143 0.245647103 0.107737221
v -0.119491048 0.243586347 0.114347026
v -0.117961473 0.242659882 0.117885470
v -0.116494871 0.237841785 0.158940241
v -0.116039186 0.238267899 0.161817744
v -0.115828476 0.238981858 0.165752903
v -0.117875337 0.241825908 0.121532135
v -0.117855220 0.240996659 0.125190213
v -0.117910899 0.240169525 0.128861144
v -0.118023164 0.239364088 0.132546902
v -0.118161439 0.238460243 0.137179717
v -0.118206143 0.237871125 0.140908837
v -0.118133902 0.237452641 0.144661620
v -0.117893159 0.237249687 0.148440585
v -0.117477565 0.237280816 0.152244344
v -0.116940565 0.237529844 0.156066298
v -0.124491602 0.265022188 0.114828579
v -0.125391453 0.262584656 0.109441482
v -0.124477907 0.264128745 0.114721008
v -0.125210456 0.250771374 0.108019091
v -0.122582115 0.247382358 0.110307910
v -0.123764149 0.245476231 0.107807539
v -0.123665384 0.243942365 0.114651665
v -0.122285790 0.242201656 0.121855244
v -0.123854003 0.241576344 0.125637740
v -0.119696505 0.237688020 0.157214165
v -0.119358569 0.237888083 0.159125626
v -0.120189934 0.238366902 0.162090287
v -0.119494005 0.239004314 0.165884659
v -0.120848961 0.241227761 0.125406757
v -0.120949543 0.240412846 0.129081830
v -0.121091455 0.239614218 0.132770270
v -0.121245041 0.238708407 0.137403920
v -0.121285527 0.238107637 0.141131446
v -0.121194273 0.237666532 0.144880310
v -0.121655002 0.237510949 0.148708969
v -0.121178686 0.237483084 0.152501464
v -0.120731368 0.237595111 0.155356601
v -0.125303946 0.264917254 0.116249323
v -0.126195549 0.265142649 0.118992746
v -0.126826509 0.264855891 0.122187279
v -0.127411395 0.264023542 0.125272721
v -0.127410977 0.264210433 0.129565120
v -0.125857606 0.263476610 0.109671250
v -0.126592255 0.263135970 0.110723250
v -0.126268081 0.262658298 0.116785869
v -0.126632146 0.262536854 0.118198968
v -0.127285927 0.261163324 0.123564310
v -0.127109967 0.261364579 0.125845164
v -0.125608354 0.250740975 0.108220927
v -0.126272253 0.250618130 0.109156758
v -0.126115746 0.249876469 0.115336254
v -0.126388743 0.249729931 0.116518565
v -0.127715460 0.248951018 0.122818805
v -0.127110458 0.248846069 0.123767391
v -0.125658690 0.249610662 0.107980922
v -0.126459687 0.249462143 0.109112404
v -0.126247756 0.248732880 0.115196154
v -0.126507751 0.248593315 0.116322160
v -0.127707093 0.248405024 0.122753061
v -0.127102091 0.248300076 0.123701654
v -0.127365141 0.246026143 0.108405210
v -0.126800909 0.244408548 0.114899553
v -0.127111010 0.242888734 0.122239150
v -0.126812077 0.241274998 0.129555091
v -0.126970007 0.240548953 0.133253843
v -0.124521329 0.237986818 0.153728619
v -0.123982779 0.238103643 0.156577319
v -0.123417034 0.238300115 0.159429654
v -0.123797558 0.238798559 0.162558615
v -0.123636983 0.239458621 0.166301966
v -0.123983591 0.240788087 0.129318193
v -0.124859452 0.240140721 0.133071393
v -0.124743655 0.239276141 0.137377039
v -0.124758407 0.238674358 0.141101867
v -0.124849393 0.238225028 0.145177811
v -0.124517850 0.237946585 0.148941457
v -0.123816266 0.237823859 0.152389184
v -0.131119571 0.265323311 0.111774892
v -0.130257598 0.263852566 0.125499800
v -0.127864114 0.263749361 0.129538640
v -0.131013549 0.264153242 0.113092810
v -0.130857370 0.262272626 0.114975803
v -0.128875404 0.261246204 0.122600213
v -0.130173407 0.261555284 0.126034498
v -0.130641229 0.250118613 0.114007920
v -0.128504678 0.249117464 0.121335946
v -0.131027556 0.247216836 0.111278377
v -0.131132088 0.247874677 0.113511592
v -0.128922879 0.247843996 0.121263795
v -0.128557979 0.246191129 0.123594731
v -0.127086959 0.240395248 0.166759044
v -0.129803605 0.246409312 0.110552542
v -0.130056746 0.245378226 0.115212604
v -0.130577213 0.244688183 0.118913107
v -0.128590069 0.243983716 0.118706889
v -0.130113489 0.243672833 0.122519545
v -0.129971228 0.242834434 0.126172543
v -0.129194699 0.241859227 0.129775509
v -0.129395581 0.241207242 0.133486211
v -0.128972910 0.240405917 0.137148097
v -0.128998033 0.239856958 0.140877888
v -0.128811038 0.239311934 0.145557836
v -0.128443322 0.239010498 0.149316013
v -0.127247527 0.238664746 0.153024539
v -0.127732209 0.239074320 0.156929433
v -0.127122886 0.239177912 0.159767970
v -0.127307332 0.239668682 0.162558347
v -0.126403905 0.239892021 0.165508941
v -0.127091362 0.239718705 0.137894601
v -0.127096526 0.239279255 0.140688494
v -0.126910611 0.238703907 0.145365193
v -0.126551732 0.238408417 0.149124831
v -0.134598202 0.265218318 0.112036429
v -0.135595686 0.265242726 0.116152115
v -0.134476356 0.264114529 0.113204546
v -0.134401343 0.262267679 0.115631700
v -0.135196797 0.260814309 0.121773198
v -0.133678711 0.258764327 0.116147898
v -0.134583987 0.258260101 0.121742167
v -0.135026223 0.257900745 0.124538921
v -0.133230112 0.255648017 0.115439676
v -0.134175382 0.255427808 0.121373981
v -0.134698934 0.254730493 0.124762751
v -0.132947392 0.251458347 0.114916869
v -0.133633516 0.250236660 0.119770028
v -0.133898250 0.249889240 0.121622607
v -0.134406484 0.250549734 0.124553464
v -0.134742565 0.249177754 0.127231464
v -0.132054872 0.243702397 0.167849571
v -0.132467202 0.248520419 0.114480518
v -0.132814176 0.246874258 0.119313590
v -0.133557356 0.246715352 0.123412415
v -0.134046114 0.246215031 0.127146989
v -0.134105540 0.244942144 0.130453780
v -0.134150288 0.243996143 0.134119600
v -0.132323242 0.241603941 0.157524079
v -0.131719641 0.241576269 0.160347849
v -0.131035648 0.241690740 0.163173869
v -0.130231968 0.241981819 0.166850433
v -0.131903193 0.245472476 0.119088851
v -0.132314495 0.244829118 0.122795090
v -0.132232941 0.243881956 0.126439914
v -0.132246844 0.243143380 0.130121753
v -0.132583416 0.242666304 0.133862138
v -0.132416002 0.242006943 0.137557015
v -0.132144413 0.241325602 0.141252011
v -0.132041685 0.240899548 0.145951211
v -0.131715811 0.240623891 0.149715275
v -0.131162710 0.240423694 0.153482214
v -0.130475602 0.240302056 0.157250136
v -0.129854969 0.240328342 0.160078958
v -0.135922588 0.265022457 0.117939830
v -0.136229760 0.264804572 0.119710386
v -0.136669598 0.264465421 0.122470990
v -0.137154348 0.264042228 0.125924110
v -0.137478865 0.262999475 0.130300477
v -0.137928180 0.262870103 0.133829400
v -0.138205058 0.262798011 0.136123851
v -0.135930918 0.262446791 0.122636132
v -0.136142201 0.261244804 0.125946075
v -0.136636249 0.260853797 0.129500329
v -0.137032680 0.260541260 0.132499367
v -0.137566245 0.260166168 0.136260793
v -0.137742616 0.257746428 0.139765665
v -0.135339788 0.257747412 0.126417056
v -0.135842524 0.257660240 0.129257113
v -0.136379979 0.257724702 0.132121682
v -0.137011177 0.257303327 0.135883793
v -0.137354992 0.254735351 0.139382809
v -0.135984800 0.250901639 0.168957353
v -0.135360263 0.254007280 0.128789842
v -0.135894544 0.254035771 0.131651059
v -0.136484302 0.252912462 0.135328040
v -0.137135319 0.251945436 0.139984936
v -0.137542702 0.252221555 0.142889306
v -0.136073507 0.248389646 0.161446214
v -0.135659970 0.248751044 0.165267736
v -0.135223291 0.248760596 0.168146744
v -0.135100059 0.250582963 0.128677577
v -0.135494433 0.250164896 0.131164387
v -0.135888270 0.248540699 0.134770438
v -0.136454678 0.248463288 0.139054045
v -0.136831633 0.248350069 0.143143982
v -0.136641837 0.247013614 0.147160992
v -0.136441252 0.246583298 0.150726348
v -0.136217318 0.246760190 0.154754579
v -0.135624013 0.246274084 0.157818168
v -0.134818129 0.245539695 0.161023393
v -0.134042419 0.245212600 0.164264739
v -0.133067630 0.244835630 0.167540699
v -0.134877122 0.246711284 0.130713567
v -0.135106198 0.245795697 0.134394258
v -0.135180584 0.244887441 0.138074428
v -0.135490782 0.244790018 0.141875476
v -0.135081372 0.243781775 0.146486580
v -0.134881935 0.243605599 0.150271744
v -0.134433768 0.243407890 0.154047534
v -0.134054444 0.243490338 0.157670245
v -0.133270867 0.243131563 0.160634384
v -0.133026413 0.243560880 0.163526133
v -0.134172044 0.242832169 0.141559407
v -0.138249628 0.262738675 0.136610985
v -0.138722620 0.262126863 0.141632214
v -0.138985253 0.261297077 0.145219088
v -0.139278031 0.261265546 0.148622870
v -0.139371819 0.260753840 0.152952731
v -0.139281891 0.260431498 0.155641302
v -0.139027066 0.259977251 0.159446448
v -0.138675711 0.259548455 0.163052440
v -0.138215310 0.258967489 0.167115018
v -0.137932054 0.258371919 0.169075161
v -0.138100184 0.259921223 0.140047863
v -0.138502530 0.258276284 0.144621700
v -0.139050952 0.258474737 0.152312353
v -0.138926379 0.258102179 0.156092092
v -0.138700671 0.257675648 0.158901200
v -0.138269848 0.256990969 0.162615716
v -0.137769885 0.256292641 0.166303992
v -0.137560777 0.256855875 0.169718832
v -0.138090528 0.255262315 0.144236490
v -0.138472460 0.255530894 0.148101717
v -0.138406745 0.254530549 0.152119458
v -0.138150967 0.253780901 0.155526400
v -0.137777127 0.253336638 0.159280702
v -0.137409798 0.252950370 0.162078112
v -0.136995456 0.252569914 0.164860725
v -0.136598966 0.252616942 0.168441176
v -0.137759603 0.252382070 0.144823179
v -0.137688897 0.251135111 0.147527903
v -0.137627295 0.250678062 0.150971755
v -0.137158877 0.249534309 0.154955178
v -0.137037120 0.249993876 0.157876372
v -0.136707343 0.250286132 0.161714241
v -0.137045807 0.248394012 0.150981024
v -0.136861942 0.248275787 0.153827503
v -0.123171694 0.260390013 0.120214172
v -0.123018808 0.250413716 0.119012967
v -0.121074504 0.260266900 0.120852351
v -0.120923980 0.250445157 0.119669758
v -0.116844728 0.260564029 0.121512458
v -0.116684794 0.250127763 0.120255865
v -0.113435759 0.260220170 0.122389480
v -0.113830439 0.258514434 0.121923216
v -0.113710179 0.252101570 0.121148191
v -0.113284014 0.250359505 0.121204942
v -0.109629586 0.260651976 0.121296197
v -0.109471127 0.250311613 0.120051153
v -0.108017615 0.260683239 0.120228671
v -0.107862837 0.250583291 0.119012572
v -0.124035693 0.260703832 0.118407123
v -0.123879507 0.250511736 0.117179930
v -0.120264440 0.261145175 0.117709264
v -0.120099201 0.250362754 0.116410993
v -0.117374881 0.261051863 0.119012758
v -0.117209054 0.250231296 0.117709890
v -0.113576158 0.261111110 0.118984297
v -0.113410405 0.250295252 0.117681995
v -0.110859230 0.261284709 0.117747426
v -0.110693998 0.250502288 0.116449155
v -0.106622792 0.260989875 0.118157126
v -0.106466933 0.250819296 0.116932534
v -0.126468330 0.261127919 0.113476202
v -0.126395597 0.258633941 0.113400519
v -0.126313559 0.253649086 0.112877958
v -0.126316137 0.251196712 0.112280421
v -0.125891432 0.261401176 0.114870958
v -0.125121466 0.257410318 0.114203870
v -0.125142998 0.254693002 0.113954842
v -0.125726178 0.250617802 0.113572568
v -0.121722645 0.261471689 0.114972763
v -0.121556825 0.250651091 0.113669895
v -0.109380878 0.261658043 0.114995733
v -0.109215058 0.250837475 0.113692872
v -0.105153217 0.261728972 0.114838190
v -0.105602189 0.257606208 0.114105880
v -0.105642981 0.255049318 0.113686211
v -0.104987777 0.250933677 0.113538370
v -0.104651748 0.261463076 0.113816030
v -0.104611322 0.258921921 0.113450557
v -0.104530393 0.253972620 0.112677038
v -0.104498289 0.251449585 0.112610340
v -0.126451834 0.261362642 0.111528687
v -0.126398086 0.258863956 0.111501195
v -0.126327067 0.253848046 0.110928304
v -0.126299641 0.251431435 0.110332906
v -0.125935785 0.261891752 0.110485703
v -0.125053703 0.257909924 0.110581212
v -0.125119589 0.255075395 0.110164970
v -0.125771641 0.251180828 0.109196045
v -0.121969982 0.261904031 0.111350596
v -0.121804155 0.251083434 0.110047728
v -0.109139539 0.262101680 0.111341909
v -0.108973719 0.251281112 0.110039040
v -0.105241231 0.262284309 0.110595644
v -0.105676427 0.258132726 0.110502876
v -0.105673618 0.255415678 0.110187769
v -0.105074412 0.251398653 0.109284945
v -0.104629814 0.261689723 0.111888945
v -0.104615412 0.259209543 0.111427225
v -0.104544170 0.254234344 0.110746600
v -0.104476533 0.251687527 0.110684618
v -0.124677121 0.262304246 0.107024498
v -0.124513692 0.251639694 0.105740421
v -0.120127454 0.262333959 0.108014464
v -0.119961626 0.251513362 0.106711596
v -0.119113705 0.262464732 0.107057288
v -0.118947885 0.251644164 0.105754428
v -0.112056724 0.262576520 0.107027076
v -0.111890904 0.251755923 0.105724216
v -0.111024789 0.262477100 0.107984044
v -0.110858969 0.251656532 0.106681183
v -0.106425948 0.262592942 0.106648415
v -0.106263644 0.252001286 0.105374709
v -0.124280065 0.262123019 0.104683205
v -0.124281234 0.259119064 0.103066735
v -0.124189272 0.255450964 0.102685571
v -0.124126814 0.252372056 0.103513345
v -0.119243107 0.262342066 0.104653724
v -0.119202747 0.259330660 0.102937303
v -0.119146533 0.255662262 0.102495603
v -0.119089670 0.252329767 0.103448182
v -0.119093186 0.262350649 0.104660861
v -0.119053087 0.259345889 0.102909729
v -0.118996582 0.255658537 0.102465749
v -0.118939533 0.252324253 0.103453621
v -0.112093999 0.262418419 0.104502060
v -0.112027838 0.260186434 0.103077598
v -0.111948594 0.255014718 0.102454916
v -0.111942119 0.252507538 0.103308730
v -0.111942373 0.262283534 0.104378499
v -0.111639998 0.259885937 0.102963202
v -0.111571691 0.255343258 0.102416821
v -0.111795082 0.252672434 0.103221260
v -0.106538906 0.262609810 0.104655728
v -0.107170410 0.259781182 0.102873951
v -0.107200123 0.255467176 0.102371722
v -0.106383249 0.252452612 0.103432268
v -0.113738521 0.259559691 0.102047905
v -0.117392353 0.259497821 0.102083504
v -0.113667495 0.255806595 0.101647392
v -0.117353811 0.255766273 0.101660460
v -0.108242310 0.265355229 0.099852569
v -0.110398962 0.265777647 0.100458108
v -0.113655820 0.265956789 0.100810714
v -0.117356978 0.266350478 0.100840837
v -0.121423810 0.266669482 0.100511700
v -0.123948447 0.265695810 0.100481197
v -0.104679442 0.262131274 0.099501446
v -0.106361530 0.263522804 0.100267731
v -0.109666056 0.263540298 0.100453965
v -0.113918840 0.263720095 0.101194561
v -0.117095962 0.263788760 0.101288505
v -0.121700398 0.263411790 0.100422129
v -0.125155716 0.263232410 0.100150436
v -0.104496493 0.260558277 0.099577650
v -0.106488518 0.260272264 0.100334786
v -0.109202153 0.259810597 0.100453384
v -0.113412953 0.259947419 0.100527279
v -0.117606885 0.259950191 0.100481212
v -0.121966875 0.259148210 0.100379929
v -0.124891944 0.259769589 0.100152694
v -0.104397862 0.256385833 0.098858267
v -0.106656320 0.256213874 0.099810600
v -0.109074391 0.256090790 0.100058220
v -0.113371684 0.255819678 0.099993154
v -0.117535173 0.255680859 0.099982187
v -0.121894419 0.256378591 0.100041680
v -0.124834060 0.255756229 0.099493630
v -0.104535326 0.254233092 0.098681353
v -0.106109946 0.252624661 0.098887466
v -0.109456829 0.252470076 0.099122122
v -0.113814182 0.252364874 0.099886857
v -0.116896599 0.252222508 0.099980801
v -0.121527582 0.252203643 0.099098146
v -0.125135853 0.252217293 0.099007465
v -0.108017049 0.250855774 0.098066643
v -0.110188118 0.250176191 0.098454513
v -0.113463640 0.249814063 0.098706923
v -0.117072358 0.249442875 0.098814085
v -0.121021091 0.249012798 0.098367490
v -0.123705990 0.249899462 0.098596446
v -0.111010372 0.265803874 0.097981535
v -0.115967035 0.267395735 0.096649110
v -0.123217873 0.266267002 0.097052149
v -0.106422275 0.263593316 0.095651753
v -0.109091952 0.265187770 0.098141715
v -0.112854242 0.263337404 0.097906590
v -0.118418752 0.263249278 0.097930416
v -0.125802725 0.262767971 0.097170040
v -0.105260461 0.261071682 0.095022641
v -0.111160702 0.261052251 0.097621180
v -0.112256765 0.261585236 0.097692087
v -0.118962257 0.261479050 0.097720794
v -0.120041467 0.260911614 0.097659208
v -0.126251645 0.260770679 0.097025417
v -0.104388318 0.258689374 0.094607182
v -0.105080418 0.258567691 0.095523007
v -0.111075557 0.255495161 0.096952066
v -0.112154766 0.254927695 0.096890479
v -0.118860259 0.254821509 0.096919186
v -0.119956329 0.255354494 0.096990094
v -0.126163348 0.256108403 0.096139565
v -0.112698279 0.253157467 0.096680857
v -0.118262782 0.253069341 0.096704684
v -0.125718213 0.253470689 0.096487790
v -0.123086519 0.250498831 0.094737366
v -0.110822796 0.266663760 0.093616739
v -0.113744698 0.267141908 0.093741395
v -0.116380177 0.267398417 0.094343059
v -0.121518678 0.267487139 0.094242349
v -0.123884424 0.266775429 0.092414767
v -0.104744210 0.262454152 0.094195478
v -0.106489516 0.264365375 0.093313076
v -0.109196066 0.265674502 0.094433293
v -0.125758617 0.263853937 0.092002638
v -0.104549802 0.260871649 0.094158426
v -0.105396643 0.261461943 0.091902144
v -0.125913113 0.260558516 0.092053577
v -0.104470260 0.257581055 0.093185335
v -0.105152502 0.258981347 0.092082709
v -0.125829852 0.257070661 0.091590405
v -0.104631863 0.255121201 0.093312547
v -0.105631261 0.253447562 0.092822134
v -0.125603549 0.253655404 0.090701073
v -0.107801124 0.251699299 0.092032120
v -0.110358491 0.250789702 0.091274485
v -0.113447934 0.250134349 0.091178715
v -0.116179749 0.249726892 0.091671824
v -0.121246412 0.249716699 0.092102751
v -0.123638421 0.250768155 0.090487443
v -0.108299568 0.266762793 0.087950468
v -0.116616755 0.268193215 0.089462198
v -0.121481664 0.267992139 0.089387923
v -0.123147778 0.267777085 0.088785328
v -0.106464452 0.264652729 0.088829637
v -0.108623981 0.266155511 0.087856166
v -0.126338444 0.262710541 0.090242356
v -0.104704148 0.260655522 0.088915832
v -0.105474032 0.261991411 0.088908084
v -0.126283474 0.261572212 0.089935042
v -0.104653708 0.258654147 0.088459536
v -0.105160102 0.258308709 0.088660032
v -0.126171268 0.257125586 0.089140341
v -0.105855040 0.254263818 0.087415710
v -0.126239634 0.255143702 0.089431539
v -0.108078166 0.252312362 0.086210541
v -0.114898472 0.251616180 0.087678134
v -0.117426007 0.250695556 0.087490015
v -0.120875626 0.250574023 0.087341085
v -0.122907191 0.250461578 0.088359416
v -0.110733359 0.267426491 0.087000303
v -0.113601863 0.267889798 0.086982891
v -0.116051971 0.268045574 0.087194011
v -0.106176532 0.263578147 0.085912555
v -0.109462424 0.266572416 0.087491475
v -0.126288898 0.263385206 0.085783824
v -0.105256348 0.261406720 0.084342420
v -0.125993728 0.260962933 0.085421212
v -0.105101026 0.259066343 0.083823040
v -0.125925540 0.258153409 0.083849415
v -0.108308829 0.254550725 0.085896648
v -0.108751393 0.254642248 0.085080333
v -0.126128233 0.255658180 0.083147682
v -0.110265731 0.251565188 0.085165203
v -0.113319873 0.250972390 0.084963821
v -0.115758508 0.250659555 0.085110061
v -0.108639389 0.267495364 0.082426824
v -0.116098232 0.268119425 0.083084524
v -0.122794508 0.267852515 0.082555510
v -0.123942181 0.267622411 0.084183052
v -0.106670267 0.265357077 0.082508236
v -0.109417714 0.267221093 0.081185348
v -0.125550910 0.265055150 0.083728276
v -0.105758569 0.261828125 0.081151702
v -0.125899053 0.262161344 0.082297184
v -0.105589501 0.259150356 0.080863267
v -0.125835701 0.258086234 0.081742905
v -0.106439865 0.254995197 0.081264645
v -0.109665699 0.255096227 0.081193484
v -0.125387504 0.254452318 0.082444727
v -0.108415797 0.252901673 0.080669656
v -0.122553117 0.252096832 0.080658756
v -0.123553946 0.251825958 0.082020178
v -0.109955690 0.268279344 0.079034895
v -0.113842174 0.268319547 0.080034979
v -0.116763554 0.268915474 0.079958901
v -0.121198080 0.269140720 0.079824880
v -0.123060300 0.268816471 0.079768166
v -0.107376746 0.265930146 0.078931145
v -0.109010122 0.267118305 0.077464677
v -0.106119036 0.262819290 0.078628533
v -0.105967551 0.258785635 0.077976763
v -0.107081599 0.255446762 0.077521369
v -0.110636755 0.254978299 0.076845959
v -0.125994257 0.256654918 0.076386951
v -0.109279170 0.252958596 0.077196792
v -0.117139808 0.251537234 0.077751577
v -0.121096089 0.251539320 0.077703476
v -0.122796542 0.251884371 0.077142119
v -0.110631830 0.268812805 0.075346805
v -0.113630689 0.269441903 0.075221524
v -0.117490544 0.269615769 0.075241528
v -0.120896175 0.269795597 0.074763544
v -0.123753763 0.268674493 0.076536432
v -0.107773020 0.266843766 0.076171085
v -0.109551958 0.266511649 0.075536869
v -0.112956546 0.264821738 0.073624656
v -0.125466450 0.266013354 0.075742304
v -0.109286837 0.264466822 0.074011415
v -0.125704675 0.262919217 0.074559577
v -0.109086587 0.258949906 0.073552921
v -0.125694915 0.259111285 0.073938347
v -0.107593290 0.255020410 0.074746728
v -0.109561927 0.255581766 0.073484465
v -0.125298403 0.255545050 0.074321344
v -0.110375948 0.253196537 0.073536389
v -0.113257847 0.252498239 0.073260784
v -0.116892002 0.252452642 0.072810300
v -0.120547950 0.252116263 0.072633408
v -0.123508587 0.252697825 0.074612886
v -0.111543424 0.269319952 0.072094679
v -0.113874733 0.269352287 0.072771013
v -0.117779947 0.269305438 0.072716035
v -0.120930515 0.269532830 0.071690582
v -0.123897872 0.269385874 0.071135476
v -0.110887445 0.265669435 0.071579888
v -0.113494969 0.266982257 0.072538190
v -0.117718107 0.268005013 0.071763076
v -0.120633654 0.268361419 0.071067542
v -0.125935427 0.265293092 0.070571803
v -0.110238745 0.264822602 0.071023785
v -0.125890016 0.264719456 0.069876619
v -0.125120699 0.258988410 0.070122726
v -0.110341466 0.255157143 0.070487998
v -0.113112121 0.254364997 0.071412012
v -0.120918519 0.254279941 0.069390617
v -0.125800311 0.257385015 0.069098614
v -0.111322276 0.253546417 0.070024647
v -0.113625727 0.253249466 0.070625879
v -0.117454059 0.253047407 0.070810631
v -0.120667174 0.253057361 0.069732204
v -0.123625330 0.253276378 0.069136351
v -0.110149189 0.269826144 0.068592794
v -0.122021496 0.269624859 0.068777405
v -0.124010406 0.269333780 0.068604499
v -0.110245704 0.268601805 0.068253070
v -0.119317486 0.268006891 0.069787137
v -0.122158028 0.268568397 0.067974903
v -0.125129036 0.267378807 0.068484865
v -0.125535659 0.263827533 0.067619577
v -0.122686564 0.258992493 0.067256235
v -0.125287234 0.259278327 0.067123920
v -0.108793727 0.254802287 0.066595182
v -0.122403614 0.254890114 0.066938393
v -0.125165454 0.256001949 0.066908546
v -0.110031381 0.253911793 0.066589184
v -0.121706731 0.253600925 0.066882201
v -0.123752988 0.253980041 0.066550545
v -0.109879560 0.270221859 0.064836651
v -0.115888014 0.270674258 0.066475973
v -0.121985353 0.269978702 0.065161556
v -0.123856633 0.269403279 0.066372328
v -0.110104821 0.269090027 0.064473540
v -0.121647953 0.268910468 0.064496167
v -0.124625317 0.267801940 0.065738887
v -0.124451279 0.264939994 0.064745307
v -0.122913658 0.259243309 0.065144181
v -0.124912053 0.260243833 0.065276921
v -0.108700886 0.255226225 0.063086078
v -0.122583567 0.255011290 0.063104592
v -0.125110246 0.256171495 0.064788193
v -0.109876870 0.254352838 0.062872849
v -0.115623369 0.253401041 0.064396173
v -0.121628060 0.254187346 0.063318402
v -0.123779065 0.254229784 0.064546347
v -0.111332356 0.270482749 0.061973054
v -0.114065430 0.270730078 0.060600560
v -0.118020906 0.270671368 0.060727116
v -0.120548069 0.270247996 0.061922491
v -0.110982216 0.269744068 0.061439924
v -0.113933615 0.269359291 0.060837355
v -0.117948047 0.269269586 0.060659736
v -0.121348492 0.268667459 0.060824707
v -0.118386037 0.265051067 0.059191544
v -0.120957001 0.264887750 0.060707178
v -0.118787288 0.259496063 0.058421005
v -0.121265418 0.260063320 0.059141640
v -0.110553599 0.255609810 0.059664659
v -0.113168589 0.255781502 0.057905983
v -0.118253692 0.255701244 0.057925288
v -0.120550438 0.255481273 0.059460077
v -0.111047252 0.254901826 0.060073629
v -0.113656632 0.254778594 0.058871396
v -0.117448575 0.254687667 0.058864716
v -0.120191261 0.254721731 0.060119290
v -0.115350946 0.270185918 0.059244093
v -0.117031119 0.270154029 0.059295066
v -0.115207858 0.270049721 0.059200160
v -0.118532150 0.269358486 0.058871053
v -0.121456108 0.268488854 0.058048468
v -0.118367291 0.264746755 0.058655906
v -0.121047243 0.265955061 0.058416422
v -0.118949554 0.259786457 0.057791207
v -0.121209993 0.260338455 0.057311326
v -0.115112110 0.255804807 0.057464913
v -0.116709157 0.255773634 0.057520583
v -0.115113399 0.255522966 0.057504870
v -0.116301782 0.255505055 0.057502486
v -0.123918376 0.269622087 0.066245377
v -0.125334046 0.267388046 0.065957658
v -0.125559814 0.263757199 0.065516844
v -0.125500798 0.259836793 0.065044791
v -0.125149063 0.256316870 0.064624809
v -0.123600214 0.254191190 0.064388454
v -0.122542463 0.270310163 0.066346124
v -0.122119955 0.266225934 0.065859020
v -0.122054450 0.261952162 0.065344416
v -0.121988959 0.257678390 0.064829841
v -0.122189663 0.253548414 0.064329147
v -0.123693749 0.269708842 0.065063439
v -0.124827779 0.268008947 0.064936712
v -0.125332444 0.264229327 0.064113826
v -0.125273570 0.260034502 0.063586473
v -0.124637052 0.256061614 0.063498661
v -0.123389750 0.254429042 0.063205443
v -0.122272685 0.270369828 0.064126194
v -0.122009493 0.254036129 0.062266510
v -0.123396731 0.269907594 0.061542794
v -0.124531239 0.268400341 0.061350659
v -0.125000566 0.264638573 0.060582623
v -0.125032529 0.260030597 0.060323950
v -0.124349854 0.256564200 0.059925515
v -0.123169652 0.255089402 0.059758592
v -0.121092386 0.270638049 0.061405897
v -0.120823964 0.254465193 0.059498470
v -0.117892302 0.270924598 0.060024254
v -0.117699183 0.254570723 0.058145769
v -0.113478243 0.270810962 0.060010582
v -0.113191418 0.254806012 0.058191303
v -0.111552499 0.270514071 0.060264822
v -0.110683955 0.269219339 0.059826531
v -0.111551880 0.262662053 0.060785510
v -0.110806792 0.256588846 0.058474556
v -0.111331604 0.255160272 0.058401555
v -0.123153082 0.270265669 0.057745285
v -0.124336309 0.268567473 0.057542067
v -0.124975174 0.265080541 0.057280574
v -0.124948501 0.261087358 0.056916013
v -0.124163821 0.257311672 0.056186795
v -0.122929103 0.255650282 0.055985495
v -0.121173709 0.270708472 0.057428472
v -0.122700251 0.269944519 0.057758678
v -0.122486136 0.255972594 0.056076370
v -0.121119648 0.255390197 0.055420540
v -0.116945043 0.270823181 0.058727086
v -0.116164490 0.254990131 0.057221401
v -0.115088857 0.270792127 0.059135899
v -0.114756025 0.255040020 0.057248130
v -0.110638186 0.270303279 0.059016045
v -0.109639242 0.269455165 0.057773713
v -0.109433740 0.256841749 0.056279771
v -0.110400371 0.255689889 0.057242353
v -0.107879213 0.268111527 0.056198768
v -0.106972813 0.266008854 0.056164797
v -0.106901936 0.261217415 0.055590648
v -0.107726700 0.258551151 0.055067956
v -0.124070212 0.268856555 0.053745430
v -0.124730549 0.265245080 0.053398818
v -0.124723389 0.261738837 0.052927703
v -0.123902916 0.257940024 0.052431010
v -0.120868302 0.270991832 0.053655826
v -0.122107006 0.270310342 0.053928453
v -0.121896050 0.256544322 0.052270938
v -0.120638318 0.255984724 0.051848873
v -0.117679007 0.271074265 0.053742100
v -0.117351248 0.256016433 0.051837325
v -0.113546408 0.271045595 0.054075252
v -0.112595930 0.270691872 0.053170722
v -0.113052800 0.256633103 0.051181141
v -0.113316669 0.256054133 0.052270185
v -0.111473627 0.270878673 0.054326996
v -0.110183074 0.270005047 0.053680010
v -0.109987757 0.257259846 0.052145407
v -0.111248969 0.256219059 0.052561887
v -0.107475533 0.267636716 0.054481473
v -0.107124715 0.265827060 0.054318011
v -0.107093766 0.261436790 0.053733505
v -0.107334904 0.259457737 0.053527411
v -0.123885050 0.269061714 0.049943760
v -0.124589778 0.265700430 0.049766496
v -0.124522261 0.262200415 0.049223240
v -0.123725473 0.258648604 0.048689954
v -0.120684414 0.271389008 0.049992912
v -0.121632933 0.270797342 0.050078657
v -0.121421485 0.256999373 0.048417293
v -0.120455846 0.256473899 0.048197035
v -0.117773920 0.271468997 0.049841579
v -0.116562813 0.271123827 0.049802817
v -0.116344854 0.256900966 0.048090298
v -0.117544829 0.256520033 0.048041631
v -0.113610058 0.271522552 0.049906332
v -0.113647974 0.271027714 0.049859684
v -0.113434061 0.257068872 0.048178948
v -0.113381042 0.256578445 0.048106968
v -0.111630484 0.271258265 0.049941387
v -0.109811767 0.270046622 0.049762346
v -0.109629615 0.258160412 0.048331171
v -0.111410237 0.256886542 0.048210945
v -0.107717536 0.268247426 0.050619714
v -0.107104517 0.266277373 0.050217181
v -0.107119411 0.262021959 0.049572431
v -0.107587583 0.259767175 0.049598642
v -0.123738601 0.269157767 0.046129685
v -0.124276250 0.266446143 0.045040362
v -0.124227031 0.262452155 0.044643898
v -0.123590059 0.259464890 0.044962600
v -0.120925590 0.271779686 0.046573874
v -0.121321067 0.271176666 0.046468213
v -0.120951756 0.257471830 0.044861246
v -0.120509877 0.256873339 0.044838831
v -0.116485833 0.272012413 0.046168070
v -0.116491593 0.271515518 0.046112891
v -0.117085411 0.257341653 0.044589829
v -0.117066927 0.256846219 0.044525232
v -0.113754533 0.271865636 0.046681959
v -0.113791808 0.271371216 0.046629500
v -0.113264314 0.257565558 0.044670653
v -0.113200649 0.257075608 0.044604260
v -0.109618246 0.270126939 0.046417478
v -0.109445921 0.258882076 0.045063525
v -0.107846207 0.268529266 0.046640042
v -0.107447080 0.266929805 0.046131108
v -0.107394657 0.262688637 0.045689654
v -0.107722148 0.260434061 0.045665331
v -0.123556703 0.269603312 0.043437216
v -0.124271564 0.267076343 0.042807717
v -0.124183699 0.262253881 0.042122558
v -0.123394302 0.259669870 0.042260952
v -0.120471745 0.272276044 0.042603359
v -0.121077678 0.271552026 0.042786166
v -0.120831459 0.258002043 0.041131247
v -0.120228983 0.257366866 0.040814001
v -0.116783641 0.272498012 0.041901816
v -0.116942189 0.271986455 0.041988201
v -0.116736523 0.257906139 0.040292148
v -0.116493955 0.257445633 0.040021811
v -0.114227756 0.272389233 0.042254936
v -0.114154085 0.271897256 0.042119436
v -0.113941825 0.258046210 0.040451474
v -0.113964393 0.257530153 0.040522952
v -0.109477490 0.269955367 0.042553846
v -0.108344651 0.267158061 0.041983403
v -0.108283586 0.262933791 0.041468479
v -0.109358325 0.259936184 0.041369945
v -0.108131967 0.268801957 0.042195480
v -0.107850946 0.266939163 0.042260904
v -0.107805944 0.262997895 0.041726865
v -0.108013249 0.261219889 0.041285012
v -0.123359076 0.269937247 0.040194120
v -0.124084457 0.267305970 0.038927037
v -0.123962528 0.262894243 0.038163129
v -0.123208753 0.260128111 0.039013039
v -0.120321132 0.272666484 0.039112855
v -0.121069162 0.271908253 0.039615732
v -0.119499251 0.265418440 0.036881443
v -0.120779268 0.258397222 0.038056046
v -0.120050497 0.257823586 0.037313640
v -0.117767125 0.272688776 0.040107224
v -0.118129223 0.272126287 0.040870629
v -0.117744400 0.265262604 0.038399160
v -0.115626953 0.265208274 0.039119933
v -0.117917246 0.258000016 0.039169360
v -0.117582157 0.257632345 0.038368303
v -0.113365478 0.272531539 0.040309682
v -0.112656056 0.272023678 0.040532485
v -0.113019950 0.265318632 0.038535215
v -0.114640444 0.265227556 0.039085161
v -0.112421929 0.258353442 0.038829785
v -0.113211557 0.257870167 0.038569797
v -0.111313246 0.272878826 0.037873056
v -0.110537633 0.271123439 0.040028885
v -0.110476322 0.267668873 0.038657933
v -0.110387891 0.263089150 0.038087431
v -0.110311917 0.259438276 0.038658321
v -0.111088089 0.258186638 0.036104023
v -0.108051627 0.267464072 0.040701512
v -0.107985295 0.263080359 0.040172860
v -0.123263552 0.270473748 0.035086289
v -0.123896233 0.267846107 0.034972768
v -0.123814664 0.263355881 0.034415539
v -0.123120419 0.260855198 0.033906374
v -0.120399474 0.272971243 0.036259592
v -0.121867604 0.272023946 0.035983384
v -0.120044216 0.265542775 0.035779417
v -0.120297819 0.265737087 0.034133505
v -0.121660083 0.259147882 0.034446832
v -0.120192177 0.258209884 0.034471855
v -0.115431859 0.273155570 0.035050269
v -0.115206710 0.258463413 0.033281237
v -0.110604375 0.273105353 0.036081765
v -0.110379218 0.258413196 0.034312736
v -0.123228870 0.270894229 0.033669621
v -0.123986631 0.268459380 0.033366121
v -0.123919047 0.263541758 0.032773908
v -0.123099975 0.260782450 0.032451730
v -0.120373867 0.273207664 0.033684667
v -0.121700800 0.272572368 0.033894267
v -0.122104734 0.265836954 0.033074159
v -0.120204724 0.265862674 0.033102371
v -0.121581755 0.259178668 0.032279972
v -0.120177291 0.258588582 0.031952720
v -0.118535071 0.273573786 0.031182112
v -0.118309922 0.258881599 0.029413082
v -0.112222052 0.273658663 0.031280458
v -0.111996896 0.258966506 0.029511429
v -0.110845722 0.273443103 0.033245884
v -0.110620573 0.258750945 0.031476852
v -0.116810232 0.273706406 0.030300098
v -0.116585075 0.259014249 0.028531067
v -0.114401876 0.273748279 0.030258721
v -0.114176727 0.259056121 0.028489690
v -0.124175831 0.268580467 0.032930259
v -0.124193884 0.267223030 0.032895789
v -0.124142132 0.264298022 0.032413531
v -0.124108500 0.263211519 0.032381020
v -0.122233621 0.272497922 0.033513721
v -0.122840955 0.271180660 0.033420552
v -0.123519278 0.269259363 0.033176906
v -0.123125463 0.267897516 0.033144109
v -0.123062498 0.263788760 0.032649387
v -0.123458631 0.262586981 0.032372091
v -0.122740685 0.260600477 0.032149531
v -0.122013933 0.259271085 0.031813137
v -0.120898119 0.273013294 0.033448886
v -0.120759688 0.271331400 0.033208564
v -0.120593860 0.260510772 0.031905696
v -0.120580971 0.258831650 0.031629026
v -0.124095193 0.268636644 0.031463023
v -0.124091178 0.266954064 0.031042460
v -0.124044380 0.264333308 0.030727152
v -0.124035976 0.263223201 0.031244759
v -0.122095540 0.272705823 0.032216262
v -0.122588418 0.271662861 0.031108966
v -0.123935311 0.269685686 0.031161059
v -0.123792186 0.262396693 0.030371366
v -0.122376449 0.260584354 0.029734081
v -0.121920883 0.259393662 0.030653339
v -0.120953149 0.273213089 0.031809539
v -0.121106132 0.271731943 0.030892503
v -0.120936482 0.260661006 0.029559491
v -0.120614938 0.259039044 0.030063750
v -0.119034379 0.273598850 0.031592548
v -0.118867672 0.271981508 0.031396102
v -0.118689678 0.260366797 0.029997617
v -0.118624240 0.258792073 0.029705031
v -0.123961061 0.267179191 0.028468071
v -0.123928695 0.265255153 0.028236508
v -0.121896348 0.273178011 0.028347252
v -0.122473023 0.271682799 0.028932776
v -0.122746206 0.269890726 0.027986243
v -0.123905747 0.268426150 0.027969327
v -0.123868480 0.264818400 0.027534293
v -0.122653610 0.263150066 0.027174253
v -0.122314818 0.261157006 0.027641311
v -0.121765427 0.259885967 0.026763614
v -0.120768152 0.273590654 0.029087948
v -0.121128395 0.271788359 0.029131332
v -0.121317580 0.270159751 0.027835317
v -0.121206432 0.262906700 0.026962003
v -0.120963424 0.261023521 0.027835177
v -0.120603315 0.259339392 0.027397392
v -0.118019208 0.273961365 0.029495398
v -0.117519043 0.271489054 0.028469311
v -0.117580607 0.270649433 0.028525941
v -0.117453887 0.262380213 0.027530275
v -0.117425098 0.261389852 0.027171098
v -0.118059456 0.258952856 0.027900077
v -0.115656949 0.274010777 0.029587815
v -0.115598857 0.272179157 0.029364597
v -0.116083711 0.270492524 0.028558029
v -0.115962304 0.262570173 0.027604127
v -0.115488894 0.260801136 0.027934477
v -0.115483082 0.258922547 0.027802851
v -0.114081896 0.273711860 0.029218536
v -0.114042989 0.272060066 0.028728947
v -0.113822787 0.261074454 0.027424436
v -0.113872907 0.259348243 0.027483959
v -0.111706241 0.273333967 0.029979466
v -0.112716987 0.271379679 0.029168198
v -0.112111680 0.269620746 0.028871378
v -0.112003139 0.263473153 0.028157154
v -0.112545795 0.261699587 0.027996212
v -0.111534647 0.259599000 0.028316608
v -0.110360272 0.272737175 0.029042758
v -0.110171958 0.260448515 0.027563127
v -0.123850375 0.266874254 0.025829339
v -0.123852990 0.265817195 0.026352752
v -0.121877103 0.273396641 0.026686274
v -0.122839160 0.272309989 0.026521735
v -0.123658448 0.270022869 0.026086552
v -0.123819805 0.268365860 0.026010809
v -0.123770825 0.265217364 0.025414616
v -0.123540870 0.263194978 0.025525425
v -0.122670970 0.261080593 0.025126087
v -0.121683761 0.260006815 0.025290778
v -0.120912320 0.273798823 0.027018562
v -0.120287358 0.272047877 0.027090926
v -0.119998611 0.269641370 0.026338737
v -0.119526415 0.268885493 0.026060857
v -0.119469590 0.264613539 0.025535209
v -0.119901425 0.263820797 0.025627483
v -0.120122358 0.261281163 0.025794547
v -0.120498291 0.259556115 0.025105288
v -0.118226468 0.273929089 0.026988564
v -0.118118531 0.272014648 0.027622087
v -0.118915319 0.269755602 0.026810007
v -0.119387104 0.268797874 0.026244028
v -0.119323767 0.264664978 0.025746403
v -0.118814870 0.263621360 0.026073027
v -0.118098981 0.261093825 0.026238488
v -0.118029415 0.259491831 0.025253449
v -0.116498693 0.273877889 0.027674086
v -0.116441055 0.271841854 0.028112717
v -0.116011746 0.270582050 0.027984483
v -0.115889757 0.262621522 0.027025985
v -0.116425968 0.261466742 0.026839167
v -0.116292364 0.259482861 0.025904678
v -0.113818868 0.273762196 0.027794624
v -0.114736981 0.272199094 0.028283101
v -0.114565655 0.261019081 0.026936954
v -0.113615214 0.259643584 0.026094597
v -0.112053774 0.273478627 0.028140407
v -0.111204556 0.273195058 0.027242381
v -0.110900424 0.260443211 0.025781373
v -0.111817858 0.259975314 0.026156453
v -0.109892546 0.272315323 0.027804438
v -0.109694413 0.261180490 0.026505293
v -0.121850915 0.273707688 0.024445042
v -0.122570611 0.272269011 0.024454469
v -0.122274190 0.269849092 0.023774903
v -0.122957065 0.268787295 0.023569154
v -0.122960805 0.265061915 0.023110995
v -0.122192367 0.264147162 0.023089346
v -0.122375160 0.261573613 0.023167757
v -0.121633030 0.260229141 0.022931086
v -0.120170838 0.273997307 0.024391577
v -0.121475390 0.271427304 0.024875656
v -0.121333815 0.270123124 0.024179364
v -0.121204003 0.263609916 0.023567174
v -0.121336646 0.262373567 0.023785532
v -0.120151795 0.259935826 0.022849137
v -0.118673987 0.274091959 0.025026150
v -0.118390329 0.259799331 0.023358079
v -0.116157345 0.274197578 0.024864474
v -0.115994214 0.259850621 0.023068679
v -0.114165566 0.273975313 0.025445826
v -0.113970532 0.259982407 0.023761386
v -0.112473711 0.273666024 0.026051439
v -0.112313784 0.260183364 0.024400106
v -0.121757417 0.273937613 0.022848506
v -0.122708253 0.272848696 0.022684751
v -0.122266203 0.269651711 0.023024140
v -0.122421286 0.268912703 0.022816014
v -0.122358038 0.265150487 0.022363208
v -0.122123032 0.264538169 0.022449056
v -0.122487462 0.261405528 0.021308454
v -0.121620021 0.260449320 0.021222088
v -0.120416968 0.274072707 0.022984600
v -0.120590135 0.273814887 0.022069022
v -0.121505729 0.269368112 0.023197286
v -0.121430940 0.269125670 0.023159692
v -0.121367975 0.265016913 0.022664972
v -0.121435269 0.264770359 0.022643689
v -0.120403498 0.260727376 0.020630201
v -0.120207749 0.260251731 0.021395555
v -0.118443824 0.274368972 0.022626180
v -0.118205174 0.260121286 0.021003539
v -0.116210073 0.274404317 0.022617150
v -0.115953713 0.260171443 0.020964617
v -0.113702706 0.274076611 0.022953492
v -0.113493934 0.260482252 0.021372477
v -0.121637105 0.274166048 0.020498959
v -0.122563928 0.273121446 0.020085627
v -0.123333327 0.270961434 0.019974407
v -0.123587719 0.268126905 0.020140981
v -0.123524673 0.265963286 0.019881319
v -0.123221762 0.263810337 0.019199500
v -0.122402220 0.261819631 0.018767668
v -0.121540687 0.260858178 0.018677296
v -0.120444893 0.274410635 0.020556567
v -0.120364792 0.273963004 0.020314110
v -0.120096132 0.261109859 0.018210281
v -0.120342552 0.260532260 0.018919479
v -0.118212900 0.274523735 0.020773498
v -0.118081033 0.260500759 0.018762900
v -0.116203777 0.274607986 0.020425102
v -0.115980006 0.260491192 0.018769963
v -0.114145807 0.274356157 0.020470524
v -0.113984815 0.260748208 0.019118164
v -0.121489651 0.274320155 0.018361334
v -0.122456624 0.273254603 0.018207524
v -0.123266227 0.270877212 0.017901091
v -0.123454160 0.268393219 0.017597757
v -0.123395405 0.266349763 0.017352147
v -0.123097233 0.264079601 0.017083960
v -0.122238747 0.262084663 0.016863776
v -0.120367571 0.274702132 0.018360185
v -0.119923800 0.274216652 0.018048339
v -0.119688197 0.261382371 0.016186405
v -0.120319500 0.260790348 0.016927753
v -0.117863982 0.274702489 0.018659938
v -0.117650039 0.260777861 0.016982773
v -0.115909084 0.274745375 0.018842954
v -0.115723572 0.260784805 0.016917016
v -0.114460319 0.274609417 0.018344264
v -0.114149018 0.260958076 0.017380169
v -0.122161224 0.273574054 0.015662214
v -0.123058318 0.271581769 0.015922247
v -0.123257972 0.269125253 0.015106716
v -0.123223699 0.266755372 0.014821337
v -0.122965931 0.264461696 0.014978440
v -0.122054435 0.262502879 0.014327750
v -0.120224386 0.274900973 0.015910471
v -0.120018251 0.274348855 0.016074147
v -0.120076022 0.261613488 0.014674691
v -0.120035193 0.261142731 0.014448401
v -0.118098333 0.274797708 0.016428676
v -0.117889314 0.261208504 0.014791984
v -0.115694895 0.274891943 0.016292550
v -0.115465462 0.261241019 0.014564033
v -0.114762574 0.274743915 0.017111151
v -0.114543646 0.261192471 0.015525062
v -0.122073523 0.273554295 0.013666303
v -0.122799828 0.271866351 0.013330156
v -0.123012371 0.269672900 0.012928408
v -0.122965551 0.267022163 0.012481760
v -0.122710563 0.264810085 0.012420753
v -0.121882155 0.262873888 0.012427916
v -0.119835667 0.275016457 0.013777995
v -0.119989372 0.274523437 0.013775365
v -0.120021365 0.262074858 0.012374398
v -0.119726970 0.261543930 0.012473216
v -0.117621414 0.274915338 0.013993407
v -0.118128411 0.274775088 0.013398812
v -0.117950908 0.261955559 0.011840492
v -0.117434419 0.261692196 0.012386870
v -0.116238877 0.274968356 0.014514212
v -0.116094320 0.261560559 0.012843757
v -0.121702201 0.273638695 0.011814293
v -0.122458904 0.271804720 0.011286829
v -0.122710145 0.269726098 0.011118196
v -0.122669167 0.267398119 0.010786919
v -0.122358195 0.265200585 0.010493276
v -0.121541648 0.263313174 0.010580435
v -0.119453221 0.275064230 0.012629079
v -0.119969405 0.274572581 0.011864919
v -0.119779482 0.262492836 0.010311244
v -0.119247481 0.261842966 0.011011189
v -0.118465006 0.274594426 0.012543740
v -0.118284262 0.262315601 0.011063363
v -0.121310904 0.273205131 0.010123146
v -0.121686480 0.271784216 0.009430123
v -0.121965750 0.269885272 0.008996232
v -0.121932267 0.267804116 0.008720017
v -0.121593266 0.265679121 0.008696796
v -0.121171958 0.264146358 0.009035083
v -0.119684204 0.273897499 0.009788159
v -0.120121709 0.272657633 0.008649673
v -0.120096623 0.265090942 0.007757709
v -0.119436524 0.263668329 0.008454185
v -0.121068380 0.269885510 0.007723296
v -0.121039137 0.268190324 0.007495196
v -0.119326300 0.272058845 0.007833223
v -0.119901105 0.270294338 0.007237907
v -0.119874223 0.267959923 0.006930238
v -0.119230471 0.265887618 0.007077858
v -0.118823505 0.271628827 0.007428248
v -0.118755318 0.270152062 0.006872496
v -0.118721596 0.267975003 0.006607355
v -0.118740059 0.266505182 0.006770410
v -0.116090230 0.274952084 0.014407441
v -0.116977512 0.274960876 0.013512713
v -0.114476859 0.274705976 0.016512627
v -0.115138903 0.274846524 0.016022246
v -0.114091425 0.274501264 0.018721450
v -0.113725632 0.274229199 0.020915098
v -0.113191760 0.273991108 0.022547932
v -0.112377464 0.273649812 0.025837267
v -0.114129684 0.273397356 0.010474711
v -0.115882895 0.273545593 0.010064526
v -0.117890842 0.273607701 0.010067666
v -0.119110919 0.273474872 0.010153260
v -0.111964836 0.273240924 0.012495536
v -0.113576955 0.273796290 0.011768801
v -0.115942157 0.274487257 0.011927980
v -0.118007920 0.274489552 0.011968265
v -0.119182489 0.274107188 0.011499509
v -0.111488237 0.273347795 0.014293852
v -0.113628282 0.274381757 0.014105838
v -0.115735702 0.274854839 0.013618621
v -0.117368303 0.274892688 0.013141754
v -0.110267177 0.272512466 0.016201431
v -0.111232593 0.273311734 0.016074931
v -0.113369010 0.274408221 0.016116342
v -0.110127396 0.272431523 0.018604845
v -0.111327282 0.273396999 0.018684428
v -0.113017514 0.274213523 0.018697998
v -0.109807155 0.272078156 0.020640418
v -0.111665844 0.273485661 0.020921819
v -0.109996028 0.272314638 0.022970717
v -0.111325539 0.273276657 0.022992460
v -0.109898574 0.272222668 0.025091970
v -0.111238576 0.273220122 0.025217840
v -0.109776176 0.272144705 0.027056189
v -0.111176870 0.273178488 0.026660092
v -0.115731164 0.271505833 0.008077899
v -0.117812372 0.271466732 0.007998006
v -0.118890330 0.271169573 0.007985637
v -0.111879758 0.271606207 0.010101230
v -0.113426357 0.272162050 0.009474051
v -0.115625850 0.272444546 0.008857098
v -0.117941081 0.272553682 0.008850663
v -0.118985600 0.272260576 0.008768672
v -0.109864435 0.270877033 0.012430811
v -0.111135072 0.272030026 0.011592496
v -0.112427525 0.272904187 0.011088164
v -0.109791517 0.271458983 0.013866344
v -0.110566310 0.272426575 0.013589757
v -0.109585068 0.271441847 0.015590754
v -0.109348639 0.271172315 0.018221907
v -0.109148986 0.270880252 0.020448614
v -0.109036683 0.270746022 0.022626439
v -0.108891934 0.270546943 0.024665175
v -0.108436465 0.269355506 0.026613574
v -0.108792684 0.270536542 0.026712898
v -0.113845780 0.269912988 0.007928876
v -0.115651674 0.270306051 0.007577302
v -0.117871969 0.270206124 0.007479917
v -0.118842132 0.270119220 0.007592868
v -0.111513979 0.269658506 0.009389937
v -0.112867668 0.270033807 0.008488744
v -0.109674356 0.269432276 0.011845574
v -0.110447980 0.269829094 0.010662884
v -0.108999892 0.269090593 0.013852964
v -0.108885317 0.269312084 0.015385412
v -0.108737572 0.269167930 0.018202715
v -0.108505159 0.268583566 0.021930037
v -0.108299657 0.267805874 0.024877977
v -0.108264610 0.268040538 0.026201969
v -0.113848335 0.267965764 0.007694754
v -0.115666329 0.267840505 0.007255543
v -0.117834374 0.267898351 0.007190614
v -0.118808150 0.267797738 0.007326595
v -0.111536182 0.267786145 0.009156646
v -0.112859502 0.267623574 0.008218885
v -0.109657950 0.267475694 0.011649037
v -0.110436796 0.267353415 0.010388554
v -0.108985423 0.267290503 0.013707877
v -0.108880832 0.266685426 0.015056269
v -0.108712248 0.266318887 0.017835740
v -0.108477540 0.265919924 0.021699009
v -0.108303770 0.265947580 0.024313262
v -0.108236327 0.265555441 0.025898434
v -0.115784868 0.266477317 0.007446106
v -0.117735519 0.266451508 0.007394541
v -0.118827819 0.266525835 0.007498310
v -0.111793778 0.265995890 0.009425712
v -0.113325156 0.265558302 0.008678916
v -0.115300737 0.265420914 0.008011735
v -0.117828123 0.265190125 0.007964743
v -0.118890970 0.265328825 0.008030261
v -0.109792940 0.266211897 0.011869098
v -0.111031211 0.265252978 0.010776498
v -0.112298495 0.264484853 0.010074422
v -0.109697252 0.265308380 0.013125771
v -0.110443465 0.264411122 0.012624647
v -0.109485149 0.264922023 0.014805726
v -0.109247401 0.264566481 0.017426526
v -0.109048560 0.264327675 0.019659644
v -0.108932450 0.263944536 0.021807496
v -0.108786366 0.263658375 0.023835748
v -0.108360007 0.264366597 0.026012875
v -0.108680024 0.263185531 0.025827788
v -0.113987192 0.264100164 0.009355268
v -0.115699827 0.263956368 0.008961108
v -0.117741502 0.263879538 0.008896992
v -0.118952579 0.264000475 0.008955672
v -0.111820727 0.263837874 0.011363351
v -0.113417967 0.263422400 0.010519717
v -0.115679174 0.262657762 0.010503612
v -0.117794819 0.262529105 0.010592801
v -0.119058057 0.263068616 0.010115357
v -0.111334584 0.263321728 0.013086647
v -0.113443083 0.262297779 0.012650848
v -0.115481316 0.261897117 0.012073439
v -0.117157302 0.261914432 0.011588064
v -0.110132381 0.263716966 0.015142399
v -0.111073665 0.262941778 0.014826320
v -0.113175824 0.261802763 0.014598563
v -0.109986372 0.263229430 0.017496854
v -0.111156247 0.262236863 0.017340679
v -0.112820982 0.261389792 0.017153937
v -0.109669551 0.263099134 0.019559285
v -0.111483834 0.261609584 0.019491864
v -0.109842717 0.262310803 0.021766193
v -0.111142471 0.261331409 0.021554176
v -0.109740368 0.261899620 0.023849012
v -0.111049167 0.260860801 0.023729704
v -0.109648026 0.261480391 0.025776708
v -0.111000798 0.260552794 0.025128284
v -0.115776575 0.261589289 0.012876298
v -0.116739973 0.261766583 0.011954457
v -0.114272720 0.261386156 0.014908837
v -0.114914513 0.261339605 0.014445294
v -0.113853908 0.261057705 0.017233944
v -0.113477527 0.260826021 0.019374177
v -0.113045096 0.260655195 0.021024199
v -0.112091258 0.260277331 0.024281230
f 315 420 373
f 315 373 246
f 246 315 314
f 313 244 246
f 313 246 314
f 286 287 612
f 612 746 745
f 612 745 286
f 344 348 287
f 746 612 534
f 746 534 733
f 733 534 530
f 733 530 281
f 281 530 344
f 281 344 287
f 522 693 707
f 340 276 273
f 340 273 526
f 526 273 522
f 526 522 707
f 604 522 693
f 522 273 693
f 508 656 665
f 508 665 511
f 261 250 319
f 656 508 644
f 644 508 634
f 261 319 329
f 329 319 498
f 329 498 508
f 508 498 634
f 634 498 553
f 553 498 488
f 553 626 634
f 246 244 251
f 251 244 250
f 273 276 277
f 282 288 277
f 290 288 286
f 286 288 287
f 289 288 290
f 267 263 262
f 268 263 267
f 271 267 270
f 282 277 281
f 282 281 288
f 288 281 287
f 277 276 281
f 273 270 269
f 268 267 271
f 271 270 275
f 275 270 274
f 275 274 279
f 262 251 261
f 261 251 250
f 274 270 273
f 274 278 279
f 251 252 246
f 288 289 277
f 277 289 283
f 277 283 280
f 277 280 278
f 67 68 81
f 67 81 80
f 80 81 94
f 80 94 93
f 93 94 211
f 93 211 210
f 210 211 222
f 210 222 221
f 221 222 292
f 221 292 291
f 291 292 295
f 291 295 294
f 294 295 355
f 294 355 354
f 354 355 399
f 354 399 398
f 379 380 324
f 379 324 323
f 323 324 259
f 323 259 258
f 258 259 150
f 258 150 149
f 149 150 162
f 149 162 161
f 161 162 171
f 161 171 170
f 170 171 25
f 170 25 24
f 24 25 40
f 24 40 39
f 39 40 55
f 39 55 54
f 472 473 541
f 472 541 540
f 540 541 616
f 540 616 615
f 615 616 748
f 615 748 747
f 747 748 735
f 747 735 734
f 734 735 794
f 734 794 793
f 793 794 788
f 793 788 787
f 787 788 783
f 787 783 782
f 782 783 778
f 782 778 777
f 773 774 770
f 773 770 769
f 769 770 766
f 769 766 765
f 765 766 763
f 765 763 762
f 762 763 658
f 762 658 657
f 657 658 646
f 657 646 645
f 645 646 561
f 645 561 560
f 560 561 502
f 560 502 501
f 501 502 429
f 501 429 428
f 8 9 18
f 7 154 8
f 753 737 736
f 784 789 790
f 233 231 234
f 705 719 720
f 314 244 313
f 133 144 6
f 123 240 241
f 654 675 676
f 412 482 483
f 295 292 296
f 324 380 325
f 262 160 148
f 626 625 633
f 625 626 552
f 552 626 553
f 633 634 626
f 656 644 643
f 643 644 633
f 633 644 634
f 665 656 655
f 676 693 665
f 732 746 733
f 746 732 745
f 745 732 731
f 745 731 744
f 741 729 728
f 741 728 740
f 739 740 728
f 738 739 727
f 116 214 104
f 289 219 290
f 219 209 220
f 219 220 289
f 201 202 208
f 208 202 209
f 194 195 201
f 201 195 202
f 278 194 279
f 194 278 195
f 182 272 275
f 160 262 263
f 148 257 262
f 251 257 250
f 250 257 137
f 252 251 245
f 488 489 418
f 418 489 419
f 487 488 417
f 552 553 487
f 487 553 488
f 774 775 771
f 774 771 770
f 766 770 771
f 771 767 766
f 658 763 659
f 764 763 767
f 767 763 766
f 658 659 647
f 658 647 646
f 646 647 562
f 646 562 561
f 503 502 562
f 562 502 561
f 503 429 502
f 380 429 430
f 430 429 503
f 254 259 253
f 254 253 324
f 26 25 162
f 26 162 163
f 41 40 25
f 41 25 26
f 69 68 55
f 69 55 56
f 56 55 41
f 41 55 40
f 68 69 82
f 82 94 81
f 82 81 68
f 106 94 107
f 356 355 296
f 296 355 295
f 400 399 356
f 399 355 356
f 474 541 473
f 541 542 616
f 616 542 617
f 795 794 735
f 795 735 749
f 749 735 748
f 783 789 784
f 783 784 779
f 783 779 778
f 48 47 32
f 33 48 32
f 50 64 63
f 90 77 91
f 91 77 78
f 90 103 89
f 89 103 102
f 101 88 89
f 101 89 102
f 32 47 31
f 47 46 31
f 46 60 31
f 724 711 710
f 725 711 724
f 725 712 711
f 726 713 725
f 725 713 712
f 714 713 727
f 727 713 726
f 727 726 738
f 738 726 737
f 737 726 725
f 739 728 727
f 727 728 714
f 702 703 691
f 691 703 692
f 691 692 683
f 653 652 664
f 674 664 673
f 641 640 653
f 653 640 652
f 630 640 641
f 483 548 549
f 362 408 363
f 363 408 409
f 408 362 376
f 408 376 407
f 407 376 425
f 376 375 424
f 376 424 425
f 430 431 381
f 381 431 375
f 375 431 423
f 763 764 659
f 703 704 692
f 692 704 684
f 692 684 683
f 631 630 641
f 653 664 674
f 674 685 706
f 412 413 367
f 412 367 366
f 631 641 642
f 642 641 653
f 642 653 654
f 654 653 674
f 654 674 675
f 675 674 706
f 550 549 623
f 623 549 622
f 623 622 630
f 623 630 631
f 415 484 485
f 551 486 485
f 484 483 549
f 484 549 550
f 551 550 624
f 624 550 623
f 624 623 631
f 624 631 632
f 707 693 676
f 707 676 675
f 707 675 706
f 676 665 655
f 676 655 654
f 654 655 643
f 654 643 642
f 642 643 633
f 643 655 656
f 632 642 633
f 632 633 624
f 624 633 625
f 624 625 552
f 624 552 551
f 240 239 309
f 309 239 308
f 309 308 368
f 368 308 367
f 368 367 414
f 414 367 413
f 239 240 122
f 122 123 132
f 133 132 123
f 122 121 239
f 309 310 240
f 310 309 369
f 369 309 368
f 369 368 415
f 415 368 414
f 415 414 484
f 484 414 413
f 124 123 241
f 123 124 133
f 133 124 134
f 485 486 415
f 415 486 416
f 415 416 369
f 369 416 370
f 369 370 310
f 310 370 311
f 310 311 242
f 310 242 241
f 310 241 240
f 6 12 5
f 132 133 143
f 132 143 6
f 143 133 6
f 6 5 132
f 132 5 131
f 132 131 122
f 122 131 121
f 63 49 50
f 51 50 36
f 51 36 37
f 35 22 165
f 135 145 134
f 135 134 125
f 125 134 124
f 165 157 166
f 166 157 158
f 166 158 167
f 185 191 79
f 51 52 66
f 51 66 65
f 65 66 185
f 65 185 79
f 37 38 52
f 38 53 52
f 52 53 186
f 38 173 53
f 53 173 179
f 53 179 186
f 35 165 23
f 23 165 166
f 37 52 51
f 50 51 65
f 50 65 64
f 64 65 79
f 64 79 78
f 242 125 124
f 551 552 486
f 486 552 487
f 486 487 416
f 416 487 417
f 416 417 370
f 370 417 371
f 370 371 311
f 311 371 312
f 311 312 242
f 242 312 243
f 121 238 239
f 314 313 315
f 418 419 420
f 418 420 372
f 372 420 373
f 372 373 313
f 313 373 315
f 244 314 245
f 245 314 246
f 252 245 246
f 136 135 126
f 126 135 125
f 126 125 243
f 243 125 242
f 242 124 241
f 243 244 126
f 126 244 250
f 126 250 136
f 136 250 137
f 417 488 418
f 417 418 371
f 371 418 372
f 371 372 312
f 312 372 313
f 312 313 243
f 243 313 244
f 244 245 251
f 156 145 157
f 157 145 146
f 157 146 158
f 158 146 147
f 158 147 159
f 159 147 148
f 159 148 160
f 169 168 160
f 160 168 159
f 145 156 144
f 144 156 13
f 144 13 6
f 6 13 12
f 257 148 137
f 137 148 147
f 137 147 136
f 136 147 146
f 136 146 135
f 135 146 145
f 145 144 134
f 134 144 133
f 240 123 122
f 174 173 167
f 167 173 172
f 167 172 166
f 166 172 37
f 166 37 36
f 166 36 23
f 23 36 35
f 22 35 21
f 158 159 167
f 167 159 168
f 167 168 174
f 174 168 169
f 174 169 175
f 173 174 179
f 179 174 180
f 179 180 186
f 186 180 187
f 186 187 192
f 192 187 193
f 268 169 263
f 263 169 160
f 175 169 268
f 175 268 176
f 176 268 271
f 175 176 182
f 175 182 181
f 279 194 275
f 275 194 188
f 275 188 182
f 182 188 181
f 104 103 91
f 91 103 90
f 215 117 104
f 215 104 105
f 105 104 92
f 92 79 191
f 216 215 205
f 205 215 105
f 205 105 198
f 198 105 92
f 198 92 191
f 217 216 206
f 206 216 205
f 206 205 199
f 199 205 198
f 199 198 192
f 192 198 191
f 78 79 92
f 78 92 91
f 91 92 104
f 116 104 117
f 116 117 214
f 214 117 215
f 718 704 703
f 716 730 717
f 717 730 718
f 743 718 730
f 743 730 742
f 720 706 705
f 218 217 207
f 207 217 206
f 207 206 200
f 200 206 199
f 200 199 193
f 193 199 192
f 174 175 180
f 180 175 181
f 180 181 187
f 187 181 188
f 187 188 193
f 193 188 194
f 193 194 200
f 200 194 201
f 200 201 207
f 207 201 208
f 207 208 218
f 66 52 186
f 66 186 185
f 185 186 191
f 191 186 192
f 219 218 208
f 219 208 209
f 719 744 731
f 719 731 732
f 719 732 720
f 720 732 733
f 721 707 706
f 642 632 631
f 733 721 720
f 720 721 706
f 705 706 685
f 107 94 95
f 96 95 83
f 85 98 97
f 96 97 108
f 108 213 212
f 72 86 85
f 85 86 98
f 98 110 97
f 97 110 109
f 97 109 108
f 108 109 224
f 108 224 213
f 213 224 212
f 212 224 223
f 212 223 211
f 211 223 222
f 86 99 98
f 98 99 110
f 109 110 225
f 109 225 224
f 99 111 110
f 110 226 225
f 111 118 227
f 111 227 226
f 226 231 225
f 225 231 230
f 225 230 229
f 228 229 296
f 228 296 293
f 293 296 292
f 401 400 356
f 473 399 474
f 474 399 400
f 474 400 401
f 402 401 357
f 357 401 356
f 357 356 298
f 298 356 296
f 298 296 297
f 226 227 231
f 229 297 296
f 297 230 299
f 297 299 298
f 298 299 357
f 234 231 232
f 300 234 301
f 404 405 403
f 403 405 402
f 403 402 358
f 358 402 357
f 358 357 299
f 404 403 359
f 359 403 358
f 359 358 300
f 300 358 299
f 300 299 233
f 233 299 230
f 233 230 231
f 300 301 302
f 300 302 359
f 359 302 360
f 360 302 361
f 475 474 401
f 475 401 402
f 227 232 231
f 229 230 297
f 100 111 86
f 86 87 100
f 100 87 88
f 100 88 101
f 111 100 112
f 112 100 101
f 112 101 113
f 113 101 102
f 113 102 114
f 114 102 103
f 114 103 115
f 115 103 104
f 115 104 116
f 360 361 405
f 405 361 406
f 405 406 477
f 402 476 475
f 474 475 542
f 474 542 541
f 476 543 475
f 475 543 542
f 748 616 754
f 754 616 617
f 754 617 755
f 542 543 617
f 617 543 618
f 617 618 755
f 477 545 544
f 233 234 300
f 359 360 404
f 404 360 405
f 544 545 619
f 406 478 477
f 477 478 546
f 477 546 545
f 545 546 619
f 619 546 621
f 619 618 543
f 619 543 544
f 544 543 477
f 477 543 476
f 477 476 405
f 405 476 402
f 756 760 757
f 756 759 760
f 760 619 761
f 761 619 620
f 761 620 621
f 757 758 753
f 758 757 761
f 761 757 760
f 755 756 750
f 750 756 751
f 801 751 802
f 621 620 619
f 619 760 618
f 618 760 759
f 618 759 755
f 755 759 756
f 754 749 748
f 788 795 789
f 795 749 799
f 754 755 750
f 754 750 749
f 749 750 800
f 749 800 799
f 799 800 796
f 799 796 795
f 795 796 790
f 795 790 789
f 797 790 796
f 788 794 795
f 789 783 788
f 779 775 778
f 778 775 774
f 800 750 801
f 750 751 801
f 797 796 800
f 800 801 797
f 797 801 802
f 797 802 798
f 797 798 791
f 797 791 790
f 790 785 784
f 784 785 780
f 751 756 752
f 751 752 802
f 802 752 798
f 756 757 752
f 752 757 753
f 752 753 736
f 752 736 798
f 798 736 792
f 798 792 791
f 790 791 786
f 790 786 785
f 737 725 736
f 736 725 724
f 736 724 792
f 792 724 791
f 791 724 710
f 791 710 786
f 718 703 717
f 717 703 702
f 717 702 716
f 716 702 701
f 716 701 715
f 674 673 685
f 685 673 684
f 685 684 705
f 705 684 704
f 705 704 718
f 705 718 719
f 719 718 744
f 744 718 743
f 741 742 730
f 741 730 729
f 729 730 716
f 729 716 728
f 728 716 715
f 728 715 714
f 779 784 780
f 247 255 326
f 326 255 325
f 151 152 163
f 255 254 325
f 325 254 324
f 152 164 163
f 163 164 14
f 163 14 26
f 26 14 27
f 26 27 41
f 41 27 42
f 41 42 56
f 56 42 57
f 56 57 69
f 69 57 70
f 69 70 83
f 69 83 82
f 247 256 255
f 152 139 154
f 317 247 326
f 317 326 316
f 152 153 164
f 164 153 15
f 164 15 14
f 153 152 154
f 153 154 15
f 15 154 7
f 14 28 27
f 27 28 43
f 27 43 42
f 57 42 44
f 44 42 43
f 44 43 28
f 29 16 30
f 14 15 28
f 28 15 29
f 28 29 44
f 212 107 108
f 108 107 96
f 97 96 84
f 97 84 85
f 85 84 71
f 85 71 72
f 72 71 58
f 44 58 57
f 57 58 71
f 57 71 70
f 70 71 84
f 70 84 83
f 83 84 96
f 95 96 107
f 107 212 106
f 106 212 211
f 8 154 155
f 155 154 140
f 140 154 139
f 140 139 127
f 364 363 410
f 410 363 409
f 303 318 317
f 376 317 316
f 376 316 375
f 375 316 326
f 375 326 325
f 375 325 381
f 381 325 380
f 9 1 2
f 2 1 140
f 2 140 141
f 141 140 127
f 141 127 128
f 363 304 303
f 363 303 362
f 362 303 317
f 362 317 376
f 430 381 380
f 150 259 260
f 260 259 254
f 247 317 318
f 304 363 364
f 364 410 411
f 8 17 16
f 9 8 1
f 86 73 87
f 19 9 10
f 10 9 3
f 9 19 18
f 74 87 73
f 74 73 60
f 60 73 59
f 60 59 45
f 60 45 31
f 31 45 30
f 30 45 29
f 3 9 2
f 3 2 141
f 3 141 142
f 142 141 129
f 129 141 128
f 411 365 364
f 364 305 304
f 318 303 248
f 318 248 247
f 254 255 151
f 254 151 260
f 260 151 150
f 235 304 305
f 162 150 163
f 163 150 151
f 152 151 255
f 152 255 138
f 138 255 139
f 139 255 256
f 139 256 248
f 248 256 247
f 248 303 235
f 235 303 304
f 305 364 306
f 306 364 365
f 249 235 236
f 237 236 306
f 119 120 129
f 119 236 237
f 366 307 306
f 306 307 237
f 128 249 119
f 119 249 236
f 238 237 307
f 238 307 308
f 308 307 366
f 308 366 367
f 305 306 236
f 248 249 128
f 129 3 142
f 20 19 11
f 11 19 10
f 11 10 4
f 4 10 3
f 4 3 130
f 130 3 129
f 130 129 120
f 16 17 30
f 30 17 31
f 32 19 20
f 32 20 33
f 48 33 34
f 48 34 49
f 49 34 50
f 50 35 36
f 17 8 18
f 17 18 31
f 31 18 19
f 31 19 32
f 33 20 21
f 33 21 34
f 34 21 35
f 34 35 50
f 37 172 173
f 37 173 38
f 176 271 182
f 182 271 272
f 157 165 156
f 156 165 22
f 156 22 13
f 13 22 21
f 13 21 12
f 12 21 20
f 12 20 11
f 12 11 5
f 5 11 4
f 5 4 131
f 131 4 130
f 131 130 121
f 121 130 120
f 121 120 238
f 238 120 237
f 95 94 82
f 95 82 83
f 152 138 139
f 127 139 248
f 127 248 128
f 249 248 235
f 236 235 305
f 306 365 366
f 366 365 411
f 366 411 412
f 412 411 481
f 412 481 482
f 292 222 293
f 293 222 223
f 293 223 228
f 228 223 229
f 229 223 224
f 229 224 225
f 226 110 111
f 111 99 86
f 73 86 72
f 73 72 59
f 59 72 58
f 59 58 45
f 45 58 44
f 45 44 29
f 16 29 15
f 16 15 7
f 16 7 8
f 8 155 1
f 1 155 140
f 129 128 119
f 120 119 237
f 239 238 308
f 413 412 483
f 413 483 484
f 485 484 550
f 485 550 551
f 324 253 259
f 190 184 68
f 184 55 68
f 211 94 106
f 171 162 25
f 262 257 251
f 275 272 271
f 195 278 280
f 195 280 202
f 283 209 280
f 280 209 202
f 283 220 209
f 220 283 289
f 289 290 286
f 289 286 219
f 737 111 738
f 738 111 112
f 738 112 739
f 739 112 113
f 216 217 286
f 286 217 218
f 286 218 219
f 739 113 740
f 740 113 114
f 215 742 741
f 215 741 214
f 215 743 742
f 114 115 740
f 740 115 116
f 740 116 741
f 741 116 214
f 216 286 215
f 215 286 745
f 745 744 215
f 215 744 743
f 713 714 700
f 557 481 497
f 480 495 496
f 691 682 598
f 691 598 603
f 603 690 691
f 698 712 713
f 696 786 710
f 588 589 580
f 571 580 581
f 581 580 589
f 504 565 572
f 504 565 505
f 505 565 566
f 565 572 566
f 566 572 573
f 566 573 567
f 557 558 547
f 557 547 481
f 558 629 559
f 558 559 548
f 558 548 547
f 630 629 640
f 497 496 557
f 558 638 629
f 629 638 639
f 629 639 640
f 567 574 575
f 582 581 589
f 582 590 583
f 583 590 591
f 573 574 567
f 568 567 575
f 568 575 638
f 638 575 650
f 638 650 639
f 568 638 558
f 568 558 567
f 567 558 557
f 567 557 566
f 566 557 496
f 566 496 505
f 505 496 504
f 650 584 662
f 650 662 651
f 664 652 663
f 663 652 651
f 663 651 662
f 663 662 672
f 582 589 590
f 590 589 595
f 590 595 596
f 596 595 601
f 596 601 602
f 591 590 596
f 596 597 591
f 583 591 592
f 583 592 584
f 584 592 662
f 662 592 671
f 662 671 672
f 598 597 603
f 608 701 690
f 608 690 603
f 699 713 606
f 606 713 700
f 606 700 607
f 607 700 701
f 663 672 673
f 663 673 664
f 598 682 671
f 671 682 683
f 671 683 672
f 671 592 598
f 598 592 591
f 598 591 597
f 597 596 603
f 603 596 602
f 603 602 608
f 668 679 680
f 668 680 669
f 594 595 588
f 588 595 589
f 776 688 772
f 772 688 679
f 680 679 688
f 680 688 689
f 689 688 697
f 697 688 696
f 776 780 696
f 775 779 776
f 776 779 780
f 696 780 781
f 711 697 710
f 710 697 696
f 696 781 786
f 670 669 681
f 681 669 680
f 681 680 594
f 594 680 689
f 594 689 600
f 600 689 599
f 600 689 697
f 600 697 605
f 605 697 698
f 601 600 606
f 606 605 698
f 595 594 600
f 595 600 601
f 600 605 606
f 681 594 588
f 681 588 670
f 696 688 776
f 711 712 697
f 697 712 698
f 698 713 699
f 565 571 572
f 572 581 582
f 573 572 582
f 679 668 768
f 679 768 772
f 698 699 606
f 481 480 497
f 497 480 496
f 496 495 504
f 573 582 574
f 574 582 583
f 574 583 575
f 575 583 584
f 575 584 650
f 639 650 651
f 639 651 640
f 640 651 652
f 572 571 581
f 601 606 602
f 602 606 607
f 602 607 608
f 608 607 701
f 111 737 118
f 118 737 753
f 118 406 227
f 227 406 361
f 406 118 478
f 478 118 753
f 227 361 232
f 753 546 478
f 234 232 302
f 758 621 753
f 753 621 546
f 232 361 302
f 621 758 761
f 302 301 234
f 588 580 445
f 445 580 571
f 445 479 409
f 445 571 565
f 445 495 479
f 565 504 445
f 445 504 495
f 668 669 444
f 444 669 445
f 445 669 670
f 445 670 588
f 444 768 668
f 768 444 767
f 767 444 443
f 767 443 438
f 767 438 764
f 438 430 503
f 659 764 438
f 438 503 562
f 438 647 659
f 562 647 438
f 432 408 407
f 423 431 382
f 423 382 375
f 375 382 424
f 440 436 439
f 439 436 385
f 439 385 435
f 407 425 432
f 432 425 424
f 432 424 436
f 436 424 382
f 436 382 385
f 410 480 481
f 410 481 411
f 548 622 549
f 482 547 548
f 548 483 482
f 479 495 480
f 482 481 547
f 548 559 629
f 700 714 701
f 683 684 673
f 768 767 772
f 772 767 771
f 710 786 711
f 714 715 701
f 702 691 701
f 786 781 780
f 775 776 772
f 772 771 775
f 780 785 786
f 701 691 690
f 691 683 682
f 630 548 629
f 672 683 673
f 630 622 548
f 480 410 409
f 480 409 479
f 449 47 450
f 450 47 48
f 448 47 449
f 60 46 452
f 452 46 448
f 448 46 47
f 74 60 452
f 457 74 452
f 88 462 463
f 88 87 462
f 462 87 457
f 457 87 74
f 464 89 463
f 463 89 88
f 465 90 464
f 464 90 89
f 458 77 465
f 77 90 465
f 459 78 458
f 458 78 77
f 454 64 459
f 459 64 78
f 453 64 454
f 451 49 63
f 451 63 453
f 453 63 64
f 450 48 451
f 451 48 49
f 451 49 450
f 450 49 48
f 463 88 464
f 464 88 89
f 448 46 60
f 448 60 452
f 450 48 449
f 449 48 47
f 62 48 49
f 62 47 48
f 61 60 46
f 61 46 47
f 61 47 62
f 60 75 74
f 89 88 76
f 76 90 89
f 78 77 64
f 77 63 64
f 77 76 62
f 77 62 63
f 63 62 49
f 87 74 88
f 88 74 75
f 88 75 76
f 77 90 76
f 62 76 75
f 62 75 61
f 61 75 60
f 439 438 443
f 439 443 444
f 440 439 445
f 445 439 444
f 408 432 445
f 408 445 409
f 440 445 432
f 276 707 721
f 276 721 281
f 281 721 733
f 609 526 707
f 276 340 526
f 276 526 707
f 518 693 269
f 269 693 273
f 585 665 593
f 593 665 693
f 593 693 518
f 665 585 511
f 765 762 657
f 694 777 686
f 686 777 773
f 773 657 645
f 773 769 657
f 657 769 765
f 686 773 677
f 677 773 666
f 666 773 657
f 773 645 560
f 39 161 24
f 24 161 170
f 161 39 54
f 161 54 149
f 149 54 258
f 569 576 560
f 379 383 428
f 428 383 433
f 472 470 398
f 398 470 396
f 470 472 538
f 538 472 613
f 747 610 613
f 428 433 506
f 428 506 569
f 472 747 613
f 540 615 472
f 472 615 747
f 428 569 560
f 428 560 501
f 657 773 560
f 657 560 576
f 383 379 327
f 327 379 264
f 54 183 177
f 54 177 170
f 54 170 258
f 258 170 264
f 294 354 398
f 398 291 294
f 352 398 396
f 352 291 398
f 398 291 221
f 291 284 221
f 221 284 210
f 210 284 203
f 210 203 93
f 196 189 203
f 203 189 67
f 258 264 379
f 258 379 323
f 93 203 67
f 93 67 80
f 610 747 734
f 734 793 722
f 722 793 787
f 722 787 708
f 708 787 782
f 708 782 694
f 694 782 777
f 538 539 471
f 538 471 470
f 470 471 397
f 470 397 396
f 396 397 353
f 396 353 352
f 352 353 292
f 352 292 291
f 291 292 285
f 291 285 284
f 284 285 204
f 284 204 203
f 203 204 197
f 203 197 196
f 196 197 190
f 196 190 189
f 189 190 184
f 189 184 183
f 183 184 178
f 183 178 177
f 177 178 171
f 177 171 170
f 170 171 265
f 170 265 264
f 264 265 328
f 264 328 327
f 327 328 384
f 327 384 383
f 383 384 434
f 383 434 433
f 433 434 507
f 433 507 506
f 506 507 570
f 506 570 569
f 569 570 577
f 569 577 576
f 576 577 658
f 576 658 657
f 657 658 667
f 657 667 666
f 666 667 678
f 666 678 677
f 677 678 687
f 677 687 686
f 686 687 695
f 686 695 694
f 694 695 709
f 694 709 708
f 708 709 723
f 708 723 722
f 722 723 735
f 722 735 734
f 734 735 611
f 734 611 610
f 610 611 614
f 610 614 613
f 613 614 539
f 613 539 538
f 723 709 197
f 197 709 695
f 197 695 190
f 190 695 687
f 190 687 184
f 184 687 678
f 184 678 178
f 434 678 667
f 353 397 204
f 204 397 197
f 197 397 471
f 197 471 539
f 197 735 723
f 434 667 658
f 434 658 507
f 434 384 678
f 678 384 328
f 197 539 614
f 658 577 570
f 265 171 678
f 678 171 178
f 353 204 285
f 353 285 292
f 614 611 197
f 197 611 735
f 658 570 507
f 678 328 265
f 428 429 379
f 379 429 380
f 777 778 773
f 773 778 774
f 398 399 472
f 472 399 473
f 54 55 183
f 183 55 184
f 189 190 67
f 67 190 68
f 421 420 491
f 491 420 490
f 420 421 374
f 420 374 373
f 420 419 490
f 490 419 489
f 489 488 490
f 319 320 427
f 498 319 427
f 498 427 499
f 319 250 251
f 320 319 251
f 499 427 500
f 321 322 378
f 427 320 321
f 427 321 378
f 315 373 374
f 498 499 490
f 498 490 488
f 319 250 313
f 313 250 244
f 315 321 314
f 314 321 320
f 314 320 319
f 314 319 313
f 374 378 315
f 315 378 321
f 378 374 421
f 378 421 427
f 427 421 491
f 427 491 500
f 500 491 490
f 500 490 499
f 277 522 273
f 277 523 522
f 523 277 524
f 524 277 278
f 524 278 394
f 524 394 455
f 455 525 524
f 523 524 339
f 523 339 338
f 456 392 524
f 524 392 339
f 456 524 525
f 456 525 455
f 523 338 522
f 522 338 275
f 275 274 522
f 522 274 273
f 391 339 392
f 275 338 391
f 338 339 391
f 394 278 391
f 391 278 274
f 394 391 392
f 394 392 456
f 394 456 455
f 275 391 274
f 266 511 512
f 266 512 267
f 267 512 333
f 388 513 514
f 513 388 512
f 512 388 334
f 512 334 333
f 441 388 514
f 518 269 519
f 271 336 270
f 270 336 447
f 270 447 269
f 447 446 520
f 520 446 521
f 519 269 447
f 519 447 520
f 447 336 337
f 447 337 390
f 441 442 389
f 441 389 388
f 519 520 513
f 519 513 512
f 518 511 593
f 593 511 585
f 519 512 518
f 518 512 511
f 390 389 442
f 390 442 447
f 447 442 441
f 447 441 446
f 446 441 514
f 446 514 521
f 521 514 513
f 521 513 520
f 334 336 268
f 268 336 271
f 335 388 389
f 334 268 333
f 333 268 267
f 388 335 334
f 335 389 337
f 337 389 390
f 334 335 336
f 336 335 337
f 287 534 612
f 348 534 287
f 288 395 468
f 468 537 287
f 468 287 288
f 534 348 535
f 535 348 536
f 536 348 537
f 537 348 287
f 282 288 287
f 282 287 281
f 466 467 347
f 531 532 347
f 466 467 532
f 530 347 346
f 530 346 345
f 532 466 347
f 347 530 531
f 533 466 532
f 345 282 530
f 530 282 281
f 530 534 535
f 530 535 531
f 349 345 350
f 350 345 346
f 395 351 469
f 349 350 395
f 395 350 351
f 350 346 351
f 351 346 347
f 351 347 469
f 469 347 467
f 395 469 468
f 349 395 288
f 282 345 288
f 288 345 349
f 535 536 531
f 531 536 532
f 469 467 466
f 469 466 468
f 468 466 533
f 468 533 537
f 537 533 532
f 537 532 536
f 340 526 527
f 340 527 341
f 393 528 529
f 528 393 527
f 527 393 341
f 529 460 393
f 341 342 461
f 341 461 340
f 528 460 529
f 527 340 461
f 527 461 528
f 528 461 460
f 461 342 343
f 461 343 460
f 276 277 340
f 277 341 340
f 341 393 342
f 460 461 393
f 343 393 461
f 393 343 342
f 511 266 513
f 441 387 388
f 266 387 441
f 266 441 514
f 266 514 513
f 437 386 509
f 509 386 332
f 509 332 508
f 331 330 508
f 508 332 331
f 262 261 330
f 329 508 261
f 261 508 330
f 509 510 437
f 330 331 386
f 386 331 332
f 387 266 388
f 388 266 267
f 386 388 330
f 330 388 267
f 330 267 262
f 508 511 513
f 508 513 509
f 388 386 437
f 388 437 441
f 441 437 510
f 441 510 514
f 514 510 509
f 514 509 513
f 432 436 440
f 628 432 637
f 637 432 440
f 637 440 649
f 661 517 588
f 661 440 517
f 432 628 556
f 432 556 426
f 661 649 440
f 426 556 494
f 440 436 649
f 661 580 440
f 556 564 436
f 436 564 637
f 436 637 649
f 494 432 426
f 432 494 436
f 494 556 436
f 440 580 517
f 556 628 564
f 564 628 637
f 580 588 517
f 661 588 580
f 636 648 493
f 493 648 423
f 439 385 648
f 648 385 382
f 648 382 431
f 648 431 423
f 636 493 555
f 636 555 627
f 648 660 439
f 439 660 587
f 439 587 516
f 430 438 578
f 578 438 515
f 578 515 586
f 430 578 422
f 422 578 659
f 422 659 647
f 635 492 422
f 422 647 635
f 492 635 554
f 635 562 554
f 660 579 587
f 563 636 627
f 563 627 555
f 587 586 515
f 587 515 516
f 516 515 438
f 516 438 439
f 578 586 579
f 579 586 587
f 423 431 422
f 422 431 430
f 423 422 492
f 423 492 493
f 493 492 554
f 493 554 555
f 555 554 562
f 555 562 563
f 563 562 635
f 563 635 636
f 636 635 647
f 636 647 648
f 648 647 659
f 648 659 660
f 660 659 578
f 660 578 579
f 442 388 441
f 377 373 374
f 377 374 378
f 900 896 899
f 899 896 895
f 896 900 895
f 895 900 899
f 893 897 894
f 894 897 898
f 897 893 898
f 898 893 894
f 902 898 901
f 901 898 897
f 899 903 900
f 900 903 904
f 903 899 904
f 904 899 900
f 903 879 880
f 903 880 904
f 879 903 902
f 879 902 901
f 843 847 867
f 843 867 863
f 862 866 846
f 862 846 842
f 842 827 862
f 862 827 901
f 902 862 901
f 828 843 863
f 828 863 904
f 904 863 903
f 903 863 902
f 902 863 862
f 827 842 828
f 828 842 843
f 901 897 902
f 902 897 898
f 814 813 816
f 816 813 815
f 816 815 828
f 828 815 827
f 897 893 877
f 877 893 875
f 878 876 900
f 900 876 896
f 900 896 878
f 878 896 876
f 880 828 904
f 826 814 828
f 814 816 828
f 815 813 827
f 813 825 827
f 827 879 901
f 877 875 897
f 897 875 893
f 901 877 897
f 879 859 877
f 879 877 901
f 809 823 813
f 813 823 825
f 859 879 839
f 839 879 827
f 827 825 839
f 861 879 827
f 827 879 859
f 827 859 839
f 827 841 861
f 864 880 861
f 861 880 879
f 845 846 865
f 847 843 844
f 848 847 844
f 843 842 841
f 841 842 846
f 846 845 841
f 848 868 847
f 868 867 847
f 865 866 861
f 866 862 861
f 861 862 864
f 862 863 864
f 864 863 867
f 864 867 868
f 846 866 865
f 809 812 813
f 813 812 814
f 813 814 815
f 815 814 816
f 815 816 827
f 827 816 828
f 827 828 841
f 841 828 844
f 841 844 843
f 861 841 865
f 865 841 845
f 880 878 904
f 814 812 824
f 904 878 900
f 828 880 864
f 840 828 826
f 828 840 860
f 828 860 880
f 880 860 878
f 826 814 824
f 864 844 828
f 826 824 812
f 812 814 826
f 848 844 864
f 848 864 868
f 813 814 809
f 809 814 812
f 810 811 812
f 810 812 809
f 812 811 809
f 810 809 811
f 807 805 809
f 806 808 812
f 850 854 830
f 830 854 834
f 855 851 831
f 855 831 835
f 892 888 887
f 892 887 891
f 891 887 886
f 891 886 890
f 890 886 885
f 890 885 889
f 886 882 885
f 885 882 881
f 882 886 887
f 882 887 883
f 888 884 883
f 888 883 887
f 869 881 882
f 869 882 883
f 869 883 870
f 870 883 884
f 852 832 851
f 832 831 851
f 830 834 833
f 835 836 834
f 836 835 831
f 831 832 836
f 829 830 833
f 850 830 829
f 852 851 856
f 856 851 855
f 855 854 853
f 853 854 850
f 850 829 849
f 850 849 853
f 869 870 853
f 853 870 856
f 853 856 855
f 833 834 836
f 833 836 817
f 817 836 818
f 817 818 803
f 803 818 804
f 884 888 887
f 887 883 884
f 886 882 883
f 886 883 887
f 882 886 881
f 881 886 885
f 817 854 881
f 884 855 818
f 818 855 835
f 817 834 854
f 881 854 882
f 882 854 883
f 883 854 855
f 818 835 817
f 817 835 834
f 855 884 883
f 818 817 804
f 804 817 803
f 804 803 806
f 806 803 805
f 803 805 817
f 849 829 853
f 853 829 833
f 871 873 885
f 885 873 889
f 888 892 872
f 872 892 874
f 852 856 836
f 852 836 832
f 804 818 806
f 872 874 888
f 888 874 892
f 885 889 871
f 871 889 873
f 806 820 818
f 870 884 872
f 872 884 888
f 808 822 824
f 808 824 812
f 870 872 858
f 870 858 856
f 856 858 836
f 836 858 838
f 836 838 818
f 818 838 820
f 822 808 806
f 822 806 820
f 812 824 822
f 812 822 806
f 858 884 818
f 858 818 838
f 858 872 884
f 881 885 871
f 857 881 871
f 881 857 817
f 817 857 837
f 821 805 819
f 805 821 809
f 809 821 823
f 817 837 819
f 837 857 833
f 833 857 853
f 853 857 869
f 869 857 871
f 869 871 881
f 805 807 821
f 821 807 823
f 823 807 809
f 819 817 805
f 837 833 817
f 1154 1171 1153
f 1153 1171 1170
f 1167 1150 1166
f 1150 1131 1149
f 1150 1149 1166
f 1094 1093 1113
f 1148 1130 1147
f 1096 1095 1114
f 1096 1114 1115
f 1171 1169 1167
f 1150 1152 1154
f 1169 1171 1152
f 1152 1171 1154
f 1171 1167 1170
f 1170 1167 1166
f 1168 1151 1170
f 1170 1151 1153
f 1149 1151 1166
f 1166 1151 1168
f 1168 1170 1166
f 1153 1151 1152
f 1153 1152 1154
f 935 934 928
f 928 934 927
f 928 927 935
f 935 927 934
f 970 939 966
f 939 932 966
f 966 932 931
f 966 931 965
f 905 907 925
f 907 932 925
f 958 924 925
f 958 925 959
f 959 925 918
f 959 918 954
f 906 905 926
f 926 905 925
f 955 919 960
f 919 926 960
f 960 926 927
f 960 927 961
f 908 906 933
f 933 906 926
f 968 934 933
f 968 933 967
f 933 940 967
f 967 940 971
f 908 932 907
f 932 908 933
f 913 920 919
f 912 913 914
f 910 911 918
f 919 918 911
f 919 911 912
f 917 910 918
f 916 917 924
f 923 916 924
f 930 923 931
f 945 944 939
f 939 944 938
f 940 947 946
f 921 928 935
f 940 939 933
f 933 939 932
f 946 945 939
f 946 939 940
f 937 930 931
f 937 931 938
f 938 931 932
f 923 924 931
f 931 924 932
f 932 924 925
f 917 925 924
f 917 918 925
f 926 925 918
f 918 919 926
f 919 912 913
f 920 927 926
f 920 926 919
f 928 920 921
f 920 928 927
f 927 935 926
f 926 935 933
f 942 934 935
f 935 934 933
f 921 920 919
f 941 947 940
f 942 941 940
f 942 940 934
f 934 940 933
f 938 932 939
f 1009 987 984
f 1035 1053 1052
f 1038 1058 1041
f 1038 1056 1058
f 1056 1038 1057
f 1039 1073 1038
f 1038 1073 1057
f 1051 1067 1039
f 1039 1067 1073
f 1051 1088 1067
f 1052 1089 1051
f 1051 1089 1088
f 1069 1090 1053
f 1089 1052 1090
f 1090 1052 1053
f 975 974 949
f 912 976 911
f 911 976 975
f 911 975 949
f 911 949 910
f 910 949 953
f 910 953 917
f 952 916 917
f 916 952 980
f 916 952 957
f 916 957 923
f 987 964 957
f 923 957 964
f 923 964 930
f 1009 1006 1024
f 1043 1026 1024
f 1024 1026 1009
f 1002 1021 1006
f 1006 1021 1024
f 1020 1035 1019
f 1019 1035 1052
f 1041 1043 1024
f 1041 1024 1038
f 1038 1024 1021
f 1038 1021 1002
f 1038 1002 1039
f 1039 1002 1003
f 1039 1003 1022
f 1039 1022 1051
f 1051 1022 1018
f 1051 1018 1052
f 1052 1018 1019
f 981 953 974
f 974 953 949
f 984 987 957
f 984 957 980
f 980 957 952
f 1002 980 981
f 981 980 952
f 981 952 953
f 953 952 917
f 976 1020 975
f 975 1020 1019
f 975 1019 974
f 974 1019 1018
f 974 1018 981
f 981 1018 1022
f 981 1022 1002
f 1002 1022 1003
f 1002 1003 980
f 980 1002 984
f 984 1002 1006
f 984 1006 1009
f 1071 1055 1054
f 1070 1091 1071
f 1070 1054 1053
f 1070 1053 1069
f 1071 1054 1070
f 976 912 950
f 977 913 912
f 977 912 976
f 951 914 913
f 951 913 978
f 978 913 977
f 1054 1055 1037
f 1001 1000 1037
f 1037 1000 1054
f 1020 1053 999
f 999 1053 1000
f 1000 977 976
f 1000 976 999
f 1001 978 1000
f 1000 978 977
f 1053 1054 1000
f 982 921 978
f 978 921 914
f 982 956 921
f 1116 1097 1075
f 1112 1116 1075
f 1092 1112 1071
f 1071 1112 1075
f 1091 1092 1071
f 914 951 978
f 1040 1023 982
f 1040 982 1037
f 1037 982 978
f 1037 978 1001
f 1075 1040 1071
f 1071 1040 1037
f 1071 1037 1055
f 1004 982 1023
f 962 921 956
f 962 928 921
f 928 962 985
f 985 1007 1025
f 982 1004 1007
f 1007 1004 1023
f 1007 1023 1042
f 1007 962 982
f 982 962 956
f 985 962 1007
f 1116 1117 1097
f 1097 1117 1099
f 1097 1099 1077
f 1097 1077 1075
f 1023 1040 1042
f 1042 1040 1075
f 1077 1042 1075
f 1099 1117 1077
f 1042 1025 1007
f 1057 1051 1056
f 1057 1067 1051
f 1088 1089 1067
f 1067 1089 1068
f 1068 1089 1069
f 1089 1090 1069
f 1090 1091 1069
f 1069 1091 1070
f 1091 1111 1112
f 1091 1112 1092
f 999 976 975
f 929 983 922
f 922 983 979
f 922 979 915
f 915 979 980
f 915 980 916
f 974 910 980
f 980 910 916
f 910 974 911
f 911 974 975
f 975 976 950
f 975 950 911
f 911 950 912
f 1019 1068 1069
f 1069 1053 1019
f 1019 1053 1020
f 1019 1020 999
f 1018 1067 1019
f 1019 1067 1068
f 1067 1018 1051
f 1034 1038 1056
f 1034 1056 1051
f 1026 1024 1008
f 1008 1024 1005
f 1008 1005 986
f 929 963 983
f 983 963 986
f 1051 1018 1034
f 1034 1018 998
f 1034 998 1038
f 1038 998 1002
f 1005 1024 1006
f 1006 1024 1002
f 1002 1024 1038
f 975 1019 999
f 986 1005 983
f 983 1005 1006
f 983 1006 979
f 979 1006 1002
f 979 1002 980
f 980 1002 998
f 980 998 974
f 974 998 1018
f 937 943 944
f 991 1012 1030
f 1030 1012 1047
f 1047 1062 1082
f 969 972 942
f 969 942 935
f 1016 1017 1050
f 1066 1065 1050
f 948 997 996
f 948 996 947
f 995 946 947
f 995 947 996
f 1015 1064 1033
f 1016 996 997
f 1016 997 1017
f 996 1016 995
f 995 1016 1015
f 1016 1065 1015
f 1015 1065 1064
f 1050 1065 1016
f 1109 1108 1087
f 1125 1109 1087
f 1122 1125 1082
f 1082 1125 1087
f 1104 1122 1082
f 1030 1047 991
f 942 972 991
f 942 991 997
f 942 997 948
f 991 1047 997
f 997 1047 1050
f 997 1050 1017
f 1047 1082 1050
f 1050 1082 1087
f 1050 1087 1066
f 1087 1086 1066
f 1086 1065 1066
f 1085 1064 1086
f 1086 1064 1065
f 1087 1108 1086
f 1032 1033 1064
f 1032 1064 1085
f 994 995 1015
f 946 995 994
f 994 945 946
f 944 945 994
f 994 993 944
f 992 937 993
f 993 937 944
f 937 992 990
f 937 990 936
f 936 990 989
f 936 989 929
f 929 989 986
f 929 986 963
f 1026 1045 1043
f 1063 1045 1048
f 1031 1063 1048
f 1063 1031 1083
f 1083 1031 1032
f 1083 1032 1084
f 1045 1011 1048
f 1048 1011 1013
f 1048 1013 1031
f 1026 1008 1009
f 1026 1009 1045
f 1045 1009 1011
f 1085 1084 1032
f 1032 994 1015
f 1032 1015 1033
f 994 1032 993
f 993 1032 1031
f 993 1031 992
f 992 1031 1013
f 992 1013 990
f 990 1013 1011
f 990 1011 989
f 989 1011 986
f 986 1011 1009
f 986 1009 1008
f 988 1010 969
f 991 1010 1012
f 991 972 969
f 991 969 1010
f 1045 1060 1059
f 1045 1059 1043
f 1063 1083 1060
f 1106 1105 1083
f 1083 1084 1106
f 1107 1106 1084
f 1124 1109 1125
f 1109 1124 1108
f 1010 1027 1044
f 1119 1122 1104
f 1119 1104 1100
f 1104 1079 1100
f 1100 1079 1119
f 1010 1044 1047
f 1010 1047 1012
f 1104 1082 1079
f 1079 1082 1062
f 1044 1079 1062
f 1044 1062 1047
f 1107 1084 1085
f 1085 1086 1107
f 1107 1086 1108
f 1045 1063 1060
f 969 935 988
f 1010 988 1027
f 1082 1122 1119
f 1119 1079 1082
f 1065 1086 1087
f 1087 1086 1124
f 1087 1124 1125
f 1016 1049 1050
f 972 942 948
f 972 948 973
f 1044 1027 988
f 997 1016 1050
f 997 1050 991
f 1050 1047 991
f 991 972 973
f 991 973 997
f 997 973 996
f 1044 988 1047
f 1047 988 991
f 988 969 991
f 1082 1079 1044
f 1082 1044 1047
f 1082 1047 1087
f 1087 1047 1050
f 1087 1050 1065
f 1065 1050 1049
f 929 930 936
f 936 930 937
f 938 944 937
f 910 909 916
f 922 915 916
f 930 929 923
f 923 929 922
f 916 923 922
f 917 916 910
f 1117 1116 1077
f 1036 1037 1054
f 1071 1112 1111
f 1071 1111 1070
f 1077 1116 1075
f 1025 1042 985
f 951 914 921
f 951 921 956
f 985 982 962
f 1036 1000 1037
f 1037 1000 978
f 1037 978 1040
f 1040 978 982
f 978 977 951
f 978 951 982
f 982 951 956
f 985 1042 982
f 982 1042 1040
f 1042 1077 1040
f 1040 1077 1075
f 1040 1075 1037
f 1037 1075 1071
f 1037 1071 1054
f 1134 1135 1118
f 1118 1135 1119
f 1111 1116 1112
f 1069 1090 1068
f 1068 1090 1089
f 1111 1112 1129
f 1111 1129 1128
f 1129 1112 1116
f 1116 1132 1129
f 1060 1029 1028
f 1061 1046 1060
f 1029 1060 1046
f 1061 1081 1101
f 920 911 912
f 947 946 941
f 941 946 945
f 920 912 913
f 914 921 920
f 914 920 913
f 937 930 916
f 916 930 923
f 917 910 920
f 920 910 911
f 942 948 941
f 941 948 947
f 941 945 944
f 941 944 938
f 1138 1122 1135
f 1135 1122 1119
f 1142 1125 1138
f 1138 1125 1122
f 1125 1142 1141
f 1125 1141 1124
f 1119 1117 1135
f 1135 1117 1133
f 1116 1132 1117
f 1117 1132 1133
f 1117 1119 1077
f 1077 1119 1079
f 1077 1079 1042
f 1042 1079 1044
f 1042 1044 1025
f 1025 1044 1010
f 1025 1010 985
f 985 1010 988
f 985 988 969
f 985 969 962
f 962 969 935
f 962 935 928
f 1041 1043 1058
f 1072 1057 1056
f 1072 1073 1057
f 1061 1081 1080
f 1061 1080 1060
f 1058 1043 1059
f 1078 1058 1059
f 1056 1076 1072
f 1083 1105 1101
f 1056 1058 1076
f 1076 1058 1078
f 1078 1059 1060
f 1083 1101 1081
f 1078 1060 1081
f 1081 1060 1080
f 1076 1073 1072
f 1093 1067 1073
f 1067 1093 1088
f 1134 1138 1135
f 1141 1142 1137
f 1137 1142 1134
f 1134 1142 1138
f 1133 1119 1135
f 1116 1119 1132
f 1132 1119 1133
f 1081 1060 1061
f 1081 1061 1083
f 1073 1057 1067
f 1127 1110 1126
f 1089 1088 1127
f 1127 1088 1110
f 1127 1090 1089
f 1127 1111 1090
f 1127 1128 1111
f 1145 1146 1127
f 1127 1146 1128
f 1127 1144 1145
f 1127 1143 1144
f 1127 1126 1143
f 1111 1091 1090
f 1128 1115 1111
f 1128 1131 1115
f 1146 1150 1128
f 1128 1150 1131
f 1145 1149 1150
f 1145 1150 1146
f 1149 1145 1166
f 1166 1145 1164
f 1166 1164 1163
f 1166 1163 1165
f 1165 1163 1144
f 1165 1144 1148
f 1148 1144 1147
f 1147 1144 1143
f 1147 1143 1126
f 1147 1126 1130
f 1130 1126 1113
f 1113 1126 1110
f 1113 1110 1093
f 1093 1110 1088
f 1089 1093 1088
f 1089 1094 1093
f 1111 1115 1096
f 1111 1096 1091
f 1091 1096 1095
f 1091 1095 1090
f 1090 1095 1094
f 1090 1094 1089
f 1164 1145 1144
f 1164 1144 1163
f 1078 1081 1076
f 1076 1081 1101
f 1076 1101 1098
f 1076 1098 1073
f 1073 1098 1093
f 1094 1074 1093
f 1073 1093 1074
f 1093 1098 1101
f 1093 1101 1113
f 1113 1101 1120
f 1136 1130 1120
f 1120 1130 1113
f 1155 1147 1136
f 1136 1147 1130
f 1172 1165 1156
f 1156 1165 1148
f 1156 1148 1155
f 1155 1148 1147
f 1157 1149 1173
f 1173 1149 1166
f 1173 1166 1172
f 1172 1166 1165
f 1158 1150 1157
f 1157 1150 1149
f 1137 1131 1158
f 1158 1131 1150
f 1121 1115 1137
f 1137 1115 1131
f 1102 1106 1101
f 1101 1106 1105
f 1101 1105 1123
f 1101 1123 1120
f 1120 1123 1139
f 1120 1139 1136
f 1136 1139 1159
f 1136 1159 1155
f 1155 1159 1160
f 1155 1160 1156
f 1156 1160 1174
f 1156 1174 1172
f 1172 1174 1175
f 1172 1175 1173
f 1173 1175 1161
f 1173 1161 1157
f 1157 1161 1162
f 1157 1162 1158
f 1158 1162 1141
f 1158 1141 1137
f 1137 1141 1124
f 1137 1124 1121
f 1174 1160 1161
f 1174 1161 1175
f 1121 1124 1108
f 1121 1108 1103
f 1084 1014 1108
f 1108 1014 1015
f 1108 1015 1016
f 1108 1107 1084
f 1159 1139 1160
f 1161 1141 1162
f 1107 1108 1124
f 1106 1123 1105
f 1140 1124 1141
f 1107 1124 1140
f 1140 1106 1107
f 1123 1106 1140
f 1140 1139 1123
f 1160 1139 1140
f 1140 1161 1160
f 1141 1161 1140
f 920 935 917
f 917 935 942
f 942 941 917
f 917 941 938
f 920 921 935
f 916 917 937
f 937 917 938
f 1387 1386 1385
f 1385 1386 1380
f 1385 1380 1379
f 1379 1380 1378
f 1379 1378 1373
f 1373 1378 1364
f 1373 1364 1359
f 1359 1364 1334
f 1359 1334 1330
f 1330 1334 1340
f 1330 1340 1335
f 1335 1340 1346
f 1335 1346 1341
f 1341 1346 1352
f 1341 1352 1347
f 1347 1352 1368
f 1347 1368 1367
f 1367 1368 1384
f 1367 1384 1383
f 1383 1384 1382
f 1383 1382 1381
f 1381 1382 1388
f 1381 1388 1387
f 1387 1388 1386
f 1346 1340 1366
f 1366 1368 1352
f 1366 1352 1346
f 1366 1384 1368
f 1366 1382 1384
f 1366 1388 1382
f 1380 1386 1366
f 1366 1386 1388
f 1366 1378 1380
f 1366 1364 1378
f 1340 1334 1366
f 1366 1334 1364
f 1341 1365 1335
f 1365 1359 1330
f 1365 1330 1335
f 1365 1373 1359
f 1365 1379 1373
f 1387 1385 1365
f 1365 1385 1379
f 1381 1387 1365
f 1365 1383 1381
f 1365 1367 1383
f 1341 1347 1365
f 1365 1347 1367
f 1210 1233 1232
f 1232 1209 1210
f 1210 1228 1233
f 1179 1185 1184
f 1185 1179 1180
f 1185 1180 1181
f 1185 1181 1186
f 1228 1229 1210
f 1211 1210 1229
f 1333 1363 1334
f 1334 1363 1364
f 1313 1340 1317
f 1317 1340 1346
f 1321 1351 1325
f 1325 1351 1350
f 1325 1350 1354
f 1325 1354 1324
f 1378 1364 1377
f 1364 1363 1377
f 1377 1363 1358
f 1377 1358 1372
f 1372 1358 1371
f 1371 1358 1357
f 1357 1328 1304
f 1179 1190 1191
f 1179 1191 1180
f 1180 1191 1181
f 1191 1192 1181
f 1194 1186 1181
f 1194 1181 1192
f 1204 1223 1206
f 1206 1223 1225
f 1211 1229 1228
f 1211 1228 1210
f 1254 1232 1233
f 1254 1233 1255
f 1317 1316 1313
f 1313 1316 1312
f 1313 1312 1340
f 1340 1312 1339
f 1346 1345 1316
f 1346 1316 1317
f 1321 1325 1320
f 1324 1320 1325
f 1333 1334 1339
f 1339 1334 1340
f 1361 1364 1362
f 1334 1364 1332
f 1332 1364 1361
f 1340 1334 1337
f 1337 1334 1332
f 1338 1340 1337
f 1340 1338 1346
f 1346 1338 1344
f 1343 1346 1344
f 1343 1345 1346
f 1345 1343 1349
f 1345 1349 1351
f 1351 1349 1350
f 1351 1350 1354
f 1377 1372 1375
f 1375 1372 1371
f 1376 1378 1377
f 1376 1377 1375
f 1376 1362 1378
f 1378 1362 1364
f 1220 1221 1202
f 1283 1305 1308
f 1283 1308 1286
f 1282 1304 1283
f 1283 1304 1305
f 1199 1191 1198
f 1198 1191 1190
f 1192 1191 1199
f 1200 1192 1199
f 1200 1194 1192
f 1241 1202 1221
f 1204 1202 1241
f 1243 1204 1241
f 1243 1223 1204
f 1247 1223 1243
f 1206 1225 1247
f 1247 1225 1223
f 1246 1206 1247
f 1211 1206 1246
f 1211 1250 1210
f 1250 1211 1246
f 1250 1228 1210
f 1255 1233 1250
f 1250 1233 1228
f 1321 1345 1351
f 1290 1312 1316
f 1290 1316 1294
f 1286 1308 1290
f 1290 1308 1312
f 1241 1221 1240
f 1262 1241 1240
f 1262 1240 1259
f 1240 1221 1220
f 1220 1216 1237
f 1236 1258 1237
f 1237 1258 1259
f 1237 1216 1236
f 1236 1216 1215
f 1240 1220 1237
f 1240 1237 1259
f 1198 1215 1199
f 1199 1215 1216
f 1199 1216 1220
f 1199 1220 1200
f 1200 1220 1202
f 1200 1202 1194
f 1274 1279 1250
f 1274 1250 1270
f 1241 1262 1263
f 1241 1263 1243
f 1243 1263 1267
f 1243 1267 1266
f 1243 1266 1246
f 1246 1266 1270
f 1246 1270 1250
f 1278 1254 1279
f 1279 1254 1255
f 1279 1255 1250
f 1246 1247 1243
f 1297 1321 1301
f 1301 1321 1300
f 1300 1321 1320
f 1300 1320 1324
f 1297 1294 1321
f 1294 1316 1321
f 1321 1316 1345
f 1300 1278 1301
f 1301 1278 1279
f 1301 1279 1297
f 1297 1279 1274
f 1297 1274 1294
f 1294 1274 1270
f 1294 1270 1316
f 1258 1282 1259
f 1259 1282 1283
f 1259 1283 1262
f 1262 1283 1286
f 1262 1286 1263
f 1263 1286 1267
f 1267 1286 1290
f 1267 1290 1266
f 1266 1290 1270
f 1270 1290 1294
f 1198 1190 1215
f 1339 1312 1308
f 1333 1339 1308
f 1304 1328 1329
f 1333 1308 1329
f 1329 1308 1305
f 1329 1305 1304
f 1363 1333 1358
f 1358 1333 1329
f 1358 1329 1357
f 1357 1329 1328
f 1232 1231 1209
f 1231 1230 1209
f 1209 1230 1208
f 1208 1230 1227
f 1177 1178 1183
f 1183 1178 1184
f 1184 1178 1179
f 1183 1182 1176
f 1183 1176 1177
f 1226 1227 1207
f 1207 1227 1208
f 1360 1331 1359
f 1359 1331 1330
f 1369 1355 1374
f 1374 1355 1360
f 1355 1369 1370
f 1355 1370 1356
f 1357 1327 1356
f 1357 1356 1371
f 1371 1356 1370
f 1327 1357 1303
f 1303 1357 1304
f 1303 1304 1282
f 1303 1282 1281
f 1281 1282 1258
f 1281 1258 1257
f 1190 1214 1215
f 1215 1214 1235
f 1215 1235 1236
f 1236 1235 1258
f 1258 1235 1257
f 1190 1189 1214
f 1189 1178 1177
f 1189 1177 1188
f 1176 1187 1188
f 1176 1188 1177
f 1222 1203 1205
f 1205 1224 1222
f 1231 1253 1230
f 1230 1253 1252
f 1253 1231 1232
f 1253 1232 1254
f 1187 1176 1182
f 1187 1182 1193
f 1178 1189 1190
f 1178 1190 1179
f 1374 1360 1359
f 1374 1359 1373
f 1314 1341 1335
f 1314 1335 1310
f 1348 1318 1322
f 1348 1322 1349
f 1349 1322 1353
f 1353 1322 1323
f 1323 1324 1353
f 1353 1324 1354
f 1330 1331 1335
f 1335 1331 1336
f 1335 1336 1310
f 1336 1311 1310
f 1310 1311 1314
f 1311 1315 1314
f 1314 1315 1341
f 1341 1315 1342
f 1322 1318 1319
f 1322 1319 1323
f 1323 1319 1324
f 1324 1319 1320
f 1359 1330 1332
f 1348 1349 1342
f 1342 1349 1343
f 1343 1341 1342
f 1344 1341 1343
f 1338 1335 1344
f 1344 1335 1341
f 1335 1338 1337
f 1332 1330 1337
f 1337 1330 1335
f 1361 1359 1332
f 1362 1359 1361
f 1349 1353 1350
f 1350 1353 1354
f 1374 1373 1376
f 1375 1371 1370
f 1375 1370 1369
f 1369 1374 1375
f 1375 1374 1376
f 1362 1376 1373
f 1359 1362 1373
f 1278 1300 1299
f 1311 1289 1315
f 1315 1289 1293
f 1318 1342 1315
f 1324 1323 1300
f 1249 1227 1230
f 1249 1230 1252
f 1208 1227 1249
f 1249 1207 1208
f 1207 1249 1245
f 1207 1245 1205
f 1205 1245 1244
f 1224 1205 1244
f 1242 1222 1244
f 1244 1222 1224
f 1201 1203 1218
f 1218 1203 1222
f 1187 1193 1195
f 1195 1193 1201
f 1196 1187 1195
f 1188 1187 1196
f 1197 1189 1188
f 1303 1281 1280
f 1280 1302 1303
f 1285 1307 1280
f 1280 1307 1302
f 1276 1273 1249
f 1269 1249 1273
f 1254 1278 1253
f 1253 1278 1277
f 1253 1277 1252
f 1252 1277 1276
f 1252 1276 1249
f 1269 1245 1249
f 1244 1245 1269
f 1244 1269 1242
f 1242 1269 1265
f 1260 1238 1264
f 1264 1238 1242
f 1264 1242 1265
f 1238 1260 1261
f 1238 1261 1239
f 1239 1261 1234
f 1234 1261 1256
f 1238 1218 1242
f 1242 1218 1222
f 1239 1218 1238
f 1213 1196 1219
f 1219 1196 1195
f 1219 1195 1201
f 1219 1201 1218
f 1188 1196 1197
f 1197 1196 1213
f 1197 1213 1214
f 1214 1213 1234
f 1214 1234 1235
f 1235 1234 1256
f 1235 1256 1257
f 1234 1213 1239
f 1239 1213 1219
f 1239 1219 1218
f 1281 1257 1280
f 1280 1257 1256
f 1280 1256 1285
f 1285 1256 1261
f 1285 1261 1260
f 1300 1323 1299
f 1299 1323 1319
f 1299 1319 1298
f 1298 1319 1318
f 1298 1318 1296
f 1315 1293 1318
f 1277 1278 1299
f 1277 1299 1276
f 1276 1299 1298
f 1276 1298 1273
f 1273 1298 1296
f 1273 1296 1269
f 1348 1342 1318
f 1296 1318 1293
f 1296 1293 1269
f 1269 1293 1265
f 1265 1293 1289
f 1265 1289 1264
f 1264 1289 1311
f 1264 1311 1260
f 1260 1311 1307
f 1260 1307 1285
f 1189 1197 1214
f 1307 1336 1331
f 1311 1336 1307
f 1327 1303 1302
f 1307 1331 1302
f 1302 1331 1326
f 1302 1326 1327
f 1331 1360 1326
f 1326 1360 1355
f 1326 1355 1327
f 1327 1355 1356
f 1207 1206 1211
f 1211 1210 1209
f 1211 1209 1207
f 1207 1209 1208
f 1182 1183 1193
f 1193 1183 1184
f 1185 1186 1194
f 1185 1194 1184
f 1184 1194 1193
f 1202 1201 1194
f 1194 1201 1193
f 1204 1203 1201
f 1204 1201 1202
f 1206 1205 1204
f 1204 1205 1203
f 1205 1206 1207
f 1287 1308 1309
f 1308 1287 1286
f 1286 1305 1308
f 1247 1225 1243
f 1243 1225 1223
f 1247 1211 1206
f 1228 1229 1250
f 1250 1229 1251
f 1251 1229 1211
f 1317 1295 1313
f 1313 1295 1291
f 1287 1309 1291
f 1291 1309 1313
f 1305 1286 1283
f 1283 1286 1259
f 1237 1262 1241
f 1217 1237 1221
f 1221 1237 1241
f 1200 1217 1202
f 1202 1217 1221
f 1199 1216 1200
f 1278 1277 1254
f 1278 1254 1255
f 1278 1255 1279
f 1243 1267 1247
f 1247 1267 1271
f 1324 1300 1325
f 1325 1300 1301
f 1325 1301 1321
f 1251 1247 1271
f 1251 1271 1275
f 1275 1271 1295
f 1275 1295 1297
f 1297 1295 1321
f 1247 1251 1211
f 1297 1274 1275
f 1275 1274 1250
f 1275 1250 1251
f 1200 1216 1217
f 1217 1216 1237
f 1237 1259 1262
f 1262 1259 1286
f 1263 1286 1287
f 1263 1287 1267
f 1267 1287 1291
f 1267 1291 1271
f 1271 1291 1295
f 1271 1295 1317
f 1295 1317 1321
f 1321 1317 1346
f 1321 1346 1345
f 1309 1334 1340
f 1309 1340 1313
f 1334 1309 1333
f 1333 1309 1308
f 1333 1308 1305
f 1333 1305 1329
f 1329 1305 1328
f 1328 1305 1304
f 1292 1314 1288
f 1288 1314 1310
f 1318 1342 1314
f 1314 1342 1341
f 1249 1226 1227
f 1248 1207 1249
f 1249 1207 1226
f 1244 1205 1248
f 1248 1205 1207
f 1195 1187 1201
f 1201 1187 1193
f 1285 1307 1302
f 1285 1302 1280
f 1284 1307 1285
f 1284 1306 1307
f 1277 1253 1254
f 1268 1244 1272
f 1272 1244 1248
f 1272 1248 1273
f 1273 1248 1249
f 1264 1242 1268
f 1268 1242 1244
f 1261 1234 1238
f 1234 1213 1212
f 1234 1212 1238
f 1238 1212 1218
f 1213 1196 1195
f 1213 1195 1212
f 1212 1195 1218
f 1218 1195 1201
f 1285 1261 1284
f 1284 1261 1260
f 1299 1323 1298
f 1298 1323 1322
f 1298 1322 1296
f 1296 1322 1318
f 1296 1318 1292
f 1292 1318 1314
f 1273 1296 1272
f 1272 1296 1292
f 1272 1292 1268
f 1268 1292 1264
f 1264 1292 1288
f 1264 1288 1310
f 1264 1310 1260
f 1260 1310 1306
f 1260 1306 1284
f 1335 1330 1306
f 1306 1310 1335
f 1330 1331 1360
f 1306 1330 1307
f 1307 1330 1331
f 1302 1326 1303
f 1303 1326 1327
f 1503 1501 1502
f 1503 1502 1526
f 1526 1525 1500
f 1526 1500 1503
f 1503 1504 1501
f 1525 1526 1547
f 1547 1526 1548
f 1547 1548 1565
f 1565 1548 1566
f 1565 1566 1583
f 1583 1599 1598
f 1598 1582 1583
f 1583 1582 1565
f 1615 1614 1597
f 1597 1614 1596
f 1596 1598 1597
f 1597 1598 1599
f 1625 1624 1609
f 1609 1624 1608
f 1606 1607 1622
f 1622 1607 1623
f 1607 1606 1590
f 1607 1590 1591
f 1624 1637 1623
f 1623 1645 1644
f 1623 1644 1640
f 1623 1643 1647
f 1647 1646 1623
f 1623 1640 1635
f 1609 1608 1592
f 1609 1592 1593
f 1637 1636 1623
f 1623 1636 1643
f 1623 1646 1645
f 1635 1634 1623
f 1541 1542 1560
f 1541 1560 1559
f 1575 1591 1590
f 1593 1592 1576
f 1593 1576 1577
f 1577 1576 1559
f 1577 1559 1560
f 1590 1574 1575
f 1575 1574 1558
f 1558 1574 1557
f 1558 1557 1536
f 1536 1557 1535
f 1626 1627 1624
f 1626 1624 1623
f 1627 1626 1612
f 1612 1626 1611
f 1612 1611 1613
f 1613 1611 1615
f 1615 1611 1610
f 1615 1610 1614
f 1507 1515 1514
f 1507 1514 1506
f 1484 1483 1475
f 1476 1484 1475
f 1477 1478 1485
f 1485 1478 1486
f 1510 1511 1517
f 1510 1517 1516
f 1506 1426 1507
f 1507 1426 1427
f 1507 1427 1515
f 1515 1427 1435
f 1515 1435 1514
f 1514 1435 1434
f 1514 1434 1506
f 1506 1434 1426
f 1515 1475 1507
f 1538 1476 1515
f 1515 1476 1475
f 1538 1484 1476
f 1538 1539 1484
f 1484 1539 1485
f 1539 1477 1485
f 1516 1478 1539
f 1539 1478 1477
f 1510 1478 1516
f 1510 1430 1511
f 1511 1430 1431
f 1511 1431 1517
f 1517 1431 1437
f 1517 1437 1516
f 1516 1437 1436
f 1516 1436 1510
f 1510 1436 1430
f 1479 1478 1436
f 1479 1436 1437
f 1486 1483 1485
f 1485 1483 1484
f 1435 1475 1474
f 1435 1474 1434
f 1440 1447 1446
f 1441 1447 1440
f 1442 1443 1449
f 1448 1442 1449
f 1492 1448 1493
f 1493 1448 1449
f 1490 1446 1491
f 1491 1446 1447
f 1475 1435 1427
f 1475 1427 1507
f 1515 1507 1529
f 1537 1515 1529
f 1538 1515 1537
f 1538 1537 1530
f 1530 1537 1529
f 1508 1530 1529
f 1507 1508 1529
f 1508 1509 1530
f 1530 1509 1531
f 1530 1531 1538
f 1538 1531 1539
f 1516 1539 1540
f 1540 1539 1532
f 1532 1539 1531
f 1516 1540 1532
f 1510 1516 1532
f 1510 1532 1531
f 1510 1531 1509
f 1436 1478 1430
f 1430 1478 1510
f 1487 1486 1478
f 1487 1478 1479
f 1474 1475 1482
f 1482 1475 1483
f 1482 1483 1487
f 1487 1483 1486
f 1496 1452 1490
f 1490 1452 1446
f 1482 1440 1446
f 1482 1446 1490
f 1441 1440 1483
f 1483 1440 1482
f 1491 1447 1441
f 1491 1441 1483
f 1486 1442 1448
f 1486 1448 1492
f 1443 1442 1487
f 1487 1442 1486
f 1493 1449 1443
f 1493 1443 1487
f 1449 1453 1497
f 1449 1497 1493
f 1453 1452 1497
f 1497 1452 1496
f 1496 1490 1491
f 1493 1497 1492
f 1496 1491 1492
f 1496 1492 1497
f 1459 1458 1453
f 1453 1458 1457
f 1453 1457 1452
f 1452 1457 1456
f 1416 1402 1474
f 1416 1474 1482
f 1416 1482 1420
f 1416 1434 1402
f 1402 1434 1474
f 1394 1416 1402
f 1394 1410 1416
f 1410 1394 1426
f 1395 1427 1394
f 1394 1427 1426
f 1507 1427 1395
f 1507 1395 1508
f 1508 1395 1396
f 1396 1397 1508
f 1508 1397 1509
f 1398 1430 1510
f 1398 1510 1397
f 1397 1510 1509
f 1403 1417 1399
f 1399 1417 1413
f 1413 1431 1399
f 1399 1431 1398
f 1398 1431 1430
f 1417 1403 1437
f 1437 1403 1479
f 1487 1479 1421
f 1421 1479 1417
f 1417 1479 1403
f 1420 1482 1440
f 1446 1420 1440
f 1487 1421 1443
f 1421 1449 1443
f 1449 1450 1453
f 1453 1450 1454
f 1450 1449 1494
f 1494 1449 1493
f 1445 1446 1452
f 1445 1452 1451
f 1487 1488 1493
f 1493 1488 1494
f 1446 1445 1489
f 1446 1489 1490
f 1481 1482 1490
f 1481 1490 1489
f 1483 1486 1491
f 1486 1492 1491
f 1446 1445 1439
f 1446 1439 1420
f 1439 1419 1420
f 1420 1419 1416
f 1416 1419 1401
f 1416 1401 1402
f 1392 1398 1397
f 1392 1397 1391
f 1389 1390 1396
f 1389 1396 1395
f 1402 1401 1394
f 1404 1403 1399
f 1404 1399 1400
f 1396 1390 1397
f 1397 1390 1391
f 1394 1401 1393
f 1417 1403 1404
f 1417 1404 1421
f 1421 1404 1422
f 1450 1449 1444
f 1444 1449 1421
f 1444 1421 1422
f 1444 1443 1450
f 1450 1443 1449
f 1440 1482 1439
f 1439 1482 1481
f 1445 1446 1440
f 1445 1440 1439
f 1451 1452 1446
f 1451 1446 1445
f 1426 1434 1425
f 1425 1434 1433
f 1416 1433 1434
f 1416 1415 1433
f 1415 1416 1409
f 1416 1410 1409
f 1417 1414 1413
f 1414 1417 1418
f 1437 1418 1417
f 1437 1438 1418
f 1437 1432 1438
f 1437 1431 1432
f 1487 1443 1488
f 1488 1443 1444
f 1452 1456 1455
f 1456 1457 1455
f 1452 1455 1451
f 1451 1495 1489
f 1489 1495 1521
f 1445 1451 1489
f 1489 1521 1519
f 1519 1481 1489
f 1519 1521 1545
f 1513 1519 1535
f 1535 1519 1543
f 1545 1543 1519
f 1544 1520 1542
f 1518 1542 1520
f 1520 1544 1546
f 1520 1546 1522
f 1454 1450 1494
f 1522 1498 1494
f 1494 1488 1520
f 1454 1494 1498
f 1520 1522 1494
f 1460 1458 1459
f 1460 1453 1454
f 1459 1453 1460
f 1561 1563 1578
f 1596 1594 1578
f 1535 1543 1561
f 1561 1543 1545
f 1558 1536 1535
f 1558 1557 1575
f 1575 1557 1574
f 1580 1596 1578
f 1545 1563 1580
f 1561 1545 1563
f 1563 1545 1578
f 1578 1545 1580
f 1626 1623 1607
f 1611 1626 1607
f 1611 1607 1591
f 1591 1575 1594
f 1591 1594 1611
f 1611 1594 1610
f 1558 1535 1557
f 1557 1535 1561
f 1557 1561 1574
f 1574 1561 1578
f 1574 1578 1575
f 1575 1578 1594
f 1610 1594 1596
f 1610 1596 1614
f 1607 1606 1623
f 1618 1619 1603
f 1647 1643 1642
f 1647 1642 1646
f 1640 1644 1641
f 1641 1644 1645
f 1622 1623 1606
f 1624 1621 1633
f 1624 1633 1637
f 1608 1605 1621
f 1624 1608 1621
f 1619 1631 1632
f 1632 1620 1619
f 1603 1619 1620
f 1630 1618 1629
f 1629 1618 1617
f 1618 1630 1619
f 1619 1630 1631
f 1602 1618 1603
f 1601 1617 1602
f 1602 1617 1618
f 1635 1628 1634
f 1634 1628 1616
f 1634 1616 1623
f 1641 1645 1642
f 1642 1645 1646
f 1637 1633 1636
f 1636 1633 1632
f 1636 1632 1642
f 1642 1632 1631
f 1642 1631 1639
f 1642 1639 1641
f 1641 1639 1638
f 1641 1638 1630
f 1641 1630 1635
f 1635 1630 1629
f 1635 1629 1628
f 1621 1620 1632
f 1629 1617 1616
f 1633 1621 1632
f 1639 1631 1638
f 1638 1631 1630
f 1628 1629 1616
f 1643 1636 1642
f 1640 1641 1635
f 1623 1616 1607
f 1607 1616 1600
f 1620 1604 1603
f 1605 1604 1621
f 1621 1604 1620
f 1616 1617 1600
f 1600 1617 1601
f 1585 1569 1568
f 1588 1572 1571
f 1419 1415 1401
f 1418 1422 1404
f 1519 1513 1481
f 1473 1426 1425
f 1473 1425 1433
f 1465 1466 1426
f 1431 1471 1472
f 1431 1472 1432
f 1472 1438 1432
f 1406 1407 1391
f 1391 1407 1392
f 1392 1407 1408
f 1392 1408 1398
f 1398 1408 1412
f 1398 1412 1399
f 1399 1412 1413
f 1406 1423 1407
f 1407 1423 1424
f 1407 1424 1430
f 1407 1430 1412
f 1412 1430 1431
f 1412 1431 1413
f 1424 1429 1430
f 1418 1404 1414
f 1414 1404 1400
f 1414 1400 1413
f 1413 1400 1399
f 1444 1422 1418
f 1438 1444 1418
f 1463 1469 1464
f 1509 1469 1508
f 1508 1469 1463
f 1429 1469 1430
f 1430 1469 1470
f 1430 1470 1431
f 1431 1470 1471
f 1438 1480 1444
f 1444 1480 1488
f 1520 1488 1518
f 1480 1438 1472
f 1480 1518 1488
f 1469 1509 1470
f 1470 1509 1510
f 1470 1510 1471
f 1471 1510 1511
f 1471 1511 1512
f 1471 1512 1472
f 1472 1512 1480
f 1480 1512 1518
f 1577 1560 1573
f 1573 1560 1556
f 1573 1556 1555
f 1573 1555 1572
f 1572 1555 1554
f 1609 1593 1608
f 1608 1593 1592
f 1608 1592 1605
f 1605 1592 1589
f 1605 1589 1604
f 1604 1589 1588
f 1572 1588 1573
f 1573 1588 1589
f 1573 1589 1577
f 1577 1589 1592
f 1577 1592 1593
f 1551 1529 1550
f 1550 1529 1528
f 1550 1528 1549
f 1549 1528 1527
f 1549 1527 1557
f 1557 1527 1535
f 1560 1542 1556
f 1556 1542 1534
f 1556 1534 1555
f 1555 1534 1533
f 1555 1533 1554
f 1554 1533 1532
f 1554 1532 1553
f 1553 1532 1531
f 1553 1531 1552
f 1552 1531 1530
f 1552 1530 1551
f 1551 1530 1529
f 1601 1585 1600
f 1600 1585 1584
f 1600 1584 1607
f 1607 1584 1591
f 1574 1590 1591
f 1574 1591 1567
f 1567 1591 1584
f 1567 1584 1568
f 1568 1584 1585
f 1603 1587 1602
f 1602 1587 1586
f 1602 1586 1601
f 1601 1586 1585
f 1603 1604 1588
f 1603 1588 1587
f 1587 1588 1571
f 1587 1571 1586
f 1586 1571 1570
f 1586 1570 1569
f 1586 1569 1585
f 1569 1551 1568
f 1568 1551 1550
f 1568 1550 1567
f 1567 1550 1549
f 1567 1549 1574
f 1574 1549 1557
f 1419 1439 1433
f 1433 1415 1419
f 1401 1415 1393
f 1393 1415 1409
f 1393 1409 1394
f 1394 1409 1410
f 1473 1433 1481
f 1481 1433 1439
f 1465 1426 1473
f 1395 1394 1410
f 1395 1410 1411
f 1411 1410 1426
f 1411 1426 1427
f 1391 1390 1406
f 1427 1423 1406
f 1427 1406 1405
f 1405 1406 1389
f 1390 1389 1406
f 1408 1407 1412
f 1466 1427 1426
f 1506 1466 1505
f 1505 1466 1465
f 1505 1465 1513
f 1513 1465 1473
f 1513 1473 1481
f 1465 1466 1473
f 1395 1411 1405
f 1427 1466 1467
f 1467 1466 1506
f 1467 1506 1507
f 1467 1507 1468
f 1507 1508 1468
f 1468 1508 1463
f 1463 1464 1424
f 1424 1423 1463
f 1463 1423 1468
f 1468 1423 1428
f 1468 1428 1467
f 1464 1469 1429
f 1464 1429 1424
f 1428 1423 1427
f 1428 1427 1467
f 1572 1554 1571
f 1571 1554 1553
f 1571 1553 1570
f 1570 1553 1552
f 1570 1552 1569
f 1569 1552 1551
f 1529 1507 1528
f 1528 1507 1506
f 1528 1506 1527
f 1527 1506 1505
f 1527 1505 1535
f 1535 1505 1513
f 1542 1518 1534
f 1534 1518 1512
f 1534 1512 1533
f 1533 1512 1511
f 1533 1511 1532
f 1532 1511 1510
f 1427 1405 1411
f 1405 1389 1395
f 1544 1542 1560
f 1544 1562 1564
f 1544 1564 1546
f 1615 1597 1595
f 1615 1595 1613
f 1559 1576 1560
f 1576 1577 1560
f 1560 1562 1544
f 1608 1624 1612
f 1608 1612 1592
f 1592 1612 1595
f 1592 1595 1576
f 1576 1595 1577
f 1577 1595 1579
f 1577 1579 1560
f 1560 1579 1562
f 1579 1595 1597
f 1579 1597 1581
f 1581 1564 1579
f 1579 1564 1562
f 1613 1595 1612
f 1627 1612 1624
f 1458 1460 1457
f 1455 1457 1460
f 1500 1525 1499
f 1455 1461 1500
f 1500 1461 1503
f 1499 1455 1500
f 1451 1455 1495
f 1495 1523 1521
f 1523 1545 1521
f 1565 1582 1580
f 1580 1582 1598
f 1580 1598 1596
f 1565 1580 1563
f 1563 1545 1565
f 1525 1547 1523
f 1525 1523 1499
f 1499 1523 1495
f 1499 1495 1455
f 1523 1547 1545
f 1545 1547 1565
f 1502 1498 1524
f 1524 1522 1546
f 1498 1454 1524
f 1524 1498 1522
f 1502 1460 1498
f 1462 1460 1502
f 1502 1501 1462
f 1462 1501 1504
f 1564 1581 1566
f 1564 1566 1546
f 1597 1599 1581
f 1581 1599 1583
f 1581 1583 1566
f 1526 1502 1524
f 1526 1524 1548
f 1546 1566 1548
f 1546 1548 1524
f 1454 1498 1460
f 1455 1460 1462
f 1504 1461 1455
f 1504 1455 1462
f 1504 1503 1461
f 1655 1785 1777
f 1682 1655 1777
f 1777 1776 1682
f 1776 1681 1682
f 1785 1655 1784
f 1784 1655 1654
f 1650 1780 1652
f 1652 1780 1782
f 1652 1782 1653
f 1653 1782 1783
f 1653 1783 1654
f 1654 1783 1784
f 1664 1690 1685
f 1664 1685 1706
f 1664 1706 1720
f 1664 1738 1754
f 1664 1659 1690
f 1720 1733 1664
f 1664 1733 1738
f 1664 1754 1759
f 1778 1648 1649
f 1649 1779 1778
f 1779 1649 1668
f 1779 1668 1763
f 1763 1668 1663
f 1763 1663 1758
f 1758 1663 1664
f 1758 1664 1759
f 1648 1778 1651
f 1651 1778 1781
f 1651 1781 1780
f 1651 1780 1650
f 1702 1681 1776
f 1776 1750 1702
f 1750 1701 1702
f 1701 1750 1749
f 1701 1730 1716
f 1701 1749 1730
f 1745 1727 1746
f 1750 1730 1749
f 1729 1715 1716
f 1716 1730 1729
f 1746 1747 1770
f 1745 1746 1767
f 1767 1746 1770
f 1744 1745 1764
f 1764 1745 1767
f 1764 1767 1765
f 1765 1767 1768
f 1728 1747 1746
f 1746 1727 1728
f 1745 1744 1727
f 1714 1728 1727
f 1755 1741 1740
f 1740 1741 1735
f 1734 1740 1735
f 1736 1731 1718
f 1736 1718 1735
f 1735 1718 1722
f 1725 1712 1726
f 1726 1712 1713
f 1725 1711 1712
f 1710 1723 1724
f 1710 1709 1723
f 1723 1709 1711
f 1723 1711 1725
f 1718 1717 1722
f 1724 1740 1721
f 1721 1740 1734
f 1722 1708 1707
f 1721 1722 1707
f 1708 1722 1703
f 1703 1722 1717
f 1703 1717 1704
f 1704 1717 1718
f 1721 1707 1724
f 1724 1707 1710
f 1780 1781 1762
f 1762 1781 1778
f 1723 1739 1742
f 1765 1744 1764
f 1766 1761 1760
f 1724 1723 1739
f 1742 1744 1743
f 1743 1744 1765
f 1743 1765 1760
f 1761 1756 1755
f 1755 1756 1741
f 1741 1756 1735
f 1757 1756 1761
f 1757 1761 1762
f 1760 1761 1755
f 1740 1743 1755
f 1755 1743 1760
f 1757 1752 1751
f 1751 1752 1735
f 1756 1757 1751
f 1751 1735 1756
f 1736 1735 1752
f 1742 1743 1740
f 1722 1721 1734
f 1722 1734 1735
f 1762 1761 1780
f 1780 1761 1766
f 1780 1766 1782
f 1782 1766 1769
f 1785 1784 1773
f 1773 1784 1771
f 1747 1748 1772
f 1772 1748 1774
f 1772 1774 1773
f 1773 1774 1775
f 1714 1715 1728
f 1728 1715 1729
f 1729 1730 1748
f 1748 1730 1750
f 1748 1750 1774
f 1774 1750 1776
f 1774 1776 1775
f 1775 1776 1777
f 1784 1783 1771
f 1771 1783 1769
f 1771 1769 1768
f 1768 1769 1765
f 1771 1772 1773
f 1768 1772 1771
f 1783 1782 1769
f 1769 1766 1765
f 1765 1766 1760
f 1742 1740 1739
f 1739 1740 1724
f 1727 1726 1713
f 1727 1713 1714
f 1777 1785 1775
f 1775 1785 1773
f 1768 1767 1772
f 1772 1767 1770
f 1772 1770 1747
f 1748 1747 1729
f 1729 1747 1728
f 1726 1727 1744
f 1726 1744 1725
f 1725 1744 1742
f 1725 1742 1723
f 1732 1738 1733
f 1732 1733 1719
f 1719 1733 1720
f 1738 1732 1737
f 1753 1754 1737
f 1738 1737 1754
f 1778 1779 1762
f 1762 1779 1763
f 1736 1752 1753
f 1731 1732 1718
f 1719 1718 1732
f 1732 1731 1737
f 1737 1731 1736
f 1763 1758 1757
f 1763 1757 1762
f 1757 1758 1752
f 1758 1759 1753
f 1759 1754 1753
f 1753 1737 1736
f 1719 1718 1705
f 1753 1752 1758
f 1648 1651 1650
f 1702 1701 1716
f 1699 1700 1714
f 1700 1715 1714
f 1698 1697 1675
f 1675 1697 1672
f 1697 1696 1672
f 1672 1696 1669
f 1672 1669 1670
f 1672 1670 1673
f 1661 1693 1687
f 1669 1696 1670
f 1696 1694 1670
f 1670 1694 1695
f 1670 1695 1665
f 1686 1687 1692
f 1692 1687 1693
f 1692 1693 1660
f 1660 1693 1661
f 1711 1694 1712
f 1712 1694 1696
f 1712 1696 1697
f 1713 1712 1697
f 1713 1697 1698
f 1714 1713 1698
f 1714 1698 1699
f 1691 1694 1711
f 1691 1711 1709
f 1692 1691 1709
f 1692 1709 1710
f 1692 1695 1694
f 1692 1694 1691
f 1687 1686 1707
f 1687 1707 1708
f 1662 1667 1666
f 1666 1667 1671
f 1708 1703 1687
f 1661 1662 1666
f 1657 1687 1688
f 1683 1688 1687
f 1683 1687 1704
f 1703 1704 1708
f 1708 1704 1687
f 1687 1656 1661
f 1671 1650 1674
f 1674 1650 1652
f 1674 1652 1676
f 1676 1652 1653
f 1676 1653 1678
f 1678 1653 1654
f 1678 1654 1655
f 1678 1655 1680
f 1680 1655 1682
f 1700 1699 1679
f 1679 1699 1677
f 1679 1677 1678
f 1679 1678 1680
f 1716 1715 1700
f 1716 1700 1702
f 1702 1700 1679
f 1702 1679 1681
f 1681 1679 1680
f 1681 1680 1682
f 1660 1661 1665
f 1665 1661 1666
f 1674 1673 1671
f 1665 1695 1692
f 1686 1692 1710
f 1686 1710 1707
f 1660 1665 1692
f 1678 1677 1676
f 1676 1677 1673
f 1699 1698 1675
f 1699 1675 1677
f 1677 1675 1672
f 1677 1672 1673
f 1656 1687 1657
f 1656 1657 1662
f 1656 1662 1661
f 1665 1666 1670
f 1670 1666 1671
f 1674 1676 1673
f 1667 1648 1650
f 1667 1650 1671
f 1670 1671 1673
f 1649 1648 1667
f 1690 1659 1658
f 1690 1658 1689
f 1705 1685 1684
f 1684 1685 1690
f 1684 1690 1689
f 1705 1706 1685
f 1719 1720 1706
f 1706 1705 1719
f 1664 1663 1659
f 1659 1663 1658
f 1668 1649 1667
f 1668 1667 1663
f 1663 1667 1662
f 1718 1719 1704
f 1704 1719 1705
f 1684 1704 1705
f 1684 1689 1688
f 1684 1688 1683
f 1684 1683 1704
f 1662 1657 1663
f 1663 1657 1658
f 1657 1688 1689
f 1658 1657 1689
f 1883 1879 1882
f 1882 1879 1878
f 1879 1883 1878
f 1878 1883 1882
f 1876 1880 1877
f 1877 1880 1881
f 1880 1876 1881
f 1881 1876 1877
f 1885 1881 1884
f 1884 1881 1880
f 1882 1886 1883
f 1883 1886 1887
f 1886 1882 1887
f 1887 1882 1883
f 1886 1862 1863
f 1886 1863 1887
f 1862 1886 1885
f 1862 1885 1884
f 1826 1830 1850
f 1826 1850 1846
f 1845 1849 1829
f 1845 1829 1825
f 1825 1810 1845
f 1845 1810 1884
f 1885 1845 1884
f 1811 1826 1846
f 1811 1846 1887
f 1887 1846 1886
f 1886 1846 1885
f 1885 1846 1845
f 1810 1825 1811
f 1811 1825 1826
f 1884 1880 1885
f 1885 1880 1881
f 1797 1796 1799
f 1799 1796 1798
f 1799 1798 1811
f 1811 1798 1810
f 1880 1876 1860
f 1860 1876 1858
f 1861 1859 1883
f 1883 1859 1879
f 1883 1879 1861
f 1861 1879 1859
f 1863 1811 1887
f 1809 1797 1811
f 1797 1799 1811
f 1798 1796 1810
f 1796 1808 1810
f 1810 1862 1884
f 1860 1858 1880
f 1880 1858 1876
f 1884 1860 1880
f 1862 1842 1860
f 1862 1860 1884
f 1792 1806 1796
f 1796 1806 1808
f 1842 1862 1822
f 1822 1862 1810
f 1810 1808 1822
f 1844 1862 1810
f 1810 1862 1842
f 1810 1842 1822
f 1810 1824 1844
f 1847 1863 1844
f 1844 1863 1862
f 1828 1829 1848
f 1830 1826 1827
f 1831 1830 1827
f 1826 1825 1824
f 1824 1825 1829
f 1829 1828 1824
f 1831 1851 1830
f 1851 1850 1830
f 1848 1849 1844
f 1849 1845 1844
f 1844 1845 1847
f 1845 1846 1847
f 1847 1846 1850
f 1847 1850 1851
f 1829 1849 1848
f 1792 1795 1796
f 1796 1795 1797
f 1796 1797 1798
f 1798 1797 1799
f 1798 1799 1810
f 1810 1799 1811
f 1810 1811 1824
f 1824 1811 1827
f 1824 1827 1826
f 1844 1824 1848
f 1848 1824 1828
f 1863 1861 1887
f 1797 1795 1807
f 1887 1861 1883
f 1811 1863 1847
f 1823 1811 1809
f 1811 1823 1843
f 1811 1843 1863
f 1863 1843 1861
f 1809 1797 1807
f 1847 1827 1811
f 1809 1807 1795
f 1795 1797 1809
f 1831 1827 1847
f 1831 1847 1851
f 1796 1797 1792
f 1792 1797 1795
f 1793 1794 1795
f 1793 1795 1792
f 1795 1794 1792
f 1793 1792 1794
f 1790 1788 1792
f 1789 1791 1795
f 1833 1837 1813
f 1813 1837 1817
f 1838 1834 1814
f 1838 1814 1818
f 1875 1871 1870
f 1875 1870 1874
f 1874 1870 1869
f 1874 1869 1873
f 1873 1869 1868
f 1873 1868 1872
f 1869 1865 1868
f 1868 1865 1864
f 1865 1869 1870
f 1865 1870 1866
f 1871 1867 1866
f 1871 1866 1870
f 1852 1864 1865
f 1852 1865 1866
f 1852 1866 1853
f 1853 1866 1867
f 1835 1815 1834
f 1815 1814 1834
f 1813 1817 1816
f 1818 1819 1817
f 1819 1818 1814
f 1814 1815 1819
f 1812 1813 1816
f 1833 1813 1812
f 1835 1834 1839
f 1839 1834 1838
f 1838 1837 1836
f 1836 1837 1833
f 1833 1812 1832
f 1833 1832 1836
f 1852 1853 1836
f 1836 1853 1839
f 1836 1839 1838
f 1816 1817 1819
f 1816 1819 1800
f 1800 1819 1801
f 1800 1801 1786
f 1786 1801 1787
f 1867 1871 1870
f 1870 1866 1867
f 1869 1865 1866
f 1869 1866 1870
f 1865 1869 1864
f 1864 1869 1868
f 1800 1837 1864
f 1867 1838 1801
f 1801 1838 1818
f 1800 1817 1837
f 1864 1837 1865
f 1865 1837 1866
f 1866 1837 1838
f 1801 1818 1800
f 1800 1818 1817
f 1838 1867 1866
f 1801 1800 1787
f 1787 1800 1786
f 1787 1786 1789
f 1789 1786 1788
f 1786 1788 1800
f 1832 1812 1836
f 1836 1812 1816
f 1854 1856 1868
f 1868 1856 1872
f 1871 1875 1855
f 1855 1875 1857
f 1835 1839 1819
f 1835 1819 1815
f 1787 1801 1789
f 1855 1857 1871
f 1871 1857 1875
f 1868 1872 1854
f 1854 1872 1856
f 1789 1803 1801
f 1853 1867 1855
f 1855 1867 1871
f 1791 1805 1807
f 1791 1807 1795
f 1853 1855 1841
f 1853 1841 1839
f 1839 1841 1819
f 1819 1841 1821
f 1819 1821 1801
f 1801 1821 1803
f 1805 1791 1789
f 1805 1789 1803
f 1795 1807 1805
f 1795 1805 1789
f 1841 1867 1801
f 1841 1801 1821
f 1841 1855 1867
f 1864 1868 1854
f 1840 1864 1854
f 1864 1840 1800
f 1800 1840 1820
f 1804 1788 1802
f 1788 1804 1792
f 1792 1804 1806
f 1800 1820 1802
f 1820 1840 1816
f 1816 1840 1836
f 1836 1840 1852
f 1852 1840 1854
f 1852 1854 1864
f 1788 1790 1804
f 1804 1790 1806
f 1806 1790 1792
f 1802 1800 1788
f 1820 1816 1800
f 2137 2154 2136
f 2136 2154 2153
f 2150 2133 2149
f 2133 2114 2132
f 2133 2132 2149
f 2077 2076 2096
f 2131 2113 2130
f 2079 2078 2097
f 2079 2097 2098
f 2154 2152 2150
f 2133 2135 2137
f 2152 2154 2135
f 2135 2154 2137
f 2154 2150 2153
f 2153 2150 2149
f 2151 2134 2153
f 2153 2134 2136
f 2132 2134 2149
f 2149 2134 2151
f 2151 2153 2149
f 2136 2134 2135
f 2136 2135 2137
f 1918 1917 1911
f 1911 1917 1910
f 1911 1910 1918
f 1918 1910 1917
f 1953 1922 1949
f 1922 1915 1949
f 1949 1915 1914
f 1949 1914 1948
f 1888 1890 1908
f 1890 1915 1908
f 1941 1907 1908
f 1941 1908 1942
f 1942 1908 1901
f 1942 1901 1937
f 1889 1888 1909
f 1909 1888 1908
f 1938 1902 1943
f 1902 1909 1943
f 1943 1909 1910
f 1943 1910 1944
f 1891 1889 1916
f 1916 1889 1909
f 1951 1917 1916
f 1951 1916 1950
f 1916 1923 1950
f 1950 1923 1954
f 1891 1915 1890
f 1915 1891 1916
f 1896 1903 1902
f 1895 1896 1897
f 1893 1894 1901
f 1902 1901 1894
f 1902 1894 1895
f 1900 1893 1901
f 1899 1900 1907
f 1906 1899 1907
f 1913 1906 1914
f 1928 1927 1922
f 1922 1927 1921
f 1923 1930 1929
f 1904 1911 1918
f 1923 1922 1916
f 1916 1922 1915
f 1929 1928 1922
f 1929 1922 1923
f 1920 1913 1914
f 1920 1914 1921
f 1921 1914 1915
f 1906 1907 1914
f 1914 1907 1915
f 1915 1907 1908
f 1900 1908 1907
f 1900 1901 1908
f 1909 1908 1901
f 1901 1902 1909
f 1902 1895 1896
f 1903 1910 1909
f 1903 1909 1902
f 1911 1903 1904
f 1903 1911 1910
f 1910 1918 1909
f 1909 1918 1916
f 1925 1917 1918
f 1918 1917 1916
f 1904 1903 1902
f 1924 1930 1923
f 1925 1924 1923
f 1925 1923 1917
f 1917 1923 1916
f 1921 1915 1922
f 1992 1970 1967
f 2018 2036 2035
f 2021 2041 2024
f 2021 2039 2041
f 2039 2021 2040
f 2022 2056 2021
f 2021 2056 2040
f 2034 2050 2022
f 2022 2050 2056
f 2034 2071 2050
f 2035 2072 2034
f 2034 2072 2071
f 2052 2073 2036
f 2072 2035 2073
f 2073 2035 2036
f 1958 1957 1932
f 1895 1959 1894
f 1894 1959 1958
f 1894 1958 1932
f 1894 1932 1893
f 1893 1932 1936
f 1893 1936 1900
f 1935 1899 1900
f 1899 1935 1963
f 1899 1935 1940
f 1899 1940 1906
f 1970 1947 1940
f 1906 1940 1947
f 1906 1947 1913
f 1992 1989 2007
f 2026 2009 2007
f 2007 2009 1992
f 1985 2004 1989
f 1989 2004 2007
f 2003 2018 2002
f 2002 2018 2035
f 2024 2026 2007
f 2024 2007 2021
f 2021 2007 2004
f 2021 2004 1985
f 2021 1985 2022
f 2022 1985 1986
f 2022 1986 2005
f 2022 2005 2034
f 2034 2005 2001
f 2034 2001 2035
f 2035 2001 2002
f 1964 1936 1957
f 1957 1936 1932
f 1967 1970 1940
f 1967 1940 1963
f 1963 1940 1935
f 1985 1963 1964
f 1964 1963 1935
f 1964 1935 1936
f 1936 1935 1900
f 1959 2003 1958
f 1958 2003 2002
f 1958 2002 1957
f 1957 2002 2001
f 1957 2001 1964
f 1964 2001 2005
f 1964 2005 1985
f 1985 2005 1986
f 1985 1986 1963
f 1963 1985 1967
f 1967 1985 1989
f 1967 1989 1992
f 2054 2038 2037
f 2053 2074 2054
f 2053 2037 2036
f 2053 2036 2052
f 2054 2037 2053
f 1959 1895 1933
f 1960 1896 1895
f 1960 1895 1959
f 1934 1897 1896
f 1934 1896 1961
f 1961 1896 1960
f 2037 2038 2020
f 1984 1983 2020
f 2020 1983 2037
f 2003 2036 1982
f 1982 2036 1983
f 1983 1960 1959
f 1983 1959 1982
f 1984 1961 1983
f 1983 1961 1960
f 2036 2037 1983
f 1965 1904 1961
f 1961 1904 1897
f 1965 1939 1904
f 2099 2080 2058
f 2095 2099 2058
f 2075 2095 2054
f 2054 2095 2058
f 2074 2075 2054
f 1897 1934 1961
f 2023 2006 1965
f 2023 1965 2020
f 2020 1965 1961
f 2020 1961 1984
f 2058 2023 2054
f 2054 2023 2020
f 2054 2020 2038
f 1987 1965 2006
f 1945 1904 1939
f 1945 1911 1904
f 1911 1945 1968
f 1968 1990 2008
f 1965 1987 1990
f 1990 1987 2006
f 1990 2006 2025
f 1990 1945 1965
f 1965 1945 1939
f 1968 1945 1990
f 2099 2100 2080
f 2080 2100 2082
f 2080 2082 2060
f 2080 2060 2058
f 2006 2023 2025
f 2025 2023 2058
f 2060 2025 2058
f 2082 2100 2060
f 2025 2008 1990
f 2040 2034 2039
f 2040 2050 2034
f 2071 2072 2050
f 2050 2072 2051
f 2051 2072 2052
f 2072 2073 2052
f 2073 2074 2052
f 2052 2074 2053
f 2074 2094 2095
f 2074 2095 2075
f 1982 1959 1958
f 1912 1966 1905
f 1905 1966 1962
f 1905 1962 1898
f 1898 1962 1963
f 1898 1963 1899
f 1957 1893 1963
f 1963 1893 1899
f 1893 1957 1894
f 1894 1957 1958
f 1958 1959 1933
f 1958 1933 1894
f 1894 1933 1895
f 2002 2051 2052
f 2052 2036 2002
f 2002 2036 2003
f 2002 2003 1982
f 2001 2050 2002
f 2002 2050 2051
f 2050 2001 2034
f 2017 2021 2039
f 2017 2039 2034
f 2009 2007 1991
f 1991 2007 1988
f 1991 1988 1969
f 1912 1946 1966
f 1966 1946 1969
f 2034 2001 2017
f 2017 2001 1981
f 2017 1981 2021
f 2021 1981 1985
f 1988 2007 1989
f 1989 2007 1985
f 1985 2007 2021
f 1958 2002 1982
f 1969 1988 1966
f 1966 1988 1989
f 1966 1989 1962
f 1962 1989 1985
f 1962 1985 1963
f 1963 1985 1981
f 1963 1981 1957
f 1957 1981 2001
f 1920 1926 1927
f 1974 1995 2013
f 2013 1995 2030
f 2030 2045 2065
f 1952 1955 1925
f 1952 1925 1918
f 1999 2000 2033
f 2049 2048 2033
f 1931 1980 1979
f 1931 1979 1930
f 1978 1929 1930
f 1978 1930 1979
f 1998 2047 2016
f 1999 1979 1980
f 1999 1980 2000
f 1979 1999 1978
f 1978 1999 1998
f 1999 2048 1998
f 1998 2048 2047
f 2033 2048 1999
f 2092 2091 2070
f 2108 2092 2070
f 2105 2108 2065
f 2065 2108 2070
f 2087 2105 2065
f 2013 2030 1974
f 1925 1955 1974
f 1925 1974 1980
f 1925 1980 1931
f 1974 2030 1980
f 1980 2030 2033
f 1980 2033 2000
f 2030 2065 2033
f 2033 2065 2070
f 2033 2070 2049
f 2070 2069 2049
f 2069 2048 2049
f 2068 2047 2069
f 2069 2047 2048
f 2070 2091 2069
f 2015 2016 2047
f 2015 2047 2068
f 1977 1978 1998
f 1929 1978 1977
f 1977 1928 1929
f 1927 1928 1977
f 1977 1976 1927
f 1975 1920 1976
f 1976 1920 1927
f 1920 1975 1973
f 1920 1973 1919
f 1919 1973 1972
f 1919 1972 1912
f 1912 1972 1969
f 1912 1969 1946
f 2009 2028 2026
f 2046 2028 2031
f 2014 2046 2031
f 2046 2014 2066
f 2066 2014 2015
f 2066 2015 2067
f 2028 1994 2031
f 2031 1994 1996
f 2031 1996 2014
f 2009 1991 1992
f 2009 1992 2028
f 2028 1992 1994
f 2068 2067 2015
f 2015 1977 1998
f 2015 1998 2016
f 1977 2015 1976
f 1976 2015 2014
f 1976 2014 1975
f 1975 2014 1996
f 1975 1996 1973
f 1973 1996 1994
f 1973 1994 1972
f 1972 1994 1969
f 1969 1994 1992
f 1969 1992 1991
f 1971 1993 1952
f 1974 1993 1995
f 1974 1955 1952
f 1974 1952 1993
f 2028 2043 2042
f 2028 2042 2026
f 2046 2066 2043
f 2089 2088 2066
f 2066 2067 2089
f 2090 2089 2067
f 2107 2092 2108
f 2092 2107 2091
f 1993 2010 2027
f 2102 2105 2087
f 2102 2087 2083
f 2087 2062 2083
f 2083 2062 2102
f 1993 2027 2030
f 1993 2030 1995
f 2087 2065 2062
f 2062 2065 2045
f 2027 2062 2045
f 2027 2045 2030
f 2090 2067 2068
f 2068 2069 2090
f 2090 2069 2091
f 2028 2046 2043
f 1952 1918 1971
f 1993 1971 2010
f 2065 2105 2102
f 2102 2062 2065
f 2048 2069 2070
f 2070 2069 2107
f 2070 2107 2108
f 1999 2032 2033
f 1955 1925 1931
f 1955 1931 1956
f 2027 2010 1971
f 1980 1999 2033
f 1980 2033 1974
f 2033 2030 1974
f 1974 1955 1956
f 1974 1956 1980
f 1980 1956 1979
f 2027 1971 2030
f 2030 1971 1974
f 1971 1952 1974
f 2065 2062 2027
f 2065 2027 2030
f 2065 2030 2070
f 2070 2030 2033
f 2070 2033 2048
f 2048 2033 2032
f 1912 1913 1919
f 1919 1913 1920
f 1921 1927 1920
f 1893 1892 1899
f 1905 1898 1899
f 1913 1912 1906
f 1906 1912 1905
f 1899 1906 1905
f 1900 1899 1893
f 2100 2099 2060
f 2019 2020 2037
f 2054 2095 2094
f 2054 2094 2053
f 2060 2099 2058
f 2008 2025 1968
f 1934 1897 1904
f 1934 1904 1939
f 1968 1965 1945
f 2019 1983 2020
f 2020 1983 1961
f 2020 1961 2023
f 2023 1961 1965
f 1961 1960 1934
f 1961 1934 1965
f 1965 1934 1939
f 1968 2025 1965
f 1965 2025 2023
f 2025 2060 2023
f 2023 2060 2058
f 2023 2058 2020
f 2020 2058 2054
f 2020 2054 2037
f 2117 2118 2101
f 2101 2118 2102
f 2094 2099 2095
f 2052 2073 2051
f 2051 2073 2072
f 2094 2095 2112
f 2094 2112 2111
f 2112 2095 2099
f 2099 2115 2112
f 2043 2012 2011
f 2044 2029 2043
f 2012 2043 2029
f 2044 2064 2084
f 1903 1894 1895
f 1930 1929 1924
f 1924 1929 1928
f 1903 1895 1896
f 1897 1904 1903
f 1897 1903 1896
f 1920 1913 1899
f 1899 1913 1906
f 1900 1893 1903
f 1903 1893 1894
f 1925 1931 1924
f 1924 1931 1930
f 1924 1928 1927
f 1924 1927 1921
f 2121 2105 2118
f 2118 2105 2102
f 2125 2108 2121
f 2121 2108 2105
f 2108 2125 2124
f 2108 2124 2107
f 2102 2100 2118
f 2118 2100 2116
f 2099 2115 2100
f 2100 2115 2116
f 2100 2102 2060
f 2060 2102 2062
f 2060 2062 2025
f 2025 2062 2027
f 2025 2027 2008
f 2008 2027 1993
f 2008 1993 1968
f 1968 1993 1971
f 1968 1971 1952
f 1968 1952 1945
f 1945 1952 1918
f 1945 1918 1911
f 2024 2026 2041
f 2055 2040 2039
f 2055 2056 2040
f 2044 2064 2063
f 2044 2063 2043
f 2041 2026 2042
f 2061 2041 2042
f 2039 2059 2055
f 2066 2088 2084
f 2039 2041 2059
f 2059 2041 2061
f 2061 2042 2043
f 2066 2084 2064
f 2061 2043 2064
f 2064 2043 2063
f 2059 2056 2055
f 2076 2050 2056
f 2050 2076 2071
f 2117 2121 2118
f 2124 2125 2120
f 2120 2125 2117
f 2117 2125 2121
f 2116 2102 2118
f 2099 2102 2115
f 2115 2102 2116
f 2064 2043 2044
f 2064 2044 2066
f 2056 2040 2050
f 2110 2093 2109
f 2072 2071 2110
f 2110 2071 2093
f 2110 2073 2072
f 2110 2094 2073
f 2110 2111 2094
f 2128 2129 2110
f 2110 2129 2111
f 2110 2127 2128
f 2110 2126 2127
f 2110 2109 2126
f 2094 2074 2073
f 2111 2098 2094
f 2111 2114 2098
f 2129 2133 2111
f 2111 2133 2114
f 2128 2132 2133
f 2128 2133 2129
f 2132 2128 2149
f 2149 2128 2147
f 2149 2147 2146
f 2149 2146 2148
f 2148 2146 2127
f 2148 2127 2131
f 2131 2127 2130
f 2130 2127 2126
f 2130 2126 2109
f 2130 2109 2113
f 2113 2109 2096
f 2096 2109 2093
f 2096 2093 2076
f 2076 2093 2071
f 2072 2076 2071
f 2072 2077 2076
f 2094 2098 2079
f 2094 2079 2074
f 2074 2079 2078
f 2074 2078 2073
f 2073 2078 2077
f 2073 2077 2072
f 2147 2128 2127
f 2147 2127 2146
f 2061 2064 2059
f 2059 2064 2084
f 2059 2084 2081
f 2059 2081 2056
f 2056 2081 2076
f 2077 2057 2076
f 2056 2076 2057
f 2076 2081 2084
f 2076 2084 2096
f 2096 2084 2103
f 2119 2113 2103
f 2103 2113 2096
f 2138 2130 2119
f 2119 2130 2113
f 2155 2148 2139
f 2139 2148 2131
f 2139 2131 2138
f 2138 2131 2130
f 2140 2132 2156
f 2156 2132 2149
f 2156 2149 2155
f 2155 2149 2148
f 2141 2133 2140
f 2140 2133 2132
f 2120 2114 2141
f 2141 2114 2133
f 2104 2098 2120
f 2120 2098 2114
f 2085 2089 2084
f 2084 2089 2088
f 2084 2088 2106
f 2084 2106 2103
f 2103 2106 2122
f 2103 2122 2119
f 2119 2122 2142
f 2119 2142 2138
f 2138 2142 2143
f 2138 2143 2139
f 2139 2143 2157
f 2139 2157 2155
f 2155 2157 2158
f 2155 2158 2156
f 2156 2158 2144
f 2156 2144 2140
f 2140 2144 2145
f 2140 2145 2141
f 2141 2145 2124
f 2141 2124 2120
f 2120 2124 2107
f 2120 2107 2104
f 2157 2143 2144
f 2157 2144 2158
f 2104 2107 2091
f 2104 2091 2086
f 2067 1997 2091
f 2091 1997 1998
f 2091 1998 1999
f 2091 2090 2067
f 2142 2122 2143
f 2144 2124 2145
f 2090 2091 2107
f 2089 2106 2088
f 2123 2107 2124
f 2090 2107 2123
f 2123 2089 2090
f 2106 2089 2123
f 2123 2122 2106
f 2143 2122 2123
f 2123 2144 2143
f 2124 2144 2123
f 1903 1918 1900
f 1900 1918 1925
f 1925 1924 1900
f 1900 1924 1921
f 1903 1904 1918
f 1899 1900 1920
f 1920 1900 1921
f 2370 2369 2368
f 2368 2369 2363
f 2368 2363 2362
f 2362 2363 2361
f 2362 2361 2356
f 2356 2361 2347
f 2356 2347 2342
f 2342 2347 2317
f 2342 2317 2313
f 2313 2317 2323
f 2313 2323 2318
f 2318 2323 2329
f 2318 2329 2324
f 2324 2329 2335
f 2324 2335 2330
f 2330 2335 2351
f 2330 2351 2350
f 2350 2351 2367
f 2350 2367 2366
f 2366 2367 2365
f 2366 2365 2364
f 2364 2365 2371
f 2364 2371 2370
f 2370 2371 2369
f 2329 2323 2349
f 2349 2351 2335
f 2349 2335 2329
f 2349 2367 2351
f 2349 2365 2367
f 2349 2371 2365
f 2363 2369 2349
f 2349 2369 2371
f 2349 2361 2363
f 2349 2347 2361
f 2323 2317 2349
f 2349 2317 2347
f 2324 2348 2318
f 2348 2342 2313
f 2348 2313 2318
f 2348 2356 2342
f 2348 2362 2356
f 2370 2368 2348
f 2348 2368 2362
f 2364 2370 2348
f 2348 2366 2364
f 2348 2350 2366
f 2324 2330 2348
f 2348 2330 2350
f 2193 2216 2215
f 2215 2192 2193
f 2193 2211 2216
f 2162 2168 2167
f 2168 2162 2163
f 2168 2163 2164
f 2168 2164 2169
f 2211 2212 2193
f 2194 2193 2212
f 2316 2346 2317
f 2317 2346 2347
f 2296 2323 2300
f 2300 2323 2329
f 2304 2334 2308
f 2308 2334 2333
f 2308 2333 2337
f 2308 2337 2307
f 2361 2347 2360
f 2347 2346 2360
f 2360 2346 2341
f 2360 2341 2355
f 2355 2341 2354
f 2354 2341 2340
f 2340 2311 2287
f 2162 2173 2174
f 2162 2174 2163
f 2163 2174 2164
f 2174 2175 2164
f 2177 2169 2164
f 2177 2164 2175
f 2187 2206 2189
f 2189 2206 2208
f 2194 2212 2211
f 2194 2211 2193
f 2237 2215 2216
f 2237 2216 2238
f 2300 2299 2296
f 2296 2299 2295
f 2296 2295 2323
f 2323 2295 2322
f 2329 2328 2299
f 2329 2299 2300
f 2304 2308 2303
f 2307 2303 2308
f 2316 2317 2322
f 2322 2317 2323
f 2344 2347 2345
f 2317 2347 2315
f 2315 2347 2344
f 2323 2317 2320
f 2320 2317 2315
f 2321 2323 2320
f 2323 2321 2329
f 2329 2321 2327
f 2326 2329 2327
f 2326 2328 2329
f 2328 2326 2332
f 2328 2332 2334
f 2334 2332 2333
f 2334 2333 2337
f 2360 2355 2358
f 2358 2355 2354
f 2359 2361 2360
f 2359 2360 2358
f 2359 2345 2361
f 2361 2345 2347
f 2203 2204 2185
f 2266 2288 2291
f 2266 2291 2269
f 2265 2287 2266
f 2266 2287 2288
f 2182 2174 2181
f 2181 2174 2173
f 2175 2174 2182
f 2183 2175 2182
f 2183 2177 2175
f 2224 2185 2204
f 2187 2185 2224
f 2226 2187 2224
f 2226 2206 2187
f 2230 2206 2226
f 2189 2208 2230
f 2230 2208 2206
f 2229 2189 2230
f 2194 2189 2229
f 2194 2233 2193
f 2233 2194 2229
f 2233 2211 2193
f 2238 2216 2233
f 2233 2216 2211
f 2304 2328 2334
f 2273 2295 2299
f 2273 2299 2277
f 2269 2291 2273
f 2273 2291 2295
f 2224 2204 2223
f 2245 2224 2223
f 2245 2223 2242
f 2223 2204 2203
f 2203 2199 2220
f 2219 2241 2220
f 2220 2241 2242
f 2220 2199 2219
f 2219 2199 2198
f 2223 2203 2220
f 2223 2220 2242
f 2181 2198 2182
f 2182 2198 2199
f 2182 2199 2203
f 2182 2203 2183
f 2183 2203 2185
f 2183 2185 2177
f 2257 2262 2233
f 2257 2233 2253
f 2224 2245 2246
f 2224 2246 2226
f 2226 2246 2250
f 2226 2250 2249
f 2226 2249 2229
f 2229 2249 2253
f 2229 2253 2233
f 2261 2237 2262
f 2262 2237 2238
f 2262 2238 2233
f 2229 2230 2226
f 2280 2304 2284
f 2284 2304 2283
f 2283 2304 2303
f 2283 2303 2307
f 2280 2277 2304
f 2277 2299 2304
f 2304 2299 2328
f 2283 2261 2284
f 2284 2261 2262
f 2284 2262 2280
f 2280 2262 2257
f 2280 2257 2277
f 2277 2257 2253
f 2277 2253 2299
f 2241 2265 2242
f 2242 2265 2266
f 2242 2266 2245
f 2245 2266 2269
f 2245 2269 2246
f 2246 2269 2250
f 2250 2269 2273
f 2250 2273 2249
f 2249 2273 2253
f 2253 2273 2277
f 2181 2173 2198
f 2322 2295 2291
f 2316 2322 2291
f 2287 2311 2312
f 2316 2291 2312
f 2312 2291 2288
f 2312 2288 2287
f 2346 2316 2341
f 2341 2316 2312
f 2341 2312 2340
f 2340 2312 2311
f 2215 2214 2192
f 2214 2213 2192
f 2192 2213 2191
f 2191 2213 2210
f 2160 2161 2166
f 2166 2161 2167
f 2167 2161 2162
f 2166 2165 2159
f 2166 2159 2160
f 2209 2210 2190
f 2190 2210 2191
f 2343 2314 2342
f 2342 2314 2313
f 2352 2338 2357
f 2357 2338 2343
f 2338 2352 2353
f 2338 2353 2339
f 2340 2310 2339
f 2340 2339 2354
f 2354 2339 2353
f 2310 2340 2286
f 2286 2340 2287
f 2286 2287 2265
f 2286 2265 2264
f 2264 2265 2241
f 2264 2241 2240
f 2173 2197 2198
f 2198 2197 2218
f 2198 2218 2219
f 2219 2218 2241
f 2241 2218 2240
f 2173 2172 2197
f 2172 2161 2160
f 2172 2160 2171
f 2159 2170 2171
f 2159 2171 2160
f 2205 2186 2188
f 2188 2207 2205
f 2214 2236 2213
f 2213 2236 2235
f 2236 2214 2215
f 2236 2215 2237
f 2170 2159 2165
f 2170 2165 2176
f 2161 2172 2173
f 2161 2173 2162
f 2357 2343 2342
f 2357 2342 2356
f 2297 2324 2318
f 2297 2318 2293
f 2331 2301 2305
f 2331 2305 2332
f 2332 2305 2336
f 2336 2305 2306
f 2306 2307 2336
f 2336 2307 2337
f 2313 2314 2318
f 2318 2314 2319
f 2318 2319 2293
f 2319 2294 2293
f 2293 2294 2297
f 2294 2298 2297
f 2297 2298 2324
f 2324 2298 2325
f 2305 2301 2302
f 2305 2302 2306
f 2306 2302 2307
f 2307 2302 2303
f 2342 2313 2315
f 2331 2332 2325
f 2325 2332 2326
f 2326 2324 2325
f 2327 2324 2326
f 2321 2318 2327
f 2327 2318 2324
f 2318 2321 2320
f 2315 2313 2320
f 2320 2313 2318
f 2344 2342 2315
f 2345 2342 2344
f 2332 2336 2333
f 2333 2336 2337
f 2357 2356 2359
f 2358 2354 2353
f 2358 2353 2352
f 2352 2357 2358
f 2358 2357 2359
f 2345 2359 2356
f 2342 2345 2356
f 2261 2283 2282
f 2294 2272 2298
f 2298 2272 2276
f 2301 2325 2298
f 2307 2306 2283
f 2232 2210 2213
f 2232 2213 2235
f 2191 2210 2232
f 2232 2190 2191
f 2190 2232 2228
f 2190 2228 2188
f 2188 2228 2227
f 2207 2188 2227
f 2225 2205 2227
f 2227 2205 2207
f 2184 2186 2201
f 2201 2186 2205
f 2170 2176 2178
f 2178 2176 2184
f 2179 2170 2178
f 2171 2170 2179
f 2180 2172 2171
f 2286 2264 2263
f 2263 2285 2286
f 2268 2290 2263
f 2263 2290 2285
f 2259 2256 2232
f 2252 2232 2256
f 2237 2261 2236
f 2236 2261 2260
f 2236 2260 2235
f 2235 2260 2259
f 2235 2259 2232
f 2252 2228 2232
f 2227 2228 2252
f 2227 2252 2225
f 2225 2252 2248
f 2243 2221 2247
f 2247 2221 2225
f 2247 2225 2248
f 2221 2243 2244
f 2221 2244 2222
f 2222 2244 2217
f 2217 2244 2239
f 2221 2201 2225
f 2225 2201 2205
f 2222 2201 2221
f 2196 2179 2202
f 2202 2179 2178
f 2202 2178 2184
f 2202 2184 2201
f 2171 2179 2180
f 2180 2179 2196
f 2180 2196 2197
f 2197 2196 2217
f 2197 2217 2218
f 2218 2217 2239
f 2218 2239 2240
f 2217 2196 2222
f 2222 2196 2202
f 2222 2202 2201
f 2264 2240 2263
f 2263 2240 2239
f 2263 2239 2268
f 2268 2239 2244
f 2268 2244 2243
f 2283 2306 2282
f 2282 2306 2302
f 2282 2302 2281
f 2281 2302 2301
f 2281 2301 2279
f 2298 2276 2301
f 2260 2261 2282
f 2260 2282 2259
f 2259 2282 2281
f 2259 2281 2256
f 2256 2281 2279
f 2256 2279 2252
f 2331 2325 2301
f 2279 2301 2276
f 2279 2276 2252
f 2252 2276 2248
f 2248 2276 2272
f 2248 2272 2247
f 2247 2272 2294
f 2247 2294 2243
f 2243 2294 2290
f 2243 2290 2268
f 2172 2180 2197
f 2290 2319 2314
f 2294 2319 2290
f 2310 2286 2285
f 2290 2314 2285
f 2285 2314 2309
f 2285 2309 2310
f 2314 2343 2309
f 2309 2343 2338
f 2309 2338 2310
f 2310 2338 2339
f 2190 2189 2194
f 2194 2193 2192
f 2194 2192 2190
f 2190 2192 2191
f 2165 2166 2176
f 2176 2166 2167
f 2168 2169 2177
f 2168 2177 2167
f 2167 2177 2176
f 2185 2184 2177
f 2177 2184 2176
f 2187 2186 2184
f 2187 2184 2185
f 2189 2188 2187
f 2187 2188 2186
f 2188 2189 2190
f 2270 2291 2292
f 2291 2270 2269
f 2269 2288 2291
f 2230 2208 2226
f 2226 2208 2206
f 2230 2194 2189
f 2211 2212 2233
f 2233 2212 2234
f 2234 2212 2194
f 2300 2278 2296
f 2296 2278 2274
f 2270 2292 2274
f 2274 2292 2296
f 2288 2269 2266
f 2266 2269 2242
f 2220 2245 2224
f 2200 2220 2204
f 2204 2220 2224
f 2183 2200 2185
f 2185 2200 2204
f 2182 2199 2183
f 2261 2260 2237
f 2261 2237 2238
f 2261 2238 2262
f 2226 2250 2230
f 2230 2250 2254
f 2307 2283 2308
f 2308 2283 2284
f 2308 2284 2304
f 2234 2230 2254
f 2234 2254 2258
f 2258 2254 2278
f 2258 2278 2280
f 2280 2278 2304
f 2230 2234 2194
f 2280 2257 2258
f 2258 2257 2233
f 2258 2233 2234
f 2183 2199 2200
f 2200 2199 2220
f 2220 2242 2245
f 2245 2242 2269
f 2246 2269 2270
f 2246 2270 2250
f 2250 2270 2274
f 2250 2274 2254
f 2254 2274 2278
f 2254 2278 2300
f 2278 2300 2304
f 2304 2300 2329
f 2304 2329 2328
f 2292 2317 2323
f 2292 2323 2296
f 2317 2292 2316
f 2316 2292 2291
f 2316 2291 2288
f 2316 2288 2312
f 2312 2288 2311
f 2311 2288 2287
f 2275 2297 2271
f 2271 2297 2293
f 2301 2325 2297
f 2297 2325 2324
f 2232 2209 2210
f 2231 2190 2232
f 2232 2190 2209
f 2227 2188 2231
f 2231 2188 2190
f 2178 2170 2184
f 2184 2170 2176
f 2268 2290 2285
f 2268 2285 2263
f 2267 2290 2268
f 2267 2289 2290
f 2260 2236 2237
f 2251 2227 2255
f 2255 2227 2231
f 2255 2231 2256
f 2256 2231 2232
f 2247 2225 2251
f 2251 2225 2227
f 2244 2217 2221
f 2217 2196 2195
f 2217 2195 2221
f 2221 2195 2201
f 2196 2179 2178
f 2196 2178 2195
f 2195 2178 2201
f 2201 2178 2184
f 2268 2244 2267
f 2267 2244 2243
f 2282 2306 2281
f 2281 2306 2305
f 2281 2305 2279
f 2279 2305 2301
f 2279 2301 2275
f 2275 2301 2297
f 2256 2279 2255
f 2255 2279 2275
f 2255 2275 2251
f 2251 2275 2247
f 2247 2275 2271
f 2247 2271 2293
f 2247 2293 2243
f 2243 2293 2289
f 2243 2289 2267
f 2318 2313 2289
f 2289 2293 2318
f 2313 2314 2343
f 2289 2313 2290
f 2290 2313 2314
f 2285 2309 2286
f 2286 2309 2310
f 2486 2484 2485
f 2486 2485 2509
f 2509 2508 2483
f 2509 2483 2486
f 2486 2487 2484
f 2508 2509 2530
f 2530 2509 2531
f 2530 2531 2548
f 2548 2531 2549
f 2548 2549 2566
f 2566 2582 2581
f 2581 2565 2566
f 2566 2565 2548
f 2598 2597 2580
f 2580 2597 2579
f 2579 2581 2580
f 2580 2581 2582
f 2608 2607 2592
f 2592 2607 2591
f 2589 2590 2605
f 2605 2590 2606
f 2590 2589 2573
f 2590 2573 2574
f 2607 2620 2606
f 2606 2628 2627
f 2606 2627 2623
f 2606 2626 2630
f 2630 2629 2606
f 2606 2623 2618
f 2592 2591 2575
f 2592 2575 2576
f 2620 2619 2606
f 2606 2619 2626
f 2606 2629 2628
f 2618 2617 2606
f 2524 2525 2543
f 2524 2543 2542
f 2558 2574 2573
f 2576 2575 2559
f 2576 2559 2560
f 2560 2559 2542
f 2560 2542 2543
f 2573 2557 2558
f 2558 2557 2541
f 2541 2557 2540
f 2541 2540 2519
f 2519 2540 2518
f 2609 2610 2607
f 2609 2607 2606
f 2610 2609 2595
f 2595 2609 2594
f 2595 2594 2596
f 2596 2594 2598
f 2598 2594 2593
f 2598 2593 2597
f 2490 2498 2497
f 2490 2497 2489
f 2467 2466 2458
f 2459 2467 2458
f 2460 2461 2468
f 2468 2461 2469
f 2493 2494 2500
f 2493 2500 2499
f 2489 2409 2490
f 2490 2409 2410
f 2490 2410 2498
f 2498 2410 2418
f 2498 2418 2497
f 2497 2418 2417
f 2497 2417 2489
f 2489 2417 2409
f 2498 2458 2490
f 2521 2459 2498
f 2498 2459 2458
f 2521 2467 2459
f 2521 2522 2467
f 2467 2522 2468
f 2522 2460 2468
f 2499 2461 2522
f 2522 2461 2460
f 2493 2461 2499
f 2493 2413 2494
f 2494 2413 2414
f 2494 2414 2500
f 2500 2414 2420
f 2500 2420 2499
f 2499 2420 2419
f 2499 2419 2493
f 2493 2419 2413
f 2462 2461 2419
f 2462 2419 2420
f 2469 2466 2468
f 2468 2466 2467
f 2418 2458 2457
f 2418 2457 2417
f 2423 2430 2429
f 2424 2430 2423
f 2425 2426 2432
f 2431 2425 2432
f 2475 2431 2476
f 2476 2431 2432
f 2473 2429 2474
f 2474 2429 2430
f 2458 2418 2410
f 2458 2410 2490
f 2498 2490 2512
f 2520 2498 2512
f 2521 2498 2520
f 2521 2520 2513
f 2513 2520 2512
f 2491 2513 2512
f 2490 2491 2512
f 2491 2492 2513
f 2513 2492 2514
f 2513 2514 2521
f 2521 2514 2522
f 2499 2522 2523
f 2523 2522 2515
f 2515 2522 2514
f 2499 2523 2515
f 2493 2499 2515
f 2493 2515 2514
f 2493 2514 2492
f 2419 2461 2413
f 2413 2461 2493
f 2470 2469 2461
f 2470 2461 2462
f 2457 2458 2465
f 2465 2458 2466
f 2465 2466 2470
f 2470 2466 2469
f 2479 2435 2473
f 2473 2435 2429
f 2465 2423 2429
f 2465 2429 2473
f 2424 2423 2466
f 2466 2423 2465
f 2474 2430 2424
f 2474 2424 2466
f 2469 2425 2431
f 2469 2431 2475
f 2426 2425 2470
f 2470 2425 2469
f 2476 2432 2426
f 2476 2426 2470
f 2432 2436 2480
f 2432 2480 2476
f 2436 2435 2480
f 2480 2435 2479
f 2479 2473 2474
f 2476 2480 2475
f 2479 2474 2475
f 2479 2475 2480
f 2442 2441 2436
f 2436 2441 2440
f 2436 2440 2435
f 2435 2440 2439
f 2399 2385 2457
f 2399 2457 2465
f 2399 2465 2403
f 2399 2417 2385
f 2385 2417 2457
f 2377 2399 2385
f 2377 2393 2399
f 2393 2377 2409
f 2378 2410 2377
f 2377 2410 2409
f 2490 2410 2378
f 2490 2378 2491
f 2491 2378 2379
f 2379 2380 2491
f 2491 2380 2492
f 2381 2413 2493
f 2381 2493 2380
f 2380 2493 2492
f 2386 2400 2382
f 2382 2400 2396
f 2396 2414 2382
f 2382 2414 2381
f 2381 2414 2413
f 2400 2386 2420
f 2420 2386 2462
f 2470 2462 2404
f 2404 2462 2400
f 2400 2462 2386
f 2403 2465 2423
f 2429 2403 2423
f 2470 2404 2426
f 2404 2432 2426
f 2432 2433 2436
f 2436 2433 2437
f 2433 2432 2477
f 2477 2432 2476
f 2428 2429 2435
f 2428 2435 2434
f 2470 2471 2476
f 2476 2471 2477
f 2429 2428 2472
f 2429 2472 2473
f 2464 2465 2473
f 2464 2473 2472
f 2466 2469 2474
f 2469 2475 2474
f 2429 2428 2422
f 2429 2422 2403
f 2422 2402 2403
f 2403 2402 2399
f 2399 2402 2384
f 2399 2384 2385
f 2375 2381 2380
f 2375 2380 2374
f 2372 2373 2379
f 2372 2379 2378
f 2385 2384 2377
f 2387 2386 2382
f 2387 2382 2383
f 2379 2373 2380
f 2380 2373 2374
f 2377 2384 2376
f 2400 2386 2387
f 2400 2387 2404
f 2404 2387 2405
f 2433 2432 2427
f 2427 2432 2404
f 2427 2404 2405
f 2427 2426 2433
f 2433 2426 2432
f 2423 2465 2422
f 2422 2465 2464
f 2428 2429 2423
f 2428 2423 2422
f 2434 2435 2429
f 2434 2429 2428
f 2409 2417 2408
f 2408 2417 2416
f 2399 2416 2417
f 2399 2398 2416
f 2398 2399 2392
f 2399 2393 2392
f 2400 2397 2396
f 2397 2400 2401
f 2420 2401 2400
f 2420 2421 2401
f 2420 2415 2421
f 2420 2414 2415
f 2470 2426 2471
f 2471 2426 2427
f 2435 2439 2438
f 2439 2440 2438
f 2435 2438 2434
f 2434 2478 2472
f 2472 2478 2504
f 2428 2434 2472
f 2472 2504 2502
f 2502 2464 2472
f 2502 2504 2528
f 2496 2502 2518
f 2518 2502 2526
f 2528 2526 2502
f 2527 2503 2525
f 2501 2525 2503
f 2503 2527 2529
f 2503 2529 2505
f 2437 2433 2477
f 2505 2481 2477
f 2477 2471 2503
f 2437 2477 2481
f 2503 2505 2477
f 2443 2441 2442
f 2443 2436 2437
f 2442 2436 2443
f 2544 2546 2561
f 2579 2577 2561
f 2518 2526 2544
f 2544 2526 2528
f 2541 2519 2518
f 2541 2540 2558
f 2558 2540 2557
f 2563 2579 2561
f 2528 2546 2563
f 2544 2528 2546
f 2546 2528 2561
f 2561 2528 2563
f 2609 2606 2590
f 2594 2609 2590
f 2594 2590 2574
f 2574 2558 2577
f 2574 2577 2594
f 2594 2577 2593
f 2541 2518 2540
f 2540 2518 2544
f 2540 2544 2557
f 2557 2544 2561
f 2557 2561 2558
f 2558 2561 2577
f 2593 2577 2579
f 2593 2579 2597
f 2590 2589 2606
f 2601 2602 2586
f 2630 2626 2625
f 2630 2625 2629
f 2623 2627 2624
f 2624 2627 2628
f 2605 2606 2589
f 2607 2604 2616
f 2607 2616 2620
f 2591 2588 2604
f 2607 2591 2604
f 2602 2614 2615
f 2615 2603 2602
f 2586 2602 2603
f 2613 2601 2612
f 2612 2601 2600
f 2601 2613 2602
f 2602 2613 2614
f 2585 2601 2586
f 2584 2600 2585
f 2585 2600 2601
f 2618 2611 2617
f 2617 2611 2599
f 2617 2599 2606
f 2624 2628 2625
f 2625 2628 2629
f 2620 2616 2619
f 2619 2616 2615
f 2619 2615 2625
f 2625 2615 2614
f 2625 2614 2622
f 2625 2622 2624
f 2624 2622 2621
f 2624 2621 2613
f 2624 2613 2618
f 2618 2613 2612
f 2618 2612 2611
f 2604 2603 2615
f 2612 2600 2599
f 2616 2604 2615
f 2622 2614 2621
f 2621 2614 2613
f 2611 2612 2599
f 2626 2619 2625
f 2623 2624 2618
f 2606 2599 2590
f 2590 2599 2583
f 2603 2587 2586
f 2588 2587 2604
f 2604 2587 2603
f 2599 2600 2583
f 2583 2600 2584
f 2568 2552 2551
f 2571 2555 2554
f 2402 2398 2384
f 2401 2405 2387
f 2502 2496 2464
f 2456 2409 2408
f 2456 2408 2416
f 2448 2449 2409
f 2414 2454 2455
f 2414 2455 2415
f 2455 2421 2415
f 2389 2390 2374
f 2374 2390 2375
f 2375 2390 2391
f 2375 2391 2381
f 2381 2391 2395
f 2381 2395 2382
f 2382 2395 2396
f 2389 2406 2390
f 2390 2406 2407
f 2390 2407 2413
f 2390 2413 2395
f 2395 2413 2414
f 2395 2414 2396
f 2407 2412 2413
f 2401 2387 2397
f 2397 2387 2383
f 2397 2383 2396
f 2396 2383 2382
f 2427 2405 2401
f 2421 2427 2401
f 2446 2452 2447
f 2492 2452 2491
f 2491 2452 2446
f 2412 2452 2413
f 2413 2452 2453
f 2413 2453 2414
f 2414 2453 2454
f 2421 2463 2427
f 2427 2463 2471
f 2503 2471 2501
f 2463 2421 2455
f 2463 2501 2471
f 2452 2492 2453
f 2453 2492 2493
f 2453 2493 2454
f 2454 2493 2494
f 2454 2494 2495
f 2454 2495 2455
f 2455 2495 2463
f 2463 2495 2501
f 2560 2543 2556
f 2556 2543 2539
f 2556 2539 2538
f 2556 2538 2555
f 2555 2538 2537
f 2592 2576 2591
f 2591 2576 2575
f 2591 2575 2588
f 2588 2575 2572
f 2588 2572 2587
f 2587 2572 2571
f 2555 2571 2556
f 2556 2571 2572
f 2556 2572 2560
f 2560 2572 2575
f 2560 2575 2576
f 2534 2512 2533
f 2533 2512 2511
f 2533 2511 2532
f 2532 2511 2510
f 2532 2510 2540
f 2540 2510 2518
f 2543 2525 2539
f 2539 2525 2517
f 2539 2517 2538
f 2538 2517 2516
f 2538 2516 2537
f 2537 2516 2515
f 2537 2515 2536
f 2536 2515 2514
f 2536 2514 2535
f 2535 2514 2513
f 2535 2513 2534
f 2534 2513 2512
f 2584 2568 2583
f 2583 2568 2567
f 2583 2567 2590
f 2590 2567 2574
f 2557 2573 2574
f 2557 2574 2550
f 2550 2574 2567
f 2550 2567 2551
f 2551 2567 2568
f 2586 2570 2585
f 2585 2570 2569
f 2585 2569 2584
f 2584 2569 2568
f 2586 2587 2571
f 2586 2571 2570
f 2570 2571 2554
f 2570 2554 2569
f 2569 2554 2553
f 2569 2553 2552
f 2569 2552 2568
f 2552 2534 2551
f 2551 2534 2533
f 2551 2533 2550
f 2550 2533 2532
f 2550 2532 2557
f 2557 2532 2540
f 2402 2422 2416
f 2416 2398 2402
f 2384 2398 2376
f 2376 2398 2392
f 2376 2392 2377
f 2377 2392 2393
f 2456 2416 2464
f 2464 2416 2422
f 2448 2409 2456
f 2378 2377 2393
f 2378 2393 2394
f 2394 2393 2409
f 2394 2409 2410
f 2374 2373 2389
f 2410 2406 2389
f 2410 2389 2388
f 2388 2389 2372
f 2373 2372 2389
f 2391 2390 2395
f 2449 2410 2409
f 2489 2449 2488
f 2488 2449 2448
f 2488 2448 2496
f 2496 2448 2456
f 2496 2456 2464
f 2448 2449 2456
f 2378 2394 2388
f 2410 2449 2450
f 2450 2449 2489
f 2450 2489 2490
f 2450 2490 2451
f 2490 2491 2451
f 2451 2491 2446
f 2446 2447 2407
f 2407 2406 2446
f 2446 2406 2451
f 2451 2406 2411
f 2451 2411 2450
f 2447 2452 2412
f 2447 2412 2407
f 2411 2406 2410
f 2411 2410 2450
f 2555 2537 2554
f 2554 2537 2536
f 2554 2536 2553
f 2553 2536 2535
f 2553 2535 2552
f 2552 2535 2534
f 2512 2490 2511
f 2511 2490 2489
f 2511 2489 2510
f 2510 2489 2488
f 2510 2488 2518
f 2518 2488 2496
f 2525 2501 2517
f 2517 2501 2495
f 2517 2495 2516
f 2516 2495 2494
f 2516 2494 2515
f 2515 2494 2493
f 2410 2388 2394
f 2388 2372 2378
f 2527 2525 2543
f 2527 2545 2547
f 2527 2547 2529
f 2598 2580 2578
f 2598 2578 2596
f 2542 2559 2543
f 2559 2560 2543
f 2543 2545 2527
f 2591 2607 2595
f 2591 2595 2575
f 2575 2595 2578
f 2575 2578 2559
f 2559 2578 2560
f 2560 2578 2562
f 2560 2562 2543
f 2543 2562 2545
f 2562 2578 2580
f 2562 2580 2564
f 2564 2547 2562
f 2562 2547 2545
f 2596 2578 2595
f 2610 2595 2607
f 2441 2443 2440
f 2438 2440 2443
f 2483 2508 2482
f 2438 2444 2483
f 2483 2444 2486
f 2482 2438 2483
f 2434 2438 2478
f 2478 2506 2504
f 2506 2528 2504
f 2548 2565 2563
f 2563 2565 2581
f 2563 2581 2579
f 2548 2563 2546
f 2546 2528 2548
f 2508 2530 2506
f 2508 2506 2482
f 2482 2506 2478
f 2482 2478 2438
f 2506 2530 2528
f 2528 2530 2548
f 2485 2481 2507
f 2507 2505 2529
f 2481 2437 2507
f 2507 2481 2505
f 2485 2443 2481
f 2445 2443 2485
f 2485 2484 2445
f 2445 2484 2487
f 2547 2564 2549
f 2547 2549 2529
f 2580 2582 2564
f 2564 2582 2566
f 2564 2566 2549
f 2509 2485 2507
f 2509 2507 2531
f 2529 2549 2531
f 2529 2531 2507
f 2437 2481 2443
f 2438 2443 2445
f 2487 2444 2438
f 2487 2438 2445
f 2487 2486 2444
f 2638 2768 2760
f 2665 2638 2760
f 2760 2759 2665
f 2759 2664 2665
f 2768 2638 2767
f 2767 2638 2637
f 2633 2763 2635
f 2635 2763 2765
f 2635 2765 2636
f 2636 2765 2766
f 2636 2766 2637
f 2637 2766 2767
f 2647 2673 2668
f 2647 2668 2689
f 2647 2689 2703
f 2647 2721 2737
f 2647 2642 2673
f 2703 2716 2647
f 2647 2716 2721
f 2647 2737 2742
f 2761 2631 2632
f 2632 2762 2761
f 2762 2632 2651
f 2762 2651 2746
f 2746 2651 2646
f 2746 2646 2741
f 2741 2646 2647
f 2741 2647 2742
f 2631 2761 2634
f 2634 2761 2764
f 2634 2764 2763
f 2634 2763 2633
f 2685 2664 2759
f 2759 2733 2685
f 2733 2684 2685
f 2684 2733 2732
f 2684 2713 2699
f 2684 2732 2713
f 2728 2710 2729
f 2733 2713 2732
f 2712 2698 2699
f 2699 2713 2712
f 2729 2730 2753
f 2728 2729 2750
f 2750 2729 2753
f 2727 2728 2747
f 2747 2728 2750
f 2747 2750 2748
f 2748 2750 2751
f 2711 2730 2729
f 2729 2710 2711
f 2728 2727 2710
f 2697 2711 2710
f 2738 2724 2723
f 2723 2724 2718
f 2717 2723 2718
f 2719 2714 2701
f 2719 2701 2718
f 2718 2701 2705
f 2708 2695 2709
f 2709 2695 2696
f 2708 2694 2695
f 2693 2706 2707
f 2693 2692 2706
f 2706 2692 2694
f 2706 2694 2708
f 2701 2700 2705
f 2707 2723 2704
f 2704 2723 2717
f 2705 2691 2690
f 2704 2705 2690
f 2691 2705 2686
f 2686 2705 2700
f 2686 2700 2687
f 2687 2700 2701
f 2704 2690 2707
f 2707 2690 2693
f 2763 2764 2745
f 2745 2764 2761
f 2706 2722 2725
f 2748 2727 2747
f 2749 2744 2743
f 2707 2706 2722
f 2725 2727 2726
f 2726 2727 2748
f 2726 2748 2743
f 2744 2739 2738
f 2738 2739 2724
f 2724 2739 2718
f 2740 2739 2744
f 2740 2744 2745
f 2743 2744 2738
f 2723 2726 2738
f 2738 2726 2743
f 2740 2735 2734
f 2734 2735 2718
f 2739 2740 2734
f 2734 2718 2739
f 2719 2718 2735
f 2725 2726 2723
f 2705 2704 2717
f 2705 2717 2718
f 2745 2744 2763
f 2763 2744 2749
f 2763 2749 2765
f 2765 2749 2752
f 2768 2767 2756
f 2756 2767 2754
f 2730 2731 2755
f 2755 2731 2757
f 2755 2757 2756
f 2756 2757 2758
f 2697 2698 2711
f 2711 2698 2712
f 2712 2713 2731
f 2731 2713 2733
f 2731 2733 2757
f 2757 2733 2759
f 2757 2759 2758
f 2758 2759 2760
f 2767 2766 2754
f 2754 2766 2752
f 2754 2752 2751
f 2751 2752 2748
f 2754 2755 2756
f 2751 2755 2754
f 2766 2765 2752
f 2752 2749 2748
f 2748 2749 2743
f 2725 2723 2722
f 2722 2723 2707
f 2710 2709 2696
f 2710 2696 2697
f 2760 2768 2758
f 2758 2768 2756
f 2751 2750 2755
f 2755 2750 2753
f 2755 2753 2730
f 2731 2730 2712
f 2712 2730 2711
f 2709 2710 2727
f 2709 2727 2708
f 2708 2727 2725
f 2708 2725 2706
f 2715 2721 2716
f 2715 2716 2702
f 2702 2716 2703
f 2721 2715 2720
f 2736 2737 2720
f 2721 2720 2737
f 2761 2762 2745
f 2745 2762 2746
f 2719 2735 2736
f 2714 2715 2701
f 2702 2701 2715
f 2715 2714 2720
f 2720 2714 2719
f 2746 2741 2740
f 2746 2740 2745
f 2740 2741 2735
f 2741 2742 2736
f 2742 2737 2736
f 2736 2720 2719
f 2702 2701 2688
f 2736 2735 2741
f 2631 2634 2633
f 2685 2684 2699
f 2682 2683 2697
f 2683 2698 2697
f 2681 2680 2658
f 2658 2680 2655
f 2680 2679 2655
f 2655 2679 2652
f 2655 2652 2653
f 2655 2653 2656
f 2644 2676 2670
f 2652 2679 2653
f 2679 2677 2653
f 2653 2677 2678
f 2653 2678 2648
f 2669 2670 2675
f 2675 2670 2676
f 2675 2676 2643
f 2643 2676 2644
f 2694 2677 2695
f 2695 2677 2679
f 2695 2679 2680
f 2696 2695 2680
f 2696 2680 2681
f 2697 2696 2681
f 2697 2681 2682
f 2674 2677 2694
f 2674 2694 2692
f 2675 2674 2692
f 2675 2692 2693
f 2675 2678 2677
f 2675 2677 2674
f 2670 2669 2690
f 2670 2690 2691
f 2645 2650 2649
f 2649 2650 2654
f 2691 2686 2670
f 2644 2645 2649
f 2640 2670 2671
f 2666 2671 2670
f 2666 2670 2687
f 2686 2687 2691
f 2691 2687 2670
f 2670 2639 2644
f 2654 2633 2657
f 2657 2633 2635
f 2657 2635 2659
f 2659 2635 2636
f 2659 2636 2661
f 2661 2636 2637
f 2661 2637 2638
f 2661 2638 2663
f 2663 2638 2665
f 2683 2682 2662
f 2662 2682 2660
f 2662 2660 2661
f 2662 2661 2663
f 2699 2698 2683
f 2699 2683 2685
f 2685 2683 2662
f 2685 2662 2664
f 2664 2662 2663
f 2664 2663 2665
f 2643 2644 2648
f 2648 2644 2649
f 2657 2656 2654
f 2648 2678 2675
f 2669 2675 2693
f 2669 2693 2690
f 2643 2648 2675
f 2661 2660 2659
f 2659 2660 2656
f 2682 2681 2658
f 2682 2658 2660
f 2660 2658 2655
f 2660 2655 2656
f 2639 2670 2640
f 2639 2640 2645
f 2639 2645 2644
f 2648 2649 2653
f 2653 2649 2654
f 2657 2659 2656
f 2650 2631 2633
f 2650 2633 2654
f 2653 2654 2656
f 2632 2631 2650
f 2673 2642 2641
f 2673 2641 2672
f 2688 2668 2667
f 2667 2668 2673
f 2667 2673 2672
f 2688 2689 2668
f 2702 2703 2689
f 2689 2688 2702
f 2647 2646 2642
f 2642 2646 2641
f 2651 2632 2650
f 2651 2650 2646
f 2646 2650 2645
f 2701 2702 2687
f 2687 2702 2688
f 2667 2687 2688
f 2667 2672 2671
f 2667 2671 2666
f 2667 2666 2687
f 2645 2640 2646
f 2646 2640 2641
f 2640 2671 2672
f 2641 2640 2672
f 2866 2862 2865
f 2865 2862 2861
f 2862 2866 2861
f 2861 2866 2865
f 2859 2863 2860
f 2860 2863 2864
f 2863 2859 2864
f 2864 2859 2860
f 2868 2864 2867
f 2867 2864 2863
f 2865 2869 2866
f 2866 2869 2870
f 2869 2865 2870
f 2870 2865 2866
f 2869 2845 2846
f 2869 2846 2870
f 2845 2869 2868
f 2845 2868 2867
f 2809 2813 2833
f 2809 2833 2829
f 2828 2832 2812
f 2828 2812 2808
f 2808 2793 2828
f 2828 2793 2867
f 2868 2828 2867
f 2794 2809 2829
f 2794 2829 2870
f 2870 2829 2869
f 2869 2829 2868
f 2868 2829 2828
f 2793 2808 2794
f 2794 2808 2809
f 2867 2863 2868
f 2868 2863 2864
f 2780 2779 2782
f 2782 2779 2781
f 2782 2781 2794
f 2794 2781 2793
f 2863 2859 2843
f 2843 2859 2841
f 2844 2842 2866
f 2866 2842 2862
f 2866 2862 2844
f 2844 2862 2842
f 2846 2794 2870
f 2792 2780 2794
f 2780 2782 2794
f 2781 2779 2793
f 2779 2791 2793
f 2793 2845 2867
f 2843 2841 2863
f 2863 2841 2859
f 2867 2843 2863
f 2845 2825 2843
f 2845 2843 2867
f 2775 2789 2779
f 2779 2789 2791
f 2825 2845 2805
f 2805 2845 2793
f 2793 2791 2805
f 2827 2845 2793
f 2793 2845 2825
f 2793 2825 2805
f 2793 2807 2827
f 2830 2846 2827
f 2827 2846 2845
f 2811 2812 2831
f 2813 2809 2810
f 2814 2813 2810
f 2809 2808 2807
f 2807 2808 2812
f 2812 2811 2807
f 2814 2834 2813
f 2834 2833 2813
f 2831 2832 2827
f 2832 2828 2827
f 2827 2828 2830
f 2828 2829 2830
f 2830 2829 2833
f 2830 2833 2834
f 2812 2832 2831
f 2775 2778 2779
f 2779 2778 2780
f 2779 2780 2781
f 2781 2780 2782
f 2781 2782 2793
f 2793 2782 2794
f 2793 2794 2807
f 2807 2794 2810
f 2807 2810 2809
f 2827 2807 2831
f 2831 2807 2811
f 2846 2844 2870
f 2780 2778 2790
f 2870 2844 2866
f 2794 2846 2830
f 2806 2794 2792
f 2794 2806 2826
f 2794 2826 2846
f 2846 2826 2844
f 2792 2780 2790
f 2830 2810 2794
f 2792 2790 2778
f 2778 2780 2792
f 2814 2810 2830
f 2814 2830 2834
f 2779 2780 2775
f 2775 2780 2778
f 2776 2777 2778
f 2776 2778 2775
f 2778 2777 2775
f 2776 2775 2777
f 2773 2771 2775
f 2772 2774 2778
f 2816 2820 2796
f 2796 2820 2800
f 2821 2817 2797
f 2821 2797 2801
f 2858 2854 2853
f 2858 2853 2857
f 2857 2853 2852
f 2857 2852 2856
f 2856 2852 2851
f 2856 2851 2855
f 2852 2848 2851
f 2851 2848 2847
f 2848 2852 2853
f 2848 2853 2849
f 2854 2850 2849
f 2854 2849 2853
f 2835 2847 2848
f 2835 2848 2849
f 2835 2849 2836
f 2836 2849 2850
f 2818 2798 2817
f 2798 2797 2817
f 2796 2800 2799
f 2801 2802 2800
f 2802 2801 2797
f 2797 2798 2802
f 2795 2796 2799
f 2816 2796 2795
f 2818 2817 2822
f 2822 2817 2821
f 2821 2820 2819
f 2819 2820 2816
f 2816 2795 2815
f 2816 2815 2819
f 2835 2836 2819
f 2819 2836 2822
f 2819 2822 2821
f 2799 2800 2802
f 2799 2802 2783
f 2783 2802 2784
f 2783 2784 2769
f 2769 2784 2770
f 2850 2854 2853
f 2853 2849 2850
f 2852 2848 2849
f 2852 2849 2853
f 2848 2852 2847
f 2847 2852 2851
f 2783 2820 2847
f 2850 2821 2784
f 2784 2821 2801
f 2783 2800 2820
f 2847 2820 2848
f 2848 2820 2849
f 2849 2820 2821
f 2784 2801 2783
f 2783 2801 2800
f 2821 2850 2849
f 2784 2783 2770
f 2770 2783 2769
f 2770 2769 2772
f 2772 2769 2771
f 2769 2771 2783
f 2815 2795 2819
f 2819 2795 2799
f 2837 2839 2851
f 2851 2839 2855
f 2854 2858 2838
f 2838 2858 2840
f 2818 2822 2802
f 2818 2802 2798
f 2770 2784 2772
f 2838 2840 2854
f 2854 2840 2858
f 2851 2855 2837
f 2837 2855 2839
f 2772 2786 2784
f 2836 2850 2838
f 2838 2850 2854
f 2774 2788 2790
f 2774 2790 2778
f 2836 2838 2824
f 2836 2824 2822
f 2822 2824 2802
f 2802 2824 2804
f 2802 2804 2784
f 2784 2804 2786
f 2788 2774 2772
f 2788 2772 2786
f 2778 2790 2788
f 2778 2788 2772
f 2824 2850 2784
f 2824 2784 2804
f 2824 2838 2850
f 2847 2851 2837
f 2823 2847 2837
f 2847 2823 2783
f 2783 2823 2803
f 2787 2771 2785
f 2771 2787 2775
f 2775 2787 2789
f 2783 2803 2785
f 2803 2823 2799
f 2799 2823 2819
f 2819 2823 2835
f 2835 2823 2837
f 2835 2837 2847
f 2771 2773 2787
f 2787 2773 2789
f 2789 2773 2775
f 2785 2783 2771
f 2803 2799 2783
f 3120 3137 3119
f 3119 3137 3136
f 3133 3116 3132
f 3116 3097 3115
f 3116 3115 3132
f 3060 3059 3079
f 3114 3096 3113
f 3062 3061 3080
f 3062 3080 3081
f 3137 3135 3133
f 3116 3118 3120
f 3135 3137 3118
f 3118 3137 3120
f 3137 3133 3136
f 3136 3133 3132
f 3134 3117 3136
f 3136 3117 3119
f 3115 3117 3132
f 3132 3117 3134
f 3134 3136 3132
f 3119 3117 3118
f 3119 3118 3120
f 2901 2900 2894
f 2894 2900 2893
f 2894 2893 2901
f 2901 2893 2900
f 2936 2905 2932
f 2905 2898 2932
f 2932 2898 2897
f 2932 2897 2931
f 2871 2873 2891
f 2873 2898 2891
f 2924 2890 2891
f 2924 2891 2925
f 2925 2891 2884
f 2925 2884 2920
f 2872 2871 2892
f 2892 2871 2891
f 2921 2885 2926
f 2885 2892 2926
f 2926 2892 2893
f 2926 2893 2927
f 2874 2872 2899
f 2899 2872 2892
f 2934 2900 2899
f 2934 2899 2933
f 2899 2906 2933
f 2933 2906 2937
f 2874 2898 2873
f 2898 2874 2899
f 2879 2886 2885
f 2878 2879 2880
f 2876 2877 2884
f 2885 2884 2877
f 2885 2877 2878
f 2883 2876 2884
f 2882 2883 2890
f 2889 2882 2890
f 2896 2889 2897
f 2911 2910 2905
f 2905 2910 2904
f 2906 2913 2912
f 2887 2894 2901
f 2906 2905 2899
f 2899 2905 2898
f 2912 2911 2905
f 2912 2905 2906
f 2903 2896 2897
f 2903 2897 2904
f 2904 2897 2898
f 2889 2890 2897
f 2897 2890 2898
f 2898 2890 2891
f 2883 2891 2890
f 2883 2884 2891
f 2892 2891 2884
f 2884 2885 2892
f 2885 2878 2879
f 2886 2893 2892
f 2886 2892 2885
f 2894 2886 2887
f 2886 2894 2893
f 2893 2901 2892
f 2892 2901 2899
f 2908 2900 2901
f 2901 2900 2899
f 2887 2886 2885
f 2907 2913 2906
f 2908 2907 2906
f 2908 2906 2900
f 2900 2906 2899
f 2904 2898 2905
f 2975 2953 2950
f 3001 3019 3018
f 3004 3024 3007
f 3004 3022 3024
f 3022 3004 3023
f 3005 3039 3004
f 3004 3039 3023
f 3017 3033 3005
f 3005 3033 3039
f 3017 3054 3033
f 3018 3055 3017
f 3017 3055 3054
f 3035 3056 3019
f 3055 3018 3056
f 3056 3018 3019
f 2941 2940 2915
f 2878 2942 2877
f 2877 2942 2941
f 2877 2941 2915
f 2877 2915 2876
f 2876 2915 2919
f 2876 2919 2883
f 2918 2882 2883
f 2882 2918 2946
f 2882 2918 2923
f 2882 2923 2889
f 2953 2930 2923
f 2889 2923 2930
f 2889 2930 2896
f 2975 2972 2990
f 3009 2992 2990
f 2990 2992 2975
f 2968 2987 2972
f 2972 2987 2990
f 2986 3001 2985
f 2985 3001 3018
f 3007 3009 2990
f 3007 2990 3004
f 3004 2990 2987
f 3004 2987 2968
f 3004 2968 3005
f 3005 2968 2969
f 3005 2969 2988
f 3005 2988 3017
f 3017 2988 2984
f 3017 2984 3018
f 3018 2984 2985
f 2947 2919 2940
f 2940 2919 2915
f 2950 2953 2923
f 2950 2923 2946
f 2946 2923 2918
f 2968 2946 2947
f 2947 2946 2918
f 2947 2918 2919
f 2919 2918 2883
f 2942 2986 2941
f 2941 2986 2985
f 2941 2985 2940
f 2940 2985 2984
f 2940 2984 2947
f 2947 2984 2988
f 2947 2988 2968
f 2968 2988 2969
f 2968 2969 2946
f 2946 2968 2950
f 2950 2968 2972
f 2950 2972 2975
f 3037 3021 3020
f 3036 3057 3037
f 3036 3020 3019
f 3036 3019 3035
f 3037 3020 3036
f 2942 2878 2916
f 2943 2879 2878
f 2943 2878 2942
f 2917 2880 2879
f 2917 2879 2944
f 2944 2879 2943
f 3020 3021 3003
f 2967 2966 3003
f 3003 2966 3020
f 2986 3019 2965
f 2965 3019 2966
f 2966 2943 2942
f 2966 2942 2965
f 2967 2944 2966
f 2966 2944 2943
f 3019 3020 2966
f 2948 2887 2944
f 2944 2887 2880
f 2948 2922 2887
f 3082 3063 3041
f 3078 3082 3041
f 3058 3078 3037
f 3037 3078 3041
f 3057 3058 3037
f 2880 2917 2944
f 3006 2989 2948
f 3006 2948 3003
f 3003 2948 2944
f 3003 2944 2967
f 3041 3006 3037
f 3037 3006 3003
f 3037 3003 3021
f 2970 2948 2989
f 2928 2887 2922
f 2928 2894 2887
f 2894 2928 2951
f 2951 2973 2991
f 2948 2970 2973
f 2973 2970 2989
f 2973 2989 3008
f 2973 2928 2948
f 2948 2928 2922
f 2951 2928 2973
f 3082 3083 3063
f 3063 3083 3065
f 3063 3065 3043
f 3063 3043 3041
f 2989 3006 3008
f 3008 3006 3041
f 3043 3008 3041
f 3065 3083 3043
f 3008 2991 2973
f 3023 3017 3022
f 3023 3033 3017
f 3054 3055 3033
f 3033 3055 3034
f 3034 3055 3035
f 3055 3056 3035
f 3056 3057 3035
f 3035 3057 3036
f 3057 3077 3078
f 3057 3078 3058
f 2965 2942 2941
f 2895 2949 2888
f 2888 2949 2945
f 2888 2945 2881
f 2881 2945 2946
f 2881 2946 2882
f 2940 2876 2946
f 2946 2876 2882
f 2876 2940 2877
f 2877 2940 2941
f 2941 2942 2916
f 2941 2916 2877
f 2877 2916 2878
f 2985 3034 3035
f 3035 3019 2985
f 2985 3019 2986
f 2985 2986 2965
f 2984 3033 2985
f 2985 3033 3034
f 3033 2984 3017
f 3000 3004 3022
f 3000 3022 3017
f 2992 2990 2974
f 2974 2990 2971
f 2974 2971 2952
f 2895 2929 2949
f 2949 2929 2952
f 3017 2984 3000
f 3000 2984 2964
f 3000 2964 3004
f 3004 2964 2968
f 2971 2990 2972
f 2972 2990 2968
f 2968 2990 3004
f 2941 2985 2965
f 2952 2971 2949
f 2949 2971 2972
f 2949 2972 2945
f 2945 2972 2968
f 2945 2968 2946
f 2946 2968 2964
f 2946 2964 2940
f 2940 2964 2984
f 2903 2909 2910
f 2957 2978 2996
f 2996 2978 3013
f 3013 3028 3048
f 2935 2938 2908
f 2935 2908 2901
f 2982 2983 3016
f 3032 3031 3016
f 2914 2963 2962
f 2914 2962 2913
f 2961 2912 2913
f 2961 2913 2962
f 2981 3030 2999
f 2982 2962 2963
f 2982 2963 2983
f 2962 2982 2961
f 2961 2982 2981
f 2982 3031 2981
f 2981 3031 3030
f 3016 3031 2982
f 3075 3074 3053
f 3091 3075 3053
f 3088 3091 3048
f 3048 3091 3053
f 3070 3088 3048
f 2996 3013 2957
f 2908 2938 2957
f 2908 2957 2963
f 2908 2963 2914
f 2957 3013 2963
f 2963 3013 3016
f 2963 3016 2983
f 3013 3048 3016
f 3016 3048 3053
f 3016 3053 3032
f 3053 3052 3032
f 3052 3031 3032
f 3051 3030 3052
f 3052 3030 3031
f 3053 3074 3052
f 2998 2999 3030
f 2998 3030 3051
f 2960 2961 2981
f 2912 2961 2960
f 2960 2911 2912
f 2910 2911 2960
f 2960 2959 2910
f 2958 2903 2959
f 2959 2903 2910
f 2903 2958 2956
f 2903 2956 2902
f 2902 2956 2955
f 2902 2955 2895
f 2895 2955 2952
f 2895 2952 2929
f 2992 3011 3009
f 3029 3011 3014
f 2997 3029 3014
f 3029 2997 3049
f 3049 2997 2998
f 3049 2998 3050
f 3011 2977 3014
f 3014 2977 2979
f 3014 2979 2997
f 2992 2974 2975
f 2992 2975 3011
f 3011 2975 2977
f 3051 3050 2998
f 2998 2960 2981
f 2998 2981 2999
f 2960 2998 2959
f 2959 2998 2997
f 2959 2997 2958
f 2958 2997 2979
f 2958 2979 2956
f 2956 2979 2977
f 2956 2977 2955
f 2955 2977 2952
f 2952 2977 2975
f 2952 2975 2974
f 2954 2976 2935
f 2957 2976 2978
f 2957 2938 2935
f 2957 2935 2976
f 3011 3026 3025
f 3011 3025 3009
f 3029 3049 3026
f 3072 3071 3049
f 3049 3050 3072
f 3073 3072 3050
f 3090 3075 3091
f 3075 3090 3074
f 2976 2993 3010
f 3085 3088 3070
f 3085 3070 3066
f 3070 3045 3066
f 3066 3045 3085
f 2976 3010 3013
f 2976 3013 2978
f 3070 3048 3045
f 3045 3048 3028
f 3010 3045 3028
f 3010 3028 3013
f 3073 3050 3051
f 3051 3052 3073
f 3073 3052 3074
f 3011 3029 3026
f 2935 2901 2954
f 2976 2954 2993
f 3048 3088 3085
f 3085 3045 3048
f 3031 3052 3053
f 3053 3052 3090
f 3053 3090 3091
f 2982 3015 3016
f 2938 2908 2914
f 2938 2914 2939
f 3010 2993 2954
f 2963 2982 3016
f 2963 3016 2957
f 3016 3013 2957
f 2957 2938 2939
f 2957 2939 2963
f 2963 2939 2962
f 3010 2954 3013
f 3013 2954 2957
f 2954 2935 2957
f 3048 3045 3010
f 3048 3010 3013
f 3048 3013 3053
f 3053 3013 3016
f 3053 3016 3031
f 3031 3016 3015
f 2895 2896 2902
f 2902 2896 2903
f 2904 2910 2903
f 2876 2875 2882
f 2888 2881 2882
f 2896 2895 2889
f 2889 2895 2888
f 2882 2889 2888
f 2883 2882 2876
f 3083 3082 3043
f 3002 3003 3020
f 3037 3078 3077
f 3037 3077 3036
f 3043 3082 3041
f 2991 3008 2951
f 2917 2880 2887
f 2917 2887 2922
f 2951 2948 2928
f 3002 2966 3003
f 3003 2966 2944
f 3003 2944 3006
f 3006 2944 2948
f 2944 2943 2917
f 2944 2917 2948
f 2948 2917 2922
f 2951 3008 2948
f 2948 3008 3006
f 3008 3043 3006
f 3006 3043 3041
f 3006 3041 3003
f 3003 3041 3037
f 3003 3037 3020
f 3100 3101 3084
f 3084 3101 3085
f 3077 3082 3078
f 3035 3056 3034
f 3034 3056 3055
f 3077 3078 3095
f 3077 3095 3094
f 3095 3078 3082
f 3082 3098 3095
f 3026 2995 2994
f 3027 3012 3026
f 2995 3026 3012
f 3027 3047 3067
f 2886 2877 2878
f 2913 2912 2907
f 2907 2912 2911
f 2886 2878 2879
f 2880 2887 2886
f 2880 2886 2879
f 2903 2896 2882
f 2882 2896 2889
f 2883 2876 2886
f 2886 2876 2877
f 2908 2914 2907
f 2907 2914 2913
f 2907 2911 2910
f 2907 2910 2904
f 3104 3088 3101
f 3101 3088 3085
f 3108 3091 3104
f 3104 3091 3088
f 3091 3108 3107
f 3091 3107 3090
f 3085 3083 3101
f 3101 3083 3099
f 3082 3098 3083
f 3083 3098 3099
f 3083 3085 3043
f 3043 3085 3045
f 3043 3045 3008
f 3008 3045 3010
f 3008 3010 2991
f 2991 3010 2976
f 2991 2976 2951
f 2951 2976 2954
f 2951 2954 2935
f 2951 2935 2928
f 2928 2935 2901
f 2928 2901 2894
f 3007 3009 3024
f 3038 3023 3022
f 3038 3039 3023
f 3027 3047 3046
f 3027 3046 3026
f 3024 3009 3025
f 3044 3024 3025
f 3022 3042 3038
f 3049 3071 3067
f 3022 3024 3042
f 3042 3024 3044
f 3044 3025 3026
f 3049 3067 3047
f 3044 3026 3047
f 3047 3026 3046
f 3042 3039 3038
f 3059 3033 3039
f 3033 3059 3054
f 3100 3104 3101
f 3107 3108 3103
f 3103 3108 3100
f 3100 3108 3104
f 3099 3085 3101
f 3082 3085 3098
f 3098 3085 3099
f 3047 3026 3027
f 3047 3027 3049
f 3039 3023 3033
f 3093 3076 3092
f 3055 3054 3093
f 3093 3054 3076
f 3093 3056 3055
f 3093 3077 3056
f 3093 3094 3077
f 3111 3112 3093
f 3093 3112 3094
f 3093 3110 3111
f 3093 3109 3110
f 3093 3092 3109
f 3077 3057 3056
f 3094 3081 3077
f 3094 3097 3081
f 3112 3116 3094
f 3094 3116 3097
f 3111 3115 3116
f 3111 3116 3112
f 3115 3111 3132
f 3132 3111 3130
f 3132 3130 3129
f 3132 3129 3131
f 3131 3129 3110
f 3131 3110 3114
f 3114 3110 3113
f 3113 3110 3109
f 3113 3109 3092
f 3113 3092 3096
f 3096 3092 3079
f 3079 3092 3076
f 3079 3076 3059
f 3059 3076 3054
f 3055 3059 3054
f 3055 3060 3059
f 3077 3081 3062
f 3077 3062 3057
f 3057 3062 3061
f 3057 3061 3056
f 3056 3061 3060
f 3056 3060 3055
f 3130 3111 3110
f 3130 3110 3129
f 3044 3047 3042
f 3042 3047 3067
f 3042 3067 3064
f 3042 3064 3039
f 3039 3064 3059
f 3060 3040 3059
f 3039 3059 3040
f 3059 3064 3067
f 3059 3067 3079
f 3079 3067 3086
f 3102 3096 3086
f 3086 3096 3079
f 3121 3113 3102
f 3102 3113 3096
f 3138 3131 3122
f 3122 3131 3114
f 3122 3114 3121
f 3121 3114 3113
f 3123 3115 3139
f 3139 3115 3132
f 3139 3132 3138
f 3138 3132 3131
f 3124 3116 3123
f 3123 3116 3115
f 3103 3097 3124
f 3124 3097 3116
f 3087 3081 3103
f 3103 3081 3097
f 3068 3072 3067
f 3067 3072 3071
f 3067 3071 3089
f 3067 3089 3086
f 3086 3089 3105
f 3086 3105 3102
f 3102 3105 3125
f 3102 3125 3121
f 3121 3125 3126
f 3121 3126 3122
f 3122 3126 3140
f 3122 3140 3138
f 3138 3140 3141
f 3138 3141 3139
f 3139 3141 3127
f 3139 3127 3123
f 3123 3127 3128
f 3123 3128 3124
f 3124 3128 3107
f 3124 3107 3103
f 3103 3107 3090
f 3103 3090 3087
f 3140 3126 3127
f 3140 3127 3141
f 3087 3090 3074
f 3087 3074 3069
f 3050 2980 3074
f 3074 2980 2981
f 3074 2981 2982
f 3074 3073 3050
f 3125 3105 3126
f 3127 3107 3128
f 3073 3074 3090
f 3072 3089 3071
f 3106 3090 3107
f 3073 3090 3106
f 3106 3072 3073
f 3089 3072 3106
f 3106 3105 3089
f 3126 3105 3106
f 3106 3127 3126
f 3107 3127 3106
f 2886 2901 2883
f 2883 2901 2908
f 2908 2907 2883
f 2883 2907 2904
f 2886 2887 2901
f 2882 2883 2903
f 2903 2883 2904
f 3353 3352 3351
f 3351 3352 3346
f 3351 3346 3345
f 3345 3346 3344
f 3345 3344 3339
f 3339 3344 3330
f 3339 3330 3325
f 3325 3330 3300
f 3325 3300 3296
f 3296 3300 3306
f 3296 3306 3301
f 3301 3306 3312
f 3301 3312 3307
f 3307 3312 3318
f 3307 3318 3313
f 3313 3318 3334
f 3313 3334 3333
f 3333 3334 3350
f 3333 3350 3349
f 3349 3350 3348
f 3349 3348 3347
f 3347 3348 3354
f 3347 3354 3353
f 3353 3354 3352
f 3312 3306 3332
f 3332 3334 3318
f 3332 3318 3312
f 3332 3350 3334
f 3332 3348 3350
f 3332 3354 3348
f 3346 3352 3332
f 3332 3352 3354
f 3332 3344 3346
f 3332 3330 3344
f 3306 3300 3332
f 3332 3300 3330
f 3307 3331 3301
f 3331 3325 3296
f 3331 3296 3301
f 3331 3339 3325
f 3331 3345 3339
f 3353 3351 3331
f 3331 3351 3345
f 3347 3353 3331
f 3331 3349 3347
f 3331 3333 3349
f 3307 3313 3331
f 3331 3313 3333
f 3176 3199 3198
f 3198 3175 3176
f 3176 3194 3199
f 3145 3151 3150
f 3151 3145 3146
f 3151 3146 3147
f 3151 3147 3152
f 3194 3195 3176
f 3177 3176 3195
f 3299 3329 3300
f 3300 3329 3330
f 3279 3306 3283
f 3283 3306 3312
f 3287 3317 3291
f 3291 3317 3316
f 3291 3316 3320
f 3291 3320 3290
f 3344 3330 3343
f 3330 3329 3343
f 3343 3329 3324
f 3343 3324 3338
f 3338 3324 3337
f 3337 3324 3323
f 3323 3294 3270
f 3145 3156 3157
f 3145 3157 3146
f 3146 3157 3147
f 3157 3158 3147
f 3160 3152 3147
f 3160 3147 3158
f 3170 3189 3172
f 3172 3189 3191
f 3177 3195 3194
f 3177 3194 3176
f 3220 3198 3199
f 3220 3199 3221
f 3283 3282 3279
f 3279 3282 3278
f 3279 3278 3306
f 3306 3278 3305
f 3312 3311 3282
f 3312 3282 3283
f 3287 3291 3286
f 3290 3286 3291
f 3299 3300 3305
f 3305 3300 3306
f 3327 3330 3328
f 3300 3330 3298
f 3298 3330 3327
f 3306 3300 3303
f 3303 3300 3298
f 3304 3306 3303
f 3306 3304 3312
f 3312 3304 3310
f 3309 3312 3310
f 3309 3311 3312
f 3311 3309 3315
f 3311 3315 3317
f 3317 3315 3316
f 3317 3316 3320
f 3343 3338 3341
f 3341 3338 3337
f 3342 3344 3343
f 3342 3343 3341
f 3342 3328 3344
f 3344 3328 3330
f 3186 3187 3168
f 3249 3271 3274
f 3249 3274 3252
f 3248 3270 3249
f 3249 3270 3271
f 3165 3157 3164
f 3164 3157 3156
f 3158 3157 3165
f 3166 3158 3165
f 3166 3160 3158
f 3207 3168 3187
f 3170 3168 3207
f 3209 3170 3207
f 3209 3189 3170
f 3213 3189 3209
f 3172 3191 3213
f 3213 3191 3189
f 3212 3172 3213
f 3177 3172 3212
f 3177 3216 3176
f 3216 3177 3212
f 3216 3194 3176
f 3221 3199 3216
f 3216 3199 3194
f 3287 3311 3317
f 3256 3278 3282
f 3256 3282 3260
f 3252 3274 3256
f 3256 3274 3278
f 3207 3187 3206
f 3228 3207 3206
f 3228 3206 3225
f 3206 3187 3186
f 3186 3182 3203
f 3202 3224 3203
f 3203 3224 3225
f 3203 3182 3202
f 3202 3182 3181
f 3206 3186 3203
f 3206 3203 3225
f 3164 3181 3165
f 3165 3181 3182
f 3165 3182 3186
f 3165 3186 3166
f 3166 3186 3168
f 3166 3168 3160
f 3240 3245 3216
f 3240 3216 3236
f 3207 3228 3229
f 3207 3229 3209
f 3209 3229 3233
f 3209 3233 3232
f 3209 3232 3212
f 3212 3232 3236
f 3212 3236 3216
f 3244 3220 3245
f 3245 3220 3221
f 3245 3221 3216
f 3212 3213 3209
f 3263 3287 3267
f 3267 3287 3266
f 3266 3287 3286
f 3266 3286 3290
f 3263 3260 3287
f 3260 3282 3287
f 3287 3282 3311
f 3266 3244 3267
f 3267 3244 3245
f 3267 3245 3263
f 3263 3245 3240
f 3263 3240 3260
f 3260 3240 3236
f 3260 3236 3282
f 3224 3248 3225
f 3225 3248 3249
f 3225 3249 3228
f 3228 3249 3252
f 3228 3252 3229
f 3229 3252 3233
f 3233 3252 3256
f 3233 3256 3232
f 3232 3256 3236
f 3236 3256 3260
f 3164 3156 3181
f 3305 3278 3274
f 3299 3305 3274
f 3270 3294 3295
f 3299 3274 3295
f 3295 3274 3271
f 3295 3271 3270
f 3329 3299 3324
f 3324 3299 3295
f 3324 3295 3323
f 3323 3295 3294
f 3198 3197 3175
f 3197 3196 3175
f 3175 3196 3174
f 3174 3196 3193
f 3143 3144 3149
f 3149 3144 3150
f 3150 3144 3145
f 3149 3148 3142
f 3149 3142 3143
f 3192 3193 3173
f 3173 3193 3174
f 3326 3297 3325
f 3325 3297 3296
f 3335 3321 3340
f 3340 3321 3326
f 3321 3335 3336
f 3321 3336 3322
f 3323 3293 3322
f 3323 3322 3337
f 3337 3322 3336
f 3293 3323 3269
f 3269 3323 3270
f 3269 3270 3248
f 3269 3248 3247
f 3247 3248 3224
f 3247 3224 3223
f 3156 3180 3181
f 3181 3180 3201
f 3181 3201 3202
f 3202 3201 3224
f 3224 3201 3223
f 3156 3155 3180
f 3155 3144 3143
f 3155 3143 3154
f 3142 3153 3154
f 3142 3154 3143
f 3188 3169 3171
f 3171 3190 3188
f 3197 3219 3196
f 3196 3219 3218
f 3219 3197 3198
f 3219 3198 3220
f 3153 3142 3148
f 3153 3148 3159
f 3144 3155 3156
f 3144 3156 3145
f 3340 3326 3325
f 3340 3325 3339
f 3280 3307 3301
f 3280 3301 3276
f 3314 3284 3288
f 3314 3288 3315
f 3315 3288 3319
f 3319 3288 3289
f 3289 3290 3319
f 3319 3290 3320
f 3296 3297 3301
f 3301 3297 3302
f 3301 3302 3276
f 3302 3277 3276
f 3276 3277 3280
f 3277 3281 3280
f 3280 3281 3307
f 3307 3281 3308
f 3288 3284 3285
f 3288 3285 3289
f 3289 3285 3290
f 3290 3285 3286
f 3325 3296 3298
f 3314 3315 3308
f 3308 3315 3309
f 3309 3307 3308
f 3310 3307 3309
f 3304 3301 3310
f 3310 3301 3307
f 3301 3304 3303
f 3298 3296 3303
f 3303 3296 3301
f 3327 3325 3298
f 3328 3325 3327
f 3315 3319 3316
f 3316 3319 3320
f 3340 3339 3342
f 3341 3337 3336
f 3341 3336 3335
f 3335 3340 3341
f 3341 3340 3342
f 3328 3342 3339
f 3325 3328 3339
f 3244 3266 3265
f 3277 3255 3281
f 3281 3255 3259
f 3284 3308 3281
f 3290 3289 3266
f 3215 3193 3196
f 3215 3196 3218
f 3174 3193 3215
f 3215 3173 3174
f 3173 3215 3211
f 3173 3211 3171
f 3171 3211 3210
f 3190 3171 3210
f 3208 3188 3210
f 3210 3188 3190
f 3167 3169 3184
f 3184 3169 3188
f 3153 3159 3161
f 3161 3159 3167
f 3162 3153 3161
f 3154 3153 3162
f 3163 3155 3154
f 3269 3247 3246
f 3246 3268 3269
f 3251 3273 3246
f 3246 3273 3268
f 3242 3239 3215
f 3235 3215 3239
f 3220 3244 3219
f 3219 3244 3243
f 3219 3243 3218
f 3218 3243 3242
f 3218 3242 3215
f 3235 3211 3215
f 3210 3211 3235
f 3210 3235 3208
f 3208 3235 3231
f 3226 3204 3230
f 3230 3204 3208
f 3230 3208 3231
f 3204 3226 3227
f 3204 3227 3205
f 3205 3227 3200
f 3200 3227 3222
f 3204 3184 3208
f 3208 3184 3188
f 3205 3184 3204
f 3179 3162 3185
f 3185 3162 3161
f 3185 3161 3167
f 3185 3167 3184
f 3154 3162 3163
f 3163 3162 3179
f 3163 3179 3180
f 3180 3179 3200
f 3180 3200 3201
f 3201 3200 3222
f 3201 3222 3223
f 3200 3179 3205
f 3205 3179 3185
f 3205 3185 3184
f 3247 3223 3246
f 3246 3223 3222
f 3246 3222 3251
f 3251 3222 3227
f 3251 3227 3226
f 3266 3289 3265
f 3265 3289 3285
f 3265 3285 3264
f 3264 3285 3284
f 3264 3284 3262
f 3281 3259 3284
f 3243 3244 3265
f 3243 3265 3242
f 3242 3265 3264
f 3242 3264 3239
f 3239 3264 3262
f 3239 3262 3235
f 3314 3308 3284
f 3262 3284 3259
f 3262 3259 3235
f 3235 3259 3231
f 3231 3259 3255
f 3231 3255 3230
f 3230 3255 3277
f 3230 3277 3226
f 3226 3277 3273
f 3226 3273 3251
f 3155 3163 3180
f 3273 3302 3297
f 3277 3302 3273
f 3293 3269 3268
f 3273 3297 3268
f 3268 3297 3292
f 3268 3292 3293
f 3297 3326 3292
f 3292 3326 3321
f 3292 3321 3293
f 3293 3321 3322
f 3173 3172 3177
f 3177 3176 3175
f 3177 3175 3173
f 3173 3175 3174
f 3148 3149 3159
f 3159 3149 3150
f 3151 3152 3160
f 3151 3160 3150
f 3150 3160 3159
f 3168 3167 3160
f 3160 3167 3159
f 3170 3169 3167
f 3170 3167 3168
f 3172 3171 3170
f 3170 3171 3169
f 3171 3172 3173
f 3253 3274 3275
f 3274 3253 3252
f 3252 3271 3274
f 3213 3191 3209
f 3209 3191 3189
f 3213 3177 3172
f 3194 3195 3216
f 3216 3195 3217
f 3217 3195 3177
f 3283 3261 3279
f 3279 3261 3257
f 3253 3275 3257
f 3257 3275 3279
f 3271 3252 3249
f 3249 3252 3225
f 3203 3228 3207
f 3183 3203 3187
f 3187 3203 3207
f 3166 3183 3168
f 3168 3183 3187
f 3165 3182 3166
f 3244 3243 3220
f 3244 3220 3221
f 3244 3221 3245
f 3209 3233 3213
f 3213 3233 3237
f 3290 3266 3291
f 3291 3266 3267
f 3291 3267 3287
f 3217 3213 3237
f 3217 3237 3241
f 3241 3237 3261
f 3241 3261 3263
f 3263 3261 3287
f 3213 3217 3177
f 3263 3240 3241
f 3241 3240 3216
f 3241 3216 3217
f 3166 3182 3183
f 3183 3182 3203
f 3203 3225 3228
f 3228 3225 3252
f 3229 3252 3253
f 3229 3253 3233
f 3233 3253 3257
f 3233 3257 3237
f 3237 3257 3261
f 3237 3261 3283
f 3261 3283 3287
f 3287 3283 3312
f 3287 3312 3311
f 3275 3300 3306
f 3275 3306 3279
f 3300 3275 3299
f 3299 3275 3274
f 3299 3274 3271
f 3299 3271 3295
f 3295 3271 3294
f 3294 3271 3270
f 3258 3280 3254
f 3254 3280 3276
f 3284 3308 3280
f 3280 3308 3307
f 3215 3192 3193
f 3214 3173 3215
f 3215 3173 3192
f 3210 3171 3214
f 3214 3171 3173
f 3161 3153 3167
f 3167 3153 3159
f 3251 3273 3268
f 3251 3268 3246
f 3250 3273 3251
f 3250 3272 3273
f 3243 3219 3220
f 3234 3210 3238
f 3238 3210 3214
f 3238 3214 3239
f 3239 3214 3215
f 3230 3208 3234
f 3234 3208 3210
f 3227 3200 3204
f 3200 3179 3178
f 3200 3178 3204
f 3204 3178 3184
f 3179 3162 3161
f 3179 3161 3178
f 3178 3161 3184
f 3184 3161 3167
f 3251 3227 3250
f 3250 3227 3226
f 3265 3289 3264
f 3264 3289 3288
f 3264 3288 3262
f 3262 3288 3284
f 3262 3284 3258
f 3258 3284 3280
f 3239 3262 3238
f 3238 3262 3258
f 3238 3258 3234
f 3234 3258 3230
f 3230 3258 3254
f 3230 3254 3276
f 3230 3276 3226
f 3226 3276 3272
f 3226 3272 3250
f 3301 3296 3272
f 3272 3276 3301
f 3296 3297 3326
f 3272 3296 3273
f 3273 3296 3297
f 3268 3292 3269
f 3269 3292 3293
f 3469 3467 3468
f 3469 3468 3492
f 3492 3491 3466
f 3492 3466 3469
f 3469 3470 3467
f 3491 3492 3513
f 3513 3492 3514
f 3513 3514 3531
f 3531 3514 3532
f 3531 3532 3549
f 3549 3565 3564
f 3564 3548 3549
f 3549 3548 3531
f 3581 3580 3563
f 3563 3580 3562
f 3562 3564 3563
f 3563 3564 3565
f 3591 3590 3575
f 3575 3590 3574
f 3572 3573 3588
f 3588 3573 3589
f 3573 3572 3556
f 3573 3556 3557
f 3590 3603 3589
f 3589 3611 3610
f 3589 3610 3606
f 3589 3609 3613
f 3613 3612 3589
f 3589 3606 3601
f 3575 3574 3558
f 3575 3558 3559
f 3603 3602 3589
f 3589 3602 3609
f 3589 3612 3611
f 3601 3600 3589
f 3507 3508 3526
f 3507 3526 3525
f 3541 3557 3556
f 3559 3558 3542
f 3559 3542 3543
f 3543 3542 3525
f 3543 3525 3526
f 3556 3540 3541
f 3541 3540 3524
f 3524 3540 3523
f 3524 3523 3502
f 3502 3523 3501
f 3592 3593 3590
f 3592 3590 3589
f 3593 3592 3578
f 3578 3592 3577
f 3578 3577 3579
f 3579 3577 3581
f 3581 3577 3576
f 3581 3576 3580
f 3473 3481 3480
f 3473 3480 3472
f 3450 3449 3441
f 3442 3450 3441
f 3443 3444 3451
f 3451 3444 3452
f 3476 3477 3483
f 3476 3483 3482
f 3472 3392 3473
f 3473 3392 3393
f 3473 3393 3481
f 3481 3393 3401
f 3481 3401 3480
f 3480 3401 3400
f 3480 3400 3472
f 3472 3400 3392
f 3481 3441 3473
f 3504 3442 3481
f 3481 3442 3441
f 3504 3450 3442
f 3504 3505 3450
f 3450 3505 3451
f 3505 3443 3451
f 3482 3444 3505
f 3505 3444 3443
f 3476 3444 3482
f 3476 3396 3477
f 3477 3396 3397
f 3477 3397 3483
f 3483 3397 3403
f 3483 3403 3482
f 3482 3403 3402
f 3482 3402 3476
f 3476 3402 3396
f 3445 3444 3402
f 3445 3402 3403
f 3452 3449 3451
f 3451 3449 3450
f 3401 3441 3440
f 3401 3440 3400
f 3406 3413 3412
f 3407 3413 3406
f 3408 3409 3415
f 3414 3408 3415
f 3458 3414 3459
f 3459 3414 3415
f 3456 3412 3457
f 3457 3412 3413
f 3441 3401 3393
f 3441 3393 3473
f 3481 3473 3495
f 3503 3481 3495
f 3504 3481 3503
f 3504 3503 3496
f 3496 3503 3495
f 3474 3496 3495
f 3473 3474 3495
f 3474 3475 3496
f 3496 3475 3497
f 3496 3497 3504
f 3504 3497 3505
f 3482 3505 3506
f 3506 3505 3498
f 3498 3505 3497
f 3482 3506 3498
f 3476 3482 3498
f 3476 3498 3497
f 3476 3497 3475
f 3402 3444 3396
f 3396 3444 3476
f 3453 3452 3444
f 3453 3444 3445
f 3440 3441 3448
f 3448 3441 3449
f 3448 3449 3453
f 3453 3449 3452
f 3462 3418 3456
f 3456 3418 3412
f 3448 3406 3412
f 3448 3412 3456
f 3407 3406 3449
f 3449 3406 3448
f 3457 3413 3407
f 3457 3407 3449
f 3452 3408 3414
f 3452 3414 3458
f 3409 3408 3453
f 3453 3408 3452
f 3459 3415 3409
f 3459 3409 3453
f 3415 3419 3463
f 3415 3463 3459
f 3419 3418 3463
f 3463 3418 3462
f 3462 3456 3457
f 3459 3463 3458
f 3462 3457 3458
f 3462 3458 3463
f 3425 3424 3419
f 3419 3424 3423
f 3419 3423 3418
f 3418 3423 3422
f 3382 3368 3440
f 3382 3440 3448
f 3382 3448 3386
f 3382 3400 3368
f 3368 3400 3440
f 3360 3382 3368
f 3360 3376 3382
f 3376 3360 3392
f 3361 3393 3360
f 3360 3393 3392
f 3473 3393 3361
f 3473 3361 3474
f 3474 3361 3362
f 3362 3363 3474
f 3474 3363 3475
f 3364 3396 3476
f 3364 3476 3363
f 3363 3476 3475
f 3369 3383 3365
f 3365 3383 3379
f 3379 3397 3365
f 3365 3397 3364
f 3364 3397 3396
f 3383 3369 3403
f 3403 3369 3445
f 3453 3445 3387
f 3387 3445 3383
f 3383 3445 3369
f 3386 3448 3406
f 3412 3386 3406
f 3453 3387 3409
f 3387 3415 3409
f 3415 3416 3419
f 3419 3416 3420
f 3416 3415 3460
f 3460 3415 3459
f 3411 3412 3418
f 3411 3418 3417
f 3453 3454 3459
f 3459 3454 3460
f 3412 3411 3455
f 3412 3455 3456
f 3447 3448 3456
f 3447 3456 3455
f 3449 3452 3457
f 3452 3458 3457
f 3412 3411 3405
f 3412 3405 3386
f 3405 3385 3386
f 3386 3385 3382
f 3382 3385 3367
f 3382 3367 3368
f 3358 3364 3363
f 3358 3363 3357
f 3355 3356 3362
f 3355 3362 3361
f 3368 3367 3360
f 3370 3369 3365
f 3370 3365 3366
f 3362 3356 3363
f 3363 3356 3357
f 3360 3367 3359
f 3383 3369 3370
f 3383 3370 3387
f 3387 3370 3388
f 3416 3415 3410
f 3410 3415 3387
f 3410 3387 3388
f 3410 3409 3416
f 3416 3409 3415
f 3406 3448 3405
f 3405 3448 3447
f 3411 3412 3406
f 3411 3406 3405
f 3417 3418 3412
f 3417 3412 3411
f 3392 3400 3391
f 3391 3400 3399
f 3382 3399 3400
f 3382 3381 3399
f 3381 3382 3375
f 3382 3376 3375
f 3383 3380 3379
f 3380 3383 3384
f 3403 3384 3383
f 3403 3404 3384
f 3403 3398 3404
f 3403 3397 3398
f 3453 3409 3454
f 3454 3409 3410
f 3418 3422 3421
f 3422 3423 3421
f 3418 3421 3417
f 3417 3461 3455
f 3455 3461 3487
f 3411 3417 3455
f 3455 3487 3485
f 3485 3447 3455
f 3485 3487 3511
f 3479 3485 3501
f 3501 3485 3509
f 3511 3509 3485
f 3510 3486 3508
f 3484 3508 3486
f 3486 3510 3512
f 3486 3512 3488
f 3420 3416 3460
f 3488 3464 3460
f 3460 3454 3486
f 3420 3460 3464
f 3486 3488 3460
f 3426 3424 3425
f 3426 3419 3420
f 3425 3419 3426
f 3527 3529 3544
f 3562 3560 3544
f 3501 3509 3527
f 3527 3509 3511
f 3524 3502 3501
f 3524 3523 3541
f 3541 3523 3540
f 3546 3562 3544
f 3511 3529 3546
f 3527 3511 3529
f 3529 3511 3544
f 3544 3511 3546
f 3592 3589 3573
f 3577 3592 3573
f 3577 3573 3557
f 3557 3541 3560
f 3557 3560 3577
f 3577 3560 3576
f 3524 3501 3523
f 3523 3501 3527
f 3523 3527 3540
f 3540 3527 3544
f 3540 3544 3541
f 3541 3544 3560
f 3576 3560 3562
f 3576 3562 3580
f 3573 3572 3589
f 3584 3585 3569
f 3613 3609 3608
f 3613 3608 3612
f 3606 3610 3607
f 3607 3610 3611
f 3588 3589 3572
f 3590 3587 3599
f 3590 3599 3603
f 3574 3571 3587
f 3590 3574 3587
f 3585 3597 3598
f 3598 3586 3585
f 3569 3585 3586
f 3596 3584 3595
f 3595 3584 3583
f 3584 3596 3585
f 3585 3596 3597
f 3568 3584 3569
f 3567 3583 3568
f 3568 3583 3584
f 3601 3594 3600
f 3600 3594 3582
f 3600 3582 3589
f 3607 3611 3608
f 3608 3611 3612
f 3603 3599 3602
f 3602 3599 3598
f 3602 3598 3608
f 3608 3598 3597
f 3608 3597 3605
f 3608 3605 3607
f 3607 3605 3604
f 3607 3604 3596
f 3607 3596 3601
f 3601 3596 3595
f 3601 3595 3594
f 3587 3586 3598
f 3595 3583 3582
f 3599 3587 3598
f 3605 3597 3604
f 3604 3597 3596
f 3594 3595 3582
f 3609 3602 3608
f 3606 3607 3601
f 3589 3582 3573
f 3573 3582 3566
f 3586 3570 3569
f 3571 3570 3587
f 3587 3570 3586
f 3582 3583 3566
f 3566 3583 3567
f 3551 3535 3534
f 3554 3538 3537
f 3385 3381 3367
f 3384 3388 3370
f 3485 3479 3447
f 3439 3392 3391
f 3439 3391 3399
f 3431 3432 3392
f 3397 3437 3438
f 3397 3438 3398
f 3438 3404 3398
f 3372 3373 3357
f 3357 3373 3358
f 3358 3373 3374
f 3358 3374 3364
f 3364 3374 3378
f 3364 3378 3365
f 3365 3378 3379
f 3372 3389 3373
f 3373 3389 3390
f 3373 3390 3396
f 3373 3396 3378
f 3378 3396 3397
f 3378 3397 3379
f 3390 3395 3396
f 3384 3370 3380
f 3380 3370 3366
f 3380 3366 3379
f 3379 3366 3365
f 3410 3388 3384
f 3404 3410 3384
f 3429 3435 3430
f 3475 3435 3474
f 3474 3435 3429
f 3395 3435 3396
f 3396 3435 3436
f 3396 3436 3397
f 3397 3436 3437
f 3404 3446 3410
f 3410 3446 3454
f 3486 3454 3484
f 3446 3404 3438
f 3446 3484 3454
f 3435 3475 3436
f 3436 3475 3476
f 3436 3476 3437
f 3437 3476 3477
f 3437 3477 3478
f 3437 3478 3438
f 3438 3478 3446
f 3446 3478 3484
f 3543 3526 3539
f 3539 3526 3522
f 3539 3522 3521
f 3539 3521 3538
f 3538 3521 3520
f 3575 3559 3574
f 3574 3559 3558
f 3574 3558 3571
f 3571 3558 3555
f 3571 3555 3570
f 3570 3555 3554
f 3538 3554 3539
f 3539 3554 3555
f 3539 3555 3543
f 3543 3555 3558
f 3543 3558 3559
f 3517 3495 3516
f 3516 3495 3494
f 3516 3494 3515
f 3515 3494 3493
f 3515 3493 3523
f 3523 3493 3501
f 3526 3508 3522
f 3522 3508 3500
f 3522 3500 3521
f 3521 3500 3499
f 3521 3499 3520
f 3520 3499 3498
f 3520 3498 3519
f 3519 3498 3497
f 3519 3497 3518
f 3518 3497 3496
f 3518 3496 3517
f 3517 3496 3495
f 3567 3551 3566
f 3566 3551 3550
f 3566 3550 3573
f 3573 3550 3557
f 3540 3556 3557
f 3540 3557 3533
f 3533 3557 3550
f 3533 3550 3534
f 3534 3550 3551
f 3569 3553 3568
f 3568 3553 3552
f 3568 3552 3567
f 3567 3552 3551
f 3569 3570 3554
f 3569 3554 3553
f 3553 3554 3537
f 3553 3537 3552
f 3552 3537 3536
f 3552 3536 3535
f 3552 3535 3551
f 3535 3517 3534
f 3534 3517 3516
f 3534 3516 3533
f 3533 3516 3515
f 3533 3515 3540
f 3540 3515 3523
f 3385 3405 3399
f 3399 3381 3385
f 3367 3381 3359
f 3359 3381 3375
f 3359 3375 3360
f 3360 3375 3376
f 3439 3399 3447
f 3447 3399 3405
f 3431 3392 3439
f 3361 3360 3376
f 3361 3376 3377
f 3377 3376 3392
f 3377 3392 3393
f 3357 3356 3372
f 3393 3389 3372
f 3393 3372 3371
f 3371 3372 3355
f 3356 3355 3372
f 3374 3373 3378
f 3432 3393 3392
f 3472 3432 3471
f 3471 3432 3431
f 3471 3431 3479
f 3479 3431 3439
f 3479 3439 3447
f 3431 3432 3439
f 3361 3377 3371
f 3393 3432 3433
f 3433 3432 3472
f 3433 3472 3473
f 3433 3473 3434
f 3473 3474 3434
f 3434 3474 3429
f 3429 3430 3390
f 3390 3389 3429
f 3429 3389 3434
f 3434 3389 3394
f 3434 3394 3433
f 3430 3435 3395
f 3430 3395 3390
f 3394 3389 3393
f 3394 3393 3433
f 3538 3520 3537
f 3537 3520 3519
f 3537 3519 3536
f 3536 3519 3518
f 3536 3518 3535
f 3535 3518 3517
f 3495 3473 3494
f 3494 3473 3472
f 3494 3472 3493
f 3493 3472 3471
f 3493 3471 3501
f 3501 3471 3479
f 3508 3484 3500
f 3500 3484 3478
f 3500 3478 3499
f 3499 3478 3477
f 3499 3477 3498
f 3498 3477 3476
f 3393 3371 3377
f 3371 3355 3361
f 3510 3508 3526
f 3510 3528 3530
f 3510 3530 3512
f 3581 3563 3561
f 3581 3561 3579
f 3525 3542 3526
f 3542 3543 3526
f 3526 3528 3510
f 3574 3590 3578
f 3574 3578 3558
f 3558 3578 3561
f 3558 3561 3542
f 3542 3561 3543
f 3543 3561 3545
f 3543 3545 3526
f 3526 3545 3528
f 3545 3561 3563
f 3545 3563 3547
f 3547 3530 3545
f 3545 3530 3528
f 3579 3561 3578
f 3593 3578 3590
f 3424 3426 3423
f 3421 3423 3426
f 3466 3491 3465
f 3421 3427 3466
f 3466 3427 3469
f 3465 3421 3466
f 3417 3421 3461
f 3461 3489 3487
f 3489 3511 3487
f 3531 3548 3546
f 3546 3548 3564
f 3546 3564 3562
f 3531 3546 3529
f 3529 3511 3531
f 3491 3513 3489
f 3491 3489 3465
f 3465 3489 3461
f 3465 3461 3421
f 3489 3513 3511
f 3511 3513 3531
f 3468 3464 3490
f 3490 3488 3512
f 3464 3420 3490
f 3490 3464 3488
f 3468 3426 3464
f 3428 3426 3468
f 3468 3467 3428
f 3428 3467 3470
f 3530 3547 3532
f 3530 3532 3512
f 3563 3565 3547
f 3547 3565 3549
f 3547 3549 3532
f 3492 3468 3490
f 3492 3490 3514
f 3512 3532 3514
f 3512 3514 3490
f 3420 3464 3426
f 3421 3426 3428
f 3470 3427 3421
f 3470 3421 3428
f 3470 3469 3427
f 3621 3751 3743
f 3648 3621 3743
f 3743 3742 3648
f 3742 3647 3648
f 3751 3621 3750
f 3750 3621 3620
f 3616 3746 3618
f 3618 3746 3748
f 3618 3748 3619
f 3619 3748 3749
f 3619 3749 3620
f 3620 3749 3750
f 3630 3656 3651
f 3630 3651 3672
f 3630 3672 3686
f 3630 3704 3720
f 3630 3625 3656
f 3686 3699 3630
f 3630 3699 3704
f 3630 3720 3725
f 3744 3614 3615
f 3615 3745 3744
f 3745 3615 3634
f 3745 3634 3729
f 3729 3634 3629
f 3729 3629 3724
f 3724 3629 3630
f 3724 3630 3725
f 3614 3744 3617
f 3617 3744 3747
f 3617 3747 3746
f 3617 3746 3616
f 3668 3647 3742
f 3742 3716 3668
f 3716 3667 3668
f 3667 3716 3715
f 3667 3696 3682
f 3667 3715 3696
f 3711 3693 3712
f 3716 3696 3715
f 3695 3681 3682
f 3682 3696 3695
f 3712 3713 3736
f 3711 3712 3733
f 3733 3712 3736
f 3710 3711 3730
f 3730 3711 3733
f 3730 3733 3731
f 3731 3733 3734
f 3694 3713 3712
f 3712 3693 3694
f 3711 3710 3693
f 3680 3694 3693
f 3721 3707 3706
f 3706 3707 3701
f 3700 3706 3701
f 3702 3697 3684
f 3702 3684 3701
f 3701 3684 3688
f 3691 3678 3692
f 3692 3678 3679
f 3691 3677 3678
f 3676 3689 3690
f 3676 3675 3689
f 3689 3675 3677
f 3689 3677 3691
f 3684 3683 3688
f 3690 3706 3687
f 3687 3706 3700
f 3688 3674 3673
f 3687 3688 3673
f 3674 3688 3669
f 3669 3688 3683
f 3669 3683 3670
f 3670 3683 3684
f 3687 3673 3690
f 3690 3673 3676
f 3746 3747 3728
f 3728 3747 3744
f 3689 3705 3708
f 3731 3710 3730
f 3732 3727 3726
f 3690 3689 3705
f 3708 3710 3709
f 3709 3710 3731
f 3709 3731 3726
f 3727 3722 3721
f 3721 3722 3707
f 3707 3722 3701
f 3723 3722 3727
f 3723 3727 3728
f 3726 3727 3721
f 3706 3709 3721
f 3721 3709 3726
f 3723 3718 3717
f 3717 3718 3701
f 3722 3723 3717
f 3717 3701 3722
f 3702 3701 3718
f 3708 3709 3706
f 3688 3687 3700
f 3688 3700 3701
f 3728 3727 3746
f 3746 3727 3732
f 3746 3732 3748
f 3748 3732 3735
f 3751 3750 3739
f 3739 3750 3737
f 3713 3714 3738
f 3738 3714 3740
f 3738 3740 3739
f 3739 3740 3741
f 3680 3681 3694
f 3694 3681 3695
f 3695 3696 3714
f 3714 3696 3716
f 3714 3716 3740
f 3740 3716 3742
f 3740 3742 3741
f 3741 3742 3743
f 3750 3749 3737
f 3737 3749 3735
f 3737 3735 3734
f 3734 3735 3731
f 3737 3738 3739
f 3734 3738 3737
f 3749 3748 3735
f 3735 3732 3731
f 3731 3732 3726
f 3708 3706 3705
f 3705 3706 3690
f 3693 3692 3679
f 3693 3679 3680
f 3743 3751 3741
f 3741 3751 3739
f 3734 3733 3738
f 3738 3733 3736
f 3738 3736 3713
f 3714 3713 3695
f 3695 3713 3694
f 3692 3693 3710
f 3692 3710 3691
f 3691 3710 3708
f 3691 3708 3689
f 3698 3704 3699
f 3698 3699 3685
f 3685 3699 3686
f 3704 3698 3703
f 3719 3720 3703
f 3704 3703 3720
f 3744 3745 3728
f 3728 3745 3729
f 3702 3718 3719
f 3697 3698 3684
f 3685 3684 3698
f 3698 3697 3703
f 3703 3697 3702
f 3729 3724 3723
f 3729 3723 3728
f 3723 3724 3718
f 3724 3725 3719
f 3725 3720 3719
f 3719 3703 3702
f 3685 3684 3671
f 3719 3718 3724
f 3614 3617 3616
f 3668 3667 3682
f 3665 3666 3680
f 3666 3681 3680
f 3664 3663 3641
f 3641 3663 3638
f 3663 3662 3638
f 3638 3662 3635
f 3638 3635 3636
f 3638 3636 3639
f 3627 3659 3653
f 3635 3662 3636
f 3662 3660 3636
f 3636 3660 3661
f 3636 3661 3631
f 3652 3653 3658
f 3658 3653 3659
f 3658 3659 3626
f 3626 3659 3627
f 3677 3660 3678
f 3678 3660 3662
f 3678 3662 3663
f 3679 3678 3663
f 3679 3663 3664
f 3680 3679 3664
f 3680 3664 3665
f 3657 3660 3677
f 3657 3677 3675
f 3658 3657 3675
f 3658 3675 3676
f 3658 3661 3660
f 3658 3660 3657
f 3653 3652 3673
f 3653 3673 3674
f 3628 3633 3632
f 3632 3633 3637
f 3674 3669 3653
f 3627 3628 3632
f 3623 3653 3654
f 3649 3654 3653
f 3649 3653 3670
f 3669 3670 3674
f 3674 3670 3653
f 3653 3622 3627
f 3637 3616 3640
f 3640 3616 3618
f 3640 3618 3642
f 3642 3618 3619
f 3642 3619 3644
f 3644 3619 3620
f 3644 3620 3621
f 3644 3621 3646
f 3646 3621 3648
f 3666 3665 3645
f 3645 3665 3643
f 3645 3643 3644
f 3645 3644 3646
f 3682 3681 3666
f 3682 3666 3668
f 3668 3666 3645
f 3668 3645 3647
f 3647 3645 3646
f 3647 3646 3648
f 3626 3627 3631
f 3631 3627 3632
f 3640 3639 3637
f 3631 3661 3658
f 3652 3658 3676
f 3652 3676 3673
f 3626 3631 3658
f 3644 3643 3642
f 3642 3643 3639
f 3665 3664 3641
f 3665 3641 3643
f 3643 3641 3638
f 3643 3638 3639
f 3622 3653 3623
f 3622 3623 3628
f 3622 3628 3627
f 3631 3632 3636
f 3636 3632 3637
f 3640 3642 3639
f 3633 3614 3616
f 3633 3616 3637
f 3636 3637 3639
f 3615 3614 3633
f 3656 3625 3624
f 3656 3624 3655
f 3671 3651 3650
f 3650 3651 3656
f 3650 3656 3655
f 3671 3672 3651
f 3685 3686 3672
f 3672 3671 3685
f 3630 3629 3625
f 3625 3629 3624
f 3634 3615 3633
f 3634 3633 3629
f 3629 3633 3628
f 3684 3685 3670
f 3670 3685 3671
f 3650 3670 3671
f 3650 3655 3654
f 3650 3654 3649
f 3650 3649 3670
f 3628 3623 3629
f 3629 3623 3624
f 3623 3654 3655
f 3624 3623 3655
f 3962 4054 3982
f 3982 4054 4049
f 3962 3940 4023
f 3962 4023 4054
f 4119 4120 4042
f 4042 4120 4164
f 4042 4164 4165
f 4040 4075 4041
f 4041 4075 4076
f 4003 4041 4042
f 4042 4041 4119
f 4076 4114 4041
f 4041 4114 4115
f 4041 4115 4116
f 4117 4118 4041
f 4041 4118 4119
f 3752 3878 3851
f 3761 4171 3762
f 3762 4171 3763
f 3763 4171 4172
f 3759 4168 3760
f 3760 4168 4169
f 3760 4169 3761
f 3761 4169 4170
f 3761 4170 4171
f 4041 4116 4117
f 3851 3753 3752
f 3852 3753 3851
f 3756 3755 3852
f 3852 3755 3754
f 3852 3754 3753
f 3852 4042 3756
f 3756 4042 4165
f 3756 4165 3757
f 3757 4165 4166
f 3757 4166 3758
f 3758 4166 4167
f 3758 4167 3759
f 3759 4167 4168
f 3982 4049 4051
f 4052 4051 4049
f 3833 3891 3887
f 4052 4046 4010
f 3883 3765 3776
f 3883 3789 3802
f 3887 3802 3833
f 3833 3802 3815
f 4022 4052 4016
f 4016 4052 4010
f 4016 4010 3887
f 3887 4010 3883
f 3887 3883 3802
f 3776 3789 3883
f 3815 3826 3833
f 3833 3826 3840
f 3878 3752 3853
f 3878 3853 3883
f 3765 3831 3853
f 3752 3765 3853
f 3765 3883 3831
f 4046 4041 4010
f 4010 4041 4003
f 4040 4041 4045
f 4045 4041 4046
f 4046 4052 4051
f 4045 4044 4043
f 4045 4043 4040
f 4051 4049 4050
f 4051 4050 4045
f 4051 4045 4046
f 4050 4047 4045
f 4045 4047 4044
f 3895 3894 3919
f 3918 3917 3940
f 3895 3890 3891
f 3895 3891 3896
f 3854 3857 3891
f 3891 3857 3896
f 3833 3840 3854
f 3840 3857 3854
f 4107 4062 4063
f 3987 3988 4030
f 3782 3795 3781
f 3842 3843 3860
f 3843 3844 3861
f 3905 3929 3928
f 3992 3970 3971
f 4061 4027 4071
f 3755 3779 3767
f 3756 3757 3768
f 3901 3900 3868
f 3983 3984 4024
f 3983 4024 4023
f 4023 4024 4055
f 4023 4055 4054
f 4092 4050 4049
f 4075 4077 4078
f 4115 4114 4078
f 4078 4114 4076
f 4078 4076 4075
f 4167 4176 4168
f 4168 4176 4177
f 4168 4177 4169
f 4172 4180 4173
f 4173 4180 4181
f 4101 4091 4152
f 4053 4070 4032
f 3944 3945 3967
f 3924 3945 3944
f 3868 3856 3901
f 3901 3856 3892
f 3838 3839 3855
f 3856 3868 3855
f 3856 3855 3839
f 3788 3801 3800
f 3775 3763 3764
f 3763 3773 3762
f 3762 3773 3772
f 3762 3772 3761
f 3761 3772 3771
f 3761 3771 3760
f 3760 3771 3770
f 3760 3770 3759
f 3759 3770 3769
f 3759 3769 3758
f 3758 3769 3768
f 3758 3768 3757
f 3755 3767 3754
f 3754 3767 3753
f 3767 3766 3753
f 3765 3752 3766
f 3766 3752 3753
f 3790 3802 3789
f 3803 3816 3802
f 3841 3826 3815
f 3841 3815 3827
f 3827 3815 3816
f 3858 3857 3841
f 3841 3857 3840
f 3896 3857 3902
f 3857 3858 3897
f 3857 3897 3902
f 3920 3894 3895
f 3925 3895 3896
f 3920 3919 3894
f 3940 3963 3962
f 3963 3940 3941
f 3941 3940 3917
f 3941 3917 3918
f 3983 3962 3963
f 4130 4126 4125
f 4125 4126 4174
f 4129 4130 4125
f 4129 4125 4124
f 4118 4123 4124
f 4123 4122 4128
f 4128 4122 4127
f 4128 4127 4085
f 4133 4128 4085
f 4133 4085 4089
f 4094 4095 4090
f 4090 4095 4141
f 4141 4142 4134
f 4134 4142 4135
f 4135 4136 4131
f 4089 4094 4090
f 4089 4090 4141
f 4133 4141 4134
f 4133 4134 4129
f 4129 4134 4135
f 4129 4135 4130
f 4130 4135 4131
f 4130 4131 4126
f 4124 4123 4129
f 4129 4123 4128
f 4129 4128 4133
f 4141 4133 4089
f 4127 4122 4082
f 4127 4082 4085
f 4117 4116 4121
f 4116 4115 4121
f 4121 4115 4078
f 4121 4078 4079
f 4079 4078 4081
f 4081 4078 4080
f 4081 4080 4084
f 4093 4088 4087
f 4087 4088 4084
f 4061 4062 4107
f 4061 4107 4106
f 4095 4094 4104
f 4027 4034 4035
f 4080 4083 4084
f 4084 4083 4086
f 4084 4086 4087
f 4087 4086 4093
f 4093 4086 4092
f 4103 4093 4102
f 4057 4058 4056
f 4056 4058 4103
f 4056 4103 4102
f 4093 4050 4102
f 4102 4050 4056
f 4056 4050 4055
f 4093 4092 4050
f 4050 4049 4055
f 4054 4055 4049
f 4056 4055 4057
f 4094 4093 4103
f 4094 4103 4104
f 4104 4103 4058
f 4104 4058 4059
f 4059 4058 4025
f 4025 4058 4057
f 4057 4055 4024
f 4057 4024 4025
f 4025 4024 3985
f 3985 4024 3984
f 3928 3929 3949
f 3949 3929 3950
f 3949 3950 3971
f 3905 3928 3904
f 3904 3928 3927
f 3904 3927 3903
f 3971 3970 3949
f 3949 3970 3948
f 3949 3948 3927
f 3949 3927 3928
f 3860 3843 3861
f 3860 3861 3869
f 3869 3861 3870
f 3869 3870 3904
f 3904 3870 3905
f 3904 3903 3869
f 3869 3903 3859
f 3869 3859 3860
f 3860 3859 3842
f 3926 3927 3947
f 3947 3927 3948
f 3947 3948 3969
f 3969 3948 3970
f 3969 3970 3991
f 3991 3970 3992
f 3991 3992 3986
f 3902 3903 3926
f 3926 3903 3927
f 3858 3859 3897
f 3897 3859 3903
f 3897 3903 3902
f 3841 3842 3858
f 3818 3819 3829
f 3829 3819 3830
f 3829 3830 3843
f 3843 3830 3844
f 3817 3818 3828
f 3828 3818 3829
f 3828 3829 3842
f 3842 3829 3843
f 3819 3818 3805
f 3805 3818 3817
f 3805 3817 3804
f 3755 3756 3780
f 3755 3780 3779
f 3779 3780 3792
f 3779 3792 3767
f 3767 3792 3791
f 3816 3817 3827
f 3827 3817 3828
f 3827 3828 3841
f 3841 3828 3842
f 3803 3804 3816
f 3816 3804 3817
f 3792 3804 3791
f 3791 3804 3803
f 3791 3803 3790
f 3791 3778 3767
f 3767 3778 3777
f 3767 3777 3766
f 3766 3777 3776
f 3766 3776 3765
f 3985 3964 3968
f 3968 3964 3942
f 3968 3942 3946
f 3946 3942 3920
f 3946 3920 3925
f 3925 3920 3895
f 3984 3983 3963
f 3984 3963 3985
f 3985 3963 3964
f 3964 3963 3941
f 3964 3941 3942
f 3942 3941 3918
f 3942 3918 3920
f 3920 3918 3919
f 3901 3924 3900
f 3933 3955 3954
f 3954 3955 3977
f 3954 3977 3976
f 3965 3977 3955
f 3934 3955 3933
f 3924 3923 3900
f 3900 3923 3899
f 3900 3899 3868
f 3868 3899 3867
f 3868 3867 3855
f 3855 3867 3838
f 3838 3867 3850
f 3931 3907 3932
f 3974 3951 3952
f 3952 3951 3930
f 4026 3986 4033
f 4033 3986 3992
f 4033 3992 3993
f 3993 3992 3971
f 3993 3971 3972
f 3972 3971 3950
f 3972 3950 3973
f 3974 3973 3951
f 3909 3908 3865
f 3865 3908 3873
f 3865 3873 3864
f 3865 3864 3848
f 3848 3864 3847
f 3848 3847 3835
f 3835 3847 3834
f 3835 3834 3823
f 3862 3844 3845
f 3841 3840 3826
f 3821 3834 3846
f 3846 3834 3847
f 3846 3847 3863
f 3863 3847 3864
f 3863 3864 3872
f 3872 3864 3873
f 3872 3873 3907
f 3907 3873 3908
f 3907 3908 3932
f 3859 3858 3842
f 3861 3844 3862
f 3861 3862 3870
f 3870 3862 3871
f 3870 3871 3905
f 3905 3871 3906
f 3905 3906 3929
f 3929 3906 3930
f 3929 3930 3950
f 3950 3930 3951
f 3950 3951 3973
f 3832 3813 3814
f 3814 3813 3801
f 3850 3837 3838
f 3838 3837 3825
f 3812 3813 3825
f 3825 3813 3838
f 3838 3813 3832
f 3838 3832 3839
f 3924 3944 3923
f 3923 3922 3899
f 3899 3922 3898
f 3899 3898 3867
f 3867 3898 3866
f 3867 3866 3850
f 3850 3866 3849
f 3850 3849 3837
f 3837 3849 3836
f 3837 3836 3825
f 3825 3836 3824
f 3825 3824 3812
f 3812 3824 3811
f 3787 3788 3800
f 3787 3800 3799
f 3799 3811 3798
f 3798 3811 3810
f 3798 3810 3797
f 3797 3810 3809
f 3797 3809 3796
f 3796 3809 3808
f 3796 3808 3795
f 3846 3845 3821
f 3821 3845 3820
f 3823 3834 3822
f 3822 3834 3821
f 3805 3806 3819
f 3819 3806 3807
f 3819 3807 3820
f 3820 3807 3808
f 3820 3808 3821
f 3821 3808 3809
f 3821 3809 3822
f 3822 3809 3810
f 3810 3823 3822
f 3816 3815 3802
f 3805 3793 3806
f 3806 3793 3807
f 3811 3799 3812
f 3812 3799 3800
f 3812 3800 3813
f 3813 3800 3801
f 3793 3794 3807
f 3807 3794 3808
f 3808 3794 3795
f 3898 3909 3866
f 3866 3909 3865
f 3866 3865 3849
f 3849 3865 3848
f 3849 3848 3836
f 3836 3848 3835
f 3836 3835 3824
f 3824 3835 3823
f 3824 3823 3811
f 3811 3823 3810
f 3774 3775 3787
f 3774 3787 3786
f 3786 3787 3799
f 3786 3799 3785
f 3785 3799 3798
f 3785 3798 3784
f 3784 3798 3797
f 3784 3797 3783
f 3783 3797 3796
f 3783 3796 3782
f 3763 3775 3774
f 3763 3774 3773
f 3773 3774 3786
f 3773 3786 3772
f 3772 3786 3785
f 3772 3785 3771
f 3771 3785 3784
f 3771 3784 3770
f 3770 3784 3783
f 3770 3783 3769
f 3769 3783 3782
f 3796 3795 3782
f 3769 3782 3781
f 3769 3781 3768
f 3756 3768 3781
f 3756 3781 3780
f 3780 3781 3793
f 3780 3793 3792
f 3778 3791 3790
f 3778 3790 3777
f 3777 3790 3789
f 3777 3789 3776
f 3803 3802 3790
f 3805 3804 3792
f 3805 3792 3793
f 3794 3793 3781
f 3794 3781 3795
f 3788 3787 3775
f 3819 3820 3830
f 3830 3820 3845
f 3830 3845 3844
f 3845 3846 3862
f 3862 3846 3863
f 3862 3863 3871
f 3871 3863 3906
f 3906 3863 3872
f 3906 3872 3907
f 3906 3907 3930
f 3930 3907 3931
f 3930 3931 3952
f 4151 4140 4139
f 4150 4151 4138
f 4138 4151 4139
f 4138 4139 4195
f 4195 4139 4188
f 4188 4139 4140
f 4188 4140 4189
f 4189 4140 4132
f 4187 4188 4180
f 4186 4179 4178
f 4178 4179 4171
f 4178 4171 4170
f 4187 4186 4194
f 4149 4150 4138
f 4149 4138 4194
f 4194 4138 4195
f 4194 4195 4187
f 4187 4195 4188
f 4180 4188 4189
f 4180 4189 4181
f 4170 4169 4178
f 4178 4169 4177
f 4178 4177 4186
f 4186 4177 4185
f 4152 4151 4162
f 4152 4162 4101
f 4101 4162 4100
f 4101 4100 4053
f 4053 4100 4069
f 4053 4069 4070
f 3921 3922 3943
f 3943 3922 3944
f 3943 3944 3966
f 3989 3966 3990
f 3967 3990 3966
f 3967 3966 3944
f 3923 3944 3922
f 3922 3921 3898
f 3898 3921 3909
f 4161 4150 4160
f 4160 4150 4149
f 4099 4161 4098
f 4098 4161 4160
f 4098 4160 4159
f 4039 3998 3999
f 4039 3999 4029
f 4030 4029 3987
f 3987 4029 3999
f 4193 4185 4184
f 4192 4184 4183
f 4192 4183 4191
f 4146 4147 4196
f 4196 4147 4148
f 4196 4148 4197
f 4145 4146 4191
f 4191 4146 4196
f 4191 4196 4192
f 4192 4196 4197
f 4192 4197 4193
f 4193 4184 4192
f 4167 4166 4183
f 4167 4183 4184
f 4167 4184 4176
f 4176 4184 4185
f 4176 4185 4177
f 4166 4175 4183
f 4183 4175 4182
f 4183 4182 4191
f 4191 4182 4190
f 4191 4190 4145
f 4148 4193 4197
f 4146 4145 4156
f 4144 4145 4137
f 4156 4145 4144
f 4156 4144 4155
f 4155 4144 4154
f 3896 3902 3925
f 3925 3902 3926
f 3925 3926 3946
f 3946 3926 3947
f 3946 3947 3968
f 3968 3947 3969
f 3968 3969 3985
f 3985 3969 3991
f 3985 3991 3986
f 3985 3986 4025
f 4025 3986 4026
f 4025 4026 4060
f 4025 4060 4059
f 4059 4060 4105
f 4059 4105 4104
f 4104 4105 4095
f 4095 4105 4096
f 4095 4096 4153
f 4095 4153 4142
f 4142 4153 4143
f 4136 4144 4137
f 4136 4137 4182
f 4164 4120 4125
f 4125 4120 4119
f 4125 4119 4124
f 4124 4119 4118
f 4123 4118 4117
f 4123 4117 4122
f 4122 4117 4121
f 4122 4121 4079
f 4122 4079 4082
f 4082 4079 4081
f 4082 4081 4085
f 4085 4081 4084
f 4085 4084 4089
f 4089 4084 4088
f 4089 4088 4093
f 4089 4093 4094
f 4141 4095 4142
f 4142 4143 4135
f 4135 4143 4144
f 4135 4144 4136
f 4131 4136 4182
f 4131 4182 4126
f 4126 4182 4175
f 4126 4175 4174
f 4174 4175 4166
f 4174 4166 4165
f 4174 4165 4125
f 4125 4165 4164
f 4111 4098 4159
f 4111 4159 4158
f 4113 4099 4112
f 4112 4099 4098
f 4112 4098 4111
f 4110 4111 4158
f 4110 4158 4157
f 4068 4113 4067
f 4067 4113 4112
f 4067 4112 4111
f 4109 4110 4157
f 3975 3997 3996
f 4097 4106 4107
f 4110 4109 4065
f 4067 4066 4029
f 4067 4029 4068
f 4068 4029 4030
f 4068 4030 4069
f 4069 4030 4031
f 4148 4159 4149
f 4151 4152 4140
f 4159 4160 4149
f 4151 4150 4161
f 4151 4161 4162
f 4162 4161 4100
f 4100 4161 4099
f 4100 4099 4113
f 4100 4113 4069
f 4069 4113 4068
f 4109 4064 4065
f 4065 4074 4066
f 4066 4074 4039
f 4066 4039 4028
f 4066 4028 4029
f 4031 4030 3989
f 4154 4097 4155
f 4155 4097 4107
f 4155 4107 4163
f 4163 4107 4108
f 4163 4108 4109
f 4110 4065 4066
f 4109 4108 4064
f 4065 4064 4074
f 4074 4038 4039
f 4028 4039 4029
f 3989 4030 3988
f 4071 4036 4072
f 4072 4036 4037
f 3997 3998 4038
f 4037 4038 4073
f 4073 4064 4063
f 4027 4035 4071
f 4071 4035 4036
f 4037 3996 3997
f 3997 3975 3976
f 3976 3975 3953
f 3976 3953 3954
f 3954 3953 3932
f 3954 3932 3933
f 4108 4107 4063
f 4108 4063 4064
f 4064 4073 4074
f 4074 4073 4038
f 4039 4038 3998
f 4035 4034 3994
f 4035 3994 4036
f 4036 3994 3995
f 4036 3995 4037
f 4037 3995 3996
f 3996 3974 3975
f 3975 3974 3952
f 3975 3952 3953
f 3953 3952 3932
f 4172 4171 4180
f 4180 4171 4179
f 4180 4179 4187
f 4187 4179 4186
f 4194 4186 4185
f 4194 4185 4193
f 4194 4193 4149
f 4149 4193 4148
f 4159 4148 4147
f 4159 4147 4158
f 4158 4147 4146
f 4158 4146 4157
f 4157 4146 4156
f 4061 4071 4062
f 4062 4071 4063
f 4063 4071 4072
f 4063 4072 4073
f 4073 4072 4037
f 4038 4037 3997
f 3998 3997 3976
f 3998 3976 3999
f 3999 3976 3977
f 3999 3977 3987
f 3987 3977 3988
f 3988 3977 3965
f 3988 3965 3989
f 4190 4182 4137
f 4190 4137 4145
f 4144 4143 4154
f 4154 4143 4153
f 4154 4153 4096
f 4154 4096 4097
f 4097 4096 4106
f 4106 4096 4105
f 4106 4105 4061
f 4061 4105 4060
f 4061 4060 4027
f 4027 4060 4026
f 4027 4026 4034
f 4034 4026 4033
f 4034 4033 3993
f 4034 3993 3994
f 3994 3993 3972
f 3994 3972 3995
f 3995 3972 3973
f 3995 3973 3996
f 3996 3973 3974
f 3952 3931 3932
f 3932 3908 3933
f 3933 3908 3909
f 3933 3909 3921
f 3933 3921 3934
f 3934 3921 3955
f 3955 3921 3943
f 3955 3943 3965
f 3965 3943 3966
f 3965 3966 3989
f 3989 3990 4031
f 4031 3990 4032
f 4031 4032 4070
f 4031 4070 4069
f 4066 4067 4111
f 4066 4111 4110
f 4109 4157 4163
f 4163 4157 4156
f 4163 4156 4155
f 4086 4047 4050
f 4050 4092 4086
f 4083 4080 4044
f 4044 4080 4078
f 4047 4086 4044
f 4044 4086 4083
f 4077 4043 4078
f 4078 4043 4044
f 3962 3983 3940
f 4023 3940 3983
f 4181 3775 3764
f 4181 3764 4173
f 4173 3764 4172
f 4172 3764 3763
f 3775 3945 3924
f 3775 3924 3901
f 4181 3967 3775
f 3775 3967 3945
f 3775 3901 3892
f 3775 3892 3856
f 3856 3788 3775
f 4032 3990 4181
f 4181 3990 3967
f 4032 4181 4189
f 4189 4132 4032
f 4032 4132 4140
f 3856 3801 3788
f 4032 4140 4152
f 4032 4152 4053
f 3856 3814 3801
f 3814 3856 3832
f 3856 3839 3832
f 4053 4152 4091
f 4053 4091 4101
f 4075 4040 4077
f 4077 4040 4043
f 3895 3893 3889
f 3895 3889 3890
f 3891 3833 3854
f 4021 4051 4052
f 4052 4022 4021
f 3960 3982 4020
f 4020 3982 4051
f 3962 3960 3961
f 3961 3960 3939
f 3939 3960 3938
f 3939 3938 3915
f 3939 3915 3916
f 3916 3915 3888
f 3916 3888 3917
f 3917 3888 3889
f 3917 3889 3893
f 3982 3960 3962
f 3960 4017 3938
f 4020 4019 3960
f 3960 4019 4018
f 3960 4018 4017
f 3937 3981 3885
f 3886 4013 4014
f 4015 4016 3886
f 3981 4011 3886
f 3886 4011 4012
f 4015 3886 4048
f 3981 3886 3885
f 3886 4012 4013
f 3886 4016 3887
f 3885 3884 3937
f 3937 3884 3914
f 3886 4014 4048
f 4014 4020 4048
f 4048 4020 4051
f 4020 4014 4019
f 4019 4014 4013
f 4012 4018 4013
f 4013 4018 4019
f 3981 4017 4011
f 4011 4017 4012
f 4012 4017 4018
f 3937 3938 3981
f 3981 3938 4017
f 3938 3937 3914
f 3938 3914 3915
f 3915 3914 3884
f 3915 3884 3888
f 3888 3884 3885
f 3888 3885 3889
f 3886 3890 3885
f 3885 3890 3889
f 3887 3891 3886
f 3886 3891 3890
f 4048 4051 4015
f 4015 4051 4021
f 4015 4021 4016
f 4016 4021 4022
f 3940 3939 3916
f 3962 3961 3940
f 3940 3961 3939
f 3916 3917 3940
f 3940 3917 3893
f 3940 3893 3918
f 3893 3895 3919
f 3893 3919 3918
f 4003 4002 4009
f 4003 4009 4010
f 4042 4004 4003
f 4003 4004 4002
f 4005 3958 3936
f 4046 4010 4045
f 4045 4010 4009
f 4045 4009 4008
f 3958 4005 3980
f 4005 4006 3980
f 3980 4006 4007
f 4005 3936 3979
f 3958 3956 3936
f 3936 3956 3935
f 3936 3935 3910
f 3936 3910 3912
f 3912 3910 3874
f 3912 3874 3879
f 3879 3874 3875
f 3879 3875 3880
f 3956 3958 3978
f 3978 3958 3980
f 3980 4007 3978
f 3978 4007 4000
f 4000 4007 4001
f 4001 4007 4008
f 4001 4008 4009
f 4001 4009 4002
f 3882 3877 3883
f 3883 3877 3878
f 3882 3880 3875
f 3882 3875 3877
f 3875 3874 3911
f 3911 3874 3910
f 4001 3957 3956
f 4001 3956 3978
f 3978 4000 4001
f 4046 4045 4009
f 4046 4009 4010
f 3853 3831 3883
f 4009 4008 3936
f 4009 3936 4010
f 3936 4007 3979
f 3979 4007 4006
f 3979 4006 4005
f 4008 4007 3936
f 3912 3880 3936
f 3936 3880 3882
f 3936 3882 4010
f 4010 3882 3883
f 3880 3912 3879
f 3852 3878 4004
f 4004 3878 3877
f 4004 3877 4002
f 4002 3877 4001
f 3878 3852 3851
f 3875 3910 3935
f 3875 3935 3956
f 3875 3956 3957
f 3875 3957 3877
f 3877 3957 4001
f 3910 3875 3911
f 3852 4004 4042
f 3913 3880 3912
f 3959 3957 3956
f 3959 3956 3958
f 3958 3956 3935
f 3958 3935 3936
f 3912 3910 3911
f 3912 3911 3913
f 3913 3911 3875
f 3913 3875 3880
f 3881 3880 3876
f 3876 3880 3875
f 3910 3912 3875
f 3875 3912 3880
f 4295 4291 4294
f 4294 4291 4290
f 4291 4295 4290
f 4290 4295 4294
f 4288 4292 4289
f 4289 4292 4293
f 4292 4288 4293
f 4293 4288 4289
f 4297 4293 4296
f 4296 4293 4292
f 4294 4298 4295
f 4295 4298 4299
f 4298 4294 4299
f 4299 4294 4295
f 4298 4274 4275
f 4298 4275 4299
f 4274 4298 4297
f 4274 4297 4296
f 4238 4242 4262
f 4238 4262 4258
f 4257 4261 4241
f 4257 4241 4237
f 4237 4222 4257
f 4257 4222 4296
f 4297 4257 4296
f 4223 4238 4258
f 4223 4258 4299
f 4299 4258 4298
f 4298 4258 4297
f 4297 4258 4257
f 4222 4237 4223
f 4223 4237 4238
f 4296 4292 4297
f 4297 4292 4293
f 4209 4208 4211
f 4211 4208 4210
f 4211 4210 4223
f 4223 4210 4222
f 4292 4288 4272
f 4272 4288 4270
f 4273 4271 4295
f 4295 4271 4291
f 4295 4291 4273
f 4273 4291 4271
f 4275 4223 4299
f 4221 4209 4223
f 4209 4211 4223
f 4210 4208 4222
f 4208 4220 4222
f 4222 4274 4296
f 4272 4270 4292
f 4292 4270 4288
f 4296 4272 4292
f 4274 4254 4272
f 4274 4272 4296
f 4204 4218 4208
f 4208 4218 4220
f 4254 4274 4234
f 4234 4274 4222
f 4222 4220 4234
f 4256 4274 4222
f 4222 4274 4254
f 4222 4254 4234
f 4222 4236 4256
f 4259 4275 4256
f 4256 4275 4274
f 4240 4241 4260
f 4242 4238 4239
f 4243 4242 4239
f 4238 4237 4236
f 4236 4237 4241
f 4241 4240 4236
f 4243 4263 4242
f 4263 4262 4242
f 4260 4261 4256
f 4261 4257 4256
f 4256 4257 4259
f 4257 4258 4259
f 4259 4258 4262
f 4259 4262 4263
f 4241 4261 4260
f 4204 4207 4208
f 4208 4207 4209
f 4208 4209 4210
f 4210 4209 4211
f 4210 4211 4222
f 4222 4211 4223
f 4222 4223 4236
f 4236 4223 4239
f 4236 4239 4238
f 4256 4236 4260
f 4260 4236 4240
f 4275 4273 4299
f 4209 4207 4219
f 4299 4273 4295
f 4223 4275 4259
f 4235 4223 4221
f 4223 4235 4255
f 4223 4255 4275
f 4275 4255 4273
f 4221 4209 4219
f 4259 4239 4223
f 4221 4219 4207
f 4207 4209 4221
f 4243 4239 4259
f 4243 4259 4263
f 4208 4209 4204
f 4204 4209 4207
f 4205 4206 4207
f 4205 4207 4204
f 4207 4206 4204
f 4205 4204 4206
f 4202 4200 4204
f 4201 4203 4207
f 4245 4249 4225
f 4225 4249 4229
f 4250 4246 4226
f 4250 4226 4230
f 4287 4283 4282
f 4287 4282 4286
f 4286 4282 4281
f 4286 4281 4285
f 4285 4281 4280
f 4285 4280 4284
f 4281 4277 4280
f 4280 4277 4276
f 4277 4281 4282
f 4277 4282 4278
f 4283 4279 4278
f 4283 4278 4282
f 4264 4276 4277
f 4264 4277 4278
f 4264 4278 4265
f 4265 4278 4279
f 4247 4227 4246
f 4227 4226 4246
f 4225 4229 4228
f 4230 4231 4229
f 4231 4230 4226
f 4226 4227 4231
f 4224 4225 4228
f 4245 4225 4224
f 4247 4246 4251
f 4251 4246 4250
f 4250 4249 4248
f 4248 4249 4245
f 4245 4224 4244
f 4245 4244 4248
f 4264 4265 4248
f 4248 4265 4251
f 4248 4251 4250
f 4228 4229 4231
f 4228 4231 4212
f 4212 4231 4213
f 4212 4213 4198
f 4198 4213 4199
f 4279 4283 4282
f 4282 4278 4279
f 4281 4277 4278
f 4281 4278 4282
f 4277 4281 4276
f 4276 4281 4280
f 4212 4249 4276
f 4279 4250 4213
f 4213 4250 4230
f 4212 4229 4249
f 4276 4249 4277
f 4277 4249 4278
f 4278 4249 4250
f 4213 4230 4212
f 4212 4230 4229
f 4250 4279 4278
f 4213 4212 4199
f 4199 4212 4198
f 4199 4198 4201
f 4201 4198 4200
f 4198 4200 4212
f 4244 4224 4248
f 4248 4224 4228
f 4266 4268 4280
f 4280 4268 4284
f 4283 4287 4267
f 4267 4287 4269
f 4247 4251 4231
f 4247 4231 4227
f 4199 4213 4201
f 4267 4269 4283
f 4283 4269 4287
f 4280 4284 4266
f 4266 4284 4268
f 4201 4215 4213
f 4265 4279 4267
f 4267 4279 4283
f 4203 4217 4219
f 4203 4219 4207
f 4265 4267 4253
f 4265 4253 4251
f 4251 4253 4231
f 4231 4253 4233
f 4231 4233 4213
f 4213 4233 4215
f 4217 4203 4201
f 4217 4201 4215
f 4207 4219 4217
f 4207 4217 4201
f 4253 4279 4213
f 4253 4213 4233
f 4253 4267 4279
f 4276 4280 4266
f 4252 4276 4266
f 4276 4252 4212
f 4212 4252 4232
f 4216 4200 4214
f 4200 4216 4204
f 4204 4216 4218
f 4212 4232 4214
f 4232 4252 4228
f 4228 4252 4248
f 4248 4252 4264
f 4264 4252 4266
f 4264 4266 4276
f 4200 4202 4216
f 4216 4202 4218
f 4218 4202 4204
f 4214 4212 4200
f 4232 4228 4212
f 4549 4566 4548
f 4548 4566 4565
f 4562 4545 4561
f 4545 4526 4544
f 4545 4544 4561
f 4489 4488 4508
f 4543 4525 4542
f 4491 4490 4509
f 4491 4509 4510
f 4566 4564 4562
f 4545 4547 4549
f 4564 4566 4547
f 4547 4566 4549
f 4566 4562 4565
f 4565 4562 4561
f 4563 4546 4565
f 4565 4546 4548
f 4544 4546 4561
f 4561 4546 4563
f 4563 4565 4561
f 4548 4546 4547
f 4548 4547 4549
f 4330 4329 4323
f 4323 4329 4322
f 4323 4322 4330
f 4330 4322 4329
f 4365 4334 4361
f 4334 4327 4361
f 4361 4327 4326
f 4361 4326 4360
f 4300 4302 4320
f 4302 4327 4320
f 4353 4319 4320
f 4353 4320 4354
f 4354 4320 4313
f 4354 4313 4349
f 4301 4300 4321
f 4321 4300 4320
f 4350 4314 4355
f 4314 4321 4355
f 4355 4321 4322
f 4355 4322 4356
f 4303 4301 4328
f 4328 4301 4321
f 4363 4329 4328
f 4363 4328 4362
f 4328 4335 4362
f 4362 4335 4366
f 4303 4327 4302
f 4327 4303 4328
f 4308 4315 4314
f 4307 4308 4309
f 4305 4306 4313
f 4314 4313 4306
f 4314 4306 4307
f 4312 4305 4313
f 4311 4312 4319
f 4318 4311 4319
f 4325 4318 4326
f 4340 4339 4334
f 4334 4339 4333
f 4335 4342 4341
f 4316 4323 4330
f 4335 4334 4328
f 4328 4334 4327
f 4341 4340 4334
f 4341 4334 4335
f 4332 4325 4326
f 4332 4326 4333
f 4333 4326 4327
f 4318 4319 4326
f 4326 4319 4327
f 4327 4319 4320
f 4312 4320 4319
f 4312 4313 4320
f 4321 4320 4313
f 4313 4314 4321
f 4314 4307 4308
f 4315 4322 4321
f 4315 4321 4314
f 4323 4315 4316
f 4315 4323 4322
f 4322 4330 4321
f 4321 4330 4328
f 4337 4329 4330
f 4330 4329 4328
f 4316 4315 4314
f 4336 4342 4335
f 4337 4336 4335
f 4337 4335 4329
f 4329 4335 4328
f 4333 4327 4334
f 4404 4382 4379
f 4430 4448 4447
f 4433 4453 4436
f 4433 4451 4453
f 4451 4433 4452
f 4434 4468 4433
f 4433 4468 4452
f 4446 4462 4434
f 4434 4462 4468
f 4446 4483 4462
f 4447 4484 4446
f 4446 4484 4483
f 4464 4485 4448
f 4484 4447 4485
f 4485 4447 4448
f 4370 4369 4344
f 4307 4371 4306
f 4306 4371 4370
f 4306 4370 4344
f 4306 4344 4305
f 4305 4344 4348
f 4305 4348 4312
f 4347 4311 4312
f 4311 4347 4375
f 4311 4347 4352
f 4311 4352 4318
f 4382 4359 4352
f 4318 4352 4359
f 4318 4359 4325
f 4404 4401 4419
f 4438 4421 4419
f 4419 4421 4404
f 4397 4416 4401
f 4401 4416 4419
f 4415 4430 4414
f 4414 4430 4447
f 4436 4438 4419
f 4436 4419 4433
f 4433 4419 4416
f 4433 4416 4397
f 4433 4397 4434
f 4434 4397 4398
f 4434 4398 4417
f 4434 4417 4446
f 4446 4417 4413
f 4446 4413 4447
f 4447 4413 4414
f 4376 4348 4369
f 4369 4348 4344
f 4379 4382 4352
f 4379 4352 4375
f 4375 4352 4347
f 4397 4375 4376
f 4376 4375 4347
f 4376 4347 4348
f 4348 4347 4312
f 4371 4415 4370
f 4370 4415 4414
f 4370 4414 4369
f 4369 4414 4413
f 4369 4413 4376
f 4376 4413 4417
f 4376 4417 4397
f 4397 4417 4398
f 4397 4398 4375
f 4375 4397 4379
f 4379 4397 4401
f 4379 4401 4404
f 4466 4450 4449
f 4465 4486 4466
f 4465 4449 4448
f 4465 4448 4464
f 4466 4449 4465
f 4371 4307 4345
f 4372 4308 4307
f 4372 4307 4371
f 4346 4309 4308
f 4346 4308 4373
f 4373 4308 4372
f 4449 4450 4432
f 4396 4395 4432
f 4432 4395 4449
f 4415 4448 4394
f 4394 4448 4395
f 4395 4372 4371
f 4395 4371 4394
f 4396 4373 4395
f 4395 4373 4372
f 4448 4449 4395
f 4377 4316 4373
f 4373 4316 4309
f 4377 4351 4316
f 4511 4492 4470
f 4507 4511 4470
f 4487 4507 4466
f 4466 4507 4470
f 4486 4487 4466
f 4309 4346 4373
f 4435 4418 4377
f 4435 4377 4432
f 4432 4377 4373
f 4432 4373 4396
f 4470 4435 4466
f 4466 4435 4432
f 4466 4432 4450
f 4399 4377 4418
f 4357 4316 4351
f 4357 4323 4316
f 4323 4357 4380
f 4380 4402 4420
f 4377 4399 4402
f 4402 4399 4418
f 4402 4418 4437
f 4402 4357 4377
f 4377 4357 4351
f 4380 4357 4402
f 4511 4512 4492
f 4492 4512 4494
f 4492 4494 4472
f 4492 4472 4470
f 4418 4435 4437
f 4437 4435 4470
f 4472 4437 4470
f 4494 4512 4472
f 4437 4420 4402
f 4452 4446 4451
f 4452 4462 4446
f 4483 4484 4462
f 4462 4484 4463
f 4463 4484 4464
f 4484 4485 4464
f 4485 4486 4464
f 4464 4486 4465
f 4486 4506 4507
f 4486 4507 4487
f 4394 4371 4370
f 4324 4378 4317
f 4317 4378 4374
f 4317 4374 4310
f 4310 4374 4375
f 4310 4375 4311
f 4369 4305 4375
f 4375 4305 4311
f 4305 4369 4306
f 4306 4369 4370
f 4370 4371 4345
f 4370 4345 4306
f 4306 4345 4307
f 4414 4463 4464
f 4464 4448 4414
f 4414 4448 4415
f 4414 4415 4394
f 4413 4462 4414
f 4414 4462 4463
f 4462 4413 4446
f 4429 4433 4451
f 4429 4451 4446
f 4421 4419 4403
f 4403 4419 4400
f 4403 4400 4381
f 4324 4358 4378
f 4378 4358 4381
f 4446 4413 4429
f 4429 4413 4393
f 4429 4393 4433
f 4433 4393 4397
f 4400 4419 4401
f 4401 4419 4397
f 4397 4419 4433
f 4370 4414 4394
f 4381 4400 4378
f 4378 4400 4401
f 4378 4401 4374
f 4374 4401 4397
f 4374 4397 4375
f 4375 4397 4393
f 4375 4393 4369
f 4369 4393 4413
f 4332 4338 4339
f 4386 4407 4425
f 4425 4407 4442
f 4442 4457 4477
f 4364 4367 4337
f 4364 4337 4330
f 4411 4412 4445
f 4461 4460 4445
f 4343 4392 4391
f 4343 4391 4342
f 4390 4341 4342
f 4390 4342 4391
f 4410 4459 4428
f 4411 4391 4392
f 4411 4392 4412
f 4391 4411 4390
f 4390 4411 4410
f 4411 4460 4410
f 4410 4460 4459
f 4445 4460 4411
f 4504 4503 4482
f 4520 4504 4482
f 4517 4520 4477
f 4477 4520 4482
f 4499 4517 4477
f 4425 4442 4386
f 4337 4367 4386
f 4337 4386 4392
f 4337 4392 4343
f 4386 4442 4392
f 4392 4442 4445
f 4392 4445 4412
f 4442 4477 4445
f 4445 4477 4482
f 4445 4482 4461
f 4482 4481 4461
f 4481 4460 4461
f 4480 4459 4481
f 4481 4459 4460
f 4482 4503 4481
f 4427 4428 4459
f 4427 4459 4480
f 4389 4390 4410
f 4341 4390 4389
f 4389 4340 4341
f 4339 4340 4389
f 4389 4388 4339
f 4387 4332 4388
f 4388 4332 4339
f 4332 4387 4385
f 4332 4385 4331
f 4331 4385 4384
f 4331 4384 4324
f 4324 4384 4381
f 4324 4381 4358
f 4421 4440 4438
f 4458 4440 4443
f 4426 4458 4443
f 4458 4426 4478
f 4478 4426 4427
f 4478 4427 4479
f 4440 4406 4443
f 4443 4406 4408
f 4443 4408 4426
f 4421 4403 4404
f 4421 4404 4440
f 4440 4404 4406
f 4480 4479 4427
f 4427 4389 4410
f 4427 4410 4428
f 4389 4427 4388
f 4388 4427 4426
f 4388 4426 4387
f 4387 4426 4408
f 4387 4408 4385
f 4385 4408 4406
f 4385 4406 4384
f 4384 4406 4381
f 4381 4406 4404
f 4381 4404 4403
f 4383 4405 4364
f 4386 4405 4407
f 4386 4367 4364
f 4386 4364 4405
f 4440 4455 4454
f 4440 4454 4438
f 4458 4478 4455
f 4501 4500 4478
f 4478 4479 4501
f 4502 4501 4479
f 4519 4504 4520
f 4504 4519 4503
f 4405 4422 4439
f 4514 4517 4499
f 4514 4499 4495
f 4499 4474 4495
f 4495 4474 4514
f 4405 4439 4442
f 4405 4442 4407
f 4499 4477 4474
f 4474 4477 4457
f 4439 4474 4457
f 4439 4457 4442
f 4502 4479 4480
f 4480 4481 4502
f 4502 4481 4503
f 4440 4458 4455
f 4364 4330 4383
f 4405 4383 4422
f 4477 4517 4514
f 4514 4474 4477
f 4460 4481 4482
f 4482 4481 4519
f 4482 4519 4520
f 4411 4444 4445
f 4367 4337 4343
f 4367 4343 4368
f 4439 4422 4383
f 4392 4411 4445
f 4392 4445 4386
f 4445 4442 4386
f 4386 4367 4368
f 4386 4368 4392
f 4392 4368 4391
f 4439 4383 4442
f 4442 4383 4386
f 4383 4364 4386
f 4477 4474 4439
f 4477 4439 4442
f 4477 4442 4482
f 4482 4442 4445
f 4482 4445 4460
f 4460 4445 4444
f 4324 4325 4331
f 4331 4325 4332
f 4333 4339 4332
f 4305 4304 4311
f 4317 4310 4311
f 4325 4324 4318
f 4318 4324 4317
f 4311 4318 4317
f 4312 4311 4305
f 4512 4511 4472
f 4431 4432 4449
f 4466 4507 4506
f 4466 4506 4465
f 4472 4511 4470
f 4420 4437 4380
f 4346 4309 4316
f 4346 4316 4351
f 4380 4377 4357
f 4431 4395 4432
f 4432 4395 4373
f 4432 4373 4435
f 4435 4373 4377
f 4373 4372 4346
f 4373 4346 4377
f 4377 4346 4351
f 4380 4437 4377
f 4377 4437 4435
f 4437 4472 4435
f 4435 4472 4470
f 4435 4470 4432
f 4432 4470 4466
f 4432 4466 4449
f 4529 4530 4513
f 4513 4530 4514
f 4506 4511 4507
f 4464 4485 4463
f 4463 4485 4484
f 4506 4507 4524
f 4506 4524 4523
f 4524 4507 4511
f 4511 4527 4524
f 4455 4424 4423
f 4456 4441 4455
f 4424 4455 4441
f 4456 4476 4496
f 4315 4306 4307
f 4342 4341 4336
f 4336 4341 4340
f 4315 4307 4308
f 4309 4316 4315
f 4309 4315 4308
f 4332 4325 4311
f 4311 4325 4318
f 4312 4305 4315
f 4315 4305 4306
f 4337 4343 4336
f 4336 4343 4342
f 4336 4340 4339
f 4336 4339 4333
f 4533 4517 4530
f 4530 4517 4514
f 4537 4520 4533
f 4533 4520 4517
f 4520 4537 4536
f 4520 4536 4519
f 4514 4512 4530
f 4530 4512 4528
f 4511 4527 4512
f 4512 4527 4528
f 4512 4514 4472
f 4472 4514 4474
f 4472 4474 4437
f 4437 4474 4439
f 4437 4439 4420
f 4420 4439 4405
f 4420 4405 4380
f 4380 4405 4383
f 4380 4383 4364
f 4380 4364 4357
f 4357 4364 4330
f 4357 4330 4323
f 4436 4438 4453
f 4467 4452 4451
f 4467 4468 4452
f 4456 4476 4475
f 4456 4475 4455
f 4453 4438 4454
f 4473 4453 4454
f 4451 4471 4467
f 4478 4500 4496
f 4451 4453 4471
f 4471 4453 4473
f 4473 4454 4455
f 4478 4496 4476
f 4473 4455 4476
f 4476 4455 4475
f 4471 4468 4467
f 4488 4462 4468
f 4462 4488 4483
f 4529 4533 4530
f 4536 4537 4532
f 4532 4537 4529
f 4529 4537 4533
f 4528 4514 4530
f 4511 4514 4527
f 4527 4514 4528
f 4476 4455 4456
f 4476 4456 4478
f 4468 4452 4462
f 4522 4505 4521
f 4484 4483 4522
f 4522 4483 4505
f 4522 4485 4484
f 4522 4506 4485
f 4522 4523 4506
f 4540 4541 4522
f 4522 4541 4523
f 4522 4539 4540
f 4522 4538 4539
f 4522 4521 4538
f 4506 4486 4485
f 4523 4510 4506
f 4523 4526 4510
f 4541 4545 4523
f 4523 4545 4526
f 4540 4544 4545
f 4540 4545 4541
f 4544 4540 4561
f 4561 4540 4559
f 4561 4559 4558
f 4561 4558 4560
f 4560 4558 4539
f 4560 4539 4543
f 4543 4539 4542
f 4542 4539 4538
f 4542 4538 4521
f 4542 4521 4525
f 4525 4521 4508
f 4508 4521 4505
f 4508 4505 4488
f 4488 4505 4483
f 4484 4488 4483
f 4484 4489 4488
f 4506 4510 4491
f 4506 4491 4486
f 4486 4491 4490
f 4486 4490 4485
f 4485 4490 4489
f 4485 4489 4484
f 4559 4540 4539
f 4559 4539 4558
f 4473 4476 4471
f 4471 4476 4496
f 4471 4496 4493
f 4471 4493 4468
f 4468 4493 4488
f 4489 4469 4488
f 4468 4488 4469
f 4488 4493 4496
f 4488 4496 4508
f 4508 4496 4515
f 4531 4525 4515
f 4515 4525 4508
f 4550 4542 4531
f 4531 4542 4525
f 4567 4560 4551
f 4551 4560 4543
f 4551 4543 4550
f 4550 4543 4542
f 4552 4544 4568
f 4568 4544 4561
f 4568 4561 4567
f 4567 4561 4560
f 4553 4545 4552
f 4552 4545 4544
f 4532 4526 4553
f 4553 4526 4545
f 4516 4510 4532
f 4532 4510 4526
f 4497 4501 4496
f 4496 4501 4500
f 4496 4500 4518
f 4496 4518 4515
f 4515 4518 4534
f 4515 4534 4531
f 4531 4534 4554
f 4531 4554 4550
f 4550 4554 4555
f 4550 4555 4551
f 4551 4555 4569
f 4551 4569 4567
f 4567 4569 4570
f 4567 4570 4568
f 4568 4570 4556
f 4568 4556 4552
f 4552 4556 4557
f 4552 4557 4553
f 4553 4557 4536
f 4553 4536 4532
f 4532 4536 4519
f 4532 4519 4516
f 4569 4555 4556
f 4569 4556 4570
f 4516 4519 4503
f 4516 4503 4498
f 4479 4409 4503
f 4503 4409 4410
f 4503 4410 4411
f 4503 4502 4479
f 4554 4534 4555
f 4556 4536 4557
f 4502 4503 4519
f 4501 4518 4500
f 4535 4519 4536
f 4502 4519 4535
f 4535 4501 4502
f 4518 4501 4535
f 4535 4534 4518
f 4555 4534 4535
f 4535 4556 4555
f 4536 4556 4535
f 4315 4330 4312
f 4312 4330 4337
f 4337 4336 4312
f 4312 4336 4333
f 4315 4316 4330
f 4311 4312 4332
f 4332 4312 4333
f 4782 4781 4780
f 4780 4781 4775
f 4780 4775 4774
f 4774 4775 4773
f 4774 4773 4768
f 4768 4773 4759
f 4768 4759 4754
f 4754 4759 4729
f 4754 4729 4725
f 4725 4729 4735
f 4725 4735 4730
f 4730 4735 4741
f 4730 4741 4736
f 4736 4741 4747
f 4736 4747 4742
f 4742 4747 4763
f 4742 4763 4762
f 4762 4763 4779
f 4762 4779 4778
f 4778 4779 4777
f 4778 4777 4776
f 4776 4777 4783
f 4776 4783 4782
f 4782 4783 4781
f 4741 4735 4761
f 4761 4763 4747
f 4761 4747 4741
f 4761 4779 4763
f 4761 4777 4779
f 4761 4783 4777
f 4775 4781 4761
f 4761 4781 4783
f 4761 4773 4775
f 4761 4759 4773
f 4735 4729 4761
f 4761 4729 4759
f 4736 4760 4730
f 4760 4754 4725
f 4760 4725 4730
f 4760 4768 4754
f 4760 4774 4768
f 4782 4780 4760
f 4760 4780 4774
f 4776 4782 4760
f 4760 4778 4776
f 4760 4762 4778
f 4736 4742 4760
f 4760 4742 4762
f 4605 4628 4627
f 4627 4604 4605
f 4605 4623 4628
f 4574 4580 4579
f 4580 4574 4575
f 4580 4575 4576
f 4580 4576 4581
f 4623 4624 4605
f 4606 4605 4624
f 4728 4758 4729
f 4729 4758 4759
f 4708 4735 4712
f 4712 4735 4741
f 4716 4746 4720
f 4720 4746 4745
f 4720 4745 4749
f 4720 4749 4719
f 4773 4759 4772
f 4759 4758 4772
f 4772 4758 4753
f 4772 4753 4767
f 4767 4753 4766
f 4766 4753 4752
f 4752 4723 4699
f 4574 4585 4586
f 4574 4586 4575
f 4575 4586 4576
f 4586 4587 4576
f 4589 4581 4576
f 4589 4576 4587
f 4599 4618 4601
f 4601 4618 4620
f 4606 4624 4623
f 4606 4623 4605
f 4649 4627 4628
f 4649 4628 4650
f 4712 4711 4708
f 4708 4711 4707
f 4708 4707 4735
f 4735 4707 4734
f 4741 4740 4711
f 4741 4711 4712
f 4716 4720 4715
f 4719 4715 4720
f 4728 4729 4734
f 4734 4729 4735
f 4756 4759 4757
f 4729 4759 4727
f 4727 4759 4756
f 4735 4729 4732
f 4732 4729 4727
f 4733 4735 4732
f 4735 4733 4741
f 4741 4733 4739
f 4738 4741 4739
f 4738 4740 4741
f 4740 4738 4744
f 4740 4744 4746
f 4746 4744 4745
f 4746 4745 4749
f 4772 4767 4770
f 4770 4767 4766
f 4771 4773 4772
f 4771 4772 4770
f 4771 4757 4773
f 4773 4757 4759
f 4615 4616 4597
f 4678 4700 4703
f 4678 4703 4681
f 4677 4699 4678
f 4678 4699 4700
f 4594 4586 4593
f 4593 4586 4585
f 4587 4586 4594
f 4595 4587 4594
f 4595 4589 4587
f 4636 4597 4616
f 4599 4597 4636
f 4638 4599 4636
f 4638 4618 4599
f 4642 4618 4638
f 4601 4620 4642
f 4642 4620 4618
f 4641 4601 4642
f 4606 4601 4641
f 4606 4645 4605
f 4645 4606 4641
f 4645 4623 4605
f 4650 4628 4645
f 4645 4628 4623
f 4716 4740 4746
f 4685 4707 4711
f 4685 4711 4689
f 4681 4703 4685
f 4685 4703 4707
f 4636 4616 4635
f 4657 4636 4635
f 4657 4635 4654
f 4635 4616 4615
f 4615 4611 4632
f 4631 4653 4632
f 4632 4653 4654
f 4632 4611 4631
f 4631 4611 4610
f 4635 4615 4632
f 4635 4632 4654
f 4593 4610 4594
f 4594 4610 4611
f 4594 4611 4615
f 4594 4615 4595
f 4595 4615 4597
f 4595 4597 4589
f 4669 4674 4645
f 4669 4645 4665
f 4636 4657 4658
f 4636 4658 4638
f 4638 4658 4662
f 4638 4662 4661
f 4638 4661 4641
f 4641 4661 4665
f 4641 4665 4645
f 4673 4649 4674
f 4674 4649 4650
f 4674 4650 4645
f 4641 4642 4638
f 4692 4716 4696
f 4696 4716 4695
f 4695 4716 4715
f 4695 4715 4719
f 4692 4689 4716
f 4689 4711 4716
f 4716 4711 4740
f 4695 4673 4696
f 4696 4673 4674
f 4696 4674 4692
f 4692 4674 4669
f 4692 4669 4689
f 4689 4669 4665
f 4689 4665 4711
f 4653 4677 4654
f 4654 4677 4678
f 4654 4678 4657
f 4657 4678 4681
f 4657 4681 4658
f 4658 4681 4662
f 4662 4681 4685
f 4662 4685 4661
f 4661 4685 4665
f 4665 4685 4689
f 4593 4585 4610
f 4734 4707 4703
f 4728 4734 4703
f 4699 4723 4724
f 4728 4703 4724
f 4724 4703 4700
f 4724 4700 4699
f 4758 4728 4753
f 4753 4728 4724
f 4753 4724 4752
f 4752 4724 4723
f 4627 4626 4604
f 4626 4625 4604
f 4604 4625 4603
f 4603 4625 4622
f 4572 4573 4578
f 4578 4573 4579
f 4579 4573 4574
f 4578 4577 4571
f 4578 4571 4572
f 4621 4622 4602
f 4602 4622 4603
f 4755 4726 4754
f 4754 4726 4725
f 4764 4750 4769
f 4769 4750 4755
f 4750 4764 4765
f 4750 4765 4751
f 4752 4722 4751
f 4752 4751 4766
f 4766 4751 4765
f 4722 4752 4698
f 4698 4752 4699
f 4698 4699 4677
f 4698 4677 4676
f 4676 4677 4653
f 4676 4653 4652
f 4585 4609 4610
f 4610 4609 4630
f 4610 4630 4631
f 4631 4630 4653
f 4653 4630 4652
f 4585 4584 4609
f 4584 4573 4572
f 4584 4572 4583
f 4571 4582 4583
f 4571 4583 4572
f 4617 4598 4600
f 4600 4619 4617
f 4626 4648 4625
f 4625 4648 4647
f 4648 4626 4627
f 4648 4627 4649
f 4582 4571 4577
f 4582 4577 4588
f 4573 4584 4585
f 4573 4585 4574
f 4769 4755 4754
f 4769 4754 4768
f 4709 4736 4730
f 4709 4730 4705
f 4743 4713 4717
f 4743 4717 4744
f 4744 4717 4748
f 4748 4717 4718
f 4718 4719 4748
f 4748 4719 4749
f 4725 4726 4730
f 4730 4726 4731
f 4730 4731 4705
f 4731 4706 4705
f 4705 4706 4709
f 4706 4710 4709
f 4709 4710 4736
f 4736 4710 4737
f 4717 4713 4714
f 4717 4714 4718
f 4718 4714 4719
f 4719 4714 4715
f 4754 4725 4727
f 4743 4744 4737
f 4737 4744 4738
f 4738 4736 4737
f 4739 4736 4738
f 4733 4730 4739
f 4739 4730 4736
f 4730 4733 4732
f 4727 4725 4732
f 4732 4725 4730
f 4756 4754 4727
f 4757 4754 4756
f 4744 4748 4745
f 4745 4748 4749
f 4769 4768 4771
f 4770 4766 4765
f 4770 4765 4764
f 4764 4769 4770
f 4770 4769 4771
f 4757 4771 4768
f 4754 4757 4768
f 4673 4695 4694
f 4706 4684 4710
f 4710 4684 4688
f 4713 4737 4710
f 4719 4718 4695
f 4644 4622 4625
f 4644 4625 4647
f 4603 4622 4644
f 4644 4602 4603
f 4602 4644 4640
f 4602 4640 4600
f 4600 4640 4639
f 4619 4600 4639
f 4637 4617 4639
f 4639 4617 4619
f 4596 4598 4613
f 4613 4598 4617
f 4582 4588 4590
f 4590 4588 4596
f 4591 4582 4590
f 4583 4582 4591
f 4592 4584 4583
f 4698 4676 4675
f 4675 4697 4698
f 4680 4702 4675
f 4675 4702 4697
f 4671 4668 4644
f 4664 4644 4668
f 4649 4673 4648
f 4648 4673 4672
f 4648 4672 4647
f 4647 4672 4671
f 4647 4671 4644
f 4664 4640 4644
f 4639 4640 4664
f 4639 4664 4637
f 4637 4664 4660
f 4655 4633 4659
f 4659 4633 4637
f 4659 4637 4660
f 4633 4655 4656
f 4633 4656 4634
f 4634 4656 4629
f 4629 4656 4651
f 4633 4613 4637
f 4637 4613 4617
f 4634 4613 4633
f 4608 4591 4614
f 4614 4591 4590
f 4614 4590 4596
f 4614 4596 4613
f 4583 4591 4592
f 4592 4591 4608
f 4592 4608 4609
f 4609 4608 4629
f 4609 4629 4630
f 4630 4629 4651
f 4630 4651 4652
f 4629 4608 4634
f 4634 4608 4614
f 4634 4614 4613
f 4676 4652 4675
f 4675 4652 4651
f 4675 4651 4680
f 4680 4651 4656
f 4680 4656 4655
f 4695 4718 4694
f 4694 4718 4714
f 4694 4714 4693
f 4693 4714 4713
f 4693 4713 4691
f 4710 4688 4713
f 4672 4673 4694
f 4672 4694 4671
f 4671 4694 4693
f 4671 4693 4668
f 4668 4693 4691
f 4668 4691 4664
f 4743 4737 4713
f 4691 4713 4688
f 4691 4688 4664
f 4664 4688 4660
f 4660 4688 4684
f 4660 4684 4659
f 4659 4684 4706
f 4659 4706 4655
f 4655 4706 4702
f 4655 4702 4680
f 4584 4592 4609
f 4702 4731 4726
f 4706 4731 4702
f 4722 4698 4697
f 4702 4726 4697
f 4697 4726 4721
f 4697 4721 4722
f 4726 4755 4721
f 4721 4755 4750
f 4721 4750 4722
f 4722 4750 4751
f 4602 4601 4606
f 4606 4605 4604
f 4606 4604 4602
f 4602 4604 4603
f 4577 4578 4588
f 4588 4578 4579
f 4580 4581 4589
f 4580 4589 4579
f 4579 4589 4588
f 4597 4596 4589
f 4589 4596 4588
f 4599 4598 4596
f 4599 4596 4597
f 4601 4600 4599
f 4599 4600 4598
f 4600 4601 4602
f 4682 4703 4704
f 4703 4682 4681
f 4681 4700 4703
f 4642 4620 4638
f 4638 4620 4618
f 4642 4606 4601
f 4623 4624 4645
f 4645 4624 4646
f 4646 4624 4606
f 4712 4690 4708
f 4708 4690 4686
f 4682 4704 4686
f 4686 4704 4708
f 4700 4681 4678
f 4678 4681 4654
f 4632 4657 4636
f 4612 4632 4616
f 4616 4632 4636
f 4595 4612 4597
f 4597 4612 4616
f 4594 4611 4595
f 4673 4672 4649
f 4673 4649 4650
f 4673 4650 4674
f 4638 4662 4642
f 4642 4662 4666
f 4719 4695 4720
f 4720 4695 4696
f 4720 4696 4716
f 4646 4642 4666
f 4646 4666 4670
f 4670 4666 4690
f 4670 4690 4692
f 4692 4690 4716
f 4642 4646 4606
f 4692 4669 4670
f 4670 4669 4645
f 4670 4645 4646
f 4595 4611 4612
f 4612 4611 4632
f 4632 4654 4657
f 4657 4654 4681
f 4658 4681 4682
f 4658 4682 4662
f 4662 4682 4686
f 4662 4686 4666
f 4666 4686 4690
f 4666 4690 4712
f 4690 4712 4716
f 4716 4712 4741
f 4716 4741 4740
f 4704 4729 4735
f 4704 4735 4708
f 4729 4704 4728
f 4728 4704 4703
f 4728 4703 4700
f 4728 4700 4724
f 4724 4700 4723
f 4723 4700 4699
f 4687 4709 4683
f 4683 4709 4705
f 4713 4737 4709
f 4709 4737 4736
f 4644 4621 4622
f 4643 4602 4644
f 4644 4602 4621
f 4639 4600 4643
f 4643 4600 4602
f 4590 4582 4596
f 4596 4582 4588
f 4680 4702 4697
f 4680 4697 4675
f 4679 4702 4680
f 4679 4701 4702
f 4672 4648 4649
f 4663 4639 4667
f 4667 4639 4643
f 4667 4643 4668
f 4668 4643 4644
f 4659 4637 4663
f 4663 4637 4639
f 4656 4629 4633
f 4629 4608 4607
f 4629 4607 4633
f 4633 4607 4613
f 4608 4591 4590
f 4608 4590 4607
f 4607 4590 4613
f 4613 4590 4596
f 4680 4656 4679
f 4679 4656 4655
f 4694 4718 4693
f 4693 4718 4717
f 4693 4717 4691
f 4691 4717 4713
f 4691 4713 4687
f 4687 4713 4709
f 4668 4691 4667
f 4667 4691 4687
f 4667 4687 4663
f 4663 4687 4659
f 4659 4687 4683
f 4659 4683 4705
f 4659 4705 4655
f 4655 4705 4701
f 4655 4701 4679
f 4730 4725 4701
f 4701 4705 4730
f 4725 4726 4755
f 4701 4725 4702
f 4702 4725 4726
f 4697 4721 4698
f 4698 4721 4722
f 4898 4896 4897
f 4898 4897 4921
f 4921 4920 4895
f 4921 4895 4898
f 4898 4899 4896
f 4920 4921 4942
f 4942 4921 4943
f 4942 4943 4960
f 4960 4943 4961
f 4960 4961 4978
f 4978 4994 4993
f 4993 4977 4978
f 4978 4977 4960
f 5010 5009 4992
f 4992 5009 4991
f 4991 4993 4992
f 4992 4993 4994
f 5020 5019 5004
f 5004 5019 5003
f 5001 5002 5017
f 5017 5002 5018
f 5002 5001 4985
f 5002 4985 4986
f 5019 5032 5018
f 5018 5040 5039
f 5018 5039 5035
f 5018 5038 5042
f 5042 5041 5018
f 5018 5035 5030
f 5004 5003 4987
f 5004 4987 4988
f 5032 5031 5018
f 5018 5031 5038
f 5018 5041 5040
f 5030 5029 5018
f 4936 4937 4955
f 4936 4955 4954
f 4970 4986 4985
f 4988 4987 4971
f 4988 4971 4972
f 4972 4971 4954
f 4972 4954 4955
f 4985 4969 4970
f 4970 4969 4953
f 4953 4969 4952
f 4953 4952 4931
f 4931 4952 4930
f 5021 5022 5019
f 5021 5019 5018
f 5022 5021 5007
f 5007 5021 5006
f 5007 5006 5008
f 5008 5006 5010
f 5010 5006 5005
f 5010 5005 5009
f 4902 4910 4909
f 4902 4909 4901
f 4879 4878 4870
f 4871 4879 4870
f 4872 4873 4880
f 4880 4873 4881
f 4905 4906 4912
f 4905 4912 4911
f 4901 4821 4902
f 4902 4821 4822
f 4902 4822 4910
f 4910 4822 4830
f 4910 4830 4909
f 4909 4830 4829
f 4909 4829 4901
f 4901 4829 4821
f 4910 4870 4902
f 4933 4871 4910
f 4910 4871 4870
f 4933 4879 4871
f 4933 4934 4879
f 4879 4934 4880
f 4934 4872 4880
f 4911 4873 4934
f 4934 4873 4872
f 4905 4873 4911
f 4905 4825 4906
f 4906 4825 4826
f 4906 4826 4912
f 4912 4826 4832
f 4912 4832 4911
f 4911 4832 4831
f 4911 4831 4905
f 4905 4831 4825
f 4874 4873 4831
f 4874 4831 4832
f 4881 4878 4880
f 4880 4878 4879
f 4830 4870 4869
f 4830 4869 4829
f 4835 4842 4841
f 4836 4842 4835
f 4837 4838 4844
f 4843 4837 4844
f 4887 4843 4888
f 4888 4843 4844
f 4885 4841 4886
f 4886 4841 4842
f 4870 4830 4822
f 4870 4822 4902
f 4910 4902 4924
f 4932 4910 4924
f 4933 4910 4932
f 4933 4932 4925
f 4925 4932 4924
f 4903 4925 4924
f 4902 4903 4924
f 4903 4904 4925
f 4925 4904 4926
f 4925 4926 4933
f 4933 4926 4934
f 4911 4934 4935
f 4935 4934 4927
f 4927 4934 4926
f 4911 4935 4927
f 4905 4911 4927
f 4905 4927 4926
f 4905 4926 4904
f 4831 4873 4825
f 4825 4873 4905
f 4882 4881 4873
f 4882 4873 4874
f 4869 4870 4877
f 4877 4870 4878
f 4877 4878 4882
f 4882 4878 4881
f 4891 4847 4885
f 4885 4847 4841
f 4877 4835 4841
f 4877 4841 4885
f 4836 4835 4878
f 4878 4835 4877
f 4886 4842 4836
f 4886 4836 4878
f 4881 4837 4843
f 4881 4843 4887
f 4838 4837 4882
f 4882 4837 4881
f 4888 4844 4838
f 4888 4838 4882
f 4844 4848 4892
f 4844 4892 4888
f 4848 4847 4892
f 4892 4847 4891
f 4891 4885 4886
f 4888 4892 4887
f 4891 4886 4887
f 4891 4887 4892
f 4854 4853 4848
f 4848 4853 4852
f 4848 4852 4847
f 4847 4852 4851
f 4811 4797 4869
f 4811 4869 4877
f 4811 4877 4815
f 4811 4829 4797
f 4797 4829 4869
f 4789 4811 4797
f 4789 4805 4811
f 4805 4789 4821
f 4790 4822 4789
f 4789 4822 4821
f 4902 4822 4790
f 4902 4790 4903
f 4903 4790 4791
f 4791 4792 4903
f 4903 4792 4904
f 4793 4825 4905
f 4793 4905 4792
f 4792 4905 4904
f 4798 4812 4794
f 4794 4812 4808
f 4808 4826 4794
f 4794 4826 4793
f 4793 4826 4825
f 4812 4798 4832
f 4832 4798 4874
f 4882 4874 4816
f 4816 4874 4812
f 4812 4874 4798
f 4815 4877 4835
f 4841 4815 4835
f 4882 4816 4838
f 4816 4844 4838
f 4844 4845 4848
f 4848 4845 4849
f 4845 4844 4889
f 4889 4844 4888
f 4840 4841 4847
f 4840 4847 4846
f 4882 4883 4888
f 4888 4883 4889
f 4841 4840 4884
f 4841 4884 4885
f 4876 4877 4885
f 4876 4885 4884
f 4878 4881 4886
f 4881 4887 4886
f 4841 4840 4834
f 4841 4834 4815
f 4834 4814 4815
f 4815 4814 4811
f 4811 4814 4796
f 4811 4796 4797
f 4787 4793 4792
f 4787 4792 4786
f 4784 4785 4791
f 4784 4791 4790
f 4797 4796 4789
f 4799 4798 4794
f 4799 4794 4795
f 4791 4785 4792
f 4792 4785 4786
f 4789 4796 4788
f 4812 4798 4799
f 4812 4799 4816
f 4816 4799 4817
f 4845 4844 4839
f 4839 4844 4816
f 4839 4816 4817
f 4839 4838 4845
f 4845 4838 4844
f 4835 4877 4834
f 4834 4877 4876
f 4840 4841 4835
f 4840 4835 4834
f 4846 4847 4841
f 4846 4841 4840
f 4821 4829 4820
f 4820 4829 4828
f 4811 4828 4829
f 4811 4810 4828
f 4810 4811 4804
f 4811 4805 4804
f 4812 4809 4808
f 4809 4812 4813
f 4832 4813 4812
f 4832 4833 4813
f 4832 4827 4833
f 4832 4826 4827
f 4882 4838 4883
f 4883 4838 4839
f 4847 4851 4850
f 4851 4852 4850
f 4847 4850 4846
f 4846 4890 4884
f 4884 4890 4916
f 4840 4846 4884
f 4884 4916 4914
f 4914 4876 4884
f 4914 4916 4940
f 4908 4914 4930
f 4930 4914 4938
f 4940 4938 4914
f 4939 4915 4937
f 4913 4937 4915
f 4915 4939 4941
f 4915 4941 4917
f 4849 4845 4889
f 4917 4893 4889
f 4889 4883 4915
f 4849 4889 4893
f 4915 4917 4889
f 4855 4853 4854
f 4855 4848 4849
f 4854 4848 4855
f 4956 4958 4973
f 4991 4989 4973
f 4930 4938 4956
f 4956 4938 4940
f 4953 4931 4930
f 4953 4952 4970
f 4970 4952 4969
f 4975 4991 4973
f 4940 4958 4975
f 4956 4940 4958
f 4958 4940 4973
f 4973 4940 4975
f 5021 5018 5002
f 5006 5021 5002
f 5006 5002 4986
f 4986 4970 4989
f 4986 4989 5006
f 5006 4989 5005
f 4953 4930 4952
f 4952 4930 4956
f 4952 4956 4969
f 4969 4956 4973
f 4969 4973 4970
f 4970 4973 4989
f 5005 4989 4991
f 5005 4991 5009
f 5002 5001 5018
f 5013 5014 4998
f 5042 5038 5037
f 5042 5037 5041
f 5035 5039 5036
f 5036 5039 5040
f 5017 5018 5001
f 5019 5016 5028
f 5019 5028 5032
f 5003 5000 5016
f 5019 5003 5016
f 5014 5026 5027
f 5027 5015 5014
f 4998 5014 5015
f 5025 5013 5024
f 5024 5013 5012
f 5013 5025 5014
f 5014 5025 5026
f 4997 5013 4998
f 4996 5012 4997
f 4997 5012 5013
f 5030 5023 5029
f 5029 5023 5011
f 5029 5011 5018
f 5036 5040 5037
f 5037 5040 5041
f 5032 5028 5031
f 5031 5028 5027
f 5031 5027 5037
f 5037 5027 5026
f 5037 5026 5034
f 5037 5034 5036
f 5036 5034 5033
f 5036 5033 5025
f 5036 5025 5030
f 5030 5025 5024
f 5030 5024 5023
f 5016 5015 5027
f 5024 5012 5011
f 5028 5016 5027
f 5034 5026 5033
f 5033 5026 5025
f 5023 5024 5011
f 5038 5031 5037
f 5035 5036 5030
f 5018 5011 5002
f 5002 5011 4995
f 5015 4999 4998
f 5000 4999 5016
f 5016 4999 5015
f 5011 5012 4995
f 4995 5012 4996
f 4980 4964 4963
f 4983 4967 4966
f 4814 4810 4796
f 4813 4817 4799
f 4914 4908 4876
f 4868 4821 4820
f 4868 4820 4828
f 4860 4861 4821
f 4826 4866 4867
f 4826 4867 4827
f 4867 4833 4827
f 4801 4802 4786
f 4786 4802 4787
f 4787 4802 4803
f 4787 4803 4793
f 4793 4803 4807
f 4793 4807 4794
f 4794 4807 4808
f 4801 4818 4802
f 4802 4818 4819
f 4802 4819 4825
f 4802 4825 4807
f 4807 4825 4826
f 4807 4826 4808
f 4819 4824 4825
f 4813 4799 4809
f 4809 4799 4795
f 4809 4795 4808
f 4808 4795 4794
f 4839 4817 4813
f 4833 4839 4813
f 4858 4864 4859
f 4904 4864 4903
f 4903 4864 4858
f 4824 4864 4825
f 4825 4864 4865
f 4825 4865 4826
f 4826 4865 4866
f 4833 4875 4839
f 4839 4875 4883
f 4915 4883 4913
f 4875 4833 4867
f 4875 4913 4883
f 4864 4904 4865
f 4865 4904 4905
f 4865 4905 4866
f 4866 4905 4906
f 4866 4906 4907
f 4866 4907 4867
f 4867 4907 4875
f 4875 4907 4913
f 4972 4955 4968
f 4968 4955 4951
f 4968 4951 4950
f 4968 4950 4967
f 4967 4950 4949
f 5004 4988 5003
f 5003 4988 4987
f 5003 4987 5000
f 5000 4987 4984
f 5000 4984 4999
f 4999 4984 4983
f 4967 4983 4968
f 4968 4983 4984
f 4968 4984 4972
f 4972 4984 4987
f 4972 4987 4988
f 4946 4924 4945
f 4945 4924 4923
f 4945 4923 4944
f 4944 4923 4922
f 4944 4922 4952
f 4952 4922 4930
f 4955 4937 4951
f 4951 4937 4929
f 4951 4929 4950
f 4950 4929 4928
f 4950 4928 4949
f 4949 4928 4927
f 4949 4927 4948
f 4948 4927 4926
f 4948 4926 4947
f 4947 4926 4925
f 4947 4925 4946
f 4946 4925 4924
f 4996 4980 4995
f 4995 4980 4979
f 4995 4979 5002
f 5002 4979 4986
f 4969 4985 4986
f 4969 4986 4962
f 4962 4986 4979
f 4962 4979 4963
f 4963 4979 4980
f 4998 4982 4997
f 4997 4982 4981
f 4997 4981 4996
f 4996 4981 4980
f 4998 4999 4983
f 4998 4983 4982
f 4982 4983 4966
f 4982 4966 4981
f 4981 4966 4965
f 4981 4965 4964
f 4981 4964 4980
f 4964 4946 4963
f 4963 4946 4945
f 4963 4945 4962
f 4962 4945 4944
f 4962 4944 4969
f 4969 4944 4952
f 4814 4834 4828
f 4828 4810 4814
f 4796 4810 4788
f 4788 4810 4804
f 4788 4804 4789
f 4789 4804 4805
f 4868 4828 4876
f 4876 4828 4834
f 4860 4821 4868
f 4790 4789 4805
f 4790 4805 4806
f 4806 4805 4821
f 4806 4821 4822
f 4786 4785 4801
f 4822 4818 4801
f 4822 4801 4800
f 4800 4801 4784
f 4785 4784 4801
f 4803 4802 4807
f 4861 4822 4821
f 4901 4861 4900
f 4900 4861 4860
f 4900 4860 4908
f 4908 4860 4868
f 4908 4868 4876
f 4860 4861 4868
f 4790 4806 4800
f 4822 4861 4862
f 4862 4861 4901
f 4862 4901 4902
f 4862 4902 4863
f 4902 4903 4863
f 4863 4903 4858
f 4858 4859 4819
f 4819 4818 4858
f 4858 4818 4863
f 4863 4818 4823
f 4863 4823 4862
f 4859 4864 4824
f 4859 4824 4819
f 4823 4818 4822
f 4823 4822 4862
f 4967 4949 4966
f 4966 4949 4948
f 4966 4948 4965
f 4965 4948 4947
f 4965 4947 4964
f 4964 4947 4946
f 4924 4902 4923
f 4923 4902 4901
f 4923 4901 4922
f 4922 4901 4900
f 4922 4900 4930
f 4930 4900 4908
f 4937 4913 4929
f 4929 4913 4907
f 4929 4907 4928
f 4928 4907 4906
f 4928 4906 4927
f 4927 4906 4905
f 4822 4800 4806
f 4800 4784 4790
f 4939 4937 4955
f 4939 4957 4959
f 4939 4959 4941
f 5010 4992 4990
f 5010 4990 5008
f 4954 4971 4955
f 4971 4972 4955
f 4955 4957 4939
f 5003 5019 5007
f 5003 5007 4987
f 4987 5007 4990
f 4987 4990 4971
f 4971 4990 4972
f 4972 4990 4974
f 4972 4974 4955
f 4955 4974 4957
f 4974 4990 4992
f 4974 4992 4976
f 4976 4959 4974
f 4974 4959 4957
f 5008 4990 5007
f 5022 5007 5019
f 4853 4855 4852
f 4850 4852 4855
f 4895 4920 4894
f 4850 4856 4895
f 4895 4856 4898
f 4894 4850 4895
f 4846 4850 4890
f 4890 4918 4916
f 4918 4940 4916
f 4960 4977 4975
f 4975 4977 4993
f 4975 4993 4991
f 4960 4975 4958
f 4958 4940 4960
f 4920 4942 4918
f 4920 4918 4894
f 4894 4918 4890
f 4894 4890 4850
f 4918 4942 4940
f 4940 4942 4960
f 4897 4893 4919
f 4919 4917 4941
f 4893 4849 4919
f 4919 4893 4917
f 4897 4855 4893
f 4857 4855 4897
f 4897 4896 4857
f 4857 4896 4899
f 4959 4976 4961
f 4959 4961 4941
f 4992 4994 4976
f 4976 4994 4978
f 4976 4978 4961
f 4921 4897 4919
f 4921 4919 4943
f 4941 4961 4943
f 4941 4943 4919
f 4849 4893 4855
f 4850 4855 4857
f 4899 4856 4850
f 4899 4850 4857
f 4899 4898 4856
f 5050 5180 5172
f 5077 5050 5172
f 5172 5171 5077
f 5171 5076 5077
f 5180 5050 5179
f 5179 5050 5049
f 5045 5175 5047
f 5047 5175 5177
f 5047 5177 5048
f 5048 5177 5178
f 5048 5178 5049
f 5049 5178 5179
f 5059 5085 5080
f 5059 5080 5101
f 5059 5101 5115
f 5059 5133 5149
f 5059 5054 5085
f 5115 5128 5059
f 5059 5128 5133
f 5059 5149 5154
f 5173 5043 5044
f 5044 5174 5173
f 5174 5044 5063
f 5174 5063 5158
f 5158 5063 5058
f 5158 5058 5153
f 5153 5058 5059
f 5153 5059 5154
f 5043 5173 5046
f 5046 5173 5176
f 5046 5176 5175
f 5046 5175 5045
f 5097 5076 5171
f 5171 5145 5097
f 5145 5096 5097
f 5096 5145 5144
f 5096 5125 5111
f 5096 5144 5125
f 5140 5122 5141
f 5145 5125 5144
f 5124 5110 5111
f 5111 5125 5124
f 5141 5142 5165
f 5140 5141 5162
f 5162 5141 5165
f 5139 5140 5159
f 5159 5140 5162
f 5159 5162 5160
f 5160 5162 5163
f 5123 5142 5141
f 5141 5122 5123
f 5140 5139 5122
f 5109 5123 5122
f 5150 5136 5135
f 5135 5136 5130
f 5129 5135 5130
f 5131 5126 5113
f 5131 5113 5130
f 5130 5113 5117
f 5120 5107 5121
f 5121 5107 5108
f 5120 5106 5107
f 5105 5118 5119
f 5105 5104 5118
f 5118 5104 5106
f 5118 5106 5120
f 5113 5112 5117
f 5119 5135 5116
f 5116 5135 5129
f 5117 5103 5102
f 5116 5117 5102
f 5103 5117 5098
f 5098 5117 5112
f 5098 5112 5099
f 5099 5112 5113
f 5116 5102 5119
f 5119 5102 5105
f 5175 5176 5157
f 5157 5176 5173
f 5118 5134 5137
f 5160 5139 5159
f 5161 5156 5155
f 5119 5118 5134
f 5137 5139 5138
f 5138 5139 5160
f 5138 5160 5155
f 5156 5151 5150
f 5150 5151 5136
f 5136 5151 5130
f 5152 5151 5156
f 5152 5156 5157
f 5155 5156 5150
f 5135 5138 5150
f 5150 5138 5155
f 5152 5147 5146
f 5146 5147 5130
f 5151 5152 5146
f 5146 5130 5151
f 5131 5130 5147
f 5137 5138 5135
f 5117 5116 5129
f 5117 5129 5130
f 5157 5156 5175
f 5175 5156 5161
f 5175 5161 5177
f 5177 5161 5164
f 5180 5179 5168
f 5168 5179 5166
f 5142 5143 5167
f 5167 5143 5169
f 5167 5169 5168
f 5168 5169 5170
f 5109 5110 5123
f 5123 5110 5124
f 5124 5125 5143
f 5143 5125 5145
f 5143 5145 5169
f 5169 5145 5171
f 5169 5171 5170
f 5170 5171 5172
f 5179 5178 5166
f 5166 5178 5164
f 5166 5164 5163
f 5163 5164 5160
f 5166 5167 5168
f 5163 5167 5166
f 5178 5177 5164
f 5164 5161 5160
f 5160 5161 5155
f 5137 5135 5134
f 5134 5135 5119
f 5122 5121 5108
f 5122 5108 5109
f 5172 5180 5170
f 5170 5180 5168
f 5163 5162 5167
f 5167 5162 5165
f 5167 5165 5142
f 5143 5142 5124
f 5124 5142 5123
f 5121 5122 5139
f 5121 5139 5120
f 5120 5139 5137
f 5120 5137 5118
f 5127 5133 5128
f 5127 5128 5114
f 5114 5128 5115
f 5133 5127 5132
f 5148 5149 5132
f 5133 5132 5149
f 5173 5174 5157
f 5157 5174 5158
f 5131 5147 5148
f 5126 5127 5113
f 5114 5113 5127
f 5127 5126 5132
f 5132 5126 5131
f 5158 5153 5152
f 5158 5152 5157
f 5152 5153 5147
f 5153 5154 5148
f 5154 5149 5148
f 5148 5132 5131
f 5114 5113 5100
f 5148 5147 5153
f 5043 5046 5045
f 5097 5096 5111
f 5094 5095 5109
f 5095 5110 5109
f 5093 5092 5070
f 5070 5092 5067
f 5092 5091 5067
f 5067 5091 5064
f 5067 5064 5065
f 5067 5065 5068
f 5056 5088 5082
f 5064 5091 5065
f 5091 5089 5065
f 5065 5089 5090
f 5065 5090 5060
f 5081 5082 5087
f 5087 5082 5088
f 5087 5088 5055
f 5055 5088 5056
f 5106 5089 5107
f 5107 5089 5091
f 5107 5091 5092
f 5108 5107 5092
f 5108 5092 5093
f 5109 5108 5093
f 5109 5093 5094
f 5086 5089 5106
f 5086 5106 5104
f 5087 5086 5104
f 5087 5104 5105
f 5087 5090 5089
f 5087 5089 5086
f 5082 5081 5102
f 5082 5102 5103
f 5057 5062 5061
f 5061 5062 5066
f 5103 5098 5082
f 5056 5057 5061
f 5052 5082 5083
f 5078 5083 5082
f 5078 5082 5099
f 5098 5099 5103
f 5103 5099 5082
f 5082 5051 5056
f 5066 5045 5069
f 5069 5045 5047
f 5069 5047 5071
f 5071 5047 5048
f 5071 5048 5073
f 5073 5048 5049
f 5073 5049 5050
f 5073 5050 5075
f 5075 5050 5077
f 5095 5094 5074
f 5074 5094 5072
f 5074 5072 5073
f 5074 5073 5075
f 5111 5110 5095
f 5111 5095 5097
f 5097 5095 5074
f 5097 5074 5076
f 5076 5074 5075
f 5076 5075 5077
f 5055 5056 5060
f 5060 5056 5061
f 5069 5068 5066
f 5060 5090 5087
f 5081 5087 5105
f 5081 5105 5102
f 5055 5060 5087
f 5073 5072 5071
f 5071 5072 5068
f 5094 5093 5070
f 5094 5070 5072
f 5072 5070 5067
f 5072 5067 5068
f 5051 5082 5052
f 5051 5052 5057
f 5051 5057 5056
f 5060 5061 5065
f 5065 5061 5066
f 5069 5071 5068
f 5062 5043 5045
f 5062 5045 5066
f 5065 5066 5068
f 5044 5043 5062
f 5085 5054 5053
f 5085 5053 5084
f 5100 5080 5079
f 5079 5080 5085
f 5079 5085 5084
f 5100 5101 5080
f 5114 5115 5101
f 5101 5100 5114
f 5059 5058 5054
f 5054 5058 5053
f 5063 5044 5062
f 5063 5062 5058
f 5058 5062 5057
f 5113 5114 5099
f 5099 5114 5100
f 5079 5099 5100
f 5079 5084 5083
f 5079 5083 5078
f 5079 5078 5099
f 5057 5052 5058
f 5058 5052 5053
f 5052 5083 5084
f 5053 5052 5084
