v -0.143766721 0.307406366 0.175195381
v -0.144183432 0.308961004 0.170864880
v -0.144535636 0.310959369 0.165044665
v -0.144713764 0.312639564 0.159471691
v -0.144700398 0.314039677 0.154777765
v -0.144724776 0.313307405 0.150147781
v -0.143817325 0.301049918 0.183395833
v -0.144483377 0.303990483 0.176012948
v -0.144898539 0.305317402 0.170758367
v -0.145305877 0.305300027 0.164396375
v -0.145231535 0.307330936 0.158550814
v -0.145171662 0.307090968 0.153961733
v -0.144848679 0.307787895 0.147977307
v -0.143606042 0.296515912 0.189740568
v -0.143993815 0.298051059 0.186001584
v -0.144766678 0.297696263 0.182280689
v -0.145224770 0.299410790 0.176540807
v -0.145618071 0.299409717 0.171289951
v -0.145700310 0.300169230 0.163290560
v -0.145557230 0.301720858 0.158398226
v -0.145430063 0.300834924 0.153221384
v -0.145025824 0.302173108 0.147311598
v -0.144879450 0.300838649 0.141118437
v -0.142884349 0.289331257 0.209221095
v -0.143369486 0.290605783 0.199212506
v -0.143583034 0.292263329 0.195624053
v -0.144420107 0.292420000 0.190256342
v -0.145112191 0.292282015 0.185340762
v -0.145442044 0.293226451 0.181022018
v -0.145785679 0.292691469 0.175006017
v -0.145905470 0.293704987 0.170618474
v -0.145936673 0.294772476 0.163667783
v -0.145849397 0.295335442 0.157136753
v -0.145693262 0.296769023 0.152744308
v -0.145623257 0.296883762 0.147458360
v -0.145526071 0.297172934 0.140705213
v -0.145296668 0.297755361 0.136757955
v -0.145002131 0.297289759 0.131687671
v -0.143677627 0.284539849 0.208675608
v -0.144167577 0.285706609 0.198654279
v -0.144565706 0.286643475 0.194988742
v -0.145103653 0.286858708 0.189115509
v -0.145362903 0.288954675 0.184946835
v -0.145619844 0.287891090 0.180385619
v -0.145792593 0.288212776 0.174968943
v -0.145878811 0.286926508 0.165933862
v -0.145936300 0.289705962 0.163144097
v -0.145959859 0.291580230 0.157212883
v -0.146058832 0.290216029 0.152103364
v -0.146053513 0.291022807 0.147227213
v -0.145900493 0.291743577 0.140823081
v -0.145540138 0.293121308 0.135711551
v -0.145066504 0.293951631 0.131289274
v -0.142977287 0.277872801 0.207852066
v -0.143626978 0.279440343 0.197884455
v -0.144822423 0.282202423 0.194467619
v -0.145200257 0.282072872 0.188540876
v -0.145504852 0.282561719 0.179739937
v -0.145641734 0.283343673 0.173880771
v -0.145776813 0.283378989 0.167260885
v -0.145931219 0.285072595 0.162772298
v -0.146046658 0.286245376 0.157920584
v -0.146074419 0.287327319 0.149780959
v -0.145881345 0.284792453 0.147496983
v -0.145459925 0.286970347 0.140987366
v -0.145044361 0.289180756 0.135221675
v -0.142896538 0.273580492 0.207335100
v -0.143640761 0.274659932 0.197312415
v -0.144685094 0.274395168 0.193531662
v -0.144975786 0.275539160 0.187741041
v -0.145039399 0.275464892 0.183302283
v -0.145082613 0.275657505 0.178891405
v -0.145223533 0.276276201 0.173019037
v -0.145578270 0.277670383 0.166461527
v -0.145912041 0.280036300 0.162170470
v -0.145974507 0.278881699 0.155788615
v -0.145759975 0.278703898 0.149238661
v -0.145665308 0.280757338 0.147051796
v -0.144712751 0.282420486 0.138908491
v -0.143662785 0.268761247 0.206785321
v -0.144048994 0.269304723 0.196685627
v -0.144246583 0.268647790 0.193333313
v -0.144605284 0.270062029 0.187552705
v -0.144546573 0.268794715 0.182469234
v -0.144567047 0.268987536 0.178063676
v -0.144685482 0.269659370 0.172206789
v -0.145319884 0.273713171 0.165271863
v -0.145371293 0.272690922 0.161138594
v -0.145430853 0.272098869 0.155219451
v -0.145601620 0.274806857 0.150170416
v -0.145250504 0.274459541 0.145010144
v -0.144768049 0.275677651 0.140110388
v -0.142741983 0.262827605 0.206041723
v -0.143040259 0.263243914 0.195923671
v -0.143676226 0.264309764 0.191795081
v -0.143843775 0.264072686 0.186298653
v -0.143875499 0.263868481 0.181840301
v -0.144182761 0.265694767 0.177649289
v -0.144266849 0.266165674 0.173266098
v -0.144132127 0.263974845 0.167006925
v -0.144623106 0.265563488 0.159627020
v -0.144825001 0.266472459 0.153646275
v -0.144952630 0.268328607 0.149309784
v -0.144795423 0.269145072 0.144556835
v -0.144357463 0.271135509 0.137542889
v -0.141960328 0.259445786 0.195430160
v -0.142746722 0.260438859 0.191802815
v -0.142824535 0.259371698 0.185686409
v -0.142889832 0.259037137 0.181212291
v -0.143339937 0.260770261 0.177020043
v -0.143341665 0.259641618 0.169463426
v -0.143631821 0.260318309 0.166190803
v -0.144151111 0.261478394 0.159365460
v -0.144309958 0.261997551 0.153771162
v -0.144106840 0.262060910 0.148963407
v -0.144007941 0.263990462 0.144641012
v -0.143928145 0.266037047 0.139925018
v -0.142852043 0.257375032 0.170294896
v -0.139595469 0.320572942 0.165256768
v -0.140809854 0.321495414 0.159949884
v -0.140820478 0.322602630 0.155664787
v -0.141219159 0.323082089 0.150060251
v -0.141310041 0.323571205 0.144523561
v -0.141162817 0.324159473 0.139270589
v -0.141015773 0.324558645 0.133459315
v -0.140583758 0.324755281 0.127658248
v -0.140034427 0.313138932 0.177250162
v -0.140838747 0.315950274 0.171363547
v -0.142087777 0.317456931 0.165564537
v -0.143317898 0.317970306 0.159586787
v -0.143402522 0.319046408 0.155331209
v -0.143444766 0.319684476 0.150326937
v -0.143336718 0.320320636 0.144459069
v -0.143104632 0.320929885 0.138953462
v -0.142542039 0.321319550 0.132990226
v -0.141528015 0.322183311 0.127086818
v -0.140721296 0.321565479 0.121920951
v -0.137937133 0.306698740 0.189794421
v -0.139630769 0.308585465 0.184159592
v -0.141963338 0.310132116 0.177173406
v -0.143150319 0.311734289 0.171461865
v -0.143587102 0.313818932 0.166872844
v -0.144566049 0.314990371 0.148831770
v -0.144308751 0.315034062 0.142796293
v -0.143804793 0.314717978 0.138234124
v -0.142941867 0.315416038 0.132300094
v -0.141903837 0.316391855 0.126413122
v -0.140803744 0.316335559 0.120909564
v -0.137630885 0.299089581 0.210201949
v -0.138280769 0.300230622 0.200183257
v -0.138638531 0.301937908 0.196110964
v -0.140414422 0.302903295 0.190526694
v -0.142128070 0.302882165 0.186522678
v -0.142599945 0.303991377 0.183708951
v -0.143430655 0.306304067 0.178053841
v -0.144275774 0.309422642 0.142121851
v -0.143702810 0.308655113 0.137504235
v -0.142809008 0.310315788 0.131684527
v -0.141780351 0.311307371 0.125799671
v -0.140636196 0.311760366 0.119859010
v -0.140231793 0.295545995 0.209870547
v -0.140976672 0.296396822 0.199820504
v -0.141529252 0.297481745 0.196172461
v -0.142405619 0.299057662 0.190990373
v -0.144401406 0.304518193 0.141539797
v -0.144164940 0.303446501 0.136897534
v -0.143319954 0.304881662 0.131047398
v -0.142315422 0.305832803 0.125151291
v -0.141175856 0.306392163 0.119217128
v -0.138888811 0.290849060 0.209259987
v -0.139247214 0.292049348 0.199237972
v -0.144782250 0.299957573 0.135001004
v -0.144381960 0.299335152 0.129663736
v -0.143309911 0.299757242 0.122942403
v -0.142020051 0.300370157 0.117001593
v -0.140458395 0.301631540 0.111150317
v -0.138595109 0.285017610 0.208551064
v -0.138953512 0.286217898 0.198529050
v -0.144631540 0.294449478 0.128333971
v -0.143545960 0.295336127 0.122413009
v -0.142218580 0.296098858 0.116485268
v -0.140528028 0.295591384 0.110414721
v -0.140979980 0.277431726 0.207727820
v -0.141338398 0.278632045 0.197705805
v -0.144325187 0.286802709 0.133409023
v -0.143673395 0.289064884 0.127657950
v -0.142298867 0.288765609 0.121590175
v -0.141073932 0.289836675 0.115706541
v -0.141048958 0.275031328 0.207442790
v -0.141407375 0.276231647 0.197420776
v -0.143862729 0.281266481 0.133930773
v -0.142827039 0.282000452 0.127982840
v -0.141722922 0.282213658 0.122283056
v -0.140269418 0.283779562 0.114957325
v -0.139702936 0.282318234 0.112108588
v -0.138497268 0.267722368 0.206476167
v -0.138855671 0.268922687 0.196454152
v -0.143838127 0.277155966 0.133737922
v -0.142828261 0.277704686 0.127767563
v -0.141742473 0.278642148 0.121854708
v -0.140286406 0.280230016 0.114530534
v -0.139793878 0.280224055 0.111995079
v -0.137234678 0.261452734 0.205680117
v -0.137593080 0.262653053 0.195658103
v -0.143755381 0.271011323 0.132998735
v -0.142837663 0.271263570 0.126998141
v -0.141805147 0.272025675 0.121068448
v -0.140374099 0.273523718 0.113736510
v -0.139730920 0.272366524 0.111018017
v -0.140882348 0.257135093 0.205293447
v -0.140963723 0.257541180 0.195166409
v -0.141276037 0.256727785 0.191610798
v -0.141847258 0.256627411 0.186802343
v -0.143524935 0.262838066 0.142608196
v -0.143250753 0.264751285 0.137043759
v -0.142895152 0.265912950 0.132034689
v -0.142011662 0.266090900 0.126348361
v -0.141038452 0.266743511 0.120698787
v -0.139831116 0.267518431 0.114760935
v -0.139491101 0.270600140 0.110603198
v -0.137941023 0.252743185 0.204662248
v -0.138198410 0.253645509 0.194600940
v -0.138890793 0.252880365 0.190758809
v -0.140639727 0.253701121 0.184923902
v -0.141050165 0.253475845 0.180474535
v -0.141690885 0.254267663 0.176175311
v -0.142045905 0.254281700 0.170917034
v -0.137128030 0.250287831 0.188875675
v -0.138178845 0.249732286 0.184073359
v -0.138199602 0.248465419 0.179785624
v -0.139478614 0.249077544 0.175479829
v -0.140387778 0.249382824 0.170271456
v -0.137313356 0.245881513 0.175029263
v -0.138045420 0.245215639 0.169690028
v -0.134773289 0.320230454 0.171572030
v -0.136065935 0.322067559 0.165852413
v -0.136603912 0.323647767 0.160195366
v -0.137366970 0.324465215 0.155764446
v -0.137485285 0.325089186 0.151084527
v -0.137849649 0.325582713 0.144582346
v -0.138288682 0.325869739 0.139184982
v -0.138123562 0.326326579 0.133433610
v -0.138320719 0.326459736 0.126741990
v -0.137620066 0.326522887 0.121631719
v -0.137109106 0.326850802 0.117072977
v -0.136368816 0.326990694 0.113106586
v -0.134606545 0.313810110 0.183120340
v -0.136040126 0.316299975 0.177700579
v -0.137623300 0.318504512 0.172275037
v -0.136808907 0.323326856 0.121705346
v -0.137935405 0.323720455 0.115467854
v -0.137404745 0.325407237 0.113887511
v -0.132366349 0.305168539 0.200563148
v -0.133710240 0.305963188 0.196903467
v -0.134625231 0.308459818 0.191362575
v -0.136928265 0.311362267 0.184398770
v -0.139184748 0.317511708 0.113588676
v -0.134287809 0.302099854 0.210442930
v -0.134788309 0.303393334 0.200437158
v -0.136778523 0.302912146 0.198116109
v -0.135162150 0.310522348 0.121168807
v -0.137448301 0.312080234 0.113801926
v -0.137976219 0.310558200 0.111737676
v -0.133942505 0.295575678 0.209649190
v -0.134300922 0.296775997 0.199627191
v -0.135328596 0.306896269 0.120433137
v -0.135353332 0.306340158 0.115534410
v -0.137611588 0.307176381 0.107701361
v -0.135301550 0.303013802 0.118803374
v -0.135222633 0.303181589 0.115938172
v -0.137486254 0.303014070 0.109233432
v -0.139968996 0.296611995 0.108023711
v -0.135108312 0.289799541 0.117385037
v -0.135379185 0.290556252 0.110699505
v -0.137240802 0.289942890 0.105647489
v -0.134837364 0.283925354 0.122371130
v -0.134748493 0.283198088 0.118635960
v -0.137499054 0.283953875 0.111464284
v -0.137547885 0.287407726 0.106270209
v -0.135121842 0.281507522 0.111981712
v -0.134157126 0.270253569 0.119564727
v -0.134551917 0.270353645 0.117354617
v -0.134926071 0.271540701 0.110729925
v -0.134571795 0.256582022 0.205001533
v -0.134930213 0.257782340 0.194979519
v -0.134334763 0.265244275 0.124146879
v -0.134164666 0.267186224 0.120296583
v -0.134490241 0.267826349 0.117471129
v -0.137620394 0.269536704 0.109561630
v -0.136705731 0.268051267 0.106554061
v -0.133314927 0.250983655 0.204286084
v -0.134235923 0.251658410 0.194221243
v -0.135910009 0.250478506 0.191864744
v -0.131164794 0.248021722 0.203854442
v -0.132009988 0.249292195 0.193858251
v -0.133875554 0.248621985 0.189846575
v -0.135440071 0.247221455 0.183692336
v -0.132042070 0.244950026 0.182134554
v -0.133714204 0.244702503 0.179203972
v -0.134521862 0.243601739 0.174504027
v -0.135707815 0.242840886 0.169605255
v -0.133071025 0.241124764 0.168742448
v -0.129891438 0.319227248 0.176865175
v -0.129892034 0.321514517 0.171854571
v -0.130157267 0.323528916 0.166033611
v -0.130210598 0.325003356 0.160433173
v -0.132021790 0.325691015 0.155720189
v -0.131809701 0.326335549 0.151247337
v -0.131303643 0.327105194 0.143777832
v -0.132972171 0.327216148 0.138843790
v -0.131815140 0.327961802 0.131908908
v -0.131365200 0.328577876 0.126002371
v -0.132660021 0.328318715 0.120173633
v -0.133404900 0.327655256 0.116560906
v -0.132963483 0.328975290 0.111682713
v -0.129565907 0.311816067 0.190110743
v -0.130224650 0.315846354 0.182908833
v -0.131646698 0.317670494 0.178995639
v -0.134438356 0.323083013 0.121957555
v -0.133833905 0.324417263 0.115842447
v -0.133649756 0.325134933 0.109444618
v -0.133060967 0.325210571 0.108023815
v -0.129150872 0.305028558 0.210609972
v -0.129281727 0.306494474 0.200611651
v -0.128481914 0.308438063 0.197012827
v -0.130305638 0.310448974 0.191937312
v -0.128772167 0.299738854 0.209962904
v -0.129130577 0.300939173 0.199940890
v -0.134453674 0.310443908 0.122145586
v -0.133618374 0.310927808 0.114154987
v -0.133546461 0.311726004 0.107541345
v -0.132796814 0.311876267 0.106417350
v -0.134502639 0.306698442 0.112461291
v -0.133792167 0.306631804 0.109987915
v -0.134165247 0.306701750 0.103291050
v -0.134432961 0.303787351 0.109997027
v -0.134068270 0.304638445 0.103082165
v -0.134198924 0.291231304 0.108440168
v -0.133836453 0.291991919 0.101545326
v -0.133444239 0.283516526 0.121231198
v -0.132775893 0.284008920 0.117679931
v -0.131998663 0.284284592 0.113287270
v -0.131989737 0.284498453 0.106628500
v -0.133108785 0.270043045 0.120510966
v -0.132537712 0.270855367 0.113235250
v -0.132120748 0.270996988 0.112128124
v -0.131720473 0.271849483 0.105117835
v -0.133072143 0.267479241 0.120474346
v -0.132559096 0.268799454 0.112945355
v -0.132152309 0.268937647 0.111865237
v -0.131735836 0.269793421 0.104830436
v -0.128736091 0.252456844 0.204298764
v -0.129094501 0.253657162 0.194276765
v -0.126825129 0.246712849 0.203542486
v -0.127678794 0.247902900 0.193536967
v -0.128074725 0.246536762 0.189597815
v -0.128446770 0.243876025 0.181886658
v -0.128764321 0.242865235 0.178823650
v -0.129655552 0.241831183 0.175034076
v -0.128832114 0.240918294 0.172672838
v -0.128609245 0.239851087 0.168591917
v -0.124442500 0.319881380 0.177500024
v -0.125267600 0.322404027 0.171290860
v -0.125571285 0.324096262 0.165937603
v -0.124469590 0.325556636 0.159990087
v -0.126268190 0.326250583 0.155581385
v -0.126113844 0.326824665 0.151102066
v -0.125842956 0.327516675 0.143631622
v -0.125649368 0.327985317 0.137673974
v -0.125504208 0.328521043 0.131750137
v -0.127130059 0.329045773 0.125906378
v -0.126988274 0.329696327 0.120026514
v -0.127229822 0.329861045 0.109929316
v -0.126149674 0.327775747 0.106961548
v -0.123476391 0.312472731 0.191149011
v -0.124884275 0.316603303 0.183602229
v -0.127937895 0.326576620 0.109094977
v -0.125980605 0.326539606 0.106509842
v -0.122344096 0.305491894 0.210422054
v -0.123067972 0.307055235 0.200456589
v -0.123337870 0.309795558 0.196503535
v -0.121143271 0.307972342 0.190909743
v -0.123782431 0.301498473 0.209995210
v -0.124140834 0.302698791 0.199973196
v -0.121002351 0.300858587 0.190052703
v -0.125644189 0.311661988 0.104232863
v -0.127078039 0.308694601 0.106311448
v -0.126781014 0.307893068 0.102462873
v -0.125704621 0.307790995 0.100156628
v -0.125021656 0.305241376 0.099690564
v -0.127906111 0.290479273 0.099745482
v -0.125074473 0.291944385 0.098168045
v -0.125407350 0.286622316 0.105621256
v -0.125990567 0.289082676 0.099527828
v -0.125138973 0.269195825 0.103070840
v -0.123007936 0.251099020 0.203931302
v -0.123366346 0.252299339 0.193909287
v -0.120964018 0.247369394 0.203411520
v -0.121732180 0.248190388 0.193358734
v -0.122423914 0.246198222 0.190844283
v -0.122292047 0.245142505 0.187736690
v -0.122286168 0.243092269 0.181569263
v -0.124066842 0.242174581 0.178571686
v -0.124320825 0.241248831 0.175513774
v -0.122195092 0.240633085 0.173386320
v -0.123346527 0.239357203 0.168295890
v -0.121712503 0.318250865 0.181039989
v -0.121034299 0.320711613 0.175914004
v -0.118597795 0.321845680 0.171881318
v -0.118633491 0.323650956 0.166188538
v -0.118301180 0.324917704 0.161267698
v -0.119034496 0.326102614 0.155305132
v -0.119200920 0.326769739 0.150344416
v -0.119764176 0.327520907 0.143414810
v -0.119722788 0.328051895 0.137469992
v -0.119756018 0.328628957 0.131557584
v -0.121765842 0.329230547 0.125737444
v -0.121848238 0.329884976 0.119866416
v -0.119406712 0.329672635 0.116292477
v -0.122237464 0.330035120 0.110851221
v -0.121487518 0.327954352 0.106245682
v -0.115704198 0.311183214 0.195080519
v -0.118865763 0.312286586 0.192875639
v -0.121433933 0.314899236 0.187082440
v -0.121579995 0.316676468 0.183928624
v -0.118448262 0.314466029 0.176217467
v -0.121518356 0.326152027 0.105787769
v -0.118821849 0.305553228 0.210303426
v -0.118854229 0.307143956 0.200316519
v -0.118705389 0.309566855 0.196803808
v -0.120609087 0.308834881 0.193381354
v -0.121026580 0.310060352 0.176052853
v -0.117975888 0.302116245 0.209861547
v -0.118334298 0.303316563 0.199839532
v -0.120894638 0.300519496 0.192197725
v -0.120408540 0.304037154 0.175553143
v -0.121284482 0.313125074 0.103728369
v -0.118905840 0.295337349 0.194364980
v -0.120439035 0.296226829 0.191986084
v -0.120295641 0.298229218 0.175162762
v -0.120793221 0.308186471 0.102164410
v -0.122903300 0.307926923 0.100157857
v -0.117514205 0.293195128 0.194239587
v -0.118755688 0.293329358 0.192465022
v -0.118836341 0.295540601 0.172810614
v -0.119478730 0.305171788 0.100928575
v -0.122204502 0.305283308 0.099680208
v -0.121518155 0.287764013 0.164923072
v -0.121656438 0.290213436 0.162491009
v -0.121885871 0.292093873 0.156878754
v -0.122038146 0.290575176 0.151155427
v -0.121377346 0.283690900 0.166258991
v -0.122063887 0.287755132 0.148336396
v -0.122055893 0.285766155 0.147142544
v -0.119873350 0.290796429 0.099419266
v -0.121943255 0.292340785 0.098096475
v -0.121267107 0.277834475 0.165377825
v -0.121889201 0.278936774 0.147274002
v -0.121985932 0.282084703 0.146608919
v -0.120342826 0.286554366 0.104234278
v -0.122010228 0.285604060 0.103203617
v -0.121265528 0.275011539 0.163386703
v -0.121319530 0.273206085 0.160442039
v -0.121501771 0.272704333 0.154542789
v -0.121740130 0.275531292 0.149342999
v -0.119360131 0.272486597 0.102071114
v -0.121709486 0.272436887 0.101619534
v -0.119878803 0.268692911 0.102117337
v -0.121750896 0.269693166 0.101283602
v -0.116282468 0.250994235 0.203678235
v -0.116640878 0.252194554 0.193656221
v -0.117716042 0.247465059 0.203306809
v -0.117625778 0.248201758 0.193213239
v -0.116476898 0.246210515 0.190637633
v -0.116143857 0.245197162 0.187522233
v -0.117363689 0.243103087 0.181388736
v -0.117331793 0.240890130 0.173734084
v -0.117760276 0.239436299 0.167851374
v -0.115854082 0.320311248 0.171206191
v -0.115512480 0.321866214 0.165489435
v -0.114711416 0.323600590 0.160177380
v -0.113697094 0.324874878 0.155578807
v -0.113784020 0.326012582 0.149947703
v -0.115525087 0.327138573 0.143217832
v -0.114570570 0.327685922 0.137241870
v -0.114757528 0.328350455 0.131344527
v -0.115022761 0.329012454 0.125468194
v -0.115766314 0.327411711 0.122106805
v -0.118288641 0.329097927 0.119332708
v -0.117241417 0.327494383 0.110297203
v -0.118415845 0.327851892 0.107601210
v -0.112299991 0.312536329 0.195120841
v -0.112854754 0.314089864 0.193144903
v -0.113316712 0.315787822 0.175933570
v -0.114409541 0.317777574 0.171463326
v -0.112694566 0.317048162 0.164707929
v -0.112298121 0.319089085 0.161618084
v -0.116107141 0.323441178 0.121471271
v -0.117028703 0.325750500 0.110034227
v -0.118304801 0.325613707 0.107104078
v -0.113016394 0.306745440 0.210238606
v -0.113346395 0.308062345 0.200229540
v -0.112652679 0.308708698 0.197793499
v -0.111878370 0.312152028 0.170218423
v -0.111437951 0.312784880 0.165632054
v -0.112247725 0.301528305 0.209586263
v -0.112606135 0.302728593 0.199564263
v -0.115658966 0.310903728 0.120127864
v -0.116364678 0.312693745 0.108117722
v -0.117934642 0.312998325 0.105331481
v -0.114904565 0.306912303 0.118983120
v -0.117047955 0.306875616 0.116369314
v -0.117257160 0.308034629 0.107086368
v -0.117976812 0.307926834 0.104441568
v -0.112678197 0.293577880 0.192863762
v -0.112818365 0.294047296 0.188944265
v -0.111975026 0.296066433 0.173124462
v -0.116269392 0.303595006 0.117364146
v -0.116940540 0.303617746 0.115786493
v -0.116936413 0.304655343 0.105758861
v -0.117575248 0.304938972 0.103389159
v -0.114527312 0.288926214 0.116549723
v -0.116662142 0.290943027 0.114155538
v -0.116877620 0.290964425 0.104117036
v -0.117406470 0.291433126 0.101852447
v -0.113755469 0.283774078 0.120923951
v -0.114714463 0.282965928 0.119163893
v -0.115466428 0.285851806 0.109853730
v -0.116331068 0.286105990 0.106734328
v -0.113827613 0.270522535 0.119470306
v -0.114425671 0.270712674 0.117445953
v -0.114588608 0.271866411 0.107794531
v -0.115662602 0.272206604 0.104794018
v -0.113200669 0.268499583 0.119408116
v -0.114358527 0.269561827 0.117414512
v -0.114944925 0.268406928 0.107392937
v -0.115948965 0.268724978 0.104587860
v -0.110678022 0.251919866 0.203588665
v -0.111036432 0.253120154 0.193566650
v -0.110730101 0.246812209 0.202978790
v -0.110929695 0.247920096 0.192940041
v -0.110791911 0.246683493 0.189495623
v -0.111269158 0.243925557 0.181270376
v -0.111952339 0.241969392 0.175151929
v -0.111856726 0.241183653 0.172092989
v -0.111799304 0.240271747 0.168161407
v -0.110650321 0.323600680 0.153907150
v -0.108660315 0.323994607 0.149036556
v -0.107967881 0.324830055 0.143895060
v -0.108932343 0.326339036 0.136878848
v -0.109281127 0.327167809 0.131005272
v -0.109364984 0.327706963 0.125105560
v -0.110495952 0.327875972 0.123310223
v -0.107255374 0.312167913 0.194896311
v -0.107562241 0.314069241 0.192867488
v -0.108252359 0.315843433 0.176163882
v -0.110318166 0.317910522 0.158852533
v -0.107932744 0.319294482 0.153343618
v -0.106816908 0.321896821 0.149221733
v -0.107060392 0.305065304 0.209824383
v -0.107526695 0.306473494 0.199831128
v -0.106869971 0.307126433 0.197340667
v -0.104763297 0.310861498 0.193239823
v -0.105609303 0.313240647 0.174709529
v -0.110703220 0.309054315 0.169948980
v -0.110577566 0.311533332 0.163688213
v -0.109121558 0.312607497 0.159059465
v -0.106994112 0.313508779 0.154018492
v -0.107234781 0.299512386 0.209165558
v -0.107593191 0.300712705 0.199143544
v -0.109241803 0.305090308 0.171904370
v -0.109928970 0.305804908 0.168929189
v -0.109894318 0.306039214 0.164028868
v -0.108686884 0.307435066 0.158717319
v -0.106814061 0.309533417 0.153531030
v -0.104842824 0.297463089 0.208834574
v -0.105201234 0.298663378 0.198812574
v -0.105295402 0.296954989 0.193004206
v -0.105345083 0.297121376 0.191615015
v -0.108825800 0.297539711 0.173677489
v -0.108820622 0.300722748 0.168230876
v -0.109476318 0.300975174 0.163764745
v -0.108472814 0.301502287 0.157347277
v -0.106968981 0.302805841 0.152723864
v -0.110263218 0.305255175 0.118234470
v -0.107512226 0.293765306 0.192701459
v -0.106783253 0.294425458 0.189801663
v -0.108213690 0.296189636 0.173515022
v -0.107785073 0.294906557 0.167347565
v -0.108864044 0.295524031 0.162835732
v -0.108294946 0.296359241 0.157190263
v -0.106997517 0.297132552 0.152879387
v -0.110556682 0.303795815 0.117914170
v -0.104971749 0.288895011 0.172850758
v -0.107108777 0.289748609 0.166708618
v -0.107890164 0.289172560 0.162045211
v -0.107184750 0.290548742 0.156199500
v -0.106183757 0.292459279 0.152457803
v -0.104654831 0.283572525 0.174893960
v -0.105396581 0.283345580 0.171641797
v -0.106748750 0.283464223 0.166089296
v -0.107068737 0.284354031 0.160992295
v -0.106009250 0.285357267 0.156390667
v -0.109525544 0.289590687 0.116907790
v -0.104744610 0.280110240 0.172063217
v -0.105788847 0.279433966 0.165121049
v -0.105917391 0.280330241 0.160986722
v -0.105388885 0.282246321 0.157200590
v -0.108625588 0.284034610 0.121740893
v -0.103979339 0.255606711 0.203790665
v -0.104337749 0.256807029 0.193768665
v -0.109180872 0.268007874 0.120694853
v -0.106651959 0.253560096 0.203641132
v -0.107010369 0.254760414 0.193619117
v -0.105371420 0.248635814 0.203005567
v -0.105726508 0.249649405 0.192961082
v -0.105739330 0.248166889 0.188782156
v -0.106110518 0.245466769 0.181274533
v -0.106124264 0.243245557 0.173618227
v -0.105051776 0.242519900 0.169036373
v -0.106636641 0.241632879 0.167857856
v -0.105975983 0.323417127 0.143903732
v -0.105984849 0.324702471 0.136577412
v -0.106197846 0.325449318 0.130688280
v -0.106575851 0.326000035 0.124799646
v -0.107028571 0.326459438 0.123082943
v -0.103582618 0.312866390 0.192152813
v -0.104246323 0.314604640 0.176570967
v -0.105733049 0.320376009 0.147827581
v -0.104266507 0.320763052 0.142377988
v -0.104271223 0.321622074 0.137272641
v -0.104561915 0.322527081 0.131561935
v -0.105235105 0.323323548 0.125028789
v -0.105581624 0.323603988 0.122689210
v -0.102945772 0.308358878 0.194285989
v -0.101539304 0.308983415 0.192042992
v -0.102420722 0.310984910 0.175373435
v -0.105758225 0.314135790 0.150786877
v -0.104588208 0.313752174 0.147449672
v -0.103257788 0.314876556 0.141414851
v -0.103355271 0.316508740 0.137002453
v -0.103782472 0.317847371 0.131188035
v -0.104441849 0.318781674 0.125352859
v -0.104869870 0.318815559 0.122090258
v -0.102107649 0.301696718 0.209243804
v -0.102167090 0.302754879 0.199194089
v -0.102066417 0.303107470 0.195836619
v -0.100680207 0.303746432 0.191470712
v -0.101525803 0.305875897 0.174606234
v -0.105675076 0.308315635 0.150103480
v -0.104593312 0.308083773 0.146816209
v -0.103072402 0.308956236 0.140292108
v -0.103112166 0.308889776 0.136081576
v -0.103539919 0.310115218 0.130251274
v -0.104440254 0.311244994 0.122953661
v -0.104712797 0.311293632 0.121164098
v -0.101713908 0.295571446 0.208496124
v -0.100914125 0.297591716 0.198530897
v -0.100764033 0.298906714 0.194852084
v -0.102379081 0.298260719 0.190617472
v -0.103091774 0.300413698 0.174393371
v -0.105750104 0.301831961 0.149342194
v -0.104384166 0.302927434 0.145552635
v -0.103044962 0.303912014 0.139583588
v -0.104899799 0.306501269 0.119116433
v -0.101409604 0.290200531 0.207841977
v -0.101768007 0.291400850 0.197819978
v -0.100678411 0.292547584 0.183935672
v -0.103420635 0.292989492 0.177625775
v -0.104515572 0.293814868 0.174643427
v -0.105371763 0.297507465 0.148811534
v -0.103952338 0.297308624 0.144961834
v -0.103018400 0.298981249 0.140125304
v -0.103112367 0.300601125 0.133587956
v -0.103446310 0.301306307 0.129190087
v -0.104341840 0.302373737 0.121879928
v -0.100421419 0.285238385 0.207212344
v -0.100779829 0.286438704 0.197190329
v -0.100858574 0.287650555 0.183284000
v -0.103301820 0.288142949 0.178089991
v -0.104465996 0.290408969 0.174103484
v -0.104328838 0.291367799 0.148929819
v -0.103392084 0.292487234 0.145449042
v -0.103045751 0.294321358 0.141532153
v -0.103124139 0.292246521 0.132587731
v -0.099867095 0.278595239 0.206396878
v -0.100225506 0.279795557 0.196374878
v -0.100772743 0.282141954 0.182629406
v -0.103641463 0.282952011 0.177299306
v -0.104445991 0.284305811 0.153800249
v -0.103727398 0.286062151 0.150669619
v -0.103153219 0.287182271 0.144025296
v -0.104796176 0.290485501 0.117017470
v -0.099720274 0.272852868 0.205703884
v -0.100078684 0.274053186 0.195681870
v -0.099828695 0.276769996 0.181684762
v -0.102532623 0.277665704 0.176553980
v -0.103763563 0.277452588 0.171546102
v -0.104139988 0.276234031 0.166463494
v -0.104041179 0.277701229 0.159023330
v -0.103587133 0.279656380 0.155246481
v -0.103209038 0.281948686 0.149793565
v -0.103013468 0.281906039 0.144899681
v -0.102935729 0.283159971 0.137503445
v -0.102999066 0.282718718 0.133130834
v -0.103413445 0.283803463 0.127094060
v -0.104024341 0.284664243 0.121568665
v -0.099793588 0.268835127 0.205225304
v -0.100151998 0.270035416 0.195203304
v -0.098939163 0.272637457 0.179571196
v -0.100164582 0.272582680 0.175959229
v -0.101636154 0.273188293 0.170545444
v -0.102714670 0.273725063 0.164811611
v -0.103036796 0.274848908 0.160122931
v -0.102916551 0.276144296 0.155265421
v -0.102659968 0.276044220 0.148725167
v -0.102627111 0.277123004 0.144311994
v -0.102496845 0.276781470 0.136720970
v -0.102595200 0.276203841 0.132147610
v -0.103155439 0.277943313 0.126390338
v -0.103680720 0.278634250 0.121682629
v -0.100409885 0.263849288 0.204650208
v -0.100768288 0.265049607 0.194628194
v -0.099136849 0.268092304 0.176379338
v -0.100662132 0.268092960 0.170447245
v -0.101499220 0.267806202 0.164405197
v -0.101770696 0.267632127 0.158322752
v -0.101783683 0.268120319 0.152299598
v -0.101797638 0.269188732 0.147872090
v -0.101904904 0.270933658 0.143541887
v -0.102110771 0.271466136 0.130063489
v -0.102564593 0.272852033 0.125766024
v -0.103025374 0.273054451 0.120995574
v -0.100599823 0.257725298 0.203923538
v -0.100186621 0.258471370 0.193819538
v -0.098981095 0.261504650 0.174086109
v -0.099861671 0.260193050 0.168070361
v -0.100525183 0.261166424 0.163554132
v -0.100904060 0.261802882 0.158208892
v -0.101049115 0.262555361 0.151939094
v -0.101063443 0.263300359 0.145753041
v -0.101122958 0.264093339 0.142050371
v -0.101407093 0.266694933 0.136121035
v -0.101338235 0.265164346 0.130235970
v -0.101625917 0.265721411 0.125564784
v -0.102352922 0.268478543 0.121148087
v -0.100489673 0.252199382 0.203257784
v -0.100668443 0.253396213 0.193228930
v -0.099210453 0.253952831 0.190087497
v -0.098742959 0.253168106 0.184405059
v -0.098363672 0.253456205 0.179011121
v -0.098614385 0.255487531 0.174084708
v -0.099339050 0.257329792 0.169119895
v -0.102109921 0.250175953 0.188361779
v -0.100735565 0.249773279 0.182915643
v -0.099703019 0.249995217 0.178638682
v -0.099404124 0.249791235 0.174279347
v -0.099201446 0.250378281 0.168922141
v -0.103022677 0.246123299 0.178291321
v -0.101497282 0.246126935 0.173503563
v -0.101341498 0.245396852 0.168401822
v -0.097893556 0.295326293 0.208330140
v -0.098027659 0.296299577 0.198272914
v -0.097873842 0.296053618 0.195550725
v -0.096379486 0.290564388 0.207705677
v -0.096607772 0.291792005 0.197682276
v -0.096892675 0.292570144 0.193686575
v -0.097373513 0.292121351 0.190530524
v -0.095328857 0.285172492 0.207022324
v -0.095563983 0.286273003 0.196983948
v -0.095883240 0.286227793 0.192423731
v -0.096749206 0.287475675 0.190441102
v -0.096180131 0.278807551 0.206290454
v -0.096291219 0.279993474 0.196257874
v -0.095549730 0.280866891 0.191757068
v -0.097126347 0.282268822 0.188742340
v -0.096318876 0.275279075 0.205872819
v -0.096514818 0.276352286 0.195829779
v -0.095404451 0.276883900 0.191158369
v -0.096077819 0.275401652 0.188268378
v -0.097894264 0.274572581 0.183721513
v -0.094794002 0.268787295 0.205040783
v -0.095024970 0.269625634 0.194970861
v -0.095266705 0.271213293 0.190877259
v -0.096626018 0.272794455 0.185509175
v -0.097964463 0.272372007 0.181680128
v -0.095426371 0.263350725 0.204412282
v -0.095724193 0.264037490 0.194326594
v -0.095468086 0.265858829 0.191464424
v -0.096462441 0.265828043 0.185480937
v -0.097743292 0.266357988 0.180575117
v -0.098504168 0.264859647 0.177453086
v -0.096565035 0.258742303 0.203901052
v -0.097074476 0.259111911 0.193784967
v -0.096800988 0.259287536 0.190613568
v -0.097021443 0.259708852 0.184899122
v -0.097741609 0.259941131 0.179787129
v -0.098346886 0.261570066 0.177045807
v -0.097859447 0.255765200 0.188138053
v -0.097700794 0.256070703 0.184160188
v -0.097986524 0.255607963 0.179754481
v -0.098274616 0.256475657 0.176419854
v -0.131244321 0.322336018 0.118034728
v -0.131046672 0.312360555 0.116832972
v -0.129193855 0.322204977 0.118808731
v -0.128999268 0.312384069 0.117625594
v -0.125015427 0.322486818 0.119744845
v -0.124808666 0.312051445 0.118487678
v -0.121672404 0.322130263 0.120842807
v -0.122041431 0.320426375 0.120349444
v -0.121892263 0.314014018 0.119575515
v -0.121476588 0.312270403 0.119657762
v -0.117801358 0.322550148 0.120001726
v -0.117596497 0.312210649 0.118756115
v -0.116122832 0.322577000 0.119042113
v -0.115922731 0.312477916 0.117825463
v -0.131987040 0.322654814 0.116175391
v -0.131785114 0.312463582 0.114947632
v -0.128176709 0.323083878 0.115726605
v -0.127963086 0.312302411 0.114427745
v -0.125379061 0.322979212 0.117216438
v -0.125164685 0.312159568 0.115912974
v -0.121586454 0.323025405 0.117436916
v -0.121372176 0.312210470 0.116134018
v -0.118793783 0.323190987 0.116380878
v -0.118580160 0.312409490 0.115082011
v -0.114594293 0.322881103 0.117066786
v -0.114392792 0.312711418 0.115841627
v -0.134090026 0.323092639 0.111096285
v -0.134020900 0.320598513 0.111022249
v -0.133921583 0.315613985 0.110499613
v -0.133893271 0.313162297 0.109899960
v -0.133604814 0.323362380 0.112526186
v -0.132806246 0.319369614 0.111905709
v -0.132820566 0.316652685 0.111652225
v -0.133391176 0.312579930 0.111227207
v -0.129451429 0.323418409 0.112900905
v -0.129237053 0.312598765 0.111597449
v -0.117137116 0.323562235 0.113732420
v -0.116922741 0.312742591 0.112428956
v -0.112908003 0.323618770 0.113852203
v -0.113321920 0.319498390 0.113086626
v -0.113343750 0.316942126 0.112661824
v -0.112694127 0.312824398 0.112551786
v -0.112341558 0.323352277 0.112864733
v -0.112285835 0.320811391 0.112499341
v -0.112171074 0.315862685 0.111726262
v -0.112143171 0.313339651 0.111658491
v -0.133945217 0.323329449 0.109154344
v -0.133898203 0.320830613 0.109127142
v -0.133806695 0.315815151 0.108553529
v -0.133748462 0.313399106 0.107958019
v -0.133360182 0.323857903 0.108148098
v -0.132499655 0.319872975 0.108295925
v -0.132547681 0.317039132 0.107872531
v -0.133147975 0.313147902 0.106857844
v -0.129459527 0.323855579 0.109270893
v -0.129245144 0.313035935 0.107967429
v -0.116655481 0.324009061 0.110102832
v -0.116441098 0.313189387 0.108799368
v -0.112716069 0.324179053 0.109613739
v -0.113158223 0.320029110 0.109487191
v -0.113143926 0.317312419 0.109169364
v -0.112500404 0.313294321 0.108302437
v -0.112192688 0.323580950 0.110943519
v -0.112156418 0.321101248 0.110480465
v -0.112057497 0.316126555 0.109799415
v -0.111994525 0.313579589 0.109738640
v -0.131876131 0.324269861 0.104777314
v -0.131664847 0.313606232 0.103492647
v -0.127400999 0.324282795 0.106063172
v -0.127186624 0.313463151 0.104759708
v -0.126326298 0.324411154 0.105174631
v -0.126111922 0.313591480 0.103871167
v -0.119282161 0.324498653 0.105606832
v -0.119067785 0.313678980 0.104303367
v -0.118315463 0.324394643 0.106629200
v -0.118101088 0.313574970 0.105325736
v -0.113638652 0.324496090 0.105597802
v -0.113428918 0.313905329 0.104323506
v -0.131327187 0.324089825 0.102466814
v -0.131232579 0.321087658 0.100849785
v -0.131128197 0.317419678 0.100470632
v -0.131130462 0.314339697 0.101296656
v -0.126298395 0.324291557 0.102767587
v -0.126155843 0.321281910 0.101053528
v -0.126083163 0.317613840 0.100611627
v -0.126100031 0.314280093 0.101561494
v -0.126149242 0.324299604 0.102784537
v -0.126004649 0.321296662 0.101035833
v -0.125931596 0.317609608 0.100591652
v -0.125950602 0.314274073 0.101576746
v -0.119154495 0.324343443 0.103084594
v -0.119002690 0.322112799 0.101664580
v -0.118900237 0.316941530 0.101041608
v -0.118958143 0.314433396 0.101890713
v -0.118995560 0.324208170 0.102971047
v -0.118609202 0.321811110 0.101575434
v -0.118520548 0.317268819 0.101028718
v -0.118805145 0.314597875 0.101813272
v -0.113620785 0.324515522 0.103602014
v -0.114143741 0.321691036 0.101778984
v -0.114155022 0.317377716 0.101270199
v -0.113419523 0.314359188 0.102377996
v -0.120644351 0.321493089 0.100524232
v -0.124292855 0.321443766 0.100320362
v -0.120559876 0.317740202 0.100124285
v -0.124239248 0.317712575 0.099895827
v -0.114996669 0.327272058 0.098701231
v -0.117186916 0.327701241 0.099164769
v -0.120459256 0.327891231 0.099303544
v -0.124153090 0.328297615 0.099091716
v -0.128188533 0.328630984 0.098497339
v -0.130709012 0.327666044 0.098300263
v -0.111429324 0.324036241 0.098579966
v -0.113153306 0.325432688 0.099236272
v -0.116462846 0.325461358 0.099205695
v -0.120754381 0.325655013 0.099666394
v -0.123930586 0.325734526 0.099552140
v -0.128469628 0.325374365 0.098385550
v -0.131900315 0.325207174 0.097887896
v -0.111257066 0.322462499 0.098665915
v -0.113295351 0.322182536 0.099290572
v -0.116012466 0.321730107 0.099230580
v -0.120218580 0.321881354 0.099028707
v -0.124400457 0.321898609 0.098708056
v -0.128747118 0.321111768 0.098320372
v -0.131648918 0.321743459 0.097902864
v -0.111125571 0.318290561 0.097949035
v -0.113442120 0.318125337 0.098751180
v -0.115871613 0.318010300 0.098839730
v -0.120156308 0.317754090 0.098492995
v -0.124310580 0.317629606 0.098209172
v -0.128661987 0.318342298 0.097983949
v -0.131561493 0.317730665 0.097243719
v -0.111258392 0.316138506 0.097760662
v -0.112848540 0.314535290 0.097861081
v -0.116204103 0.314391971 0.097875819
v -0.120602523 0.314300954 0.098353386
v -0.123684933 0.314169109 0.098245054
v -0.128248190 0.314167142 0.097060964
v -0.131842707 0.314193338 0.096734174
v -0.114703727 0.312773883 0.096914791
v -0.116897811 0.312101364 0.097158730
v -0.120184031 0.311750233 0.097195588
v -0.123793249 0.311391354 0.097065672
v -0.127705676 0.310975373 0.096360847
v -0.130396803 0.311871052 0.096414626
v -0.117634704 0.327732295 0.096653514
v -0.122488056 0.329342663 0.095001400
v -0.129753483 0.328238457 0.094927192
v -0.112911326 0.325508475 0.094626315
v -0.115732988 0.327109367 0.096938178
v -0.119478000 0.325272262 0.096454702
v -0.125032385 0.325203270 0.096113913
v -0.132352268 0.324748248 0.094870917
v -0.111719300 0.322983533 0.094071329
v -0.117777106 0.322981596 0.096277818
v -0.118873661 0.323518276 0.096277483
v -0.125566949 0.323435158 0.095866814
v -0.126641710 0.322871506 0.095733926
v -0.132797469 0.322752684 0.094694570
v -0.110829842 0.320598692 0.093710743
v -0.111580846 0.320478410 0.094579116
v -0.117667024 0.317424983 0.095608398
v -0.118741785 0.316861331 0.095475510
v -0.125435081 0.316778213 0.095064834
v -0.126531636 0.317314893 0.095064506
v -0.132667040 0.318091094 0.093810260
v -0.119276357 0.315093189 0.095228411
v -0.124830735 0.315024227 0.094887614
v -0.132254546 0.315451473 0.094183415
v -0.129523878 0.312472492 0.092605203
v -0.117158738 0.328596294 0.092311509
v -0.120080908 0.329084367 0.092245154
v -0.122749259 0.329349309 0.092673250
v -0.127869797 0.329455823 0.092236325
v -0.130113145 0.328754276 0.090256788
v -0.111145330 0.324365139 0.093281582
v -0.112822642 0.326283336 0.092289276
v -0.115592335 0.327600539 0.093231544
v -0.131966134 0.325839728 0.089718930
v -0.110954237 0.322782010 0.093255252
v -0.111649473 0.323377669 0.090949133
v -0.132134725 0.322544783 0.089755304
v -0.110822206 0.319492221 0.092285126
v -0.111426045 0.320896059 0.091142029
v -0.132033055 0.319057167 0.089293987
v -0.111000073 0.317032814 0.092398241
v -0.111970832 0.315363139 0.091841213
v -0.131760483 0.315642148 0.088416882
v -0.114090164 0.313623250 0.090908475
v -0.116595459 0.312723309 0.089983776
v -0.119674181 0.312078714 0.089685000
v -0.122433786 0.311680138 0.089997590
v -0.127517802 0.311686903 0.090095729
v -0.129795310 0.312748373 0.088328615
v -0.114269470 0.328692824 0.086822800
v -0.122662951 0.330150247 0.087788425
v -0.127513197 0.329966009 0.087395415
v -0.129136969 0.329757333 0.086684704
v -0.112502997 0.326575488 0.087817490
v -0.114589055 0.328086764 0.086706653
v -0.132433270 0.324700266 0.087922953
v -0.110765589 0.322572142 0.088013522
v -0.111528804 0.323910713 0.087957129
v -0.132362117 0.323562056 0.087618396
v -0.110692104 0.320571125 0.087558880
v -0.111211707 0.320227206 0.087725319
v -0.132213061 0.319115967 0.086826898
v -0.111837258 0.316186100 0.086432822
v -0.132307042 0.317133993 0.087110378
v -0.113983234 0.314243644 0.085082069
v -0.120887322 0.313569367 0.086098894
v -0.123400186 0.312657654 0.085744418
v -0.126833034 0.312548161 0.085369714
v -0.128927303 0.312441617 0.086252652
v -0.116633554 0.329365939 0.085716151
v -0.119493176 0.329839170 0.085511513
v -0.121951309 0.330003142 0.085561909
v -0.112028238 0.325503111 0.084924117
v -0.115400401 0.328506947 0.086288385
v -0.132089515 0.325379610 0.083478138
v -0.111014505 0.323330253 0.083414763
v -0.131779377 0.322956741 0.083132438
v -0.110833374 0.320989937 0.082903594
v -0.131617849 0.320148706 0.081564784
v -0.114185293 0.316483140 0.084756695
v -0.114573133 0.316577047 0.083913267
v -0.131782537 0.317654967 0.080847993
v -0.116100122 0.313505143 0.083894715
v -0.119136495 0.312923104 0.083492950
v -0.121580516 0.312618524 0.083478741
v -0.114244287 0.329432607 0.081289738
v -0.121728052 0.330081642 0.081458315
v -0.128376153 0.329838395 0.080491506
v -0.129628738 0.329610467 0.082040079
v -0.112291944 0.327287436 0.081497125
v -0.114940544 0.329162359 0.079999588
v -0.131212865 0.327049255 0.081477530
v -0.111305227 0.323756874 0.080198564
v -0.131476258 0.324158221 0.080022901
v -0.111126651 0.321078867 0.079918288
v -0.131390442 0.320083559 0.079468593
v -0.112015461 0.316926241 0.080257639
v -0.115229343 0.317038447 0.079975486
v -0.131001418 0.316447318 0.080193475
v -0.113955212 0.314840168 0.079531752
v -0.128064086 0.314084053 0.078593880
v -0.129152847 0.313815147 0.079886466
v -0.115332943 0.330224842 0.077819914
v -0.119276432 0.330277324 0.078563355
v -0.122184535 0.330883414 0.078296885
v -0.126599965 0.331124067 0.077872999
v -0.128455562 0.330806315 0.077694021
v -0.112760668 0.327866882 0.077882193
v -0.114290466 0.329062253 0.076313473
v -0.111496319 0.324752033 0.077658512
v -0.111316045 0.320718616 0.077012748
v -0.112409105 0.317384094 0.076480970
v -0.115913947 0.316928625 0.075573541
v -0.131202658 0.318658620 0.074111879
v -0.114589063 0.314903855 0.076009877
v -0.122473900 0.313508987 0.076046757
v -0.126418498 0.313524783 0.075739637
v -0.128077363 0.313876301 0.075068571
v -0.115764265 0.330764651 0.074096158
v -0.118746338 0.331404209 0.073775567
v -0.122598608 0.331591368 0.073542953
v -0.125964989 0.331783444 0.072843179
v -0.128936325 0.330670267 0.074423619
v -0.112972227 0.328784853 0.075103313
v -0.114706908 0.328459591 0.074353516
v -0.117984605 0.326783508 0.072220191
v -0.130602260 0.328015894 0.073515512
v -0.114349325 0.326415509 0.072846010
v -0.130772923 0.324923903 0.072315648
v -0.114138049 0.320898473 0.072394341
v -0.130735313 0.321116656 0.071691379
v -0.112739389 0.316962540 0.073678210
v -0.114619223 0.317532063 0.072290465
v -0.130376746 0.317548633 0.072094820
v -0.115442922 0.315149575 0.072285816
v -0.118302909 0.314461529 0.071821131
v -0.121899885 0.314428955 0.071133524
v -0.125537505 0.314105362 0.070717126
v -0.128619467 0.314694941 0.072499208
v -0.116459166 0.331278503 0.070791990
v -0.118829650 0.331318140 0.071314216
v -0.122723003 0.331284791 0.071003519
v -0.125798863 0.331524163 0.069774225
v -0.128723961 0.331388056 0.069025762
v -0.115783175 0.327626288 0.070316456
v -0.118443427 0.328947067 0.071103640
v -0.122603257 0.329985201 0.070054941
v -0.125465770 0.330352396 0.069170415
v -0.130733986 0.327302903 0.068324454
v -0.115102296 0.326777846 0.069802918
v -0.130645071 0.326729894 0.067632981
v -0.129912821 0.320995957 0.067921400
v -0.115202238 0.317113400 0.069248810
v -0.118030113 0.316329807 0.069988333
v -0.125687589 0.316273838 0.067459881
v -0.130529289 0.319396049 0.066852860
v -0.116156017 0.315506577 0.068720095
v -0.118494880 0.315216929 0.069168776
v -0.122327757 0.315027833 0.069102131
v -0.125463274 0.315050036 0.067815579
v -0.128375297 0.315279901 0.067027554
v -0.114836861 0.331783712 0.067389607
v -0.126696368 0.331623137 0.066795975
v -0.128670645 0.331339121 0.066492781
v -0.114915033 0.330560088 0.067042679
v -0.124069763 0.329994768 0.067978509
v -0.126783599 0.330568045 0.065984853
v -0.129785617 0.329388142 0.066297568
v -0.130146642 0.325839251 0.065402828
v -0.127296162 0.320994794 0.065220498
v -0.129881595 0.321289748 0.064918503
v -0.113404040 0.316757470 0.065465264
v -0.127006804 0.316891849 0.064916462
v -0.129757007 0.318013221 0.064707249
v -0.114641641 0.315871239 0.065377049
v -0.126312089 0.315600306 0.064904340
v -0.128330943 0.315986842 0.064439870
v -0.114320447 0.332182616 0.063659720
v -0.120421817 0.332653910 0.064902581
v -0.126422276 0.331980795 0.063190721
v -0.128370759 0.331410527 0.064275570
v -0.114525248 0.331051975 0.063281141
v -0.126045612 0.330912143 0.062547453
v -0.129101691 0.329812527 0.063591041
v -0.128872578 0.326951087 0.062607214
v -0.127383580 0.321248710 0.063098431
v -0.129383003 0.322255969 0.063101321
v -0.113080134 0.317184925 0.061970342
v -0.126934846 0.317017823 0.061079267
v -0.129562465 0.318184882 0.062595300
v -0.114242558 0.316315860 0.061679397
v -0.120079664 0.315382183 0.062821813
v -0.125998181 0.316190362 0.061354119
v -0.128224847 0.316238850 0.062438600
v -0.115581674 0.332451642 0.060707461
v -0.118218129 0.332709879 0.059159238
v -0.122173575 0.332664639 0.059026375
v -0.124775012 0.332248718 0.060053106
v -0.115199854 0.331712335 0.060197435
v -0.118106713 0.331338406 0.059402350
v -0.122101178 0.331262708 0.058962066
v -0.125507136 0.330672145 0.058903176
v -0.122456257 0.327047348 0.057462782
v -0.125121509 0.326891243 0.058806557
v -0.122824875 0.321494609 0.056660295
v -0.125342955 0.322069585 0.057217821
v -0.114703459 0.317578644 0.058435429
v -0.117197042 0.317761272 0.056509487
v -0.122272727 0.317698538 0.056195594
v -0.124665802 0.317484766 0.057576366
v -0.115225216 0.316871941 0.058810260
v -0.117750649 0.316758990 0.057439540
v -0.121534293 0.316681147 0.057184402
v -0.124353138 0.316723287 0.058256686
v -0.119413850 0.332171649 0.057720773
v -0.121093859 0.332145482 0.057661545
v -0.119268653 0.332035005 0.057686128
v -0.122566563 0.331355572 0.057139087
v -0.125433271 0.330496937 0.056125615
v -0.122403492 0.326743543 0.056929123
v -0.125057911 0.327961355 0.056516219
v -0.122944561 0.321786255 0.056021608
v -0.125166846 0.322346568 0.055395436
v -0.119107408 0.317791760 0.055942103
v -0.120704767 0.317766041 0.055893015
v -0.119112265 0.317509890 0.055981521
v -0.120297988 0.317496061 0.055901282
v -0.128423353 0.331629664 0.064145133
v -0.129824643 0.329400867 0.063762367
v -0.130033274 0.325771272 0.063302927
v -0.129956660 0.321851224 0.062830590
v -0.129590032 0.318330556 0.062429916
v -0.128036191 0.316199809 0.062292706
v -0.127054681 0.332312882 0.064336687
v -0.126614926 0.328227788 0.063872918
v -0.126530242 0.323954374 0.063358083
v -0.126445574 0.319680959 0.062843271
v -0.126626958 0.315552264 0.062325064
v -0.128121500 0.331716955 0.062980562
v -0.129250509 0.330021113 0.062777594
v -0.129712914 0.326244175 0.061918445
v -0.129633737 0.322049737 0.061390553
v -0.129006219 0.318074793 0.061339382
v -0.127747891 0.316438228 0.061126333
v -0.126639878 0.332374066 0.062139280
v -0.126310428 0.316041589 0.060279302
v -0.127593842 0.331918508 0.059487198
v -0.128718403 0.330415398 0.059219185
v -0.129149069 0.326656103 0.058417100
v -0.129179535 0.322048575 0.058150820
v -0.128483904 0.318580300 0.057793383
v -0.127300267 0.317101598 0.057702176
v -0.125283037 0.332641184 0.059502482
v -0.124944699 0.316469580 0.057595424
v -0.121998382 0.332918227 0.058333781
v -0.121737686 0.316565841 0.056450430
v -0.117593316 0.332789391 0.058609091
v -0.117241827 0.316785544 0.056791417
v -0.115689372 0.332485586 0.058988519
v -0.114798342 0.331188351 0.058606353
v -0.115749289 0.324633032 0.059497785
v -0.114874882 0.318559855 0.057232592
v -0.115398591 0.317133158 0.057123497
v -0.127100778 0.332279921 0.055714276
v -0.128273864 0.330586016 0.055431761
v -0.128905964 0.327101588 0.055124391
v -0.128868912 0.323108763 0.054757100
v -0.128050861 0.319331199 0.054075867
v -0.126811219 0.317665786 0.053953677
v -0.125103419 0.332716256 0.055528369
v -0.126650875 0.331957191 0.055756874
v -0.126374071 0.317986488 0.054073796
v -0.124969532 0.317400098 0.053508107
v -0.120968533 0.332814962 0.057101306
v -0.120144342 0.316980958 0.055629116
v -0.119143230 0.332777053 0.057630774
v -0.118740489 0.317025989 0.055748101
v -0.114695941 0.332273036 0.057802033
v -0.113620629 0.331422836 0.056626681
v -0.113360179 0.318810433 0.055132788
v -0.114391652 0.317660838 0.056028474
v -0.111765755 0.330074877 0.055168625
v -0.110866157 0.327969104 0.055191323
v -0.110773956 0.323178083 0.054616734
v -0.111571682 0.320515275 0.054037634
v -0.127758679 0.330878347 0.051661089
v -0.128407051 0.327269584 0.051267214
v -0.128380855 0.323763847 0.050792959
v -0.127542404 0.319962740 0.050346065
v -0.124550608 0.333002687 0.051784202
v -0.125806798 0.332325161 0.051974218
v -0.125534070 0.318560302 0.050315943
v -0.124253285 0.317996860 0.049976423
v -0.121373554 0.333074033 0.052079290
v -0.120972430 0.318017244 0.050180230
v -0.117271771 0.333030760 0.052682355
v -0.116265287 0.332674772 0.051841553
v -0.116638181 0.318619847 0.049807802
v -0.116974761 0.318040580 0.050876461
v -0.115220507 0.332856417 0.053069100
v -0.113893298 0.331979066 0.052506879
v -0.113640790 0.319234937 0.050971568
v -0.114930076 0.318198085 0.051303178
v -0.111252052 0.329600543 0.053480834
v -0.110897374 0.327789843 0.053338312
v -0.110842985 0.323400170 0.052751306
v -0.111076770 0.321422189 0.052527253
v -0.127324221 0.331087053 0.047879986
v -0.128027131 0.327728391 0.047652517
v -0.127935958 0.324228764 0.047110237
v -0.127117914 0.320674807 0.046625603
v -0.124125858 0.333403230 0.048141725
v -0.125079942 0.332814753 0.048164383
v -0.124806580 0.319017947 0.046502255
v -0.123830360 0.318489403 0.046345025
v -0.121211444 0.333473355 0.048181452
v -0.120001574 0.333124071 0.048221640
v -0.119719793 0.318902433 0.046508335
v -0.120915276 0.318525702 0.046380673
v -0.117060614 0.333512485 0.048518851
v -0.117097062 0.333017826 0.048469167
v -0.116820512 0.319060177 0.046787661
v -0.116764543 0.318569690 0.046718661
v -0.115088482 0.333241343 0.048683140
v -0.113266041 0.332023650 0.048622005
v -0.113030550 0.320138454 0.047190171
v -0.114803759 0.318870872 0.046951901
v -0.111238537 0.330216289 0.049612325
v -0.110607100 0.328244597 0.049248211
v -0.110594061 0.323989958 0.048598260
v -0.111070526 0.321736783 0.048590779
v -0.126927932 0.331186771 0.044083823
v -0.127402206 0.328478187 0.042958051
v -0.127340567 0.324484497 0.042560402
v -0.126735901 0.321494728 0.042916201
v -0.124141251 0.333798468 0.044714749
v -0.124530983 0.333196938 0.044582624
v -0.124103350 0.319492668 0.042985234
v -0.123662968 0.318892717 0.042991024
v -0.119683695 0.334016353 0.044600915
v -0.119687502 0.333519548 0.044544823
v -0.120227990 0.319349498 0.042967461
v -0.120206979 0.318854064 0.042903561
v -0.116992426 0.333859622 0.045292396
v -0.117027846 0.333365351 0.045236956
v -0.116419655 0.319560140 0.043298673
v -0.116353435 0.319070041 0.043235950
v -0.112853577 0.332106948 0.045297101
v -0.112630797 0.320863068 0.043942530
v -0.111105305 0.330502927 0.045633145
v -0.110679087 0.328902692 0.045149338
v -0.110612144 0.324661851 0.044706680
v -0.110944924 0.322408438 0.044657987
v -0.126568576 0.331634611 0.041409638
v -0.127249171 0.329110801 0.040731341
v -0.127132845 0.324288845 0.040047053
v -0.126362917 0.321701974 0.040233448
v -0.123426643 0.334297597 0.040783145
v -0.124045682 0.333575487 0.040924918
v -0.123737213 0.320026577 0.039271828
v -0.123117392 0.319389641 0.038993888
v -0.119699781 0.334507614 0.040324960
v -0.119865370 0.333996564 0.040400103
v -0.119596449 0.319917470 0.038702607
v -0.119338256 0.319456428 0.038448129
v -0.117172902 0.334389687 0.040844578
v -0.117092167 0.333897591 0.040713545
v -0.116817732 0.320047736 0.039044816
v -0.116846678 0.319531679 0.039113987
v -0.112460625 0.331939131 0.041450765
v -0.111302284 0.329138547 0.040952057
v -0.111221840 0.324914694 0.040436674
v -0.112297905 0.321920902 0.040264007
v -0.111098413 0.330781460 0.041179776
v -0.110828553 0.328917682 0.041261010
v -0.110761938 0.324976832 0.040725872
v -0.110945840 0.323200047 0.040269047
v -0.126157825 0.331971437 0.038186893
v -0.126807508 0.329344034 0.036871556
v -0.126650651 0.324932754 0.036111463
v -0.125963484 0.322163135 0.037005268
v -0.123046403 0.334691346 0.037310522
v -0.123828319 0.333935171 0.037762325
v -0.122104538 0.327442974 0.035128184
v -0.123482374 0.320424914 0.036207173
v -0.122708474 0.319849581 0.035513338
v -0.120562961 0.334703743 0.038470063
v -0.120976170 0.334141672 0.039207369
v -0.120453400 0.327279419 0.036757369
v -0.118387905 0.327217013 0.037615206
v -0.120700774 0.320016652 0.037505023
v -0.120315177 0.319648683 0.036727149
v -0.116184575 0.334531158 0.038960166
v -0.115492989 0.334020585 0.039228287
v -0.115747844 0.327319026 0.037202638
v -0.117401180 0.327232957 0.037645146
v -0.115193864 0.320351511 0.037526563
v -0.115966384 0.319871247 0.037214782
v -0.113975992 0.334874004 0.036663644
v -0.113349167 0.333113611 0.038863331
v -0.113209826 0.329660356 0.037494790
v -0.113099632 0.325080991 0.036925267
v -0.113073510 0.321429253 0.037495099
v -0.113684912 0.320183098 0.034893803
v -0.110924897 0.329444975 0.039692517
v -0.110838835 0.325061649 0.039163567
v -0.125726131 0.332513183 0.033096995
v -0.126358857 0.329887867 0.032938819
v -0.126256091 0.325397998 0.032382213
v -0.125538399 0.322895497 0.031916320
v -0.122936671 0.334999502 0.034458656
v -0.124386733 0.334057570 0.034085639
v -0.122575727 0.327570409 0.033992995
v -0.122720328 0.327767372 0.032334261
v -0.124122364 0.321182579 0.032549012
v -0.122662407 0.320239484 0.032668885
v -0.117899914 0.335168034 0.033577535
v -0.117608835 0.320477128 0.031807691
v -0.113150557 0.335100055 0.034922931
v -0.112859477 0.320409149 0.033153087
v -0.125597318 0.332935095 0.031686198
v -0.126341757 0.330503225 0.031330511
v -0.126252090 0.325586051 0.030737519
v -0.125422967 0.322824270 0.030466044
v -0.122741659 0.335238636 0.031891253
v -0.124081609 0.334607720 0.032012656
v -0.124453624 0.327874601 0.031158978
v -0.122559463 0.327893764 0.031311605
v -0.123902162 0.321215451 0.030391976
v -0.122481276 0.320620865 0.030156637
v -0.120741670 0.335601151 0.029514991
v -0.120450591 0.320910245 0.027745146
v -0.114448403 0.335664213 0.030026717
v -0.114157324 0.320973307 0.028256875
v -0.113204499 0.335441768 0.032077778
v -0.112913420 0.320750862 0.030307936
v -0.118962322 0.335728824 0.028748015
v -0.118671243 0.321037918 0.026978172
v -0.116556306 0.335762441 0.028864522
v -0.116265227 0.321071535 0.027094677
v -0.126501610 0.330625415 0.030883353
v -0.126521942 0.329268098 0.030845989
v -0.126448562 0.326343477 0.030364301
v -0.126416532 0.325256884 0.030332629
v -0.124588614 0.334535539 0.031597931
v -0.125192967 0.333220452 0.031463452
v -0.125860346 0.331301779 0.031173371
v -0.125469816 0.329938650 0.031164639
v -0.125388411 0.325830221 0.030669691
v -0.125769583 0.324630141 0.030365461
v -0.125045282 0.322641402 0.030187786
v -0.124302541 0.321309894 0.029897962
v -0.123250012 0.335046351 0.031621389
v -0.123101791 0.333364248 0.031388432
v -0.122887415 0.322544575 0.030084962
v -0.122862083 0.320865721 0.029807519
v -0.126324860 0.330682933 0.029424626
v -0.126298969 0.329000801 0.029003011
v -0.126240444 0.326380253 0.028687993
v -0.126269695 0.325269550 0.029203573
v -0.124365148 0.334744364 0.030312577
v -0.124787946 0.333704323 0.029174006
v -0.126142007 0.331731737 0.029135164
v -0.125972008 0.324443161 0.028346935
v -0.124523674 0.322626650 0.027801355
v -0.124133309 0.321433395 0.028746910
v -0.123196867 0.335248142 0.029982220
v -0.123294448 0.333768547 0.029055182
v -0.123075117 0.322698563 0.027721556
v -0.122792755 0.321074933 0.028243655
v -0.121266720 0.335627526 0.029891875
v -0.121092950 0.334009856 0.029704638
v -0.120862839 0.322396129 0.028305510
v -0.120783677 0.320821494 0.028015763
v -0.125999746 0.329228312 0.026442971
v -0.125958768 0.327304423 0.026211491
v -0.123911378 0.335220098 0.026465548
v -0.124530186 0.333726227 0.027010076
v -0.124746819 0.331936181 0.026045321
v -0.125907687 0.330475628 0.025950566
v -0.125854154 0.326868236 0.025514154
v -0.124623929 0.325196117 0.025232257
v -0.124323172 0.323201418 0.025717875
v -0.123721753 0.321929425 0.024876371
v -0.122832735 0.335628033 0.027279090
v -0.123201107 0.333826959 0.027296411
v -0.123310481 0.332200438 0.025988642
v -0.123166789 0.324948013 0.025114927
v -0.122987834 0.323063046 0.025999660
v -0.122605492 0.321378142 0.025584182
v -0.120115151 0.335988849 0.027866200
v -0.119557177 0.333515942 0.026871817
v -0.119625141 0.332676500 0.026923187
v -0.119461310 0.324407965 0.025927061
v -0.119412397 0.323417902 0.025569236
v -0.120101337 0.320982307 0.026251890
v -0.117763867 0.336030006 0.028113201
v -0.117697445 0.334198445 0.027891854
v -0.118134101 0.332514375 0.027053040
v -0.117977140 0.324592710 0.026098698
v -0.117532347 0.322821677 0.026457014
v -0.117524249 0.320943236 0.026323576
v -0.116169018 0.335726082 0.027847482
v -0.116103691 0.334074706 0.027359316
v -0.115835493 0.323089808 0.026057553
v -0.115895216 0.321363747 0.026111389
v -0.113849593 0.335339159 0.028761875
v -0.114811604 0.333389252 0.027883573
v -0.114194078 0.331628591 0.027624719
v -0.114059684 0.325481415 0.026911037
v -0.114596603 0.323709935 0.026712563
v -0.113615696 0.321605533 0.027095726
v -0.112447177 0.334738761 0.027914548
v -0.112203722 0.322451174 0.026434237
v -0.125717496 0.328925878 0.023816755
v -0.125757945 0.327868253 0.024337480
v -0.123782640 0.335440487 0.024809686
v -0.124735509 0.334357351 0.024581060
v -0.125532222 0.332073510 0.024090135
v -0.125693848 0.330417156 0.024001805
v -0.125616525 0.327269167 0.023405951
v -0.125401129 0.325245887 0.023528917
v -0.124514063 0.323128939 0.023184625
v -0.123543379 0.322051615 0.023412207
v -0.122840350 0.335838974 0.025204981
v -0.122227361 0.334085822 0.025315816
v -0.121898067 0.331679136 0.024580983
v -0.121411239 0.330921948 0.024333630
v -0.121334483 0.326650411 0.023807203
v -0.121774097 0.325859070 0.023869952
v -0.122014050 0.323320031 0.024018839
v -0.122349833 0.321597040 0.023304164
v -0.120157872 0.335960031 0.025351133
v -0.120098111 0.334044516 0.025987841
v -0.120847595 0.331789136 0.025122341
v -0.121284512 0.330833644 0.024525417
v -0.121202630 0.326701134 0.024027564
v -0.120719736 0.325655401 0.024385441
v -0.120024738 0.323125213 0.024594104
v -0.119896201 0.321524084 0.023613624
v -0.118478892 0.335902125 0.026148276
v -0.118456964 0.333865434 0.026587058
v -0.118024421 0.332604289 0.026485557
v -0.117866707 0.324644446 0.025526617
v -0.118393418 0.323491693 0.025303559
v -0.118205574 0.321508408 0.024377212
v -0.115813119 0.335777044 0.026443921
v -0.116766517 0.334216595 0.026869155
v -0.116545019 0.323037535 0.025522389
v -0.115546082 0.321659714 0.024742279
v -0.114075435 0.335487038 0.026904194
v -0.113170182 0.335201532 0.026063345
v -0.112813932 0.322450310 0.024608590
v -0.113755536 0.321985185 0.024922159
v -0.111900774 0.334316671 0.026708968
v -0.111655456 0.323182642 0.025410917
v -0.123608661 0.335753888 0.022575395
v -0.124332261 0.334317684 0.022535767
v -0.124000115 0.331897527 0.021873889
v -0.124671620 0.330838293 0.021622457
v -0.124657889 0.327113479 0.021160128
v -0.123892759 0.326196104 0.021187648
v -0.124088963 0.323623091 0.021250527
v -0.123337452 0.322276354 0.021061199
v -0.121927721 0.336037785 0.022632465
v -0.123269823 0.333471745 0.023026673
v -0.123087336 0.332167864 0.022339432
v -0.122939629 0.325654924 0.021728475
v -0.123090451 0.324418813 0.021936048
v -0.121855025 0.321978003 0.021076055
v -0.120475342 0.336126566 0.023363838
v -0.120131147 0.321834892 0.021699093
v -0.117953171 0.336223692 0.023367479
v -0.117721063 0.321878254 0.021567319
v -0.116004509 0.335993916 0.024077743
v -0.115746667 0.322002321 0.022391254
v -0.114357007 0.335678160 0.024792457
v -0.114134652 0.322196871 0.023137378
v -0.123410014 0.335985243 0.020988714
v -0.124351745 0.334899783 0.020761602
v -0.123943632 0.331700951 0.021125002
v -0.124087242 0.330962688 0.020906191
v -0.124007140 0.327200770 0.020453542
v -0.123780322 0.326587558 0.020553790
v -0.124079798 0.323457450 0.019387640
v -0.123211791 0.322498351 0.019357016
v -0.122080912 0.336115569 0.021212488
v -0.122194600 0.335859329 0.020287197
v -0.123197098 0.331414521 0.021347210
v -0.123120827 0.331171870 0.021314275
v -0.123039422 0.327063471 0.020819325
v -0.123106008 0.326817155 0.020793358
v -0.121958179 0.322772861 0.018846445
v -0.121814584 0.322295725 0.019622348
v -0.120087539 0.336405426 0.020984463
v -0.119791088 0.322158784 0.019362163
v -0.117857886 0.336433083 0.021121802
v -0.117541750 0.322201222 0.019470854
v -0.115379063 0.336096376 0.021621212
v -0.115112935 0.322503120 0.020039352
v -0.123135296 0.336215824 0.018652396
v -0.124036570 0.335174859 0.018177873
v -0.124804300 0.333017677 0.018013652
v -0.125078593 0.330183834 0.018159471
v -0.125005958 0.328020304 0.017901646
v -0.124666293 0.325867087 0.017238295
v -0.123826933 0.323874027 0.016858442
v -0.122964566 0.322909713 0.016823426
v -0.121948605 0.336456239 0.018788289
v -0.121854295 0.336008608 0.018551011
v -0.121491683 0.323156953 0.016452357
v -0.121785973 0.322579414 0.017143130
v -0.119735238 0.336561441 0.019151090
v -0.119519179 0.322540283 0.017134968
v -0.117707339 0.336639136 0.018935144
v -0.117423167 0.322523475 0.017279612
v -0.115657625 0.336380154 0.019114925
v -0.115454209 0.322773218 0.017758081
v -0.122847621 0.336371750 0.016529225
v -0.123806027 0.335309714 0.016311008
v -0.124601823 0.332935482 0.015949074
v -0.124777843 0.330452472 0.015630811
v -0.124710006 0.328409106 0.015386883
v -0.124402558 0.326138228 0.015135808
v -0.123538208 0.324140579 0.014969697
v -0.121726600 0.336749882 0.016602073
v -0.121264991 0.336263210 0.016319321
v -0.120951151 0.323430240 0.014459906
v -0.121631642 0.322839588 0.015157534
v -0.119248037 0.336741269 0.017065158
v -0.118971576 0.322817862 0.015387259
v -0.117309188 0.336777210 0.017375877
v -0.117044930 0.322818220 0.015447828
v -0.115831335 0.336636811 0.016972966
v -0.115503510 0.322985560 0.016013341
v -0.123343472 0.335630953 0.013790935
v -0.124262367 0.333641469 0.013989028
v -0.124416453 0.331186563 0.013158935
v -0.124371541 0.328816891 0.012873289
v -0.124132333 0.326522171 0.013043915
v -0.123186772 0.324560910 0.012451741
v -0.121422594 0.336950898 0.014167261
v -0.121229489 0.336397886 0.014343360
v -0.121238341 0.323664367 0.012926343
v -0.121184361 0.323193699 0.012702594
v -0.119335418 0.336839765 0.014823466
v -0.119065386 0.323251694 0.013186073
v -0.116927912 0.336925864 0.014845173
v -0.116631714 0.323276103 0.013117406
v -0.116051716 0.336773694 0.015722884
v -0.115774994 0.323223352 0.014136682
v -0.123125290 0.335613072 0.011805030
v -0.123833691 0.333928019 0.011419809
v -0.124026847 0.331735760 0.011002113
v -0.123959799 0.329085350 0.010555998
v -0.123708812 0.326872468 0.010508908
v -0.122889181 0.324933439 0.010567761
v -0.120894645 0.337067395 0.012064979
v -0.121049513 0.336574912 0.012051638
v -0.121031580 0.324128032 0.010635180
v -0.120746081 0.323596001 0.010752368
v -0.118699608 0.336958408 0.012424820
v -0.119167042 0.336820543 0.011798112
v -0.118931008 0.324002206 0.010237871
v -0.118452300 0.323736459 0.010816555
v -0.117353981 0.337006092 0.013035128
v -0.117145461 0.323599696 0.011360059
v -0.122633179 0.335698217 0.009981428
v -0.123359879 0.333867431 0.009403120
v -0.123606530 0.331789881 0.009215655
v -0.123551783 0.329462111 0.008884706
v -0.123229643 0.327263862 0.008609165
v -0.122426910 0.325373560 0.008747130
v -0.120437612 0.337115079 0.010943642
v -0.120904287 0.336626083 0.010146669
v -0.120653671 0.324547440 0.008592851
v -0.120170851 0.323894978 0.009325281
v -0.119447512 0.336641997 0.010922593
v -0.119211537 0.324364245 0.009441053
v -0.122133416 0.335265130 0.008318972
v -0.122467567 0.333846301 0.007600967
v -0.122724210 0.331948817 0.007147214
v -0.122679715 0.329867840 0.006871043
v -0.122347077 0.327741712 0.006867275
v -0.121953991 0.326207161 0.007230409
v -0.120485944 0.335952282 0.008092160
v -0.120852103 0.334715188 0.006925832
v -0.120794122 0.327149421 0.006027455
v -0.120185857 0.325723797 0.006763793
v -0.121745397 0.331947356 0.005935787
v -0.121706982 0.330252320 0.005707858
v -0.120006953 0.334114552 0.006162441
v -0.120547463 0.332352698 0.005528431
v -0.120508348 0.330018520 0.005220108
v -0.119882626 0.327943861 0.005406843
v -0.119480160 0.333683252 0.005790701
v -0.119380687 0.332206845 0.005238662
v -0.119336997 0.330029994 0.004973431
v -0.119371054 0.328560054 0.005132990
v -0.117198725 0.336989403 0.012938300
v -0.118025464 0.337002248 0.011987393
v -0.115727549 0.336735457 0.015144310
v -0.116355565 0.336878806 0.014611807
v -0.115488310 0.336526990 0.017373363
v -0.115267900 0.336251289 0.019585898
v -0.114842934 0.336009532 0.021249877
v -0.114246992 0.335661858 0.024585029
v -0.114990038 0.335432261 0.009140378
v -0.116712106 0.335586995 0.008616440
v -0.118715731 0.335655987 0.008488143
v -0.119939228 0.335527271 0.008493469
v -0.112962742 0.335266143 0.011298445
v -0.114521918 0.335827857 0.010468415
v -0.116890130 0.336526781 0.010473251
v -0.118954075 0.336536169 0.010378153
v -0.120096703 0.336158365 0.009832971
v -0.112604600 0.335369408 0.013124254
v -0.114724246 0.336410940 0.012797842
v -0.116793622 0.336891800 0.012174266
v -0.118391347 0.336935818 0.011591545
v -0.111513925 0.334527791 0.015106609
v -0.112466288 0.335330516 0.014918203
v -0.114597132 0.336434305 0.014821041
v -0.111532149 0.334443748 0.017513907
v -0.112731417 0.335413247 0.017516004
v -0.114416142 0.336235553 0.017419918
v -0.111347121 0.334087044 0.019565616
v -0.113215496 0.335500628 0.019726532
v -0.111687427 0.334321618 0.021878852
v -0.113012252 0.335288167 0.021814737
v -0.111729433 0.334226996 0.024001809
v -0.113071439 0.335228890 0.024040960
v -0.111736213 0.334146440 0.025969723
v -0.113104467 0.335185498 0.025484100
v -0.116437447 0.333548874 0.006641331
v -0.118509074 0.333517045 0.006425247
v -0.119584893 0.333223611 0.006341910
v -0.112726529 0.333633780 0.008912699
v -0.114226845 0.334195644 0.008186304
v -0.116380234 0.334486365 0.007426991
v -0.118689691 0.334603488 0.007269075
v -0.119727579 0.334314078 0.007118462
v -0.110870590 0.332895130 0.011368311
v -0.112079692 0.334053367 0.010450095
v -0.113333386 0.334932536 0.009863348
v -0.110889887 0.333475232 0.012806303
v -0.111641643 0.334445804 0.012480840
v -0.110796888 0.333455503 0.014540507
v -0.110734222 0.333182245 0.017181139
v -0.110681829 0.332887083 0.019415755
v -0.110712868 0.332750082 0.021596078
v -0.110702639 0.332548290 0.023639653
v -0.110379783 0.331353158 0.025612129
v -0.110737768 0.332535297 0.025689464
v -0.114551728 0.331949711 0.006614015
v -0.116329377 0.332349390 0.006145434
v -0.118538854 0.332257211 0.005902706
v -0.119514612 0.332173526 0.005951758
v -0.112321501 0.331685603 0.008224324
v -0.113611979 0.332066536 0.007236902
v -0.110647445 0.331450343 0.010794876
v -0.111340595 0.331851125 0.009564580
v -0.110107069 0.331104159 0.012841679
v -0.110092369 0.331323564 0.014378631
v -0.110129965 0.331175804 0.017199367
v -0.110144158 0.330586553 0.020933136
v -0.110134808 0.329804927 0.023887176
v -0.110185769 0.330038041 0.025210930
v -0.114545492 0.330002785 0.006377661
v -0.116331224 0.329884261 0.005820157
v -0.118490149 0.329949647 0.005613445
v -0.119471078 0.329852223 0.005685223
v -0.112334681 0.329813600 0.007987613
v -0.113594276 0.329656601 0.006964980
v -0.110624788 0.329493940 0.010597257
v -0.111319807 0.329375714 0.009288310
v -0.110089188 0.329304159 0.012695478
v -0.110075181 0.328697264 0.014047028
v -0.110090246 0.328327090 0.016831085
v -0.110110429 0.327923119 0.020700904
v -0.110108179 0.327947289 0.023320956
v -0.110146036 0.327553183 0.024906624
v -0.116466579 0.328521281 0.006000750
v -0.118409735 0.328502238 0.005821502
v -0.119506237 0.328580230 0.005853605
v -0.112615374 0.328023940 0.008236869
v -0.114096006 0.327592432 0.007390803
v -0.116024097 0.327462584 0.006595480
v -0.118543734 0.327240556 0.006382751
v -0.119608124 0.327382863 0.006378699
v -0.110778158 0.328230381 0.010806339
v -0.111945425 0.327276915 0.009633721
v -0.113166575 0.326513916 0.008849137
v -0.110768032 0.327325165 0.012065387
v -0.111482834 0.326431036 0.011515284
v -0.110667718 0.326936245 0.013755118
v -0.110603345 0.326577008 0.016385389
v -0.110552010 0.326335043 0.018626420
v -0.110578117 0.325949162 0.020776756
v -0.110566159 0.325660318 0.022809844
v -0.110280943 0.326364666 0.025011152
v -0.110592124 0.325184911 0.024803946
v -0.114805830 0.326135844 0.008020419
v -0.116489445 0.325998366 0.007514744
v -0.118522783 0.325928658 0.007316943
v -0.119734687 0.326053709 0.007296337
v -0.112776441 0.325863898 0.010165737
v -0.114316379 0.325454861 0.009218755
v -0.116574240 0.324698031 0.009053577
v -0.118691606 0.324576557 0.009003839
v -0.119919037 0.325120956 0.008445393
v -0.112405961 0.325344175 0.011916491
v -0.114484822 0.324327976 0.011342180
v -0.116482188 0.323935002 0.010631987
v -0.118122717 0.323958606 0.010037907
v -0.111339663 0.325733036 0.014047087
v -0.112260831 0.324961454 0.013669016
v -0.114347381 0.323829949 0.013302564
v -0.111349833 0.325242430 0.016405405
v -0.112510298 0.324254066 0.016171634
v -0.114162070 0.323412925 0.015875146
v -0.111169224 0.325108767 0.018483983
v -0.112980199 0.323625565 0.018295918
v -0.111489219 0.324318647 0.020673772
v -0.112775584 0.323343962 0.020375790
v -0.111524907 0.323904842 0.022758277
v -0.112826561 0.322870672 0.022552134
v -0.111560439 0.323483169 0.024687327
v -0.112870944 0.322560966 0.023950474
v -0.116830436 0.323627323 0.011413378
v -0.117730786 0.323808908 0.010430652
v -0.115463642 0.323416770 0.013539780
v -0.116073844 0.323372930 0.013035135
v -0.115199124 0.323084325 0.015886890
v -0.114964520 0.322849005 0.018046871
v -0.114641679 0.322674900 0.019721445
v -0.113904496 0.322290152 0.023033455
v -0.129955982 0.302344173 0.114437766
v -0.129758333 0.292368710 0.113236010
v -0.127775421 0.302279055 0.114685848
v -0.127580826 0.292458177 0.113502704
v -0.123505418 0.302689552 0.114569120
v -0.123298657 0.292254180 0.113311954
v -0.119986129 0.302439183 0.114814781
v -0.120413263 0.300721198 0.114428915
v -0.120265124 0.294309437 0.113649607
v -0.119789650 0.292579353 0.113629542
v -0.116453429 0.302963585 0.113050222
v -0.116248568 0.292624116 0.111804605
v -0.115062636 0.303030819 0.111708499
v -0.114862536 0.292931736 0.110491842
v -0.131140714 0.302625477 0.112816758
v -0.130938788 0.292434245 0.111589007
v -0.127571044 0.303160697 0.111447401
v -0.127357428 0.292379230 0.110148534
v -0.124491883 0.303149670 0.112206332
v -0.124277507 0.292329997 0.110902876
v -0.120763947 0.303307354 0.111490622
v -0.120549661 0.292492419 0.110187732
v -0.118321260 0.303544581 0.109782226
v -0.118107637 0.292763114 0.108483359
v -0.114074309 0.303362101 0.109418459
v -0.113872809 0.293192416 0.108193301
v -0.134435807 0.302959025 0.108407371
v -0.134311815 0.300467402 0.108321600
v -0.134193455 0.295483530 0.107796453
v -0.134239053 0.293028653 0.107211046
v -0.133623515 0.303254873 0.109674446
v -0.132881348 0.299281716 0.108881906
v -0.132875477 0.296563447 0.108642876
v -0.133409877 0.292472422 0.108375467
v -0.129508478 0.303434134 0.109019853
v -0.129294102 0.292614490 0.107716389
v -0.117375647 0.303940982 0.106808104
v -0.117161271 0.293121338 0.105504639
v -0.113249672 0.304120809 0.105887786
v -0.113714193 0.299983770 0.105251864
v -0.113762398 0.297424406 0.104848377
v -0.113035795 0.293326408 0.104587369
v -0.112934557 0.303862363 0.104791924
v -0.112893527 0.301321119 0.104427025
v -0.112822612 0.296371400 0.103655249
v -0.112736170 0.293849736 0.103585690
v -0.134778206 0.303183347 0.106488876
v -0.134664049 0.300686777 0.106453933
v -0.134564792 0.295671344 0.105881318
v -0.134581451 0.293253005 0.105292551
v -0.134473612 0.303719908 0.105369322
v -0.133483489 0.299762934 0.105306476
v -0.133548369 0.296925366 0.104911104
v -0.134261419 0.293009907 0.104079068
v -0.130418529 0.303839922 0.105501994
v -0.130204146 0.293020248 0.104198530
v -0.117811290 0.304370582 0.103170633
v -0.117596914 0.293550909 0.101867169
v -0.114118603 0.304650217 0.101730868
v -0.114453097 0.300488293 0.101721443
v -0.114435260 0.297770530 0.101413012
v -0.113902939 0.293765485 0.100419566
v -0.113267710 0.304078847 0.102892548
v -0.113271286 0.301597387 0.102437660
v -0.113192399 0.296622008 0.101759017
v -0.113069547 0.294077516 0.101687670
v -0.133873423 0.304145843 0.101737157
v -0.133662139 0.293482214 0.100452490
v -0.129222137 0.304299116 0.101887122
v -0.129007761 0.293479443 0.100583658
v -0.128402156 0.304450870 0.100762151
v -0.128187780 0.293631226 0.099458687
v -0.121472624 0.304745674 0.099454843
v -0.121258249 0.293926030 0.098151378
v -0.120282297 0.304678380 0.100209266
v -0.120067922 0.293858737 0.098905802
v -0.116005768 0.304906189 0.098063096
v -0.115795639 0.294315457 0.096788779
v -0.133901899 0.303962052 0.099362798
v -0.134115835 0.300950199 0.097775444
v -0.133997073 0.297283679 0.097386606
v -0.133704190 0.294212043 0.098191634
v -0.128961031 0.304311633 0.098421812
v -0.129152035 0.301292866 0.096728638
v -0.129079354 0.297624797 0.096286744
v -0.128762667 0.294300169 0.097215712
v -0.128812579 0.304324150 0.098401688
v -0.129010295 0.301311821 0.096674420
v -0.128937242 0.297624797 0.096230239
v -0.128613939 0.294298619 0.097193897
v -0.121961963 0.304572731 0.096978411
v -0.122095448 0.302335382 0.095567130
v -0.121992995 0.297164112 0.094944164
v -0.121765611 0.294662684 0.095784530
v -0.121831675 0.304441154 0.096829534
v -0.121726875 0.302044451 0.095384642
v -0.121638057 0.297502100 0.094838232
v -0.121641261 0.294830859 0.095671766
v -0.116477830 0.304909140 0.096123770
v -0.117346031 0.302055240 0.094487816
v -0.117351663 0.297739238 0.094002411
v -0.116276679 0.294752806 0.094899759
v -0.123946970 0.301658750 0.094864592
v -0.127531094 0.301502258 0.095561095
v -0.123850030 0.297906607 0.094460577
v -0.127470744 0.297770679 0.095140785
v -0.119094459 0.307582855 0.091706336
v -0.121116375 0.307952464 0.092691973
v -0.124259253 0.308048934 0.093628205
v -0.127902989 0.308346540 0.094327562
v -0.131969248 0.308558047 0.094739839
v -0.134430994 0.307518989 0.095167585
v -0.115569671 0.304450572 0.090718389
v -0.117121657 0.305802166 0.091775499
v -0.120337215 0.305734903 0.092556857
v -0.124389035 0.305808306 0.094054960
v -0.127497410 0.305794984 0.094722450
v -0.132170950 0.305293828 0.094704188
v -0.135612403 0.305023283 0.095062636
v -0.115334285 0.302883297 0.090761356
v -0.117148121 0.302549869 0.091866799
v -0.119782289 0.302018553 0.092475027
v -0.123912332 0.302046418 0.093309872
v -0.128043939 0.301940024 0.094023786
v -0.132327442 0.301024586 0.094714038
v -0.135260780 0.301568538 0.095019631
v -0.115256784 0.298710912 0.090039052
v -0.117300269 0.298485637 0.091384612
v -0.119629485 0.298301190 0.092065975
v -0.123858881 0.297918260 0.092780113
v -0.127950457 0.297671318 0.093523137
v -0.132243936 0.298255950 0.094370291
v -0.135216643 0.297554463 0.094363898
v -0.115366821 0.296554416 0.089891516
v -0.116834906 0.294906795 0.090380438
v -0.120078785 0.294666678 0.091217212
v -0.124221486 0.294452608 0.092758194
v -0.127231148 0.294230789 0.093408696
v -0.131943231 0.294086784 0.093378976
v -0.135507424 0.294006288 0.093942985
v -0.118811441 0.293084502 0.089919716
v -0.120857676 0.292350918 0.090694696
v -0.124022682 0.291905254 0.091536164
v -0.127541301 0.291441113 0.092295103
v -0.131492828 0.290906191 0.092571035
v -0.134114553 0.291724116 0.093281597
v -0.122166296 0.307949126 0.090366989
v -0.127322693 0.309404373 0.089952707
v -0.134348367 0.308090031 0.091662519
v -0.118018483 0.305845588 0.087246731
v -0.120234897 0.307383925 0.090177678
v -0.123927188 0.305435240 0.090628862
v -0.129391198 0.305202812 0.091659695
v -0.136775454 0.304525763 0.092248946
v -0.116923195 0.303351551 0.086419530
v -0.122253214 0.303193301 0.090043262
v -0.123332110 0.303698033 0.090311028
v -0.129916501 0.303417951 0.091553226
v -0.130973597 0.302822351 0.091688432
v -0.137189989 0.302516729 0.092189439
v -0.116077726 0.300990433 0.085854791
v -0.116589208 0.300855875 0.086880870
v -0.122143139 0.297636658 0.089373849
v -0.123200235 0.297041059 0.089509055
v -0.129784626 0.296760976 0.090751253
v -0.130863522 0.297265708 0.091019019
v -0.137139757 0.297853500 0.091305636
v -0.123725538 0.295256197 0.089402579
v -0.129189556 0.295023769 0.090433411
v -0.136569132 0.295230210 0.091569446
v -0.134219711 0.292318046 0.089373700
v -0.122794484 0.308789492 0.086039722
v -0.125657235 0.309192300 0.086690918
v -0.128146206 0.309383631 0.087759554
v -0.133218621 0.309338331 0.088590652
v -0.135856276 0.308555365 0.087222055
v -0.116602001 0.304742366 0.085511573
v -0.118528244 0.306602746 0.084958300
v -0.121021194 0.307847321 0.086549021
v -0.137695928 0.305583984 0.087158144
v -0.116375593 0.303165257 0.085441098
v -0.117632073 0.303720921 0.083374962
v -0.137751167 0.302285969 0.087238617
v -0.116386158 0.299872518 0.084472083
v -0.117293564 0.301248521 0.083510160
v -0.137660568 0.298798978 0.086770564
v -0.116456752 0.297410071 0.084628239
v -0.117483621 0.295708328 0.084328070
v -0.137508397 0.295385897 0.085857451
v -0.119713460 0.293899983 0.083945192
v -0.122340647 0.292920142 0.083663695
v -0.125377935 0.292184293 0.084129259
v -0.127963637 0.291708767 0.085109055
v -0.132866611 0.291569412 0.086450078
v -0.135538449 0.292549491 0.085293710
v -0.121341718 0.308922708 0.080010220
v -0.129283053 0.310145050 0.083001584
v -0.134074022 0.309817344 0.083809368
v -0.135815357 0.309555739 0.083518498
v -0.119322491 0.306865901 0.080544196
v -0.121661616 0.308306694 0.079976656
v -0.138554146 0.304416239 0.085532747
v -0.117470224 0.302916259 0.080313221
v -0.118263965 0.304231673 0.080443993
v -0.138525521 0.303277999 0.085221387
v -0.117450093 0.300914407 0.079856791
v -0.117902507 0.300557047 0.080145895
v -0.138441016 0.298831493 0.084422752
v -0.118703556 0.296488672 0.079050884
v -0.138402959 0.296850115 0.084722959
v -0.121055481 0.294473529 0.078269511
v -0.127476734 0.293608636 0.080948025
v -0.129971256 0.292621672 0.081221238
v -0.133386423 0.292409778 0.081699342
v -0.135196482 0.292250276 0.083068699
v -0.123924007 0.309517741 0.079515859
v -0.126759571 0.309906334 0.080017678
v -0.129134295 0.309999585 0.080668733
v -0.119538744 0.305783063 0.077623971
v -0.122562965 0.308699667 0.079769462
v -0.139330094 0.305067331 0.081138425
v -0.118860577 0.303627610 0.075914793
v -0.139041235 0.302651584 0.080730133
v -0.118739751 0.301289231 0.075377584
v -0.139184077 0.299836129 0.079174012
v -0.121398439 0.296703398 0.078000925
v -0.121983674 0.296778858 0.077278145
v -0.139444118 0.297332644 0.078522384
v -0.123375473 0.293664038 0.077637993
v -0.126398821 0.292991042 0.077993251
v -0.128761572 0.292615831 0.078578770
v -0.122694721 0.309615701 0.074638829
v -0.129925323 0.310049534 0.076635465
v -0.136597310 0.309605956 0.077327602
v -0.137425025 0.309355110 0.079136178
v -0.120687348 0.307529747 0.074363992
v -0.123677281 0.309314460 0.073558964
v -0.139020805 0.306744486 0.078982018
v -0.119942849 0.304018229 0.072867393
v -0.139545237 0.303834766 0.077639706
v -0.119757776 0.301344186 0.072555073
v -0.139475127 0.299759686 0.077086091
v -0.120410924 0.297170639 0.073106796
v -0.123597910 0.297187507 0.073620707
v -0.138811072 0.296142548 0.077697836
v -0.122405646 0.295023263 0.072880857
v -0.136285161 0.293851644 0.075429983
v -0.137015586 0.293562382 0.076950289
v -0.124623378 0.310346514 0.071540661
v -0.128264425 0.310291320 0.073227756
v -0.131166120 0.310810775 0.073681355
v -0.135556077 0.310920060 0.074352153
v -0.137388547 0.310547292 0.074633732
v -0.122044374 0.308064550 0.070973471
v -0.123947074 0.309201777 0.069826059
v -0.120780093 0.304985762 0.070450447
v -0.120642071 0.300953865 0.069784969
v -0.121731144 0.297584742 0.069541208
v -0.125336123 0.297020406 0.069520883
v -0.140562167 0.298295170 0.071848378
v -0.123884370 0.295038581 0.069621630
v -0.131474336 0.293416709 0.071591288
v -0.135372658 0.293315828 0.072260171
v -0.137155165 0.293613493 0.072015673
v -0.125969616 0.310841858 0.068035513
v -0.128957261 0.311392218 0.068454728
v -0.132753004 0.311465919 0.069173016
v -0.136192461 0.311554611 0.069319315
v -0.138651316 0.310369521 0.071581028
v -0.122957629 0.308952302 0.068330087
v -0.124812511 0.308570623 0.068028636
v -0.128460844 0.306782365 0.066765569
v -0.140408208 0.307660460 0.071112007
v -0.124773619 0.306524962 0.066481881
v -0.140774329 0.304554701 0.069994204
v -0.124513340 0.301012665 0.065998733
v -0.140776103 0.300744951 0.069384255
v -0.122724955 0.297129929 0.066905349
v -0.124903684 0.297633022 0.066019915
v -0.140222360 0.297192365 0.069691740
v -0.125631292 0.295227766 0.066220082
v -0.128495929 0.294453382 0.066471249
v -0.132149105 0.294310957 0.066686116
v -0.135766466 0.293878824 0.067174233
v -0.138334428 0.294394195 0.069656536
v -0.127467741 0.311307222 0.065001778
v -0.129638222 0.311282784 0.066088945
v -0.133486276 0.311134219 0.066741861
v -0.136775290 0.311274081 0.066303536
v -0.139789139 0.311047107 0.066294879
v -0.126819116 0.307672173 0.064379402
v -0.129244101 0.308922142 0.065792948
v -0.133563404 0.309830636 0.065794401
v -0.136565094 0.310107350 0.065637894
v -0.141785746 0.306899726 0.066112362
v -0.126259518 0.306839406 0.063715674
v -0.141851668 0.306323618 0.065420859
v -0.140898739 0.300615937 0.065527812
v -0.126201009 0.297171742 0.063214384
v -0.128736717 0.296313047 0.064625278
v -0.136774962 0.296014190 0.064050525
v -0.141709645 0.298989832 0.064644821
v -0.127206382 0.295533568 0.062937416
v -0.129354310 0.295180261 0.063945919
v -0.133079295 0.294879884 0.064820804
v -0.136433621 0.294800431 0.064341851
v -0.139455517 0.294939309 0.064291202
v -0.126744104 0.311830103 0.061304990
v -0.138377448 0.311321706 0.063635923
v -0.140356367 0.310978115 0.063826129
v -0.126867977 0.310601801 0.060989242
v -0.135493402 0.309780061 0.064140648
v -0.138628845 0.310257614 0.062872164
v -0.141425912 0.308994144 0.063912407
v -0.141888012 0.305428773 0.063137613
v -0.139024441 0.300667405 0.062268037
v -0.141612773 0.300884873 0.062608488
v -0.125374337 0.296835721 0.059105963
v -0.138694917 0.296572059 0.061907213
v -0.141445090 0.297611654 0.062377017
v -0.126568576 0.295913368 0.059324767
v -0.137985756 0.295301110 0.061726738
v -0.140067582 0.295625150 0.061770715
v -0.127169182 0.312211961 0.057561811
v -0.132791673 0.312517256 0.060261417
v -0.139005561 0.311656356 0.060073014
v -0.140610938 0.311039269 0.061602950
v -0.127426309 0.311072677 0.057246301
v -0.138765906 0.310593605 0.059358317
v -0.141438787 0.309415042 0.061120305
v -0.141371523 0.306553125 0.060113713
v -0.139636521 0.300900578 0.060231801
v -0.141603743 0.301849604 0.060723387
v -0.125929271 0.297242552 0.055637725
v -0.139568766 0.296667367 0.058169242
v -0.141778980 0.297770858 0.060281586
v -0.127100830 0.296337754 0.055641543
v -0.132449527 0.295245498 0.058180664
v -0.138568823 0.295869708 0.058207151
v -0.140462493 0.295863062 0.059804168
v -0.129122553 0.312419206 0.055008333
v -0.132064437 0.312587917 0.054153100
v -0.135928755 0.312427223 0.054993659
v -0.138185759 0.311945021 0.056627080
v -0.128855181 0.311686933 0.054421164
v -0.131855627 0.311222374 0.054363117
v -0.135832121 0.311027467 0.054915227
v -0.139129390 0.310338199 0.055693489
v -0.136416455 0.306790948 0.053553656
v -0.138665472 0.306569338 0.055509783
v -0.136802976 0.301223248 0.052872539
v -0.139123966 0.301729947 0.054029461
v -0.128379998 0.297558993 0.052607946
v -0.131273662 0.297653019 0.051351592
v -0.136267384 0.297440916 0.052291185
v -0.138241847 0.297169834 0.054216553
v -0.128772539 0.296840727 0.053100042
v -0.131552179 0.296643138 0.052390132
v -0.135278975 0.296453744 0.053070080
v -0.137749304 0.296423525 0.054800406
v -0.133559276 0.312003106 0.053052153
v -0.135201057 0.311927885 0.053406466
v -0.133422946 0.311870426 0.052983146
v -0.136732374 0.311091304 0.053261772
v -0.139732798 0.310141534 0.052982729
v -0.136486878 0.306484312 0.053023696
v -0.139197012 0.307621300 0.053272437
v -0.137084161 0.301505864 0.052282311
v -0.139407967 0.301996320 0.052219160
v -0.133264844 0.297623456 0.051269624
v -0.134824042 0.297551125 0.051613510
v -0.133251404 0.297341883 0.051309362
v -0.134419699 0.297293097 0.051522158
v -0.140612398 0.311637342 0.058335442
v -0.141981100 0.309434533 0.057742119
v -0.142183413 0.305810004 0.057241812
v -0.142106776 0.301889956 0.056769319
v -0.141746839 0.298363984 0.056411892
v -0.140227069 0.296206027 0.056494880
v -0.139274870 0.312295675 0.058728341
v -0.138843213 0.308204114 0.058316845
v -0.138758530 0.303930730 0.057802007
v -0.138673862 0.299657315 0.057287198
v -0.138849308 0.295533329 0.056730654
v -0.140141626 0.311721087 0.057228044
v -0.141258096 0.310046017 0.056854717
v -0.141655375 0.306279331 0.055921212
v -0.141572853 0.302085012 0.055392988
v -0.141014044 0.298099548 0.055417605
v -0.139766817 0.296441108 0.055384353
v -0.138541465 0.312352955 0.056615707
v -0.138227855 0.296020210 0.054755427
v -0.139104207 0.311918795 0.053850576
v -0.140203362 0.310436457 0.053414363
v -0.140577321 0.306686729 0.052542038
v -0.140648787 0.302080899 0.052254796
v -0.139968877 0.298601329 0.051988568
v -0.138810624 0.297101885 0.052065559
v -0.136808341 0.312600017 0.054207321
v -0.136476238 0.296428055 0.052302450
v -0.133383532 0.312820196 0.053533688
v -0.133134847 0.296468824 0.051640131
v -0.129069318 0.312612236 0.054450929
v -0.128734377 0.296607614 0.052637108
v -0.127247145 0.312273830 0.055103958
v -0.126332489 0.310961515 0.054851022
v -0.127518010 0.304422826 0.055565927
v -0.126427082 0.298338622 0.053427793
v -0.126953949 0.296921700 0.053237140
v -0.138057207 0.312277377 0.050192174
v -0.139205580 0.310605168 0.049733702
v -0.139846479 0.307133079 0.049322389
v -0.139825632 0.303140819 0.048947703
v -0.138982584 0.299350321 0.048377812
v -0.137767648 0.297663242 0.048431583
v -0.136046876 0.312678248 0.050302770
v -0.137624120 0.311946601 0.050298877
v -0.137347301 0.297975868 0.048615798
v -0.135885467 0.297365397 0.048259556
v -0.132186120 0.312700510 0.052464992
v -0.131431331 0.296856701 0.051062897
v -0.130459075 0.312629163 0.053256027
v -0.130059515 0.296876460 0.051386483
v -0.126094391 0.312045455 0.054074954
v -0.124873412 0.311178088 0.053066283
v -0.124616821 0.298565447 0.051573660
v -0.125788336 0.297433048 0.052303705
v -0.122848650 0.309799522 0.051890090
v -0.121998963 0.307677984 0.052035503
v -0.121907112 0.302887022 0.051460486
v -0.122657661 0.300239801 0.050759561
v -0.138138254 0.310894281 0.046080481
v -0.138784726 0.307298303 0.045580685
v -0.138750454 0.303793430 0.045100652
v -0.137921979 0.299978673 0.044765458
v -0.134946321 0.312960744 0.046681255
v -0.136228417 0.312305480 0.046682306
v -0.135955696 0.298540622 0.045024030
v -0.134648998 0.297954917 0.044873476
v -0.131846075 0.312974840 0.047438964
v -0.131433596 0.297916353 0.045555890
v -0.127878380 0.312857300 0.048636343
v -0.126765889 0.312484741 0.047950603
v -0.127081734 0.298442006 0.045825090
v -0.127581370 0.297867149 0.046830449
v -0.125909311 0.312645733 0.049318738
v -0.124529538 0.311745703 0.048953366
v -0.124277030 0.299001575 0.047418058
v -0.125618872 0.297987372 0.047552820
v -0.122101461 0.309318811 0.050293807
v -0.121761364 0.307502300 0.050197180
v -0.121698094 0.303113282 0.049606029
v -0.121930969 0.301140159 0.049341824
v -0.137150695 0.311101228 0.042404752
v -0.137871151 0.307756037 0.042062625
v -0.137762522 0.304256231 0.041524850
v -0.136944388 0.300689012 0.041150372
v -0.133985345 0.313359469 0.043142039
v -0.134942551 0.312788099 0.043022186
v -0.134669189 0.298991293 0.041360058
v -0.133689840 0.298445642 0.041345343
v -0.131107454 0.313377470 0.043608662
v -0.129922819 0.313006520 0.043824226
v -0.129641038 0.298784882 0.042110920
v -0.130811294 0.298429787 0.041807890
v -0.127050859 0.313341856 0.044550776
v -0.127088253 0.312848002 0.044494212
v -0.126811703 0.298890382 0.042812709
v -0.126754795 0.298399061 0.042750590
v -0.125129146 0.313035250 0.045001116
v -0.123338943 0.311785281 0.045202550
v -0.123103452 0.299900115 0.043770723
v -0.124844414 0.298664778 0.043269876
v -0.121510324 0.309940398 0.046471655
v -0.120866825 0.307958335 0.046195704
v -0.120832865 0.303705186 0.045536797
v -0.121342314 0.301460892 0.045450110
v -0.136200597 0.311199933 0.038708080
v -0.136551892 0.308502078 0.037513591
v -0.136502301 0.304508567 0.037112474
v -0.136008565 0.301507890 0.037540462
v -0.133491357 0.313760430 0.039751489
v -0.133867954 0.313166171 0.039561152
v -0.133449887 0.299459010 0.037986062
v -0.133025636 0.298851281 0.038053796
v -0.129062143 0.313898802 0.040292937
v -0.129066353 0.313402206 0.040234804
v -0.129616861 0.299246639 0.038535714
v -0.129595366 0.298750997 0.038473498
v -0.126504448 0.313692898 0.041370623
v -0.126539973 0.313199431 0.041308515
v -0.125895125 0.299388677 0.039422244
v -0.125828979 0.298897594 0.039367840
v -0.122442198 0.311866552 0.041974351
v -0.122219418 0.300622642 0.040619779
v -0.120790308 0.310231000 0.042556182
v -0.120325756 0.308624178 0.042133324
v -0.120268625 0.304383546 0.041687425
v -0.120629926 0.302136511 0.041581027
v -0.135445391 0.311645567 0.036117319
v -0.136063119 0.309135437 0.035336014
v -0.135931884 0.304313242 0.034655888
v -0.135242825 0.301712751 0.034942210
v -0.132199605 0.314253002 0.035969157
v -0.132845228 0.313541830 0.036015660
v -0.132534151 0.299992234 0.034368660
v -0.131891479 0.299344808 0.034181863
v -0.128442739 0.314397126 0.036062878
v -0.128626441 0.313888997 0.036110796
v -0.128357214 0.299810082 0.034411851
v -0.128072587 0.299344897 0.034196015
v -0.126021755 0.314233214 0.036946636
v -0.125931283 0.313739955 0.036826778
v -0.125656826 0.299890101 0.035158057
v -0.125704591 0.299374580 0.035220068
v -0.121492704 0.311697870 0.038226429
v -0.120322791 0.308877856 0.037891060
v -0.120241356 0.304654062 0.037375271
v -0.121332546 0.301680267 0.037034214
v -0.120125880 0.310516506 0.038153097
v -0.119903390 0.308648050 0.038265157
v -0.119827797 0.304707527 0.037728995
v -0.119973716 0.302935034 0.037242688
v -0.134560888 0.311980158 0.032990985
v -0.135056486 0.309366912 0.031583618
v -0.134866868 0.304954767 0.030836169
v -0.134366547 0.302171886 0.031809364
v -0.131307666 0.314645439 0.032591414
v -0.132160415 0.313902646 0.032920588
v -0.130182658 0.307384938 0.030540178
v -0.131825958 0.300390899 0.031376123
v -0.130968874 0.299802929 0.030800756
v -0.129021158 0.314611614 0.034102365
v -0.129547720 0.314055830 0.034768797
v -0.128791255 0.307189286 0.032393012
v -0.126875212 0.307088584 0.033543963
v -0.129272175 0.299930900 0.033065807
v -0.128783201 0.299557358 0.032351289
v -0.124765587 0.314360023 0.035227984
v -0.124129777 0.313836753 0.035592396
v -0.124201817 0.307144076 0.033523113
v -0.125903403 0.307086855 0.033718225
v -0.123822902 0.300167263 0.033895418
v -0.124549640 0.299701363 0.033471793
v -0.122238604 0.314667046 0.033281323
v -0.121971768 0.312892199 0.035541691
v -0.121693586 0.309439212 0.034193832
v -0.121580993 0.304859519 0.033627357
v -0.121702370 0.301207006 0.034179505
v -0.121947524 0.299976140 0.031511482
v -0.119759579 0.309179515 0.036701709
v -0.119673376 0.304796189 0.036172654
v -0.133378421 0.312522292 0.028021600
v -0.134026830 0.309908956 0.027761387
v -0.133921896 0.305418849 0.027206972
v -0.133187433 0.302904695 0.026840748
v -0.130775740 0.314956158 0.029787729
v -0.132171665 0.314040899 0.029202310
v -0.130480071 0.307522565 0.029348748
v -0.130376523 0.307724744 0.027687574
v -0.131909524 0.301165730 0.027666887
v -0.130499576 0.300196499 0.027995421
v -0.125662071 0.315036088 0.029654836
v -0.125370992 0.300345182 0.027884996
v -0.121163127 0.314881116 0.031681307
v -0.120872048 0.300190210 0.029911468
v -0.133036872 0.312944084 0.026646689
v -0.133763437 0.310526460 0.026175542
v -0.133673598 0.305609435 0.025581421
v -0.132861932 0.302833706 0.025422754
v -0.130202373 0.315195918 0.027277635
v -0.131556441 0.314588815 0.027198743
v -0.131916692 0.307864815 0.026271466
v -0.130065312 0.307849884 0.026700066
v -0.131374990 0.301198095 0.025565555
v -0.129945544 0.300578624 0.025538452
v -0.127869670 0.315526426 0.025221610
v -0.127578591 0.300835520 0.023451770
v -0.121719246 0.315476209 0.026650188
v -0.121428167 0.300785303 0.024880348
v -0.120793489 0.315228283 0.028860422
v -0.120502410 0.300537348 0.027090581
v -0.125995171 0.315623492 0.024724174
v -0.125704092 0.300932586 0.022954334
v -0.123631996 0.315613955 0.025192101
v -0.123340917 0.300923049 0.023422260
v -0.132859831 0.310887307 0.023922184
v -0.132923131 0.309532315 0.023858685
v -0.132803355 0.306606829 0.023391696
v -0.132808496 0.305519849 0.023356944
v -0.131177236 0.314706951 0.025349930
v -0.131745731 0.313420653 0.024982518
v -0.132341494 0.311534077 0.024437791
v -0.132033815 0.310154527 0.024551554
v -0.131952410 0.306046128 0.024056606
v -0.132246276 0.304864287 0.023614978
v -0.131593217 0.302844405 0.023684222
v -0.130853702 0.301480085 0.023666224
v -0.129920182 0.315156221 0.025870807
v -0.129768972 0.313468844 0.025682112
v -0.129554597 0.302649170 0.024378646
v -0.129501094 0.300970584 0.024103547
v -0.132157539 0.310935050 0.022631085
v -0.132050713 0.309253007 0.022222036
v -0.131992911 0.306632161 0.021909393
v -0.132256960 0.305524528 0.022360815
v -0.130488713 0.314903915 0.024239602
v -0.130508055 0.313882917 0.023009147
v -0.131836434 0.311974108 0.022445366
v -0.131701236 0.304684460 0.021660252
v -0.130232965 0.302803189 0.021655591
v -0.130268534 0.301594436 0.022659587
v -0.129260306 0.315353513 0.024368787
v -0.129073967 0.313878864 0.023447502
v -0.128854630 0.302808881 0.022113876
v -0.128853512 0.301174670 0.022677626
v -0.127417457 0.315644413 0.024998751
v -0.127256532 0.314020246 0.024862967
v -0.127026421 0.302406549 0.023463842
v -0.126913917 0.300829619 0.023198679
v -0.130822976 0.309463710 0.019954139
v -0.130782311 0.307539701 0.019723689
v -0.128634189 0.315354079 0.020835197
v -0.129473087 0.313890606 0.021091260
v -0.129396816 0.312111169 0.020086348
v -0.130503227 0.310704976 0.019549457
v -0.130447750 0.307098389 0.019106593
v -0.129272779 0.305371612 0.019269453
v -0.129257058 0.303365797 0.019800199
v -0.128443745 0.302066773 0.019218145
v -0.127913189 0.315713316 0.021993998
v -0.128338968 0.313930929 0.021846730
v -0.128030089 0.312309593 0.020564673
v -0.127886389 0.305057168 0.019690961
v -0.128125695 0.303167045 0.020549983
v -0.127690052 0.301465988 0.020277357
v -0.125588213 0.315950513 0.023542667
v -0.124810566 0.313453615 0.022783643
v -0.124928539 0.312618196 0.022793327
v -0.124764708 0.304349661 0.021797203
v -0.124630285 0.303357989 0.021466786
v -0.125625392 0.300957114 0.021810835
v -0.123492402 0.315884709 0.024635598
v -0.123427858 0.314051747 0.024425354
v -0.123597731 0.312388420 0.023458535
v -0.123440777 0.304466724 0.022504196
v -0.123234903 0.302677691 0.022972876
v -0.123258834 0.300800651 0.022822272
v -0.121925977 0.315508068 0.024968717
v -0.121756767 0.313854873 0.024512718
v -0.121500087 0.302867711 0.023227988
v -0.121649270 0.301146209 0.023229087
v -0.120123153 0.315016836 0.026664026
v -0.120778051 0.313111842 0.025463590
v -0.120184635 0.311324537 0.025421735
v -0.120061000 0.305176824 0.024710797
v -0.120562886 0.303431451 0.024301443
v -0.119882275 0.301284939 0.024984676
v -0.118534681 0.314352155 0.026380923
v -0.118291219 0.302064568 0.024900613
v -0.129609403 0.309145719 0.017610153
v -0.129883480 0.308091670 0.018063081
v -0.127897156 0.315566450 0.019345673
v -0.128744972 0.314527631 0.018766481
v -0.129402821 0.312281966 0.017981766
v -0.129591507 0.310634613 0.017814338
v -0.129435715 0.307485670 0.017239099
v -0.129367379 0.305454820 0.017400762
v -0.128507403 0.303299248 0.017372726
v -0.127735180 0.302179039 0.017923599
v -0.127149676 0.315922022 0.020065272
v -0.126695891 0.314142883 0.020365739
v -0.126223196 0.311722845 0.019765286
v -0.125712459 0.310943961 0.019701920
v -0.125630808 0.306672782 0.019173430
v -0.126096216 0.305902362 0.019058118
v -0.126482588 0.303377092 0.019068765
v -0.126605977 0.301670372 0.018253809
v -0.124705692 0.315920800 0.021187143
v -0.124965978 0.314005286 0.021771263
v -0.125441191 0.311785460 0.020655908
v -0.125668910 0.310850203 0.019925414
v -0.125587029 0.306717664 0.019427562
v -0.125314531 0.305651426 0.019921185
v -0.124853742 0.303092420 0.020330545
v -0.124442880 0.301485986 0.019440593
v -0.123440799 0.315787315 0.022543613
v -0.123668765 0.313752234 0.022927850
v -0.123283607 0.312472582 0.022972332
v -0.123125893 0.304512739 0.022013394
v -0.123582770 0.303384960 0.021594623
v -0.123153051 0.301394105 0.020770783
v -0.121077758 0.315541178 0.023794549
v -0.122186598 0.314026296 0.023815868
v -0.121965100 0.302847236 0.022469105
v -0.120809500 0.301424384 0.022088321
v -0.119644580 0.315172732 0.024855571
v -0.118506936 0.314845294 0.024401056
v -0.118187924 0.302089453 0.022978622
v -0.119197887 0.301668078 0.022917580
v -0.117602398 0.313904226 0.025453370
v -0.117374730 0.302769095 0.024161363
v -0.126901706 0.315869063 0.017336177
v -0.127621022 0.314467311 0.017011350
v -0.127173034 0.312033772 0.016479589
v -0.127750029 0.311005980 0.015982773
v -0.127727044 0.307283878 0.015499360
v -0.127065507 0.306332588 0.015791249
v -0.127381106 0.303771287 0.015737411
v -0.126670991 0.302391469 0.015815865
v -0.125348632 0.316076070 0.018010341
v -0.126850312 0.313574374 0.017844442
v -0.126484265 0.312262744 0.017251695
v -0.126401645 0.305749148 0.016635457
v -0.126670946 0.304521412 0.016753817
v -0.125311804 0.302025855 0.016368814
v -0.124263858 0.316099405 0.019224809
v -0.123944921 0.301804990 0.017578470
v -0.121917521 0.316081405 0.020154942
v -0.121655312 0.301738262 0.018340686
v -0.120377516 0.315763831 0.021526834
v -0.120117975 0.301773101 0.019833298
v -0.119122659 0.315374106 0.022791037
v -0.118885760 0.301894814 0.021121705
v -0.126124648 0.316089302 0.015936816
v -0.126962771 0.315047681 0.015363086
v -0.126854007 0.311833948 0.015800646
v -0.126938720 0.311102778 0.015532860
v -0.126859215 0.307340622 0.015082215
v -0.126711537 0.306717813 0.015249048
v -0.126695690 0.303603262 0.014005403
v -0.125918997 0.302605540 0.014280293
v -0.124966269 0.316159159 0.016634569
v -0.124743139 0.315907329 0.015728181
v -0.126254206 0.311514050 0.016276699
v -0.126181630 0.311268151 0.016270237
v -0.126100232 0.307159722 0.015775291
v -0.126163115 0.306916684 0.015722847
v -0.124554959 0.302822053 0.014269559
v -0.124726859 0.302339733 0.015036460
v -0.123017957 0.316357583 0.017158257
v -0.122757030 0.302110374 0.015534593
v -0.120995474 0.316283673 0.018104356
v -0.120705110 0.302050322 0.016461495
v -0.118890015 0.315834880 0.019472927
v -0.118644138 0.302241802 0.017885998
v -0.125001681 0.316304475 0.013868078
v -0.125709471 0.315305144 0.013079753
v -0.126454917 0.313185006 0.012611542
v -0.126884696 0.310366809 0.012602111
v -0.126815205 0.308201939 0.012355008
v -0.126348254 0.306034684 0.011828825
v -0.125514244 0.304004997 0.011752155
v -0.124741410 0.303002328 0.012020808
v -0.123938647 0.316490680 0.014433572
v -0.123783072 0.316038936 0.014240439
v -0.123226022 0.303181708 0.012219842
v -0.123777834 0.302618980 0.012745353
v -0.122010765 0.316495240 0.015584622
v -0.121670273 0.302476525 0.013568690
v -0.120043893 0.316480160 0.016128883
v -0.119776559 0.302364349 0.014471861
v -0.118216467 0.316128194 0.017043957
v -0.118112055 0.302524596 0.015643112
v -0.123948147 0.316444695 0.012001175
v -0.124804025 0.315427214 0.011429968
v -0.125512255 0.313091308 0.010764154
v -0.125665297 0.310618550 0.010364609
v -0.125600224 0.308573961 0.010130557
v -0.125319620 0.306291133 0.009974190
v -0.124541064 0.304255962 0.010105428
v -0.122917083 0.316771388 0.012486096
v -0.122405199 0.316263855 0.012384797
v -0.121980501 0.303427845 0.010569131
v -0.122894232 0.302869588 0.010959139
v -0.120784474 0.316650301 0.013825931
v -0.120507871 0.302726865 0.012148286
v -0.119095509 0.316598177 0.014826750
v -0.118739915 0.302639455 0.012911394
v -0.117580419 0.316390067 0.014991908
v -0.117508155 0.302736968 0.014005479
v -0.123435182 0.315724164 0.009260632
v -0.124446941 0.313778877 0.009076604
v -0.124390465 0.311332583 0.008209469
v -0.124345345 0.308963031 0.007923087
v -0.124284019 0.306659997 0.008133558
v -0.123272007 0.304656982 0.007898853
v -0.121732009 0.316955566 0.010336022
v -0.121640925 0.316394538 0.010561987
v -0.121674244 0.303673029 0.009040999
v -0.121562091 0.303200155 0.008845299
v -0.120038373 0.316750109 0.011710303
v -0.119768244 0.303162038 0.010073236
v -0.117805679 0.316726387 0.012615003
v -0.117480700 0.303075373 0.010902506
v -0.117320334 0.316535443 0.013750442
v -0.117061165 0.302984774 0.012164040
v -0.122504060 0.315694064 0.007493191
v -0.123093014 0.314042628 0.006848585
v -0.123213020 0.311860979 0.006354826
v -0.123100435 0.309209764 0.005922901
v -0.122944717 0.306987703 0.005936467
v -0.122287792 0.305013388 0.006261473
v -0.120464576 0.317045480 0.008576076
v -0.120624666 0.316560537 0.008499132
v -0.120621023 0.304124206 0.006992987
v -0.120421563 0.303579837 0.007198377
v -0.118561809 0.316836923 0.009714291
v -0.118771923 0.316719800 0.008957724
v -0.118528751 0.303902268 0.007392019
v -0.118307811 0.303615630 0.008101724
v -0.117533540 0.316823900 0.010776344
v -0.117298951 0.303420037 0.009084518
v -0.121373584 0.315754622 0.005978825
v -0.121914883 0.313958228 0.005145617
v -0.122164224 0.311893851 0.004848183
v -0.122091529 0.309565663 0.004523928
v -0.121785191 0.307354689 0.004351331
v -0.121170943 0.305429906 0.004744485
v -0.119626147 0.317071021 0.007701464
v -0.119788085 0.316602856 0.006781295
v -0.119502035 0.304523617 0.005238516
v -0.119350289 0.303850651 0.006086670
v -0.118718718 0.316553235 0.008037669
v -0.118481335 0.304275811 0.006553627
v -0.120317367 0.315297306 0.004609025
v -0.120424991 0.313894391 0.003796338
v -0.120578122 0.312010050 0.003250374
v -0.120524501 0.309928894 0.002977181
v -0.120305103 0.307789803 0.003062358
v -0.120138926 0.306239337 0.003520258
v -0.118673881 0.315908372 0.005013181
v -0.118638856 0.314687937 0.003774595
v -0.118579161 0.307126373 0.002841586
v -0.118345399 0.305675328 0.003727271
v -0.119223897 0.311962575 0.002482605
v -0.119177123 0.310267299 0.002258104
v -0.117598993 0.314048499 0.003365138
v -0.117943895 0.312312394 0.002549503
v -0.117894312 0.309978545 0.002240459
v -0.117470336 0.307877690 0.002611151
v -0.116991502 0.313593209 0.003205844
v -0.116759618 0.312113166 0.002705700
v -0.116714870 0.309936315 0.002440883
v -0.116868054 0.308469623 0.002553753
v -0.117354442 0.316800028 0.010742976
v -0.117772927 0.316849470 0.009555410
v -0.116808330 0.316481769 0.013330601
v -0.117190209 0.316653013 0.012607159
v -0.117413406 0.316265166 0.015488454
v -0.118032795 0.315982223 0.017622979
v -0.118259241 0.315723270 0.019322839
v -0.118944970 0.315352559 0.022638202
v -0.113974412 0.315139472 0.007996132
v -0.115375501 0.315371960 0.006879499
v -0.117187140 0.315532118 0.006026245
v -0.118331445 0.315459341 0.005580355
v -0.112890211 0.314883560 0.010744544
v -0.114010123 0.315514833 0.009409337
v -0.116182429 0.316321015 0.008556050
v -0.118064863 0.316424400 0.007710613
v -0.118942556 0.316098481 0.006778429
v -0.113223394 0.314972460 0.012575825
v -0.115028438 0.316109180 0.011510985
v -0.116701682 0.316683203 0.010179383
v -0.117970389 0.316799343 0.009051952
v -0.112973881 0.314084262 0.014806620
v -0.113755231 0.314929366 0.014294601
v -0.115652186 0.316129059 0.013439868
v -0.113878300 0.314003855 0.017037774
v -0.114951861 0.315027028 0.016614994
v -0.116446761 0.315925211 0.015920496
v -0.114474979 0.313641429 0.019008458
v -0.116209556 0.315138936 0.018494915
v -0.115630482 0.313893914 0.021038964
v -0.116796528 0.314919829 0.020508492
v -0.116453049 0.313803732 0.022996748
v -0.117671465 0.314865828 0.022556581
v -0.117185359 0.313725829 0.024823459
v -0.118233887 0.314825624 0.023886126
v -0.114482393 0.313321203 0.005111135
v -0.116329302 0.313383639 0.004149698
v -0.117310886 0.313139468 0.003672930
v -0.111864668 0.313239396 0.008586488
v -0.112967936 0.313868254 0.007369271
v -0.114677553 0.314256012 0.005877609
v -0.116760423 0.314478129 0.004885369
v -0.117681888 0.314236164 0.004360001
v -0.111073447 0.312419683 0.011539825
v -0.111810160 0.313630819 0.010260364
v -0.112721962 0.314565569 0.009268486
v -0.111594525 0.313001722 0.012879395
v -0.112131958 0.314005166 0.012316116
v -0.112145704 0.312979728 0.014526277
v -0.113068734 0.312706918 0.017001174
v -0.113853184 0.312412202 0.019094298
v -0.114688438 0.312279284 0.021108799
v -0.115437915 0.312079519 0.023010224
v -0.115913351 0.310873181 0.024944620
v -0.116223742 0.312070489 0.024903772
v -0.112788704 0.311637700 0.005752399
v -0.114251268 0.312117457 0.004670709
v -0.116219071 0.312125862 0.003632974
v -0.117147309 0.312086821 0.003319343
v -0.111319018 0.311274022 0.008064218
v -0.112139222 0.311712265 0.006678344
v -0.110717450 0.310965568 0.011065640
v -0.110892606 0.311396152 0.009673288
v -0.110981693 0.310597450 0.013162281
v -0.111522962 0.310817719 0.014600715
v -0.112599914 0.310675025 0.017208323
v -0.114009266 0.310091317 0.020666854
v -0.115118687 0.309313446 0.023405734
v -0.115642098 0.309550136 0.024621991
v -0.112779518 0.309692234 0.005504307
v -0.114239139 0.309654623 0.004328812
v -0.116166447 0.309818149 0.003345591
v -0.117108417 0.309765637 0.003050989
v -0.111324531 0.309404254 0.007809848
v -0.112126147 0.309303701 0.006394115
v -0.110707631 0.309009939 0.010859452
v -0.110877876 0.308922052 0.009385119
v -0.110988495 0.308798343 0.013004624
v -0.111497720 0.308192998 0.014257391
v -0.112549801 0.307827055 0.016835658
v -0.114006733 0.307428837 0.020421444
v -0.114965608 0.307455868 0.022859700
v -0.115599868 0.307065696 0.024314547
v -0.114489590 0.308299422 0.004425764
v -0.116230113 0.308368832 0.003545916
v -0.117257384 0.308496773 0.003174765
v -0.111753513 0.307629555 0.007910659
v -0.112837096 0.307265073 0.006573771
v -0.114342165 0.307222366 0.005124668
v -0.116614726 0.307115197 0.003999021
v -0.117596139 0.307305872 0.003607027
v -0.110981022 0.307754934 0.010977853
v -0.111675893 0.306854367 0.009443991
v -0.112555151 0.306146950 0.008254278
v -0.111472664 0.306851625 0.012138481
v -0.111973149 0.305990398 0.011350562
v -0.112016534 0.306460470 0.013740888
v -0.112937858 0.306101680 0.016205426
v -0.113723365 0.305860192 0.018304963
v -0.114553687 0.305478364 0.020289479
v -0.115301435 0.305191576 0.022180416
v -0.115814512 0.305884689 0.024343645
v -0.116078098 0.304720104 0.024018256
v -0.113790204 0.305843055 0.006876176
v -0.115174783 0.305781931 0.005786055
v -0.116994453 0.305804789 0.004855075
v -0.118107599 0.305984914 0.004393298
v -0.112703909 0.305481315 0.009611838
v -0.113804584 0.305141836 0.008159681
v -0.115874280 0.304488569 0.007165906
v -0.117828605 0.304463714 0.006341011
v -0.118740735 0.305062860 0.005379844
v -0.113024754 0.304947257 0.011368066
v -0.114789021 0.304026246 0.010055329
v -0.116400977 0.303723931 0.008655871
v -0.117706162 0.303821623 0.007501850
v -0.112799619 0.305289507 0.013747100
v -0.113549766 0.304560274 0.013045418
v -0.115402435 0.303524673 0.011921396
v -0.113695984 0.304802537 0.015929274
v -0.114730750 0.303867877 0.015270629
v -0.116192681 0.303102583 0.014375729
v -0.114297082 0.304663181 0.017926829
v -0.115974252 0.303263873 0.017064305
v -0.115432282 0.303890944 0.019833889
v -0.116559860 0.302975595 0.019069551
v -0.116248523 0.303481579 0.021753218
v -0.117426586 0.302507609 0.021067761
v -0.117007886 0.303064167 0.023527885
v -0.117994514 0.302201837 0.022347292
v -0.117024635 0.303433329 0.009250109
v -0.117492606 0.303654671 0.008008591
v -0.116544423 0.303163111 0.011726077
v -0.116927994 0.303146571 0.011032149
v -0.117174667 0.302821636 0.014001069
v -0.117759843 0.302578330 0.016092554
v -0.118082178 0.302391589 0.017765865
v -0.118629758 0.301977396 0.021110933
v -0.128842403 0.281590164 0.117138125
v -0.128644754 0.271614701 0.115936369
v -0.126706776 0.281493753 0.117638573
v -0.126512190 0.271672845 0.116455436
v -0.122447019 0.281843811 0.118021838
v -0.122240258 0.271408409 0.116764672
v -0.118984227 0.281543165 0.118675411
v -0.119387296 0.279831976 0.118236989
v -0.119238501 0.273419946 0.117460191
v -0.118788053 0.271683335 0.117490284
v -0.115262871 0.282020032 0.117336474
v -0.115058010 0.271680564 0.116090864
v -0.113724274 0.282069504 0.116166301
v -0.113524173 0.271970421 0.114949644
v -0.129825954 0.281890661 0.115390912
v -0.129624029 0.271699429 0.114163160
v -0.126113822 0.282377213 0.114448830
v -0.125900206 0.271595746 0.113149963
v -0.123144654 0.282321364 0.115561597
v -0.122930278 0.271501720 0.114258133
v -0.119356853 0.282427222 0.115285970
v -0.119142574 0.271612287 0.113983072
v -0.116728504 0.282632321 0.113874808
v -0.116514889 0.271850854 0.112575941
v -0.112471071 0.282390177 0.114008181
v -0.112269570 0.272220463 0.112783015
v -0.132579272 0.282277465 0.110628448
v -0.132480820 0.279784441 0.110549904
v -0.132371371 0.274800211 0.110026538
v -0.132382517 0.272347093 0.109432116
v -0.131916289 0.282559872 0.111982517
v -0.131142099 0.278577775 0.111269481
v -0.131146212 0.275860041 0.111024246
v -0.131702636 0.271777421 0.110683538
v -0.127750893 0.282681733 0.111812793
v -0.127536518 0.271862060 0.110509329
v -0.115437028 0.283019722 0.111032501
v -0.115222653 0.272200048 0.109729037
v -0.111229767 0.283142358 0.110600144
v -0.111674470 0.279013276 0.109901436
v -0.111710888 0.276455462 0.109487064
v -0.111015891 0.272347957 0.109299727
v -0.110792619 0.282881081 0.109547697
v -0.110744667 0.280340075 0.109182112
v -0.110653092 0.275391012 0.108408362
v -0.110594233 0.272868454 0.108341455
v -0.132692416 0.282509506 0.108683825
v -0.132609715 0.280011594 0.108654611
v -0.132514154 0.274996102 0.108081758
v -0.132495661 0.272579134 0.107487492
v -0.132251893 0.283043325 0.107609108
v -0.131316339 0.279072791 0.107649751
v -0.131374140 0.276237041 0.107240625
v -0.132039686 0.272333324 0.106318854
v -0.128238675 0.283105612 0.108214095
v -0.128024300 0.272285938 0.106910639
v -0.115439412 0.283460855 0.107370406
v -0.115225029 0.272641182 0.106066942
v -0.111600463 0.283690244 0.106371939
v -0.111989451 0.279533476 0.106310531
v -0.111973581 0.276816219 0.105997771
v -0.111384799 0.272805482 0.105060630
v -0.110898909 0.283105105 0.107623115
v -0.110883926 0.280624628 0.107163139
v -0.110795659 0.275649667 0.106482737
v -0.110700746 0.273103774 0.106418237
v -0.131226261 0.283466130 0.104073063
v -0.131014978 0.272802472 0.102788389
v -0.126622548 0.283553153 0.104764849
v -0.126408172 0.272733510 0.103461385
v -0.125674908 0.283694953 0.103743650
v -0.125460533 0.272875309 0.102440193
v -0.118636769 0.283893377 0.103254221
v -0.118422386 0.273073733 0.101950757
v -0.117543613 0.283808082 0.104142085
v -0.117329237 0.272988439 0.102838621
v -0.113043194 0.283978403 0.102509953
v -0.112833251 0.273387671 0.101235658
v -0.130980154 0.283286273 0.101711020
v -0.131049370 0.280280143 0.100100115
v -0.130937104 0.276612878 0.099716291
v -0.130782892 0.273536205 0.100540355
v -0.125958880 0.283567131 0.101353690
v -0.125993078 0.280553907 0.099640340
v -0.125920397 0.276885837 0.099198446
v -0.125760515 0.273555696 0.100147590
v -0.125808937 0.283577561 0.101351045
v -0.125845728 0.280570924 0.099603079
v -0.125772675 0.276883900 0.099158898
v -0.125610289 0.273552060 0.100143254
v -0.118836281 0.283731073 0.100737095
v -0.118835357 0.281497955 0.099312872
v -0.118732904 0.276326686 0.098689906
v -0.118639928 0.273821056 0.099543214
v -0.118691360 0.283597887 0.100604013
v -0.118452099 0.281202078 0.099173695
v -0.118363363 0.276659757 0.098627143
v -0.118500938 0.273987591 0.099446245
v -0.113285740 0.283990920 0.100528829
v -0.113996831 0.281152099 0.098793864
v -0.114005861 0.276837319 0.098297596
v -0.113084545 0.273834586 0.099304803
v -0.120601532 0.280848712 0.098397113
v -0.124244263 0.280742019 0.098670438
v -0.120510352 0.277096182 0.097995400
v -0.124187228 0.277010590 0.098248340
v -0.115331811 0.286708057 0.095844805
v -0.117449549 0.287104845 0.096589103
v -0.120678526 0.287244499 0.097152770
v -0.124374469 0.287592739 0.097423404
v -0.128457730 0.287861288 0.097359374
v -0.130966772 0.286856592 0.097493887
v -0.111759772 0.283527583 0.095264807
v -0.113405508 0.284899473 0.096137963
v -0.116690879 0.284876645 0.096538819
v -0.120888365 0.285005301 0.097554453
v -0.124053259 0.285035074 0.097854897
v -0.128699293 0.284600288 0.097290225
v -0.132162486 0.284378082 0.097244076
v -0.111552839 0.281957060 0.095330015
v -0.113487695 0.281647742 0.096215367
v -0.116181960 0.281152934 0.096510619
v -0.120380399 0.281238139 0.096858263
v -0.124568154 0.281189322 0.097085193
v -0.128915248 0.280333698 0.097268380
v -0.131856357 0.280918747 0.097231545
v -0.111449679 0.277785093 0.094608612
v -0.113639099 0.277586818 0.095706001
v -0.116034229 0.277434409 0.096110530
v -0.120322970 0.277110428 0.096325420
v -0.124476318 0.276920468 0.096585490
v -0.128830743 0.277564675 0.096928045
v -0.131791894 0.276905447 0.096572861
v -0.111571749 0.275630563 0.094442494
v -0.113109631 0.274003208 0.094751731
v -0.116431994 0.273807883 0.095203780
v -0.120728736 0.273650318 0.096250504
v -0.123796512 0.273470253 0.096544929
v -0.128474516 0.273393154 0.095965497
v -0.132080932 0.273362368 0.096109800
v -0.115044099 0.272209823 0.094057962
v -0.117176768 0.271504194 0.094586752
v -0.120424208 0.271102250 0.095052019
v -0.124013444 0.270686924 0.095394030
v -0.127977249 0.270207703 0.095205627
v -0.130652313 0.271061659 0.095608197
v -0.118221057 0.287119895 0.094157554
v -0.123273191 0.288648754 0.093149394
v -0.130467941 0.287431628 0.094024181
v -0.113767293 0.284962356 0.091535673
v -0.116288823 0.286527604 0.094192982
v -0.120035288 0.284630835 0.094204441
v -0.125584942 0.284474403 0.094590366
v -0.132996221 0.283901304 0.094312422
v -0.112617810 0.282454252 0.090834022
v -0.118335796 0.282366246 0.093811005
v -0.119431433 0.282885820 0.093952715
v -0.126119022 0.282697320 0.094417773
v -0.127192860 0.282116562 0.094426930
v -0.133428891 0.281898439 0.094198681
v -0.111745176 0.280082226 0.090364330
v -0.112374668 0.279953420 0.091323338
v -0.118225721 0.276809603 0.093141586
v -0.119299558 0.276228875 0.093150742
v -0.125987155 0.276040345 0.093615800
v -0.127082785 0.276559949 0.093757510
v -0.133340825 0.277236283 0.093312167
v -0.119833638 0.274451792 0.092978150
v -0.125383292 0.274295360 0.093364075
v -0.132841428 0.274604768 0.093632497
v -0.130292674 0.271662831 0.091716580
v -0.118328479 0.287975490 0.089789212
v -0.121241761 0.288417906 0.090103410
v -0.123835486 0.288642943 0.090875119
v -0.128970352 0.288668364 0.091108926
v -0.131441017 0.287924916 0.089439653
v -0.112173584 0.283841759 0.089974076
v -0.113996071 0.285730064 0.089205794
v -0.116639977 0.287007511 0.090498857
v -0.133301799 0.284980029 0.089152351
v -0.111962465 0.282261670 0.089925535
v -0.112961521 0.282838166 0.087728739
v -0.133411934 0.281683028 0.089215502
v -0.111905751 0.278970867 0.088951595
v -0.112675523 0.280361027 0.087894738
v -0.133315911 0.278195798 0.088750288
v -0.112028328 0.276509434 0.089090742
v -0.113036764 0.274822891 0.088667542
v -0.133105760 0.274782240 0.087850459
v -0.115231660 0.273046941 0.088021599
v -0.117821460 0.272104889 0.087432608
v -0.120902260 0.271411479 0.087538525
v -0.123590966 0.270971239 0.088208631
v -0.128618342 0.270899445 0.088968344
v -0.131123175 0.271919042 0.087511390
v -0.116180648 0.288097084 0.083970696
v -0.124398899 0.289427489 0.086019449
v -0.129255471 0.289166570 0.086262040
v -0.130954479 0.288930148 0.085769281
v -0.114266296 0.286011040 0.084730037
v -0.116502983 0.287485719 0.083898120
v -0.133980756 0.283826977 0.087434322
v -0.112454866 0.282035857 0.084704243
v -0.113240068 0.283362210 0.084745698
v -0.133931835 0.282688946 0.087124862
v -0.112409500 0.280034602 0.084247015
v -0.112897468 0.279683292 0.084480271
v -0.133816649 0.278242856 0.086327597
v -0.113621866 0.275628299 0.083286583
v -0.133841430 0.276260704 0.086623989
v -0.115894404 0.273647904 0.082229972
v -0.122595658 0.272870183 0.084138736
v -0.125118506 0.271918297 0.084116116
v -0.128568743 0.271754175 0.084192060
v -0.130528201 0.271618307 0.085340507
v -0.118679111 0.288729399 0.083180457
v -0.121548173 0.289157420 0.083349429
v -0.123981093 0.289283395 0.083719417
v -0.114155506 0.284935713 0.081801139
v -0.117368457 0.287891746 0.083588473
v -0.134229710 0.284495562 0.082981557
v -0.113312666 0.282773435 0.080175951
v -0.133928855 0.282076567 0.082602166
v -0.113162560 0.280434370 0.079649173
v -0.133928363 0.279265761 0.081031196
v -0.116172631 0.275882781 0.081930220
v -0.116668460 0.275967658 0.081144370
v -0.134145443 0.276767194 0.080345854
v -0.118135941 0.272872359 0.081329711
v -0.121189159 0.272241771 0.081327893
v -0.123609063 0.271899253 0.081632726
v -0.116888126 0.288817197 0.078480378
v -0.124295515 0.289350569 0.079621606
v -0.131008213 0.289000660 0.079529628
v -0.132044633 0.288758874 0.081228554
v -0.114891616 0.286703378 0.078434952
v -0.117742119 0.288531542 0.077292360
v -0.133647715 0.286171377 0.080881193
v -0.114026566 0.283183873 0.077024385
v -0.134052445 0.283271372 0.079477772
v -0.113843558 0.280507952 0.076727398
v -0.133974944 0.279196560 0.078923345
v -0.114614611 0.276343286 0.077186115
v -0.117839237 0.276404589 0.077324942
v -0.133437176 0.275569439 0.079597011
v -0.116599043 0.274224758 0.076722398
v -0.130696093 0.273246318 0.077632010
v -0.131602814 0.272965193 0.079055853
v -0.118431886 0.289579898 0.075180747
v -0.122245279 0.289573848 0.076431587
v -0.125172560 0.290133744 0.076545358
v -0.129608845 0.290304273 0.076700024
v -0.131466662 0.289957106 0.076764837
v -0.115836342 0.287262410 0.074911013
v -0.117576209 0.288428217 0.073553130
v -0.114562643 0.284166783 0.074529342
v -0.114404057 0.280134350 0.073871866
v -0.115504039 0.276781350 0.073492222
v -0.119089541 0.276268244 0.073049903
v -0.134463911 0.277755409 0.073590048
v -0.117687163 0.274265915 0.073313043
v -0.125476894 0.272748917 0.074379124
v -0.129427646 0.272702336 0.074588560
v -0.131165152 0.273025632 0.074138813
v -0.119353076 0.290099502 0.071544103
v -0.122361277 0.290691555 0.071613804
v -0.126213503 0.290818036 0.071884803
v -0.129644972 0.290955275 0.071629323
v -0.132367094 0.289801806 0.073585168
v -0.116422591 0.288166970 0.072181962
v -0.118234781 0.287812084 0.071665086
v -0.121735421 0.286077648 0.069979623
v -0.134094809 0.287118644 0.072905995
v -0.118044217 0.285768390 0.070127018
v -0.134371241 0.284020066 0.071743406
v -0.117806082 0.280253679 0.069660246
v -0.134354864 0.280211627 0.071125470
v -0.116189850 0.276344627 0.070757046
v -0.118243222 0.276879877 0.069625184
v -0.133890246 0.276651114 0.071484298
v -0.119022605 0.274484903 0.069731601
v -0.121907485 0.273750871 0.069644593
v -0.125562404 0.273659945 0.069431566
v -0.129217682 0.273278445 0.069493182
v -0.132050221 0.273826510 0.071660712
v -0.120480505 0.290590584 0.068357848
v -0.122763102 0.290595293 0.069184422
v -0.126662736 0.290500402 0.069383711
v -0.129875911 0.290687531 0.068565294
v -0.132871051 0.290503353 0.068204552
v -0.119814356 0.286947638 0.067803964
v -0.122370032 0.288229764 0.068929009
v -0.126646963 0.289199412 0.068429641
v -0.129605760 0.289518923 0.067925058
v -0.134890233 0.286384970 0.067777470
v -0.119192799 0.286108017 0.067207411
v -0.134883066 0.285810918 0.067081198
v -0.134028633 0.280090123 0.067280658
v -0.119210747 0.276441246 0.066686079
v -0.121905414 0.275616497 0.067788973
v -0.129825135 0.275432557 0.066279888
v -0.134753575 0.278476983 0.066304043
v -0.120199648 0.274817914 0.066288635
v -0.122455259 0.274493605 0.067038685
v -0.126260673 0.274244785 0.067472301
v -0.129537013 0.274213642 0.066605233
v -0.132530143 0.274395436 0.066202991
v -0.119323407 0.291108638 0.064772315
v -0.131155153 0.290761828 0.065729223
v -0.133147349 0.290446103 0.065686293
v -0.119426687 0.289882720 0.064440429
v -0.128371400 0.289178699 0.066561967
v -0.131330554 0.289702564 0.064938024
v -0.134247159 0.288477361 0.065641053
v -0.134665300 0.284920067 0.064806491
v -0.131786381 0.280119836 0.064261846
v -0.134393473 0.280373514 0.064298846
v -0.117915270 0.276099622 0.062701046
v -0.131474038 0.276020795 0.063929081
v -0.134245490 0.277098566 0.064078249
v -0.119139602 0.275193989 0.062776215
v -0.130766411 0.274740189 0.063828550
v -0.132834439 0.275093645 0.063630491
v -0.119303626 0.291502059 0.061006319
v -0.125197825 0.291883081 0.063032828
v -0.131358703 0.291110694 0.062118441
v -0.133139988 0.290514141 0.063448802
v -0.119538029 0.290367007 0.060659412
v -0.131052141 0.290045708 0.061433237
v -0.133928423 0.288902551 0.062867828
v -0.133784046 0.286041468 0.061866987
v -0.132153471 0.280364722 0.062168874
v -0.134151210 0.281340808 0.062430684
v -0.118056168 0.276519448 0.059193052
v -0.131904503 0.276134044 0.060115032
v -0.134330456 0.277265638 0.061958686
v -0.119232652 0.275631398 0.059057400
v -0.124855672 0.274611324 0.060952071
v -0.130927016 0.275322229 0.060266785
v -0.132993941 0.275340050 0.061632063
v -0.120942754 0.291740805 0.058243144
v -0.123762173 0.291952521 0.057051238
v -0.127700006 0.291845411 0.057434954
v -0.130138626 0.291392833 0.058792528
v -0.120618944 0.291005701 0.057688870
v -0.123598305 0.290583819 0.057279892
v -0.127614376 0.290444523 0.057363939
v -0.130989184 0.289800942 0.057750244
v -0.128094805 0.286218762 0.055930253
v -0.130559509 0.286026150 0.057610083
v -0.128476677 0.280658126 0.055191271
v -0.130909492 0.281195968 0.056071240
v -0.120132138 0.276875138 0.055899180
v -0.122857926 0.277012080 0.054314274
v -0.127929618 0.276869416 0.054664489
v -0.130118747 0.276623517 0.056345627
v -0.120589350 0.276161790 0.056339893
v -0.123269704 0.276004702 0.055310085
v -0.127052625 0.275867194 0.055550233
v -0.129708101 0.275869459 0.056980591
v -0.125126389 0.291390598 0.055781670
v -0.126799171 0.291338146 0.055941883
v -0.124984791 0.291256100 0.055728614
v -0.128314656 0.290523589 0.055616993
v -0.131274973 0.289616883 0.054987013
v -0.128107187 0.285913914 0.055394739
v -0.130811756 0.287088871 0.055329323
v -0.128683147 0.280945569 0.054573167
v -0.130976667 0.281469047 0.054241013
v -0.124826160 0.277010888 0.054000590
v -0.126415697 0.276960194 0.054160088
v -0.124821370 0.276729107 0.054040741
v -0.126007077 0.276696593 0.054115701
v -0.133158763 0.290906638 0.061885040
v -0.134552737 0.288686454 0.061431937
v -0.134759952 0.285058528 0.060958847
v -0.134683331 0.281138480 0.060486455
v -0.134318208 0.277616054 0.060100228
v -0.132772018 0.275476307 0.060036577
v -0.131797095 0.291581601 0.062143851
v -0.131359150 0.287494361 0.061697546
v -0.131274467 0.283220977 0.061182711
v -0.131189798 0.278947562 0.060667899
v -0.131369849 0.274820417 0.060136888
v -0.132799973 0.290993124 0.060736664
v -0.133927648 0.289304107 0.060477018
v -0.134369706 0.285530657 0.059592154
v -0.134289418 0.281336278 0.059064098
v -0.133683418 0.277357757 0.059039176
v -0.132425805 0.275713980 0.058885913
v -0.131275286 0.291642159 0.059969351
v -0.130951082 0.275309563 0.058109537
v -0.132101451 0.291194409 0.057273407
v -0.133220364 0.289698184 0.056949221
v -0.133633410 0.285942167 0.056122925
v -0.133677800 0.281335086 0.055850364
v -0.132985865 0.277863085 0.055523422
v -0.131807868 0.276377529 0.055488389
v -0.129789946 0.291903436 0.057402141
v -0.129453634 0.275731713 0.055495910
v -0.126450640 0.292162061 0.056395277
v -0.126194094 0.275810003 0.054508746
v -0.122065072 0.292007029 0.056884889
v -0.121719000 0.276002914 0.055068765
v -0.120183704 0.291691691 0.057356358
v -0.119282705 0.290389538 0.057016648
v -0.120314320 0.283839226 0.057853386
v -0.119366047 0.277762860 0.055626787
v -0.119892155 0.276339352 0.055490702
v -0.131422882 0.291556031 0.053529415
v -0.132590686 0.289869308 0.053188164
v -0.133227428 0.286388934 0.052846476
v -0.133195867 0.282396227 0.052477002
v -0.132367690 0.278614461 0.051832274
v -0.131133323 0.276941866 0.051768824
v -0.129416322 0.291980714 0.053441595
v -0.130977501 0.291230619 0.053593542
v -0.130700682 0.277259886 0.051910464
v -0.129273688 0.276665717 0.051413279
v -0.125362543 0.292053729 0.055214368
v -0.124560197 0.276216388 0.053766552
v -0.123565485 0.292004645 0.055832155
v -0.123163578 0.276253045 0.053953893
v -0.119134856 0.291474253 0.056219481
v -0.118008507 0.290618688 0.055097014
v -0.117749316 0.278006226 0.053603604
v -0.118829948 0.276861995 0.054446664
v -0.116092657 0.289261013 0.053729631
v -0.115207580 0.287149966 0.053793825
v -0.115115498 0.282358974 0.053219102
v -0.115899605 0.279701382 0.052598845
v -0.131890555 0.290161699 0.049447425
v -0.132540052 0.286557108 0.049018402
v -0.132511278 0.283051699 0.048542101
v -0.131674280 0.279246092 0.048132401
v -0.128679928 0.292266965 0.049729157
v -0.129947838 0.291596711 0.049856950
v -0.129675103 0.277831852 0.048198674
v -0.128382613 0.277261138 0.047921378
v -0.125520681 0.292319328 0.050178871
v -0.125115533 0.277262002 0.048284926
v -0.121453514 0.292251378 0.050981153
v -0.120409322 0.291890144 0.050190028
v -0.120764827 0.277839333 0.048124928
v -0.121156504 0.277261198 0.049175259
v -0.119424601 0.292064637 0.051467255
v -0.118076709 0.291179925 0.050969437
v -0.117824202 0.278435796 0.049434129
v -0.119134163 0.277406275 0.049701337
v -0.115500060 0.288785070 0.052068368
v -0.115149451 0.286972433 0.051941302
v -0.115092185 0.282582968 0.051352777
v -0.115326335 0.280606598 0.051115397
v -0.131271024 0.290370911 0.045692232
v -0.131981646 0.287016660 0.045427036
v -0.131884624 0.283517003 0.044885967
v -0.131064718 0.279958695 0.044437852
v -0.128075739 0.292667985 0.046112165
v -0.129033220 0.292085141 0.046087630
v -0.128759851 0.278288335 0.044425502
v -0.127780241 0.277754158 0.044315469
v -0.125166369 0.292720914 0.046294015
v -0.123961960 0.292364448 0.046392757
v -0.123680179 0.278142810 0.044679452
v -0.124870201 0.277773231 0.044493243
v -0.121036773 0.292735279 0.046833433
v -0.121073646 0.292240888 0.046781480
v -0.120797095 0.278283238 0.045099981
v -0.120740702 0.277792454 0.045033246
v -0.119076622 0.292452365 0.047093377
v -0.117260513 0.291224003 0.047119815
v -0.117025023 0.279338807 0.045687988
v -0.118791890 0.278081894 0.045362141
v -0.115294320 0.289403915 0.048205804
v -0.114657429 0.287428826 0.047870725
v -0.114637603 0.283174723 0.047217462
v -0.115126309 0.280924380 0.047184262
v -0.130689536 0.290471435 0.041920017
v -0.131124188 0.287766606 0.040769458
v -0.131066595 0.283772975 0.040370859
v -0.130497505 0.280779392 0.040752400
v -0.127921698 0.293066144 0.042688958
v -0.128308033 0.292467028 0.042537317
v -0.127883208 0.278761804 0.040947482
v -0.127447148 0.278159231 0.040974069
v -0.123462697 0.293257833 0.042792827
v -0.123466668 0.292761087 0.042736065
v -0.124012490 0.278595775 0.041118514
v -0.123991293 0.278100282 0.041055165
v -0.120809307 0.293084651 0.043614525
v -0.120844876 0.292590648 0.043556876
v -0.120223676 0.278783679 0.041635241
v -0.120157336 0.278293252 0.041575279
v -0.116685939 0.291307598 0.043819074
v -0.116463159 0.280063719 0.042464502
v -0.114965548 0.289693028 0.044238176
v -0.114525621 0.288090676 0.043773945
v -0.114461978 0.283849895 0.043330375
v -0.114805167 0.281598538 0.043263018
v -0.130197589 0.290919334 0.039267033
v -0.130859052 0.288400173 0.038553562
v -0.130737727 0.283578157 0.037870411
v -0.129992944 0.280986637 0.038091253
v -0.127013323 0.293564290 0.038797423
v -0.127642756 0.292845696 0.038908049
v -0.127333318 0.279296577 0.037256934
v -0.126704414 0.278656244 0.037008841
v -0.123267387 0.293752700 0.038521722
v -0.123439429 0.293242544 0.038588133
v -0.123170433 0.279163539 0.036890157
v -0.122902838 0.278701186 0.036648057
v -0.120769580 0.293619424 0.039163787
v -0.120685433 0.293126971 0.039036304
v -0.120410998 0.279277116 0.037367579
v -0.120446299 0.278761208 0.037434682
v -0.116106895 0.291140616 0.039996285
v -0.114942019 0.288333684 0.039551537
v -0.114861247 0.284109831 0.039036006
v -0.115945113 0.281122595 0.038807761
v -0.114739885 0.289975196 0.039790750
v -0.114485216 0.288109750 0.039882977
v -0.114415643 0.284169048 0.039347354
v -0.114587446 0.282393754 0.038880136
v -0.129628223 0.291256398 0.036068521
v -0.130228360 0.288633943 0.034720160
v -0.130060439 0.284222454 0.033963725
v -0.129433883 0.281448096 0.034886900
v -0.126461913 0.293958634 0.035347909
v -0.127269340 0.293206722 0.035760213
v -0.125457180 0.286706626 0.033206049
v -0.126927023 0.279695928 0.034208793
v -0.126123590 0.279116631 0.033552878
v -0.124037934 0.293955445 0.036627162
v -0.124489886 0.293395191 0.037342824
v -0.123888430 0.286532015 0.034913618
v -0.121867617 0.286456704 0.035871066
v -0.124214445 0.279270202 0.035640262
v -0.123793540 0.278900623 0.034881707
v -0.119689738 0.293756604 0.037329961
v -0.119015050 0.293241769 0.037630916
v -0.119210032 0.286543489 0.035587817
v -0.120883455 0.286466807 0.035949096
v -0.118713272 0.279572546 0.035930641
v -0.119472471 0.279097110 0.035581034
v -0.117369835 0.294088334 0.035144236
v -0.116861326 0.292322457 0.037369911
v -0.116675620 0.288869560 0.036005963
v -0.116564584 0.284290105 0.035437413
v -0.116587644 0.280637801 0.036003787
v -0.117078756 0.279397428 0.033374395
v -0.114501876 0.288638920 0.038312238
v -0.114415770 0.284255594 0.037783250
v -0.128945698 0.291799784 0.031006331
v -0.129585308 0.289178371 0.030814582
v -0.129481782 0.284688413 0.030258669
v -0.128756886 0.282182127 0.029825544
v -0.126211447 0.294268489 0.032505129
v -0.127647084 0.293335438 0.032060813
v -0.125871700 0.286837757 0.032049380
v -0.125934092 0.287036955 0.030385789
v -0.127383423 0.280460358 0.030524623
v -0.125936595 0.279508591 0.030714490
v -0.121136827 0.294408053 0.031870812
v -0.120845740 0.279717147 0.030100971
v -0.116459196 0.294310957 0.033446088
v -0.116168116 0.279620051 0.031676248
v -0.128745777 0.292222083 0.029603960
v -0.129486201 0.289794922 0.029209705
v -0.129396496 0.284877807 0.028616335
v -0.128571292 0.282111406 0.028382543
v -0.125890081 0.294508576 0.029950554
v -0.127238025 0.293885469 0.030005785
v -0.127607358 0.287155390 0.029127516
v -0.125722815 0.287163228 0.029372334
v -0.127058123 0.280493706 0.028380929
v -0.125630950 0.279890954 0.028214484
v -0.123774518 0.294861257 0.027675031
v -0.123483439 0.280170351 0.025905190
v -0.117513430 0.294886768 0.028493049
v -0.117222344 0.280195862 0.026723210
v -0.116372344 0.294655293 0.030602070
v -0.116081265 0.279964387 0.028832231
v -0.121959177 0.294979036 0.026995862
v -0.121668098 0.280288130 0.025226023
v -0.119561543 0.294998407 0.027229572
v -0.119270464 0.280307472 0.025459733
v -0.129323815 0.290025651 0.027914638
v -0.129362282 0.288668990 0.027868899
v -0.129269933 0.285744280 0.027390920
v -0.129252707 0.284657329 0.027359709
v -0.127469075 0.293899477 0.028920954
v -0.128069935 0.292595714 0.028692963
v -0.128720713 0.290689886 0.028299194
v -0.128357244 0.289319903 0.028342521
v -0.128275846 0.285211504 0.027847573
v -0.128628870 0.284018964 0.027485205
v -0.127921385 0.282017767 0.027408153
v -0.127167490 0.280673563 0.027225714
v -0.126139891 0.294385999 0.029144324
v -0.125988473 0.292701900 0.028928695
v -0.125774098 0.281882197 0.027625229
v -0.125737545 0.280203611 0.027347442
v -0.128932183 0.290082306 0.026498359
v -0.128873807 0.288400650 0.026078055
v -0.128815455 0.285780013 0.025764005
v -0.128940222 0.284669161 0.026264856
v -0.127054234 0.294106275 0.027683692
v -0.127322150 0.293075889 0.026490690
v -0.128690076 0.291128129 0.026243594
v -0.128533651 0.283838928 0.025458163
v -0.127052744 0.281997472 0.025125086
v -0.126827655 0.280795842 0.026112892
v -0.125841250 0.294589430 0.027531922
v -0.125826609 0.293113321 0.026594359
v -0.125607279 0.282043338 0.025260733
v -0.125433904 0.280414075 0.025811939
v -0.123912600 0.294934094 0.027729683
v -0.123741542 0.293313831 0.027563324
v -0.123511431 0.281700104 0.026164198
v -0.123418001 0.280124784 0.025882648
v -0.128195119 0.288626850 0.023591425
v -0.128154208 0.286702901 0.023360366
v -0.126027917 0.294579953 0.023948161
v -0.126746697 0.293096602 0.024388803
v -0.126849671 0.291312307 0.023395006
v -0.128009272 0.289873064 0.023123367
v -0.127955263 0.286265999 0.022684323
v -0.126726498 0.284572423 0.022580380
v -0.126536069 0.282571852 0.023096647
v -0.125839246 0.281290591 0.022347949
v -0.125074511 0.294967055 0.024914028
v -0.125473050 0.293172866 0.024869004
v -0.125416328 0.291550696 0.023552531
v -0.125272629 0.284298271 0.022678817
v -0.125259769 0.282408983 0.023572257
v -0.124849883 0.280718118 0.023210734
v -0.122467791 0.295277834 0.025898181
v -0.121812445 0.292796850 0.024986751
v -0.121902031 0.291958690 0.025023930
v -0.121738208 0.283690155 0.024027806
v -0.121654322 0.282699943 0.023676941
v -0.122479458 0.280276090 0.024239806
v -0.120178585 0.295276165 0.026490428
v -0.120112394 0.293444037 0.026273547
v -0.120449704 0.291769475 0.025372209
v -0.120292750 0.283847809 0.024417870
v -0.119937119 0.282068491 0.024830494
v -0.119942431 0.280190408 0.024691727
v -0.118567576 0.294943929 0.026462240
v -0.118459818 0.293292433 0.025982082
v -0.118195382 0.282306612 0.024687560
v -0.118292791 0.280581802 0.024724623
v -0.116416161 0.294513762 0.027707998
v -0.117271801 0.292582959 0.026688769
v -0.116653857 0.290811837 0.026516611
v -0.116523584 0.284664422 0.025804497
v -0.117056322 0.282903224 0.025521249
v -0.116180104 0.280780852 0.026036328
v -0.114914593 0.293889552 0.027074881
v -0.114671131 0.281601936 0.025594572
v -0.127532748 0.288323581 0.021034583
v -0.127668415 0.287266046 0.021539090
v -0.125651729 0.294800609 0.022330508
v -0.126579193 0.293735206 0.021958845
v -0.127334585 0.291466922 0.021345757
v -0.127510493 0.289813906 0.021227442
v -0.127401290 0.286665976 0.020636184
v -0.127242108 0.284638941 0.020781044
v -0.126351272 0.282506913 0.020562742
v -0.125444067 0.281411886 0.020926811
v -0.124771428 0.295181423 0.022862526
v -0.124212553 0.293417305 0.023055347
v -0.123820570 0.291006267 0.022367068
v -0.123315905 0.290240824 0.022191223
v -0.123237317 0.285969436 0.021663761
v -0.123695237 0.285186052 0.021657424
v -0.123999243 0.282651514 0.021758372
v -0.124255863 0.280936003 0.020994565
v -0.122138401 0.295253813 0.023404360
v -0.122207237 0.293336511 0.024034746
v -0.122859997 0.291096419 0.023058314
v -0.123220530 0.290149927 0.022399267
v -0.123138649 0.286017418 0.021901414
v -0.122732510 0.284962565 0.022322327
v -0.122120691 0.282419920 0.022620723
v -0.121876692 0.280818313 0.021663236
v -0.120597136 0.295164347 0.024440827
v -0.120676232 0.293126881 0.024869353
v -0.120255699 0.291858315 0.024827579
v -0.120097992 0.283898473 0.023868641
v -0.120606107 0.282755792 0.023565223
v -0.120318201 0.280770898 0.022668419
v -0.118007069 0.294990718 0.025126992
v -0.119040218 0.293447077 0.025399880
v -0.118818720 0.282267988 0.024053117
v -0.117739757 0.280873626 0.023423487
v -0.116361995 0.294668674 0.025837991
v -0.115347457 0.294368237 0.025139084
v -0.115004410 0.281615019 0.023698760
v -0.115990085 0.281166434 0.023867620
v -0.114203331 0.293459594 0.025961597
v -0.113964697 0.282325029 0.024666727
v -0.125143570 0.295114428 0.020147882
v -0.125878518 0.293691576 0.019995546
v -0.125494746 0.291266859 0.019379782
v -0.126140204 0.290220320 0.019027282
v -0.126123783 0.286496609 0.018556219
v -0.125387420 0.285565555 0.018692704
v -0.125636031 0.282996416 0.018714918
v -0.124888611 0.281636626 0.018633101
v -0.123484847 0.295367837 0.020454168
v -0.124915470 0.292825818 0.020634597
v -0.124656287 0.291519970 0.019976363
v -0.124534485 0.285006404 0.019366257
v -0.124736098 0.283772886 0.019543972
v -0.123430182 0.281311572 0.018865796
v -0.122155336 0.295429260 0.021392696
v -0.121820261 0.281136364 0.019736351
v -0.119660151 0.295480847 0.021769775
v -0.119416823 0.281136453 0.019962698
v -0.117842388 0.295214832 0.022759477
v -0.117584196 0.281223565 0.021070134
v -0.116324593 0.294868231 0.023708668
v -0.116097157 0.281387806 0.022047313
v -0.124708300 0.295344681 0.018609036
v -0.125625012 0.294276774 0.018240508
v -0.125331548 0.291070521 0.018646656
v -0.125454170 0.290335327 0.018405870
v -0.125374210 0.286573321 0.017954038
v -0.125175555 0.285955936 0.018084122
v -0.125354243 0.282833606 0.016873190
v -0.124508274 0.281859040 0.016967211
v -0.123424848 0.295450658 0.019027496
v -0.123404865 0.295198023 0.018094484
v -0.124631268 0.290770292 0.018975621
v -0.124555242 0.290526390 0.018953299
v -0.124473837 0.286417991 0.018458351
v -0.124540177 0.286172956 0.018421771
v -0.123188284 0.282111734 0.016648857
v -0.123169501 0.281630844 0.017435426
v -0.121414890 0.295704901 0.019098064
v -0.121132505 0.281457841 0.017476827
v -0.119229962 0.295692086 0.019563807
v -0.118923617 0.281459510 0.017917210
v -0.116858636 0.295309931 0.020422939
v -0.116600719 0.281716615 0.018839993
v -0.124086884 0.295574039 0.016340056
v -0.124926207 0.294550270 0.015733013
v -0.125699041 0.292407542 0.015447861
v -0.126041745 0.289578915 0.015539438
v -0.125969854 0.287414819 0.015285985
v -0.125573729 0.285256892 0.014671013
v -0.124722627 0.283249617 0.014411012
v -0.123881680 0.282269955 0.014499832
v -0.122929317 0.295792788 0.016651006
v -0.122808834 0.295343906 0.016428381
v -0.122365986 0.282491177 0.014351762
v -0.122769368 0.281917930 0.014988943
v -0.120792498 0.295857459 0.017337648
v -0.120527362 0.281837940 0.015315996
v -0.118753915 0.295898885 0.017424366
v -0.118476448 0.281783104 0.015769007
v -0.116758247 0.295602709 0.017904248
v -0.116595877 0.281996518 0.016534509
v -0.123485518 0.295728177 0.014283474
v -0.124419627 0.294683933 0.013921375
v -0.125194785 0.292325020 0.013435611
v -0.125365456 0.289846122 0.013084245
v -0.125298259 0.287802249 0.012844338
v -0.124997069 0.285526603 0.012631837
v -0.124152956 0.283513963 0.012586902
v -0.122381133 0.296085894 0.014522944
v -0.121891414 0.295591414 0.014309512
v -0.121531856 0.282757878 0.012462363
v -0.122318377 0.282178491 0.013049142
v -0.119998914 0.296031803 0.015347511
v -0.119722386 0.282108396 0.013669708
v -0.118127053 0.296032280 0.015941747
v -0.117826198 0.282073885 0.014014590
v -0.116608557 0.295865893 0.015761269
v -0.116382723 0.282212496 0.014802588
v -0.123583694 0.295000821 0.011498832
v -0.124556673 0.293027937 0.011550357
v -0.124629420 0.290577531 0.010696162
v -0.124584464 0.288207889 0.010410217
v -0.124413570 0.285908967 0.010604578
v -0.123425474 0.283931941 0.010150437
v -0.121716713 0.296285301 0.012160759
v -0.121561554 0.295728624 0.012361130
v -0.121584808 0.282999605 0.010904199
v -0.121506606 0.282528430 0.010688893
v -0.119751890 0.296135455 0.013117991
v -0.119481807 0.282547385 0.011480724
v -0.117372965 0.296178073 0.013495930
v -0.117064712 0.282528013 0.011772892
v -0.116639097 0.296008736 0.014492933
v -0.116369304 0.282458156 0.012907445
v -0.123074417 0.294982195 0.009566985
v -0.123747577 0.293310821 0.009074051
v -0.123915364 0.291123062 0.008623050
v -0.123829712 0.288472593 0.008180482
v -0.123613519 0.286255658 0.008161615
v -0.122845878 0.284302026 0.008332802
v -0.120881540 0.296395630 0.010160210
v -0.121041370 0.295906037 0.010122011
v -0.121033167 0.283463150 0.008670817
v -0.120777567 0.282925874 0.008826679
v -0.118766171 0.296246469 0.010840302
v -0.119138082 0.296118081 0.010150767
v -0.118899484 0.283300102 0.008588050
v -0.118516420 0.283024818 0.009230041
v -0.117525038 0.296268910 0.011643132
v -0.117306997 0.282863647 0.009960280
v -0.122316462 0.295061380 0.007836614
v -0.122981710 0.293244958 0.007149389
v -0.123234448 0.291172475 0.006918661
v -0.123172318 0.288844645 0.006589544
v -0.122851704 0.286641389 0.006355328
v -0.122111631 0.284736663 0.006602464
v -0.120262844 0.296436876 0.009119022
v -0.120614988 0.295957625 0.008259713
v -0.120349904 0.283878952 0.006708656
v -0.119992335 0.283216715 0.007501659
v -0.119289016 0.295946032 0.009242640
v -0.119052594 0.283668399 0.007760051
v -0.121583914 0.294622034 0.006264538
v -0.121833083 0.293210626 0.005498972
v -0.122053121 0.291318774 0.005004176
v -0.122004894 0.289237797 0.004728768
v -0.121712838 0.287106037 0.004765194
v -0.121404891 0.285564035 0.005175940
v -0.119909187 0.295279682 0.006286833
v -0.120120456 0.294051290 0.005073918
v -0.120063384 0.286487162 0.004161803
v -0.119595957 0.285049617 0.004973937
v -0.120906008 0.291301608 0.003950860
v -0.120864135 0.289606541 0.003723907
v -0.119182360 0.293436736 0.004441385
v -0.119654034 0.291685939 0.003726906
v -0.119610828 0.289351940 0.003417827
v -0.119056244 0.287266016 0.003686228
v -0.118614038 0.292996585 0.004149822
v -0.118459982 0.291519523 0.003612289
v -0.118415852 0.289342672 0.003347174
v -0.118499016 0.287873328 0.003493682
v -0.117357393 0.296249509 0.011570243
v -0.118033973 0.296278775 0.010507569
v -0.116233540 0.295965493 0.013968499
v -0.116773230 0.296121031 0.013349572
v -0.116330472 0.295749187 0.016207512
v -0.116444771 0.295466006 0.018427119
v -0.116275025 0.295213997 0.020134611
v -0.116185364 0.294850260 0.023519717
v -0.114638803 0.294658840 0.008134215
v -0.116261390 0.294845462 0.007361978
v -0.118222443 0.294950813 0.006939014
v -0.119435337 0.294844180 0.006762755
v -0.112956395 0.294452727 0.010567690
v -0.114365456 0.295043826 0.009518557
v -0.116695632 0.295785338 0.009176011
v -0.118722302 0.295832127 0.008776705
v -0.119778146 0.295475870 0.008066902
v -0.112870601 0.294546604 0.012426812
v -0.114899938 0.295626700 0.011794891
v -0.116845478 0.296145856 0.010874127
v -0.118338359 0.296219587 0.010061676
v -0.112100248 0.293682247 0.014545095
v -0.112999966 0.294502348 0.014221305
v -0.115073209 0.295644552 0.013814718
v -0.112475959 0.293594688 0.016922837
v -0.113645074 0.294585675 0.016751641
v -0.115282302 0.295438409 0.016410908
v -0.112602865 0.293231428 0.018977810
v -0.114449312 0.294678211 0.018866600
v -0.113277529 0.293468386 0.021216238
v -0.114561063 0.294458807 0.020960975
v -0.113634874 0.293371141 0.023309208
v -0.114950051 0.294397026 0.023153681
v -0.113934186 0.293287575 0.025254112
v -0.115197015 0.294351935 0.024575865
v -0.115733427 0.292805880 0.005440570
v -0.117750508 0.292811781 0.004920299
v -0.118807149 0.292537957 0.004677498
v -0.112398540 0.292820185 0.008236207
v -0.113764723 0.293410182 0.007298275
v -0.115776603 0.293740928 0.006230032
v -0.118034844 0.293899953 0.005732741
v -0.119043951 0.293629557 0.005429033
v -0.110939679 0.292044222 0.010936170
v -0.111979027 0.293225586 0.009854141
v -0.113116426 0.294128180 0.009092147
v -0.111161334 0.292622298 0.012357943
v -0.111839448 0.293606788 0.011928994
v -0.111326334 0.292598128 0.014086727
v -0.111659912 0.292319566 0.016706396
v -0.111943958 0.292019904 0.018922903
v -0.112299685 0.291880012 0.021074049
v -0.112595511 0.291674763 0.023095781
v -0.112589170 0.290470839 0.025089214
v -0.112933789 0.291659147 0.025117774
v -0.113892865 0.291173011 0.005685686
v -0.115574298 0.291605443 0.004961018
v -0.117724811 0.291553527 0.004393748
v -0.118698408 0.291487396 0.004297570
v -0.111930472 0.290866137 0.007607034
v -0.113053729 0.291271865 0.006441218
v -0.110659619 0.290596575 0.010395909
v -0.111155924 0.291011781 0.009078333
v -0.110434231 0.290237427 0.012498638
v -0.110643257 0.290454060 0.014021776
v -0.111100425 0.290302485 0.016805269
v -0.111677316 0.289707631 0.020493325
v -0.112118949 0.288921237 0.023412902
v -0.112361116 0.289153099 0.024715535
v -0.113886003 0.289226651 0.005444576
v -0.115571399 0.289141268 0.004628562
v -0.117674482 0.289245933 0.004105059
v -0.118656797 0.289166123 0.004030536
v -0.111941432 0.288995028 0.007363018
v -0.113038411 0.288862437 0.006164658
v -0.110642416 0.288640410 0.010195496
v -0.111138073 0.288536847 0.008797650
v -0.110426610 0.288437635 0.012349036
v -0.110623432 0.287828416 0.013685195
v -0.111056809 0.287454128 0.016434798
v -0.111656499 0.287044376 0.020257309
v -0.112041538 0.287064314 0.022848953
v -0.112320540 0.286668420 0.024409886
v -0.115755958 0.287780672 0.004781348
v -0.117651236 0.287796974 0.004316564
v -0.118738865 0.287894696 0.004186453
v -0.112287385 0.287210345 0.007560397
v -0.113633891 0.286806971 0.006502798
v -0.115425062 0.286713213 0.005430479
v -0.117888999 0.286537021 0.004846447
v -0.118938399 0.286698490 0.004685602
v -0.110847254 0.287379473 0.010374215
v -0.111844760 0.286449134 0.009037791
v -0.112949622 0.285709530 0.008077969
v -0.111039479 0.286472201 0.011617051
v -0.111680647 0.285592020 0.010963467
v -0.111197163 0.286078840 0.013301361
v -0.111529035 0.285714298 0.015910670
v -0.111814139 0.285467863 0.018133592
v -0.112164942 0.285079092 0.020254752
v -0.112459038 0.284786791 0.022265997
v -0.112490331 0.285482347 0.024488254
v -0.112788153 0.284308732 0.024232281
v -0.114454602 0.285362422 0.007014290
v -0.116047015 0.285256177 0.006264560
v -0.118029607 0.285223454 0.005767873
v -0.119222735 0.285370380 0.005568762
v -0.112770108 0.285050482 0.009435017
v -0.114159924 0.284670800 0.008268936
v -0.116381464 0.283955097 0.007768378
v -0.118469966 0.283871949 0.007405473
v -0.119591472 0.284439266 0.006673933
v -0.112671969 0.284521371 0.011219087
v -0.114660529 0.283543766 0.010339275
v -0.116537427 0.283188015 0.009339781
v -0.118071322 0.283242136 0.008509678
v -0.111925994 0.284887522 0.013485606
v -0.112794523 0.284133255 0.012972157
v -0.114823465 0.283040166 0.012296287
v -0.112293651 0.284393370 0.015814370
v -0.113423971 0.283426493 0.015407314
v -0.115028237 0.282615751 0.014866184
v -0.112424974 0.284253150 0.017896211
v -0.114214023 0.282803178 0.017436029
v -0.113079337 0.283465415 0.020011196
v -0.114324411 0.282514572 0.019522073
v -0.113430356 0.283048987 0.022065714
v -0.114705187 0.282038808 0.021664904
v -0.113758360 0.282624930 0.023966478
v -0.114961435 0.281727701 0.023039965
v -0.117002827 0.282885402 0.010059749
v -0.117744510 0.283084780 0.008955436
v -0.115969648 0.282646835 0.012364019
v -0.116499131 0.282614827 0.011774484
v -0.116061238 0.282305926 0.014723001
v -0.116153007 0.282062948 0.016892904
v -0.116084625 0.281880349 0.018596057
v -0.115852525 0.281477064 0.021979010
v -0.101940346 0.264591128 0.124171548
v -0.101726447 0.264428407 0.127917007
v -0.101548587 0.263862818 0.132640436
v -0.101490450 0.263502389 0.135641471
v -0.101444823 0.263137072 0.138499498
v -0.101393071 0.262620389 0.142978162
v -0.101368566 0.262171835 0.146705061
v -0.101351556 0.261705279 0.150580257
v -0.101306860 0.261274308 0.154164612
v -0.101169278 0.260795236 0.158163458
v -0.100990427 0.260468870 0.160901740
v -0.100557772 0.259976745 0.165049106
v -0.100248856 0.259311199 0.166880921
v -0.101663490 0.262600839 0.124466605
v -0.101358739 0.261301190 0.127603650
v -0.101149489 0.259959161 0.131195471
v -0.101220434 0.260610878 0.142622292
v -0.101072719 0.258905500 0.146216646
v -0.100948145 0.257726848 0.149884149
v -0.100829390 0.257142663 0.153628975
v -0.100685706 0.257024378 0.157428145
v -0.100544711 0.257144332 0.160297215
v -0.100280729 0.257483006 0.164129570
v -0.099955795 0.257591367 0.167259812
v -0.101204549 0.258423626 0.124168105
v -0.100933966 0.256982148 0.127070323
v -0.100810428 0.256175607 0.129789650
v -0.101042573 0.258783221 0.133877859
v -0.100949292 0.257103205 0.137452841
v -0.100865197 0.255080372 0.141947478
v -0.100902920 0.256346315 0.145903885
v -0.100770650 0.255237848 0.149579898
v -0.100617212 0.254673213 0.153326556
v -0.100429830 0.254541785 0.157123312
v -0.100261209 0.254642576 0.159989432
v -0.099900906 0.253726304 0.163668483
v -0.099551884 0.253042400 0.166995734
v -0.100975392 0.254372388 0.123673759
v -0.100807783 0.254117906 0.126408756
v -0.100733292 0.254811078 0.130565450
v -0.100707811 0.253960013 0.133290604
v -0.100730640 0.252755493 0.136926636
v -0.100774390 0.252085447 0.141586497
v -0.100778249 0.252383709 0.145424992
v -0.100681742 0.251536369 0.149133474
v -0.100516562 0.251088679 0.152894348
v -0.100297091 0.250972182 0.156692609
v -0.100130414 0.250475794 0.159487918
v -0.099877549 0.250153303 0.163241327
v -0.099837844 0.249256030 0.166552439
v -0.101102111 0.251095861 0.123152353
v -0.100880717 0.250830889 0.126330242
v -0.100804751 0.250352919 0.129093438
v -0.100822722 0.249569789 0.132771343
v -0.100852032 0.249342352 0.136524349
v -0.100909469 0.249335200 0.140314057
v -0.100990427 0.248456821 0.144962803
v -0.100958032 0.247970581 0.148716122
v -0.100785245 0.247929618 0.152334422
v -0.100816001 0.247136950 0.155297592
v -0.100713146 0.246707380 0.159057856
v -0.100722727 0.246479601 0.162831977
v -0.100938303 0.246045753 0.165634662
v -0.101989267 0.247487023 0.122751832
v -0.101727304 0.247322559 0.124998912
v -0.101613370 0.246705145 0.128686130
v -0.101629888 0.246155784 0.132392779
v -0.101726328 0.245681450 0.136118978
v -0.101920066 0.245146111 0.139850169
v -0.101847594 0.245228887 0.144131511
v -0.101641392 0.245423794 0.148117229
v -0.101638411 0.245151684 0.151267394
v -0.101704885 0.244673043 0.155033961
v -0.101528247 0.244806156 0.158859164
v -0.103259099 0.245412350 0.122548752
v -0.102803377 0.245358512 0.124801919
v -0.102668201 0.244785130 0.128494009
v -0.102645722 0.244310886 0.132208422
v -0.102693667 0.243932024 0.135944307
v -0.106902679 0.262106568 0.124622233
v -0.101971817 0.244510427 0.165296882
v -0.106574369 0.247560754 0.122882307
v -0.102837254 0.243335813 0.147273645
v -0.102748250 0.243300721 0.151085377
v -0.102984634 0.242965773 0.154875398
v -0.103259449 0.242798045 0.158680871
v -0.103305538 0.243000954 0.161796153
v -0.103752856 0.243009076 0.165265694
v -0.105303151 0.244024783 0.122455530
v -0.104747352 0.243870586 0.124693550
v -0.104888869 0.243017569 0.128832698
v -0.104791482 0.242533356 0.132543877
v -0.104663511 0.242183551 0.136435777
v -0.104128067 0.242397130 0.139599726
v -0.104568412 0.241806373 0.143342957
v -0.104937513 0.241320401 0.147107393
v -0.104808186 0.241336286 0.150924057
v -0.105127570 0.241119996 0.154731467
v -0.105498550 0.241083443 0.158556193
v -0.110133347 0.264714688 0.126057103
v -0.109751751 0.264447480 0.128337607
v -0.109691803 0.262817413 0.124593027
v -0.109832798 0.246626005 0.122652397
v -0.106501852 0.240986362 0.162381664
v -0.107377050 0.241227403 0.165860429
v -0.108777587 0.242812291 0.121987149
v -0.108597708 0.242266342 0.124639779
v -0.108389315 0.241588190 0.128315076
v -0.107592826 0.241204754 0.132012010
v -0.107450863 0.240723953 0.135728776
v -0.107321804 0.240352824 0.139468282
v -0.107801025 0.239835352 0.143222094
v -0.107647133 0.239713952 0.147011936
v -0.108095092 0.239493206 0.150821313
v -0.107915563 0.239686012 0.154660061
v -0.107764569 0.240033597 0.158512071
v -0.108253931 0.240303695 0.162362903
v -0.108844918 0.240776762 0.132005289
v -0.108695467 0.240254417 0.135716781
v -0.108555121 0.239844963 0.139451340
v -0.109697190 0.239093900 0.143200949
v -0.109531720 0.238951683 0.146988064
v -0.114667309 0.265926152 0.108793207
v -0.114146364 0.265630335 0.111334324
v -0.113938701 0.264812678 0.113974117
v -0.113099744 0.264631122 0.123144239
v -0.112240349 0.264474034 0.124577217
v -0.114665908 0.262966156 0.108485572
v -0.113908057 0.263718069 0.111044437
v -0.113930841 0.264415622 0.113926284
v -0.113103737 0.261485815 0.122501791
v -0.112417993 0.261635125 0.124150708
v -0.114487601 0.251072526 0.107101582
v -0.113318798 0.250809401 0.109477550
v -0.112962720 0.249440834 0.120895080
v -0.112736833 0.249218956 0.122773796
v -0.114342001 0.249498188 0.106813915
v -0.113146019 0.249228939 0.109245129
v -0.112684873 0.248382255 0.120846443
v -0.111778860 0.247729897 0.122328602
v -0.109680009 0.240450487 0.165849745
v -0.114040074 0.246745363 0.109225884
v -0.114062947 0.242864847 0.117360927
v -0.112916519 0.243456796 0.119077869
v -0.111232405 0.242438257 0.121017560
v -0.110460472 0.241776705 0.124647945
v -0.111158428 0.238611430 0.154647902
v -0.110948880 0.239011317 0.158504173
v -0.110785437 0.239570141 0.162366018
v -0.111126308 0.240016624 0.165340871
v -0.111694840 0.241514400 0.124660783
v -0.111533825 0.240783960 0.128331006
v -0.111406003 0.240101069 0.132015601
v -0.111296085 0.239508256 0.135720015
v -0.111186755 0.239033431 0.139447927
v -0.111742449 0.238509804 0.143204004
v -0.111585048 0.238348231 0.146989241
v -0.111381379 0.238385424 0.150806487
v -0.117069234 0.265986592 0.107896909
v -0.115433228 0.266081899 0.109465234
v -0.116941069 0.264087677 0.107478410
v -0.115410623 0.264940351 0.109327696
v -0.116661725 0.251213521 0.105573900
v -0.116566685 0.249642476 0.105250701
v -0.116942463 0.247096226 0.105836675
v -0.116912146 0.245250165 0.109110758
v -0.116887679 0.244737133 0.112114005
v -0.114951019 0.243864790 0.115771540
v -0.115719830 0.242700115 0.117441997
v -0.114166615 0.238119408 0.155969813
v -0.114464586 0.238344967 0.158550560
v -0.114261066 0.238779515 0.161447048
v -0.113722508 0.239562944 0.165506586
v -0.115561848 0.241845116 0.121083356
v -0.115455453 0.241017267 0.124736145
v -0.115403910 0.240209192 0.128400311
v -0.115403538 0.239452899 0.132080331
v -0.115420033 0.238779157 0.135779515
v -0.115788956 0.238126010 0.139977828
v -0.115053107 0.237825140 0.144001678
v -0.114887630 0.237675175 0.148172364
v -0.114969281 0.237727776 0.151812047
v -0.116239187 0.237699524 0.154720932
v -0.120756050 0.265973479 0.107399799
v -0.120770631 0.264215618 0.106910549
v -0.120297452 0.251215219 0.104962237
v -0.120558341 0.249745190 0.104682699
v -0.120538433 0.247074038 0.105429828
v -0.120074545 0.245426551 0.108314186
v -0.119561573 0.243404791 0.113925040
v -0.119445217 0.242540359 0.117559604
v -0.118860756 0.237876251 0.158651710
v -0.118552690 0.238316521 0.161545098
v -0.118057211 0.239160717 0.165994853
v -0.119385977 0.241690457 0.121203534
v -0.119394307 0.240852520 0.124857850
v -0.119479765 0.240024731 0.128523633
v -0.118905117 0.239238679 0.132179275
v -0.119313819 0.238407567 0.136504650
v -0.119415109 0.237831980 0.140230060
v -0.118905482 0.237424016 0.144598961
v -0.118797054 0.237283006 0.147756085
v -0.119539266 0.237268165 0.151920572
v -0.119168823 0.237545684 0.155761927
v -0.123685298 0.265722871 0.108618326
v -0.124709015 0.265412211 0.110363349
v -0.123732847 0.264880240 0.108458810
v -0.124819768 0.264621794 0.110425413
v -0.123652418 0.248391166 0.106110290
v -0.123023187 0.246882722 0.106609382
v -0.123693218 0.245603472 0.107474372
v -0.123581824 0.243539333 0.114088550
v -0.122148645 0.242612660 0.117667072
v -0.121801381 0.237773165 0.158744052
v -0.121425186 0.238198191 0.161633179
v -0.121323188 0.238910183 0.165573001
v -0.122161430 0.241776735 0.121314280
v -0.122240541 0.240945458 0.124971107
v -0.122395759 0.240116194 0.128638685
v -0.122607974 0.239308551 0.132319555
v -0.122872030 0.238401935 0.136946380
v -0.123018150 0.237810656 0.140672565
v -0.123048236 0.237390146 0.144425690
v -0.122910847 0.237185344 0.148209721
v -0.122599636 0.237214819 0.152023450
v -0.122167816 0.237462327 0.155858815
v -0.128619132 0.264969021 0.114444345
v -0.129368198 0.262533486 0.109033324
v -0.128601444 0.264075667 0.114336707
v -0.129134287 0.250721216 0.107610144
v -0.126565603 0.247333989 0.109968297
v -0.127676440 0.245427892 0.107435480
v -0.127763358 0.243890285 0.114278920
v -0.126579528 0.242147148 0.121516667
v -0.128250008 0.241517857 0.125254452
v -0.124954348 0.237616628 0.156930834
v -0.124669124 0.237816006 0.158850953
v -0.125581955 0.238292173 0.161791980
v -0.124990975 0.238928258 0.165604323
v -0.125239355 0.241172925 0.125105694
v -0.125439596 0.240355819 0.128776193
v -0.125681532 0.239554957 0.132458940
v -0.125960906 0.238646358 0.137086153
v -0.126102758 0.238043442 0.140810862
v -0.126113695 0.237600327 0.144560575
v -0.126678934 0.237442046 0.148375109
v -0.126306643 0.237412602 0.152179196
v -0.125937824 0.237523541 0.155045584
v -0.129469966 0.264862329 0.115842238
v -0.130436649 0.265085131 0.118560337
v -0.131154527 0.264795840 0.121736236
v -0.131822710 0.263961077 0.124804057
v -0.131940086 0.264145553 0.129094958
v -0.129841526 0.263424754 0.109250709
v -0.130604317 0.263082653 0.110282011
v -0.130445753 0.262601942 0.116350979
v -0.130848234 0.262479275 0.117753513
v -0.131647100 0.261101961 0.123098202
v -0.131533926 0.261302114 0.125383139
v -0.129537528 0.250690222 0.107800998
v -0.130226662 0.250566065 0.108718216
v -0.130238597 0.249821126 0.114899293
v -0.130543699 0.249673605 0.116073601
v -0.132041548 0.248889580 0.122334726
v -0.131462638 0.248784810 0.123299472
v -0.129579929 0.249559999 0.107559092
v -0.130411436 0.249409914 0.108668134
v -0.130365362 0.248677462 0.114755020
v -0.130655934 0.248536959 0.115873404
v -0.132030745 0.248343632 0.122268945
v -0.131451835 0.248238862 0.123233698
v -0.131293108 0.245973244 0.107934587
v -0.130905052 0.244352654 0.114441082
v -0.131414254 0.242828354 0.121768624
v -0.131313910 0.241210848 0.129089147
v -0.131572222 0.240482539 0.132781804
v -0.129682233 0.237911731 0.153314605
v -0.129222055 0.238027588 0.156177044
v -0.128734884 0.238223106 0.159043908
v -0.129201559 0.238719344 0.162161544
v -0.129144360 0.239377469 0.165908232
v -0.128479418 0.240727380 0.128929555
v -0.129456979 0.240076870 0.132657006
v -0.129458134 0.239209995 0.136963755
v -0.129574192 0.238606095 0.140686467
v -0.129776252 0.238154382 0.144758150
v -0.129547586 0.237874195 0.148529321
v -0.128940557 0.237750351 0.151994899
v -0.135161315 0.265264094 0.111210413
v -0.134673854 0.263786644 0.124952994
v -0.132391785 0.263683945 0.129055813
v -0.135090058 0.264093399 0.112530120
v -0.134983276 0.262211919 0.114415683
v -0.133209680 0.261183530 0.122090973
v -0.134601628 0.261489153 0.125488579
v -0.134726276 0.250058711 0.113447629
v -0.132790064 0.249055937 0.120830894
v -0.135034253 0.247158036 0.110706985
v -0.135200699 0.247814476 0.112936847
v -0.133204614 0.247782022 0.120746635
v -0.132901733 0.246128276 0.123085819
v -0.132606675 0.240309805 0.166271150
v -0.133789932 0.246352345 0.110014521
v -0.134169390 0.245318338 0.114665352
v -0.134790202 0.244625598 0.118349843
v -0.132797306 0.243923590 0.118197754
v -0.134424229 0.243608773 0.121967092
v -0.134381076 0.242768481 0.125622168
v -0.133702357 0.241792157 0.129244536
v -0.134004031 0.241137832 0.132947996
v -0.133680870 0.240334943 0.136619657
v -0.133807485 0.239783868 0.140347064
v -0.133748104 0.239236414 0.145030081
v -0.133483102 0.238933280 0.148796767
v -0.132388924 0.238586858 0.152536482
v -0.132980873 0.238993660 0.156426847
v -0.132449647 0.239096373 0.159281060
v -0.132711043 0.239585340 0.162065595
v -0.131889035 0.239808083 0.165039957
v -0.131819655 0.239649519 0.137417048
v -0.131900822 0.239208505 0.140209526
v -0.131842394 0.238630727 0.144889250
v -0.131586273 0.238333538 0.148657158
v -0.138645684 0.265154868 0.111376509
v -0.139755552 0.265175790 0.115463339
v -0.138554578 0.264050543 0.112546943
v -0.138543879 0.262202442 0.114974260
v -0.139505525 0.260744691 0.121090889
v -0.137831484 0.258699656 0.115508191
v -0.138889064 0.258191198 0.121075295
v -0.139407312 0.257829785 0.123858705
v -0.137359967 0.255584270 0.114810869
v -0.138467168 0.255359590 0.120716944
v -0.139082511 0.254659772 0.124089725
v -0.137058069 0.251395226 0.114293776
v -0.137875398 0.250169992 0.119125679
v -0.138190364 0.249821231 0.120970123
v -0.138779466 0.250479460 0.123886310
v -0.139187147 0.249105603 0.126553372
v -0.137606506 0.243610516 0.167226940
v -0.136562606 0.248458117 0.113869190
v -0.137039890 0.246808827 0.118690066
v -0.137894859 0.246646747 0.122766912
v -0.138485124 0.246143743 0.126486421
v -0.138633599 0.244868934 0.129789665
v -0.138777604 0.243920803 0.133452386
v -0.137589459 0.241517559 0.156896859
v -0.137063404 0.241489008 0.159736082
v -0.136457210 0.241602689 0.162579834
v -0.135754888 0.241892636 0.166277200
v -0.136121412 0.245408237 0.118489616
v -0.136633312 0.244762301 0.122182861
v -0.136650507 0.243813187 0.125828043
v -0.136764367 0.243072525 0.129507720
v -0.137202700 0.242592961 0.133237228
v -0.137135764 0.241931707 0.136934966
v -0.136964669 0.241248593 0.140635654
v -0.136990194 0.240820020 0.145335674
v -0.136767213 0.240542620 0.149107099
v -0.136317258 0.240340948 0.152887672
v -0.135733475 0.240217999 0.156672940
v -0.135190581 0.240243420 0.159517720
v -0.140131046 0.264954120 0.117241316
v -0.140486320 0.264734894 0.119002678
v -0.141001214 0.264393687 0.121750019
v -0.141579856 0.263967961 0.125188336
v -0.142022883 0.262922347 0.129553631
v -0.142568533 0.262790471 0.133068845
v -0.142908071 0.262716770 0.135354817
v -0.140264948 0.262375832 0.121934257
v -0.140565370 0.261171728 0.125236526
v -0.141156127 0.260778129 0.128775716
v -0.141634171 0.260463417 0.131762594
v -0.142270123 0.260085613 0.135507792
v -0.142539566 0.257663667 0.139005244
v -0.139772018 0.257674992 0.125727460
v -0.140352239 0.257585645 0.128552631
v -0.140968029 0.257647842 0.131401435
v -0.141701554 0.257223636 0.135144636
v -0.142138024 0.254653275 0.138631538
v -0.141573851 0.250804514 0.168230489
v -0.139853035 0.253933519 0.128096804
v -0.140465518 0.253959775 0.130942330
v -0.141154428 0.252833694 0.134601176
v -0.141931598 0.251863271 0.139237985
v -0.142418717 0.252137274 0.142130256
v -0.141453807 0.248296648 0.160718411
v -0.141145517 0.248656377 0.164550006
v -0.140787874 0.248664826 0.167439893
v -0.139585783 0.250509590 0.127989888
v -0.140047629 0.250089645 0.130464748
v -0.140538161 0.248462945 0.134057805
v -0.141221603 0.248382464 0.138324246
v -0.141710301 0.248266488 0.142402261
v -0.141629015 0.246928006 0.146422237
v -0.141525646 0.246495917 0.149991527
v -0.141412352 0.246670797 0.154024482
v -0.140902599 0.246183664 0.157102898
v -0.140183945 0.245448411 0.160328627
v -0.139496897 0.245120406 0.163589820
v -0.138611768 0.244742736 0.166891053
v -0.139414107 0.246637002 0.130029172
v -0.139742826 0.245719075 0.133701727
v -0.139916902 0.244808674 0.137377977
v -0.140330990 0.244708747 0.141169056
v -0.140046825 0.243698373 0.145789117
v -0.139950936 0.243520305 0.149578229
v -0.139606108 0.243320987 0.153364763
v -0.139326264 0.243401855 0.156996548
v -0.138623749 0.243042305 0.159980863
v -0.138459091 0.243470296 0.162878439
v -0.139001762 0.242752627 0.140888184
v -0.142965888 0.262657106 0.135840520
v -0.143575524 0.262041897 0.140846580
v -0.143935313 0.261209786 0.144424468
v -0.144321178 0.261176020 0.147818923
v -0.144532909 0.260661751 0.152144328
v -0.144516279 0.260338008 0.154834181
v -0.144365241 0.259881884 0.158644646
v -0.144112279 0.259451479 0.162258685
v -0.143762638 0.258868754 0.166332021
v -0.143532460 0.258272439 0.168298885
v -0.142907296 0.259837896 0.139278695
v -0.143432816 0.258189917 0.143838927
v -0.144191926 0.258383393 0.151511773
v -0.144170483 0.258008838 0.155293301
v -0.144021292 0.257580996 0.158107325
v -0.143691559 0.256894737 0.161831871
v -0.143291985 0.256194919 0.165532082
v -0.143177156 0.256756455 0.168951675
v -0.143006836 0.255176663 0.143463552
v -0.143494819 0.255442590 0.147316992
v -0.143537988 0.254440039 0.151334509
v -0.143374731 0.253688812 0.154746771
v -0.143103336 0.253242880 0.158509657
v -0.142812316 0.252855450 0.161315873
v -0.142473896 0.252473921 0.164108604
v -0.142175679 0.252519369 0.167698592
v -0.142688696 0.252296448 0.144057542
v -0.142690619 0.251048088 0.146762520
v -0.142722820 0.250589162 0.150206536
v -0.142362331 0.249443695 0.154200673
v -0.142321189 0.249901757 0.157124355
v -0.142096986 0.250192225 0.160969973
v -0.142139097 0.248305783 0.150230512
v -0.142033135 0.248186156 0.153080896
v -0.127460738 0.260337412 0.119841479
v -0.127263163 0.250361979 0.118639611
v -0.125383494 0.260215700 0.120542109
v -0.125188981 0.250394821 0.119358867
v -0.121175652 0.260516077 0.121328779
v -0.120968972 0.250080734 0.120071493
v -0.117794183 0.260174662 0.122307301
v -0.118173217 0.258468837 0.121828444
v -0.118024160 0.252056569 0.121053651
v -0.117598345 0.250314832 0.121122137
v -0.113957350 0.260610402 0.121328756
v -0.113752571 0.250270933 0.120083027
v -0.112314162 0.260643691 0.120310001
v -0.112114144 0.250544608 0.119093239
v -0.128270512 0.260651588 0.118009545
v -0.128068668 0.250460356 0.116781682
v -0.124480431 0.261096567 0.117425203
v -0.124266897 0.250315100 0.116126224
v -0.121631135 0.261004984 0.118814595
v -0.121416842 0.250185341 0.117511019
v -0.117833314 0.261067539 0.118899956
v -0.117619117 0.250252604 0.117596947
v -0.115080719 0.261244208 0.117745116
v -0.114867185 0.250462741 0.116446137
v -0.110858192 0.260952771 0.118281350
v -0.110656773 0.250783086 0.117056079
v -0.130554740 0.261076540 0.113008223
v -0.130477582 0.258582681 0.112933315
v -0.130375539 0.253598213 0.112410553
v -0.130358060 0.251146197 0.111811787
v -0.130020117 0.261349469 0.114419788
v -0.129227002 0.257359654 0.113773748
v -0.129238677 0.254642487 0.113522619
v -0.129806561 0.250567019 0.113120690
v -0.125856315 0.261423498 0.114646442
v -0.125642021 0.250603855 0.113342866
v -0.113520947 0.261620492 0.115039155
v -0.113306654 0.250800848 0.113735579
v -0.109290523 0.261695176 0.115008339
v -0.109713738 0.257572442 0.114260525
v -0.109739696 0.255015790 0.113838345
v -0.109076736 0.250900805 0.113707811
v -0.108758432 0.261430323 0.114001505
v -0.108704847 0.258889407 0.113635935
v -0.108596434 0.253940672 0.112862319
v -0.108560127 0.251417696 0.112795159
v -0.130480130 0.261312485 0.111062214
v -0.130423387 0.258813828 0.111034892
v -0.130330836 0.253798336 0.110461488
v -0.130283450 0.251382142 0.109865777
v -0.129933541 0.261842638 0.110035457
v -0.129051213 0.257861525 0.110155039
v -0.129102116 0.255027175 0.109735370
v -0.129721423 0.251132667 0.108745091
v -0.125995440 0.261857808 0.111018747
v -0.125781146 0.251038164 0.109715164
v -0.113170673 0.262066573 0.111394450
v -0.112956380 0.251246929 0.110090874
v -0.109251929 0.262252986 0.110765390
v -0.109680493 0.258101106 0.110657215
v -0.109665853 0.255384237 0.110340759
v -0.109036346 0.251368254 0.109453969
v -0.108679001 0.261658132 0.112076074
v -0.108648588 0.259178251 0.111613549
v -0.108552610 0.254203528 0.110932492
v -0.108480913 0.251656801 0.110871084
v -0.128572148 0.262258321 0.106613748
v -0.128360947 0.251594722 0.105328970
v -0.124054198 0.262291342 0.107739545
v -0.123839905 0.251471698 0.106435969
v -0.123012354 0.262423575 0.106813245
v -0.122798068 0.251603961 0.105509661
v -0.115957734 0.262541473 0.106994465
v -0.115743448 0.251721829 0.105690889
v -0.114954841 0.262442380 0.107981853
v -0.114740548 0.251622736 0.106678277
v -0.110318166 0.262562990 0.106784619
v -0.110108462 0.251972258 0.105510220
v -0.128104990 0.262078851 0.104285292
v -0.128055100 0.259075880 0.102667779
v -0.127948542 0.255408078 0.102287412
v -0.127908190 0.252328753 0.103114903
v -0.123069604 0.262302279 0.104406811
v -0.122975205 0.259291917 0.102690622
v -0.122902562 0.255623877 0.102248684
v -0.122871314 0.252290815 0.103200607
v -0.122919974 0.262310952 0.104418434
v -0.122824800 0.259307325 0.102667548
v -0.122751777 0.255620271 0.102223329
v -0.122721409 0.252285451 0.103210539
v -0.115919237 0.262384892 0.104469374
v -0.115808477 0.260153800 0.103046238
v -0.115706061 0.254982531 0.102423213
v -0.115722959 0.252474844 0.103275388
v -0.115763855 0.262250185 0.104350328
v -0.115417120 0.259853721 0.102943338
v -0.115328481 0.255311430 0.102396622
v -0.115573515 0.252639920 0.103192456
v -0.110371401 0.262580991 0.104789458
v -0.110946772 0.259752870 0.102987930
v -0.110957635 0.255439162 0.102482542
v -0.110170235 0.252424657 0.103565328
v -0.117487003 0.259526223 0.101965412
v -0.121140202 0.259461164 0.101891525
v -0.117400703 0.255773425 0.101565033
v -0.121085723 0.255729914 0.101467662
v -0.111932610 0.265327841 0.099939026
v -0.114106801 0.265748024 0.100479946
v -0.117372905 0.265924156 0.100734957
v -0.121073653 0.266314596 0.100654446
v -0.125129086 0.266630322 0.100203842
v -0.127650817 0.265654474 0.100097172
v -0.108357986 0.262107164 0.099692903
v -0.110063498 0.263496757 0.100409269
v -0.113372129 0.263511300 0.100496463
v -0.117645335 0.263686955 0.101109460
v -0.120823917 0.263752848 0.101108246
v -0.125399997 0.263372421 0.100104131
v -0.128845473 0.263190240 0.099728979
v -0.108176020 0.260534257 0.099773638
v -0.110189569 0.260246068 0.100470610
v -0.112905135 0.259781986 0.100507617
v -0.117116382 0.259915143 0.100455448
v -0.121307050 0.259914309 0.100283794
v -0.125661341 0.259108633 0.100051507
v -0.128578839 0.259727627 0.099737130
v -0.108052214 0.256362349 0.099055119
v -0.110338030 0.256187856 0.099939279
v -0.112762322 0.256062537 0.100114301
v -0.117055495 0.255787760 0.099920407
v -0.121216667 0.255645365 0.099784665
v -0.125576352 0.256339282 0.099713981
v -0.128497702 0.255714744 0.099077769
v -0.108182420 0.254209608 0.098872922
v -0.109761086 0.252599686 0.099030845
v -0.113113363 0.252442062 0.099165067
v -0.117491570 0.252332658 0.099798895
v -0.120575291 0.252187580 0.099800400
v -0.125177738 0.252165228 0.098779432
v -0.128781689 0.252175838 0.098580740
v -0.111641196 0.250829667 0.098152258
v -0.113822308 0.250147969 0.098474532
v -0.117103604 0.249782845 0.098628521
v -0.120713581 0.249408498 0.098627336
v -0.124646788 0.248975277 0.098062426
v -0.127338124 0.249859482 0.098211378
v -0.114643787 0.265775234 0.097986192
v -0.119559710 0.267363608 0.096506834
v -0.126818379 0.266228378 0.096691877
v -0.109986027 0.263570011 0.095793582
v -0.112730485 0.265160650 0.098203398
v -0.116482412 0.263307184 0.097854622
v -0.122045060 0.263214260 0.097711734
v -0.129402516 0.262727052 0.096730277
v -0.108803672 0.261049777 0.095198087
v -0.114779067 0.261023670 0.097618744
v -0.115877238 0.261555672 0.097657099
v -0.122580488 0.261443675 0.097484909
v -0.123656866 0.260875344 0.097390689
v -0.129845147 0.260729462 0.096571110
v -0.107917381 0.258668453 0.094807558
v -0.108636488 0.258545637 0.095702179
v -0.114669037 0.255467057 0.096949264
v -0.115745415 0.254898727 0.096855044
v -0.122448665 0.254786730 0.096682854
v -0.123546829 0.255318731 0.096721210
v -0.129726251 0.256067783 0.095685601
v -0.116280844 0.253128141 0.096628219
v -0.121843492 0.253035218 0.096485332
v -0.129289423 0.253430247 0.096045472
v -0.126603876 0.250461727 0.094372936
v -0.114326318 0.266637892 0.093629465
v -0.117251066 0.267113447 0.093666837
v -0.119903606 0.267367333 0.094189450
v -0.125036863 0.267451674 0.093934938
v -0.127346185 0.266739011 0.092036910
v -0.108264101 0.262433201 0.094387569
v -0.109983874 0.264343441 0.093454391
v -0.112723914 0.265649527 0.094493799
v -0.129204621 0.263816178 0.091567136
v -0.108067279 0.260850877 0.094355434
v -0.108846677 0.261441797 0.092075147
v -0.129357671 0.260520577 0.091611519
v -0.107955729 0.257560939 0.093383260
v -0.108605874 0.258961320 0.092261501
v -0.129257512 0.257033080 0.091149032
v -0.108118904 0.255100876 0.093504146
v -0.109101688 0.253426671 0.092983052
v -0.129001667 0.253618568 0.090264894
v -0.111245384 0.251677006 0.092127390
v -0.113778104 0.250765681 0.091292985
v -0.116862719 0.250107706 0.091104344
v -0.119607714 0.249697611 0.091515183
v -0.124685002 0.249682769 0.091794156
v -0.127028485 0.250733137 0.090108544
v -0.111634609 0.266742527 0.088041373
v -0.119994600 0.268164873 0.089304149
v -0.124854920 0.267959654 0.089084089
v -0.126502049 0.267743498 0.088431738
v -0.109824796 0.264633536 0.088973880
v -0.111955528 0.266135007 0.087937042
v -0.129730468 0.262673348 0.089789622
v -0.108064351 0.260637760 0.089110442
v -0.108834830 0.261973023 0.089080416
v -0.129665312 0.261535227 0.089483432
v -0.107998503 0.258636743 0.088654704
v -0.108510372 0.258290738 0.088839747
v -0.129525435 0.257089198 0.088689871
v -0.109164168 0.254245996 0.087572820
v -0.129600761 0.255107075 0.088977747
v -0.111348485 0.252293378 0.086300492
v -0.118209069 0.251590431 0.087562755
v -0.120729019 0.250667721 0.087298483
v -0.124172528 0.250543296 0.087046236
v -0.126233575 0.250428498 0.088003196
v -0.114039441 0.267404705 0.087019123
v -0.116906543 0.267865568 0.086916082
v -0.119362009 0.268019080 0.087053806
v -0.109448691 0.263560951 0.086066112
v -0.112783034 0.266551435 0.087547645
v -0.129548003 0.263350755 0.085334964
v -0.108479989 0.261391282 0.084522985
v -0.129239966 0.260928959 0.084979951
v -0.108307121 0.259051353 0.084007137
v -0.129122269 0.258120447 0.083409280
v -0.111571607 0.254531711 0.085981123
v -0.111989607 0.254623353 0.085151970
v -0.129301657 0.255625457 0.082700342
v -0.113503096 0.251544923 0.085189670
v -0.116549318 0.250949621 0.084896557
v -0.118990963 0.250634611 0.084969513
v -0.111809489 0.267478138 0.082510456
v -0.119285238 0.268095374 0.082944825
v -0.125962419 0.267823040 0.082215339
v -0.127158125 0.267590940 0.083807647
v -0.109841813 0.265341520 0.082649566
v -0.112550047 0.267203957 0.081246063
v -0.128750255 0.265022576 0.083303407
v -0.108886791 0.261814177 0.081318900
v -0.129052830 0.262129337 0.081860855
v -0.108706807 0.259136736 0.081034109
v -0.128969316 0.258054614 0.081306361
v -0.109565151 0.254980594 0.081407435
v -0.112787490 0.255078912 0.081239752
v -0.128539142 0.254420668 0.082019195
v -0.111520526 0.252885729 0.080752313
v -0.125650463 0.252068728 0.080317549
v -0.126691383 0.251796156 0.081648231
v -0.113024307 0.268263042 0.079081081
v -0.116939035 0.268299282 0.079964340
v -0.119857353 0.268892765 0.079801142
v -0.124286060 0.269114256 0.079534493
v -0.126145464 0.268788427 0.079421856
v -0.110441347 0.265916169 0.079053253
v -0.112031114 0.267103791 0.077539213
v -0.109172401 0.262806565 0.078786641
v -0.108997909 0.258773446 0.078137368
v -0.110094880 0.255433887 0.077646881
v -0.113627804 0.254962772 0.076865025
v -0.128966128 0.256626397 0.075947240
v -0.112279554 0.252944022 0.077255189
v -0.120152031 0.251515538 0.077573478
v -0.124105093 0.251514256 0.077406906
v -0.125788276 0.251858175 0.076795071
v -0.113590156 0.268798143 0.075374700
v -0.116584470 0.269424736 0.075160027
v -0.120443341 0.269595265 0.075064518
v -0.123833289 0.269772440 0.074484855
v -0.126741697 0.268647820 0.076170713
v -0.110755582 0.266831070 0.076283090
v -0.112514434 0.266497821 0.075595692
v -0.115858738 0.264806151 0.073581390
v -0.128427495 0.265985668 0.075324103
v -0.112201941 0.264454156 0.074077681
v -0.128627461 0.262892067 0.074132986
v -0.111983200 0.258937687 0.073622189
v -0.128595752 0.259084523 0.073510125
v -0.110522871 0.255008757 0.074857906
v -0.112453309 0.255569190 0.073537581
v -0.128207748 0.255518377 0.073902756
v -0.113266421 0.253183216 0.073563717
v -0.116138158 0.252482623 0.073201522
v -0.119757150 0.252434134 0.072642364
v -0.123405864 0.252094746 0.072355874
v -0.126424966 0.252672523 0.074246123
v -0.114404385 0.269306481 0.072097026
v -0.116754939 0.269336432 0.072703257
v -0.120656704 0.269286215 0.072531313
v -0.123775345 0.269511521 0.071412094
v -0.126724613 0.269362360 0.070768282
v -0.113730070 0.265656859 0.071599998
v -0.116366279 0.266966850 0.072480537
v -0.120565203 0.267986447 0.071579881
v -0.123458927 0.268340737 0.070797540
v -0.128740770 0.265268147 0.070141464
v -0.113064264 0.264810890 0.071063086
v -0.128674050 0.264694959 0.069447622
v -0.127907408 0.258964449 0.069713339
v -0.113142383 0.255145699 0.070518859
v -0.115938765 0.254350603 0.071359023
v -0.123681043 0.254260033 0.069104686
v -0.128554640 0.257361084 0.068668410
v -0.114107465 0.253534436 0.070025407
v -0.116427620 0.253235132 0.070557214
v -0.120259588 0.253029644 0.070627108
v -0.123438967 0.253037453 0.069452934
v -0.126378146 0.253254294 0.068768881
v -0.112906342 0.269815981 0.068638764
v -0.124778670 0.269604385 0.068467602
v -0.126761248 0.269311696 0.068235032
v -0.112991561 0.268591791 0.068295591
v -0.122104687 0.267988116 0.069556937
v -0.124890176 0.268548280 0.067660756
v -0.127874074 0.267355829 0.068080828
v -0.128251468 0.263804734 0.067201689
v -0.125388523 0.258972347 0.066921040
v -0.127984312 0.259256035 0.066711061
v -0.111478438 0.254794538 0.066673942
v -0.125092563 0.254870445 0.066609442
v -0.127853249 0.255979896 0.066497527
v -0.112714571 0.253902972 0.066630371
v -0.124393177 0.253581882 0.066573396
v -0.126428922 0.253959417 0.066180825
v -0.112524693 0.270214230 0.064892612
v -0.118579936 0.270660460 0.066351511
v -0.124634561 0.269960433 0.064854667
v -0.126540755 0.269382656 0.066008516
v -0.112737973 0.269082427 0.064522266
v -0.124276442 0.268892884 0.064199060
v -0.127288711 0.267781049 0.065351412
v -0.127082472 0.264919847 0.064361826
v -0.125552480 0.259224266 0.064803272
v -0.127554831 0.260222971 0.064876683
v -0.111280915 0.255220681 0.063169442
v -0.125157726 0.254993767 0.062772036
v -0.127734718 0.256150782 0.064379886
v -0.112449219 0.254346430 0.062920585
v -0.118237917 0.253388733 0.064270563
v -0.124208328 0.254170507 0.063013896
v -0.126395186 0.254210353 0.064176887
v -0.113891301 0.270475596 0.061986942
v -0.116582257 0.270721376 0.060533352
v -0.120539692 0.270659178 0.060541350
v -0.123101150 0.270232946 0.061660256
v -0.113524702 0.269737542 0.061464109
v -0.116456379 0.269350588 0.060773194
v -0.120463614 0.269257516 0.060475372
v -0.123866950 0.268652380 0.060538080
v -0.120853719 0.265039504 0.058992278
v -0.123468784 0.264873058 0.060430136
v -0.121226830 0.259484649 0.058206849
v -0.123725926 0.260049313 0.058853269
v -0.113030662 0.255604714 0.059694294
v -0.115591955 0.255775213 0.057858188
v -0.120675285 0.255690604 0.057725139
v -0.123016772 0.255467713 0.059190325
v -0.113535714 0.254896104 0.060087886
v -0.116107811 0.254771322 0.058807969
v -0.119897773 0.254677147 0.058687672
v -0.122676832 0.254708081 0.059859559
v -0.117826087 0.270176947 0.059138678
v -0.119507012 0.270143598 0.059139285
v -0.117681627 0.270040929 0.059098974
v -0.120993962 0.269346982 0.058670051
v -0.123891209 0.268475354 0.057759758
v -0.120818679 0.264735550 0.058457267
v -0.123491314 0.265941709 0.058138326
v -0.121370417 0.259775281 0.057572644
v -0.123615955 0.260325611 0.057025596
v -0.117521417 0.255797148 0.057359122
v -0.119119381 0.255764574 0.057366919
v -0.117523653 0.255515277 0.057398859
v -0.118711417 0.255496323 0.057360873
v -0.126598877 0.269601464 0.065879889
v -0.128003326 0.267366409 0.065548606
v -0.128212591 0.263735622 0.065099128
v -0.128136014 0.259815574 0.064626783
v -0.127768760 0.256296188 0.064215496
v -0.126211655 0.254171997 0.064024404
v -0.125227203 0.270290673 0.066022202
v -0.124786702 0.266207129 0.065545604
v -0.124702056 0.261933714 0.065030724
v -0.124617417 0.257660329 0.064515866
v -0.124799398 0.253530473 0.064006999
v -0.126339031 0.269689173 0.064705260
v -0.127467257 0.267988354 0.064543650
v -0.127943722 0.264208794 0.063703828
v -0.127865386 0.260014355 0.063176051
v -0.127223027 0.256042063 0.063105039
v -0.125966069 0.254410744 0.062848359
v -0.124891107 0.270351917 0.063811384
v -0.124557962 0.254019588 0.061950963
v -0.125936878 0.269890279 0.061195213
v -0.127063793 0.268382162 0.060968313
v -0.127506596 0.264620453 0.060184389
v -0.127526735 0.260012627 0.059922207
v -0.126829391 0.256547064 0.059542391
v -0.125643415 0.255073398 0.059410036
v -0.123630111 0.270622820 0.061127812
v -0.123290447 0.254451334 0.059219923
v -0.120390331 0.270912975 0.059842799
v -0.120126647 0.254560411 0.057961479
v -0.115977747 0.270803154 0.059961271
v -0.115622481 0.254799545 0.058142137
v -0.114060220 0.270507753 0.060272899
v -0.113177796 0.269214034 0.059860069
v -0.114068289 0.262655407 0.060788829
v -0.113248971 0.256584287 0.058497712
v -0.113770110 0.255155265 0.058408201
v -0.125579913 0.270250887 0.057406910
v -0.126755026 0.268551767 0.057167362
v -0.127382708 0.265064448 0.056884836
v -0.127341618 0.261071533 0.056518927
v -0.126532120 0.257296950 0.055811353
v -0.125290466 0.255636752 0.055646162
v -0.123592329 0.270695567 0.057149779
v -0.125127402 0.269930094 0.057433676
v -0.124850703 0.255959392 0.055750448
v -0.123464679 0.255378574 0.055135503
v -0.119404559 0.270813137 0.058574528
v -0.118565326 0.254981667 0.057083730
v -0.117561427 0.270783424 0.059038732
v -0.117158336 0.255032778 0.057152662
v -0.113108737 0.270298511 0.059051946
v -0.112072286 0.269452006 0.057839599
v -0.111811032 0.256839693 0.056345183
v -0.112805043 0.255686402 0.057277717
v -0.110264693 0.268110842 0.056317296
v -0.109355834 0.266008973 0.056309272
v -0.109263574 0.261217952 0.055734728
v -0.110069965 0.258551300 0.055186030
v -0.126375598 0.268843383 0.053380571
v -0.127022077 0.265231580 0.053012248
v -0.126997729 0.261725605 0.052539527
v -0.126159405 0.257927805 0.052065436
v -0.123174322 0.270981461 0.053388141
v -0.124420037 0.270298749 0.053623151
v -0.124147412 0.256533921 0.051964734
v -0.122877118 0.255975664 0.051580202
v -0.119989109 0.271066606 0.053569943
v -0.119591204 0.256010205 0.051667124
v -0.115868327 0.271041304 0.054026697
v -0.114890878 0.270688951 0.053150836
v -0.115275574 0.256631017 0.051140334
v -0.115571429 0.256051153 0.052220646
v -0.113803868 0.270876020 0.054340314
v -0.112493751 0.270003915 0.053731766
v -0.112241347 0.257259786 0.052196324
v -0.113513549 0.256217688 0.052574243
v -0.109809344 0.267637402 0.054612592
v -0.109452193 0.265828162 0.054458659
v -0.109399890 0.261438280 0.053872801
v -0.109633003 0.259459168 0.053658433
v -0.126076845 0.269051015 0.049586274
v -0.126772982 0.265689224 0.049386036
v -0.126686146 0.262189597 0.048843019
v -0.125870620 0.258638799 0.048331782
v -0.122881164 0.271381021 0.049732607
v -0.123831299 0.270788491 0.049789563
v -0.123558042 0.256991714 0.048127294
v -0.122585778 0.256467223 0.047935754
v -0.119967510 0.271463633 0.049668558
v -0.118755487 0.271119505 0.049665891
v -0.118473818 0.256897897 0.047952432
v -0.119671461 0.256515980 0.047867630
v -0.115807508 0.271520734 0.049858022
v -0.115843576 0.271025866 0.049809970
v -0.115567130 0.257068247 0.048128322
v -0.115511556 0.256577939 0.048057675
v -0.113829640 0.271258116 0.049952198
v -0.112005313 0.270048171 0.049827006
v -0.111769912 0.258163005 0.048395049
v -0.113545020 0.256887645 0.048220810
v -0.109936115 0.268250227 0.050745670
v -0.109309581 0.266280979 0.050360538
v -0.109301415 0.262025952 0.049713165
v -0.109768172 0.259770751 0.049724039
v -0.125816305 0.269149482 0.045778353
v -0.126318705 0.266438067 0.044671845
v -0.126254124 0.262444347 0.044274725
v -0.125624349 0.259457469 0.044610631
v -0.123020177 0.271773547 0.046308108
v -0.123411772 0.271170288 0.046190303
v -0.122982440 0.257466733 0.044587184
v -0.122539562 0.256868660 0.044577669
v -0.118570467 0.272010386 0.046035592
v -0.118574132 0.271513492 0.045979980
v -0.119109591 0.257340074 0.044431612
v -0.119088744 0.256844670 0.044367313
v -0.115855646 0.271865636 0.046630967
v -0.115890903 0.271371216 0.046577130
v -0.115292822 0.257567227 0.044626970
v -0.115226773 0.257077366 0.044562235
v -0.111711775 0.270130664 0.046489481
v -0.111489077 0.258886784 0.045134794
v -0.109945786 0.268534392 0.046764094
v -0.109530193 0.266935587 0.046266414
v -0.109460835 0.262694746 0.045824278
v -0.109785465 0.260439903 0.045788854
v -0.125554246 0.269596815 0.043092798
v -0.126247709 0.267069608 0.042440709
v -0.126135116 0.262247652 0.041755695
v -0.125347947 0.259664237 0.041916180
v -0.122448054 0.272272706 0.042353254
v -0.123058555 0.271548063 0.042517412
v -0.122750950 0.257999301 0.040862769
v -0.122138684 0.257364839 0.040563345
v -0.118740787 0.272498280 0.041762616
v -0.118901407 0.271986574 0.041843917
v -0.118632634 0.257907450 0.040146638
v -0.118381684 0.257447302 0.039883420
v -0.116196540 0.272391498 0.042192061
v -0.116118406 0.271899670 0.042058546
v -0.115844091 0.258049816 0.040389672
v -0.115868342 0.257533729 0.040460147
v -0.111455207 0.269961536 0.042631701
v -0.110303340 0.267165571 0.042093825
v -0.110223157 0.262941688 0.041578516
v -0.111291823 0.259943187 0.041446101
v -0.110098546 0.268809527 0.042313129
v -0.109817972 0.266946942 0.042385861
v -0.109753524 0.263006032 0.041851129
v -0.109945943 0.261228114 0.041402236
v -0.125259874 0.269932896 0.039857272
v -0.125944664 0.267301738 0.038567510
v -0.125796025 0.262890607 0.037805043
v -0.125065615 0.260124624 0.038675543
v -0.122193311 0.272665381 0.038869057
v -0.122955394 0.271906227 0.039348867
v -0.121298586 0.265419424 0.036659069
v -0.122607035 0.258396387 0.037790742
v -0.121855852 0.257823825 0.037070166
v -0.119670254 0.272689283 0.039939485
v -0.120054555 0.272126019 0.040691376
v -0.119589840 0.265264183 0.038228571
v -0.117494886 0.265211225 0.039012406
v -0.119779286 0.258000970 0.038989045
v -0.119420034 0.257634073 0.038198169
v -0.115276505 0.272535741 0.040273588
v -0.114573632 0.272028327 0.040517248
v -0.114871641 0.265324175 0.038506094
v -0.116507796 0.265231401 0.039007206
v -0.114276585 0.258359343 0.038814411
v -0.115057645 0.257875562 0.038530614
v -0.113152524 0.272886246 0.037899725
v -0.112440278 0.271130234 0.040076800
v -0.112334897 0.267676532 0.038706303
v -0.112225388 0.263097286 0.038136054
v -0.112163340 0.259446114 0.038706850
v -0.112861556 0.258195370 0.036129728
v -0.109972318 0.267472625 0.040821463
v -0.109886323 0.263089299 0.040292498
v -0.125011888 0.270472556 0.034754902
v -0.125638564 0.267844439 0.034620967
v -0.125536394 0.263354629 0.034063831
v -0.124825013 0.260854870 0.033574242
v -0.122186435 0.272971809 0.036014903
v -0.123644796 0.272023439 0.035694305
v -0.121810411 0.265543967 0.035541289
v -0.122014781 0.265739024 0.033888631
v -0.123380018 0.259148479 0.034157202
v -0.121912693 0.258211732 0.034225635
v -0.117184994 0.273161173 0.034955014
v -0.116894026 0.258470267 0.033185016
v -0.112390523 0.273114502 0.036130600
v -0.112099555 0.258423597 0.034360606
v -0.124935162 0.270893931 0.033340152
v -0.125681345 0.268458635 0.033012688
v -0.125591730 0.263541430 0.032419920
v -0.124760945 0.260783017 0.032120820
v -0.122083922 0.273209810 0.033442039
v -0.123415982 0.272573262 0.033611439
v -0.123789241 0.265837967 0.032775700
v -0.121890952 0.265865326 0.032860819
v -0.123236847 0.259180635 0.031993680
v -0.121822697 0.258591950 0.031708296
v -0.120171328 0.273579031 0.030995892
v -0.119880361 0.258888125 0.029225897
v -0.113864166 0.273669302 0.031283323
v -0.113573198 0.258978426 0.029513326
v -0.112547127 0.273453742 0.033288959
v -0.112256167 0.258762866 0.031518962
v -0.118420963 0.273713678 0.030166011
v -0.118129996 0.259022802 0.028396016
v -0.116012489 0.273757666 0.030196806
v -0.115721521 0.259066790 0.028426811
v -0.125857529 0.268579781 0.032571424
v -0.125873354 0.267222375 0.032535646
v -0.125804600 0.264297694 0.032053459
v -0.125769061 0.263211221 0.032021340
v -0.123937112 0.272498578 0.033215061
v -0.124540222 0.271180838 0.033102982
v -0.125209254 0.269259095 0.032838020
v -0.124813435 0.267897636 0.032816239
v -0.124732067 0.263789237 0.032321248
v -0.125118663 0.262587279 0.032031521
v -0.124392626 0.260601521 0.031829413
v -0.123654959 0.259272963 0.031514168
v -0.122600732 0.273015112 0.033190552
v -0.122453679 0.271333486 0.032953512
v -0.122239386 0.260513812 0.031649929
v -0.122216736 0.258834869 0.031372800
v -0.125733038 0.268636912 0.031107297
v -0.125714948 0.266954601 0.030686067
v -0.125656423 0.264334083 0.030370785
v -0.125662540 0.263223648 0.030887768
v -0.123760422 0.272707373 0.031922441
v -0.124218998 0.271664649 0.030800277
v -0.125565109 0.269686282 0.030810863
v -0.125391980 0.262397915 0.030021591
v -0.123956193 0.260587156 0.029425945
v -0.123527316 0.259396315 0.030357746
v -0.122606811 0.273215860 0.031550407
v -0.122730960 0.271735162 0.030628346
v -0.122511712 0.260665178 0.029294604
v -0.122203988 0.259043187 0.029807329
v -0.120682743 0.273603439 0.031391203
v -0.120508802 0.271986336 0.031198904
v -0.120278788 0.260372639 0.029799655
v -0.120203224 0.258798152 0.029508250
v -0.125507978 0.267181396 0.028116861
v -0.125467007 0.265257537 0.027885258
v -0.123445858 0.273182064 0.028061407
v -0.124038492 0.271685988 0.028628534
v -0.124281627 0.269894272 0.027673205
v -0.125438851 0.268428713 0.027620720
v -0.125385401 0.264821261 0.027184911
v -0.124158819 0.263154179 0.026860451
v -0.123832417 0.261161149 0.027336294
v -0.123255869 0.259891093 0.026474709
v -0.122340714 0.273595214 0.028835798
v -0.122700510 0.271792620 0.028867330
v -0.122849365 0.270164639 0.027565289
v -0.122705725 0.262912214 0.026691498
v -0.122487319 0.261028707 0.027570469
v -0.122112778 0.259345144 0.027142690
v -0.119605539 0.273968071 0.029325612
v -0.119072688 0.271496803 0.028313534
v -0.119135183 0.270657122 0.028367810
v -0.118971420 0.262388617 0.027371598
v -0.118931023 0.261398494 0.027012873
v -0.119584774 0.258960485 0.027721116
v -0.117247154 0.274019480 0.029488767
v -0.117180784 0.272188008 0.029266328
v -0.117639785 0.270501465 0.028444624
v -0.117482890 0.262579799 0.027490202
v -0.117018026 0.260810971 0.027833559
v -0.117006620 0.258932471 0.027701078
v -0.115661484 0.273722142 0.029166652
v -0.115606477 0.272070676 0.028677493
v -0.115337630 0.261086047 0.027373804
v -0.115387988 0.259359777 0.027430799
v -0.113309351 0.273345828 0.029998172
v -0.114293632 0.271391183 0.029155865
v -0.113678155 0.269632936 0.028876290
v -0.113542860 0.263485879 0.028162079
v -0.114078892 0.261711955 0.027983932
v -0.113075947 0.259612024 0.028333250
v -0.111935412 0.272750765 0.029101852
v -0.111692046 0.260463178 0.027621413
v -0.125318055 0.266878158 0.025482453
v -0.125335415 0.265820771 0.026004940
v -0.123377067 0.273401707 0.026401877
v -0.124332813 0.272314340 0.026207970
v -0.125136686 0.270026773 0.025747120
v -0.125294236 0.268369675 0.025665620
v -0.125224662 0.265221566 0.025069341
v -0.124996339 0.263199329 0.025185816
v -0.124113013 0.261085927 0.024811486
v -0.123130229 0.260012925 0.025005050
v -0.122423028 0.273804545 0.026763145
v -0.121798967 0.272054106 0.026853181
v -0.121485707 0.269648284 0.026108585
v -0.121004735 0.268892974 0.025844535
v -0.120928434 0.264621407 0.025318353
v -0.121362140 0.263828218 0.025397193
v -0.121585746 0.261288315 0.025556093
v -0.121939344 0.259563357 0.024854885
v -0.119737600 0.273937136 0.026813677
v -0.119647001 0.272022396 0.027449042
v -0.120417115 0.269763172 0.026612153
v -0.120870893 0.268805355 0.026031746
v -0.120789048 0.264672846 0.025533849
v -0.120289241 0.263629466 0.025874963
v -0.119576407 0.261102438 0.026060328
v -0.119475965 0.259501129 0.025076887
v -0.118031089 0.273887008 0.027550608
v -0.117984814 0.271850765 0.027989591
v -0.117550758 0.270591408 0.027873542
v -0.117393104 0.262631565 0.026914522
v -0.117922460 0.261476427 0.026711060
v -0.117759188 0.259493232 0.025779843
v -0.115355966 0.273773551 0.027751286
v -0.116286931 0.272209376 0.028211141
v -0.116065522 0.261030316 0.026864260
v -0.115089064 0.259656161 0.026049949
v -0.113601779 0.273491293 0.028149614
v -0.112725799 0.273209006 0.027277261
v -0.112366815 0.260458320 0.025818637
v -0.113294666 0.259989411 0.026165802
v -0.111430441 0.272330076 0.027877852
v -0.111183685 0.261196196 0.026578780
v -0.123284039 0.273714155 0.024162618
v -0.124002432 0.272274852 0.024149653
v -0.123683659 0.269855589 0.023477869
v -0.124359136 0.268793315 0.023251146
v -0.124345874 0.265068233 0.022790924
v -0.123576318 0.264154166 0.022791769
v -0.123759118 0.261580408 0.022863181
v -0.123009053 0.260236710 0.022648064
v -0.121603374 0.274005234 0.024159662
v -0.122919579 0.271433830 0.024602965
v -0.122756061 0.270130217 0.023910470
v -0.122602237 0.263617486 0.023298673
v -0.122740273 0.262380898 0.023512244
v -0.121525769 0.259944707 0.022610348
v -0.120126282 0.274100810 0.024838835
v -0.119780210 0.259809434 0.023171736
v -0.117606026 0.274208695 0.024752667
v -0.117376556 0.259862989 0.022954259
v -0.115632353 0.273987770 0.025393283
v -0.115374644 0.259996086 0.023707341
v -0.113959123 0.273679584 0.026049117
v -0.113737946 0.260198116 0.024395511
v -0.123142977 0.273945123 0.022569731
v -0.124087517 0.272855490 0.022376943
v -0.123653014 0.269658685 0.022727568
v -0.123801147 0.268919647 0.022514462
v -0.123721060 0.265157789 0.022061577
v -0.123488193 0.264545619 0.022154070
v -0.123815534 0.261413336 0.021001251
v -0.122945053 0.260457933 0.020940352
v -0.121807327 0.274081290 0.022745989
v -0.121952762 0.273823857 0.021825487
v -0.122897823 0.269375622 0.022923248
v -0.122821731 0.269133300 0.022887770
v -0.122740355 0.265024871 0.022392780
v -0.122806770 0.264778286 0.022369349
v -0.121711594 0.260737419 0.020385327
v -0.121538443 0.260261476 0.021155925
v -0.119824593 0.274379492 0.022446997
v -0.119524908 0.260132968 0.020823987
v -0.117591602 0.274416745 0.022504894
v -0.117273335 0.260185093 0.020852542
v -0.115095151 0.274091005 0.022915989
v -0.114827146 0.260497779 0.021334067
v -0.122952548 0.274175078 0.020224975
v -0.123865654 0.273129910 0.019783465
v -0.124629480 0.270969331 0.019648002
v -0.124886249 0.268134475 0.019805241
v -0.124813554 0.265971065 0.019546332
v -0.124488463 0.263818800 0.018872647
v -0.123654601 0.261829048 0.018464400
v -0.122789902 0.260868400 0.018399317
v -0.121762809 0.274420649 0.020318408
v -0.121675094 0.273973227 0.020078199
v -0.121332226 0.261121631 0.017975919
v -0.121599269 0.260543376 0.018677086
v -0.119538416 0.274535567 0.020602154
v -0.119334054 0.260513902 0.018588291
v -0.117519838 0.274621755 0.020314135
v -0.117234175 0.260506183 0.018658271
v -0.115463932 0.274371654 0.020421028
v -0.115250525 0.260764688 0.019066220
v -0.122741272 0.274330586 0.018092817
v -0.123702270 0.273264319 0.017909497
v -0.124500242 0.270886421 0.017577579
v -0.124676813 0.268402427 0.017267315
v -0.124608931 0.266359210 0.017022392
v -0.124300865 0.264089435 0.016761940
v -0.123434414 0.262095392 0.016566414
v -0.121620004 0.274713546 0.018125493
v -0.121166666 0.274228632 0.017826797
v -0.120864106 0.261395723 0.015965328
v -0.121516799 0.260802686 0.016687093
v -0.119126511 0.274715871 0.018500095
v -0.118850184 0.260792494 0.016822033
v -0.117178013 0.274760336 0.018741604
v -0.116922614 0.260801107 0.016814006
v -0.115714845 0.274625927 0.018286450
v -0.115362791 0.260975450 0.017324209
v -0.123331052 0.273585558 0.015374362
v -0.124233772 0.271592349 0.015606257
v -0.124406752 0.269136161 0.014783692
v -0.124361870 0.266766489 0.014498095
v -0.124106896 0.264472932 0.014661520
v -0.123174598 0.262515277 0.014037288
v -0.121403684 0.274913996 0.015681284
v -0.121202064 0.274361968 0.015850741
v -0.121206683 0.261627406 0.014442812
v -0.121158679 0.261156827 0.014217573
v -0.119294022 0.274812251 0.016262872
v -0.119024110 0.261224210 0.014625310
v -0.116887664 0.274908662 0.016198844
v -0.116594550 0.261258960 0.014470073
v -0.115980146 0.274760932 0.017044915
v -0.115701889 0.261210650 0.015458251
v -0.123183598 0.273567080 0.013381963
v -0.123898019 0.271878719 0.013023237
v -0.124096503 0.269685328 0.012614033
v -0.124033992 0.267034888 0.012167455
v -0.123775353 0.264823079 0.012112832
v -0.122945828 0.262887597 0.012143682
v -0.120951374 0.275031120 0.013561475
v -0.121104506 0.274537951 0.013553957
v -0.121083562 0.262090206 0.012145457
v -0.120791798 0.261559457 0.012252740
v -0.118744475 0.274931759 0.013843048
v -0.119233315 0.274791420 0.013233455
v -0.118997944 0.261973023 0.011673732
v -0.118497816 0.261709750 0.012235180
v -0.117378202 0.274985671 0.014405059
v -0.117171888 0.261579007 0.012731922
v -0.122757045 0.273652941 0.011541953
v -0.123496001 0.271818638 0.010991002
v -0.123740246 0.269739896 0.010813718
v -0.123687317 0.267412126 0.010482470
v -0.123365757 0.265215069 0.010197000
v -0.122550522 0.263328314 0.010307483
v -0.120534738 0.275079906 0.012424557
v -0.121027370 0.274588287 0.011644996
v -0.120780361 0.262509644 0.010090715
v -0.120268998 0.261859804 0.010805903
v -0.119543989 0.274611026 0.012368581
v -0.119308193 0.262333244 0.010887176
v -0.122314897 0.273220718 0.009863035
v -0.122668293 0.271799922 0.009158254
v -0.122932774 0.269900978 0.008715094
v -0.122889203 0.267820030 0.008438800
v -0.122547788 0.265695333 0.008424513
v -0.122135450 0.264162719 0.008774379
v -0.120679502 0.273914695 0.009577320
v -0.121081618 0.272675157 0.008425524
v -0.121023168 0.265109032 0.007530333
v -0.120382977 0.263686568 0.008245441
v -0.121997682 0.269902796 0.007469605
v -0.121960131 0.268207759 0.007241502
v -0.120261592 0.272077531 0.007632915
v -0.120816757 0.270312905 0.007019631
v -0.120778618 0.267978698 0.006711554
v -0.120137748 0.265906841 0.006877188
v -0.119746518 0.271648198 0.007242933
v -0.119660412 0.270171821 0.006688618
v -0.119616849 0.267994970 0.006423346
v -0.119638895 0.266525030 0.006584924
v -0.117226427 0.274969578 0.014302778
v -0.118086522 0.274978131 0.013381884
v -0.115676609 0.274723589 0.016455198
v -0.116323789 0.274863869 0.015945289
v -0.115357322 0.274517864 0.018674454
v -0.115057153 0.274244815 0.020877915
v -0.114572209 0.274006188 0.022525866
v -0.113856499 0.273663610 0.025837915
v -0.115147603 0.273418933 0.010429632
v -0.116887872 0.273565918 0.009967208
v -0.118895066 0.273626268 0.009910245
v -0.120117043 0.273492336 0.009959184
v -0.113044118 0.273263127 0.012514296
v -0.114634236 0.273817569 0.011739926
v -0.117003751 0.274506360 0.011828597
v -0.119069797 0.274506867 0.011806996
v -0.120229458 0.274123788 0.011303050
v -0.112621685 0.273369342 0.014326140
v -0.114756052 0.274401546 0.014074716
v -0.116848347 0.274873108 0.013524874
v -0.118465965 0.274909854 0.012999347
v -0.111457569 0.272533894 0.016268950
v -0.112419461 0.273332417 0.016114054
v -0.114557129 0.274427027 0.016092096
v -0.111389761 0.272451639 0.018675422
v -0.112592344 0.273416013 0.018719593
v -0.114282941 0.274231076 0.018683007
v -0.111130324 0.272097319 0.020719469
v -0.112997842 0.273503035 0.020945892
v -0.111389105 0.272332191 0.023043202
v -0.112719511 0.273293078 0.023025673
v -0.111355146 0.272239059 0.025166368
v -0.112699193 0.273235261 0.025252627
v -0.111291555 0.272159994 0.027133325
v -0.112680671 0.273192823 0.026696056
v -0.116674920 0.271527469 0.007984837
v -0.118752767 0.271486640 0.007842625
v -0.119829607 0.271188557 0.007797805
v -0.112885934 0.271629959 0.010122666
v -0.114413542 0.272184849 0.009449771
v -0.116593820 0.272465795 0.008767384
v -0.118907911 0.272572935 0.008691674
v -0.119949249 0.272278994 0.008578268
v -0.110940640 0.270901114 0.012511137
v -0.112186615 0.272053480 0.011635811
v -0.113464152 0.272926867 0.011093503
v -0.110911255 0.271482259 0.013948546
v -0.111678270 0.272449344 0.013649439
v -0.110756529 0.271464258 0.015678355
v -0.110598770 0.271193326 0.018315252
v -0.110465643 0.270900071 0.020546770
v -0.110418496 0.270764649 0.022726901
v -0.110334699 0.270564437 0.024768943
v -0.109936734 0.269372225 0.026729418
v -0.110296813 0.270552903 0.026818713
v -0.114784521 0.269936353 0.007891426
v -0.116579418 0.270328045 0.007486151
v -0.118795713 0.270226270 0.007322255
v -0.119768744 0.270138472 0.007406048
v -0.112497297 0.269683003 0.009421519
v -0.113823717 0.270057678 0.008480406
v -0.110731852 0.269456863 0.011931019
v -0.111470048 0.269853711 0.010725919
v -0.110117507 0.269114554 0.013957510
v -0.110049074 0.269335210 0.015492829
v -0.109985647 0.269189477 0.018313209
v -0.109864448 0.268603057 0.022045480
v -0.109746647 0.267823756 0.024997799
v -0.109751475 0.268057644 0.026322383
v -0.114778345 0.267989278 0.007656205
v -0.116582257 0.267862707 0.007162670
v -0.118747433 0.267918706 0.007032870
v -0.119724755 0.267817169 0.007139569
v -0.112510857 0.267810762 0.009186584
v -0.113805351 0.267647594 0.008209517
v -0.110707839 0.267500401 0.011733928
v -0.111448479 0.267378241 0.010450615
v -0.110097108 0.267314553 0.013811879
v -0.110032422 0.266708761 0.015162448
v -0.109946837 0.266340673 0.017945506
v -0.109827575 0.265939593 0.021813842
v -0.109732215 0.265965819 0.024432139
v -0.109711927 0.265572757 0.026018392
v -0.116705251 0.266499281 0.007348808
v -0.118653459 0.266471833 0.007238829
v -0.119748441 0.266545177 0.007309881
v -0.112774824 0.266020119 0.009446776
v -0.114282754 0.265581667 0.008654200
v -0.116237347 0.265442967 0.007928071
v -0.118761984 0.265210032 0.007805271
v -0.119826441 0.265347779 0.007839008
v -0.110848253 0.266236365 0.011949116
v -0.112052393 0.265277058 0.010819366
v -0.113297408 0.264508247 0.010079205
v -0.110789445 0.265332162 0.013207567
v -0.111519528 0.264434576 0.012683799
v -0.110627410 0.264945000 0.014892897
v -0.110467945 0.264588058 0.017519433
v -0.110335869 0.264348060 0.019757366
v -0.110283797 0.263963729 0.021907508
v -0.110198272 0.263676494 0.023939062
v -0.109837932 0.264383733 0.026128389
v -0.110151229 0.263202518 0.025933117
v -0.114963469 0.264122546 0.009309575
v -0.116663409 0.263977498 0.008864216
v -0.118702178 0.263898969 0.008738937
v -0.119914574 0.264018804 0.008761390
v -0.112857890 0.263860911 0.011381489
v -0.114428778 0.263444543 0.010490157
v -0.116687817 0.262677997 0.010405894
v -0.118805063 0.262547463 0.010431606
v -0.120053914 0.263086170 0.009916855
v -0.112423119 0.263344109 0.013118273
v -0.114516717 0.262318611 0.012618927
v -0.116536384 0.261916578 0.011980501
v -0.118197103 0.261932701 0.011445159
v -0.111283374 0.263739169 0.015209336
v -0.112214086 0.262963355 0.014864760
v -0.114307475 0.261822671 0.014573486
v -0.111207520 0.263250321 0.017566824
v -0.112371315 0.262256861 0.017375106
v -0.114028958 0.261408448 0.017138101
v -0.110952494 0.263119042 0.019637743
v -0.112762627 0.261628002 0.019515153
v -0.111190979 0.262329251 0.021838017
v -0.112482933 0.261348844 0.021586601
v -0.111150694 0.261916906 0.023922728
v -0.112454419 0.260877013 0.023763673
v -0.111115758 0.261496574 0.025852082
v -0.112447684 0.260568202 0.025162896
v -0.116855283 0.261608005 0.012773979
v -0.117790801 0.261785001 0.011823800
v -0.115412806 0.261404932 0.014850528
v -0.116040384 0.261358112 0.014367944
v -0.115063523 0.261075437 0.017186943
v -0.114751210 0.260842770 0.019337354
v -0.114368242 0.260671347 0.020999487
v -0.113512044 0.260292292 0.024283405
f 315 420 373
f 315 373 246
f 246 315 314
f 313 244 246
f 313 246 314
f 286 287 612
f 612 746 745
f 612 745 286
f 344 348 287
f 746 612 534
f 746 534 733
f 733 534 530
f 733 530 281
f 281 530 344
f 281 344 287
f 522 693 707
f 340 276 273
f 340 273 526
f 526 273 522
f 526 522 707
f 604 522 693
f 522 273 693
f 508 656 665
f 508 665 511
f 261 250 319
f 656 508 644
f 644 508 634
f 261 319 329
f 329 319 498
f 329 498 508
f 508 498 634
f 634 498 553
f 553 498 488
f 553 626 634
f 246 244 251
f 251 244 250
f 273 276 277
f 282 288 277
f 290 288 286
f 286 288 287
f 289 288 290
f 267 263 262
f 268 263 267
f 271 267 270
f 282 277 281
f 282 281 288
f 288 281 287
f 277 276 281
f 273 270 269
f 268 267 271
f 271 270 275
f 275 270 274
f 275 274 279
f 262 251 261
f 261 251 250
f 274 270 273
f 274 278 279
f 251 252 246
f 288 289 277
f 277 289 283
f 277 283 280
f 277 280 278
f 67 68 81
f 67 81 80
f 80 81 94
f 80 94 93
f 93 94 211
f 93 211 210
f 210 211 222
f 210 222 221
f 221 222 292
f 221 292 291
f 291 292 295
f 291 295 294
f 294 295 355
f 294 355 354
f 354 355 399
f 354 399 398
f 379 380 324
f 379 324 323
f 323 324 259
f 323 259 258
f 258 259 150
f 258 150 149
f 149 150 162
f 149 162 161
f 161 162 171
f 161 171 170
f 170 171 25
f 170 25 24
f 24 25 40
f 24 40 39
f 39 40 55
f 39 55 54
f 472 473 541
f 472 541 540
f 540 541 616
f 540 616 615
f 615 616 748
f 615 748 747
f 747 748 735
f 747 735 734
f 734 735 794
f 734 794 793
f 793 794 788
f 793 788 787
f 787 788 783
f 787 783 782
f 782 783 778
f 782 778 777
f 773 774 770
f 773 770 769
f 769 770 766
f 769 766 765
f 765 766 763
f 765 763 762
f 762 763 658
f 762 658 657
f 657 658 646
f 657 646 645
f 645 646 561
f 645 561 560
f 560 561 502
f 560 502 501
f 501 502 429
f 501 429 428
f 8 9 18
f 7 154 8
f 753 737 736
f 784 789 790
f 233 231 234
f 705 719 720
f 314 244 313
f 133 144 6
f 123 240 241
f 654 675 676
f 412 482 483
f 295 292 296
f 324 380 325
f 262 160 148
f 626 625 633
f 625 626 552
f 552 626 553
f 633 634 626
f 656 644 643
f 643 644 633
f 633 644 634
f 665 656 655
f 676 693 665
f 732 746 733
f 746 732 745
f 745 732 731
f 745 731 744
f 741 729 728
f 741 728 740
f 739 740 728
f 738 739 727
f 116 214 104
f 289 219 290
f 219 209 220
f 219 220 289
f 201 202 208
f 208 202 209
f 194 195 201
f 201 195 202
f 278 194 279
f 194 278 195
f 182 272 275
f 160 262 263
f 148 257 262
f 251 257 250
f 250 257 137
f 252 251 245
f 488 489 418
f 418 489 419
f 487 488 417
f 552 553 487
f 487 553 488
f 774 775 771
f 774 771 770
f 766 770 771
f 771 767 766
f 658 763 659
f 764 763 767
f 767 763 766
f 658 659 647
f 658 647 646
f 646 647 562
f 646 562 561
f 503 502 562
f 562 502 561
f 503 429 502
f 380 429 430
f 430 429 503
f 254 259 253
f 254 253 324
f 26 25 162
f 26 162 163
f 41 40 25
f 41 25 26
f 69 68 55
f 69 55 56
f 56 55 41
f 41 55 40
f 68 69 82
f 82 94 81
f 82 81 68
f 106 94 107
f 356 355 296
f 296 355 295
f 400 399 356
f 399 355 356
f 474 541 473
f 541 542 616
f 616 542 617
f 795 794 735
f 795 735 749
f 749 735 748
f 783 789 784
f 783 784 779
f 783 779 778
f 48 47 32
f 33 48 32
f 50 64 63
f 90 77 91
f 91 77 78
f 90 103 89
f 89 103 102
f 101 88 89
f 101 89 102
f 32 47 31
f 47 46 31
f 46 60 31
f 724 711 710
f 725 711 724
f 725 712 711
f 726 713 725
f 725 713 712
f 714 713 727
f 727 713 726
f 727 726 738
f 738 726 737
f 737 726 725
f 739 728 727
f 727 728 714
f 702 703 691
f 691 703 692
f 691 692 683
f 653 652 664
f 674 664 673
f 641 640 653
f 653 640 652
f 630 640 641
f 483 548 549
f 362 408 363
f 363 408 409
f 408 362 376
f 408 376 407
f 407 376 425
f 376 375 424
f 376 424 425
f 430 431 381
f 381 431 375
f 375 431 423
f 763 764 659
f 703 704 692
f 692 704 684
f 692 684 683
f 631 630 641
f 653 664 674
f 674 685 706
f 412 413 367
f 412 367 366
f 631 641 642
f 642 641 653
f 642 653 654
f 654 653 674
f 654 674 675
f 675 674 706
f 550 549 623
f 623 549 622
f 623 622 630
f 623 630 631
f 415 484 485
f 551 486 485
f 484 483 549
f 484 549 550
f 551 550 624
f 624 550 623
f 624 623 631
f 624 631 632
f 707 693 676
f 707 676 675
f 707 675 706
f 676 665 655
f 676 655 654
f 654 655 643
f 654 643 642
f 642 643 633
f 643 655 656
f 632 642 633
f 632 633 624
f 624 633 625
f 624 625 552
f 624 552 551
f 240 239 309
f 309 239 308
f 309 308 368
f 368 308 367
f 368 367 414
f 414 367 413
f 239 240 122
f 122 123 132
f 133 132 123
f 122 121 239
f 309 310 240
f 310 309 369
f 369 309 368
f 369 368 415
f 415 368 414
f 415 414 484
f 484 414 413
f 124 123 241
f 123 124 133
f 133 124 134
f 485 486 415
f 415 486 416
f 415 416 369
f 369 416 370
f 369 370 310
f 310 370 311
f 310 311 242
f 310 242 241
f 310 241 240
f 6 12 5
f 132 133 143
f 132 143 6
f 143 133 6
f 6 5 132
f 132 5 131
f 132 131 122
f 122 131 121
f 63 49 50
f 51 50 36
f 51 36 37
f 35 22 165
f 135 145 134
f 135 134 125
f 125 134 124
f 165 157 166
f 166 157 158
f 166 158 167
f 185 191 79
f 51 52 66
f 51 66 65
f 65 66 185
f 65 185 79
f 37 38 52
f 38 53 52
f 52 53 186
f 38 173 53
f 53 173 179
f 53 179 186
f 35 165 23
f 23 165 166
f 37 52 51
f 50 51 65
f 50 65 64
f 64 65 79
f 64 79 78
f 242 125 124
f 551 552 486
f 486 552 487
f 486 487 416
f 416 487 417
f 416 417 370
f 370 417 371
f 370 371 311
f 311 371 312
f 311 312 242
f 242 312 243
f 121 238 239
f 314 313 315
f 418 419 420
f 418 420 372
f 372 420 373
f 372 373 313
f 313 373 315
f 244 314 245
f 245 314 246
f 252 245 246
f 136 135 126
f 126 135 125
f 126 125 243
f 243 125 242
f 242 124 241
f 243 244 126
f 126 244 250
f 126 250 136
f 136 250 137
f 417 488 418
f 417 418 371
f 371 418 372
f 371 372 312
f 312 372 313
f 312 313 243
f 243 313 244
f 244 245 251
f 156 145 157
f 157 145 146
f 157 146 158
f 158 146 147
f 158 147 159
f 159 147 148
f 159 148 160
f 169 168 160
f 160 168 159
f 145 156 144
f 144 156 13
f 144 13 6
f 6 13 12
f 257 148 137
f 137 148 147
f 137 147 136
f 136 147 146
f 136 146 135
f 135 146 145
f 145 144 134
f 134 144 133
f 240 123 122
f 174 173 167
f 167 173 172
f 167 172 166
f 166 172 37
f 166 37 36
f 166 36 23
f 23 36 35
f 22 35 21
f 158 159 167
f 167 159 168
f 167 168 174
f 174 168 169
f 174 169 175
f 173 174 179
f 179 174 180
f 179 180 186
f 186 180 187
f 186 187 192
f 192 187 193
f 268 169 263
f 263 169 160
f 175 169 268
f 175 268 176
f 176 268 271
f 175 176 182
f 175 182 181
f 279 194 275
f 275 194 188
f 275 188 182
f 182 188 181
f 104 103 91
f 91 103 90
f 215 117 104
f 215 104 105
f 105 104 92
f 92 79 191
f 216 215 205
f 205 215 105
f 205 105 198
f 198 105 92
f 198 92 191
f 217 216 206
f 206 216 205
f 206 205 199
f 199 205 198
f 199 198 192
f 192 198 191
f 78 79 92
f 78 92 91
f 91 92 104
f 116 104 117
f 116 117 214
f 214 117 215
f 718 704 703
f 716 730 717
f 717 730 718
f 743 718 730
f 743 730 742
f 720 706 705
f 218 217 207
f 207 217 206
f 207 206 200
f 200 206 199
f 200 199 193
f 193 199 192
f 174 175 180
f 180 175 181
f 180 181 187
f 187 181 188
f 187 188 193
f 193 188 194
f 193 194 200
f 200 194 201
f 200 201 207
f 207 201 208
f 207 208 218
f 66 52 186
f 66 186 185
f 185 186 191
f 191 186 192
f 219 218 208
f 219 208 209
f 719 744 731
f 719 731 732
f 719 732 720
f 720 732 733
f 721 707 706
f 642 632 631
f 733 721 720
f 720 721 706
f 705 706 685
f 107 94 95
f 96 95 83
f 85 98 97
f 96 97 108
f 108 213 212
f 72 86 85
f 85 86 98
f 98 110 97
f 97 110 109
f 97 109 108
f 108 109 224
f 108 224 213
f 213 224 212
f 212 224 223
f 212 223 211
f 211 223 222
f 86 99 98
f 98 99 110
f 109 110 225
f 109 225 224
f 99 111 110
f 110 226 225
f 111 118 227
f 111 227 226
f 226 231 225
f 225 231 230
f 225 230 229
f 228 229 296
f 228 296 293
f 293 296 292
f 401 400 356
f 473 399 474
f 474 399 400
f 474 400 401
f 402 401 357
f 357 401 356
f 357 356 298
f 298 356 296
f 298 296 297
f 226 227 231
f 229 297 296
f 297 230 299
f 297 299 298
f 298 299 357
f 234 231 232
f 300 234 301
f 404 405 403
f 403 405 402
f 403 402 358
f 358 402 357
f 358 357 299
f 404 403 359
f 359 403 358
f 359 358 300
f 300 358 299
f 300 299 233
f 233 299 230
f 233 230 231
f 300 301 302
f 300 302 359
f 359 302 360
f 360 302 361
f 475 474 401
f 475 401 402
f 227 232 231
f 229 230 297
f 100 111 86
f 86 87 100
f 100 87 88
f 100 88 101
f 111 100 112
f 112 100 101
f 112 101 113
f 113 101 102
f 113 102 114
f 114 102 103
f 114 103 115
f 115 103 104
f 115 104 116
f 360 361 405
f 405 361 406
f 405 406 477
f 402 476 475
f 474 475 542
f 474 542 541
f 476 543 475
f 475 543 542
f 748 616 754
f 754 616 617
f 754 617 755
f 542 543 617
f 617 543 618
f 617 618 755
f 477 545 544
f 233 234 300
f 359 360 404
f 404 360 405
f 544 545 619
f 406 478 477
f 477 478 546
f 477 546 545
f 545 546 619
f 619 546 621
f 619 618 543
f 619 543 544
f 544 543 477
f 477 543 476
f 477 476 405
f 405 476 402
f 756 760 757
f 756 759 760
f 760 619 761
f 761 619 620
f 761 620 621
f 757 758 753
f 758 757 761
f 761 757 760
f 755 756 750
f 750 756 751
f 801 751 802
f 621 620 619
f 619 760 618
f 618 760 759
f 618 759 755
f 755 759 756
f 754 749 748
f 788 795 789
f 795 749 799
f 754 755 750
f 754 750 749
f 749 750 800
f 749 800 799
f 799 800 796
f 799 796 795
f 795 796 790
f 795 790 789
f 797 790 796
f 788 794 795
f 789 783 788
f 779 775 778
f 778 775 774
f 800 750 801
f 750 751 801
f 797 796 800
f 800 801 797
f 797 801 802
f 797 802 798
f 797 798 791
f 797 791 790
f 790 785 784
f 784 785 780
f 751 756 752
f 751 752 802
f 802 752 798
f 756 757 752
f 752 757 753
f 752 753 736
f 752 736 798
f 798 736 792
f 798 792 791
f 790 791 786
f 790 786 785
f 737 725 736
f 736 725 724
f 736 724 792
f 792 724 791
f 791 724 710
f 791 710 786
f 718 703 717
f 717 703 702
f 717 702 716
f 716 702 701
f 716 701 715
f 674 673 685
f 685 673 684
f 685 684 705
f 705 684 704
f 705 704 718
f 705 718 719
f 719 718 744
f 744 718 743
f 741 742 730
f 741 730 729
f 729 730 716
f 729 716 728
f 728 716 715
f 728 715 714
f 779 784 780
f 247 255 326
f 326 255 325
f 151 152 163
f 255 254 325
f 325 254 324
f 152 164 163
f 163 164 14
f 163 14 26
f 26 14 27
f 26 27 41
f 41 27 42
f 41 42 56
f 56 42 57
f 56 57 69
f 69 57 70
f 69 70 83
f 69 83 82
f 247 256 255
f 152 139 154
f 317 247 326
f 317 326 316
f 152 153 164
f 164 153 15
f 164 15 14
f 153 152 154
f 153 154 15
f 15 154 7
f 14 28 27
f 27 28 43
f 27 43 42
f 57 42 44
f 44 42 43
f 44 43 28
f 29 16 30
f 14 15 28
f 28 15 29
f 28 29 44
f 212 107 108
f 108 107 96
f 97 96 84
f 97 84 85
f 85 84 71
f 85 71 72
f 72 71 58
f 44 58 57
f 57 58 71
f 57 71 70
f 70 71 84
f 70 84 83
f 83 84 96
f 95 96 107
f 107 212 106
f 106 212 211
f 8 154 155
f 155 154 140
f 140 154 139
f 140 139 127
f 364 363 410
f 410 363 409
f 303 318 317
f 376 317 316
f 376 316 375
f 375 316 326
f 375 326 325
f 375 325 381
f 381 325 380
f 9 1 2
f 2 1 140
f 2 140 141
f 141 140 127
f 141 127 128
f 363 304 303
f 363 303 362
f 362 303 317
f 362 317 376
f 430 381 380
f 150 259 260
f 260 259 254
f 247 317 318
f 304 363 364
f 364 410 411
f 8 17 16
f 9 8 1
f 86 73 87
f 19 9 10
f 10 9 3
f 9 19 18
f 74 87 73
f 74 73 60
f 60 73 59
f 60 59 45
f 60 45 31
f 31 45 30
f 30 45 29
f 3 9 2
f 3 2 141
f 3 141 142
f 142 141 129
f 129 141 128
f 411 365 364
f 364 305 304
f 318 303 248
f 318 248 247
f 254 255 151
f 254 151 260
f 260 151 150
f 235 304 305
f 162 150 163
f 163 150 151
f 152 151 255
f 152 255 138
f 138 255 139
f 139 255 256
f 139 256 248
f 248 256 247
f 248 303 235
f 235 303 304
f 305 364 306
f 306 364 365
f 249 235 236
f 237 236 306
f 119 120 129
f 119 236 237
f 366 307 306
f 306 307 237
f 128 249 119
f 119 249 236
f 238 237 307
f 238 307 308
f 308 307 366
f 308 366 367
f 305 306 236
f 248 249 128
f 129 3 142
f 20 19 11
f 11 19 10
f 11 10 4
f 4 10 3
f 4 3 130
f 130 3 129
f 130 129 120
f 16 17 30
f 30 17 31
f 32 19 20
f 32 20 33
f 48 33 34
f 48 34 49
f 49 34 50
f 50 35 36
f 17 8 18
f 17 18 31
f 31 18 19
f 31 19 32
f 33 20 21
f 33 21 34
f 34 21 35
f 34 35 50
f 37 172 173
f 37 173 38
f 176 271 182
f 182 271 272
f 157 165 156
f 156 165 22
f 156 22 13
f 13 22 21
f 13 21 12
f 12 21 20
f 12 20 11
f 12 11 5
f 5 11 4
f 5 4 131
f 131 4 130
f 131 130 121
f 121 130 120
f 121 120 238
f 238 120 237
f 95 94 82
f 95 82 83
f 152 138 139
f 127 139 248
f 127 248 128
f 249 248 235
f 236 235 305
f 306 365 366
f 366 365 411
f 366 411 412
f 412 411 481
f 412 481 482
f 292 222 293
f 293 222 223
f 293 223 228
f 228 223 229
f 229 223 224
f 229 224 225
f 226 110 111
f 111 99 86
f 73 86 72
f 73 72 59
f 59 72 58
f 59 58 45
f 45 58 44
f 45 44 29
f 16 29 15
f 16 15 7
f 16 7 8
f 8 155 1
f 1 155 140
f 129 128 119
f 120 119 237
f 239 238 308
f 413 412 483
f 413 483 484
f 485 484 550
f 485 550 551
f 324 253 259
f 190 184 68
f 184 55 68
f 211 94 106
f 171 162 25
f 262 257 251
f 275 272 271
f 195 278 280
f 195 280 202
f 283 209 280
f 280 209 202
f 283 220 209
f 220 283 289
f 289 290 286
f 289 286 219
f 737 111 738
f 738 111 112
f 738 112 739
f 739 112 113
f 216 217 286
f 286 217 218
f 286 218 219
f 739 113 740
f 740 113 114
f 215 742 741
f 215 741 214
f 215 743 742
f 114 115 740
f 740 115 116
f 740 116 741
f 741 116 214
f 216 286 215
f 215 286 745
f 745 744 215
f 215 744 743
f 713 714 700
f 557 481 497
f 480 495 496
f 691 682 598
f 691 598 603
f 603 690 691
f 698 712 713
f 696 786 710
f 588 589 580
f 571 580 581
f 581 580 589
f 504 565 572
f 504 565 505
f 505 565 566
f 565 572 566
f 566 572 573
f 566 573 567
f 557 558 547
f 557 547 481
f 558 629 559
f 558 559 548
f 558 548 547
f 630 629 640
f 497 496 557
f 558 638 629
f 629 638 639
f 629 639 640
f 567 574 575
f 582 581 589
f 582 590 583
f 583 590 591
f 573 574 567
f 568 567 575
f 568 575 638
f 638 575 650
f 638 650 639
f 568 638 558
f 568 558 567
f 567 558 557
f 567 557 566
f 566 557 496
f 566 496 505
f 505 496 504
f 650 584 662
f 650 662 651
f 664 652 663
f 663 652 651
f 663 651 662
f 663 662 672
f 582 589 590
f 590 589 595
f 590 595 596
f 596 595 601
f 596 601 602
f 591 590 596
f 596 597 591
f 583 591 592
f 583 592 584
f 584 592 662
f 662 592 671
f 662 671 672
f 598 597 603
f 608 701 690
f 608 690 603
f 699 713 606
f 606 713 700
f 606 700 607
f 607 700 701
f 663 672 673
f 663 673 664
f 598 682 671
f 671 682 683
f 671 683 672
f 671 592 598
f 598 592 591
f 598 591 597
f 597 596 603
f 603 596 602
f 603 602 608
f 668 679 680
f 668 680 669
f 594 595 588
f 588 595 589
f 776 688 772
f 772 688 679
f 680 679 688
f 680 688 689
f 689 688 697
f 697 688 696
f 776 780 696
f 775 779 776
f 776 779 780
f 696 780 781
f 711 697 710
f 710 697 696
f 696 781 786
f 670 669 681
f 681 669 680
f 681 680 594
f 594 680 689
f 594 689 600
f 600 689 599
f 600 689 697
f 600 697 605
f 605 697 698
f 601 600 606
f 606 605 698
f 595 594 600
f 595 600 601
f 600 605 606
f 681 594 588
f 681 588 670
f 696 688 776
f 711 712 697
f 697 712 698
f 698 713 699
f 565 571 572
f 572 581 582
f 573 572 582
f 679 668 768
f 679 768 772
f 698 699 606
f 481 480 497
f 497 480 496
f 496 495 504
f 573 582 574
f 574 582 583
f 574 583 575
f 575 583 584
f 575 584 650
f 639 650 651
f 639 651 640
f 640 651 652
f 572 571 581
f 601 606 602
f 602 606 607
f 602 607 608
f 608 607 701
f 111 737 118
f 118 737 753
f 118 406 227
f 227 406 361
f 406 118 478
f 478 118 753
f 227 361 232
f 753 546 478
f 234 232 302
f 758 621 753
f 753 621 546
f 232 361 302
f 621 758 761
f 302 301 234
f 588 580 445
f 445 580 571
f 445 479 409
f 445 571 565
f 445 495 479
f 565 504 445
f 445 504 495
f 668 669 444
f 444 669 445
f 445 669 670
f 445 670 588
f 444 768 668
f 768 444 767
f 767 444 443
f 767 443 438
f 767 438 764
f 438 430 503
f 659 764 438
f 438 503 562
f 438 647 659
f 562 647 438
f 432 408 407
f 423 431 382
f 423 382 375
f 375 382 424
f 440 436 439
f 439 436 385
f 439 385 435
f 407 425 432
f 432 425 424
f 432 424 436
f 436 424 382
f 436 382 385
f 410 480 481
f 410 481 411
f 548 622 549
f 482 547 548
f 548 483 482
f 479 495 480
f 482 481 547
f 548 559 629
f 700 714 701
f 683 684 673
f 768 767 772
f 772 767 771
f 710 786 711
f 714 715 701
f 702 691 701
f 786 781 780
f 775 776 772
f 772 771 775
f 780 785 786
f 701 691 690
f 691 683 682
f 630 548 629
f 672 683 673
f 630 622 548
f 480 410 409
f 480 409 479
f 449 47 450
f 450 47 48
f 448 47 449
f 60 46 452
f 452 46 448
f 448 46 47
f 74 60 452
f 457 74 452
f 88 462 463
f 88 87 462
f 462 87 457
f 457 87 74
f 464 89 463
f 463 89 88
f 465 90 464
f 464 90 89
f 458 77 465
f 77 90 465
f 459 78 458
f 458 78 77
f 454 64 459
f 459 64 78
f 453 64 454
f 451 49 63
f 451 63 453
f 453 63 64
f 450 48 451
f 451 48 49
f 451 49 450
f 450 49 48
f 463 88 464
f 464 88 89
f 448 46 60
f 448 60 452
f 450 48 449
f 449 48 47
f 62 48 49
f 62 47 48
f 61 60 46
f 61 46 47
f 61 47 62
f 60 75 74
f 89 88 76
f 76 90 89
f 78 77 64
f 77 63 64
f 77 76 62
f 77 62 63
f 63 62 49
f 87 74 88
f 88 74 75
f 88 75 76
f 77 90 76
f 62 76 75
f 62 75 61
f 61 75 60
f 439 438 443
f 439 443 444
f 440 439 445
f 445 439 444
f 408 432 445
f 408 445 409
f 440 445 432
f 276 707 721
f 276 721 281
f 281 721 733
f 609 526 707
f 276 340 526
f 276 526 707
f 518 693 269
f 269 693 273
f 585 665 593
f 593 665 693
f 593 693 518
f 665 585 511
f 765 762 657
f 694 777 686
f 686 777 773
f 773 657 645
f 773 769 657
f 657 769 765
f 686 773 677
f 677 773 666
f 666 773 657
f 773 645 560
f 39 161 24
f 24 161 170
f 161 39 54
f 161 54 149
f 149 54 258
f 569 576 560
f 379 383 428
f 428 383 433
f 472 470 398
f 398 470 396
f 470 472 538
f 538 472 613
f 747 610 613
f 428 433 506
f 428 506 569
f 472 747 613
f 540 615 472
f 472 615 747
f 428 569 560
f 428 560 501
f 657 773 560
f 657 560 576
f 383 379 327
f 327 379 264
f 54 183 177
f 54 177 170
f 54 170 258
f 258 170 264
f 294 354 398
f 398 291 294
f 352 398 396
f 352 291 398
f 398 291 221
f 291 284 221
f 221 284 210
f 210 284 203
f 210 203 93
f 196 189 203
f 203 189 67
f 258 264 379
f 258 379 323
f 93 203 67
f 93 67 80
f 610 747 734
f 734 793 722
f 722 793 787
f 722 787 708
f 708 787 782
f 708 782 694
f 694 782 777
f 538 539 471
f 538 471 470
f 470 471 397
f 470 397 396
f 396 397 353
f 396 353 352
f 352 353 292
f 352 292 291
f 291 292 285
f 291 285 284
f 284 285 204
f 284 204 203
f 203 204 197
f 203 197 196
f 196 197 190
f 196 190 189
f 189 190 184
f 189 184 183
f 183 184 178
f 183 178 177
f 177 178 171
f 177 171 170
f 170 171 265
f 170 265 264
f 264 265 328
f 264 328 327
f 327 328 384
f 327 384 383
f 383 384 434
f 383 434 433
f 433 434 507
f 433 507 506
f 506 507 570
f 506 570 569
f 569 570 577
f 569 577 576
f 576 577 658
f 576 658 657
f 657 658 667
f 657 667 666
f 666 667 678
f 666 678 677
f 677 678 687
f 677 687 686
f 686 687 695
f 686 695 694
f 694 695 709
f 694 709 708
f 708 709 723
f 708 723 722
f 722 723 735
f 722 735 734
f 734 735 611
f 734 611 610
f 610 611 614
f 610 614 613
f 613 614 539
f 613 539 538
f 723 709 197
f 197 709 695
f 197 695 190
f 190 695 687
f 190 687 184
f 184 687 678
f 184 678 178
f 434 678 667
f 353 397 204
f 204 397 197
f 197 397 471
f 197 471 539
f 197 735 723
f 434 667 658
f 434 658 507
f 434 384 678
f 678 384 328
f 197 539 614
f 658 577 570
f 265 171 678
f 678 171 178
f 353 204 285
f 353 285 292
f 614 611 197
f 197 611 735
f 658 570 507
f 678 328 265
f 428 429 379
f 379 429 380
f 777 778 773
f 773 778 774
f 398 399 472
f 472 399 473
f 54 55 183
f 183 55 184
f 189 190 67
f 67 190 68
f 421 420 491
f 491 420 490
f 420 421 374
f 420 374 373
f 420 419 490
f 490 419 489
f 489 488 490
f 319 320 427
f 498 319 427
f 498 427 499
f 319 250 251
f 320 319 251
f 499 427 500
f 321 322 378
f 427 320 321
f 427 321 378
f 315 373 374
f 498 499 490
f 498 490 488
f 319 250 313
f 313 250 244
f 315 321 314
f 314 321 320
f 314 320 319
f 314 319 313
f 374 378 315
f 315 378 321
f 378 374 421
f 378 421 427
f 427 421 491
f 427 491 500
f 500 491 490
f 500 490 499
f 277 522 273
f 277 523 522
f 523 277 524
f 524 277 278
f 524 278 394
f 524 394 455
f 455 525 524
f 523 524 339
f 523 339 338
f 456 392 524
f 524 392 339
f 456 524 525
f 456 525 455
f 523 338 522
f 522 338 275
f 275 274 522
f 522 274 273
f 391 339 392
f 275 338 391
f 338 339 391
f 394 278 391
f 391 278 274
f 394 391 392
f 394 392 456
f 394 456 455
f 275 391 274
f 266 511 512
f 266 512 267
f 267 512 333
f 388 513 514
f 513 388 512
f 512 388 334
f 512 334 333
f 441 388 514
f 518 269 519
f 271 336 270
f 270 336 447
f 270 447 269
f 447 446 520
f 520 446 521
f 519 269 447
f 519 447 520
f 447 336 337
f 447 337 390
f 441 442 389
f 441 389 388
f 519 520 513
f 519 513 512
f 518 511 593
f 593 511 585
f 519 512 518
f 518 512 511
f 390 389 442
f 390 442 447
f 447 442 441
f 447 441 446
f 446 441 514
f 446 514 521
f 521 514 513
f 521 513 520
f 334 336 268
f 268 336 271
f 335 388 389
f 334 268 333
f 333 268 267
f 388 335 334
f 335 389 337
f 337 389 390
f 334 335 336
f 336 335 337
f 287 534 612
f 348 534 287
f 288 395 468
f 468 537 287
f 468 287 288
f 534 348 535
f 535 348 536
f 536 348 537
f 537 348 287
f 282 288 287
f 282 287 281
f 466 467 347
f 531 532 347
f 466 467 532
f 530 347 346
f 530 346 345
f 532 466 347
f 347 530 531
f 533 466 532
f 345 282 530
f 530 282 281
f 530 534 535
f 530 535 531
f 349 345 350
f 350 345 346
f 395 351 469
f 349 350 395
f 395 350 351
f 350 346 351
f 351 346 347
f 351 347 469
f 469 347 467
f 395 469 468
f 349 395 288
f 282 345 288
f 288 345 349
f 535 536 531
f 531 536 532
f 469 467 466
f 469 466 468
f 468 466 533
f 468 533 537
f 537 533 532
f 537 532 536
f 340 526 527
f 340 527 341
f 393 528 529
f 528 393 527
f 527 393 341
f 529 460 393
f 341 342 461
f 341 461 340
f 528 460 529
f 527 340 461
f 527 461 528
f 528 461 460
f 461 342 343
f 461 343 460
f 276 277 340
f 277 341 340
f 341 393 342
f 460 461 393
f 343 393 461
f 393 343 342
f 511 266 513
f 441 387 388
f 266 387 441
f 266 441 514
f 266 514 513
f 437 386 509
f 509 386 332
f 509 332 508
f 331 330 508
f 508 332 331
f 262 261 330
f 329 508 261
f 261 508 330
f 509 510 437
f 330 331 386
f 386 331 332
f 387 266 388
f 388 266 267
f 386 388 330
f 330 388 267
f 330 267 262
f 508 511 513
f 508 513 509
f 388 386 437
f 388 437 441
f 441 437 510
f 441 510 514
f 514 510 509
f 514 509 513
f 432 436 440
f 628 432 637
f 637 432 440
f 637 440 649
f 661 517 588
f 661 440 517
f 432 628 556
f 432 556 426
f 661 649 440
f 426 556 494
f 440 436 649
f 661 580 440
f 556 564 436
f 436 564 637
f 436 637 649
f 494 432 426
f 432 494 436
f 494 556 436
f 440 580 517
f 556 628 564
f 564 628 637
f 580 588 517
f 661 588 580
f 636 648 493
f 493 648 423
f 439 385 648
f 648 385 382
f 648 382 431
f 648 431 423
f 636 493 555
f 636 555 627
f 648 660 439
f 439 660 587
f 439 587 516
f 430 438 578
f 578 438 515
f 578 515 586
f 430 578 422
f 422 578 659
f 422 659 647
f 635 492 422
f 422 647 635
f 492 635 554
f 635 562 554
f 660 579 587
f 563 636 627
f 563 627 555
f 587 586 515
f 587 515 516
f 516 515 438
f 516 438 439
f 578 586 579
f 579 586 587
f 423 431 422
f 422 431 430
f 423 422 492
f 423 492 493
f 493 492 554
f 493 554 555
f 555 554 562
f 555 562 563
f 563 562 635
f 563 635 636
f 636 635 647
f 636 647 648
f 648 647 659
f 648 659 660
f 660 659 578
f 660 578 579
f 442 388 441
f 377 373 374
f 377 374 378
f 900 896 899
f 899 896 895
f 896 900 895
f 895 900 899
f 893 897 894
f 894 897 898
f 897 893 898
f 898 893 894
f 902 898 901
f 901 898 897
f 899 903 900
f 900 903 904
f 903 899 904
f 904 899 900
f 903 879 880
f 903 880 904
f 879 903 902
f 879 902 901
f 843 847 867
f 843 867 863
f 862 866 846
f 862 846 842
f 842 827 862
f 862 827 901
f 902 862 901
f 828 843 863
f 828 863 904
f 904 863 903
f 903 863 902
f 902 863 862
f 827 842 828
f 828 842 843
f 901 897 902
f 902 897 898
f 814 813 816
f 816 813 815
f 816 815 828
f 828 815 827
f 897 893 877
f 877 893 875
f 878 876 900
f 900 876 896
f 900 896 878
f 878 896 876
f 880 828 904
f 826 814 828
f 814 816 828
f 815 813 827
f 813 825 827
f 827 879 901
f 877 875 897
f 897 875 893
f 901 877 897
f 879 859 877
f 879 877 901
f 809 823 813
f 813 823 825
f 859 879 839
f 839 879 827
f 827 825 839
f 861 879 827
f 827 879 859
f 827 859 839
f 827 841 861
f 864 880 861
f 861 880 879
f 845 846 865
f 847 843 844
f 848 847 844
f 843 842 841
f 841 842 846
f 846 845 841
f 848 868 847
f 868 867 847
f 865 866 861
f 866 862 861
f 861 862 864
f 862 863 864
f 864 863 867
f 864 867 868
f 846 866 865
f 809 812 813
f 813 812 814
f 813 814 815
f 815 814 816
f 815 816 827
f 827 816 828
f 827 828 841
f 841 828 844
f 841 844 843
f 861 841 865
f 865 841 845
f 880 878 904
f 814 812 824
f 904 878 900
f 828 880 864
f 840 828 826
f 828 840 860
f 828 860 880
f 880 860 878
f 826 814 824
f 864 844 828
f 826 824 812
f 812 814 826
f 848 844 864
f 848 864 868
f 813 814 809
f 809 814 812
f 810 811 812
f 810 812 809
f 812 811 809
f 810 809 811
f 807 805 809
f 806 808 812
f 850 854 830
f 830 854 834
f 855 851 831
f 855 831 835
f 892 888 887
f 892 887 891
f 891 887 886
f 891 886 890
f 890 886 885
f 890 885 889
f 886 882 885
f 885 882 881
f 882 886 887
f 882 887 883
f 888 884 883
f 888 883 887
f 869 881 882
f 869 882 883
f 869 883 870
f 870 883 884
f 852 832 851
f 832 831 851
f 830 834 833
f 835 836 834
f 836 835 831
f 831 832 836
f 829 830 833
f 850 830 829
f 852 851 856
f 856 851 855
f 855 854 853
f 853 854 850
f 850 829 849
f 850 849 853
f 869 870 853
f 853 870 856
f 853 856 855
f 833 834 836
f 833 836 817
f 817 836 818
f 817 818 803
f 803 818 804
f 884 888 887
f 887 883 884
f 886 882 883
f 886 883 887
f 882 886 881
f 881 886 885
f 817 854 881
f 884 855 818
f 818 855 835
f 817 834 854
f 881 854 882
f 882 854 883
f 883 854 855
f 818 835 817
f 817 835 834
f 855 884 883
f 818 817 804
f 804 817 803
f 804 803 806
f 806 803 805
f 803 805 817
f 849 829 853
f 853 829 833
f 871 873 885
f 885 873 889
f 888 892 872
f 872 892 874
f 852 856 836
f 852 836 832
f 804 818 806
f 872 874 888
f 888 874 892
f 885 889 871
f 871 889 873
f 806 820 818
f 870 884 872
f 872 884 888
f 808 822 824
f 808 824 812
f 870 872 858
f 870 858 856
f 856 858 836
f 836 858 838
f 836 838 818
f 818 838 820
f 822 808 806
f 822 806 820
f 812 824 822
f 812 822 806
f 858 884 818
f 858 818 838
f 858 872 884
f 881 885 871
f 857 881 871
f 881 857 817
f 817 857 837
f 821 805 819
f 805 821 809
f 809 821 823
f 817 837 819
f 837 857 833
f 833 857 853
f 853 857 869
f 869 857 871
f 869 871 881
f 805 807 821
f 821 807 823
f 823 807 809
f 819 817 805
f 837 833 817
f 1154 1171 1153
f 1153 1171 1170
f 1167 1150 1166
f 1150 1131 1149
f 1150 1149 1166
f 1094 1093 1113
f 1148 1130 1147
f 1096 1095 1114
f 1096 1114 1115
f 1171 1169 1167
f 1150 1152 1154
f 1169 1171 1152
f 1152 1171 1154
f 1171 1167 1170
f 1170 1167 1166
f 1168 1151 1170
f 1170 1151 1153
f 1149 1151 1166
f 1166 1151 1168
f 1168 1170 1166
f 1153 1151 1152
f 1153 1152 1154
f 935 934 928
f 928 934 927
f 928 927 935
f 935 927 934
f 970 939 966
f 939 932 966
f 966 932 931
f 966 931 965
f 905 907 925
f 907 932 925
f 958 924 925
f 958 925 959
f 959 925 918
f 959 918 954
f 906 905 926
f 926 905 925
f 955 919 960
f 919 926 960
f 960 926 927
f 960 927 961
f 908 906 933
f 933 906 926
f 968 934 933
f 968 933 967
f 933 940 967
f 967 940 971
f 908 932 907
f 932 908 933
f 913 920 919
f 912 913 914
f 910 911 918
f 919 918 911
f 919 911 912
f 917 910 918
f 916 917 924
f 923 916 924
f 930 923 931
f 945 944 939
f 939 944 938
f 940 947 946
f 921 928 935
f 940 939 933
f 933 939 932
f 946 945 939
f 946 939 940
f 937 930 931
f 937 931 938
f 938 931 932
f 923 924 931
f 931 924 932
f 932 924 925
f 917 925 924
f 917 918 925
f 926 925 918
f 918 919 926
f 919 912 913
f 920 927 926
f 920 926 919
f 928 920 921
f 920 928 927
f 927 935 926
f 926 935 933
f 942 934 935
f 935 934 933
f 921 920 919
f 941 947 940
f 942 941 940
f 942 940 934
f 934 940 933
f 938 932 939
f 1009 987 984
f 1035 1053 1052
f 1038 1058 1041
f 1038 1056 1058
f 1056 1038 1057
f 1039 1073 1038
f 1038 1073 1057
f 1051 1067 1039
f 1039 1067 1073
f 1051 1088 1067
f 1052 1089 1051
f 1051 1089 1088
f 1069 1090 1053
f 1089 1052 1090
f 1090 1052 1053
f 975 974 949
f 912 976 911
f 911 976 975
f 911 975 949
f 911 949 910
f 910 949 953
f 910 953 917
f 952 916 917
f 916 952 980
f 916 952 957
f 916 957 923
f 987 964 957
f 923 957 964
f 923 964 930
f 1009 1006 1024
f 1043 1026 1024
f 1024 1026 1009
f 1002 1021 1006
f 1006 1021 1024
f 1020 1035 1019
f 1019 1035 1052
f 1041 1043 1024
f 1041 1024 1038
f 1038 1024 1021
f 1038 1021 1002
f 1038 1002 1039
f 1039 1002 1003
f 1039 1003 1022
f 1039 1022 1051
f 1051 1022 1018
f 1051 1018 1052
f 1052 1018 1019
f 981 953 974
f 974 953 949
f 984 987 957
f 984 957 980
f 980 957 952
f 1002 980 981
f 981 980 952
f 981 952 953
f 953 952 917
f 976 1020 975
f 975 1020 1019
f 975 1019 974
f 974 1019 1018
f 974 1018 981
f 981 1018 1022
f 981 1022 1002
f 1002 1022 1003
f 1002 1003 980
f 980 1002 984
f 984 1002 1006
f 984 1006 1009
f 1071 1055 1054
f 1070 1091 1071
f 1070 1054 1053
f 1070 1053 1069
f 1071 1054 1070
f 976 912 950
f 977 913 912
f 977 912 976
f 951 914 913
f 951 913 978
f 978 913 977
f 1054 1055 1037
f 1001 1000 1037
f 1037 1000 1054
f 1020 1053 999
f 999 1053 1000
f 1000 977 976
f 1000 976 999
f 1001 978 1000
f 1000 978 977
f 1053 1054 1000
f 982 921 978
f 978 921 914
f 982 956 921
f 1116 1097 1075
f 1112 1116 1075
f 1092 1112 1071
f 1071 1112 1075
f 1091 1092 1071
f 914 951 978
f 1040 1023 982
f 1040 982 1037
f 1037 982 978
f 1037 978 1001
f 1075 1040 1071
f 1071 1040 1037
f 1071 1037 1055
f 1004 982 1023
f 962 921 956
f 962 928 921
f 928 962 985
f 985 1007 1025
f 982 1004 1007
f 1007 1004 1023
f 1007 1023 1042
f 1007 962 982
f 982 962 956
f 985 962 1007
f 1116 1117 1097
f 1097 1117 1099
f 1097 1099 1077
f 1097 1077 1075
f 1023 1040 1042
f 1042 1040 1075
f 1077 1042 1075
f 1099 1117 1077
f 1042 1025 1007
f 1057 1051 1056
f 1057 1067 1051
f 1088 1089 1067
f 1067 1089 1068
f 1068 1089 1069
f 1089 1090 1069
f 1090 1091 1069
f 1069 1091 1070
f 1091 1111 1112
f 1091 1112 1092
f 999 976 975
f 929 983 922
f 922 983 979
f 922 979 915
f 915 979 980
f 915 980 916
f 974 910 980
f 980 910 916
f 910 974 911
f 911 974 975
f 975 976 950
f 975 950 911
f 911 950 912
f 1019 1068 1069
f 1069 1053 1019
f 1019 1053 1020
f 1019 1020 999
f 1018 1067 1019
f 1019 1067 1068
f 1067 1018 1051
f 1034 1038 1056
f 1034 1056 1051
f 1026 1024 1008
f 1008 1024 1005
f 1008 1005 986
f 929 963 983
f 983 963 986
f 1051 1018 1034
f 1034 1018 998
f 1034 998 1038
f 1038 998 1002
f 1005 1024 1006
f 1006 1024 1002
f 1002 1024 1038
f 975 1019 999
f 986 1005 983
f 983 1005 1006
f 983 1006 979
f 979 1006 1002
f 979 1002 980
f 980 1002 998
f 980 998 974
f 974 998 1018
f 937 943 944
f 991 1012 1030
f 1030 1012 1047
f 1047 1062 1082
f 969 972 942
f 969 942 935
f 1016 1017 1050
f 1066 1065 1050
f 948 997 996
f 948 996 947
f 995 946 947
f 995 947 996
f 1015 1064 1033
f 1016 996 997
f 1016 997 1017
f 996 1016 995
f 995 1016 1015
f 1016 1065 1015
f 1015 1065 1064
f 1050 1065 1016
f 1109 1108 1087
f 1125 1109 1087
f 1122 1125 1082
f 1082 1125 1087
f 1104 1122 1082
f 1030 1047 991
f 942 972 991
f 942 991 997
f 942 997 948
f 991 1047 997
f 997 1047 1050
f 997 1050 1017
f 1047 1082 1050
f 1050 1082 1087
f 1050 1087 1066
f 1087 1086 1066
f 1086 1065 1066
f 1085 1064 1086
f 1086 1064 1065
f 1087 1108 1086
f 1032 1033 1064
f 1032 1064 1085
f 994 995 1015
f 946 995 994
f 994 945 946
f 944 945 994
f 994 993 944
f 992 937 993
f 993 937 944
f 937 992 990
f 937 990 936
f 936 990 989
f 936 989 929
f 929 989 986
f 929 986 963
f 1026 1045 1043
f 1063 1045 1048
f 1031 1063 1048
f 1063 1031 1083
f 1083 1031 1032
f 1083 1032 1084
f 1045 1011 1048
f 1048 1011 1013
f 1048 1013 1031
f 1026 1008 1009
f 1026 1009 1045
f 1045 1009 1011
f 1085 1084 1032
f 1032 994 1015
f 1032 1015 1033
f 994 1032 993
f 993 1032 1031
f 993 1031 992
f 992 1031 1013
f 992 1013 990
f 990 1013 1011
f 990 1011 989
f 989 1011 986
f 986 1011 1009
f 986 1009 1008
f 988 1010 969
f 991 1010 1012
f 991 972 969
f 991 969 1010
f 1045 1060 1059
f 1045 1059 1043
f 1063 1083 1060
f 1106 1105 1083
f 1083 1084 1106
f 1107 1106 1084
f 1124 1109 1125
f 1109 1124 1108
f 1010 1027 1044
f 1119 1122 1104
f 1119 1104 1100
f 1104 1079 1100
f 1100 1079 1119
f 1010 1044 1047
f 1010 1047 1012
f 1104 1082 1079
f 1079 1082 1062
f 1044 1079 1062
f 1044 1062 1047
f 1107 1084 1085
f 1085 1086 1107
f 1107 1086 1108
f 1045 1063 1060
f 969 935 988
f 1010 988 1027
f 1082 1122 1119
f 1119 1079 1082
f 1065 1086 1087
f 1087 1086 1124
f 1087 1124 1125
f 1016 1049 1050
f 972 942 948
f 972 948 973
f 1044 1027 988
f 997 1016 1050
f 997 1050 991
f 1050 1047 991
f 991 972 973
f 991 973 997
f 997 973 996
f 1044 988 1047
f 1047 988 991
f 988 969 991
f 1082 1079 1044
f 1082 1044 1047
f 1082 1047 1087
f 1087 1047 1050
f 1087 1050 1065
f 1065 1050 1049
f 929 930 936
f 936 930 937
f 938 944 937
f 910 909 916
f 922 915 916
f 930 929 923
f 923 929 922
f 916 923 922
f 917 916 910
f 1117 1116 1077
f 1036 1037 1054
f 1071 1112 1111
f 1071 1111 1070
f 1077 1116 1075
f 1025 1042 985
f 951 914 921
f 951 921 956
f 985 982 962
f 1036 1000 1037
f 1037 1000 978
f 1037 978 1040
f 1040 978 982
f 978 977 951
f 978 951 982
f 982 951 956
f 985 1042 982
f 982 1042 1040
f 1042 1077 1040
f 1040 1077 1075
f 1040 1075 1037
f 1037 1075 1071
f 1037 1071 1054
f 1134 1135 1118
f 1118 1135 1119
f 1111 1116 1112
f 1069 1090 1068
f 1068 1090 1089
f 1111 1112 1129
f 1111 1129 1128
f 1129 1112 1116
f 1116 1132 1129
f 1060 1029 1028
f 1061 1046 1060
f 1029 1060 1046
f 1061 1081 1101
f 920 911 912
f 947 946 941
f 941 946 945
f 920 912 913
f 914 921 920
f 914 920 913
f 937 930 916
f 916 930 923
f 917 910 920
f 920 910 911
f 942 948 941
f 941 948 947
f 941 945 944
f 941 944 938
f 1138 1122 1135
f 1135 1122 1119
f 1142 1125 1138
f 1138 1125 1122
f 1125 1142 1141
f 1125 1141 1124
f 1119 1117 1135
f 1135 1117 1133
f 1116 1132 1117
f 1117 1132 1133
f 1117 1119 1077
f 1077 1119 1079
f 1077 1079 1042
f 1042 1079 1044
f 1042 1044 1025
f 1025 1044 1010
f 1025 1010 985
f 985 1010 988
f 985 988 969
f 985 969 962
f 962 969 935
f 962 935 928
f 1041 1043 1058
f 1072 1057 1056
f 1072 1073 1057
f 1061 1081 1080
f 1061 1080 1060
f 1058 1043 1059
f 1078 1058 1059
f 1056 1076 1072
f 1083 1105 1101
f 1056 1058 1076
f 1076 1058 1078
f 1078 1059 1060
f 1083 1101 1081
f 1078 1060 1081
f 1081 1060 1080
f 1076 1073 1072
f 1093 1067 1073
f 1067 1093 1088
f 1134 1138 1135
f 1141 1142 1137
f 1137 1142 1134
f 1134 1142 1138
f 1133 1119 1135
f 1116 1119 1132
f 1132 1119 1133
f 1081 1060 1061
f 1081 1061 1083
f 1073 1057 1067
f 1127 1110 1126
f 1089 1088 1127
f 1127 1088 1110
f 1127 1090 1089
f 1127 1111 1090
f 1127 1128 1111
f 1145 1146 1127
f 1127 1146 1128
f 1127 1144 1145
f 1127 1143 1144
f 1127 1126 1143
f 1111 1091 1090
f 1128 1115 1111
f 1128 1131 1115
f 1146 1150 1128
f 1128 1150 1131
f 1145 1149 1150
f 1145 1150 1146
f 1149 1145 1166
f 1166 1145 1164
f 1166 1164 1163
f 1166 1163 1165
f 1165 1163 1144
f 1165 1144 1148
f 1148 1144 1147
f 1147 1144 1143
f 1147 1143 1126
f 1147 1126 1130
f 1130 1126 1113
f 1113 1126 1110
f 1113 1110 1093
f 1093 1110 1088
f 1089 1093 1088
f 1089 1094 1093
f 1111 1115 1096
f 1111 1096 1091
f 1091 1096 1095
f 1091 1095 1090
f 1090 1095 1094
f 1090 1094 1089
f 1164 1145 1144
f 1164 1144 1163
f 1078 1081 1076
f 1076 1081 1101
f 1076 1101 1098
f 1076 1098 1073
f 1073 1098 1093
f 1094 1074 1093
f 1073 1093 1074
f 1093 1098 1101
f 1093 1101 1113
f 1113 1101 1120
f 1136 1130 1120
f 1120 1130 1113
f 1155 1147 1136
f 1136 1147 1130
f 1172 1165 1156
f 1156 1165 1148
f 1156 1148 1155
f 1155 1148 1147
f 1157 1149 1173
f 1173 1149 1166
f 1173 1166 1172
f 1172 1166 1165
f 1158 1150 1157
f 1157 1150 1149
f 1137 1131 1158
f 1158 1131 1150
f 1121 1115 1137
f 1137 1115 1131
f 1102 1106 1101
f 1101 1106 1105
f 1101 1105 1123
f 1101 1123 1120
f 1120 1123 1139
f 1120 1139 1136
f 1136 1139 1159
f 1136 1159 1155
f 1155 1159 1160
f 1155 1160 1156
f 1156 1160 1174
f 1156 1174 1172
f 1172 1174 1175
f 1172 1175 1173
f 1173 1175 1161
f 1173 1161 1157
f 1157 1161 1162
f 1157 1162 1158
f 1158 1162 1141
f 1158 1141 1137
f 1137 1141 1124
f 1137 1124 1121
f 1174 1160 1161
f 1174 1161 1175
f 1121 1124 1108
f 1121 1108 1103
f 1084 1014 1108
f 1108 1014 1015
f 1108 1015 1016
f 1108 1107 1084
f 1159 1139 1160
f 1161 1141 1162
f 1107 1108 1124
f 1106 1123 1105
f 1140 1124 1141
f 1107 1124 1140
f 1140 1106 1107
f 1123 1106 1140
f 1140 1139 1123
f 1160 1139 1140
f 1140 1161 1160
f 1141 1161 1140
f 920 935 917
f 917 935 942
f 942 941 917
f 917 941 938
f 920 921 935
f 916 917 937
f 937 917 938
f 1387 1386 1385
f 1385 1386 1380
f 1385 1380 1379
f 1379 1380 1378
f 1379 1378 1373
f 1373 1378 1364
f 1373 1364 1359
f 1359 1364 1334
f 1359 1334 1330
f 1330 1334 1340
f 1330 1340 1335
f 1335 1340 1346
f 1335 1346 1341
f 1341 1346 1352
f 1341 1352 1347
f 1347 1352 1368
f 1347 1368 1367
f 1367 1368 1384
f 1367 1384 1383
f 1383 1384 1382
f 1383 1382 1381
f 1381 1382 1388
f 1381 1388 1387
f 1387 1388 1386
f 1346 1340 1366
f 1366 1368 1352
f 1366 1352 1346
f 1366 1384 1368
f 1366 1382 1384
f 1366 1388 1382
f 1380 1386 1366
f 1366 1386 1388
f 1366 1378 1380
f 1366 1364 1378
f 1340 1334 1366
f 1366 1334 1364
f 1341 1365 1335
f 1365 1359 1330
f 1365 1330 1335
f 1365 1373 1359
f 1365 1379 1373
f 1387 1385 1365
f 1365 1385 1379
f 1381 1387 1365
f 1365 1383 1381
f 1365 1367 1383
f 1341 1347 1365
f 1365 1347 1367
f 1210 1233 1232
f 1232 1209 1210
f 1210 1228 1233
f 1179 1185 1184
f 1185 1179 1180
f 1185 1180 1181
f 1185 1181 1186
f 1228 1229 1210
f 1211 1210 1229
f 1333 1363 1334
f 1334 1363 1364
f 1313 1340 1317
f 1317 1340 1346
f 1321 1351 1325
f 1325 1351 1350
f 1325 1350 1354
f 1325 1354 1324
f 1378 1364 1377
f 1364 1363 1377
f 1377 1363 1358
f 1377 1358 1372
f 1372 1358 1371
f 1371 1358 1357
f 1357 1328 1304
f 1179 1190 1191
f 1179 1191 1180
f 1180 1191 1181
f 1191 1192 1181
f 1194 1186 1181
f 1194 1181 1192
f 1204 1223 1206
f 1206 1223 1225
f 1211 1229 1228
f 1211 1228 1210
f 1254 1232 1233
f 1254 1233 1255
f 1317 1316 1313
f 1313 1316 1312
f 1313 1312 1340
f 1340 1312 1339
f 1346 1345 1316
f 1346 1316 1317
f 1321 1325 1320
f 1324 1320 1325
f 1333 1334 1339
f 1339 1334 1340
f 1361 1364 1362
f 1334 1364 1332
f 1332 1364 1361
f 1340 1334 1337
f 1337 1334 1332
f 1338 1340 1337
f 1340 1338 1346
f 1346 1338 1344
f 1343 1346 1344
f 1343 1345 1346
f 1345 1343 1349
f 1345 1349 1351
f 1351 1349 1350
f 1351 1350 1354
f 1377 1372 1375
f 1375 1372 1371
f 1376 1378 1377
f 1376 1377 1375
f 1376 1362 1378
f 1378 1362 1364
f 1220 1221 1202
f 1283 1305 1308
f 1283 1308 1286
f 1282 1304 1283
f 1283 1304 1305
f 1199 1191 1198
f 1198 1191 1190
f 1192 1191 1199
f 1200 1192 1199
f 1200 1194 1192
f 1241 1202 1221
f 1204 1202 1241
f 1243 1204 1241
f 1243 1223 1204
f 1247 1223 1243
f 1206 1225 1247
f 1247 1225 1223
f 1246 1206 1247
f 1211 1206 1246
f 1211 1250 1210
f 1250 1211 1246
f 1250 1228 1210
f 1255 1233 1250
f 1250 1233 1228
f 1321 1345 1351
f 1290 1312 1316
f 1290 1316 1294
f 1286 1308 1290
f 1290 1308 1312
f 1241 1221 1240
f 1262 1241 1240
f 1262 1240 1259
f 1240 1221 1220
f 1220 1216 1237
f 1236 1258 1237
f 1237 1258 1259
f 1237 1216 1236
f 1236 1216 1215
f 1240 1220 1237
f 1240 1237 1259
f 1198 1215 1199
f 1199 1215 1216
f 1199 1216 1220
f 1199 1220 1200
f 1200 1220 1202
f 1200 1202 1194
f 1274 1279 1250
f 1274 1250 1270
f 1241 1262 1263
f 1241 1263 1243
f 1243 1263 1267
f 1243 1267 1266
f 1243 1266 1246
f 1246 1266 1270
f 1246 1270 1250
f 1278 1254 1279
f 1279 1254 1255
f 1279 1255 1250
f 1246 1247 1243
f 1297 1321 1301
f 1301 1321 1300
f 1300 1321 1320
f 1300 1320 1324
f 1297 1294 1321
f 1294 1316 1321
f 1321 1316 1345
f 1300 1278 1301
f 1301 1278 1279
f 1301 1279 1297
f 1297 1279 1274
f 1297 1274 1294
f 1294 1274 1270
f 1294 1270 1316
f 1258 1282 1259
f 1259 1282 1283
f 1259 1283 1262
f 1262 1283 1286
f 1262 1286 1263
f 1263 1286 1267
f 1267 1286 1290
f 1267 1290 1266
f 1266 1290 1270
f 1270 1290 1294
f 1198 1190 1215
f 1339 1312 1308
f 1333 1339 1308
f 1304 1328 1329
f 1333 1308 1329
f 1329 1308 1305
f 1329 1305 1304
f 1363 1333 1358
f 1358 1333 1329
f 1358 1329 1357
f 1357 1329 1328
f 1232 1231 1209
f 1231 1230 1209
f 1209 1230 1208
f 1208 1230 1227
f 1177 1178 1183
f 1183 1178 1184
f 1184 1178 1179
f 1183 1182 1176
f 1183 1176 1177
f 1226 1227 1207
f 1207 1227 1208
f 1360 1331 1359
f 1359 1331 1330
f 1369 1355 1374
f 1374 1355 1360
f 1355 1369 1370
f 1355 1370 1356
f 1357 1327 1356
f 1357 1356 1371
f 1371 1356 1370
f 1327 1357 1303
f 1303 1357 1304
f 1303 1304 1282
f 1303 1282 1281
f 1281 1282 1258
f 1281 1258 1257
f 1190 1214 1215
f 1215 1214 1235
f 1215 1235 1236
f 1236 1235 1258
f 1258 1235 1257
f 1190 1189 1214
f 1189 1178 1177
f 1189 1177 1188
f 1176 1187 1188
f 1176 1188 1177
f 1222 1203 1205
f 1205 1224 1222
f 1231 1253 1230
f 1230 1253 1252
f 1253 1231 1232
f 1253 1232 1254
f 1187 1176 1182
f 1187 1182 1193
f 1178 1189 1190
f 1178 1190 1179
f 1374 1360 1359
f 1374 1359 1373
f 1314 1341 1335
f 1314 1335 1310
f 1348 1318 1322
f 1348 1322 1349
f 1349 1322 1353
f 1353 1322 1323
f 1323 1324 1353
f 1353 1324 1354
f 1330 1331 1335
f 1335 1331 1336
f 1335 1336 1310
f 1336 1311 1310
f 1310 1311 1314
f 1311 1315 1314
f 1314 1315 1341
f 1341 1315 1342
f 1322 1318 1319
f 1322 1319 1323
f 1323 1319 1324
f 1324 1319 1320
f 1359 1330 1332
f 1348 1349 1342
f 1342 1349 1343
f 1343 1341 1342
f 1344 1341 1343
f 1338 1335 1344
f 1344 1335 1341
f 1335 1338 1337
f 1332 1330 1337
f 1337 1330 1335
f 1361 1359 1332
f 1362 1359 1361
f 1349 1353 1350
f 1350 1353 1354
f 1374 1373 1376
f 1375 1371 1370
f 1375 1370 1369
f 1369 1374 1375
f 1375 1374 1376
f 1362 1376 1373
f 1359 1362 1373
f 1278 1300 1299
f 1311 1289 1315
f 1315 1289 1293
f 1318 1342 1315
f 1324 1323 1300
f 1249 1227 1230
f 1249 1230 1252
f 1208 1227 1249
f 1249 1207 1208
f 1207 1249 1245
f 1207 1245 1205
f 1205 1245 1244
f 1224 1205 1244
f 1242 1222 1244
f 1244 1222 1224
f 1201 1203 1218
f 1218 1203 1222
f 1187 1193 1195
f 1195 1193 1201
f 1196 1187 1195
f 1188 1187 1196
f 1197 1189 1188
f 1303 1281 1280
f 1280 1302 1303
f 1285 1307 1280
f 1280 1307 1302
f 1276 1273 1249
f 1269 1249 1273
f 1254 1278 1253
f 1253 1278 1277
f 1253 1277 1252
f 1252 1277 1276
f 1252 1276 1249
f 1269 1245 1249
f 1244 1245 1269
f 1244 1269 1242
f 1242 1269 1265
f 1260 1238 1264
f 1264 1238 1242
f 1264 1242 1265
f 1238 1260 1261
f 1238 1261 1239
f 1239 1261 1234
f 1234 1261 1256
f 1238 1218 1242
f 1242 1218 1222
f 1239 1218 1238
f 1213 1196 1219
f 1219 1196 1195
f 1219 1195 1201
f 1219 1201 1218
f 1188 1196 1197
f 1197 1196 1213
f 1197 1213 1214
f 1214 1213 1234
f 1214 1234 1235
f 1235 1234 1256
f 1235 1256 1257
f 1234 1213 1239
f 1239 1213 1219
f 1239 1219 1218
f 1281 1257 1280
f 1280 1257 1256
f 1280 1256 1285
f 1285 1256 1261
f 1285 1261 1260
f 1300 1323 1299
f 1299 1323 1319
f 1299 1319 1298
f 1298 1319 1318
f 1298 1318 1296
f 1315 1293 1318
f 1277 1278 1299
f 1277 1299 1276
f 1276 1299 1298
f 1276 1298 1273
f 1273 1298 1296
f 1273 1296 1269
f 1348 1342 1318
f 1296 1318 1293
f 1296 1293 1269
f 1269 1293 1265
f 1265 1293 1289
f 1265 1289 1264
f 1264 1289 1311
f 1264 1311 1260
f 1260 1311 1307
f 1260 1307 1285
f 1189 1197 1214
f 1307 1336 1331
f 1311 1336 1307
f 1327 1303 1302
f 1307 1331 1302
f 1302 1331 1326
f 1302 1326 1327
f 1331 1360 1326
f 1326 1360 1355
f 1326 1355 1327
f 1327 1355 1356
f 1207 1206 1211
f 1211 1210 1209
f 1211 1209 1207
f 1207 1209 1208
f 1182 1183 1193
f 1193 1183 1184
f 1185 1186 1194
f 1185 1194 1184
f 1184 1194 1193
f 1202 1201 1194
f 1194 1201 1193
f 1204 1203 1201
f 1204 1201 1202
f 1206 1205 1204
f 1204 1205 1203
f 1205 1206 1207
f 1287 1308 1309
f 1308 1287 1286
f 1286 1305 1308
f 1247 1225 1243
f 1243 1225 1223
f 1247 1211 1206
f 1228 1229 1250
f 1250 1229 1251
f 1251 1229 1211
f 1317 1295 1313
f 1313 1295 1291
f 1287 1309 1291
f 1291 1309 1313
f 1305 1286 1283
f 1283 1286 1259
f 1237 1262 1241
f 1217 1237 1221
f 1221 1237 1241
f 1200 1217 1202
f 1202 1217 1221
f 1199 1216 1200
f 1278 1277 1254
f 1278 1254 1255
f 1278 1255 1279
f 1243 1267 1247
f 1247 1267 1271
f 1324 1300 1325
f 1325 1300 1301
f 1325 1301 1321
f 1251 1247 1271
f 1251 1271 1275
f 1275 1271 1295
f 1275 1295 1297
f 1297 1295 1321
f 1247 1251 1211
f 1297 1274 1275
f 1275 1274 1250
f 1275 1250 1251
f 1200 1216 1217
f 1217 1216 1237
f 1237 1259 1262
f 1262 1259 1286
f 1263 1286 1287
f 1263 1287 1267
f 1267 1287 1291
f 1267 1291 1271
f 1271 1291 1295
f 1271 1295 1317
f 1295 1317 1321
f 1321 1317 1346
f 1321 1346 1345
f 1309 1334 1340
f 1309 1340 1313
f 1334 1309 1333
f 1333 1309 1308
f 1333 1308 1305
f 1333 1305 1329
f 1329 1305 1328
f 1328 1305 1304
f 1292 1314 1288
f 1288 1314 1310
f 1318 1342 1314
f 1314 1342 1341
f 1249 1226 1227
f 1248 1207 1249
f 1249 1207 1226
f 1244 1205 1248
f 1248 1205 1207
f 1195 1187 1201
f 1201 1187 1193
f 1285 1307 1302
f 1285 1302 1280
f 1284 1307 1285
f 1284 1306 1307
f 1277 1253 1254
f 1268 1244 1272
f 1272 1244 1248
f 1272 1248 1273
f 1273 1248 1249
f 1264 1242 1268
f 1268 1242 1244
f 1261 1234 1238
f 1234 1213 1212
f 1234 1212 1238
f 1238 1212 1218
f 1213 1196 1195
f 1213 1195 1212
f 1212 1195 1218
f 1218 1195 1201
f 1285 1261 1284
f 1284 1261 1260
f 1299 1323 1298
f 1298 1323 1322
f 1298 1322 1296
f 1296 1322 1318
f 1296 1318 1292
f 1292 1318 1314
f 1273 1296 1272
f 1272 1296 1292
f 1272 1292 1268
f 1268 1292 1264
f 1264 1292 1288
f 1264 1288 1310
f 1264 1310 1260
f 1260 1310 1306
f 1260 1306 1284
f 1335 1330 1306
f 1306 1310 1335
f 1330 1331 1360
f 1306 1330 1307
f 1307 1330 1331
f 1302 1326 1303
f 1303 1326 1327
f 1503 1501 1502
f 1503 1502 1526
f 1526 1525 1500
f 1526 1500 1503
f 1503 1504 1501
f 1525 1526 1547
f 1547 1526 1548
f 1547 1548 1565
f 1565 1548 1566
f 1565 1566 1583
f 1583 1599 1598
f 1598 1582 1583
f 1583 1582 1565
f 1615 1614 1597
f 1597 1614 1596
f 1596 1598 1597
f 1597 1598 1599
f 1625 1624 1609
f 1609 1624 1608
f 1606 1607 1622
f 1622 1607 1623
f 1607 1606 1590
f 1607 1590 1591
f 1624 1637 1623
f 1623 1645 1644
f 1623 1644 1640
f 1623 1643 1647
f 1647 1646 1623
f 1623 1640 1635
f 1609 1608 1592
f 1609 1592 1593
f 1637 1636 1623
f 1623 1636 1643
f 1623 1646 1645
f 1635 1634 1623
f 1541 1542 1560
f 1541 1560 1559
f 1575 1591 1590
f 1593 1592 1576
f 1593 1576 1577
f 1577 1576 1559
f 1577 1559 1560
f 1590 1574 1575
f 1575 1574 1558
f 1558 1574 1557
f 1558 1557 1536
f 1536 1557 1535
f 1626 1627 1624
f 1626 1624 1623
f 1627 1626 1612
f 1612 1626 1611
f 1612 1611 1613
f 1613 1611 1615
f 1615 1611 1610
f 1615 1610 1614
f 1507 1515 1514
f 1507 1514 1506
f 1484 1483 1475
f 1476 1484 1475
f 1477 1478 1485
f 1485 1478 1486
f 1510 1511 1517
f 1510 1517 1516
f 1506 1426 1507
f 1507 1426 1427
f 1507 1427 1515
f 1515 1427 1435
f 1515 1435 1514
f 1514 1435 1434
f 1514 1434 1506
f 1506 1434 1426
f 1515 1475 1507
f 1538 1476 1515
f 1515 1476 1475
f 1538 1484 1476
f 1538 1539 1484
f 1484 1539 1485
f 1539 1477 1485
f 1516 1478 1539
f 1539 1478 1477
f 1510 1478 1516
f 1510 1430 1511
f 1511 1430 1431
f 1511 1431 1517
f 1517 1431 1437
f 1517 1437 1516
f 1516 1437 1436
f 1516 1436 1510
f 1510 1436 1430
f 1479 1478 1436
f 1479 1436 1437
f 1486 1483 1485
f 1485 1483 1484
f 1435 1475 1474
f 1435 1474 1434
f 1440 1447 1446
f 1441 1447 1440
f 1442 1443 1449
f 1448 1442 1449
f 1492 1448 1493
f 1493 1448 1449
f 1490 1446 1491
f 1491 1446 1447
f 1475 1435 1427
f 1475 1427 1507
f 1515 1507 1529
f 1537 1515 1529
f 1538 1515 1537
f 1538 1537 1530
f 1530 1537 1529
f 1508 1530 1529
f 1507 1508 1529
f 1508 1509 1530
f 1530 1509 1531
f 1530 1531 1538
f 1538 1531 1539
f 1516 1539 1540
f 1540 1539 1532
f 1532 1539 1531
f 1516 1540 1532
f 1510 1516 1532
f 1510 1532 1531
f 1510 1531 1509
f 1436 1478 1430
f 1430 1478 1510
f 1487 1486 1478
f 1487 1478 1479
f 1474 1475 1482
f 1482 1475 1483
f 1482 1483 1487
f 1487 1483 1486
f 1496 1452 1490
f 1490 1452 1446
f 1482 1440 1446
f 1482 1446 1490
f 1441 1440 1483
f 1483 1440 1482
f 1491 1447 1441
f 1491 1441 1483
f 1486 1442 1448
f 1486 1448 1492
f 1443 1442 1487
f 1487 1442 1486
f 1493 1449 1443
f 1493 1443 1487
f 1449 1453 1497
f 1449 1497 1493
f 1453 1452 1497
f 1497 1452 1496
f 1496 1490 1491
f 1493 1497 1492
f 1496 1491 1492
f 1496 1492 1497
f 1459 1458 1453
f 1453 1458 1457
f 1453 1457 1452
f 1452 1457 1456
f 1416 1402 1474
f 1416 1474 1482
f 1416 1482 1420
f 1416 1434 1402
f 1402 1434 1474
f 1394 1416 1402
f 1394 1410 1416
f 1410 1394 1426
f 1395 1427 1394
f 1394 1427 1426
f 1507 1427 1395
f 1507 1395 1508
f 1508 1395 1396
f 1396 1397 1508
f 1508 1397 1509
f 1398 1430 1510
f 1398 1510 1397
f 1397 1510 1509
f 1403 1417 1399
f 1399 1417 1413
f 1413 1431 1399
f 1399 1431 1398
f 1398 1431 1430
f 1417 1403 1437
f 1437 1403 1479
f 1487 1479 1421
f 1421 1479 1417
f 1417 1479 1403
f 1420 1482 1440
f 1446 1420 1440
f 1487 1421 1443
f 1421 1449 1443
f 1449 1450 1453
f 1453 1450 1454
f 1450 1449 1494
f 1494 1449 1493
f 1445 1446 1452
f 1445 1452 1451
f 1487 1488 1493
f 1493 1488 1494
f 1446 1445 1489
f 1446 1489 1490
f 1481 1482 1490
f 1481 1490 1489
f 1483 1486 1491
f 1486 1492 1491
f 1446 1445 1439
f 1446 1439 1420
f 1439 1419 1420
f 1420 1419 1416
f 1416 1419 1401
f 1416 1401 1402
f 1392 1398 1397
f 1392 1397 1391
f 1389 1390 1396
f 1389 1396 1395
f 1402 1401 1394
f 1404 1403 1399
f 1404 1399 1400
f 1396 1390 1397
f 1397 1390 1391
f 1394 1401 1393
f 1417 1403 1404
f 1417 1404 1421
f 1421 1404 1422
f 1450 1449 1444
f 1444 1449 1421
f 1444 1421 1422
f 1444 1443 1450
f 1450 1443 1449
f 1440 1482 1439
f 1439 1482 1481
f 1445 1446 1440
f 1445 1440 1439
f 1451 1452 1446
f 1451 1446 1445
f 1426 1434 1425
f 1425 1434 1433
f 1416 1433 1434
f 1416 1415 1433
f 1415 1416 1409
f 1416 1410 1409
f 1417 1414 1413
f 1414 1417 1418
f 1437 1418 1417
f 1437 1438 1418
f 1437 1432 1438
f 1437 1431 1432
f 1487 1443 1488
f 1488 1443 1444
f 1452 1456 1455
f 1456 1457 1455
f 1452 1455 1451
f 1451 1495 1489
f 1489 1495 1521
f 1445 1451 1489
f 1489 1521 1519
f 1519 1481 1489
f 1519 1521 1545
f 1513 1519 1535
f 1535 1519 1543
f 1545 1543 1519
f 1544 1520 1542
f 1518 1542 1520
f 1520 1544 1546
f 1520 1546 1522
f 1454 1450 1494
f 1522 1498 1494
f 1494 1488 1520
f 1454 1494 1498
f 1520 1522 1494
f 1460 1458 1459
f 1460 1453 1454
f 1459 1453 1460
f 1561 1563 1578
f 1596 1594 1578
f 1535 1543 1561
f 1561 1543 1545
f 1558 1536 1535
f 1558 1557 1575
f 1575 1557 1574
f 1580 1596 1578
f 1545 1563 1580
f 1561 1545 1563
f 1563 1545 1578
f 1578 1545 1580
f 1626 1623 1607
f 1611 1626 1607
f 1611 1607 1591
f 1591 1575 1594
f 1591 1594 1611
f 1611 1594 1610
f 1558 1535 1557
f 1557 1535 1561
f 1557 1561 1574
f 1574 1561 1578
f 1574 1578 1575
f 1575 1578 1594
f 1610 1594 1596
f 1610 1596 1614
f 1607 1606 1623
f 1618 1619 1603
f 1647 1643 1642
f 1647 1642 1646
f 1640 1644 1641
f 1641 1644 1645
f 1622 1623 1606
f 1624 1621 1633
f 1624 1633 1637
f 1608 1605 1621
f 1624 1608 1621
f 1619 1631 1632
f 1632 1620 1619
f 1603 1619 1620
f 1630 1618 1629
f 1629 1618 1617
f 1618 1630 1619
f 1619 1630 1631
f 1602 1618 1603
f 1601 1617 1602
f 1602 1617 1618
f 1635 1628 1634
f 1634 1628 1616
f 1634 1616 1623
f 1641 1645 1642
f 1642 1645 1646
f 1637 1633 1636
f 1636 1633 1632
f 1636 1632 1642
f 1642 1632 1631
f 1642 1631 1639
f 1642 1639 1641
f 1641 1639 1638
f 1641 1638 1630
f 1641 1630 1635
f 1635 1630 1629
f 1635 1629 1628
f 1621 1620 1632
f 1629 1617 1616
f 1633 1621 1632
f 1639 1631 1638
f 1638 1631 1630
f 1628 1629 1616
f 1643 1636 1642
f 1640 1641 1635
f 1623 1616 1607
f 1607 1616 1600
f 1620 1604 1603
f 1605 1604 1621
f 1621 1604 1620
f 1616 1617 1600
f 1600 1617 1601
f 1585 1569 1568
f 1588 1572 1571
f 1419 1415 1401
f 1418 1422 1404
f 1519 1513 1481
f 1473 1426 1425
f 1473 1425 1433
f 1465 1466 1426
f 1431 1471 1472
f 1431 1472 1432
f 1472 1438 1432
f 1406 1407 1391
f 1391 1407 1392
f 1392 1407 1408
f 1392 1408 1398
f 1398 1408 1412
f 1398 1412 1399
f 1399 1412 1413
f 1406 1423 1407
f 1407 1423 1424
f 1407 1424 1430
f 1407 1430 1412
f 1412 1430 1431
f 1412 1431 1413
f 1424 1429 1430
f 1418 1404 1414
f 1414 1404 1400
f 1414 1400 1413
f 1413 1400 1399
f 1444 1422 1418
f 1438 1444 1418
f 1463 1469 1464
f 1509 1469 1508
f 1508 1469 1463
f 1429 1469 1430
f 1430 1469 1470
f 1430 1470 1431
f 1431 1470 1471
f 1438 1480 1444
f 1444 1480 1488
f 1520 1488 1518
f 1480 1438 1472
f 1480 1518 1488
f 1469 1509 1470
f 1470 1509 1510
f 1470 1510 1471
f 1471 1510 1511
f 1471 1511 1512
f 1471 1512 1472
f 1472 1512 1480
f 1480 1512 1518
f 1577 1560 1573
f 1573 1560 1556
f 1573 1556 1555
f 1573 1555 1572
f 1572 1555 1554
f 1609 1593 1608
f 1608 1593 1592
f 1608 1592 1605
f 1605 1592 1589
f 1605 1589 1604
f 1604 1589 1588
f 1572 1588 1573
f 1573 1588 1589
f 1573 1589 1577
f 1577 1589 1592
f 1577 1592 1593
f 1551 1529 1550
f 1550 1529 1528
f 1550 1528 1549
f 1549 1528 1527
f 1549 1527 1557
f 1557 1527 1535
f 1560 1542 1556
f 1556 1542 1534
f 1556 1534 1555
f 1555 1534 1533
f 1555 1533 1554
f 1554 1533 1532
f 1554 1532 1553
f 1553 1532 1531
f 1553 1531 1552
f 1552 1531 1530
f 1552 1530 1551
f 1551 1530 1529
f 1601 1585 1600
f 1600 1585 1584
f 1600 1584 1607
f 1607 1584 1591
f 1574 1590 1591
f 1574 1591 1567
f 1567 1591 1584
f 1567 1584 1568
f 1568 1584 1585
f 1603 1587 1602
f 1602 1587 1586
f 1602 1586 1601
f 1601 1586 1585
f 1603 1604 1588
f 1603 1588 1587
f 1587 1588 1571
f 1587 1571 1586
f 1586 1571 1570
f 1586 1570 1569
f 1586 1569 1585
f 1569 1551 1568
f 1568 1551 1550
f 1568 1550 1567
f 1567 1550 1549
f 1567 1549 1574
f 1574 1549 1557
f 1419 1439 1433
f 1433 1415 1419
f 1401 1415 1393
f 1393 1415 1409
f 1393 1409 1394
f 1394 1409 1410
f 1473 1433 1481
f 1481 1433 1439
f 1465 1426 1473
f 1395 1394 1410
f 1395 1410 1411
f 1411 1410 1426
f 1411 1426 1427
f 1391 1390 1406
f 1427 1423 1406
f 1427 1406 1405
f 1405 1406 1389
f 1390 1389 1406
f 1408 1407 1412
f 1466 1427 1426
f 1506 1466 1505
f 1505 1466 1465
f 1505 1465 1513
f 1513 1465 1473
f 1513 1473 1481
f 1465 1466 1473
f 1395 1411 1405
f 1427 1466 1467
f 1467 1466 1506
f 1467 1506 1507
f 1467 1507 1468
f 1507 1508 1468
f 1468 1508 1463
f 1463 1464 1424
f 1424 1423 1463
f 1463 1423 1468
f 1468 1423 1428
f 1468 1428 1467
f 1464 1469 1429
f 1464 1429 1424
f 1428 1423 1427
f 1428 1427 1467
f 1572 1554 1571
f 1571 1554 1553
f 1571 1553 1570
f 1570 1553 1552
f 1570 1552 1569
f 1569 1552 1551
f 1529 1507 1528
f 1528 1507 1506
f 1528 1506 1527
f 1527 1506 1505
f 1527 1505 1535
f 1535 1505 1513
f 1542 1518 1534
f 1534 1518 1512
f 1534 1512 1533
f 1533 1512 1511
f 1533 1511 1532
f 1532 1511 1510
f 1427 1405 1411
f 1405 1389 1395
f 1544 1542 1560
f 1544 1562 1564
f 1544 1564 1546
f 1615 1597 1595
f 1615 1595 1613
f 1559 1576 1560
f 1576 1577 1560
f 1560 1562 1544
f 1608 1624 1612
f 1608 1612 1592
f 1592 1612 1595
f 1592 1595 1576
f 1576 1595 1577
f 1577 1595 1579
f 1577 1579 1560
f 1560 1579 1562
f 1579 1595 1597
f 1579 1597 1581
f 1581 1564 1579
f 1579 1564 1562
f 1613 1595 1612
f 1627 1612 1624
f 1458 1460 1457
f 1455 1457 1460
f 1500 1525 1499
f 1455 1461 1500
f 1500 1461 1503
f 1499 1455 1500
f 1451 1455 1495
f 1495 1523 1521
f 1523 1545 1521
f 1565 1582 1580
f 1580 1582 1598
f 1580 1598 1596
f 1565 1580 1563
f 1563 1545 1565
f 1525 1547 1523
f 1525 1523 1499
f 1499 1523 1495
f 1499 1495 1455
f 1523 1547 1545
f 1545 1547 1565
f 1502 1498 1524
f 1524 1522 1546
f 1498 1454 1524
f 1524 1498 1522
f 1502 1460 1498
f 1462 1460 1502
f 1502 1501 1462
f 1462 1501 1504
f 1564 1581 1566
f 1564 1566 1546
f 1597 1599 1581
f 1581 1599 1583
f 1581 1583 1566
f 1526 1502 1524
f 1526 1524 1548
f 1546 1566 1548
f 1546 1548 1524
f 1454 1498 1460
f 1455 1460 1462
f 1504 1461 1455
f 1504 1455 1462
f 1504 1503 1461
f 1655 1785 1777
f 1682 1655 1777
f 1777 1776 1682
f 1776 1681 1682
f 1785 1655 1784
f 1784 1655 1654
f 1650 1780 1652
f 1652 1780 1782
f 1652 1782 1653
f 1653 1782 1783
f 1653 1783 1654
f 1654 1783 1784
f 1664 1690 1685
f 1664 1685 1706
f 1664 1706 1720
f 1664 1738 1754
f 1664 1659 1690
f 1720 1733 1664
f 1664 1733 1738
f 1664 1754 1759
f 1778 1648 1649
f 1649 1779 1778
f 1779 1649 1668
f 1779 1668 1763
f 1763 1668 1663
f 1763 1663 1758
f 1758 1663 1664
f 1758 1664 1759
f 1648 1778 1651
f 1651 1778 1781
f 1651 1781 1780
f 1651 1780 1650
f 1702 1681 1776
f 1776 1750 1702
f 1750 1701 1702
f 1701 1750 1749
f 1701 1730 1716
f 1701 1749 1730
f 1745 1727 1746
f 1750 1730 1749
f 1729 1715 1716
f 1716 1730 1729
f 1746 1747 1770
f 1745 1746 1767
f 1767 1746 1770
f 1744 1745 1764
f 1764 1745 1767
f 1764 1767 1765
f 1765 1767 1768
f 1728 1747 1746
f 1746 1727 1728
f 1745 1744 1727
f 1714 1728 1727
f 1755 1741 1740
f 1740 1741 1735
f 1734 1740 1735
f 1736 1731 1718
f 1736 1718 1735
f 1735 1718 1722
f 1725 1712 1726
f 1726 1712 1713
f 1725 1711 1712
f 1710 1723 1724
f 1710 1709 1723
f 1723 1709 1711
f 1723 1711 1725
f 1718 1717 1722
f 1724 1740 1721
f 1721 1740 1734
f 1722 1708 1707
f 1721 1722 1707
f 1708 1722 1703
f 1703 1722 1717
f 1703 1717 1704
f 1704 1717 1718
f 1721 1707 1724
f 1724 1707 1710
f 1780 1781 1762
f 1762 1781 1778
f 1723 1739 1742
f 1765 1744 1764
f 1766 1761 1760
f 1724 1723 1739
f 1742 1744 1743
f 1743 1744 1765
f 1743 1765 1760
f 1761 1756 1755
f 1755 1756 1741
f 1741 1756 1735
f 1757 1756 1761
f 1757 1761 1762
f 1760 1761 1755
f 1740 1743 1755
f 1755 1743 1760
f 1757 1752 1751
f 1751 1752 1735
f 1756 1757 1751
f 1751 1735 1756
f 1736 1735 1752
f 1742 1743 1740
f 1722 1721 1734
f 1722 1734 1735
f 1762 1761 1780
f 1780 1761 1766
f 1780 1766 1782
f 1782 1766 1769
f 1785 1784 1773
f 1773 1784 1771
f 1747 1748 1772
f 1772 1748 1774
f 1772 1774 1773
f 1773 1774 1775
f 1714 1715 1728
f 1728 1715 1729
f 1729 1730 1748
f 1748 1730 1750
f 1748 1750 1774
f 1774 1750 1776
f 1774 1776 1775
f 1775 1776 1777
f 1784 1783 1771
f 1771 1783 1769
f 1771 1769 1768
f 1768 1769 1765
f 1771 1772 1773
f 1768 1772 1771
f 1783 1782 1769
f 1769 1766 1765
f 1765 1766 1760
f 1742 1740 1739
f 1739 1740 1724
f 1727 1726 1713
f 1727 1713 1714
f 1777 1785 1775
f 1775 1785 1773
f 1768 1767 1772
f 1772 1767 1770
f 1772 1770 1747
f 1748 1747 1729
f 1729 1747 1728
f 1726 1727 1744
f 1726 1744 1725
f 1725 1744 1742
f 1725 1742 1723
f 1732 1738 1733
f 1732 1733 1719
f 1719 1733 1720
f 1738 1732 1737
f 1753 1754 1737
f 1738 1737 1754
f 1778 1779 1762
f 1762 1779 1763
f 1736 1752 1753
f 1731 1732 1718
f 1719 1718 1732
f 1732 1731 1737
f 1737 1731 1736
f 1763 1758 1757
f 1763 1757 1762
f 1757 1758 1752
f 1758 1759 1753
f 1759 1754 1753
f 1753 1737 1736
f 1719 1718 1705
f 1753 1752 1758
f 1648 1651 1650
f 1702 1701 1716
f 1699 1700 1714
f 1700 1715 1714
f 1698 1697 1675
f 1675 1697 1672
f 1697 1696 1672
f 1672 1696 1669
f 1672 1669 1670
f 1672 1670 1673
f 1661 1693 1687
f 1669 1696 1670
f 1696 1694 1670
f 1670 1694 1695
f 1670 1695 1665
f 1686 1687 1692
f 1692 1687 1693
f 1692 1693 1660
f 1660 1693 1661
f 1711 1694 1712
f 1712 1694 1696
f 1712 1696 1697
f 1713 1712 1697
f 1713 1697 1698
f 1714 1713 1698
f 1714 1698 1699
f 1691 1694 1711
f 1691 1711 1709
f 1692 1691 1709
f 1692 1709 1710
f 1692 1695 1694
f 1692 1694 1691
f 1687 1686 1707
f 1687 1707 1708
f 1662 1667 1666
f 1666 1667 1671
f 1708 1703 1687
f 1661 1662 1666
f 1657 1687 1688
f 1683 1688 1687
f 1683 1687 1704
f 1703 1704 1708
f 1708 1704 1687
f 1687 1656 1661
f 1671 1650 1674
f 1674 1650 1652
f 1674 1652 1676
f 1676 1652 1653
f 1676 1653 1678
f 1678 1653 1654
f 1678 1654 1655
f 1678 1655 1680
f 1680 1655 1682
f 1700 1699 1679
f 1679 1699 1677
f 1679 1677 1678
f 1679 1678 1680
f 1716 1715 1700
f 1716 1700 1702
f 1702 1700 1679
f 1702 1679 1681
f 1681 1679 1680
f 1681 1680 1682
f 1660 1661 1665
f 1665 1661 1666
f 1674 1673 1671
f 1665 1695 1692
f 1686 1692 1710
f 1686 1710 1707
f 1660 1665 1692
f 1678 1677 1676
f 1676 1677 1673
f 1699 1698 1675
f 1699 1675 1677
f 1677 1675 1672
f 1677 1672 1673
f 1656 1687 1657
f 1656 1657 1662
f 1656 1662 1661
f 1665 1666 1670
f 1670 1666 1671
f 1674 1676 1673
f 1667 1648 1650
f 1667 1650 1671
f 1670 1671 1673
f 1649 1648 1667
f 1690 1659 1658
f 1690 1658 1689
f 1705 1685 1684
f 1684 1685 1690
f 1684 1690 1689
f 1705 1706 1685
f 1719 1720 1706
f 1706 1705 1719
f 1664 1663 1659
f 1659 1663 1658
f 1668 1649 1667
f 1668 1667 1663
f 1663 1667 1662
f 1718 1719 1704
f 1704 1719 1705
f 1684 1704 1705
f 1684 1689 1688
f 1684 1688 1683
f 1684 1683 1704
f 1662 1657 1663
f 1663 1657 1658
f 1657 1688 1689
f 1658 1657 1689
f 1883 1879 1882
f 1882 1879 1878
f 1879 1883 1878
f 1878 1883 1882
f 1876 1880 1877
f 1877 1880 1881
f 1880 1876 1881
f 1881 1876 1877
f 1885 1881 1884
f 1884 1881 1880
f 1882 1886 1883
f 1883 1886 1887
f 1886 1882 1887
f 1887 1882 1883
f 1886 1862 1863
f 1886 1863 1887
f 1862 1886 1885
f 1862 1885 1884
f 1826 1830 1850
f 1826 1850 1846
f 1845 1849 1829
f 1845 1829 1825
f 1825 1810 1845
f 1845 1810 1884
f 1885 1845 1884
f 1811 1826 1846
f 1811 1846 1887
f 1887 1846 1886
f 1886 1846 1885
f 1885 1846 1845
f 1810 1825 1811
f 1811 1825 1826
f 1884 1880 1885
f 1885 1880 1881
f 1797 1796 1799
f 1799 1796 1798
f 1799 1798 1811
f 1811 1798 1810
f 1880 1876 1860
f 1860 1876 1858
f 1861 1859 1883
f 1883 1859 1879
f 1883 1879 1861
f 1861 1879 1859
f 1863 1811 1887
f 1809 1797 1811
f 1797 1799 1811
f 1798 1796 1810
f 1796 1808 1810
f 1810 1862 1884
f 1860 1858 1880
f 1880 1858 1876
f 1884 1860 1880
f 1862 1842 1860
f 1862 1860 1884
f 1792 1806 1796
f 1796 1806 1808
f 1842 1862 1822
f 1822 1862 1810
f 1810 1808 1822
f 1844 1862 1810
f 1810 1862 1842
f 1810 1842 1822
f 1810 1824 1844
f 1847 1863 1844
f 1844 1863 1862
f 1828 1829 1848
f 1830 1826 1827
f 1831 1830 1827
f 1826 1825 1824
f 1824 1825 1829
f 1829 1828 1824
f 1831 1851 1830
f 1851 1850 1830
f 1848 1849 1844
f 1849 1845 1844
f 1844 1845 1847
f 1845 1846 1847
f 1847 1846 1850
f 1847 1850 1851
f 1829 1849 1848
f 1792 1795 1796
f 1796 1795 1797
f 1796 1797 1798
f 1798 1797 1799
f 1798 1799 1810
f 1810 1799 1811
f 1810 1811 1824
f 1824 1811 1827
f 1824 1827 1826
f 1844 1824 1848
f 1848 1824 1828
f 1863 1861 1887
f 1797 1795 1807
f 1887 1861 1883
f 1811 1863 1847
f 1823 1811 1809
f 1811 1823 1843
f 1811 1843 1863
f 1863 1843 1861
f 1809 1797 1807
f 1847 1827 1811
f 1809 1807 1795
f 1795 1797 1809
f 1831 1827 1847
f 1831 1847 1851
f 1796 1797 1792
f 1792 1797 1795
f 1793 1794 1795
f 1793 1795 1792
f 1795 1794 1792
f 1793 1792 1794
f 1790 1788 1792
f 1789 1791 1795
f 1833 1837 1813
f 1813 1837 1817
f 1838 1834 1814
f 1838 1814 1818
f 1875 1871 1870
f 1875 1870 1874
f 1874 1870 1869
f 1874 1869 1873
f 1873 1869 1868
f 1873 1868 1872
f 1869 1865 1868
f 1868 1865 1864
f 1865 1869 1870
f 1865 1870 1866
f 1871 1867 1866
f 1871 1866 1870
f 1852 1864 1865
f 1852 1865 1866
f 1852 1866 1853
f 1853 1866 1867
f 1835 1815 1834
f 1815 1814 1834
f 1813 1817 1816
f 1818 1819 1817
f 1819 1818 1814
f 1814 1815 1819
f 1812 1813 1816
f 1833 1813 1812
f 1835 1834 1839
f 1839 1834 1838
f 1838 1837 1836
f 1836 1837 1833
f 1833 1812 1832
f 1833 1832 1836
f 1852 1853 1836
f 1836 1853 1839
f 1836 1839 1838
f 1816 1817 1819
f 1816 1819 1800
f 1800 1819 1801
f 1800 1801 1786
f 1786 1801 1787
f 1867 1871 1870
f 1870 1866 1867
f 1869 1865 1866
f 1869 1866 1870
f 1865 1869 1864
f 1864 1869 1868
f 1800 1837 1864
f 1867 1838 1801
f 1801 1838 1818
f 1800 1817 1837
f 1864 1837 1865
f 1865 1837 1866
f 1866 1837 1838
f 1801 1818 1800
f 1800 1818 1817
f 1838 1867 1866
f 1801 1800 1787
f 1787 1800 1786
f 1787 1786 1789
f 1789 1786 1788
f 1786 1788 1800
f 1832 1812 1836
f 1836 1812 1816
f 1854 1856 1868
f 1868 1856 1872
f 1871 1875 1855
f 1855 1875 1857
f 1835 1839 1819
f 1835 1819 1815
f 1787 1801 1789
f 1855 1857 1871
f 1871 1857 1875
f 1868 1872 1854
f 1854 1872 1856
f 1789 1803 1801
f 1853 1867 1855
f 1855 1867 1871
f 1791 1805 1807
f 1791 1807 1795
f 1853 1855 1841
f 1853 1841 1839
f 1839 1841 1819
f 1819 1841 1821
f 1819 1821 1801
f 1801 1821 1803
f 1805 1791 1789
f 1805 1789 1803
f 1795 1807 1805
f 1795 1805 1789
f 1841 1867 1801
f 1841 1801 1821
f 1841 1855 1867
f 1864 1868 1854
f 1840 1864 1854
f 1864 1840 1800
f 1800 1840 1820
f 1804 1788 1802
f 1788 1804 1792
f 1792 1804 1806
f 1800 1820 1802
f 1820 1840 1816
f 1816 1840 1836
f 1836 1840 1852
f 1852 1840 1854
f 1852 1854 1864
f 1788 1790 1804
f 1804 1790 1806
f 1806 1790 1792
f 1802 1800 1788
f 1820 1816 1800
f 2137 2154 2136
f 2136 2154 2153
f 2150 2133 2149
f 2133 2114 2132
f 2133 2132 2149
f 2077 2076 2096
f 2131 2113 2130
f 2079 2078 2097
f 2079 2097 2098
f 2154 2152 2150
f 2133 2135 2137
f 2152 2154 2135
f 2135 2154 2137
f 2154 2150 2153
f 2153 2150 2149
f 2151 2134 2153
f 2153 2134 2136
f 2132 2134 2149
f 2149 2134 2151
f 2151 2153 2149
f 2136 2134 2135
f 2136 2135 2137
f 1918 1917 1911
f 1911 1917 1910
f 1911 1910 1918
f 1918 1910 1917
f 1953 1922 1949
f 1922 1915 1949
f 1949 1915 1914
f 1949 1914 1948
f 1888 1890 1908
f 1890 1915 1908
f 1941 1907 1908
f 1941 1908 1942
f 1942 1908 1901
f 1942 1901 1937
f 1889 1888 1909
f 1909 1888 1908
f 1938 1902 1943
f 1902 1909 1943
f 1943 1909 1910
f 1943 1910 1944
f 1891 1889 1916
f 1916 1889 1909
f 1951 1917 1916
f 1951 1916 1950
f 1916 1923 1950
f 1950 1923 1954
f 1891 1915 1890
f 1915 1891 1916
f 1896 1903 1902
f 1895 1896 1897
f 1893 1894 1901
f 1902 1901 1894
f 1902 1894 1895
f 1900 1893 1901
f 1899 1900 1907
f 1906 1899 1907
f 1913 1906 1914
f 1928 1927 1922
f 1922 1927 1921
f 1923 1930 1929
f 1904 1911 1918
f 1923 1922 1916
f 1916 1922 1915
f 1929 1928 1922
f 1929 1922 1923
f 1920 1913 1914
f 1920 1914 1921
f 1921 1914 1915
f 1906 1907 1914
f 1914 1907 1915
f 1915 1907 1908
f 1900 1908 1907
f 1900 1901 1908
f 1909 1908 1901
f 1901 1902 1909
f 1902 1895 1896
f 1903 1910 1909
f 1903 1909 1902
f 1911 1903 1904
f 1903 1911 1910
f 1910 1918 1909
f 1909 1918 1916
f 1925 1917 1918
f 1918 1917 1916
f 1904 1903 1902
f 1924 1930 1923
f 1925 1924 1923
f 1925 1923 1917
f 1917 1923 1916
f 1921 1915 1922
f 1992 1970 1967
f 2018 2036 2035
f 2021 2041 2024
f 2021 2039 2041
f 2039 2021 2040
f 2022 2056 2021
f 2021 2056 2040
f 2034 2050 2022
f 2022 2050 2056
f 2034 2071 2050
f 2035 2072 2034
f 2034 2072 2071
f 2052 2073 2036
f 2072 2035 2073
f 2073 2035 2036
f 1958 1957 1932
f 1895 1959 1894
f 1894 1959 1958
f 1894 1958 1932
f 1894 1932 1893
f 1893 1932 1936
f 1893 1936 1900
f 1935 1899 1900
f 1899 1935 1963
f 1899 1935 1940
f 1899 1940 1906
f 1970 1947 1940
f 1906 1940 1947
f 1906 1947 1913
f 1992 1989 2007
f 2026 2009 2007
f 2007 2009 1992
f 1985 2004 1989
f 1989 2004 2007
f 2003 2018 2002
f 2002 2018 2035
f 2024 2026 2007
f 2024 2007 2021
f 2021 2007 2004
f 2021 2004 1985
f 2021 1985 2022
f 2022 1985 1986
f 2022 1986 2005
f 2022 2005 2034
f 2034 2005 2001
f 2034 2001 2035
f 2035 2001 2002
f 1964 1936 1957
f 1957 1936 1932
f 1967 1970 1940
f 1967 1940 1963
f 1963 1940 1935
f 1985 1963 1964
f 1964 1963 1935
f 1964 1935 1936
f 1936 1935 1900
f 1959 2003 1958
f 1958 2003 2002
f 1958 2002 1957
f 1957 2002 2001
f 1957 2001 1964
f 1964 2001 2005
f 1964 2005 1985
f 1985 2005 1986
f 1985 1986 1963
f 1963 1985 1967
f 1967 1985 1989
f 1967 1989 1992
f 2054 2038 2037
f 2053 2074 2054
f 2053 2037 2036
f 2053 2036 2052
f 2054 2037 2053
f 1959 1895 1933
f 1960 1896 1895
f 1960 1895 1959
f 1934 1897 1896
f 1934 1896 1961
f 1961 1896 1960
f 2037 2038 2020
f 1984 1983 2020
f 2020 1983 2037
f 2003 2036 1982
f 1982 2036 1983
f 1983 1960 1959
f 1983 1959 1982
f 1984 1961 1983
f 1983 1961 1960
f 2036 2037 1983
f 1965 1904 1961
f 1961 1904 1897
f 1965 1939 1904
f 2099 2080 2058
f 2095 2099 2058
f 2075 2095 2054
f 2054 2095 2058
f 2074 2075 2054
f 1897 1934 1961
f 2023 2006 1965
f 2023 1965 2020
f 2020 1965 1961
f 2020 1961 1984
f 2058 2023 2054
f 2054 2023 2020
f 2054 2020 2038
f 1987 1965 2006
f 1945 1904 1939
f 1945 1911 1904
f 1911 1945 1968
f 1968 1990 2008
f 1965 1987 1990
f 1990 1987 2006
f 1990 2006 2025
f 1990 1945 1965
f 1965 1945 1939
f 1968 1945 1990
f 2099 2100 2080
f 2080 2100 2082
f 2080 2082 2060
f 2080 2060 2058
f 2006 2023 2025
f 2025 2023 2058
f 2060 2025 2058
f 2082 2100 2060
f 2025 2008 1990
f 2040 2034 2039
f 2040 2050 2034
f 2071 2072 2050
f 2050 2072 2051
f 2051 2072 2052
f 2072 2073 2052
f 2073 2074 2052
f 2052 2074 2053
f 2074 2094 2095
f 2074 2095 2075
f 1982 1959 1958
f 1912 1966 1905
f 1905 1966 1962
f 1905 1962 1898
f 1898 1962 1963
f 1898 1963 1899
f 1957 1893 1963
f 1963 1893 1899
f 1893 1957 1894
f 1894 1957 1958
f 1958 1959 1933
f 1958 1933 1894
f 1894 1933 1895
f 2002 2051 2052
f 2052 2036 2002
f 2002 2036 2003
f 2002 2003 1982
f 2001 2050 2002
f 2002 2050 2051
f 2050 2001 2034
f 2017 2021 2039
f 2017 2039 2034
f 2009 2007 1991
f 1991 2007 1988
f 1991 1988 1969
f 1912 1946 1966
f 1966 1946 1969
f 2034 2001 2017
f 2017 2001 1981
f 2017 1981 2021
f 2021 1981 1985
f 1988 2007 1989
f 1989 2007 1985
f 1985 2007 2021
f 1958 2002 1982
f 1969 1988 1966
f 1966 1988 1989
f 1966 1989 1962
f 1962 1989 1985
f 1962 1985 1963
f 1963 1985 1981
f 1963 1981 1957
f 1957 1981 2001
f 1920 1926 1927
f 1974 1995 2013
f 2013 1995 2030
f 2030 2045 2065
f 1952 1955 1925
f 1952 1925 1918
f 1999 2000 2033
f 2049 2048 2033
f 1931 1980 1979
f 1931 1979 1930
f 1978 1929 1930
f 1978 1930 1979
f 1998 2047 2016
f 1999 1979 1980
f 1999 1980 2000
f 1979 1999 1978
f 1978 1999 1998
f 1999 2048 1998
f 1998 2048 2047
f 2033 2048 1999
f 2092 2091 2070
f 2108 2092 2070
f 2105 2108 2065
f 2065 2108 2070
f 2087 2105 2065
f 2013 2030 1974
f 1925 1955 1974
f 1925 1974 1980
f 1925 1980 1931
f 1974 2030 1980
f 1980 2030 2033
f 1980 2033 2000
f 2030 2065 2033
f 2033 2065 2070
f 2033 2070 2049
f 2070 2069 2049
f 2069 2048 2049
f 2068 2047 2069
f 2069 2047 2048
f 2070 2091 2069
f 2015 2016 2047
f 2015 2047 2068
f 1977 1978 1998
f 1929 1978 1977
f 1977 1928 1929
f 1927 1928 1977
f 1977 1976 1927
f 1975 1920 1976
f 1976 1920 1927
f 1920 1975 1973
f 1920 1973 1919
f 1919 1973 1972
f 1919 1972 1912
f 1912 1972 1969
f 1912 1969 1946
f 2009 2028 2026
f 2046 2028 2031
f 2014 2046 2031
f 2046 2014 2066
f 2066 2014 2015
f 2066 2015 2067
f 2028 1994 2031
f 2031 1994 1996
f 2031 1996 2014
f 2009 1991 1992
f 2009 1992 2028
f 2028 1992 1994
f 2068 2067 2015
f 2015 1977 1998
f 2015 1998 2016
f 1977 2015 1976
f 1976 2015 2014
f 1976 2014 1975
f 1975 2014 1996
f 1975 1996 1973
f 1973 1996 1994
f 1973 1994 1972
f 1972 1994 1969
f 1969 1994 1992
f 1969 1992 1991
f 1971 1993 1952
f 1974 1993 1995
f 1974 1955 1952
f 1974 1952 1993
f 2028 2043 2042
f 2028 2042 2026
f 2046 2066 2043
f 2089 2088 2066
f 2066 2067 2089
f 2090 2089 2067
f 2107 2092 2108
f 2092 2107 2091
f 1993 2010 2027
f 2102 2105 2087
f 2102 2087 2083
f 2087 2062 2083
f 2083 2062 2102
f 1993 2027 2030
f 1993 2030 1995
f 2087 2065 2062
f 2062 2065 2045
f 2027 2062 2045
f 2027 2045 2030
f 2090 2067 2068
f 2068 2069 2090
f 2090 2069 2091
f 2028 2046 2043
f 1952 1918 1971
f 1993 1971 2010
f 2065 2105 2102
f 2102 2062 2065
f 2048 2069 2070
f 2070 2069 2107
f 2070 2107 2108
f 1999 2032 2033
f 1955 1925 1931
f 1955 1931 1956
f 2027 2010 1971
f 1980 1999 2033
f 1980 2033 1974
f 2033 2030 1974
f 1974 1955 1956
f 1974 1956 1980
f 1980 1956 1979
f 2027 1971 2030
f 2030 1971 1974
f 1971 1952 1974
f 2065 2062 2027
f 2065 2027 2030
f 2065 2030 2070
f 2070 2030 2033
f 2070 2033 2048
f 2048 2033 2032
f 1912 1913 1919
f 1919 1913 1920
f 1921 1927 1920
f 1893 1892 1899
f 1905 1898 1899
f 1913 1912 1906
f 1906 1912 1905
f 1899 1906 1905
f 1900 1899 1893
f 2100 2099 2060
f 2019 2020 2037
f 2054 2095 2094
f 2054 2094 2053
f 2060 2099 2058
f 2008 2025 1968
f 1934 1897 1904
f 1934 1904 1939
f 1968 1965 1945
f 2019 1983 2020
f 2020 1983 1961
f 2020 1961 2023
f 2023 1961 1965
f 1961 1960 1934
f 1961 1934 1965
f 1965 1934 1939
f 1968 2025 1965
f 1965 2025 2023
f 2025 2060 2023
f 2023 2060 2058
f 2023 2058 2020
f 2020 2058 2054
f 2020 2054 2037
f 2117 2118 2101
f 2101 2118 2102
f 2094 2099 2095
f 2052 2073 2051
f 2051 2073 2072
f 2094 2095 2112
f 2094 2112 2111
f 2112 2095 2099
f 2099 2115 2112
f 2043 2012 2011
f 2044 2029 2043
f 2012 2043 2029
f 2044 2064 2084
f 1903 1894 1895
f 1930 1929 1924
f 1924 1929 1928
f 1903 1895 1896
f 1897 1904 1903
f 1897 1903 1896
f 1920 1913 1899
f 1899 1913 1906
f 1900 1893 1903
f 1903 1893 1894
f 1925 1931 1924
f 1924 1931 1930
f 1924 1928 1927
f 1924 1927 1921
f 2121 2105 2118
f 2118 2105 2102
f 2125 2108 2121
f 2121 2108 2105
f 2108 2125 2124
f 2108 2124 2107
f 2102 2100 2118
f 2118 2100 2116
f 2099 2115 2100
f 2100 2115 2116
f 2100 2102 2060
f 2060 2102 2062
f 2060 2062 2025
f 2025 2062 2027
f 2025 2027 2008
f 2008 2027 1993
f 2008 1993 1968
f 1968 1993 1971
f 1968 1971 1952
f 1968 1952 1945
f 1945 1952 1918
f 1945 1918 1911
f 2024 2026 2041
f 2055 2040 2039
f 2055 2056 2040
f 2044 2064 2063
f 2044 2063 2043
f 2041 2026 2042
f 2061 2041 2042
f 2039 2059 2055
f 2066 2088 2084
f 2039 2041 2059
f 2059 2041 2061
f 2061 2042 2043
f 2066 2084 2064
f 2061 2043 2064
f 2064 2043 2063
f 2059 2056 2055
f 2076 2050 2056
f 2050 2076 2071
f 2117 2121 2118
f 2124 2125 2120
f 2120 2125 2117
f 2117 2125 2121
f 2116 2102 2118
f 2099 2102 2115
f 2115 2102 2116
f 2064 2043 2044
f 2064 2044 2066
f 2056 2040 2050
f 2110 2093 2109
f 2072 2071 2110
f 2110 2071 2093
f 2110 2073 2072
f 2110 2094 2073
f 2110 2111 2094
f 2128 2129 2110
f 2110 2129 2111
f 2110 2127 2128
f 2110 2126 2127
f 2110 2109 2126
f 2094 2074 2073
f 2111 2098 2094
f 2111 2114 2098
f 2129 2133 2111
f 2111 2133 2114
f 2128 2132 2133
f 2128 2133 2129
f 2132 2128 2149
f 2149 2128 2147
f 2149 2147 2146
f 2149 2146 2148
f 2148 2146 2127
f 2148 2127 2131
f 2131 2127 2130
f 2130 2127 2126
f 2130 2126 2109
f 2130 2109 2113
f 2113 2109 2096
f 2096 2109 2093
f 2096 2093 2076
f 2076 2093 2071
f 2072 2076 2071
f 2072 2077 2076
f 2094 2098 2079
f 2094 2079 2074
f 2074 2079 2078
f 2074 2078 2073
f 2073 2078 2077
f 2073 2077 2072
f 2147 2128 2127
f 2147 2127 2146
f 2061 2064 2059
f 2059 2064 2084
f 2059 2084 2081
f 2059 2081 2056
f 2056 2081 2076
f 2077 2057 2076
f 2056 2076 2057
f 2076 2081 2084
f 2076 2084 2096
f 2096 2084 2103
f 2119 2113 2103
f 2103 2113 2096
f 2138 2130 2119
f 2119 2130 2113
f 2155 2148 2139
f 2139 2148 2131
f 2139 2131 2138
f 2138 2131 2130
f 2140 2132 2156
f 2156 2132 2149
f 2156 2149 2155
f 2155 2149 2148
f 2141 2133 2140
f 2140 2133 2132
f 2120 2114 2141
f 2141 2114 2133
f 2104 2098 2120
f 2120 2098 2114
f 2085 2089 2084
f 2084 2089 2088
f 2084 2088 2106
f 2084 2106 2103
f 2103 2106 2122
f 2103 2122 2119
f 2119 2122 2142
f 2119 2142 2138
f 2138 2142 2143
f 2138 2143 2139
f 2139 2143 2157
f 2139 2157 2155
f 2155 2157 2158
f 2155 2158 2156
f 2156 2158 2144
f 2156 2144 2140
f 2140 2144 2145
f 2140 2145 2141
f 2141 2145 2124
f 2141 2124 2120
f 2120 2124 2107
f 2120 2107 2104
f 2157 2143 2144
f 2157 2144 2158
f 2104 2107 2091
f 2104 2091 2086
f 2067 1997 2091
f 2091 1997 1998
f 2091 1998 1999
f 2091 2090 2067
f 2142 2122 2143
f 2144 2124 2145
f 2090 2091 2107
f 2089 2106 2088
f 2123 2107 2124
f 2090 2107 2123
f 2123 2089 2090
f 2106 2089 2123
f 2123 2122 2106
f 2143 2122 2123
f 2123 2144 2143
f 2124 2144 2123
f 1903 1918 1900
f 1900 1918 1925
f 1925 1924 1900
f 1900 1924 1921
f 1903 1904 1918
f 1899 1900 1920
f 1920 1900 1921
f 2370 2369 2368
f 2368 2369 2363
f 2368 2363 2362
f 2362 2363 2361
f 2362 2361 2356
f 2356 2361 2347
f 2356 2347 2342
f 2342 2347 2317
f 2342 2317 2313
f 2313 2317 2323
f 2313 2323 2318
f 2318 2323 2329
f 2318 2329 2324
f 2324 2329 2335
f 2324 2335 2330
f 2330 2335 2351
f 2330 2351 2350
f 2350 2351 2367
f 2350 2367 2366
f 2366 2367 2365
f 2366 2365 2364
f 2364 2365 2371
f 2364 2371 2370
f 2370 2371 2369
f 2329 2323 2349
f 2349 2351 2335
f 2349 2335 2329
f 2349 2367 2351
f 2349 2365 2367
f 2349 2371 2365
f 2363 2369 2349
f 2349 2369 2371
f 2349 2361 2363
f 2349 2347 2361
f 2323 2317 2349
f 2349 2317 2347
f 2324 2348 2318
f 2348 2342 2313
f 2348 2313 2318
f 2348 2356 2342
f 2348 2362 2356
f 2370 2368 2348
f 2348 2368 2362
f 2364 2370 2348
f 2348 2366 2364
f 2348 2350 2366
f 2324 2330 2348
f 2348 2330 2350
f 2193 2216 2215
f 2215 2192 2193
f 2193 2211 2216
f 2162 2168 2167
f 2168 2162 2163
f 2168 2163 2164
f 2168 2164 2169
f 2211 2212 2193
f 2194 2193 2212
f 2316 2346 2317
f 2317 2346 2347
f 2296 2323 2300
f 2300 2323 2329
f 2304 2334 2308
f 2308 2334 2333
f 2308 2333 2337
f 2308 2337 2307
f 2361 2347 2360
f 2347 2346 2360
f 2360 2346 2341
f 2360 2341 2355
f 2355 2341 2354
f 2354 2341 2340
f 2340 2311 2287
f 2162 2173 2174
f 2162 2174 2163
f 2163 2174 2164
f 2174 2175 2164
f 2177 2169 2164
f 2177 2164 2175
f 2187 2206 2189
f 2189 2206 2208
f 2194 2212 2211
f 2194 2211 2193
f 2237 2215 2216
f 2237 2216 2238
f 2300 2299 2296
f 2296 2299 2295
f 2296 2295 2323
f 2323 2295 2322
f 2329 2328 2299
f 2329 2299 2300
f 2304 2308 2303
f 2307 2303 2308
f 2316 2317 2322
f 2322 2317 2323
f 2344 2347 2345
f 2317 2347 2315
f 2315 2347 2344
f 2323 2317 2320
f 2320 2317 2315
f 2321 2323 2320
f 2323 2321 2329
f 2329 2321 2327
f 2326 2329 2327
f 2326 2328 2329
f 2328 2326 2332
f 2328 2332 2334
f 2334 2332 2333
f 2334 2333 2337
f 2360 2355 2358
f 2358 2355 2354
f 2359 2361 2360
f 2359 2360 2358
f 2359 2345 2361
f 2361 2345 2347
f 2203 2204 2185
f 2266 2288 2291
f 2266 2291 2269
f 2265 2287 2266
f 2266 2287 2288
f 2182 2174 2181
f 2181 2174 2173
f 2175 2174 2182
f 2183 2175 2182
f 2183 2177 2175
f 2224 2185 2204
f 2187 2185 2224
f 2226 2187 2224
f 2226 2206 2187
f 2230 2206 2226
f 2189 2208 2230
f 2230 2208 2206
f 2229 2189 2230
f 2194 2189 2229
f 2194 2233 2193
f 2233 2194 2229
f 2233 2211 2193
f 2238 2216 2233
f 2233 2216 2211
f 2304 2328 2334
f 2273 2295 2299
f 2273 2299 2277
f 2269 2291 2273
f 2273 2291 2295
f 2224 2204 2223
f 2245 2224 2223
f 2245 2223 2242
f 2223 2204 2203
f 2203 2199 2220
f 2219 2241 2220
f 2220 2241 2242
f 2220 2199 2219
f 2219 2199 2198
f 2223 2203 2220
f 2223 2220 2242
f 2181 2198 2182
f 2182 2198 2199
f 2182 2199 2203
f 2182 2203 2183
f 2183 2203 2185
f 2183 2185 2177
f 2257 2262 2233
f 2257 2233 2253
f 2224 2245 2246
f 2224 2246 2226
f 2226 2246 2250
f 2226 2250 2249
f 2226 2249 2229
f 2229 2249 2253
f 2229 2253 2233
f 2261 2237 2262
f 2262 2237 2238
f 2262 2238 2233
f 2229 2230 2226
f 2280 2304 2284
f 2284 2304 2283
f 2283 2304 2303
f 2283 2303 2307
f 2280 2277 2304
f 2277 2299 2304
f 2304 2299 2328
f 2283 2261 2284
f 2284 2261 2262
f 2284 2262 2280
f 2280 2262 2257
f 2280 2257 2277
f 2277 2257 2253
f 2277 2253 2299
f 2241 2265 2242
f 2242 2265 2266
f 2242 2266 2245
f 2245 2266 2269
f 2245 2269 2246
f 2246 2269 2250
f 2250 2269 2273
f 2250 2273 2249
f 2249 2273 2253
f 2253 2273 2277
f 2181 2173 2198
f 2322 2295 2291
f 2316 2322 2291
f 2287 2311 2312
f 2316 2291 2312
f 2312 2291 2288
f 2312 2288 2287
f 2346 2316 2341
f 2341 2316 2312
f 2341 2312 2340
f 2340 2312 2311
f 2215 2214 2192
f 2214 2213 2192
f 2192 2213 2191
f 2191 2213 2210
f 2160 2161 2166
f 2166 2161 2167
f 2167 2161 2162
f 2166 2165 2159
f 2166 2159 2160
f 2209 2210 2190
f 2190 2210 2191
f 2343 2314 2342
f 2342 2314 2313
f 2352 2338 2357
f 2357 2338 2343
f 2338 2352 2353
f 2338 2353 2339
f 2340 2310 2339
f 2340 2339 2354
f 2354 2339 2353
f 2310 2340 2286
f 2286 2340 2287
f 2286 2287 2265
f 2286 2265 2264
f 2264 2265 2241
f 2264 2241 2240
f 2173 2197 2198
f 2198 2197 2218
f 2198 2218 2219
f 2219 2218 2241
f 2241 2218 2240
f 2173 2172 2197
f 2172 2161 2160
f 2172 2160 2171
f 2159 2170 2171
f 2159 2171 2160
f 2205 2186 2188
f 2188 2207 2205
f 2214 2236 2213
f 2213 2236 2235
f 2236 2214 2215
f 2236 2215 2237
f 2170 2159 2165
f 2170 2165 2176
f 2161 2172 2173
f 2161 2173 2162
f 2357 2343 2342
f 2357 2342 2356
f 2297 2324 2318
f 2297 2318 2293
f 2331 2301 2305
f 2331 2305 2332
f 2332 2305 2336
f 2336 2305 2306
f 2306 2307 2336
f 2336 2307 2337
f 2313 2314 2318
f 2318 2314 2319
f 2318 2319 2293
f 2319 2294 2293
f 2293 2294 2297
f 2294 2298 2297
f 2297 2298 2324
f 2324 2298 2325
f 2305 2301 2302
f 2305 2302 2306
f 2306 2302 2307
f 2307 2302 2303
f 2342 2313 2315
f 2331 2332 2325
f 2325 2332 2326
f 2326 2324 2325
f 2327 2324 2326
f 2321 2318 2327
f 2327 2318 2324
f 2318 2321 2320
f 2315 2313 2320
f 2320 2313 2318
f 2344 2342 2315
f 2345 2342 2344
f 2332 2336 2333
f 2333 2336 2337
f 2357 2356 2359
f 2358 2354 2353
f 2358 2353 2352
f 2352 2357 2358
f 2358 2357 2359
f 2345 2359 2356
f 2342 2345 2356
f 2261 2283 2282
f 2294 2272 2298
f 2298 2272 2276
f 2301 2325 2298
f 2307 2306 2283
f 2232 2210 2213
f 2232 2213 2235
f 2191 2210 2232
f 2232 2190 2191
f 2190 2232 2228
f 2190 2228 2188
f 2188 2228 2227
f 2207 2188 2227
f 2225 2205 2227
f 2227 2205 2207
f 2184 2186 2201
f 2201 2186 2205
f 2170 2176 2178
f 2178 2176 2184
f 2179 2170 2178
f 2171 2170 2179
f 2180 2172 2171
f 2286 2264 2263
f 2263 2285 2286
f 2268 2290 2263
f 2263 2290 2285
f 2259 2256 2232
f 2252 2232 2256
f 2237 2261 2236
f 2236 2261 2260
f 2236 2260 2235
f 2235 2260 2259
f 2235 2259 2232
f 2252 2228 2232
f 2227 2228 2252
f 2227 2252 2225
f 2225 2252 2248
f 2243 2221 2247
f 2247 2221 2225
f 2247 2225 2248
f 2221 2243 2244
f 2221 2244 2222
f 2222 2244 2217
f 2217 2244 2239
f 2221 2201 2225
f 2225 2201 2205
f 2222 2201 2221
f 2196 2179 2202
f 2202 2179 2178
f 2202 2178 2184
f 2202 2184 2201
f 2171 2179 2180
f 2180 2179 2196
f 2180 2196 2197
f 2197 2196 2217
f 2197 2217 2218
f 2218 2217 2239
f 2218 2239 2240
f 2217 2196 2222
f 2222 2196 2202
f 2222 2202 2201
f 2264 2240 2263
f 2263 2240 2239
f 2263 2239 2268
f 2268 2239 2244
f 2268 2244 2243
f 2283 2306 2282
f 2282 2306 2302
f 2282 2302 2281
f 2281 2302 2301
f 2281 2301 2279
f 2298 2276 2301
f 2260 2261 2282
f 2260 2282 2259
f 2259 2282 2281
f 2259 2281 2256
f 2256 2281 2279
f 2256 2279 2252
f 2331 2325 2301
f 2279 2301 2276
f 2279 2276 2252
f 2252 2276 2248
f 2248 2276 2272
f 2248 2272 2247
f 2247 2272 2294
f 2247 2294 2243
f 2243 2294 2290
f 2243 2290 2268
f 2172 2180 2197
f 2290 2319 2314
f 2294 2319 2290
f 2310 2286 2285
f 2290 2314 2285
f 2285 2314 2309
f 2285 2309 2310
f 2314 2343 2309
f 2309 2343 2338
f 2309 2338 2310
f 2310 2338 2339
f 2190 2189 2194
f 2194 2193 2192
f 2194 2192 2190
f 2190 2192 2191
f 2165 2166 2176
f 2176 2166 2167
f 2168 2169 2177
f 2168 2177 2167
f 2167 2177 2176
f 2185 2184 2177
f 2177 2184 2176
f 2187 2186 2184
f 2187 2184 2185
f 2189 2188 2187
f 2187 2188 2186
f 2188 2189 2190
f 2270 2291 2292
f 2291 2270 2269
f 2269 2288 2291
f 2230 2208 2226
f 2226 2208 2206
f 2230 2194 2189
f 2211 2212 2233
f 2233 2212 2234
f 2234 2212 2194
f 2300 2278 2296
f 2296 2278 2274
f 2270 2292 2274
f 2274 2292 2296
f 2288 2269 2266
f 2266 2269 2242
f 2220 2245 2224
f 2200 2220 2204
f 2204 2220 2224
f 2183 2200 2185
f 2185 2200 2204
f 2182 2199 2183
f 2261 2260 2237
f 2261 2237 2238
f 2261 2238 2262
f 2226 2250 2230
f 2230 2250 2254
f 2307 2283 2308
f 2308 2283 2284
f 2308 2284 2304
f 2234 2230 2254
f 2234 2254 2258
f 2258 2254 2278
f 2258 2278 2280
f 2280 2278 2304
f 2230 2234 2194
f 2280 2257 2258
f 2258 2257 2233
f 2258 2233 2234
f 2183 2199 2200
f 2200 2199 2220
f 2220 2242 2245
f 2245 2242 2269
f 2246 2269 2270
f 2246 2270 2250
f 2250 2270 2274
f 2250 2274 2254
f 2254 2274 2278
f 2254 2278 2300
f 2278 2300 2304
f 2304 2300 2329
f 2304 2329 2328
f 2292 2317 2323
f 2292 2323 2296
f 2317 2292 2316
f 2316 2292 2291
f 2316 2291 2288
f 2316 2288 2312
f 2312 2288 2311
f 2311 2288 2287
f 2275 2297 2271
f 2271 2297 2293
f 2301 2325 2297
f 2297 2325 2324
f 2232 2209 2210
f 2231 2190 2232
f 2232 2190 2209
f 2227 2188 2231
f 2231 2188 2190
f 2178 2170 2184
f 2184 2170 2176
f 2268 2290 2285
f 2268 2285 2263
f 2267 2290 2268
f 2267 2289 2290
f 2260 2236 2237
f 2251 2227 2255
f 2255 2227 2231
f 2255 2231 2256
f 2256 2231 2232
f 2247 2225 2251
f 2251 2225 2227
f 2244 2217 2221
f 2217 2196 2195
f 2217 2195 2221
f 2221 2195 2201
f 2196 2179 2178
f 2196 2178 2195
f 2195 2178 2201
f 2201 2178 2184
f 2268 2244 2267
f 2267 2244 2243
f 2282 2306 2281
f 2281 2306 2305
f 2281 2305 2279
f 2279 2305 2301
f 2279 2301 2275
f 2275 2301 2297
f 2256 2279 2255
f 2255 2279 2275
f 2255 2275 2251
f 2251 2275 2247
f 2247 2275 2271
f 2247 2271 2293
f 2247 2293 2243
f 2243 2293 2289
f 2243 2289 2267
f 2318 2313 2289
f 2289 2293 2318
f 2313 2314 2343
f 2289 2313 2290
f 2290 2313 2314
f 2285 2309 2286
f 2286 2309 2310
f 2486 2484 2485
f 2486 2485 2509
f 2509 2508 2483
f 2509 2483 2486
f 2486 2487 2484
f 2508 2509 2530
f 2530 2509 2531
f 2530 2531 2548
f 2548 2531 2549
f 2548 2549 2566
f 2566 2582 2581
f 2581 2565 2566
f 2566 2565 2548
f 2598 2597 2580
f 2580 2597 2579
f 2579 2581 2580
f 2580 2581 2582
f 2608 2607 2592
f 2592 2607 2591
f 2589 2590 2605
f 2605 2590 2606
f 2590 2589 2573
f 2590 2573 2574
f 2607 2620 2606
f 2606 2628 2627
f 2606 2627 2623
f 2606 2626 2630
f 2630 2629 2606
f 2606 2623 2618
f 2592 2591 2575
f 2592 2575 2576
f 2620 2619 2606
f 2606 2619 2626
f 2606 2629 2628
f 2618 2617 2606
f 2524 2525 2543
f 2524 2543 2542
f 2558 2574 2573
f 2576 2575 2559
f 2576 2559 2560
f 2560 2559 2542
f 2560 2542 2543
f 2573 2557 2558
f 2558 2557 2541
f 2541 2557 2540
f 2541 2540 2519
f 2519 2540 2518
f 2609 2610 2607
f 2609 2607 2606
f 2610 2609 2595
f 2595 2609 2594
f 2595 2594 2596
f 2596 2594 2598
f 2598 2594 2593
f 2598 2593 2597
f 2490 2498 2497
f 2490 2497 2489
f 2467 2466 2458
f 2459 2467 2458
f 2460 2461 2468
f 2468 2461 2469
f 2493 2494 2500
f 2493 2500 2499
f 2489 2409 2490
f 2490 2409 2410
f 2490 2410 2498
f 2498 2410 2418
f 2498 2418 2497
f 2497 2418 2417
f 2497 2417 2489
f 2489 2417 2409
f 2498 2458 2490
f 2521 2459 2498
f 2498 2459 2458
f 2521 2467 2459
f 2521 2522 2467
f 2467 2522 2468
f 2522 2460 2468
f 2499 2461 2522
f 2522 2461 2460
f 2493 2461 2499
f 2493 2413 2494
f 2494 2413 2414
f 2494 2414 2500
f 2500 2414 2420
f 2500 2420 2499
f 2499 2420 2419
f 2499 2419 2493
f 2493 2419 2413
f 2462 2461 2419
f 2462 2419 2420
f 2469 2466 2468
f 2468 2466 2467
f 2418 2458 2457
f 2418 2457 2417
f 2423 2430 2429
f 2424 2430 2423
f 2425 2426 2432
f 2431 2425 2432
f 2475 2431 2476
f 2476 2431 2432
f 2473 2429 2474
f 2474 2429 2430
f 2458 2418 2410
f 2458 2410 2490
f 2498 2490 2512
f 2520 2498 2512
f 2521 2498 2520
f 2521 2520 2513
f 2513 2520 2512
f 2491 2513 2512
f 2490 2491 2512
f 2491 2492 2513
f 2513 2492 2514
f 2513 2514 2521
f 2521 2514 2522
f 2499 2522 2523
f 2523 2522 2515
f 2515 2522 2514
f 2499 2523 2515
f 2493 2499 2515
f 2493 2515 2514
f 2493 2514 2492
f 2419 2461 2413
f 2413 2461 2493
f 2470 2469 2461
f 2470 2461 2462
f 2457 2458 2465
f 2465 2458 2466
f 2465 2466 2470
f 2470 2466 2469
f 2479 2435 2473
f 2473 2435 2429
f 2465 2423 2429
f 2465 2429 2473
f 2424 2423 2466
f 2466 2423 2465
f 2474 2430 2424
f 2474 2424 2466
f 2469 2425 2431
f 2469 2431 2475
f 2426 2425 2470
f 2470 2425 2469
f 2476 2432 2426
f 2476 2426 2470
f 2432 2436 2480
f 2432 2480 2476
f 2436 2435 2480
f 2480 2435 2479
f 2479 2473 2474
f 2476 2480 2475
f 2479 2474 2475
f 2479 2475 2480
f 2442 2441 2436
f 2436 2441 2440
f 2436 2440 2435
f 2435 2440 2439
f 2399 2385 2457
f 2399 2457 2465
f 2399 2465 2403
f 2399 2417 2385
f 2385 2417 2457
f 2377 2399 2385
f 2377 2393 2399
f 2393 2377 2409
f 2378 2410 2377
f 2377 2410 2409
f 2490 2410 2378
f 2490 2378 2491
f 2491 2378 2379
f 2379 2380 2491
f 2491 2380 2492
f 2381 2413 2493
f 2381 2493 2380
f 2380 2493 2492
f 2386 2400 2382
f 2382 2400 2396
f 2396 2414 2382
f 2382 2414 2381
f 2381 2414 2413
f 2400 2386 2420
f 2420 2386 2462
f 2470 2462 2404
f 2404 2462 2400
f 2400 2462 2386
f 2403 2465 2423
f 2429 2403 2423
f 2470 2404 2426
f 2404 2432 2426
f 2432 2433 2436
f 2436 2433 2437
f 2433 2432 2477
f 2477 2432 2476
f 2428 2429 2435
f 2428 2435 2434
f 2470 2471 2476
f 2476 2471 2477
f 2429 2428 2472
f 2429 2472 2473
f 2464 2465 2473
f 2464 2473 2472
f 2466 2469 2474
f 2469 2475 2474
f 2429 2428 2422
f 2429 2422 2403
f 2422 2402 2403
f 2403 2402 2399
f 2399 2402 2384
f 2399 2384 2385
f 2375 2381 2380
f 2375 2380 2374
f 2372 2373 2379
f 2372 2379 2378
f 2385 2384 2377
f 2387 2386 2382
f 2387 2382 2383
f 2379 2373 2380
f 2380 2373 2374
f 2377 2384 2376
f 2400 2386 2387
f 2400 2387 2404
f 2404 2387 2405
f 2433 2432 2427
f 2427 2432 2404
f 2427 2404 2405
f 2427 2426 2433
f 2433 2426 2432
f 2423 2465 2422
f 2422 2465 2464
f 2428 2429 2423
f 2428 2423 2422
f 2434 2435 2429
f 2434 2429 2428
f 2409 2417 2408
f 2408 2417 2416
f 2399 2416 2417
f 2399 2398 2416
f 2398 2399 2392
f 2399 2393 2392
f 2400 2397 2396
f 2397 2400 2401
f 2420 2401 2400
f 2420 2421 2401
f 2420 2415 2421
f 2420 2414 2415
f 2470 2426 2471
f 2471 2426 2427
f 2435 2439 2438
f 2439 2440 2438
f 2435 2438 2434
f 2434 2478 2472
f 2472 2478 2504
f 2428 2434 2472
f 2472 2504 2502
f 2502 2464 2472
f 2502 2504 2528
f 2496 2502 2518
f 2518 2502 2526
f 2528 2526 2502
f 2527 2503 2525
f 2501 2525 2503
f 2503 2527 2529
f 2503 2529 2505
f 2437 2433 2477
f 2505 2481 2477
f 2477 2471 2503
f 2437 2477 2481
f 2503 2505 2477
f 2443 2441 2442
f 2443 2436 2437
f 2442 2436 2443
f 2544 2546 2561
f 2579 2577 2561
f 2518 2526 2544
f 2544 2526 2528
f 2541 2519 2518
f 2541 2540 2558
f 2558 2540 2557
f 2563 2579 2561
f 2528 2546 2563
f 2544 2528 2546
f 2546 2528 2561
f 2561 2528 2563
f 2609 2606 2590
f 2594 2609 2590
f 2594 2590 2574
f 2574 2558 2577
f 2574 2577 2594
f 2594 2577 2593
f 2541 2518 2540
f 2540 2518 2544
f 2540 2544 2557
f 2557 2544 2561
f 2557 2561 2558
f 2558 2561 2577
f 2593 2577 2579
f 2593 2579 2597
f 2590 2589 2606
f 2601 2602 2586
f 2630 2626 2625
f 2630 2625 2629
f 2623 2627 2624
f 2624 2627 2628
f 2605 2606 2589
f 2607 2604 2616
f 2607 2616 2620
f 2591 2588 2604
f 2607 2591 2604
f 2602 2614 2615
f 2615 2603 2602
f 2586 2602 2603
f 2613 2601 2612
f 2612 2601 2600
f 2601 2613 2602
f 2602 2613 2614
f 2585 2601 2586
f 2584 2600 2585
f 2585 2600 2601
f 2618 2611 2617
f 2617 2611 2599
f 2617 2599 2606
f 2624 2628 2625
f 2625 2628 2629
f 2620 2616 2619
f 2619 2616 2615
f 2619 2615 2625
f 2625 2615 2614
f 2625 2614 2622
f 2625 2622 2624
f 2624 2622 2621
f 2624 2621 2613
f 2624 2613 2618
f 2618 2613 2612
f 2618 2612 2611
f 2604 2603 2615
f 2612 2600 2599
f 2616 2604 2615
f 2622 2614 2621
f 2621 2614 2613
f 2611 2612 2599
f 2626 2619 2625
f 2623 2624 2618
f 2606 2599 2590
f 2590 2599 2583
f 2603 2587 2586
f 2588 2587 2604
f 2604 2587 2603
f 2599 2600 2583
f 2583 2600 2584
f 2568 2552 2551
f 2571 2555 2554
f 2402 2398 2384
f 2401 2405 2387
f 2502 2496 2464
f 2456 2409 2408
f 2456 2408 2416
f 2448 2449 2409
f 2414 2454 2455
f 2414 2455 2415
f 2455 2421 2415
f 2389 2390 2374
f 2374 2390 2375
f 2375 2390 2391
f 2375 2391 2381
f 2381 2391 2395
f 2381 2395 2382
f 2382 2395 2396
f 2389 2406 2390
f 2390 2406 2407
f 2390 2407 2413
f 2390 2413 2395
f 2395 2413 2414
f 2395 2414 2396
f 2407 2412 2413
f 2401 2387 2397
f 2397 2387 2383
f 2397 2383 2396
f 2396 2383 2382
f 2427 2405 2401
f 2421 2427 2401
f 2446 2452 2447
f 2492 2452 2491
f 2491 2452 2446
f 2412 2452 2413
f 2413 2452 2453
f 2413 2453 2414
f 2414 2453 2454
f 2421 2463 2427
f 2427 2463 2471
f 2503 2471 2501
f 2463 2421 2455
f 2463 2501 2471
f 2452 2492 2453
f 2453 2492 2493
f 2453 2493 2454
f 2454 2493 2494
f 2454 2494 2495
f 2454 2495 2455
f 2455 2495 2463
f 2463 2495 2501
f 2560 2543 2556
f 2556 2543 2539
f 2556 2539 2538
f 2556 2538 2555
f 2555 2538 2537
f 2592 2576 2591
f 2591 2576 2575
f 2591 2575 2588
f 2588 2575 2572
f 2588 2572 2587
f 2587 2572 2571
f 2555 2571 2556
f 2556 2571 2572
f 2556 2572 2560
f 2560 2572 2575
f 2560 2575 2576
f 2534 2512 2533
f 2533 2512 2511
f 2533 2511 2532
f 2532 2511 2510
f 2532 2510 2540
f 2540 2510 2518
f 2543 2525 2539
f 2539 2525 2517
f 2539 2517 2538
f 2538 2517 2516
f 2538 2516 2537
f 2537 2516 2515
f 2537 2515 2536
f 2536 2515 2514
f 2536 2514 2535
f 2535 2514 2513
f 2535 2513 2534
f 2534 2513 2512
f 2584 2568 2583
f 2583 2568 2567
f 2583 2567 2590
f 2590 2567 2574
f 2557 2573 2574
f 2557 2574 2550
f 2550 2574 2567
f 2550 2567 2551
f 2551 2567 2568
f 2586 2570 2585
f 2585 2570 2569
f 2585 2569 2584
f 2584 2569 2568
f 2586 2587 2571
f 2586 2571 2570
f 2570 2571 2554
f 2570 2554 2569
f 2569 2554 2553
f 2569 2553 2552
f 2569 2552 2568
f 2552 2534 2551
f 2551 2534 2533
f 2551 2533 2550
f 2550 2533 2532
f 2550 2532 2557
f 2557 2532 2540
f 2402 2422 2416
f 2416 2398 2402
f 2384 2398 2376
f 2376 2398 2392
f 2376 2392 2377
f 2377 2392 2393
f 2456 2416 2464
f 2464 2416 2422
f 2448 2409 2456
f 2378 2377 2393
f 2378 2393 2394
f 2394 2393 2409
f 2394 2409 2410
f 2374 2373 2389
f 2410 2406 2389
f 2410 2389 2388
f 2388 2389 2372
f 2373 2372 2389
f 2391 2390 2395
f 2449 2410 2409
f 2489 2449 2488
f 2488 2449 2448
f 2488 2448 2496
f 2496 2448 2456
f 2496 2456 2464
f 2448 2449 2456
f 2378 2394 2388
f 2410 2449 2450
f 2450 2449 2489
f 2450 2489 2490
f 2450 2490 2451
f 2490 2491 2451
f 2451 2491 2446
f 2446 2447 2407
f 2407 2406 2446
f 2446 2406 2451
f 2451 2406 2411
f 2451 2411 2450
f 2447 2452 2412
f 2447 2412 2407
f 2411 2406 2410
f 2411 2410 2450
f 2555 2537 2554
f 2554 2537 2536
f 2554 2536 2553
f 2553 2536 2535
f 2553 2535 2552
f 2552 2535 2534
f 2512 2490 2511
f 2511 2490 2489
f 2511 2489 2510
f 2510 2489 2488
f 2510 2488 2518
f 2518 2488 2496
f 2525 2501 2517
f 2517 2501 2495
f 2517 2495 2516
f 2516 2495 2494
f 2516 2494 2515
f 2515 2494 2493
f 2410 2388 2394
f 2388 2372 2378
f 2527 2525 2543
f 2527 2545 2547
f 2527 2547 2529
f 2598 2580 2578
f 2598 2578 2596
f 2542 2559 2543
f 2559 2560 2543
f 2543 2545 2527
f 2591 2607 2595
f 2591 2595 2575
f 2575 2595 2578
f 2575 2578 2559
f 2559 2578 2560
f 2560 2578 2562
f 2560 2562 2543
f 2543 2562 2545
f 2562 2578 2580
f 2562 2580 2564
f 2564 2547 2562
f 2562 2547 2545
f 2596 2578 2595
f 2610 2595 2607
f 2441 2443 2440
f 2438 2440 2443
f 2483 2508 2482
f 2438 2444 2483
f 2483 2444 2486
f 2482 2438 2483
f 2434 2438 2478
f 2478 2506 2504
f 2506 2528 2504
f 2548 2565 2563
f 2563 2565 2581
f 2563 2581 2579
f 2548 2563 2546
f 2546 2528 2548
f 2508 2530 2506
f 2508 2506 2482
f 2482 2506 2478
f 2482 2478 2438
f 2506 2530 2528
f 2528 2530 2548
f 2485 2481 2507
f 2507 2505 2529
f 2481 2437 2507
f 2507 2481 2505
f 2485 2443 2481
f 2445 2443 2485
f 2485 2484 2445
f 2445 2484 2487
f 2547 2564 2549
f 2547 2549 2529
f 2580 2582 2564
f 2564 2582 2566
f 2564 2566 2549
f 2509 2485 2507
f 2509 2507 2531
f 2529 2549 2531
f 2529 2531 2507
f 2437 2481 2443
f 2438 2443 2445
f 2487 2444 2438
f 2487 2438 2445
f 2487 2486 2444
f 2638 2768 2760
f 2665 2638 2760
f 2760 2759 2665
f 2759 2664 2665
f 2768 2638 2767
f 2767 2638 2637
f 2633 2763 2635
f 2635 2763 2765
f 2635 2765 2636
f 2636 2765 2766
f 2636 2766 2637
f 2637 2766 2767
f 2647 2673 2668
f 2647 2668 2689
f 2647 2689 2703
f 2647 2721 2737
f 2647 2642 2673
f 2703 2716 2647
f 2647 2716 2721
f 2647 2737 2742
f 2761 2631 2632
f 2632 2762 2761
f 2762 2632 2651
f 2762 2651 2746
f 2746 2651 2646
f 2746 2646 2741
f 2741 2646 2647
f 2741 2647 2742
f 2631 2761 2634
f 2634 2761 2764
f 2634 2764 2763
f 2634 2763 2633
f 2685 2664 2759
f 2759 2733 2685
f 2733 2684 2685
f 2684 2733 2732
f 2684 2713 2699
f 2684 2732 2713
f 2728 2710 2729
f 2733 2713 2732
f 2712 2698 2699
f 2699 2713 2712
f 2729 2730 2753
f 2728 2729 2750
f 2750 2729 2753
f 2727 2728 2747
f 2747 2728 2750
f 2747 2750 2748
f 2748 2750 2751
f 2711 2730 2729
f 2729 2710 2711
f 2728 2727 2710
f 2697 2711 2710
f 2738 2724 2723
f 2723 2724 2718
f 2717 2723 2718
f 2719 2714 2701
f 2719 2701 2718
f 2718 2701 2705
f 2708 2695 2709
f 2709 2695 2696
f 2708 2694 2695
f 2693 2706 2707
f 2693 2692 2706
f 2706 2692 2694
f 2706 2694 2708
f 2701 2700 2705
f 2707 2723 2704
f 2704 2723 2717
f 2705 2691 2690
f 2704 2705 2690
f 2691 2705 2686
f 2686 2705 2700
f 2686 2700 2687
f 2687 2700 2701
f 2704 2690 2707
f 2707 2690 2693
f 2763 2764 2745
f 2745 2764 2761
f 2706 2722 2725
f 2748 2727 2747
f 2749 2744 2743
f 2707 2706 2722
f 2725 2727 2726
f 2726 2727 2748
f 2726 2748 2743
f 2744 2739 2738
f 2738 2739 2724
f 2724 2739 2718
f 2740 2739 2744
f 2740 2744 2745
f 2743 2744 2738
f 2723 2726 2738
f 2738 2726 2743
f 2740 2735 2734
f 2734 2735 2718
f 2739 2740 2734
f 2734 2718 2739
f 2719 2718 2735
f 2725 2726 2723
f 2705 2704 2717
f 2705 2717 2718
f 2745 2744 2763
f 2763 2744 2749
f 2763 2749 2765
f 2765 2749 2752
f 2768 2767 2756
f 2756 2767 2754
f 2730 2731 2755
f 2755 2731 2757
f 2755 2757 2756
f 2756 2757 2758
f 2697 2698 2711
f 2711 2698 2712
f 2712 2713 2731
f 2731 2713 2733
f 2731 2733 2757
f 2757 2733 2759
f 2757 2759 2758
f 2758 2759 2760
f 2767 2766 2754
f 2754 2766 2752
f 2754 2752 2751
f 2751 2752 2748
f 2754 2755 2756
f 2751 2755 2754
f 2766 2765 2752
f 2752 2749 2748
f 2748 2749 2743
f 2725 2723 2722
f 2722 2723 2707
f 2710 2709 2696
f 2710 2696 2697
f 2760 2768 2758
f 2758 2768 2756
f 2751 2750 2755
f 2755 2750 2753
f 2755 2753 2730
f 2731 2730 2712
f 2712 2730 2711
f 2709 2710 2727
f 2709 2727 2708
f 2708 2727 2725
f 2708 2725 2706
f 2715 2721 2716
f 2715 2716 2702
f 2702 2716 2703
f 2721 2715 2720
f 2736 2737 2720
f 2721 2720 2737
f 2761 2762 2745
f 2745 2762 2746
f 2719 2735 2736
f 2714 2715 2701
f 2702 2701 2715
f 2715 2714 2720
f 2720 2714 2719
f 2746 2741 2740
f 2746 2740 2745
f 2740 2741 2735
f 2741 2742 2736
f 2742 2737 2736
f 2736 2720 2719
f 2702 2701 2688
f 2736 2735 2741
f 2631 2634 2633
f 2685 2684 2699
f 2682 2683 2697
f 2683 2698 2697
f 2681 2680 2658
f 2658 2680 2655
f 2680 2679 2655
f 2655 2679 2652
f 2655 2652 2653
f 2655 2653 2656
f 2644 2676 2670
f 2652 2679 2653
f 2679 2677 2653
f 2653 2677 2678
f 2653 2678 2648
f 2669 2670 2675
f 2675 2670 2676
f 2675 2676 2643
f 2643 2676 2644
f 2694 2677 2695
f 2695 2677 2679
f 2695 2679 2680
f 2696 2695 2680
f 2696 2680 2681
f 2697 2696 2681
f 2697 2681 2682
f 2674 2677 2694
f 2674 2694 2692
f 2675 2674 2692
f 2675 2692 2693
f 2675 2678 2677
f 2675 2677 2674
f 2670 2669 2690
f 2670 2690 2691
f 2645 2650 2649
f 2649 2650 2654
f 2691 2686 2670
f 2644 2645 2649
f 2640 2670 2671
f 2666 2671 2670
f 2666 2670 2687
f 2686 2687 2691
f 2691 2687 2670
f 2670 2639 2644
f 2654 2633 2657
f 2657 2633 2635
f 2657 2635 2659
f 2659 2635 2636
f 2659 2636 2661
f 2661 2636 2637
f 2661 2637 2638
f 2661 2638 2663
f 2663 2638 2665
f 2683 2682 2662
f 2662 2682 2660
f 2662 2660 2661
f 2662 2661 2663
f 2699 2698 2683
f 2699 2683 2685
f 2685 2683 2662
f 2685 2662 2664
f 2664 2662 2663
f 2664 2663 2665
f 2643 2644 2648
f 2648 2644 2649
f 2657 2656 2654
f 2648 2678 2675
f 2669 2675 2693
f 2669 2693 2690
f 2643 2648 2675
f 2661 2660 2659
f 2659 2660 2656
f 2682 2681 2658
f 2682 2658 2660
f 2660 2658 2655
f 2660 2655 2656
f 2639 2670 2640
f 2639 2640 2645
f 2639 2645 2644
f 2648 2649 2653
f 2653 2649 2654
f 2657 2659 2656
f 2650 2631 2633
f 2650 2633 2654
f 2653 2654 2656
f 2632 2631 2650
f 2673 2642 2641
f 2673 2641 2672
f 2688 2668 2667
f 2667 2668 2673
f 2667 2673 2672
f 2688 2689 2668
f 2702 2703 2689
f 2689 2688 2702
f 2647 2646 2642
f 2642 2646 2641
f 2651 2632 2650
f 2651 2650 2646
f 2646 2650 2645
f 2701 2702 2687
f 2687 2702 2688
f 2667 2687 2688
f 2667 2672 2671
f 2667 2671 2666
f 2667 2666 2687
f 2645 2640 2646
f 2646 2640 2641
f 2640 2671 2672
f 2641 2640 2672
f 2866 2862 2865
f 2865 2862 2861
f 2862 2866 2861
f 2861 2866 2865
f 2859 2863 2860
f 2860 2863 2864
f 2863 2859 2864
f 2864 2859 2860
f 2868 2864 2867
f 2867 2864 2863
f 2865 2869 2866
f 2866 2869 2870
f 2869 2865 2870
f 2870 2865 2866
f 2869 2845 2846
f 2869 2846 2870
f 2845 2869 2868
f 2845 2868 2867
f 2809 2813 2833
f 2809 2833 2829
f 2828 2832 2812
f 2828 2812 2808
f 2808 2793 2828
f 2828 2793 2867
f 2868 2828 2867
f 2794 2809 2829
f 2794 2829 2870
f 2870 2829 2869
f 2869 2829 2868
f 2868 2829 2828
f 2793 2808 2794
f 2794 2808 2809
f 2867 2863 2868
f 2868 2863 2864
f 2780 2779 2782
f 2782 2779 2781
f 2782 2781 2794
f 2794 2781 2793
f 2863 2859 2843
f 2843 2859 2841
f 2844 2842 2866
f 2866 2842 2862
f 2866 2862 2844
f 2844 2862 2842
f 2846 2794 2870
f 2792 2780 2794
f 2780 2782 2794
f 2781 2779 2793
f 2779 2791 2793
f 2793 2845 2867
f 2843 2841 2863
f 2863 2841 2859
f 2867 2843 2863
f 2845 2825 2843
f 2845 2843 2867
f 2775 2789 2779
f 2779 2789 2791
f 2825 2845 2805
f 2805 2845 2793
f 2793 2791 2805
f 2827 2845 2793
f 2793 2845 2825
f 2793 2825 2805
f 2793 2807 2827
f 2830 2846 2827
f 2827 2846 2845
f 2811 2812 2831
f 2813 2809 2810
f 2814 2813 2810
f 2809 2808 2807
f 2807 2808 2812
f 2812 2811 2807
f 2814 2834 2813
f 2834 2833 2813
f 2831 2832 2827
f 2832 2828 2827
f 2827 2828 2830
f 2828 2829 2830
f 2830 2829 2833
f 2830 2833 2834
f 2812 2832 2831
f 2775 2778 2779
f 2779 2778 2780
f 2779 2780 2781
f 2781 2780 2782
f 2781 2782 2793
f 2793 2782 2794
f 2793 2794 2807
f 2807 2794 2810
f 2807 2810 2809
f 2827 2807 2831
f 2831 2807 2811
f 2846 2844 2870
f 2780 2778 2790
f 2870 2844 2866
f 2794 2846 2830
f 2806 2794 2792
f 2794 2806 2826
f 2794 2826 2846
f 2846 2826 2844
f 2792 2780 2790
f 2830 2810 2794
f 2792 2790 2778
f 2778 2780 2792
f 2814 2810 2830
f 2814 2830 2834
f 2779 2780 2775
f 2775 2780 2778
f 2776 2777 2778
f 2776 2778 2775
f 2778 2777 2775
f 2776 2775 2777
f 2773 2771 2775
f 2772 2774 2778
f 2816 2820 2796
f 2796 2820 2800
f 2821 2817 2797
f 2821 2797 2801
f 2858 2854 2853
f 2858 2853 2857
f 2857 2853 2852
f 2857 2852 2856
f 2856 2852 2851
f 2856 2851 2855
f 2852 2848 2851
f 2851 2848 2847
f 2848 2852 2853
f 2848 2853 2849
f 2854 2850 2849
f 2854 2849 2853
f 2835 2847 2848
f 2835 2848 2849
f 2835 2849 2836
f 2836 2849 2850
f 2818 2798 2817
f 2798 2797 2817
f 2796 2800 2799
f 2801 2802 2800
f 2802 2801 2797
f 2797 2798 2802
f 2795 2796 2799
f 2816 2796 2795
f 2818 2817 2822
f 2822 2817 2821
f 2821 2820 2819
f 2819 2820 2816
f 2816 2795 2815
f 2816 2815 2819
f 2835 2836 2819
f 2819 2836 2822
f 2819 2822 2821
f 2799 2800 2802
f 2799 2802 2783
f 2783 2802 2784
f 2783 2784 2769
f 2769 2784 2770
f 2850 2854 2853
f 2853 2849 2850
f 2852 2848 2849
f 2852 2849 2853
f 2848 2852 2847
f 2847 2852 2851
f 2783 2820 2847
f 2850 2821 2784
f 2784 2821 2801
f 2783 2800 2820
f 2847 2820 2848
f 2848 2820 2849
f 2849 2820 2821
f 2784 2801 2783
f 2783 2801 2800
f 2821 2850 2849
f 2784 2783 2770
f 2770 2783 2769
f 2770 2769 2772
f 2772 2769 2771
f 2769 2771 2783
f 2815 2795 2819
f 2819 2795 2799
f 2837 2839 2851
f 2851 2839 2855
f 2854 2858 2838
f 2838 2858 2840
f 2818 2822 2802
f 2818 2802 2798
f 2770 2784 2772
f 2838 2840 2854
f 2854 2840 2858
f 2851 2855 2837
f 2837 2855 2839
f 2772 2786 2784
f 2836 2850 2838
f 2838 2850 2854
f 2774 2788 2790
f 2774 2790 2778
f 2836 2838 2824
f 2836 2824 2822
f 2822 2824 2802
f 2802 2824 2804
f 2802 2804 2784
f 2784 2804 2786
f 2788 2774 2772
f 2788 2772 2786
f 2778 2790 2788
f 2778 2788 2772
f 2824 2850 2784
f 2824 2784 2804
f 2824 2838 2850
f 2847 2851 2837
f 2823 2847 2837
f 2847 2823 2783
f 2783 2823 2803
f 2787 2771 2785
f 2771 2787 2775
f 2775 2787 2789
f 2783 2803 2785
f 2803 2823 2799
f 2799 2823 2819
f 2819 2823 2835
f 2835 2823 2837
f 2835 2837 2847
f 2771 2773 2787
f 2787 2773 2789
f 2789 2773 2775
f 2785 2783 2771
f 2803 2799 2783
f 3120 3137 3119
f 3119 3137 3136
f 3133 3116 3132
f 3116 3097 3115
f 3116 3115 3132
f 3060 3059 3079
f 3114 3096 3113
f 3062 3061 3080
f 3062 3080 3081
f 3137 3135 3133
f 3116 3118 3120
f 3135 3137 3118
f 3118 3137 3120
f 3137 3133 3136
f 3136 3133 3132
f 3134 3117 3136
f 3136 3117 3119
f 3115 3117 3132
f 3132 3117 3134
f 3134 3136 3132
f 3119 3117 3118
f 3119 3118 3120
f 2901 2900 2894
f 2894 2900 2893
f 2894 2893 2901
f 2901 2893 2900
f 2936 2905 2932
f 2905 2898 2932
f 2932 2898 2897
f 2932 2897 2931
f 2871 2873 2891
f 2873 2898 2891
f 2924 2890 2891
f 2924 2891 2925
f 2925 2891 2884
f 2925 2884 2920
f 2872 2871 2892
f 2892 2871 2891
f 2921 2885 2926
f 2885 2892 2926
f 2926 2892 2893
f 2926 2893 2927
f 2874 2872 2899
f 2899 2872 2892
f 2934 2900 2899
f 2934 2899 2933
f 2899 2906 2933
f 2933 2906 2937
f 2874 2898 2873
f 2898 2874 2899
f 2879 2886 2885
f 2878 2879 2880
f 2876 2877 2884
f 2885 2884 2877
f 2885 2877 2878
f 2883 2876 2884
f 2882 2883 2890
f 2889 2882 2890
f 2896 2889 2897
f 2911 2910 2905
f 2905 2910 2904
f 2906 2913 2912
f 2887 2894 2901
f 2906 2905 2899
f 2899 2905 2898
f 2912 2911 2905
f 2912 2905 2906
f 2903 2896 2897
f 2903 2897 2904
f 2904 2897 2898
f 2889 2890 2897
f 2897 2890 2898
f 2898 2890 2891
f 2883 2891 2890
f 2883 2884 2891
f 2892 2891 2884
f 2884 2885 2892
f 2885 2878 2879
f 2886 2893 2892
f 2886 2892 2885
f 2894 2886 2887
f 2886 2894 2893
f 2893 2901 2892
f 2892 2901 2899
f 2908 2900 2901
f 2901 2900 2899
f 2887 2886 2885
f 2907 2913 2906
f 2908 2907 2906
f 2908 2906 2900
f 2900 2906 2899
f 2904 2898 2905
f 2975 2953 2950
f 3001 3019 3018
f 3004 3024 3007
f 3004 3022 3024
f 3022 3004 3023
f 3005 3039 3004
f 3004 3039 3023
f 3017 3033 3005
f 3005 3033 3039
f 3017 3054 3033
f 3018 3055 3017
f 3017 3055 3054
f 3035 3056 3019
f 3055 3018 3056
f 3056 3018 3019
f 2941 2940 2915
f 2878 2942 2877
f 2877 2942 2941
f 2877 2941 2915
f 2877 2915 2876
f 2876 2915 2919
f 2876 2919 2883
f 2918 2882 2883
f 2882 2918 2946
f 2882 2918 2923
f 2882 2923 2889
f 2953 2930 2923
f 2889 2923 2930
f 2889 2930 2896
f 2975 2972 2990
f 3009 2992 2990
f 2990 2992 2975
f 2968 2987 2972
f 2972 2987 2990
f 2986 3001 2985
f 2985 3001 3018
f 3007 3009 2990
f 3007 2990 3004
f 3004 2990 2987
f 3004 2987 2968
f 3004 2968 3005
f 3005 2968 2969
f 3005 2969 2988
f 3005 2988 3017
f 3017 2988 2984
f 3017 2984 3018
f 3018 2984 2985
f 2947 2919 2940
f 2940 2919 2915
f 2950 2953 2923
f 2950 2923 2946
f 2946 2923 2918
f 2968 2946 2947
f 2947 2946 2918
f 2947 2918 2919
f 2919 2918 2883
f 2942 2986 2941
f 2941 2986 2985
f 2941 2985 2940
f 2940 2985 2984
f 2940 2984 2947
f 2947 2984 2988
f 2947 2988 2968
f 2968 2988 2969
f 2968 2969 2946
f 2946 2968 2950
f 2950 2968 2972
f 2950 2972 2975
f 3037 3021 3020
f 3036 3057 3037
f 3036 3020 3019
f 3036 3019 3035
f 3037 3020 3036
f 2942 2878 2916
f 2943 2879 2878
f 2943 2878 2942
f 2917 2880 2879
f 2917 2879 2944
f 2944 2879 2943
f 3020 3021 3003
f 2967 2966 3003
f 3003 2966 3020
f 2986 3019 2965
f 2965 3019 2966
f 2966 2943 2942
f 2966 2942 2965
f 2967 2944 2966
f 2966 2944 2943
f 3019 3020 2966
f 2948 2887 2944
f 2944 2887 2880
f 2948 2922 2887
f 3082 3063 3041
f 3078 3082 3041
f 3058 3078 3037
f 3037 3078 3041
f 3057 3058 3037
f 2880 2917 2944
f 3006 2989 2948
f 3006 2948 3003
f 3003 2948 2944
f 3003 2944 2967
f 3041 3006 3037
f 3037 3006 3003
f 3037 3003 3021
f 2970 2948 2989
f 2928 2887 2922
f 2928 2894 2887
f 2894 2928 2951
f 2951 2973 2991
f 2948 2970 2973
f 2973 2970 2989
f 2973 2989 3008
f 2973 2928 2948
f 2948 2928 2922
f 2951 2928 2973
f 3082 3083 3063
f 3063 3083 3065
f 3063 3065 3043
f 3063 3043 3041
f 2989 3006 3008
f 3008 3006 3041
f 3043 3008 3041
f 3065 3083 3043
f 3008 2991 2973
f 3023 3017 3022
f 3023 3033 3017
f 3054 3055 3033
f 3033 3055 3034
f 3034 3055 3035
f 3055 3056 3035
f 3056 3057 3035
f 3035 3057 3036
f 3057 3077 3078
f 3057 3078 3058
f 2965 2942 2941
f 2895 2949 2888
f 2888 2949 2945
f 2888 2945 2881
f 2881 2945 2946
f 2881 2946 2882
f 2940 2876 2946
f 2946 2876 2882
f 2876 2940 2877
f 2877 2940 2941
f 2941 2942 2916
f 2941 2916 2877
f 2877 2916 2878
f 2985 3034 3035
f 3035 3019 2985
f 2985 3019 2986
f 2985 2986 2965
f 2984 3033 2985
f 2985 3033 3034
f 3033 2984 3017
f 3000 3004 3022
f 3000 3022 3017
f 2992 2990 2974
f 2974 2990 2971
f 2974 2971 2952
f 2895 2929 2949
f 2949 2929 2952
f 3017 2984 3000
f 3000 2984 2964
f 3000 2964 3004
f 3004 2964 2968
f 2971 2990 2972
f 2972 2990 2968
f 2968 2990 3004
f 2941 2985 2965
f 2952 2971 2949
f 2949 2971 2972
f 2949 2972 2945
f 2945 2972 2968
f 2945 2968 2946
f 2946 2968 2964
f 2946 2964 2940
f 2940 2964 2984
f 2903 2909 2910
f 2957 2978 2996
f 2996 2978 3013
f 3013 3028 3048
f 2935 2938 2908
f 2935 2908 2901
f 2982 2983 3016
f 3032 3031 3016
f 2914 2963 2962
f 2914 2962 2913
f 2961 2912 2913
f 2961 2913 2962
f 2981 3030 2999
f 2982 2962 2963
f 2982 2963 2983
f 2962 2982 2961
f 2961 2982 2981
f 2982 3031 2981
f 2981 3031 3030
f 3016 3031 2982
f 3075 3074 3053
f 3091 3075 3053
f 3088 3091 3048
f 3048 3091 3053
f 3070 3088 3048
f 2996 3013 2957
f 2908 2938 2957
f 2908 2957 2963
f 2908 2963 2914
f 2957 3013 2963
f 2963 3013 3016
f 2963 3016 2983
f 3013 3048 3016
f 3016 3048 3053
f 3016 3053 3032
f 3053 3052 3032
f 3052 3031 3032
f 3051 3030 3052
f 3052 3030 3031
f 3053 3074 3052
f 2998 2999 3030
f 2998 3030 3051
f 2960 2961 2981
f 2912 2961 2960
f 2960 2911 2912
f 2910 2911 2960
f 2960 2959 2910
f 2958 2903 2959
f 2959 2903 2910
f 2903 2958 2956
f 2903 2956 2902
f 2902 2956 2955
f 2902 2955 2895
f 2895 2955 2952
f 2895 2952 2929
f 2992 3011 3009
f 3029 3011 3014
f 2997 3029 3014
f 3029 2997 3049
f 3049 2997 2998
f 3049 2998 3050
f 3011 2977 3014
f 3014 2977 2979
f 3014 2979 2997
f 2992 2974 2975
f 2992 2975 3011
f 3011 2975 2977
f 3051 3050 2998
f 2998 2960 2981
f 2998 2981 2999
f 2960 2998 2959
f 2959 2998 2997
f 2959 2997 2958
f 2958 2997 2979
f 2958 2979 2956
f 2956 2979 2977
f 2956 2977 2955
f 2955 2977 2952
f 2952 2977 2975
f 2952 2975 2974
f 2954 2976 2935
f 2957 2976 2978
f 2957 2938 2935
f 2957 2935 2976
f 3011 3026 3025
f 3011 3025 3009
f 3029 3049 3026
f 3072 3071 3049
f 3049 3050 3072
f 3073 3072 3050
f 3090 3075 3091
f 3075 3090 3074
f 2976 2993 3010
f 3085 3088 3070
f 3085 3070 3066
f 3070 3045 3066
f 3066 3045 3085
f 2976 3010 3013
f 2976 3013 2978
f 3070 3048 3045
f 3045 3048 3028
f 3010 3045 3028
f 3010 3028 3013
f 3073 3050 3051
f 3051 3052 3073
f 3073 3052 3074
f 3011 3029 3026
f 2935 2901 2954
f 2976 2954 2993
f 3048 3088 3085
f 3085 3045 3048
f 3031 3052 3053
f 3053 3052 3090
f 3053 3090 3091
f 2982 3015 3016
f 2938 2908 2914
f 2938 2914 2939
f 3010 2993 2954
f 2963 2982 3016
f 2963 3016 2957
f 3016 3013 2957
f 2957 2938 2939
f 2957 2939 2963
f 2963 2939 2962
f 3010 2954 3013
f 3013 2954 2957
f 2954 2935 2957
f 3048 3045 3010
f 3048 3010 3013
f 3048 3013 3053
f 3053 3013 3016
f 3053 3016 3031
f 3031 3016 3015
f 2895 2896 2902
f 2902 2896 2903
f 2904 2910 2903
f 2876 2875 2882
f 2888 2881 2882
f 2896 2895 2889
f 2889 2895 2888
f 2882 2889 2888
f 2883 2882 2876
f 3083 3082 3043
f 3002 3003 3020
f 3037 3078 3077
f 3037 3077 3036
f 3043 3082 3041
f 2991 3008 2951
f 2917 2880 2887
f 2917 2887 2922
f 2951 2948 2928
f 3002 2966 3003
f 3003 2966 2944
f 3003 2944 3006
f 3006 2944 2948
f 2944 2943 2917
f 2944 2917 2948
f 2948 2917 2922
f 2951 3008 2948
f 2948 3008 3006
f 3008 3043 3006
f 3006 3043 3041
f 3006 3041 3003
f 3003 3041 3037
f 3003 3037 3020
f 3100 3101 3084
f 3084 3101 3085
f 3077 3082 3078
f 3035 3056 3034
f 3034 3056 3055
f 3077 3078 3095
f 3077 3095 3094
f 3095 3078 3082
f 3082 3098 3095
f 3026 2995 2994
f 3027 3012 3026
f 2995 3026 3012
f 3027 3047 3067
f 2886 2877 2878
f 2913 2912 2907
f 2907 2912 2911
f 2886 2878 2879
f 2880 2887 2886
f 2880 2886 2879
f 2903 2896 2882
f 2882 2896 2889
f 2883 2876 2886
f 2886 2876 2877
f 2908 2914 2907
f 2907 2914 2913
f 2907 2911 2910
f 2907 2910 2904
f 3104 3088 3101
f 3101 3088 3085
f 3108 3091 3104
f 3104 3091 3088
f 3091 3108 3107
f 3091 3107 3090
f 3085 3083 3101
f 3101 3083 3099
f 3082 3098 3083
f 3083 3098 3099
f 3083 3085 3043
f 3043 3085 3045
f 3043 3045 3008
f 3008 3045 3010
f 3008 3010 2991
f 2991 3010 2976
f 2991 2976 2951
f 2951 2976 2954
f 2951 2954 2935
f 2951 2935 2928
f 2928 2935 2901
f 2928 2901 2894
f 3007 3009 3024
f 3038 3023 3022
f 3038 3039 3023
f 3027 3047 3046
f 3027 3046 3026
f 3024 3009 3025
f 3044 3024 3025
f 3022 3042 3038
f 3049 3071 3067
f 3022 3024 3042
f 3042 3024 3044
f 3044 3025 3026
f 3049 3067 3047
f 3044 3026 3047
f 3047 3026 3046
f 3042 3039 3038
f 3059 3033 3039
f 3033 3059 3054
f 3100 3104 3101
f 3107 3108 3103
f 3103 3108 3100
f 3100 3108 3104
f 3099 3085 3101
f 3082 3085 3098
f 3098 3085 3099
f 3047 3026 3027
f 3047 3027 3049
f 3039 3023 3033
f 3093 3076 3092
f 3055 3054 3093
f 3093 3054 3076
f 3093 3056 3055
f 3093 3077 3056
f 3093 3094 3077
f 3111 3112 3093
f 3093 3112 3094
f 3093 3110 3111
f 3093 3109 3110
f 3093 3092 3109
f 3077 3057 3056
f 3094 3081 3077
f 3094 3097 3081
f 3112 3116 3094
f 3094 3116 3097
f 3111 3115 3116
f 3111 3116 3112
f 3115 3111 3132
f 3132 3111 3130
f 3132 3130 3129
f 3132 3129 3131
f 3131 3129 3110
f 3131 3110 3114
f 3114 3110 3113
f 3113 3110 3109
f 3113 3109 3092
f 3113 3092 3096
f 3096 3092 3079
f 3079 3092 3076
f 3079 3076 3059
f 3059 3076 3054
f 3055 3059 3054
f 3055 3060 3059
f 3077 3081 3062
f 3077 3062 3057
f 3057 3062 3061
f 3057 3061 3056
f 3056 3061 3060
f 3056 3060 3055
f 3130 3111 3110
f 3130 3110 3129
f 3044 3047 3042
f 3042 3047 3067
f 3042 3067 3064
f 3042 3064 3039
f 3039 3064 3059
f 3060 3040 3059
f 3039 3059 3040
f 3059 3064 3067
f 3059 3067 3079
f 3079 3067 3086
f 3102 3096 3086
f 3086 3096 3079
f 3121 3113 3102
f 3102 3113 3096
f 3138 3131 3122
f 3122 3131 3114
f 3122 3114 3121
f 3121 3114 3113
f 3123 3115 3139
f 3139 3115 3132
f 3139 3132 3138
f 3138 3132 3131
f 3124 3116 3123
f 3123 3116 3115
f 3103 3097 3124
f 3124 3097 3116
f 3087 3081 3103
f 3103 3081 3097
f 3068 3072 3067
f 3067 3072 3071
f 3067 3071 3089
f 3067 3089 3086
f 3086 3089 3105
f 3086 3105 3102
f 3102 3105 3125
f 3102 3125 3121
f 3121 3125 3126
f 3121 3126 3122
f 3122 3126 3140
f 3122 3140 3138
f 3138 3140 3141
f 3138 3141 3139
f 3139 3141 3127
f 3139 3127 3123
f 3123 3127 3128
f 3123 3128 3124
f 3124 3128 3107
f 3124 3107 3103
f 3103 3107 3090
f 3103 3090 3087
f 3140 3126 3127
f 3140 3127 3141
f 3087 3090 3074
f 3087 3074 3069
f 3050 2980 3074
f 3074 2980 2981
f 3074 2981 2982
f 3074 3073 3050
f 3125 3105 3126
f 3127 3107 3128
f 3073 3074 3090
f 3072 3089 3071
f 3106 3090 3107
f 3073 3090 3106
f 3106 3072 3073
f 3089 3072 3106
f 3106 3105 3089
f 3126 3105 3106
f 3106 3127 3126
f 3107 3127 3106
f 2886 2901 2883
f 2883 2901 2908
f 2908 2907 2883
f 2883 2907 2904
f 2886 2887 2901
f 2882 2883 2903
f 2903 2883 2904
f 3353 3352 3351
f 3351 3352 3346
f 3351 3346 3345
f 3345 3346 3344
f 3345 3344 3339
f 3339 3344 3330
f 3339 3330 3325
f 3325 3330 3300
f 3325 3300 3296
f 3296 3300 3306
f 3296 3306 3301
f 3301 3306 3312
f 3301 3312 3307
f 3307 3312 3318
f 3307 3318 3313
f 3313 3318 3334
f 3313 3334 3333
f 3333 3334 3350
f 3333 3350 3349
f 3349 3350 3348
f 3349 3348 3347
f 3347 3348 3354
f 3347 3354 3353
f 3353 3354 3352
f 3312 3306 3332
f 3332 3334 3318
f 3332 3318 3312
f 3332 3350 3334
f 3332 3348 3350
f 3332 3354 3348
f 3346 3352 3332
f 3332 3352 3354
f 3332 3344 3346
f 3332 3330 3344
f 3306 3300 3332
f 3332 3300 3330
f 3307 3331 3301
f 3331 3325 3296
f 3331 3296 3301
f 3331 3339 3325
f 3331 3345 3339
f 3353 3351 3331
f 3331 3351 3345
f 3347 3353 3331
f 3331 3349 3347
f 3331 3333 3349
f 3307 3313 3331
f 3331 3313 3333
f 3176 3199 3198
f 3198 3175 3176
f 3176 3194 3199
f 3145 3151 3150
f 3151 3145 3146
f 3151 3146 3147
f 3151 3147 3152
f 3194 3195 3176
f 3177 3176 3195
f 3299 3329 3300
f 3300 3329 3330
f 3279 3306 3283
f 3283 3306 3312
f 3287 3317 3291
f 3291 3317 3316
f 3291 3316 3320
f 3291 3320 3290
f 3344 3330 3343
f 3330 3329 3343
f 3343 3329 3324
f 3343 3324 3338
f 3338 3324 3337
f 3337 3324 3323
f 3323 3294 3270
f 3145 3156 3157
f 3145 3157 3146
f 3146 3157 3147
f 3157 3158 3147
f 3160 3152 3147
f 3160 3147 3158
f 3170 3189 3172
f 3172 3189 3191
f 3177 3195 3194
f 3177 3194 3176
f 3220 3198 3199
f 3220 3199 3221
f 3283 3282 3279
f 3279 3282 3278
f 3279 3278 3306
f 3306 3278 3305
f 3312 3311 3282
f 3312 3282 3283
f 3287 3291 3286
f 3290 3286 3291
f 3299 3300 3305
f 3305 3300 3306
f 3327 3330 3328
f 3300 3330 3298
f 3298 3330 3327
f 3306 3300 3303
f 3303 3300 3298
f 3304 3306 3303
f 3306 3304 3312
f 3312 3304 3310
f 3309 3312 3310
f 3309 3311 3312
f 3311 3309 3315
f 3311 3315 3317
f 3317 3315 3316
f 3317 3316 3320
f 3343 3338 3341
f 3341 3338 3337
f 3342 3344 3343
f 3342 3343 3341
f 3342 3328 3344
f 3344 3328 3330
f 3186 3187 3168
f 3249 3271 3274
f 3249 3274 3252
f 3248 3270 3249
f 3249 3270 3271
f 3165 3157 3164
f 3164 3157 3156
f 3158 3157 3165
f 3166 3158 3165
f 3166 3160 3158
f 3207 3168 3187
f 3170 3168 3207
f 3209 3170 3207
f 3209 3189 3170
f 3213 3189 3209
f 3172 3191 3213
f 3213 3191 3189
f 3212 3172 3213
f 3177 3172 3212
f 3177 3216 3176
f 3216 3177 3212
f 3216 3194 3176
f 3221 3199 3216
f 3216 3199 3194
f 3287 3311 3317
f 3256 3278 3282
f 3256 3282 3260
f 3252 3274 3256
f 3256 3274 3278
f 3207 3187 3206
f 3228 3207 3206
f 3228 3206 3225
f 3206 3187 3186
f 3186 3182 3203
f 3202 3224 3203
f 3203 3224 3225
f 3203 3182 3202
f 3202 3182 3181
f 3206 3186 3203
f 3206 3203 3225
f 3164 3181 3165
f 3165 3181 3182
f 3165 3182 3186
f 3165 3186 3166
f 3166 3186 3168
f 3166 3168 3160
f 3240 3245 3216
f 3240 3216 3236
f 3207 3228 3229
f 3207 3229 3209
f 3209 3229 3233
f 3209 3233 3232
f 3209 3232 3212
f 3212 3232 3236
f 3212 3236 3216
f 3244 3220 3245
f 3245 3220 3221
f 3245 3221 3216
f 3212 3213 3209
f 3263 3287 3267
f 3267 3287 3266
f 3266 3287 3286
f 3266 3286 3290
f 3263 3260 3287
f 3260 3282 3287
f 3287 3282 3311
f 3266 3244 3267
f 3267 3244 3245
f 3267 3245 3263
f 3263 3245 3240
f 3263 3240 3260
f 3260 3240 3236
f 3260 3236 3282
f 3224 3248 3225
f 3225 3248 3249
f 3225 3249 3228
f 3228 3249 3252
f 3228 3252 3229
f 3229 3252 3233
f 3233 3252 3256
f 3233 3256 3232
f 3232 3256 3236
f 3236 3256 3260
f 3164 3156 3181
f 3305 3278 3274
f 3299 3305 3274
f 3270 3294 3295
f 3299 3274 3295
f 3295 3274 3271
f 3295 3271 3270
f 3329 3299 3324
f 3324 3299 3295
f 3324 3295 3323
f 3323 3295 3294
f 3198 3197 3175
f 3197 3196 3175
f 3175 3196 3174
f 3174 3196 3193
f 3143 3144 3149
f 3149 3144 3150
f 3150 3144 3145
f 3149 3148 3142
f 3149 3142 3143
f 3192 3193 3173
f 3173 3193 3174
f 3326 3297 3325
f 3325 3297 3296
f 3335 3321 3340
f 3340 3321 3326
f 3321 3335 3336
f 3321 3336 3322
f 3323 3293 3322
f 3323 3322 3337
f 3337 3322 3336
f 3293 3323 3269
f 3269 3323 3270
f 3269 3270 3248
f 3269 3248 3247
f 3247 3248 3224
f 3247 3224 3223
f 3156 3180 3181
f 3181 3180 3201
f 3181 3201 3202
f 3202 3201 3224
f 3224 3201 3223
f 3156 3155 3180
f 3155 3144 3143
f 3155 3143 3154
f 3142 3153 3154
f 3142 3154 3143
f 3188 3169 3171
f 3171 3190 3188
f 3197 3219 3196
f 3196 3219 3218
f 3219 3197 3198
f 3219 3198 3220
f 3153 3142 3148
f 3153 3148 3159
f 3144 3155 3156
f 3144 3156 3145
f 3340 3326 3325
f 3340 3325 3339
f 3280 3307 3301
f 3280 3301 3276
f 3314 3284 3288
f 3314 3288 3315
f 3315 3288 3319
f 3319 3288 3289
f 3289 3290 3319
f 3319 3290 3320
f 3296 3297 3301
f 3301 3297 3302
f 3301 3302 3276
f 3302 3277 3276
f 3276 3277 3280
f 3277 3281 3280
f 3280 3281 3307
f 3307 3281 3308
f 3288 3284 3285
f 3288 3285 3289
f 3289 3285 3290
f 3290 3285 3286
f 3325 3296 3298
f 3314 3315 3308
f 3308 3315 3309
f 3309 3307 3308
f 3310 3307 3309
f 3304 3301 3310
f 3310 3301 3307
f 3301 3304 3303
f 3298 3296 3303
f 3303 3296 3301
f 3327 3325 3298
f 3328 3325 3327
f 3315 3319 3316
f 3316 3319 3320
f 3340 3339 3342
f 3341 3337 3336
f 3341 3336 3335
f 3335 3340 3341
f 3341 3340 3342
f 3328 3342 3339
f 3325 3328 3339
f 3244 3266 3265
f 3277 3255 3281
f 3281 3255 3259
f 3284 3308 3281
f 3290 3289 3266
f 3215 3193 3196
f 3215 3196 3218
f 3174 3193 3215
f 3215 3173 3174
f 3173 3215 3211
f 3173 3211 3171
f 3171 3211 3210
f 3190 3171 3210
f 3208 3188 3210
f 3210 3188 3190
f 3167 3169 3184
f 3184 3169 3188
f 3153 3159 3161
f 3161 3159 3167
f 3162 3153 3161
f 3154 3153 3162
f 3163 3155 3154
f 3269 3247 3246
f 3246 3268 3269
f 3251 3273 3246
f 3246 3273 3268
f 3242 3239 3215
f 3235 3215 3239
f 3220 3244 3219
f 3219 3244 3243
f 3219 3243 3218
f 3218 3243 3242
f 3218 3242 3215
f 3235 3211 3215
f 3210 3211 3235
f 3210 3235 3208
f 3208 3235 3231
f 3226 3204 3230
f 3230 3204 3208
f 3230 3208 3231
f 3204 3226 3227
f 3204 3227 3205
f 3205 3227 3200
f 3200 3227 3222
f 3204 3184 3208
f 3208 3184 3188
f 3205 3184 3204
f 3179 3162 3185
f 3185 3162 3161
f 3185 3161 3167
f 3185 3167 3184
f 3154 3162 3163
f 3163 3162 3179
f 3163 3179 3180
f 3180 3179 3200
f 3180 3200 3201
f 3201 3200 3222
f 3201 3222 3223
f 3200 3179 3205
f 3205 3179 3185
f 3205 3185 3184
f 3247 3223 3246
f 3246 3223 3222
f 3246 3222 3251
f 3251 3222 3227
f 3251 3227 3226
f 3266 3289 3265
f 3265 3289 3285
f 3265 3285 3264
f 3264 3285 3284
f 3264 3284 3262
f 3281 3259 3284
f 3243 3244 3265
f 3243 3265 3242
f 3242 3265 3264
f 3242 3264 3239
f 3239 3264 3262
f 3239 3262 3235
f 3314 3308 3284
f 3262 3284 3259
f 3262 3259 3235
f 3235 3259 3231
f 3231 3259 3255
f 3231 3255 3230
f 3230 3255 3277
f 3230 3277 3226
f 3226 3277 3273
f 3226 3273 3251
f 3155 3163 3180
f 3273 3302 3297
f 3277 3302 3273
f 3293 3269 3268
f 3273 3297 3268
f 3268 3297 3292
f 3268 3292 3293
f 3297 3326 3292
f 3292 3326 3321
f 3292 3321 3293
f 3293 3321 3322
f 3173 3172 3177
f 3177 3176 3175
f 3177 3175 3173
f 3173 3175 3174
f 3148 3149 3159
f 3159 3149 3150
f 3151 3152 3160
f 3151 3160 3150
f 3150 3160 3159
f 3168 3167 3160
f 3160 3167 3159
f 3170 3169 3167
f 3170 3167 3168
f 3172 3171 3170
f 3170 3171 3169
f 3171 3172 3173
f 3253 3274 3275
f 3274 3253 3252
f 3252 3271 3274
f 3213 3191 3209
f 3209 3191 3189
f 3213 3177 3172
f 3194 3195 3216
f 3216 3195 3217
f 3217 3195 3177
f 3283 3261 3279
f 3279 3261 3257
f 3253 3275 3257
f 3257 3275 3279
f 3271 3252 3249
f 3249 3252 3225
f 3203 3228 3207
f 3183 3203 3187
f 3187 3203 3207
f 3166 3183 3168
f 3168 3183 3187
f 3165 3182 3166
f 3244 3243 3220
f 3244 3220 3221
f 3244 3221 3245
f 3209 3233 3213
f 3213 3233 3237
f 3290 3266 3291
f 3291 3266 3267
f 3291 3267 3287
f 3217 3213 3237
f 3217 3237 3241
f 3241 3237 3261
f 3241 3261 3263
f 3263 3261 3287
f 3213 3217 3177
f 3263 3240 3241
f 3241 3240 3216
f 3241 3216 3217
f 3166 3182 3183
f 3183 3182 3203
f 3203 3225 3228
f 3228 3225 3252
f 3229 3252 3253
f 3229 3253 3233
f 3233 3253 3257
f 3233 3257 3237
f 3237 3257 3261
f 3237 3261 3283
f 3261 3283 3287
f 3287 3283 3312
f 3287 3312 3311
f 3275 3300 3306
f 3275 3306 3279
f 3300 3275 3299
f 3299 3275 3274
f 3299 3274 3271
f 3299 3271 3295
f 3295 3271 3294
f 3294 3271 3270
f 3258 3280 3254
f 3254 3280 3276
f 3284 3308 3280
f 3280 3308 3307
f 3215 3192 3193
f 3214 3173 3215
f 3215 3173 3192
f 3210 3171 3214
f 3214 3171 3173
f 3161 3153 3167
f 3167 3153 3159
f 3251 3273 3268
f 3251 3268 3246
f 3250 3273 3251
f 3250 3272 3273
f 3243 3219 3220
f 3234 3210 3238
f 3238 3210 3214
f 3238 3214 3239
f 3239 3214 3215
f 3230 3208 3234
f 3234 3208 3210
f 3227 3200 3204
f 3200 3179 3178
f 3200 3178 3204
f 3204 3178 3184
f 3179 3162 3161
f 3179 3161 3178
f 3178 3161 3184
f 3184 3161 3167
f 3251 3227 3250
f 3250 3227 3226
f 3265 3289 3264
f 3264 3289 3288
f 3264 3288 3262
f 3262 3288 3284
f 3262 3284 3258
f 3258 3284 3280
f 3239 3262 3238
f 3238 3262 3258
f 3238 3258 3234
f 3234 3258 3230
f 3230 3258 3254
f 3230 3254 3276
f 3230 3276 3226
f 3226 3276 3272
f 3226 3272 3250
f 3301 3296 3272
f 3272 3276 3301
f 3296 3297 3326
f 3272 3296 3273
f 3273 3296 3297
f 3268 3292 3269
f 3269 3292 3293
f 3469 3467 3468
f 3469 3468 3492
f 3492 3491 3466
f 3492 3466 3469
f 3469 3470 3467
f 3491 3492 3513
f 3513 3492 3514
f 3513 3514 3531
f 3531 3514 3532
f 3531 3532 3549
f 3549 3565 3564
f 3564 3548 3549
f 3549 3548 3531
f 3581 3580 3563
f 3563 3580 3562
f 3562 3564 3563
f 3563 3564 3565
f 3591 3590 3575
f 3575 3590 3574
f 3572 3573 3588
f 3588 3573 3589
f 3573 3572 3556
f 3573 3556 3557
f 3590 3603 3589
f 3589 3611 3610
f 3589 3610 3606
f 3589 3609 3613
f 3613 3612 3589
f 3589 3606 3601
f 3575 3574 3558
f 3575 3558 3559
f 3603 3602 3589
f 3589 3602 3609
f 3589 3612 3611
f 3601 3600 3589
f 3507 3508 3526
f 3507 3526 3525
f 3541 3557 3556
f 3559 3558 3542
f 3559 3542 3543
f 3543 3542 3525
f 3543 3525 3526
f 3556 3540 3541
f 3541 3540 3524
f 3524 3540 3523
f 3524 3523 3502
f 3502 3523 3501
f 3592 3593 3590
f 3592 3590 3589
f 3593 3592 3578
f 3578 3592 3577
f 3578 3577 3579
f 3579 3577 3581
f 3581 3577 3576
f 3581 3576 3580
f 3473 3481 3480
f 3473 3480 3472
f 3450 3449 3441
f 3442 3450 3441
f 3443 3444 3451
f 3451 3444 3452
f 3476 3477 3483
f 3476 3483 3482
f 3472 3392 3473
f 3473 3392 3393
f 3473 3393 3481
f 3481 3393 3401
f 3481 3401 3480
f 3480 3401 3400
f 3480 3400 3472
f 3472 3400 3392
f 3481 3441 3473
f 3504 3442 3481
f 3481 3442 3441
f 3504 3450 3442
f 3504 3505 3450
f 3450 3505 3451
f 3505 3443 3451
f 3482 3444 3505
f 3505 3444 3443
f 3476 3444 3482
f 3476 3396 3477
f 3477 3396 3397
f 3477 3397 3483
f 3483 3397 3403
f 3483 3403 3482
f 3482 3403 3402
f 3482 3402 3476
f 3476 3402 3396
f 3445 3444 3402
f 3445 3402 3403
f 3452 3449 3451
f 3451 3449 3450
f 3401 3441 3440
f 3401 3440 3400
f 3406 3413 3412
f 3407 3413 3406
f 3408 3409 3415
f 3414 3408 3415
f 3458 3414 3459
f 3459 3414 3415
f 3456 3412 3457
f 3457 3412 3413
f 3441 3401 3393
f 3441 3393 3473
f 3481 3473 3495
f 3503 3481 3495
f 3504 3481 3503
f 3504 3503 3496
f 3496 3503 3495
f 3474 3496 3495
f 3473 3474 3495
f 3474 3475 3496
f 3496 3475 3497
f 3496 3497 3504
f 3504 3497 3505
f 3482 3505 3506
f 3506 3505 3498
f 3498 3505 3497
f 3482 3506 3498
f 3476 3482 3498
f 3476 3498 3497
f 3476 3497 3475
f 3402 3444 3396
f 3396 3444 3476
f 3453 3452 3444
f 3453 3444 3445
f 3440 3441 3448
f 3448 3441 3449
f 3448 3449 3453
f 3453 3449 3452
f 3462 3418 3456
f 3456 3418 3412
f 3448 3406 3412
f 3448 3412 3456
f 3407 3406 3449
f 3449 3406 3448
f 3457 3413 3407
f 3457 3407 3449
f 3452 3408 3414
f 3452 3414 3458
f 3409 3408 3453
f 3453 3408 3452
f 3459 3415 3409
f 3459 3409 3453
f 3415 3419 3463
f 3415 3463 3459
f 3419 3418 3463
f 3463 3418 3462
f 3462 3456 3457
f 3459 3463 3458
f 3462 3457 3458
f 3462 3458 3463
f 3425 3424 3419
f 3419 3424 3423
f 3419 3423 3418
f 3418 3423 3422
f 3382 3368 3440
f 3382 3440 3448
f 3382 3448 3386
f 3382 3400 3368
f 3368 3400 3440
f 3360 3382 3368
f 3360 3376 3382
f 3376 3360 3392
f 3361 3393 3360
f 3360 3393 3392
f 3473 3393 3361
f 3473 3361 3474
f 3474 3361 3362
f 3362 3363 3474
f 3474 3363 3475
f 3364 3396 3476
f 3364 3476 3363
f 3363 3476 3475
f 3369 3383 3365
f 3365 3383 3379
f 3379 3397 3365
f 3365 3397 3364
f 3364 3397 3396
f 3383 3369 3403
f 3403 3369 3445
f 3453 3445 3387
f 3387 3445 3383
f 3383 3445 3369
f 3386 3448 3406
f 3412 3386 3406
f 3453 3387 3409
f 3387 3415 3409
f 3415 3416 3419
f 3419 3416 3420
f 3416 3415 3460
f 3460 3415 3459
f 3411 3412 3418
f 3411 3418 3417
f 3453 3454 3459
f 3459 3454 3460
f 3412 3411 3455
f 3412 3455 3456
f 3447 3448 3456
f 3447 3456 3455
f 3449 3452 3457
f 3452 3458 3457
f 3412 3411 3405
f 3412 3405 3386
f 3405 3385 3386
f 3386 3385 3382
f 3382 3385 3367
f 3382 3367 3368
f 3358 3364 3363
f 3358 3363 3357
f 3355 3356 3362
f 3355 3362 3361
f 3368 3367 3360
f 3370 3369 3365
f 3370 3365 3366
f 3362 3356 3363
f 3363 3356 3357
f 3360 3367 3359
f 3383 3369 3370
f 3383 3370 3387
f 3387 3370 3388
f 3416 3415 3410
f 3410 3415 3387
f 3410 3387 3388
f 3410 3409 3416
f 3416 3409 3415
f 3406 3448 3405
f 3405 3448 3447
f 3411 3412 3406
f 3411 3406 3405
f 3417 3418 3412
f 3417 3412 3411
f 3392 3400 3391
f 3391 3400 3399
f 3382 3399 3400
f 3382 3381 3399
f 3381 3382 3375
f 3382 3376 3375
f 3383 3380 3379
f 3380 3383 3384
f 3403 3384 3383
f 3403 3404 3384
f 3403 3398 3404
f 3403 3397 3398
f 3453 3409 3454
f 3454 3409 3410
f 3418 3422 3421
f 3422 3423 3421
f 3418 3421 3417
f 3417 3461 3455
f 3455 3461 3487
f 3411 3417 3455
f 3455 3487 3485
f 3485 3447 3455
f 3485 3487 3511
f 3479 3485 3501
f 3501 3485 3509
f 3511 3509 3485
f 3510 3486 3508
f 3484 3508 3486
f 3486 3510 3512
f 3486 3512 3488
f 3420 3416 3460
f 3488 3464 3460
f 3460 3454 3486
f 3420 3460 3464
f 3486 3488 3460
f 3426 3424 3425
f 3426 3419 3420
f 3425 3419 3426
f 3527 3529 3544
f 3562 3560 3544
f 3501 3509 3527
f 3527 3509 3511
f 3524 3502 3501
f 3524 3523 3541
f 3541 3523 3540
f 3546 3562 3544
f 3511 3529 3546
f 3527 3511 3529
f 3529 3511 3544
f 3544 3511 3546
f 3592 3589 3573
f 3577 3592 3573
f 3577 3573 3557
f 3557 3541 3560
f 3557 3560 3577
f 3577 3560 3576
f 3524 3501 3523
f 3523 3501 3527
f 3523 3527 3540
f 3540 3527 3544
f 3540 3544 3541
f 3541 3544 3560
f 3576 3560 3562
f 3576 3562 3580
f 3573 3572 3589
f 3584 3585 3569
f 3613 3609 3608
f 3613 3608 3612
f 3606 3610 3607
f 3607 3610 3611
f 3588 3589 3572
f 3590 3587 3599
f 3590 3599 3603
f 3574 3571 3587
f 3590 3574 3587
f 3585 3597 3598
f 3598 3586 3585
f 3569 3585 3586
f 3596 3584 3595
f 3595 3584 3583
f 3584 3596 3585
f 3585 3596 3597
f 3568 3584 3569
f 3567 3583 3568
f 3568 3583 3584
f 3601 3594 3600
f 3600 3594 3582
f 3600 3582 3589
f 3607 3611 3608
f 3608 3611 3612
f 3603 3599 3602
f 3602 3599 3598
f 3602 3598 3608
f 3608 3598 3597
f 3608 3597 3605
f 3608 3605 3607
f 3607 3605 3604
f 3607 3604 3596
f 3607 3596 3601
f 3601 3596 3595
f 3601 3595 3594
f 3587 3586 3598
f 3595 3583 3582
f 3599 3587 3598
f 3605 3597 3604
f 3604 3597 3596
f 3594 3595 3582
f 3609 3602 3608
f 3606 3607 3601
f 3589 3582 3573
f 3573 3582 3566
f 3586 3570 3569
f 3571 3570 3587
f 3587 3570 3586
f 3582 3583 3566
f 3566 3583 3567
f 3551 3535 3534
f 3554 3538 3537
f 3385 3381 3367
f 3384 3388 3370
f 3485 3479 3447
f 3439 3392 3391
f 3439 3391 3399
f 3431 3432 3392
f 3397 3437 3438
f 3397 3438 3398
f 3438 3404 3398
f 3372 3373 3357
f 3357 3373 3358
f 3358 3373 3374
f 3358 3374 3364
f 3364 3374 3378
f 3364 3378 3365
f 3365 3378 3379
f 3372 3389 3373
f 3373 3389 3390
f 3373 3390 3396
f 3373 3396 3378
f 3378 3396 3397
f 3378 3397 3379
f 3390 3395 3396
f 3384 3370 3380
f 3380 3370 3366
f 3380 3366 3379
f 3379 3366 3365
f 3410 3388 3384
f 3404 3410 3384
f 3429 3435 3430
f 3475 3435 3474
f 3474 3435 3429
f 3395 3435 3396
f 3396 3435 3436
f 3396 3436 3397
f 3397 3436 3437
f 3404 3446 3410
f 3410 3446 3454
f 3486 3454 3484
f 3446 3404 3438
f 3446 3484 3454
f 3435 3475 3436
f 3436 3475 3476
f 3436 3476 3437
f 3437 3476 3477
f 3437 3477 3478
f 3437 3478 3438
f 3438 3478 3446
f 3446 3478 3484
f 3543 3526 3539
f 3539 3526 3522
f 3539 3522 3521
f 3539 3521 3538
f 3538 3521 3520
f 3575 3559 3574
f 3574 3559 3558
f 3574 3558 3571
f 3571 3558 3555
f 3571 3555 3570
f 3570 3555 3554
f 3538 3554 3539
f 3539 3554 3555
f 3539 3555 3543
f 3543 3555 3558
f 3543 3558 3559
f 3517 3495 3516
f 3516 3495 3494
f 3516 3494 3515
f 3515 3494 3493
f 3515 3493 3523
f 3523 3493 3501
f 3526 3508 3522
f 3522 3508 3500
f 3522 3500 3521
f 3521 3500 3499
f 3521 3499 3520
f 3520 3499 3498
f 3520 3498 3519
f 3519 3498 3497
f 3519 3497 3518
f 3518 3497 3496
f 3518 3496 3517
f 3517 3496 3495
f 3567 3551 3566
f 3566 3551 3550
f 3566 3550 3573
f 3573 3550 3557
f 3540 3556 3557
f 3540 3557 3533
f 3533 3557 3550
f 3533 3550 3534
f 3534 3550 3551
f 3569 3553 3568
f 3568 3553 3552
f 3568 3552 3567
f 3567 3552 3551
f 3569 3570 3554
f 3569 3554 3553
f 3553 3554 3537
f 3553 3537 3552
f 3552 3537 3536
f 3552 3536 3535
f 3552 3535 3551
f 3535 3517 3534
f 3534 3517 3516
f 3534 3516 3533
f 3533 3516 3515
f 3533 3515 3540
f 3540 3515 3523
f 3385 3405 3399
f 3399 3381 3385
f 3367 3381 3359
f 3359 3381 3375
f 3359 3375 3360
f 3360 3375 3376
f 3439 3399 3447
f 3447 3399 3405
f 3431 3392 3439
f 3361 3360 3376
f 3361 3376 3377
f 3377 3376 3392
f 3377 3392 3393
f 3357 3356 3372
f 3393 3389 3372
f 3393 3372 3371
f 3371 3372 3355
f 3356 3355 3372
f 3374 3373 3378
f 3432 3393 3392
f 3472 3432 3471
f 3471 3432 3431
f 3471 3431 3479
f 3479 3431 3439
f 3479 3439 3447
f 3431 3432 3439
f 3361 3377 3371
f 3393 3432 3433
f 3433 3432 3472
f 3433 3472 3473
f 3433 3473 3434
f 3473 3474 3434
f 3434 3474 3429
f 3429 3430 3390
f 3390 3389 3429
f 3429 3389 3434
f 3434 3389 3394
f 3434 3394 3433
f 3430 3435 3395
f 3430 3395 3390
f 3394 3389 3393
f 3394 3393 3433
f 3538 3520 3537
f 3537 3520 3519
f 3537 3519 3536
f 3536 3519 3518
f 3536 3518 3535
f 3535 3518 3517
f 3495 3473 3494
f 3494 3473 3472
f 3494 3472 3493
f 3493 3472 3471
f 3493 3471 3501
f 3501 3471 3479
f 3508 3484 3500
f 3500 3484 3478
f 3500 3478 3499
f 3499 3478 3477
f 3499 3477 3498
f 3498 3477 3476
f 3393 3371 3377
f 3371 3355 3361
f 3510 3508 3526
f 3510 3528 3530
f 3510 3530 3512
f 3581 3563 3561
f 3581 3561 3579
f 3525 3542 3526
f 3542 3543 3526
f 3526 3528 3510
f 3574 3590 3578
f 3574 3578 3558
f 3558 3578 3561
f 3558 3561 3542
f 3542 3561 3543
f 3543 3561 3545
f 3543 3545 3526
f 3526 3545 3528
f 3545 3561 3563
f 3545 3563 3547
f 3547 3530 3545
f 3545 3530 3528
f 3579 3561 3578
f 3593 3578 3590
f 3424 3426 3423
f 3421 3423 3426
f 3466 3491 3465
f 3421 3427 3466
f 3466 3427 3469
f 3465 3421 3466
f 3417 3421 3461
f 3461 3489 3487
f 3489 3511 3487
f 3531 3548 3546
f 3546 3548 3564
f 3546 3564 3562
f 3531 3546 3529
f 3529 3511 3531
f 3491 3513 3489
f 3491 3489 3465
f 3465 3489 3461
f 3465 3461 3421
f 3489 3513 3511
f 3511 3513 3531
f 3468 3464 3490
f 3490 3488 3512
f 3464 3420 3490
f 3490 3464 3488
f 3468 3426 3464
f 3428 3426 3468
f 3468 3467 3428
f 3428 3467 3470
f 3530 3547 3532
f 3530 3532 3512
f 3563 3565 3547
f 3547 3565 3549
f 3547 3549 3532
f 3492 3468 3490
f 3492 3490 3514
f 3512 3532 3514
f 3512 3514 3490
f 3420 3464 3426
f 3421 3426 3428
f 3470 3427 3421
f 3470 3421 3428
f 3470 3469 3427
f 3621 3751 3743
f 3648 3621 3743
f 3743 3742 3648
f 3742 3647 3648
f 3751 3621 3750
f 3750 3621 3620
f 3616 3746 3618
f 3618 3746 3748
f 3618 3748 3619
f 3619 3748 3749
f 3619 3749 3620
f 3620 3749 3750
f 3630 3656 3651
f 3630 3651 3672
f 3630 3672 3686
f 3630 3704 3720
f 3630 3625 3656
f 3686 3699 3630
f 3630 3699 3704
f 3630 3720 3725
f 3744 3614 3615
f 3615 3745 3744
f 3745 3615 3634
f 3745 3634 3729
f 3729 3634 3629
f 3729 3629 3724
f 3724 3629 3630
f 3724 3630 3725
f 3614 3744 3617
f 3617 3744 3747
f 3617 3747 3746
f 3617 3746 3616
f 3668 3647 3742
f 3742 3716 3668
f 3716 3667 3668
f 3667 3716 3715
f 3667 3696 3682
f 3667 3715 3696
f 3711 3693 3712
f 3716 3696 3715
f 3695 3681 3682
f 3682 3696 3695
f 3712 3713 3736
f 3711 3712 3733
f 3733 3712 3736
f 3710 3711 3730
f 3730 3711 3733
f 3730 3733 3731
f 3731 3733 3734
f 3694 3713 3712
f 3712 3693 3694
f 3711 3710 3693
f 3680 3694 3693
f 3721 3707 3706
f 3706 3707 3701
f 3700 3706 3701
f 3702 3697 3684
f 3702 3684 3701
f 3701 3684 3688
f 3691 3678 3692
f 3692 3678 3679
f 3691 3677 3678
f 3676 3689 3690
f 3676 3675 3689
f 3689 3675 3677
f 3689 3677 3691
f 3684 3683 3688
f 3690 3706 3687
f 3687 3706 3700
f 3688 3674 3673
f 3687 3688 3673
f 3674 3688 3669
f 3669 3688 3683
f 3669 3683 3670
f 3670 3683 3684
f 3687 3673 3690
f 3690 3673 3676
f 3746 3747 3728
f 3728 3747 3744
f 3689 3705 3708
f 3731 3710 3730
f 3732 3727 3726
f 3690 3689 3705
f 3708 3710 3709
f 3709 3710 3731
f 3709 3731 3726
f 3727 3722 3721
f 3721 3722 3707
f 3707 3722 3701
f 3723 3722 3727
f 3723 3727 3728
f 3726 3727 3721
f 3706 3709 3721
f 3721 3709 3726
f 3723 3718 3717
f 3717 3718 3701
f 3722 3723 3717
f 3717 3701 3722
f 3702 3701 3718
f 3708 3709 3706
f 3688 3687 3700
f 3688 3700 3701
f 3728 3727 3746
f 3746 3727 3732
f 3746 3732 3748
f 3748 3732 3735
f 3751 3750 3739
f 3739 3750 3737
f 3713 3714 3738
f 3738 3714 3740
f 3738 3740 3739
f 3739 3740 3741
f 3680 3681 3694
f 3694 3681 3695
f 3695 3696 3714
f 3714 3696 3716
f 3714 3716 3740
f 3740 3716 3742
f 3740 3742 3741
f 3741 3742 3743
f 3750 3749 3737
f 3737 3749 3735
f 3737 3735 3734
f 3734 3735 3731
f 3737 3738 3739
f 3734 3738 3737
f 3749 3748 3735
f 3735 3732 3731
f 3731 3732 3726
f 3708 3706 3705
f 3705 3706 3690
f 3693 3692 3679
f 3693 3679 3680
f 3743 3751 3741
f 3741 3751 3739
f 3734 3733 3738
f 3738 3733 3736
f 3738 3736 3713
f 3714 3713 3695
f 3695 3713 3694
f 3692 3693 3710
f 3692 3710 3691
f 3691 3710 3708
f 3691 3708 3689
f 3698 3704 3699
f 3698 3699 3685
f 3685 3699 3686
f 3704 3698 3703
f 3719 3720 3703
f 3704 3703 3720
f 3744 3745 3728
f 3728 3745 3729
f 3702 3718 3719
f 3697 3698 3684
f 3685 3684 3698
f 3698 3697 3703
f 3703 3697 3702
f 3729 3724 3723
f 3729 3723 3728
f 3723 3724 3718
f 3724 3725 3719
f 3725 3720 3719
f 3719 3703 3702
f 3685 3684 3671
f 3719 3718 3724
f 3614 3617 3616
f 3668 3667 3682
f 3665 3666 3680
f 3666 3681 3680
f 3664 3663 3641
f 3641 3663 3638
f 3663 3662 3638
f 3638 3662 3635
f 3638 3635 3636
f 3638 3636 3639
f 3627 3659 3653
f 3635 3662 3636
f 3662 3660 3636
f 3636 3660 3661
f 3636 3661 3631
f 3652 3653 3658
f 3658 3653 3659
f 3658 3659 3626
f 3626 3659 3627
f 3677 3660 3678
f 3678 3660 3662
f 3678 3662 3663
f 3679 3678 3663
f 3679 3663 3664
f 3680 3679 3664
f 3680 3664 3665
f 3657 3660 3677
f 3657 3677 3675
f 3658 3657 3675
f 3658 3675 3676
f 3658 3661 3660
f 3658 3660 3657
f 3653 3652 3673
f 3653 3673 3674
f 3628 3633 3632
f 3632 3633 3637
f 3674 3669 3653
f 3627 3628 3632
f 3623 3653 3654
f 3649 3654 3653
f 3649 3653 3670
f 3669 3670 3674
f 3674 3670 3653
f 3653 3622 3627
f 3637 3616 3640
f 3640 3616 3618
f 3640 3618 3642
f 3642 3618 3619
f 3642 3619 3644
f 3644 3619 3620
f 3644 3620 3621
f 3644 3621 3646
f 3646 3621 3648
f 3666 3665 3645
f 3645 3665 3643
f 3645 3643 3644
f 3645 3644 3646
f 3682 3681 3666
f 3682 3666 3668
f 3668 3666 3645
f 3668 3645 3647
f 3647 3645 3646
f 3647 3646 3648
f 3626 3627 3631
f 3631 3627 3632
f 3640 3639 3637
f 3631 3661 3658
f 3652 3658 3676
f 3652 3676 3673
f 3626 3631 3658
f 3644 3643 3642
f 3642 3643 3639
f 3665 3664 3641
f 3665 3641 3643
f 3643 3641 3638
f 3643 3638 3639
f 3622 3653 3623
f 3622 3623 3628
f 3622 3628 3627
f 3631 3632 3636
f 3636 3632 3637
f 3640 3642 3639
f 3633 3614 3616
f 3633 3616 3637
f 3636 3637 3639
f 3615 3614 3633
f 3656 3625 3624
f 3656 3624 3655
f 3671 3651 3650
f 3650 3651 3656
f 3650 3656 3655
f 3671 3672 3651
f 3685 3686 3672
f 3672 3671 3685
f 3630 3629 3625
f 3625 3629 3624
f 3634 3615 3633
f 3634 3633 3629
f 3629 3633 3628
f 3684 3685 3670
f 3670 3685 3671
f 3650 3670 3671
f 3650 3655 3654
f 3650 3654 3649
f 3650 3649 3670
f 3628 3623 3629
f 3629 3623 3624
f 3623 3654 3655
f 3624 3623 3655
f 3962 4054 3982
f 3982 4054 4049
f 3962 3940 4023
f 3962 4023 4054
f 4119 4120 4042
f 4042 4120 4164
f 4042 4164 4165
f 4040 4075 4041
f 4041 4075 4076
f 4003 4041 4042
f 4042 4041 4119
f 4076 4114 4041
f 4041 4114 4115
f 4041 4115 4116
f 4117 4118 4041
f 4041 4118 4119
f 3752 3878 3851
f 3761 4171 3762
f 3762 4171 3763
f 3763 4171 4172
f 3759 4168 3760
f 3760 4168 4169
f 3760 4169 3761
f 3761 4169 4170
f 3761 4170 4171
f 4041 4116 4117
f 3851 3753 3752
f 3852 3753 3851
f 3756 3755 3852
f 3852 3755 3754
f 3852 3754 3753
f 3852 4042 3756
f 3756 4042 4165
f 3756 4165 3757
f 3757 4165 4166
f 3757 4166 3758
f 3758 4166 4167
f 3758 4167 3759
f 3759 4167 4168
f 3982 4049 4051
f 4052 4051 4049
f 3833 3891 3887
f 4052 4046 4010
f 3883 3765 3776
f 3883 3789 3802
f 3887 3802 3833
f 3833 3802 3815
f 4022 4052 4016
f 4016 4052 4010
f 4016 4010 3887
f 3887 4010 3883
f 3887 3883 3802
f 3776 3789 3883
f 3815 3826 3833
f 3833 3826 3840
f 3878 3752 3853
f 3878 3853 3883
f 3765 3831 3853
f 3752 3765 3853
f 3765 3883 3831
f 4046 4041 4010
f 4010 4041 4003
f 4040 4041 4045
f 4045 4041 4046
f 4046 4052 4051
f 4045 4044 4043
f 4045 4043 4040
f 4051 4049 4050
f 4051 4050 4045
f 4051 4045 4046
f 4050 4047 4045
f 4045 4047 4044
f 3895 3894 3919
f 3918 3917 3940
f 3895 3890 3891
f 3895 3891 3896
f 3854 3857 3891
f 3891 3857 3896
f 3833 3840 3854
f 3840 3857 3854
f 4107 4062 4063
f 3987 3988 4030
f 3782 3795 3781
f 3842 3843 3860
f 3843 3844 3861
f 3905 3929 3928
f 3992 3970 3971
f 4061 4027 4071
f 3755 3779 3767
f 3756 3757 3768
f 3901 3900 3868
f 3983 3984 4024
f 3983 4024 4023
f 4023 4024 4055
f 4023 4055 4054
f 4092 4050 4049
f 4075 4077 4078
f 4115 4114 4078
f 4078 4114 4076
f 4078 4076 4075
f 4167 4176 4168
f 4168 4176 4177
f 4168 4177 4169
f 4172 4180 4173
f 4173 4180 4181
f 4101 4091 4152
f 4053 4070 4032
f 3944 3945 3967
f 3924 3945 3944
f 3868 3856 3901
f 3901 3856 3892
f 3838 3839 3855
f 3856 3868 3855
f 3856 3855 3839
f 3788 3801 3800
f 3775 3763 3764
f 3763 3773 3762
f 3762 3773 3772
f 3762 3772 3761
f 3761 3772 3771
f 3761 3771 3760
f 3760 3771 3770
f 3760 3770 3759
f 3759 3770 3769
f 3759 3769 3758
f 3758 3769 3768
f 3758 3768 3757
f 3755 3767 3754
f 3754 3767 3753
f 3767 3766 3753
f 3765 3752 3766
f 3766 3752 3753
f 3790 3802 3789
f 3803 3816 3802
f 3841 3826 3815
f 3841 3815 3827
f 3827 3815 3816
f 3858 3857 3841
f 3841 3857 3840
f 3896 3857 3902
f 3857 3858 3897
f 3857 3897 3902
f 3920 3894 3895
f 3925 3895 3896
f 3920 3919 3894
f 3940 3963 3962
f 3963 3940 3941
f 3941 3940 3917
f 3941 3917 3918
f 3983 3962 3963
f 4130 4126 4125
f 4125 4126 4174
f 4129 4130 4125
f 4129 4125 4124
f 4118 4123 4124
f 4123 4122 4128
f 4128 4122 4127
f 4128 4127 4085
f 4133 4128 4085
f 4133 4085 4089
f 4094 4095 4090
f 4090 4095 4141
f 4141 4142 4134
f 4134 4142 4135
f 4135 4136 4131
f 4089 4094 4090
f 4089 4090 4141
f 4133 4141 4134
f 4133 4134 4129
f 4129 4134 4135
f 4129 4135 4130
f 4130 4135 4131
f 4130 4131 4126
f 4124 4123 4129
f 4129 4123 4128
f 4129 4128 4133
f 4141 4133 4089
f 4127 4122 4082
f 4127 4082 4085
f 4117 4116 4121
f 4116 4115 4121
f 4121 4115 4078
f 4121 4078 4079
f 4079 4078 4081
f 4081 4078 4080
f 4081 4080 4084
f 4093 4088 4087
f 4087 4088 4084
f 4061 4062 4107
f 4061 4107 4106
f 4095 4094 4104
f 4027 4034 4035
f 4080 4083 4084
f 4084 4083 4086
f 4084 4086 4087
f 4087 4086 4093
f 4093 4086 4092
f 4103 4093 4102
f 4057 4058 4056
f 4056 4058 4103
f 4056 4103 4102
f 4093 4050 4102
f 4102 4050 4056
f 4056 4050 4055
f 4093 4092 4050
f 4050 4049 4055
f 4054 4055 4049
f 4056 4055 4057
f 4094 4093 4103
f 4094 4103 4104
f 4104 4103 4058
f 4104 4058 4059
f 4059 4058 4025
f 4025 4058 4057
f 4057 4055 4024
f 4057 4024 4025
f 4025 4024 3985
f 3985 4024 3984
f 3928 3929 3949
f 3949 3929 3950
f 3949 3950 3971
f 3905 3928 3904
f 3904 3928 3927
f 3904 3927 3903
f 3971 3970 3949
f 3949 3970 3948
f 3949 3948 3927
f 3949 3927 3928
f 3860 3843 3861
f 3860 3861 3869
f 3869 3861 3870
f 3869 3870 3904
f 3904 3870 3905
f 3904 3903 3869
f 3869 3903 3859
f 3869 3859 3860
f 3860 3859 3842
f 3926 3927 3947
f 3947 3927 3948
f 3947 3948 3969
f 3969 3948 3970
f 3969 3970 3991
f 3991 3970 3992
f 3991 3992 3986
f 3902 3903 3926
f 3926 3903 3927
f 3858 3859 3897
f 3897 3859 3903
f 3897 3903 3902
f 3841 3842 3858
f 3818 3819 3829
f 3829 3819 3830
f 3829 3830 3843
f 3843 3830 3844
f 3817 3818 3828
f 3828 3818 3829
f 3828 3829 3842
f 3842 3829 3843
f 3819 3818 3805
f 3805 3818 3817
f 3805 3817 3804
f 3755 3756 3780
f 3755 3780 3779
f 3779 3780 3792
f 3779 3792 3767
f 3767 3792 3791
f 3816 3817 3827
f 3827 3817 3828
f 3827 3828 3841
f 3841 3828 3842
f 3803 3804 3816
f 3816 3804 3817
f 3792 3804 3791
f 3791 3804 3803
f 3791 3803 3790
f 3791 3778 3767
f 3767 3778 3777
f 3767 3777 3766
f 3766 3777 3776
f 3766 3776 3765
f 3985 3964 3968
f 3968 3964 3942
f 3968 3942 3946
f 3946 3942 3920
f 3946 3920 3925
f 3925 3920 3895
f 3984 3983 3963
f 3984 3963 3985
f 3985 3963 3964
f 3964 3963 3941
f 3964 3941 3942
f 3942 3941 3918
f 3942 3918 3920
f 3920 3918 3919
f 3901 3924 3900
f 3933 3955 3954
f 3954 3955 3977
f 3954 3977 3976
f 3965 3977 3955
f 3934 3955 3933
f 3924 3923 3900
f 3900 3923 3899
f 3900 3899 3868
f 3868 3899 3867
f 3868 3867 3855
f 3855 3867 3838
f 3838 3867 3850
f 3931 3907 3932
f 3974 3951 3952
f 3952 3951 3930
f 4026 3986 4033
f 4033 3986 3992
f 4033 3992 3993
f 3993 3992 3971
f 3993 3971 3972
f 3972 3971 3950
f 3972 3950 3973
f 3974 3973 3951
f 3909 3908 3865
f 3865 3908 3873
f 3865 3873 3864
f 3865 3864 3848
f 3848 3864 3847
f 3848 3847 3835
f 3835 3847 3834
f 3835 3834 3823
f 3862 3844 3845
f 3841 3840 3826
f 3821 3834 3846
f 3846 3834 3847
f 3846 3847 3863
f 3863 3847 3864
f 3863 3864 3872
f 3872 3864 3873
f 3872 3873 3907
f 3907 3873 3908
f 3907 3908 3932
f 3859 3858 3842
f 3861 3844 3862
f 3861 3862 3870
f 3870 3862 3871
f 3870 3871 3905
f 3905 3871 3906
f 3905 3906 3929
f 3929 3906 3930
f 3929 3930 3950
f 3950 3930 3951
f 3950 3951 3973
f 3832 3813 3814
f 3814 3813 3801
f 3850 3837 3838
f 3838 3837 3825
f 3812 3813 3825
f 3825 3813 3838
f 3838 3813 3832
f 3838 3832 3839
f 3924 3944 3923
f 3923 3922 3899
f 3899 3922 3898
f 3899 3898 3867
f 3867 3898 3866
f 3867 3866 3850
f 3850 3866 3849
f 3850 3849 3837
f 3837 3849 3836
f 3837 3836 3825
f 3825 3836 3824
f 3825 3824 3812
f 3812 3824 3811
f 3787 3788 3800
f 3787 3800 3799
f 3799 3811 3798
f 3798 3811 3810
f 3798 3810 3797
f 3797 3810 3809
f 3797 3809 3796
f 3796 3809 3808
f 3796 3808 3795
f 3846 3845 3821
f 3821 3845 3820
f 3823 3834 3822
f 3822 3834 3821
f 3805 3806 3819
f 3819 3806 3807
f 3819 3807 3820
f 3820 3807 3808
f 3820 3808 3821
f 3821 3808 3809
f 3821 3809 3822
f 3822 3809 3810
f 3810 3823 3822
f 3816 3815 3802
f 3805 3793 3806
f 3806 3793 3807
f 3811 3799 3812
f 3812 3799 3800
f 3812 3800 3813
f 3813 3800 3801
f 3793 3794 3807
f 3807 3794 3808
f 3808 3794 3795
f 3898 3909 3866
f 3866 3909 3865
f 3866 3865 3849
f 3849 3865 3848
f 3849 3848 3836
f 3836 3848 3835
f 3836 3835 3824
f 3824 3835 3823
f 3824 3823 3811
f 3811 3823 3810
f 3774 3775 3787
f 3774 3787 3786
f 3786 3787 3799
f 3786 3799 3785
f 3785 3799 3798
f 3785 3798 3784
f 3784 3798 3797
f 3784 3797 3783
f 3783 3797 3796
f 3783 3796 3782
f 3763 3775 3774
f 3763 3774 3773
f 3773 3774 3786
f 3773 3786 3772
f 3772 3786 3785
f 3772 3785 3771
f 3771 3785 3784
f 3771 3784 3770
f 3770 3784 3783
f 3770 3783 3769
f 3769 3783 3782
f 3796 3795 3782
f 3769 3782 3781
f 3769 3781 3768
f 3756 3768 3781
f 3756 3781 3780
f 3780 3781 3793
f 3780 3793 3792
f 3778 3791 3790
f 3778 3790 3777
f 3777 3790 3789
f 3777 3789 3776
f 3803 3802 3790
f 3805 3804 3792
f 3805 3792 3793
f 3794 3793 3781
f 3794 3781 3795
f 3788 3787 3775
f 3819 3820 3830
f 3830 3820 3845
f 3830 3845 3844
f 3845 3846 3862
f 3862 3846 3863
f 3862 3863 3871
f 3871 3863 3906
f 3906 3863 3872
f 3906 3872 3907
f 3906 3907 3930
f 3930 3907 3931
f 3930 3931 3952
f 4151 4140 4139
f 4150 4151 4138
f 4138 4151 4139
f 4138 4139 4195
f 4195 4139 4188
f 4188 4139 4140
f 4188 4140 4189
f 4189 4140 4132
f 4187 4188 4180
f 4186 4179 4178
f 4178 4179 4171
f 4178 4171 4170
f 4187 4186 4194
f 4149 4150 4138
f 4149 4138 4194
f 4194 4138 4195
f 4194 4195 4187
f 4187 4195 4188
f 4180 4188 4189
f 4180 4189 4181
f 4170 4169 4178
f 4178 4169 4177
f 4178 4177 4186
f 4186 4177 4185
f 4152 4151 4162
f 4152 4162 4101
f 4101 4162 4100
f 4101 4100 4053
f 4053 4100 4069
f 4053 4069 4070
f 3921 3922 3943
f 3943 3922 3944
f 3943 3944 3966
f 3989 3966 3990
f 3967 3990 3966
f 3967 3966 3944
f 3923 3944 3922
f 3922 3921 3898
f 3898 3921 3909
f 4161 4150 4160
f 4160 4150 4149
f 4099 4161 4098
f 4098 4161 4160
f 4098 4160 4159
f 4039 3998 3999
f 4039 3999 4029
f 4030 4029 3987
f 3987 4029 3999
f 4193 4185 4184
f 4192 4184 4183
f 4192 4183 4191
f 4146 4147 4196
f 4196 4147 4148
f 4196 4148 4197
f 4145 4146 4191
f 4191 4146 4196
f 4191 4196 4192
f 4192 4196 4197
f 4192 4197 4193
f 4193 4184 4192
f 4167 4166 4183
f 4167 4183 4184
f 4167 4184 4176
f 4176 4184 4185
f 4176 4185 4177
f 4166 4175 4183
f 4183 4175 4182
f 4183 4182 4191
f 4191 4182 4190
f 4191 4190 4145
f 4148 4193 4197
f 4146 4145 4156
f 4144 4145 4137
f 4156 4145 4144
f 4156 4144 4155
f 4155 4144 4154
f 3896 3902 3925
f 3925 3902 3926
f 3925 3926 3946
f 3946 3926 3947
f 3946 3947 3968
f 3968 3947 3969
f 3968 3969 3985
f 3985 3969 3991
f 3985 3991 3986
f 3985 3986 4025
f 4025 3986 4026
f 4025 4026 4060
f 4025 4060 4059
f 4059 4060 4105
f 4059 4105 4104
f 4104 4105 4095
f 4095 4105 4096
f 4095 4096 4153
f 4095 4153 4142
f 4142 4153 4143
f 4136 4144 4137
f 4136 4137 4182
f 4164 4120 4125
f 4125 4120 4119
f 4125 4119 4124
f 4124 4119 4118
f 4123 4118 4117
f 4123 4117 4122
f 4122 4117 4121
f 4122 4121 4079
f 4122 4079 4082
f 4082 4079 4081
f 4082 4081 4085
f 4085 4081 4084
f 4085 4084 4089
f 4089 4084 4088
f 4089 4088 4093
f 4089 4093 4094
f 4141 4095 4142
f 4142 4143 4135
f 4135 4143 4144
f 4135 4144 4136
f 4131 4136 4182
f 4131 4182 4126
f 4126 4182 4175
f 4126 4175 4174
f 4174 4175 4166
f 4174 4166 4165
f 4174 4165 4125
f 4125 4165 4164
f 4111 4098 4159
f 4111 4159 4158
f 4113 4099 4112
f 4112 4099 4098
f 4112 4098 4111
f 4110 4111 4158
f 4110 4158 4157
f 4068 4113 4067
f 4067 4113 4112
f 4067 4112 4111
f 4109 4110 4157
f 3975 3997 3996
f 4097 4106 4107
f 4110 4109 4065
f 4067 4066 4029
f 4067 4029 4068
f 4068 4029 4030
f 4068 4030 4069
f 4069 4030 4031
f 4148 4159 4149
f 4151 4152 4140
f 4159 4160 4149
f 4151 4150 4161
f 4151 4161 4162
f 4162 4161 4100
f 4100 4161 4099
f 4100 4099 4113
f 4100 4113 4069
f 4069 4113 4068
f 4109 4064 4065
f 4065 4074 4066
f 4066 4074 4039
f 4066 4039 4028
f 4066 4028 4029
f 4031 4030 3989
f 4154 4097 4155
f 4155 4097 4107
f 4155 4107 4163
f 4163 4107 4108
f 4163 4108 4109
f 4110 4065 4066
f 4109 4108 4064
f 4065 4064 4074
f 4074 4038 4039
f 4028 4039 4029
f 3989 4030 3988
f 4071 4036 4072
f 4072 4036 4037
f 3997 3998 4038
f 4037 4038 4073
f 4073 4064 4063
f 4027 4035 4071
f 4071 4035 4036
f 4037 3996 3997
f 3997 3975 3976
f 3976 3975 3953
f 3976 3953 3954
f 3954 3953 3932
f 3954 3932 3933
f 4108 4107 4063
f 4108 4063 4064
f 4064 4073 4074
f 4074 4073 4038
f 4039 4038 3998
f 4035 4034 3994
f 4035 3994 4036
f 4036 3994 3995
f 4036 3995 4037
f 4037 3995 3996
f 3996 3974 3975
f 3975 3974 3952
f 3975 3952 3953
f 3953 3952 3932
f 4172 4171 4180
f 4180 4171 4179
f 4180 4179 4187
f 4187 4179 4186
f 4194 4186 4185
f 4194 4185 4193
f 4194 4193 4149
f 4149 4193 4148
f 4159 4148 4147
f 4159 4147 4158
f 4158 4147 4146
f 4158 4146 4157
f 4157 4146 4156
f 4061 4071 4062
f 4062 4071 4063
f 4063 4071 4072
f 4063 4072 4073
f 4073 4072 4037
f 4038 4037 3997
f 3998 3997 3976
f 3998 3976 3999
f 3999 3976 3977
f 3999 3977 3987
f 3987 3977 3988
f 3988 3977 3965
f 3988 3965 3989
f 4190 4182 4137
f 4190 4137 4145
f 4144 4143 4154
f 4154 4143 4153
f 4154 4153 4096
f 4154 4096 4097
f 4097 4096 4106
f 4106 4096 4105
f 4106 4105 4061
f 4061 4105 4060
f 4061 4060 4027
f 4027 4060 4026
f 4027 4026 4034
f 4034 4026 4033
f 4034 4033 3993
f 4034 3993 3994
f 3994 3993 3972
f 3994 3972 3995
f 3995 3972 3973
f 3995 3973 3996
f 3996 3973 3974
f 3952 3931 3932
f 3932 3908 3933
f 3933 3908 3909
f 3933 3909 3921
f 3933 3921 3934
f 3934 3921 3955
f 3955 3921 3943
f 3955 3943 3965
f 3965 3943 3966
f 3965 3966 3989
f 3989 3990 4031
f 4031 3990 4032
f 4031 4032 4070
f 4031 4070 4069
f 4066 4067 4111
f 4066 4111 4110
f 4109 4157 4163
f 4163 4157 4156
f 4163 4156 4155
f 4086 4047 4050
f 4050 4092 4086
f 4083 4080 4044
f 4044 4080 4078
f 4047 4086 4044
f 4044 4086 4083
f 4077 4043 4078
f 4078 4043 4044
f 3962 3983 3940
f 4023 3940 3983
f 4181 3775 3764
f 4181 3764 4173
f 4173 3764 4172
f 4172 3764 3763
f 3775 3945 3924
f 3775 3924 3901
f 4181 3967 3775
f 3775 3967 3945
f 3775 3901 3892
f 3775 3892 3856
f 3856 3788 3775
f 4032 3990 4181
f 4181 3990 3967
f 4032 4181 4189
f 4189 4132 4032
f 4032 4132 4140
f 3856 3801 3788
f 4032 4140 4152
f 4032 4152 4053
f 3856 3814 3801
f 3814 3856 3832
f 3856 3839 3832
f 4053 4152 4091
f 4053 4091 4101
f 4075 4040 4077
f 4077 4040 4043
f 3895 3893 3889
f 3895 3889 3890
f 3891 3833 3854
f 4021 4051 4052
f 4052 4022 4021
f 3960 3982 4020
f 4020 3982 4051
f 3962 3960 3961
f 3961 3960 3939
f 3939 3960 3938
f 3939 3938 3915
f 3939 3915 3916
f 3916 3915 3888
f 3916 3888 3917
f 3917 3888 3889
f 3917 3889 3893
f 3982 3960 3962
f 3960 4017 3938
f 4020 4019 3960
f 3960 4019 4018
f 3960 4018 4017
f 3937 3981 3885
f 3886 4013 4014
f 4015 4016 3886
f 3981 4011 3886
f 3886 4011 4012
f 4015 3886 4048
f 3981 3886 3885
f 3886 4012 4013
f 3886 4016 3887
f 3885 3884 3937
f 3937 3884 3914
f 3886 4014 4048
f 4014 4020 4048
f 4048 4020 4051
f 4020 4014 4019
f 4019 4014 4013
f 4012 4018 4013
f 4013 4018 4019
f 3981 4017 4011
f 4011 4017 4012
f 4012 4017 4018
f 3937 3938 3981
f 3981 3938 4017
f 3938 3937 3914
f 3938 3914 3915
f 3915 3914 3884
f 3915 3884 3888
f 3888 3884 3885
f 3888 3885 3889
f 3886 3890 3885
f 3885 3890 3889
f 3887 3891 3886
f 3886 3891 3890
f 4048 4051 4015
f 4015 4051 4021
f 4015 4021 4016
f 4016 4021 4022
f 3940 3939 3916
f 3962 3961 3940
f 3940 3961 3939
f 3916 3917 3940
f 3940 3917 3893
f 3940 3893 3918
f 3893 3895 3919
f 3893 3919 3918
f 4003 4002 4009
f 4003 4009 4010
f 4042 4004 4003
f 4003 4004 4002
f 4005 3958 3936
f 4046 4010 4045
f 4045 4010 4009
f 4045 4009 4008
f 3958 4005 3980
f 4005 4006 3980
f 3980 4006 4007
f 4005 3936 3979
f 3958 3956 3936
f 3936 3956 3935
f 3936 3935 3910
f 3936 3910 3912
f 3912 3910 3874
f 3912 3874 3879
f 3879 3874 3875
f 3879 3875 3880
f 3956 3958 3978
f 3978 3958 3980
f 3980 4007 3978
f 3978 4007 4000
f 4000 4007 4001
f 4001 4007 4008
f 4001 4008 4009
f 4001 4009 4002
f 3882 3877 3883
f 3883 3877 3878
f 3882 3880 3875
f 3882 3875 3877
f 3875 3874 3911
f 3911 3874 3910
f 4001 3957 3956
f 4001 3956 3978
f 3978 4000 4001
f 4046 4045 4009
f 4046 4009 4010
f 3853 3831 3883
f 4009 4008 3936
f 4009 3936 4010
f 3936 4007 3979
f 3979 4007 4006
f 3979 4006 4005
f 4008 4007 3936
f 3912 3880 3936
f 3936 3880 3882
f 3936 3882 4010
f 4010 3882 3883
f 3880 3912 3879
f 3852 3878 4004
f 4004 3878 3877
f 4004 3877 4002
f 4002 3877 4001
f 3878 3852 3851
f 3875 3910 3935
f 3875 3935 3956
f 3875 3956 3957
f 3875 3957 3877
f 3877 3957 4001
f 3910 3875 3911
f 3852 4004 4042
f 3913 3880 3912
f 3959 3957 3956
f 3959 3956 3958
f 3958 3956 3935
f 3958 3935 3936
f 3912 3910 3911
f 3912 3911 3913
f 3913 3911 3875
f 3913 3875 3880
f 3881 3880 3876
f 3876 3880 3875
f 3910 3912 3875
f 3875 3912 3880
f 4295 4291 4294
f 4294 4291 4290
f 4291 4295 4290
f 4290 4295 4294
f 4288 4292 4289
f 4289 4292 4293
f 4292 4288 4293
f 4293 4288 4289
f 4297 4293 4296
f 4296 4293 4292
f 4294 4298 4295
f 4295 4298 4299
f 4298 4294 4299
f 4299 4294 4295
f 4298 4274 4275
f 4298 4275 4299
f 4274 4298 4297
f 4274 4297 4296
f 4238 4242 4262
f 4238 4262 4258
f 4257 4261 4241
f 4257 4241 4237
f 4237 4222 4257
f 4257 4222 4296
f 4297 4257 4296
f 4223 4238 4258
f 4223 4258 4299
f 4299 4258 4298
f 4298 4258 4297
f 4297 4258 4257
f 4222 4237 4223
f 4223 4237 4238
f 4296 4292 4297
f 4297 4292 4293
f 4209 4208 4211
f 4211 4208 4210
f 4211 4210 4223
f 4223 4210 4222
f 4292 4288 4272
f 4272 4288 4270
f 4273 4271 4295
f 4295 4271 4291
f 4295 4291 4273
f 4273 4291 4271
f 4275 4223 4299
f 4221 4209 4223
f 4209 4211 4223
f 4210 4208 4222
f 4208 4220 4222
f 4222 4274 4296
f 4272 4270 4292
f 4292 4270 4288
f 4296 4272 4292
f 4274 4254 4272
f 4274 4272 4296
f 4204 4218 4208
f 4208 4218 4220
f 4254 4274 4234
f 4234 4274 4222
f 4222 4220 4234
f 4256 4274 4222
f 4222 4274 4254
f 4222 4254 4234
f 4222 4236 4256
f 4259 4275 4256
f 4256 4275 4274
f 4240 4241 4260
f 4242 4238 4239
f 4243 4242 4239
f 4238 4237 4236
f 4236 4237 4241
f 4241 4240 4236
f 4243 4263 4242
f 4263 4262 4242
f 4260 4261 4256
f 4261 4257 4256
f 4256 4257 4259
f 4257 4258 4259
f 4259 4258 4262
f 4259 4262 4263
f 4241 4261 4260
f 4204 4207 4208
f 4208 4207 4209
f 4208 4209 4210
f 4210 4209 4211
f 4210 4211 4222
f 4222 4211 4223
f 4222 4223 4236
f 4236 4223 4239
f 4236 4239 4238
f 4256 4236 4260
f 4260 4236 4240
f 4275 4273 4299
f 4209 4207 4219
f 4299 4273 4295
f 4223 4275 4259
f 4235 4223 4221
f 4223 4235 4255
f 4223 4255 4275
f 4275 4255 4273
f 4221 4209 4219
f 4259 4239 4223
f 4221 4219 4207
f 4207 4209 4221
f 4243 4239 4259
f 4243 4259 4263
f 4208 4209 4204
f 4204 4209 4207
f 4205 4206 4207
f 4205 4207 4204
f 4207 4206 4204
f 4205 4204 4206
f 4202 4200 4204
f 4201 4203 4207
f 4245 4249 4225
f 4225 4249 4229
f 4250 4246 4226
f 4250 4226 4230
f 4287 4283 4282
f 4287 4282 4286
f 4286 4282 4281
f 4286 4281 4285
f 4285 4281 4280
f 4285 4280 4284
f 4281 4277 4280
f 4280 4277 4276
f 4277 4281 4282
f 4277 4282 4278
f 4283 4279 4278
f 4283 4278 4282
f 4264 4276 4277
f 4264 4277 4278
f 4264 4278 4265
f 4265 4278 4279
f 4247 4227 4246
f 4227 4226 4246
f 4225 4229 4228
f 4230 4231 4229
f 4231 4230 4226
f 4226 4227 4231
f 4224 4225 4228
f 4245 4225 4224
f 4247 4246 4251
f 4251 4246 4250
f 4250 4249 4248
f 4248 4249 4245
f 4245 4224 4244
f 4245 4244 4248
f 4264 4265 4248
f 4248 4265 4251
f 4248 4251 4250
f 4228 4229 4231
f 4228 4231 4212
f 4212 4231 4213
f 4212 4213 4198
f 4198 4213 4199
f 4279 4283 4282
f 4282 4278 4279
f 4281 4277 4278
f 4281 4278 4282
f 4277 4281 4276
f 4276 4281 4280
f 4212 4249 4276
f 4279 4250 4213
f 4213 4250 4230
f 4212 4229 4249
f 4276 4249 4277
f 4277 4249 4278
f 4278 4249 4250
f 4213 4230 4212
f 4212 4230 4229
f 4250 4279 4278
f 4213 4212 4199
f 4199 4212 4198
f 4199 4198 4201
f 4201 4198 4200
f 4198 4200 4212
f 4244 4224 4248
f 4248 4224 4228
f 4266 4268 4280
f 4280 4268 4284
f 4283 4287 4267
f 4267 4287 4269
f 4247 4251 4231
f 4247 4231 4227
f 4199 4213 4201
f 4267 4269 4283
f 4283 4269 4287
f 4280 4284 4266
f 4266 4284 4268
f 4201 4215 4213
f 4265 4279 4267
f 4267 4279 4283
f 4203 4217 4219
f 4203 4219 4207
f 4265 4267 4253
f 4265 4253 4251
f 4251 4253 4231
f 4231 4253 4233
f 4231 4233 4213
f 4213 4233 4215
f 4217 4203 4201
f 4217 4201 4215
f 4207 4219 4217
f 4207 4217 4201
f 4253 4279 4213
f 4253 4213 4233
f 4253 4267 4279
f 4276 4280 4266
f 4252 4276 4266
f 4276 4252 4212
f 4212 4252 4232
f 4216 4200 4214
f 4200 4216 4204
f 4204 4216 4218
f 4212 4232 4214
f 4232 4252 4228
f 4228 4252 4248
f 4248 4252 4264
f 4264 4252 4266
f 4264 4266 4276
f 4200 4202 4216
f 4216 4202 4218
f 4218 4202 4204
f 4214 4212 4200
f 4232 4228 4212
f 4549 4566 4548
f 4548 4566 4565
f 4562 4545 4561
f 4545 4526 4544
f 4545 4544 4561
f 4489 4488 4508
f 4543 4525 4542
f 4491 4490 4509
f 4491 4509 4510
f 4566 4564 4562
f 4545 4547 4549
f 4564 4566 4547
f 4547 4566 4549
f 4566 4562 4565
f 4565 4562 4561
f 4563 4546 4565
f 4565 4546 4548
f 4544 4546 4561
f 4561 4546 4563
f 4563 4565 4561
f 4548 4546 4547
f 4548 4547 4549
f 4330 4329 4323
f 4323 4329 4322
f 4323 4322 4330
f 4330 4322 4329
f 4365 4334 4361
f 4334 4327 4361
f 4361 4327 4326
f 4361 4326 4360
f 4300 4302 4320
f 4302 4327 4320
f 4353 4319 4320
f 4353 4320 4354
f 4354 4320 4313
f 4354 4313 4349
f 4301 4300 4321
f 4321 4300 4320
f 4350 4314 4355
f 4314 4321 4355
f 4355 4321 4322
f 4355 4322 4356
f 4303 4301 4328
f 4328 4301 4321
f 4363 4329 4328
f 4363 4328 4362
f 4328 4335 4362
f 4362 4335 4366
f 4303 4327 4302
f 4327 4303 4328
f 4308 4315 4314
f 4307 4308 4309
f 4305 4306 4313
f 4314 4313 4306
f 4314 4306 4307
f 4312 4305 4313
f 4311 4312 4319
f 4318 4311 4319
f 4325 4318 4326
f 4340 4339 4334
f 4334 4339 4333
f 4335 4342 4341
f 4316 4323 4330
f 4335 4334 4328
f 4328 4334 4327
f 4341 4340 4334
f 4341 4334 4335
f 4332 4325 4326
f 4332 4326 4333
f 4333 4326 4327
f 4318 4319 4326
f 4326 4319 4327
f 4327 4319 4320
f 4312 4320 4319
f 4312 4313 4320
f 4321 4320 4313
f 4313 4314 4321
f 4314 4307 4308
f 4315 4322 4321
f 4315 4321 4314
f 4323 4315 4316
f 4315 4323 4322
f 4322 4330 4321
f 4321 4330 4328
f 4337 4329 4330
f 4330 4329 4328
f 4316 4315 4314
f 4336 4342 4335
f 4337 4336 4335
f 4337 4335 4329
f 4329 4335 4328
f 4333 4327 4334
f 4404 4382 4379
f 4430 4448 4447
f 4433 4453 4436
f 4433 4451 4453
f 4451 4433 4452
f 4434 4468 4433
f 4433 4468 4452
f 4446 4462 4434
f 4434 4462 4468
f 4446 4483 4462
f 4447 4484 4446
f 4446 4484 4483
f 4464 4485 4448
f 4484 4447 4485
f 4485 4447 4448
f 4370 4369 4344
f 4307 4371 4306
f 4306 4371 4370
f 4306 4370 4344
f 4306 4344 4305
f 4305 4344 4348
f 4305 4348 4312
f 4347 4311 4312
f 4311 4347 4375
f 4311 4347 4352
f 4311 4352 4318
f 4382 4359 4352
f 4318 4352 4359
f 4318 4359 4325
f 4404 4401 4419
f 4438 4421 4419
f 4419 4421 4404
f 4397 4416 4401
f 4401 4416 4419
f 4415 4430 4414
f 4414 4430 4447
f 4436 4438 4419
f 4436 4419 4433
f 4433 4419 4416
f 4433 4416 4397
f 4433 4397 4434
f 4434 4397 4398
f 4434 4398 4417
f 4434 4417 4446
f 4446 4417 4413
f 4446 4413 4447
f 4447 4413 4414
f 4376 4348 4369
f 4369 4348 4344
f 4379 4382 4352
f 4379 4352 4375
f 4375 4352 4347
f 4397 4375 4376
f 4376 4375 4347
f 4376 4347 4348
f 4348 4347 4312
f 4371 4415 4370
f 4370 4415 4414
f 4370 4414 4369
f 4369 4414 4413
f 4369 4413 4376
f 4376 4413 4417
f 4376 4417 4397
f 4397 4417 4398
f 4397 4398 4375
f 4375 4397 4379
f 4379 4397 4401
f 4379 4401 4404
f 4466 4450 4449
f 4465 4486 4466
f 4465 4449 4448
f 4465 4448 4464
f 4466 4449 4465
f 4371 4307 4345
f 4372 4308 4307
f 4372 4307 4371
f 4346 4309 4308
f 4346 4308 4373
f 4373 4308 4372
f 4449 4450 4432
f 4396 4395 4432
f 4432 4395 4449
f 4415 4448 4394
f 4394 4448 4395
f 4395 4372 4371
f 4395 4371 4394
f 4396 4373 4395
f 4395 4373 4372
f 4448 4449 4395
f 4377 4316 4373
f 4373 4316 4309
f 4377 4351 4316
f 4511 4492 4470
f 4507 4511 4470
f 4487 4507 4466
f 4466 4507 4470
f 4486 4487 4466
f 4309 4346 4373
f 4435 4418 4377
f 4435 4377 4432
f 4432 4377 4373
f 4432 4373 4396
f 4470 4435 4466
f 4466 4435 4432
f 4466 4432 4450
f 4399 4377 4418
f 4357 4316 4351
f 4357 4323 4316
f 4323 4357 4380
f 4380 4402 4420
f 4377 4399 4402
f 4402 4399 4418
f 4402 4418 4437
f 4402 4357 4377
f 4377 4357 4351
f 4380 4357 4402
f 4511 4512 4492
f 4492 4512 4494
f 4492 4494 4472
f 4492 4472 4470
f 4418 4435 4437
f 4437 4435 4470
f 4472 4437 4470
f 4494 4512 4472
f 4437 4420 4402
f 4452 4446 4451
f 4452 4462 4446
f 4483 4484 4462
f 4462 4484 4463
f 4463 4484 4464
f 4484 4485 4464
f 4485 4486 4464
f 4464 4486 4465
f 4486 4506 4507
f 4486 4507 4487
f 4394 4371 4370
f 4324 4378 4317
f 4317 4378 4374
f 4317 4374 4310
f 4310 4374 4375
f 4310 4375 4311
f 4369 4305 4375
f 4375 4305 4311
f 4305 4369 4306
f 4306 4369 4370
f 4370 4371 4345
f 4370 4345 4306
f 4306 4345 4307
f 4414 4463 4464
f 4464 4448 4414
f 4414 4448 4415
f 4414 4415 4394
f 4413 4462 4414
f 4414 4462 4463
f 4462 4413 4446
f 4429 4433 4451
f 4429 4451 4446
f 4421 4419 4403
f 4403 4419 4400
f 4403 4400 4381
f 4324 4358 4378
f 4378 4358 4381
f 4446 4413 4429
f 4429 4413 4393
f 4429 4393 4433
f 4433 4393 4397
f 4400 4419 4401
f 4401 4419 4397
f 4397 4419 4433
f 4370 4414 4394
f 4381 4400 4378
f 4378 4400 4401
f 4378 4401 4374
f 4374 4401 4397
f 4374 4397 4375
f 4375 4397 4393
f 4375 4393 4369
f 4369 4393 4413
f 4332 4338 4339
f 4386 4407 4425
f 4425 4407 4442
f 4442 4457 4477
f 4364 4367 4337
f 4364 4337 4330
f 4411 4412 4445
f 4461 4460 4445
f 4343 4392 4391
f 4343 4391 4342
f 4390 4341 4342
f 4390 4342 4391
f 4410 4459 4428
f 4411 4391 4392
f 4411 4392 4412
f 4391 4411 4390
f 4390 4411 4410
f 4411 4460 4410
f 4410 4460 4459
f 4445 4460 4411
f 4504 4503 4482
f 4520 4504 4482
f 4517 4520 4477
f 4477 4520 4482
f 4499 4517 4477
f 4425 4442 4386
f 4337 4367 4386
f 4337 4386 4392
f 4337 4392 4343
f 4386 4442 4392
f 4392 4442 4445
f 4392 4445 4412
f 4442 4477 4445
f 4445 4477 4482
f 4445 4482 4461
f 4482 4481 4461
f 4481 4460 4461
f 4480 4459 4481
f 4481 4459 4460
f 4482 4503 4481
f 4427 4428 4459
f 4427 4459 4480
f 4389 4390 4410
f 4341 4390 4389
f 4389 4340 4341
f 4339 4340 4389
f 4389 4388 4339
f 4387 4332 4388
f 4388 4332 4339
f 4332 4387 4385
f 4332 4385 4331
f 4331 4385 4384
f 4331 4384 4324
f 4324 4384 4381
f 4324 4381 4358
f 4421 4440 4438
f 4458 4440 4443
f 4426 4458 4443
f 4458 4426 4478
f 4478 4426 4427
f 4478 4427 4479
f 4440 4406 4443
f 4443 4406 4408
f 4443 4408 4426
f 4421 4403 4404
f 4421 4404 4440
f 4440 4404 4406
f 4480 4479 4427
f 4427 4389 4410
f 4427 4410 4428
f 4389 4427 4388
f 4388 4427 4426
f 4388 4426 4387
f 4387 4426 4408
f 4387 4408 4385
f 4385 4408 4406
f 4385 4406 4384
f 4384 4406 4381
f 4381 4406 4404
f 4381 4404 4403
f 4383 4405 4364
f 4386 4405 4407
f 4386 4367 4364
f 4386 4364 4405
f 4440 4455 4454
f 4440 4454 4438
f 4458 4478 4455
f 4501 4500 4478
f 4478 4479 4501
f 4502 4501 4479
f 4519 4504 4520
f 4504 4519 4503
f 4405 4422 4439
f 4514 4517 4499
f 4514 4499 4495
f 4499 4474 4495
f 4495 4474 4514
f 4405 4439 4442
f 4405 4442 4407
f 4499 4477 4474
f 4474 4477 4457
f 4439 4474 4457
f 4439 4457 4442
f 4502 4479 4480
f 4480 4481 4502
f 4502 4481 4503
f 4440 4458 4455
f 4364 4330 4383
f 4405 4383 4422
f 4477 4517 4514
f 4514 4474 4477
f 4460 4481 4482
f 4482 4481 4519
f 4482 4519 4520
f 4411 4444 4445
f 4367 4337 4343
f 4367 4343 4368
f 4439 4422 4383
f 4392 4411 4445
f 4392 4445 4386
f 4445 4442 4386
f 4386 4367 4368
f 4386 4368 4392
f 4392 4368 4391
f 4439 4383 4442
f 4442 4383 4386
f 4383 4364 4386
f 4477 4474 4439
f 4477 4439 4442
f 4477 4442 4482
f 4482 4442 4445
f 4482 4445 4460
f 4460 4445 4444
f 4324 4325 4331
f 4331 4325 4332
f 4333 4339 4332
f 4305 4304 4311
f 4317 4310 4311
f 4325 4324 4318
f 4318 4324 4317
f 4311 4318 4317
f 4312 4311 4305
f 4512 4511 4472
f 4431 4432 4449
f 4466 4507 4506
f 4466 4506 4465
f 4472 4511 4470
f 4420 4437 4380
f 4346 4309 4316
f 4346 4316 4351
f 4380 4377 4357
f 4431 4395 4432
f 4432 4395 4373
f 4432 4373 4435
f 4435 4373 4377
f 4373 4372 4346
f 4373 4346 4377
f 4377 4346 4351
f 4380 4437 4377
f 4377 4437 4435
f 4437 4472 4435
f 4435 4472 4470
f 4435 4470 4432
f 4432 4470 4466
f 4432 4466 4449
f 4529 4530 4513
f 4513 4530 4514
f 4506 4511 4507
f 4464 4485 4463
f 4463 4485 4484
f 4506 4507 4524
f 4506 4524 4523
f 4524 4507 4511
f 4511 4527 4524
f 4455 4424 4423
f 4456 4441 4455
f 4424 4455 4441
f 4456 4476 4496
f 4315 4306 4307
f 4342 4341 4336
f 4336 4341 4340
f 4315 4307 4308
f 4309 4316 4315
f 4309 4315 4308
f 4332 4325 4311
f 4311 4325 4318
f 4312 4305 4315
f 4315 4305 4306
f 4337 4343 4336
f 4336 4343 4342
f 4336 4340 4339
f 4336 4339 4333
f 4533 4517 4530
f 4530 4517 4514
f 4537 4520 4533
f 4533 4520 4517
f 4520 4537 4536
f 4520 4536 4519
f 4514 4512 4530
f 4530 4512 4528
f 4511 4527 4512
f 4512 4527 4528
f 4512 4514 4472
f 4472 4514 4474
f 4472 4474 4437
f 4437 4474 4439
f 4437 4439 4420
f 4420 4439 4405
f 4420 4405 4380
f 4380 4405 4383
f 4380 4383 4364
f 4380 4364 4357
f 4357 4364 4330
f 4357 4330 4323
f 4436 4438 4453
f 4467 4452 4451
f 4467 4468 4452
f 4456 4476 4475
f 4456 4475 4455
f 4453 4438 4454
f 4473 4453 4454
f 4451 4471 4467
f 4478 4500 4496
f 4451 4453 4471
f 4471 4453 4473
f 4473 4454 4455
f 4478 4496 4476
f 4473 4455 4476
f 4476 4455 4475
f 4471 4468 4467
f 4488 4462 4468
f 4462 4488 4483
f 4529 4533 4530
f 4536 4537 4532
f 4532 4537 4529
f 4529 4537 4533
f 4528 4514 4530
f 4511 4514 4527
f 4527 4514 4528
f 4476 4455 4456
f 4476 4456 4478
f 4468 4452 4462
f 4522 4505 4521
f 4484 4483 4522
f 4522 4483 4505
f 4522 4485 4484
f 4522 4506 4485
f 4522 4523 4506
f 4540 4541 4522
f 4522 4541 4523
f 4522 4539 4540
f 4522 4538 4539
f 4522 4521 4538
f 4506 4486 4485
f 4523 4510 4506
f 4523 4526 4510
f 4541 4545 4523
f 4523 4545 4526
f 4540 4544 4545
f 4540 4545 4541
f 4544 4540 4561
f 4561 4540 4559
f 4561 4559 4558
f 4561 4558 4560
f 4560 4558 4539
f 4560 4539 4543
f 4543 4539 4542
f 4542 4539 4538
f 4542 4538 4521
f 4542 4521 4525
f 4525 4521 4508
f 4508 4521 4505
f 4508 4505 4488
f 4488 4505 4483
f 4484 4488 4483
f 4484 4489 4488
f 4506 4510 4491
f 4506 4491 4486
f 4486 4491 4490
f 4486 4490 4485
f 4485 4490 4489
f 4485 4489 4484
f 4559 4540 4539
f 4559 4539 4558
f 4473 4476 4471
f 4471 4476 4496
f 4471 4496 4493
f 4471 4493 4468
f 4468 4493 4488
f 4489 4469 4488
f 4468 4488 4469
f 4488 4493 4496
f 4488 4496 4508
f 4508 4496 4515
f 4531 4525 4515
f 4515 4525 4508
f 4550 4542 4531
f 4531 4542 4525
f 4567 4560 4551
f 4551 4560 4543
f 4551 4543 4550
f 4550 4543 4542
f 4552 4544 4568
f 4568 4544 4561
f 4568 4561 4567
f 4567 4561 4560
f 4553 4545 4552
f 4552 4545 4544
f 4532 4526 4553
f 4553 4526 4545
f 4516 4510 4532
f 4532 4510 4526
f 4497 4501 4496
f 4496 4501 4500
f 4496 4500 4518
f 4496 4518 4515
f 4515 4518 4534
f 4515 4534 4531
f 4531 4534 4554
f 4531 4554 4550
f 4550 4554 4555
f 4550 4555 4551
f 4551 4555 4569
f 4551 4569 4567
f 4567 4569 4570
f 4567 4570 4568
f 4568 4570 4556
f 4568 4556 4552
f 4552 4556 4557
f 4552 4557 4553
f 4553 4557 4536
f 4553 4536 4532
f 4532 4536 4519
f 4532 4519 4516
f 4569 4555 4556
f 4569 4556 4570
f 4516 4519 4503
f 4516 4503 4498
f 4479 4409 4503
f 4503 4409 4410
f 4503 4410 4411
f 4503 4502 4479
f 4554 4534 4555
f 4556 4536 4557
f 4502 4503 4519
f 4501 4518 4500
f 4535 4519 4536
f 4502 4519 4535
f 4535 4501 4502
f 4518 4501 4535
f 4535 4534 4518
f 4555 4534 4535
f 4535 4556 4555
f 4536 4556 4535
f 4315 4330 4312
f 4312 4330 4337
f 4337 4336 4312
f 4312 4336 4333
f 4315 4316 4330
f 4311 4312 4332
f 4332 4312 4333
f 4782 4781 4780
f 4780 4781 4775
f 4780 4775 4774
f 4774 4775 4773
f 4774 4773 4768
f 4768 4773 4759
f 4768 4759 4754
f 4754 4759 4729
f 4754 4729 4725
f 4725 4729 4735
f 4725 4735 4730
f 4730 4735 4741
f 4730 4741 4736
f 4736 4741 4747
f 4736 4747 4742
f 4742 4747 4763
f 4742 4763 4762
f 4762 4763 4779
f 4762 4779 4778
f 4778 4779 4777
f 4778 4777 4776
f 4776 4777 4783
f 4776 4783 4782
f 4782 4783 4781
f 4741 4735 4761
f 4761 4763 4747
f 4761 4747 4741
f 4761 4779 4763
f 4761 4777 4779
f 4761 4783 4777
f 4775 4781 4761
f 4761 4781 4783
f 4761 4773 4775
f 4761 4759 4773
f 4735 4729 4761
f 4761 4729 4759
f 4736 4760 4730
f 4760 4754 4725
f 4760 4725 4730
f 4760 4768 4754
f 4760 4774 4768
f 4782 4780 4760
f 4760 4780 4774
f 4776 4782 4760
f 4760 4778 4776
f 4760 4762 4778
f 4736 4742 4760
f 4760 4742 4762
f 4605 4628 4627
f 4627 4604 4605
f 4605 4623 4628
f 4574 4580 4579
f 4580 4574 4575
f 4580 4575 4576
f 4580 4576 4581
f 4623 4624 4605
f 4606 4605 4624
f 4728 4758 4729
f 4729 4758 4759
f 4708 4735 4712
f 4712 4735 4741
f 4716 4746 4720
f 4720 4746 4745
f 4720 4745 4749
f 4720 4749 4719
f 4773 4759 4772
f 4759 4758 4772
f 4772 4758 4753
f 4772 4753 4767
f 4767 4753 4766
f 4766 4753 4752
f 4752 4723 4699
f 4574 4585 4586
f 4574 4586 4575
f 4575 4586 4576
f 4586 4587 4576
f 4589 4581 4576
f 4589 4576 4587
f 4599 4618 4601
f 4601 4618 4620
f 4606 4624 4623
f 4606 4623 4605
f 4649 4627 4628
f 4649 4628 4650
f 4712 4711 4708
f 4708 4711 4707
f 4708 4707 4735
f 4735 4707 4734
f 4741 4740 4711
f 4741 4711 4712
f 4716 4720 4715
f 4719 4715 4720
f 4728 4729 4734
f 4734 4729 4735
f 4756 4759 4757
f 4729 4759 4727
f 4727 4759 4756
f 4735 4729 4732
f 4732 4729 4727
f 4733 4735 4732
f 4735 4733 4741
f 4741 4733 4739
f 4738 4741 4739
f 4738 4740 4741
f 4740 4738 4744
f 4740 4744 4746
f 4746 4744 4745
f 4746 4745 4749
f 4772 4767 4770
f 4770 4767 4766
f 4771 4773 4772
f 4771 4772 4770
f 4771 4757 4773
f 4773 4757 4759
f 4615 4616 4597
f 4678 4700 4703
f 4678 4703 4681
f 4677 4699 4678
f 4678 4699 4700
f 4594 4586 4593
f 4593 4586 4585
f 4587 4586 4594
f 4595 4587 4594
f 4595 4589 4587
f 4636 4597 4616
f 4599 4597 4636
f 4638 4599 4636
f 4638 4618 4599
f 4642 4618 4638
f 4601 4620 4642
f 4642 4620 4618
f 4641 4601 4642
f 4606 4601 4641
f 4606 4645 4605
f 4645 4606 4641
f 4645 4623 4605
f 4650 4628 4645
f 4645 4628 4623
f 4716 4740 4746
f 4685 4707 4711
f 4685 4711 4689
f 4681 4703 4685
f 4685 4703 4707
f 4636 4616 4635
f 4657 4636 4635
f 4657 4635 4654
f 4635 4616 4615
f 4615 4611 4632
f 4631 4653 4632
f 4632 4653 4654
f 4632 4611 4631
f 4631 4611 4610
f 4635 4615 4632
f 4635 4632 4654
f 4593 4610 4594
f 4594 4610 4611
f 4594 4611 4615
f 4594 4615 4595
f 4595 4615 4597
f 4595 4597 4589
f 4669 4674 4645
f 4669 4645 4665
f 4636 4657 4658
f 4636 4658 4638
f 4638 4658 4662
f 4638 4662 4661
f 4638 4661 4641
f 4641 4661 4665
f 4641 4665 4645
f 4673 4649 4674
f 4674 4649 4650
f 4674 4650 4645
f 4641 4642 4638
f 4692 4716 4696
f 4696 4716 4695
f 4695 4716 4715
f 4695 4715 4719
f 4692 4689 4716
f 4689 4711 4716
f 4716 4711 4740
f 4695 4673 4696
f 4696 4673 4674
f 4696 4674 4692
f 4692 4674 4669
f 4692 4669 4689
f 4689 4669 4665
f 4689 4665 4711
f 4653 4677 4654
f 4654 4677 4678
f 4654 4678 4657
f 4657 4678 4681
f 4657 4681 4658
f 4658 4681 4662
f 4662 4681 4685
f 4662 4685 4661
f 4661 4685 4665
f 4665 4685 4689
f 4593 4585 4610
f 4734 4707 4703
f 4728 4734 4703
f 4699 4723 4724
f 4728 4703 4724
f 4724 4703 4700
f 4724 4700 4699
f 4758 4728 4753
f 4753 4728 4724
f 4753 4724 4752
f 4752 4724 4723
f 4627 4626 4604
f 4626 4625 4604
f 4604 4625 4603
f 4603 4625 4622
f 4572 4573 4578
f 4578 4573 4579
f 4579 4573 4574
f 4578 4577 4571
f 4578 4571 4572
f 4621 4622 4602
f 4602 4622 4603
f 4755 4726 4754
f 4754 4726 4725
f 4764 4750 4769
f 4769 4750 4755
f 4750 4764 4765
f 4750 4765 4751
f 4752 4722 4751
f 4752 4751 4766
f 4766 4751 4765
f 4722 4752 4698
f 4698 4752 4699
f 4698 4699 4677
f 4698 4677 4676
f 4676 4677 4653
f 4676 4653 4652
f 4585 4609 4610
f 4610 4609 4630
f 4610 4630 4631
f 4631 4630 4653
f 4653 4630 4652
f 4585 4584 4609
f 4584 4573 4572
f 4584 4572 4583
f 4571 4582 4583
f 4571 4583 4572
f 4617 4598 4600
f 4600 4619 4617
f 4626 4648 4625
f 4625 4648 4647
f 4648 4626 4627
f 4648 4627 4649
f 4582 4571 4577
f 4582 4577 4588
f 4573 4584 4585
f 4573 4585 4574
f 4769 4755 4754
f 4769 4754 4768
f 4709 4736 4730
f 4709 4730 4705
f 4743 4713 4717
f 4743 4717 4744
f 4744 4717 4748
f 4748 4717 4718
f 4718 4719 4748
f 4748 4719 4749
f 4725 4726 4730
f 4730 4726 4731
f 4730 4731 4705
f 4731 4706 4705
f 4705 4706 4709
f 4706 4710 4709
f 4709 4710 4736
f 4736 4710 4737
f 4717 4713 4714
f 4717 4714 4718
f 4718 4714 4719
f 4719 4714 4715
f 4754 4725 4727
f 4743 4744 4737
f 4737 4744 4738
f 4738 4736 4737
f 4739 4736 4738
f 4733 4730 4739
f 4739 4730 4736
f 4730 4733 4732
f 4727 4725 4732
f 4732 4725 4730
f 4756 4754 4727
f 4757 4754 4756
f 4744 4748 4745
f 4745 4748 4749
f 4769 4768 4771
f 4770 4766 4765
f 4770 4765 4764
f 4764 4769 4770
f 4770 4769 4771
f 4757 4771 4768
f 4754 4757 4768
f 4673 4695 4694
f 4706 4684 4710
f 4710 4684 4688
f 4713 4737 4710
f 4719 4718 4695
f 4644 4622 4625
f 4644 4625 4647
f 4603 4622 4644
f 4644 4602 4603
f 4602 4644 4640
f 4602 4640 4600
f 4600 4640 4639
f 4619 4600 4639
f 4637 4617 4639
f 4639 4617 4619
f 4596 4598 4613
f 4613 4598 4617
f 4582 4588 4590
f 4590 4588 4596
f 4591 4582 4590
f 4583 4582 4591
f 4592 4584 4583
f 4698 4676 4675
f 4675 4697 4698
f 4680 4702 4675
f 4675 4702 4697
f 4671 4668 4644
f 4664 4644 4668
f 4649 4673 4648
f 4648 4673 4672
f 4648 4672 4647
f 4647 4672 4671
f 4647 4671 4644
f 4664 4640 4644
f 4639 4640 4664
f 4639 4664 4637
f 4637 4664 4660
f 4655 4633 4659
f 4659 4633 4637
f 4659 4637 4660
f 4633 4655 4656
f 4633 4656 4634
f 4634 4656 4629
f 4629 4656 4651
f 4633 4613 4637
f 4637 4613 4617
f 4634 4613 4633
f 4608 4591 4614
f 4614 4591 4590
f 4614 4590 4596
f 4614 4596 4613
f 4583 4591 4592
f 4592 4591 4608
f 4592 4608 4609
f 4609 4608 4629
f 4609 4629 4630
f 4630 4629 4651
f 4630 4651 4652
f 4629 4608 4634
f 4634 4608 4614
f 4634 4614 4613
f 4676 4652 4675
f 4675 4652 4651
f 4675 4651 4680
f 4680 4651 4656
f 4680 4656 4655
f 4695 4718 4694
f 4694 4718 4714
f 4694 4714 4693
f 4693 4714 4713
f 4693 4713 4691
f 4710 4688 4713
f 4672 4673 4694
f 4672 4694 4671
f 4671 4694 4693
f 4671 4693 4668
f 4668 4693 4691
f 4668 4691 4664
f 4743 4737 4713
f 4691 4713 4688
f 4691 4688 4664
f 4664 4688 4660
f 4660 4688 4684
f 4660 4684 4659
f 4659 4684 4706
f 4659 4706 4655
f 4655 4706 4702
f 4655 4702 4680
f 4584 4592 4609
f 4702 4731 4726
f 4706 4731 4702
f 4722 4698 4697
f 4702 4726 4697
f 4697 4726 4721
f 4697 4721 4722
f 4726 4755 4721
f 4721 4755 4750
f 4721 4750 4722
f 4722 4750 4751
f 4602 4601 4606
f 4606 4605 4604
f 4606 4604 4602
f 4602 4604 4603
f 4577 4578 4588
f 4588 4578 4579
f 4580 4581 4589
f 4580 4589 4579
f 4579 4589 4588
f 4597 4596 4589
f 4589 4596 4588
f 4599 4598 4596
f 4599 4596 4597
f 4601 4600 4599
f 4599 4600 4598
f 4600 4601 4602
f 4682 4703 4704
f 4703 4682 4681
f 4681 4700 4703
f 4642 4620 4638
f 4638 4620 4618
f 4642 4606 4601
f 4623 4624 4645
f 4645 4624 4646
f 4646 4624 4606
f 4712 4690 4708
f 4708 4690 4686
f 4682 4704 4686
f 4686 4704 4708
f 4700 4681 4678
f 4678 4681 4654
f 4632 4657 4636
f 4612 4632 4616
f 4616 4632 4636
f 4595 4612 4597
f 4597 4612 4616
f 4594 4611 4595
f 4673 4672 4649
f 4673 4649 4650
f 4673 4650 4674
f 4638 4662 4642
f 4642 4662 4666
f 4719 4695 4720
f 4720 4695 4696
f 4720 4696 4716
f 4646 4642 4666
f 4646 4666 4670
f 4670 4666 4690
f 4670 4690 4692
f 4692 4690 4716
f 4642 4646 4606
f 4692 4669 4670
f 4670 4669 4645
f 4670 4645 4646
f 4595 4611 4612
f 4612 4611 4632
f 4632 4654 4657
f 4657 4654 4681
f 4658 4681 4682
f 4658 4682 4662
f 4662 4682 4686
f 4662 4686 4666
f 4666 4686 4690
f 4666 4690 4712
f 4690 4712 4716
f 4716 4712 4741
f 4716 4741 4740
f 4704 4729 4735
f 4704 4735 4708
f 4729 4704 4728
f 4728 4704 4703
f 4728 4703 4700
f 4728 4700 4724
f 4724 4700 4723
f 4723 4700 4699
f 4687 4709 4683
f 4683 4709 4705
f 4713 4737 4709
f 4709 4737 4736
f 4644 4621 4622
f 4643 4602 4644
f 4644 4602 4621
f 4639 4600 4643
f 4643 4600 4602
f 4590 4582 4596
f 4596 4582 4588
f 4680 4702 4697
f 4680 4697 4675
f 4679 4702 4680
f 4679 4701 4702
f 4672 4648 4649
f 4663 4639 4667
f 4667 4639 4643
f 4667 4643 4668
f 4668 4643 4644
f 4659 4637 4663
f 4663 4637 4639
f 4656 4629 4633
f 4629 4608 4607
f 4629 4607 4633
f 4633 4607 4613
f 4608 4591 4590
f 4608 4590 4607
f 4607 4590 4613
f 4613 4590 4596
f 4680 4656 4679
f 4679 4656 4655
f 4694 4718 4693
f 4693 4718 4717
f 4693 4717 4691
f 4691 4717 4713
f 4691 4713 4687
f 4687 4713 4709
f 4668 4691 4667
f 4667 4691 4687
f 4667 4687 4663
f 4663 4687 4659
f 4659 4687 4683
f 4659 4683 4705
f 4659 4705 4655
f 4655 4705 4701
f 4655 4701 4679
f 4730 4725 4701
f 4701 4705 4730
f 4725 4726 4755
f 4701 4725 4702
f 4702 4725 4726
f 4697 4721 4698
f 4698 4721 4722
f 4898 4896 4897
f 4898 4897 4921
f 4921 4920 4895
f 4921 4895 4898
f 4898 4899 4896
f 4920 4921 4942
f 4942 4921 4943
f 4942 4943 4960
f 4960 4943 4961
f 4960 4961 4978
f 4978 4994 4993
f 4993 4977 4978
f 4978 4977 4960
f 5010 5009 4992
f 4992 5009 4991
f 4991 4993 4992
f 4992 4993 4994
f 5020 5019 5004
f 5004 5019 5003
f 5001 5002 5017
f 5017 5002 5018
f 5002 5001 4985
f 5002 4985 4986
f 5019 5032 5018
f 5018 5040 5039
f 5018 5039 5035
f 5018 5038 5042
f 5042 5041 5018
f 5018 5035 5030
f 5004 5003 4987
f 5004 4987 4988
f 5032 5031 5018
f 5018 5031 5038
f 5018 5041 5040
f 5030 5029 5018
f 4936 4937 4955
f 4936 4955 4954
f 4970 4986 4985
f 4988 4987 4971
f 4988 4971 4972
f 4972 4971 4954
f 4972 4954 4955
f 4985 4969 4970
f 4970 4969 4953
f 4953 4969 4952
f 4953 4952 4931
f 4931 4952 4930
f 5021 5022 5019
f 5021 5019 5018
f 5022 5021 5007
f 5007 5021 5006
f 5007 5006 5008
f 5008 5006 5010
f 5010 5006 5005
f 5010 5005 5009
f 4902 4910 4909
f 4902 4909 4901
f 4879 4878 4870
f 4871 4879 4870
f 4872 4873 4880
f 4880 4873 4881
f 4905 4906 4912
f 4905 4912 4911
f 4901 4821 4902
f 4902 4821 4822
f 4902 4822 4910
f 4910 4822 4830
f 4910 4830 4909
f 4909 4830 4829
f 4909 4829 4901
f 4901 4829 4821
f 4910 4870 4902
f 4933 4871 4910
f 4910 4871 4870
f 4933 4879 4871
f 4933 4934 4879
f 4879 4934 4880
f 4934 4872 4880
f 4911 4873 4934
f 4934 4873 4872
f 4905 4873 4911
f 4905 4825 4906
f 4906 4825 4826
f 4906 4826 4912
f 4912 4826 4832
f 4912 4832 4911
f 4911 4832 4831
f 4911 4831 4905
f 4905 4831 4825
f 4874 4873 4831
f 4874 4831 4832
f 4881 4878 4880
f 4880 4878 4879
f 4830 4870 4869
f 4830 4869 4829
f 4835 4842 4841
f 4836 4842 4835
f 4837 4838 4844
f 4843 4837 4844
f 4887 4843 4888
f 4888 4843 4844
f 4885 4841 4886
f 4886 4841 4842
f 4870 4830 4822
f 4870 4822 4902
f 4910 4902 4924
f 4932 4910 4924
f 4933 4910 4932
f 4933 4932 4925
f 4925 4932 4924
f 4903 4925 4924
f 4902 4903 4924
f 4903 4904 4925
f 4925 4904 4926
f 4925 4926 4933
f 4933 4926 4934
f 4911 4934 4935
f 4935 4934 4927
f 4927 4934 4926
f 4911 4935 4927
f 4905 4911 4927
f 4905 4927 4926
f 4905 4926 4904
f 4831 4873 4825
f 4825 4873 4905
f 4882 4881 4873
f 4882 4873 4874
f 4869 4870 4877
f 4877 4870 4878
f 4877 4878 4882
f 4882 4878 4881
f 4891 4847 4885
f 4885 4847 4841
f 4877 4835 4841
f 4877 4841 4885
f 4836 4835 4878
f 4878 4835 4877
f 4886 4842 4836
f 4886 4836 4878
f 4881 4837 4843
f 4881 4843 4887
f 4838 4837 4882
f 4882 4837 4881
f 4888 4844 4838
f 4888 4838 4882
f 4844 4848 4892
f 4844 4892 4888
f 4848 4847 4892
f 4892 4847 4891
f 4891 4885 4886
f 4888 4892 4887
f 4891 4886 4887
f 4891 4887 4892
f 4854 4853 4848
f 4848 4853 4852
f 4848 4852 4847
f 4847 4852 4851
f 4811 4797 4869
f 4811 4869 4877
f 4811 4877 4815
f 4811 4829 4797
f 4797 4829 4869
f 4789 4811 4797
f 4789 4805 4811
f 4805 4789 4821
f 4790 4822 4789
f 4789 4822 4821
f 4902 4822 4790
f 4902 4790 4903
f 4903 4790 4791
f 4791 4792 4903
f 4903 4792 4904
f 4793 4825 4905
f 4793 4905 4792
f 4792 4905 4904
f 4798 4812 4794
f 4794 4812 4808
f 4808 4826 4794
f 4794 4826 4793
f 4793 4826 4825
f 4812 4798 4832
f 4832 4798 4874
f 4882 4874 4816
f 4816 4874 4812
f 4812 4874 4798
f 4815 4877 4835
f 4841 4815 4835
f 4882 4816 4838
f 4816 4844 4838
f 4844 4845 4848
f 4848 4845 4849
f 4845 4844 4889
f 4889 4844 4888
f 4840 4841 4847
f 4840 4847 4846
f 4882 4883 4888
f 4888 4883 4889
f 4841 4840 4884
f 4841 4884 4885
f 4876 4877 4885
f 4876 4885 4884
f 4878 4881 4886
f 4881 4887 4886
f 4841 4840 4834
f 4841 4834 4815
f 4834 4814 4815
f 4815 4814 4811
f 4811 4814 4796
f 4811 4796 4797
f 4787 4793 4792
f 4787 4792 4786
f 4784 4785 4791
f 4784 4791 4790
f 4797 4796 4789
f 4799 4798 4794
f 4799 4794 4795
f 4791 4785 4792
f 4792 4785 4786
f 4789 4796 4788
f 4812 4798 4799
f 4812 4799 4816
f 4816 4799 4817
f 4845 4844 4839
f 4839 4844 4816
f 4839 4816 4817
f 4839 4838 4845
f 4845 4838 4844
f 4835 4877 4834
f 4834 4877 4876
f 4840 4841 4835
f 4840 4835 4834
f 4846 4847 4841
f 4846 4841 4840
f 4821 4829 4820
f 4820 4829 4828
f 4811 4828 4829
f 4811 4810 4828
f 4810 4811 4804
f 4811 4805 4804
f 4812 4809 4808
f 4809 4812 4813
f 4832 4813 4812
f 4832 4833 4813
f 4832 4827 4833
f 4832 4826 4827
f 4882 4838 4883
f 4883 4838 4839
f 4847 4851 4850
f 4851 4852 4850
f 4847 4850 4846
f 4846 4890 4884
f 4884 4890 4916
f 4840 4846 4884
f 4884 4916 4914
f 4914 4876 4884
f 4914 4916 4940
f 4908 4914 4930
f 4930 4914 4938
f 4940 4938 4914
f 4939 4915 4937
f 4913 4937 4915
f 4915 4939 4941
f 4915 4941 4917
f 4849 4845 4889
f 4917 4893 4889
f 4889 4883 4915
f 4849 4889 4893
f 4915 4917 4889
f 4855 4853 4854
f 4855 4848 4849
f 4854 4848 4855
f 4956 4958 4973
f 4991 4989 4973
f 4930 4938 4956
f 4956 4938 4940
f 4953 4931 4930
f 4953 4952 4970
f 4970 4952 4969
f 4975 4991 4973
f 4940 4958 4975
f 4956 4940 4958
f 4958 4940 4973
f 4973 4940 4975
f 5021 5018 5002
f 5006 5021 5002
f 5006 5002 4986
f 4986 4970 4989
f 4986 4989 5006
f 5006 4989 5005
f 4953 4930 4952
f 4952 4930 4956
f 4952 4956 4969
f 4969 4956 4973
f 4969 4973 4970
f 4970 4973 4989
f 5005 4989 4991
f 5005 4991 5009
f 5002 5001 5018
f 5013 5014 4998
f 5042 5038 5037
f 5042 5037 5041
f 5035 5039 5036
f 5036 5039 5040
f 5017 5018 5001
f 5019 5016 5028
f 5019 5028 5032
f 5003 5000 5016
f 5019 5003 5016
f 5014 5026 5027
f 5027 5015 5014
f 4998 5014 5015
f 5025 5013 5024
f 5024 5013 5012
f 5013 5025 5014
f 5014 5025 5026
f 4997 5013 4998
f 4996 5012 4997
f 4997 5012 5013
f 5030 5023 5029
f 5029 5023 5011
f 5029 5011 5018
f 5036 5040 5037
f 5037 5040 5041
f 5032 5028 5031
f 5031 5028 5027
f 5031 5027 5037
f 5037 5027 5026
f 5037 5026 5034
f 5037 5034 5036
f 5036 5034 5033
f 5036 5033 5025
f 5036 5025 5030
f 5030 5025 5024
f 5030 5024 5023
f 5016 5015 5027
f 5024 5012 5011
f 5028 5016 5027
f 5034 5026 5033
f 5033 5026 5025
f 5023 5024 5011
f 5038 5031 5037
f 5035 5036 5030
f 5018 5011 5002
f 5002 5011 4995
f 5015 4999 4998
f 5000 4999 5016
f 5016 4999 5015
f 5011 5012 4995
f 4995 5012 4996
f 4980 4964 4963
f 4983 4967 4966
f 4814 4810 4796
f 4813 4817 4799
f 4914 4908 4876
f 4868 4821 4820
f 4868 4820 4828
f 4860 4861 4821
f 4826 4866 4867
f 4826 4867 4827
f 4867 4833 4827
f 4801 4802 4786
f 4786 4802 4787
f 4787 4802 4803
f 4787 4803 4793
f 4793 4803 4807
f 4793 4807 4794
f 4794 4807 4808
f 4801 4818 4802
f 4802 4818 4819
f 4802 4819 4825
f 4802 4825 4807
f 4807 4825 4826
f 4807 4826 4808
f 4819 4824 4825
f 4813 4799 4809
f 4809 4799 4795
f 4809 4795 4808
f 4808 4795 4794
f 4839 4817 4813
f 4833 4839 4813
f 4858 4864 4859
f 4904 4864 4903
f 4903 4864 4858
f 4824 4864 4825
f 4825 4864 4865
f 4825 4865 4826
f 4826 4865 4866
f 4833 4875 4839
f 4839 4875 4883
f 4915 4883 4913
f 4875 4833 4867
f 4875 4913 4883
f 4864 4904 4865
f 4865 4904 4905
f 4865 4905 4866
f 4866 4905 4906
f 4866 4906 4907
f 4866 4907 4867
f 4867 4907 4875
f 4875 4907 4913
f 4972 4955 4968
f 4968 4955 4951
f 4968 4951 4950
f 4968 4950 4967
f 4967 4950 4949
f 5004 4988 5003
f 5003 4988 4987
f 5003 4987 5000
f 5000 4987 4984
f 5000 4984 4999
f 4999 4984 4983
f 4967 4983 4968
f 4968 4983 4984
f 4968 4984 4972
f 4972 4984 4987
f 4972 4987 4988
f 4946 4924 4945
f 4945 4924 4923
f 4945 4923 4944
f 4944 4923 4922
f 4944 4922 4952
f 4952 4922 4930
f 4955 4937 4951
f 4951 4937 4929
f 4951 4929 4950
f 4950 4929 4928
f 4950 4928 4949
f 4949 4928 4927
f 4949 4927 4948
f 4948 4927 4926
f 4948 4926 4947
f 4947 4926 4925
f 4947 4925 4946
f 4946 4925 4924
f 4996 4980 4995
f 4995 4980 4979
f 4995 4979 5002
f 5002 4979 4986
f 4969 4985 4986
f 4969 4986 4962
f 4962 4986 4979
f 4962 4979 4963
f 4963 4979 4980
f 4998 4982 4997
f 4997 4982 4981
f 4997 4981 4996
f 4996 4981 4980
f 4998 4999 4983
f 4998 4983 4982
f 4982 4983 4966
f 4982 4966 4981
f 4981 4966 4965
f 4981 4965 4964
f 4981 4964 4980
f 4964 4946 4963
f 4963 4946 4945
f 4963 4945 4962
f 4962 4945 4944
f 4962 4944 4969
f 4969 4944 4952
f 4814 4834 4828
f 4828 4810 4814
f 4796 4810 4788
f 4788 4810 4804
f 4788 4804 4789
f 4789 4804 4805
f 4868 4828 4876
f 4876 4828 4834
f 4860 4821 4868
f 4790 4789 4805
f 4790 4805 4806
f 4806 4805 4821
f 4806 4821 4822
f 4786 4785 4801
f 4822 4818 4801
f 4822 4801 4800
f 4800 4801 4784
f 4785 4784 4801
f 4803 4802 4807
f 4861 4822 4821
f 4901 4861 4900
f 4900 4861 4860
f 4900 4860 4908
f 4908 4860 4868
f 4908 4868 4876
f 4860 4861 4868
f 4790 4806 4800
f 4822 4861 4862
f 4862 4861 4901
f 4862 4901 4902
f 4862 4902 4863
f 4902 4903 4863
f 4863 4903 4858
f 4858 4859 4819
f 4819 4818 4858
f 4858 4818 4863
f 4863 4818 4823
f 4863 4823 4862
f 4859 4864 4824
f 4859 4824 4819
f 4823 4818 4822
f 4823 4822 4862
f 4967 4949 4966
f 4966 4949 4948
f 4966 4948 4965
f 4965 4948 4947
f 4965 4947 4964
f 4964 4947 4946
f 4924 4902 4923
f 4923 4902 4901
f 4923 4901 4922
f 4922 4901 4900
f 4922 4900 4930
f 4930 4900 4908
f 4937 4913 4929
f 4929 4913 4907
f 4929 4907 4928
f 4928 4907 4906
f 4928 4906 4927
f 4927 4906 4905
f 4822 4800 4806
f 4800 4784 4790
f 4939 4937 4955
f 4939 4957 4959
f 4939 4959 4941
f 5010 4992 4990
f 5010 4990 5008
f 4954 4971 4955
f 4971 4972 4955
f 4955 4957 4939
f 5003 5019 5007
f 5003 5007 4987
f 4987 5007 4990
f 4987 4990 4971
f 4971 4990 4972
f 4972 4990 4974
f 4972 4974 4955
f 4955 4974 4957
f 4974 4990 4992
f 4974 4992 4976
f 4976 4959 4974
f 4974 4959 4957
f 5008 4990 5007
f 5022 5007 5019
f 4853 4855 4852
f 4850 4852 4855
f 4895 4920 4894
f 4850 4856 4895
f 4895 4856 4898
f 4894 4850 4895
f 4846 4850 4890
f 4890 4918 4916
f 4918 4940 4916
f 4960 4977 4975
f 4975 4977 4993
f 4975 4993 4991
f 4960 4975 4958
f 4958 4940 4960
f 4920 4942 4918
f 4920 4918 4894
f 4894 4918 4890
f 4894 4890 4850
f 4918 4942 4940
f 4940 4942 4960
f 4897 4893 4919
f 4919 4917 4941
f 4893 4849 4919
f 4919 4893 4917
f 4897 4855 4893
f 4857 4855 4897
f 4897 4896 4857
f 4857 4896 4899
f 4959 4976 4961
f 4959 4961 4941
f 4992 4994 4976
f 4976 4994 4978
f 4976 4978 4961
f 4921 4897 4919
f 4921 4919 4943
f 4941 4961 4943
f 4941 4943 4919
f 4849 4893 4855
f 4850 4855 4857
f 4899 4856 4850
f 4899 4850 4857
f 4899 4898 4856
f 5050 5180 5172
f 5077 5050 5172
f 5172 5171 5077
f 5171 5076 5077
f 5180 5050 5179
f 5179 5050 5049
f 5045 5175 5047
f 5047 5175 5177
f 5047 5177 5048
f 5048 5177 5178
f 5048 5178 5049
f 5049 5178 5179
f 5059 5085 5080
f 5059 5080 5101
f 5059 5101 5115
f 5059 5133 5149
f 5059 5054 5085
f 5115 5128 5059
f 5059 5128 5133
f 5059 5149 5154
f 5173 5043 5044
f 5044 5174 5173
f 5174 5044 5063
f 5174 5063 5158
f 5158 5063 5058
f 5158 5058 5153
f 5153 5058 5059
f 5153 5059 5154
f 5043 5173 5046
f 5046 5173 5176
f 5046 5176 5175
f 5046 5175 5045
f 5097 5076 5171
f 5171 5145 5097
f 5145 5096 5097
f 5096 5145 5144
f 5096 5125 5111
f 5096 5144 5125
f 5140 5122 5141
f 5145 5125 5144
f 5124 5110 5111
f 5111 5125 5124
f 5141 5142 5165
f 5140 5141 5162
f 5162 5141 5165
f 5139 5140 5159
f 5159 5140 5162
f 5159 5162 5160
f 5160 5162 5163
f 5123 5142 5141
f 5141 5122 5123
f 5140 5139 5122
f 5109 5123 5122
f 5150 5136 5135
f 5135 5136 5130
f 5129 5135 5130
f 5131 5126 5113
f 5131 5113 5130
f 5130 5113 5117
f 5120 5107 5121
f 5121 5107 5108
f 5120 5106 5107
f 5105 5118 5119
f 5105 5104 5118
f 5118 5104 5106
f 5118 5106 5120
f 5113 5112 5117
f 5119 5135 5116
f 5116 5135 5129
f 5117 5103 5102
f 5116 5117 5102
f 5103 5117 5098
f 5098 5117 5112
f 5098 5112 5099
f 5099 5112 5113
f 5116 5102 5119
f 5119 5102 5105
f 5175 5176 5157
f 5157 5176 5173
f 5118 5134 5137
f 5160 5139 5159
f 5161 5156 5155
f 5119 5118 5134
f 5137 5139 5138
f 5138 5139 5160
f 5138 5160 5155
f 5156 5151 5150
f 5150 5151 5136
f 5136 5151 5130
f 5152 5151 5156
f 5152 5156 5157
f 5155 5156 5150
f 5135 5138 5150
f 5150 5138 5155
f 5152 5147 5146
f 5146 5147 5130
f 5151 5152 5146
f 5146 5130 5151
f 5131 5130 5147
f 5137 5138 5135
f 5117 5116 5129
f 5117 5129 5130
f 5157 5156 5175
f 5175 5156 5161
f 5175 5161 5177
f 5177 5161 5164
f 5180 5179 5168
f 5168 5179 5166
f 5142 5143 5167
f 5167 5143 5169
f 5167 5169 5168
f 5168 5169 5170
f 5109 5110 5123
f 5123 5110 5124
f 5124 5125 5143
f 5143 5125 5145
f 5143 5145 5169
f 5169 5145 5171
f 5169 5171 5170
f 5170 5171 5172
f 5179 5178 5166
f 5166 5178 5164
f 5166 5164 5163
f 5163 5164 5160
f 5166 5167 5168
f 5163 5167 5166
f 5178 5177 5164
f 5164 5161 5160
f 5160 5161 5155
f 5137 5135 5134
f 5134 5135 5119
f 5122 5121 5108
f 5122 5108 5109
f 5172 5180 5170
f 5170 5180 5168
f 5163 5162 5167
f 5167 5162 5165
f 5167 5165 5142
f 5143 5142 5124
f 5124 5142 5123
f 5121 5122 5139
f 5121 5139 5120
f 5120 5139 5137
f 5120 5137 5118
f 5127 5133 5128
f 5127 5128 5114
f 5114 5128 5115
f 5133 5127 5132
f 5148 5149 5132
f 5133 5132 5149
f 5173 5174 5157
f 5157 5174 5158
f 5131 5147 5148
f 5126 5127 5113
f 5114 5113 5127
f 5127 5126 5132
f 5132 5126 5131
f 5158 5153 5152
f 5158 5152 5157
f 5152 5153 5147
f 5153 5154 5148
f 5154 5149 5148
f 5148 5132 5131
f 5114 5113 5100
f 5148 5147 5153
f 5043 5046 5045
f 5097 5096 5111
f 5094 5095 5109
f 5095 5110 5109
f 5093 5092 5070
f 5070 5092 5067
f 5092 5091 5067
f 5067 5091 5064
f 5067 5064 5065
f 5067 5065 5068
f 5056 5088 5082
f 5064 5091 5065
f 5091 5089 5065
f 5065 5089 5090
f 5065 5090 5060
f 5081 5082 5087
f 5087 5082 5088
f 5087 5088 5055
f 5055 5088 5056
f 5106 5089 5107
f 5107 5089 5091
f 5107 5091 5092
f 5108 5107 5092
f 5108 5092 5093
f 5109 5108 5093
f 5109 5093 5094
f 5086 5089 5106
f 5086 5106 5104
f 5087 5086 5104
f 5087 5104 5105
f 5087 5090 5089
f 5087 5089 5086
f 5082 5081 5102
f 5082 5102 5103
f 5057 5062 5061
f 5061 5062 5066
f 5103 5098 5082
f 5056 5057 5061
f 5052 5082 5083
f 5078 5083 5082
f 5078 5082 5099
f 5098 5099 5103
f 5103 5099 5082
f 5082 5051 5056
f 5066 5045 5069
f 5069 5045 5047
f 5069 5047 5071
f 5071 5047 5048
f 5071 5048 5073
f 5073 5048 5049
f 5073 5049 5050
f 5073 5050 5075
f 5075 5050 5077
f 5095 5094 5074
f 5074 5094 5072
f 5074 5072 5073
f 5074 5073 5075
f 5111 5110 5095
f 5111 5095 5097
f 5097 5095 5074
f 5097 5074 5076
f 5076 5074 5075
f 5076 5075 5077
f 5055 5056 5060
f 5060 5056 5061
f 5069 5068 5066
f 5060 5090 5087
f 5081 5087 5105
f 5081 5105 5102
f 5055 5060 5087
f 5073 5072 5071
f 5071 5072 5068
f 5094 5093 5070
f 5094 5070 5072
f 5072 5070 5067
f 5072 5067 5068
f 5051 5082 5052
f 5051 5052 5057
f 5051 5057 5056
f 5060 5061 5065
f 5065 5061 5066
f 5069 5071 5068
f 5062 5043 5045
f 5062 5045 5066
f 5065 5066 5068
f 5044 5043 5062
f 5085 5054 5053
f 5085 5053 5084
f 5100 5080 5079
f 5079 5080 5085
f 5079 5085 5084
f 5100 5101 5080
f 5114 5115 5101
f 5101 5100 5114
f 5059 5058 5054
f 5054 5058 5053
f 5063 5044 5062
f 5063 5062 5058
f 5058 5062 5057
f 5113 5114 5099
f 5099 5114 5100
f 5079 5099 5100
f 5079 5084 5083
f 5079 5083 5078
f 5079 5078 5099
f 5057 5052 5058
f 5058 5052 5053
f 5052 5083 5084
f 5053 5052 5084
