v -0.1547357 0.3074734 0.2446750
v -0.1550155 0.3090432 0.2403390
v -0.1551854 0.3110583 0.2345164
v -0.1551930 0.3127519 0.2289446
v -0.1550364 0.3141604 0.2242558
v -0.1549560 0.3134374 0.2196250
v -0.1551042 0.3011033 0.2528568
v -0.1555319 0.3040689 0.2454662
v -0.1557906 0.3054127 0.2402059
v -0.1560367 0.3054144 0.2338356
v -0.1557790 0.3074548 0.2279986
v -0.1556069 0.3072225 0.2234119
v -0.1551202 0.3079250 0.2174392
v -0.1551324 0.2965544 0.2591943
v -0.1553986 0.2981031 0.2554502
v -0.1560828 0.2977687 0.2517101
v -0.1563655 0.2995018 0.2459645
v -0.1566254 0.2995174 0.2407054
v -0.1564916 0.3002934 0.2327083
v -0.1561977 0.3018515 0.2278247
v -0.1559546 0.3009732 0.2226507
v -0.1553775 0.3023154 0.2167562
v -0.1550972 0.3009903 0.2105656
v -0.1550294 0.2893215 0.2786701
v -0.1552384 0.2906232 0.2686554
v -0.1553321 0.2922909 0.2650665
v -0.1560300 0.2924722 0.2596797
v -0.1565994 0.2923555 0.2547479
v -0.1568033 0.2933137 0.2504244
v -0.1570034 0.2927961 0.2444004
v -0.1569943 0.2938198 0.2400136
v -0.1568307 0.2949008 0.2330668
v -0.1565681 0.2954745 0.2265414
v -0.1562758 0.2969134 0.2221577
v -0.1560698 0.2970369 0.2168755
v -0.1557964 0.2973371 0.2101277
v -0.1554569 0.2979229 0.2061888
v -0.1550419 0.2974618 0.2011266
v -0.1558913 0.2845456 0.2780935
v -0.1561066 0.2857396 0.2680658
v -0.1563954 0.2866902 0.2643935
v -0.1567804 0.2869258 0.2585090
v -0.1568975 0.2890338 0.2543400
v -0.1570571 0.2879834 0.2497713
v -0.1570868 0.2883183 0.2443527
v -0.1569660 0.2870508 0.2353154
v -0.1569047 0.2898360 0.2325315
v -0.1567454 0.2917216 0.2266060
v -0.1567383 0.2903690 0.2214924
v -0.1565953 0.2911847 0.2166199
v -0.1562675 0.2919148 0.2102234
v -0.1557538 0.2932957 0.2051258
v -0.1551539 0.2941261 0.2007189
v -0.1552857 0.2778690 0.2772725
v -0.1556551 0.2794664 0.2672953
v -0.1567156 0.2822552 0.2638557
v -0.1569451 0.2821434 0.2579210
v -0.1570179 0.2826541 0.2491163
v -0.1569926 0.2834494 0.2432574
v -0.1569591 0.2834995 0.2366363
v -0.1569703 0.2852040 0.2321492
v -0.1569423 0.2863877 0.2272989
v -0.1567449 0.2874854 0.2191637
v -0.1565378 0.2849518 0.2168794
v -0.1559138 0.2871343 0.2103877
v -0.1553140 0.2893481 0.2046395
v -0.1552660 0.2735769 0.2767477
v -0.1557370 0.2746880 0.2667120
v -0.1566896 0.2744485 0.2629054
v -0.1568135 0.2756083 0.2571119
v -0.1567657 0.2755435 0.2526728
v -0.1566937 0.2757452 0.2482627
v -0.1566749 0.2763773 0.2423901
v -0.1568391 0.2777898 0.2358290
v -0.1570229 0.2801692 0.2315363
v -0.1569435 0.2790279 0.2251523
v -0.1565660 0.2788588 0.2186095
v -0.1563804 0.2809144 0.2164305
v -0.1551929 0.2825762 0.2083178
v -0.1561013 0.2687728 0.2761675
v -0.1562218 0.2693419 0.2660626
v -0.1563456 0.2686948 0.2627048
v -0.1565331 0.2701260 0.2569203
v -0.1563673 0.2688674 0.2518370
v -0.1562728 0.2690689 0.2474328
v -0.1562309 0.2697537 0.2415764
v -0.1566191 0.2738310 0.2346370
v -0.1565833 0.2728176 0.2305014
v -0.1565029 0.2722378 0.2245813
v -0.1564987 0.2749579 0.2195359
v -0.1560229 0.2746142 0.2143854
v -0.1553953 0.2758330 0.2095022
v -0.1552647 0.2628254 0.2754337
v -0.1552990 0.2632660 0.2653123
v -0.1558115 0.2643504 0.2611714
v -0.1558437 0.2641267 0.2556720
v -0.1557658 0.2639315 0.2512138
v -0.1559351 0.2657707 0.2470206
v -0.1558998 0.2662513 0.2426378
v -0.1556443 0.2640702 0.2363790
v -0.1559203 0.2656811 0.2289927
v -0.1559547 0.2666047 0.2230109
v -0.1559402 0.2684709 0.2186769
v -0.1556484 0.2692935 0.2139314
v -0.1549983 0.2712893 0.2069354
v -0.1542727 0.2594506 0.2648375
v -0.1549496 0.2604640 0.2611937
v -0.1548907 0.2594099 0.2550748
v -0.1548482 0.2590849 0.2505997
v -0.1551618 0.2608335 0.2464015
v -0.1549914 0.2597193 0.2388446
v -0.1551867 0.2604071 0.2355673
v -0.1555126 0.2615889 0.2287337
v -0.1555205 0.2621213 0.2231384
v -0.1551944 0.2621902 0.2183375
v -0.1549526 0.2641259 0.2140235
v -0.1547178 0.2661797 0.2093158
v -0.1545623 0.2574430 0.2396830
v -0.1500867 0.3205844 0.2348759
v -0.1511499 0.3215378 0.2295421
v -0.1510327 0.3226531 0.2252607
v -0.1512808 0.3231500 0.2196490
v -0.1512227 0.3236510 0.2141129
v -0.1509321 0.3242466 0.2088668
v -0.1506309 0.3246541 0.2030620
v -0.1500485 0.3248541 0.1972742
v -0.1509582 0.3131365 0.2468370
v -0.1515642 0.3159724 0.2409385
v -0.1526395 0.3175115 0.2351132
v -0.1537085 0.3180574 0.2291074
v -0.1536666 0.3191428 0.2248536
v -0.1535708 0.3197910 0.2198513
v -0.1533030 0.3204362 0.2139896
v -0.1529208 0.3210517 0.2084930
v -0.1522005 0.3214428 0.2025469
v -0.1510223 0.3223000 0.1966731
v -0.1500956 0.3216780 0.1915279
v -0.1492914 0.3066372 0.2594154
v -0.1508087 0.3085637 0.2537438
v -0.1529362 0.3101637 0.2467044
v -0.1539501 0.3117970 0.2409684
v -0.1542342 0.3138976 0.2363746
v -0.1547348 0.3151198 0.2183173
v -0.1543238 0.3151704 0.2122904
v -0.1537099 0.3148543 0.2077418
v -0.1526847 0.3155484 0.2018331
v -0.1514810 0.3165172 0.1959766
v -0.1502428 0.3164522 0.1905026
v -0.1496345 0.2989854 0.2798063
v -0.1500102 0.3001564 0.2697771
v -0.1502350 0.3018774 0.2657010
v -0.1518517 0.3028839 0.2600758
v -0.1534634 0.3029001 0.2560296
v -0.1538445 0.3040226 0.2532074
v -0.1544914 0.3063600 0.2475385
v -0.1543708 0.3095606 0.2116040
v -0.1536942 0.3087919 0.2070006
v -0.1526245 0.3104478 0.2012093
v -0.1514299 0.3114325 0.1953547
v -0.1501278 0.3118768 0.1894460
v -0.1522871 0.2954881 0.2794009
v -0.1527620 0.2963707 0.2693373
v -0.1532030 0.2974719 0.2656789
v -0.1539203 0.2990726 0.2604800
v -0.1545664 0.3046602 0.2110075
v -0.1542308 0.3035933 0.2063703
v -0.1532130 0.3050246 0.2005468
v -0.1520430 0.3059693 0.1946802
v -0.1507438 0.3065200 0.1887781
v -0.1510105 0.2907697 0.2788137
v -0.1510937 0.2919950 0.2687886
v -0.1548601 0.3001192 0.2044506
v -0.1543353 0.2995000 0.1991238
v -0.1530860 0.2999161 0.1924327
v -0.1516355 0.3005177 0.1865279
v -0.1499044 0.3017629 0.1807210
v -0.1507997 0.2849354 0.2780989
v -0.1508830 0.2861606 0.2680738
v -0.1546356 0.2946219 0.1977767
v -0.1533850 0.2955007 0.1918872
v -0.1518947 0.2962515 0.1859968
v -0.1500597 0.2957262 0.1799699
v -0.1532938 0.2773936 0.2771978
v -0.1533771 0.2786188 0.2671728
v -0.1545903 0.2869614 0.2028401
v -0.1537538 0.2892227 0.1971127
v -0.1522312 0.2889111 0.1910810
v -0.1508391 0.2899719 0.1852328
v -0.1533970 0.2749953 0.2769056
v -0.1534803 0.2762206 0.2668805
v -0.1542370 0.2814170 0.2033605
v -0.1530383 0.2821441 0.1974425
v -0.1517864 0.2823489 0.1917730
v -0.1501207 0.2839032 0.1844901
v -0.1495075 0.2824376 0.1816532
v -0.1509484 0.2676450 0.2759869
v -0.1510316 0.2688703 0.2659618
v -0.1542786 0.2773070 0.2031588
v -0.1531083 0.2778494 0.1972172
v -0.1518569 0.2787790 0.1913360
v -0.1501882 0.2803552 0.1840547
v -0.1496317 0.2803455 0.1815326
v -0.1497746 0.2613559 0.2752085
v -0.1498579 0.2625812 0.2651834
v -0.1542834 0.2711633 0.2024077
v -0.1532096 0.2714109 0.1964329
v -0.1520140 0.2721661 0.1905330
v -0.1503717 0.2736530 0.1832432
v -0.1496799 0.2724899 0.1805391
v -0.1534854 0.2571029 0.2747195
v -0.1533028 0.2575295 0.2645946
v -0.1535389 0.2567284 0.2610304
v -0.1539896 0.2566470 0.2562088
v -0.1544381 0.2629691 0.2120009
v -0.1539899 0.2648878 0.2064496
v -0.1534873 0.2660526 0.2014539
v -0.1524569 0.2662259 0.1957922
v -0.1513296 0.2668722 0.1901706
v -0.1499588 0.2676373 0.1842670
v -0.1494602 0.2707205 0.1801264
v -0.1506054 0.2526619 0.2741528
v -0.1505919 0.2535875 0.2640903
v -0.1511997 0.2528417 0.2602301
v -0.1527856 0.2537037 0.2543547
v -0.1530869 0.2534940 0.2498959
v -0.1536046 0.2543049 0.2455837
v -0.1538258 0.2543350 0.2403181
v -0.1494348 0.2502226 0.2583862
v -0.1503729 0.2496944 0.2535576
v -0.1503068 0.2484362 0.2492677
v -0.1514654 0.2490785 0.2449324
v -0.1522368 0.2494093 0.2397034
v -0.1493450 0.2458463 0.2445294
v -0.1499528 0.2452033 0.2391717
v -0.1454329 0.3201464 0.2413105
v -0.1465481 0.3220164 0.2355642
v -0.1469150 0.3236164 0.2298990
v -0.1475512 0.3244553 0.2254521
v -0.1475399 0.3250901 0.2207722
v -0.1477307 0.3256021 0.2142640
v -0.1480276 0.3259068 0.2088580
v -0.1477088 0.3263716 0.2031137
v -0.1477338 0.3265208 0.1964195
v -0.1469028 0.3265814 0.1913288
v -0.1462708 0.3269090 0.1867853
v -0.1454278 0.3270435 0.1828392
v -0.1456701 0.3137023 0.2528443
v -0.1469225 0.3162269 0.2473958
v -0.1483292 0.3184688 0.2419370
v -0.1461492 0.3233717 0.1914155
v -0.1471101 0.3237965 0.1851524
v -0.1465104 0.3254768 0.1835900
v -0.1440229 0.3049903 0.2703182
v -0.1452596 0.3058151 0.2666275
v -0.1459904 0.3083376 0.2610710
v -0.1480655 0.3112927 0.2540579
v -0.1484186 0.3176139 0.1832278
v -0.1462471 0.3019368 0.2801389
v -0.1464712 0.3032576 0.2701267
v -0.1484099 0.3028154 0.2677549
v -0.1447110 0.3105416 0.1908911
v -0.1467822 0.3121527 0.1834723
v -0.1472839 0.3106440 0.1813918
v -0.1459946 0.2954091 0.2793390
v -0.1460779 0.2966343 0.2693140
v -0.1449214 0.3069203 0.1901430
v -0.1448315 0.3063740 0.1852440
v -0.1468755 0.3072640 0.1773582
v -0.1449202 0.3030410 0.1885054
v -0.1447657 0.3032129 0.1856436
v -0.1468611 0.3030972 0.1788833
v -0.1494227 0.2967415 0.1775962
v -0.1449195 0.2898281 0.1870617
v -0.1450076 0.2906020 0.1803733
v -0.1467508 0.2900306 0.1752743
v -0.1448767 0.2839407 0.1920394
v -0.1447057 0.2832191 0.1883060
v -0.1472600 0.2840360 0.1810687
v -0.1471174 0.2874999 0.1758831
v -0.1449394 0.2815478 0.1816405
v -0.1443620 0.2702645 0.1892194
v -0.1446989 0.2703756 0.1870002
v -0.1448843 0.2715814 0.1803709
v -0.1471800 0.2564411 0.2745862
v -0.1472633 0.2576663 0.2645612
v -0.1447424 0.2652504 0.1937839
v -0.1444412 0.2671964 0.1899437
v -0.1446839 0.2678474 0.1871124
v -0.1475824 0.2696267 0.1791301
v -0.1466175 0.2681313 0.1761432
v -0.1460024 0.2508231 0.2738898
v -0.1466559 0.2515327 0.2638065
v -0.1482899 0.2503865 0.2614056
v -0.1438935 0.2478251 0.2735059
v -0.1444628 0.2491289 0.2634945
v -0.1462373 0.2484987 0.2594353
v -0.1476692 0.2471372 0.2532402
v -0.1442726 0.2448101 0.2517637
v -0.1458738 0.2445971 0.2487911
v -0.1465810 0.2435194 0.2440697
v -0.1476552 0.2427885 0.2391407
v -0.1450275 0.2410285 0.2383410
v -0.1407049 0.3190487 0.2467232
v -0.1405389 0.3213450 0.2417195
v -0.1406215 0.3233747 0.2358984
v -0.1405073 0.3248604 0.2303019
v -0.1421862 0.3255883 0.2255461
v -0.1418496 0.3262375 0.2210816
v -0.1411410 0.3270123 0.2136291
v -0.1426817 0.3271615 0.2086547
v -0.1413364 0.3279001 0.2017531
v -0.1407262 0.3285194 0.1958613
v -0.1418771 0.3282937 0.1900010
v -0.1425414 0.3276501 0.1863690
v -0.1419537 0.3289714 0.1815067
v -0.1408437 0.3116080 0.2599555
v -0.1412498 0.3156627 0.2527486
v -0.1425403 0.3175186 0.2488049
v -0.1437903 0.3230863 0.1917271
v -0.1430080 0.3244214 0.1856324
v -0.1426492 0.3251478 0.1792430
v -0.1420234 0.3252159 0.1778377
v -0.1410661 0.3047756 0.2804428
v -0.1409180 0.3062624 0.2704478
v -0.1399937 0.3081987 0.2668749
v -0.1416530 0.3102505 0.2617596
v -0.1407627 0.2994814 0.2797933
v -0.1408460 0.3007066 0.2697682
v -0.1440290 0.3104490 0.1918853
v -0.1429830 0.3109334 0.1839196
v -0.1427296 0.3117427 0.1773118
v -0.1419492 0.3118821 0.1762075
v -0.1438970 0.3067232 0.1821942
v -0.1431253 0.3066489 0.1797395
v -0.1433271 0.3067380 0.1730355
v -0.1438152 0.3038160 0.1797257
v -0.1432606 0.3046737 0.1728243
v -0.1437589 0.2912607 0.1781461
v -0.1432086 0.2920280 0.1712645
v -0.1434624 0.2835099 0.1909342
v -0.1426958 0.2839974 0.1874021
v -0.1418027 0.2842678 0.1830312
v -0.1416212 0.2844940 0.1763753
v -0.1433418 0.2700340 0.1901914
v -0.1425724 0.2708500 0.1829343
v -0.1421251 0.2709865 0.1818385
v -0.1415325 0.2718452 0.1748426
v -0.1433486 0.2674701 0.1901497
v -0.1426220 0.2687954 0.1826392
v -0.1421856 0.2689285 0.1815701
v -0.1415761 0.2697902 0.1745501
v -0.1414005 0.2522166 0.2740219
v -0.1414838 0.2534419 0.2639969
v -0.1395706 0.2464418 0.2733009
v -0.1401495 0.2476653 0.2632798
v -0.1404690 0.2463137 0.2593287
v -0.1406912 0.2436744 0.2516044
v -0.1409484 0.2426750 0.2485320
v -0.1417610 0.2416637 0.2447187
v -0.1408938 0.2407411 0.2423770
v -0.1405860 0.2396779 0.2383005
v -0.1352634 0.3196070 0.2474974
v -0.1358870 0.3221553 0.2412752
v -0.1360255 0.3238626 0.2359199
v -0.1347482 0.3253149 0.2300056
v -0.1364221 0.3260482 0.2255544
v -0.1361443 0.3266280 0.2210818
v -0.1356721 0.3273293 0.2136222
v -0.1353194 0.3278058 0.2076725
v -0.1350148 0.3283500 0.2017555
v -0.1364826 0.3289139 0.1958737
v -0.1361804 0.3295730 0.1900008
v -0.1361629 0.3297609 0.1799011
v -0.1350441 0.3276628 0.1769568
v -0.1347720 0.3121570 0.2611492
v -0.1359164 0.3163255 0.2535788
v -0.1369063 0.3264909 0.1790415
v -0.1348850 0.3264248 0.1765067
v -0.1342498 0.3051212 0.2804284
v -0.1346935 0.3067156 0.2704515
v -0.1348157 0.3094677 0.2664993
v -0.1325117 0.3076172 0.2609586
v -0.1357457 0.3011541 0.2799560
v -0.1358290 0.3023794 0.2699310
v -0.1324722 0.3005037 0.2600889
v -0.1347482 0.3115479 0.1742043
v -0.1362854 0.3086019 0.1762390
v -0.1359048 0.3078026 0.1723974
v -0.1347722 0.3076862 0.1701189
v -0.1341218 0.3051260 0.1696644
v -0.1372615 0.2904161 0.1696119
v -0.1343659 0.2918349 0.1681101
v -0.1349797 0.2865053 0.1755401
v -0.1353655 0.2889869 0.1694396
v -0.1349481 0.2690816 0.1729567
v -0.1356892 0.2507603 0.2737965
v -0.1357725 0.2519856 0.2637714
v -0.1336976 0.2469968 0.2733200
v -0.1341962 0.2478500 0.2632529
v -0.1348583 0.2458749 0.2607171
v -0.1346659 0.2448229 0.2576114
v -0.1345390 0.2427845 0.2514414
v -0.1362587 0.2419035 0.2483975
v -0.1364510 0.2409880 0.2453320
v -0.1342830 0.2403395 0.2432577
v -0.1353268 0.2390934 0.2381367
v -0.1326526 0.3179227 0.2511016
v -0.1318022 0.3203810 0.2460001
v -0.1292449 0.3214802 0.2420331
v -0.1291050 0.3232966 0.2363455
v -0.1286261 0.3245666 0.2314376
v -0.1291874 0.3257753 0.2254611
v -0.1292164 0.3264546 0.2204993
v -0.1295906 0.3272285 0.2135594
v -0.1293893 0.3277699 0.2076188
v -0.1292625 0.3283586 0.2017088
v -0.1311134 0.3290060 0.1958411
v -0.1310355 0.3296728 0.1899714
v -0.1285082 0.3294249 0.1864599
v -0.1311933 0.3298467 0.1809496
v -0.1303629 0.3277619 0.1763597
v -0.1271255 0.3107254 0.2652733
v -0.1302106 0.3118876 0.2629916
v -0.1325854 0.3145553 0.2571413
v -0.1326207 0.3163408 0.2539890
v -0.1293330 0.3140909 0.2463545
v -0.1304132 0.3259613 0.1758970
v -0.1307251 0.3051216 0.2803992
v -0.1304767 0.3067315 0.2704184
v -0.1301969 0.3091581 0.2669162
v -0.1320256 0.3084657 0.2634450
v -0.1319822 0.3097309 0.2461144
v -0.1299278 0.3016714 0.2799709
v -0.1300111 0.3028966 0.2699459
v -0.1324248 0.3001588 0.2622352
v -0.1314559 0.3036989 0.2456165
v -0.1303525 0.3129361 0.1738138
v -0.1305815 0.2949388 0.2644400
v -0.1320382 0.2958593 0.2620251
v -0.1314336 0.2978906 0.2452156
v -0.1299072 0.3079927 0.1722514
v -0.1319698 0.3077736 0.1701914
v -0.1292244 0.2927731 0.2643450
v -0.1304179 0.2929322 0.2625398
v -0.1299618 0.2951815 0.2428949
v -0.1286141 0.3049580 0.1710422
v -0.1313050 0.3051191 0.1697255
v -0.1325767 0.2874675 0.2349239
v -0.1326109 0.2899235 0.2324948
v -0.1326654 0.2918183 0.2268829
v -0.1326987 0.2903132 0.2211540
v -0.1325403 0.2833900 0.2362535
v -0.1327017 0.2874994 0.2183287
v -0.1326978 0.2855128 0.2171308
v -0.1292188 0.2905945 0.1694899
v -0.1312275 0.2921770 0.1681188
v -0.1325090 0.2775343 0.2353618
v -0.1326526 0.2786813 0.2172506
v -0.1326780 0.2818317 0.2165906
v -0.1298835 0.2863521 0.1742817
v -0.1315404 0.2854328 0.1732069
v -0.1325058 0.2747155 0.2333647
v -0.1325163 0.2729168 0.2304155
v -0.1325575 0.2724294 0.2245123
v -0.1326149 0.2752699 0.2193148
v -0.1290897 0.2722735 0.1721114
v -0.1314273 0.2722654 0.1716003
v -0.1296749 0.2684893 0.1721356
v -0.1315077 0.2695235 0.1712571
v -0.1289623 0.2505394 0.2737136
v -0.1290456 0.2517647 0.2636886
v -0.1304468 0.2470363 0.2732978
v -0.1300878 0.2477904 0.2632115
v -0.1289086 0.2457844 0.2606612
v -0.1285142 0.2447713 0.2575529
v -0.1296141 0.2427102 0.2513856
v -0.1294263 0.2405115 0.2437291
v -0.1297306 0.2390764 0.2378340
v -0.1265119 0.3198997 0.2414241
v -0.1259986 0.3214593 0.2357215
v -0.1250332 0.3231895 0.2304355
v -0.1238807 0.3244547 0.2258670
v -0.1238050 0.3256043 0.2202382
v -0.1253551 0.3267731 0.2134690
v -0.1242400 0.3273151 0.2075204
v -0.1242658 0.3279938 0.2016218
v -0.1243704 0.3286714 0.1957422
v -0.1250560 0.3270902 0.1923593
v -0.1274777 0.3288251 0.1895262
v -0.1262295 0.3272207 0.1805164
v -0.1273288 0.3276036 0.1777923
v -0.1237005 0.3120192 0.2654030
v -0.1241780 0.3135859 0.2634172
v -0.1241739 0.3153240 0.2462037
v -0.1251184 0.3173409 0.2417119
v -0.1232455 0.3165946 0.2350004
v -0.1227356 0.3186341 0.2319263
v -0.1254492 0.3231274 0.1917061
v -0.1260403 0.3254739 0.1802548
v -0.1272439 0.3253648 0.1772930
v -0.1249002 0.3062131 0.2804842
v -0.1249534 0.3075544 0.2704731
v -0.1241870 0.3081932 0.2680569
v -0.1226541 0.3116746 0.2405184
v -0.1220866 0.3123084 0.2359461
v -0.1242055 0.3009847 0.2798395
v -0.1242888 0.3022099 0.2698144
v -0.1251840 0.3105866 0.1903454
v -0.1255538 0.3124112 0.1783254
v -0.1270471 0.3127482 0.1755010
v -0.1244699 0.3065848 0.1892108
v -0.1265466 0.3065903 0.1865435
v -0.1265002 0.3077702 0.1772609
v -0.1271543 0.3076799 0.1745985
v -0.1243491 0.2930745 0.2630930
v -0.1243817 0.2935536 0.2591723
v -0.1231026 0.2955877 0.2433836
v -0.1258504 0.3032948 0.1875501
v -0.1264808 0.3033321 0.1859560
v -0.1262044 0.3043884 0.1759341
v -0.1267779 0.3046875 0.1735497
v -0.1243421 0.2885995 0.1867459
v -0.1263804 0.2906576 0.1843031
v -0.1263407 0.2907017 0.1742625
v -0.1268038 0.2911837 0.1719863
v -0.1237707 0.2834265 0.1911263
v -0.1246986 0.2826385 0.1893407
v -0.1251641 0.2855545 0.1800212
v -0.1259448 0.2858295 0.1768815
v -0.1240351 0.2701810 0.1896405
v -0.1245782 0.2703853 0.1876021
v -0.1244763 0.2715599 0.1779523
v -0.1254678 0.2719243 0.1749264
v -0.1234418 0.2681476 0.1895895
v -0.1245302 0.2692335 0.1875697
v -0.1248821 0.2681079 0.1775338
v -0.1258090 0.2684486 0.1747050
v -0.1233422 0.2513678 0.2737682
v -0.1234255 0.2525931 0.2637431
v -0.1234671 0.2462630 0.2731453
v -0.1233929 0.2473931 0.2631073
v -0.1231892 0.2461608 0.2596646
v -0.1235052 0.2434271 0.2514235
v -0.1240667 0.2414946 0.2452852
v -0.1239072 0.2407131 0.2422279
v -0.1237658 0.2398078 0.2382969
v -0.1208149 0.3231310 0.2242701
v -0.1186955 0.3234995 0.2194524
v -0.1178586 0.3243326 0.2143321
v -0.1186185 0.3258713 0.2072972
v -0.1188038 0.3267170 0.2014186
v -0.1187287 0.3272687 0.1955199
v -0.1198106 0.3274607 0.1936969
v -0.1186590 0.3115638 0.2653054
v -0.1188813 0.3134740 0.2632739
v -0.1191168 0.3152914 0.2465623
v -0.1207068 0.3174266 0.2292091
v -0.1181588 0.3187794 0.2237656
v -0.1168940 0.3213697 0.2196793
v -0.1189655 0.3044307 0.2802171
v -0.1191538 0.3058656 0.2702185
v -0.1184229 0.3065117 0.2677470
v -0.1161486 0.3102175 0.2637096
v -0.1164831 0.3126459 0.2451694
v -0.1215262 0.3085575 0.2402716
v -0.1211990 0.3110458 0.2340218
v -0.1196077 0.3121033 0.2294339
v -0.1173378 0.3129770 0.2244506
v -0.1192191 0.2988829 0.2795412
v -0.1193024 0.3001081 0.2695161
v -0.1201837 0.3045650 0.2422541
v -0.1207827 0.3052971 0.2392642
v -0.1206197 0.3055400 0.2343669
v -0.1192540 0.3069247 0.2290909
v -0.1172142 0.3090000 0.2239586
v -0.1168553 0.2967930 0.2792661
v -0.1169386 0.2980183 0.2692410
v -0.1169150 0.2963227 0.2634282
v -0.1169265 0.2964926 0.2620386
v -0.1199434 0.2970051 0.2440197
v -0.1197450 0.3001978 0.2385824
v -0.1202828 0.3004700 0.2341017
v -0.1191078 0.3009917 0.2277129
v -0.1174649 0.3022777 0.2231321
v -0.1198404 0.3048488 0.1885761
v -0.1191782 0.2931726 0.2630620
v -0.1183646 0.2938254 0.2601831
v -0.1193508 0.2956449 0.2438696
v -0.1187881 0.2943662 0.2377120
v -0.1197415 0.2950108 0.2331758
v -0.1190150 0.2958466 0.2275485
v -0.1175955 0.2966055 0.2232736
v -0.1201509 0.3033954 0.1882451
v -0.1162197 0.2882964 0.2432707
v -0.1181851 0.2891985 0.2370784
v -0.1188578 0.2886449 0.2323954
v -0.1179807 0.2900196 0.2265726
v -0.1168522 0.2919196 0.2228619
v -0.1160467 0.2829653 0.2453089
v -0.1167096 0.2827575 0.2420385
v -0.1179182 0.2829100 0.2364538
v -0.1180934 0.2838148 0.2313524
v -0.1169003 0.2848082 0.2267814
v -0.1193403 0.2891765 0.1872321
v -0.1161245 0.2795105 0.2424688
v -0.1170039 0.2788655 0.2355008
v -0.1170120 0.2797717 0.2313666
v -0.1163546 0.2816854 0.2275996
v -0.1186594 0.2835965 0.1920735
v -0.1165881 0.2549376 0.2741483
v -0.1166714 0.2561628 0.2641233
v -0.1194651 0.2675838 0.1909765
v -0.1192910 0.2529379 0.2739264
v -0.1193743 0.2541631 0.2639014
v -0.1180801 0.2479934 0.2733120
v -0.1181628 0.2490319 0.2632641
v -0.1180952 0.2475577 0.2590828
v -0.1183225 0.2448786 0.2515619
v -0.1181804 0.2426724 0.2439026
v -0.1170048 0.2419369 0.2393477
v -0.1185743 0.2410797 0.2381274
v -0.1158923 0.3228853 0.2143879
v -0.1156931 0.3241844 0.2070667
v -0.1157437 0.3249460 0.2011758
v -0.1159626 0.3255142 0.1952808
v -0.1163636 0.3259847 0.1935543
v -0.1149063 0.3122036 0.2626575
v -0.1151444 0.3139825 0.2470679
v -0.1158015 0.3198330 0.2183096
v -0.1141908 0.3202048 0.2128998
v -0.1140511 0.3210734 0.2077980
v -0.1141812 0.3219941 0.2020838
v -0.1146746 0.3228145 0.1955376
v -0.1149568 0.3231053 0.1931906
v -0.1144018 0.3076817 0.2647956
v -0.1129283 0.3082860 0.2625904
v -0.1133519 0.3103339 0.2459086
v -0.1160097 0.3135886 0.2212528
v -0.1147622 0.3131911 0.2179454
v -0.1132599 0.3143035 0.2119488
v -0.1132172 0.3159455 0.2075392
v -0.1134736 0.3173023 0.2017189
v -0.1139685 0.3182589 0.1958711
v -0.1143129 0.3183064 0.1925988
v -0.1140586 0.3009778 0.2797543
v -0.1138448 0.3020558 0.2697088
v -0.1136530 0.3024129 0.2663558
v -0.1121456 0.3030360 0.2620279
v -0.1125262 0.3052116 0.2451524
v -0.1160099 0.3077692 0.2205581
v -0.1148492 0.3075248 0.2172988
v -0.1131485 0.3083830 0.2108174
v -0.1130826 0.3083252 0.2066070
v -0.1133411 0.3095689 0.2007706
v -0.1140363 0.3107279 0.1934552
v -0.1142625 0.3107846 0.1916594
v -0.1137520 0.2948481 0.2790026
v -0.1126649 0.2968729 0.2690656
v -0.1123989 0.2981921 0.2653948
v -0.1139169 0.2975822 0.2611191
v -0.1141805 0.2997778 0.2448872
v -0.1161777 0.3012892 0.2197801
v -0.1146973 0.3023680 0.2160289
v -0.1131903 0.3033404 0.2100980
v -0.1144804 0.3060001 0.1895965
v -0.1135241 0.2894739 0.2783439
v -0.1136074 0.2906992 0.2683188
v -0.1121463 0.2918530 0.2544693
v -0.1147196 0.2923543 0.2480930
v -0.1157241 0.2932042 0.2450858
v -0.1158608 0.2969598 0.2192492
v -0.1143479 0.2967437 0.2154362
v -0.1132628 0.2984089 0.2106288
v -0.1131629 0.3000425 0.2040949
v -0.1133729 0.3007617 0.1996917
v -0.1140641 0.3018583 0.1923637
v -0.1126063 0.2844966 0.2777279
v -0.1126895 0.2857218 0.2677029
v -0.1123946 0.2869611 0.2538019
v -0.1146964 0.2875056 0.2485488
v -0.1157197 0.2897990 0.2445394
v -0.1149275 0.2908028 0.2193795
v -0.1138836 0.2919123 0.2159262
v -0.1134064 0.2937476 0.2120236
v -0.1132937 0.2916913 0.2030753
v -0.1121464 0.2778464 0.2769113
v -0.1122297 0.2790716 0.2668863
v -0.1123874 0.2814531 0.2531368
v -0.1151056 0.2823228 0.2477377
v -0.1152903 0.2837347 0.2242290
v -0.1144623 0.2854842 0.2211217
v -0.1137005 0.2866067 0.2144966
v -0.1146005 0.2899889 0.1874636
v -0.1120813 0.2721036 0.2762089
v -0.1121646 0.2733289 0.2661839
v -0.1115128 0.2760673 0.2522039
v -0.1140698 0.2770195 0.2470084
v -0.1151768 0.2768372 0.2419705
v -0.1154452 0.2756349 0.2368771
v -0.1151324 0.2771142 0.2294453
v -0.1145489 0.2790684 0.2256857
v -0.1139931 0.2813641 0.2202495
v -0.1136742 0.2813272 0.2153620
v -0.1133872 0.2825936 0.2079731
v -0.1133472 0.2821617 0.2035992
v -0.1135895 0.2832649 0.1975564
v -0.1140451 0.2841465 0.1920194
v -0.1122120 0.2680886 0.2757193
v -0.1122952 0.2693139 0.2656943
v -0.1106415 0.2719240 0.2501040
v -0.1117757 0.2718973 0.2464620
v -0.1130987 0.2725385 0.2410141
v -0.1140220 0.2731048 0.2352561
v -0.1142057 0.2742428 0.2305634
v -0.1139399 0.2755452 0.2257135
v -0.1135192 0.2754529 0.2191816
v -0.1133558 0.2765394 0.2147732
v -0.1130390 0.2762099 0.2071871
v -0.1130313 0.2756427 0.2026114
v -0.1134151 0.2774025 0.1968458
v -0.1138088 0.2781113 0.1921280
v -0.1128996 0.2631153 0.2751172
v -0.1129829 0.2643406 0.2650921
v -0.1108367 0.2673890 0.2468976
v -0.1122108 0.2674273 0.2409288
v -0.1128992 0.2671665 0.2348668
v -0.1130193 0.2670086 0.2287790
v -0.1128710 0.2675083 0.2227586
v -0.1127542 0.2685852 0.2183347
v -0.1127214 0.2703398 0.2140072
v -0.1125761 0.2709012 0.2005292
v -0.1128968 0.2723029 0.1962249
v -0.1132328 0.2725223 0.1914448
v -0.1131769 0.2569970 0.2743717
v -0.1124947 0.2577548 0.2642832
v -0.1107368 0.2608039 0.2445937
v -0.1114870 0.2595192 0.2385546
v -0.1120188 0.2605124 0.2340253
v -0.1122510 0.2611654 0.2286736
v -0.1122239 0.2619321 0.2224039
v -0.1120684 0.2626889 0.2162212
v -0.1120203 0.2634898 0.2125201
v -0.1121089 0.2661071 0.2065915
v -0.1119173 0.2645867 0.2007066
v -0.1120767 0.2651575 0.1960309
v -0.1126437 0.2679351 0.1916036
v -0.1131455 0.2514712 0.2736961
v -0.1130491 0.2526899 0.2636687
v -0.1115025 0.2532271 0.2605666
v -0.1109046 0.2524451 0.2548960
v -0.1103837 0.2527367 0.2495141
v -0.1104742 0.2547814 0.2445876
v -0.1110408 0.2566453 0.2396103
v -0.1144221 0.2495043 0.2587592
v -0.1129172 0.2490881 0.2533487
v -0.1117728 0.2493002 0.2490998
v -0.1113670 0.2490993 0.2447489
v -0.1110184 0.2496928 0.2394000
v -0.1151491 0.2454871 0.2486594
v -0.1135029 0.2454733 0.2439119
v -0.1132304 0.2447503 0.2388140
v -0.1099335 0.2945370 0.2789329
v -0.1097956 0.2955314 0.2688777
v -0.1095771 0.2952880 0.2661598
v -0.1084867 0.2897507 0.2783359
v -0.1084394 0.2910010 0.2683128
v -0.1086093 0.2917915 0.2643130
v -0.1090176 0.2913571 0.2611447
v -0.1075124 0.2843427 0.2776668
v -0.1074738 0.2854661 0.2676283
v -0.1076780 0.2854350 0.2630613
v -0.1084717 0.2867015 0.2610603
v -0.1084548 0.2779949 0.2768988
v -0.1082908 0.2792015 0.2668694
v -0.1074204 0.2800704 0.2623909
v -0.1088956 0.2815052 0.2593405
v -0.1086439 0.2744702 0.2764696
v -0.1085664 0.2755655 0.2664273
v -0.1073289 0.2760866 0.2617868
v -0.1079543 0.2746217 0.2588772
v -0.1096689 0.2738329 0.2542839
v -0.1072109 0.2679545 0.2756614
v -0.1071718 0.2688157 0.2655908
v -0.1072822 0.2704150 0.2614961
v -0.1084773 0.2720296 0.2560990
v -0.1097253 0.2716377 0.2522363
v -0.1079210 0.2625309 0.2750044
v -0.1079510 0.2632417 0.2649160
v -0.1075909 0.2650638 0.2620655
v -0.1084336 0.2650615 0.2560587
v -0.1095802 0.2656228 0.2511232
v -0.1102875 0.2641438 0.2479795
v -0.1091259 0.2579439 0.2744538
v -0.1093721 0.2583413 0.2643289
v -0.1090152 0.2585182 0.2611659
v -0.1090834 0.2589540 0.2554487
v -0.1096695 0.2592084 0.2503206
v -0.1101768 0.2608528 0.2475687
v -0.1100713 0.2550194 0.2586562
v -0.1098066 0.2553296 0.2546843
v -0.1099884 0.2548802 0.2502717
v -0.1101768 0.2557591 0.2469329
v -0.1332708 0.3063346 0.2594568
v -0.1333584 0.3076234 0.2489121
v -0.1334667 0.3041446 0.2592531
v -0.1335553 0.3054483 0.2485856
v -0.1292288 0.3125634 0.2604038
v -0.1293200 0.3139050 0.2494270
v -0.1303739 0.3103302 0.2599167
v -0.1305646 0.3102193 0.2577441
v -0.1306167 0.3109866 0.2514654
v -0.1304624 0.3116230 0.2493923
v -0.1314474 0.3068219 0.2590646
v -0.1319680 0.3072266 0.2574337
v -0.1320209 0.3080045 0.2510689
v -0.1315328 0.3080167 0.2493611
v -0.1319027 0.3026652 0.2587279
v -0.1322940 0.3035178 0.2569512
v -0.1323463 0.3042880 0.2506493
v -0.1319751 0.3038992 0.2487292
v -0.1317388 0.3001978 0.2581357
v -0.1316102 0.3002847 0.2565252
v -0.1316669 0.3010212 0.2503102
v -0.1318125 0.3013356 0.2486553
v -0.1306908 0.2973877 0.2582590
v -0.1307743 0.2986545 0.2478811
v -0.1273957 0.3132059 0.2606044
v -0.1274891 0.3145806 0.2493570
v -0.1268046 0.3093542 0.2604523
v -0.1269033 0.3108068 0.2485674
v -0.1287720 0.3061161 0.2600861
v -0.1288710 0.3075719 0.2481752
v -0.1287863 0.3022878 0.2596183
v -0.1288853 0.3037436 0.2477074
v -0.1277785 0.2994974 0.2592689
v -0.1278774 0.3009531 0.2473580
v -0.1288793 0.2960524 0.2584313
v -0.1289713 0.2974056 0.2473593
v -0.1224163 0.3151758 0.2604887
v -0.1224834 0.3155479 0.2571647
v -0.1225401 0.3160403 0.2531813
v -0.1225046 0.3164746 0.2498622
v -0.1238871 0.3146027 0.2609590
v -0.1232658 0.3144511 0.2563191
v -0.1233596 0.3146865 0.2537222
v -0.1239841 0.3160287 0.2492919
v -0.1232377 0.3106804 0.2605980
v -0.1233366 0.3121361 0.2486870
v -0.1248047 0.2981079 0.2590744
v -0.1249037 0.2995636 0.2471634
v -0.1253182 0.2942580 0.2585909
v -0.1250767 0.2952517 0.2539655
v -0.1252090 0.2955002 0.2515892
v -0.1255393 0.2957206 0.2467318
v -0.1245023 0.2935920 0.2579495
v -0.1245785 0.2940124 0.2545529
v -0.1246259 0.2945076 0.2505668
v -0.1245920 0.2949104 0.2471626
v -0.1205405 0.3149711 0.2605316
v -0.1202349 0.3153782 0.2568309
v -0.1202160 0.3157814 0.2534687
v -0.1207233 0.3162929 0.2497011
v -0.1202358 0.3142973 0.2610688
v -0.1200807 0.3138816 0.2562958
v -0.1200977 0.3142259 0.2535772
v -0.1203355 0.3157671 0.2490529
v -0.1198681 0.3101966 0.2605109
v -0.1199670 0.3116524 0.2485999
v -0.1211785 0.2978336 0.2590108
v -0.1212775 0.2992893 0.2470998
v -0.1234925 0.2939028 0.2586569
v -0.1221771 0.2954960 0.2541533
v -0.1221405 0.2958442 0.2513373
v -0.1235905 0.2954163 0.2465166
v -0.1235459 0.2934645 0.2580470
v -0.1222802 0.2938256 0.2540595
v -0.1223095 0.2942049 0.2509807
v -0.1236375 0.2948120 0.2470216
v -0.1163372 0.3134745 0.2606739
v -0.1164327 0.3148801 0.2491733
v -0.1182675 0.3093972 0.2603999
v -0.1183665 0.3108529 0.2484889
v -0.1161331 0.3020221 0.2594807
v -0.1162320 0.3034778 0.2475698
v -0.1181173 0.2993269 0.2591679
v -0.1182162 0.3007827 0.2472569
v -0.1176865 0.2934425 0.2583780
v -0.1177843 0.2948820 0.2465992
v -0.1186589 0.2930202 0.2578740
v -0.1187492 0.2943489 0.2470026
v -0.1134663 0.3118894 0.2603644
v -0.1135663 0.3133002 0.2490770
v -0.1137349 0.3091102 0.2603271
v -0.1138338 0.3105659 0.2484162
v -0.1135529 0.3023526 0.2589653
v -0.1122147 0.3026778 0.2552903
v -0.1122786 0.3031802 0.2512224
v -0.1136431 0.3036796 0.2481073
v -0.1128021 0.2970987 0.2542267
v -0.1128289 0.2974259 0.2512101
v -0.1145194 0.2947381 0.2580043
v -0.1130361 0.2962417 0.2552588
v -0.1132184 0.2966908 0.2504481
v -0.1145987 0.2960700 0.2472478
v -0.1117836 0.3027591 0.2539987
v -0.1118249 0.3029567 0.2519879
v -0.1123029 0.2972266 0.2536269
v -0.1123320 0.2974288 0.2518278
v -0.1035912 0.2940651 0.2646661
v -0.1031745 0.2972286 0.2651911
v -0.1026463 0.3000939 0.2649388
v -0.1047577 0.2925366 0.2630582
v -0.1057236 0.2945917 0.2636602
v -0.1061859 0.2978916 0.2636430
v -0.1049801 0.3012093 0.2639849
v -0.1048757 0.3056043 0.2632052
v -0.1072075 0.2975812 0.2625733
v -0.1085294 0.3032050 0.2614251
v -0.1071231 0.3061549 0.2620413
v -0.1067722 0.3081171 0.2612061
v -0.1090019 0.3038120 0.2605093
v -0.1093488 0.3067707 0.2596654
v -0.1082095 0.3086008 0.2598195
v -0.0983980 0.2946330 0.2647248
v -0.0982819 0.2970934 0.2654297
v -0.0980219 0.2992110 0.2653250
v -0.1009255 0.2918693 0.2623938
v -0.1015056 0.2930821 0.2639988
v -0.1002624 0.2978159 0.2655319
v -0.1007562 0.3015194 0.2647334
v -0.0993853 0.3033502 0.2641664
v -0.1000235 0.3068151 0.2633089
v -0.1035639 0.2915905 0.2608675
v -0.1028561 0.3022557 0.2641063
v -0.1030890 0.3065222 0.2631436
v -0.1019218 0.3080436 0.2625447
v -0.1047326 0.2964022 0.2585178
v -0.1054311 0.2967116 0.2603182
v -0.1049445 0.3093107 0.2608776
v -0.1069891 0.3035336 0.2574329
v -0.1090731 0.3081561 0.2577693
v -0.1067849 0.3099978 0.2578093
v -0.1079660 0.3082855 0.2541896
v -0.1079547 0.3089181 0.2553093
v -0.0961293 0.2937252 0.2632584
v -0.0949589 0.2969854 0.2641559
v -0.0952838 0.3004576 0.2644251
v -0.0951564 0.3034809 0.2635686
v -0.0993333 0.2910552 0.2605577
v -0.0986352 0.2923298 0.2628053
v -0.0969101 0.3002919 0.2631222
v -0.0968813 0.3044016 0.2632887
v -0.0976050 0.3082135 0.2621173
v -0.1012858 0.2891978 0.2557497
v -0.1010153 0.2902619 0.2581414
v -0.0995474 0.3061915 0.2610980
v -0.0992566 0.3088418 0.2615536
v -0.0993711 0.3111444 0.2598586
v -0.1023346 0.2891054 0.2550454
v -0.1036898 0.2901905 0.2565296
v -0.1048757 0.2957389 0.2562653
v -0.1025686 0.3110099 0.2592795
v -0.1009372 0.3118382 0.2581067
v -0.1060808 0.2886625 0.2520042
v -0.1061121 0.2946670 0.2536097
v -0.1065636 0.3030025 0.2543631
v -0.1050814 0.3108642 0.2553736
v -0.1031077 0.3117143 0.2566720
v -0.1083910 0.2867522 0.2480230
v -0.1079921 0.2882650 0.2495349
v -0.1091844 0.2921469 0.2494149
v -0.1086269 0.2973481 0.2498370
v -0.1086799 0.2982542 0.2497179
v -0.1080387 0.3073808 0.2525080
v -0.1058965 0.3098247 0.2524462
v -0.1097466 0.2873051 0.2468841
v -0.1103749 0.2893176 0.2469073
v -0.1105570 0.2929874 0.2477869
v -0.1102851 0.2972063 0.2479544
v -0.1098710 0.3002671 0.2485920
v -0.1104840 0.3041569 0.2480873
v -0.1082212 0.3075491 0.2491903
v -0.1119778 0.2911980 0.2448494
v -0.1122181 0.2937476 0.2448577
v -0.1126242 0.2970551 0.2448060
v -0.1124286 0.3009347 0.2452856
v -0.1112805 0.3045459 0.2458215
v -0.1098942 0.3062381 0.2468265
v -0.1137442 0.2955453 0.2420377
v -0.1137436 0.2982348 0.2430314
v -0.1135580 0.3013877 0.2433303
v -0.1127071 0.3035596 0.2437581
v -0.0909251 0.2978278 0.2628325
v -0.0941674 0.2916593 0.2600667
v -0.0942807 0.2942100 0.2618844
v -0.0933455 0.2970844 0.2627461
v -0.0914454 0.2999960 0.2624345
v -0.0927940 0.3040092 0.2624392
v -0.0924245 0.3069334 0.2613693
v -0.0955950 0.2904930 0.2586105
v -0.0958218 0.2940454 0.2609795
v -0.0941468 0.3088918 0.2609200
v -0.0943259 0.3105207 0.2599040
v -0.0996334 0.2887291 0.2552740
v -0.0991128 0.2895147 0.2571333
v -0.0967444 0.3116934 0.2588503
v -0.1020601 0.2880688 0.2533306
v -0.1004291 0.3104472 0.2562132
v -0.0988270 0.3127273 0.2559997
v -0.1044452 0.2862359 0.2496523
v -0.1039651 0.2874120 0.2516640
v -0.1012533 0.3119147 0.2508668
v -0.1006960 0.3123396 0.2527957
v -0.1062688 0.2858381 0.2478024
v -0.1065566 0.2875571 0.2488225
v -0.1068978 0.2972783 0.2483211
v -0.1048523 0.3103269 0.2509025
v -0.1086942 0.2841733 0.2431525
v -0.1094369 0.2858435 0.2450548
v -0.1081802 0.2970988 0.2472100
v -0.1077908 0.2989496 0.2474860
v -0.1085056 0.3036982 0.2462786
v -0.1073835 0.3081650 0.2472902
v -0.1060975 0.3092522 0.2484023
v -0.1095396 0.2842754 0.2420566
v -0.1112760 0.2864664 0.2418099
v -0.1121976 0.2898645 0.2434657
v -0.1129514 0.2922485 0.2426705
v -0.1099562 0.3056657 0.2445310
v -0.1091731 0.3069129 0.2446631
v -0.1119426 0.2872324 0.2390743
v -0.1127659 0.2896161 0.2394421
v -0.1136124 0.2933912 0.2403630
v -0.1144586 0.2967915 0.2399435
v -0.1134708 0.3017423 0.2412841
v -0.1120722 0.3047403 0.2418823
v -0.1135882 0.2926593 0.2370228
v -0.1143236 0.2956537 0.2370207
v -0.1147125 0.2992837 0.2373856
v -0.1142637 0.3018192 0.2384008
v -0.1122115 0.3046733 0.2390650
v -0.0889646 0.2945033 0.2604941
v -0.0885990 0.2964661 0.2612535
v -0.0885785 0.2997423 0.2616292
v -0.0913662 0.2913606 0.2585916
v -0.0901878 0.2939881 0.2594496
v -0.0889146 0.2956365 0.2592221
v -0.0905082 0.2996134 0.2611872
v -0.0893881 0.3044826 0.2605936
v -0.0896368 0.3076352 0.2595356
v -0.0941009 0.2885410 0.2543131
v -0.0926776 0.2898149 0.2566076
v -0.0908986 0.3094505 0.2591076
v -0.0916104 0.3109505 0.2583314
v -0.0971940 0.2878419 0.2531943
v -0.0937388 0.3131126 0.2556770
v -0.0986526 0.2867982 0.2509845
v -0.0967051 0.3134571 0.2532592
v -0.1017439 0.2852578 0.2469985
v -0.0982839 0.3129629 0.2507632
v -0.1046928 0.2833736 0.2434842
v -0.1026067 0.2856064 0.2449892
v -0.1022854 0.2875800 0.2449595
v -0.1019220 0.3112163 0.2484122
v -0.1061026 0.2828795 0.2416764
v -0.1055011 0.3030966 0.2427904
v -0.1046844 0.3093493 0.2443737
v -0.1035332 0.3100758 0.2457210
v -0.1086886 0.2836325 0.2387329
v -0.1088920 0.2850544 0.2413900
v -0.1063199 0.3040083 0.2419353
v -0.1067005 0.3080552 0.2420939
v -0.1099152 0.2845015 0.2372874
v -0.1111763 0.2866787 0.2369137
v -0.1097073 0.3060912 0.2386367
v -0.1082686 0.3069366 0.2393540
v -0.1126071 0.2914646 0.2350006
v -0.1136779 0.2952285 0.2346006
v -0.1130158 0.2993109 0.2355485
v -0.1131264 0.3029377 0.2356910
v -0.1113970 0.3048420 0.2369202
v -0.1132137 0.2959252 0.2330393
v -0.1137627 0.2986867 0.2337033
v -0.1135216 0.3015135 0.2343723
v -0.0862211 0.2934926 0.2582563
v -0.0859016 0.2963392 0.2583427
v -0.0853937 0.3005266 0.2593060
v -0.0875237 0.2899723 0.2547353
v -0.0862261 0.2934657 0.2562833
v -0.0865587 0.2959481 0.2581215
v -0.0865289 0.3046821 0.2584651
v -0.0865150 0.3080030 0.2569838
v -0.0915716 0.2881880 0.2528923
v -0.0878581 0.3096872 0.2567489
v -0.0886506 0.3114734 0.2559803
v -0.0938098 0.2870896 0.2508872
v -0.0899893 0.3099205 0.2522128
v -0.0907449 0.3130570 0.2530782
v -0.0959305 0.2854039 0.2472951
v -0.0947897 0.2903732 0.2467635
v -0.0928314 0.3082883 0.2491085
v -0.0930611 0.3141859 0.2507538
v -0.0982377 0.2839173 0.2440972
v -0.0962431 0.3063292 0.2453831
v -0.0949843 0.3137367 0.2487887
v -0.1018269 0.2830495 0.2425607
v -0.1020666 0.2870866 0.2420353
v -0.0998391 0.2879757 0.2430610
v -0.0994309 0.3120143 0.2471163
v -0.0978150 0.3124378 0.2460583
v -0.1041900 0.2826189 0.2393839
v -0.1030249 0.2854461 0.2391522
v -0.1008150 0.3043141 0.2409670
v -0.1005255 0.3062057 0.2410066
v -0.1009290 0.3106221 0.2423886
v -0.1063644 0.2835994 0.2363844
v -0.1058966 0.2850167 0.2383199
v -0.1042153 0.3048592 0.2397633
v -0.1047335 0.3085547 0.2393840
v -0.1078137 0.2847475 0.2344411
v -0.1095720 0.2867241 0.2336189
v -0.1077560 0.3067605 0.2367125
v -0.1063694 0.3073644 0.2365885
v -0.1110319 0.2912285 0.2323956
v -0.1111377 0.2985901 0.2320547
v -0.1091304 0.3054748 0.2341330
v -0.1116112 0.2958688 0.2305712
v -0.1113495 0.2989735 0.2305678
v -0.1114832 0.3028840 0.2322370
v -0.0830834 0.2936696 0.2563716
v -0.0830439 0.2961709 0.2566692
v -0.0842816 0.3020077 0.2579550
v -0.0857063 0.2897531 0.2533580
v -0.0855107 0.2956024 0.2565385
v -0.0840192 0.3046112 0.2563110
v -0.0842686 0.3080241 0.2548767
v -0.0889176 0.2878430 0.2510700
v -0.0849602 0.3097607 0.2542040
v -0.0859401 0.3114143 0.2538813
v -0.0911479 0.2854266 0.2457612
v -0.0904173 0.2866936 0.2488220
v -0.0885907 0.3103813 0.2525051
v -0.0880983 0.3120365 0.2520463
v -0.0934988 0.2850757 0.2457273
v -0.0941442 0.2902848 0.2458125
v -0.0919418 0.3080797 0.2474846
v -0.0959793 0.2835576 0.2423505
v -0.0937892 0.3069269 0.2451354
v -0.0944448 0.3137125 0.2471153
v -0.0990007 0.2825526 0.2402644
v -0.0992612 0.2868545 0.2384502
v -0.0962140 0.3127850 0.2447852
v -0.1013935 0.2826666 0.2364714
v -0.1013756 0.2855328 0.2377655
v -0.0987192 0.3111950 0.2408296
v -0.1018785 0.2812836 0.2335807
v -0.1038229 0.2832973 0.2344670
v -0.1022806 0.2850724 0.2349790
v -0.1012553 0.3094812 0.2366246
v -0.1050473 0.2833934 0.2315283
v -0.1035491 0.3079499 0.2334894
v -0.1063704 0.2879845 0.2289852
v -0.1085595 0.2927636 0.2285312
v -0.1055829 0.3064545 0.2311041
v -0.1094323 0.2960055 0.2279941
v -0.1097979 0.2984797 0.2279170
v -0.1085374 0.3025033 0.2279769
v -0.1070948 0.3050856 0.2295090
v -0.0824452 0.2912927 0.2535930
v -0.0812873 0.2935258 0.2547413
v -0.0804309 0.2968583 0.2553681
v -0.0805096 0.3003778 0.2549476
v -0.0830525 0.2895475 0.2511605
v -0.0811121 0.3046065 0.2534544
v -0.0863249 0.2875448 0.2490007
v -0.0823265 0.3096964 0.2515001
v -0.0832160 0.3114808 0.2513196
v -0.0896093 0.2852502 0.2444694
v -0.0879541 0.2863893 0.2468368
v -0.0856171 0.3138453 0.2499981
v -0.0871128 0.3146466 0.2486409
v -0.0913069 0.2841735 0.2420579
v -0.0901994 0.2909427 0.2443215
v -0.0887671 0.3083149 0.2452235
v -0.0891605 0.3148085 0.2465341
v -0.0881459 0.3148411 0.2476087
v -0.0930262 0.2832226 0.2397570
v -0.0927457 0.3063841 0.2421552
v -0.0906415 0.3144214 0.2448810
v -0.0952810 0.2821630 0.2368907
v -0.0948607 0.3050708 0.2394893
v -0.0939852 0.3056386 0.2406800
v -0.0948619 0.3123190 0.2396708
v -0.0930432 0.3133378 0.2420680
v -0.0986051 0.2813277 0.2341018
v -0.0977160 0.2865887 0.2359776
v -0.0963405 0.3038870 0.2366685
v -0.0966434 0.3112091 0.2370161
v -0.0992285 0.2848392 0.2311480
v -0.0988375 0.2850432 0.2315007
v -0.0985097 0.3099962 0.2342116
v -0.1008937 0.3084017 0.2309237
v -0.1060641 0.2987268 0.2275780
v -0.1029302 0.3068502 0.2283669
v -0.1060772 0.2987221 0.2255672
v -0.1057074 0.3028371 0.2249688
v -0.1043895 0.3054472 0.2266406
v -0.0789504 0.2912110 0.2504315
v -0.0778290 0.2934563 0.2514955
v -0.0777198 0.2965477 0.2519919
v -0.0772942 0.3003092 0.2517351
v -0.0804686 0.2894997 0.2488816
v -0.0799264 0.2955126 0.2507444
v -0.0788823 0.3045501 0.2512766
v -0.0801986 0.3073232 0.2511985
v -0.0830013 0.2874257 0.2461765
v -0.0813340 0.3097878 0.2507839
v -0.0804349 0.3118627 0.2482153
v -0.0865544 0.2850895 0.2417368
v -0.0847768 0.2862368 0.2440825
v -0.0816807 0.3135820 0.2471934
v -0.0830821 0.3146008 0.2459650
v -0.0882845 0.2840404 0.2393131
v -0.0875721 0.2904906 0.2401169
v -0.0867885 0.3081202 0.2425829
v -0.0851664 0.3151175 0.2440061
v -0.0899641 0.2831259 0.2369482
v -0.0872407 0.3147911 0.2419608
v -0.0921367 0.2821002 0.2339026
v -0.0907556 0.3132688 0.2382286
v -0.0980069 0.2810933 0.2315962
v -0.0947549 0.2814324 0.2321841
v -0.0953244 0.2862072 0.2322586
v -0.0937182 0.3116156 0.2345119
v -0.0994172 0.2813274 0.2299048
v -0.0986962 0.2847428 0.2302788
v -0.0980957 0.2851359 0.2311086
v -0.0957142 0.3103587 0.2317183
v -0.1015839 0.2835312 0.2276134
v -0.0976313 0.3090898 0.2290428
v -0.1033342 0.2879852 0.2259298
v -0.1006252 0.3066931 0.2249991
v -0.0996523 0.3075731 0.2262968
v -0.1047984 0.2929263 0.2246948
v -0.1057109 0.2962974 0.2241161
v -0.1015282 0.3056920 0.2237843
v -0.0746075 0.2937965 0.2481600
v -0.0739705 0.2970431 0.2488007
v -0.0741299 0.2997389 0.2486520
v -0.0775107 0.2900632 0.2466214
v -0.0775135 0.2948461 0.2459764
v -0.0745014 0.3017662 0.2482841
v -0.0760337 0.3048181 0.2480282
v -0.0770670 0.3076431 0.2477920
v -0.0805569 0.2875902 0.2439733
v -0.0775899 0.3096170 0.2467984
v -0.0771048 0.3116171 0.2451077
v -0.0830455 0.2856096 0.2396746
v -0.0816232 0.2864880 0.2413486
v -0.0826765 0.2915615 0.2391848
v -0.0811604 0.3095630 0.2422749
v -0.0787142 0.3139075 0.2436264
v -0.0801177 0.3148873 0.2423612
v -0.0852106 0.2842739 0.2365624
v -0.0840538 0.2909450 0.2383099
v -0.0835434 0.3079862 0.2389208
v -0.0827664 0.3088258 0.2411885
v -0.0816807 0.3152114 0.2409009
v -0.0868048 0.2833895 0.2341286
v -0.0838617 0.3075973 0.2378296
v -0.0837811 0.3149598 0.2389381
v -0.0905348 0.2821883 0.2323804
v -0.0874922 0.3135394 0.2355555
v -0.0953523 0.2811222 0.2287533
v -0.0929650 0.2814262 0.2295638
v -0.0936536 0.2862133 0.2306440
v -0.0902055 0.3121893 0.2327439
v -0.0950352 0.2813342 0.2267604
v -0.0945421 0.2848977 0.2267684
v -0.0946141 0.2851924 0.2279020
v -0.0923425 0.3109186 0.2300033
v -0.0984400 0.2836965 0.2242771
v -0.0952951 0.3089258 0.2258744
v -0.0995427 0.2876840 0.2224350
v -0.0992475 0.2899440 0.2209411
v -0.0967757 0.3077385 0.2237428
v -0.1017934 0.2930831 0.2217662
v -0.1027028 0.2964633 0.2211822
v -0.1030963 0.2990163 0.2210382
v -0.1019533 0.3030578 0.2212366
v -0.1000424 0.3057598 0.2223833
v -0.0755709 0.2900863 0.2440159
v -0.0737610 0.3043433 0.2459738
v -0.0773560 0.2881221 0.2407978
v -0.0752760 0.3096037 0.2443533
v -0.0754546 0.3108043 0.2440549
v -0.0803464 0.2859764 0.2364358
v -0.0795219 0.2869900 0.2368691
v -0.0821863 0.2915468 0.2386515
v -0.0819062 0.2849885 0.2340169
v -0.0831186 0.2900691 0.2342341
v -0.0818005 0.2910481 0.2364748
v -0.0872376 0.2829229 0.2315183
v -0.0831300 0.2896260 0.2326468
v -0.0831868 0.3074155 0.2365127
v -0.0885143 0.2823850 0.2295106
v -0.0841710 0.3136149 0.2326376
v -0.0901279 0.2818933 0.2272172
v -0.0883727 0.3050064 0.2278713
v -0.0871415 0.3123389 0.2302662
v -0.0940722 0.2814569 0.2252532
v -0.0931175 0.2826405 0.2243547
v -0.0900675 0.3040630 0.2261283
v -0.0896898 0.3073015 0.2266063
v -0.0894238 0.3110939 0.2277328
v -0.0957710 0.2843080 0.2220445
v -0.0916099 0.3062283 0.2246157
v -0.0924019 0.3090878 0.2235873
v -0.0965494 0.2871080 0.2201198
v -0.0977068 0.2902118 0.2194646
v -0.0976945 0.3068243 0.2223625
v -0.0938639 0.3078712 0.2214133
v -0.0987294 0.2933624 0.2188565
v -0.0995676 0.2965405 0.2182979
v -0.0999060 0.2990009 0.2181246
v -0.0995689 0.3030244 0.2190691
v -0.0985148 0.3057708 0.2210439
v -0.0715831 0.2944531 0.2447471
v -0.0711196 0.2968868 0.2453037
v -0.0712344 0.2999740 0.2453407
v -0.0740240 0.2904499 0.2423183
v -0.0723160 0.2927904 0.2439856
v -0.0709942 0.2956074 0.2423369
v -0.0716151 0.3018638 0.2450429
v -0.0716679 0.3045717 0.2434111
v -0.0753764 0.2935837 0.2393291
v -0.0726578 0.3093836 0.2415583
v -0.0730366 0.3111205 0.2409991
v -0.0789320 0.2871687 0.2359759
v -0.0767368 0.2922083 0.2356998
v -0.0760577 0.2942669 0.2360117
v -0.0757451 0.3102295 0.2393745
v -0.0754369 0.3122130 0.2405777
v -0.0767376 0.3147558 0.2391465
v -0.0802003 0.2854842 0.2327075
v -0.0796288 0.2912894 0.2342506
v -0.0786550 0.2937697 0.2335377
v -0.0796403 0.3079464 0.2349539
v -0.0789898 0.3083200 0.2356642
v -0.0798358 0.3150715 0.2362806
v -0.0782688 0.3151395 0.2377318
v -0.0847174 0.2834764 0.2295800
v -0.0825900 0.2843437 0.2309210
v -0.0835971 0.2890873 0.2311609
v -0.0799288 0.3077411 0.2344958
v -0.0808869 0.3148190 0.2353336
v -0.0851286 0.2832355 0.2269213
v -0.0844521 0.2883302 0.2292673
v -0.0828536 0.3068776 0.2292155
v -0.0827184 0.3096910 0.2283974
v -0.0825601 0.3135766 0.2310730
v -0.0875462 0.2826010 0.2247862
v -0.0869454 0.3056159 0.2286720
v -0.0858751 0.3081202 0.2285319
v -0.0853333 0.3122354 0.2282205
v -0.0899303 0.2823257 0.2224835
v -0.0880806 0.3102298 0.2234032
v -0.0872127 0.3111672 0.2259480
v -0.0924422 0.2842584 0.2194576
v -0.0934942 0.2863777 0.2183457
v -0.0909641 0.3006487 0.2197199
v -0.0910309 0.3056929 0.2221170
v -0.0898053 0.3093516 0.2220595
v -0.0941518 0.2877221 0.2179856
v -0.0952980 0.2906219 0.2173174
v -0.0925809 0.3048562 0.2191677
v -0.0909112 0.3080634 0.2193478
v -0.0954123 0.2936217 0.2159787
v -0.0961840 0.2965403 0.2154648
v -0.0965353 0.2988597 0.2153556
v -0.0956795 0.3032046 0.2161387
v -0.0947195 0.3058074 0.2180497
v -0.0683293 0.2980296 0.2419133
v -0.0710862 0.2913453 0.2388528
v -0.0693625 0.2943168 0.2392040
v -0.0685216 0.2963846 0.2415811
v -0.0686254 0.3007866 0.2418775
v -0.0688828 0.3044414 0.2401117
v -0.0726815 0.2898696 0.2373054
v -0.0718417 0.2947299 0.2372361
v -0.0717637 0.2965814 0.2369304
v -0.0699865 0.3091564 0.2384541
v -0.0709863 0.3113905 0.2381587
v -0.0761336 0.2874748 0.2340286
v -0.0743167 0.3096201 0.2357771
v -0.0726890 0.3137914 0.2365991
v -0.0784999 0.2860243 0.2312190
v -0.0757956 0.3079904 0.2313466
v -0.0746352 0.3087729 0.2330325
v -0.0750059 0.3149471 0.2344961
v -0.0805876 0.2848492 0.2280485
v -0.0790908 0.2898037 0.2293315
v -0.0797237 0.2921344 0.2286854
v -0.0773081 0.3072309 0.2300881
v -0.0770776 0.3148040 0.2326235
v -0.0828323 0.2840059 0.2245006
v -0.0830106 0.2859064 0.2260064
v -0.0793891 0.3071222 0.2283071
v -0.0803172 0.3100829 0.2274590
v -0.0810010 0.3135005 0.2294878
v -0.0845538 0.2838557 0.2222122
v -0.0861970 0.2859741 0.2224769
v -0.0833020 0.3119328 0.2253338
v -0.0878856 0.2835050 0.2201566
v -0.0858489 0.2852734 0.2196081
v -0.0853506 0.3066855 0.2201336
v -0.0851422 0.3091685 0.2210636
v -0.0839858 0.3111038 0.2229248
v -0.0899580 0.2846013 0.2181237
v -0.0899905 0.2874776 0.2161607
v -0.0904064 0.3003740 0.2181828
v -0.0862668 0.3091436 0.2196661
v -0.0915772 0.2883787 0.2161563
v -0.0917713 0.2912675 0.2150203
v -0.0926678 0.2940140 0.2143111
v -0.0895719 0.3002062 0.2167598
v -0.0906098 0.3040285 0.2157003
v -0.0916073 0.3058148 0.2168219
v -0.0934476 0.2968074 0.2137847
v -0.0938877 0.2990375 0.2137271
v -0.0932040 0.3022691 0.2140302
v -0.0920785 0.3046344 0.2149156
v -0.0677358 0.2946172 0.2370643
v -0.0658894 0.2979241 0.2382720
v -0.0660846 0.3008276 0.2384726
v -0.0664235 0.3040817 0.2371192
v -0.0694594 0.2912093 0.2341888
v -0.0691971 0.2951005 0.2370587
v -0.0679769 0.2969532 0.2358034
v -0.0663810 0.3046921 0.2363230
v -0.0681072 0.3094297 0.2358228
v -0.0695557 0.3107193 0.2369418
v -0.0723156 0.2889458 0.2310831
v -0.0714062 0.2919866 0.2309451
v -0.0718549 0.2947138 0.2302824
v -0.0693938 0.3129483 0.2335627
v -0.0741386 0.2877475 0.2287347
v -0.0724836 0.2915460 0.2291446
v -0.0730466 0.2940946 0.2292159
v -0.0720002 0.3145865 0.2311705
v -0.0764258 0.2863693 0.2252355
v -0.0772972 0.2889944 0.2246550
v -0.0789179 0.2915196 0.2256780
v -0.0759880 0.3071089 0.2283551
v -0.0740046 0.3145161 0.2293900
v -0.0796917 0.2852410 0.2220706
v -0.0780743 0.2882118 0.2225926
v -0.0779024 0.2921057 0.2233153
v -0.0770700 0.3080525 0.2258539
v -0.0781842 0.3110721 0.2253390
v -0.0768472 0.3136801 0.2271404
v -0.0846819 0.2844678 0.2198203
v -0.0827573 0.2852817 0.2190225
v -0.0794942 0.2929837 0.2210767
v -0.0804794 0.3119840 0.2232625
v -0.0863285 0.2849306 0.2181507
v -0.0842371 0.2869126 0.2163871
v -0.0838468 0.2903615 0.2162853
v -0.0845166 0.3066201 0.2190807
v -0.0832537 0.3091056 0.2199328
v -0.0806639 0.3111064 0.2201910
v -0.0861016 0.2882862 0.2154343
v -0.0859185 0.2915077 0.2145824
v -0.0861458 0.2944202 0.2141333
v -0.0847985 0.3088250 0.2182090
v -0.0891003 0.2919675 0.2141743
v -0.0878174 0.2958664 0.2132394
v -0.0879714 0.2989773 0.2128706
v -0.0883524 0.3025615 0.2125447
v -0.0881910 0.3059132 0.2140819
v -0.0877067 0.3081479 0.2171962
v -0.0911309 0.2996559 0.2127672
v -0.0898114 0.3022761 0.2127161
v -0.0646621 0.2946260 0.2328028
v -0.0636088 0.2975673 0.2343760
v -0.0637479 0.3025364 0.2343530
v -0.0642462 0.3033875 0.2346067
v -0.0665941 0.2919830 0.2303361
v -0.0655654 0.2932095 0.2316616
v -0.0655256 0.2971298 0.2335473
v -0.0645743 0.3043401 0.2339896
v -0.0660366 0.3092494 0.2329131
v -0.0704945 0.2895702 0.2292730
v -0.0696608 0.2919163 0.2289510
v -0.0692399 0.2955184 0.2306234
v -0.0656118 0.3103646 0.2315785
v -0.0665563 0.3120053 0.2308939
v -0.0720725 0.2884815 0.2269380
v -0.0717206 0.2915224 0.2283121
v -0.0716547 0.2940442 0.2276706
v -0.0681363 0.3139022 0.2281077
v -0.0750491 0.2867844 0.2232889
v -0.0740671 0.2873482 0.2249812
v -0.0713446 0.3140261 0.2253534
v -0.0773780 0.2862659 0.2205447
v -0.0763469 0.2925507 0.2216553
v -0.0748789 0.3074524 0.2227463
v -0.0759978 0.3098114 0.2222485
v -0.0736711 0.3131952 0.2230286
v -0.0796486 0.2864532 0.2171095
v -0.0808101 0.2916279 0.2174747
v -0.0802886 0.2923003 0.2193893
v -0.0769972 0.3119562 0.2205474
v -0.0820833 0.2876426 0.2156447
v -0.0821850 0.2903611 0.2150639
v -0.0801561 0.3099521 0.2158306
v -0.0789413 0.3109347 0.2182498
v -0.0841416 0.2909732 0.2148733
v -0.0831424 0.2951060 0.2134098
v -0.0843173 0.2978001 0.2131476
v -0.0835370 0.3021969 0.2126124
v -0.0825690 0.3085635 0.2135972
v -0.0859505 0.2995579 0.2126137
v -0.0860357 0.3026417 0.2117756
v -0.0853773 0.3058421 0.2117560
v -0.0831199 0.3077694 0.2120137
v -0.0614638 0.2981066 0.2312615
v -0.0618442 0.3010812 0.2319046
v -0.0650242 0.2924830 0.2284577
v -0.0632756 0.2955057 0.2292727
v -0.0631140 0.2969783 0.2301843
v -0.0616027 0.3017857 0.2307620
v -0.0623969 0.3038906 0.2308842
v -0.0639715 0.3082496 0.2305601
v -0.0665262 0.2921447 0.2269904
v -0.0661676 0.2948376 0.2268993
v -0.0640237 0.3098541 0.2290037
v -0.0647384 0.3117009 0.2279534
v -0.0703318 0.2889509 0.2241929
v -0.0672612 0.2902825 0.2238877
v -0.0687726 0.3032272 0.2246971
v -0.0662004 0.3134514 0.2261023
v -0.0736352 0.2871712 0.2197815
v -0.0720209 0.2878744 0.2209560
v -0.0728228 0.2918214 0.2209069
v -0.0704953 0.3084971 0.2225653
v -0.0709243 0.3111516 0.2225005
v -0.0689117 0.3138072 0.2234581
v -0.0752190 0.2867293 0.2175520
v -0.0746371 0.2907495 0.2190936
v -0.0744126 0.2933295 0.2199584
v -0.0738757 0.3066911 0.2193615
v -0.0721726 0.3121625 0.2212716
v -0.0716770 0.3130768 0.2213473
v -0.0772877 0.2869731 0.2150538
v -0.0756127 0.2903961 0.2151630
v -0.0759724 0.2927398 0.2167468
v -0.0752441 0.3078811 0.2179520
v -0.0743458 0.3117715 0.2180014
v -0.0784478 0.2878255 0.2136050
v -0.0794019 0.2906210 0.2131540
v -0.0781834 0.3078951 0.2152309
v -0.0760337 0.3108743 0.2158907
v -0.0796721 0.3032618 0.2126682
v -0.0801050 0.3059841 0.2123594
v -0.0790054 0.3090229 0.2119019
v -0.0831324 0.3026946 0.2101466
v -0.0826633 0.3065313 0.2095899
v -0.0814193 0.3079705 0.2107946
v -0.0607260 0.2988379 0.2301816
v -0.0615307 0.2949300 0.2270036
v -0.0605538 0.2976773 0.2288420
v -0.0602434 0.3008791 0.2286456
v -0.0612579 0.3050201 0.2280326
v -0.0634436 0.2924324 0.2245105
v -0.0627549 0.2943382 0.2250798
v -0.0637214 0.2980370 0.2238559
v -0.0617363 0.3061669 0.2266887
v -0.0625407 0.3094406 0.2263758
v -0.0642365 0.3117464 0.2268466
v -0.0686709 0.2892226 0.2206789
v -0.0661941 0.2928692 0.2216307
v -0.0668631 0.2960859 0.2212008
v -0.0663991 0.3031961 0.2232548
v -0.0631499 0.3100239 0.2240090
v -0.0648791 0.3127914 0.2245299
v -0.0692315 0.2898465 0.2169766
v -0.0691802 0.2921631 0.2182191
v -0.0668350 0.3090231 0.2208772
v -0.0667812 0.3132010 0.2211367
v -0.0723082 0.2874880 0.2144893
v -0.0702172 0.2900332 0.2157724
v -0.0704329 0.2916675 0.2162970
v -0.0706348 0.3071114 0.2177027
v -0.0695174 0.3125581 0.2184360
v -0.0680142 0.3128104 0.2190122
v -0.0744182 0.2873033 0.2129301
v -0.0745949 0.2898851 0.2123227
v -0.0724165 0.3076762 0.2129728
v -0.0719796 0.3111826 0.2156705
v -0.0758567 0.2910275 0.2110357
v -0.0749592 0.3066131 0.2112414
v -0.0742818 0.3081532 0.2119944
v -0.0735874 0.3107094 0.2135606
v -0.0785035 0.3025206 0.2088497
v -0.0794274 0.3053851 0.2092536
v -0.0773159 0.3085711 0.2091887
v -0.0793023 0.3022948 0.2079467
v -0.0797429 0.3068493 0.2073147
v -0.0794874 0.3080945 0.2093836
v -0.0604172 0.2950580 0.2244663
v -0.0619977 0.2927747 0.2216074
v -0.0610136 0.2940977 0.2226296
v -0.0610528 0.2980635 0.2231678
v -0.0654636 0.2902748 0.2184235
v -0.0631768 0.2917660 0.2189286
v -0.0637303 0.2965846 0.2186251
v -0.0624521 0.3036991 0.2217946
v -0.0635379 0.3076842 0.2206906
v -0.0665673 0.2899857 0.2159444
v -0.0678091 0.2919140 0.2161842
v -0.0641104 0.2961569 0.2174546
v -0.0643086 0.3098630 0.2197640
v -0.0652365 0.3127272 0.2195621
v -0.0706610 0.2878827 0.2129803
v -0.0688610 0.2891805 0.2135060
v -0.0683823 0.2916991 0.2144024
v -0.0670941 0.3073782 0.2151971
v -0.0671017 0.3119552 0.2160766
v -0.0663267 0.3126945 0.2178548
v -0.0714258 0.2878700 0.2111617
v -0.0711182 0.2893839 0.2101249
v -0.0719446 0.3076912 0.2125646
v -0.0692474 0.3111374 0.2135253
v -0.0730432 0.2912773 0.2093003
v -0.0735765 0.3065754 0.2098476
v -0.0725543 0.3084506 0.2104094
v -0.0707853 0.3104601 0.2107645
v -0.0758792 0.3026235 0.2061855
v -0.0752502 0.3069496 0.2066423
v -0.0744880 0.3085707 0.2073352
v -0.0768025 0.3066018 0.2054719
v -0.0764256 0.3076973 0.2063876
v -0.0625665 0.2916521 0.2164739
v -0.0619498 0.2966441 0.2182566
v -0.0643912 0.2901833 0.2136553
v -0.0628965 0.2923486 0.2136722
v -0.0633487 0.2952457 0.2136148
v -0.0666176 0.2892867 0.2110203
v -0.0648427 0.2937456 0.2104276
v -0.0657769 0.3074855 0.2137135
v -0.0659480 0.3110081 0.2139504
v -0.0694056 0.2881068 0.2098237
v -0.0692987 0.2903239 0.2086633
v -0.0677235 0.2925406 0.2084945
v -0.0667892 0.3057787 0.2086815
v -0.0666970 0.3080253 0.2097562
v -0.0681441 0.3106211 0.2111007
v -0.0691930 0.3045275 0.2060585
v -0.0692168 0.3094504 0.2078046
v -0.0686255 0.3103159 0.2095880
v -0.0727588 0.3032377 0.2051266
v -0.0720392 0.3057136 0.2046257
v -0.0719843 0.3083050 0.2054784
v -0.0743967 0.3069767 0.2042193
v -0.0631243 0.2915640 0.2117372
v -0.0639051 0.2906523 0.2107454
v -0.0644972 0.2934778 0.2102260
v -0.0671293 0.3055812 0.2075879
v -0.0677841 0.3054534 0.2068486
v -0.0685249 0.3083708 0.2061008
v -0.0757589 0.2957864 0.2237887
v -0.0782568 0.3049858 0.2212386
v -0.0768725 0.2949620 0.2217961
v -0.0793552 0.3041078 0.2192454
v -0.0778380 0.2931979 0.2177160
v -0.0804967 0.3029894 0.2150018
v -0.0796284 0.2925044 0.2155659
v -0.0797718 0.2940367 0.2153037
v -0.0814517 0.3003038 0.2135617
v -0.0820889 0.3016339 0.2130752
v -0.0793210 0.2911922 0.2116143
v -0.0819380 0.3008299 0.2089427
v -0.0787117 0.2910411 0.2097474
v -0.0812339 0.3003295 0.2071726
v -0.0736097 0.2963096 0.2242469
v -0.0761961 0.3058347 0.2216066
v -0.0736134 0.2949557 0.2206131
v -0.0765182 0.3051024 0.2181525
v -0.0754315 0.2938207 0.2183739
v -0.0781024 0.3040251 0.2156242
v -0.0762836 0.2925241 0.2145497
v -0.0790414 0.3026338 0.2114986
v -0.0756578 0.2918868 0.2116193
v -0.0790335 0.3018217 0.2085876
v -0.0769719 0.2908939 0.2079555
v -0.0795521 0.3003959 0.2053215
v -0.0690119 0.2981078 0.2251275
v -0.0695512 0.3007620 0.2243464
v -0.0705710 0.3045060 0.2233070
v -0.0714540 0.3071017 0.2226343
v -0.0698284 0.2971795 0.2249005
v -0.0705655 0.3008020 0.2231206
v -0.0713053 0.3032333 0.2224691
v -0.0725744 0.3072923 0.2220971
v -0.0707392 0.2958741 0.2211852
v -0.0735409 0.3060119 0.2183235
v -0.0728019 0.2920666 0.2094705
v -0.0757275 0.3022238 0.2068000
v -0.0740114 0.2908139 0.2058269
v -0.0743369 0.2949136 0.2050621
v -0.0749684 0.2972996 0.2044627
v -0.0767303 0.3008267 0.2030513
v -0.0734034 0.2912930 0.2048969
v -0.0738354 0.2939733 0.2040778
v -0.0748627 0.2977269 0.2030440
v -0.0758523 0.3003119 0.2023969
v -0.0670084 0.2984474 0.2245780
v -0.0676609 0.3011793 0.2237950
v -0.0686271 0.3048316 0.2227764
v -0.0694752 0.3075319 0.2220598
v -0.0657637 0.2980213 0.2237522
v -0.0674651 0.3014426 0.2222399
v -0.0680949 0.3038731 0.2215577
v -0.0684831 0.3080360 0.2209761
v -0.0671298 0.2966112 0.2203086
v -0.0697289 0.3067703 0.2173252
v -0.0690588 0.2928180 0.2085142
v -0.0719908 0.3029405 0.2057252
v -0.0696158 0.2916646 0.2047408
v -0.0713357 0.2955443 0.2042330
v -0.0719381 0.2977285 0.2035649
v -0.0723543 0.3017500 0.2019451
v -0.0715062 0.2916200 0.2043505
v -0.0719672 0.2943750 0.2035559
v -0.0731440 0.2981054 0.2025456
v -0.0739725 0.3007027 0.2018327
v -0.0624868 0.2983946 0.2214972
v -0.0651650 0.3082140 0.2187988
v -0.0645450 0.2966423 0.2178890
v -0.0672278 0.3067837 0.2149236
v -0.0633662 0.2964184 0.2159266
v -0.0660489 0.3066002 0.2131069
v -0.0660142 0.2938572 0.2092808
v -0.0686070 0.3040633 0.2064609
v -0.0666290 0.2925600 0.2044780
v -0.0692933 0.3023722 0.2017583
v -0.0651307 0.2940690 0.2035984
v -0.0649645 0.2961127 0.2028137
v -0.0658078 0.2994349 0.2019235
v -0.0671597 0.3015415 0.2015270
v -0.0606750 0.2922767 0.2065173
v -0.0573345 0.2972192 0.2217877
v -0.0622600 0.2934437 0.2043802
v -0.0609145 0.2935653 0.2066493
v -0.0596796 0.2961140 0.2136978
v -0.0588572 0.2983770 0.2188714
v -0.0583264 0.2991321 0.2206524
v -0.0580634 0.3003801 0.2229289
v -0.0629320 0.2962701 0.2036572
v -0.0617512 0.2967020 0.2060839
v -0.0609481 0.2987824 0.2130735
v -0.0593985 0.3004310 0.2182985
v -0.0593239 0.3021352 0.2198154
v -0.0597006 0.3029291 0.2231886
v -0.0645739 0.3007471 0.2021885
v -0.0637531 0.3019738 0.2034622
v -0.0625434 0.3043267 0.2115556
v -0.0608601 0.3067072 0.2186484
v -0.0607249 0.3069496 0.2220459
v -0.0647107 0.3036517 0.2017588
v -0.0639720 0.3042641 0.2033120
v -0.0631425 0.3059776 0.2074160
v -0.0627194 0.3063839 0.2109042
v -0.0608361 0.3084457 0.2178905
v -0.0604424 0.3094169 0.2203995
v -0.0643123 0.3064097 0.2027365
v -0.0610990 0.3115005 0.2178705
v -0.0577881 0.2926335 0.2071403
v -0.0567264 0.2927422 0.2105845
v -0.0562330 0.2937047 0.2141254
v -0.0551885 0.2949833 0.2174881
v -0.0549786 0.2969333 0.2201984
v -0.0598816 0.2942088 0.2034875
v -0.0590553 0.2947163 0.2057231
v -0.0575638 0.2945919 0.2092623
v -0.0555116 0.2975685 0.2179957
v -0.0555883 0.2988388 0.2193528
v -0.0562499 0.3005015 0.2221857
v -0.0606090 0.2969126 0.2030754
v -0.0597428 0.2965943 0.2046577
v -0.0568189 0.3027759 0.2193293
v -0.0564953 0.3030478 0.2220535
v -0.0616475 0.3007996 0.2012884
v -0.0587662 0.3071962 0.2179154
v -0.0577158 0.3077104 0.2207448
v -0.0622600 0.3036398 0.2010162
v -0.0615268 0.3055710 0.2025968
v -0.0612446 0.3069355 0.2060779
v -0.0620288 0.3082184 0.2101437
v -0.0599324 0.3093118 0.2134970
v -0.0585949 0.3106575 0.2177690
v -0.0586699 0.3097655 0.2195854
v -0.0616389 0.3077150 0.2030996
v -0.0610827 0.3095943 0.2060698
v -0.0605864 0.3106534 0.2095357
v -0.0596555 0.3120458 0.2127294
v -0.0589010 0.3120406 0.2159983
v -0.0557236 0.2931347 0.2044375
v -0.0554371 0.2930021 0.2064873
v -0.0543340 0.2935439 0.2100424
v -0.0542952 0.2943812 0.2130737
v -0.0533198 0.2951381 0.2167569
v -0.0533128 0.2966375 0.2193468
v -0.0562105 0.2949779 0.2028335
v -0.0544395 0.2946246 0.2052576
v -0.0542855 0.2955277 0.2095202
v -0.0533354 0.2973705 0.2152298
v -0.0531682 0.2994101 0.2189999
v -0.0563742 0.2976297 0.2018118
v -0.0525419 0.3050296 0.2180740
v -0.0532440 0.3048162 0.2207122
v -0.0573452 0.3012773 0.2006597
v -0.0532960 0.3069720 0.2175253
v -0.0539862 0.3074737 0.2199351
v -0.0591811 0.3040580 0.2001999
v -0.0590635 0.3065146 0.2011029
v -0.0558294 0.3105128 0.2128627
v -0.0553616 0.3101861 0.2159021
v -0.0559768 0.3101336 0.2182756
v -0.0593436 0.3068724 0.2006060
v -0.0596530 0.3081065 0.2023112
v -0.0582443 0.3098744 0.2056805
v -0.0579065 0.3104857 0.2083021
v -0.0570945 0.3122332 0.2119945
v -0.0570973 0.3125288 0.2147553
v -0.0517975 0.2939024 0.2032739
v -0.0519156 0.2942058 0.2053789
v -0.0509264 0.2951505 0.2085811
v -0.0498584 0.2955602 0.2114213
v -0.0494946 0.2971856 0.2152695
v -0.0491222 0.2982602 0.2177882
v -0.0533431 0.2958772 0.2018780
v -0.0520313 0.2950971 0.2050700
v -0.0502417 0.2954153 0.2065756
v -0.0502332 0.2983204 0.2157045
v -0.0492941 0.3006306 0.2185606
v -0.0502563 0.3019462 0.2203779
v -0.0535761 0.2989922 0.2011562
v -0.0506719 0.3052035 0.2176193
v -0.0500603 0.3044408 0.2199665
v -0.0547185 0.3018892 0.2004709
v -0.0514316 0.3071827 0.2171178
v -0.0512567 0.3085378 0.2187620
v -0.0552586 0.3048625 0.1987912
v -0.0555548 0.3072179 0.2000830
v -0.0525018 0.3109771 0.2114106
v -0.0529115 0.3114067 0.2153420
v -0.0526672 0.3104857 0.2178790
v -0.0553910 0.3075396 0.1994705
v -0.0554706 0.3088478 0.2012099
v -0.0541857 0.3101301 0.2044962
v -0.0546410 0.3117644 0.2071784
v -0.0542896 0.3127086 0.2114167
v -0.0541290 0.3127003 0.2138515
v -0.0478543 0.2946945 0.2022023
v -0.0472675 0.2948563 0.2044024
v -0.0479603 0.2950763 0.2070587
v -0.0455205 0.2958879 0.2107900
v -0.0458183 0.2981465 0.2150510
v -0.0453087 0.2988857 0.2168607
v -0.0491064 0.2966883 0.2006556
v -0.0483518 0.2957368 0.2045871
v -0.0484172 0.2960803 0.2059755
v -0.0458930 0.2989742 0.2153189
v -0.0449164 0.3020821 0.2180396
v -0.0450374 0.3030181 0.2186826
v -0.0509153 0.2994758 0.2004465
v -0.0457813 0.3051155 0.2183684
v -0.0516998 0.3024180 0.1996439
v -0.0467624 0.3090547 0.2174166
v -0.0512960 0.3055276 0.1982533
v -0.0517182 0.3077303 0.1992954
v -0.0503600 0.3117416 0.2113956
v -0.0485865 0.3120953 0.2144050
v -0.0471907 0.3114476 0.2163174
v -0.0514240 0.3082412 0.1984241
v -0.0515533 0.3094215 0.2004298
v -0.0516271 0.3109807 0.2033081
v -0.0503911 0.3129264 0.2065565
v -0.0497009 0.3132528 0.2099909
v -0.0485687 0.3136539 0.2127937
v -0.0449063 0.2953552 0.2039881
v -0.0443708 0.2960843 0.2070792
v -0.0436988 0.2964174 0.2100014
v -0.0428579 0.2989456 0.2135146
v -0.0419270 0.2997457 0.2164323
v -0.0455446 0.2973429 0.1992644
v -0.0457354 0.2963533 0.2027092
v -0.0446205 0.2968950 0.2055183
v -0.0437357 0.2993127 0.2144677
v -0.0426967 0.3026232 0.2173054
v -0.0422681 0.3033279 0.2179542
v -0.0464427 0.2992839 0.1981088
v -0.0418369 0.3048282 0.2169308
v -0.0427508 0.3057874 0.2172907
v -0.0475848 0.3032729 0.1970376
v -0.0440317 0.3105256 0.2155441
v -0.0435177 0.3094755 0.2164034
v -0.0478423 0.3060941 0.1970394
v -0.0490923 0.3077300 0.1991725
v -0.0480558 0.3111917 0.2062244
v -0.0449911 0.3113535 0.2102454
v -0.0446686 0.3118491 0.2138311
v -0.0445661 0.3120487 0.2155219
v -0.0487703 0.3087281 0.1977824
v -0.0491560 0.3097318 0.1996114
v -0.0477320 0.3118274 0.2022650
v -0.0482535 0.3118870 0.2056692
v -0.0456496 0.3137580 0.2123834
v -0.0404442 0.2958707 0.2026826
v -0.0396573 0.2961073 0.2058262
v -0.0390643 0.2968461 0.2094246
v -0.0382111 0.2979616 0.2119305
v -0.0392483 0.2999466 0.2152215
v -0.0431301 0.2969650 0.1996384
v -0.0419143 0.2966308 0.2012538
v -0.0397986 0.2977019 0.2044179
v -0.0393361 0.3025106 0.2162486
v -0.0397483 0.3042175 0.2170740
v -0.0437566 0.3004473 0.1971412
v -0.0399792 0.3057005 0.2161529
v -0.0398622 0.3065781 0.2163360
v -0.0445402 0.3040316 0.1962280
v -0.0429130 0.3065065 0.1983917
v -0.0405751 0.3105267 0.2146231
v -0.0403856 0.3099164 0.2154423
v -0.0459313 0.3074651 0.1967055
v -0.0448900 0.3082449 0.1980989
v -0.0427832 0.3100787 0.2014136
v -0.0431078 0.3120679 0.2046705
v -0.0431243 0.3131860 0.2087154
v -0.0416759 0.3127888 0.2133608
v -0.0418299 0.3121171 0.2148708
v -0.0444640 0.3109992 0.1985002
v -0.0440903 0.3127373 0.2011761
v -0.0436006 0.3138311 0.2045393
v -0.0427672 0.3149187 0.2072929
v -0.0430733 0.3145308 0.2111318
v -0.0375059 0.2967036 0.2022894
v -0.0378252 0.2969007 0.2051707
v -0.0370384 0.2979343 0.2084674
v -0.0356504 0.2993089 0.2117968
v -0.0344676 0.3008431 0.2136949
v -0.0404528 0.2970918 0.1993909
v -0.0387666 0.2974141 0.2014511
v -0.0393298 0.2974850 0.2037488
v -0.0351539 0.3034543 0.2150488
v -0.0372478 0.3050757 0.2161018
v -0.0419974 0.3027723 0.1977711
v -0.0409377 0.3032601 0.1985191
v -0.0352743 0.3071426 0.2145090
v -0.0359856 0.3068067 0.2152288
v -0.0413505 0.3069330 0.1984089
v -0.0365638 0.3108118 0.2133594
v -0.0370052 0.3109195 0.2140572
v -0.0434129 0.3085817 0.1962366
v -0.0417860 0.3085350 0.1983363
v -0.0427914 0.3108299 0.2002557
v -0.0391210 0.3140872 0.2085020
v -0.0381850 0.3136217 0.2116084
v -0.0391133 0.3121551 0.2141273
v -0.0412543 0.3116955 0.1981288
v -0.0419323 0.3126916 0.2007142
v -0.0412356 0.3138365 0.2040723
v -0.0399010 0.3151498 0.2074941
v -0.0383335 0.3153748 0.2096405
v -0.0343914 0.2966824 0.2006256
v -0.0323476 0.3001973 0.2111136
v -0.0330464 0.3014691 0.2132783
v -0.0334928 0.3036427 0.2140481
v -0.0340983 0.3067434 0.2141362
v -0.0342254 0.3113562 0.2093004
v -0.0350903 0.3113559 0.2124797
v -0.0356487 0.3149695 0.2083031
v -0.0360732 0.3140147 0.2108193
v -0.0384760 0.3121757 0.1963004
v -0.0364279 0.3156041 0.2067851
v -0.0367147 0.3154190 0.2094272
v -0.0307705 0.2975031 0.2001472
v -0.0275667 0.2999548 0.2074458
v -0.0288734 0.3005958 0.2094437
v -0.0315501 0.3111185 0.2103150
v -0.0322854 0.3139087 0.2095369
v -0.0348523 0.3129970 0.1958216
v -0.0318475 0.3162000 0.2029150
v -0.0329538 0.3160921 0.2051251
v -0.0288174 0.2986581 0.2000419
v -0.0275725 0.2989610 0.2023530
v -0.0268465 0.3001344 0.2058382
v -0.0270490 0.3013317 0.2079571
v -0.0325939 0.3129894 0.1960449
v -0.0316520 0.3144560 0.1980291
v -0.0309205 0.3156126 0.2015221
v -0.0308254 0.3156629 0.2039601
v -0.0240097 0.3025556 0.2060211
v -0.0240124 0.3040049 0.2056860
v -0.0243791 0.3063653 0.2050741
v -0.0238427 0.3079731 0.2048006
v -0.0244739 0.3104072 0.2041236
v -0.0258229 0.3117927 0.2035579
v -0.0266659 0.3140012 0.2028944
v -0.0273546 0.3152206 0.2024874
v -0.0250513 0.3010014 0.2061902
v -0.0250482 0.3034650 0.2056219
v -0.0277069 0.3138811 0.2027325
v -0.0286332 0.3158602 0.2021068
v -0.0262314 0.2999581 0.2062161
v -0.0268600 0.3023436 0.2055508
v -0.0298861 0.3138275 0.2023479
v -0.0303221 0.3162153 0.2017171
v -0.0236842 0.3034016 0.2045314
v -0.0236221 0.3057323 0.2040983
v -0.0240513 0.3080317 0.2030216
v -0.0246404 0.3101786 0.2023461
v -0.0252974 0.3120898 0.2023252
v -0.0264782 0.3140043 0.2015742
v -0.0246738 0.3009616 0.2045950
v -0.0282718 0.3137393 0.2026623
v -0.0284770 0.3153944 0.2005696
v -0.0261939 0.2996318 0.2049156
v -0.0269538 0.3018042 0.2040796
v -0.0300279 0.3134701 0.2008259
v -0.0304304 0.3157506 0.2000834
v -0.0235681 0.3030085 0.2023694
v -0.0236001 0.3050159 0.2017214
v -0.0240127 0.3073481 0.2011099
v -0.0246585 0.3097281 0.2004425
v -0.0253026 0.3114767 0.1999195
v -0.0262797 0.3132987 0.1994994
v -0.0243372 0.3006584 0.2025441
v -0.0235976 0.3019579 0.2018723
v -0.0267245 0.3138244 0.1985627
v -0.0280577 0.3147772 0.1986063
v -0.0268981 0.2986304 0.2026043
v -0.0260705 0.2991529 0.2029843
v -0.0272557 0.3011806 0.2026261
v -0.0303937 0.3130880 0.1993045
v -0.0303588 0.3153068 0.1984529
v -0.0312282 0.3151496 0.1980374
v -0.0273824 0.2982260 0.2018809
v -0.0280469 0.3005403 0.2011663
v -0.0311960 0.3124908 0.1978332
v -0.0317249 0.3148858 0.1972978
v -0.0233270 0.3026175 0.2001189
v -0.0235083 0.3046873 0.1997209
v -0.0239495 0.3071967 0.1989518
v -0.0244225 0.3089191 0.1984678
v -0.0251166 0.3107904 0.1980186
v -0.0259591 0.3126058 0.1973331
v -0.0239872 0.3001798 0.2005228
v -0.0233727 0.3016481 0.2003326
v -0.0264719 0.3134092 0.1970523
v -0.0277110 0.3143110 0.1965816
v -0.0263895 0.2980852 0.2000423
v -0.0254110 0.2987248 0.2005157
v -0.0296299 0.3147350 0.1960504
v -0.0307231 0.3145307 0.1954556
v -0.0280911 0.2976734 0.2007956
v -0.0288545 0.3001047 0.2003674
v -0.0320035 0.3120552 0.1970343
v -0.0324286 0.3144536 0.1961888
v -0.0304175 0.2966900 0.1999058
v -0.0312302 0.2991410 0.1991569
v -0.0343793 0.3110915 0.1958238
v -0.0349519 0.3136214 0.1951250
v -0.0309112 0.2964161 0.1994262
v -0.0328275 0.2964520 0.1989951
v -0.0315737 0.2989301 0.1987250
v -0.0347228 0.3108806 0.1953920
v -0.0370576 0.3122678 0.1946021
v -0.0353853 0.3133946 0.1946908
v -0.0341908 0.2961573 0.1991768
v -0.0383773 0.3119555 0.1947780
v -0.0230669 0.3022175 0.1982327
v -0.0232260 0.3040318 0.1976013
v -0.0236697 0.3066081 0.1969260
v -0.0242158 0.3085832 0.1963705
v -0.0248979 0.3103768 0.1958317
v -0.0256725 0.3121055 0.1954749
v -0.0236159 0.2995647 0.1985257
v -0.0230490 0.3011796 0.1982905
v -0.0261410 0.3129134 0.1950179
v -0.0274113 0.3139677 0.1945086
v -0.0252345 0.2981457 0.1985879
v -0.0265274 0.3004192 0.1969640
v -0.0263969 0.3022770 0.1965043
v -0.0283506 0.3096911 0.1944364
v -0.0293777 0.3112357 0.1939472
v -0.0294938 0.3143091 0.1940799
v -0.0277597 0.2971078 0.1982902
v -0.0283383 0.2976632 0.1976136
v -0.0291955 0.3002496 0.1972612
v -0.0295863 0.3013583 0.1969550
v -0.0316337 0.3091280 0.1947879
v -0.0318388 0.3102805 0.1944636
v -0.0323836 0.3127634 0.1934332
v -0.0321522 0.3137759 0.1936415
v -0.0302474 0.2964779 0.1988543
v -0.0295007 0.2971915 0.1980559
v -0.0309367 0.2998075 0.1972915
v -0.0311416 0.3008375 0.1964538
v -0.0331758 0.3085569 0.1943008
v -0.0335762 0.3098240 0.1944978
v -0.0337452 0.3127968 0.1937792
v -0.0345308 0.3133891 0.1940643
v -0.0308826 0.2963836 0.1992591
v -0.0315901 0.2965465 0.1981863
v -0.0323361 0.2991638 0.1969368
v -0.0317877 0.3006389 0.1959976
v -0.0337764 0.3081859 0.1938927
v -0.0350564 0.3094872 0.1940576
v -0.0357758 0.3123834 0.1937833
v -0.0353536 0.3133507 0.1945269
v -0.0342200 0.2957814 0.1977017
v -0.0382877 0.3115243 0.1932901
v -0.0353561 0.2955313 0.1971896
v -0.0394142 0.3108942 0.1928397
v -0.0227403 0.3018401 0.1963529
v -0.0228480 0.3033949 0.1956061
v -0.0233008 0.3060994 0.1948991
v -0.0238777 0.3081800 0.1943136
v -0.0246027 0.3100538 0.1937489
v -0.0253180 0.3116221 0.1936246
v -0.0232299 0.2991596 0.1966721
v -0.0240885 0.3015762 0.1965790
v -0.0246595 0.3031218 0.1961366
v -0.0263883 0.3096825 0.1943067
v -0.0266532 0.3113088 0.1938645
v -0.0270355 0.3135431 0.1926103
v -0.0252627 0.2975913 0.1963386
v -0.0258824 0.3010726 0.1962560
v -0.0270494 0.3027174 0.1952978
v -0.0285672 0.3084774 0.1936913
v -0.0284199 0.3107020 0.1935703
v -0.0294136 0.3136240 0.1919883
v -0.0301809 0.3135646 0.1915045
v -0.0267773 0.2970359 0.1968797
v -0.0276300 0.2975601 0.1964859
v -0.0286578 0.3000541 0.1960269
v -0.0280725 0.3025634 0.1952829
v -0.0295420 0.3081134 0.1937369
v -0.0312979 0.3100727 0.1932327
v -0.0316200 0.3126291 0.1924064
v -0.0312107 0.3136052 0.1923430
v -0.0297493 0.2965170 0.1961788
v -0.0306714 0.3009654 0.1956223
v -0.0325972 0.3082736 0.1935840
v -0.0337355 0.3123183 0.1918349
v -0.0315909 0.2959404 0.1958870
v -0.0329257 0.2985360 0.1959666
v -0.0357388 0.3092113 0.1929893
v -0.0357469 0.3117123 0.1914774
v -0.0338575 0.2952938 0.1953591
v -0.0379681 0.3108955 0.1909990
v -0.0360323 0.2954069 0.1950947
v -0.0397842 0.3096761 0.1910752
v -0.0371630 0.2959270 0.1938074
v -0.0403867 0.3081367 0.1903891
v -0.0221283 0.3008055 0.1935811
v -0.0222988 0.3028875 0.1930693
v -0.0227442 0.3055546 0.1923723
v -0.0233112 0.3076006 0.1917966
v -0.0240280 0.3094497 0.1912391
v -0.0249002 0.3113245 0.1906473
v -0.0227608 0.2984889 0.1940009
v -0.0243025 0.3032183 0.1930954
v -0.0256406 0.3082961 0.1916792
v -0.0265741 0.3129601 0.1899648
v -0.0246773 0.2978622 0.1942306
v -0.0285324 0.3127832 0.1901572
v -0.0267313 0.2970489 0.1940585
v -0.0308928 0.3122365 0.1899059
v -0.0292127 0.2960095 0.1938347
v -0.0333907 0.3117372 0.1893954
v -0.0310702 0.2955128 0.1936957
v -0.0352075 0.3112402 0.1894264
v -0.0334397 0.2949431 0.1933661
v -0.0375045 0.3103774 0.1890457
v -0.0355661 0.2951359 0.1933266
v -0.0392587 0.3092658 0.1893777
v -0.0372592 0.2960461 0.1934528
v -0.0403454 0.3078904 0.1901212
v -0.0216481 0.3004831 0.1915480
v -0.0218035 0.3025574 0.1910415
v -0.0222381 0.3051532 0.1903634
v -0.0227859 0.3071330 0.1898064
v -0.0234846 0.3089367 0.1892623
v -0.0243658 0.3107963 0.1886716
v -0.0219490 0.2986390 0.1919174
v -0.0255247 0.3122084 0.1881328
v -0.0246013 0.2975242 0.1929339
v -0.0283052 0.3121083 0.1884095
v -0.0267017 0.2965601 0.1925270
v -0.0306425 0.3117510 0.1877422
v -0.0286761 0.2956674 0.1919048
v -0.0329208 0.3113068 0.1875788
v -0.0308246 0.2950318 0.1913925
v -0.0349406 0.3105929 0.1871924
v -0.0330497 0.2946252 0.1914027
v -0.0370853 0.3098105 0.1871071
v -0.0382062 0.3095333 0.1878835
v -0.0211782 0.2997861 0.1896027
v -0.0212804 0.3022622 0.1890150
v -0.0217016 0.3047682 0.1883606
v -0.0222252 0.3066642 0.1878273
v -0.0229007 0.3084112 0.1873001
v -0.0240236 0.3105844 0.1865910
v -0.0219389 0.2976017 0.1899629
v -0.0257420 0.3120338 0.1859377
v -0.0240710 0.2971783 0.1905019
v -0.0279237 0.3115050 0.1860623
v -0.0259820 0.2960956 0.1897964
v -0.0303396 0.3111901 0.1855370
v -0.0283870 0.2951966 0.1896009
v -0.0325478 0.3106940 0.1853798
v -0.0305376 0.2946662 0.1893166
v -0.0345683 0.3099915 0.1851603
v -0.0318583 0.2944665 0.1896185
v -0.0361542 0.3096524 0.1856884
v -0.0208514 0.2983064 0.1878084
v -0.0206776 0.2993920 0.1875925
v -0.0207503 0.3019768 0.1869869
v -0.0211574 0.3043872 0.1863576
v -0.0216552 0.3061944 0.1858495
v -0.0223060 0.3078806 0.1853403
v -0.0235072 0.3101299 0.1845977
v -0.0241863 0.3109620 0.1842787
v -0.0214317 0.2973159 0.1879267
v -0.0253949 0.3115999 0.1839054
v -0.0234489 0.2967213 0.1878856
v -0.0275043 0.3110776 0.1839454
v -0.0257464 0.2955455 0.1873192
v -0.0297855 0.3106189 0.1834156
v -0.0280205 0.2948563 0.1874753
v -0.0319325 0.3101017 0.1832322
v -0.0297114 0.2945116 0.1875739
v -0.0337195 0.3095819 0.1833490
v -0.0203869 0.2979936 0.1857676
v -0.0201958 0.2990974 0.1855511
v -0.0202428 0.3016742 0.1849524
v -0.0206362 0.3039952 0.1843464
v -0.0211103 0.3057202 0.1838616
v -0.0217383 0.3073494 0.1833695
v -0.0229575 0.3095776 0.1826281
v -0.0236602 0.3104156 0.1823030
v -0.0211369 0.2967390 0.1859142
v -0.0249145 0.3110749 0.1819159
v -0.0231513 0.2961683 0.1855760
v -0.0268814 0.3104201 0.1817213
v -0.0259663 0.2949981 0.1850636
v -0.0297992 0.3098646 0.1812834
v -0.0274116 0.2947128 0.1858296
v -0.0313871 0.3096259 0.1816123
v -0.0201057 0.2973051 0.1837711
v -0.0198804 0.2987796 0.1839485
v -0.0199025 0.3014170 0.1834185
v -0.0202870 0.3036825 0.1828266
v -0.0207468 0.3053578 0.1823559
v -0.0213608 0.3069513 0.1818750
v -0.0226209 0.3091795 0.1810479
v -0.0234736 0.3100858 0.1802065
v -0.0208492 0.2962324 0.1838792
v -0.0246337 0.3105942 0.1798736
v -0.0229890 0.2957444 0.1838240
v -0.0267050 0.3099032 0.1798348
v -0.0250204 0.2951882 0.1841325
v -0.0286906 0.3095860 0.1801174
v -0.0198672 0.2970382 0.1822185
v -0.0195441 0.2980578 0.1815262
v -0.0194369 0.3003477 0.1807066
v -0.0198699 0.3031023 0.1802676
v -0.0203127 0.3047161 0.1798143
v -0.0210497 0.3065471 0.1790119
v -0.0223465 0.3086928 0.1785600
v -0.0231876 0.3096389 0.1787041
v -0.0205297 0.2959370 0.1816488
v -0.0197574 0.2968357 0.1806372
v -0.0229815 0.3090710 0.1772247
v -0.0242028 0.3098761 0.1777611
v -0.0217333 0.2949047 0.1816702
v -0.0257799 0.3101534 0.1775646
v -0.0195550 0.2978313 0.1791478
v -0.0194188 0.2997010 0.1787913
v -0.0197138 0.3019832 0.1779403
v -0.0203647 0.3043815 0.1773141
v -0.0211258 0.3061728 0.1769684
v -0.0221554 0.3076997 0.1763954
v -0.0206818 0.2956995 0.1796224
v -0.0200144 0.2967290 0.1789637
v -0.0230420 0.3082185 0.1757592
v -0.0241611 0.3090343 0.1759780
v -0.0215813 0.2950249 0.1792713
v -0.0252582 0.3089552 0.1754424
v -0.0197975 0.2994851 0.1769343
v -0.0200409 0.3015773 0.1763016
v -0.0206388 0.3037326 0.1756955
v -0.0213252 0.3052827 0.1753173
v -0.0205269 0.2968757 0.1773041
v -0.0203971 0.2985224 0.1760290
v -0.0204385 0.3013014 0.1753075
v -0.0209752 0.3032256 0.1747661
v -0.0221785 0.3052827 0.1741435
v -0.0231702 0.3070367 0.1744748
v -0.0215946 0.2953235 0.1779471
v -0.0215809 0.2960391 0.1766041
v -0.0244785 0.3069152 0.1736068
v -0.0249724 0.3081090 0.1744600
v -0.0212313 0.2987431 0.1747230
v -0.0212730 0.3006510 0.1741928
v -0.0218668 0.3027066 0.1735965
v -0.0226430 0.3041004 0.1732289
v -0.0217555 0.2967878 0.1754302
v -0.0219038 0.2979743 0.1744068
v -0.0223675 0.3000122 0.1732294
v -0.0229179 0.3019972 0.1726731
v -0.0235823 0.3043576 0.1726955
v -0.0241122 0.3057160 0.1729775
v -0.0263879 0.2947153 0.1796332
v -0.0247427 0.2950820 0.1797600
v -0.0236071 0.2954963 0.1797379
v -0.0287916 0.2943446 0.1812784
v -0.0269655 0.2945021 0.1810281
v -0.0250348 0.2949352 0.1810848
v -0.0229475 0.2958465 0.1814325
v -0.0311678 0.2943764 0.1831855
v -0.0294751 0.2942035 0.1828858
v -0.0273028 0.2944439 0.1831494
v -0.0253403 0.2949940 0.1835153
v -0.0232756 0.2959282 0.1834042
v -0.0317083 0.2942584 0.1849282
v -0.0296331 0.2942137 0.1850995
v -0.0276691 0.2945706 0.1852594
v -0.0261061 0.2948667 0.1846085
v -0.0340261 0.2946921 0.1872400
v -0.0323606 0.2942734 0.1869435
v -0.0299974 0.2943913 0.1871149
v -0.0343141 0.2946492 0.1888935
v -0.0326734 0.2943751 0.1891421
v -0.0310777 0.2944622 0.1887852
v -0.0350231 0.2948770 0.1909679
v -0.0334032 0.2945248 0.1909386
v -0.0359191 0.2952145 0.1928432
v -0.0262865 0.2959236 0.1768902
v -0.0246713 0.2960764 0.1768899
v -0.0226664 0.2967782 0.1772087
v -0.0287279 0.2954626 0.1785599
v -0.0269273 0.2951908 0.1782846
v -0.0247524 0.2953269 0.1784892
v -0.0226189 0.2961226 0.1790501
v -0.0311199 0.2955010 0.1804793
v -0.0296257 0.2949522 0.1801578
v -0.0277158 0.2945966 0.1798083
v -0.0221606 0.2961980 0.1807093
v -0.0319588 0.2951522 0.1821873
v -0.0305071 0.2944300 0.1821818
v -0.0340664 0.2957013 0.1843496
v -0.0328547 0.2949398 0.1839573
v -0.0346744 0.2954260 0.1862989
v -0.0367614 0.2966161 0.1890078
v -0.0355987 0.2955698 0.1883040
v -0.0370311 0.2964282 0.1905332
v -0.0363385 0.2957325 0.1902032
v -0.0373844 0.2963693 0.1925358
v -0.0367513 0.2957226 0.1922921
v -0.0288530 0.2976463 0.1764280
v -0.0269087 0.2969474 0.1761379
v -0.0249546 0.2973996 0.1755275
v -0.0231528 0.2980018 0.1756716
v -0.0297748 0.2968597 0.1777320
v -0.0278854 0.2963372 0.1770138
v -0.0319371 0.2969183 0.1796156
v -0.0306212 0.2963823 0.1788546
v -0.0340158 0.2971838 0.1819879
v -0.0330401 0.2966731 0.1812290
v -0.0347964 0.2970499 0.1834975
v -0.0360174 0.2973875 0.1855057
v -0.0370856 0.2977082 0.1877472
v -0.0363876 0.2968546 0.1873586
v -0.0377397 0.2978863 0.1895772
v -0.0384322 0.2983785 0.1913119
v -0.0246985 0.3000878 0.1743350
v -0.0240861 0.3001445 0.1744285
v -0.0292022 0.2989170 0.1758189
v -0.0279893 0.2991636 0.1751574
v -0.0254267 0.2993468 0.1745766
v -0.0232506 0.2997956 0.1747973
v -0.0319249 0.2990824 0.1777102
v -0.0304867 0.2988570 0.1766953
v -0.0328173 0.2988218 0.1788389
v -0.0346352 0.2989771 0.1810616
v -0.0339028 0.2989120 0.1800717
v -0.0358056 0.2991472 0.1828710
v -0.0372552 0.2999155 0.1850743
v -0.0367556 0.2991654 0.1847717
v -0.0378833 0.2998070 0.1868682
v -0.0386874 0.2999643 0.1892317
v -0.0392730 0.3004934 0.1906520
v -0.0250963 0.3016302 0.1739149
v -0.0244988 0.3016706 0.1739998
v -0.0297608 0.3010357 0.1752485
v -0.0285214 0.3011090 0.1746407
v -0.0260409 0.3018622 0.1738841
v -0.0240272 0.3025482 0.1740276
v -0.0323261 0.3006056 0.1773040
v -0.0310229 0.3009320 0.1761319
v -0.0333598 0.3009412 0.1782569
v -0.0351883 0.3010871 0.1804973
v -0.0344474 0.3009866 0.1795174
v -0.0363710 0.3013087 0.1822923
v -0.0375764 0.3011458 0.1847451
v -0.0374496 0.3017458 0.1841136
v -0.0383928 0.3018239 0.1862853
v -0.0393197 0.3024473 0.1885096
v -0.0397564 0.3023314 0.1901413
v -0.0300654 0.3022410 0.1751512
v -0.0287470 0.3034331 0.1743616
v -0.0266455 0.3037919 0.1737513
v -0.0247832 0.3042064 0.1739364
v -0.0313370 0.3030767 0.1759604
v -0.0299769 0.3039001 0.1749500
v -0.0335179 0.3029136 0.1779442
v -0.0325116 0.3035479 0.1768612
v -0.0355250 0.3029132 0.1803835
v -0.0348054 0.3033724 0.1793561
v -0.0364656 0.3033877 0.1817213
v -0.0376412 0.3035524 0.1837787
v -0.0387207 0.3039135 0.1860113
v -0.0384490 0.3046792 0.1851685
v -0.0394487 0.3043708 0.1877656
v -0.0400478 0.3045701 0.1895533
v -0.0286616 0.3049279 0.1743839
v -0.0271696 0.3055299 0.1742345
v -0.0251678 0.3060904 0.1745936
v -0.0312348 0.3049610 0.1759208
v -0.0297427 0.3058581 0.1753193
v -0.0277775 0.3068925 0.1753196
v -0.0256629 0.3074337 0.1758085
v -0.0335626 0.3047634 0.1778990
v -0.0324631 0.3057043 0.1771677
v -0.0309057 0.3066799 0.1764519
v -0.0255099 0.3083746 0.1772632
v -0.0346778 0.3054662 0.1793073
v -0.0337356 0.3066696 0.1787708
v -0.0365523 0.3051390 0.1817053
v -0.0357879 0.3060714 0.1808416
v -0.0374631 0.3060119 0.1833328
v -0.0390989 0.3054869 0.1865273
v -0.0384671 0.3064558 0.1852568
v -0.0396184 0.3062448 0.1877907
v -0.0392870 0.3069192 0.1870760
v -0.0402247 0.3070938 0.1895893
v -0.0399234 0.3077535 0.1889331
v -0.0296623 0.3071179 0.1761879
v -0.0283348 0.3075756 0.1762186
v -0.0267161 0.3080221 0.1765640
v -0.0321545 0.3070861 0.1777361
v -0.0304474 0.3076898 0.1773657
v -0.0284782 0.3082657 0.1773290
v -0.0264047 0.3087094 0.1779151
v -0.0344680 0.3068922 0.1796914
v -0.0330243 0.3076564 0.1791390
v -0.0310415 0.3086080 0.1792122
v -0.0290394 0.3092735 0.1795149
v -0.0267992 0.3093984 0.1795692
v -0.0352190 0.3075773 0.1812022
v -0.0334402 0.3086503 0.1810691
v -0.0315915 0.3093605 0.1811349
v -0.0298691 0.3095536 0.1804696
v -0.0373515 0.3073125 0.1837038
v -0.0359922 0.3083162 0.1830972
v -0.0339888 0.3093337 0.1829936
v -0.0378370 0.3080165 0.1851500
v -0.0366188 0.3090852 0.1850710
v -0.0349925 0.3095899 0.1844800
v -0.0386134 0.3085209 0.1871165
v -0.0373539 0.3095120 0.1867184
v -0.0394692 0.3088047 0.1890305
v -0.1402621 0.3222574 0.1881742
v -0.1402065 0.3122823 0.1869546
v -0.1382058 0.3220983 0.1889274
v -0.1381511 0.3122778 0.1877267
v -0.1340149 0.3223242 0.1898219
v -0.1339568 0.3118891 0.1885461
v -0.1306660 0.3219222 0.1908857
v -0.1310621 0.3202242 0.1903933
v -0.1310043 0.3138117 0.1896077
v -0.1306106 0.3120627 0.1896830
v -0.1267984 0.3222931 0.1900064
v -0.1267408 0.3119540 0.1887423
v -0.1251294 0.3222998 0.1890300
v -0.1250731 0.3122011 0.1877954
v -0.1410192 0.3225890 0.1863229
v -0.1409624 0.3123982 0.1850770
v -0.1372082 0.3229693 0.1858366
v -0.1371482 0.3121882 0.1845185
v -0.1343974 0.3228256 0.1872981
v -0.1343372 0.3120063 0.1859753
v -0.1306025 0.3228220 0.1874805
v -0.1305423 0.3120075 0.1861583
v -0.1278186 0.3229531 0.1863967
v -0.1277586 0.3121720 0.1850786
v -0.1236169 0.3225874 0.1870399
v -0.1235602 0.3124180 0.1857966
v -0.1431670 0.3230630 0.1812659
v -0.1431312 0.3205683 0.1811872
v -0.1431021 0.3155838 0.1806556
v -0.1431118 0.3131330 0.1800518
v -0.1426641 0.3233239 0.1826913
v -0.1419239 0.3193222 0.1820565
v -0.1419761 0.3166061 0.1817988
v -0.1426040 0.3125418 0.1813731
v -0.1385068 0.3233252 0.1830243
v -0.1384465 0.3125060 0.1817016
v -0.1261839 0.3233073 0.1837324
v -0.1261236 0.3124880 0.1824096
v -0.1219534 0.3233086 0.1838098
v -0.1224287 0.3191952 0.1830418
v -0.1224881 0.3166402 0.1826132
v -0.1218933 0.3125146 0.1824901
v -0.1214004 0.3230364 0.1828162
v -0.1213815 0.3204956 0.1824462
v -0.1213390 0.3155472 0.1816642
v -0.1213446 0.3130241 0.1815921
v -0.1430386 0.3233012 0.1793230
v -0.1430245 0.3208020 0.1792913
v -0.1430041 0.3157868 0.1787088
v -0.1429833 0.3133712 0.1781089
v -0.1424569 0.3238238 0.1783118
v -0.1416469 0.3198277 0.1784446
v -0.1417361 0.3169955 0.1780172
v -0.1423972 0.3131141 0.1770024
v -0.1385455 0.3237687 0.1793953
v -0.1384853 0.3129494 0.1780725
v -0.1257329 0.3237540 0.1800988
v -0.1256726 0.3129348 0.1787761
v -0.1217967 0.3238736 0.1795705
v -0.1222941 0.3197300 0.1794418
v -0.1223184 0.3170139 0.1791195
v -0.1217361 0.3129892 0.1782397
v -0.1212678 0.3232664 0.1808940
v -0.1212685 0.3207873 0.1804266
v -0.1212413 0.3158129 0.1797367
v -0.1212121 0.3132654 0.1796712
v -0.1410014 0.3242222 0.1749269
v -0.1409421 0.3135589 0.1736232
v -0.1365139 0.3241746 0.1761678
v -0.1364536 0.3133554 0.1748450
v -0.1354465 0.3242905 0.1752687
v -0.1353863 0.3134712 0.1739459
v -0.1283979 0.3242855 0.1756302
v -0.1283376 0.3134663 0.1743075
v -0.1274224 0.3241672 0.1766427
v -0.1273622 0.3133479 0.1753199
v -0.1227553 0.3242095 0.1755645
v -0.1226964 0.3136191 0.1742713
v -0.1404781 0.3240390 0.1726107
v -0.1404388 0.3210386 0.1709880
v -0.1403861 0.3173702 0.1706020
v -0.1404202 0.3142891 0.1714231
v -0.1354443 0.3241747 0.1728613
v -0.1353582 0.3211664 0.1711411
v -0.1353378 0.3174985 0.1706926
v -0.1353886 0.3141636 0.1716373
v -0.1352949 0.3241808 0.1728767
v -0.1352070 0.3211792 0.1711219
v -0.1351865 0.3174923 0.1706711
v -0.1352391 0.3141556 0.1716511
v -0.1282975 0.3241330 0.1731066
v -0.1281891 0.3219030 0.1716816
v -0.1281603 0.3167320 0.1710494
v -0.1282423 0.3142233 0.1718950
v -0.1281415 0.3239959 0.1729912
v -0.1278004 0.3215964 0.1715880
v -0.1277765 0.3170543 0.1710332
v -0.1280880 0.3143860 0.1718163
v -0.1227571 0.3242322 0.1735687
v -0.1233351 0.3214179 0.1717465
v -0.1234077 0.3171059 0.1712310
v -0.1227006 0.3140762 0.1723265
v -0.1298500 0.3213067 0.1705568
v -0.1335007 0.3213052 0.1703895
v -0.1298185 0.3175538 0.1701500
v -0.1335000 0.3175744 0.1699585
v -0.1241460 0.3270148 0.1686864
v -0.1263257 0.3274717 0.1691726
v -0.1295938 0.3277040 0.1693445
v -0.1332839 0.3281588 0.1691704
v -0.1373204 0.3285457 0.1686171
v -0.1398551 0.3276140 0.1684439
v -0.1206226 0.3237330 0.1685241
v -0.1223215 0.3251507 0.1691999
v -0.1256306 0.3252225 0.1692026
v -0.1299144 0.3254712 0.1697067
v -0.1330903 0.3255922 0.1696245
v -0.1376451 0.3252932 0.1685030
v -0.1410825 0.3251716 0.1680396
v -0.1204700 0.3221571 0.1686058
v -0.1225054 0.3219026 0.1692505
v -0.1252286 0.3214856 0.1692171
v -0.1294342 0.3216920 0.1690577
v -0.1336185 0.3217642 0.1687791
v -0.1379787 0.3210347 0.1684338
v -0.1408761 0.3217049 0.1680465
v -0.1204001 0.3179850 0.1678810
v -0.1227104 0.3178486 0.1687061
v -0.1251402 0.3177650 0.1688189
v -0.1294311 0.3175652 0.1685148
v -0.1335893 0.3174953 0.1682725
v -0.1379331 0.3182650 0.1680921
v -0.1408476 0.3176924 0.1673801
v -0.1205628 0.3158352 0.1676906
v -0.1221726 0.3142526 0.1678044
v -0.1255295 0.3141530 0.1678526
v -0.1299237 0.3141184 0.1683742
v -0.1330085 0.3140269 0.1682966
v -0.1375830 0.3140863 0.1671584
v -0.1411800 0.3141599 0.1668678
v -0.1240600 0.3125171 0.1668740
v -0.1262601 0.3118728 0.1671389
v -0.1295501 0.3115644 0.1672082
v -0.1331648 0.3112528 0.1671140
v -0.1370892 0.3108890 0.1664478
v -0.1397678 0.3118196 0.1665300
v -0.1267982 0.3275129 0.1666660
v -0.1316465 0.3291892 0.1650653
v -0.1389261 0.3281797 0.1650623
v -0.1221248 0.3252313 0.1645879
v -0.1249020 0.3268648 0.1669305
v -0.1286753 0.3250774 0.1664818
v -0.1342333 0.3250813 0.1661967
v -0.1415706 0.3247238 0.1650265
v -0.1209714 0.3226920 0.1640169
v -0.1270063 0.3227651 0.1662842
v -0.1280957 0.3233160 0.1662957
v -0.1347933 0.3233207 0.1659521
v -0.1358766 0.3227714 0.1658292
v -0.1420435 0.3227345 0.1648515
v -0.1201168 0.3202964 0.1636437
v -0.1208605 0.3201844 0.1645193
v -0.1269754 0.3172087 0.1656048
v -0.1280587 0.3166593 0.1654818
v -0.1347563 0.3166640 0.1651383
v -0.1358457 0.3172149 0.1651498
v -0.1419827 0.3180731 0.1639585
v -0.1286187 0.3148987 0.1652373
v -0.1341766 0.3149026 0.1649522
v -0.1416009 0.3154277 0.1643233
v -0.1389253 0.3124161 0.1627130
v -0.1263546 0.3283781 0.1623208
v -0.1292707 0.3289043 0.1622846
v -0.1319309 0.3292032 0.1627399
v -0.1370537 0.3293771 0.1623546
v -0.1393258 0.3287082 0.1603965
v -0.1203874 0.3240673 0.1632237
v -0.1220494 0.3260089 0.1622513
v -0.1247921 0.3273604 0.1632235
v -0.1412219 0.3258190 0.1598727
v -0.1202172 0.3224819 0.1631929
v -0.1209277 0.3230906 0.1608948
v -0.1414331 0.3225265 0.1599055
v -0.1201378 0.3191923 0.1622163
v -0.1207348 0.3206059 0.1610815
v -0.1413815 0.3190386 0.1594376
v -0.1203466 0.3167353 0.1623272
v -0.1213446 0.3150794 0.1617773
v -0.1411622 0.3156219 0.1585524
v -0.1234957 0.3133688 0.1608632
v -0.1260216 0.3125031 0.1599623
v -0.1291113 0.3118992 0.1596934
v -0.1318726 0.3115360 0.1600330
v -0.1369549 0.3116088 0.1601823
v -0.1392359 0.3127029 0.1584398
v -0.1235195 0.3284464 0.1568035
v -0.1318831 0.3300114 0.1578557
v -0.1367391 0.3298910 0.1575111
v -0.1383725 0.3297047 0.1568164
v -0.1217709 0.3263046 0.1577770
v -0.1238481 0.3278448 0.1566896
v -0.1417218 0.3246888 0.1580797
v -0.1200839 0.3222786 0.1579492
v -0.1208301 0.3236271 0.1579026
v -0.1416686 0.3235503 0.1577726
v -0.1200411 0.3202776 0.1574907
v -0.1205634 0.3199402 0.1576618
v -0.1415854 0.3191040 0.1569726
v -0.1212545 0.3159098 0.1563692
v -0.1417024 0.3171229 0.1572538
v -0.1234390 0.3139978 0.1550370
v -0.1303408 0.3134117 0.1561220
v -0.1328688 0.3125334 0.1557913
v -0.1363063 0.3124692 0.1554510
v -0.1383929 0.3123884 0.1563547
v -0.1258855 0.3291522 0.1557217
v -0.1287407 0.3296629 0.1555466
v -0.1311958 0.3298588 0.1556219
v -0.1213391 0.3252311 0.1548773
v -0.1246580 0.3282762 0.1562802
v -0.1414138 0.3253713 0.1536327
v -0.1203690 0.3230478 0.1533544
v -0.1411388 0.3229452 0.1532801
v -0.1202235 0.3207062 0.1528377
v -0.1410296 0.3201380 0.1517064
v -0.1236152 0.3162403 0.1547172
v -0.1240102 0.3163407 0.1538779
v -0.1412339 0.3176478 0.1509873
v -0.1255772 0.3132890 0.1538698
v -0.1286248 0.3127472 0.1534976
v -0.1310726 0.3124745 0.1535075
v -0.1235401 0.3291954 0.1512716
v -0.1310127 0.3299415 0.1515164
v -0.1376728 0.3297865 0.1506160
v -0.1389126 0.3295722 0.1521768
v -0.1216139 0.3270246 0.1514560
v -0.1242527 0.3289365 0.1499881
v -0.1405356 0.3270328 0.1516261
v -0.1206864 0.3234837 0.1501420
v -0.1408512 0.3241480 0.1501696
v -0.1205455 0.3208041 0.1498557
v -0.1408240 0.3200735 0.1496079
v -0.1214849 0.3166628 0.1501973
v -0.1246997 0.3168174 0.1499476
v -0.1404752 0.3164313 0.1503231
v -0.1234589 0.3146034 0.1494876
v -0.1375851 0.3140327 0.1486903
v -0.1386643 0.3137757 0.1499933
v -0.1246530 0.3300077 0.1478142
v -0.1285879 0.3301102 0.1485973
v -0.1314903 0.3307546 0.1483610
v -0.1359063 0.3310534 0.1479819
v -0.1377676 0.3307602 0.1478210
v -0.1221112 0.3276163 0.1478469
v -0.1236410 0.3288342 0.1462955
v -0.1208899 0.3244857 0.1476056
v -0.1207687 0.3204514 0.1469516
v -0.1219104 0.3171323 0.1464255
v -0.1254298 0.3167241 0.1455526
v -0.1407086 0.3186555 0.1442473
v -0.1241271 0.3146815 0.1459724
v -0.1320287 0.3133893 0.1460862
v -0.1359756 0.3134570 0.1458188
v -0.1376364 0.3138312 0.1451650
v -0.1251146 0.3305595 0.1440958
v -0.1280912 0.3312384 0.1438062
v -0.1319428 0.3314761 0.1436126
v -0.1353132 0.3317131 0.1429470
v -0.1382828 0.3306360 0.1445554
v -0.1223387 0.3285418 0.1450717
v -0.1240849 0.3282404 0.1443389
v -0.1274053 0.3266108 0.1422359
v -0.1399923 0.3280051 0.1436599
v -0.1237691 0.3261945 0.1428246
v -0.1402152 0.3249177 0.1424568
v -0.1236343 0.3206759 0.1423621
v -0.1402335 0.3211114 0.1418262
v -0.1222742 0.3167199 0.1436255
v -0.1241603 0.3173163 0.1422577
v -0.1399174 0.3175383 0.1422203
v -0.1250150 0.3149447 0.1422575
v -0.1278882 0.3142948 0.1418205
v -0.1314920 0.3143102 0.1411690
v -0.1351375 0.3140347 0.1407886
v -0.1381935 0.3146613 0.1426025
v -0.1258358 0.3310880 0.1407996
v -0.1282002 0.3311576 0.1413457
v -0.1320966 0.3311755 0.1410741
v -0.1351813 0.3314570 0.1398761
v -0.1381152 0.3313603 0.1391568
v -0.1252123 0.3274282 0.1403115
v -0.1278471 0.3287821 0.1411275
v -0.1320033 0.3298761 0.1401223
v -0.1348695 0.3302821 0.1392671
v -0.1401853 0.3273029 0.1384693
v -0.1245477 0.3265718 0.1397898
v -0.1401108 0.3267299 0.1377760
v -0.1394505 0.3209864 0.1380479
v -0.1247792 0.3169104 0.1392214
v -0.1276095 0.3161624 0.1399880
v -0.1352920 0.3162105 0.1375365
v -0.1400984 0.3193966 0.1369831
v -0.1257591 0.3153171 0.1386997
v -0.1280969 0.3150571 0.1391714
v -0.1319324 0.3149181 0.1391429
v -0.1350801 0.3149833 0.1378880
v -0.1379966 0.3152524 0.1371296
v -0.1242413 0.3315779 0.1373819
v -0.1361072 0.3315728 0.1369072
v -0.1380880 0.3313150 0.1366234
v -0.1243388 0.3303560 0.1370338
v -0.1334903 0.3299083 0.1380607
v -0.1362163 0.3305203 0.1360953
v -0.1392302 0.3293791 0.1364363
v -0.1396464 0.3258367 0.1355395
v -0.1368612 0.3209559 0.1353209
v -0.1394455 0.3212850 0.1350453
v -0.1230238 0.3165376 0.1354194
v -0.1366285 0.3168500 0.1350074
v -0.1393658 0.3180075 0.1348276
v -0.1242737 0.3156678 0.1353422
v -0.1359508 0.3155496 0.1349863
v -0.1379690 0.3159632 0.1345427
v -0.1237571 0.3319765 0.1336477
v -0.1298390 0.3325251 0.1349525
v -0.1358646 0.3319331 0.1332999
v -0.1378094 0.3313863 0.1344034
v -0.1239804 0.3308493 0.1332694
v -0.1355084 0.3308607 0.1326512
v -0.1385679 0.3297992 0.1337237
v -0.1383860 0.3269367 0.1327331
v -0.1369666 0.3212146 0.1332002
v -0.1389526 0.3222478 0.1332248
v -0.1227294 0.3169669 0.1319221
v -0.1365933 0.3169817 0.1311699
v -0.1391902 0.3181802 0.1327141
v -0.1239059 0.3161135 0.1316414
v -0.1297429 0.3152539 0.1328409
v -0.1356648 0.3161416 0.1314340
v -0.1378797 0.3162172 0.1325409
v -0.1250442 0.3322670 0.1307087
v -0.1276925 0.3325622 0.1291874
v -0.1316493 0.3325687 0.1290942
v -0.1342455 0.3321849 0.1301464
v -0.1246772 0.3315237 0.1301937
v -0.1275965 0.3311890 0.1294272
v -0.1315958 0.3311661 0.1290269
v -0.1350096 0.3306200 0.1290013
v -0.1320208 0.3269583 0.1275246
v -0.1346743 0.3268346 0.1288948
v -0.1324698 0.3214122 0.1267170
v -0.1349745 0.3220190 0.1273007
v -0.1243828 0.3173878 0.1284043
v -0.1268929 0.3176062 0.1265038
v -0.1319719 0.3176101 0.1262407
v -0.1343536 0.3174251 0.1276451
v -0.1249099 0.3166873 0.1287832
v -0.1274502 0.3166096 0.1274377
v -0.1312369 0.3165814 0.1272205
v -0.1340441 0.3166584 0.1283211
v -0.1289095 0.3320421 0.1277602
v -0.1305902 0.3320379 0.1277178
v -0.1287664 0.3319036 0.1277239
v -0.1320782 0.3312681 0.1272089
v -0.1349659 0.3304486 0.1262229
v -0.1319774 0.3266547 0.1269899
v -0.1346197 0.3279077 0.1266057
v -0.1325921 0.3217065 0.1260800
v -0.1348131 0.3222967 0.1254771
v -0.1288083 0.3176625 0.1259556
v -0.1304063 0.3176576 0.1259225
v -0.1288165 0.3173806 0.1259946
v -0.1300030 0.3173824 0.1259263
v -0.1378604 0.3316064 0.1342738
v -0.1392944 0.3293966 0.1339016
v -0.1395549 0.3257709 0.1334385
v -0.1395341 0.3218510 0.1329592
v -0.1392175 0.3183265 0.1325493
v -0.1376930 0.3161760 0.1323930
v -0.1364811 0.3322714 0.1344527
v -0.1360993 0.3281817 0.1339781
v -0.1360755 0.3239084 0.1334556
v -0.1360517 0.3196352 0.1329332
v -0.1362921 0.3155101 0.1324102
v -0.1375691 0.3316917 0.1331064
v -0.1387221 0.3300111 0.1329121
v -0.1392423 0.3262419 0.1320516
v -0.1392231 0.3220478 0.1315163
v -0.1386480 0.3180651 0.1314525
v -0.1374133 0.3164126 0.1312242
v -0.1360876 0.3323309 0.1322514
v -0.1359897 0.3159988 0.1303622
v -0.1370739 0.3318924 0.1296083
v -0.1382206 0.3304045 0.1293492
v -0.1387083 0.3266526 0.1285455
v -0.1388015 0.3220463 0.1282722
v -0.1381547 0.3185698 0.1279023
v -0.1369914 0.3170760 0.1277968
v -0.1347539 0.3325849 0.1296015
v -0.1346455 0.3164136 0.1276654
v -0.1314778 0.3328212 0.1284003
v -0.1314491 0.3164701 0.1264884
v -0.1270722 0.3326345 0.1286311
v -0.1269476 0.3166306 0.1267846
v -0.1251687 0.3323053 0.1289909
v -0.1242985 0.3309973 0.1285978
v -0.1253258 0.3244534 0.1294883
v -0.1245534 0.3183732 0.1272048
v -0.1250967 0.3169536 0.1270987
v -0.1366140 0.3322539 0.1258312
v -0.1378119 0.3305759 0.1255578
v -0.1384924 0.3271005 0.1252512
v -0.1385111 0.3231082 0.1248772
v -0.1377492 0.3193215 0.1241818
v -0.1365326 0.3176402 0.1240445
v -0.1346131 0.3326645 0.1256259
v -0.1361680 0.3319252 0.1258687
v -0.1360902 0.3179550 0.1241607
v -0.1346992 0.3173514 0.1235800
v -0.1304618 0.3327066 0.1271574
v -0.1298588 0.3168658 0.1256518
v -0.1286319 0.3326440 0.1276684
v -0.1284534 0.3168924 0.1257567
v -0.1241900 0.3320819 0.1277942
v -0.1231377 0.3312198 0.1266068
v -0.1230567 0.3186077 0.1250903
v -0.1240940 0.3174700 0.1259944
v -0.1213153 0.3298503 0.1251280
v -0.1204430 0.3277330 0.1251383
v -0.1204191 0.3229422 0.1245552
v -0.1212572 0.3202910 0.1239799
v -0.1373307 0.3308679 0.1217826
v -0.1380300 0.3272686 0.1213895
v -0.1380543 0.3237637 0.1209094
v -0.1372700 0.3199528 0.1204481
v -0.1340942 0.3329501 0.1218768
v -0.1353571 0.3322887 0.1220784
v -0.1352805 0.3185243 0.1203955
v -0.1340106 0.3179449 0.1200423
v -0.1309137 0.3329796 0.1221401
v -0.1307279 0.3179222 0.1202131
v -0.1268070 0.3328819 0.1227019
v -0.1258137 0.3325143 0.1218504
v -0.1263901 0.3184689 0.1197982
v -0.1267235 0.3178923 0.1208692
v -0.1247544 0.3326802 0.1230677
v -0.1234444 0.3317866 0.1224908
v -0.1233734 0.3190430 0.1209327
v -0.1246727 0.3180224 0.1212756
v -0.1208248 0.3293722 0.1234344
v -0.1204952 0.3275573 0.1232854
v -0.1205039 0.3231683 0.1226909
v -0.1207657 0.3211939 0.1224661
v -0.1369315 0.3310775 0.1179976
v -0.1376804 0.3277287 0.1177719
v -0.1376403 0.3242291 0.1172231
v -0.1368735 0.3206656 0.1167247
v -0.1337008 0.3333514 0.1182309
v -0.1346622 0.3327754 0.1182622
v -0.1345853 0.3189790 0.1165755
v -0.1336177 0.3184381 0.1164076
v -0.1307854 0.3333835 0.1182415
v -0.1295799 0.3330184 0.1182690
v -0.1295007 0.3187973 0.1165303
v -0.1307022 0.3184364 0.1164140
v -0.1266313 0.3333680 0.1185372
v -0.1266747 0.3328740 0.1184871
v -0.1265969 0.3189168 0.1167807
v -0.1265481 0.3184257 0.1167104
v -0.1246613 0.3330709 0.1186813
v -0.1228556 0.3318297 0.1185999
v -0.1227894 0.3199450 0.1171468
v -0.1245813 0.3187010 0.1169244
v -0.1208420 0.3299944 0.1195669
v -0.1202400 0.3280153 0.1191933
v -0.1202889 0.3237620 0.1185365
v -0.1207948 0.3215152 0.1185302
v -0.1365720 0.3311786 0.1141978
v -0.1370928 0.3284783 0.1130726
v -0.1370872 0.3244849 0.1126680
v -0.1365181 0.3214869 0.1130129
v -0.1337454 0.3337527 0.1148049
v -0.1341442 0.3331565 0.1146757
v -0.1339113 0.3194506 0.1130523
v -0.1334787 0.3188450 0.1130527
v -0.1292867 0.3339127 0.1146466
v -0.1292975 0.3334161 0.1145898
v -0.1300385 0.3192570 0.1129954
v -0.1300246 0.3187615 0.1129305
v -0.1265909 0.3337198 0.1153108
v -0.1266333 0.3332261 0.1152549
v -0.1262246 0.3194175 0.1132887
v -0.1261654 0.3189267 0.1132245
v -0.1224754 0.3319134 0.1152712
v -0.1224128 0.3206699 0.1138965
v -0.1207449 0.3302861 0.1155871
v -0.1203445 0.3286813 0.1150965
v -0.1203373 0.3244407 0.1146464
v -0.1206999 0.3221920 0.1145975
v -0.1362337 0.3316263 0.1115209
v -0.1369539 0.3291128 0.1108454
v -0.1369073 0.3242909 0.1101523
v -0.1361693 0.3216939 0.1103269
v -0.1330637 0.3342493 0.1108671
v -0.1336907 0.3335350 0.1110139
v -0.1335754 0.3199861 0.1093363
v -0.1329668 0.3193417 0.1090511
v -0.1293392 0.3344115 0.1103719
v -0.1295107 0.3339025 0.1104478
v -0.1294424 0.3198241 0.1087253
v -0.1291928 0.3193602 0.1084675
v -0.1268090 0.3342598 0.1108659
v -0.1267360 0.3337669 0.1107333
v -0.1266589 0.3199176 0.1090398
v -0.1266939 0.3194018 0.1091084
v -0.1221233 0.3317471 0.1114208
v -0.1210066 0.3289325 0.1109060
v -0.1209864 0.3247089 0.1103831
v -0.1221030 0.3217296 0.1102165
v -0.1207790 0.3305722 0.1111343
v -0.1205327 0.3287050 0.1112099
v -0.1205228 0.3247645 0.1106678
v -0.1207344 0.3229911 0.1102100
v -0.1358509 0.3319633 0.1082947
v -0.1365479 0.3293469 0.1069818
v -0.1364562 0.3249352 0.1062131
v -0.1357963 0.3221554 0.1070956
v -0.1327132 0.3346440 0.1073915
v -0.1335004 0.3338973 0.1078499
v -0.1318878 0.3273878 0.1051883
v -0.1333462 0.3203864 0.1062699
v -0.1325868 0.3198022 0.1055674
v -0.1302183 0.3346221 0.1085260
v -0.1306314 0.3340642 0.1092666
v -0.1302227 0.3271999 0.1068005
v -0.1281497 0.3271091 0.1076375
v -0.1305573 0.3199397 0.1075390
v -0.1301843 0.3195681 0.1067568
v -0.1258379 0.3343917 0.1089719
v -0.1251504 0.3338717 0.1092322
v -0.1255128 0.3271775 0.1071986
v -0.1271626 0.3271122 0.1076575
v -0.1250465 0.3202028 0.1075058
v -0.1258283 0.3197332 0.1072010
v -0.1236482 0.3347097 0.1066538
v -0.1230223 0.3329375 0.1088443
v -0.1229417 0.3294851 0.1074689
v -0.1228969 0.3249057 0.1068910
v -0.1229127 0.3212529 0.1074548
v -0.1235663 0.3200193 0.1048578
v -0.1206379 0.3292362 0.1096433
v -0.1206143 0.3248530 0.1091065
v -0.1354632 0.3325082 0.1032016
v -0.1361317 0.3298916 0.1030456
v -0.1360930 0.3254017 0.1024809
v -0.1354127 0.3228909 0.1020038
v -0.1326281 0.3349556 0.1045391
v -0.1340940 0.3340333 0.1041792
v -0.1323687 0.3275233 0.1040581
v -0.1325273 0.3277249 0.1024012
v -0.1340128 0.3211586 0.1026195
v -0.1325642 0.3201964 0.1027232
v -0.1275986 0.3350601 0.1036078
v -0.1275168 0.3203697 0.1018117
v -0.1228373 0.3349280 0.1049053
v -0.1227555 0.3202376 0.1031092
v -0.1353431 0.3329308 0.1017903
v -0.1361227 0.3305094 0.1014382
v -0.1361030 0.3255925 0.1008365
v -0.1353128 0.3228207 0.1005523
v -0.1324557 0.3351966 0.1019703
v -0.1338025 0.3345830 0.1021041
v -0.1342708 0.3278568 0.1012435
v -0.1323751 0.3278510 0.1013772
v -0.1338139 0.3211923 0.1004604
v -0.1324033 0.3205797 0.1002099
v -0.1304751 0.3355372 0.0995746
v -0.1303933 0.3208468 0.0977786
v -0.1241767 0.3355174 0.1000232
v -0.1240949 0.3208270 0.0982272
v -0.1229153 0.3352752 0.1020613
v -0.1228335 0.3205849 0.1002653
v -0.1287020 0.3356430 0.0987900
v -0.1286202 0.3209526 0.0969940
v -0.1262947 0.3356451 0.0988824
v -0.1262129 0.3209547 0.0970864
v -0.1362854 0.3306344 0.1009929
v -0.1363238 0.3292776 0.1009535
v -0.1362934 0.3263531 0.1004665
v -0.1362758 0.3252662 0.1004328
v -0.1343145 0.3345181 0.1016944
v -0.1349373 0.3332112 0.1015639
v -0.1356325 0.3313019 0.1012775
v -0.1352599 0.3299338 0.1012627
v -0.1352370 0.3258255 0.1007604
v -0.1356368 0.3246310 0.1004581
v -0.1349403 0.3226334 0.1002700
v -0.1342179 0.3212928 0.0999706
v -0.1329692 0.3350114 0.1017052
v -0.1328453 0.3333279 0.1014681
v -0.1327850 0.3225086 0.1001453
v -0.1327843 0.3208300 0.0998650
v -0.1361225 0.3306921 0.0995325
v -0.1361228 0.3290106 0.0991080
v -0.1361016 0.3263900 0.0987882
v -0.1361401 0.3252789 0.0993023
v -0.1341012 0.3347262 0.1004072
v -0.1345489 0.3336937 0.0992713
v -0.1359289 0.3317390 0.0992429
v -0.1358619 0.3244502 0.0984414
v -0.1344429 0.3226159 0.0978784
v -0.1340586 0.3214161 0.0988181
v -0.1329299 0.3352153 0.1000659
v -0.1330560 0.3337387 0.0991376
v -0.1329944 0.3226691 0.0977842
v -0.1327280 0.3210410 0.0983008
v -0.1309959 0.3355697 0.0999568
v -0.1308451 0.3339502 0.0997653
v -0.1307805 0.3223369 0.0983454
v -0.1307248 0.3207619 0.0980524
v -0.1358463 0.3292386 0.0965455
v -0.1358327 0.3273147 0.0963105
v -0.1336799 0.3352026 0.0965566
v -0.1343126 0.3337160 0.0971049
v -0.1345622 0.3319306 0.0961395
v -0.1357429 0.3304854 0.0960541
v -0.1357408 0.3268784 0.0956115
v -0.1345354 0.3251909 0.0953146
v -0.1342558 0.3231916 0.0957940
v -0.1336794 0.3219134 0.0949444
v -0.1325879 0.3355951 0.0973599
v -0.1329795 0.3337989 0.0973781
v -0.1331232 0.3321762 0.0960689
v -0.1330828 0.3249240 0.0951822
v -0.1329196 0.3230354 0.0960621
v -0.1325634 0.3213464 0.0956401
v -0.1298601 0.3359195 0.0979203
v -0.1293444 0.3334412 0.0969164
v -0.1294228 0.3326026 0.0969671
v -0.1293768 0.3243344 0.0959562
v -0.1293443 0.3233444 0.0955963
v -0.1300581 0.3209168 0.0962820
v -0.1275061 0.3359296 0.0981437
v -0.1274658 0.3340977 0.0979188
v -0.1279328 0.3324209 0.0970817
v -0.1278886 0.3244995 0.0961132
v -0.1274634 0.3227222 0.0964642
v -0.1274811 0.3208441 0.0963277
v -0.1259181 0.3356054 0.0978615
v -0.1258792 0.3339541 0.0973701
v -0.1257673 0.3229690 0.0960482
v -0.1258490 0.3212437 0.0960999
v -0.1235949 0.3351867 0.0987519
v -0.1245910 0.3332510 0.0978802
v -0.1239991 0.3314829 0.0976124
v -0.1239520 0.3253358 0.0968876
v -0.1245139 0.3235718 0.0966917
v -0.1235567 0.3214541 0.0970616
v -0.1222090 0.3345696 0.0978896
v -0.1221406 0.3222824 0.0963874
v -0.1355944 0.3289370 0.0939161
v -0.1356434 0.3278791 0.0944355
v -0.1335649 0.3354242 0.0948999
v -0.1345340 0.3343539 0.0946791
v -0.1353653 0.3320815 0.0941926
v -0.1355494 0.3304276 0.0941032
v -0.1355191 0.3272798 0.0935016
v -0.1353289 0.3252537 0.0936192
v -0.1344730 0.3231260 0.0932626
v -0.1335142 0.3220357 0.0934787
v -0.1326136 0.3358097 0.0952863
v -0.1320224 0.3340485 0.0953882
v -0.1317319 0.3316390 0.0946463
v -0.1312575 0.3308760 0.0943928
v -0.1312417 0.3266047 0.0938589
v -0.1316909 0.3258190 0.0939248
v -0.1319624 0.3232831 0.0940720
v -0.1323278 0.3215658 0.0933580
v -0.1299284 0.3358955 0.0954057
v -0.1298872 0.3339783 0.0960387
v -0.1306747 0.3317344 0.0951772
v -0.1311300 0.3307857 0.0945832
v -0.1311070 0.3266533 0.0940780
v -0.1306342 0.3256008 0.0944293
v -0.1299702 0.3230614 0.0946269
v -0.1298724 0.3214604 0.0936427
v -0.1282424 0.3358144 0.0961859
v -0.1282426 0.3337768 0.0966211
v -0.1278276 0.3325104 0.0965133
v -0.1277833 0.3245508 0.0955402
v -0.1283272 0.3234054 0.0953206
v -0.1281745 0.3214214 0.0943892
v -0.1255757 0.3356541 0.0964545
v -0.1265450 0.3341055 0.0968868
v -0.1264828 0.3229268 0.0955201
v -0.1255098 0.3215375 0.0947278
v -0.1238374 0.3353407 0.0968968
v -0.1229444 0.3350449 0.0960465
v -0.1227690 0.3222927 0.0945679
v -0.1237134 0.3218393 0.0948902
v -0.1216802 0.3341425 0.0966779
v -0.1215931 0.3230084 0.0953598
v -0.1334092 0.3357391 0.0926644
v -0.1341519 0.3343125 0.0926298
v -0.1338579 0.3318894 0.0919608
v -0.1345457 0.3308394 0.0917144
v -0.1345851 0.3271155 0.0912460
v -0.1338318 0.3261882 0.0912644
v -0.1340609 0.3236179 0.0913252
v -0.1333289 0.3222618 0.0911261
v -0.1317243 0.3360010 0.0927051
v -0.1330957 0.3334520 0.0931087
v -0.1329371 0.3321470 0.0924175
v -0.1328804 0.3256338 0.0917948
v -0.1330453 0.3243994 0.0920019
v -0.1318504 0.3219442 0.0911256
v -0.1302636 0.3360696 0.0934220
v -0.1301224 0.3217776 0.0917311
v -0.1277405 0.3361339 0.0934004
v -0.1277134 0.3217898 0.0915752
v -0.1257879 0.3358776 0.0940907
v -0.1257294 0.3218867 0.0923795
v -0.1241376 0.3355391 0.0947884
v -0.1241076 0.3220589 0.0931097
v -0.1332235 0.3359706 0.0910762
v -0.1341815 0.3348979 0.0908569
v -0.1338115 0.3316934 0.0912110
v -0.1339669 0.3309574 0.0909925
v -0.1339404 0.3271956 0.0905331
v -0.1337206 0.3265793 0.0906301
v -0.1340725 0.3234554 0.0894620
v -0.1332175 0.3224851 0.0894211
v -0.1318906 0.3360832 0.0912868
v -0.1320169 0.3358301 0.0903623
v -0.1330666 0.3313969 0.0914253
v -0.1329938 0.3311533 0.0913912
v -0.1329710 0.3270451 0.0908889
v -0.1330410 0.3267997 0.0908632
v -0.1319656 0.3227442 0.0888984
v -0.1318204 0.3222638 0.0896721
v -0.1298960 0.3363475 0.0910393
v -0.1298016 0.3221010 0.0893914
v -0.1276650 0.3363459 0.0911542
v -0.1275509 0.3221140 0.0894776
v -0.1251858 0.3359761 0.0916282
v -0.1251128 0.3223833 0.0900221
v -0.1329692 0.3362016 0.0887376
v -0.1338887 0.3351733 0.0882705
v -0.1346861 0.3330266 0.0881106
v -0.1349958 0.3301963 0.0882546
v -0.1349540 0.3280325 0.0879927
v -0.1346491 0.3258761 0.0873225
v -0.1338396 0.3238730 0.0869311
v -0.1329903 0.3228976 0.0868859
v -0.1317782 0.3364263 0.0888620
v -0.1316921 0.3359779 0.0886230
v -0.1315181 0.3231262 0.0865004
v -0.1318130 0.3225514 0.0871932
v -0.1295601 0.3365020 0.0892027
v -0.1295471 0.3224828 0.0871622
v -0.1275337 0.3365537 0.0889665
v -0.1274501 0.3224384 0.0872857
v -0.1254858 0.3362678 0.0891253
v -0.1254734 0.3226617 0.0877448
v -0.1327008 0.3363574 0.0866119
v -0.1336752 0.3353083 0.0864017
v -0.1345054 0.3329453 0.0860440
v -0.1347170 0.3304653 0.0857235
v -0.1346782 0.3284217 0.0854757
v -0.1344029 0.3261474 0.0852179
v -0.1335664 0.3241390 0.0850399
v -0.1315743 0.3367208 0.0866741
v -0.1311219 0.3362287 0.0863860
v -0.1309941 0.3233959 0.0845031
v -0.1316752 0.3228130 0.0852065
v -0.1290916 0.3366791 0.0871123
v -0.1290134 0.3227562 0.0854095
v -0.1271494 0.3366893 0.0874036
v -0.1270864 0.3227314 0.0854507
v -0.1256776 0.3365304 0.0869856
v -0.1255374 0.3228777 0.0860010
v -0.1332337 0.3356279 0.0838776
v -0.1341764 0.3336502 0.0840817
v -0.1343708 0.3311989 0.0832493
v -0.1343597 0.3288294 0.0829595
v -0.1341487 0.3265314 0.0831240
v -0.1332348 0.3245591 0.0825193
v -0.1312921 0.3369220 0.0842367
v -0.1311045 0.3363663 0.0844100
v -0.1312935 0.3236364 0.0829728
v -0.1312479 0.3231655 0.0827478
v -0.1292001 0.3367826 0.0848717
v -0.1291236 0.3231950 0.0832101
v -0.1267916 0.3368373 0.0848694
v -0.1266907 0.3231879 0.0831170
v -0.1259087 0.3366723 0.0857380
v -0.1258245 0.3231222 0.0841275
v -0.1330357 0.3356106 0.0818896
v -0.1337699 0.3339355 0.0815088
v -0.1339957 0.3317467 0.0810896
v -0.1339677 0.3290964 0.0806386
v -0.1337461 0.3268806 0.0805854
v -0.1329512 0.3249309 0.0806330
v -0.1307838 0.3370353 0.0821294
v -0.1309452 0.3365449 0.0821168
v -0.1311037 0.3241013 0.0806805
v -0.1308240 0.3235654 0.0807939
v -0.1285869 0.3368971 0.0824670
v -0.1290623 0.3367664 0.0818448
v -0.1290091 0.3239488 0.0802619
v -0.1285281 0.3236758 0.0808353
v -0.1272347 0.3369262 0.0830638
v -0.1272178 0.3235212 0.0813654
v -0.1325608 0.3356924 0.0800612
v -0.1333171 0.3338723 0.0794873
v -0.1335927 0.3317984 0.0792991
v -0.1335716 0.3294707 0.0789639
v -0.1332809 0.3272690 0.0786816
v -0.1325015 0.3253681 0.0788085
v -0.1303375 0.3370790 0.0810036
v -0.1308184 0.3365974 0.0802106
v -0.1307409 0.3245192 0.0786351
v -0.1302593 0.3238593 0.0793616
v -0.1293539 0.3365931 0.0809719
v -0.1292928 0.3243158 0.0794685
v -0.1320834 0.3352558 0.0783932
v -0.1324432 0.3338426 0.0776763
v -0.1327291 0.3319494 0.0772221
v -0.1327145 0.3298686 0.0769422
v -0.1324097 0.3277383 0.0769317
v -0.1320330 0.3261981 0.0772884
v -0.1304295 0.3359218 0.0781509
v -0.1308234 0.3346916 0.0769864
v -0.1308731 0.3271273 0.0760754
v -0.1302761 0.3256926 0.0768033
v -0.1317626 0.3319373 0.0760009
v -0.1317486 0.3302423 0.0757699
v -0.1299939 0.3340813 0.0762136
v -0.1305636 0.3323277 0.0755822
v -0.1305580 0.3299938 0.0752698
v -0.1299576 0.3279108 0.0754469
v -0.1294765 0.3336438 0.0758359
v -0.1294018 0.3321672 0.0752805
v -0.1293892 0.3299904 0.0750114
v -0.1294408 0.3285208 0.0751689
v -0.1270806 0.3369077 0.0829654
v -0.1279166 0.3369329 0.0820229
v -0.1255909 0.3366308 0.0851561
v -0.1262223 0.3367832 0.0846302
v -0.1253320 0.3364154 0.0873823
v -0.1250931 0.3361330 0.0895921
v -0.1246547 0.3358829 0.0912514
v -0.1240299 0.3355218 0.0945798
v -0.1249306 0.3353285 0.0791430
v -0.1266557 0.3355065 0.0786367
v -0.1286594 0.3356018 0.0785286
v -0.1298844 0.3354890 0.0785460
v -0.1228841 0.3351322 0.0812804
v -0.1244441 0.3357157 0.0804669
v -0.1268028 0.3364453 0.0804967
v -0.1288673 0.3364818 0.0804223
v -0.1300202 0.3361198 0.0798880
v -0.1225064 0.3352277 0.0831027
v -0.1246155 0.3362973 0.0827992
v -0.1266845 0.3368061 0.0821972
v -0.1282873 0.3368720 0.0816306
v -0.1214070 0.3343686 0.0850726
v -0.1223506 0.3351839 0.0848951
v -0.1244678 0.3363155 0.0848211
v -0.1214022 0.3342806 0.0874798
v -0.1225886 0.3352656 0.0874955
v -0.1242634 0.3361100 0.0874177
v -0.1212012 0.3339180 0.0895290
v -0.1230493 0.3353555 0.0897109
v -0.1215153 0.3341530 0.0918459
v -0.1228280 0.3351368 0.0917967
v -0.1215372 0.3340552 0.0939690
v -0.1228656 0.3350745 0.0940233
v -0.1215253 0.3339714 0.0959368
v -0.1228847 0.3350290 0.0954666
v -0.1264274 0.3334684 0.0766557
v -0.1285014 0.3334639 0.0764603
v -0.1295817 0.3331847 0.0763874
v -0.1226931 0.3335011 0.0788898
v -0.1241932 0.3340836 0.0781794
v -0.1263501 0.3344037 0.0774422
v -0.1286593 0.3345512 0.0773077
v -0.1297024 0.3342755 0.0771670
v -0.1208225 0.3327341 0.0813254
v -0.1220255 0.3339095 0.0804213
v -0.1232735 0.3348060 0.0798485
v -0.1208198 0.3333119 0.0827645
v -0.1215621 0.3342927 0.0824481
v -0.1207097 0.3332880 0.0844976
v -0.1206241 0.3330094 0.0871371
v -0.1205532 0.3327097 0.0893706
v -0.1205642 0.3325694 0.0915509
v -0.1205361 0.3323639 0.0935939
v -0.1202091 0.3311613 0.0955611
v -0.1205508 0.3323479 0.0956440
v -0.1245631 0.3318449 0.0766069
v -0.1263400 0.3322684 0.0761568
v -0.1285528 0.3322054 0.0759361
v -0.1295290 0.3321344 0.0759948
v -0.1223205 0.3315490 0.0781943
v -0.1236157 0.3319484 0.0772205
v -0.1206239 0.3312875 0.0807475
v -0.1213241 0.3316994 0.0795249
v -0.1200676 0.3309308 0.0827882
v -0.1200347 0.3311473 0.0843253
v -0.1200459 0.3309952 0.0871460
v -0.1200304 0.3303998 0.0908788
v -0.1200016 0.3296130 0.0938314
v -0.1200363 0.3298445 0.0951559
v -0.1245846 0.3298984 0.0763674
v -0.1263772 0.3298041 0.0758276
v -0.1285371 0.3298980 0.0756427
v -0.1295184 0.3298132 0.0757242
v -0.1223604 0.3296777 0.0779547
v -0.1236321 0.3295389 0.0769445
v -0.1206288 0.3293313 0.0805465
v -0.1213384 0.3292244 0.0792445
v -0.1200747 0.3291310 0.0826390
v -0.1200550 0.3285216 0.0839894
v -0.1200470 0.3281469 0.0867728
v -0.1200337 0.3277365 0.0906420
v -0.1200049 0.3277562 0.0932619
v -0.1200320 0.3273599 0.0948473
v -0.1265285 0.3284427 0.0760074
v -0.1284735 0.3284493 0.0758476
v -0.1295685 0.3285415 0.0758909
v -0.1226619 0.3278914 0.0782039
v -0.1241564 0.3274807 0.0773721
v -0.1260939 0.3273773 0.0765960
v -0.1286183 0.3271885 0.0764082
v -0.1296807 0.3273446 0.0764151
v -0.1207965 0.3280695 0.0807551
v -0.1219878 0.3271333 0.0795928
v -0.1232266 0.3263876 0.0788193
v -0.1207855 0.3271621 0.0820126
v -0.1215174 0.3262783 0.0814683
v -0.1206734 0.3267690 0.0837006
v -0.1205873 0.3264044 0.0863295
v -0.1205167 0.3261579 0.0885695
v -0.1205263 0.3257687 0.0907194
v -0.1204977 0.3254762 0.0927518
v -0.1201813 0.3261730 0.0949513
v -0.1205099 0.3249978 0.0947453
v -0.1248788 0.3260324 0.0780065
v -0.1265691 0.3259177 0.0775175
v -0.1286051 0.3258748 0.0773401
v -0.1298154 0.3260157 0.0773318
v -0.1228318 0.3257304 0.0801309
v -0.1243863 0.3253430 0.0791988
v -0.1266554 0.3246159 0.0790551
v -0.1287746 0.3245221 0.0790264
v -0.1300003 0.3250834 0.0784812
v -0.1224506 0.3252028 0.0818770
v -0.1245482 0.3242148 0.0813220
v -0.1265575 0.3238491 0.0806313
v -0.1282035 0.3238950 0.0800537
v -0.1213580 0.3255741 0.0839974
v -0.1222929 0.3248152 0.0836274
v -0.1243976 0.3237116 0.0832801
v -0.1213509 0.3250796 0.0863549
v -0.1225265 0.3241068 0.0861312
v -0.1241919 0.3232878 0.0858500
v -0.1211512 0.3249400 0.0884314
v -0.1229832 0.3234808 0.0882591
v -0.1214596 0.3241504 0.0906230
v -0.1227614 0.3231930 0.0903364
v -0.1214797 0.3237335 0.0927071
v -0.1227968 0.3227167 0.0925124
v -0.1215014 0.3233090 0.0946357
v -0.1228312 0.3224052 0.0939106
v -0.1269019 0.3235446 0.0814156
v -0.1278096 0.3237396 0.0804423
v -0.1255167 0.3233126 0.0835278
v -0.1261324 0.3232776 0.0830293
v -0.1252330 0.3229727 0.0858717
v -0.1249799 0.3227306 0.0880288
v -0.1246426 0.3225494 0.0896998
v -0.1238773 0.3221494 0.0930036
v -0.1394779 0.3022870 0.1842751
v -0.1394224 0.2923119 0.1830555
v -0.1373058 0.3021836 0.1845782
v -0.1372511 0.2923631 0.1833775
v -0.1330278 0.3025202 0.1845706
v -0.1329697 0.2920852 0.1832948
v -0.1295207 0.3022084 0.1849047
v -0.1299676 0.3004988 0.1845042
v -0.1299106 0.2940869 0.1837140
v -0.1294647 0.2923489 0.1837019
v -0.1259359 0.3026748 0.1832314
v -0.1258783 0.2923357 0.1819674
v -0.1245105 0.3027204 0.1819256
v -0.1244543 0.2926217 0.1806909
v -0.1406161 0.3025919 0.1826253
v -0.1405594 0.2924010 0.1813793
v -0.1370042 0.3030677 0.1813480
v -0.1369441 0.2922866 0.1800299
v -0.1339459 0.3030018 0.1821847
v -0.1338856 0.2921826 0.1808619
v -0.1301988 0.3030962 0.1815640
v -0.1301386 0.2922816 0.1802418
v -0.1277099 0.3032942 0.1799186
v -0.1276498 0.2925132 0.1786004
v -0.1234588 0.3030388 0.1796620
v -0.1234022 0.2928695 0.1784187
v -0.1437921 0.3029909 0.1781346
v -0.1437090 0.3004976 0.1780462
v -0.1436636 0.2955135 0.1775127
v -0.1437368 0.2930609 0.1769206
v -0.1430072 0.3032702 0.1794226
v -0.1423140 0.2992862 0.1786398
v -0.1423490 0.2965688 0.1783947
v -0.1429471 0.2924881 0.1781043
v -0.1388744 0.3033793 0.1788728
v -0.1388141 0.2925600 0.1775500
v -0.1266824 0.3036798 0.1769703
v -0.1266222 0.2928605 0.1756475
v -0.1225319 0.3037897 0.1761552
v -0.1230516 0.2996626 0.1754981
v -0.1231338 0.2971052 0.1750875
v -0.1224718 0.2929958 0.1748355
v -0.1221936 0.3035280 0.1750670
v -0.1221873 0.3009871 0.1746974
v -0.1221824 0.2960383 0.1739161
v -0.1221379 0.2935157 0.1738429
v -0.1440818 0.3032247 0.1762086
v -0.1440099 0.3007266 0.1761708
v -0.1439829 0.2957113 0.1755892
v -0.1440265 0.2932947 0.1749946
v -0.1437397 0.3037580 0.1750984
v -0.1428168 0.2997846 0.1750514
v -0.1429207 0.2969493 0.1746479
v -0.1436800 0.2930484 0.1737890
v -0.1396878 0.3038074 0.1753340
v -0.1396275 0.2929882 0.1740112
v -0.1270182 0.3041237 0.1733239
v -0.1269579 0.2933045 0.1720012
v -0.1232859 0.3043420 0.1719788
v -0.1236919 0.3001865 0.1719512
v -0.1237133 0.2974695 0.1716370
v -0.1232252 0.2934577 0.1706481
v -0.1224747 0.3037538 0.1731603
v -0.1225097 0.3012736 0.1726997
v -0.1224996 0.2962989 0.1720117
v -0.1224190 0.2937528 0.1719376
v -0.1430402 0.3041803 0.1714836
v -0.1429809 0.2935171 0.1701799
v -0.1383923 0.3042526 0.1717517
v -0.1383321 0.2934333 0.1704289
v -0.1375415 0.3043923 0.1706482
v -0.1374813 0.2935730 0.1693254
v -0.1305770 0.3045693 0.1695175
v -0.1305168 0.2937500 0.1681947
v -0.1294076 0.3044799 0.1703017
v -0.1293473 0.2936607 0.1689789
v -0.1250747 0.3046376 0.1682650
v -0.1250155 0.2940472 0.1669718
v -0.1430117 0.3040015 0.1691088
v -0.1432373 0.3009969 0.1675096
v -0.1431721 0.2973295 0.1671153
v -0.1429529 0.2942518 0.1679204
v -0.1380432 0.3042671 0.1682941
v -0.1382434 0.3012553 0.1665896
v -0.1382229 0.2975874 0.1661412
v -0.1379874 0.2942561 0.1670702
v -0.1378941 0.3042771 0.1682778
v -0.1381000 0.3012719 0.1665391
v -0.1380795 0.2975850 0.1660883
v -0.1378383 0.2942519 0.1670521
v -0.1310063 0.3044095 0.1670291
v -0.1311426 0.3021775 0.1656097
v -0.1311138 0.2970064 0.1649774
v -0.1309511 0.2944998 0.1658175
v -0.1308746 0.3042760 0.1668832
v -0.1307746 0.3018806 0.1654359
v -0.1307505 0.2973384 0.1648813
v -0.1308211 0.2946661 0.1657083
v -0.1254973 0.3046524 0.1663144
v -0.1263729 0.3018171 0.1646503
v -0.1264409 0.2975027 0.1641549
v -0.1254408 0.2944964 0.1650722
v -0.1329872 0.3015344 0.1648589
v -0.1365900 0.3014388 0.1654640
v -0.1329449 0.2977819 0.1644487
v -0.1365835 0.2977075 0.1650367
v -0.1279544 0.3073794 0.1618383
v -0.1299940 0.3077822 0.1627733
v -0.1331574 0.3079314 0.1636298
v -0.1368120 0.3082908 0.1642374
v -0.1408832 0.3085721 0.1645470
v -0.1433726 0.3075750 0.1649099
v -0.1244604 0.3041883 0.1609327
v -0.1260151 0.3055646 0.1619533
v -0.1292501 0.3055517 0.1626528
v -0.1333367 0.3056925 0.1640479
v -0.1364608 0.3057319 0.1646365
v -0.1411403 0.3053119 0.1644987
v -0.1445939 0.3051004 0.1647692
v -0.1242533 0.3026171 0.1609779
v -0.1261001 0.3023131 0.1620363
v -0.1287576 0.3018264 0.1625764
v -0.1329064 0.3019243 0.1633064
v -0.1370560 0.3018883 0.1639152
v -0.1413708 0.3010460 0.1644946
v -0.1443011 0.3016402 0.1647271
v -0.1242296 0.2984454 0.1602481
v -0.1263102 0.2982531 0.1615410
v -0.1286588 0.2981077 0.1621627
v -0.1329109 0.2977969 0.1627686
v -0.1370237 0.2976196 0.1634072
v -0.1413265 0.2982770 0.1641467
v -0.1443098 0.2976272 0.1640633
v -0.1243732 0.2962914 0.1600928
v -0.1258815 0.2946686 0.1605406
v -0.1291492 0.2944832 0.1612944
v -0.1333327 0.2943381 0.1627294
v -0.1363613 0.2941673 0.1633030
v -0.1410729 0.2941051 0.1631536
v -0.1446511 0.2940854 0.1636270
v -0.1278769 0.2928817 0.1600257
v -0.1299545 0.2921823 0.1607469
v -0.1331471 0.2917900 0.1615069
v -0.1366913 0.2913855 0.1621754
v -0.1406572 0.2909187 0.1623499
v -0.1432816 0.2917806 0.1629958
v -0.1309845 0.3078015 0.1604224
v -0.1361028 0.3093467 0.1598811
v -0.1431912 0.3081512 0.1614093
v -0.1267958 0.3056322 0.1574034
v -0.1290590 0.3072032 0.1602808
v -0.1327946 0.3053180 0.1606338
v -0.1382862 0.3051784 0.1615254
v -0.1456937 0.3046284 0.1619258
v -0.1257232 0.3031211 0.1565984
v -0.1311454 0.3030484 0.1600856
v -0.1322218 0.3035713 0.1603271
v -0.1388395 0.3034031 0.1614015
v -0.1399098 0.3028257 0.1615085
v -0.1461412 0.3026270 0.1618512
v -0.1249046 0.3007467 0.1560497
v -0.1254442 0.3006191 0.1570622
v -0.1311145 0.2974920 0.1594062
v -0.1321848 0.2969146 0.1595132
v -0.1388024 0.2967464 0.1605876
v -0.1398789 0.2972693 0.1608291
v -0.1461493 0.2979653 0.1609581
v -0.1327380 0.2951393 0.1593893
v -0.1382296 0.2949997 0.1602809
v -0.1456310 0.2953320 0.1612301
v -0.1432773 0.2923837 0.1590878
v -0.1314881 0.3086607 0.1560826
v -0.1343590 0.3091119 0.1566620
v -0.1368706 0.3093444 0.1576677
v -0.1419625 0.3093855 0.1583700
v -0.1445778 0.3086510 0.1569332
v -0.1253551 0.3045078 0.1557021
v -0.1272342 0.3064024 0.1551045
v -0.1297448 0.3076870 0.1566345
v -0.1464663 0.3057120 0.1568158
v -0.1251543 0.3029271 0.1556337
v -0.1263481 0.3035084 0.1535377
v -0.1465806 0.3024154 0.1568872
v -0.1251972 0.2996369 0.1546571
v -0.1260560 0.3010303 0.1536757
v -0.1465385 0.2989282 0.1564135
v -0.1253143 0.2971758 0.1548057
v -0.1263625 0.2954927 0.1544756
v -0.1464222 0.2955147 0.1554966
v -0.1286128 0.2937240 0.1540322
v -0.1312486 0.2927904 0.1536819
v -0.1343090 0.2921064 0.1540687
v -0.1369265 0.2916740 0.1549816
v -0.1418636 0.2916172 0.1561977
v -0.1444879 0.2926456 0.1549763
v -0.1298808 0.3087801 0.1500922
v -0.1378731 0.3101344 0.1528843
v -0.1426879 0.3098883 0.1535697
v -0.1444256 0.3096575 0.1532342
v -0.1279116 0.3066876 0.1506723
v -0.1302103 0.3081698 0.1500491
v -0.1473031 0.3045624 0.1551665
v -0.1261226 0.3027068 0.1504792
v -0.1268966 0.3040356 0.1505929
v -0.1472862 0.3034245 0.1548533
v -0.1261255 0.3007058 0.1500188
v -0.1265913 0.3003558 0.1502955
v -0.1472584 0.2989787 0.1540467
v -0.1274345 0.2963040 0.1491711
v -0.1472622 0.2969964 0.1543432
v -0.1298003 0.2943314 0.1483257
v -0.1363015 0.2935730 0.1508387
v -0.1388188 0.2926289 0.1510463
v -0.1422482 0.2924754 0.1514373
v -0.1440949 0.2923447 0.1527600
v -0.1324390 0.3094208 0.1495340
v -0.1352792 0.3098575 0.1499647
v -0.1376677 0.3099907 0.1505556
v -0.1280724 0.3056142 0.1477451
v -0.1310992 0.3085787 0.1498200
v -0.1479559 0.3052352 0.1507554
v -0.1273885 0.3034505 0.1460486
v -0.1476986 0.3028156 0.1503490
v -0.1272945 0.3011114 0.1455092
v -0.1478506 0.3000059 0.1487832
v -0.1300978 0.2965674 0.1480537
v -0.1306631 0.2966544 0.1473165
v -0.1481373 0.2975086 0.1481194
v -0.1321172 0.2935635 0.1476337
v -0.1351598 0.2929424 0.1479107
v -0.1375428 0.2926071 0.1484353
v -0.1310849 0.3095066 0.1446899
v -0.1383552 0.3100620 0.1465037
v -0.1450493 0.3097329 0.1470256
v -0.1459268 0.3094931 0.1488121
v -0.1291076 0.3073866 0.1444611
v -0.1320448 0.3092245 0.1435848
v -0.1475631 0.3069108 0.1486115
v -0.1283862 0.3038656 0.1429757
v -0.1481036 0.3040131 0.1472495
v -0.1282395 0.3011893 0.1426619
v -0.1480899 0.2999385 0.1466884
v -0.1289785 0.2970267 0.1431872
v -0.1321767 0.2970979 0.1436203
v -0.1475042 0.2963092 0.1473083
v -0.1310037 0.2949147 0.1429058
v -0.1449616 0.2939791 0.1450999
v -0.1457352 0.2936997 0.1466005
v -0.1329214 0.3102766 0.1415455
v -0.1366045 0.3102814 0.1431397
v -0.1395074 0.3108502 0.1435209
v -0.1439104 0.3110344 0.1440806
v -0.1457556 0.3106929 0.1443148
v -0.1303687 0.3079513 0.1410386
v -0.1322217 0.3091235 0.1398460
v -0.1291450 0.3048520 0.1405406
v -0.1290599 0.3008196 0.1398694
v -0.1302005 0.2974704 0.1395903
v -0.1338130 0.2969687 0.1394774
v -0.1490689 0.2985030 0.1414214
v -0.1323988 0.2949618 0.1396103
v -0.1400632 0.2934681 0.1413833
v -0.1439784 0.2934336 0.1419530
v -0.1457487 0.2937626 0.1416641
v -0.1341695 0.3108018 0.1380086
v -0.1371569 0.3114031 0.1383533
v -0.1409678 0.3115413 0.1389754
v -0.1444078 0.3116894 0.1390347
v -0.1469434 0.3105428 0.1412307
v -0.1311991 0.3088597 0.1383750
v -0.1330521 0.3085109 0.1380257
v -0.1366976 0.3067885 0.1366665
v -0.1487344 0.3078655 0.1407110
v -0.1330094 0.3064678 0.1364757
v -0.1491257 0.3047687 0.1395771
v -0.1328323 0.3009527 0.1359865
v -0.1491779 0.3009607 0.1389584
v -0.1311349 0.2970378 0.1369291
v -0.1332814 0.2975803 0.1359899
v -0.1486936 0.2973985 0.1392715
v -0.1340553 0.2951877 0.1361660
v -0.1369384 0.2944626 0.1363427
v -0.1405977 0.2943831 0.1364647
v -0.1442333 0.2940129 0.1368600
v -0.1468541 0.2945681 0.1392777
v -0.1355820 0.3112988 0.1349390
v -0.1377794 0.3113100 0.1359708
v -0.1416448 0.3112270 0.1365257
v -0.1449187 0.3114247 0.1360045
v -0.1479349 0.3112500 0.1359190
v -0.1349807 0.3076543 0.1343248
v -0.1374188 0.3089434 0.1356793
v -0.1417204 0.3099267 0.1355735
v -0.1447119 0.3102557 0.1353417
v -0.1499976 0.3071382 0.1356763
v -0.1344190 0.3068132 0.1336735
v -0.1500559 0.3065647 0.1349820
v -0.1492049 0.3008411 0.1350998
v -0.1345149 0.2971469 0.1331514
v -0.1371001 0.2963296 0.1344956
v -0.1451251 0.2961713 0.1337167
v -0.1500211 0.2992310 0.1341928
v -0.1355411 0.2955270 0.1328452
v -0.1377197 0.2952090 0.1337982
v -0.1414703 0.2949716 0.1345777
v -0.1448123 0.2949513 0.1340138
v -0.1478291 0.2951427 0.1338869
v -0.1347559 0.3118160 0.1312629
v -0.1464517 0.3115051 0.1332973
v -0.1484404 0.3111956 0.1334365
v -0.1348929 0.3105907 0.1309413
v -0.1436084 0.3099127 0.1338713
v -0.1467020 0.3104470 0.1325249
v -0.1495459 0.3092302 0.1334910
v -0.1500498 0.3056749 0.1326965
v -0.1472479 0.3008662 0.1318887
v -0.1498398 0.3011279 0.1321640
v -0.1335903 0.2968043 0.1290644
v -0.1469802 0.2967665 0.1315268
v -0.1497230 0.2978527 0.1319292
v -0.1348054 0.2959024 0.1292508
v -0.1462887 0.2954838 0.1313614
v -0.1483651 0.2958438 0.1313533
v -0.1350792 0.3122123 0.1275111
v -0.1407622 0.3126099 0.1300681
v -0.1469833 0.3118573 0.1297204
v -0.1486374 0.3112653 0.1312077
v -0.1353479 0.3110782 0.1271865
v -0.1467440 0.3107919 0.1290095
v -0.1494807 0.3096566 0.1307005
v -0.1494374 0.3067958 0.1296893
v -0.1478040 0.3011138 0.1298381
v -0.1497663 0.3020959 0.1302819
v -0.1340499 0.2972273 0.1255842
v -0.1477571 0.2968840 0.1277681
v -0.1500008 0.2980216 0.1298264
v -0.1352367 0.2963429 0.1255562
v -0.1406661 0.2953388 0.1279565
v -0.1467724 0.2960690 0.1278295
v -0.1487058 0.2960922 0.1293780
v -0.1369633 0.3124582 0.1249094
v -0.1398792 0.3126795 0.1239804
v -0.1437658 0.3125843 0.1247224
v -0.1460715 0.3121382 0.1262970
v -0.1366938 0.3117225 0.1243275
v -0.1396994 0.3113101 0.1241924
v -0.1436914 0.3111832 0.1246432
v -0.1470188 0.3105498 0.1253361
v -0.1443142 0.3069600 0.1232574
v -0.1466156 0.3067738 0.1251554
v -0.1447795 0.3014012 0.1225538
v -0.1471200 0.3019459 0.1236527
v -0.1364172 0.2975919 0.1224941
v -0.1392760 0.2977385 0.1211651
v -0.1442949 0.2976112 0.1219774
v -0.1463219 0.2973708 0.1238515
v -0.1368344 0.2968796 0.1229744
v -0.1395982 0.2967316 0.1221939
v -0.1433437 0.2966056 0.1227788
v -0.1458573 0.2966150 0.1244459
v -0.1413555 0.3121228 0.1228405
v -0.1430068 0.3120754 0.1231530
v -0.1412198 0.3119879 0.1227747
v -0.1445482 0.3112658 0.1229676
v -0.1475566 0.3103687 0.1226104
v -0.1443764 0.3066557 0.1227251
v -0.1470720 0.3078390 0.1229078
v -0.1450407 0.3016897 0.1219573
v -0.1473534 0.3022206 0.1218364
v -0.1412646 0.2977436 0.1210326
v -0.1428331 0.2976977 0.1213367
v -0.1412571 0.2974617 0.1210720
v -0.1424311 0.2974328 0.1212550
v -0.1486379 0.3118208 0.1283366
v -0.1500456 0.3096344 0.1277747
v -0.1503011 0.3060132 0.1272748
v -0.1502803 0.3020933 0.1267953
v -0.1499690 0.2985640 0.1264243
v -0.1484720 0.2963891 0.1264665
v -0.1472837 0.3124635 0.1286969
v -0.1469084 0.3083680 0.1282693
v -0.1468846 0.3040947 0.1277469
v -0.1468608 0.2998215 0.1272244
v -0.1470964 0.2957006 0.1266669
v -0.1481940 0.3119010 0.1272179
v -0.1493382 0.3102391 0.1268703
v -0.1498009 0.3064786 0.1259420
v -0.1497787 0.3022845 0.1254063
v -0.1492642 0.2982930 0.1254117
v -0.1480369 0.2966208 0.1253452
v -0.1466026 0.3125159 0.1265667
v -0.1465189 0.2961837 0.1246775
v -0.1472389 0.3120925 0.1238159
v -0.1483652 0.3106233 0.1234053
v -0.1488029 0.3068794 0.1225376
v -0.1489332 0.3022751 0.1222461
v -0.1482993 0.2987886 0.1219583
v -0.1471564 0.2972761 0.1220044
v -0.1449274 0.3127474 0.1241162
v -0.1448245 0.2965758 0.1221821
v -0.1415181 0.3129303 0.1233576
v -0.1415004 0.2965803 0.1214368
v -0.1371850 0.3126726 0.1241667
v -0.1370752 0.2966681 0.1223239
v -0.1353510 0.3123128 0.1247737
v -0.1344578 0.3109907 0.1244963
v -0.1356985 0.3044645 0.1252318
v -0.1347296 0.2983719 0.1230591
v -0.1352770 0.2969613 0.1228797
v -0.1462794 0.3124453 0.1201330
v -0.1474576 0.3107867 0.1197011
v -0.1481475 0.3073227 0.1193013
v -0.1481809 0.3033311 0.1189209
v -0.1473949 0.2995323 0.1183251
v -0.1461981 0.2978316 0.1183463
v -0.1442626 0.3128234 0.1201940
v -0.1458476 0.3121095 0.1202284
v -0.1457698 0.2981392 0.1185204
v -0.1443242 0.2975130 0.1181270
v -0.1403491 0.3127989 0.1222593
v -0.1398076 0.2969500 0.1208177
v -0.1386038 0.3127070 0.1230069
v -0.1384280 0.2969538 0.1211070
v -0.1342269 0.3120731 0.1237159
v -0.1330413 0.3111938 0.1226760
v -0.1329637 0.2985815 0.1211607
v -0.1341293 0.2974611 0.1219182
v -0.1310621 0.3097945 0.1214478
v -0.1302329 0.3076634 0.1215692
v -0.1302093 0.3028726 0.1209857
v -0.1310067 0.3002351 0.1203002
v -0.1464785 0.3110698 0.1160228
v -0.1471776 0.3074820 0.1155345
v -0.1471946 0.3039778 0.1150491
v -0.1464177 0.3001545 0.1146883
v -0.1432495 0.3130994 0.1165465
v -0.1445385 0.3124585 0.1165787
v -0.1444618 0.2986941 0.1148958
v -0.1431660 0.2980941 0.1147119
v -0.1401314 0.3130775 0.1172267
v -0.1399352 0.2980184 0.1153139
v -0.1361367 0.3129137 0.1183246
v -0.1350459 0.3125297 0.1176108
v -0.1355723 0.2984949 0.1154752
v -0.1360532 0.2979240 0.1164919
v -0.1341537 0.3126789 0.1189574
v -0.1327937 0.3117641 0.1185565
v -0.1327227 0.2990204 0.1169985
v -0.1340721 0.2980211 0.1171653
v -0.1303604 0.3093080 0.1198328
v -0.1300432 0.3074880 0.1197253
v -0.1300440 0.3030995 0.1191269
v -0.1303056 0.3011295 0.1188660
v -0.1455806 0.3112715 0.1123238
v -0.1463469 0.3079352 0.1119953
v -0.1462910 0.3044353 0.1114504
v -0.1455226 0.3008597 0.1110509
v -0.1423726 0.3134930 0.1129850
v -0.1433389 0.3129326 0.1128882
v -0.1432621 0.2991363 0.1112015
v -0.1422896 0.2985797 0.1111616
v -0.1394840 0.3134780 0.1133797
v -0.1382986 0.3130935 0.1135651
v -0.1382194 0.2988724 0.1118265
v -0.1394008 0.2985309 0.1115522
v -0.1354058 0.3133955 0.1142203
v -0.1354502 0.3129022 0.1141640
v -0.1353725 0.2989450 0.1124576
v -0.1353226 0.2984532 0.1123934
v -0.1334771 0.3130666 0.1146222
v -0.1316966 0.3117964 0.1147772
v -0.1316304 0.2999116 0.1133242
v -0.1333970 0.2986967 0.1128653
v -0.1298577 0.3099291 0.1159979
v -0.1292436 0.3079404 0.1157033
v -0.1292739 0.3036882 0.1150381
v -0.1298105 0.3014499 0.1149612
v -0.1447218 0.3113655 0.1086048
v -0.1451331 0.3086737 0.1074158
v -0.1451384 0.3046806 0.1070083
v -0.1446679 0.3016739 0.1074198
v -0.1419588 0.3138939 0.1095837
v -0.1423467 0.3133042 0.1094020
v -0.1421221 0.2995957 0.1077988
v -0.1417031 0.2989832 0.1078551
v -0.1375162 0.3139818 0.1100147
v -0.1375275 0.3134853 0.1099560
v -0.1382792 0.2993396 0.1082524
v -0.1382648 0.2988438 0.1081890
v -0.1349349 0.3137455 0.1110280
v -0.1349775 0.3132525 0.1109661
v -0.1345351 0.2994385 0.1090460
v -0.1344759 0.2989468 0.1089893
v -0.1308797 0.3118728 0.1115278
v -0.1308171 0.3006293 0.1101531
v -0.1292323 0.3102179 0.1120661
v -0.1287965 0.3086067 0.1116296
v -0.1287981 0.3043664 0.1111768
v -0.1291872 0.3021237 0.1110765
v -0.1440265 0.3118069 0.1059966
v -0.1446916 0.3093051 0.1052276
v -0.1446316 0.3044828 0.1045380
v -0.1439649 0.3018743 0.1048036
v -0.1407563 0.3143780 0.1057710
v -0.1414085 0.3136740 0.1058326
v -0.1412908 0.3001245 0.1041604
v -0.1406603 0.2994702 0.1039567
v -0.1369969 0.3144799 0.1057712
v -0.1371850 0.3139738 0.1058230
v -0.1371164 0.2998955 0.1040991
v -0.1368425 0.2994275 0.1038757
v -0.1345566 0.3142875 0.1065940
v -0.1344747 0.3137935 0.1064713
v -0.1343976 0.2999441 0.1047779
v -0.1344495 0.2994290 0.1048404
v -0.1300258 0.3116995 0.1077571
v -0.1288964 0.3088671 0.1073889
v -0.1288753 0.3046435 0.1068657
v -0.1300080 0.3016827 0.1065480
v -0.1286746 0.3105030 0.1076482
v -0.1284704 0.3086320 0.1077522
v -0.1284525 0.3046918 0.1072090
v -0.1286304 0.3029218 0.1067242
v -0.1432165 0.3121366 0.1028496
v -0.1437763 0.3095313 0.1014515
v -0.1436550 0.3051185 0.1006937
v -0.1431618 0.3023286 0.1016505
v -0.1399445 0.3147659 0.1023725
v -0.1407970 0.3140321 0.1027219
v -0.1389526 0.3074965 0.1002843
v -0.1406530 0.3005200 0.1011516
v -0.1398172 0.2999234 0.1005543
v -0.1376215 0.3147040 0.1038260
v -0.1381375 0.3141531 0.1045046
v -0.1375177 0.3072823 0.1021015
v -0.1355748 0.3071583 0.1032042
v -0.1380632 0.3000287 0.1027765
v -0.1375964 0.2996508 0.1020495
v -0.1333423 0.3144030 0.1048448
v -0.1327036 0.3138720 0.1051925
v -0.1329023 0.3071839 0.1031168
v -0.1345991 0.3071454 0.1033542
v -0.1325927 0.3002027 0.1034703
v -0.1333349 0.2997456 0.1030643
v -0.1308614 0.3146848 0.1028361
v -0.1305582 0.3129034 0.1050868
v -0.1303525 0.3094497 0.1037278
v -0.1303056 0.3048700 0.1031526
v -0.1304542 0.3012182 0.1037028
v -0.1307795 0.2999944 0.1010400
v -0.1283597 0.3091643 0.1061863
v -0.1283359 0.3047812 0.1056494
v -0.1421522 0.3126734 0.0978530
v -0.1428362 0.3100679 0.0976055
v -0.1427956 0.3055778 0.0970427
v -0.1420988 0.3030562 0.0966550
v -0.1394791 0.3150751 0.0995569
v -0.1408994 0.3141765 0.0990052
v -0.1392780 0.3076394 0.0991008
v -0.1392136 0.3078431 0.0974378
v -0.1408203 0.3013017 0.0974467
v -0.1394136 0.3003162 0.0977386
v -0.1343698 0.3150980 0.0992966
v -0.1342880 0.3004076 0.0975006
v -0.1298237 0.3148894 0.1012101
v -0.1297419 0.3001990 0.0994140
v -0.1418403 0.3130935 0.0964705
v -0.1426055 0.3106850 0.0960145
v -0.1425857 0.3057682 0.0954117
v -0.1418095 0.3029838 0.0952292
v -0.1389658 0.3153125 0.0970336
v -0.1403282 0.3147207 0.0969877
v -0.1407869 0.3080027 0.0960608
v -0.1389258 0.3079663 0.0964430
v -0.1403379 0.3013314 0.0953327
v -0.1389167 0.3006960 0.0952691
v -0.1366815 0.3156202 0.0949205
v -0.1365997 0.3009298 0.0931244
v -0.1304984 0.3154987 0.0961952
v -0.1304166 0.3008084 0.0943991
v -0.1295207 0.3152369 0.0983813
v -0.1294388 0.3005465 0.0965852
v -0.1348190 0.3156970 0.0943766
v -0.1347372 0.3010066 0.0925805
v -0.1324452 0.3156603 0.0947854
v -0.1323634 0.3009699 0.0929893
v -0.1419035 0.3110109 0.0939655
v -0.1419805 0.3096565 0.0939044
v -0.1419088 0.3067308 0.0934289
v -0.1419241 0.3056439 0.0933936
v -0.1401160 0.3148159 0.0953017
v -0.1407136 0.3135344 0.0949651
v -0.1413527 0.3116531 0.0944523
v -0.1410497 0.3102711 0.0945477
v -0.1410268 0.3061628 0.0940455
v -0.1413535 0.3049838 0.0936197
v -0.1407130 0.3029590 0.0936511
v -0.1399859 0.3015892 0.0935912
v -0.1388288 0.3152550 0.0957530
v -0.1387010 0.3135668 0.0955547
v -0.1386407 0.3027475 0.0942320
v -0.1386152 0.3010690 0.0939529
v -0.1412731 0.3110550 0.0926377
v -0.1412017 0.3093728 0.0922219
v -0.1411811 0.3067519 0.0919043
v -0.1414282 0.3056458 0.0923686
v -0.1394882 0.3150091 0.0941553
v -0.1395830 0.3139899 0.0929269
v -0.1409548 0.3120919 0.0924355
v -0.1409183 0.3048024 0.0916377
v -0.1394669 0.3029101 0.0915506
v -0.1394562 0.3017004 0.0925539
v -0.1382511 0.3154493 0.0942171
v -0.1381270 0.3139745 0.0932856
v -0.1380654 0.3029049 0.0919322
v -0.1380456 0.3012700 0.0924936
v -0.1363742 0.3157255 0.0947448
v -0.1362334 0.3141004 0.0945989
v -0.1361687 0.3024871 0.0931791
v -0.1360829 0.3009097 0.0929068
v -0.1400992 0.3095771 0.0898900
v -0.1400858 0.3076532 0.0896560
v -0.1378206 0.3154497 0.0906543
v -0.1386552 0.3139923 0.0909549
v -0.1386479 0.3122136 0.0899458
v -0.1397928 0.3108165 0.0894694
v -0.1397891 0.3072101 0.0890210
v -0.1386201 0.3054744 0.0891174
v -0.1385904 0.3034678 0.0896447
v -0.1378202 0.3021635 0.0890176
v -0.1370342 0.3158021 0.0917720
v -0.1374809 0.3140231 0.0916468
v -0.1372554 0.3124011 0.0903483
v -0.1372150 0.3051490 0.0894616
v -0.1374210 0.3032596 0.0903309
v -0.1370139 0.3015557 0.0900332
v -0.1346257 0.3160197 0.0931905
v -0.1339100 0.3135180 0.0923876
v -0.1340336 0.3126835 0.0924030
v -0.1339875 0.3044153 0.0913921
v -0.1338790 0.3034231 0.0910539
v -0.1348718 0.3010293 0.0914502
v -0.1324734 0.3159368 0.0941662
v -0.1324345 0.3141037 0.0939512
v -0.1326699 0.3124429 0.0929937
v -0.1326258 0.3045215 0.0920252
v -0.1324080 0.3027304 0.0924803
v -0.1324544 0.3008538 0.0923296
v -0.1308939 0.3155479 0.0944122
v -0.1307626 0.3138941 0.0939462
v -0.1306604 0.3029070 0.0926396
v -0.1308223 0.3011867 0.0926474
v -0.1290043 0.3150410 0.0960052
v -0.1297387 0.3131425 0.0948410
v -0.1291621 0.3113508 0.0947650
v -0.1291244 0.3052033 0.0940429
v -0.1296612 0.3034623 0.0936603
v -0.1289603 0.3013098 0.0943031
v -0.1274389 0.3143647 0.0956345
v -0.1273704 0.3020776 0.0941323
v -0.1390190 0.3092531 0.0874825
v -0.1392757 0.3082005 0.0879489
v -0.1371651 0.3156585 0.0891267
v -0.1380514 0.3146268 0.0885941
v -0.1387684 0.3123872 0.0878449
v -0.1389786 0.3107415 0.0876867
v -0.1388786 0.3075922 0.0871010
v -0.1388168 0.3055607 0.0872568
v -0.1379761 0.3033988 0.0871796
v -0.1371832 0.3022721 0.0876861
v -0.1363765 0.3160075 0.0898043
v -0.1359203 0.3142246 0.0900778
v -0.1354998 0.3118019 0.0894501
v -0.1349992 0.3110192 0.0893580
v -0.1349792 0.3067482 0.0888221
v -0.1354560 0.3059815 0.0887319
v -0.1358604 0.3034592 0.0887616
v -0.1360414 0.3017545 0.0879532
v -0.1338745 0.3159865 0.0907899
v -0.1341167 0.3140722 0.0913858
v -0.1346695 0.3118574 0.0902963
v -0.1349441 0.3109249 0.0895787
v -0.1349211 0.3067925 0.0890734
v -0.1346299 0.3057236 0.0895504
v -0.1341667 0.3031607 0.0899315
v -0.1338177 0.3015523 0.0890189
v -0.1325379 0.3158417 0.0920745
v -0.1327597 0.3138079 0.0924689
v -0.1323824 0.3125253 0.0924910
v -0.1323381 0.3045658 0.0915179
v -0.1328259 0.3034420 0.0911239
v -0.1324573 0.3014490 0.0902759
v -0.1301115 0.3155762 0.0931932
v -0.1312289 0.3140697 0.0932742
v -0.1311666 0.3028910 0.0919075
v -0.1300446 0.3014600 0.0914624
v -0.1286248 0.3151956 0.0941733
v -0.1275165 0.3148602 0.0936565
v -0.1273730 0.3021041 0.0922075
v -0.1283879 0.3016905 0.0922018
v -0.1265625 0.3139110 0.0946566
v -0.1264908 0.3027762 0.0933443
v -0.1362796 0.3159562 0.0870657
v -0.1370263 0.3145603 0.0867797
v -0.1366267 0.3121242 0.0862220
v -0.1372380 0.3111014 0.0857568
v -0.1372699 0.3073798 0.0852696
v -0.1366005 0.3064232 0.0855237
v -0.1369380 0.3038644 0.0854851
v -0.1362351 0.3024792 0.0855231
v -0.1346902 0.3161507 0.0876534
v -0.1362177 0.3136605 0.0875683
v -0.1358948 0.3123470 0.0869552
v -0.1358956 0.3058337 0.0863296
v -0.1361673 0.3046079 0.0864615
v -0.1348503 0.3021027 0.0860001
v -0.1335400 0.3161643 0.0888063
v -0.1334206 0.3018700 0.0871324
v -0.1311463 0.3161274 0.0896058
v -0.1310931 0.3017851 0.0877673
v -0.1295355 0.3157965 0.0908905
v -0.1294757 0.3018064 0.0891730
v -0.1282159 0.3153957 0.0920833
v -0.1281735 0.3019172 0.0903917
v -0.1355791 0.3161724 0.0856258
v -0.1364554 0.3151378 0.0850982
v -0.1363471 0.3119228 0.0855263
v -0.1364520 0.3111927 0.0852629
v -0.1364259 0.3074306 0.0848053
v -0.1362740 0.3068065 0.0849632
v -0.1363503 0.3036935 0.0837179
v -0.1355672 0.3026896 0.0839487
v -0.1343836 0.3162326 0.0862588
v -0.1342126 0.3159803 0.0853413
v -0.1357244 0.3115978 0.0859683
v -0.1356542 0.3113514 0.0859577
v -0.1356313 0.3072431 0.0854554
v -0.1356988 0.3070006 0.0854063
v -0.1342042 0.3028959 0.0838630
v -0.1343373 0.3024139 0.0846378
v -0.1324079 0.3164157 0.0866745
v -0.1323448 0.3021691 0.0850265
v -0.1303370 0.3163254 0.0875077
v -0.1302455 0.3020924 0.0858389
v -0.1281629 0.3158590 0.0887579
v -0.1281078 0.3022665 0.0871479
v -0.1345702 0.3163818 0.0834986
v -0.1353279 0.3153889 0.0827495
v -0.1361140 0.3132750 0.0823212
v -0.1365650 0.3104601 0.0823330
v -0.1365256 0.3082951 0.0820806
v -0.1361048 0.3061251 0.0815276
v -0.1352917 0.3040893 0.0814033
v -0.1345129 0.3030805 0.0816281
v -0.1334762 0.3165593 0.0840048
v -0.1333350 0.3161066 0.0838030
v -0.1329875 0.3032482 0.0817435
v -0.1335138 0.3026890 0.0822981
v -0.1314879 0.3165478 0.0850479
v -0.1313652 0.3025296 0.0830040
v -0.1294942 0.3165173 0.0854830
v -0.1294256 0.3024020 0.0838014
v -0.1276219 0.3161504 0.0862957
v -0.1276979 0.3025482 0.0848793
v -0.1336200 0.3165165 0.0815766
v -0.1345138 0.3155062 0.0810525
v -0.1352752 0.3131766 0.0804247
v -0.1354688 0.3107056 0.0800320
v -0.1354322 0.3086608 0.0797929
v -0.1351780 0.3063762 0.0796193
v -0.1344088 0.3043350 0.0797057
v -0.1325614 0.3168348 0.0820043
v -0.1320597 0.3163236 0.0818745
v -0.1318329 0.3034871 0.0800269
v -0.1327280 0.3029352 0.0804662
v -0.1303592 0.3166960 0.0832245
v -0.1302809 0.3027730 0.0815220
v -0.1286181 0.3166298 0.0841307
v -0.1284744 0.3026713 0.0821865
v -0.1270978 0.3164101 0.0842120
v -0.1271835 0.3027582 0.0832111
v -0.1332642 0.3157957 0.0788113
v -0.1342993 0.3138583 0.0786816
v -0.1343092 0.3114128 0.0778105
v -0.1342979 0.3090433 0.0775200
v -0.1342425 0.3067396 0.0777248
v -0.1332602 0.3047293 0.0774329
v -0.1314951 0.3170128 0.0797924
v -0.1313960 0.3164509 0.0800125
v -0.1316095 0.3037319 0.0784845
v -0.1315118 0.3032585 0.0782825
v -0.1297300 0.3167929 0.0810711
v -0.1296534 0.3032053 0.0794097
v -0.1274511 0.3167512 0.0818514
v -0.1273244 0.3031003 0.0801117
v -0.1269054 0.3165551 0.0829582
v -0.1268367 0.3030050 0.0813481
v -0.1324321 0.3157609 0.0769953
v -0.1330682 0.3141147 0.0763826
v -0.1332317 0.3119347 0.0758943
v -0.1331632 0.3092833 0.0754545
v -0.1330238 0.3070601 0.0754575
v -0.1323650 0.3050804 0.0757441
v -0.1303259 0.3170955 0.0779653
v -0.1304937 0.3166119 0.0778969
v -0.1306672 0.3041778 0.0763820
v -0.1304609 0.3036317 0.0765756
v -0.1283650 0.3168712 0.0789968
v -0.1286173 0.3167566 0.0782529
v -0.1285579 0.3039396 0.0766649
v -0.1283004 0.3036504 0.0773612
v -0.1272799 0.3168491 0.0800006
v -0.1272404 0.3034460 0.0782867
v -0.1313863 0.3158149 0.0754210
v -0.1319863 0.3140237 0.0746173
v -0.1322673 0.3119616 0.0743322
v -0.1322302 0.3096333 0.0740024
v -0.1319506 0.3074204 0.0738113
v -0.1313302 0.3054905 0.0741683
v -0.1295367 0.3171158 0.0770459
v -0.1297527 0.3166501 0.0761356
v -0.1296436 0.3045711 0.0745689
v -0.1294505 0.3038959 0.0754068
v -0.1286161 0.3165908 0.0773312
v -0.1285539 0.3043139 0.0758255
v -0.1304106 0.3153514 0.0739947
v -0.1305735 0.3139504 0.0731879
v -0.1307707 0.3120679 0.0726496
v -0.1307480 0.3099868 0.0723720
v -0.1305405 0.3078460 0.0724431
v -0.1303611 0.3062938 0.0728898
v -0.1287428 0.3159496 0.0743082
v -0.1287853 0.3147305 0.0730685
v -0.1288344 0.3071699 0.0721270
v -0.1285632 0.3057160 0.0729972
v -0.1294612 0.3120113 0.0718083
v -0.1294398 0.3103160 0.0715801
v -0.1277744 0.3140838 0.0726019
v -0.1281769 0.3123514 0.0718049
v -0.1281621 0.3100176 0.0714916
v -0.1277343 0.3079132 0.0718365
v -0.1271801 0.3136241 0.0724089
v -0.1269874 0.3121431 0.0718955
v -0.1269738 0.3099663 0.0716267
v -0.1271316 0.3085006 0.0717466
v -0.1271031 0.3168239 0.0799574
v -0.1275860 0.3168780 0.0787948
v -0.1264177 0.3164982 0.0825108
v -0.1268376 0.3166732 0.0818096
v -0.1269047 0.3162833 0.0846985
v -0.1274077 0.3160023 0.0868636
v -0.1275422 0.3157429 0.0885732
v -0.1280471 0.3153730 0.0919209
v -0.1238922 0.3151415 0.0770271
v -0.1253508 0.3153860 0.0759896
v -0.1272054 0.3155608 0.0752375
v -0.1283731 0.3154972 0.0748553
v -0.1226602 0.3148739 0.0797114
v -0.1238471 0.3155153 0.0784405
v -0.1260570 0.3163389 0.0777089
v -0.1279823 0.3164575 0.0769685
v -0.1289124 0.3161394 0.0760858
v -0.1228914 0.3149629 0.0815584
v -0.1247436 0.3161145 0.0805956
v -0.1264833 0.3167029 0.0793586
v -0.1278112 0.3168300 0.0783029
v -0.1225261 0.3140700 0.0837713
v -0.1233280 0.3149216 0.0833038
v -0.1252601 0.3161366 0.0825559
v -0.1233069 0.3139935 0.0860488
v -0.1243943 0.3150253 0.0856867
v -0.1259183 0.3159356 0.0850763
v -0.1237969 0.3136330 0.0880490
v -0.1255457 0.3151442 0.0876331
v -0.1248368 0.3138916 0.0901403
v -0.1260225 0.3149269 0.0896757
v -0.1255510 0.3138050 0.0921403
v -0.1267837 0.3148769 0.0917689
v -0.1261822 0.3137303 0.0940045
v -0.1272724 0.3148392 0.0931273
v -0.1245720 0.3133308 0.0741729
v -0.1264686 0.3134084 0.0733147
v -0.1274767 0.3131722 0.0728925
v -0.1217676 0.3132248 0.0774987
v -0.1229314 0.3138635 0.0763447
v -0.1247176 0.3142661 0.0749498
v -0.1268502 0.3145051 0.0740740
v -0.1278010 0.3142708 0.0735999
v -0.1208211 0.3123954 0.0804033
v -0.1216180 0.3136137 0.0791674
v -0.1225759 0.3145565 0.0782281
v -0.1212632 0.3129796 0.0817700
v -0.1218233 0.3139878 0.0812381
v -0.1217230 0.3129596 0.0834448
v -0.1225104 0.3126906 0.0859665
v -0.1231806 0.3123991 0.0880994
v -0.1239046 0.3122698 0.0901567
v -0.1245498 0.3120732 0.0920964
v -0.1249271 0.3108680 0.0940529
v -0.1252301 0.3120677 0.0940303
v -0.1228584 0.3116338 0.0747184
v -0.1243746 0.3121260 0.0737194
v -0.1263965 0.3121505 0.0727916
v -0.1273409 0.3121188 0.0725295
v -0.1212664 0.3112561 0.0769455
v -0.1221584 0.3117023 0.0756073
v -0.1205028 0.3109393 0.0799089
v -0.1207511 0.3113729 0.0785287
v -0.1206540 0.3105704 0.0820166
v -0.1211135 0.3107929 0.0834829
v -0.1220463 0.3106549 0.0861457
v -0.1232674 0.3100774 0.0896761
v -0.1242302 0.3093043 0.0924713
v -0.1246840 0.3095434 0.0937147
v -0.1228776 0.3096886 0.0744685
v -0.1244000 0.3096635 0.0733752
v -0.1263773 0.3098428 0.0724997
v -0.1273344 0.3097978 0.0722574
v -0.1213001 0.3093868 0.0766902
v -0.1221792 0.3092940 0.0753206
v -0.1205192 0.3089839 0.0797008
v -0.1207711 0.3088992 0.0782380
v -0.1206831 0.3087716 0.0818580
v -0.1211271 0.3081685 0.0831364
v -0.1220384 0.3078071 0.0857684
v -0.1232986 0.3074152 0.0894286
v -0.1241215 0.3074464 0.0919160
v -0.1246776 0.3070591 0.0934032
v -0.1246550 0.3083101 0.0734846
v -0.1264408 0.3083937 0.0727020
v -0.1274859 0.3085299 0.0723881
v -0.1217363 0.3076152 0.0768129
v -0.1228946 0.3072606 0.0755374
v -0.1244775 0.3072311 0.0741733
v -0.1268093 0.3071425 0.0731745
v -0.1278094 0.3073410 0.0728373
v -0.1207952 0.3077308 0.0798330
v -0.1215803 0.3068375 0.0783389
v -0.1225290 0.3061382 0.0771988
v -0.1212290 0.3068297 0.0810181
v -0.1217786 0.3059733 0.0802582
v -0.1216867 0.3064406 0.0826477
v -0.1224736 0.3060856 0.0851590
v -0.1231441 0.3058473 0.0872984
v -0.1238668 0.3054691 0.0893253
v -0.1245114 0.3051855 0.0912543
v -0.1248993 0.3058797 0.0934431
v -0.1251892 0.3047175 0.0931317
v -0.1238404 0.3058454 0.0758906
v -0.1252833 0.3057961 0.0748783
v -0.1271513 0.3058338 0.0740490
v -0.1282868 0.3060229 0.0736494
v -0.1226079 0.3054720 0.0785619
v -0.1237894 0.3051426 0.0771723
v -0.1259156 0.3045062 0.0762935
v -0.1279125 0.3044972 0.0755775
v -0.1288716 0.3051044 0.0746685
v -0.1228355 0.3049380 0.0803327
v -0.1246763 0.3040320 0.0791183
v -0.1263652 0.3037437 0.0778095
v -0.1277312 0.3038527 0.0767292
v -0.1224771 0.3052755 0.0826960
v -0.1232703 0.3045529 0.0820361
v -0.1251898 0.3035327 0.0810149
v -0.1232556 0.3047925 0.0849238
v -0.1243322 0.3038665 0.0843224
v -0.1258469 0.3031134 0.0835087
v -0.1237468 0.3046551 0.0869513
v -0.1254795 0.3032695 0.0861813
v -0.1247811 0.3038889 0.0889174
v -0.1259560 0.3029831 0.0882155
v -0.1254935 0.3034832 0.0908784
v -0.1267149 0.3025191 0.0902580
v -0.1261571 0.3030693 0.0926918
v -0.1272138 0.3022159 0.0915666
v -0.1269573 0.3034570 0.0784370
v -0.1274913 0.3036835 0.0772233
v -0.1263436 0.3031800 0.0808825
v -0.1267649 0.3031672 0.0802107
v -0.1268501 0.3028403 0.0831884
v -0.1273211 0.3025987 0.0853088
v -0.1275522 0.3024122 0.0869971
v -0.1279178 0.3019979 0.0903669
v -0.1385505 0.2814866 0.1871714
v -0.1384950 0.2715115 0.1859518
v -0.1364141 0.2813601 0.1876616
v -0.1363594 0.2715396 0.1864609
v -0.1321482 0.2816513 0.1880253
v -0.1320901 0.2712162 0.1867495
v -0.1286868 0.2813022 0.1886620
v -0.1291153 0.2795974 0.1882226
v -0.1290579 0.2731853 0.1874343
v -0.1286311 0.2714427 0.1874593
v -0.1249656 0.2817305 0.1873064
v -0.1249080 0.2713914 0.1860423
v -0.1234320 0.2817610 0.1861290
v -0.1233757 0.2716623 0.1848944
v -0.1395381 0.2818036 0.1854293
v -0.1394813 0.2716127 0.1841834
v -0.1358241 0.2822410 0.1844705
v -0.1357640 0.2714599 0.1831524
v -0.1328508 0.2821426 0.1855692
v -0.1327905 0.2713234 0.1842464
v -0.1290632 0.2821972 0.1852759
v -0.1290030 0.2713827 0.1839537
v -0.1264389 0.2823688 0.1838527
v -0.1263789 0.2715877 0.1825346
v -0.1221846 0.2820683 0.1839656
v -0.1221280 0.2718989 0.1827223
v -0.1423082 0.2822364 0.1806805
v -0.1422442 0.2797424 0.1805973
v -0.1422054 0.2747580 0.1800650
v -0.1422529 0.2723064 0.1794665
v -0.1416350 0.2825073 0.1820319
v -0.1409187 0.2785163 0.1813085
v -0.1409612 0.2757993 0.1810587
v -0.1415750 0.2717252 0.1807137
v -0.1374692 0.2825725 0.1818428
v -0.1374089 0.2717533 0.1805200
v -0.1251557 0.2827435 0.1810050
v -0.1250954 0.2719243 0.1796822
v -0.1209492 0.2828094 0.1805530
v -0.1214536 0.2786880 0.1798494
v -0.1215269 0.2761317 0.1794309
v -0.1208891 0.2720154 0.1792333
v -0.1205206 0.2825440 0.1794980
v -0.1205091 0.2800032 0.1791279
v -0.1204889 0.2750548 0.1783454
v -0.1204648 0.2725317 0.1782739
v -0.1424273 0.2824733 0.1787369
v -0.1423789 0.2799746 0.1787030
v -0.1423546 0.2749593 0.1781213
v -0.1423720 0.2725433 0.1775228
v -0.1419845 0.2830030 0.1776610
v -0.1411032 0.2790200 0.1776905
v -0.1412017 0.2761860 0.1772769
v -0.1419249 0.2722934 0.1763516
v -0.1379680 0.2830094 0.1782472
v -0.1379078 0.2721901 0.1769244
v -0.1251692 0.2831911 0.1773437
v -0.1251089 0.2723718 0.1760209
v -0.1213322 0.2833697 0.1763275
v -0.1217783 0.2792188 0.1762609
v -0.1218010 0.2765021 0.1759435
v -0.1212716 0.2724854 0.1749968
v -0.1206328 0.2827729 0.1775744
v -0.1206539 0.2802932 0.1771101
v -0.1206369 0.2753187 0.1764209
v -0.1205771 0.2727719 0.1763517
v -0.1409698 0.2834179 0.1741209
v -0.1409104 0.2727547 0.1728172
v -0.1363621 0.2834408 0.1747911
v -0.1363019 0.2726216 0.1734683
v -0.1354174 0.2835715 0.1737657
v -0.1353572 0.2727522 0.1724429
v -0.1283796 0.2836745 0.1732434
v -0.1283194 0.2728553 0.1719206
v -0.1272836 0.2835727 0.1741259
v -0.1272233 0.2727534 0.1728031
v -0.1227890 0.2836844 0.1724729
v -0.1227299 0.2730940 0.1711797
v -0.1407373 0.2832389 0.1717574
v -0.1408551 0.2802368 0.1701417
v -0.1407949 0.2765690 0.1697512
v -0.1406789 0.2734891 0.1705693
v -0.1357144 0.2834517 0.1713769
v -0.1357978 0.2804422 0.1696586
v -0.1357774 0.2767743 0.1692102
v -0.1356586 0.2734406 0.1701529
v -0.1355643 0.2834601 0.1713735
v -0.1356504 0.2804573 0.1696207
v -0.1356299 0.2767704 0.1691699
v -0.1355085 0.2734349 0.1701478
v -0.1285931 0.2835194 0.1707269
v -0.1286295 0.2812890 0.1692990
v -0.1286007 0.2761179 0.1686668
v -0.1285380 0.2736097 0.1695154
v -0.1284507 0.2833844 0.1705930
v -0.1282509 0.2809881 0.1691575
v -0.1282269 0.2764460 0.1686028
v -0.1283972 0.2737745 0.1694180
v -0.1230406 0.2837037 0.1704929
v -0.1237986 0.2808779 0.1687565
v -0.1238690 0.2765645 0.1682530
v -0.1229841 0.2735477 0.1692508
v -0.1304086 0.2806655 0.1683904
v -0.1340511 0.2806081 0.1686808
v -0.1303707 0.2769128 0.1679820
v -0.1340471 0.2768770 0.1682521
v -0.1250713 0.2864568 0.1658232
v -0.1271799 0.2868811 0.1665782
v -0.1304040 0.2870640 0.1671573
v -0.1340935 0.2874622 0.1674460
v -0.1381730 0.2877866 0.1674016
v -0.1406948 0.2868161 0.1675463
v -0.1215458 0.2832288 0.1652210
v -0.1231686 0.2846215 0.1661042
v -0.1264520 0.2846429 0.1665206
v -0.1306425 0.2848271 0.1675562
v -0.1338053 0.2848996 0.1678716
v -0.1384594 0.2845294 0.1673281
v -0.1419255 0.2843546 0.1672979
v -0.1213601 0.2816555 0.1652826
v -0.1232948 0.2813711 0.1661765
v -0.1259942 0.2809126 0.1664836
v -0.1301894 0.2810546 0.1668512
v -0.1343763 0.2810626 0.1670978
v -0.1387338 0.2802662 0.1673001
v -0.1416668 0.2808914 0.1672781
v -0.1213174 0.2774837 0.1645536
v -0.1235042 0.2773135 0.1656610
v -0.1258992 0.2771931 0.1660766
v -0.1301909 0.2769274 0.1663111
v -0.1343452 0.2767938 0.1665905
v -0.1386888 0.2774969 0.1669547
v -0.1416603 0.2768788 0.1666123
v -0.1214697 0.2753314 0.1643844
v -0.1230282 0.2737247 0.1646982
v -0.1263508 0.2735740 0.1651656
v -0.1306443 0.2734733 0.1662323
v -0.1337129 0.2733347 0.1665409
v -0.1383942 0.2733226 0.1659834
v -0.1420000 0.2733408 0.1661446
v -0.1249903 0.2719591 0.1640105
v -0.1271299 0.2712818 0.1645482
v -0.1303803 0.2709234 0.1650281
v -0.1339733 0.2705566 0.1653863
v -0.1379441 0.2701319 0.1652158
v -0.1406053 0.2710217 0.1656324
v -0.1279625 0.2869110 0.1641503
v -0.1329979 0.2885106 0.1631686
v -0.1402045 0.2873904 0.1640752
v -0.1235510 0.2846974 0.1615038
v -0.1260384 0.2862923 0.1641756
v -0.1298104 0.2844469 0.1642016
v -0.1353598 0.2843657 0.1646134
v -0.1427794 0.2838944 0.1643694
v -0.1224393 0.2821751 0.1607925
v -0.1281439 0.2821600 0.1637963
v -0.1292316 0.2826943 0.1639440
v -0.1359189 0.2825963 0.1644403
v -0.1370006 0.2820303 0.1644536
v -0.1432400 0.2818978 0.1642544
v -0.1216014 0.2797922 0.1603147
v -0.1222281 0.2796703 0.1612764
v -0.1281130 0.2766035 0.1631169
v -0.1291946 0.2760375 0.1631302
v -0.1358819 0.2759396 0.1636264
v -0.1369696 0.2764739 0.1637742
v -0.1432199 0.2772365 0.1633595
v -0.1297537 0.2742682 0.1629571
v -0.1353031 0.2741870 0.1633689
v -0.1427550 0.2745978 0.1636731
v -0.1402557 0.2716247 0.1617402
v -0.1280787 0.2877757 0.1597840
v -0.1309842 0.2882573 0.1601127
v -0.1335709 0.2885164 0.1608970
v -0.1387038 0.2886116 0.1611551
v -0.1411922 0.2879049 0.1594962
v -0.1219802 0.2835579 0.1599328
v -0.1237802 0.2854723 0.1591763
v -0.1264003 0.2867835 0.1604840
v -0.1430945 0.2849863 0.1592127
v -0.1217909 0.2819752 0.1598806
v -0.1227923 0.2825691 0.1576895
v -0.1432494 0.2816910 0.1592708
v -0.1217838 0.2786856 0.1589008
v -0.1225394 0.2800880 0.1578500
v -0.1432032 0.2782036 0.1587992
v -0.1219393 0.2762258 0.1590364
v -0.1229727 0.2745540 0.1586151
v -0.1430440 0.2747891 0.1578926
v -0.1251947 0.2728093 0.1579765
v -0.1277999 0.2719038 0.1573982
v -0.1308894 0.2712524 0.1575174
v -0.1335807 0.2708477 0.1581995
v -0.1386049 0.2708434 0.1589828
v -0.1411024 0.2718996 0.1575394
v -0.1259568 0.2878781 0.1539556
v -0.1341464 0.2893171 0.1560454
v -0.1390049 0.2891222 0.1563104
v -0.1407092 0.2889099 0.1558253
v -0.1240676 0.2857648 0.1547024
v -0.1262878 0.2872714 0.1538835
v -0.1437972 0.2838457 0.1574959
v -0.1223108 0.2817653 0.1546613
v -0.1230776 0.2831021 0.1547087
v -0.1437653 0.2827076 0.1571843
v -0.1222950 0.2797644 0.1542005
v -0.1227866 0.2794193 0.1544355
v -0.1437147 0.2782618 0.1563790
v -0.1235720 0.2753767 0.1532383
v -0.1437652 0.2762796 0.1566721
v -0.1258764 0.2734295 0.1521891
v -0.1325786 0.2727401 0.1541281
v -0.1351143 0.2718228 0.1541158
v -0.1385661 0.2717057 0.1542078
v -0.1405218 0.2715946 0.1553652
v -0.1284500 0.2885459 0.1531782
v -0.1313121 0.2890128 0.1533615
v -0.1337414 0.2891714 0.1537431
v -0.1239853 0.2846932 0.1517712
v -0.1271491 0.2876897 0.1535787
v -0.1440579 0.2845254 0.1530455
v -0.1231797 0.2825224 0.1501384
v -0.1437919 0.2821032 0.1526606
v -0.1230641 0.2801825 0.1496069
v -0.1438372 0.2792954 0.1510849
v -0.1261254 0.2756685 0.1518945
v -0.1266237 0.2757615 0.1511111
v -0.1440917 0.2768012 0.1503964
v -0.1281325 0.2726862 0.1512981
v -0.1311940 0.2720974 0.1513096
v -0.1336169 0.2717875 0.1516253
v -0.1266801 0.2886175 0.1484699
v -0.1340741 0.2892500 0.1496470
v -0.1407913 0.2889921 0.1495861
v -0.1418229 0.2887615 0.1512895
v -0.1247129 0.2864766 0.1484115
v -0.1275435 0.2883456 0.1472855
v -0.1434629 0.2861968 0.1509453
v -0.1239027 0.2829481 0.1469909
v -0.1439138 0.2833051 0.1495389
v -0.1237577 0.2802705 0.1466885
v -0.1438946 0.2792305 0.1489772
v -0.1245835 0.2761160 0.1471438
v -0.1278063 0.2762211 0.1472980
v -0.1434034 0.2755952 0.1496422
v -0.1265989 0.2740256 0.1466859
v -0.1407036 0.2732383 0.1476603
v -0.1416074 0.2729671 0.1490880
v -0.1282288 0.2894070 0.1451789
v -0.1320360 0.2894509 0.1464477
v -0.1349548 0.2900505 0.1465762
v -0.1393875 0.2902814 0.1467521
v -0.1412496 0.2899596 0.1468251
v -0.1256664 0.2870547 0.1448930
v -0.1273966 0.2882466 0.1435453
v -0.1244370 0.2839427 0.1445001
v -0.1243367 0.2799096 0.1438351
v -0.1254842 0.2765726 0.1434549
v -0.1290784 0.2761094 0.1430287
v -0.1444283 0.2778056 0.1436438
v -0.1277023 0.2740876 0.1432818
v -0.1355070 0.2726753 0.1443820
v -0.1394570 0.2726824 0.1446100
v -0.1411920 0.2730302 0.1441690
v -0.1291598 0.2899456 0.1415475
v -0.1321593 0.2905785 0.1416324
v -0.1360081 0.2907572 0.1419218
v -0.1394385 0.2909418 0.1416828
v -0.1421670 0.2898222 0.1436495
v -0.1262531 0.2879720 0.1421683
v -0.1280724 0.2876428 0.1416594
v -0.1316043 0.2859594 0.1399875
v -0.1439344 0.2871641 0.1429739
v -0.1279170 0.2855994 0.1401170
v -0.1442586 0.2840716 0.1418074
v -0.1277565 0.2800828 0.1396397
v -0.1442972 0.2802644 0.1411829
v -0.1261887 0.2761501 0.1407223
v -0.1282399 0.2767154 0.1396010
v -0.1438797 0.2766972 0.1415335
v -0.1290515 0.2743311 0.1397071
v -0.1319465 0.2736367 0.1396324
v -0.1356033 0.2735961 0.1394365
v -0.1392631 0.2732645 0.1395147
v -0.1420777 0.2738475 0.1416965
v -0.1302954 0.2904576 0.1383675
v -0.1325738 0.2904921 0.1392048
v -0.1364734 0.2904501 0.1394223
v -0.1396875 0.2906826 0.1386194
v -0.1426865 0.2905400 0.1382725
v -0.1296817 0.2868069 0.1378043
v -0.1322143 0.2881218 0.1389435
v -0.1364799 0.2891507 0.1384660
v -0.1394363 0.2895115 0.1379759
v -0.1447638 0.2864504 0.1378480
v -0.1290745 0.2859599 0.1372034
v -0.1447678 0.2858775 0.1371507
v -0.1439908 0.2801452 0.1373364
v -0.1292271 0.2762952 0.1366658
v -0.1319276 0.2755054 0.1377800
v -0.1398561 0.2754324 0.1363080
v -0.1447423 0.2785439 0.1363605
v -0.1302400 0.2746862 0.1362703
v -0.1324963 0.2743914 0.1370304
v -0.1363026 0.2741939 0.1374815
v -0.1395832 0.2742091 0.1366299
v -0.1425754 0.2744325 0.1362421
v -0.1291481 0.2909661 0.1347774
v -0.1409789 0.2907794 0.1357895
v -0.1429754 0.2904910 0.1357555
v -0.1292697 0.2897423 0.1344439
v -0.1382132 0.2891569 0.1366065
v -0.1411725 0.2897240 0.1349974
v -0.1441022 0.2885375 0.1357121
v -0.1445729 0.2849877 0.1348735
v -0.1417625 0.2801496 0.1343071
v -0.1443657 0.2804388 0.1343569
v -0.1279552 0.2759429 0.1326741
v -0.1415078 0.2760472 0.1339660
v -0.1442636 0.2771626 0.1341300
v -0.1291914 0.2750539 0.1327535
v -0.1408183 0.2747572 0.1338599
v -0.1428822 0.2751393 0.1336722
v -0.1291406 0.2913658 0.1310120
v -0.1350195 0.2918238 0.1330670
v -0.1411946 0.2911373 0.1321803
v -0.1429776 0.2905628 0.1335181
v -0.1293922 0.2902347 0.1306643
v -0.1409058 0.2900694 0.1314919
v -0.1437907 0.2889632 0.1329381
v -0.1436902 0.2861021 0.1319318
v -0.1421360 0.2804031 0.1322163
v -0.1441190 0.2814060 0.1324892
v -0.1281068 0.2763708 0.1291675
v -0.1419546 0.2761731 0.1301542
v -0.1443561 0.2773345 0.1320112
v -0.1292959 0.2754991 0.1290359
v -0.1349234 0.2745527 0.1309554
v -0.1409876 0.2753477 0.1302999
v -0.1430476 0.2753914 0.1316750
v -0.1307893 0.2916318 0.1282570
v -0.1336111 0.2918841 0.1270788
v -0.1375482 0.2918302 0.1274809
v -0.1399864 0.2914086 0.1288492
v -0.1304782 0.2908933 0.1277000
v -0.1334649 0.2905129 0.1273043
v -0.1374821 0.2904284 0.1274071
v -0.1408635 0.2898303 0.1278082
v -0.1380270 0.2862121 0.1259685
v -0.1404862 0.2860503 0.1276597
v -0.1384884 0.2806585 0.1252220
v -0.1409094 0.2812280 0.1261143
v -0.1301931 0.2767606 0.1258841
v -0.1329242 0.2769375 0.1243123
v -0.1379956 0.2768636 0.1246862
v -0.1401800 0.2766447 0.1263772
v -0.1306580 0.2760528 0.1263258
v -0.1333450 0.2759341 0.1253083
v -0.1371283 0.2758479 0.1255661
v -0.1397768 0.2758840 0.1270090
v -0.1349889 0.2913431 0.1258147
v -0.1366614 0.2913133 0.1259827
v -0.1348494 0.2912068 0.1257608
v -0.1381894 0.2905201 0.1256636
v -0.1411648 0.2896550 0.1250461
v -0.1380461 0.2859084 0.1254326
v -0.1407346 0.2871203 0.1253819
v -0.1386938 0.2809498 0.1246053
v -0.1409815 0.2815052 0.1242849
v -0.1348937 0.2769638 0.1240079
v -0.1364830 0.2769346 0.1241748
v -0.1348926 0.2766819 0.1240476
v -0.1360782 0.2766655 0.1241281
v -0.1429968 0.2909598 0.1319427
v -0.1444228 0.2887599 0.1314902
v -0.1446818 0.2851361 0.1310115
v -0.1446610 0.2812162 0.1305321
v -0.1443460 0.2776898 0.1301387
v -0.1428298 0.2755289 0.1300664
v -0.1416251 0.2916154 0.1321983
v -0.1412452 0.2875233 0.1317436
v -0.1412214 0.2832500 0.1312212
v -0.1411977 0.2789767 0.1306987
v -0.1414366 0.2748535 0.1301612
v -0.1426404 0.2910433 0.1307933
v -0.1437922 0.2893706 0.1305344
v -0.1442893 0.2856052 0.1296444
v -0.1442689 0.2814111 0.1291088
v -0.1437182 0.2774245 0.1290752
v -0.1424839 0.2757638 0.1289151
v -0.1411093 0.2916725 0.1300223
v -0.1410174 0.2753403 0.1281333
v -0.1419501 0.2912410 0.1273282
v -0.1430906 0.2897611 0.1270050
v -0.1435583 0.2860126 0.1261736
v -0.1436674 0.2814071 0.1258932
v -0.1430247 0.2779264 0.1255581
v -0.1418675 0.2764247 0.1255168
v -0.1396286 0.2919177 0.1274509
v -0.1395225 0.2757463 0.1255157
v -0.1362892 0.2921318 0.1264339
v -0.1362653 0.2757812 0.1245184
v -0.1319047 0.2919152 0.1269094
v -0.1317862 0.2759110 0.1250646
v -0.1300264 0.2915730 0.1273743
v -0.1291446 0.2902590 0.1270295
v -0.1302643 0.2837222 0.1278582
v -0.1294073 0.2776372 0.1256182
v -0.1299536 0.2762214 0.1254813
v -0.1412783 0.2915998 0.1235827
v -0.1424705 0.2899301 0.1232423
v -0.1431565 0.2864594 0.1228966
v -0.1431814 0.2824674 0.1225202
v -0.1424078 0.2786756 0.1218663
v -0.1411969 0.2769862 0.1217961
v -0.1392663 0.2919968 0.1234893
v -0.1408373 0.2912682 0.1236449
v -0.1407595 0.2772979 0.1219369
v -0.1393424 0.2766849 0.1214342
v -0.1352064 0.2920105 0.1252494
v -0.1346283 0.2761661 0.1237717
v -0.1334083 0.2919354 0.1258614
v -0.1332307 0.2761831 0.1239547
v -0.1289842 0.2913430 0.1262338
v -0.1278734 0.2904739 0.1251063
v -0.1277938 0.2778617 0.1235903
v -0.1288875 0.2767311 0.1244348
v -0.1259808 0.2890922 0.1237305
v -0.1251249 0.2869690 0.1237882
v -0.1251011 0.2821782 0.1232050
v -0.1259239 0.2795328 0.1225826
v -0.1417781 0.2902193 0.1194998
v -0.1424789 0.2866249 0.1190667
v -0.1425002 0.2831202 0.1185842
v -0.1417173 0.2793041 0.1181653
v -0.1385377 0.2922794 0.1197750
v -0.1398144 0.2916265 0.1199057
v -0.1397377 0.2778622 0.1182229
v -0.1384542 0.2772741 0.1179405
v -0.1353766 0.2922872 0.1202148
v -0.1351863 0.2772291 0.1182937
v -0.1313083 0.2921614 0.1210041
v -0.1302717 0.2917872 0.1202091
v -0.1308285 0.2777463 0.1181209
v -0.1312248 0.2771718 0.1191715
v -0.1292807 0.2919457 0.1214835
v -0.1279467 0.2910433 0.1209799
v -0.1278758 0.2782997 0.1194218
v -0.1291990 0.2772879 0.1196914
v -0.1254001 0.2886110 0.1220665
v -0.1250751 0.2867939 0.1219352
v -0.1250805 0.2824052 0.1213390
v -0.1253428 0.2804326 0.1210989
v -0.1411675 0.2904266 0.1157431
v -0.1419254 0.2870830 0.1154744
v -0.1418786 0.2835833 0.1149270
v -0.1411095 0.2800147 0.1144701
v -0.1379394 0.2926784 0.1161569
v -0.1389049 0.2921089 0.1161343
v -0.1388281 0.2783126 0.1144476
v -0.1378563 0.2777651 0.1143335
v -0.1350290 0.2926907 0.1163296
v -0.1338294 0.2923174 0.1164239
v -0.1337502 0.2780963 0.1146852
v -0.1349458 0.2777435 0.1145021
v -0.1308979 0.2926469 0.1168560
v -0.1309418 0.2921531 0.1168033
v -0.1308641 0.2781959 0.1150969
v -0.1308147 0.2777046 0.1150291
v -0.1289411 0.2923363 0.1171092
v -0.1271421 0.2910829 0.1171278
v -0.1270759 0.2791981 0.1156747
v -0.1288611 0.2779664 0.1153523
v -0.1251979 0.2892338 0.1182044
v -0.1245895 0.2872507 0.1178639
v -0.1246308 0.2829979 0.1172033
v -0.1251507 0.2807546 0.1171677
v -0.1405965 0.2905257 0.1119692
v -0.1410723 0.2878292 0.1108154
v -0.1410713 0.2838358 0.1104097
v -0.1405426 0.2808340 0.1107843
v -0.1377906 0.2930804 0.1127339
v -0.1381857 0.2924870 0.1125824
v -0.1379559 0.2787800 0.1109676
v -0.1375282 0.2781714 0.1109918
v -0.1333290 0.2932101 0.1128240
v -0.1333401 0.2927136 0.1127664
v -0.1340873 0.2785601 0.1111261
v -0.1340732 0.2780644 0.1110619
v -0.1306758 0.2929987 0.1136370
v -0.1307184 0.2925054 0.1135786
v -0.1302947 0.2786945 0.1116312
v -0.1302353 0.2782034 0.1115702
v -0.1265768 0.2911643 0.1138254
v -0.1265142 0.2799208 0.1124507
v -0.1248777 0.2895253 0.1142363
v -0.1244614 0.2879179 0.1137679
v -0.1244580 0.2836774 0.1133168
v -0.1248326 0.2814311 0.1132467
v -0.1401068 0.2909714 0.1093155
v -0.1408053 0.2884629 0.1085998
v -0.1407530 0.2836409 0.1079079
v -0.1400435 0.2810389 0.1081219
v -0.1368876 0.2935728 0.1088403
v -0.1375266 0.2928628 0.1089517
v -0.1374102 0.2793137 0.1072763
v -0.1367911 0.2786651 0.1070251
v -0.1331403 0.2937098 0.1085531
v -0.1333192 0.2932020 0.1086192
v -0.1332508 0.2791236 0.1068961
v -0.1329904 0.2786580 0.1066524
v -0.1306426 0.2935407 0.1091870
v -0.1305657 0.2930474 0.1090584
v -0.1304885 0.2791981 0.1073650
v -0.1305308 0.2786826 0.1074313
v -0.1260121 0.2909961 0.1100005
v -0.1248877 0.2881741 0.1095472
v -0.1248671 0.2839504 0.1090242
v -0.1259930 0.2809789 0.1087942
v -0.1246621 0.2898122 0.1097886
v -0.1244330 0.2879433 0.1098768
v -0.1244197 0.2840029 0.1093342
v -0.1246176 0.2822310 0.1088645
v -0.1395428 0.2913062 0.1061158
v -0.1401835 0.2886947 0.1047648
v -0.1400791 0.2842827 0.1040002
v -0.1394882 0.2814983 0.1049166
v -0.1363416 0.2939656 0.1053898
v -0.1371581 0.2932242 0.1058033
v -0.1354443 0.2867042 0.1032323
v -0.1370080 0.2797127 0.1042276
v -0.1362148 0.2791235 0.1035681
v -0.1339139 0.2939265 0.1066614
v -0.1343714 0.2933713 0.1073775
v -0.1338727 0.2865048 0.1049346
v -0.1318502 0.2863998 0.1058855
v -0.1342971 0.2792469 0.1056497
v -0.1338838 0.2788729 0.1048892
v -0.1295667 0.2936662 0.1073500
v -0.1288983 0.2931415 0.1076480
v -0.1291925 0.2864502 0.1055940
v -0.1308657 0.2863961 0.1059604
v -0.1287914 0.2794725 0.1059232
v -0.1295582 0.2790082 0.1055752
v -0.1272493 0.2939696 0.1051576
v -0.1267584 0.2921929 0.1073786
v -0.1266248 0.2887402 0.1060081
v -0.1265791 0.2841607 0.1054313
v -0.1266510 0.2805080 0.1059915
v -0.1271675 0.2792792 0.1033615
v -0.1244472 0.2884754 0.1083071
v -0.1244236 0.2840922 0.1077703
v -0.1388687 0.2918490 0.1010524
v -0.1395452 0.2892371 0.1008581
v -0.1395057 0.2847471 0.1002942
v -0.1388170 0.2822318 0.0998544
v -0.1360958 0.2942770 0.1025468
v -0.1375457 0.2933647 0.1021054
v -0.1358606 0.2868431 0.1020771
v -0.1359254 0.2870460 0.1004141
v -0.1374654 0.2804899 0.1005462
v -0.1360313 0.2795179 0.1007298
v -0.1310218 0.2943473 0.1018966
v -0.1309400 0.2796569 0.1001006
v -0.1263410 0.2941826 0.1034569
v -0.1262592 0.2794922 0.1016609
v -0.1386674 0.2922710 0.0996501
v -0.1394426 0.2898550 0.0992540
v -0.1394230 0.2849382 0.0986519
v -0.1386369 0.2821610 0.0984107
v -0.1357792 0.2945171 0.0999916
v -0.1371355 0.2939126 0.1000500
v -0.1376008 0.2871898 0.0991613
v -0.1357156 0.2871712 0.0994002
v -0.1371464 0.2805225 0.0984015
v -0.1357282 0.2799004 0.0982295
v -0.1336661 0.2948444 0.0977100
v -0.1335843 0.2801540 0.0959139
v -0.1274027 0.2947817 0.0985082
v -0.1273209 0.2800913 0.0967122
v -0.1262583 0.2945307 0.1006132
v -0.1261765 0.2798403 0.0988172
v -0.1318514 0.2949382 0.0970253
v -0.1317696 0.2802478 0.0952292
v -0.1294530 0.2949239 0.0972515
v -0.1293712 0.2802336 0.0954554
v -0.1392779 0.2900867 0.0979511
v -0.1393355 0.2887308 0.0979031
v -0.1392850 0.2858060 0.0974198
v -0.1392831 0.2847189 0.0973867
v -0.1373670 0.2939325 0.0989600
v -0.1379865 0.2926376 0.0987311
v -0.1386648 0.2907418 0.0983355
v -0.1383204 0.2893668 0.0983756
v -0.1382975 0.2852585 0.0978733
v -0.1386680 0.2840717 0.0975097
v -0.1379887 0.2820610 0.0974276
v -0.1372540 0.2807066 0.0972411
v -0.1360307 0.2944000 0.0991813
v -0.1359033 0.2927143 0.0989624
v -0.1358430 0.2818950 0.0976396
v -0.1358306 0.2802165 0.0973588
v -0.1388887 0.2901404 0.0965341
v -0.1388547 0.2884589 0.0961107
v -0.1388337 0.2858382 0.0957920
v -0.1389729 0.2847283 0.0962912
v -0.1369521 0.2941357 0.0977222
v -0.1372370 0.2931112 0.0965280
v -0.1386325 0.2911832 0.0962806
v -0.1385797 0.2838939 0.0954821
v -0.1371254 0.2820325 0.0951425
v -0.1369150 0.2808262 0.0961277
v -0.1357328 0.2946021 0.0975686
v -0.1357408 0.2931276 0.0966284
v -0.1356792 0.2820580 0.0952750
v -0.1355274 0.2804255 0.0958230
v -0.1337991 0.2949194 0.0977626
v -0.1336510 0.2932972 0.0975931
v -0.1335864 0.2816839 0.0961732
v -0.1335156 0.2801079 0.0958887
v -0.1381784 0.2886800 0.0936230
v -0.1381649 0.2867560 0.0933885
v -0.1359275 0.2946015 0.0939852
v -0.1366659 0.2931276 0.0944249
v -0.1367960 0.2913467 0.0934282
v -0.1379762 0.2899243 0.0931567
v -0.1379736 0.2863176 0.0927112
v -0.1367689 0.2846072 0.0926016
v -0.1366053 0.2826032 0.0931140
v -0.1359281 0.2813137 0.0923615
v -0.1349666 0.2949736 0.0949496
v -0.1353903 0.2931852 0.0949024
v -0.1353592 0.2915648 0.0935830
v -0.1353188 0.2843126 0.0926963
v -0.1353303 0.2824217 0.0935864
v -0.1349449 0.2807260 0.0932210
v -0.1323536 0.2952462 0.0959285
v -0.1317350 0.2927579 0.0950113
v -0.1318363 0.2919210 0.0950472
v -0.1317902 0.2836528 0.0940363
v -0.1317209 0.2826621 0.0936836
v -0.1325786 0.2802490 0.0942441
v -0.1300634 0.2952115 0.0965156
v -0.1300233 0.2933790 0.0962954
v -0.1303860 0.2917109 0.0953919
v -0.1303418 0.2837895 0.0944235
v -0.1300102 0.2820047 0.0948322
v -0.1300421 0.2801271 0.0946902
v -0.1284572 0.2948568 0.0964833
v -0.1283736 0.2932048 0.0960000
v -0.1282656 0.2822187 0.0946858
v -0.1283870 0.2804953 0.0947201
v -0.1263093 0.2943944 0.0977235
v -0.1271941 0.2924775 0.0967028
v -0.1266013 0.2906983 0.0965262
v -0.1265586 0.2845509 0.0958031
v -0.1271165 0.2827978 0.0955179
v -0.1262689 0.2806625 0.0960274
v -0.1248180 0.2937504 0.0970859
v -0.1247496 0.2814632 0.0955837
v -0.1375260 0.2883720 0.0910641
v -0.1376753 0.2873155 0.0915671
v -0.1355518 0.2948198 0.0923671
v -0.1364949 0.2937681 0.0919957
v -0.1372833 0.2915117 0.0913803
v -0.1374825 0.2898615 0.0912595
v -0.1374186 0.2867134 0.0906626
v -0.1372875 0.2846841 0.0908035
v -0.1364270 0.2825402 0.0905795
v -0.1355344 0.2814320 0.0909397
v -0.1346651 0.2951873 0.0928978
v -0.1341305 0.2934152 0.0930863
v -0.1337738 0.2910002 0.0923930
v -0.1332802 0.2902281 0.0922147
v -0.1332625 0.2859569 0.0916796
v -0.1337314 0.2851800 0.0916729
v -0.1340705 0.2826498 0.0917702
v -0.1343528 0.2809394 0.0910039
v -0.1320301 0.2952220 0.0934339
v -0.1321243 0.2933047 0.0940611
v -0.1328105 0.2910757 0.0930823
v -0.1331857 0.2901355 0.0924224
v -0.1331627 0.2860031 0.0919171
v -0.1327704 0.2849419 0.0923353
v -0.1321935 0.2823905 0.0926279
v -0.1319741 0.2807873 0.0916671
v -0.1304880 0.2951091 0.0944668
v -0.1305946 0.2930722 0.0948919
v -0.1301919 0.2917980 0.0948470
v -0.1301476 0.2838384 0.0938739
v -0.1306723 0.2827035 0.0935696
v -0.1304142 0.2807164 0.0926687
v -0.1278991 0.2948981 0.0951469
v -0.1289531 0.2933686 0.0954194
v -0.1288908 0.2821899 0.0940527
v -0.1278329 0.2807817 0.0934182
v -0.1262571 0.2945518 0.0958536
v -0.1252484 0.2942385 0.0951519
v -0.1250868 0.2814843 0.0936886
v -0.1260783 0.2810493 0.0938589
v -0.1241153 0.2933125 0.0959703
v -0.1240351 0.2821780 0.0946555
v -0.1350441 0.2951303 0.0901839
v -0.1357992 0.2937182 0.0900308
v -0.1354508 0.2912894 0.0894099
v -0.1361115 0.2902527 0.0890570
v -0.1361482 0.2865299 0.0885795
v -0.1354246 0.2855884 0.0887127
v -0.1357091 0.2830230 0.0887310
v -0.1349809 0.2816530 0.0886451
v -0.1333814 0.2953600 0.0904870
v -0.1348470 0.2928379 0.0906661
v -0.1346075 0.2915297 0.0900051
v -0.1345781 0.2850162 0.0893833
v -0.1347966 0.2837853 0.0895594
v -0.1335267 0.2813072 0.0888740
v -0.1320490 0.2954012 0.0914226
v -0.1319174 0.2811080 0.0897406
v -0.1295526 0.2954172 0.0917942
v -0.1295137 0.2810741 0.0899616
v -0.1277365 0.2951241 0.0927794
v -0.1276776 0.2811336 0.0910651
v -0.1262216 0.2947547 0.0937246
v -0.1261863 0.2812753 0.0920392
v -0.1346091 0.2953573 0.0886445
v -0.1355414 0.2943029 0.0882762
v -0.1352919 0.2910921 0.0886761
v -0.1354253 0.2903591 0.0884343
v -0.1353990 0.2865972 0.0879757
v -0.1352087 0.2859769 0.0881043
v -0.1354337 0.2828595 0.0868883
v -0.1346012 0.2818730 0.0869788
v -0.1333234 0.2954445 0.0890603
v -0.1333090 0.2951933 0.0881268
v -0.1345952 0.2907816 0.0890030
v -0.1345226 0.2905367 0.0889800
v -0.1344997 0.2864284 0.0884778
v -0.1345696 0.2861844 0.0884409
v -0.1332785 0.2821078 0.0866579
v -0.1332647 0.2816253 0.0874436
v -0.1313099 0.2956705 0.0891268
v -0.1312303 0.2814238 0.0874802
v -0.1291243 0.2956264 0.0895877
v -0.1290206 0.2813938 0.0879156
v -0.1267567 0.2952096 0.0904408
v -0.1266923 0.2816168 0.0888336
v -0.1339895 0.2955819 0.0863746
v -0.1348444 0.2945710 0.0857676
v -0.1356478 0.2924398 0.0854805
v -0.1360298 0.2896161 0.0855679
v -0.1359887 0.2874517 0.0853105
v -0.1356241 0.2852895 0.0846909
v -0.1348017 0.2832710 0.0844255
v -0.1339744 0.2822795 0.0845107
v -0.1328283 0.2957839 0.0866833
v -0.1327146 0.2953338 0.0864596
v -0.1324561 0.2824798 0.0843596
v -0.1328660 0.2819111 0.0849967
v -0.1306893 0.2958175 0.0873653
v -0.1306246 0.2817992 0.0853186
v -0.1286502 0.2958303 0.0874475
v -0.1285737 0.2817149 0.0857670
v -0.1266578 0.2955054 0.0879224
v -0.1266886 0.2819007 0.0865286
v -0.1333906 0.2957312 0.0843169
v -0.1343400 0.2947008 0.0839551
v -0.1351492 0.2923538 0.0834669
v -0.1353552 0.2898782 0.0831116
v -0.1353171 0.2878340 0.0828680
v -0.1350483 0.2855547 0.0826509
v -0.1342325 0.2835306 0.0826006
v -0.1322808 0.2960731 0.0845545
v -0.1317985 0.2955722 0.0843391
v -0.1316225 0.2827382 0.0824689
v -0.1324157 0.2821688 0.0830564
v -0.1298978 0.2959843 0.0853737
v -0.1298196 0.2820613 0.0836710
v -0.1280248 0.2959575 0.0859637
v -0.1279233 0.2819997 0.0840116
v -0.1265092 0.2957703 0.0857796
v -0.1264763 0.2821167 0.0847966
v -0.1335051 0.2950103 0.0815312
v -0.1345055 0.2930511 0.0815815
v -0.1346143 0.2906035 0.0807232
v -0.1346031 0.2882340 0.0804330
v -0.1344640 0.2859325 0.0806230
v -0.1335046 0.2839427 0.0801632
v -0.1316189 0.2962674 0.0821912
v -0.1314711 0.2957082 0.0823903
v -0.1316755 0.2829834 0.0809112
v -0.1316043 0.2825115 0.0806949
v -0.1296542 0.2960884 0.0831438
v -0.1295777 0.2825008 0.0814823
v -0.1272741 0.2960971 0.0835165
v -0.1271605 0.2824471 0.0817690
v -0.1265405 0.2959158 0.0845116
v -0.1264636 0.2823656 0.0829019
v -0.1330004 0.2949880 0.0795982
v -0.1336979 0.2933270 0.0791039
v -0.1338973 0.2911426 0.0786494
v -0.1338497 0.2884920 0.0782021
v -0.1336645 0.2862723 0.0781789
v -0.1329239 0.2843079 0.0783449
v -0.1307867 0.2963696 0.0801890
v -0.1309534 0.2958823 0.0801503
v -0.1311223 0.2834432 0.0786774
v -0.1308739 0.2829021 0.0788318
v -0.1286721 0.2961897 0.0808641
v -0.1290473 0.2960677 0.0801752
v -0.1289913 0.2832504 0.0785896
v -0.1286107 0.2829687 0.0792303
v -0.1274290 0.2961933 0.0816642
v -0.1274021 0.2827893 0.0799575
v -0.1322452 0.2950596 0.0778663
v -0.1329373 0.2932539 0.0771774
v -0.1332195 0.2911856 0.0769436
v -0.1331907 0.2888577 0.0766103
v -0.1329014 0.2866506 0.0763716
v -0.1321875 0.2847353 0.0766137
v -0.1301698 0.2964040 0.0791465
v -0.1305305 0.2959312 0.0782872
v -0.1304377 0.2838528 0.0767145
v -0.1300876 0.2831843 0.0775055
v -0.1292026 0.2958994 0.0792671
v -0.1291411 0.2836223 0.0777626
v -0.1315224 0.2946129 0.0762918
v -0.1317929 0.2932064 0.0755244
v -0.1320405 0.2913187 0.0750268
v -0.1320220 0.2892378 0.0747476
v -0.1317596 0.2871021 0.0747797
v -0.1314724 0.2855552 0.0751871
v -0.1298386 0.2952470 0.0763115
v -0.1300697 0.2940238 0.0750970
v -0.1301204 0.2864613 0.0741715
v -0.1296713 0.2850159 0.0749801
v -0.1308961 0.2912874 0.0739709
v -0.1308784 0.2895923 0.0737409
v -0.1291417 0.2933974 0.0744613
v -0.1296393 0.2916546 0.0737448
v -0.1296294 0.2893208 0.0734316
v -0.1291035 0.2872268 0.0736951
v -0.1285802 0.2929498 0.0741677
v -0.1284480 0.2914717 0.0736272
v -0.1284349 0.2892949 0.0733582
v -0.1285382 0.2878266 0.0735023
v -0.1272618 0.2961717 0.0815909
v -0.1279403 0.2962123 0.0805298
v -0.1261367 0.2958678 0.0839862
v -0.1266756 0.2960320 0.0833687
v -0.1262317 0.2956489 0.0862250
v -0.1263451 0.2953634 0.0884444
v -0.1261751 0.2951060 0.0901510
v -0.1260831 0.2947351 0.0935353
v -0.1245733 0.2945493 0.0781461
v -0.1261948 0.2947600 0.0773778
v -0.1281552 0.2948934 0.0769594
v -0.1293698 0.2948041 0.0767856
v -0.1228886 0.2943154 0.0805754
v -0.1242916 0.2949280 0.0795304
v -0.1266119 0.2957026 0.0791944
v -0.1286386 0.2957784 0.0787997
v -0.1297009 0.2954382 0.0780916
v -0.1227974 0.2944048 0.0824345
v -0.1248128 0.2955143 0.0818090
v -0.1267529 0.2960621 0.0808935
v -0.1282464 0.2961582 0.0800845
v -0.1220345 0.2935260 0.0845495
v -0.1229234 0.2943591 0.0842292
v -0.1249814 0.2955309 0.0838292
v -0.1224061 0.2934395 0.0869280
v -0.1235617 0.2944470 0.0867611
v -0.1251876 0.2953231 0.0864255
v -0.1225336 0.2930744 0.0889826
v -0.1243599 0.2945470 0.0888780
v -0.1231999 0.2933168 0.0912229
v -0.1244700 0.2943255 0.0909722
v -0.1235540 0.2932208 0.0933165
v -0.1248550 0.2942653 0.0931657
v -0.1238501 0.2931380 0.0952619
v -0.1250995 0.2942211 0.0945884
v -0.1256997 0.2927166 0.0754516
v -0.1277176 0.2927516 0.0749359
v -0.1287785 0.2924930 0.0746950
v -0.1223587 0.2926794 0.0782398
v -0.1237186 0.2932900 0.0773060
v -0.1257280 0.2936508 0.0762428
v -0.1279849 0.2938422 0.0757509
v -0.1289984 0.2935865 0.0754489
v -0.1209049 0.2918783 0.0809352
v -0.1219300 0.2930760 0.0798575
v -0.1230564 0.2939957 0.0790997
v -0.1211153 0.2924569 0.0823585
v -0.1217806 0.2934515 0.0819327
v -0.1212768 0.2924320 0.0840876
v -0.1216085 0.2921534 0.0867075
v -0.1218918 0.2918538 0.0889241
v -0.1222447 0.2917151 0.0910758
v -0.1225389 0.2915105 0.0930978
v -0.1225450 0.2903031 0.0950891
v -0.1228729 0.2914960 0.0951205
v -0.1238816 0.2910578 0.0756898
v -0.1255584 0.2915149 0.0749696
v -0.1277107 0.2914941 0.0744071
v -0.1286853 0.2914417 0.0743130
v -0.1219194 0.2907201 0.0776062
v -0.1230395 0.2911435 0.0764436
v -0.1206463 0.2904279 0.0803918
v -0.1211397 0.2908523 0.0790760
v -0.1204213 0.2900619 0.0824934
v -0.1206239 0.2902787 0.0840174
v -0.1210770 0.2901286 0.0868016
v -0.1216540 0.2895353 0.0904899
v -0.1221002 0.2887500 0.0934091
v -0.1223362 0.2889829 0.0947126
v -0.1239025 0.2891119 0.0754453
v -0.1255907 0.2890515 0.0746329
v -0.1276933 0.2891865 0.0741143
v -0.1286767 0.2891206 0.0740418
v -0.1219571 0.2888497 0.0773590
v -0.1230585 0.2887346 0.0761628
v -0.1206569 0.2884720 0.0801879
v -0.1211570 0.2883779 0.0787910
v -0.1204392 0.2882624 0.0823406
v -0.1206416 0.2876536 0.0836762
v -0.1210740 0.2872806 0.0864261
v -0.1216710 0.2868724 0.0902492
v -0.1220500 0.2868932 0.0928417
v -0.1223310 0.2864985 0.0944026
v -0.1257939 0.2876934 0.0747837
v -0.1276898 0.2877370 0.0743232
v -0.1287762 0.2878501 0.0741957
v -0.1223275 0.2870697 0.0775540
v -0.1236819 0.2866871 0.0764987
v -0.1254765 0.2866203 0.0754303
v -0.1279440 0.2864795 0.0748514
v -0.1289914 0.2866560 0.0746932
v -0.1208789 0.2872137 0.0803649
v -0.1218923 0.2862998 0.0790291
v -0.1230095 0.2855774 0.0780705
v -0.1210811 0.2863070 0.0816066
v -0.1217359 0.2854370 0.0809529
v -0.1212405 0.2859129 0.0832906
v -0.1215717 0.2855484 0.0859000
v -0.1218553 0.2853021 0.0881231
v -0.1222068 0.2849145 0.0902443
v -0.1225005 0.2846227 0.0922557
v -0.1225172 0.2853147 0.0944793
v -0.1228320 0.2841459 0.0942219
v -0.1245215 0.2852532 0.0770095
v -0.1261169 0.2851706 0.0762632
v -0.1281009 0.2851664 0.0757709
v -0.1292923 0.2853304 0.0755747
v -0.1228362 0.2849135 0.0794259
v -0.1242338 0.2845553 0.0782623
v -0.1264662 0.2838717 0.0777655
v -0.1285565 0.2838183 0.0774071
v -0.1296716 0.2844025 0.0766790
v -0.1227416 0.2843799 0.0812089
v -0.1247455 0.2834317 0.0803318
v -0.1266294 0.2831040 0.0793359
v -0.1281642 0.2831811 0.0785093
v -0.1219855 0.2847316 0.0834744
v -0.1228656 0.2839904 0.0829615
v -0.1249112 0.2829270 0.0822883
v -0.1223549 0.2842385 0.0858031
v -0.1234995 0.2832882 0.0853969
v -0.1251162 0.2825010 0.0848579
v -0.1224836 0.2840964 0.0878850
v -0.1242937 0.2826724 0.0874262
v -0.1231442 0.2833142 0.0900000
v -0.1244035 0.2823817 0.0895120
v -0.1234965 0.2828991 0.0920546
v -0.1247862 0.2819075 0.0916549
v -0.1238262 0.2824762 0.0939553
v -0.1250437 0.2815976 0.0930300
v -0.1270974 0.2828067 0.0800564
v -0.1278387 0.2830184 0.0789541
v -0.1260626 0.2825496 0.0823579
v -0.1265938 0.2825260 0.0817695
v -0.1261537 0.2822058 0.0847165
v -0.1262441 0.2819603 0.0868862
v -0.1261745 0.2817737 0.0885888
v -0.1259406 0.2813613 0.0919706
v -0.1123752 0.2640355 0.1946276
v -0.1122592 0.2638620 0.1983768
v -0.1122110 0.2632845 0.2031019
v -0.1122353 0.2629174 0.2061026
v -0.1122685 0.2625460 0.2089600
v -0.1123393 0.2620200 0.2134374
v -0.1124171 0.2615641 0.2171626
v -0.1125064 0.2610900 0.2210359
v -0.1125601 0.2606516 0.2246192
v -0.1125323 0.2601627 0.2286192
v -0.1124287 0.2598281 0.2313603
v -0.1121099 0.2593207 0.2355162
v -0.1118591 0.2586464 0.2373537
v -0.1121404 0.2620401 0.1949249
v -0.1119378 0.2607294 0.1980656
v -0.1118430 0.2593772 0.2016585
v -0.1121924 0.2600085 0.2130813
v -0.1121655 0.2582940 0.2166743
v -0.1121543 0.2571065 0.2203410
v -0.1121407 0.2565133 0.2240863
v -0.1120955 0.2563854 0.2278876
v -0.1120253 0.2564974 0.2307596
v -0.1118528 0.2568242 0.2345981
v -0.1116055 0.2569211 0.2377359
v -0.1117463 0.2578561 0.1946284
v -0.1115744 0.2564047 0.1975332
v -0.1115338 0.2555910 0.2002529
v -0.1118245 0.2581945 0.2043400
v -0.1118510 0.2565064 0.2079122
v -0.1119159 0.2544740 0.2124028
v -0.1120321 0.2557329 0.2163600
v -0.1120123 0.2546154 0.2200356
v -0.1119637 0.2540411 0.2237836
v -0.1118750 0.2538993 0.2275835
v -0.1117774 0.2539917 0.2304532
v -0.1115264 0.2530624 0.2341381
v -0.1112738 0.2523663 0.2374715
v -0.1115748 0.2538025 0.1941306
v -0.1114810 0.2535399 0.1968684
v -0.1115000 0.2542239 0.2010272
v -0.1115584 0.2533674 0.2037501
v -0.1116942 0.2521566 0.2073816
v -0.1118678 0.2514786 0.2120373
v -0.1119638 0.2517696 0.2158752
v -0.1119761 0.2509137 0.2195829
v -0.1119141 0.2504562 0.2233457
v -0.1117931 0.2503287 0.2271480
v -0.1117060 0.2498243 0.2299455
v -0.1115540 0.2494903 0.2337034
v -0.1116138 0.2485863 0.2370123
v -0.1117449 0.2505296 0.1935985
v -0.1116088 0.2502548 0.1967804
v -0.1116112 0.2497704 0.1995435
v -0.1117360 0.2489808 0.2032179
v -0.1118644 0.2487468 0.2069685
v -0.1120180 0.2487335 0.2107555
v -0.1122321 0.2478479 0.2153986
v -0.1123033 0.2473541 0.2191504
v -0.1122231 0.2473033 0.2227718
v -0.1123427 0.2465057 0.2257314
v -0.1123427 0.2460673 0.2294921
v -0.1124519 0.2458326 0.2332642
v -0.1127460 0.2453973 0.2360595
v -0.1126838 0.2469375 0.1931673
v -0.1124818 0.2467642 0.1954199
v -0.1124722 0.2461380 0.1991074
v -0.1125922 0.2455820 0.2028111
v -0.1127913 0.2451024 0.2065326
v -0.1130888 0.2445634 0.2102564
v -0.1131236 0.2446369 0.2145384
v -0.1130152 0.2448207 0.2185285
v -0.1130968 0.2445426 0.2216771
v -0.1132671 0.2440581 0.2254396
v -0.1131852 0.2441809 0.2292684
v -0.1139838 0.2448855 0.1929273
v -0.1135864 0.2448195 0.1951911
v -0.1135548 0.2442369 0.1988841
v -0.1136348 0.2437554 0.2025968
v -0.1137840 0.2433703 0.2063294
v -0.1173896 0.2616365 0.1949466
v -0.1137970 0.2438808 0.2356921
v -0.1172688 0.2470905 0.1931818
v -0.1142252 0.2427553 0.2176500
v -0.1142335 0.2427115 0.2214627
v -0.1145717 0.2423736 0.2252447
v -0.1149458 0.2422035 0.2290416
v -0.1150674 0.2424013 0.2321552
v -0.1156024 0.2424106 0.2356123
v -0.1160485 0.2435338 0.1927791
v -0.1155524 0.2433657 0.1950301
v -0.1158136 0.2425075 0.1991623
v -0.1158188 0.2420147 0.2028737
v -0.1157956 0.2416554 0.2067667
v -0.1153370 0.2418537 0.2099437
v -0.1158823 0.2412636 0.2136732
v -0.1163551 0.2407770 0.2174260
v -0.1163224 0.2407834 0.2212447
v -0.1167419 0.2405655 0.2250423
v -0.1172104 0.2405282 0.2288563
v -0.1206100 0.2642975 0.1963053
v -0.1202911 0.2640195 0.1985941
v -0.1201644 0.2623957 0.1948484
v -0.1205360 0.2462128 0.1928672
v -0.1183119 0.2404413 0.2326549
v -0.1192707 0.2406909 0.2361109
v -0.1195304 0.2423826 0.1922200
v -0.1194273 0.2418286 0.1948751
v -0.1193240 0.2411401 0.1985529
v -0.1186283 0.2407359 0.2022679
v -0.1185890 0.2402457 0.2059860
v -0.1185612 0.2398653 0.2097267
v -0.1191444 0.2393491 0.2134659
v -0.1190888 0.2392180 0.2172582
v -0.1196370 0.2389978 0.2210544
v -0.1195516 0.2391803 0.2248969
v -0.1194923 0.2395179 0.2287523
v -0.1200745 0.2397892 0.2325902
v -0.1198870 0.2403297 0.2022285
v -0.1198408 0.2397978 0.2059414
v -0.1198023 0.2393790 0.2096773
v -0.1210519 0.2386407 0.2133950
v -0.1209851 0.2384885 0.2171848
v -0.1246830 0.2656200 0.1789349
v -0.1242319 0.2653104 0.1814877
v -0.1241054 0.2644843 0.1841300
v -0.1235026 0.2642709 0.1933180
v -0.1226827 0.2640962 0.1947719
v -0.1247250 0.2626610 0.1786205
v -0.1240194 0.2633949 0.1811995
v -0.1241032 0.2640873 0.1840815
v -0.1235447 0.2611274 0.1926684
v -0.1228985 0.2612617 0.1943345
v -0.1247173 0.2507687 0.1772139
v -0.1236139 0.2504809 0.1796181
v -0.1235712 0.2490848 0.1910377
v -0.1233970 0.2488555 0.1929210
v -0.1245917 0.2491926 0.1769263
v -0.1234626 0.2488981 0.1793864
v -0.1233106 0.2480217 0.1909937
v -0.1224539 0.2473509 0.1924968
v -0.1215858 0.2399541 0.2360401
v -0.1243987 0.2464305 0.1793388
v -0.1246950 0.2425356 0.1874616
v -0.1235824 0.2431043 0.1892084
v -0.1219659 0.2420531 0.1911877
v -0.1212979 0.2413714 0.1948349
v -0.1228112 0.2381621 0.2248002
v -0.1226926 0.2385510 0.2286614
v -0.1226176 0.2390996 0.2325274
v -0.1230260 0.2395463 0.2354937
v -0.1225365 0.2411305 0.1948159
v -0.1224813 0.2403904 0.1984873
v -0.1224588 0.2396985 0.2021724
v -0.1224532 0.2390969 0.2058770
v -0.1224467 0.2386132 0.2096054
v -0.1231064 0.2380922 0.2133449
v -0.1230479 0.2379208 0.2171326
v -0.1229405 0.2379472 0.2209538
v -0.1270600 0.2657238 0.1779782
v -0.1254629 0.2657878 0.1795877
v -0.1269542 0.2638237 0.1775587
v -0.1254566 0.2646463 0.1794481
v -0.1268492 0.2509503 0.1756319
v -0.1267732 0.2493784 0.1753076
v -0.1272077 0.2468380 0.1758779
v -0.1272924 0.2449855 0.1791475
v -0.1273530 0.2444665 0.1821492
v -0.1255251 0.2435538 0.1858525
v -0.1263560 0.2423995 0.1875003
v -0.1258600 0.2377198 0.2260443
v -0.1262194 0.2379456 0.2286172
v -0.1260819 0.2383711 0.2315189
v -0.1256330 0.2391375 0.2355926
v -0.1263053 0.2415350 0.1911425
v -0.1263059 0.2406985 0.1947948
v -0.1263613 0.2398828 0.1984572
v -0.1264673 0.2391196 0.2021343
v -0.1265893 0.2384393 0.2058303
v -0.1270758 0.2377847 0.2100164
v -0.1264476 0.2374635 0.2140569
v -0.1263906 0.2373029 0.2182301
v -0.1265636 0.2373500 0.2218666
v -0.1279072 0.2373383 0.2247424
v -0.1307327 0.2657756 0.1773879
v -0.1307653 0.2640192 0.1768943
v -0.1304677 0.2510162 0.1749284
v -0.1307468 0.2495515 0.1746389
v -0.1307921 0.2468790 0.1753801
v -0.1304300 0.2452182 0.1782714
v -0.1300946 0.2431773 0.1838888
v -0.1300854 0.2423041 0.1875231
v -0.1306241 0.2375531 0.2286059
v -0.1303820 0.2379825 0.2315072
v -0.1299850 0.2388095 0.2359700
v -0.1301333 0.2414464 0.1911654
v -0.1302488 0.2406019 0.1948164
v -0.1304415 0.2397688 0.1984769
v -0.1299735 0.2389660 0.2021440
v -0.1305061 0.2381339 0.2064557
v -0.1307117 0.2375532 0.2101761
v -0.1303202 0.2371282 0.2145555
v -0.1302944 0.2369794 0.2177140
v -0.1311421 0.2369695 0.2218583
v -0.1308645 0.2372333 0.2257085
v -0.1336958 0.2655735 0.1785312
v -0.1347687 0.2652774 0.1802491
v -0.1337539 0.2647322 0.1783686
v -0.1348947 0.2644889 0.1803064
v -0.1338990 0.2482486 0.1759845
v -0.1333089 0.2467285 0.1764959
v -0.1340226 0.2454595 0.1773407
v -0.1341147 0.2433812 0.1839507
v -0.1327890 0.2424231 0.1875622
v -0.1335675 0.2375008 0.2286235
v -0.1332574 0.2379138 0.2315222
v -0.1332431 0.2386165 0.2354650
v -0.1329088 0.2415807 0.1912060
v -0.1330950 0.2407440 0.1948577
v -0.1333575 0.2399106 0.1985182
v -0.1336769 0.2390998 0.2021907
v -0.1340739 0.2381892 0.2068072
v -0.1343247 0.2375935 0.2105271
v -0.1344572 0.2371665 0.2142773
v -0.1344194 0.2369522 0.2180631
v -0.1342046 0.2369691 0.2218835
v -0.1338660 0.2372018 0.2257292
v -0.1387882 0.2648944 0.1842286
v -0.1394417 0.2624824 0.1787947
v -0.1387832 0.2640010 0.1841194
v -0.1393761 0.2506706 0.1773505
v -0.1369270 0.2472349 0.1797651
v -0.1380060 0.2453531 0.1772005
v -0.1382931 0.2438043 0.1840359
v -0.1373235 0.2420272 0.1912973
v -0.1390989 0.2414200 0.1949901
v -0.1366757 0.2374024 0.2267306
v -0.1364359 0.2375932 0.2286578
v -0.1374146 0.2380796 0.2315759
v -0.1369096 0.2386981 0.2354034
v -0.1360919 0.2410232 0.1949168
v -0.1363992 0.2402027 0.1985792
v -0.1367483 0.2393992 0.2022527
v -0.1371606 0.2384869 0.2068693
v -0.1374073 0.2378795 0.2105878
v -0.1375210 0.2374296 0.2143349
v -0.1381855 0.2372739 0.2181336
v -0.1379104 0.2372309 0.2219458
v -0.1376125 0.2373300 0.2248208
v -0.1396759 0.2647998 0.1856043
v -0.1407072 0.2650342 0.1882975
v -0.1415103 0.2647514 0.1914536
v -0.1422704 0.2639226 0.1945015
v -0.1424934 0.2641010 0.1987885
v -0.1399049 0.2633813 0.1790021
v -0.1406994 0.2630506 0.1800130
v -0.1407032 0.2625557 0.1860829
v -0.1411432 0.2624374 0.1874745
v -0.1421011 0.2610641 0.1927940
v -0.1420424 0.2612579 0.1950815
v -0.1397845 0.2506462 0.1775310
v -0.1404987 0.2505323 0.1784302
v -0.1406803 0.2497760 0.1846072
v -0.1410176 0.2496316 0.1857731
v -0.1426871 0.2488618 0.1919924
v -0.1421348 0.2487452 0.1929713
v -0.1398403 0.2495173 0.1772855
v -0.1407021 0.2493796 0.1783727
v -0.1408231 0.2486350 0.1844571
v -0.1411444 0.2484974 0.1855675
v -0.1426841 0.2483159 0.1919256
v -0.1421317 0.2481993 0.1929045
v -0.1416242 0.2459601 0.1776091
v -0.1414294 0.2443208 0.1841196
v -0.1421506 0.2427917 0.1914283
v -0.1422639 0.2411589 0.1987452
v -0.1426284 0.2404282 0.2024284
v -0.1413045 0.2377863 0.2229965
v -0.1409152 0.2378888 0.2258699
v -0.1404976 0.2380704 0.2287487
v -0.1410345 0.2385688 0.2318546
v -0.1410610 0.2392187 0.2356031
v -0.1394351 0.2406267 0.1986564
v -0.1405180 0.2399862 0.2023563
v -0.1406434 0.2391113 0.2066596
v -0.1408642 0.2385025 0.2103768
v -0.1411773 0.2380467 0.2144410
v -0.1410492 0.2377555 0.2182161
v -0.1405325 0.2376146 0.2216956
v -0.1452401 0.2653089 0.1808307
v -0.1451270 0.2637973 0.1945778
v -0.1429519 0.2636473 0.1987369
v -0.1452226 0.2641347 0.1821491
v -0.1451962 0.2622481 0.1840324
v -0.1436359 0.2611746 0.1917477
v -0.1451081 0.2614979 0.1951097
v -0.1451250 0.2500941 0.1830429
v -0.1433943 0.2490440 0.1904705
v -0.1454134 0.2472044 0.1802886
v -0.1456250 0.2478594 0.1825151
v -0.1438285 0.2477776 0.1903728
v -0.1436137 0.2461145 0.1927150
v -0.1445148 0.2402103 0.2358803
v -0.1441661 0.2463786 0.1796260
v -0.1446812 0.2453425 0.1842633
v -0.1454071 0.2446537 0.1879293
v -0.1434235 0.2439175 0.1878261
v -0.1451507 0.2436239 0.1915523
v -0.1452148 0.2427761 0.1952053
v -0.1446452 0.2417813 0.1988414
v -0.1450519 0.2411253 0.2025345
v -0.1448359 0.2403100 0.2062113
v -0.1450666 0.2397542 0.2099330
v -0.1451354 0.2391969 0.2146147
v -0.1449714 0.2388822 0.2183862
v -0.1439786 0.2385097 0.2221516
v -0.1446619 0.2389194 0.2260267
v -0.1442015 0.2390075 0.2288937
v -0.1445249 0.2394957 0.2316718
v -0.1437749 0.2396985 0.2346666
v -0.1430077 0.2395909 0.2070540
v -0.1431673 0.2391461 0.2098425
v -0.1432375 0.2385586 0.2145208
v -0.1430823 0.2382499 0.2182933
v -0.1487290 0.2652599 0.1809083
v -0.1499416 0.2652923 0.1849657
v -0.1486867 0.2641520 0.1820781
v -0.1487695 0.2622994 0.1845006
v -0.1499110 0.2608470 0.1905875
v -0.1481316 0.2587837 0.1850442
v -0.1493386 0.2582832 0.1905816
v -0.1499335 0.2579256 0.1933501
v -0.1476965 0.2556619 0.1843518
v -0.1489568 0.2554454 0.1902274
v -0.1496695 0.2547500 0.1935819
v -0.1474540 0.2514693 0.1838328
v -0.1484147 0.2502493 0.1886396
v -0.1487823 0.2499026 0.1904747
v -0.1494337 0.2505654 0.1933765
v -0.1499326 0.2491938 0.1960292
v -0.1494794 0.2435954 0.2367169
v -0.1469988 0.2485248 0.1834141
v -0.1476266 0.2468750 0.1882175
v -0.1485874 0.2467201 0.1922710
v -0.1492805 0.2462204 0.1959732
v -0.1495347 0.2449421 0.1992686
v -0.1497879 0.2439897 0.2029243
v -0.1492366 0.2415220 0.2263857
v -0.1487833 0.2414789 0.2292373
v -0.1482475 0.2415767 0.2320957
v -0.1476343 0.2418475 0.2358103
v -0.1467277 0.2454590 0.1880371
v -0.1473442 0.2448151 0.1917147
v -0.1474703 0.2438596 0.1953561
v -0.1476903 0.2431141 0.1990299
v -0.1482313 0.2426351 0.2027460
v -0.1482696 0.2419658 0.2064427
v -0.1482043 0.2412729 0.2101450
v -0.1483564 0.2408359 0.2148418
v -0.1482340 0.2405476 0.2186170
v -0.1478836 0.2403310 0.2224073
v -0.1473982 0.2401908 0.2262058
v -0.1469273 0.2402015 0.2290635
v -0.1503658 0.2650739 0.1867331
v -0.1507694 0.2648575 0.1884844
v -0.1513597 0.2645201 0.1912170
v -0.1520326 0.2640980 0.1946386
v -0.1526042 0.2630520 0.1989888
v -0.1532411 0.2629229 0.2024888
v -0.1536397 0.2628509 0.2047652
v -0.1506633 0.2624894 0.1914151
v -0.1510682 0.2612845 0.1947059
v -0.1517552 0.2608945 0.1982281
v -0.1523142 0.2605825 0.2012012
v -0.1530514 0.2602087 0.2049282
v -0.1534513 0.2577852 0.2084120
v -0.1503481 0.2577736 0.1952087
v -0.1510013 0.2576890 0.1980180
v -0.1516879 0.2577565 0.2008505
v -0.1525234 0.2573380 0.2045729
v -0.1530925 0.2547691 0.2080416
v -0.1533460 0.2508553 0.2376363
v -0.1505539 0.2540296 0.1975665
v -0.1512378 0.2540611 0.2003956
v -0.1520386 0.2529403 0.2040333
v -0.1529499 0.2519748 0.2086466
v -0.1535054 0.2522517 0.2115262
v -0.1530788 0.2483598 0.2301239
v -0.1528616 0.2487070 0.2339629
v -0.1525773 0.2487037 0.2368609
v -0.1503433 0.2506018 0.1974584
v -0.1508749 0.2501853 0.1999198
v -0.1514845 0.2485605 0.2034955
v -0.1522772 0.2484839 0.2077430
v -0.1528711 0.2483687 0.2118071
v -0.1529150 0.2470214 0.2158247
v -0.1529097 0.2465809 0.2193945
v -0.1528957 0.2467462 0.2234294
v -0.1524727 0.2462444 0.2265186
v -0.1518489 0.2454908 0.2297598
v -0.1512506 0.2451447 0.2330365
v -0.1504561 0.2447455 0.2363583
v -0.1502903 0.2467230 0.1994924
v -0.1507279 0.2458040 0.2031533
v -0.1510109 0.2448898 0.2068218
v -0.1515227 0.2447899 0.2106010
v -0.1513733 0.2437660 0.2152244
v -0.1513766 0.2435792 0.2190143
v -0.1511315 0.2433668 0.2228079
v -0.1509425 0.2434359 0.2264457
v -0.1503222 0.2430586 0.2294461
v -0.1502237 0.2434782 0.2323479
v -0.1502208 0.2428115 0.2103493
v -0.1537108 0.2627913 0.2052491
v -0.1544578 0.2621773 0.2102367
v -0.1549226 0.2613448 0.2138024
v -0.1553949 0.2613113 0.2171859
v -0.1557252 0.2607926 0.2215034
v -0.1557824 0.2604636 0.2241920
v -0.1557359 0.2599978 0.2280040
v -0.1555822 0.2595562 0.2316223
v -0.1553461 0.2589598 0.2357018
v -0.1551762 0.2583559 0.2376725
v -0.1537882 0.2599650 0.2086811
v -0.1544577 0.2583178 0.2132228
v -0.1554077 0.2585099 0.2208744
v -0.1554886 0.2581279 0.2246543
v -0.1554183 0.2576922 0.2274702
v -0.1551951 0.2569934 0.2312003
v -0.1549016 0.2562797 0.2349078
v -0.1548639 0.2568327 0.2383305
v -0.1540745 0.2552983 0.2128513
v -0.1546554 0.2555654 0.2166917
v -0.1548177 0.2545562 0.2207045
v -0.1547541 0.2537958 0.2241181
v -0.1545860 0.2533381 0.2278856
v -0.1543730 0.2529404 0.2306974
v -0.1541122 0.2525478 0.2334969
v -0.1539043 0.2525813 0.2370934
v -0.1538213 0.2524119 0.2134465
v -0.1539135 0.2511586 0.2161476
v -0.1540409 0.2506939 0.2195886
v -0.1538017 0.2495348 0.2235879
v -0.1538268 0.2499865 0.2265128
v -0.1536953 0.2502658 0.2303635
v -0.1534976 0.2484006 0.2196221
v -0.1534660 0.2482738 0.2224739
v -0.1376684 0.2602103 0.1898381
v -0.1376129 0.2502352 0.1886184
v -0.1355936 0.2600575 0.1905401
v -0.1355390 0.2502370 0.1893394
v -0.1313826 0.2602961 0.1913307
v -0.1313245 0.2498611 0.1900548
v -0.1280071 0.2599045 0.1923113
v -0.1284102 0.2582051 0.1918290
v -0.1283525 0.2517928 0.1910428
v -0.1279517 0.2500450 0.1911085
v -0.1241637 0.2602869 0.1913365
v -0.1241062 0.2499478 0.1900723
v -0.1225193 0.2602985 0.1903191
v -0.1224632 0.2501997 0.1890843
v -0.1384720 0.2605393 0.1880061
v -0.1384154 0.2503484 0.1867600
v -0.1346755 0.2609309 0.1874255
v -0.1346155 0.2501498 0.1861073
v -0.1318289 0.2607960 0.1888170
v -0.1317688 0.2499768 0.1874941
v -0.1280307 0.2608039 0.1889055
v -0.1279705 0.2499894 0.1875832
v -0.1252749 0.2609432 0.1877531
v -0.1252149 0.2501621 0.1864349
v -0.1210574 0.2605903 0.1882922
v -0.1210009 0.2504209 0.1870488
v -0.1407459 0.2610059 0.1830037
v -0.1407044 0.2585113 0.1829244
v -0.1406734 0.2535269 0.1823927
v -0.1406906 0.2510759 0.1817896
v -0.1402085 0.2612686 0.1844162
v -0.1394722 0.2572690 0.1837636
v -0.1395226 0.2545528 0.1835076
v -0.1401486 0.2504866 0.1830979
v -0.1360443 0.2612825 0.1846463
v -0.1359841 0.2504633 0.1833234
v -0.1237077 0.2613019 0.1850491
v -0.1236475 0.2504826 0.1837262
v -0.1194766 0.2613159 0.1850218
v -0.1199583 0.2572010 0.1842662
v -0.1200206 0.2546458 0.1838394
v -0.1194166 0.2505220 0.1837020
v -0.1189475 0.2610453 0.1840149
v -0.1189301 0.2585045 0.1836448
v -0.1188920 0.2535561 0.1828623
v -0.1188919 0.2510330 0.1827906
v -0.1406663 0.2612442 0.1810582
v -0.1406454 0.2587451 0.1810264
v -0.1406243 0.2537299 0.1804441
v -0.1406111 0.2513143 0.1798441
v -0.1401113 0.2617683 0.1800328
v -0.1392863 0.2577748 0.1801460
v -0.1393775 0.2549422 0.1797211
v -0.1400518 0.2510588 0.1787234
v -0.1361742 0.2617253 0.1810193
v -0.1361140 0.2509060 0.1796964
v -0.1233481 0.2617494 0.1814055
v -0.1232879 0.2509301 0.1800826
v -0.1194265 0.2618807 0.1807798
v -0.1199145 0.2577356 0.1806639
v -0.1199386 0.2550194 0.1803425
v -0.1193660 0.2509964 0.1794490
v -0.1188633 0.2612754 0.1820899
v -0.1188681 0.2587962 0.1816230
v -0.1188429 0.2538218 0.1809330
v -0.1188077 0.2512744 0.1808671
v -0.1387413 0.2621706 0.1766130
v -0.1386820 0.2515073 0.1753092
v -0.1342243 0.2621368 0.1777424
v -0.1341641 0.2513176 0.1764195
v -0.1331799 0.2622557 0.1768171
v -0.1331197 0.2514365 0.1754943
v -0.1261245 0.2622721 0.1770042
v -0.1260643 0.2514529 0.1756813
v -0.1251239 0.2621569 0.1779922
v -0.1250637 0.2513376 0.1766693
v -0.1204850 0.2622131 0.1767988
v -0.1204261 0.2516228 0.1755055
v -0.1382749 0.2619886 0.1742846
v -0.1382667 0.2589881 0.1726617
v -0.1382125 0.2553199 0.1722748
v -0.1382170 0.2522388 0.1730968
v -0.1332369 0.2621396 0.1744105
v -0.1331843 0.2591313 0.1726889
v -0.1331639 0.2554633 0.1722405
v -0.1331812 0.2521285 0.1731864
v -0.1330872 0.2621461 0.1744222
v -0.1330337 0.2591445 0.1726660
v -0.1330132 0.2554576 0.1722152
v -0.1330314 0.2521209 0.1731964
v -0.1260861 0.2621195 0.1744788
v -0.1260062 0.2598896 0.1730518
v -0.1259775 0.2547185 0.1724195
v -0.1260310 0.2522098 0.1732671
v -0.1259326 0.2619828 0.1743596
v -0.1256191 0.2595841 0.1729486
v -0.1255952 0.2550420 0.1723938
v -0.1258792 0.2523729 0.1731846
v -0.1205363 0.2622354 0.1748036
v -0.1211507 0.2594191 0.1729966
v -0.1212230 0.2551069 0.1724834
v -0.1204798 0.2520795 0.1735614
v -0.1276927 0.2592881 0.1719685
v -0.1313464 0.2592756 0.1718916
v -0.1276599 0.2555352 0.1715614
v -0.1313451 0.2555447 0.1714610
v -0.1220540 0.2650131 0.1699569
v -0.1242224 0.2654634 0.1704969
v -0.1274859 0.2656859 0.1707496
v -0.1311806 0.2661296 0.1706669
v -0.1352307 0.2665042 0.1702137
v -0.1377661 0.2655648 0.1701033
v -0.1185258 0.2617419 0.1697078
v -0.1202118 0.2631545 0.1704253
v -0.1235199 0.2632164 0.1705099
v -0.1277907 0.2634522 0.1711199
v -0.1309680 0.2635637 0.1711163
v -0.1355482 0.2632507 0.1701079
v -0.1389956 0.2631186 0.1697297
v -0.1183664 0.2601664 0.1697859
v -0.1203845 0.2599059 0.1704807
v -0.1231065 0.2594807 0.1705148
v -0.1273153 0.2596744 0.1704595
v -0.1315054 0.2597339 0.1702845
v -0.1358706 0.2589912 0.1700474
v -0.1387787 0.2596526 0.1697318
v -0.1183019 0.2559945 0.1690599
v -0.1205907 0.2558512 0.1699420
v -0.1230167 0.2557603 0.1701149
v -0.1273132 0.2555475 0.1699171
v -0.1314759 0.2554650 0.1697778
v -0.1358251 0.2562215 0.1697049
v -0.1387546 0.2556401 0.1690653
v -0.1184628 0.2538441 0.1688738
v -0.1200645 0.2522567 0.1690275
v -0.1234188 0.2521470 0.1691588
v -0.1277987 0.2520992 0.1697890
v -0.1308842 0.2519984 0.1697878
v -0.1354856 0.2520439 0.1687632
v -0.1390889 0.2521065 0.1685617
v -0.1219691 0.2505154 0.1681443
v -0.1241600 0.2498645 0.1684636
v -0.1274464 0.2495462 0.1686143
v -0.1310613 0.2492237 0.1686096
v -0.1349999 0.2488479 0.1680408
v -0.1376784 0.2497704 0.1681893
v -0.1247569 0.2655028 0.1680028
v -0.1296484 0.2671642 0.1665224
v -0.1369227 0.2661328 0.1666997
v -0.1201295 0.2632349 0.1658099
v -0.1228528 0.2648605 0.1682204
v -0.1266306 0.2630616 0.1678653
v -0.1321939 0.2630487 0.1677178
v -0.1395568 0.2626688 0.1667297
v -0.1189829 0.2606991 0.1652108
v -0.1249600 0.2607543 0.1676266
v -0.1260505 0.2613020 0.1676651
v -0.1327545 0.2612864 0.1674874
v -0.1338389 0.2607338 0.1673913
v -0.1400279 0.2606781 0.1665666
v -0.1181305 0.2583060 0.1648166
v -0.1188521 0.2581919 0.1657105
v -0.1249292 0.2551979 0.1669472
v -0.1260135 0.2546453 0.1668512
v -0.1327175 0.2546297 0.1666735
v -0.1338080 0.2551773 0.1667119
v -0.1399752 0.2560168 0.1656728
v -0.1265741 0.2528830 0.1666207
v -0.1321374 0.2528701 0.1664733
v -0.1395765 0.2533726 0.1660283
v -0.1369324 0.2503689 0.1643525
v -0.1244236 0.2663686 0.1636478
v -0.1273412 0.2668860 0.1636838
v -0.1299903 0.2671770 0.1642047
v -0.1351216 0.2673354 0.1639463
v -0.1374393 0.2666593 0.1620452
v -0.1184229 0.2620761 0.1644032
v -0.1201143 0.2640124 0.1634721
v -0.1228362 0.2653558 0.1645117
v -0.1393391 0.2637643 0.1615687
v -0.1182488 0.2604911 0.1643683
v -0.1190177 0.2610973 0.1620885
v -0.1395395 0.2604711 0.1616070
v -0.1181836 0.2572017 0.1633903
v -0.1188127 0.2586132 0.1622706
v -0.1394889 0.2569834 0.1611383
v -0.1183821 0.2547440 0.1635067
v -0.1193884 0.2530850 0.1629818
v -0.1392814 0.2535672 0.1602482
v -0.1215563 0.2513678 0.1621213
v -0.1241011 0.2504944 0.1612832
v -0.1271947 0.2498811 0.1610910
v -0.1299456 0.2495096 0.1614989
v -0.1350228 0.2495671 0.1617738
v -0.1373496 0.2506540 0.1600883
v -0.1217261 0.2664447 0.1580621
v -0.1300658 0.2679845 0.1593208
v -0.1349284 0.2678494 0.1590966
v -0.1365779 0.2676580 0.1584425
v -0.1199475 0.2643082 0.1589922
v -0.1220556 0.2658420 0.1579564
v -0.1398799 0.2626323 0.1597887
v -0.1182446 0.2602874 0.1591230
v -0.1189958 0.2616336 0.1590947
v -0.1398308 0.2614939 0.1594805
v -0.1182071 0.2582864 0.1586637
v -0.1187240 0.2579475 0.1588477
v -0.1397540 0.2570477 0.1586791
v -0.1194347 0.2539148 0.1575730
v -0.1398580 0.2550664 0.1589633
v -0.1216458 0.2519960 0.1562954
v -0.1285168 0.2513893 0.1575510
v -0.1310495 0.2505033 0.1572831
v -0.1344942 0.2504287 0.1570279
v -0.1365575 0.2503417 0.1579830
v -0.1241203 0.2671430 0.1570391
v -0.1269805 0.2676452 0.1569346
v -0.1294336 0.2678337 0.1570707
v -0.1195844 0.2632356 0.1560828
v -0.1228767 0.2662709 0.1575671
v -0.1396841 0.2633150 0.1553354
v -0.1186457 0.2610550 0.1545365
v -0.1394105 0.2608896 0.1549763
v -0.1185059 0.2587138 0.1540166
v -0.1393318 0.2580825 0.1534007
v -0.1218365 0.2542379 0.1559799
v -0.1222525 0.2543370 0.1551506
v -0.1395464 0.2555917 0.1526871
v -0.1238100 0.2512805 0.1551815
v -0.1268642 0.2507295 0.1548849
v -0.1293102 0.2504494 0.1549554
v -0.1218859 0.2671926 0.1525324
v -0.1293524 0.2679162 0.1529619
v -0.1360322 0.2677409 0.1522267
v -0.1372324 0.2675232 0.1538176
v -0.1199492 0.2650277 0.1526692
v -0.1226293 0.2669313 0.1512669
v -0.1388608 0.2649788 0.1533075
v -0.1190437 0.2614894 0.1513329
v -0.1392036 0.2620928 0.1518595
v -0.1189019 0.2588102 0.1510434
v -0.1391781 0.2580183 0.1512977
v -0.1198201 0.2546661 0.1514086
v -0.1230406 0.2548109 0.1512386
v -0.1388007 0.2543773 0.1520044
v -0.1218048 0.2526007 0.1507482
v -0.1359446 0.2519872 0.1503008
v -0.1369904 0.2517272 0.1516301
v -0.1230865 0.2680010 0.1491034
v -0.1270011 0.2680918 0.1499837
v -0.1299104 0.2687273 0.1498192
v -0.1343353 0.2690128 0.1495495
v -0.1361991 0.2687139 0.1494348
v -0.1205375 0.2656173 0.1490734
v -0.1221088 0.2668303 0.1475603
v -0.1193130 0.2624903 0.1488022
v -0.1191959 0.2584563 0.1481458
v -0.1203402 0.2551337 0.1476485
v -0.1238789 0.2547147 0.1468630
v -0.1391910 0.2565998 0.1459361
v -0.1225601 0.2526761 0.1472506
v -0.1304525 0.2513601 0.1475601
v -0.1344050 0.2514158 0.1473904
v -0.1360826 0.2517850 0.1467778
v -0.1236416 0.2685508 0.1453976
v -0.1266265 0.2692206 0.1451817
v -0.1304824 0.2694466 0.1450834
v -0.1338690 0.2696735 0.1445014
v -0.1367946 0.2685876 0.1461830
v -0.1208363 0.2665416 0.1463047
v -0.1225992 0.2662348 0.1456153
v -0.1259658 0.2645949 0.1435953
v -0.1385177 0.2659515 0.1453302
v -0.1223148 0.2641896 0.1440938
v -0.1387611 0.2628632 0.1441334
v -0.1221748 0.2586714 0.1436286
v -0.1387835 0.2590567 0.1435037
v -0.1207720 0.2547197 0.1448584
v -0.1226931 0.2553102 0.1435376
v -0.1384470 0.2554846 0.1438902
v -0.1235404 0.2529360 0.1435587
v -0.1264216 0.2522773 0.1431930
v -0.1300404 0.2522818 0.1426309
v -0.1336934 0.2519953 0.1423409
v -0.1367054 0.2526129 0.1442298
v -0.1244458 0.2690766 0.1421202
v -0.1267962 0.2691391 0.1427246
v -0.1306981 0.2691452 0.1425495
v -0.1338123 0.2694172 0.1414282
v -0.1367629 0.2693115 0.1407818
v -0.1238235 0.2654185 0.1416171
v -0.1264414 0.2667646 0.1424979
v -0.1306245 0.2678460 0.1415958
v -0.1335122 0.2682431 0.1408118
v -0.1388370 0.2652478 0.1401460
v -0.1231695 0.2645641 0.1410792
v -0.1387780 0.2646749 0.1394512
v -0.1380938 0.2589335 0.1397072
v -0.1233857 0.2549020 0.1405175
v -0.1261939 0.2541456 0.1413541
v -0.1339349 0.2541701 0.1390934
v -0.1387631 0.2573415 0.1386589
v -0.1243734 0.2533056 0.1400204
v -0.1266981 0.2530387 0.1405498
v -0.1305326 0.2528880 0.1406163
v -0.1337106 0.2529435 0.1394397
v -0.1366458 0.2532037 0.1387537
v -0.1229378 0.2695707 0.1386640
v -0.1348118 0.2695297 0.1384831
v -0.1367982 0.2692659 0.1382485
v -0.1230403 0.2683485 0.1383186
v -0.1321622 0.2678733 0.1395717
v -0.1349378 0.2684768 0.1376743
v -0.1379388 0.2673265 0.1380899
v -0.1383664 0.2637827 0.1372040
v -0.1355728 0.2589103 0.1369169
v -0.1381641 0.2592316 0.1367054
v -0.1217239 0.2545339 0.1366733
v -0.1353354 0.2548051 0.1365982
v -0.1380798 0.2559543 0.1364861
v -0.1229726 0.2536602 0.1366271
v -0.1346546 0.2535067 0.1365604
v -0.1366844 0.2539142 0.1361669
v -0.1225474 0.2699702 0.1349189
v -0.1285968 0.2705006 0.1363738
v -0.1346597 0.2698901 0.1348709
v -0.1365749 0.2693377 0.1360223
v -0.1227766 0.2688422 0.1345464
v -0.1343164 0.2688187 0.1342137
v -0.1373452 0.2677481 0.1353617
v -0.1371792 0.2648861 0.1343671
v -0.1357314 0.2591684 0.1347995
v -0.1377193 0.2601956 0.1348731
v -0.1215174 0.2549634 0.1331697
v -0.1353957 0.2549362 0.1327610
v -0.1379571 0.2561272 0.1343689
v -0.1226979 0.2541065 0.1329184
v -0.1285008 0.2532295 0.1342621
v -0.1344584 0.2540990 0.1330021
v -0.1366454 0.2541682 0.1341634
v -0.1239078 0.2702563 0.1320126
v -0.1265937 0.2705432 0.1305574
v -0.1305517 0.2705378 0.1305621
v -0.1331199 0.2701463 0.1316782
v -0.1235514 0.2695140 0.1314888
v -0.1264877 0.2691704 0.1307948
v -0.1304957 0.2691353 0.1304937
v -0.1339074 0.2685789 0.1305526
v -0.1309450 0.2649260 0.1290027
v -0.1335633 0.2647945 0.1304382
v -0.1313971 0.2593785 0.1282070
v -0.1338883 0.2599778 0.1288524
v -0.1232586 0.2553787 0.1296939
v -0.1258157 0.2555892 0.1278561
v -0.1308996 0.2555778 0.1277189
v -0.1332452 0.2553858 0.1291818
v -0.1237741 0.2546767 0.1300858
v -0.1263467 0.2545911 0.1288036
v -0.1301375 0.2545515 0.1286802
v -0.1329168 0.2546202 0.1298499
v -0.1278441 0.2700192 0.1291607
v -0.1295253 0.2700100 0.1291600
v -0.1277016 0.2698812 0.1291209
v -0.1310232 0.2692356 0.1286881
v -0.1339319 0.2684073 0.1277740
v -0.1309139 0.2646225 0.1284672
v -0.1335687 0.2658674 0.1281483
v -0.1315360 0.2596723 0.1275732
v -0.1337729 0.2602557 0.1270254
v -0.1277442 0.2556397 0.1273555
v -0.1293425 0.2556300 0.1273620
v -0.1277506 0.2553578 0.1273948
v -0.1289384 0.2553560 0.1273558
v -0.1366297 0.2695576 0.1358940
v -0.1380658 0.2673435 0.1355576
v -0.1383268 0.2637168 0.1351014
v -0.1383060 0.2597969 0.1346220
v -0.1379890 0.2562734 0.1342047
v -0.1364623 0.2541274 0.1340110
v -0.1352485 0.2702267 0.1360386
v -0.1348662 0.2661382 0.1355550
v -0.1348424 0.2618649 0.1350325
v -0.1348186 0.2575917 0.1345100
v -0.1350594 0.2534658 0.1339936
v -0.1363677 0.2696436 0.1347197
v -0.1375201 0.2679594 0.1345541
v -0.1380500 0.2641886 0.1337071
v -0.1380314 0.2599944 0.1331719
v -0.1374460 0.2560135 0.1330942
v -0.1362124 0.2543648 0.1328356
v -0.1349097 0.2702871 0.1338282
v -0.1348093 0.2539551 0.1319386
v -0.1359599 0.2698452 0.1312103
v -0.1371081 0.2683538 0.1309798
v -0.1376042 0.2646003 0.1301888
v -0.1376902 0.2599937 0.1299183
v -0.1370423 0.2565192 0.1295328
v -0.1358775 0.2550289 0.1293987
v -0.1336428 0.2705447 0.1311461
v -0.1335335 0.2543735 0.1292093
v -0.1303981 0.2707907 0.1298642
v -0.1303674 0.2544394 0.1279536
v -0.1259877 0.2706174 0.1299859
v -0.1258605 0.2546136 0.1281382
v -0.1240748 0.2702939 0.1302985
v -0.1232107 0.2689884 0.1298840
v -0.1241959 0.2624416 0.1308003
v -0.1234619 0.2563635 0.1284989
v -0.1240034 0.2549422 0.1284064
v -0.1355947 0.2702074 0.1274230
v -0.1367938 0.2685258 0.1271794
v -0.1374712 0.2650483 0.1268901
v -0.1374871 0.2610559 0.1265171
v -0.1367313 0.2572714 0.1258034
v -0.1355134 0.2555938 0.1256361
v -0.1336007 0.2706240 0.1271682
v -0.1351468 0.2698802 0.1274495
v -0.1350691 0.2559099 0.1257414
v -0.1336911 0.2553104 0.1251265
v -0.1294128 0.2706790 0.1285965
v -0.1287995 0.2548398 0.1270778
v -0.1275707 0.2706220 0.1290621
v -0.1273920 0.2548706 0.1271480
v -0.1231254 0.2700733 0.1290779
v -0.1221002 0.2692142 0.1278649
v -0.1220187 0.2566021 0.1263480
v -0.1230299 0.2554615 0.1272776
v -0.1203108 0.2678499 0.1263416
v -0.1194322 0.2657352 0.1263305
v -0.1194082 0.2609444 0.1257474
v -0.1202523 0.2582906 0.1251933
v -0.1364072 0.2688187 0.1233935
v -0.1371051 0.2652172 0.1230181
v -0.1371306 0.2617121 0.1225391
v -0.1363465 0.2579035 0.1220589
v -0.1331756 0.2709107 0.1234074
v -0.1344312 0.2702454 0.1236402
v -0.1343546 0.2564811 0.1219572
v -0.1330921 0.2559054 0.1215727
v -0.1299896 0.2709498 0.1235919
v -0.1298061 0.2558926 0.1216623
v -0.1258700 0.2708645 0.1240519
v -0.1248970 0.2704998 0.1231761
v -0.1254816 0.2564524 0.1211400
v -0.1257866 0.2558749 0.1222191
v -0.1238084 0.2706691 0.1243668
v -0.1225104 0.2697794 0.1237577
v -0.1224395 0.2570357 0.1221995
v -0.1237269 0.2560113 0.1225746
v -0.1198609 0.2673731 0.1246364
v -0.1195296 0.2655591 0.1244795
v -0.1195398 0.2611700 0.1238858
v -0.1198011 0.2591949 0.1236677
v -0.1361024 0.2690288 0.1195998
v -0.1368465 0.2656777 0.1193930
v -0.1368094 0.2621782 0.1188437
v -0.1360445 0.2586170 0.1183267
v -0.1328737 0.2713125 0.1197529
v -0.1338323 0.2707336 0.1198080
v -0.1337556 0.2569373 0.1181211
v -0.1327908 0.2563992 0.1179294
v -0.1299592 0.2713534 0.1196913
v -0.1287522 0.2709920 0.1196889
v -0.1286731 0.2567708 0.1179501
v -0.1298760 0.2564063 0.1178636
v -0.1257989 0.2713505 0.1198841
v -0.1258420 0.2708563 0.1198351
v -0.1257644 0.2568992 0.1181286
v -0.1257158 0.2564082 0.1180571
v -0.1238251 0.2710594 0.1199794
v -0.1220182 0.2698236 0.1198534
v -0.1219521 0.2579389 0.1184003
v -0.1237452 0.2566895 0.1182223
v -0.1199758 0.2679946 0.1207705
v -0.1193772 0.2660172 0.1203823
v -0.1194295 0.2617637 0.1197273
v -0.1199286 0.2595154 0.1197337
v -0.1358374 0.2691304 0.1157923
v -0.1363777 0.2664284 0.1146805
v -0.1363701 0.2624349 0.1142762
v -0.1357835 0.2594387 0.1146073
v -0.1330043 0.2717131 0.1163290
v -0.1334044 0.2711157 0.1162098
v -0.1331704 0.2574103 0.1145823
v -0.1327361 0.2568060 0.1145721
v -0.1285515 0.2718866 0.1160604
v -0.1285622 0.2713899 0.1160039
v -0.1292996 0.2572284 0.1144296
v -0.1292858 0.2567329 0.1143644
v -0.1258395 0.2717018 0.1166576
v -0.1258818 0.2712081 0.1166029
v -0.1254801 0.2574004 0.1146283
v -0.1254210 0.2569098 0.1145628
v -0.1217208 0.2699079 0.1165163
v -0.1216583 0.2586644 0.1151415
v -0.1199781 0.2682859 0.1167894
v -0.1195851 0.2666822 0.1162892
v -0.1195762 0.2624416 0.1158395
v -0.1199331 0.2601917 0.1157997
v -0.1355667 0.2695787 0.1131077
v -0.1362958 0.2670629 0.1124506
v -0.1362518 0.2622410 0.1117569
v -0.1355019 0.2596463 0.1119134
v -0.1324219 0.2722111 0.1123755
v -0.1330428 0.2714950 0.1125378
v -0.1329282 0.2579462 0.1108590
v -0.1323249 0.2573035 0.1105590
v -0.1287113 0.2723845 0.1117882
v -0.1288793 0.2718750 0.1118684
v -0.1288111 0.2577966 0.1101460
v -0.1285665 0.2573333 0.1098821
v -0.1261692 0.2722405 0.1122194
v -0.1260980 0.2717478 0.1120851
v -0.1260210 0.2578985 0.1103915
v -0.1260527 0.2573827 0.1104610
v -0.1214635 0.2697420 0.1126584
v -0.1203514 0.2669308 0.1121164
v -0.1203314 0.2627071 0.1115936
v -0.1214429 0.2597245 0.1114549
v -0.1201233 0.2685712 0.1123388
v -0.1198695 0.2667047 0.1124085
v -0.1198611 0.2627642 0.1118667
v -0.1200787 0.2609900 0.1114144
v -0.1352649 0.2699163 0.1098731
v -0.1359863 0.2672976 0.1085780
v -0.1359003 0.2628861 0.1078077
v -0.1352104 0.2601084 0.1086738
v -0.1321587 0.2726063 0.1088922
v -0.1329320 0.2718573 0.1093700
v -0.1313662 0.2653522 0.1066699
v -0.1327761 0.2583466 0.1077878
v -0.1320326 0.2577647 0.1070668
v -0.1296364 0.2725921 0.1099646
v -0.1300294 0.2720330 0.1107152
v -0.1296611 0.2651697 0.1082404
v -0.1275678 0.2650853 0.1090258
v -0.1299553 0.2579086 0.1089877
v -0.1296007 0.2575380 0.1081964
v -0.1252456 0.2723750 0.1103019
v -0.1245503 0.2718571 0.1105452
v -0.1249428 0.2651615 0.1085218
v -0.1265805 0.2650913 0.1090214
v -0.1244479 0.2581883 0.1088180
v -0.1252356 0.2577163 0.1085327
v -0.1231149 0.2726992 0.1079304
v -0.1224297 0.2709292 0.1101049
v -0.1223727 0.2674769 0.1087282
v -0.1223284 0.2628975 0.1081498
v -0.1223192 0.2592448 0.1087141
v -0.1230332 0.2580088 0.1061342
v -0.1200150 0.2672353 0.1108449
v -0.1199915 0.2628522 0.1103081
v -0.1350051 0.2704615 0.1047719
v -0.1356693 0.2678429 0.1046327
v -0.1356310 0.2633530 0.1040676
v -0.1349552 0.2608442 0.1035740
v -0.1321451 0.2729177 0.1060386
v -0.1336166 0.2719909 0.1057151
v -0.1318752 0.2654861 0.1055519
v -0.1320754 0.2656870 0.1038994
v -0.1335353 0.2591163 0.1041551
v -0.1320816 0.2581584 0.1042230
v -0.1271406 0.2730372 0.1049830
v -0.1270589 0.2583468 0.1031868
v -0.1223482 0.2729197 0.1061623
v -0.1222665 0.2582293 0.1043661
v -0.1349211 0.2708842 0.1033579
v -0.1357019 0.2684605 0.1030255
v -0.1356823 0.2635436 0.1024239
v -0.1348910 0.2607740 0.1021205
v -0.1320371 0.2731588 0.1034662
v -0.1333783 0.2725411 0.1036334
v -0.1338474 0.2658134 0.1027853
v -0.1319490 0.2658134 0.1028719
v -0.1333899 0.2591502 0.1019917
v -0.1319841 0.2585418 0.1017064
v -0.1301174 0.2735049 0.1010223
v -0.1300357 0.2588146 0.0992261
v -0.1238098 0.2735042 0.1013148
v -0.1237281 0.2588139 0.0995186
v -0.1224976 0.2732662 0.1033211
v -0.1224160 0.2585759 0.1015249
v -0.1283646 0.2736160 0.1001940
v -0.1282829 0.2589256 0.0983978
v -0.1259558 0.2736253 0.1002268
v -0.1258741 0.2589350 0.0984306
v -0.1358760 0.2685850 0.1025843
v -0.1359112 0.2672280 0.1025461
v -0.1358840 0.2643035 0.1020587
v -0.1358641 0.2632167 0.1020246
v -0.1339001 0.2724746 0.1032365
v -0.1345219 0.2711659 0.1031216
v -0.1352183 0.2692544 0.1028526
v -0.1348420 0.2678875 0.1028287
v -0.1348191 0.2637792 0.1023264
v -0.1352227 0.2625834 0.1020342
v -0.1345250 0.2605878 0.1018291
v -0.1338062 0.2592494 0.1015120
v -0.1325564 0.2729720 0.1032140
v -0.1324333 0.2712889 0.1029740
v -0.1323731 0.2604696 0.1016511
v -0.1323743 0.2587910 0.1013710
v -0.1357495 0.2686429 0.1011204
v -0.1357552 0.2669613 0.1006961
v -0.1357340 0.2643408 0.1003762
v -0.1357565 0.2632296 0.1008912
v -0.1337194 0.2726832 0.1019444
v -0.1341919 0.2716492 0.1008200
v -0.1355663 0.2696903 0.1008260
v -0.1354971 0.2624016 0.1000237
v -0.1340869 0.2605715 0.0994259
v -0.1336759 0.2593730 0.1003559
v -0.1325583 0.2731758 0.1015742
v -0.1327029 0.2716986 0.1006494
v -0.1326413 0.2606291 0.0992959
v -0.1323573 0.2590019 0.0998059
v -0.1306287 0.2735360 0.1014172
v -0.1304778 0.2719169 0.1012222
v -0.1304132 0.2603036 0.0998022
v -0.1303600 0.2587287 0.0995080
v -0.1355429 0.2671897 0.0981275
v -0.1355293 0.2652658 0.0978925
v -0.1333949 0.2731602 0.0980845
v -0.1340094 0.2716718 0.0986485
v -0.1342774 0.2698855 0.0976897
v -0.1354555 0.2684368 0.0976337
v -0.1354534 0.2648297 0.0971914
v -0.1342506 0.2631458 0.0968649
v -0.1339532 0.2611474 0.0973374
v -0.1333942 0.2598708 0.0964740
v -0.1322846 0.2735561 0.0988605
v -0.1326702 0.2717588 0.0988885
v -0.1328413 0.2701354 0.0975834
v -0.1328010 0.2628833 0.0966967
v -0.1326103 0.2609953 0.0975724
v -0.1322596 0.2593073 0.0971419
v -0.1295447 0.2738888 0.0993531
v -0.1290465 0.2714120 0.0983370
v -0.1291211 0.2705732 0.0983898
v -0.1290751 0.2623050 0.0973788
v -0.1290486 0.2613150 0.0970183
v -0.1297379 0.2588854 0.0977216
v -0.1271860 0.2739061 0.0995183
v -0.1271457 0.2720743 0.0992926
v -0.1276282 0.2703960 0.0984675
v -0.1275841 0.2624746 0.0974989
v -0.1271449 0.2606987 0.0978394
v -0.1271604 0.2588204 0.0977036
v -0.1256045 0.2735866 0.0991969
v -0.1255728 0.2719354 0.0987048
v -0.1254604 0.2609504 0.0973815
v -0.1255356 0.2592250 0.0974354
v -0.1232587 0.2731752 0.1000296
v -0.1242702 0.2712363 0.0991829
v -0.1236797 0.2694699 0.0989007
v -0.1236320 0.2633228 0.0981755
v -0.1241933 0.2615571 0.0979938
v -0.1232209 0.2594424 0.0983401
v -0.1218927 0.2725621 0.0991332
v -0.1218243 0.2602749 0.0976309
v -0.1353552 0.2668884 0.0954927
v -0.1353881 0.2658305 0.0960133
v -0.1333216 0.2733818 0.0964254
v -0.1342927 0.2723086 0.0962288
v -0.1351289 0.2700337 0.0957632
v -0.1353101 0.2683792 0.0956786
v -0.1352852 0.2652315 0.0950767
v -0.1350860 0.2632059 0.0951897
v -0.1342328 0.2610807 0.0948123
v -0.1332657 0.2599934 0.0950047
v -0.1323622 0.2737703 0.0967882
v -0.1317634 0.2720109 0.0968755
v -0.1314840 0.2696022 0.0961269
v -0.1310137 0.2688406 0.0958618
v -0.1309983 0.2645693 0.0953280
v -0.1314434 0.2637823 0.0954051
v -0.1317035 0.2612455 0.0955592
v -0.1320812 0.2595271 0.0948546
v -0.1296752 0.2738643 0.0968411
v -0.1296126 0.2719473 0.0974730
v -0.1304143 0.2697009 0.0966315
v -0.1308813 0.2687507 0.0960490
v -0.1308583 0.2646183 0.0955437
v -0.1303738 0.2635673 0.0958833
v -0.1296974 0.2610300 0.0960647
v -0.1296192 0.2594291 0.0950785
v -0.1279701 0.2737884 0.0975792
v -0.1279534 0.2717509 0.0980146
v -0.1275374 0.2704856 0.0978966
v -0.1274931 0.2625261 0.0969234
v -0.1280388 0.2613790 0.0967174
v -0.1279033 0.2593954 0.0957828
v -0.1252971 0.2736362 0.0977818
v -0.1262508 0.2720847 0.0982381
v -0.1261886 0.2609060 0.0968713
v -0.1252313 0.2595195 0.0960553
v -0.1235475 0.2733281 0.0981810
v -0.1226749 0.2730348 0.0973089
v -0.1224976 0.2602829 0.0958276
v -0.1234324 0.2598267 0.0961731
v -0.1213928 0.2721363 0.0979089
v -0.1213047 0.2610024 0.0965900
v -0.1332223 0.2736969 0.0941868
v -0.1339612 0.2722681 0.0941707
v -0.1336766 0.2698457 0.0934948
v -0.1343671 0.2687936 0.0932656
v -0.1344069 0.2650696 0.0927987
v -0.1336505 0.2641446 0.0927985
v -0.1338703 0.2615736 0.0928651
v -0.1331394 0.2602197 0.0926482
v -0.1315376 0.2739639 0.0941857
v -0.1328909 0.2714108 0.0946233
v -0.1327455 0.2701062 0.0939286
v -0.1326846 0.2635931 0.0933052
v -0.1328406 0.2623582 0.0935164
v -0.1316604 0.2599065 0.0926111
v -0.1300599 0.2740370 0.0948662
v -0.1299174 0.2597452 0.0931736
v -0.1275382 0.2741089 0.0947822
v -0.1275131 0.2597646 0.0929582
v -0.1255685 0.2738586 0.0954240
v -0.1255101 0.2598677 0.0937131
v -0.1239004 0.2735253 0.0960806
v -0.1238712 0.2600450 0.0944029
v -0.1330766 0.2739287 0.0925944
v -0.1340365 0.2728531 0.0923989
v -0.1336482 0.2696497 0.0927442
v -0.1338068 0.2689133 0.0925296
v -0.1337802 0.2651515 0.0920700
v -0.1335563 0.2645359 0.0921616
v -0.1339275 0.2614107 0.0910029
v -0.1330708 0.2604430 0.0909409
v -0.1317393 0.2740454 0.0927720
v -0.1318877 0.2737917 0.0918509
v -0.1328973 0.2693555 0.0929399
v -0.1328247 0.2691122 0.0929041
v -0.1328018 0.2650039 0.0924017
v -0.1328717 0.2647583 0.0923778
v -0.1318330 0.2607057 0.0903874
v -0.1316673 0.2602260 0.0911573
v -0.1297522 0.2743156 0.0924751
v -0.1296556 0.2600692 0.0908267
v -0.1275190 0.2743208 0.0925348
v -0.1274035 0.2600890 0.0908571
v -0.1250278 0.2739585 0.0929473
v -0.1249535 0.2603657 0.0913411
v -0.1328810 0.2741601 0.0902503
v -0.1338086 0.2731289 0.0898061
v -0.1346033 0.2709798 0.0896662
v -0.1349008 0.2681486 0.0898181
v -0.1348589 0.2659849 0.0895554
v -0.1345642 0.2638294 0.0888781
v -0.1337586 0.2618286 0.0884669
v -0.1329077 0.2608557 0.0884008
v -0.1316879 0.2743884 0.0903451
v -0.1316064 0.2739402 0.0901041
v -0.1314462 0.2610888 0.0879790
v -0.1317221 0.2605132 0.0886789
v -0.1294624 0.2744709 0.0906308
v -0.1294575 0.2604514 0.0885918
v -0.1274425 0.2745286 0.0903445
v -0.1273580 0.2604134 0.0886635
v -0.1253905 0.2742489 0.0904526
v -0.1253711 0.2606427 0.0890734
v -0.1326658 0.2743164 0.0881185
v -0.1336418 0.2732643 0.0879325
v -0.1344735 0.2708987 0.0875957
v -0.1346855 0.2684181 0.0872808
v -0.1346467 0.2663745 0.0870323
v -0.1343710 0.2641011 0.0867680
v -0.1335331 0.2620951 0.0865696
v -0.1315392 0.2746831 0.0881528
v -0.1310926 0.2741923 0.0878536
v -0.1309726 0.2613597 0.0859692
v -0.1316343 0.2607748 0.0866894
v -0.1290462 0.2746491 0.0885294
v -0.1289682 0.2607262 0.0868265
v -0.1270975 0.2746651 0.0887725
v -0.1270407 0.2607071 0.0868200
v -0.1256360 0.2745106 0.0883183
v -0.1254790 0.2608582 0.0873317
v -0.1332640 0.2735848 0.0853983
v -0.1341954 0.2716043 0.0856259
v -0.1344029 0.2691523 0.0847988
v -0.1343918 0.2667827 0.0845089
v -0.1341698 0.2644855 0.0846684
v -0.1332652 0.2625158 0.0840414
v -0.1313180 0.2748848 0.0857091
v -0.1311245 0.2743297 0.0858777
v -0.1313106 0.2615990 0.0844469
v -0.1312691 0.2611282 0.0842208
v -0.1292105 0.2747518 0.0862922
v -0.1291341 0.2611643 0.0846304
v -0.1268029 0.2748138 0.0862302
v -0.1267042 0.2611644 0.0844771
v -0.1258983 0.2746516 0.0870768
v -0.1258131 0.2611015 0.0854659
v -0.1331152 0.2735677 0.0834060
v -0.1338534 0.2718904 0.0830436
v -0.1340830 0.2697009 0.0826303
v -0.1340582 0.2670506 0.0821790
v -0.1338312 0.2648354 0.0821206
v -0.1330296 0.2628882 0.0821487
v -0.1308623 0.2749993 0.0835899
v -0.1310225 0.2745084 0.0835814
v -0.1311789 0.2620641 0.0821505
v -0.1308949 0.2615291 0.0822570
v -0.1286573 0.2748678 0.0838730
v -0.1291476 0.2747355 0.0832628
v -0.1290948 0.2619179 0.0816802
v -0.1285990 0.2616465 0.0822415
v -0.1272909 0.2749011 0.0844362
v -0.1272755 0.2614958 0.0827391
v -0.1326859 0.2736507 0.0815665
v -0.1334507 0.2718282 0.0810116
v -0.1337246 0.2697535 0.0808304
v -0.1337048 0.2674258 0.0804950
v -0.1334145 0.2652249 0.0802058
v -0.1326265 0.2633264 0.0803136
v -0.1304441 0.2750441 0.0824534
v -0.1309431 0.2745610 0.0816726
v -0.1308681 0.2624829 0.0800967
v -0.1303667 0.2618245 0.0808111
v -0.1294601 0.2745612 0.0823973
v -0.1293992 0.2622840 0.0808940
v -0.1322487 0.2732152 0.0798871
v -0.1326218 0.2718009 0.0791795
v -0.1329131 0.2699068 0.0787327
v -0.1328992 0.2678259 0.0784527
v -0.1325883 0.2656966 0.0784349
v -0.1321982 0.2641576 0.0787823
v -0.1306033 0.2738862 0.0796039
v -0.1310222 0.2726546 0.0784496
v -0.1310715 0.2650900 0.0775408
v -0.1304523 0.2636573 0.0782539
v -0.1319771 0.2698974 0.0774880
v -0.1319637 0.2682024 0.0772568
v -0.1302101 0.2720467 0.0776566
v -0.1307901 0.2702913 0.0770397
v -0.1307851 0.2679574 0.0767274
v -0.1301742 0.2658762 0.0768898
v -0.1297010 0.2716107 0.0772662
v -0.1296356 0.2701343 0.0767093
v -0.1296230 0.2679575 0.0764402
v -0.1296663 0.2664877 0.0765991
v -0.1271392 0.2748830 0.0843340
v -0.1279984 0.2749055 0.0834125
v -0.1255949 0.2746109 0.0864872
v -0.1262396 0.2747614 0.0859770
v -0.1252804 0.2743967 0.0887063
v -0.1249859 0.2741154 0.0909095
v -0.1245058 0.2738669 0.0925575
v -0.1237978 0.2735082 0.0958694
v -0.1250797 0.2733096 0.0804597
v -0.1268173 0.2734824 0.0799962
v -0.1288234 0.2735716 0.0799378
v -0.1300472 0.2734551 0.0799855
v -0.1229804 0.2731199 0.0825458
v -0.1245618 0.2736985 0.0817711
v -0.1269212 0.2744211 0.0818592
v -0.1289870 0.2744513 0.0818360
v -0.1301517 0.2740857 0.0813304
v -0.1225580 0.2732168 0.0843581
v -0.1246771 0.2742800 0.0841069
v -0.1267620 0.2747825 0.0835562
v -0.1283785 0.2748434 0.0830295
v -0.1214075 0.2723613 0.0863004
v -0.1223577 0.2731738 0.0861461
v -0.1244795 0.2742990 0.0861245
v -0.1213429 0.2722737 0.0887067
v -0.1225315 0.2732552 0.0887517
v -0.1242102 0.2740945 0.0887152
v -0.1210902 0.2719121 0.0907503
v -0.1229375 0.2733441 0.0909778
v -0.1213475 0.2721465 0.0930743
v -0.1226640 0.2731264 0.0930574
v -0.1213166 0.2720491 0.0951973
v -0.1226463 0.2730643 0.0952843
v -0.1212557 0.2719656 0.0971642
v -0.1226295 0.2730190 0.0967277
v -0.1266320 0.2714446 0.0780103
v -0.1287101 0.2714339 0.0778664
v -0.1297911 0.2711513 0.0778202
v -0.1228437 0.2714889 0.0801513
v -0.1243626 0.2720669 0.0794782
v -0.1265381 0.2723803 0.0787946
v -0.1288504 0.2725208 0.0787173
v -0.1298957 0.2722420 0.0786025
v -0.1209110 0.2707280 0.0825400
v -0.1221396 0.2718997 0.0816658
v -0.1234040 0.2727922 0.0811240
v -0.1208744 0.2713061 0.0839785
v -0.1216273 0.2722846 0.0836805
v -0.1207214 0.2712828 0.0857084
v -0.1205697 0.2710049 0.0883449
v -0.1204426 0.2707058 0.0905760
v -0.1203992 0.2705658 0.0927559
v -0.1203199 0.2703607 0.0947977
v -0.1199407 0.2691594 0.0967563
v -0.1202839 0.2703450 0.0968474
v -0.1247645 0.2698267 0.0779155
v -0.1265533 0.2702449 0.0775096
v -0.1287707 0.2701752 0.0773437
v -0.1297450 0.2701012 0.0774266
v -0.1224824 0.2695379 0.0794470
v -0.1238026 0.2699332 0.0785055
v -0.1207225 0.2692820 0.0819575
v -0.1214539 0.2696915 0.0807525
v -0.1201147 0.2689272 0.0839838
v -0.1200444 0.2691441 0.0855196
v -0.1199854 0.2689925 0.0883397
v -0.1198756 0.2683977 0.0920710
v -0.1197714 0.2676115 0.0950221
v -0.1197740 0.2678431 0.0963471
v -0.1247861 0.2678802 0.0776768
v -0.1265913 0.2677804 0.0771816
v -0.1287553 0.2678677 0.0770502
v -0.1297341 0.2677800 0.0771560
v -0.1225227 0.2676664 0.0792087
v -0.1238186 0.2675236 0.0782303
v -0.1207264 0.2673257 0.0817569
v -0.1214676 0.2672164 0.0804728
v -0.1201200 0.2671274 0.0838350
v -0.1200652 0.2665183 0.0851845
v -0.1199871 0.2661441 0.0879669
v -0.1198768 0.2657344 0.0918346
v -0.1197832 0.2657546 0.0944531
v -0.1197698 0.2653584 0.0960386
v -0.1267339 0.2664185 0.0773652
v -0.1286822 0.2664193 0.0772537
v -0.1297761 0.2665081 0.0773240
v -0.1228125 0.2658793 0.0794654
v -0.1243259 0.2654639 0.0786709
v -0.1262817 0.2653546 0.0779429
v -0.1288093 0.2651581 0.0778177
v -0.1298717 0.2653110 0.0778509
v -0.1208851 0.2660634 0.0819697
v -0.1221019 0.2651235 0.0808372
v -0.1233572 0.2643740 0.0800947
v -0.1208402 0.2651562 0.0832265
v -0.1215827 0.2642701 0.0827006
v -0.1206852 0.2647637 0.0849113
v -0.1205330 0.2643999 0.0875373
v -0.1204062 0.2641540 0.0897749
v -0.1203614 0.2637651 0.0919244
v -0.1202816 0.2634730 0.0939555
v -0.1199130 0.2641711 0.0961464
v -0.1202430 0.2629949 0.0959487
v -0.1250280 0.2640136 0.0793231
v -0.1267295 0.2638937 0.0788761
v -0.1287691 0.2638446 0.0787491
v -0.1299796 0.2639818 0.0787708
v -0.1229281 0.2637180 0.0813962
v -0.1245041 0.2633259 0.0805029
v -0.1267738 0.2625919 0.0804154
v -0.1288927 0.2624917 0.0804392
v -0.1301333 0.2630492 0.0799245
v -0.1225022 0.2631920 0.0831324
v -0.1246099 0.2621975 0.0826295
v -0.1266346 0.2618256 0.0819888
v -0.1282945 0.2618665 0.0814522
v -0.1213586 0.2635669 0.0852250
v -0.1223001 0.2628051 0.0848783
v -0.1244094 0.2616951 0.0845834
v -0.1212917 0.2630728 0.0875817
v -0.1224695 0.2620965 0.0873873
v -0.1241389 0.2612723 0.0871474
v -0.1210403 0.2629342 0.0896526
v -0.1228715 0.2614695 0.0895259
v -0.1212918 0.2621439 0.0918512
v -0.1225975 0.2611826 0.0915970
v -0.1212592 0.2617273 0.0939352
v -0.1225775 0.2607065 0.0937733
v -0.1212318 0.2613031 0.0958639
v -0.1225764 0.2603951 0.0951720
v -0.1269585 0.2615202 0.0827814
v -0.1278906 0.2617123 0.0818309
v -0.1255208 0.2612928 0.0848588
v -0.1261486 0.2612558 0.0843756
v -0.1251782 0.2609541 0.0871949
v -0.1248710 0.2607132 0.0893451
v -0.1244919 0.2605333 0.0910072
v -0.1236439 0.2601361 0.0942911
f 315 420 373
f 315 373 246
f 246 315 314
f 313 244 246
f 313 246 314
f 286 287 612
f 612 746 745
f 612 745 286
f 344 348 287
f 746 612 534
f 746 534 733
f 733 534 530
f 733 530 281
f 281 530 344
f 281 344 287
f 522 693 707
f 340 276 273
f 340 273 526
f 526 273 522
f 526 522 707
f 604 522 693
f 522 273 693
f 508 656 665
f 508 665 511
f 261 250 319
f 656 508 644
f 644 508 634
f 261 319 329
f 329 319 498
f 329 498 508
f 508 498 634
f 634 498 553
f 553 498 488
f 553 626 634
f 246 244 251
f 251 244 250
f 273 276 277
f 282 288 277
f 290 288 286
f 286 288 287
f 289 288 290
f 267 263 262
f 268 263 267
f 271 267 270
f 282 277 281
f 282 281 288
f 288 281 287
f 277 276 281
f 273 270 269
f 268 267 271
f 271 270 275
f 275 270 274
f 275 274 279
f 262 251 261
f 261 251 250
f 274 270 273
f 274 278 279
f 251 252 246
f 288 289 277
f 277 289 283
f 277 283 280
f 277 280 278
f 67 68 81
f 67 81 80
f 80 81 94
f 80 94 93
f 93 94 211
f 93 211 210
f 210 211 222
f 210 222 221
f 221 222 292
f 221 292 291
f 291 292 295
f 291 295 294
f 294 295 355
f 294 355 354
f 354 355 399
f 354 399 398
f 379 380 324
f 379 324 323
f 323 324 259
f 323 259 258
f 258 259 150
f 258 150 149
f 149 150 162
f 149 162 161
f 161 162 171
f 161 171 170
f 170 171 25
f 170 25 24
f 24 25 40
f 24 40 39
f 39 40 55
f 39 55 54
f 472 473 541
f 472 541 540
f 540 541 616
f 540 616 615
f 615 616 748
f 615 748 747
f 747 748 735
f 747 735 734
f 734 735 794
f 734 794 793
f 793 794 788
f 793 788 787
f 787 788 783
f 787 783 782
f 782 783 778
f 782 778 777
f 773 774 770
f 773 770 769
f 769 770 766
f 769 766 765
f 765 766 763
f 765 763 762
f 762 763 658
f 762 658 657
f 657 658 646
f 657 646 645
f 645 646 561
f 645 561 560
f 560 561 502
f 560 502 501
f 501 502 429
f 501 429 428
f 8 9 18
f 7 154 8
f 753 737 736
f 784 789 790
f 233 231 234
f 705 719 720
f 314 244 313
f 133 144 6
f 123 240 241
f 654 675 676
f 412 482 483
f 295 292 296
f 324 380 325
f 262 160 148
f 626 625 633
f 625 626 552
f 552 626 553
f 633 634 626
f 656 644 643
f 643 644 633
f 633 644 634
f 665 656 655
f 676 693 665
f 732 746 733
f 746 732 745
f 745 732 731
f 745 731 744
f 741 729 728
f 741 728 740
f 739 740 728
f 738 739 727
f 116 214 104
f 289 219 290
f 219 209 220
f 219 220 289
f 201 202 208
f 208 202 209
f 194 195 201
f 201 195 202
f 278 194 279
f 194 278 195
f 182 272 275
f 160 262 263
f 148 257 262
f 251 257 250
f 250 257 137
f 252 251 245
f 488 489 418
f 418 489 419
f 487 488 417
f 552 553 487
f 487 553 488
f 774 775 771
f 774 771 770
f 766 770 771
f 771 767 766
f 658 763 659
f 764 763 767
f 767 763 766
f 658 659 647
f 658 647 646
f 646 647 562
f 646 562 561
f 503 502 562
f 562 502 561
f 503 429 502
f 380 429 430
f 430 429 503
f 254 259 253
f 254 253 324
f 26 25 162
f 26 162 163
f 41 40 25
f 41 25 26
f 69 68 55
f 69 55 56
f 56 55 41
f 41 55 40
f 68 69 82
f 82 94 81
f 82 81 68
f 106 94 107
f 356 355 296
f 296 355 295
f 400 399 356
f 399 355 356
f 474 541 473
f 541 542 616
f 616 542 617
f 795 794 735
f 795 735 749
f 749 735 748
f 783 789 784
f 783 784 779
f 783 779 778
f 48 47 32
f 33 48 32
f 50 64 63
f 90 77 91
f 91 77 78
f 90 103 89
f 89 103 102
f 101 88 89
f 101 89 102
f 32 47 31
f 47 46 31
f 46 60 31
f 724 711 710
f 725 711 724
f 725 712 711
f 726 713 725
f 725 713 712
f 714 713 727
f 727 713 726
f 727 726 738
f 738 726 737
f 737 726 725
f 739 728 727
f 727 728 714
f 702 703 691
f 691 703 692
f 691 692 683
f 653 652 664
f 674 664 673
f 641 640 653
f 653 640 652
f 630 640 641
f 483 548 549
f 362 408 363
f 363 408 409
f 408 362 376
f 408 376 407
f 407 376 425
f 376 375 424
f 376 424 425
f 430 431 381
f 381 431 375
f 375 431 423
f 763 764 659
f 703 704 692
f 692 704 684
f 692 684 683
f 631 630 641
f 653 664 674
f 674 685 706
f 412 413 367
f 412 367 366
f 631 641 642
f 642 641 653
f 642 653 654
f 654 653 674
f 654 674 675
f 675 674 706
f 550 549 623
f 623 549 622
f 623 622 630
f 623 630 631
f 415 484 485
f 551 486 485
f 484 483 549
f 484 549 550
f 551 550 624
f 624 550 623
f 624 623 631
f 624 631 632
f 707 693 676
f 707 676 675
f 707 675 706
f 676 665 655
f 676 655 654
f 654 655 643
f 654 643 642
f 642 643 633
f 643 655 656
f 632 642 633
f 632 633 624
f 624 633 625
f 624 625 552
f 624 552 551
f 240 239 309
f 309 239 308
f 309 308 368
f 368 308 367
f 368 367 414
f 414 367 413
f 239 240 122
f 122 123 132
f 133 132 123
f 122 121 239
f 309 310 240
f 310 309 369
f 369 309 368
f 369 368 415
f 415 368 414
f 415 414 484
f 484 414 413
f 124 123 241
f 123 124 133
f 133 124 134
f 485 486 415
f 415 486 416
f 415 416 369
f 369 416 370
f 369 370 310
f 310 370 311
f 310 311 242
f 310 242 241
f 310 241 240
f 6 12 5
f 132 133 143
f 132 143 6
f 143 133 6
f 6 5 132
f 132 5 131
f 132 131 122
f 122 131 121
f 63 49 50
f 51 50 36
f 51 36 37
f 35 22 165
f 135 145 134
f 135 134 125
f 125 134 124
f 165 157 166
f 166 157 158
f 166 158 167
f 185 191 79
f 51 52 66
f 51 66 65
f 65 66 185
f 65 185 79
f 37 38 52
f 38 53 52
f 52 53 186
f 38 173 53
f 53 173 179
f 53 179 186
f 35 165 23
f 23 165 166
f 37 52 51
f 50 51 65
f 50 65 64
f 64 65 79
f 64 79 78
f 242 125 124
f 551 552 486
f 486 552 487
f 486 487 416
f 416 487 417
f 416 417 370
f 370 417 371
f 370 371 311
f 311 371 312
f 311 312 242
f 242 312 243
f 121 238 239
f 314 313 315
f 418 419 420
f 418 420 372
f 372 420 373
f 372 373 313
f 313 373 315
f 244 314 245
f 245 314 246
f 252 245 246
f 136 135 126
f 126 135 125
f 126 125 243
f 243 125 242
f 242 124 241
f 243 244 126
f 126 244 250
f 126 250 136
f 136 250 137
f 417 488 418
f 417 418 371
f 371 418 372
f 371 372 312
f 312 372 313
f 312 313 243
f 243 313 244
f 244 245 251
f 156 145 157
f 157 145 146
f 157 146 158
f 158 146 147
f 158 147 159
f 159 147 148
f 159 148 160
f 169 168 160
f 160 168 159
f 145 156 144
f 144 156 13
f 144 13 6
f 6 13 12
f 257 148 137
f 137 148 147
f 137 147 136
f 136 147 146
f 136 146 135
f 135 146 145
f 145 144 134
f 134 144 133
f 240 123 122
f 174 173 167
f 167 173 172
f 167 172 166
f 166 172 37
f 166 37 36
f 166 36 23
f 23 36 35
f 22 35 21
f 158 159 167
f 167 159 168
f 167 168 174
f 174 168 169
f 174 169 175
f 173 174 179
f 179 174 180
f 179 180 186
f 186 180 187
f 186 187 192
f 192 187 193
f 268 169 263
f 263 169 160
f 175 169 268
f 175 268 176
f 176 268 271
f 175 176 182
f 175 182 181
f 279 194 275
f 275 194 188
f 275 188 182
f 182 188 181
f 104 103 91
f 91 103 90
f 215 117 104
f 215 104 105
f 105 104 92
f 92 79 191
f 216 215 205
f 205 215 105
f 205 105 198
f 198 105 92
f 198 92 191
f 217 216 206
f 206 216 205
f 206 205 199
f 199 205 198
f 199 198 192
f 192 198 191
f 78 79 92
f 78 92 91
f 91 92 104
f 116 104 117
f 116 117 214
f 214 117 215
f 718 704 703
f 716 730 717
f 717 730 718
f 743 718 730
f 743 730 742
f 720 706 705
f 218 217 207
f 207 217 206
f 207 206 200
f 200 206 199
f 200 199 193
f 193 199 192
f 174 175 180
f 180 175 181
f 180 181 187
f 187 181 188
f 187 188 193
f 193 188 194
f 193 194 200
f 200 194 201
f 200 201 207
f 207 201 208
f 207 208 218
f 66 52 186
f 66 186 185
f 185 186 191
f 191 186 192
f 219 218 208
f 219 208 209
f 719 744 731
f 719 731 732
f 719 732 720
f 720 732 733
f 721 707 706
f 642 632 631
f 733 721 720
f 720 721 706
f 705 706 685
f 107 94 95
f 96 95 83
f 85 98 97
f 96 97 108
f 108 213 212
f 72 86 85
f 85 86 98
f 98 110 97
f 97 110 109
f 97 109 108
f 108 109 224
f 108 224 213
f 213 224 212
f 212 224 223
f 212 223 211
f 211 223 222
f 86 99 98
f 98 99 110
f 109 110 225
f 109 225 224
f 99 111 110
f 110 226 225
f 111 118 227
f 111 227 226
f 226 231 225
f 225 231 230
f 225 230 229
f 228 229 296
f 228 296 293
f 293 296 292
f 401 400 356
f 473 399 474
f 474 399 400
f 474 400 401
f 402 401 357
f 357 401 356
f 357 356 298
f 298 356 296
f 298 296 297
f 226 227 231
f 229 297 296
f 297 230 299
f 297 299 298
f 298 299 357
f 234 231 232
f 300 234 301
f 404 405 403
f 403 405 402
f 403 402 358
f 358 402 357
f 358 357 299
f 404 403 359
f 359 403 358
f 359 358 300
f 300 358 299
f 300 299 233
f 233 299 230
f 233 230 231
f 300 301 302
f 300 302 359
f 359 302 360
f 360 302 361
f 475 474 401
f 475 401 402
f 227 232 231
f 229 230 297
f 100 111 86
f 86 87 100
f 100 87 88
f 100 88 101
f 111 100 112
f 112 100 101
f 112 101 113
f 113 101 102
f 113 102 114
f 114 102 103
f 114 103 115
f 115 103 104
f 115 104 116
f 360 361 405
f 405 361 406
f 405 406 477
f 402 476 475
f 474 475 542
f 474 542 541
f 476 543 475
f 475 543 542
f 748 616 754
f 754 616 617
f 754 617 755
f 542 543 617
f 617 543 618
f 617 618 755
f 477 545 544
f 233 234 300
f 359 360 404
f 404 360 405
f 544 545 619
f 406 478 477
f 477 478 546
f 477 546 545
f 545 546 619
f 619 546 621
f 619 618 543
f 619 543 544
f 544 543 477
f 477 543 476
f 477 476 405
f 405 476 402
f 756 760 757
f 756 759 760
f 760 619 761
f 761 619 620
f 761 620 621
f 757 758 753
f 758 757 761
f 761 757 760
f 755 756 750
f 750 756 751
f 801 751 802
f 621 620 619
f 619 760 618
f 618 760 759
f 618 759 755
f 755 759 756
f 754 749 748
f 788 795 789
f 795 749 799
f 754 755 750
f 754 750 749
f 749 750 800
f 749 800 799
f 799 800 796
f 799 796 795
f 795 796 790
f 795 790 789
f 797 790 796
f 788 794 795
f 789 783 788
f 779 775 778
f 778 775 774
f 800 750 801
f 750 751 801
f 797 796 800
f 800 801 797
f 797 801 802
f 797 802 798
f 797 798 791
f 797 791 790
f 790 785 784
f 784 785 780
f 751 756 752
f 751 752 802
f 802 752 798
f 756 757 752
f 752 757 753
f 752 753 736
f 752 736 798
f 798 736 792
f 798 792 791
f 790 791 786
f 790 786 785
f 737 725 736
f 736 725 724
f 736 724 792
f 792 724 791
f 791 724 710
f 791 710 786
f 718 703 717
f 717 703 702
f 717 702 716
f 716 702 701
f 716 701 715
f 674 673 685
f 685 673 684
f 685 684 705
f 705 684 704
f 705 704 718
f 705 718 719
f 719 718 744
f 744 718 743
f 741 742 730
f 741 730 729
f 729 730 716
f 729 716 728
f 728 716 715
f 728 715 714
f 779 784 780
f 247 255 326
f 326 255 325
f 151 152 163
f 255 254 325
f 325 254 324
f 152 164 163
f 163 164 14
f 163 14 26
f 26 14 27
f 26 27 41
f 41 27 42
f 41 42 56
f 56 42 57
f 56 57 69
f 69 57 70
f 69 70 83
f 69 83 82
f 247 256 255
f 152 139 154
f 317 247 326
f 317 326 316
f 152 153 164
f 164 153 15
f 164 15 14
f 153 152 154
f 153 154 15
f 15 154 7
f 14 28 27
f 27 28 43
f 27 43 42
f 57 42 44
f 44 42 43
f 44 43 28
f 29 16 30
f 14 15 28
f 28 15 29
f 28 29 44
f 212 107 108
f 108 107 96
f 97 96 84
f 97 84 85
f 85 84 71
f 85 71 72
f 72 71 58
f 44 58 57
f 57 58 71
f 57 71 70
f 70 71 84
f 70 84 83
f 83 84 96
f 95 96 107
f 107 212 106
f 106 212 211
f 8 154 155
f 155 154 140
f 140 154 139
f 140 139 127
f 364 363 410
f 410 363 409
f 303 318 317
f 376 317 316
f 376 316 375
f 375 316 326
f 375 326 325
f 375 325 381
f 381 325 380
f 9 1 2
f 2 1 140
f 2 140 141
f 141 140 127
f 141 127 128
f 363 304 303
f 363 303 362
f 362 303 317
f 362 317 376
f 430 381 380
f 150 259 260
f 260 259 254
f 247 317 318
f 304 363 364
f 364 410 411
f 8 17 16
f 9 8 1
f 86 73 87
f 19 9 10
f 10 9 3
f 9 19 18
f 74 87 73
f 74 73 60
f 60 73 59
f 60 59 45
f 60 45 31
f 31 45 30
f 30 45 29
f 3 9 2
f 3 2 141
f 3 141 142
f 142 141 129
f 129 141 128
f 411 365 364
f 364 305 304
f 318 303 248
f 318 248 247
f 254 255 151
f 254 151 260
f 260 151 150
f 235 304 305
f 162 150 163
f 163 150 151
f 152 151 255
f 152 255 138
f 138 255 139
f 139 255 256
f 139 256 248
f 248 256 247
f 248 303 235
f 235 303 304
f 305 364 306
f 306 364 365
f 249 235 236
f 237 236 306
f 119 120 129
f 119 236 237
f 366 307 306
f 306 307 237
f 128 249 119
f 119 249 236
f 238 237 307
f 238 307 308
f 308 307 366
f 308 366 367
f 305 306 236
f 248 249 128
f 129 3 142
f 20 19 11
f 11 19 10
f 11 10 4
f 4 10 3
f 4 3 130
f 130 3 129
f 130 129 120
f 16 17 30
f 30 17 31
f 32 19 20
f 32 20 33
f 48 33 34
f 48 34 49
f 49 34 50
f 50 35 36
f 17 8 18
f 17 18 31
f 31 18 19
f 31 19 32
f 33 20 21
f 33 21 34
f 34 21 35
f 34 35 50
f 37 172 173
f 37 173 38
f 176 271 182
f 182 271 272
f 157 165 156
f 156 165 22
f 156 22 13
f 13 22 21
f 13 21 12
f 12 21 20
f 12 20 11
f 12 11 5
f 5 11 4
f 5 4 131
f 131 4 130
f 131 130 121
f 121 130 120
f 121 120 238
f 238 120 237
f 95 94 82
f 95 82 83
f 152 138 139
f 127 139 248
f 127 248 128
f 249 248 235
f 236 235 305
f 306 365 366
f 366 365 411
f 366 411 412
f 412 411 481
f 412 481 482
f 292 222 293
f 293 222 223
f 293 223 228
f 228 223 229
f 229 223 224
f 229 224 225
f 226 110 111
f 111 99 86
f 73 86 72
f 73 72 59
f 59 72 58
f 59 58 45
f 45 58 44
f 45 44 29
f 16 29 15
f 16 15 7
f 16 7 8
f 8 155 1
f 1 155 140
f 129 128 119
f 120 119 237
f 239 238 308
f 413 412 483
f 413 483 484
f 485 484 550
f 485 550 551
f 324 253 259
f 190 184 68
f 184 55 68
f 211 94 106
f 171 162 25
f 262 257 251
f 275 272 271
f 195 278 280
f 195 280 202
f 283 209 280
f 280 209 202
f 283 220 209
f 220 283 289
f 289 290 286
f 289 286 219
f 737 111 738
f 738 111 112
f 738 112 739
f 739 112 113
f 216 217 286
f 286 217 218
f 286 218 219
f 739 113 740
f 740 113 114
f 215 742 741
f 215 741 214
f 215 743 742
f 114 115 740
f 740 115 116
f 740 116 741
f 741 116 214
f 216 286 215
f 215 286 745
f 745 744 215
f 215 744 743
f 713 714 700
f 557 481 497
f 480 495 496
f 691 682 598
f 691 598 603
f 603 690 691
f 698 712 713
f 696 786 710
f 588 589 580
f 571 580 581
f 581 580 589
f 504 565 572
f 504 565 505
f 505 565 566
f 565 572 566
f 566 572 573
f 566 573 567
f 557 558 547
f 557 547 481
f 558 629 559
f 558 559 548
f 558 548 547
f 630 629 640
f 497 496 557
f 558 638 629
f 629 638 639
f 629 639 640
f 567 574 575
f 582 581 589
f 582 590 583
f 583 590 591
f 573 574 567
f 568 567 575
f 568 575 638
f 638 575 650
f 638 650 639
f 568 638 558
f 568 558 567
f 567 558 557
f 567 557 566
f 566 557 496
f 566 496 505
f 505 496 504
f 650 584 662
f 650 662 651
f 664 652 663
f 663 652 651
f 663 651 662
f 663 662 672
f 582 589 590
f 590 589 595
f 590 595 596
f 596 595 601
f 596 601 602
f 591 590 596
f 596 597 591
f 583 591 592
f 583 592 584
f 584 592 662
f 662 592 671
f 662 671 672
f 598 597 603
f 608 701 690
f 608 690 603
f 699 713 606
f 606 713 700
f 606 700 607
f 607 700 701
f 663 672 673
f 663 673 664
f 598 682 671
f 671 682 683
f 671 683 672
f 671 592 598
f 598 592 591
f 598 591 597
f 597 596 603
f 603 596 602
f 603 602 608
f 668 679 680
f 668 680 669
f 594 595 588
f 588 595 589
f 776 688 772
f 772 688 679
f 680 679 688
f 680 688 689
f 689 688 697
f 697 688 696
f 776 780 696
f 775 779 776
f 776 779 780
f 696 780 781
f 711 697 710
f 710 697 696
f 696 781 786
f 670 669 681
f 681 669 680
f 681 680 594
f 594 680 689
f 594 689 600
f 600 689 599
f 600 689 697
f 600 697 605
f 605 697 698
f 601 600 606
f 606 605 698
f 595 594 600
f 595 600 601
f 600 605 606
f 681 594 588
f 681 588 670
f 696 688 776
f 711 712 697
f 697 712 698
f 698 713 699
f 565 571 572
f 572 581 582
f 573 572 582
f 679 668 768
f 679 768 772
f 698 699 606
f 481 480 497
f 497 480 496
f 496 495 504
f 573 582 574
f 574 582 583
f 574 583 575
f 575 583 584
f 575 584 650
f 639 650 651
f 639 651 640
f 640 651 652
f 572 571 581
f 601 606 602
f 602 606 607
f 602 607 608
f 608 607 701
f 111 737 118
f 118 737 753
f 118 406 227
f 227 406 361
f 406 118 478
f 478 118 753
f 227 361 232
f 753 546 478
f 234 232 302
f 758 621 753
f 753 621 546
f 232 361 302
f 621 758 761
f 302 301 234
f 588 580 445
f 445 580 571
f 445 479 409
f 445 571 565
f 445 495 479
f 565 504 445
f 445 504 495
f 668 669 444
f 444 669 445
f 445 669 670
f 445 670 588
f 444 768 668
f 768 444 767
f 767 444 443
f 767 443 438
f 767 438 764
f 438 430 503
f 659 764 438
f 438 503 562
f 438 647 659
f 562 647 438
f 432 408 407
f 423 431 382
f 423 382 375
f 375 382 424
f 440 436 439
f 439 436 385
f 439 385 435
f 407 425 432
f 432 425 424
f 432 424 436
f 436 424 382
f 436 382 385
f 410 480 481
f 410 481 411
f 548 622 549
f 482 547 548
f 548 483 482
f 479 495 480
f 482 481 547
f 548 559 629
f 700 714 701
f 683 684 673
f 768 767 772
f 772 767 771
f 710 786 711
f 714 715 701
f 702 691 701
f 786 781 780
f 775 776 772
f 772 771 775
f 780 785 786
f 701 691 690
f 691 683 682
f 630 548 629
f 672 683 673
f 630 622 548
f 480 410 409
f 480 409 479
f 449 47 450
f 450 47 48
f 448 47 449
f 60 46 452
f 452 46 448
f 448 46 47
f 74 60 452
f 457 74 452
f 88 462 463
f 88 87 462
f 462 87 457
f 457 87 74
f 464 89 463
f 463 89 88
f 465 90 464
f 464 90 89
f 458 77 465
f 77 90 465
f 459 78 458
f 458 78 77
f 454 64 459
f 459 64 78
f 453 64 454
f 451 49 63
f 451 63 453
f 453 63 64
f 450 48 451
f 451 48 49
f 451 49 450
f 450 49 48
f 463 88 464
f 464 88 89
f 448 46 60
f 448 60 452
f 450 48 449
f 449 48 47
f 62 48 49
f 62 47 48
f 61 60 46
f 61 46 47
f 61 47 62
f 60 75 74
f 89 88 76
f 76 90 89
f 78 77 64
f 77 63 64
f 77 76 62
f 77 62 63
f 63 62 49
f 87 74 88
f 88 74 75
f 88 75 76
f 77 90 76
f 62 76 75
f 62 75 61
f 61 75 60
f 439 438 443
f 439 443 444
f 440 439 445
f 445 439 444
f 408 432 445
f 408 445 409
f 440 445 432
f 276 707 721
f 276 721 281
f 281 721 733
f 609 526 707
f 276 340 526
f 276 526 707
f 518 693 269
f 269 693 273
f 585 665 593
f 593 665 693
f 593 693 518
f 665 585 511
f 765 762 657
f 694 777 686
f 686 777 773
f 773 657 645
f 773 769 657
f 657 769 765
f 686 773 677
f 677 773 666
f 666 773 657
f 773 645 560
f 39 161 24
f 24 161 170
f 161 39 54
f 161 54 149
f 149 54 258
f 569 576 560
f 379 383 428
f 428 383 433
f 472 470 398
f 398 470 396
f 470 472 538
f 538 472 613
f 747 610 613
f 428 433 506
f 428 506 569
f 472 747 613
f 540 615 472
f 472 615 747
f 428 569 560
f 428 560 501
f 657 773 560
f 657 560 576
f 383 379 327
f 327 379 264
f 54 183 177
f 54 177 170
f 54 170 258
f 258 170 264
f 294 354 398
f 398 291 294
f 352 398 396
f 352 291 398
f 398 291 221
f 291 284 221
f 221 284 210
f 210 284 203
f 210 203 93
f 196 189 203
f 203 189 67
f 258 264 379
f 258 379 323
f 93 203 67
f 93 67 80
f 610 747 734
f 734 793 722
f 722 793 787
f 722 787 708
f 708 787 782
f 708 782 694
f 694 782 777
f 538 539 471
f 538 471 470
f 470 471 397
f 470 397 396
f 396 397 353
f 396 353 352
f 352 353 292
f 352 292 291
f 291 292 285
f 291 285 284
f 284 285 204
f 284 204 203
f 203 204 197
f 203 197 196
f 196 197 190
f 196 190 189
f 189 190 184
f 189 184 183
f 183 184 178
f 183 178 177
f 177 178 171
f 177 171 170
f 170 171 265
f 170 265 264
f 264 265 328
f 264 328 327
f 327 328 384
f 327 384 383
f 383 384 434
f 383 434 433
f 433 434 507
f 433 507 506
f 506 507 570
f 506 570 569
f 569 570 577
f 569 577 576
f 576 577 658
f 576 658 657
f 657 658 667
f 657 667 666
f 666 667 678
f 666 678 677
f 677 678 687
f 677 687 686
f 686 687 695
f 686 695 694
f 694 695 709
f 694 709 708
f 708 709 723
f 708 723 722
f 722 723 735
f 722 735 734
f 734 735 611
f 734 611 610
f 610 611 614
f 610 614 613
f 613 614 539
f 613 539 538
f 723 709 197
f 197 709 695
f 197 695 190
f 190 695 687
f 190 687 184
f 184 687 678
f 184 678 178
f 434 678 667
f 353 397 204
f 204 397 197
f 197 397 471
f 197 471 539
f 197 735 723
f 434 667 658
f 434 658 507
f 434 384 678
f 678 384 328
f 197 539 614
f 658 577 570
f 265 171 678
f 678 171 178
f 353 204 285
f 353 285 292
f 614 611 197
f 197 611 735
f 658 570 507
f 678 328 265
f 428 429 379
f 379 429 380
f 777 778 773
f 773 778 774
f 398 399 472
f 472 399 473
f 54 55 183
f 183 55 184
f 189 190 67
f 67 190 68
f 421 420 491
f 491 420 490
f 420 421 374
f 420 374 373
f 420 419 490
f 490 419 489
f 489 488 490
f 319 320 427
f 498 319 427
f 498 427 499
f 319 250 251
f 320 319 251
f 499 427 500
f 321 322 378
f 427 320 321
f 427 321 378
f 315 373 374
f 498 499 490
f 498 490 488
f 319 250 313
f 313 250 244
f 315 321 314
f 314 321 320
f 314 320 319
f 314 319 313
f 374 378 315
f 315 378 321
f 378 374 421
f 378 421 427
f 427 421 491
f 427 491 500
f 500 491 490
f 500 490 499
f 277 522 273
f 277 523 522
f 523 277 524
f 524 277 278
f 524 278 394
f 524 394 455
f 455 525 524
f 523 524 339
f 523 339 338
f 456 392 524
f 524 392 339
f 456 524 525
f 456 525 455
f 523 338 522
f 522 338 275
f 275 274 522
f 522 274 273
f 391 339 392
f 275 338 391
f 338 339 391
f 394 278 391
f 391 278 274
f 394 391 392
f 394 392 456
f 394 456 455
f 275 391 274
f 266 511 512
f 266 512 267
f 267 512 333
f 388 513 514
f 513 388 512
f 512 388 334
f 512 334 333
f 441 388 514
f 518 269 519
f 271 336 270
f 270 336 447
f 270 447 269
f 447 446 520
f 520 446 521
f 519 269 447
f 519 447 520
f 447 336 337
f 447 337 390
f 441 442 389
f 441 389 388
f 519 520 513
f 519 513 512
f 518 511 593
f 593 511 585
f 519 512 518
f 518 512 511
f 390 389 442
f 390 442 447
f 447 442 441
f 447 441 446
f 446 441 514
f 446 514 521
f 521 514 513
f 521 513 520
f 334 336 268
f 268 336 271
f 335 388 389
f 334 268 333
f 333 268 267
f 388 335 334
f 335 389 337
f 337 389 390
f 334 335 336
f 336 335 337
f 287 534 612
f 348 534 287
f 288 395 468
f 468 537 287
f 468 287 288
f 534 348 535
f 535 348 536
f 536 348 537
f 537 348 287
f 282 288 287
f 282 287 281
f 466 467 347
f 531 532 347
f 466 467 532
f 530 347 346
f 530 346 345
f 532 466 347
f 347 530 531
f 533 466 532
f 345 282 530
f 530 282 281
f 530 534 535
f 530 535 531
f 349 345 350
f 350 345 346
f 395 351 469
f 349 350 395
f 395 350 351
f 350 346 351
f 351 346 347
f 351 347 469
f 469 347 467
f 395 469 468
f 349 395 288
f 282 345 288
f 288 345 349
f 535 536 531
f 531 536 532
f 469 467 466
f 469 466 468
f 468 466 533
f 468 533 537
f 537 533 532
f 537 532 536
f 340 526 527
f 340 527 341
f 393 528 529
f 528 393 527
f 527 393 341
f 529 460 393
f 341 342 461
f 341 461 340
f 528 460 529
f 527 340 461
f 527 461 528
f 528 461 460
f 461 342 343
f 461 343 460
f 276 277 340
f 277 341 340
f 341 393 342
f 460 461 393
f 343 393 461
f 393 343 342
f 511 266 513
f 441 387 388
f 266 387 441
f 266 441 514
f 266 514 513
f 437 386 509
f 509 386 332
f 509 332 508
f 331 330 508
f 508 332 331
f 262 261 330
f 329 508 261
f 261 508 330
f 509 510 437
f 330 331 386
f 386 331 332
f 387 266 388
f 388 266 267
f 386 388 330
f 330 388 267
f 330 267 262
f 508 511 513
f 508 513 509
f 388 386 437
f 388 437 441
f 441 437 510
f 441 510 514
f 514 510 509
f 514 509 513
f 432 436 440
f 628 432 637
f 637 432 440
f 637 440 649
f 661 517 588
f 661 440 517
f 432 628 556
f 432 556 426
f 661 649 440
f 426 556 494
f 440 436 649
f 661 580 440
f 556 564 436
f 436 564 637
f 436 637 649
f 494 432 426
f 432 494 436
f 494 556 436
f 440 580 517
f 556 628 564
f 564 628 637
f 580 588 517
f 661 588 580
f 636 648 493
f 493 648 423
f 439 385 648
f 648 385 382
f 648 382 431
f 648 431 423
f 636 493 555
f 636 555 627
f 648 660 439
f 439 660 587
f 439 587 516
f 430 438 578
f 578 438 515
f 578 515 586
f 430 578 422
f 422 578 659
f 422 659 647
f 635 492 422
f 422 647 635
f 492 635 554
f 635 562 554
f 660 579 587
f 563 636 627
f 563 627 555
f 587 586 515
f 587 515 516
f 516 515 438
f 516 438 439
f 578 586 579
f 579 586 587
f 423 431 422
f 422 431 430
f 423 422 492
f 423 492 493
f 493 492 554
f 493 554 555
f 555 554 562
f 555 562 563
f 563 562 635
f 563 635 636
f 636 635 647
f 636 647 648
f 648 647 659
f 648 659 660
f 660 659 578
f 660 578 579
f 442 388 441
f 377 373 374
f 377 374 378
f 896 905 897
f 905 906 897
f 898 884 904
f 850 838 870
f 870 838 904
f 884 886 904
f 904 886 870
f 838 850 836
f 834 820 836
f 836 820 824
f 824 820 834
f 850 854 838
f 888 874 870
f 870 874 854
f 870 854 850
f 836 824 834
f 888 870 886
f 886 904 888
f 908 900 897
f 897 900 898
f 898 900 904
f 908 906 905
f 908 905 907
f 906 908 897
f 896 899 907
f 896 907 905
f 899 896 902
f 902 896 895
f 902 895 901
f 895 883 901
f 883 885 901
f 835 837 849
f 849 837 851
f 833 817 821
f 901 885 887
f 849 851 869
f 869 851 871
f 869 871 887
f 869 887 885
f 833 821 835
f 885 901 869
f 837 849 869
f 837 869 901
f 896 899 895
f 895 899 901
f 897 900 896
f 896 900 899
f 900 897 903
f 903 897 898
f 903 898 904
f 877 873 857
f 857 873 853
f 856 852 872
f 872 876 856
f 873 876 872
f 873 877 876
f 902 901 903
f 901 904 903
f 902 907 899
f 903 900 902
f 902 900 908
f 902 908 907
f 889 890 887
f 887 890 888
f 887 888 901
f 901 888 904
f 901 872 837
f 837 872 852
f 838 853 873
f 838 873 904
f 837 852 838
f 838 852 853
f 904 873 901
f 901 873 872
f 902 899 900
f 890 877 878
f 889 876 890
f 890 876 877
f 876 889 875
f 908 900 903
f 900 903 904
f 899 902 901
f 887 871 851
f 887 871 889
f 889 871 875
f 876 875 856
f 856 875 855
f 858 857 854
f 854 857 853
f 852 851 853
f 851 852 856
f 851 856 855
f 878 877 858
f 858 877 857
f 825 826 838
f 837 825 838
f 837 838 851
f 851 838 854
f 851 854 853
f 874 888 878
f 878 888 890
f 836 824 838
f 824 826 838
f 838 826 836
f 836 826 824
f 858 854 874
f 858 874 878
f 821 825 835
f 835 825 837
f 855 875 871
f 851 855 871
f 821 835 837
f 825 821 837
f 838 826 837
f 837 826 825
f 812 816 820
f 817 813 809
f 819 820 816
f 819 816 815
f 815 816 811
f 811 816 812
f 820 819 824
f 824 819 823
f 813 818 814
f 810 809 814
f 809 813 814
f 813 817 818
f 818 817 822
f 822 817 821
f 810 811 812
f 828 827 808
f 808 827 807
f 808 807 812
f 812 807 809
f 812 809 810
f 892 865 828
f 828 865 845
f 891 864 892
f 892 864 865
f 828 845 827
f 827 845 844
f 827 844 891
f 891 844 864
f 844 840 864
f 864 840 860
f 865 861 841
f 865 841 845
f 861 864 860
f 861 865 864
f 809 827 829
f 807 827 809
f 812 828 808
f 830 828 812
f 879 863 859
f 809 829 831
f 891 881 867
f 881 891 893
f 891 867 847
f 891 847 827
f 809 831 817
f 817 831 833
f 827 847 829
f 843 827 813
f 813 831 829
f 813 829 843
f 813 827 809
f 817 833 813
f 813 833 831
f 843 829 847
f 843 847 863
f 863 847 867
f 863 867 879
f 867 881 879
f 879 881 891
f 866 880 862
f 834 820 832
f 832 820 816
f 892 882 880
f 880 882 868
f 880 868 866
f 866 868 848
f 866 848 846
f 828 846 816
f 816 846 830
f 816 830 832
f 812 828 816
f 882 892 894
f 846 848 830
f 830 848 828
f 832 812 820
f 812 832 830
f 828 848 892
f 848 868 892
f 892 868 882
f 843 863 859
f 859 839 843
f 813 803 805
f 813 805 817
f 820 806 804
f 820 804 816
f 842 862 846
f 846 862 866
f 862 861 866
f 860 859 863
f 891 892 879
f 879 892 880
f 879 880 863
f 863 880 866
f 863 866 860
f 860 866 861
f 861 862 841
f 841 862 842
f 841 842 845
f 845 842 846
f 843 844 827
f 844 845 828
f 828 845 846
f 843 840 844
f 859 860 839
f 839 860 840
f 839 840 843
f 827 844 828
f 827 828 807
f 807 828 808
f 807 808 809
f 809 808 812
f 809 812 813
f 813 812 816
f 813 816 803
f 803 816 804
f 803 804 805
f 805 804 806
f 805 806 817
f 817 806 820
f 817 820 821
f 821 820 824
f 822 823 818
f 818 823 819
f 818 819 814
f 814 819 815
f 814 815 810
f 810 815 811
f 824 823 821
f 822 821 823
f 919 935 916
f 957 953 936
f 1256 1217 1176
f 1537 1534 1492
f 923 919 920
f 974 975 982
f 1440 1436 1491
f 998 952 948
f 934 915 930
f 1468 1515 1473
f 1478 1477 1474
f 1642 1643 1640
f 1640 1643 1641
f 1660 1661 1658
f 1596 1629 1590
f 1586 1580 1538
f 1555 1514 1510
f 1631 1632 1625
f 1625 1632 1626
f 1646 1647 1644
f 1531 1570 1572
f 1532 1528 1531
f 1531 1528 1570
f 910 930 911
f 930 910 929
f 930 929 926
f 947 951 930
f 926 947 930
f 962 939 936
f 957 958 962
f 957 962 936
f 958 957 1006
f 1006 957 953
f 1006 953 1002
f 1080 1084 1083
f 1039 1080 1079
f 1079 1080 1083
f 1080 1039 1040
f 1035 992 1036
f 1035 1036 1040
f 1075 1081 1041
f 1041 1081 1040
f 1040 1081 1080
f 1040 1036 1041
f 1041 1036 1075
f 1036 1029 1072
f 1036 1072 1075
f 1029 1030 1072
f 1072 1076 1075
f 939 962 963
f 958 1006 963
f 962 942 939
f 967 942 968
f 968 942 962
f 1064 1068 1024
f 1024 1017 1064
f 1023 1024 1068
f 968 1013 967
f 963 968 962
f 963 1006 1009
f 1009 968 963
f 958 963 962
f 1072 1023 1067
f 1067 1023 1068
f 1072 1030 1023
f 1009 1013 968
f 975 967 1017
f 1017 967 1013
f 1017 1013 1012
f 1017 1012 1064
f 1029 1036 987
f 992 987 1036
f 1035 991 992
f 1019 977 976
f 1039 1038 1034
f 984 985 989
f 1039 1079 1083
f 1035 1040 1039
f 1028 984 1033
f 1027 983 1028
f 1028 983 984
f 977 1026 976
f 1026 977 1027
f 1026 1027 1032
f 1028 1033 1032
f 1028 1032 1027
f 983 1027 977
f 991 1035 990
f 990 1035 1039
f 1077 1037 1038
f 1077 1038 1078
f 1039 1083 1038
f 1038 1083 1078
f 989 985 990
f 989 990 1034
f 1034 990 1039
f 1038 1033 1034
f 1032 1074 1031
f 1032 1077 1074
f 1033 1038 1037
f 1033 1037 1032
f 1032 1037 1077
f 1031 1026 1032
f 1034 1033 989
f 989 1033 984
f 1435 1486 1436
f 1626 1620 1587
f 1587 1581 1539
f 1456 1505 1502
f 1456 1502 1451
f 1498 1447 1451
f 1498 1451 1503
f 1503 1451 1502
f 1494 1437 1444
f 1494 1444 1443
f 1433 1437 1489
f 1485 1434 1433
f 1435 1434 1485
f 1510 1549 1505
f 1510 1555 1549
f 1587 1544 1543
f 1505 1549 1543
f 1505 1543 1502
f 1502 1543 1544
f 1502 1544 1503
f 1443 1493 1494
f 1582 1535 1540
f 1540 1535 1494
f 1540 1494 1539
f 1539 1494 1493
f 1539 1493 1498
f 1498 1493 1443
f 1498 1443 1447
f 1587 1620 1581
f 1549 1591 1592
f 1592 1626 1587
f 1544 1587 1539
f 1544 1539 1503
f 1549 1555 1591
f 1620 1615 1581
f 1581 1615 1582
f 1498 1503 1539
f 1539 1581 1540
f 1540 1581 1582
f 1437 1488 1489
f 1489 1488 1529
f 1489 1529 1530
f 1435 1485 1486
f 1486 1485 1527
f 1486 1527 1528
f 1433 1484 1485
f 1485 1484 1530
f 1485 1530 1527
f 1527 1530 1531
f 1529 1571 1530
f 1433 1489 1484
f 1484 1489 1530
f 1592 1591 1625
f 1625 1626 1592
f 1543 1549 1592
f 1543 1592 1587
f 1582 1575 1535
f 1437 1494 1488
f 1488 1494 1535
f 1488 1535 1529
f 1529 1535 1575
f 1529 1575 1571
f 1530 1571 1531
f 1531 1571 1527
f 1576 1571 1575
f 1616 1575 1582
f 1615 1616 1582
f 1620 1626 1646
f 1597 1591 1555
f 1569 1568 1526
f 1526 1568 1525
f 1607 1603 1641
f 1641 1603 1637
f 1638 1600 1634
f 1604 1637 1603
f 1637 1604 1638
f 1638 1604 1600
f 1496 1537 1497
f 1497 1537 1538
f 1496 1497 1492
f 1446 1441 1497
f 1497 1441 1492
f 1497 1538 1542
f 1497 1542 1501
f 1446 1501 1450
f 1548 1504 1501
f 1501 1446 1497
f 1504 1455 1450
f 1504 1450 1501
f 1542 1548 1501
f 1504 1548 1509
f 1509 1548 1554
f 1596 1595 1553
f 1600 1553 1595
f 1553 1600 1559
f 1554 1596 1553
f 1509 1554 1553
f 1553 1559 1513
f 1553 1513 1509
f 1461 1455 1509
f 1509 1455 1504
f 1509 1513 1461
f 1465 1460 1461
f 1465 1461 1513
f 1480 1481 1475
f 1526 1525 1522
f 1480 1475 1525
f 1525 1475 1522
f 1516 1517 1562
f 1604 1603 1563
f 1563 1559 1604
f 1604 1559 1600
f 1607 1569 1566
f 1566 1569 1522
f 1569 1526 1522
f 1471 1418 1465
f 1475 1481 1422
f 1522 1475 1470
f 1470 1475 1422
f 1470 1422 1417
f 1470 1417 1471
f 1471 1417 1418
f 1513 1559 1563
f 1513 1563 1517
f 1517 1563 1562
f 1562 1563 1603
f 1562 1603 1607
f 1465 1513 1471
f 1471 1513 1517
f 1471 1517 1470
f 1470 1517 1516
f 1470 1516 1522
f 1522 1516 1562
f 1522 1562 1566
f 1566 1562 1607
f 1374 1375 1424
f 1285 1284 1287
f 1242 1243 1286
f 1065 1069 1116
f 1365 1410 1465
f 1410 1461 1460
f 1410 1460 1465
f 1455 1405 1450
f 1450 1405 1400
f 1396 1450 1400
f 1396 1446 1450
f 1446 1396 1393
f 1446 1393 1442
f 1446 1442 1441
f 1058 1013 1009
f 1013 1058 1060
f 1064 1012 1060
f 1060 1012 1013
f 1123 1076 1072
f 1081 1075 1126
f 1126 1075 1122
f 1129 1080 1126
f 1126 1080 1081
f 1129 1084 1080
f 1078 1082 1077
f 1082 1078 1083
f 1116 1111 1065
f 1157 1153 1116
f 1116 1153 1111
f 1274 1231 1235
f 1156 1195 1153
f 1156 1153 1157
f 1463 1462 1414
f 1477 1473 1476
f 1476 1473 1472
f 1482 1483 1479
f 1482 1479 1478
f 1483 1431 1479
f 1432 1480 1479
f 1432 1479 1431
f 1428 1480 1432
f 1422 1481 1377
f 1377 1481 1428
f 1428 1481 1480
f 1422 1377 1373
f 1413 1465 1418
f 1006 1056 1009
f 1009 1056 1058
f 1064 1060 1109
f 1064 1109 1068
f 1068 1109 1115
f 1056 1098 1058
f 1058 1098 1102
f 1058 1102 1060
f 1060 1102 1105
f 1060 1105 1109
f 1109 1105 1110
f 1109 1110 1115
f 1105 1149 1110
f 1110 1149 1152
f 1110 1152 1115
f 1115 1152 1155
f 1119 1072 1115
f 1119 1115 1159
f 1072 1119 1123
f 1123 1119 1159
f 1123 1159 1161
f 1161 1159 1201
f 1161 1201 1202
f 1202 1201 1238
f 1202 1238 1240
f 1095 1139 1177
f 1139 1177 1180
f 1180 1143 1139
f 1139 1143 1095
f 1054 1006 1003
f 1003 1006 1002
f 1143 1180 1098
f 1143 1098 1095
f 1095 1098 1056
f 1095 1056 1054
f 1054 1056 1006
f 1193 1155 1194
f 1194 1155 1152
f 1194 1152 1189
f 1189 1152 1149
f 1189 1149 1105
f 1189 1105 1185
f 1185 1105 1102
f 1185 1102 1186
f 1186 1102 1181
f 1181 1102 1098
f 1181 1098 1180
f 1177 1218 1180
f 1180 1218 1221
f 1180 1221 1222
f 1180 1222 1181
f 1181 1222 1186
f 1186 1222 1226
f 1186 1226 1185
f 1185 1226 1189
f 1189 1226 1228
f 1189 1228 1194
f 1194 1228 1230
f 1194 1230 1193
f 1238 1281 1240
f 1240 1281 1283
f 1240 1283 1243
f 1243 1283 1286
f 1115 1155 1159
f 1159 1155 1198
f 1159 1198 1201
f 1201 1198 1234
f 1201 1234 1238
f 1238 1234 1277
f 1238 1277 1281
f 1365 1465 1413
f 1365 1413 1368
f 1368 1413 1418
f 1368 1418 1367
f 1367 1418 1417
f 1417 1422 1373
f 1417 1373 1367
f 1367 1373 1368
f 1067 1068 1072
f 1072 1068 1115
f 1155 1193 1198
f 1198 1193 1230
f 1198 1230 1234
f 1234 1230 1277
f 1218 1257 1221
f 1221 1257 1262
f 1221 1262 1222
f 1222 1262 1263
f 1222 1263 1226
f 1226 1263 1268
f 1226 1268 1228
f 1228 1268 1271
f 1228 1271 1230
f 1230 1271 1273
f 1230 1273 1277
f 1410 1365 1361
f 1410 1361 1356
f 1338 1393 1343
f 1343 1393 1396
f 1343 1396 1344
f 1344 1396 1351
f 1351 1396 1400
f 1351 1400 1350
f 1350 1400 1405
f 1350 1405 1356
f 1356 1405 1410
f 1410 1405 1455
f 1410 1455 1461
f 1278 1282 1316
f 1316 1282 1284
f 1369 1312 1316
f 1320 1375 1319
f 1319 1375 1374
f 1319 1374 1316
f 1316 1374 1370
f 1319 1316 1284
f 1319 1284 1320
f 1286 1321 1242
f 1242 1321 1291
f 1242 1291 1246
f 1246 1291 1290
f 1289 1325 1288
f 1288 1325 1324
f 1288 1324 1287
f 1287 1324 1323
f 1287 1323 1285
f 1325 1289 1290
f 1325 1290 1326
f 1326 1290 1291
f 1326 1291 1327
f 1327 1291 1321
f 1284 1285 1320
f 1320 1285 1323
f 1320 1323 1375
f 1312 1278 1311
f 1366 1312 1369
f 1366 1369 1414
f 1414 1369 1419
f 1472 1466 1414
f 1462 1411 1414
f 1420 1419 1369
f 1420 1369 1370
f 1420 1370 1423
f 1312 1278 1316
f 1369 1316 1370
f 1370 1374 1423
f 1423 1374 1424
f 1467 1514 1463
f 1463 1514 1510
f 1467 1463 1414
f 1467 1414 1466
f 1467 1466 1472
f 1472 1420 1476
f 1476 1420 1424
f 1476 1424 1477
f 1423 1424 1420
f 1420 1472 1419
f 1419 1472 1414
f 1429 1425 1378
f 1429 1378 1379
f 1430 1380 1431
f 1431 1380 1381
f 1430 1429 1379
f 1430 1379 1380
f 1431 1483 1430
f 1430 1483 1482
f 1430 1482 1429
f 1429 1482 1478
f 1478 1425 1429
f 1431 1381 1432
f 1432 1381 1428
f 1428 1381 1382
f 1428 1382 1376
f 1428 1376 1377
f 1377 1376 1322
f 1377 1322 1373
f 1373 1322 1318
f 1373 1318 1368
f 1368 1318 1315
f 1368 1315 1365
f 1365 1315 1310
f 1365 1310 1361
f 1361 1310 1307
f 1361 1307 1356
f 1257 1296 1338
f 1257 1338 1262
f 1262 1338 1343
f 1262 1343 1263
f 1263 1343 1344
f 1263 1344 1268
f 1268 1344 1351
f 1268 1351 1271
f 1271 1351 1350
f 1271 1350 1356
f 1271 1356 1273
f 1273 1356 1307
f 1273 1307 1277
f 1277 1307 1310
f 1277 1310 1281
f 1281 1310 1315
f 1281 1315 1283
f 1283 1315 1318
f 1283 1318 1286
f 1286 1318 1322
f 1286 1322 1321
f 1321 1322 1376
f 1321 1376 1327
f 1327 1376 1382
f 1327 1382 1326
f 1326 1382 1381
f 1326 1381 1325
f 1325 1381 1380
f 1325 1380 1324
f 1324 1380 1379
f 1324 1379 1323
f 1323 1379 1378
f 1323 1378 1375
f 1375 1378 1425
f 1375 1425 1424
f 1424 1425 1477
f 1477 1425 1478
f 1116 1120 1160
f 1231 1195 1235
f 1235 1195 1156
f 1235 1156 1157
f 1235 1157 1239
f 1157 1116 1160
f 1157 1160 1239
f 1239 1160 1241
f 1241 1160 1162
f 1241 1162 1244
f 1160 1120 1162
f 1162 1120 1121
f 1162 1121 1124
f 1116 1069 1073
f 1116 1073 1120
f 1120 1073 1074
f 1120 1074 1121
f 1121 1074 1077
f 1121 1077 1124
f 1124 1077 1082
f 1083 1084 1129
f 1165 1163 1127
f 1165 1127 1166
f 1166 1127 1128
f 1122 1123 1126
f 1083 1129 1128
f 1083 1128 1082
f 1082 1128 1127
f 1082 1127 1124
f 1124 1127 1163
f 1124 1163 1162
f 1162 1163 1244
f 1161 1202 1164
f 1164 1202 1204
f 1164 1204 1168
f 1168 1204 1207
f 1168 1207 1167
f 1167 1207 1206
f 1167 1206 1166
f 1166 1206 1205
f 1166 1205 1165
f 1165 1205 1245
f 1123 1161 1126
f 1126 1161 1164
f 1126 1164 1168
f 1126 1168 1129
f 1129 1168 1167
f 1129 1167 1128
f 1128 1167 1166
f 1163 1165 1245
f 1163 1245 1244
f 1278 1274 1235
f 1278 1235 1282
f 1282 1235 1239
f 1282 1239 1284
f 1284 1239 1241
f 1284 1241 1287
f 1287 1241 1244
f 1287 1244 1288
f 1288 1244 1245
f 1288 1245 1289
f 1289 1245 1205
f 1289 1205 1290
f 1290 1205 1206
f 1290 1206 1246
f 1246 1206 1207
f 1246 1207 1242
f 1242 1207 1204
f 1242 1204 1243
f 1243 1204 1240
f 1240 1204 1202
f 1123 1122 1075
f 1123 1075 1076
f 1232 1195 1275
f 1411 1463 1456
f 1510 1505 1463
f 1463 1505 1456
f 1411 1462 1463
f 1366 1414 1362
f 1362 1414 1411
f 1308 1312 1366
f 1308 1366 1362
f 1275 1278 1312
f 1275 1312 1308
f 1275 1274 1278
f 1274 1275 1231
f 1231 1275 1195
f 1258 1259 1220
f 1099 1103 1147
f 946 996 993
f 1172 1171 1210
f 1292 1331 1332
f 1065 1111 1106
f 1433 1434 1386
f 1049 1087 1091
f 1132 1135 1087
f 1087 1135 1091
f 1211 1214 1174
f 1293 1253 1252
f 1334 1335 1293
f 1388 1387 1436
f 1436 1387 1435
f 1389 1437 1384
f 1437 1389 1444
f 1444 1389 1394
f 1444 1394 1443
f 1401 1451 1397
f 1397 1451 1447
f 1407 1456 1451
f 1407 1451 1401
f 1334 1387 1388
f 1334 1388 1335
f 1331 1385 1332
f 1332 1385 1328
f 1328 1385 1329
f 1250 1255 1292
f 1250 1212 1216
f 1216 1255 1250
f 1250 1292 1332
f 1250 1332 1247
f 1247 1332 1328
f 1247 1328 1329
f 1247 1329 1248
f 1330 1387 1334
f 1330 1334 1252
f 1252 1334 1293
f 1434 1435 1383
f 1383 1435 1387
f 1383 1387 1330
f 1249 1330 1252
f 1249 1252 1211
f 1211 1252 1253
f 1211 1253 1214
f 1248 1210 1247
f 1247 1210 1209
f 1247 1209 1250
f 1250 1209 1208
f 1250 1208 1212
f 1089 1046 1088
f 1088 1046 1045
f 1046 995 994
f 1046 994 1045
f 1045 994 1000
f 1210 1171 1209
f 1209 1171 1170
f 1209 1170 1208
f 1329 1383 1330
f 1329 1330 1249
f 1172 1211 1174
f 1386 1434 1383
f 1386 1383 1329
f 1248 1329 1249
f 1248 1249 1211
f 1132 1172 1174
f 1132 1174 1135
f 1130 1131 1085
f 1085 1131 1086
f 1043 1086 1044
f 1043 1044 993
f 993 1044 997
f 993 996 1043
f 1043 996 1042
f 1043 1042 1085
f 997 947 993
f 993 947 946
f 1086 1043 1085
f 1385 1433 1386
f 1385 1386 1329
f 1210 1248 1211
f 1210 1211 1172
f 1087 1172 1132
f 1086 1087 1044
f 997 1044 1048
f 997 1048 1049
f 997 1049 998
f 947 997 998
f 947 998 948
f 1190 1195 1229
f 1229 1195 1232
f 1150 1153 1190
f 1190 1153 1195
f 1169 1133 1173
f 1173 1133 1137
f 1173 1137 1175
f 1175 1137 1141
f 1220 1175 1179
f 1179 1175 1141
f 1179 1141 1140
f 1111 1153 1150
f 1150 1106 1111
f 1061 1065 1106
f 1106 1062 1061
f 1045 1000 1052
f 1045 1052 1088
f 1088 1052 1093
f 1088 1093 1137
f 1137 1093 1096
f 1137 1096 1141
f 1141 1096 1099
f 1141 1099 1144
f 1096 1051 1055
f 1096 1055 1099
f 1099 1055 1057
f 1099 1057 1059
f 1099 1059 1103
f 1052 1000 1051
f 1052 1051 1093
f 1093 1051 1096
f 1144 1099 1147
f 1144 1147 1187
f 1229 1187 1190
f 1190 1187 1147
f 1190 1147 1150
f 1150 1147 1103
f 1150 1103 1106
f 1106 1103 1059
f 1106 1059 1062
f 1411 1456 1406
f 1362 1411 1357
f 1357 1411 1406
f 1306 1357 1352
f 1306 1308 1357
f 1357 1308 1362
f 1303 1353 1269
f 1303 1269 1227
f 1229 1232 1275
f 1229 1275 1272
f 1272 1275 1306
f 1306 1275 1308
f 1397 1353 1401
f 1401 1353 1352
f 1401 1352 1357
f 1401 1357 1407
f 1303 1306 1352
f 1303 1352 1353
f 1345 1353 1397
f 1345 1397 1394
f 1394 1397 1447
f 1182 1227 1223
f 1223 1227 1269
f 1223 1269 1264
f 1264 1269 1353
f 1264 1353 1300
f 1300 1353 1345
f 1300 1345 1339
f 1339 1345 1394
f 1394 1447 1443
f 1140 1178 1179
f 1179 1178 1219
f 1179 1219 1220
f 1220 1219 1258
f 1258 1297 1298
f 1258 1298 1259
f 1259 1298 1294
f 1384 1331 1389
f 1389 1331 1294
f 1389 1294 1394
f 1394 1294 1298
f 1394 1298 1339
f 1339 1298 1297
f 1339 1297 1300
f 1300 1297 1258
f 1300 1258 1264
f 1264 1258 1219
f 1264 1219 1223
f 1223 1219 1178
f 1223 1178 1182
f 1182 1178 1140
f 1406 1456 1407
f 1406 1407 1357
f 1272 1306 1303
f 1272 1303 1229
f 1229 1303 1227
f 1229 1227 1187
f 1187 1227 1182
f 1187 1182 1144
f 1144 1182 1140
f 1144 1140 1141
f 1137 1133 1088
f 1088 1133 1169
f 1088 1169 1089
f 1089 1169 1085
f 1089 1085 1046
f 1046 1085 1042
f 1046 1042 995
f 995 1042 996
f 1051 1000 1004
f 1051 1004 1055
f 1049 1048 1087
f 1087 1048 1044
f 1087 1086 1172
f 1172 1086 1131
f 1172 1131 1171
f 1171 1131 1170
f 1170 1131 1130
f 1170 1130 1085
f 1170 1085 1169
f 1170 1169 1208
f 1208 1169 1173
f 1208 1173 1212
f 1212 1173 1175
f 1212 1175 1216
f 1216 1175 1220
f 1216 1220 1255
f 1255 1220 1259
f 1255 1259 1294
f 1255 1294 1292
f 1292 1294 1331
f 1331 1384 1385
f 1385 1384 1437
f 1385 1437 1433
f 1005 1000 955
f 955 1000 949
f 949 950 927
f 950 928 927
f 929 910 928
f 928 910 909
f 926 929 925
f 924 928 945
f 924 945 946
f 950 949 945
f 950 945 928
f 1010 1007 1011
f 1057 1055 1007
f 1007 1055 1004
f 1005 1004 1000
f 994 995 1000
f 945 995 996
f 945 996 946
f 947 926 946
f 946 926 925
f 946 925 924
f 924 925 929
f 924 929 928
f 1059 1057 1007
f 1059 1007 1010
f 949 1000 945
f 945 1000 995
f 915 914 911
f 911 914 910
f 952 931 930
f 948 952 930
f 1293 1253 1214
f 1293 1214 1174
f 1487 1491 1436
f 1487 1533 1491
f 1527 1570 1528
f 1570 1527 1572
f 1576 1612 1613
f 1644 1616 1620
f 1644 1620 1646
f 1597 1631 1625
f 1472 1515 1514
f 1472 1473 1515
f 1477 1474 1473
f 1607 1609 1610
f 1610 1609 1568
f 1641 1643 1642
f 1641 1642 1607
f 1607 1642 1609
f 1661 1660 1637
f 1661 1637 1638
f 1661 1638 1658
f 1658 1638 1634
f 1664 1641 1660
f 1660 1641 1637
f 1568 1569 1610
f 1610 1569 1607
f 1480 1525 1479
f 1625 1591 1597
f 1649 1646 1626
f 1615 1620 1616
f 1487 1486 1532
f 1532 1486 1528
f 1436 1486 1487
f 930 947 948
f 1525 1524 1479
f 1514 1467 1472
f 915 911 930
f 1533 1487 1532
f 1572 1527 1571
f 1612 1576 1575
f 1612 1575 1616
f 1600 1595 1634
f 1554 1590 1596
f 1548 1590 1554
f 1595 1596 1590
f 1595 1590 1629
f 1538 1580 1542
f 1542 1580 1586
f 1338 1337 1392
f 1338 1392 1441
f 1296 1337 1338
f 1256 1296 1217
f 1296 1256 1295
f 1296 1295 1337
f 1217 1296 1176
f 1176 1296 1177
f 1176 1177 1138
f 1138 1177 1139
f 1094 1138 1139
f 1054 1053 1095
f 1095 1053 1094
f 1054 1002 1053
f 1003 953 1002
f 939 916 935
f 939 935 936
f 942 923 920
f 975 1017 1024
f 975 1024 982
f 1030 988 982
f 1030 982 1023
f 1029 987 1030
f 1030 987 988
f 991 986 987
f 990 986 991
f 990 985 986
f 984 983 978
f 983 977 978
f 977 976 969
f 977 969 970
f 1014 970 969
f 964 970 1010
f 1010 970 1014
f 1011 964 1010
f 1005 955 1007
f 1007 955 959
f 949 955 1005
f 910 914 913
f 910 913 909
f 1007 1004 1005
f 982 1024 1023
f 1003 1002 1054
f 1095 1094 1139
f 1296 1257 1218
f 1441 1393 1338
f 1441 1442 1393
f 1590 1548 1542
f 1586 1590 1542
f 1492 1537 1496
f 1177 1296 1218
f 991 987 992
f 939 942 920
f 1595 1629 1634
f 939 920 919
f 939 919 916
f 976 1019 1014
f 976 1014 969
f 1061 1014 1018
f 1061 1018 1065
f 1018 1026 1025
f 1019 1026 1018
f 1031 1069 1026
f 1074 1073 1069
f 1074 1069 1031
f 976 1026 1019
f 1018 1014 1019
f 1026 1069 1025
f 1025 1069 1018
f 1018 1069 1065
f 1014 1061 1062
f 1014 1062 1059
f 1014 1059 1010
f 980 986 979
f 980 981 986
f 986 985 979
f 981 987 986
f 1125 1128 1071
f 1197 1113 1203
f 1071 1035 1079
f 1071 1079 1125
f 1203 1113 1071
f 1142 1097 1261
f 1142 1261 1143
f 1203 1071 1128
f 1203 1128 1205
f 1197 1104 1113
f 1143 1261 1343
f 1343 1261 1342
f 1035 1071 1022
f 1022 1071 1066
f 1022 1066 1113
f 1113 1066 1071
f 1104 1197 1148
f 1148 1197 1191
f 1261 1395 1342
f 1404 1349 1348
f 1101 1146 1097
f 1097 1146 1267
f 1097 1267 1261
f 1267 1146 1184
f 1267 1184 1225
f 1349 1267 1348
f 1348 1267 1355
f 1191 1192 1148
f 1148 1192 1188
f 1355 1267 1266
f 1404 1348 1355
f 1261 1267 1349
f 1454 1349 1404
f 1261 1349 1395
f 1355 1266 1305
f 1305 1266 1270
f 1349 1404 1398
f 1404 1408 1454
f 1398 1399 1349
f 1349 1399 1395
f 1113 1118 1022
f 1022 1118 1029
f 1029 987 1022
f 980 1021 1022
f 980 1022 981
f 981 1022 987
f 981 987 988
f 1029 1030 1022
f 1603 1602 1637
f 1637 1602 1636
f 1637 1633 1599
f 1637 1599 1603
f 1640 1636 1602
f 1640 1642 1636
f 1636 1640 1637
f 1602 1609 1640
f 1640 1609 1642
f 1603 1565 1602
f 1602 1565 1606
f 1602 1606 1609
f 1603 1562 1565
f 1603 1600 1558
f 1637 1660 1657
f 1640 1663 1637
f 1637 1663 1660
f 1603 1558 1562
f 1637 1657 1634
f 1637 1634 1629
f 1637 1629 1603
f 1603 1629 1600
f 1565 1564 1606
f 1606 1564 1605
f 1606 1605 1609
f 1609 1605 1642
f 1642 1605 1639
f 1642 1639 1640
f 1640 1639 1663
f 1663 1639 1662
f 1663 1659 1660
f 1660 1659 1656
f 1660 1656 1657
f 1657 1651 1634
f 1634 1651 1628
f 1634 1628 1629
f 1629 1628 1600
f 1600 1628 1594
f 1600 1594 1558
f 1558 1594 1552
f 1525 1524 1519
f 1376 1371 1428
f 1428 1371 1421
f 1428 1421 1427
f 1427 1421 1426
f 1427 1426 1479
f 1479 1426 1478
f 1479 1478 1524
f 1524 1478 1519
f 1519 1478 1474
f 1564 1565 1521
f 1521 1565 1525
f 1521 1525 1524
f 1524 1525 1520
f 1520 1525 1519
f 1475 1422 1416
f 1416 1422 1417
f 1469 1475 1416
f 1475 1469 1470
f 1524 1525 1469
f 1469 1525 1565
f 1469 1565 1470
f 1565 1409 1470
f 1460 1409 1562
f 1469 1479 1524
f 1562 1409 1565
f 1372 1417 1317
f 1409 1360 1470
f 1470 1360 1364
f 1470 1364 1417
f 1416 1376 1428
f 1416 1428 1469
f 1469 1428 1427
f 1469 1427 1479
f 1417 1372 1416
f 1416 1372 1376
f 1364 1314 1417
f 1417 1314 1317
f 1562 1558 1508
f 1562 1508 1460
f 1558 1552 1508
f 1552 1507 1508
f 1508 1507 1460
f 1460 1507 1459
f 1460 1459 1409
f 1409 1459 1408
f 1409 1408 1360
f 1360 1408 1359
f 1360 1359 1364
f 1364 1363 1314
f 1314 1363 1309
f 1314 1309 1313
f 1314 1313 1317
f 1628 1657 1651
f 1628 1651 1623
f 1629 1623 1651
f 1657 1658 1651
f 1651 1658 1652
f 1651 1652 1629
f 1630 1624 1623
f 1629 1630 1623
f 1661 1658 1657
f 1652 1658 1629
f 1630 1590 1624
f 1596 1590 1630
f 1658 1634 1629
f 1664 1665 1641
f 1641 1665 1642
f 1671 1664 1660
f 1664 1663 1665
f 1657 1660 1661
f 1664 1671 1670
f 1664 1659 1663
f 1663 1642 1665
f 1642 1663 1639
f 1664 1670 1659
f 1660 1656 1669
f 1660 1669 1671
f 1671 1669 1670
f 1567 1568 1609
f 1609 1642 1639
f 1609 1639 1608
f 1608 1567 1609
f 1478 1524 1523
f 1477 1478 1523
f 1567 1524 1525
f 1567 1525 1568
f 1477 1523 1520
f 1474 1477 1519
f 1519 1477 1520
f 1520 1523 1524
f 1605 1608 1639
f 1659 1670 1656
f 1656 1670 1669
f 1605 1564 1521
f 1589 1594 1628
f 1589 1628 1623
f 1507 1552 1546
f 1546 1552 1594
f 1546 1594 1589
f 1567 1608 1524
f 1524 1608 1639
f 1524 1639 1521
f 1521 1639 1605
f 1589 1623 1624
f 1589 1624 1590
f 1445 1495 1494
f 1494 1495 1500
f 1494 1444 1445
f 1445 1444 1449
f 1449 1444 1448
f 1449 1448 1500
f 1500 1448 1499
f 1500 1499 1494
f 1621 1620 1587
f 1587 1588 1621
f 1593 1588 1587
f 1593 1587 1592
f 1593 1592 1626
f 1627 1626 1620
f 1627 1620 1621
f 1616 1621 1582
f 1582 1621 1588
f 1627 1621 1647
f 1621 1616 1644
f 1621 1644 1647
f 1593 1545 1588
f 1592 1550 1593
f 1593 1550 1545
f 1626 1598 1592
f 1592 1598 1556
f 1592 1556 1550
f 1626 1632 1598
f 1626 1654 1632
f 1647 1650 1627
f 1627 1650 1649
f 1627 1649 1626
f 1626 1649 1654
f 1551 1545 1550
f 1551 1550 1557
f 1557 1550 1556
f 1601 1598 1635
f 1635 1598 1632
f 1655 1632 1654
f 1655 1654 1649
f 1655 1649 1650
f 1650 1647 1648
f 1648 1647 1644
f 1648 1644 1622
f 1622 1644 1616
f 1622 1616 1617
f 1617 1616 1583
f 1583 1616 1582
f 1545 1551 1506
f 1648 1645 1647
f 1647 1645 1613
f 1647 1613 1644
f 1614 1613 1645
f 1645 1648 1617
f 1645 1617 1614
f 1635 1632 1654
f 1654 1631 1632
f 1668 1667 1649
f 1647 1666 1650
f 1667 1668 1666
f 1666 1668 1650
f 1650 1668 1649
f 1654 1653 1631
f 1646 1667 1666
f 1646 1666 1647
f 1649 1667 1646
f 1612 1616 1644
f 1644 1613 1612
f 1474 1519 1473
f 1473 1518 1468
f 1468 1518 1515
f 1518 1514 1515
f 1632 1631 1626
f 1576 1611 1613
f 1576 1613 1577
f 1577 1613 1614
f 1654 1649 1653
f 1649 1626 1653
f 1626 1631 1653
f 1555 1560 1597
f 1473 1519 1518
f 1473 1518 1515
f 1555 1514 1560
f 1632 1631 1597
f 1632 1597 1560
f 1560 1601 1632
f 1632 1601 1635
f 1601 1560 1561
f 1518 1519 1515
f 1560 1514 1561
f 1514 1515 1561
f 1506 1511 1512
f 1557 1506 1551
f 1512 1464 1506
f 1506 1464 1458
f 1598 1601 1561
f 1598 1561 1556
f 1556 1561 1557
f 1511 1506 1515
f 1515 1506 1557
f 1515 1557 1561
f 1617 1648 1622
f 1617 1622 1614
f 1614 1617 1583
f 1583 1577 1614
f 1347 1341 1458
f 1500 1495 1536
f 1500 1545 1449
f 1449 1545 1341
f 1500 1582 1588
f 1500 1588 1545
f 1449 1341 1445
f 1341 1390 1445
f 1445 1390 1391
f 1445 1391 1439
f 1445 1439 1495
f 1458 1341 1545
f 1458 1545 1506
f 1347 1458 1346
f 1346 1458 1453
f 1346 1453 1403
f 1576 1583 1500
f 1500 1583 1582
f 1500 1536 1576
f 1536 1495 1439
f 1438 1439 1390
f 1390 1439 1391
f 1390 1391 1385
f 1340 1341 1347
f 1340 1347 1346
f 1346 1403 1402
f 1402 1403 1453
f 1402 1453 1452
f 1452 1453 1458
f 1131 1210 1213
f 1134 1131 1089
f 1089 1131 1100
f 1333 1251 1213
f 1505 1510 1415
f 1183 1145 1213
f 1385 1433 1336
f 1302 1251 1346
f 1131 1213 1100
f 1100 1213 1145
f 1402 1452 1415
f 1336 1390 1341
f 1336 1346 1251
f 1336 1251 1333
f 1336 1333 1385
f 1302 1299 1251
f 1251 1299 1260
f 1251 1260 1213
f 1213 1260 1183
f 1402 1415 1346
f 1340 1346 1341
f 1341 1346 1336
f 1390 1336 1433
f 1390 1433 1385
f 1265 1224 1183
f 1265 1183 1260
f 1407 1358 1346
f 1415 1452 1457
f 1415 1457 1505
f 1407 1346 1412
f 1412 1346 1415
f 1346 1358 1354
f 1346 1354 1304
f 1346 1304 1302
f 1302 1304 1301
f 1346 1302 1339
f 1302 1298 1339
f 1157 1312 1116
f 1316 1120 1312
f 1312 1120 1116
f 1280 1279 1236
f 1151 1196 1200
f 1200 1196 1237
f 1157 1236 1312
f 1236 1279 1312
f 1237 1233 1276
f 1237 1276 1236
f 1236 1276 1280
f 1200 1154 1151
f 1019 1107 1070
f 1070 1107 1112
f 1070 1112 1069
f 1019 1015 1107
f 1107 1015 1063
f 1107 1063 1108
f 1158 1200 1199
f 1158 1199 1157
f 1157 1199 1236
f 1233 1237 1196
f 1069 1117 1116
f 1158 1154 1200
f 1069 1112 1117
f 984 978 985
f 978 979 985
f 977 970 971
f 977 971 978
f 980 979 972
f 980 972 973
f 1021 980 1016
f 1016 980 973
f 1016 973 972
f 1020 1021 1016
f 1021 1020 980
f 980 1020 972
f 1020 1016 972
f 972 1016 979
f 1015 1014 1063
f 1063 1014 1059
f 970 1020 979
f 970 979 971
f 1020 970 1015
f 979 978 971
f 1116 1112 1154
f 1111 1112 1116
f 1154 1153 1116
f 922 923 941
f 941 923 942
f 940 966 956
f 956 921 940
f 943 974 940
f 940 974 966
f 943 940 944
f 944 940 942
f 922 941 940
f 940 941 942
f 921 922 940
f 943 944 974
f 1098 1008 1023
f 1071 1098 1023
f 1071 1023 982
f 1071 982 1029
f 1029 982 1022
f 1022 982 981
f 1114 1098 1071
f 1114 1071 1113
f 1113 1071 1118
f 967 975 942
f 944 975 974
f 987 981 982
f 987 982 988
f 944 942 975
f 952 948 1002
f 952 1002 953
f 1002 948 998
f 1094 1053 1050
f 1094 1050 1092
f 1136 1138 1092
f 1092 1138 1094
f 1256 1217 1254
f 1254 1217 1136
f 1136 1217 1176
f 1136 1176 1138
f 1215 1174 1214
f 1215 1214 1253
f 1136 1135 1215
f 1215 1135 1174
f 1135 1136 1092
f 1135 1092 1091
f 1050 1049 1091
f 1050 1091 1092
f 999 1049 1050
f 1002 998 999
f 999 998 1049
f 1002 999 1053
f 1053 999 1050
f 1254 1136 1215
f 1254 1215 1253
f 936 932 957
f 957 932 953
f 923 922 920
f 920 922 919
f 1619 1618 1623
f 1623 1618 1614
f 1619 1585 1618
f 1618 1585 1578
f 1618 1578 1614
f 1572 1611 1614
f 1578 1574 1573
f 1573 1572 1578
f 1578 1572 1614
f 1585 1579 1578
f 1623 1624 1586
f 1623 1586 1619
f 1619 1586 1585
f 1531 1576 1530
f 1576 1536 1530
f 1439 1490 1536
f 1536 1490 1531
f 1536 1531 1530
f 1576 1584 1590
f 1590 1584 1595
f 1584 1541 1547
f 1595 1584 1547
f 1595 1547 1553
f 1536 1576 1535
f 1614 1576 1623
f 1623 1576 1590
f 1623 1590 1624
f 1576 1614 1611
f 1571 1576 1611
f 1570 1528 1532
f 1572 1570 1532
f 1573 1532 1528
f 1573 1528 1570
f 1573 1570 1572
f 1611 1572 1571
f 1624 1590 1586
f 1586 1579 1585
f 1538 1579 1580
f 1580 1579 1586
f 1579 1538 1537
f 1579 1537 1578
f 1578 1537 1574
f 1574 1537 1534
f 1574 1533 1573
f 1573 1533 1532
f 1436 1440 1388
f 1253 1293 1335
f 1253 1335 1254
f 1254 1335 1337
f 1256 1254 1295
f 1295 1254 1337
f 1533 1574 1534
f 1533 1534 1491
f 1491 1534 1492
f 1491 1492 1440
f 1440 1492 1441
f 1440 1441 1388
f 1388 1441 1392
f 1388 1392 1335
f 1335 1392 1337
f 1253 1214 1174
f 936 935 931
f 916 919 915
f 915 919 918
f 916 915 935
f 935 915 931
f 952 953 931
f 931 953 932
f 931 932 936
f 930 931 915
f 917 914 918
f 918 914 915
f 951 937 938
f 965 961 951
f 951 961 937
f 971 965 951
f 951 938 917
f 917 951 914
f 952 951 956
f 956 951 917
f 918 956 917
f 964 971 970
f 964 965 971
f 965 964 960
f 965 960 961
f 961 960 955
f 961 955 937
f 937 955 933
f 937 933 938
f 938 933 913
f 938 913 917
f 1062 1059 1063
f 1015 1014 970
f 964 960 959
f 954 955 960
f 954 960 959
f 1011 959 964
f 959 1011 1007
f 913 933 912
f 955 949 933
f 933 949 927
f 912 933 927
f 928 909 913
f 913 912 928
f 928 912 927
f 913 914 917
f 921 918 919
f 921 919 922
f 921 956 918
f 957 953 956
f 956 953 952
f 1086 1090 946
f 946 1090 996
f 946 996 1086
f 996 997 1086
f 1086 997 1048
f 1086 1048 1090
f 1090 1047 996
f 996 1047 995
f 995 1047 1046
f 1046 1001 995
f 1731 1735 1711
f 1736 1732 1712
f 1712 1716 1736
f 1735 1715 1711
f 1747 1751 1746
f 1746 1751 1750
f 1746 1750 1749
f 1746 1749 1748
f 1683 1682 1685
f 1685 1682 1684
f 1685 1684 1697
f 1697 1684 1696
f 1697 1712 1747
f 1747 1712 1732
f 1746 1748 1696
f 1696 1748 1711
f 1747 1732 1751
f 1751 1732 1750
f 1750 1732 1731
f 1750 1731 1749
f 1749 1731 1748
f 1748 1731 1711
f 1696 1711 1697
f 1697 1711 1712
f 1695 1683 1697
f 1683 1685 1697
f 1684 1682 1696
f 1682 1694 1696
f 1695 1693 1681
f 1697 1709 1695
f 1681 1683 1695
f 1747 1745 1729
f 1747 1729 1697
f 1697 1729 1709
f 1683 1681 1693
f 1697 1709 1747
f 1747 1709 1729
f 1747 1733 1697
f 1697 1733 1713
f 1695 1683 1693
f 1717 1713 1733
f 1717 1733 1737
f 1694 1708 1696
f 1696 1708 1746
f 1746 1708 1728
f 1678 1692 1682
f 1682 1692 1694
f 1746 1728 1744
f 1730 1728 1708
f 1708 1710 1730
f 1728 1730 1746
f 1708 1696 1710
f 1730 1733 1746
f 1746 1733 1747
f 1714 1715 1734
f 1713 1716 1712
f 1710 1711 1715
f 1715 1714 1710
f 1717 1737 1716
f 1717 1716 1713
f 1737 1736 1716
f 1730 1735 1731
f 1731 1732 1730
f 1730 1732 1733
f 1733 1732 1736
f 1733 1736 1737
f 1734 1715 1735
f 1734 1735 1730
f 1678 1681 1682
f 1682 1681 1683
f 1682 1683 1684
f 1684 1683 1685
f 1684 1685 1696
f 1696 1685 1697
f 1696 1697 1710
f 1710 1697 1713
f 1710 1713 1711
f 1711 1713 1712
f 1710 1714 1734
f 1710 1734 1730
f 1678 1679 1681
f 1681 1679 1680
f 1676 1674 1678
f 1675 1677 1681
f 1724 1720 1704
f 1719 1723 1703
f 1703 1699 1719
f 1720 1700 1704
f 1720 1721 1700
f 1700 1721 1701
f 1702 1699 1703
f 1703 1704 1705
f 1704 1700 1705
f 1705 1700 1701
f 1718 1719 1699
f 1718 1699 1698
f 1698 1699 1702
f 1724 1723 1722
f 1722 1723 1719
f 1719 1718 1722
f 1721 1720 1725
f 1725 1720 1724
f 1725 1724 1722
f 1725 1722 1739
f 1739 1722 1738
f 1702 1703 1705
f 1702 1705 1686
f 1686 1705 1687
f 1686 1687 1672
f 1672 1687 1673
f 1675 1674 1672
f 1675 1672 1673
f 1686 1703 1723
f 1686 1723 1738
f 1738 1723 1739
f 1739 1723 1724
f 1739 1724 1687
f 1687 1724 1704
f 1687 1704 1686
f 1686 1704 1703
f 1687 1686 1673
f 1673 1686 1672
f 1686 1672 1674
f 1702 1722 1718
f 1702 1718 1698
f 1705 1701 1721
f 1675 1673 1687
f 1705 1721 1725
f 1686 1688 1674
f 1740 1726 1738
f 1742 1740 1738
f 1706 1686 1726
f 1726 1686 1738
f 1688 1690 1674
f 1674 1690 1678
f 1678 1690 1692
f 1686 1706 1688
f 1726 1738 1722
f 1690 1674 1676
f 1690 1676 1692
f 1692 1676 1678
f 1706 1702 1686
f 1726 1722 1702
f 1726 1702 1706
f 1687 1675 1689
f 1727 1741 1739
f 1739 1741 1743
f 1681 1693 1675
f 1675 1693 1691
f 1675 1691 1689
f 1687 1707 1727
f 1687 1727 1739
f 1707 1687 1689
f 1677 1691 1693
f 1677 1693 1681
f 1727 1725 1739
f 1707 1705 1727
f 1727 1705 1725
f 1691 1677 1689
f 1689 1677 1675
f 1707 1687 1705
f 1802 1803 1858
f 1938 1910 1916
f 1917 1945 1916
f 1916 1945 1939
f 1916 1939 1938
f 1966 1965 1972
f 1972 1965 1971
f 1859 1803 1796
f 1859 1796 1854
f 1858 1803 1859
f 1858 1808 1802
f 1808 1858 1865
f 1831 1826 1832
f 1909 1937 1915
f 1915 1937 1944
f 1915 1944 1943
f 1937 1966 1944
f 1944 1966 1972
f 1944 1972 1971
f 1944 1971 1943
f 1943 1971 1949
f 1949 1971 1977
f 1949 1977 1948
f 1948 1977 1976
f 1945 1917 1888
f 1881 1909 1886
f 1886 1909 1915
f 1886 1915 1885
f 1885 1915 1943
f 1885 1943 1892
f 1892 1943 1949
f 1892 1949 1891
f 1891 1949 1948
f 1891 1948 1890
f 1890 1948 1947
f 1890 1947 1889
f 1889 1947 1946
f 1889 1946 1888
f 1888 1946 1945
f 1855 1826 1860
f 1860 1826 1831
f 1860 1831 1861
f 1861 1831 1832
f 1833 1862 1832
f 1832 1862 1861
f 1836 1808 1865
f 1836 1865 1864
f 1836 1864 1835
f 1835 1864 1863
f 1835 1863 1834
f 1834 1863 1833
f 1833 1863 1862
f 1861 1888 1860
f 1860 1888 1887
f 1860 1887 1855
f 1855 1887 1882
f 1854 1881 1859
f 1859 1881 1886
f 1859 1886 1858
f 1858 1886 1885
f 1858 1885 1865
f 1865 1885 1892
f 1865 1892 1864
f 1864 1892 1891
f 1864 1891 1863
f 1863 1891 1890
f 1863 1890 1889
f 1863 1889 1862
f 1862 1889 1861
f 1861 1889 1888
f 1888 1917 1887
f 1887 1917 1916
f 1887 1916 1882
f 1882 1916 1910
f 1910 1907 1882
f 1855 1882 1880
f 1882 1907 1880
f 1797 1826 1823
f 1797 1823 1794
f 1823 1826 1852
f 1852 1826 1855
f 1852 1855 1880
f 1872 1904 1898
f 1878 1904 1872
f 1904 1878 1880
f 1904 1880 1907
f 1820 1823 1852
f 1823 1820 1790
f 1823 1790 1794
f 1784 1790 1815
f 1815 1790 1820
f 1849 1843 1820
f 1820 1843 1815
f 1849 1820 1852
f 1849 1852 1880
f 1849 1878 1872
f 1849 1872 1843
f 1878 1849 1880
f 1809 1810 1815
f 1783 1814 1842
f 1783 1842 1847
f 1789 1788 1847
f 1847 1788 1783
f 1789 1847 1848
f 1851 1793 1789
f 1851 1789 1848
f 1959 1958 1962
f 1959 1962 1963
f 1921 1867 1927
f 1927 1867 1866
f 1927 1866 1926
f 1872 1898 1866
f 1866 1898 1926
f 1906 1879 1903
f 1903 1879 1877
f 1903 1877 1902
f 1902 1877 1876
f 1902 1876 1897
f 1897 1876 1871
f 1867 1921 1868
f 1868 1921 1922
f 1868 1922 1923
f 1868 1923 1869
f 1869 1923 1870
f 1870 1923 1924
f 1870 1924 1871
f 1871 1924 1925
f 1897 1871 1925
f 1897 1925 1902
f 1902 1925 1929
f 1902 1929 1903
f 1903 1929 1930
f 1903 1930 1906
f 1906 1930 1933
f 1963 1933 1959
f 1959 1933 1930
f 1959 1930 1958
f 1958 1930 1929
f 1958 1929 1954
f 1954 1929 1925
f 1954 1925 1953
f 1953 1925 1924
f 1815 1843 1809
f 1809 1843 1837
f 1809 1837 1810
f 1810 1837 1838
f 1810 1838 1811
f 1843 1872 1837
f 1837 1872 1866
f 1837 1866 1838
f 1838 1866 1867
f 1838 1839 1811
f 1811 1839 1812
f 1812 1839 1840
f 1812 1840 1813
f 1813 1840 1841
f 1813 1841 1814
f 1814 1841 1842
f 1879 1851 1877
f 1877 1851 1848
f 1877 1848 1876
f 1876 1848 1847
f 1876 1847 1871
f 1871 1847 1842
f 1871 1842 1870
f 1870 1842 1841
f 1870 1841 1869
f 1869 1841 1840
f 1869 1840 1868
f 1868 1840 1839
f 1868 1839 1867
f 1867 1839 1838
f 1822 1793 1851
f 1981 1982 1962
f 1981 1958 1980
f 1980 1958 1954
f 1921 1926 1927
f 1962 1958 1981
f 1938 1939 1945
f 1971 1986 1977
f 1977 1986 1989
f 1971 1965 1986
f 1965 1984 1986
f 1825 1854 1796
f 1832 1826 1797
f 1835 1807 1808
f 1835 1808 1836
f 1834 1806 1835
f 1835 1806 1807
f 1805 1806 1833
f 1833 1806 1834
f 1832 1804 1833
f 1833 1804 1805
f 1798 1804 1797
f 1797 1804 1832
f 1810 1779 1784
f 1784 1779 1785
f 1811 1780 1810
f 1810 1780 1779
f 1781 1811 1812
f 1811 1781 1780
f 1781 1812 1782
f 1782 1812 1813
f 1814 1783 1813
f 1813 1783 1782
f 1784 1815 1810
f 1962 1933 1963
f 1981 1980 1954
f 1971 1977 1989
f 1971 1989 1986
f 1965 1966 1936
f 1936 1966 1937
f 1797 1826 1798
f 1798 1826 1827
f 1832 1804 1827
f 1827 1804 1798
f 1833 1805 1832
f 1832 1805 1804
f 1835 1807 1834
f 1834 1807 1806
f 1807 1835 1836
f 1807 1836 1808
f 1858 1808 1836
f 1854 1803 1859
f 1854 1796 1803
f 1938 1911 1910
f 1880 1882 1852
f 1938 1939 1911
f 1911 1939 1917
f 1917 1939 1945
f 1947 1890 1946
f 1946 1890 1889
f 1946 1889 1945
f 1945 1889 1888
f 1917 1888 1911
f 1911 1888 1883
f 1911 1883 1910
f 1910 1883 1882
f 1909 1881 1914
f 1914 1881 1886
f 1914 1886 1885
f 1936 1937 1909
f 1936 1909 1943
f 1943 1909 1914
f 1891 1948 1892
f 1892 1948 1949
f 1892 1949 1920
f 1977 1949 1976
f 1976 1949 1948
f 1965 1936 1971
f 1971 1936 1943
f 1881 1854 1886
f 1886 1854 1859
f 1886 1859 1885
f 1885 1859 1858
f 1892 1865 1891
f 1891 1865 1864
f 1826 1855 1827
f 1827 1855 1856
f 1827 1856 1832
f 1832 1856 1861
f 1832 1861 1833
f 1833 1861 1862
f 1833 1862 1834
f 1834 1862 1863
f 1836 1865 1858
f 1858 1865 1892
f 1858 1892 1885
f 1885 1892 1920
f 1885 1920 1914
f 1914 1920 1949
f 1914 1949 1943
f 1943 1949 1977
f 1943 1977 1971
f 1855 1852 1882
f 1855 1882 1856
f 1856 1882 1883
f 1856 1883 1861
f 1861 1883 1888
f 1861 1888 1862
f 1862 1888 1889
f 1891 1890 1947
f 1891 1947 1948
f 1946 1922 1923
f 1946 1923 1947
f 1947 1923 1952
f 1947 1952 1975
f 1975 1952 1953
f 1975 1953 1976
f 1976 1953 1979
f 1976 1979 1988
f 1988 1979 1992
f 1988 1992 1997
f 1997 1992 2001
f 1997 2001 2005
f 2005 2001 2000
f 2005 2000 2004
f 2004 2000 1999
f 2004 1999 2003
f 2003 1999 1998
f 2003 1998 2002
f 2002 1998 1990
f 2002 1990 1995
f 1995 1990 1978
f 1995 1978 1987
f 1987 1978 1950
f 1987 1950 1973
f 1973 1950 1951
f 1973 1951 1974
f 1974 1951 1922
f 1974 1922 1946
f 1974 1946 1975
f 1975 1946 1947
f 1995 2003 2002
f 2004 1987 1973
f 2003 1995 1987
f 2003 1987 2004
f 1988 1974 1976
f 1976 1974 1975
f 1974 1997 1996
f 1974 1996 2004
f 1973 1974 2004
f 1974 1988 1997
f 1996 1997 2004
f 2004 1997 2005
f 1952 1923 1951
f 1951 1923 1922
f 1990 1998 1999
f 2000 2001 1992
f 2000 1992 1991
f 1991 1952 2000
f 2000 1952 1951
f 1999 1950 1978
f 1992 1979 1953
f 2000 1951 1999
f 1999 1951 1950
f 1992 1953 1952
f 1999 1978 1990
f 1991 1992 1952
f 1940 1939 1968
f 1939 1935 1968
f 1968 1935 1964
f 1839 1845 1844
f 1839 1844 1838
f 1816 1810 1838
f 1816 1838 1844
f 1844 1873 1899
f 1900 1899 1874
f 1874 1899 1873
f 1898 1843 1899
f 1899 1843 1844
f 1934 1907 1931
f 1898 1872 1843
f 1872 1904 1880
f 1815 1820 1784
f 1784 1820 1790
f 1931 1907 1904
f 1767 1772 1773
f 1767 1773 1768
f 1768 1773 1774
f 1766 1760 1771
f 1766 1771 1772
f 1766 1772 1767
f 1826 1855 1882
f 1863 1889 1919
f 1863 1919 1834
f 1862 1804 1889
f 1889 1804 1888
f 1834 1806 1805
f 1805 1833 1834
f 1804 1862 1833
f 1798 1883 1804
f 1804 1883 1888
f 1772 1799 1773
f 1799 1772 1798
f 1797 1910 1883
f 1797 1883 1798
f 1797 1882 1910
f 1797 1826 1882
f 1791 1785 1790
f 1790 1785 1784
f 1820 1849 1815
f 1820 1823 1849
f 1880 1878 1852
f 1852 1878 1849
f 1823 1852 1849
f 1777 1804 1797
f 1777 1797 1772
f 1797 1771 1772
f 1771 1797 1766
f 1766 1797 1794
f 1774 1806 1805
f 1774 1805 1804
f 1804 1777 1774
f 1777 1772 1774
f 1774 1772 1771
f 1766 1768 1771
f 1771 1768 1774
f 1756 1752 1779
f 1779 1780 1756
f 1780 1781 1756
f 1762 1754 1756
f 1756 1754 1755
f 1756 1755 1752
f 1760 1754 1762
f 1790 1760 1794
f 1794 1760 1766
f 1784 1754 1790
f 1790 1754 1760
f 1779 1752 1784
f 1784 1752 1755
f 1784 1755 1754
f 1895 1869 1868
f 1868 1894 1895
f 1923 1895 1922
f 1922 1895 1894
f 1921 1922 1893
f 1893 1922 1894
f 1927 1921 1893
f 1898 1926 1899
f 1926 1927 1899
f 1785 1815 1816
f 1785 1784 1815
f 1785 1816 1810
f 1785 1810 1779
f 1779 1810 1811
f 1779 1811 1780
f 1812 1781 1780
f 1927 1893 1899
f 1873 1899 1893
f 1893 1867 1873
f 1872 1898 1873
f 1873 1898 1899
f 1894 1868 1893
f 1893 1868 1867
f 1811 1812 1780
f 1869 1812 1868
f 1868 1812 1811
f 1868 1811 1867
f 1867 1811 1810
f 1867 1810 1873
f 1873 1810 1816
f 1873 1816 1872
f 1872 1816 1815
f 1872 1815 1849
f 1956 1950 1921
f 1951 1922 1921
f 1921 1950 1951
f 1926 1955 1956
f 1926 1956 1921
f 1926 1898 1931
f 1931 1898 1904
f 1946 1974 1945
f 1945 1974 1973
f 1910 1938 1934
f 1910 1934 1907
f 1968 1945 1973
f 1945 1968 1938
f 1938 1968 1967
f 1947 1975 1974
f 1947 1974 1946
f 1947 1918 1919
f 1827 1798 1832
f 1832 1798 1804
f 1911 1939 1910
f 1910 1939 1938
f 1946 1945 1917
f 1918 1946 1917
f 1947 1946 1918
f 1917 1888 1918
f 1918 1888 1889
f 1918 1889 1919
f 1919 1889 1890
f 1834 1863 1889
f 1834 1889 1833
f 1833 1889 1832
f 1832 1889 1888
f 1832 1888 1883
f 1832 1883 1827
f 1827 1883 1826
f 1826 1883 1882
f 1826 1882 1852
f 1794 1771 1790
f 1797 1771 1794
f 1790 1771 1760
f 1823 1794 1852
f 1849 1843 1878
f 1878 1843 1872
f 1755 1785 1761
f 1761 1785 1791
f 1762 1761 1760
f 1839 1811 1840
f 1840 1811 1812
f 1869 1840 1812
f 1840 1869 1895
f 1840 1895 1839
f 1895 1952 1894
f 1895 1894 1839
f 1839 1894 1922
f 1922 1894 1952
f 1922 1952 1951
f 1868 1894 1867
f 1894 1900 1867
f 1867 1900 1873
f 1867 1873 1868
f 1868 1873 1874
f 1928 1900 1922
f 1922 1900 1894
f 1928 1899 1900
f 1899 1928 1927
f 1927 1928 1956
f 1951 1950 1956
f 1922 1951 1928
f 1928 1951 1957
f 1957 1951 1956
f 1957 1956 1928
f 1960 1926 1931
f 1961 1956 1960
f 1960 1956 1955
f 1960 1955 1926
f 1964 1961 1968
f 1931 1934 1960
f 1960 1934 1961
f 1961 1934 1938
f 1938 1967 1961
f 1961 1967 1968
f 1940 1968 1969
f 1968 1973 1969
f 1969 1973 1974
f 1969 1974 1940
f 1940 1974 1946
f 1940 1946 1941
f 1941 1946 1947
f 1774 1800 1806
f 1863 1834 1890
f 1890 1834 1919
f 1767 1768 1766
f 1790 1760 1791
f 1791 1760 1761
f 1816 1785 1786
f 1786 1817 1816
f 1985 1986 1970
f 1970 1986 1971
f 1984 1986 1993
f 1993 1986 1994
f 1979 1983 1984
f 1988 1989 1985
f 1986 1985 1989
f 1984 1980 1979
f 1982 1981 1984
f 1984 1981 1980
f 1774 1776 1775
f 1774 1775 1778
f 1774 1778 1808
f 1808 1807 1774
f 1774 1807 1806
f 1769 1770 1775
f 1775 1770 1776
f 1764 1765 1769
f 1769 1765 1770
f 1758 1759 1765
f 1758 1765 1764
f 1756 1759 1758
f 1756 1781 1782
f 1756 1782 1783
f 1756 1783 1753
f 1756 1753 1758
f 1850 1824 1853
f 1824 1850 1821
f 1829 1858 1885
f 1885 1858 1914
f 1914 1858 1913
f 1824 1821 1819
f 1787 1788 1818
f 1818 1788 1819
f 1818 1819 1846
f 1846 1819 1847
f 1757 1763 1758
f 1758 1763 1764
f 1822 1851 1879
f 1962 1963 1932
f 1932 1963 1933
f 1788 1783 1819
f 1819 1783 1814
f 1847 1788 1819
f 1954 1981 1958
f 1902 1932 1905
f 1929 1932 1902
f 1923 1869 1895
f 1962 1932 1958
f 1958 1932 1929
f 1814 1842 1819
f 1819 1842 1847
f 1758 1759 1788
f 1788 1759 1789
f 1793 1765 1792
f 1792 1765 1759
f 1792 1759 1758
f 1793 1792 1789
f 1789 1792 1788
f 1788 1792 1758
f 1788 1764 1792
f 1788 1758 1764
f 1763 1762 1764
f 1762 1756 1764
f 1764 1756 1758
f 1858 1829 1802
f 1792 1764 1769
f 1802 1829 1824
f 1802 1824 1795
f 1795 1792 1769
f 1795 1769 1775
f 1819 1792 1824
f 1824 1792 1795
f 1819 1788 1792
f 1835 1834 1864
f 1864 1834 1919
f 1864 1919 1891
f 1947 1941 1919
f 1919 1941 1912
f 1913 1941 1884
f 1884 1941 1885
f 1941 1942 1913
f 1941 1913 1885
f 1912 1941 1913
f 1942 1941 1970
f 1828 1801 1857
f 1884 1885 1857
f 1857 1885 1858
f 1829 1801 1828
f 1801 1775 1774
f 1801 1774 1800
f 1775 1801 1829
f 1829 1802 1775
f 1936 1937 1965
f 1965 1937 1966
f 1829 1802 1803
f 1829 1803 1830
f 1808 1829 1836
f 1808 1802 1829
f 1890 1947 1919
f 1908 1936 1914
f 1909 1936 1908
f 1936 1943 1914
f 1881 1909 1908
f 1881 1908 1885
f 1885 1908 1914
f 1885 1914 1943
f 1834 1864 1863
f 1830 1803 1858
f 1830 1858 1829
f 1829 1858 1836
f 1859 1881 1885
f 1802 1803 1775
f 1775 1803 1776
f 1775 1776 1795
f 1795 1776 1770
f 1795 1770 1796
f 1795 1796 1803
f 1795 1803 1802
f 1881 1854 1825
f 1988 1976 1977
f 1977 1989 1988
f 1948 1976 1975
f 1948 1975 1947
f 1802 1778 1775
f 1802 1775 1776
f 1808 1778 1802
f 1776 1803 1802
f 1822 1881 1825
f 1822 1825 1796
f 1822 1796 1793
f 1793 1796 1770
f 1793 1770 1765
f 1962 1965 1966
f 1965 1962 1984
f 1984 1962 1982
f 1980 1954 1979
f 1954 1953 1979
f 1953 1924 1952
f 1924 1923 1952
f 1753 1783 1788
f 1753 1788 1758
f 1765 1793 1822
f 1881 1822 1879
f 1881 1879 1909
f 1909 1879 1906
f 1909 1906 1933
f 1909 1933 1937
f 1937 1933 1963
f 1937 1963 1966
f 1966 1963 1962
f 1895 1840 1841
f 1895 1841 1953
f 1952 1895 1953
f 1953 1841 1896
f 1870 1875 1896
f 1896 1875 1901
f 1896 1841 1870
f 2190 2193 2191
f 2192 2193 2190
f 2228 2248 2247
f 2229 2230 2227
f 2227 2230 2228
f 2227 2228 2247
f 2212 2211 2210
f 2230 2229 2211
f 2211 2229 2210
f 2212 2210 2191
f 2191 2210 2190
f 2275 2292 2304
f 2275 2325 2324
f 2276 2292 2275
f 2304 2318 2275
f 2275 2318 2317
f 2317 2328 2275
f 2275 2328 2327
f 2275 2327 2326
f 2275 2326 2325
f 2275 2324 2323
f 2303 2291 2275
f 2275 2323 2316
f 2275 2315 2303
f 2275 2316 2315
f 2275 2277 2276
f 2278 2276 2277
f 2261 2262 2277
f 2277 2262 2278
f 2262 2261 2264
f 2261 2263 2264
f 2264 2263 2245
f 2264 2245 2248
f 2248 2245 2247
f 2136 2143 2142
f 2136 2137 2143
f 2103 2104 2112
f 2111 2103 2112
f 2112 2120 2119
f 2112 2119 2111
f 2121 2113 2114
f 2121 2114 2122
f 2106 2113 2105
f 2106 2114 2113
f 2139 2145 2144
f 2139 2144 2138
f 2119 2120 2122
f 2122 2120 2121
f 2122 2121 2113
f 2177 2151 2143
f 2151 2177 2152
f 2152 2177 2178
f 2178 2144 2152
f 2142 2096 2097
f 2142 2097 2143
f 2103 2111 2150
f 2150 2111 2161
f 2161 2111 2119
f 2103 2150 2104
f 2104 2150 2151
f 2157 2104 2151
f 2157 2112 2104
f 2157 2120 2112
f 2157 2112 2111
f 2157 2158 2120
f 2120 2158 2121
f 2158 2113 2114
f 2121 2158 2113
f 2158 2105 2113
f 2105 2158 2152
f 2105 2152 2106
f 2106 2152 2153
f 2162 2122 2114
f 2162 2114 2153
f 2153 2114 2106
f 2144 2098 2099
f 2144 2099 2145
f 2162 2161 2119
f 2162 2119 2122
f 2096 2136 2142
f 2177 2143 2137
f 2138 2144 2178
f 2144 2145 2153
f 2150 2142 2143
f 2144 2153 2152
f 2151 2150 2143
f 2152 2158 2157
f 2152 2157 2151
f 2145 2098 2144
f 2145 2099 2098
f 2099 2145 2139
f 2153 2106 2162
f 2162 2106 2122
f 2103 2150 2119
f 2119 2150 2161
f 2122 2106 2114
f 2122 2115 2123
f 2114 2115 2122
f 2118 2110 2119
f 2119 2110 2111
f 2119 2111 2103
f 2070 2052 2096
f 2096 2052 2047
f 2142 2150 2096
f 2096 2150 2103
f 2070 2096 2074
f 2074 2096 2103
f 2074 2103 2111
f 2074 2119 2079
f 2074 2111 2119
f 2032 2019 2015
f 2136 2096 2047
f 2136 2047 2032
f 2136 2032 2015
f 2007 2136 2015
f 2007 2008 2136
f 2136 2008 2137
f 2008 2177 2137
f 2177 2008 2178
f 2178 2008 2011
f 2138 2178 2011
f 2011 2012 2138
f 2138 2012 2139
f 2029 2139 2016
f 2016 2139 2012
f 2020 2033 2029
f 2029 2033 2139
f 2048 2099 2139
f 2048 2139 2033
f 2153 2145 2106
f 2106 2145 2099
f 2106 2099 2075
f 2114 2106 2075
f 2048 2053 2099
f 2099 2053 2071
f 2099 2071 2075
f 2075 2122 2114
f 2122 2075 2080
f 2181 2146 2154
f 2185 2159 2183
f 2107 2154 2159
f 2107 2159 2115
f 2181 2183 2146
f 2146 2183 2154
f 2115 2159 2123
f 2207 2185 2183
f 2183 2159 2154
f 2119 2122 2081
f 2122 2123 2081
f 2118 2119 2078
f 2078 2119 2081
f 2078 2081 2083
f 2083 2081 2084
f 2180 2149 2141
f 2204 2182 2206
f 2206 2182 2184
f 2110 2156 2149
f 2110 2149 2102
f 2110 2118 2156
f 2180 2141 2182
f 2182 2141 2149
f 2182 2149 2156
f 2182 2156 2184
f 2182 2204 2202
f 2182 2202 2180
f 2185 2207 2187
f 2163 2159 2187
f 2187 2159 2185
f 2123 2159 2163
f 2126 2084 2081
f 2246 2248 2228
f 2264 2248 2246
f 2226 2246 2228
f 2228 2230 2209
f 2209 2230 2211
f 2126 2081 2123
f 2126 2123 2163
f 2228 2209 2226
f 2165 2126 2163
f 2165 2163 2189
f 2189 2163 2187
f 2189 2187 2211
f 2211 2187 2209
f 2209 2187 2207
f 2209 2207 2226
f 2193 2169 2167
f 2193 2167 2191
f 2191 2189 2212
f 2212 2189 2211
f 2167 2128 2165
f 2167 2165 2189
f 2167 2189 2191
f 2165 2128 2126
f 2190 2166 2168
f 2190 2168 2192
f 2160 2156 2118
f 2156 2160 2186
f 2156 2186 2184
f 2184 2186 2206
f 2247 2245 2227
f 2227 2245 2225
f 2210 2188 2190
f 2166 2190 2164
f 2164 2190 2188
f 2078 2083 2125
f 2225 2206 2208
f 2125 2164 2160
f 2160 2164 2188
f 2160 2188 2186
f 2186 2188 2210
f 2186 2210 2208
f 2227 2225 2208
f 2160 2118 2125
f 2125 2118 2078
f 2208 2206 2186
f 2127 2166 2164
f 2127 2164 2125
f 2208 2210 2229
f 2208 2229 2227
f 2126 2166 2084
f 2084 2127 2125
f 2084 2125 2083
f 2166 2127 2084
f 2126 2128 2166
f 2166 2128 2167
f 2167 2169 2166
f 2166 2169 2193
f 2192 2168 2193
f 2193 2168 2166
f 2108 2107 2116
f 2116 2107 2115
f 2116 2115 2114
f 2155 2107 2108
f 2147 2181 2154
f 2147 2154 2155
f 2155 2154 2107
f 2101 2102 2148
f 2148 2102 2149
f 2148 2149 2141
f 2111 2110 2109
f 2102 2101 2110
f 2110 2101 2109
f 2117 2119 2109
f 2109 2119 2111
f 2119 2117 2079
f 2079 2117 2077
f 2073 2074 2079
f 2073 2079 2077
f 2047 2046 2032
f 2032 2046 2031
f 2032 2031 2018
f 2032 2018 2019
f 2046 2047 2045
f 2052 2051 2047
f 2047 2051 2045
f 2070 2069 2052
f 2052 2069 2051
f 2074 2069 2070
f 2074 2073 2069
f 2016 2012 2013
f 2016 2013 2017
f 2008 2009 2011
f 2011 2009 2010
f 2020 2017 2021
f 2019 2018 2014
f 2015 2014 2006
f 2015 2006 2007
f 2017 2020 2029
f 2017 2029 2016
f 2019 2014 2015
f 2054 2053 2048
f 2054 2048 2050
f 2054 2072 2053
f 2053 2072 2071
f 2076 2075 2072
f 2072 2075 2071
f 2050 2048 2049
f 2033 2034 2048
f 2048 2034 2049
f 2034 2033 2020
f 2034 2020 2021
f 2082 2080 2076
f 2076 2080 2075
f 2080 2082 2122
f 2122 2082 2124
f 2116 2114 2122
f 2116 2122 2124
f 2205 2207 2183
f 2244 2262 2264
f 2244 2264 2246
f 2244 2246 2224
f 2222 2224 2205
f 2222 2205 2203
f 2226 2207 2205
f 2203 2205 2183
f 2203 2183 2181
f 2244 2224 2242
f 2242 2224 2222
f 2246 2226 2224
f 2224 2226 2205
f 2260 2276 2278
f 2222 2242 2203
f 2262 2244 2242
f 2278 2262 2260
f 2260 2262 2242
f 2318 2304 2302
f 2266 2250 2249
f 2202 2221 2219
f 2072 2108 2116
f 2072 2116 2076
f 2076 2116 2124
f 2124 2082 2076
f 2146 2181 2147
f 2179 2181 2140
f 2140 2181 2146
f 2222 2203 2179
f 2179 2203 2181
f 2317 2314 2328
f 2322 2326 2327
f 2319 2324 2325
f 2315 2316 2309
f 2180 2202 2176
f 2141 2180 2135
f 2077 2117 2073
f 2117 2109 2073
f 2073 2109 2069
f 2069 2109 2101
f 2045 2051 2069
f 2031 2014 2018
f 2024 2010 2009
f 2008 2023 2009
f 2087 2057 2086
f 2086 2057 2056
f 2023 2022 2035
f 2042 2035 2041
f 2042 2041 2061
f 2037 2024 2036
f 2056 2036 2055
f 2055 2062 2092
f 2092 2062 2091
f 2008 2007 2023
f 2023 2007 2022
f 2028 2006 2014
f 2022 2007 2006
f 2041 2022 2028
f 2028 2022 2006
f 2046 2028 2031
f 2031 2028 2014
f 2061 2066 2095
f 2095 2066 2065
f 2062 2061 2055
f 2062 2055 2035
f 2035 2036 2023
f 2085 2129 2086
f 2086 2129 2130
f 2086 2130 2087
f 2087 2130 2131
f 2136 2129 2092
f 2092 2129 2085
f 2085 2086 2056
f 2056 2057 2037
f 2135 2136 2091
f 2091 2136 2092
f 2091 2092 2085
f 2055 2085 2056
f 2037 2036 2056
f 2085 2055 2092
f 2176 2200 2170
f 2170 2200 2194
f 2170 2194 2171
f 2171 2194 2195
f 2171 2130 2170
f 2170 2130 2129
f 2170 2129 2136
f 2170 2136 2176
f 2176 2136 2135
f 2024 2009 2023
f 2035 2042 2062
f 2062 2042 2061
f 2035 2022 2041
f 2046 2065 2066
f 2135 2180 2176
f 2148 2141 2095
f 2148 2095 2101
f 2101 2095 2065
f 2101 2065 2069
f 2069 2065 2046
f 2069 2046 2045
f 2176 2202 2219
f 2200 2219 2213
f 2200 2213 2194
f 2194 2213 2195
f 2195 2213 2214
f 2267 2268 2251
f 2282 2268 2267
f 2267 2251 2250
f 2266 2280 2281
f 2281 2282 2267
f 2266 2267 2250
f 2233 2214 2232
f 2232 2214 2213
f 2200 2176 2219
f 2219 2239 2231
f 2219 2231 2213
f 2213 2231 2232
f 2267 2266 2281
f 2280 2293 2294
f 2287 2280 2279
f 2287 2288 2280
f 2280 2288 2293
f 2288 2287 2300
f 2288 2300 2293
f 2310 2319 2320
f 2310 2309 2319
f 2320 2319 2325
f 2257 2239 2259
f 2259 2239 2241
f 2251 2233 2250
f 2250 2233 2232
f 2250 2232 2249
f 2249 2232 2231
f 2249 2231 2257
f 2257 2231 2239
f 2257 2239 2219
f 2239 2219 2241
f 2241 2219 2221
f 2259 2275 2257
f 2257 2275 2273
f 2257 2273 2265
f 2257 2265 2249
f 2249 2265 2266
f 2291 2299 2287
f 2299 2309 2300
f 2303 2315 2299
f 2299 2315 2309
f 2291 2303 2299
f 2309 2316 2323
f 2309 2323 2324
f 2309 2324 2319
f 2290 2274 2286
f 2290 2286 2285
f 2285 2298 2289
f 2289 2298 2301
f 2289 2301 2290
f 2290 2301 2302
f 2290 2302 2304
f 2290 2285 2289
f 2284 2297 2298
f 2252 2268 2269
f 2270 2269 2283
f 2270 2283 2284
f 2284 2283 2297
f 2282 2281 2295
f 2282 2295 2296
f 2297 2308 2314
f 2314 2308 2313
f 2297 2296 2308
f 2281 2294 2295
f 2296 2307 2308
f 2314 2313 2327
f 2314 2327 2328
f 2296 2295 2307
f 2313 2322 2327
f 2307 2312 2313
f 2313 2312 2322
f 2295 2294 2306
f 2307 2306 2312
f 2312 2321 2322
f 2294 2305 2306
f 2306 2311 2312
f 2312 2311 2321
f 2293 2309 2305
f 2306 2305 2311
f 2326 2321 2320
f 2309 2293 2300
f 2325 2326 2320
f 2309 2310 2305
f 2305 2310 2311
f 2311 2310 2320
f 2287 2299 2300
f 2294 2293 2305
f 2311 2320 2321
f 2322 2321 2326
f 2275 2291 2273
f 2273 2291 2287
f 2273 2287 2265
f 2265 2287 2279
f 2265 2279 2266
f 2266 2279 2280
f 2281 2280 2294
f 2295 2306 2307
f 2308 2307 2313
f 2317 2318 2314
f 2314 2318 2302
f 2314 2302 2301
f 2314 2301 2298
f 2314 2298 2297
f 2296 2297 2283
f 2296 2283 2282
f 2282 2283 2269
f 2282 2269 2268
f 2268 2252 2251
f 2251 2252 2234
f 2251 2234 2233
f 2233 2234 2215
f 2233 2215 2214
f 2214 2215 2196
f 2214 2196 2195
f 2195 2196 2172
f 2195 2172 2171
f 2171 2172 2131
f 2171 2131 2130
f 2100 2108 2072
f 2054 2050 2072
f 2072 2050 2068
f 2072 2068 2100
f 2034 2021 2030
f 2030 2021 2017
f 2049 2034 2030
f 2017 2013 2027
f 2067 2044 2064
f 2050 2049 2068
f 2068 2049 2067
f 2068 2067 2100
f 2100 2067 2064
f 2140 2100 2094
f 2094 2100 2064
f 2100 2146 2155
f 2100 2155 2108
f 2147 2155 2146
f 2304 2292 2290
f 2290 2292 2276
f 2290 2276 2274
f 2274 2276 2260
f 2274 2260 2258
f 2258 2260 2242
f 2258 2242 2240
f 2240 2242 2222
f 2240 2222 2220
f 2220 2222 2179
f 2013 2012 2027
f 2067 2049 2044
f 2044 2040 2043
f 2027 2012 2026
f 2012 2011 2026
f 2026 2039 2040
f 2026 2040 2027
f 2040 2060 2043
f 2064 2044 2043
f 2064 2043 2063
f 2063 2043 2060
f 2063 2060 2093
f 2093 2060 2090
f 2093 2090 2094
f 2059 2060 2039
f 2027 2040 2044
f 2027 2044 2030
f 2030 2044 2049
f 2146 2100 2140
f 2274 2258 2272
f 2274 2272 2286
f 2286 2272 2285
f 2026 2011 2010
f 2030 2017 2027
f 2010 2024 2025
f 2010 2025 2026
f 2061 2091 2062
f 2035 2055 2036
f 2023 2036 2024
f 2059 2038 2058
f 2059 2058 2089
f 2089 2058 2088
f 2038 2059 2039
f 2038 2039 2025
f 2093 2094 2064
f 2093 2064 2063
f 2090 2134 2139
f 2094 2093 2140
f 2220 2238 2240
f 2240 2238 2256
f 2140 2139 2175
f 2140 2175 2179
f 2179 2175 2199
f 2179 2199 2201
f 2201 2199 2218
f 2093 2090 2139
f 2093 2139 2140
f 2201 2218 2220
f 2220 2218 2237
f 2220 2237 2238
f 2238 2237 2255
f 2238 2255 2256
f 2089 2088 2133
f 2134 2133 2174
f 2134 2174 2175
f 2175 2174 2198
f 2175 2198 2199
f 2199 2198 2217
f 2199 2217 2218
f 2218 2217 2236
f 2218 2236 2237
f 2237 2236 2254
f 2237 2254 2255
f 2255 2254 2271
f 2284 2285 2271
f 2284 2271 2270
f 2270 2254 2253
f 2253 2254 2236
f 2253 2236 2235
f 2235 2236 2217
f 2235 2217 2216
f 2216 2217 2198
f 2216 2198 2197
f 2197 2198 2174
f 2197 2174 2173
f 2173 2174 2133
f 2173 2133 2132
f 2088 2132 2133
f 2254 2270 2271
f 2258 2240 2256
f 2258 2256 2271
f 2271 2256 2255
f 2175 2139 2134
f 2133 2134 2089
f 2089 2134 2090
f 2089 2090 2059
f 2059 2090 2060
f 2131 2132 2087
f 2087 2132 2088
f 2087 2088 2057
f 2057 2088 2058
f 2057 2058 2037
f 2037 2058 2038
f 2037 2038 2024
f 2024 2038 2025
f 2026 2025 2039
f 2040 2039 2060
f 2179 2201 2220
f 2272 2258 2271
f 2272 2271 2285
f 2298 2285 2284
f 2269 2270 2253
f 2269 2253 2252
f 2252 2253 2235
f 2252 2235 2234
f 2234 2235 2216
f 2234 2216 2215
f 2215 2216 2197
f 2215 2197 2196
f 2196 2197 2173
f 2196 2173 2172
f 2172 2173 2132
f 2172 2132 2131
f 2141 2135 2091
f 2141 2091 2095
f 2095 2091 2061
f 2066 2061 2041
f 2066 2041 2046
f 2046 2041 2028
f 2221 2202 2180
f 2206 2225 2223
f 2225 2243 2223
f 2223 2243 2241
f 2223 2241 2221
f 2275 2259 2277
f 2277 2259 2261
f 2225 2245 2243
f 2221 2202 2204
f 2221 2204 2223
f 2223 2204 2206
f 2245 2263 2243
f 2243 2263 2261
f 2243 2261 2259
f 2243 2259 2241
f 2488 2462 2353
f 2462 2374 2353
f 2484 2349 2350
f 2484 2350 2485
f 2352 2484 2487
f 2347 2482 2350
f 2350 2482 2485
f 2484 2352 2349
f 2487 2351 2352
f 2487 2486 2351
f 2351 2486 2488
f 2488 2353 2351
f 2414 2475 2397
f 2397 2475 2340
f 2475 2414 2470
f 2429 2452 2414
f 2414 2452 2470
f 2397 2335 2364
f 2397 2364 2379
f 2340 2335 2397
f 2429 2448 2452
f 2360 2379 2364
f 2429 2444 2448
f 2360 2356 2379
f 2479 2344 2339
f 2479 2339 2474
f 2340 2475 2339
f 2339 2475 2474
f 2343 2478 2347
f 2347 2478 2482
f 2478 2343 2344
f 2478 2344 2479
f 2369 2346 2345
f 2377 2380 2376
f 2343 2347 2342
f 2424 2425 2441
f 2407 2391 2408
f 2407 2408 2425
f 2407 2425 2424
f 2353 2374 2375
f 2379 2378 2355
f 2396 2397 2379
f 2410 2393 2392
f 2392 2393 2396
f 2396 2393 2397
f 2410 2409 2413
f 2410 2413 2414
f 2413 2429 2414
f 2443 2429 2428
f 2329 2333 2358
f 2333 2363 2358
f 2359 2330 2334
f 2344 2343 2339
f 2339 2343 2338
f 2334 2333 2330
f 2330 2333 2329
f 2330 2329 2359
f 2329 2358 2359
f 2343 2342 2338
f 2338 2342 2337
f 2338 2337 2333
f 2333 2337 2332
f 2337 2366 2362
f 2357 2380 2381
f 2366 2365 2362
f 2357 2362 2380
f 2381 2380 2377
f 2358 2362 2357
f 2354 2358 2377
f 2365 2361 2362
f 2361 2382 2383
f 2362 2361 2383
f 2362 2383 2380
f 2394 2395 2376
f 2376 2395 2377
f 2376 2380 2394
f 2394 2380 2399
f 2332 2337 2362
f 2358 2357 2381
f 2339 2338 2334
f 2334 2338 2333
f 2355 2359 2358
f 2355 2358 2354
f 2333 2332 2362
f 2333 2362 2363
f 2363 2362 2358
f 2377 2378 2354
f 2355 2354 2378
f 2358 2381 2377
f 2378 2396 2379
f 2416 2398 2415
f 2415 2398 2400
f 2415 2400 2417
f 2416 2415 2417
f 2430 2433 2450
f 2450 2433 2432
f 2450 2432 2449
f 2430 2416 2417
f 2430 2417 2432
f 2427 2411 2426
f 2426 2411 2416
f 2426 2416 2430
f 2400 2398 2399
f 2399 2416 2411
f 2445 2430 2450
f 2431 2427 2430
f 2431 2430 2445
f 2433 2430 2432
f 2427 2426 2430
f 2446 2464 2468
f 2473 2468 2472
f 2447 2446 2464
f 2473 2472 2477
f 2474 2473 2478
f 2474 2478 2479
f 2380 2382 2399
f 2395 2394 2412
f 2382 2400 2399
f 2394 2399 2411
f 2394 2411 2412
f 2454 2472 2450
f 2450 2472 2467
f 2450 2446 2445
f 2442 2427 2446
f 2450 2449 2453
f 2428 2427 2442
f 2443 2428 2442
f 2450 2453 2454
f 2383 2382 2380
f 2395 2412 2413
f 2413 2396 2395
f 2395 2396 2378
f 2395 2378 2377
f 2396 2413 2392
f 2392 2413 2409
f 2392 2409 2410
f 2413 2428 2429
f 2445 2446 2431
f 2431 2446 2427
f 2447 2464 2465
f 2465 2464 2468
f 2473 2477 2478
f 2465 2468 2469
f 2473 2474 2469
f 2469 2468 2473
f 2450 2451 2446
f 2467 2468 2450
f 2450 2468 2451
f 2442 2446 2443
f 2451 2468 2446
f 2446 2447 2443
f 2472 2468 2467
f 2399 2398 2416
f 2412 2411 2427
f 2412 2427 2428
f 2412 2428 2413
f 2459 2483 2480
f 2462 2463 2461
f 2480 2457 2459
f 2484 2481 2483
f 2486 2461 2463
f 2481 2457 2480
f 2481 2480 2483
f 2483 2459 2486
f 2486 2459 2461
f 2463 2488 2486
f 2486 2487 2484
f 2483 2486 2484
f 2484 2485 2481
f 2488 2463 2462
f 2352 2351 2349
f 2349 2351 2348
f 2424 2423 2407
f 2407 2423 2406
f 2374 2372 2373
f 2374 2373 2375
f 2375 2373 2353
f 2353 2373 2351
f 2462 2460 2441
f 2441 2460 2440
f 2441 2440 2424
f 2391 2407 2390
f 2391 2390 2374
f 2374 2390 2372
f 2373 2371 2351
f 2371 2369 2348
f 2345 2348 2369
f 2371 2348 2351
f 2461 2459 2458
f 2458 2459 2438
f 2438 2459 2439
f 2388 2389 2370
f 2370 2389 2371
f 2370 2371 2373
f 2459 2457 2439
f 2439 2457 2437
f 2421 2422 2404
f 2404 2422 2405
f 2389 2387 2371
f 2371 2387 2369
f 2387 2389 2388
f 2387 2388 2405
f 2405 2388 2406
f 2405 2406 2404
f 2404 2406 2421
f 2421 2406 2423
f 2421 2423 2422
f 2422 2423 2437
f 2437 2423 2438
f 2437 2438 2439
f 2460 2461 2458
f 2460 2458 2440
f 2440 2458 2438
f 2440 2438 2424
f 2424 2438 2423
f 2407 2406 2390
f 2390 2406 2388
f 2390 2388 2372
f 2372 2388 2370
f 2372 2370 2373
f 2348 2345 2346
f 2348 2346 2349
f 2457 2455 2437
f 2437 2455 2436
f 2437 2436 2420
f 2387 2403 2386
f 2387 2386 2369
f 2369 2386 2367
f 2485 2482 2481
f 2481 2476 2457
f 2457 2476 2456
f 2457 2456 2455
f 2436 2434 2420
f 2420 2434 2418
f 2420 2418 2403
f 2403 2418 2401
f 2403 2401 2386
f 2386 2401 2384
f 2367 2368 2369
f 2369 2368 2346
f 2346 2368 2341
f 2349 2346 2347
f 2349 2347 2350
f 2482 2477 2481
f 2481 2477 2476
f 2453 2435 2434
f 2434 2435 2418
f 2418 2435 2419
f 2418 2419 2401
f 2401 2419 2402
f 2401 2402 2384
f 2384 2402 2385
f 2384 2385 2365
f 2365 2385 2368
f 2346 2341 2347
f 2347 2341 2342
f 2482 2478 2477
f 2477 2472 2476
f 2476 2472 2471
f 2435 2453 2432
f 2385 2382 2365
f 2341 2336 2337
f 2341 2337 2342
f 2476 2471 2456
f 2456 2471 2453
f 2435 2432 2419
f 2419 2432 2417
f 2419 2417 2402
f 2402 2417 2400
f 2402 2400 2385
f 2385 2400 2382
f 2368 2365 2341
f 2341 2365 2336
f 2455 2456 2453
f 2455 2453 2436
f 2436 2453 2434
f 2386 2384 2367
f 2367 2384 2365
f 2367 2365 2368
f 2403 2387 2405
f 2403 2405 2420
f 2420 2405 2422
f 2420 2422 2437
f 2461 2460 2462
f 2471 2472 2454
f 2471 2454 2453
f 2453 2449 2432
f 2365 2382 2361
f 2336 2365 2366
f 2336 2366 2337
f 2443 2447 2448
f 2470 2469 2475
f 2475 2469 2474
f 2470 2448 2466
f 2466 2448 2447
f 2448 2444 2443
f 2444 2429 2428
f 2444 2428 2443
f 2470 2466 2447
f 2470 2447 2469
f 2469 2447 2465
f 2340 2339 2335
f 2335 2339 2334
f 2360 2335 2331
f 2397 2393 2414
f 2356 2355 2378
f 2356 2378 2379
f 2360 2359 2356
f 2356 2359 2355
f 2359 2360 2330
f 2330 2360 2331
f 2330 2331 2335
f 2330 2335 2334
f 2393 2410 2414
f 2360 2364 2335
f 2452 2448 2470
f 2374 2462 2441
f 2408 2391 2425
f 2425 2391 2374
f 2441 2425 2374
f 2586 2582 2585
f 2585 2582 2581
f 2582 2586 2581
f 2581 2586 2585
f 2579 2583 2580
f 2580 2583 2584
f 2583 2579 2584
f 2584 2579 2580
f 2588 2584 2587
f 2587 2584 2583
f 2585 2589 2586
f 2586 2589 2590
f 2589 2585 2590
f 2590 2585 2586
f 2589 2565 2566
f 2589 2566 2590
f 2565 2589 2588
f 2565 2588 2587
f 2529 2533 2553
f 2529 2553 2549
f 2548 2552 2532
f 2548 2532 2528
f 2528 2513 2548
f 2548 2513 2587
f 2588 2548 2587
f 2514 2529 2549
f 2514 2549 2590
f 2590 2549 2589
f 2589 2549 2588
f 2588 2549 2548
f 2513 2528 2514
f 2514 2528 2529
f 2587 2583 2588
f 2588 2583 2584
f 2500 2499 2502
f 2502 2499 2501
f 2502 2501 2514
f 2514 2501 2513
f 2583 2579 2563
f 2563 2579 2561
f 2564 2562 2586
f 2586 2562 2582
f 2586 2582 2564
f 2564 2582 2562
f 2566 2514 2590
f 2512 2500 2514
f 2500 2502 2514
f 2501 2499 2513
f 2499 2511 2513
f 2513 2565 2587
f 2563 2561 2583
f 2583 2561 2579
f 2587 2563 2583
f 2565 2545 2563
f 2565 2563 2587
f 2495 2509 2499
f 2499 2509 2511
f 2545 2565 2525
f 2525 2565 2513
f 2513 2511 2525
f 2547 2565 2513
f 2513 2565 2545
f 2513 2545 2525
f 2513 2527 2547
f 2550 2566 2547
f 2547 2566 2565
f 2531 2532 2551
f 2533 2529 2530
f 2534 2533 2530
f 2529 2528 2527
f 2527 2528 2532
f 2532 2531 2527
f 2534 2554 2533
f 2554 2553 2533
f 2551 2552 2547
f 2552 2548 2547
f 2547 2548 2550
f 2548 2549 2550
f 2550 2549 2553
f 2550 2553 2554
f 2532 2552 2551
f 2495 2498 2499
f 2499 2498 2500
f 2499 2500 2501
f 2501 2500 2502
f 2501 2502 2513
f 2513 2502 2514
f 2513 2514 2527
f 2527 2514 2530
f 2527 2530 2529
f 2547 2527 2551
f 2551 2527 2531
f 2566 2564 2590
f 2500 2498 2510
f 2590 2564 2586
f 2514 2566 2550
f 2526 2514 2512
f 2514 2526 2546
f 2514 2546 2566
f 2566 2546 2564
f 2512 2500 2510
f 2550 2530 2514
f 2512 2510 2498
f 2498 2500 2512
f 2534 2530 2550
f 2534 2550 2554
f 2499 2500 2495
f 2495 2500 2498
f 2496 2497 2498
f 2496 2498 2495
f 2498 2497 2495
f 2496 2495 2497
f 2493 2491 2495
f 2492 2494 2498
f 2536 2540 2516
f 2516 2540 2520
f 2541 2537 2517
f 2541 2517 2521
f 2578 2574 2573
f 2578 2573 2577
f 2577 2573 2572
f 2577 2572 2576
f 2576 2572 2571
f 2576 2571 2575
f 2572 2568 2571
f 2571 2568 2567
f 2568 2572 2573
f 2568 2573 2569
f 2574 2570 2569
f 2574 2569 2573
f 2555 2567 2568
f 2555 2568 2569
f 2555 2569 2556
f 2556 2569 2570
f 2538 2518 2537
f 2518 2517 2537
f 2516 2520 2519
f 2521 2522 2520
f 2522 2521 2517
f 2517 2518 2522
f 2515 2516 2519
f 2536 2516 2515
f 2538 2537 2542
f 2542 2537 2541
f 2541 2540 2539
f 2539 2540 2536
f 2536 2515 2535
f 2536 2535 2539
f 2555 2556 2539
f 2539 2556 2542
f 2539 2542 2541
f 2519 2520 2522
f 2519 2522 2503
f 2503 2522 2504
f 2503 2504 2489
f 2489 2504 2490
f 2570 2574 2573
f 2573 2569 2570
f 2572 2568 2569
f 2572 2569 2573
f 2568 2572 2567
f 2567 2572 2571
f 2503 2540 2567
f 2570 2541 2504
f 2504 2541 2521
f 2503 2520 2540
f 2567 2540 2568
f 2568 2540 2569
f 2569 2540 2541
f 2504 2521 2503
f 2503 2521 2520
f 2541 2570 2569
f 2504 2503 2490
f 2490 2503 2489
f 2490 2489 2492
f 2492 2489 2491
f 2489 2491 2503
f 2535 2515 2539
f 2539 2515 2519
f 2557 2559 2571
f 2571 2559 2575
f 2574 2578 2558
f 2558 2578 2560
f 2538 2542 2522
f 2538 2522 2518
f 2490 2504 2492
f 2558 2560 2574
f 2574 2560 2578
f 2571 2575 2557
f 2557 2575 2559
f 2492 2506 2504
f 2556 2570 2558
f 2558 2570 2574
f 2494 2508 2510
f 2494 2510 2498
f 2556 2558 2544
f 2556 2544 2542
f 2542 2544 2522
f 2522 2544 2524
f 2522 2524 2504
f 2504 2524 2506
f 2508 2494 2492
f 2508 2492 2506
f 2498 2510 2508
f 2498 2508 2492
f 2544 2570 2504
f 2544 2504 2524
f 2544 2558 2570
f 2567 2571 2557
f 2543 2567 2557
f 2567 2543 2503
f 2503 2543 2523
f 2507 2491 2505
f 2491 2507 2495
f 2495 2507 2509
f 2503 2523 2505
f 2523 2543 2519
f 2519 2543 2539
f 2539 2543 2555
f 2555 2543 2557
f 2555 2557 2567
f 2491 2493 2507
f 2507 2493 2509
f 2509 2493 2495
f 2505 2503 2491
f 2523 2519 2503
f 2840 2857 2839
f 2839 2857 2856
f 2853 2836 2852
f 2836 2817 2835
f 2836 2835 2852
f 2780 2779 2799
f 2834 2816 2833
f 2782 2781 2800
f 2782 2800 2801
f 2857 2855 2853
f 2836 2838 2840
f 2855 2857 2838
f 2838 2857 2840
f 2857 2853 2856
f 2856 2853 2852
f 2854 2837 2856
f 2856 2837 2839
f 2835 2837 2852
f 2852 2837 2854
f 2854 2856 2852
f 2839 2837 2838
f 2839 2838 2840
f 2621 2620 2614
f 2614 2620 2613
f 2614 2613 2621
f 2621 2613 2620
f 2656 2625 2652
f 2625 2618 2652
f 2652 2618 2617
f 2652 2617 2651
f 2591 2593 2611
f 2593 2618 2611
f 2644 2610 2611
f 2644 2611 2645
f 2645 2611 2604
f 2645 2604 2640
f 2592 2591 2612
f 2612 2591 2611
f 2641 2605 2646
f 2605 2612 2646
f 2646 2612 2613
f 2646 2613 2647
f 2594 2592 2619
f 2619 2592 2612
f 2654 2620 2619
f 2654 2619 2653
f 2619 2626 2653
f 2653 2626 2657
f 2594 2618 2593
f 2618 2594 2619
f 2599 2606 2605
f 2598 2599 2600
f 2596 2597 2604
f 2605 2604 2597
f 2605 2597 2598
f 2603 2596 2604
f 2602 2603 2610
f 2609 2602 2610
f 2616 2609 2617
f 2631 2630 2625
f 2625 2630 2624
f 2626 2633 2632
f 2607 2614 2621
f 2626 2625 2619
f 2619 2625 2618
f 2632 2631 2625
f 2632 2625 2626
f 2623 2616 2617
f 2623 2617 2624
f 2624 2617 2618
f 2609 2610 2617
f 2617 2610 2618
f 2618 2610 2611
f 2603 2611 2610
f 2603 2604 2611
f 2612 2611 2604
f 2604 2605 2612
f 2605 2598 2599
f 2606 2613 2612
f 2606 2612 2605
f 2614 2606 2607
f 2606 2614 2613
f 2613 2621 2612
f 2612 2621 2619
f 2628 2620 2621
f 2621 2620 2619
f 2607 2606 2605
f 2627 2633 2626
f 2628 2627 2626
f 2628 2626 2620
f 2620 2626 2619
f 2624 2618 2625
f 2695 2673 2670
f 2721 2739 2738
f 2724 2744 2727
f 2724 2742 2744
f 2742 2724 2743
f 2725 2759 2724
f 2724 2759 2743
f 2737 2753 2725
f 2725 2753 2759
f 2737 2774 2753
f 2738 2775 2737
f 2737 2775 2774
f 2755 2776 2739
f 2775 2738 2776
f 2776 2738 2739
f 2661 2660 2635
f 2598 2662 2597
f 2597 2662 2661
f 2597 2661 2635
f 2597 2635 2596
f 2596 2635 2639
f 2596 2639 2603
f 2638 2602 2603
f 2602 2638 2666
f 2602 2638 2643
f 2602 2643 2609
f 2673 2650 2643
f 2609 2643 2650
f 2609 2650 2616
f 2695 2692 2710
f 2729 2712 2710
f 2710 2712 2695
f 2688 2707 2692
f 2692 2707 2710
f 2706 2721 2705
f 2705 2721 2738
f 2727 2729 2710
f 2727 2710 2724
f 2724 2710 2707
f 2724 2707 2688
f 2724 2688 2725
f 2725 2688 2689
f 2725 2689 2708
f 2725 2708 2737
f 2737 2708 2704
f 2737 2704 2738
f 2738 2704 2705
f 2667 2639 2660
f 2660 2639 2635
f 2670 2673 2643
f 2670 2643 2666
f 2666 2643 2638
f 2688 2666 2667
f 2667 2666 2638
f 2667 2638 2639
f 2639 2638 2603
f 2662 2706 2661
f 2661 2706 2705
f 2661 2705 2660
f 2660 2705 2704
f 2660 2704 2667
f 2667 2704 2708
f 2667 2708 2688
f 2688 2708 2689
f 2688 2689 2666
f 2666 2688 2670
f 2670 2688 2692
f 2670 2692 2695
f 2757 2741 2740
f 2756 2777 2757
f 2756 2740 2739
f 2756 2739 2755
f 2757 2740 2756
f 2662 2598 2636
f 2663 2599 2598
f 2663 2598 2662
f 2637 2600 2599
f 2637 2599 2664
f 2664 2599 2663
f 2740 2741 2723
f 2687 2686 2723
f 2723 2686 2740
f 2706 2739 2685
f 2685 2739 2686
f 2686 2663 2662
f 2686 2662 2685
f 2687 2664 2686
f 2686 2664 2663
f 2739 2740 2686
f 2668 2607 2664
f 2664 2607 2600
f 2668 2642 2607
f 2802 2783 2761
f 2798 2802 2761
f 2778 2798 2757
f 2757 2798 2761
f 2777 2778 2757
f 2600 2637 2664
f 2726 2709 2668
f 2726 2668 2723
f 2723 2668 2664
f 2723 2664 2687
f 2761 2726 2757
f 2757 2726 2723
f 2757 2723 2741
f 2690 2668 2709
f 2648 2607 2642
f 2648 2614 2607
f 2614 2648 2671
f 2671 2693 2711
f 2668 2690 2693
f 2693 2690 2709
f 2693 2709 2728
f 2693 2648 2668
f 2668 2648 2642
f 2671 2648 2693
f 2802 2803 2783
f 2783 2803 2785
f 2783 2785 2763
f 2783 2763 2761
f 2709 2726 2728
f 2728 2726 2761
f 2763 2728 2761
f 2785 2803 2763
f 2728 2711 2693
f 2743 2737 2742
f 2743 2753 2737
f 2774 2775 2753
f 2753 2775 2754
f 2754 2775 2755
f 2775 2776 2755
f 2776 2777 2755
f 2755 2777 2756
f 2777 2797 2798
f 2777 2798 2778
f 2685 2662 2661
f 2615 2669 2608
f 2608 2669 2665
f 2608 2665 2601
f 2601 2665 2666
f 2601 2666 2602
f 2660 2596 2666
f 2666 2596 2602
f 2596 2660 2597
f 2597 2660 2661
f 2661 2662 2636
f 2661 2636 2597
f 2597 2636 2598
f 2705 2754 2755
f 2755 2739 2705
f 2705 2739 2706
f 2705 2706 2685
f 2704 2753 2705
f 2705 2753 2754
f 2753 2704 2737
f 2720 2724 2742
f 2720 2742 2737
f 2712 2710 2694
f 2694 2710 2691
f 2694 2691 2672
f 2615 2649 2669
f 2669 2649 2672
f 2737 2704 2720
f 2720 2704 2684
f 2720 2684 2724
f 2724 2684 2688
f 2691 2710 2692
f 2692 2710 2688
f 2688 2710 2724
f 2661 2705 2685
f 2672 2691 2669
f 2669 2691 2692
f 2669 2692 2665
f 2665 2692 2688
f 2665 2688 2666
f 2666 2688 2684
f 2666 2684 2660
f 2660 2684 2704
f 2623 2629 2630
f 2677 2698 2716
f 2716 2698 2733
f 2733 2748 2768
f 2655 2658 2628
f 2655 2628 2621
f 2702 2703 2736
f 2752 2751 2736
f 2634 2683 2682
f 2634 2682 2633
f 2681 2632 2633
f 2681 2633 2682
f 2701 2750 2719
f 2702 2682 2683
f 2702 2683 2703
f 2682 2702 2681
f 2681 2702 2701
f 2702 2751 2701
f 2701 2751 2750
f 2736 2751 2702
f 2795 2794 2773
f 2811 2795 2773
f 2808 2811 2768
f 2768 2811 2773
f 2790 2808 2768
f 2716 2733 2677
f 2628 2658 2677
f 2628 2677 2683
f 2628 2683 2634
f 2677 2733 2683
f 2683 2733 2736
f 2683 2736 2703
f 2733 2768 2736
f 2736 2768 2773
f 2736 2773 2752
f 2773 2772 2752
f 2772 2751 2752
f 2771 2750 2772
f 2772 2750 2751
f 2773 2794 2772
f 2718 2719 2750
f 2718 2750 2771
f 2680 2681 2701
f 2632 2681 2680
f 2680 2631 2632
f 2630 2631 2680
f 2680 2679 2630
f 2678 2623 2679
f 2679 2623 2630
f 2623 2678 2676
f 2623 2676 2622
f 2622 2676 2675
f 2622 2675 2615
f 2615 2675 2672
f 2615 2672 2649
f 2712 2731 2729
f 2749 2731 2734
f 2717 2749 2734
f 2749 2717 2769
f 2769 2717 2718
f 2769 2718 2770
f 2731 2697 2734
f 2734 2697 2699
f 2734 2699 2717
f 2712 2694 2695
f 2712 2695 2731
f 2731 2695 2697
f 2771 2770 2718
f 2718 2680 2701
f 2718 2701 2719
f 2680 2718 2679
f 2679 2718 2717
f 2679 2717 2678
f 2678 2717 2699
f 2678 2699 2676
f 2676 2699 2697
f 2676 2697 2675
f 2675 2697 2672
f 2672 2697 2695
f 2672 2695 2694
f 2674 2696 2655
f 2677 2696 2698
f 2677 2658 2655
f 2677 2655 2696
f 2731 2746 2745
f 2731 2745 2729
f 2749 2769 2746
f 2792 2791 2769
f 2769 2770 2792
f 2793 2792 2770
f 2810 2795 2811
f 2795 2810 2794
f 2696 2713 2730
f 2805 2808 2790
f 2805 2790 2786
f 2790 2765 2786
f 2786 2765 2805
f 2696 2730 2733
f 2696 2733 2698
f 2790 2768 2765
f 2765 2768 2748
f 2730 2765 2748
f 2730 2748 2733
f 2793 2770 2771
f 2771 2772 2793
f 2793 2772 2794
f 2731 2749 2746
f 2655 2621 2674
f 2696 2674 2713
f 2768 2808 2805
f 2805 2765 2768
f 2751 2772 2773
f 2773 2772 2810
f 2773 2810 2811
f 2702 2735 2736
f 2658 2628 2634
f 2658 2634 2659
f 2730 2713 2674
f 2683 2702 2736
f 2683 2736 2677
f 2736 2733 2677
f 2677 2658 2659
f 2677 2659 2683
f 2683 2659 2682
f 2730 2674 2733
f 2733 2674 2677
f 2674 2655 2677
f 2768 2765 2730
f 2768 2730 2733
f 2768 2733 2773
f 2773 2733 2736
f 2773 2736 2751
f 2751 2736 2735
f 2615 2616 2622
f 2622 2616 2623
f 2624 2630 2623
f 2596 2595 2602
f 2608 2601 2602
f 2616 2615 2609
f 2609 2615 2608
f 2602 2609 2608
f 2603 2602 2596
f 2803 2802 2763
f 2722 2723 2740
f 2757 2798 2797
f 2757 2797 2756
f 2763 2802 2761
f 2711 2728 2671
f 2637 2600 2607
f 2637 2607 2642
f 2671 2668 2648
f 2722 2686 2723
f 2723 2686 2664
f 2723 2664 2726
f 2726 2664 2668
f 2664 2663 2637
f 2664 2637 2668
f 2668 2637 2642
f 2671 2728 2668
f 2668 2728 2726
f 2728 2763 2726
f 2726 2763 2761
f 2726 2761 2723
f 2723 2761 2757
f 2723 2757 2740
f 2820 2821 2804
f 2804 2821 2805
f 2797 2802 2798
f 2755 2776 2754
f 2754 2776 2775
f 2797 2798 2815
f 2797 2815 2814
f 2815 2798 2802
f 2802 2818 2815
f 2746 2715 2714
f 2747 2732 2746
f 2715 2746 2732
f 2747 2767 2787
f 2606 2597 2598
f 2633 2632 2627
f 2627 2632 2631
f 2606 2598 2599
f 2600 2607 2606
f 2600 2606 2599
f 2623 2616 2602
f 2602 2616 2609
f 2603 2596 2606
f 2606 2596 2597
f 2628 2634 2627
f 2627 2634 2633
f 2627 2631 2630
f 2627 2630 2624
f 2824 2808 2821
f 2821 2808 2805
f 2828 2811 2824
f 2824 2811 2808
f 2811 2828 2827
f 2811 2827 2810
f 2805 2803 2821
f 2821 2803 2819
f 2802 2818 2803
f 2803 2818 2819
f 2803 2805 2763
f 2763 2805 2765
f 2763 2765 2728
f 2728 2765 2730
f 2728 2730 2711
f 2711 2730 2696
f 2711 2696 2671
f 2671 2696 2674
f 2671 2674 2655
f 2671 2655 2648
f 2648 2655 2621
f 2648 2621 2614
f 2727 2729 2744
f 2758 2743 2742
f 2758 2759 2743
f 2747 2767 2766
f 2747 2766 2746
f 2744 2729 2745
f 2764 2744 2745
f 2742 2762 2758
f 2769 2791 2787
f 2742 2744 2762
f 2762 2744 2764
f 2764 2745 2746
f 2769 2787 2767
f 2764 2746 2767
f 2767 2746 2766
f 2762 2759 2758
f 2779 2753 2759
f 2753 2779 2774
f 2820 2824 2821
f 2827 2828 2823
f 2823 2828 2820
f 2820 2828 2824
f 2819 2805 2821
f 2802 2805 2818
f 2818 2805 2819
f 2767 2746 2747
f 2767 2747 2769
f 2759 2743 2753
f 2813 2796 2812
f 2775 2774 2813
f 2813 2774 2796
f 2813 2776 2775
f 2813 2797 2776
f 2813 2814 2797
f 2831 2832 2813
f 2813 2832 2814
f 2813 2830 2831
f 2813 2829 2830
f 2813 2812 2829
f 2797 2777 2776
f 2814 2801 2797
f 2814 2817 2801
f 2832 2836 2814
f 2814 2836 2817
f 2831 2835 2836
f 2831 2836 2832
f 2835 2831 2852
f 2852 2831 2850
f 2852 2850 2849
f 2852 2849 2851
f 2851 2849 2830
f 2851 2830 2834
f 2834 2830 2833
f 2833 2830 2829
f 2833 2829 2812
f 2833 2812 2816
f 2816 2812 2799
f 2799 2812 2796
f 2799 2796 2779
f 2779 2796 2774
f 2775 2779 2774
f 2775 2780 2779
f 2797 2801 2782
f 2797 2782 2777
f 2777 2782 2781
f 2777 2781 2776
f 2776 2781 2780
f 2776 2780 2775
f 2850 2831 2830
f 2850 2830 2849
f 2764 2767 2762
f 2762 2767 2787
f 2762 2787 2784
f 2762 2784 2759
f 2759 2784 2779
f 2780 2760 2779
f 2759 2779 2760
f 2779 2784 2787
f 2779 2787 2799
f 2799 2787 2806
f 2822 2816 2806
f 2806 2816 2799
f 2841 2833 2822
f 2822 2833 2816
f 2858 2851 2842
f 2842 2851 2834
f 2842 2834 2841
f 2841 2834 2833
f 2843 2835 2859
f 2859 2835 2852
f 2859 2852 2858
f 2858 2852 2851
f 2844 2836 2843
f 2843 2836 2835
f 2823 2817 2844
f 2844 2817 2836
f 2807 2801 2823
f 2823 2801 2817
f 2788 2792 2787
f 2787 2792 2791
f 2787 2791 2809
f 2787 2809 2806
f 2806 2809 2825
f 2806 2825 2822
f 2822 2825 2845
f 2822 2845 2841
f 2841 2845 2846
f 2841 2846 2842
f 2842 2846 2860
f 2842 2860 2858
f 2858 2860 2861
f 2858 2861 2859
f 2859 2861 2847
f 2859 2847 2843
f 2843 2847 2848
f 2843 2848 2844
f 2844 2848 2827
f 2844 2827 2823
f 2823 2827 2810
f 2823 2810 2807
f 2860 2846 2847
f 2860 2847 2861
f 2807 2810 2794
f 2807 2794 2789
f 2770 2700 2794
f 2794 2700 2701
f 2794 2701 2702
f 2794 2793 2770
f 2845 2825 2846
f 2847 2827 2848
f 2793 2794 2810
f 2792 2809 2791
f 2826 2810 2827
f 2793 2810 2826
f 2826 2792 2793
f 2809 2792 2826
f 2826 2825 2809
f 2846 2825 2826
f 2826 2847 2846
f 2827 2847 2826
f 2606 2621 2603
f 2603 2621 2628
f 2628 2627 2603
f 2603 2627 2624
f 2606 2607 2621
f 2602 2603 2623
f 2623 2603 2624
f 3073 3072 3071
f 3071 3072 3066
f 3071 3066 3065
f 3065 3066 3064
f 3065 3064 3059
f 3059 3064 3050
f 3059 3050 3045
f 3045 3050 3020
f 3045 3020 3016
f 3016 3020 3026
f 3016 3026 3021
f 3021 3026 3032
f 3021 3032 3027
f 3027 3032 3038
f 3027 3038 3033
f 3033 3038 3054
f 3033 3054 3053
f 3053 3054 3070
f 3053 3070 3069
f 3069 3070 3068
f 3069 3068 3067
f 3067 3068 3074
f 3067 3074 3073
f 3073 3074 3072
f 3032 3026 3052
f 3052 3054 3038
f 3052 3038 3032
f 3052 3070 3054
f 3052 3068 3070
f 3052 3074 3068
f 3066 3072 3052
f 3052 3072 3074
f 3052 3064 3066
f 3052 3050 3064
f 3026 3020 3052
f 3052 3020 3050
f 3027 3051 3021
f 3051 3045 3016
f 3051 3016 3021
f 3051 3059 3045
f 3051 3065 3059
f 3073 3071 3051
f 3051 3071 3065
f 3067 3073 3051
f 3051 3069 3067
f 3051 3053 3069
f 3027 3033 3051
f 3051 3033 3053
f 2896 2919 2918
f 2918 2895 2896
f 2896 2914 2919
f 2865 2871 2870
f 2871 2865 2866
f 2871 2866 2867
f 2871 2867 2872
f 2914 2915 2896
f 2897 2896 2915
f 3019 3049 3020
f 3020 3049 3050
f 2999 3026 3003
f 3003 3026 3032
f 3007 3037 3011
f 3011 3037 3036
f 3011 3036 3040
f 3011 3040 3010
f 3064 3050 3063
f 3050 3049 3063
f 3063 3049 3044
f 3063 3044 3058
f 3058 3044 3057
f 3057 3044 3043
f 3043 3014 2990
f 2865 2876 2877
f 2865 2877 2866
f 2866 2877 2867
f 2877 2878 2867
f 2880 2872 2867
f 2880 2867 2878
f 2890 2909 2892
f 2892 2909 2911
f 2897 2915 2914
f 2897 2914 2896
f 2940 2918 2919
f 2940 2919 2941
f 3003 3002 2999
f 2999 3002 2998
f 2999 2998 3026
f 3026 2998 3025
f 3032 3031 3002
f 3032 3002 3003
f 3007 3011 3006
f 3010 3006 3011
f 3019 3020 3025
f 3025 3020 3026
f 3047 3050 3048
f 3020 3050 3018
f 3018 3050 3047
f 3026 3020 3023
f 3023 3020 3018
f 3024 3026 3023
f 3026 3024 3032
f 3032 3024 3030
f 3029 3032 3030
f 3029 3031 3032
f 3031 3029 3035
f 3031 3035 3037
f 3037 3035 3036
f 3037 3036 3040
f 3063 3058 3061
f 3061 3058 3057
f 3062 3064 3063
f 3062 3063 3061
f 3062 3048 3064
f 3064 3048 3050
f 2906 2907 2888
f 2969 2991 2994
f 2969 2994 2972
f 2968 2990 2969
f 2969 2990 2991
f 2885 2877 2884
f 2884 2877 2876
f 2878 2877 2885
f 2886 2878 2885
f 2886 2880 2878
f 2927 2888 2907
f 2890 2888 2927
f 2929 2890 2927
f 2929 2909 2890
f 2933 2909 2929
f 2892 2911 2933
f 2933 2911 2909
f 2932 2892 2933
f 2897 2892 2932
f 2897 2936 2896
f 2936 2897 2932
f 2936 2914 2896
f 2941 2919 2936
f 2936 2919 2914
f 3007 3031 3037
f 2976 2998 3002
f 2976 3002 2980
f 2972 2994 2976
f 2976 2994 2998
f 2927 2907 2926
f 2948 2927 2926
f 2948 2926 2945
f 2926 2907 2906
f 2906 2902 2923
f 2922 2944 2923
f 2923 2944 2945
f 2923 2902 2922
f 2922 2902 2901
f 2926 2906 2923
f 2926 2923 2945
f 2884 2901 2885
f 2885 2901 2902
f 2885 2902 2906
f 2885 2906 2886
f 2886 2906 2888
f 2886 2888 2880
f 2960 2965 2936
f 2960 2936 2956
f 2927 2948 2949
f 2927 2949 2929
f 2929 2949 2953
f 2929 2953 2952
f 2929 2952 2932
f 2932 2952 2956
f 2932 2956 2936
f 2964 2940 2965
f 2965 2940 2941
f 2965 2941 2936
f 2932 2933 2929
f 2983 3007 2987
f 2987 3007 2986
f 2986 3007 3006
f 2986 3006 3010
f 2983 2980 3007
f 2980 3002 3007
f 3007 3002 3031
f 2986 2964 2987
f 2987 2964 2965
f 2987 2965 2983
f 2983 2965 2960
f 2983 2960 2980
f 2980 2960 2956
f 2980 2956 3002
f 2944 2968 2945
f 2945 2968 2969
f 2945 2969 2948
f 2948 2969 2972
f 2948 2972 2949
f 2949 2972 2953
f 2953 2972 2976
f 2953 2976 2952
f 2952 2976 2956
f 2956 2976 2980
f 2884 2876 2901
f 3025 2998 2994
f 3019 3025 2994
f 2990 3014 3015
f 3019 2994 3015
f 3015 2994 2991
f 3015 2991 2990
f 3049 3019 3044
f 3044 3019 3015
f 3044 3015 3043
f 3043 3015 3014
f 2918 2917 2895
f 2917 2916 2895
f 2895 2916 2894
f 2894 2916 2913
f 2863 2864 2869
f 2869 2864 2870
f 2870 2864 2865
f 2869 2868 2862
f 2869 2862 2863
f 2912 2913 2893
f 2893 2913 2894
f 3046 3017 3045
f 3045 3017 3016
f 3055 3041 3060
f 3060 3041 3046
f 3041 3055 3056
f 3041 3056 3042
f 3043 3013 3042
f 3043 3042 3057
f 3057 3042 3056
f 3013 3043 2989
f 2989 3043 2990
f 2989 2990 2968
f 2989 2968 2967
f 2967 2968 2944
f 2967 2944 2943
f 2876 2900 2901
f 2901 2900 2921
f 2901 2921 2922
f 2922 2921 2944
f 2944 2921 2943
f 2876 2875 2900
f 2875 2864 2863
f 2875 2863 2874
f 2862 2873 2874
f 2862 2874 2863
f 2908 2889 2891
f 2891 2910 2908
f 2917 2939 2916
f 2916 2939 2938
f 2939 2917 2918
f 2939 2918 2940
f 2873 2862 2868
f 2873 2868 2879
f 2864 2875 2876
f 2864 2876 2865
f 3060 3046 3045
f 3060 3045 3059
f 3000 3027 3021
f 3000 3021 2996
f 3034 3004 3008
f 3034 3008 3035
f 3035 3008 3039
f 3039 3008 3009
f 3009 3010 3039
f 3039 3010 3040
f 3016 3017 3021
f 3021 3017 3022
f 3021 3022 2996
f 3022 2997 2996
f 2996 2997 3000
f 2997 3001 3000
f 3000 3001 3027
f 3027 3001 3028
f 3008 3004 3005
f 3008 3005 3009
f 3009 3005 3010
f 3010 3005 3006
f 3045 3016 3018
f 3034 3035 3028
f 3028 3035 3029
f 3029 3027 3028
f 3030 3027 3029
f 3024 3021 3030
f 3030 3021 3027
f 3021 3024 3023
f 3018 3016 3023
f 3023 3016 3021
f 3047 3045 3018
f 3048 3045 3047
f 3035 3039 3036
f 3036 3039 3040
f 3060 3059 3062
f 3061 3057 3056
f 3061 3056 3055
f 3055 3060 3061
f 3061 3060 3062
f 3048 3062 3059
f 3045 3048 3059
f 2964 2986 2985
f 2997 2975 3001
f 3001 2975 2979
f 3004 3028 3001
f 3010 3009 2986
f 2935 2913 2916
f 2935 2916 2938
f 2894 2913 2935
f 2935 2893 2894
f 2893 2935 2931
f 2893 2931 2891
f 2891 2931 2930
f 2910 2891 2930
f 2928 2908 2930
f 2930 2908 2910
f 2887 2889 2904
f 2904 2889 2908
f 2873 2879 2881
f 2881 2879 2887
f 2882 2873 2881
f 2874 2873 2882
f 2883 2875 2874
f 2989 2967 2966
f 2966 2988 2989
f 2971 2993 2966
f 2966 2993 2988
f 2962 2959 2935
f 2955 2935 2959
f 2940 2964 2939
f 2939 2964 2963
f 2939 2963 2938
f 2938 2963 2962
f 2938 2962 2935
f 2955 2931 2935
f 2930 2931 2955
f 2930 2955 2928
f 2928 2955 2951
f 2946 2924 2950
f 2950 2924 2928
f 2950 2928 2951
f 2924 2946 2947
f 2924 2947 2925
f 2925 2947 2920
f 2920 2947 2942
f 2924 2904 2928
f 2928 2904 2908
f 2925 2904 2924
f 2899 2882 2905
f 2905 2882 2881
f 2905 2881 2887
f 2905 2887 2904
f 2874 2882 2883
f 2883 2882 2899
f 2883 2899 2900
f 2900 2899 2920
f 2900 2920 2921
f 2921 2920 2942
f 2921 2942 2943
f 2920 2899 2925
f 2925 2899 2905
f 2925 2905 2904
f 2967 2943 2966
f 2966 2943 2942
f 2966 2942 2971
f 2971 2942 2947
f 2971 2947 2946
f 2986 3009 2985
f 2985 3009 3005
f 2985 3005 2984
f 2984 3005 3004
f 2984 3004 2982
f 3001 2979 3004
f 2963 2964 2985
f 2963 2985 2962
f 2962 2985 2984
f 2962 2984 2959
f 2959 2984 2982
f 2959 2982 2955
f 3034 3028 3004
f 2982 3004 2979
f 2982 2979 2955
f 2955 2979 2951
f 2951 2979 2975
f 2951 2975 2950
f 2950 2975 2997
f 2950 2997 2946
f 2946 2997 2993
f 2946 2993 2971
f 2875 2883 2900
f 2993 3022 3017
f 2997 3022 2993
f 3013 2989 2988
f 2993 3017 2988
f 2988 3017 3012
f 2988 3012 3013
f 3017 3046 3012
f 3012 3046 3041
f 3012 3041 3013
f 3013 3041 3042
f 2893 2892 2897
f 2897 2896 2895
f 2897 2895 2893
f 2893 2895 2894
f 2868 2869 2879
f 2879 2869 2870
f 2871 2872 2880
f 2871 2880 2870
f 2870 2880 2879
f 2888 2887 2880
f 2880 2887 2879
f 2890 2889 2887
f 2890 2887 2888
f 2892 2891 2890
f 2890 2891 2889
f 2891 2892 2893
f 2973 2994 2995
f 2994 2973 2972
f 2972 2991 2994
f 2933 2911 2929
f 2929 2911 2909
f 2933 2897 2892
f 2914 2915 2936
f 2936 2915 2937
f 2937 2915 2897
f 3003 2981 2999
f 2999 2981 2977
f 2973 2995 2977
f 2977 2995 2999
f 2991 2972 2969
f 2969 2972 2945
f 2923 2948 2927
f 2903 2923 2907
f 2907 2923 2927
f 2886 2903 2888
f 2888 2903 2907
f 2885 2902 2886
f 2964 2963 2940
f 2964 2940 2941
f 2964 2941 2965
f 2929 2953 2933
f 2933 2953 2957
f 3010 2986 3011
f 3011 2986 2987
f 3011 2987 3007
f 2937 2933 2957
f 2937 2957 2961
f 2961 2957 2981
f 2961 2981 2983
f 2983 2981 3007
f 2933 2937 2897
f 2983 2960 2961
f 2961 2960 2936
f 2961 2936 2937
f 2886 2902 2903
f 2903 2902 2923
f 2923 2945 2948
f 2948 2945 2972
f 2949 2972 2973
f 2949 2973 2953
f 2953 2973 2977
f 2953 2977 2957
f 2957 2977 2981
f 2957 2981 3003
f 2981 3003 3007
f 3007 3003 3032
f 3007 3032 3031
f 2995 3020 3026
f 2995 3026 2999
f 3020 2995 3019
f 3019 2995 2994
f 3019 2994 2991
f 3019 2991 3015
f 3015 2991 3014
f 3014 2991 2990
f 2978 3000 2974
f 2974 3000 2996
f 3004 3028 3000
f 3000 3028 3027
f 2935 2912 2913
f 2934 2893 2935
f 2935 2893 2912
f 2930 2891 2934
f 2934 2891 2893
f 2881 2873 2887
f 2887 2873 2879
f 2971 2993 2988
f 2971 2988 2966
f 2970 2993 2971
f 2970 2992 2993
f 2963 2939 2940
f 2954 2930 2958
f 2958 2930 2934
f 2958 2934 2959
f 2959 2934 2935
f 2950 2928 2954
f 2954 2928 2930
f 2947 2920 2924
f 2920 2899 2898
f 2920 2898 2924
f 2924 2898 2904
f 2899 2882 2881
f 2899 2881 2898
f 2898 2881 2904
f 2904 2881 2887
f 2971 2947 2970
f 2970 2947 2946
f 2985 3009 2984
f 2984 3009 3008
f 2984 3008 2982
f 2982 3008 3004
f 2982 3004 2978
f 2978 3004 3000
f 2959 2982 2958
f 2958 2982 2978
f 2958 2978 2954
f 2954 2978 2950
f 2950 2978 2974
f 2950 2974 2996
f 2950 2996 2946
f 2946 2996 2992
f 2946 2992 2970
f 3021 3016 2992
f 2992 2996 3021
f 3016 3017 3046
f 2992 3016 2993
f 2993 3016 3017
f 2988 3012 2989
f 2989 3012 3013
f 3189 3187 3188
f 3189 3188 3212
f 3212 3211 3186
f 3212 3186 3189
f 3189 3190 3187
f 3211 3212 3233
f 3233 3212 3234
f 3233 3234 3251
f 3251 3234 3252
f 3251 3252 3269
f 3269 3285 3284
f 3284 3268 3269
f 3269 3268 3251
f 3301 3300 3283
f 3283 3300 3282
f 3282 3284 3283
f 3283 3284 3285
f 3311 3310 3295
f 3295 3310 3294
f 3292 3293 3308
f 3308 3293 3309
f 3293 3292 3276
f 3293 3276 3277
f 3310 3323 3309
f 3309 3331 3330
f 3309 3330 3326
f 3309 3329 3333
f 3333 3332 3309
f 3309 3326 3321
f 3295 3294 3278
f 3295 3278 3279
f 3323 3322 3309
f 3309 3322 3329
f 3309 3332 3331
f 3321 3320 3309
f 3227 3228 3246
f 3227 3246 3245
f 3261 3277 3276
f 3279 3278 3262
f 3279 3262 3263
f 3263 3262 3245
f 3263 3245 3246
f 3276 3260 3261
f 3261 3260 3244
f 3244 3260 3243
f 3244 3243 3222
f 3222 3243 3221
f 3312 3313 3310
f 3312 3310 3309
f 3313 3312 3298
f 3298 3312 3297
f 3298 3297 3299
f 3299 3297 3301
f 3301 3297 3296
f 3301 3296 3300
f 3193 3201 3200
f 3193 3200 3192
f 3170 3169 3161
f 3162 3170 3161
f 3163 3164 3171
f 3171 3164 3172
f 3196 3197 3203
f 3196 3203 3202
f 3192 3112 3193
f 3193 3112 3113
f 3193 3113 3201
f 3201 3113 3121
f 3201 3121 3200
f 3200 3121 3120
f 3200 3120 3192
f 3192 3120 3112
f 3201 3161 3193
f 3224 3162 3201
f 3201 3162 3161
f 3224 3170 3162
f 3224 3225 3170
f 3170 3225 3171
f 3225 3163 3171
f 3202 3164 3225
f 3225 3164 3163
f 3196 3164 3202
f 3196 3116 3197
f 3197 3116 3117
f 3197 3117 3203
f 3203 3117 3123
f 3203 3123 3202
f 3202 3123 3122
f 3202 3122 3196
f 3196 3122 3116
f 3165 3164 3122
f 3165 3122 3123
f 3172 3169 3171
f 3171 3169 3170
f 3121 3161 3160
f 3121 3160 3120
f 3126 3133 3132
f 3127 3133 3126
f 3128 3129 3135
f 3134 3128 3135
f 3178 3134 3179
f 3179 3134 3135
f 3176 3132 3177
f 3177 3132 3133
f 3161 3121 3113
f 3161 3113 3193
f 3201 3193 3215
f 3223 3201 3215
f 3224 3201 3223
f 3224 3223 3216
f 3216 3223 3215
f 3194 3216 3215
f 3193 3194 3215
f 3194 3195 3216
f 3216 3195 3217
f 3216 3217 3224
f 3224 3217 3225
f 3202 3225 3226
f 3226 3225 3218
f 3218 3225 3217
f 3202 3226 3218
f 3196 3202 3218
f 3196 3218 3217
f 3196 3217 3195
f 3122 3164 3116
f 3116 3164 3196
f 3173 3172 3164
f 3173 3164 3165
f 3160 3161 3168
f 3168 3161 3169
f 3168 3169 3173
f 3173 3169 3172
f 3182 3138 3176
f 3176 3138 3132
f 3168 3126 3132
f 3168 3132 3176
f 3127 3126 3169
f 3169 3126 3168
f 3177 3133 3127
f 3177 3127 3169
f 3172 3128 3134
f 3172 3134 3178
f 3129 3128 3173
f 3173 3128 3172
f 3179 3135 3129
f 3179 3129 3173
f 3135 3139 3183
f 3135 3183 3179
f 3139 3138 3183
f 3183 3138 3182
f 3182 3176 3177
f 3179 3183 3178
f 3182 3177 3178
f 3182 3178 3183
f 3145 3144 3139
f 3139 3144 3143
f 3139 3143 3138
f 3138 3143 3142
f 3102 3088 3160
f 3102 3160 3168
f 3102 3168 3106
f 3102 3120 3088
f 3088 3120 3160
f 3080 3102 3088
f 3080 3096 3102
f 3096 3080 3112
f 3081 3113 3080
f 3080 3113 3112
f 3193 3113 3081
f 3193 3081 3194
f 3194 3081 3082
f 3082 3083 3194
f 3194 3083 3195
f 3084 3116 3196
f 3084 3196 3083
f 3083 3196 3195
f 3089 3103 3085
f 3085 3103 3099
f 3099 3117 3085
f 3085 3117 3084
f 3084 3117 3116
f 3103 3089 3123
f 3123 3089 3165
f 3173 3165 3107
f 3107 3165 3103
f 3103 3165 3089
f 3106 3168 3126
f 3132 3106 3126
f 3173 3107 3129
f 3107 3135 3129
f 3135 3136 3139
f 3139 3136 3140
f 3136 3135 3180
f 3180 3135 3179
f 3131 3132 3138
f 3131 3138 3137
f 3173 3174 3179
f 3179 3174 3180
f 3132 3131 3175
f 3132 3175 3176
f 3167 3168 3176
f 3167 3176 3175
f 3169 3172 3177
f 3172 3178 3177
f 3132 3131 3125
f 3132 3125 3106
f 3125 3105 3106
f 3106 3105 3102
f 3102 3105 3087
f 3102 3087 3088
f 3078 3084 3083
f 3078 3083 3077
f 3075 3076 3082
f 3075 3082 3081
f 3088 3087 3080
f 3090 3089 3085
f 3090 3085 3086
f 3082 3076 3083
f 3083 3076 3077
f 3080 3087 3079
f 3103 3089 3090
f 3103 3090 3107
f 3107 3090 3108
f 3136 3135 3130
f 3130 3135 3107
f 3130 3107 3108
f 3130 3129 3136
f 3136 3129 3135
f 3126 3168 3125
f 3125 3168 3167
f 3131 3132 3126
f 3131 3126 3125
f 3137 3138 3132
f 3137 3132 3131
f 3112 3120 3111
f 3111 3120 3119
f 3102 3119 3120
f 3102 3101 3119
f 3101 3102 3095
f 3102 3096 3095
f 3103 3100 3099
f 3100 3103 3104
f 3123 3104 3103
f 3123 3124 3104
f 3123 3118 3124
f 3123 3117 3118
f 3173 3129 3174
f 3174 3129 3130
f 3138 3142 3141
f 3142 3143 3141
f 3138 3141 3137
f 3137 3181 3175
f 3175 3181 3207
f 3131 3137 3175
f 3175 3207 3205
f 3205 3167 3175
f 3205 3207 3231
f 3199 3205 3221
f 3221 3205 3229
f 3231 3229 3205
f 3230 3206 3228
f 3204 3228 3206
f 3206 3230 3232
f 3206 3232 3208
f 3140 3136 3180
f 3208 3184 3180
f 3180 3174 3206
f 3140 3180 3184
f 3206 3208 3180
f 3146 3144 3145
f 3146 3139 3140
f 3145 3139 3146
f 3247 3249 3264
f 3282 3280 3264
f 3221 3229 3247
f 3247 3229 3231
f 3244 3222 3221
f 3244 3243 3261
f 3261 3243 3260
f 3266 3282 3264
f 3231 3249 3266
f 3247 3231 3249
f 3249 3231 3264
f 3264 3231 3266
f 3312 3309 3293
f 3297 3312 3293
f 3297 3293 3277
f 3277 3261 3280
f 3277 3280 3297
f 3297 3280 3296
f 3244 3221 3243
f 3243 3221 3247
f 3243 3247 3260
f 3260 3247 3264
f 3260 3264 3261
f 3261 3264 3280
f 3296 3280 3282
f 3296 3282 3300
f 3293 3292 3309
f 3304 3305 3289
f 3333 3329 3328
f 3333 3328 3332
f 3326 3330 3327
f 3327 3330 3331
f 3308 3309 3292
f 3310 3307 3319
f 3310 3319 3323
f 3294 3291 3307
f 3310 3294 3307
f 3305 3317 3318
f 3318 3306 3305
f 3289 3305 3306
f 3316 3304 3315
f 3315 3304 3303
f 3304 3316 3305
f 3305 3316 3317
f 3288 3304 3289
f 3287 3303 3288
f 3288 3303 3304
f 3321 3314 3320
f 3320 3314 3302
f 3320 3302 3309
f 3327 3331 3328
f 3328 3331 3332
f 3323 3319 3322
f 3322 3319 3318
f 3322 3318 3328
f 3328 3318 3317
f 3328 3317 3325
f 3328 3325 3327
f 3327 3325 3324
f 3327 3324 3316
f 3327 3316 3321
f 3321 3316 3315
f 3321 3315 3314
f 3307 3306 3318
f 3315 3303 3302
f 3319 3307 3318
f 3325 3317 3324
f 3324 3317 3316
f 3314 3315 3302
f 3329 3322 3328
f 3326 3327 3321
f 3309 3302 3293
f 3293 3302 3286
f 3306 3290 3289
f 3291 3290 3307
f 3307 3290 3306
f 3302 3303 3286
f 3286 3303 3287
f 3271 3255 3254
f 3274 3258 3257
f 3105 3101 3087
f 3104 3108 3090
f 3205 3199 3167
f 3159 3112 3111
f 3159 3111 3119
f 3151 3152 3112
f 3117 3157 3158
f 3117 3158 3118
f 3158 3124 3118
f 3092 3093 3077
f 3077 3093 3078
f 3078 3093 3094
f 3078 3094 3084
f 3084 3094 3098
f 3084 3098 3085
f 3085 3098 3099
f 3092 3109 3093
f 3093 3109 3110
f 3093 3110 3116
f 3093 3116 3098
f 3098 3116 3117
f 3098 3117 3099
f 3110 3115 3116
f 3104 3090 3100
f 3100 3090 3086
f 3100 3086 3099
f 3099 3086 3085
f 3130 3108 3104
f 3124 3130 3104
f 3149 3155 3150
f 3195 3155 3194
f 3194 3155 3149
f 3115 3155 3116
f 3116 3155 3156
f 3116 3156 3117
f 3117 3156 3157
f 3124 3166 3130
f 3130 3166 3174
f 3206 3174 3204
f 3166 3124 3158
f 3166 3204 3174
f 3155 3195 3156
f 3156 3195 3196
f 3156 3196 3157
f 3157 3196 3197
f 3157 3197 3198
f 3157 3198 3158
f 3158 3198 3166
f 3166 3198 3204
f 3263 3246 3259
f 3259 3246 3242
f 3259 3242 3241
f 3259 3241 3258
f 3258 3241 3240
f 3295 3279 3294
f 3294 3279 3278
f 3294 3278 3291
f 3291 3278 3275
f 3291 3275 3290
f 3290 3275 3274
f 3258 3274 3259
f 3259 3274 3275
f 3259 3275 3263
f 3263 3275 3278
f 3263 3278 3279
f 3237 3215 3236
f 3236 3215 3214
f 3236 3214 3235
f 3235 3214 3213
f 3235 3213 3243
f 3243 3213 3221
f 3246 3228 3242
f 3242 3228 3220
f 3242 3220 3241
f 3241 3220 3219
f 3241 3219 3240
f 3240 3219 3218
f 3240 3218 3239
f 3239 3218 3217
f 3239 3217 3238
f 3238 3217 3216
f 3238 3216 3237
f 3237 3216 3215
f 3287 3271 3286
f 3286 3271 3270
f 3286 3270 3293
f 3293 3270 3277
f 3260 3276 3277
f 3260 3277 3253
f 3253 3277 3270
f 3253 3270 3254
f 3254 3270 3271
f 3289 3273 3288
f 3288 3273 3272
f 3288 3272 3287
f 3287 3272 3271
f 3289 3290 3274
f 3289 3274 3273
f 3273 3274 3257
f 3273 3257 3272
f 3272 3257 3256
f 3272 3256 3255
f 3272 3255 3271
f 3255 3237 3254
f 3254 3237 3236
f 3254 3236 3253
f 3253 3236 3235
f 3253 3235 3260
f 3260 3235 3243
f 3105 3125 3119
f 3119 3101 3105
f 3087 3101 3079
f 3079 3101 3095
f 3079 3095 3080
f 3080 3095 3096
f 3159 3119 3167
f 3167 3119 3125
f 3151 3112 3159
f 3081 3080 3096
f 3081 3096 3097
f 3097 3096 3112
f 3097 3112 3113
f 3077 3076 3092
f 3113 3109 3092
f 3113 3092 3091
f 3091 3092 3075
f 3076 3075 3092
f 3094 3093 3098
f 3152 3113 3112
f 3192 3152 3191
f 3191 3152 3151
f 3191 3151 3199
f 3199 3151 3159
f 3199 3159 3167
f 3151 3152 3159
f 3081 3097 3091
f 3113 3152 3153
f 3153 3152 3192
f 3153 3192 3193
f 3153 3193 3154
f 3193 3194 3154
f 3154 3194 3149
f 3149 3150 3110
f 3110 3109 3149
f 3149 3109 3154
f 3154 3109 3114
f 3154 3114 3153
f 3150 3155 3115
f 3150 3115 3110
f 3114 3109 3113
f 3114 3113 3153
f 3258 3240 3257
f 3257 3240 3239
f 3257 3239 3256
f 3256 3239 3238
f 3256 3238 3255
f 3255 3238 3237
f 3215 3193 3214
f 3214 3193 3192
f 3214 3192 3213
f 3213 3192 3191
f 3213 3191 3221
f 3221 3191 3199
f 3228 3204 3220
f 3220 3204 3198
f 3220 3198 3219
f 3219 3198 3197
f 3219 3197 3218
f 3218 3197 3196
f 3113 3091 3097
f 3091 3075 3081
f 3230 3228 3246
f 3230 3248 3250
f 3230 3250 3232
f 3301 3283 3281
f 3301 3281 3299
f 3245 3262 3246
f 3262 3263 3246
f 3246 3248 3230
f 3294 3310 3298
f 3294 3298 3278
f 3278 3298 3281
f 3278 3281 3262
f 3262 3281 3263
f 3263 3281 3265
f 3263 3265 3246
f 3246 3265 3248
f 3265 3281 3283
f 3265 3283 3267
f 3267 3250 3265
f 3265 3250 3248
f 3299 3281 3298
f 3313 3298 3310
f 3144 3146 3143
f 3141 3143 3146
f 3186 3211 3185
f 3141 3147 3186
f 3186 3147 3189
f 3185 3141 3186
f 3137 3141 3181
f 3181 3209 3207
f 3209 3231 3207
f 3251 3268 3266
f 3266 3268 3284
f 3266 3284 3282
f 3251 3266 3249
f 3249 3231 3251
f 3211 3233 3209
f 3211 3209 3185
f 3185 3209 3181
f 3185 3181 3141
f 3209 3233 3231
f 3231 3233 3251
f 3188 3184 3210
f 3210 3208 3232
f 3184 3140 3210
f 3210 3184 3208
f 3188 3146 3184
f 3148 3146 3188
f 3188 3187 3148
f 3148 3187 3190
f 3250 3267 3252
f 3250 3252 3232
f 3283 3285 3267
f 3267 3285 3269
f 3267 3269 3252
f 3212 3188 3210
f 3212 3210 3234
f 3232 3252 3234
f 3232 3234 3210
f 3140 3184 3146
f 3141 3146 3148
f 3190 3147 3141
f 3190 3141 3148
f 3190 3189 3147
f 3341 3471 3463
f 3368 3341 3463
f 3463 3462 3368
f 3462 3367 3368
f 3471 3341 3470
f 3470 3341 3340
f 3336 3466 3338
f 3338 3466 3468
f 3338 3468 3339
f 3339 3468 3469
f 3339 3469 3340
f 3340 3469 3470
f 3350 3376 3371
f 3350 3371 3392
f 3350 3392 3406
f 3350 3424 3440
f 3350 3345 3376
f 3406 3419 3350
f 3350 3419 3424
f 3350 3440 3445
f 3464 3334 3335
f 3335 3465 3464
f 3465 3335 3354
f 3465 3354 3449
f 3449 3354 3349
f 3449 3349 3444
f 3444 3349 3350
f 3444 3350 3445
f 3334 3464 3337
f 3337 3464 3467
f 3337 3467 3466
f 3337 3466 3336
f 3388 3367 3462
f 3462 3436 3388
f 3436 3387 3388
f 3387 3436 3435
f 3387 3416 3402
f 3387 3435 3416
f 3431 3413 3432
f 3436 3416 3435
f 3415 3401 3402
f 3402 3416 3415
f 3432 3433 3456
f 3431 3432 3453
f 3453 3432 3456
f 3430 3431 3450
f 3450 3431 3453
f 3450 3453 3451
f 3451 3453 3454
f 3414 3433 3432
f 3432 3413 3414
f 3431 3430 3413
f 3400 3414 3413
f 3441 3427 3426
f 3426 3427 3421
f 3420 3426 3421
f 3422 3417 3404
f 3422 3404 3421
f 3421 3404 3408
f 3411 3398 3412
f 3412 3398 3399
f 3411 3397 3398
f 3396 3409 3410
f 3396 3395 3409
f 3409 3395 3397
f 3409 3397 3411
f 3404 3403 3408
f 3410 3426 3407
f 3407 3426 3420
f 3408 3394 3393
f 3407 3408 3393
f 3394 3408 3389
f 3389 3408 3403
f 3389 3403 3390
f 3390 3403 3404
f 3407 3393 3410
f 3410 3393 3396
f 3466 3467 3448
f 3448 3467 3464
f 3409 3425 3428
f 3451 3430 3450
f 3452 3447 3446
f 3410 3409 3425
f 3428 3430 3429
f 3429 3430 3451
f 3429 3451 3446
f 3447 3442 3441
f 3441 3442 3427
f 3427 3442 3421
f 3443 3442 3447
f 3443 3447 3448
f 3446 3447 3441
f 3426 3429 3441
f 3441 3429 3446
f 3443 3438 3437
f 3437 3438 3421
f 3442 3443 3437
f 3437 3421 3442
f 3422 3421 3438
f 3428 3429 3426
f 3408 3407 3420
f 3408 3420 3421
f 3448 3447 3466
f 3466 3447 3452
f 3466 3452 3468
f 3468 3452 3455
f 3471 3470 3459
f 3459 3470 3457
f 3433 3434 3458
f 3458 3434 3460
f 3458 3460 3459
f 3459 3460 3461
f 3400 3401 3414
f 3414 3401 3415
f 3415 3416 3434
f 3434 3416 3436
f 3434 3436 3460
f 3460 3436 3462
f 3460 3462 3461
f 3461 3462 3463
f 3470 3469 3457
f 3457 3469 3455
f 3457 3455 3454
f 3454 3455 3451
f 3457 3458 3459
f 3454 3458 3457
f 3469 3468 3455
f 3455 3452 3451
f 3451 3452 3446
f 3428 3426 3425
f 3425 3426 3410
f 3413 3412 3399
f 3413 3399 3400
f 3463 3471 3461
f 3461 3471 3459
f 3454 3453 3458
f 3458 3453 3456
f 3458 3456 3433
f 3434 3433 3415
f 3415 3433 3414
f 3412 3413 3430
f 3412 3430 3411
f 3411 3430 3428
f 3411 3428 3409
f 3418 3424 3419
f 3418 3419 3405
f 3405 3419 3406
f 3424 3418 3423
f 3439 3440 3423
f 3424 3423 3440
f 3464 3465 3448
f 3448 3465 3449
f 3422 3438 3439
f 3417 3418 3404
f 3405 3404 3418
f 3418 3417 3423
f 3423 3417 3422
f 3449 3444 3443
f 3449 3443 3448
f 3443 3444 3438
f 3444 3445 3439
f 3445 3440 3439
f 3439 3423 3422
f 3405 3404 3391
f 3439 3438 3444
f 3334 3337 3336
f 3388 3387 3402
f 3385 3386 3400
f 3386 3401 3400
f 3384 3383 3361
f 3361 3383 3358
f 3383 3382 3358
f 3358 3382 3355
f 3358 3355 3356
f 3358 3356 3359
f 3347 3379 3373
f 3355 3382 3356
f 3382 3380 3356
f 3356 3380 3381
f 3356 3381 3351
f 3372 3373 3378
f 3378 3373 3379
f 3378 3379 3346
f 3346 3379 3347
f 3397 3380 3398
f 3398 3380 3382
f 3398 3382 3383
f 3399 3398 3383
f 3399 3383 3384
f 3400 3399 3384
f 3400 3384 3385
f 3377 3380 3397
f 3377 3397 3395
f 3378 3377 3395
f 3378 3395 3396
f 3378 3381 3380
f 3378 3380 3377
f 3373 3372 3393
f 3373 3393 3394
f 3348 3353 3352
f 3352 3353 3357
f 3394 3389 3373
f 3347 3348 3352
f 3343 3373 3374
f 3369 3374 3373
f 3369 3373 3390
f 3389 3390 3394
f 3394 3390 3373
f 3373 3342 3347
f 3357 3336 3360
f 3360 3336 3338
f 3360 3338 3362
f 3362 3338 3339
f 3362 3339 3364
f 3364 3339 3340
f 3364 3340 3341
f 3364 3341 3366
f 3366 3341 3368
f 3386 3385 3365
f 3365 3385 3363
f 3365 3363 3364
f 3365 3364 3366
f 3402 3401 3386
f 3402 3386 3388
f 3388 3386 3365
f 3388 3365 3367
f 3367 3365 3366
f 3367 3366 3368
f 3346 3347 3351
f 3351 3347 3352
f 3360 3359 3357
f 3351 3381 3378
f 3372 3378 3396
f 3372 3396 3393
f 3346 3351 3378
f 3364 3363 3362
f 3362 3363 3359
f 3385 3384 3361
f 3385 3361 3363
f 3363 3361 3358
f 3363 3358 3359
f 3342 3373 3343
f 3342 3343 3348
f 3342 3348 3347
f 3351 3352 3356
f 3356 3352 3357
f 3360 3362 3359
f 3353 3334 3336
f 3353 3336 3357
f 3356 3357 3359
f 3335 3334 3353
f 3376 3345 3344
f 3376 3344 3375
f 3391 3371 3370
f 3370 3371 3376
f 3370 3376 3375
f 3391 3392 3371
f 3405 3406 3392
f 3392 3391 3405
f 3350 3349 3345
f 3345 3349 3344
f 3354 3335 3353
f 3354 3353 3349
f 3349 3353 3348
f 3404 3405 3390
f 3390 3405 3391
f 3370 3390 3391
f 3370 3375 3374
f 3370 3374 3369
f 3370 3369 3390
f 3348 3343 3349
f 3349 3343 3344
f 3343 3374 3375
f 3344 3343 3375
f 3569 3565 3568
f 3568 3565 3564
f 3565 3569 3564
f 3564 3569 3568
f 3562 3566 3563
f 3563 3566 3567
f 3566 3562 3567
f 3567 3562 3563
f 3571 3567 3570
f 3570 3567 3566
f 3568 3572 3569
f 3569 3572 3573
f 3572 3568 3573
f 3573 3568 3569
f 3572 3548 3549
f 3572 3549 3573
f 3548 3572 3571
f 3548 3571 3570
f 3512 3516 3536
f 3512 3536 3532
f 3531 3535 3515
f 3531 3515 3511
f 3511 3496 3531
f 3531 3496 3570
f 3571 3531 3570
f 3497 3512 3532
f 3497 3532 3573
f 3573 3532 3572
f 3572 3532 3571
f 3571 3532 3531
f 3496 3511 3497
f 3497 3511 3512
f 3570 3566 3571
f 3571 3566 3567
f 3483 3482 3485
f 3485 3482 3484
f 3485 3484 3497
f 3497 3484 3496
f 3566 3562 3546
f 3546 3562 3544
f 3547 3545 3569
f 3569 3545 3565
f 3569 3565 3547
f 3547 3565 3545
f 3549 3497 3573
f 3495 3483 3497
f 3483 3485 3497
f 3484 3482 3496
f 3482 3494 3496
f 3496 3548 3570
f 3546 3544 3566
f 3566 3544 3562
f 3570 3546 3566
f 3548 3528 3546
f 3548 3546 3570
f 3478 3492 3482
f 3482 3492 3494
f 3528 3548 3508
f 3508 3548 3496
f 3496 3494 3508
f 3530 3548 3496
f 3496 3548 3528
f 3496 3528 3508
f 3496 3510 3530
f 3533 3549 3530
f 3530 3549 3548
f 3514 3515 3534
f 3516 3512 3513
f 3517 3516 3513
f 3512 3511 3510
f 3510 3511 3515
f 3515 3514 3510
f 3517 3537 3516
f 3537 3536 3516
f 3534 3535 3530
f 3535 3531 3530
f 3530 3531 3533
f 3531 3532 3533
f 3533 3532 3536
f 3533 3536 3537
f 3515 3535 3534
f 3478 3481 3482
f 3482 3481 3483
f 3482 3483 3484
f 3484 3483 3485
f 3484 3485 3496
f 3496 3485 3497
f 3496 3497 3510
f 3510 3497 3513
f 3510 3513 3512
f 3530 3510 3534
f 3534 3510 3514
f 3549 3547 3573
f 3483 3481 3493
f 3573 3547 3569
f 3497 3549 3533
f 3509 3497 3495
f 3497 3509 3529
f 3497 3529 3549
f 3549 3529 3547
f 3495 3483 3493
f 3533 3513 3497
f 3495 3493 3481
f 3481 3483 3495
f 3517 3513 3533
f 3517 3533 3537
f 3482 3483 3478
f 3478 3483 3481
f 3479 3480 3481
f 3479 3481 3478
f 3481 3480 3478
f 3479 3478 3480
f 3476 3474 3478
f 3475 3477 3481
f 3519 3523 3499
f 3499 3523 3503
f 3524 3520 3500
f 3524 3500 3504
f 3561 3557 3556
f 3561 3556 3560
f 3560 3556 3555
f 3560 3555 3559
f 3559 3555 3554
f 3559 3554 3558
f 3555 3551 3554
f 3554 3551 3550
f 3551 3555 3556
f 3551 3556 3552
f 3557 3553 3552
f 3557 3552 3556
f 3538 3550 3551
f 3538 3551 3552
f 3538 3552 3539
f 3539 3552 3553
f 3521 3501 3520
f 3501 3500 3520
f 3499 3503 3502
f 3504 3505 3503
f 3505 3504 3500
f 3500 3501 3505
f 3498 3499 3502
f 3519 3499 3498
f 3521 3520 3525
f 3525 3520 3524
f 3524 3523 3522
f 3522 3523 3519
f 3519 3498 3518
f 3519 3518 3522
f 3538 3539 3522
f 3522 3539 3525
f 3522 3525 3524
f 3502 3503 3505
f 3502 3505 3486
f 3486 3505 3487
f 3486 3487 3472
f 3472 3487 3473
f 3553 3557 3556
f 3556 3552 3553
f 3555 3551 3552
f 3555 3552 3556
f 3551 3555 3550
f 3550 3555 3554
f 3486 3523 3550
f 3553 3524 3487
f 3487 3524 3504
f 3486 3503 3523
f 3550 3523 3551
f 3551 3523 3552
f 3552 3523 3524
f 3487 3504 3486
f 3486 3504 3503
f 3524 3553 3552
f 3487 3486 3473
f 3473 3486 3472
f 3473 3472 3475
f 3475 3472 3474
f 3472 3474 3486
f 3518 3498 3522
f 3522 3498 3502
f 3540 3542 3554
f 3554 3542 3558
f 3557 3561 3541
f 3541 3561 3543
f 3521 3525 3505
f 3521 3505 3501
f 3473 3487 3475
f 3541 3543 3557
f 3557 3543 3561
f 3554 3558 3540
f 3540 3558 3542
f 3475 3489 3487
f 3539 3553 3541
f 3541 3553 3557
f 3477 3491 3493
f 3477 3493 3481
f 3539 3541 3527
f 3539 3527 3525
f 3525 3527 3505
f 3505 3527 3507
f 3505 3507 3487
f 3487 3507 3489
f 3491 3477 3475
f 3491 3475 3489
f 3481 3493 3491
f 3481 3491 3475
f 3527 3553 3487
f 3527 3487 3507
f 3527 3541 3553
f 3550 3554 3540
f 3526 3550 3540
f 3550 3526 3486
f 3486 3526 3506
f 3490 3474 3488
f 3474 3490 3478
f 3478 3490 3492
f 3486 3506 3488
f 3506 3526 3502
f 3502 3526 3522
f 3522 3526 3538
f 3538 3526 3540
f 3538 3540 3550
f 3474 3476 3490
f 3490 3476 3492
f 3492 3476 3478
f 3488 3486 3474
f 3506 3502 3486
f 3823 3840 3822
f 3822 3840 3839
f 3836 3819 3835
f 3819 3800 3818
f 3819 3818 3835
f 3763 3762 3782
f 3817 3799 3816
f 3765 3764 3783
f 3765 3783 3784
f 3840 3838 3836
f 3819 3821 3823
f 3838 3840 3821
f 3821 3840 3823
f 3840 3836 3839
f 3839 3836 3835
f 3837 3820 3839
f 3839 3820 3822
f 3818 3820 3835
f 3835 3820 3837
f 3837 3839 3835
f 3822 3820 3821
f 3822 3821 3823
f 3604 3603 3597
f 3597 3603 3596
f 3597 3596 3604
f 3604 3596 3603
f 3639 3608 3635
f 3608 3601 3635
f 3635 3601 3600
f 3635 3600 3634
f 3574 3576 3594
f 3576 3601 3594
f 3627 3593 3594
f 3627 3594 3628
f 3628 3594 3587
f 3628 3587 3623
f 3575 3574 3595
f 3595 3574 3594
f 3624 3588 3629
f 3588 3595 3629
f 3629 3595 3596
f 3629 3596 3630
f 3577 3575 3602
f 3602 3575 3595
f 3637 3603 3602
f 3637 3602 3636
f 3602 3609 3636
f 3636 3609 3640
f 3577 3601 3576
f 3601 3577 3602
f 3582 3589 3588
f 3581 3582 3583
f 3579 3580 3587
f 3588 3587 3580
f 3588 3580 3581
f 3586 3579 3587
f 3585 3586 3593
f 3592 3585 3593
f 3599 3592 3600
f 3614 3613 3608
f 3608 3613 3607
f 3609 3616 3615
f 3590 3597 3604
f 3609 3608 3602
f 3602 3608 3601
f 3615 3614 3608
f 3615 3608 3609
f 3606 3599 3600
f 3606 3600 3607
f 3607 3600 3601
f 3592 3593 3600
f 3600 3593 3601
f 3601 3593 3594
f 3586 3594 3593
f 3586 3587 3594
f 3595 3594 3587
f 3587 3588 3595
f 3588 3581 3582
f 3589 3596 3595
f 3589 3595 3588
f 3597 3589 3590
f 3589 3597 3596
f 3596 3604 3595
f 3595 3604 3602
f 3611 3603 3604
f 3604 3603 3602
f 3590 3589 3588
f 3610 3616 3609
f 3611 3610 3609
f 3611 3609 3603
f 3603 3609 3602
f 3607 3601 3608
f 3678 3656 3653
f 3704 3722 3721
f 3707 3727 3710
f 3707 3725 3727
f 3725 3707 3726
f 3708 3742 3707
f 3707 3742 3726
f 3720 3736 3708
f 3708 3736 3742
f 3720 3757 3736
f 3721 3758 3720
f 3720 3758 3757
f 3738 3759 3722
f 3758 3721 3759
f 3759 3721 3722
f 3644 3643 3618
f 3581 3645 3580
f 3580 3645 3644
f 3580 3644 3618
f 3580 3618 3579
f 3579 3618 3622
f 3579 3622 3586
f 3621 3585 3586
f 3585 3621 3649
f 3585 3621 3626
f 3585 3626 3592
f 3656 3633 3626
f 3592 3626 3633
f 3592 3633 3599
f 3678 3675 3693
f 3712 3695 3693
f 3693 3695 3678
f 3671 3690 3675
f 3675 3690 3693
f 3689 3704 3688
f 3688 3704 3721
f 3710 3712 3693
f 3710 3693 3707
f 3707 3693 3690
f 3707 3690 3671
f 3707 3671 3708
f 3708 3671 3672
f 3708 3672 3691
f 3708 3691 3720
f 3720 3691 3687
f 3720 3687 3721
f 3721 3687 3688
f 3650 3622 3643
f 3643 3622 3618
f 3653 3656 3626
f 3653 3626 3649
f 3649 3626 3621
f 3671 3649 3650
f 3650 3649 3621
f 3650 3621 3622
f 3622 3621 3586
f 3645 3689 3644
f 3644 3689 3688
f 3644 3688 3643
f 3643 3688 3687
f 3643 3687 3650
f 3650 3687 3691
f 3650 3691 3671
f 3671 3691 3672
f 3671 3672 3649
f 3649 3671 3653
f 3653 3671 3675
f 3653 3675 3678
f 3740 3724 3723
f 3739 3760 3740
f 3739 3723 3722
f 3739 3722 3738
f 3740 3723 3739
f 3645 3581 3619
f 3646 3582 3581
f 3646 3581 3645
f 3620 3583 3582
f 3620 3582 3647
f 3647 3582 3646
f 3723 3724 3706
f 3670 3669 3706
f 3706 3669 3723
f 3689 3722 3668
f 3668 3722 3669
f 3669 3646 3645
f 3669 3645 3668
f 3670 3647 3669
f 3669 3647 3646
f 3722 3723 3669
f 3651 3590 3647
f 3647 3590 3583
f 3651 3625 3590
f 3785 3766 3744
f 3781 3785 3744
f 3761 3781 3740
f 3740 3781 3744
f 3760 3761 3740
f 3583 3620 3647
f 3709 3692 3651
f 3709 3651 3706
f 3706 3651 3647
f 3706 3647 3670
f 3744 3709 3740
f 3740 3709 3706
f 3740 3706 3724
f 3673 3651 3692
f 3631 3590 3625
f 3631 3597 3590
f 3597 3631 3654
f 3654 3676 3694
f 3651 3673 3676
f 3676 3673 3692
f 3676 3692 3711
f 3676 3631 3651
f 3651 3631 3625
f 3654 3631 3676
f 3785 3786 3766
f 3766 3786 3768
f 3766 3768 3746
f 3766 3746 3744
f 3692 3709 3711
f 3711 3709 3744
f 3746 3711 3744
f 3768 3786 3746
f 3711 3694 3676
f 3726 3720 3725
f 3726 3736 3720
f 3757 3758 3736
f 3736 3758 3737
f 3737 3758 3738
f 3758 3759 3738
f 3759 3760 3738
f 3738 3760 3739
f 3760 3780 3781
f 3760 3781 3761
f 3668 3645 3644
f 3598 3652 3591
f 3591 3652 3648
f 3591 3648 3584
f 3584 3648 3649
f 3584 3649 3585
f 3643 3579 3649
f 3649 3579 3585
f 3579 3643 3580
f 3580 3643 3644
f 3644 3645 3619
f 3644 3619 3580
f 3580 3619 3581
f 3688 3737 3738
f 3738 3722 3688
f 3688 3722 3689
f 3688 3689 3668
f 3687 3736 3688
f 3688 3736 3737
f 3736 3687 3720
f 3703 3707 3725
f 3703 3725 3720
f 3695 3693 3677
f 3677 3693 3674
f 3677 3674 3655
f 3598 3632 3652
f 3652 3632 3655
f 3720 3687 3703
f 3703 3687 3667
f 3703 3667 3707
f 3707 3667 3671
f 3674 3693 3675
f 3675 3693 3671
f 3671 3693 3707
f 3644 3688 3668
f 3655 3674 3652
f 3652 3674 3675
f 3652 3675 3648
f 3648 3675 3671
f 3648 3671 3649
f 3649 3671 3667
f 3649 3667 3643
f 3643 3667 3687
f 3606 3612 3613
f 3660 3681 3699
f 3699 3681 3716
f 3716 3731 3751
f 3638 3641 3611
f 3638 3611 3604
f 3685 3686 3719
f 3735 3734 3719
f 3617 3666 3665
f 3617 3665 3616
f 3664 3615 3616
f 3664 3616 3665
f 3684 3733 3702
f 3685 3665 3666
f 3685 3666 3686
f 3665 3685 3664
f 3664 3685 3684
f 3685 3734 3684
f 3684 3734 3733
f 3719 3734 3685
f 3778 3777 3756
f 3794 3778 3756
f 3791 3794 3751
f 3751 3794 3756
f 3773 3791 3751
f 3699 3716 3660
f 3611 3641 3660
f 3611 3660 3666
f 3611 3666 3617
f 3660 3716 3666
f 3666 3716 3719
f 3666 3719 3686
f 3716 3751 3719
f 3719 3751 3756
f 3719 3756 3735
f 3756 3755 3735
f 3755 3734 3735
f 3754 3733 3755
f 3755 3733 3734
f 3756 3777 3755
f 3701 3702 3733
f 3701 3733 3754
f 3663 3664 3684
f 3615 3664 3663
f 3663 3614 3615
f 3613 3614 3663
f 3663 3662 3613
f 3661 3606 3662
f 3662 3606 3613
f 3606 3661 3659
f 3606 3659 3605
f 3605 3659 3658
f 3605 3658 3598
f 3598 3658 3655
f 3598 3655 3632
f 3695 3714 3712
f 3732 3714 3717
f 3700 3732 3717
f 3732 3700 3752
f 3752 3700 3701
f 3752 3701 3753
f 3714 3680 3717
f 3717 3680 3682
f 3717 3682 3700
f 3695 3677 3678
f 3695 3678 3714
f 3714 3678 3680
f 3754 3753 3701
f 3701 3663 3684
f 3701 3684 3702
f 3663 3701 3662
f 3662 3701 3700
f 3662 3700 3661
f 3661 3700 3682
f 3661 3682 3659
f 3659 3682 3680
f 3659 3680 3658
f 3658 3680 3655
f 3655 3680 3678
f 3655 3678 3677
f 3657 3679 3638
f 3660 3679 3681
f 3660 3641 3638
f 3660 3638 3679
f 3714 3729 3728
f 3714 3728 3712
f 3732 3752 3729
f 3775 3774 3752
f 3752 3753 3775
f 3776 3775 3753
f 3793 3778 3794
f 3778 3793 3777
f 3679 3696 3713
f 3788 3791 3773
f 3788 3773 3769
f 3773 3748 3769
f 3769 3748 3788
f 3679 3713 3716
f 3679 3716 3681
f 3773 3751 3748
f 3748 3751 3731
f 3713 3748 3731
f 3713 3731 3716
f 3776 3753 3754
f 3754 3755 3776
f 3776 3755 3777
f 3714 3732 3729
f 3638 3604 3657
f 3679 3657 3696
f 3751 3791 3788
f 3788 3748 3751
f 3734 3755 3756
f 3756 3755 3793
f 3756 3793 3794
f 3685 3718 3719
f 3641 3611 3617
f 3641 3617 3642
f 3713 3696 3657
f 3666 3685 3719
f 3666 3719 3660
f 3719 3716 3660
f 3660 3641 3642
f 3660 3642 3666
f 3666 3642 3665
f 3713 3657 3716
f 3716 3657 3660
f 3657 3638 3660
f 3751 3748 3713
f 3751 3713 3716
f 3751 3716 3756
f 3756 3716 3719
f 3756 3719 3734
f 3734 3719 3718
f 3598 3599 3605
f 3605 3599 3606
f 3607 3613 3606
f 3579 3578 3585
f 3591 3584 3585
f 3599 3598 3592
f 3592 3598 3591
f 3585 3592 3591
f 3586 3585 3579
f 3786 3785 3746
f 3705 3706 3723
f 3740 3781 3780
f 3740 3780 3739
f 3746 3785 3744
f 3694 3711 3654
f 3620 3583 3590
f 3620 3590 3625
f 3654 3651 3631
f 3705 3669 3706
f 3706 3669 3647
f 3706 3647 3709
f 3709 3647 3651
f 3647 3646 3620
f 3647 3620 3651
f 3651 3620 3625
f 3654 3711 3651
f 3651 3711 3709
f 3711 3746 3709
f 3709 3746 3744
f 3709 3744 3706
f 3706 3744 3740
f 3706 3740 3723
f 3803 3804 3787
f 3787 3804 3788
f 3780 3785 3781
f 3738 3759 3737
f 3737 3759 3758
f 3780 3781 3798
f 3780 3798 3797
f 3798 3781 3785
f 3785 3801 3798
f 3729 3698 3697
f 3730 3715 3729
f 3698 3729 3715
f 3730 3750 3770
f 3589 3580 3581
f 3616 3615 3610
f 3610 3615 3614
f 3589 3581 3582
f 3583 3590 3589
f 3583 3589 3582
f 3606 3599 3585
f 3585 3599 3592
f 3586 3579 3589
f 3589 3579 3580
f 3611 3617 3610
f 3610 3617 3616
f 3610 3614 3613
f 3610 3613 3607
f 3807 3791 3804
f 3804 3791 3788
f 3811 3794 3807
f 3807 3794 3791
f 3794 3811 3810
f 3794 3810 3793
f 3788 3786 3804
f 3804 3786 3802
f 3785 3801 3786
f 3786 3801 3802
f 3786 3788 3746
f 3746 3788 3748
f 3746 3748 3711
f 3711 3748 3713
f 3711 3713 3694
f 3694 3713 3679
f 3694 3679 3654
f 3654 3679 3657
f 3654 3657 3638
f 3654 3638 3631
f 3631 3638 3604
f 3631 3604 3597
f 3710 3712 3727
f 3741 3726 3725
f 3741 3742 3726
f 3730 3750 3749
f 3730 3749 3729
f 3727 3712 3728
f 3747 3727 3728
f 3725 3745 3741
f 3752 3774 3770
f 3725 3727 3745
f 3745 3727 3747
f 3747 3728 3729
f 3752 3770 3750
f 3747 3729 3750
f 3750 3729 3749
f 3745 3742 3741
f 3762 3736 3742
f 3736 3762 3757
f 3803 3807 3804
f 3810 3811 3806
f 3806 3811 3803
f 3803 3811 3807
f 3802 3788 3804
f 3785 3788 3801
f 3801 3788 3802
f 3750 3729 3730
f 3750 3730 3752
f 3742 3726 3736
f 3796 3779 3795
f 3758 3757 3796
f 3796 3757 3779
f 3796 3759 3758
f 3796 3780 3759
f 3796 3797 3780
f 3814 3815 3796
f 3796 3815 3797
f 3796 3813 3814
f 3796 3812 3813
f 3796 3795 3812
f 3780 3760 3759
f 3797 3784 3780
f 3797 3800 3784
f 3815 3819 3797
f 3797 3819 3800
f 3814 3818 3819
f 3814 3819 3815
f 3818 3814 3835
f 3835 3814 3833
f 3835 3833 3832
f 3835 3832 3834
f 3834 3832 3813
f 3834 3813 3817
f 3817 3813 3816
f 3816 3813 3812
f 3816 3812 3795
f 3816 3795 3799
f 3799 3795 3782
f 3782 3795 3779
f 3782 3779 3762
f 3762 3779 3757
f 3758 3762 3757
f 3758 3763 3762
f 3780 3784 3765
f 3780 3765 3760
f 3760 3765 3764
f 3760 3764 3759
f 3759 3764 3763
f 3759 3763 3758
f 3833 3814 3813
f 3833 3813 3832
f 3747 3750 3745
f 3745 3750 3770
f 3745 3770 3767
f 3745 3767 3742
f 3742 3767 3762
f 3763 3743 3762
f 3742 3762 3743
f 3762 3767 3770
f 3762 3770 3782
f 3782 3770 3789
f 3805 3799 3789
f 3789 3799 3782
f 3824 3816 3805
f 3805 3816 3799
f 3841 3834 3825
f 3825 3834 3817
f 3825 3817 3824
f 3824 3817 3816
f 3826 3818 3842
f 3842 3818 3835
f 3842 3835 3841
f 3841 3835 3834
f 3827 3819 3826
f 3826 3819 3818
f 3806 3800 3827
f 3827 3800 3819
f 3790 3784 3806
f 3806 3784 3800
f 3771 3775 3770
f 3770 3775 3774
f 3770 3774 3792
f 3770 3792 3789
f 3789 3792 3808
f 3789 3808 3805
f 3805 3808 3828
f 3805 3828 3824
f 3824 3828 3829
f 3824 3829 3825
f 3825 3829 3843
f 3825 3843 3841
f 3841 3843 3844
f 3841 3844 3842
f 3842 3844 3830
f 3842 3830 3826
f 3826 3830 3831
f 3826 3831 3827
f 3827 3831 3810
f 3827 3810 3806
f 3806 3810 3793
f 3806 3793 3790
f 3843 3829 3830
f 3843 3830 3844
f 3790 3793 3777
f 3790 3777 3772
f 3753 3683 3777
f 3777 3683 3684
f 3777 3684 3685
f 3777 3776 3753
f 3828 3808 3829
f 3830 3810 3831
f 3776 3777 3793
f 3775 3792 3774
f 3809 3793 3810
f 3776 3793 3809
f 3809 3775 3776
f 3792 3775 3809
f 3809 3808 3792
f 3829 3808 3809
f 3809 3830 3829
f 3810 3830 3809
f 3589 3604 3586
f 3586 3604 3611
f 3611 3610 3586
f 3586 3610 3607
f 3589 3590 3604
f 3585 3586 3606
f 3606 3586 3607
f 4056 4055 4054
f 4054 4055 4049
f 4054 4049 4048
f 4048 4049 4047
f 4048 4047 4042
f 4042 4047 4033
f 4042 4033 4028
f 4028 4033 4003
f 4028 4003 3999
f 3999 4003 4009
f 3999 4009 4004
f 4004 4009 4015
f 4004 4015 4010
f 4010 4015 4021
f 4010 4021 4016
f 4016 4021 4037
f 4016 4037 4036
f 4036 4037 4053
f 4036 4053 4052
f 4052 4053 4051
f 4052 4051 4050
f 4050 4051 4057
f 4050 4057 4056
f 4056 4057 4055
f 4015 4009 4035
f 4035 4037 4021
f 4035 4021 4015
f 4035 4053 4037
f 4035 4051 4053
f 4035 4057 4051
f 4049 4055 4035
f 4035 4055 4057
f 4035 4047 4049
f 4035 4033 4047
f 4009 4003 4035
f 4035 4003 4033
f 4010 4034 4004
f 4034 4028 3999
f 4034 3999 4004
f 4034 4042 4028
f 4034 4048 4042
f 4056 4054 4034
f 4034 4054 4048
f 4050 4056 4034
f 4034 4052 4050
f 4034 4036 4052
f 4010 4016 4034
f 4034 4016 4036
f 3879 3902 3901
f 3901 3878 3879
f 3879 3897 3902
f 3848 3854 3853
f 3854 3848 3849
f 3854 3849 3850
f 3854 3850 3855
f 3897 3898 3879
f 3880 3879 3898
f 4002 4032 4003
f 4003 4032 4033
f 3982 4009 3986
f 3986 4009 4015
f 3990 4020 3994
f 3994 4020 4019
f 3994 4019 4023
f 3994 4023 3993
f 4047 4033 4046
f 4033 4032 4046
f 4046 4032 4027
f 4046 4027 4041
f 4041 4027 4040
f 4040 4027 4026
f 4026 3997 3973
f 3848 3859 3860
f 3848 3860 3849
f 3849 3860 3850
f 3860 3861 3850
f 3863 3855 3850
f 3863 3850 3861
f 3873 3892 3875
f 3875 3892 3894
f 3880 3898 3897
f 3880 3897 3879
f 3923 3901 3902
f 3923 3902 3924
f 3986 3985 3982
f 3982 3985 3981
f 3982 3981 4009
f 4009 3981 4008
f 4015 4014 3985
f 4015 3985 3986
f 3990 3994 3989
f 3993 3989 3994
f 4002 4003 4008
f 4008 4003 4009
f 4030 4033 4031
f 4003 4033 4001
f 4001 4033 4030
f 4009 4003 4006
f 4006 4003 4001
f 4007 4009 4006
f 4009 4007 4015
f 4015 4007 4013
f 4012 4015 4013
f 4012 4014 4015
f 4014 4012 4018
f 4014 4018 4020
f 4020 4018 4019
f 4020 4019 4023
f 4046 4041 4044
f 4044 4041 4040
f 4045 4047 4046
f 4045 4046 4044
f 4045 4031 4047
f 4047 4031 4033
f 3889 3890 3871
f 3952 3974 3977
f 3952 3977 3955
f 3951 3973 3952
f 3952 3973 3974
f 3868 3860 3867
f 3867 3860 3859
f 3861 3860 3868
f 3869 3861 3868
f 3869 3863 3861
f 3910 3871 3890
f 3873 3871 3910
f 3912 3873 3910
f 3912 3892 3873
f 3916 3892 3912
f 3875 3894 3916
f 3916 3894 3892
f 3915 3875 3916
f 3880 3875 3915
f 3880 3919 3879
f 3919 3880 3915
f 3919 3897 3879
f 3924 3902 3919
f 3919 3902 3897
f 3990 4014 4020
f 3959 3981 3985
f 3959 3985 3963
f 3955 3977 3959
f 3959 3977 3981
f 3910 3890 3909
f 3931 3910 3909
f 3931 3909 3928
f 3909 3890 3889
f 3889 3885 3906
f 3905 3927 3906
f 3906 3927 3928
f 3906 3885 3905
f 3905 3885 3884
f 3909 3889 3906
f 3909 3906 3928
f 3867 3884 3868
f 3868 3884 3885
f 3868 3885 3889
f 3868 3889 3869
f 3869 3889 3871
f 3869 3871 3863
f 3943 3948 3919
f 3943 3919 3939
f 3910 3931 3932
f 3910 3932 3912
f 3912 3932 3936
f 3912 3936 3935
f 3912 3935 3915
f 3915 3935 3939
f 3915 3939 3919
f 3947 3923 3948
f 3948 3923 3924
f 3948 3924 3919
f 3915 3916 3912
f 3966 3990 3970
f 3970 3990 3969
f 3969 3990 3989
f 3969 3989 3993
f 3966 3963 3990
f 3963 3985 3990
f 3990 3985 4014
f 3969 3947 3970
f 3970 3947 3948
f 3970 3948 3966
f 3966 3948 3943
f 3966 3943 3963
f 3963 3943 3939
f 3963 3939 3985
f 3927 3951 3928
f 3928 3951 3952
f 3928 3952 3931
f 3931 3952 3955
f 3931 3955 3932
f 3932 3955 3936
f 3936 3955 3959
f 3936 3959 3935
f 3935 3959 3939
f 3939 3959 3963
f 3867 3859 3884
f 4008 3981 3977
f 4002 4008 3977
f 3973 3997 3998
f 4002 3977 3998
f 3998 3977 3974
f 3998 3974 3973
f 4032 4002 4027
f 4027 4002 3998
f 4027 3998 4026
f 4026 3998 3997
f 3901 3900 3878
f 3900 3899 3878
f 3878 3899 3877
f 3877 3899 3896
f 3846 3847 3852
f 3852 3847 3853
f 3853 3847 3848
f 3852 3851 3845
f 3852 3845 3846
f 3895 3896 3876
f 3876 3896 3877
f 4029 4000 4028
f 4028 4000 3999
f 4038 4024 4043
f 4043 4024 4029
f 4024 4038 4039
f 4024 4039 4025
f 4026 3996 4025
f 4026 4025 4040
f 4040 4025 4039
f 3996 4026 3972
f 3972 4026 3973
f 3972 3973 3951
f 3972 3951 3950
f 3950 3951 3927
f 3950 3927 3926
f 3859 3883 3884
f 3884 3883 3904
f 3884 3904 3905
f 3905 3904 3927
f 3927 3904 3926
f 3859 3858 3883
f 3858 3847 3846
f 3858 3846 3857
f 3845 3856 3857
f 3845 3857 3846
f 3891 3872 3874
f 3874 3893 3891
f 3900 3922 3899
f 3899 3922 3921
f 3922 3900 3901
f 3922 3901 3923
f 3856 3845 3851
f 3856 3851 3862
f 3847 3858 3859
f 3847 3859 3848
f 4043 4029 4028
f 4043 4028 4042
f 3983 4010 4004
f 3983 4004 3979
f 4017 3987 3991
f 4017 3991 4018
f 4018 3991 4022
f 4022 3991 3992
f 3992 3993 4022
f 4022 3993 4023
f 3999 4000 4004
f 4004 4000 4005
f 4004 4005 3979
f 4005 3980 3979
f 3979 3980 3983
f 3980 3984 3983
f 3983 3984 4010
f 4010 3984 4011
f 3991 3987 3988
f 3991 3988 3992
f 3992 3988 3993
f 3993 3988 3989
f 4028 3999 4001
f 4017 4018 4011
f 4011 4018 4012
f 4012 4010 4011
f 4013 4010 4012
f 4007 4004 4013
f 4013 4004 4010
f 4004 4007 4006
f 4001 3999 4006
f 4006 3999 4004
f 4030 4028 4001
f 4031 4028 4030
f 4018 4022 4019
f 4019 4022 4023
f 4043 4042 4045
f 4044 4040 4039
f 4044 4039 4038
f 4038 4043 4044
f 4044 4043 4045
f 4031 4045 4042
f 4028 4031 4042
f 3947 3969 3968
f 3980 3958 3984
f 3984 3958 3962
f 3987 4011 3984
f 3993 3992 3969
f 3918 3896 3899
f 3918 3899 3921
f 3877 3896 3918
f 3918 3876 3877
f 3876 3918 3914
f 3876 3914 3874
f 3874 3914 3913
f 3893 3874 3913
f 3911 3891 3913
f 3913 3891 3893
f 3870 3872 3887
f 3887 3872 3891
f 3856 3862 3864
f 3864 3862 3870
f 3865 3856 3864
f 3857 3856 3865
f 3866 3858 3857
f 3972 3950 3949
f 3949 3971 3972
f 3954 3976 3949
f 3949 3976 3971
f 3945 3942 3918
f 3938 3918 3942
f 3923 3947 3922
f 3922 3947 3946
f 3922 3946 3921
f 3921 3946 3945
f 3921 3945 3918
f 3938 3914 3918
f 3913 3914 3938
f 3913 3938 3911
f 3911 3938 3934
f 3929 3907 3933
f 3933 3907 3911
f 3933 3911 3934
f 3907 3929 3930
f 3907 3930 3908
f 3908 3930 3903
f 3903 3930 3925
f 3907 3887 3911
f 3911 3887 3891
f 3908 3887 3907
f 3882 3865 3888
f 3888 3865 3864
f 3888 3864 3870
f 3888 3870 3887
f 3857 3865 3866
f 3866 3865 3882
f 3866 3882 3883
f 3883 3882 3903
f 3883 3903 3904
f 3904 3903 3925
f 3904 3925 3926
f 3903 3882 3908
f 3908 3882 3888
f 3908 3888 3887
f 3950 3926 3949
f 3949 3926 3925
f 3949 3925 3954
f 3954 3925 3930
f 3954 3930 3929
f 3969 3992 3968
f 3968 3992 3988
f 3968 3988 3967
f 3967 3988 3987
f 3967 3987 3965
f 3984 3962 3987
f 3946 3947 3968
f 3946 3968 3945
f 3945 3968 3967
f 3945 3967 3942
f 3942 3967 3965
f 3942 3965 3938
f 4017 4011 3987
f 3965 3987 3962
f 3965 3962 3938
f 3938 3962 3934
f 3934 3962 3958
f 3934 3958 3933
f 3933 3958 3980
f 3933 3980 3929
f 3929 3980 3976
f 3929 3976 3954
f 3858 3866 3883
f 3976 4005 4000
f 3980 4005 3976
f 3996 3972 3971
f 3976 4000 3971
f 3971 4000 3995
f 3971 3995 3996
f 4000 4029 3995
f 3995 4029 4024
f 3995 4024 3996
f 3996 4024 4025
f 3876 3875 3880
f 3880 3879 3878
f 3880 3878 3876
f 3876 3878 3877
f 3851 3852 3862
f 3862 3852 3853
f 3854 3855 3863
f 3854 3863 3853
f 3853 3863 3862
f 3871 3870 3863
f 3863 3870 3862
f 3873 3872 3870
f 3873 3870 3871
f 3875 3874 3873
f 3873 3874 3872
f 3874 3875 3876
f 3956 3977 3978
f 3977 3956 3955
f 3955 3974 3977
f 3916 3894 3912
f 3912 3894 3892
f 3916 3880 3875
f 3897 3898 3919
f 3919 3898 3920
f 3920 3898 3880
f 3986 3964 3982
f 3982 3964 3960
f 3956 3978 3960
f 3960 3978 3982
f 3974 3955 3952
f 3952 3955 3928
f 3906 3931 3910
f 3886 3906 3890
f 3890 3906 3910
f 3869 3886 3871
f 3871 3886 3890
f 3868 3885 3869
f 3947 3946 3923
f 3947 3923 3924
f 3947 3924 3948
f 3912 3936 3916
f 3916 3936 3940
f 3993 3969 3994
f 3994 3969 3970
f 3994 3970 3990
f 3920 3916 3940
f 3920 3940 3944
f 3944 3940 3964
f 3944 3964 3966
f 3966 3964 3990
f 3916 3920 3880
f 3966 3943 3944
f 3944 3943 3919
f 3944 3919 3920
f 3869 3885 3886
f 3886 3885 3906
f 3906 3928 3931
f 3931 3928 3955
f 3932 3955 3956
f 3932 3956 3936
f 3936 3956 3960
f 3936 3960 3940
f 3940 3960 3964
f 3940 3964 3986
f 3964 3986 3990
f 3990 3986 4015
f 3990 4015 4014
f 3978 4003 4009
f 3978 4009 3982
f 4003 3978 4002
f 4002 3978 3977
f 4002 3977 3974
f 4002 3974 3998
f 3998 3974 3997
f 3997 3974 3973
f 3961 3983 3957
f 3957 3983 3979
f 3987 4011 3983
f 3983 4011 4010
f 3918 3895 3896
f 3917 3876 3918
f 3918 3876 3895
f 3913 3874 3917
f 3917 3874 3876
f 3864 3856 3870
f 3870 3856 3862
f 3954 3976 3971
f 3954 3971 3949
f 3953 3976 3954
f 3953 3975 3976
f 3946 3922 3923
f 3937 3913 3941
f 3941 3913 3917
f 3941 3917 3942
f 3942 3917 3918
f 3933 3911 3937
f 3937 3911 3913
f 3930 3903 3907
f 3903 3882 3881
f 3903 3881 3907
f 3907 3881 3887
f 3882 3865 3864
f 3882 3864 3881
f 3881 3864 3887
f 3887 3864 3870
f 3954 3930 3953
f 3953 3930 3929
f 3968 3992 3967
f 3967 3992 3991
f 3967 3991 3965
f 3965 3991 3987
f 3965 3987 3961
f 3961 3987 3983
f 3942 3965 3941
f 3941 3965 3961
f 3941 3961 3937
f 3937 3961 3933
f 3933 3961 3957
f 3933 3957 3979
f 3933 3979 3929
f 3929 3979 3975
f 3929 3975 3953
f 4004 3999 3975
f 3975 3979 4004
f 3999 4000 4029
f 3975 3999 3976
f 3976 3999 4000
f 3971 3995 3972
f 3972 3995 3996
f 4172 4170 4171
f 4172 4171 4195
f 4195 4194 4169
f 4195 4169 4172
f 4172 4173 4170
f 4194 4195 4216
f 4216 4195 4217
f 4216 4217 4234
f 4234 4217 4235
f 4234 4235 4252
f 4252 4268 4267
f 4267 4251 4252
f 4252 4251 4234
f 4284 4283 4266
f 4266 4283 4265
f 4265 4267 4266
f 4266 4267 4268
f 4294 4293 4278
f 4278 4293 4277
f 4275 4276 4291
f 4291 4276 4292
f 4276 4275 4259
f 4276 4259 4260
f 4293 4306 4292
f 4292 4314 4313
f 4292 4313 4309
f 4292 4312 4316
f 4316 4315 4292
f 4292 4309 4304
f 4278 4277 4261
f 4278 4261 4262
f 4306 4305 4292
f 4292 4305 4312
f 4292 4315 4314
f 4304 4303 4292
f 4210 4211 4229
f 4210 4229 4228
f 4244 4260 4259
f 4262 4261 4245
f 4262 4245 4246
f 4246 4245 4228
f 4246 4228 4229
f 4259 4243 4244
f 4244 4243 4227
f 4227 4243 4226
f 4227 4226 4205
f 4205 4226 4204
f 4295 4296 4293
f 4295 4293 4292
f 4296 4295 4281
f 4281 4295 4280
f 4281 4280 4282
f 4282 4280 4284
f 4284 4280 4279
f 4284 4279 4283
f 4176 4184 4183
f 4176 4183 4175
f 4153 4152 4144
f 4145 4153 4144
f 4146 4147 4154
f 4154 4147 4155
f 4179 4180 4186
f 4179 4186 4185
f 4175 4095 4176
f 4176 4095 4096
f 4176 4096 4184
f 4184 4096 4104
f 4184 4104 4183
f 4183 4104 4103
f 4183 4103 4175
f 4175 4103 4095
f 4184 4144 4176
f 4207 4145 4184
f 4184 4145 4144
f 4207 4153 4145
f 4207 4208 4153
f 4153 4208 4154
f 4208 4146 4154
f 4185 4147 4208
f 4208 4147 4146
f 4179 4147 4185
f 4179 4099 4180
f 4180 4099 4100
f 4180 4100 4186
f 4186 4100 4106
f 4186 4106 4185
f 4185 4106 4105
f 4185 4105 4179
f 4179 4105 4099
f 4148 4147 4105
f 4148 4105 4106
f 4155 4152 4154
f 4154 4152 4153
f 4104 4144 4143
f 4104 4143 4103
f 4109 4116 4115
f 4110 4116 4109
f 4111 4112 4118
f 4117 4111 4118
f 4161 4117 4162
f 4162 4117 4118
f 4159 4115 4160
f 4160 4115 4116
f 4144 4104 4096
f 4144 4096 4176
f 4184 4176 4198
f 4206 4184 4198
f 4207 4184 4206
f 4207 4206 4199
f 4199 4206 4198
f 4177 4199 4198
f 4176 4177 4198
f 4177 4178 4199
f 4199 4178 4200
f 4199 4200 4207
f 4207 4200 4208
f 4185 4208 4209
f 4209 4208 4201
f 4201 4208 4200
f 4185 4209 4201
f 4179 4185 4201
f 4179 4201 4200
f 4179 4200 4178
f 4105 4147 4099
f 4099 4147 4179
f 4156 4155 4147
f 4156 4147 4148
f 4143 4144 4151
f 4151 4144 4152
f 4151 4152 4156
f 4156 4152 4155
f 4165 4121 4159
f 4159 4121 4115
f 4151 4109 4115
f 4151 4115 4159
f 4110 4109 4152
f 4152 4109 4151
f 4160 4116 4110
f 4160 4110 4152
f 4155 4111 4117
f 4155 4117 4161
f 4112 4111 4156
f 4156 4111 4155
f 4162 4118 4112
f 4162 4112 4156
f 4118 4122 4166
f 4118 4166 4162
f 4122 4121 4166
f 4166 4121 4165
f 4165 4159 4160
f 4162 4166 4161
f 4165 4160 4161
f 4165 4161 4166
f 4128 4127 4122
f 4122 4127 4126
f 4122 4126 4121
f 4121 4126 4125
f 4085 4071 4143
f 4085 4143 4151
f 4085 4151 4089
f 4085 4103 4071
f 4071 4103 4143
f 4063 4085 4071
f 4063 4079 4085
f 4079 4063 4095
f 4064 4096 4063
f 4063 4096 4095
f 4176 4096 4064
f 4176 4064 4177
f 4177 4064 4065
f 4065 4066 4177
f 4177 4066 4178
f 4067 4099 4179
f 4067 4179 4066
f 4066 4179 4178
f 4072 4086 4068
f 4068 4086 4082
f 4082 4100 4068
f 4068 4100 4067
f 4067 4100 4099
f 4086 4072 4106
f 4106 4072 4148
f 4156 4148 4090
f 4090 4148 4086
f 4086 4148 4072
f 4089 4151 4109
f 4115 4089 4109
f 4156 4090 4112
f 4090 4118 4112
f 4118 4119 4122
f 4122 4119 4123
f 4119 4118 4163
f 4163 4118 4162
f 4114 4115 4121
f 4114 4121 4120
f 4156 4157 4162
f 4162 4157 4163
f 4115 4114 4158
f 4115 4158 4159
f 4150 4151 4159
f 4150 4159 4158
f 4152 4155 4160
f 4155 4161 4160
f 4115 4114 4108
f 4115 4108 4089
f 4108 4088 4089
f 4089 4088 4085
f 4085 4088 4070
f 4085 4070 4071
f 4061 4067 4066
f 4061 4066 4060
f 4058 4059 4065
f 4058 4065 4064
f 4071 4070 4063
f 4073 4072 4068
f 4073 4068 4069
f 4065 4059 4066
f 4066 4059 4060
f 4063 4070 4062
f 4086 4072 4073
f 4086 4073 4090
f 4090 4073 4091
f 4119 4118 4113
f 4113 4118 4090
f 4113 4090 4091
f 4113 4112 4119
f 4119 4112 4118
f 4109 4151 4108
f 4108 4151 4150
f 4114 4115 4109
f 4114 4109 4108
f 4120 4121 4115
f 4120 4115 4114
f 4095 4103 4094
f 4094 4103 4102
f 4085 4102 4103
f 4085 4084 4102
f 4084 4085 4078
f 4085 4079 4078
f 4086 4083 4082
f 4083 4086 4087
f 4106 4087 4086
f 4106 4107 4087
f 4106 4101 4107
f 4106 4100 4101
f 4156 4112 4157
f 4157 4112 4113
f 4121 4125 4124
f 4125 4126 4124
f 4121 4124 4120
f 4120 4164 4158
f 4158 4164 4190
f 4114 4120 4158
f 4158 4190 4188
f 4188 4150 4158
f 4188 4190 4214
f 4182 4188 4204
f 4204 4188 4212
f 4214 4212 4188
f 4213 4189 4211
f 4187 4211 4189
f 4189 4213 4215
f 4189 4215 4191
f 4123 4119 4163
f 4191 4167 4163
f 4163 4157 4189
f 4123 4163 4167
f 4189 4191 4163
f 4129 4127 4128
f 4129 4122 4123
f 4128 4122 4129
f 4230 4232 4247
f 4265 4263 4247
f 4204 4212 4230
f 4230 4212 4214
f 4227 4205 4204
f 4227 4226 4244
f 4244 4226 4243
f 4249 4265 4247
f 4214 4232 4249
f 4230 4214 4232
f 4232 4214 4247
f 4247 4214 4249
f 4295 4292 4276
f 4280 4295 4276
f 4280 4276 4260
f 4260 4244 4263
f 4260 4263 4280
f 4280 4263 4279
f 4227 4204 4226
f 4226 4204 4230
f 4226 4230 4243
f 4243 4230 4247
f 4243 4247 4244
f 4244 4247 4263
f 4279 4263 4265
f 4279 4265 4283
f 4276 4275 4292
f 4287 4288 4272
f 4316 4312 4311
f 4316 4311 4315
f 4309 4313 4310
f 4310 4313 4314
f 4291 4292 4275
f 4293 4290 4302
f 4293 4302 4306
f 4277 4274 4290
f 4293 4277 4290
f 4288 4300 4301
f 4301 4289 4288
f 4272 4288 4289
f 4299 4287 4298
f 4298 4287 4286
f 4287 4299 4288
f 4288 4299 4300
f 4271 4287 4272
f 4270 4286 4271
f 4271 4286 4287
f 4304 4297 4303
f 4303 4297 4285
f 4303 4285 4292
f 4310 4314 4311
f 4311 4314 4315
f 4306 4302 4305
f 4305 4302 4301
f 4305 4301 4311
f 4311 4301 4300
f 4311 4300 4308
f 4311 4308 4310
f 4310 4308 4307
f 4310 4307 4299
f 4310 4299 4304
f 4304 4299 4298
f 4304 4298 4297
f 4290 4289 4301
f 4298 4286 4285
f 4302 4290 4301
f 4308 4300 4307
f 4307 4300 4299
f 4297 4298 4285
f 4312 4305 4311
f 4309 4310 4304
f 4292 4285 4276
f 4276 4285 4269
f 4289 4273 4272
f 4274 4273 4290
f 4290 4273 4289
f 4285 4286 4269
f 4269 4286 4270
f 4254 4238 4237
f 4257 4241 4240
f 4088 4084 4070
f 4087 4091 4073
f 4188 4182 4150
f 4142 4095 4094
f 4142 4094 4102
f 4134 4135 4095
f 4100 4140 4141
f 4100 4141 4101
f 4141 4107 4101
f 4075 4076 4060
f 4060 4076 4061
f 4061 4076 4077
f 4061 4077 4067
f 4067 4077 4081
f 4067 4081 4068
f 4068 4081 4082
f 4075 4092 4076
f 4076 4092 4093
f 4076 4093 4099
f 4076 4099 4081
f 4081 4099 4100
f 4081 4100 4082
f 4093 4098 4099
f 4087 4073 4083
f 4083 4073 4069
f 4083 4069 4082
f 4082 4069 4068
f 4113 4091 4087
f 4107 4113 4087
f 4132 4138 4133
f 4178 4138 4177
f 4177 4138 4132
f 4098 4138 4099
f 4099 4138 4139
f 4099 4139 4100
f 4100 4139 4140
f 4107 4149 4113
f 4113 4149 4157
f 4189 4157 4187
f 4149 4107 4141
f 4149 4187 4157
f 4138 4178 4139
f 4139 4178 4179
f 4139 4179 4140
f 4140 4179 4180
f 4140 4180 4181
f 4140 4181 4141
f 4141 4181 4149
f 4149 4181 4187
f 4246 4229 4242
f 4242 4229 4225
f 4242 4225 4224
f 4242 4224 4241
f 4241 4224 4223
f 4278 4262 4277
f 4277 4262 4261
f 4277 4261 4274
f 4274 4261 4258
f 4274 4258 4273
f 4273 4258 4257
f 4241 4257 4242
f 4242 4257 4258
f 4242 4258 4246
f 4246 4258 4261
f 4246 4261 4262
f 4220 4198 4219
f 4219 4198 4197
f 4219 4197 4218
f 4218 4197 4196
f 4218 4196 4226
f 4226 4196 4204
f 4229 4211 4225
f 4225 4211 4203
f 4225 4203 4224
f 4224 4203 4202
f 4224 4202 4223
f 4223 4202 4201
f 4223 4201 4222
f 4222 4201 4200
f 4222 4200 4221
f 4221 4200 4199
f 4221 4199 4220
f 4220 4199 4198
f 4270 4254 4269
f 4269 4254 4253
f 4269 4253 4276
f 4276 4253 4260
f 4243 4259 4260
f 4243 4260 4236
f 4236 4260 4253
f 4236 4253 4237
f 4237 4253 4254
f 4272 4256 4271
f 4271 4256 4255
f 4271 4255 4270
f 4270 4255 4254
f 4272 4273 4257
f 4272 4257 4256
f 4256 4257 4240
f 4256 4240 4255
f 4255 4240 4239
f 4255 4239 4238
f 4255 4238 4254
f 4238 4220 4237
f 4237 4220 4219
f 4237 4219 4236
f 4236 4219 4218
f 4236 4218 4243
f 4243 4218 4226
f 4088 4108 4102
f 4102 4084 4088
f 4070 4084 4062
f 4062 4084 4078
f 4062 4078 4063
f 4063 4078 4079
f 4142 4102 4150
f 4150 4102 4108
f 4134 4095 4142
f 4064 4063 4079
f 4064 4079 4080
f 4080 4079 4095
f 4080 4095 4096
f 4060 4059 4075
f 4096 4092 4075
f 4096 4075 4074
f 4074 4075 4058
f 4059 4058 4075
f 4077 4076 4081
f 4135 4096 4095
f 4175 4135 4174
f 4174 4135 4134
f 4174 4134 4182
f 4182 4134 4142
f 4182 4142 4150
f 4134 4135 4142
f 4064 4080 4074
f 4096 4135 4136
f 4136 4135 4175
f 4136 4175 4176
f 4136 4176 4137
f 4176 4177 4137
f 4137 4177 4132
f 4132 4133 4093
f 4093 4092 4132
f 4132 4092 4137
f 4137 4092 4097
f 4137 4097 4136
f 4133 4138 4098
f 4133 4098 4093
f 4097 4092 4096
f 4097 4096 4136
f 4241 4223 4240
f 4240 4223 4222
f 4240 4222 4239
f 4239 4222 4221
f 4239 4221 4238
f 4238 4221 4220
f 4198 4176 4197
f 4197 4176 4175
f 4197 4175 4196
f 4196 4175 4174
f 4196 4174 4204
f 4204 4174 4182
f 4211 4187 4203
f 4203 4187 4181
f 4203 4181 4202
f 4202 4181 4180
f 4202 4180 4201
f 4201 4180 4179
f 4096 4074 4080
f 4074 4058 4064
f 4213 4211 4229
f 4213 4231 4233
f 4213 4233 4215
f 4284 4266 4264
f 4284 4264 4282
f 4228 4245 4229
f 4245 4246 4229
f 4229 4231 4213
f 4277 4293 4281
f 4277 4281 4261
f 4261 4281 4264
f 4261 4264 4245
f 4245 4264 4246
f 4246 4264 4248
f 4246 4248 4229
f 4229 4248 4231
f 4248 4264 4266
f 4248 4266 4250
f 4250 4233 4248
f 4248 4233 4231
f 4282 4264 4281
f 4296 4281 4293
f 4127 4129 4126
f 4124 4126 4129
f 4169 4194 4168
f 4124 4130 4169
f 4169 4130 4172
f 4168 4124 4169
f 4120 4124 4164
f 4164 4192 4190
f 4192 4214 4190
f 4234 4251 4249
f 4249 4251 4267
f 4249 4267 4265
f 4234 4249 4232
f 4232 4214 4234
f 4194 4216 4192
f 4194 4192 4168
f 4168 4192 4164
f 4168 4164 4124
f 4192 4216 4214
f 4214 4216 4234
f 4171 4167 4193
f 4193 4191 4215
f 4167 4123 4193
f 4193 4167 4191
f 4171 4129 4167
f 4131 4129 4171
f 4171 4170 4131
f 4131 4170 4173
f 4233 4250 4235
f 4233 4235 4215
f 4266 4268 4250
f 4250 4268 4252
f 4250 4252 4235
f 4195 4171 4193
f 4195 4193 4217
f 4215 4235 4217
f 4215 4217 4193
f 4123 4167 4129
f 4124 4129 4131
f 4173 4130 4124
f 4173 4124 4131
f 4173 4172 4130
f 4324 4454 4446
f 4351 4324 4446
f 4446 4445 4351
f 4445 4350 4351
f 4454 4324 4453
f 4453 4324 4323
f 4319 4449 4321
f 4321 4449 4451
f 4321 4451 4322
f 4322 4451 4452
f 4322 4452 4323
f 4323 4452 4453
f 4333 4359 4354
f 4333 4354 4375
f 4333 4375 4389
f 4333 4407 4423
f 4333 4328 4359
f 4389 4402 4333
f 4333 4402 4407
f 4333 4423 4428
f 4447 4317 4318
f 4318 4448 4447
f 4448 4318 4337
f 4448 4337 4432
f 4432 4337 4332
f 4432 4332 4427
f 4427 4332 4333
f 4427 4333 4428
f 4317 4447 4320
f 4320 4447 4450
f 4320 4450 4449
f 4320 4449 4319
f 4371 4350 4445
f 4445 4419 4371
f 4419 4370 4371
f 4370 4419 4418
f 4370 4399 4385
f 4370 4418 4399
f 4414 4396 4415
f 4419 4399 4418
f 4398 4384 4385
f 4385 4399 4398
f 4415 4416 4439
f 4414 4415 4436
f 4436 4415 4439
f 4413 4414 4433
f 4433 4414 4436
f 4433 4436 4434
f 4434 4436 4437
f 4397 4416 4415
f 4415 4396 4397
f 4414 4413 4396
f 4383 4397 4396
f 4424 4410 4409
f 4409 4410 4404
f 4403 4409 4404
f 4405 4400 4387
f 4405 4387 4404
f 4404 4387 4391
f 4394 4381 4395
f 4395 4381 4382
f 4394 4380 4381
f 4379 4392 4393
f 4379 4378 4392
f 4392 4378 4380
f 4392 4380 4394
f 4387 4386 4391
f 4393 4409 4390
f 4390 4409 4403
f 4391 4377 4376
f 4390 4391 4376
f 4377 4391 4372
f 4372 4391 4386
f 4372 4386 4373
f 4373 4386 4387
f 4390 4376 4393
f 4393 4376 4379
f 4449 4450 4431
f 4431 4450 4447
f 4392 4408 4411
f 4434 4413 4433
f 4435 4430 4429
f 4393 4392 4408
f 4411 4413 4412
f 4412 4413 4434
f 4412 4434 4429
f 4430 4425 4424
f 4424 4425 4410
f 4410 4425 4404
f 4426 4425 4430
f 4426 4430 4431
f 4429 4430 4424
f 4409 4412 4424
f 4424 4412 4429
f 4426 4421 4420
f 4420 4421 4404
f 4425 4426 4420
f 4420 4404 4425
f 4405 4404 4421
f 4411 4412 4409
f 4391 4390 4403
f 4391 4403 4404
f 4431 4430 4449
f 4449 4430 4435
f 4449 4435 4451
f 4451 4435 4438
f 4454 4453 4442
f 4442 4453 4440
f 4416 4417 4441
f 4441 4417 4443
f 4441 4443 4442
f 4442 4443 4444
f 4383 4384 4397
f 4397 4384 4398
f 4398 4399 4417
f 4417 4399 4419
f 4417 4419 4443
f 4443 4419 4445
f 4443 4445 4444
f 4444 4445 4446
f 4453 4452 4440
f 4440 4452 4438
f 4440 4438 4437
f 4437 4438 4434
f 4440 4441 4442
f 4437 4441 4440
f 4452 4451 4438
f 4438 4435 4434
f 4434 4435 4429
f 4411 4409 4408
f 4408 4409 4393
f 4396 4395 4382
f 4396 4382 4383
f 4446 4454 4444
f 4444 4454 4442
f 4437 4436 4441
f 4441 4436 4439
f 4441 4439 4416
f 4417 4416 4398
f 4398 4416 4397
f 4395 4396 4413
f 4395 4413 4394
f 4394 4413 4411
f 4394 4411 4392
f 4401 4407 4402
f 4401 4402 4388
f 4388 4402 4389
f 4407 4401 4406
f 4422 4423 4406
f 4407 4406 4423
f 4447 4448 4431
f 4431 4448 4432
f 4405 4421 4422
f 4400 4401 4387
f 4388 4387 4401
f 4401 4400 4406
f 4406 4400 4405
f 4432 4427 4426
f 4432 4426 4431
f 4426 4427 4421
f 4427 4428 4422
f 4428 4423 4422
f 4422 4406 4405
f 4388 4387 4374
f 4422 4421 4427
f 4317 4320 4319
f 4371 4370 4385
f 4368 4369 4383
f 4369 4384 4383
f 4367 4366 4344
f 4344 4366 4341
f 4366 4365 4341
f 4341 4365 4338
f 4341 4338 4339
f 4341 4339 4342
f 4330 4362 4356
f 4338 4365 4339
f 4365 4363 4339
f 4339 4363 4364
f 4339 4364 4334
f 4355 4356 4361
f 4361 4356 4362
f 4361 4362 4329
f 4329 4362 4330
f 4380 4363 4381
f 4381 4363 4365
f 4381 4365 4366
f 4382 4381 4366
f 4382 4366 4367
f 4383 4382 4367
f 4383 4367 4368
f 4360 4363 4380
f 4360 4380 4378
f 4361 4360 4378
f 4361 4378 4379
f 4361 4364 4363
f 4361 4363 4360
f 4356 4355 4376
f 4356 4376 4377
f 4331 4336 4335
f 4335 4336 4340
f 4377 4372 4356
f 4330 4331 4335
f 4326 4356 4357
f 4352 4357 4356
f 4352 4356 4373
f 4372 4373 4377
f 4377 4373 4356
f 4356 4325 4330
f 4340 4319 4343
f 4343 4319 4321
f 4343 4321 4345
f 4345 4321 4322
f 4345 4322 4347
f 4347 4322 4323
f 4347 4323 4324
f 4347 4324 4349
f 4349 4324 4351
f 4369 4368 4348
f 4348 4368 4346
f 4348 4346 4347
f 4348 4347 4349
f 4385 4384 4369
f 4385 4369 4371
f 4371 4369 4348
f 4371 4348 4350
f 4350 4348 4349
f 4350 4349 4351
f 4329 4330 4334
f 4334 4330 4335
f 4343 4342 4340
f 4334 4364 4361
f 4355 4361 4379
f 4355 4379 4376
f 4329 4334 4361
f 4347 4346 4345
f 4345 4346 4342
f 4368 4367 4344
f 4368 4344 4346
f 4346 4344 4341
f 4346 4341 4342
f 4325 4356 4326
f 4325 4326 4331
f 4325 4331 4330
f 4334 4335 4339
f 4339 4335 4340
f 4343 4345 4342
f 4336 4317 4319
f 4336 4319 4340
f 4339 4340 4342
f 4318 4317 4336
f 4359 4328 4327
f 4359 4327 4358
f 4374 4354 4353
f 4353 4354 4359
f 4353 4359 4358
f 4374 4375 4354
f 4388 4389 4375
f 4375 4374 4388
f 4333 4332 4328
f 4328 4332 4327
f 4337 4318 4336
f 4337 4336 4332
f 4332 4336 4331
f 4387 4388 4373
f 4373 4388 4374
f 4353 4373 4374
f 4353 4358 4357
f 4353 4357 4352
f 4353 4352 4373
f 4331 4326 4332
f 4332 4326 4327
f 4326 4357 4358
f 4327 4326 4358
f 4552 4548 4551
f 4551 4548 4547
f 4548 4552 4547
f 4547 4552 4551
f 4545 4549 4546
f 4546 4549 4550
f 4549 4545 4550
f 4550 4545 4546
f 4554 4550 4553
f 4553 4550 4549
f 4551 4555 4552
f 4552 4555 4556
f 4555 4551 4556
f 4556 4551 4552
f 4555 4531 4532
f 4555 4532 4556
f 4531 4555 4554
f 4531 4554 4553
f 4495 4499 4519
f 4495 4519 4515
f 4514 4518 4498
f 4514 4498 4494
f 4494 4479 4514
f 4514 4479 4553
f 4554 4514 4553
f 4480 4495 4515
f 4480 4515 4556
f 4556 4515 4555
f 4555 4515 4554
f 4554 4515 4514
f 4479 4494 4480
f 4480 4494 4495
f 4553 4549 4554
f 4554 4549 4550
f 4466 4465 4468
f 4468 4465 4467
f 4468 4467 4480
f 4480 4467 4479
f 4549 4545 4529
f 4529 4545 4527
f 4530 4528 4552
f 4552 4528 4548
f 4552 4548 4530
f 4530 4548 4528
f 4532 4480 4556
f 4478 4466 4480
f 4466 4468 4480
f 4467 4465 4479
f 4465 4477 4479
f 4479 4531 4553
f 4529 4527 4549
f 4549 4527 4545
f 4553 4529 4549
f 4531 4511 4529
f 4531 4529 4553
f 4461 4475 4465
f 4465 4475 4477
f 4511 4531 4491
f 4491 4531 4479
f 4479 4477 4491
f 4513 4531 4479
f 4479 4531 4511
f 4479 4511 4491
f 4479 4493 4513
f 4516 4532 4513
f 4513 4532 4531
f 4497 4498 4517
f 4499 4495 4496
f 4500 4499 4496
f 4495 4494 4493
f 4493 4494 4498
f 4498 4497 4493
f 4500 4520 4499
f 4520 4519 4499
f 4517 4518 4513
f 4518 4514 4513
f 4513 4514 4516
f 4514 4515 4516
f 4516 4515 4519
f 4516 4519 4520
f 4498 4518 4517
f 4461 4464 4465
f 4465 4464 4466
f 4465 4466 4467
f 4467 4466 4468
f 4467 4468 4479
f 4479 4468 4480
f 4479 4480 4493
f 4493 4480 4496
f 4493 4496 4495
f 4513 4493 4517
f 4517 4493 4497
f 4532 4530 4556
f 4466 4464 4476
f 4556 4530 4552
f 4480 4532 4516
f 4492 4480 4478
f 4480 4492 4512
f 4480 4512 4532
f 4532 4512 4530
f 4478 4466 4476
f 4516 4496 4480
f 4478 4476 4464
f 4464 4466 4478
f 4500 4496 4516
f 4500 4516 4520
f 4465 4466 4461
f 4461 4466 4464
f 4462 4463 4464
f 4462 4464 4461
f 4464 4463 4461
f 4462 4461 4463
f 4459 4457 4461
f 4458 4460 4464
f 4502 4506 4482
f 4482 4506 4486
f 4507 4503 4483
f 4507 4483 4487
f 4544 4540 4539
f 4544 4539 4543
f 4543 4539 4538
f 4543 4538 4542
f 4542 4538 4537
f 4542 4537 4541
f 4538 4534 4537
f 4537 4534 4533
f 4534 4538 4539
f 4534 4539 4535
f 4540 4536 4535
f 4540 4535 4539
f 4521 4533 4534
f 4521 4534 4535
f 4521 4535 4522
f 4522 4535 4536
f 4504 4484 4503
f 4484 4483 4503
f 4482 4486 4485
f 4487 4488 4486
f 4488 4487 4483
f 4483 4484 4488
f 4481 4482 4485
f 4502 4482 4481
f 4504 4503 4508
f 4508 4503 4507
f 4507 4506 4505
f 4505 4506 4502
f 4502 4481 4501
f 4502 4501 4505
f 4521 4522 4505
f 4505 4522 4508
f 4505 4508 4507
f 4485 4486 4488
f 4485 4488 4469
f 4469 4488 4470
f 4469 4470 4455
f 4455 4470 4456
f 4536 4540 4539
f 4539 4535 4536
f 4538 4534 4535
f 4538 4535 4539
f 4534 4538 4533
f 4533 4538 4537
f 4469 4506 4533
f 4536 4507 4470
f 4470 4507 4487
f 4469 4486 4506
f 4533 4506 4534
f 4534 4506 4535
f 4535 4506 4507
f 4470 4487 4469
f 4469 4487 4486
f 4507 4536 4535
f 4470 4469 4456
f 4456 4469 4455
f 4456 4455 4458
f 4458 4455 4457
f 4455 4457 4469
f 4501 4481 4505
f 4505 4481 4485
f 4523 4525 4537
f 4537 4525 4541
f 4540 4544 4524
f 4524 4544 4526
f 4504 4508 4488
f 4504 4488 4484
f 4456 4470 4458
f 4524 4526 4540
f 4540 4526 4544
f 4537 4541 4523
f 4523 4541 4525
f 4458 4472 4470
f 4522 4536 4524
f 4524 4536 4540
f 4460 4474 4476
f 4460 4476 4464
f 4522 4524 4510
f 4522 4510 4508
f 4508 4510 4488
f 4488 4510 4490
f 4488 4490 4470
f 4470 4490 4472
f 4474 4460 4458
f 4474 4458 4472
f 4464 4476 4474
f 4464 4474 4458
f 4510 4536 4470
f 4510 4470 4490
f 4510 4524 4536
f 4533 4537 4523
f 4509 4533 4523
f 4533 4509 4469
f 4469 4509 4489
f 4473 4457 4471
f 4457 4473 4461
f 4461 4473 4475
f 4469 4489 4471
f 4489 4509 4485
f 4485 4509 4505
f 4505 4509 4521
f 4521 4509 4523
f 4521 4523 4533
f 4457 4459 4473
f 4473 4459 4475
f 4475 4459 4461
f 4471 4469 4457
f 4489 4485 4469
f 4806 4823 4805
f 4805 4823 4822
f 4819 4802 4818
f 4802 4783 4801
f 4802 4801 4818
f 4746 4745 4765
f 4800 4782 4799
f 4748 4747 4766
f 4748 4766 4767
f 4823 4821 4819
f 4802 4804 4806
f 4821 4823 4804
f 4804 4823 4806
f 4823 4819 4822
f 4822 4819 4818
f 4820 4803 4822
f 4822 4803 4805
f 4801 4803 4818
f 4818 4803 4820
f 4820 4822 4818
f 4805 4803 4804
f 4805 4804 4806
f 4587 4586 4580
f 4580 4586 4579
f 4580 4579 4587
f 4587 4579 4586
f 4622 4591 4618
f 4591 4584 4618
f 4618 4584 4583
f 4618 4583 4617
f 4557 4559 4577
f 4559 4584 4577
f 4610 4576 4577
f 4610 4577 4611
f 4611 4577 4570
f 4611 4570 4606
f 4558 4557 4578
f 4578 4557 4577
f 4607 4571 4612
f 4571 4578 4612
f 4612 4578 4579
f 4612 4579 4613
f 4560 4558 4585
f 4585 4558 4578
f 4620 4586 4585
f 4620 4585 4619
f 4585 4592 4619
f 4619 4592 4623
f 4560 4584 4559
f 4584 4560 4585
f 4565 4572 4571
f 4564 4565 4566
f 4562 4563 4570
f 4571 4570 4563
f 4571 4563 4564
f 4569 4562 4570
f 4568 4569 4576
f 4575 4568 4576
f 4582 4575 4583
f 4597 4596 4591
f 4591 4596 4590
f 4592 4599 4598
f 4573 4580 4587
f 4592 4591 4585
f 4585 4591 4584
f 4598 4597 4591
f 4598 4591 4592
f 4589 4582 4583
f 4589 4583 4590
f 4590 4583 4584
f 4575 4576 4583
f 4583 4576 4584
f 4584 4576 4577
f 4569 4577 4576
f 4569 4570 4577
f 4578 4577 4570
f 4570 4571 4578
f 4571 4564 4565
f 4572 4579 4578
f 4572 4578 4571
f 4580 4572 4573
f 4572 4580 4579
f 4579 4587 4578
f 4578 4587 4585
f 4594 4586 4587
f 4587 4586 4585
f 4573 4572 4571
f 4593 4599 4592
f 4594 4593 4592
f 4594 4592 4586
f 4586 4592 4585
f 4590 4584 4591
f 4661 4639 4636
f 4687 4705 4704
f 4690 4710 4693
f 4690 4708 4710
f 4708 4690 4709
f 4691 4725 4690
f 4690 4725 4709
f 4703 4719 4691
f 4691 4719 4725
f 4703 4740 4719
f 4704 4741 4703
f 4703 4741 4740
f 4721 4742 4705
f 4741 4704 4742
f 4742 4704 4705
f 4627 4626 4601
f 4564 4628 4563
f 4563 4628 4627
f 4563 4627 4601
f 4563 4601 4562
f 4562 4601 4605
f 4562 4605 4569
f 4604 4568 4569
f 4568 4604 4632
f 4568 4604 4609
f 4568 4609 4575
f 4639 4616 4609
f 4575 4609 4616
f 4575 4616 4582
f 4661 4658 4676
f 4695 4678 4676
f 4676 4678 4661
f 4654 4673 4658
f 4658 4673 4676
f 4672 4687 4671
f 4671 4687 4704
f 4693 4695 4676
f 4693 4676 4690
f 4690 4676 4673
f 4690 4673 4654
f 4690 4654 4691
f 4691 4654 4655
f 4691 4655 4674
f 4691 4674 4703
f 4703 4674 4670
f 4703 4670 4704
f 4704 4670 4671
f 4633 4605 4626
f 4626 4605 4601
f 4636 4639 4609
f 4636 4609 4632
f 4632 4609 4604
f 4654 4632 4633
f 4633 4632 4604
f 4633 4604 4605
f 4605 4604 4569
f 4628 4672 4627
f 4627 4672 4671
f 4627 4671 4626
f 4626 4671 4670
f 4626 4670 4633
f 4633 4670 4674
f 4633 4674 4654
f 4654 4674 4655
f 4654 4655 4632
f 4632 4654 4636
f 4636 4654 4658
f 4636 4658 4661
f 4723 4707 4706
f 4722 4743 4723
f 4722 4706 4705
f 4722 4705 4721
f 4723 4706 4722
f 4628 4564 4602
f 4629 4565 4564
f 4629 4564 4628
f 4603 4566 4565
f 4603 4565 4630
f 4630 4565 4629
f 4706 4707 4689
f 4653 4652 4689
f 4689 4652 4706
f 4672 4705 4651
f 4651 4705 4652
f 4652 4629 4628
f 4652 4628 4651
f 4653 4630 4652
f 4652 4630 4629
f 4705 4706 4652
f 4634 4573 4630
f 4630 4573 4566
f 4634 4608 4573
f 4768 4749 4727
f 4764 4768 4727
f 4744 4764 4723
f 4723 4764 4727
f 4743 4744 4723
f 4566 4603 4630
f 4692 4675 4634
f 4692 4634 4689
f 4689 4634 4630
f 4689 4630 4653
f 4727 4692 4723
f 4723 4692 4689
f 4723 4689 4707
f 4656 4634 4675
f 4614 4573 4608
f 4614 4580 4573
f 4580 4614 4637
f 4637 4659 4677
f 4634 4656 4659
f 4659 4656 4675
f 4659 4675 4694
f 4659 4614 4634
f 4634 4614 4608
f 4637 4614 4659
f 4768 4769 4749
f 4749 4769 4751
f 4749 4751 4729
f 4749 4729 4727
f 4675 4692 4694
f 4694 4692 4727
f 4729 4694 4727
f 4751 4769 4729
f 4694 4677 4659
f 4709 4703 4708
f 4709 4719 4703
f 4740 4741 4719
f 4719 4741 4720
f 4720 4741 4721
f 4741 4742 4721
f 4742 4743 4721
f 4721 4743 4722
f 4743 4763 4764
f 4743 4764 4744
f 4651 4628 4627
f 4581 4635 4574
f 4574 4635 4631
f 4574 4631 4567
f 4567 4631 4632
f 4567 4632 4568
f 4626 4562 4632
f 4632 4562 4568
f 4562 4626 4563
f 4563 4626 4627
f 4627 4628 4602
f 4627 4602 4563
f 4563 4602 4564
f 4671 4720 4721
f 4721 4705 4671
f 4671 4705 4672
f 4671 4672 4651
f 4670 4719 4671
f 4671 4719 4720
f 4719 4670 4703
f 4686 4690 4708
f 4686 4708 4703
f 4678 4676 4660
f 4660 4676 4657
f 4660 4657 4638
f 4581 4615 4635
f 4635 4615 4638
f 4703 4670 4686
f 4686 4670 4650
f 4686 4650 4690
f 4690 4650 4654
f 4657 4676 4658
f 4658 4676 4654
f 4654 4676 4690
f 4627 4671 4651
f 4638 4657 4635
f 4635 4657 4658
f 4635 4658 4631
f 4631 4658 4654
f 4631 4654 4632
f 4632 4654 4650
f 4632 4650 4626
f 4626 4650 4670
f 4589 4595 4596
f 4643 4664 4682
f 4682 4664 4699
f 4699 4714 4734
f 4621 4624 4594
f 4621 4594 4587
f 4668 4669 4702
f 4718 4717 4702
f 4600 4649 4648
f 4600 4648 4599
f 4647 4598 4599
f 4647 4599 4648
f 4667 4716 4685
f 4668 4648 4649
f 4668 4649 4669
f 4648 4668 4647
f 4647 4668 4667
f 4668 4717 4667
f 4667 4717 4716
f 4702 4717 4668
f 4761 4760 4739
f 4777 4761 4739
f 4774 4777 4734
f 4734 4777 4739
f 4756 4774 4734
f 4682 4699 4643
f 4594 4624 4643
f 4594 4643 4649
f 4594 4649 4600
f 4643 4699 4649
f 4649 4699 4702
f 4649 4702 4669
f 4699 4734 4702
f 4702 4734 4739
f 4702 4739 4718
f 4739 4738 4718
f 4738 4717 4718
f 4737 4716 4738
f 4738 4716 4717
f 4739 4760 4738
f 4684 4685 4716
f 4684 4716 4737
f 4646 4647 4667
f 4598 4647 4646
f 4646 4597 4598
f 4596 4597 4646
f 4646 4645 4596
f 4644 4589 4645
f 4645 4589 4596
f 4589 4644 4642
f 4589 4642 4588
f 4588 4642 4641
f 4588 4641 4581
f 4581 4641 4638
f 4581 4638 4615
f 4678 4697 4695
f 4715 4697 4700
f 4683 4715 4700
f 4715 4683 4735
f 4735 4683 4684
f 4735 4684 4736
f 4697 4663 4700
f 4700 4663 4665
f 4700 4665 4683
f 4678 4660 4661
f 4678 4661 4697
f 4697 4661 4663
f 4737 4736 4684
f 4684 4646 4667
f 4684 4667 4685
f 4646 4684 4645
f 4645 4684 4683
f 4645 4683 4644
f 4644 4683 4665
f 4644 4665 4642
f 4642 4665 4663
f 4642 4663 4641
f 4641 4663 4638
f 4638 4663 4661
f 4638 4661 4660
f 4640 4662 4621
f 4643 4662 4664
f 4643 4624 4621
f 4643 4621 4662
f 4697 4712 4711
f 4697 4711 4695
f 4715 4735 4712
f 4758 4757 4735
f 4735 4736 4758
f 4759 4758 4736
f 4776 4761 4777
f 4761 4776 4760
f 4662 4679 4696
f 4771 4774 4756
f 4771 4756 4752
f 4756 4731 4752
f 4752 4731 4771
f 4662 4696 4699
f 4662 4699 4664
f 4756 4734 4731
f 4731 4734 4714
f 4696 4731 4714
f 4696 4714 4699
f 4759 4736 4737
f 4737 4738 4759
f 4759 4738 4760
f 4697 4715 4712
f 4621 4587 4640
f 4662 4640 4679
f 4734 4774 4771
f 4771 4731 4734
f 4717 4738 4739
f 4739 4738 4776
f 4739 4776 4777
f 4668 4701 4702
f 4624 4594 4600
f 4624 4600 4625
f 4696 4679 4640
f 4649 4668 4702
f 4649 4702 4643
f 4702 4699 4643
f 4643 4624 4625
f 4643 4625 4649
f 4649 4625 4648
f 4696 4640 4699
f 4699 4640 4643
f 4640 4621 4643
f 4734 4731 4696
f 4734 4696 4699
f 4734 4699 4739
f 4739 4699 4702
f 4739 4702 4717
f 4717 4702 4701
f 4581 4582 4588
f 4588 4582 4589
f 4590 4596 4589
f 4562 4561 4568
f 4574 4567 4568
f 4582 4581 4575
f 4575 4581 4574
f 4568 4575 4574
f 4569 4568 4562
f 4769 4768 4729
f 4688 4689 4706
f 4723 4764 4763
f 4723 4763 4722
f 4729 4768 4727
f 4677 4694 4637
f 4603 4566 4573
f 4603 4573 4608
f 4637 4634 4614
f 4688 4652 4689
f 4689 4652 4630
f 4689 4630 4692
f 4692 4630 4634
f 4630 4629 4603
f 4630 4603 4634
f 4634 4603 4608
f 4637 4694 4634
f 4634 4694 4692
f 4694 4729 4692
f 4692 4729 4727
f 4692 4727 4689
f 4689 4727 4723
f 4689 4723 4706
f 4786 4787 4770
f 4770 4787 4771
f 4763 4768 4764
f 4721 4742 4720
f 4720 4742 4741
f 4763 4764 4781
f 4763 4781 4780
f 4781 4764 4768
f 4768 4784 4781
f 4712 4681 4680
f 4713 4698 4712
f 4681 4712 4698
f 4713 4733 4753
f 4572 4563 4564
f 4599 4598 4593
f 4593 4598 4597
f 4572 4564 4565
f 4566 4573 4572
f 4566 4572 4565
f 4589 4582 4568
f 4568 4582 4575
f 4569 4562 4572
f 4572 4562 4563
f 4594 4600 4593
f 4593 4600 4599
f 4593 4597 4596
f 4593 4596 4590
f 4790 4774 4787
f 4787 4774 4771
f 4794 4777 4790
f 4790 4777 4774
f 4777 4794 4793
f 4777 4793 4776
f 4771 4769 4787
f 4787 4769 4785
f 4768 4784 4769
f 4769 4784 4785
f 4769 4771 4729
f 4729 4771 4731
f 4729 4731 4694
f 4694 4731 4696
f 4694 4696 4677
f 4677 4696 4662
f 4677 4662 4637
f 4637 4662 4640
f 4637 4640 4621
f 4637 4621 4614
f 4614 4621 4587
f 4614 4587 4580
f 4693 4695 4710
f 4724 4709 4708
f 4724 4725 4709
f 4713 4733 4732
f 4713 4732 4712
f 4710 4695 4711
f 4730 4710 4711
f 4708 4728 4724
f 4735 4757 4753
f 4708 4710 4728
f 4728 4710 4730
f 4730 4711 4712
f 4735 4753 4733
f 4730 4712 4733
f 4733 4712 4732
f 4728 4725 4724
f 4745 4719 4725
f 4719 4745 4740
f 4786 4790 4787
f 4793 4794 4789
f 4789 4794 4786
f 4786 4794 4790
f 4785 4771 4787
f 4768 4771 4784
f 4784 4771 4785
f 4733 4712 4713
f 4733 4713 4735
f 4725 4709 4719
f 4779 4762 4778
f 4741 4740 4779
f 4779 4740 4762
f 4779 4742 4741
f 4779 4763 4742
f 4779 4780 4763
f 4797 4798 4779
f 4779 4798 4780
f 4779 4796 4797
f 4779 4795 4796
f 4779 4778 4795
f 4763 4743 4742
f 4780 4767 4763
f 4780 4783 4767
f 4798 4802 4780
f 4780 4802 4783
f 4797 4801 4802
f 4797 4802 4798
f 4801 4797 4818
f 4818 4797 4816
f 4818 4816 4815
f 4818 4815 4817
f 4817 4815 4796
f 4817 4796 4800
f 4800 4796 4799
f 4799 4796 4795
f 4799 4795 4778
f 4799 4778 4782
f 4782 4778 4765
f 4765 4778 4762
f 4765 4762 4745
f 4745 4762 4740
f 4741 4745 4740
f 4741 4746 4745
f 4763 4767 4748
f 4763 4748 4743
f 4743 4748 4747
f 4743 4747 4742
f 4742 4747 4746
f 4742 4746 4741
f 4816 4797 4796
f 4816 4796 4815
f 4730 4733 4728
f 4728 4733 4753
f 4728 4753 4750
f 4728 4750 4725
f 4725 4750 4745
f 4746 4726 4745
f 4725 4745 4726
f 4745 4750 4753
f 4745 4753 4765
f 4765 4753 4772
f 4788 4782 4772
f 4772 4782 4765
f 4807 4799 4788
f 4788 4799 4782
f 4824 4817 4808
f 4808 4817 4800
f 4808 4800 4807
f 4807 4800 4799
f 4809 4801 4825
f 4825 4801 4818
f 4825 4818 4824
f 4824 4818 4817
f 4810 4802 4809
f 4809 4802 4801
f 4789 4783 4810
f 4810 4783 4802
f 4773 4767 4789
f 4789 4767 4783
f 4754 4758 4753
f 4753 4758 4757
f 4753 4757 4775
f 4753 4775 4772
f 4772 4775 4791
f 4772 4791 4788
f 4788 4791 4811
f 4788 4811 4807
f 4807 4811 4812
f 4807 4812 4808
f 4808 4812 4826
f 4808 4826 4824
f 4824 4826 4827
f 4824 4827 4825
f 4825 4827 4813
f 4825 4813 4809
f 4809 4813 4814
f 4809 4814 4810
f 4810 4814 4793
f 4810 4793 4789
f 4789 4793 4776
f 4789 4776 4773
f 4826 4812 4813
f 4826 4813 4827
f 4773 4776 4760
f 4773 4760 4755
f 4736 4666 4760
f 4760 4666 4667
f 4760 4667 4668
f 4760 4759 4736
f 4811 4791 4812
f 4813 4793 4814
f 4759 4760 4776
f 4758 4775 4757
f 4792 4776 4793
f 4759 4776 4792
f 4792 4758 4759
f 4775 4758 4792
f 4792 4791 4775
f 4812 4791 4792
f 4792 4813 4812
f 4793 4813 4792
f 4572 4587 4569
f 4569 4587 4594
f 4594 4593 4569
f 4569 4593 4590
f 4572 4573 4587
f 4568 4569 4589
f 4589 4569 4590
f 5039 5038 5037
f 5037 5038 5032
f 5037 5032 5031
f 5031 5032 5030
f 5031 5030 5025
f 5025 5030 5016
f 5025 5016 5011
f 5011 5016 4986
f 5011 4986 4982
f 4982 4986 4992
f 4982 4992 4987
f 4987 4992 4998
f 4987 4998 4993
f 4993 4998 5004
f 4993 5004 4999
f 4999 5004 5020
f 4999 5020 5019
f 5019 5020 5036
f 5019 5036 5035
f 5035 5036 5034
f 5035 5034 5033
f 5033 5034 5040
f 5033 5040 5039
f 5039 5040 5038
f 4998 4992 5018
f 5018 5020 5004
f 5018 5004 4998
f 5018 5036 5020
f 5018 5034 5036
f 5018 5040 5034
f 5032 5038 5018
f 5018 5038 5040
f 5018 5030 5032
f 5018 5016 5030
f 4992 4986 5018
f 5018 4986 5016
f 4993 5017 4987
f 5017 5011 4982
f 5017 4982 4987
f 5017 5025 5011
f 5017 5031 5025
f 5039 5037 5017
f 5017 5037 5031
f 5033 5039 5017
f 5017 5035 5033
f 5017 5019 5035
f 4993 4999 5017
f 5017 4999 5019
f 4862 4885 4884
f 4884 4861 4862
f 4862 4880 4885
f 4831 4837 4836
f 4837 4831 4832
f 4837 4832 4833
f 4837 4833 4838
f 4880 4881 4862
f 4863 4862 4881
f 4985 5015 4986
f 4986 5015 5016
f 4965 4992 4969
f 4969 4992 4998
f 4973 5003 4977
f 4977 5003 5002
f 4977 5002 5006
f 4977 5006 4976
f 5030 5016 5029
f 5016 5015 5029
f 5029 5015 5010
f 5029 5010 5024
f 5024 5010 5023
f 5023 5010 5009
f 5009 4980 4956
f 4831 4842 4843
f 4831 4843 4832
f 4832 4843 4833
f 4843 4844 4833
f 4846 4838 4833
f 4846 4833 4844
f 4856 4875 4858
f 4858 4875 4877
f 4863 4881 4880
f 4863 4880 4862
f 4906 4884 4885
f 4906 4885 4907
f 4969 4968 4965
f 4965 4968 4964
f 4965 4964 4992
f 4992 4964 4991
f 4998 4997 4968
f 4998 4968 4969
f 4973 4977 4972
f 4976 4972 4977
f 4985 4986 4991
f 4991 4986 4992
f 5013 5016 5014
f 4986 5016 4984
f 4984 5016 5013
f 4992 4986 4989
f 4989 4986 4984
f 4990 4992 4989
f 4992 4990 4998
f 4998 4990 4996
f 4995 4998 4996
f 4995 4997 4998
f 4997 4995 5001
f 4997 5001 5003
f 5003 5001 5002
f 5003 5002 5006
f 5029 5024 5027
f 5027 5024 5023
f 5028 5030 5029
f 5028 5029 5027
f 5028 5014 5030
f 5030 5014 5016
f 4872 4873 4854
f 4935 4957 4960
f 4935 4960 4938
f 4934 4956 4935
f 4935 4956 4957
f 4851 4843 4850
f 4850 4843 4842
f 4844 4843 4851
f 4852 4844 4851
f 4852 4846 4844
f 4893 4854 4873
f 4856 4854 4893
f 4895 4856 4893
f 4895 4875 4856
f 4899 4875 4895
f 4858 4877 4899
f 4899 4877 4875
f 4898 4858 4899
f 4863 4858 4898
f 4863 4902 4862
f 4902 4863 4898
f 4902 4880 4862
f 4907 4885 4902
f 4902 4885 4880
f 4973 4997 5003
f 4942 4964 4968
f 4942 4968 4946
f 4938 4960 4942
f 4942 4960 4964
f 4893 4873 4892
f 4914 4893 4892
f 4914 4892 4911
f 4892 4873 4872
f 4872 4868 4889
f 4888 4910 4889
f 4889 4910 4911
f 4889 4868 4888
f 4888 4868 4867
f 4892 4872 4889
f 4892 4889 4911
f 4850 4867 4851
f 4851 4867 4868
f 4851 4868 4872
f 4851 4872 4852
f 4852 4872 4854
f 4852 4854 4846
f 4926 4931 4902
f 4926 4902 4922
f 4893 4914 4915
f 4893 4915 4895
f 4895 4915 4919
f 4895 4919 4918
f 4895 4918 4898
f 4898 4918 4922
f 4898 4922 4902
f 4930 4906 4931
f 4931 4906 4907
f 4931 4907 4902
f 4898 4899 4895
f 4949 4973 4953
f 4953 4973 4952
f 4952 4973 4972
f 4952 4972 4976
f 4949 4946 4973
f 4946 4968 4973
f 4973 4968 4997
f 4952 4930 4953
f 4953 4930 4931
f 4953 4931 4949
f 4949 4931 4926
f 4949 4926 4946
f 4946 4926 4922
f 4946 4922 4968
f 4910 4934 4911
f 4911 4934 4935
f 4911 4935 4914
f 4914 4935 4938
f 4914 4938 4915
f 4915 4938 4919
f 4919 4938 4942
f 4919 4942 4918
f 4918 4942 4922
f 4922 4942 4946
f 4850 4842 4867
f 4991 4964 4960
f 4985 4991 4960
f 4956 4980 4981
f 4985 4960 4981
f 4981 4960 4957
f 4981 4957 4956
f 5015 4985 5010
f 5010 4985 4981
f 5010 4981 5009
f 5009 4981 4980
f 4884 4883 4861
f 4883 4882 4861
f 4861 4882 4860
f 4860 4882 4879
f 4829 4830 4835
f 4835 4830 4836
f 4836 4830 4831
f 4835 4834 4828
f 4835 4828 4829
f 4878 4879 4859
f 4859 4879 4860
f 5012 4983 5011
f 5011 4983 4982
f 5021 5007 5026
f 5026 5007 5012
f 5007 5021 5022
f 5007 5022 5008
f 5009 4979 5008
f 5009 5008 5023
f 5023 5008 5022
f 4979 5009 4955
f 4955 5009 4956
f 4955 4956 4934
f 4955 4934 4933
f 4933 4934 4910
f 4933 4910 4909
f 4842 4866 4867
f 4867 4866 4887
f 4867 4887 4888
f 4888 4887 4910
f 4910 4887 4909
f 4842 4841 4866
f 4841 4830 4829
f 4841 4829 4840
f 4828 4839 4840
f 4828 4840 4829
f 4874 4855 4857
f 4857 4876 4874
f 4883 4905 4882
f 4882 4905 4904
f 4905 4883 4884
f 4905 4884 4906
f 4839 4828 4834
f 4839 4834 4845
f 4830 4841 4842
f 4830 4842 4831
f 5026 5012 5011
f 5026 5011 5025
f 4966 4993 4987
f 4966 4987 4962
f 5000 4970 4974
f 5000 4974 5001
f 5001 4974 5005
f 5005 4974 4975
f 4975 4976 5005
f 5005 4976 5006
f 4982 4983 4987
f 4987 4983 4988
f 4987 4988 4962
f 4988 4963 4962
f 4962 4963 4966
f 4963 4967 4966
f 4966 4967 4993
f 4993 4967 4994
f 4974 4970 4971
f 4974 4971 4975
f 4975 4971 4976
f 4976 4971 4972
f 5011 4982 4984
f 5000 5001 4994
f 4994 5001 4995
f 4995 4993 4994
f 4996 4993 4995
f 4990 4987 4996
f 4996 4987 4993
f 4987 4990 4989
f 4984 4982 4989
f 4989 4982 4987
f 5013 5011 4984
f 5014 5011 5013
f 5001 5005 5002
f 5002 5005 5006
f 5026 5025 5028
f 5027 5023 5022
f 5027 5022 5021
f 5021 5026 5027
f 5027 5026 5028
f 5014 5028 5025
f 5011 5014 5025
f 4930 4952 4951
f 4963 4941 4967
f 4967 4941 4945
f 4970 4994 4967
f 4976 4975 4952
f 4901 4879 4882
f 4901 4882 4904
f 4860 4879 4901
f 4901 4859 4860
f 4859 4901 4897
f 4859 4897 4857
f 4857 4897 4896
f 4876 4857 4896
f 4894 4874 4896
f 4896 4874 4876
f 4853 4855 4870
f 4870 4855 4874
f 4839 4845 4847
f 4847 4845 4853
f 4848 4839 4847
f 4840 4839 4848
f 4849 4841 4840
f 4955 4933 4932
f 4932 4954 4955
f 4937 4959 4932
f 4932 4959 4954
f 4928 4925 4901
f 4921 4901 4925
f 4906 4930 4905
f 4905 4930 4929
f 4905 4929 4904
f 4904 4929 4928
f 4904 4928 4901
f 4921 4897 4901
f 4896 4897 4921
f 4896 4921 4894
f 4894 4921 4917
f 4912 4890 4916
f 4916 4890 4894
f 4916 4894 4917
f 4890 4912 4913
f 4890 4913 4891
f 4891 4913 4886
f 4886 4913 4908
f 4890 4870 4894
f 4894 4870 4874
f 4891 4870 4890
f 4865 4848 4871
f 4871 4848 4847
f 4871 4847 4853
f 4871 4853 4870
f 4840 4848 4849
f 4849 4848 4865
f 4849 4865 4866
f 4866 4865 4886
f 4866 4886 4887
f 4887 4886 4908
f 4887 4908 4909
f 4886 4865 4891
f 4891 4865 4871
f 4891 4871 4870
f 4933 4909 4932
f 4932 4909 4908
f 4932 4908 4937
f 4937 4908 4913
f 4937 4913 4912
f 4952 4975 4951
f 4951 4975 4971
f 4951 4971 4950
f 4950 4971 4970
f 4950 4970 4948
f 4967 4945 4970
f 4929 4930 4951
f 4929 4951 4928
f 4928 4951 4950
f 4928 4950 4925
f 4925 4950 4948
f 4925 4948 4921
f 5000 4994 4970
f 4948 4970 4945
f 4948 4945 4921
f 4921 4945 4917
f 4917 4945 4941
f 4917 4941 4916
f 4916 4941 4963
f 4916 4963 4912
f 4912 4963 4959
f 4912 4959 4937
f 4841 4849 4866
f 4959 4988 4983
f 4963 4988 4959
f 4979 4955 4954
f 4959 4983 4954
f 4954 4983 4978
f 4954 4978 4979
f 4983 5012 4978
f 4978 5012 5007
f 4978 5007 4979
f 4979 5007 5008
f 4859 4858 4863
f 4863 4862 4861
f 4863 4861 4859
f 4859 4861 4860
f 4834 4835 4845
f 4845 4835 4836
f 4837 4838 4846
f 4837 4846 4836
f 4836 4846 4845
f 4854 4853 4846
f 4846 4853 4845
f 4856 4855 4853
f 4856 4853 4854
f 4858 4857 4856
f 4856 4857 4855
f 4857 4858 4859
f 4939 4960 4961
f 4960 4939 4938
f 4938 4957 4960
f 4899 4877 4895
f 4895 4877 4875
f 4899 4863 4858
f 4880 4881 4902
f 4902 4881 4903
f 4903 4881 4863
f 4969 4947 4965
f 4965 4947 4943
f 4939 4961 4943
f 4943 4961 4965
f 4957 4938 4935
f 4935 4938 4911
f 4889 4914 4893
f 4869 4889 4873
f 4873 4889 4893
f 4852 4869 4854
f 4854 4869 4873
f 4851 4868 4852
f 4930 4929 4906
f 4930 4906 4907
f 4930 4907 4931
f 4895 4919 4899
f 4899 4919 4923
f 4976 4952 4977
f 4977 4952 4953
f 4977 4953 4973
f 4903 4899 4923
f 4903 4923 4927
f 4927 4923 4947
f 4927 4947 4949
f 4949 4947 4973
f 4899 4903 4863
f 4949 4926 4927
f 4927 4926 4902
f 4927 4902 4903
f 4852 4868 4869
f 4869 4868 4889
f 4889 4911 4914
f 4914 4911 4938
f 4915 4938 4939
f 4915 4939 4919
f 4919 4939 4943
f 4919 4943 4923
f 4923 4943 4947
f 4923 4947 4969
f 4947 4969 4973
f 4973 4969 4998
f 4973 4998 4997
f 4961 4986 4992
f 4961 4992 4965
f 4986 4961 4985
f 4985 4961 4960
f 4985 4960 4957
f 4985 4957 4981
f 4981 4957 4980
f 4980 4957 4956
f 4944 4966 4940
f 4940 4966 4962
f 4970 4994 4966
f 4966 4994 4993
f 4901 4878 4879
f 4900 4859 4901
f 4901 4859 4878
f 4896 4857 4900
f 4900 4857 4859
f 4847 4839 4853
f 4853 4839 4845
f 4937 4959 4954
f 4937 4954 4932
f 4936 4959 4937
f 4936 4958 4959
f 4929 4905 4906
f 4920 4896 4924
f 4924 4896 4900
f 4924 4900 4925
f 4925 4900 4901
f 4916 4894 4920
f 4920 4894 4896
f 4913 4886 4890
f 4886 4865 4864
f 4886 4864 4890
f 4890 4864 4870
f 4865 4848 4847
f 4865 4847 4864
f 4864 4847 4870
f 4870 4847 4853
f 4937 4913 4936
f 4936 4913 4912
f 4951 4975 4950
f 4950 4975 4974
f 4950 4974 4948
f 4948 4974 4970
f 4948 4970 4944
f 4944 4970 4966
f 4925 4948 4924
f 4924 4948 4944
f 4924 4944 4920
f 4920 4944 4916
f 4916 4944 4940
f 4916 4940 4962
f 4916 4962 4912
f 4912 4962 4958
f 4912 4958 4936
f 4987 4982 4958
f 4958 4962 4987
f 4982 4983 5012
f 4958 4982 4959
f 4959 4982 4983
f 4954 4978 4955
f 4955 4978 4979
f 5155 5153 5154
f 5155 5154 5178
f 5178 5177 5152
f 5178 5152 5155
f 5155 5156 5153
f 5177 5178 5199
f 5199 5178 5200
f 5199 5200 5217
f 5217 5200 5218
f 5217 5218 5235
f 5235 5251 5250
f 5250 5234 5235
f 5235 5234 5217
f 5267 5266 5249
f 5249 5266 5248
f 5248 5250 5249
f 5249 5250 5251
f 5277 5276 5261
f 5261 5276 5260
f 5258 5259 5274
f 5274 5259 5275
f 5259 5258 5242
f 5259 5242 5243
f 5276 5289 5275
f 5275 5297 5296
f 5275 5296 5292
f 5275 5295 5299
f 5299 5298 5275
f 5275 5292 5287
f 5261 5260 5244
f 5261 5244 5245
f 5289 5288 5275
f 5275 5288 5295
f 5275 5298 5297
f 5287 5286 5275
f 5193 5194 5212
f 5193 5212 5211
f 5227 5243 5242
f 5245 5244 5228
f 5245 5228 5229
f 5229 5228 5211
f 5229 5211 5212
f 5242 5226 5227
f 5227 5226 5210
f 5210 5226 5209
f 5210 5209 5188
f 5188 5209 5187
f 5278 5279 5276
f 5278 5276 5275
f 5279 5278 5264
f 5264 5278 5263
f 5264 5263 5265
f 5265 5263 5267
f 5267 5263 5262
f 5267 5262 5266
f 5159 5167 5166
f 5159 5166 5158
f 5136 5135 5127
f 5128 5136 5127
f 5129 5130 5137
f 5137 5130 5138
f 5162 5163 5169
f 5162 5169 5168
f 5158 5078 5159
f 5159 5078 5079
f 5159 5079 5167
f 5167 5079 5087
f 5167 5087 5166
f 5166 5087 5086
f 5166 5086 5158
f 5158 5086 5078
f 5167 5127 5159
f 5190 5128 5167
f 5167 5128 5127
f 5190 5136 5128
f 5190 5191 5136
f 5136 5191 5137
f 5191 5129 5137
f 5168 5130 5191
f 5191 5130 5129
f 5162 5130 5168
f 5162 5082 5163
f 5163 5082 5083
f 5163 5083 5169
f 5169 5083 5089
f 5169 5089 5168
f 5168 5089 5088
f 5168 5088 5162
f 5162 5088 5082
f 5131 5130 5088
f 5131 5088 5089
f 5138 5135 5137
f 5137 5135 5136
f 5087 5127 5126
f 5087 5126 5086
f 5092 5099 5098
f 5093 5099 5092
f 5094 5095 5101
f 5100 5094 5101
f 5144 5100 5145
f 5145 5100 5101
f 5142 5098 5143
f 5143 5098 5099
f 5127 5087 5079
f 5127 5079 5159
f 5167 5159 5181
f 5189 5167 5181
f 5190 5167 5189
f 5190 5189 5182
f 5182 5189 5181
f 5160 5182 5181
f 5159 5160 5181
f 5160 5161 5182
f 5182 5161 5183
f 5182 5183 5190
f 5190 5183 5191
f 5168 5191 5192
f 5192 5191 5184
f 5184 5191 5183
f 5168 5192 5184
f 5162 5168 5184
f 5162 5184 5183
f 5162 5183 5161
f 5088 5130 5082
f 5082 5130 5162
f 5139 5138 5130
f 5139 5130 5131
f 5126 5127 5134
f 5134 5127 5135
f 5134 5135 5139
f 5139 5135 5138
f 5148 5104 5142
f 5142 5104 5098
f 5134 5092 5098
f 5134 5098 5142
f 5093 5092 5135
f 5135 5092 5134
f 5143 5099 5093
f 5143 5093 5135
f 5138 5094 5100
f 5138 5100 5144
f 5095 5094 5139
f 5139 5094 5138
f 5145 5101 5095
f 5145 5095 5139
f 5101 5105 5149
f 5101 5149 5145
f 5105 5104 5149
f 5149 5104 5148
f 5148 5142 5143
f 5145 5149 5144
f 5148 5143 5144
f 5148 5144 5149
f 5111 5110 5105
f 5105 5110 5109
f 5105 5109 5104
f 5104 5109 5108
f 5068 5054 5126
f 5068 5126 5134
f 5068 5134 5072
f 5068 5086 5054
f 5054 5086 5126
f 5046 5068 5054
f 5046 5062 5068
f 5062 5046 5078
f 5047 5079 5046
f 5046 5079 5078
f 5159 5079 5047
f 5159 5047 5160
f 5160 5047 5048
f 5048 5049 5160
f 5160 5049 5161
f 5050 5082 5162
f 5050 5162 5049
f 5049 5162 5161
f 5055 5069 5051
f 5051 5069 5065
f 5065 5083 5051
f 5051 5083 5050
f 5050 5083 5082
f 5069 5055 5089
f 5089 5055 5131
f 5139 5131 5073
f 5073 5131 5069
f 5069 5131 5055
f 5072 5134 5092
f 5098 5072 5092
f 5139 5073 5095
f 5073 5101 5095
f 5101 5102 5105
f 5105 5102 5106
f 5102 5101 5146
f 5146 5101 5145
f 5097 5098 5104
f 5097 5104 5103
f 5139 5140 5145
f 5145 5140 5146
f 5098 5097 5141
f 5098 5141 5142
f 5133 5134 5142
f 5133 5142 5141
f 5135 5138 5143
f 5138 5144 5143
f 5098 5097 5091
f 5098 5091 5072
f 5091 5071 5072
f 5072 5071 5068
f 5068 5071 5053
f 5068 5053 5054
f 5044 5050 5049
f 5044 5049 5043
f 5041 5042 5048
f 5041 5048 5047
f 5054 5053 5046
f 5056 5055 5051
f 5056 5051 5052
f 5048 5042 5049
f 5049 5042 5043
f 5046 5053 5045
f 5069 5055 5056
f 5069 5056 5073
f 5073 5056 5074
f 5102 5101 5096
f 5096 5101 5073
f 5096 5073 5074
f 5096 5095 5102
f 5102 5095 5101
f 5092 5134 5091
f 5091 5134 5133
f 5097 5098 5092
f 5097 5092 5091
f 5103 5104 5098
f 5103 5098 5097
f 5078 5086 5077
f 5077 5086 5085
f 5068 5085 5086
f 5068 5067 5085
f 5067 5068 5061
f 5068 5062 5061
f 5069 5066 5065
f 5066 5069 5070
f 5089 5070 5069
f 5089 5090 5070
f 5089 5084 5090
f 5089 5083 5084
f 5139 5095 5140
f 5140 5095 5096
f 5104 5108 5107
f 5108 5109 5107
f 5104 5107 5103
f 5103 5147 5141
f 5141 5147 5173
f 5097 5103 5141
f 5141 5173 5171
f 5171 5133 5141
f 5171 5173 5197
f 5165 5171 5187
f 5187 5171 5195
f 5197 5195 5171
f 5196 5172 5194
f 5170 5194 5172
f 5172 5196 5198
f 5172 5198 5174
f 5106 5102 5146
f 5174 5150 5146
f 5146 5140 5172
f 5106 5146 5150
f 5172 5174 5146
f 5112 5110 5111
f 5112 5105 5106
f 5111 5105 5112
f 5213 5215 5230
f 5248 5246 5230
f 5187 5195 5213
f 5213 5195 5197
f 5210 5188 5187
f 5210 5209 5227
f 5227 5209 5226
f 5232 5248 5230
f 5197 5215 5232
f 5213 5197 5215
f 5215 5197 5230
f 5230 5197 5232
f 5278 5275 5259
f 5263 5278 5259
f 5263 5259 5243
f 5243 5227 5246
f 5243 5246 5263
f 5263 5246 5262
f 5210 5187 5209
f 5209 5187 5213
f 5209 5213 5226
f 5226 5213 5230
f 5226 5230 5227
f 5227 5230 5246
f 5262 5246 5248
f 5262 5248 5266
f 5259 5258 5275
f 5270 5271 5255
f 5299 5295 5294
f 5299 5294 5298
f 5292 5296 5293
f 5293 5296 5297
f 5274 5275 5258
f 5276 5273 5285
f 5276 5285 5289
f 5260 5257 5273
f 5276 5260 5273
f 5271 5283 5284
f 5284 5272 5271
f 5255 5271 5272
f 5282 5270 5281
f 5281 5270 5269
f 5270 5282 5271
f 5271 5282 5283
f 5254 5270 5255
f 5253 5269 5254
f 5254 5269 5270
f 5287 5280 5286
f 5286 5280 5268
f 5286 5268 5275
f 5293 5297 5294
f 5294 5297 5298
f 5289 5285 5288
f 5288 5285 5284
f 5288 5284 5294
f 5294 5284 5283
f 5294 5283 5291
f 5294 5291 5293
f 5293 5291 5290
f 5293 5290 5282
f 5293 5282 5287
f 5287 5282 5281
f 5287 5281 5280
f 5273 5272 5284
f 5281 5269 5268
f 5285 5273 5284
f 5291 5283 5290
f 5290 5283 5282
f 5280 5281 5268
f 5295 5288 5294
f 5292 5293 5287
f 5275 5268 5259
f 5259 5268 5252
f 5272 5256 5255
f 5257 5256 5273
f 5273 5256 5272
f 5268 5269 5252
f 5252 5269 5253
f 5237 5221 5220
f 5240 5224 5223
f 5071 5067 5053
f 5070 5074 5056
f 5171 5165 5133
f 5125 5078 5077
f 5125 5077 5085
f 5117 5118 5078
f 5083 5123 5124
f 5083 5124 5084
f 5124 5090 5084
f 5058 5059 5043
f 5043 5059 5044
f 5044 5059 5060
f 5044 5060 5050
f 5050 5060 5064
f 5050 5064 5051
f 5051 5064 5065
f 5058 5075 5059
f 5059 5075 5076
f 5059 5076 5082
f 5059 5082 5064
f 5064 5082 5083
f 5064 5083 5065
f 5076 5081 5082
f 5070 5056 5066
f 5066 5056 5052
f 5066 5052 5065
f 5065 5052 5051
f 5096 5074 5070
f 5090 5096 5070
f 5115 5121 5116
f 5161 5121 5160
f 5160 5121 5115
f 5081 5121 5082
f 5082 5121 5122
f 5082 5122 5083
f 5083 5122 5123
f 5090 5132 5096
f 5096 5132 5140
f 5172 5140 5170
f 5132 5090 5124
f 5132 5170 5140
f 5121 5161 5122
f 5122 5161 5162
f 5122 5162 5123
f 5123 5162 5163
f 5123 5163 5164
f 5123 5164 5124
f 5124 5164 5132
f 5132 5164 5170
f 5229 5212 5225
f 5225 5212 5208
f 5225 5208 5207
f 5225 5207 5224
f 5224 5207 5206
f 5261 5245 5260
f 5260 5245 5244
f 5260 5244 5257
f 5257 5244 5241
f 5257 5241 5256
f 5256 5241 5240
f 5224 5240 5225
f 5225 5240 5241
f 5225 5241 5229
f 5229 5241 5244
f 5229 5244 5245
f 5203 5181 5202
f 5202 5181 5180
f 5202 5180 5201
f 5201 5180 5179
f 5201 5179 5209
f 5209 5179 5187
f 5212 5194 5208
f 5208 5194 5186
f 5208 5186 5207
f 5207 5186 5185
f 5207 5185 5206
f 5206 5185 5184
f 5206 5184 5205
f 5205 5184 5183
f 5205 5183 5204
f 5204 5183 5182
f 5204 5182 5203
f 5203 5182 5181
f 5253 5237 5252
f 5252 5237 5236
f 5252 5236 5259
f 5259 5236 5243
f 5226 5242 5243
f 5226 5243 5219
f 5219 5243 5236
f 5219 5236 5220
f 5220 5236 5237
f 5255 5239 5254
f 5254 5239 5238
f 5254 5238 5253
f 5253 5238 5237
f 5255 5256 5240
f 5255 5240 5239
f 5239 5240 5223
f 5239 5223 5238
f 5238 5223 5222
f 5238 5222 5221
f 5238 5221 5237
f 5221 5203 5220
f 5220 5203 5202
f 5220 5202 5219
f 5219 5202 5201
f 5219 5201 5226
f 5226 5201 5209
f 5071 5091 5085
f 5085 5067 5071
f 5053 5067 5045
f 5045 5067 5061
f 5045 5061 5046
f 5046 5061 5062
f 5125 5085 5133
f 5133 5085 5091
f 5117 5078 5125
f 5047 5046 5062
f 5047 5062 5063
f 5063 5062 5078
f 5063 5078 5079
f 5043 5042 5058
f 5079 5075 5058
f 5079 5058 5057
f 5057 5058 5041
f 5042 5041 5058
f 5060 5059 5064
f 5118 5079 5078
f 5158 5118 5157
f 5157 5118 5117
f 5157 5117 5165
f 5165 5117 5125
f 5165 5125 5133
f 5117 5118 5125
f 5047 5063 5057
f 5079 5118 5119
f 5119 5118 5158
f 5119 5158 5159
f 5119 5159 5120
f 5159 5160 5120
f 5120 5160 5115
f 5115 5116 5076
f 5076 5075 5115
f 5115 5075 5120
f 5120 5075 5080
f 5120 5080 5119
f 5116 5121 5081
f 5116 5081 5076
f 5080 5075 5079
f 5080 5079 5119
f 5224 5206 5223
f 5223 5206 5205
f 5223 5205 5222
f 5222 5205 5204
f 5222 5204 5221
f 5221 5204 5203
f 5181 5159 5180
f 5180 5159 5158
f 5180 5158 5179
f 5179 5158 5157
f 5179 5157 5187
f 5187 5157 5165
f 5194 5170 5186
f 5186 5170 5164
f 5186 5164 5185
f 5185 5164 5163
f 5185 5163 5184
f 5184 5163 5162
f 5079 5057 5063
f 5057 5041 5047
f 5196 5194 5212
f 5196 5214 5216
f 5196 5216 5198
f 5267 5249 5247
f 5267 5247 5265
f 5211 5228 5212
f 5228 5229 5212
f 5212 5214 5196
f 5260 5276 5264
f 5260 5264 5244
f 5244 5264 5247
f 5244 5247 5228
f 5228 5247 5229
f 5229 5247 5231
f 5229 5231 5212
f 5212 5231 5214
f 5231 5247 5249
f 5231 5249 5233
f 5233 5216 5231
f 5231 5216 5214
f 5265 5247 5264
f 5279 5264 5276
f 5110 5112 5109
f 5107 5109 5112
f 5152 5177 5151
f 5107 5113 5152
f 5152 5113 5155
f 5151 5107 5152
f 5103 5107 5147
f 5147 5175 5173
f 5175 5197 5173
f 5217 5234 5232
f 5232 5234 5250
f 5232 5250 5248
f 5217 5232 5215
f 5215 5197 5217
f 5177 5199 5175
f 5177 5175 5151
f 5151 5175 5147
f 5151 5147 5107
f 5175 5199 5197
f 5197 5199 5217
f 5154 5150 5176
f 5176 5174 5198
f 5150 5106 5176
f 5176 5150 5174
f 5154 5112 5150
f 5114 5112 5154
f 5154 5153 5114
f 5114 5153 5156
f 5216 5233 5218
f 5216 5218 5198
f 5249 5251 5233
f 5233 5251 5235
f 5233 5235 5218
f 5178 5154 5176
f 5178 5176 5200
f 5198 5218 5200
f 5198 5200 5176
f 5106 5150 5112
f 5107 5112 5114
f 5156 5113 5107
f 5156 5107 5114
f 5156 5155 5113
f 5307 5437 5429
f 5334 5307 5429
f 5429 5428 5334
f 5428 5333 5334
f 5437 5307 5436
f 5436 5307 5306
f 5302 5432 5304
f 5304 5432 5434
f 5304 5434 5305
f 5305 5434 5435
f 5305 5435 5306
f 5306 5435 5436
f 5316 5342 5337
f 5316 5337 5358
f 5316 5358 5372
f 5316 5390 5406
f 5316 5311 5342
f 5372 5385 5316
f 5316 5385 5390
f 5316 5406 5411
f 5430 5300 5301
f 5301 5431 5430
f 5431 5301 5320
f 5431 5320 5415
f 5415 5320 5315
f 5415 5315 5410
f 5410 5315 5316
f 5410 5316 5411
f 5300 5430 5303
f 5303 5430 5433
f 5303 5433 5432
f 5303 5432 5302
f 5354 5333 5428
f 5428 5402 5354
f 5402 5353 5354
f 5353 5402 5401
f 5353 5382 5368
f 5353 5401 5382
f 5397 5379 5398
f 5402 5382 5401
f 5381 5367 5368
f 5368 5382 5381
f 5398 5399 5422
f 5397 5398 5419
f 5419 5398 5422
f 5396 5397 5416
f 5416 5397 5419
f 5416 5419 5417
f 5417 5419 5420
f 5380 5399 5398
f 5398 5379 5380
f 5397 5396 5379
f 5366 5380 5379
f 5407 5393 5392
f 5392 5393 5387
f 5386 5392 5387
f 5388 5383 5370
f 5388 5370 5387
f 5387 5370 5374
f 5377 5364 5378
f 5378 5364 5365
f 5377 5363 5364
f 5362 5375 5376
f 5362 5361 5375
f 5375 5361 5363
f 5375 5363 5377
f 5370 5369 5374
f 5376 5392 5373
f 5373 5392 5386
f 5374 5360 5359
f 5373 5374 5359
f 5360 5374 5355
f 5355 5374 5369
f 5355 5369 5356
f 5356 5369 5370
f 5373 5359 5376
f 5376 5359 5362
f 5432 5433 5414
f 5414 5433 5430
f 5375 5391 5394
f 5417 5396 5416
f 5418 5413 5412
f 5376 5375 5391
f 5394 5396 5395
f 5395 5396 5417
f 5395 5417 5412
f 5413 5408 5407
f 5407 5408 5393
f 5393 5408 5387
f 5409 5408 5413
f 5409 5413 5414
f 5412 5413 5407
f 5392 5395 5407
f 5407 5395 5412
f 5409 5404 5403
f 5403 5404 5387
f 5408 5409 5403
f 5403 5387 5408
f 5388 5387 5404
f 5394 5395 5392
f 5374 5373 5386
f 5374 5386 5387
f 5414 5413 5432
f 5432 5413 5418
f 5432 5418 5434
f 5434 5418 5421
f 5437 5436 5425
f 5425 5436 5423
f 5399 5400 5424
f 5424 5400 5426
f 5424 5426 5425
f 5425 5426 5427
f 5366 5367 5380
f 5380 5367 5381
f 5381 5382 5400
f 5400 5382 5402
f 5400 5402 5426
f 5426 5402 5428
f 5426 5428 5427
f 5427 5428 5429
f 5436 5435 5423
f 5423 5435 5421
f 5423 5421 5420
f 5420 5421 5417
f 5423 5424 5425
f 5420 5424 5423
f 5435 5434 5421
f 5421 5418 5417
f 5417 5418 5412
f 5394 5392 5391
f 5391 5392 5376
f 5379 5378 5365
f 5379 5365 5366
f 5429 5437 5427
f 5427 5437 5425
f 5420 5419 5424
f 5424 5419 5422
f 5424 5422 5399
f 5400 5399 5381
f 5381 5399 5380
f 5378 5379 5396
f 5378 5396 5377
f 5377 5396 5394
f 5377 5394 5375
f 5384 5390 5385
f 5384 5385 5371
f 5371 5385 5372
f 5390 5384 5389
f 5405 5406 5389
f 5390 5389 5406
f 5430 5431 5414
f 5414 5431 5415
f 5388 5404 5405
f 5383 5384 5370
f 5371 5370 5384
f 5384 5383 5389
f 5389 5383 5388
f 5415 5410 5409
f 5415 5409 5414
f 5409 5410 5404
f 5410 5411 5405
f 5411 5406 5405
f 5405 5389 5388
f 5371 5370 5357
f 5405 5404 5410
f 5300 5303 5302
f 5354 5353 5368
f 5351 5352 5366
f 5352 5367 5366
f 5350 5349 5327
f 5327 5349 5324
f 5349 5348 5324
f 5324 5348 5321
f 5324 5321 5322
f 5324 5322 5325
f 5313 5345 5339
f 5321 5348 5322
f 5348 5346 5322
f 5322 5346 5347
f 5322 5347 5317
f 5338 5339 5344
f 5344 5339 5345
f 5344 5345 5312
f 5312 5345 5313
f 5363 5346 5364
f 5364 5346 5348
f 5364 5348 5349
f 5365 5364 5349
f 5365 5349 5350
f 5366 5365 5350
f 5366 5350 5351
f 5343 5346 5363
f 5343 5363 5361
f 5344 5343 5361
f 5344 5361 5362
f 5344 5347 5346
f 5344 5346 5343
f 5339 5338 5359
f 5339 5359 5360
f 5314 5319 5318
f 5318 5319 5323
f 5360 5355 5339
f 5313 5314 5318
f 5309 5339 5340
f 5335 5340 5339
f 5335 5339 5356
f 5355 5356 5360
f 5360 5356 5339
f 5339 5308 5313
f 5323 5302 5326
f 5326 5302 5304
f 5326 5304 5328
f 5328 5304 5305
f 5328 5305 5330
f 5330 5305 5306
f 5330 5306 5307
f 5330 5307 5332
f 5332 5307 5334
f 5352 5351 5331
f 5331 5351 5329
f 5331 5329 5330
f 5331 5330 5332
f 5368 5367 5352
f 5368 5352 5354
f 5354 5352 5331
f 5354 5331 5333
f 5333 5331 5332
f 5333 5332 5334
f 5312 5313 5317
f 5317 5313 5318
f 5326 5325 5323
f 5317 5347 5344
f 5338 5344 5362
f 5338 5362 5359
f 5312 5317 5344
f 5330 5329 5328
f 5328 5329 5325
f 5351 5350 5327
f 5351 5327 5329
f 5329 5327 5324
f 5329 5324 5325
f 5308 5339 5309
f 5308 5309 5314
f 5308 5314 5313
f 5317 5318 5322
f 5322 5318 5323
f 5326 5328 5325
f 5319 5300 5302
f 5319 5302 5323
f 5322 5323 5325
f 5301 5300 5319
f 5342 5311 5310
f 5342 5310 5341
f 5357 5337 5336
f 5336 5337 5342
f 5336 5342 5341
f 5357 5358 5337
f 5371 5372 5358
f 5358 5357 5371
f 5316 5315 5311
f 5311 5315 5310
f 5320 5301 5319
f 5320 5319 5315
f 5315 5319 5314
f 5370 5371 5356
f 5356 5371 5357
f 5336 5356 5357
f 5336 5341 5340
f 5336 5340 5335
f 5336 5335 5356
f 5314 5309 5315
f 5315 5309 5310
f 5309 5340 5341
f 5310 5309 5341
f 5648 5740 5668
f 5668 5740 5735
f 5648 5626 5709
f 5648 5709 5740
f 5805 5806 5728
f 5728 5806 5850
f 5728 5850 5851
f 5726 5761 5727
f 5727 5761 5762
f 5689 5727 5728
f 5728 5727 5805
f 5762 5800 5727
f 5727 5800 5801
f 5727 5801 5802
f 5803 5804 5727
f 5727 5804 5805
f 5438 5564 5537
f 5447 5857 5448
f 5448 5857 5449
f 5449 5857 5858
f 5445 5854 5446
f 5446 5854 5855
f 5446 5855 5447
f 5447 5855 5856
f 5447 5856 5857
f 5727 5802 5803
f 5537 5439 5438
f 5538 5439 5537
f 5442 5441 5538
f 5538 5441 5440
f 5538 5440 5439
f 5538 5728 5442
f 5442 5728 5851
f 5442 5851 5443
f 5443 5851 5852
f 5443 5852 5444
f 5444 5852 5853
f 5444 5853 5445
f 5445 5853 5854
f 5668 5735 5737
f 5738 5737 5735
f 5519 5577 5573
f 5738 5732 5696
f 5569 5451 5462
f 5569 5475 5488
f 5573 5488 5519
f 5519 5488 5501
f 5708 5738 5702
f 5702 5738 5696
f 5702 5696 5573
f 5573 5696 5569
f 5573 5569 5488
f 5462 5475 5569
f 5501 5512 5519
f 5519 5512 5526
f 5564 5438 5539
f 5564 5539 5569
f 5451 5517 5539
f 5438 5451 5539
f 5451 5569 5517
f 5732 5727 5696
f 5696 5727 5689
f 5726 5727 5731
f 5731 5727 5732
f 5732 5738 5737
f 5731 5730 5729
f 5731 5729 5726
f 5737 5735 5736
f 5737 5736 5731
f 5737 5731 5732
f 5736 5733 5731
f 5731 5733 5730
f 5581 5580 5605
f 5604 5603 5626
f 5581 5576 5577
f 5581 5577 5582
f 5540 5543 5577
f 5577 5543 5582
f 5519 5526 5540
f 5526 5543 5540
f 5793 5748 5749
f 5673 5674 5716
f 5468 5481 5467
f 5528 5529 5546
f 5529 5530 5547
f 5591 5615 5614
f 5678 5656 5657
f 5747 5713 5757
f 5441 5465 5453
f 5442 5443 5454
f 5587 5586 5554
f 5669 5670 5710
f 5669 5710 5709
f 5709 5710 5741
f 5709 5741 5740
f 5778 5736 5735
f 5761 5763 5764
f 5801 5800 5764
f 5764 5800 5762
f 5764 5762 5761
f 5853 5862 5854
f 5854 5862 5863
f 5854 5863 5855
f 5858 5866 5859
f 5859 5866 5867
f 5787 5777 5838
f 5739 5756 5718
f 5630 5631 5653
f 5610 5631 5630
f 5554 5542 5587
f 5587 5542 5578
f 5524 5525 5541
f 5542 5554 5541
f 5542 5541 5525
f 5474 5487 5486
f 5461 5449 5450
f 5449 5459 5448
f 5448 5459 5458
f 5448 5458 5447
f 5447 5458 5457
f 5447 5457 5446
f 5446 5457 5456
f 5446 5456 5445
f 5445 5456 5455
f 5445 5455 5444
f 5444 5455 5454
f 5444 5454 5443
f 5441 5453 5440
f 5440 5453 5439
f 5453 5452 5439
f 5451 5438 5452
f 5452 5438 5439
f 5476 5488 5475
f 5489 5502 5488
f 5527 5512 5501
f 5527 5501 5513
f 5513 5501 5502
f 5544 5543 5527
f 5527 5543 5526
f 5582 5543 5588
f 5543 5544 5583
f 5543 5583 5588
f 5606 5580 5581
f 5611 5581 5582
f 5606 5605 5580
f 5626 5649 5648
f 5649 5626 5627
f 5627 5626 5603
f 5627 5603 5604
f 5669 5648 5649
f 5816 5812 5811
f 5811 5812 5860
f 5815 5816 5811
f 5815 5811 5810
f 5804 5809 5810
f 5809 5808 5814
f 5814 5808 5813
f 5814 5813 5771
f 5819 5814 5771
f 5819 5771 5775
f 5780 5781 5776
f 5776 5781 5827
f 5827 5828 5820
f 5820 5828 5821
f 5821 5822 5817
f 5775 5780 5776
f 5775 5776 5827
f 5819 5827 5820
f 5819 5820 5815
f 5815 5820 5821
f 5815 5821 5816
f 5816 5821 5817
f 5816 5817 5812
f 5810 5809 5815
f 5815 5809 5814
f 5815 5814 5819
f 5827 5819 5775
f 5813 5808 5768
f 5813 5768 5771
f 5803 5802 5807
f 5802 5801 5807
f 5807 5801 5764
f 5807 5764 5765
f 5765 5764 5767
f 5767 5764 5766
f 5767 5766 5770
f 5779 5774 5773
f 5773 5774 5770
f 5747 5748 5793
f 5747 5793 5792
f 5781 5780 5790
f 5713 5720 5721
f 5766 5769 5770
f 5770 5769 5772
f 5770 5772 5773
f 5773 5772 5779
f 5779 5772 5778
f 5789 5779 5788
f 5743 5744 5742
f 5742 5744 5789
f 5742 5789 5788
f 5779 5736 5788
f 5788 5736 5742
f 5742 5736 5741
f 5779 5778 5736
f 5736 5735 5741
f 5740 5741 5735
f 5742 5741 5743
f 5780 5779 5789
f 5780 5789 5790
f 5790 5789 5744
f 5790 5744 5745
f 5745 5744 5711
f 5711 5744 5743
f 5743 5741 5710
f 5743 5710 5711
f 5711 5710 5671
f 5671 5710 5670
f 5614 5615 5635
f 5635 5615 5636
f 5635 5636 5657
f 5591 5614 5590
f 5590 5614 5613
f 5590 5613 5589
f 5657 5656 5635
f 5635 5656 5634
f 5635 5634 5613
f 5635 5613 5614
f 5546 5529 5547
f 5546 5547 5555
f 5555 5547 5556
f 5555 5556 5590
f 5590 5556 5591
f 5590 5589 5555
f 5555 5589 5545
f 5555 5545 5546
f 5546 5545 5528
f 5612 5613 5633
f 5633 5613 5634
f 5633 5634 5655
f 5655 5634 5656
f 5655 5656 5677
f 5677 5656 5678
f 5677 5678 5672
f 5588 5589 5612
f 5612 5589 5613
f 5544 5545 5583
f 5583 5545 5589
f 5583 5589 5588
f 5527 5528 5544
f 5504 5505 5515
f 5515 5505 5516
f 5515 5516 5529
f 5529 5516 5530
f 5503 5504 5514
f 5514 5504 5515
f 5514 5515 5528
f 5528 5515 5529
f 5505 5504 5491
f 5491 5504 5503
f 5491 5503 5490
f 5441 5442 5466
f 5441 5466 5465
f 5465 5466 5478
f 5465 5478 5453
f 5453 5478 5477
f 5502 5503 5513
f 5513 5503 5514
f 5513 5514 5527
f 5527 5514 5528
f 5489 5490 5502
f 5502 5490 5503
f 5478 5490 5477
f 5477 5490 5489
f 5477 5489 5476
f 5477 5464 5453
f 5453 5464 5463
f 5453 5463 5452
f 5452 5463 5462
f 5452 5462 5451
f 5671 5650 5654
f 5654 5650 5628
f 5654 5628 5632
f 5632 5628 5606
f 5632 5606 5611
f 5611 5606 5581
f 5670 5669 5649
f 5670 5649 5671
f 5671 5649 5650
f 5650 5649 5627
f 5650 5627 5628
f 5628 5627 5604
f 5628 5604 5606
f 5606 5604 5605
f 5587 5610 5586
f 5619 5641 5640
f 5640 5641 5663
f 5640 5663 5662
f 5651 5663 5641
f 5620 5641 5619
f 5610 5609 5586
f 5586 5609 5585
f 5586 5585 5554
f 5554 5585 5553
f 5554 5553 5541
f 5541 5553 5524
f 5524 5553 5536
f 5617 5593 5618
f 5660 5637 5638
f 5638 5637 5616
f 5712 5672 5719
f 5719 5672 5678
f 5719 5678 5679
f 5679 5678 5657
f 5679 5657 5658
f 5658 5657 5636
f 5658 5636 5659
f 5660 5659 5637
f 5595 5594 5551
f 5551 5594 5559
f 5551 5559 5550
f 5551 5550 5534
f 5534 5550 5533
f 5534 5533 5521
f 5521 5533 5520
f 5521 5520 5509
f 5548 5530 5531
f 5527 5526 5512
f 5507 5520 5532
f 5532 5520 5533
f 5532 5533 5549
f 5549 5533 5550
f 5549 5550 5558
f 5558 5550 5559
f 5558 5559 5593
f 5593 5559 5594
f 5593 5594 5618
f 5545 5544 5528
f 5547 5530 5548
f 5547 5548 5556
f 5556 5548 5557
f 5556 5557 5591
f 5591 5557 5592
f 5591 5592 5615
f 5615 5592 5616
f 5615 5616 5636
f 5636 5616 5637
f 5636 5637 5659
f 5518 5499 5500
f 5500 5499 5487
f 5536 5523 5524
f 5524 5523 5511
f 5498 5499 5511
f 5511 5499 5524
f 5524 5499 5518
f 5524 5518 5525
f 5610 5630 5609
f 5609 5608 5585
f 5585 5608 5584
f 5585 5584 5553
f 5553 5584 5552
f 5553 5552 5536
f 5536 5552 5535
f 5536 5535 5523
f 5523 5535 5522
f 5523 5522 5511
f 5511 5522 5510
f 5511 5510 5498
f 5498 5510 5497
f 5473 5474 5486
f 5473 5486 5485
f 5485 5497 5484
f 5484 5497 5496
f 5484 5496 5483
f 5483 5496 5495
f 5483 5495 5482
f 5482 5495 5494
f 5482 5494 5481
f 5532 5531 5507
f 5507 5531 5506
f 5509 5520 5508
f 5508 5520 5507
f 5491 5492 5505
f 5505 5492 5493
f 5505 5493 5506
f 5506 5493 5494
f 5506 5494 5507
f 5507 5494 5495
f 5507 5495 5508
f 5508 5495 5496
f 5496 5509 5508
f 5502 5501 5488
f 5491 5479 5492
f 5492 5479 5493
f 5497 5485 5498
f 5498 5485 5486
f 5498 5486 5499
f 5499 5486 5487
f 5479 5480 5493
f 5493 5480 5494
f 5494 5480 5481
f 5584 5595 5552
f 5552 5595 5551
f 5552 5551 5535
f 5535 5551 5534
f 5535 5534 5522
f 5522 5534 5521
f 5522 5521 5510
f 5510 5521 5509
f 5510 5509 5497
f 5497 5509 5496
f 5460 5461 5473
f 5460 5473 5472
f 5472 5473 5485
f 5472 5485 5471
f 5471 5485 5484
f 5471 5484 5470
f 5470 5484 5483
f 5470 5483 5469
f 5469 5483 5482
f 5469 5482 5468
f 5449 5461 5460
f 5449 5460 5459
f 5459 5460 5472
f 5459 5472 5458
f 5458 5472 5471
f 5458 5471 5457
f 5457 5471 5470
f 5457 5470 5456
f 5456 5470 5469
f 5456 5469 5455
f 5455 5469 5468
f 5482 5481 5468
f 5455 5468 5467
f 5455 5467 5454
f 5442 5454 5467
f 5442 5467 5466
f 5466 5467 5479
f 5466 5479 5478
f 5464 5477 5476
f 5464 5476 5463
f 5463 5476 5475
f 5463 5475 5462
f 5489 5488 5476
f 5491 5490 5478
f 5491 5478 5479
f 5480 5479 5467
f 5480 5467 5481
f 5474 5473 5461
f 5505 5506 5516
f 5516 5506 5531
f 5516 5531 5530
f 5531 5532 5548
f 5548 5532 5549
f 5548 5549 5557
f 5557 5549 5592
f 5592 5549 5558
f 5592 5558 5593
f 5592 5593 5616
f 5616 5593 5617
f 5616 5617 5638
f 5837 5826 5825
f 5836 5837 5824
f 5824 5837 5825
f 5824 5825 5881
f 5881 5825 5874
f 5874 5825 5826
f 5874 5826 5875
f 5875 5826 5818
f 5873 5874 5866
f 5872 5865 5864
f 5864 5865 5857
f 5864 5857 5856
f 5873 5872 5880
f 5835 5836 5824
f 5835 5824 5880
f 5880 5824 5881
f 5880 5881 5873
f 5873 5881 5874
f 5866 5874 5875
f 5866 5875 5867
f 5856 5855 5864
f 5864 5855 5863
f 5864 5863 5872
f 5872 5863 5871
f 5838 5837 5848
f 5838 5848 5787
f 5787 5848 5786
f 5787 5786 5739
f 5739 5786 5755
f 5739 5755 5756
f 5607 5608 5629
f 5629 5608 5630
f 5629 5630 5652
f 5675 5652 5676
f 5653 5676 5652
f 5653 5652 5630
f 5609 5630 5608
f 5608 5607 5584
f 5584 5607 5595
f 5847 5836 5846
f 5846 5836 5835
f 5785 5847 5784
f 5784 5847 5846
f 5784 5846 5845
f 5725 5684 5685
f 5725 5685 5715
f 5716 5715 5673
f 5673 5715 5685
f 5879 5871 5870
f 5878 5870 5869
f 5878 5869 5877
f 5832 5833 5882
f 5882 5833 5834
f 5882 5834 5883
f 5831 5832 5877
f 5877 5832 5882
f 5877 5882 5878
f 5878 5882 5883
f 5878 5883 5879
f 5879 5870 5878
f 5853 5852 5869
f 5853 5869 5870
f 5853 5870 5862
f 5862 5870 5871
f 5862 5871 5863
f 5852 5861 5869
f 5869 5861 5868
f 5869 5868 5877
f 5877 5868 5876
f 5877 5876 5831
f 5834 5879 5883
f 5832 5831 5842
f 5830 5831 5823
f 5842 5831 5830
f 5842 5830 5841
f 5841 5830 5840
f 5582 5588 5611
f 5611 5588 5612
f 5611 5612 5632
f 5632 5612 5633
f 5632 5633 5654
f 5654 5633 5655
f 5654 5655 5671
f 5671 5655 5677
f 5671 5677 5672
f 5671 5672 5711
f 5711 5672 5712
f 5711 5712 5746
f 5711 5746 5745
f 5745 5746 5791
f 5745 5791 5790
f 5790 5791 5781
f 5781 5791 5782
f 5781 5782 5839
f 5781 5839 5828
f 5828 5839 5829
f 5822 5830 5823
f 5822 5823 5868
f 5850 5806 5811
f 5811 5806 5805
f 5811 5805 5810
f 5810 5805 5804
f 5809 5804 5803
f 5809 5803 5808
f 5808 5803 5807
f 5808 5807 5765
f 5808 5765 5768
f 5768 5765 5767
f 5768 5767 5771
f 5771 5767 5770
f 5771 5770 5775
f 5775 5770 5774
f 5775 5774 5779
f 5775 5779 5780
f 5827 5781 5828
f 5828 5829 5821
f 5821 5829 5830
f 5821 5830 5822
f 5817 5822 5868
f 5817 5868 5812
f 5812 5868 5861
f 5812 5861 5860
f 5860 5861 5852
f 5860 5852 5851
f 5860 5851 5811
f 5811 5851 5850
f 5797 5784 5845
f 5797 5845 5844
f 5799 5785 5798
f 5798 5785 5784
f 5798 5784 5797
f 5796 5797 5844
f 5796 5844 5843
f 5754 5799 5753
f 5753 5799 5798
f 5753 5798 5797
f 5795 5796 5843
f 5661 5683 5682
f 5783 5792 5793
f 5796 5795 5751
f 5753 5752 5715
f 5753 5715 5754
f 5754 5715 5716
f 5754 5716 5755
f 5755 5716 5717
f 5834 5845 5835
f 5837 5838 5826
f 5845 5846 5835
f 5837 5836 5847
f 5837 5847 5848
f 5848 5847 5786
f 5786 5847 5785
f 5786 5785 5799
f 5786 5799 5755
f 5755 5799 5754
f 5795 5750 5751
f 5751 5760 5752
f 5752 5760 5725
f 5752 5725 5714
f 5752 5714 5715
f 5717 5716 5675
f 5840 5783 5841
f 5841 5783 5793
f 5841 5793 5849
f 5849 5793 5794
f 5849 5794 5795
f 5796 5751 5752
f 5795 5794 5750
f 5751 5750 5760
f 5760 5724 5725
f 5714 5725 5715
f 5675 5716 5674
f 5757 5722 5758
f 5758 5722 5723
f 5683 5684 5724
f 5723 5724 5759
f 5759 5750 5749
f 5713 5721 5757
f 5757 5721 5722
f 5723 5682 5683
f 5683 5661 5662
f 5662 5661 5639
f 5662 5639 5640
f 5640 5639 5618
f 5640 5618 5619
f 5794 5793 5749
f 5794 5749 5750
f 5750 5759 5760
f 5760 5759 5724
f 5725 5724 5684
f 5721 5720 5680
f 5721 5680 5722
f 5722 5680 5681
f 5722 5681 5723
f 5723 5681 5682
f 5682 5660 5661
f 5661 5660 5638
f 5661 5638 5639
f 5639 5638 5618
f 5858 5857 5866
f 5866 5857 5865
f 5866 5865 5873
f 5873 5865 5872
f 5880 5872 5871
f 5880 5871 5879
f 5880 5879 5835
f 5835 5879 5834
f 5845 5834 5833
f 5845 5833 5844
f 5844 5833 5832
f 5844 5832 5843
f 5843 5832 5842
f 5747 5757 5748
f 5748 5757 5749
f 5749 5757 5758
f 5749 5758 5759
f 5759 5758 5723
f 5724 5723 5683
f 5684 5683 5662
f 5684 5662 5685
f 5685 5662 5663
f 5685 5663 5673
f 5673 5663 5674
f 5674 5663 5651
f 5674 5651 5675
f 5876 5868 5823
f 5876 5823 5831
f 5830 5829 5840
f 5840 5829 5839
f 5840 5839 5782
f 5840 5782 5783
f 5783 5782 5792
f 5792 5782 5791
f 5792 5791 5747
f 5747 5791 5746
f 5747 5746 5713
f 5713 5746 5712
f 5713 5712 5720
f 5720 5712 5719
f 5720 5719 5679
f 5720 5679 5680
f 5680 5679 5658
f 5680 5658 5681
f 5681 5658 5659
f 5681 5659 5682
f 5682 5659 5660
f 5638 5617 5618
f 5618 5594 5619
f 5619 5594 5595
f 5619 5595 5607
f 5619 5607 5620
f 5620 5607 5641
f 5641 5607 5629
f 5641 5629 5651
f 5651 5629 5652
f 5651 5652 5675
f 5675 5676 5717
f 5717 5676 5718
f 5717 5718 5756
f 5717 5756 5755
f 5752 5753 5797
f 5752 5797 5796
f 5795 5843 5849
f 5849 5843 5842
f 5849 5842 5841
f 5772 5733 5736
f 5736 5778 5772
f 5769 5766 5730
f 5730 5766 5764
f 5733 5772 5730
f 5730 5772 5769
f 5763 5729 5764
f 5764 5729 5730
f 5648 5669 5626
f 5709 5626 5669
f 5867 5461 5450
f 5867 5450 5859
f 5859 5450 5858
f 5858 5450 5449
f 5461 5631 5610
f 5461 5610 5587
f 5867 5653 5461
f 5461 5653 5631
f 5461 5587 5578
f 5461 5578 5542
f 5542 5474 5461
f 5718 5676 5867
f 5867 5676 5653
f 5718 5867 5875
f 5875 5818 5718
f 5718 5818 5826
f 5542 5487 5474
f 5718 5826 5838
f 5718 5838 5739
f 5542 5500 5487
f 5500 5542 5518
f 5542 5525 5518
f 5739 5838 5777
f 5739 5777 5787
f 5761 5726 5763
f 5763 5726 5729
f 5581 5579 5575
f 5581 5575 5576
f 5577 5519 5540
f 5707 5737 5738
f 5738 5708 5707
f 5646 5668 5706
f 5706 5668 5737
f 5648 5646 5647
f 5647 5646 5625
f 5625 5646 5624
f 5625 5624 5601
f 5625 5601 5602
f 5602 5601 5574
f 5602 5574 5603
f 5603 5574 5575
f 5603 5575 5579
f 5668 5646 5648
f 5646 5703 5624
f 5706 5705 5646
f 5646 5705 5704
f 5646 5704 5703
f 5623 5667 5571
f 5572 5699 5700
f 5701 5702 5572
f 5667 5697 5572
f 5572 5697 5698
f 5701 5572 5734
f 5667 5572 5571
f 5572 5698 5699
f 5572 5702 5573
f 5571 5570 5623
f 5623 5570 5600
f 5572 5700 5734
f 5700 5706 5734
f 5734 5706 5737
f 5706 5700 5705
f 5705 5700 5699
f 5698 5704 5699
f 5699 5704 5705
f 5667 5703 5697
f 5697 5703 5698
f 5698 5703 5704
f 5623 5624 5667
f 5667 5624 5703
f 5624 5623 5600
f 5624 5600 5601
f 5601 5600 5570
f 5601 5570 5574
f 5574 5570 5571
f 5574 5571 5575
f 5572 5576 5571
f 5571 5576 5575
f 5573 5577 5572
f 5572 5577 5576
f 5734 5737 5701
f 5701 5737 5707
f 5701 5707 5702
f 5702 5707 5708
f 5626 5625 5602
f 5648 5647 5626
f 5626 5647 5625
f 5602 5603 5626
f 5626 5603 5579
f 5626 5579 5604
f 5579 5581 5605
f 5579 5605 5604
f 5689 5688 5695
f 5689 5695 5696
f 5728 5690 5689
f 5689 5690 5688
f 5691 5644 5622
f 5732 5696 5731
f 5731 5696 5695
f 5731 5695 5694
f 5644 5691 5666
f 5691 5692 5666
f 5666 5692 5693
f 5691 5622 5665
f 5644 5642 5622
f 5622 5642 5621
f 5622 5621 5596
f 5622 5596 5598
f 5598 5596 5560
f 5598 5560 5565
f 5565 5560 5561
f 5565 5561 5566
f 5642 5644 5664
f 5664 5644 5666
f 5666 5693 5664
f 5664 5693 5686
f 5686 5693 5687
f 5687 5693 5694
f 5687 5694 5695
f 5687 5695 5688
f 5568 5563 5569
f 5569 5563 5564
f 5568 5566 5561
f 5568 5561 5563
f 5561 5560 5597
f 5597 5560 5596
f 5687 5643 5642
f 5687 5642 5664
f 5664 5686 5687
f 5732 5731 5695
f 5732 5695 5696
f 5539 5517 5569
f 5695 5694 5622
f 5695 5622 5696
f 5622 5693 5665
f 5665 5693 5692
f 5665 5692 5691
f 5694 5693 5622
f 5598 5566 5622
f 5622 5566 5568
f 5622 5568 5696
f 5696 5568 5569
f 5566 5598 5565
f 5538 5564 5690
f 5690 5564 5563
f 5690 5563 5688
f 5688 5563 5687
f 5564 5538 5537
f 5561 5596 5621
f 5561 5621 5642
f 5561 5642 5643
f 5561 5643 5563
f 5563 5643 5687
f 5596 5561 5597
f 5538 5690 5728
f 5599 5566 5598
f 5645 5643 5642
f 5645 5642 5644
f 5644 5642 5621
f 5644 5621 5622
f 5598 5596 5597
f 5598 5597 5599
f 5599 5597 5561
f 5599 5561 5566
f 5567 5566 5562
f 5562 5566 5561
f 5596 5598 5561
f 5561 5598 5566
f 5981 5977 5980
f 5980 5977 5976
f 5977 5981 5976
f 5976 5981 5980
f 5974 5978 5975
f 5975 5978 5979
f 5978 5974 5979
f 5979 5974 5975
f 5983 5979 5982
f 5982 5979 5978
f 5980 5984 5981
f 5981 5984 5985
f 5984 5980 5985
f 5985 5980 5981
f 5984 5960 5961
f 5984 5961 5985
f 5960 5984 5983
f 5960 5983 5982
f 5924 5928 5948
f 5924 5948 5944
f 5943 5947 5927
f 5943 5927 5923
f 5923 5908 5943
f 5943 5908 5982
f 5983 5943 5982
f 5909 5924 5944
f 5909 5944 5985
f 5985 5944 5984
f 5984 5944 5983
f 5983 5944 5943
f 5908 5923 5909
f 5909 5923 5924
f 5982 5978 5983
f 5983 5978 5979
f 5895 5894 5897
f 5897 5894 5896
f 5897 5896 5909
f 5909 5896 5908
f 5978 5974 5958
f 5958 5974 5956
f 5959 5957 5981
f 5981 5957 5977
f 5981 5977 5959
f 5959 5977 5957
f 5961 5909 5985
f 5907 5895 5909
f 5895 5897 5909
f 5896 5894 5908
f 5894 5906 5908
f 5908 5960 5982
f 5958 5956 5978
f 5978 5956 5974
f 5982 5958 5978
f 5960 5940 5958
f 5960 5958 5982
f 5890 5904 5894
f 5894 5904 5906
f 5940 5960 5920
f 5920 5960 5908
f 5908 5906 5920
f 5942 5960 5908
f 5908 5960 5940
f 5908 5940 5920
f 5908 5922 5942
f 5945 5961 5942
f 5942 5961 5960
f 5926 5927 5946
f 5928 5924 5925
f 5929 5928 5925
f 5924 5923 5922
f 5922 5923 5927
f 5927 5926 5922
f 5929 5949 5928
f 5949 5948 5928
f 5946 5947 5942
f 5947 5943 5942
f 5942 5943 5945
f 5943 5944 5945
f 5945 5944 5948
f 5945 5948 5949
f 5927 5947 5946
f 5890 5893 5894
f 5894 5893 5895
f 5894 5895 5896
f 5896 5895 5897
f 5896 5897 5908
f 5908 5897 5909
f 5908 5909 5922
f 5922 5909 5925
f 5922 5925 5924
f 5942 5922 5946
f 5946 5922 5926
f 5961 5959 5985
f 5895 5893 5905
f 5985 5959 5981
f 5909 5961 5945
f 5921 5909 5907
f 5909 5921 5941
f 5909 5941 5961
f 5961 5941 5959
f 5907 5895 5905
f 5945 5925 5909
f 5907 5905 5893
f 5893 5895 5907
f 5929 5925 5945
f 5929 5945 5949
f 5894 5895 5890
f 5890 5895 5893
f 5891 5892 5893
f 5891 5893 5890
f 5893 5892 5890
f 5891 5890 5892
f 5888 5886 5890
f 5887 5889 5893
f 5931 5935 5911
f 5911 5935 5915
f 5936 5932 5912
f 5936 5912 5916
f 5973 5969 5968
f 5973 5968 5972
f 5972 5968 5967
f 5972 5967 5971
f 5971 5967 5966
f 5971 5966 5970
f 5967 5963 5966
f 5966 5963 5962
f 5963 5967 5968
f 5963 5968 5964
f 5969 5965 5964
f 5969 5964 5968
f 5950 5962 5963
f 5950 5963 5964
f 5950 5964 5951
f 5951 5964 5965
f 5933 5913 5932
f 5913 5912 5932
f 5911 5915 5914
f 5916 5917 5915
f 5917 5916 5912
f 5912 5913 5917
f 5910 5911 5914
f 5931 5911 5910
f 5933 5932 5937
f 5937 5932 5936
f 5936 5935 5934
f 5934 5935 5931
f 5931 5910 5930
f 5931 5930 5934
f 5950 5951 5934
f 5934 5951 5937
f 5934 5937 5936
f 5914 5915 5917
f 5914 5917 5898
f 5898 5917 5899
f 5898 5899 5884
f 5884 5899 5885
f 5965 5969 5968
f 5968 5964 5965
f 5967 5963 5964
f 5967 5964 5968
f 5963 5967 5962
f 5962 5967 5966
f 5898 5935 5962
f 5965 5936 5899
f 5899 5936 5916
f 5898 5915 5935
f 5962 5935 5963
f 5963 5935 5964
f 5964 5935 5936
f 5899 5916 5898
f 5898 5916 5915
f 5936 5965 5964
f 5899 5898 5885
f 5885 5898 5884
f 5885 5884 5887
f 5887 5884 5886
f 5884 5886 5898
f 5930 5910 5934
f 5934 5910 5914
f 5952 5954 5966
f 5966 5954 5970
f 5969 5973 5953
f 5953 5973 5955
f 5933 5937 5917
f 5933 5917 5913
f 5885 5899 5887
f 5953 5955 5969
f 5969 5955 5973
f 5966 5970 5952
f 5952 5970 5954
f 5887 5901 5899
f 5951 5965 5953
f 5953 5965 5969
f 5889 5903 5905
f 5889 5905 5893
f 5951 5953 5939
f 5951 5939 5937
f 5937 5939 5917
f 5917 5939 5919
f 5917 5919 5899
f 5899 5919 5901
f 5903 5889 5887
f 5903 5887 5901
f 5893 5905 5903
f 5893 5903 5887
f 5939 5965 5899
f 5939 5899 5919
f 5939 5953 5965
f 5962 5966 5952
f 5938 5962 5952
f 5962 5938 5898
f 5898 5938 5918
f 5902 5886 5900
f 5886 5902 5890
f 5890 5902 5904
f 5898 5918 5900
f 5918 5938 5914
f 5914 5938 5934
f 5934 5938 5950
f 5950 5938 5952
f 5950 5952 5962
f 5886 5888 5902
f 5902 5888 5904
f 5904 5888 5890
f 5900 5898 5886
f 5918 5914 5898
f 6235 6252 6234
f 6234 6252 6251
f 6248 6231 6247
f 6231 6212 6230
f 6231 6230 6247
f 6175 6174 6194
f 6229 6211 6228
f 6177 6176 6195
f 6177 6195 6196
f 6252 6250 6248
f 6231 6233 6235
f 6250 6252 6233
f 6233 6252 6235
f 6252 6248 6251
f 6251 6248 6247
f 6249 6232 6251
f 6251 6232 6234
f 6230 6232 6247
f 6247 6232 6249
f 6249 6251 6247
f 6234 6232 6233
f 6234 6233 6235
f 6016 6015 6009
f 6009 6015 6008
f 6009 6008 6016
f 6016 6008 6015
f 6051 6020 6047
f 6020 6013 6047
f 6047 6013 6012
f 6047 6012 6046
f 5986 5988 6006
f 5988 6013 6006
f 6039 6005 6006
f 6039 6006 6040
f 6040 6006 5999
f 6040 5999 6035
f 5987 5986 6007
f 6007 5986 6006
f 6036 6000 6041
f 6000 6007 6041
f 6041 6007 6008
f 6041 6008 6042
f 5989 5987 6014
f 6014 5987 6007
f 6049 6015 6014
f 6049 6014 6048
f 6014 6021 6048
f 6048 6021 6052
f 5989 6013 5988
f 6013 5989 6014
f 5994 6001 6000
f 5993 5994 5995
f 5991 5992 5999
f 6000 5999 5992
f 6000 5992 5993
f 5998 5991 5999
f 5997 5998 6005
f 6004 5997 6005
f 6011 6004 6012
f 6026 6025 6020
f 6020 6025 6019
f 6021 6028 6027
f 6002 6009 6016
f 6021 6020 6014
f 6014 6020 6013
f 6027 6026 6020
f 6027 6020 6021
f 6018 6011 6012
f 6018 6012 6019
f 6019 6012 6013
f 6004 6005 6012
f 6012 6005 6013
f 6013 6005 6006
f 5998 6006 6005
f 5998 5999 6006
f 6007 6006 5999
f 5999 6000 6007
f 6000 5993 5994
f 6001 6008 6007
f 6001 6007 6000
f 6009 6001 6002
f 6001 6009 6008
f 6008 6016 6007
f 6007 6016 6014
f 6023 6015 6016
f 6016 6015 6014
f 6002 6001 6000
f 6022 6028 6021
f 6023 6022 6021
f 6023 6021 6015
f 6015 6021 6014
f 6019 6013 6020
f 6090 6068 6065
f 6116 6134 6133
f 6119 6139 6122
f 6119 6137 6139
f 6137 6119 6138
f 6120 6154 6119
f 6119 6154 6138
f 6132 6148 6120
f 6120 6148 6154
f 6132 6169 6148
f 6133 6170 6132
f 6132 6170 6169
f 6150 6171 6134
f 6170 6133 6171
f 6171 6133 6134
f 6056 6055 6030
f 5993 6057 5992
f 5992 6057 6056
f 5992 6056 6030
f 5992 6030 5991
f 5991 6030 6034
f 5991 6034 5998
f 6033 5997 5998
f 5997 6033 6061
f 5997 6033 6038
f 5997 6038 6004
f 6068 6045 6038
f 6004 6038 6045
f 6004 6045 6011
f 6090 6087 6105
f 6124 6107 6105
f 6105 6107 6090
f 6083 6102 6087
f 6087 6102 6105
f 6101 6116 6100
f 6100 6116 6133
f 6122 6124 6105
f 6122 6105 6119
f 6119 6105 6102
f 6119 6102 6083
f 6119 6083 6120
f 6120 6083 6084
f 6120 6084 6103
f 6120 6103 6132
f 6132 6103 6099
f 6132 6099 6133
f 6133 6099 6100
f 6062 6034 6055
f 6055 6034 6030
f 6065 6068 6038
f 6065 6038 6061
f 6061 6038 6033
f 6083 6061 6062
f 6062 6061 6033
f 6062 6033 6034
f 6034 6033 5998
f 6057 6101 6056
f 6056 6101 6100
f 6056 6100 6055
f 6055 6100 6099
f 6055 6099 6062
f 6062 6099 6103
f 6062 6103 6083
f 6083 6103 6084
f 6083 6084 6061
f 6061 6083 6065
f 6065 6083 6087
f 6065 6087 6090
f 6152 6136 6135
f 6151 6172 6152
f 6151 6135 6134
f 6151 6134 6150
f 6152 6135 6151
f 6057 5993 6031
f 6058 5994 5993
f 6058 5993 6057
f 6032 5995 5994
f 6032 5994 6059
f 6059 5994 6058
f 6135 6136 6118
f 6082 6081 6118
f 6118 6081 6135
f 6101 6134 6080
f 6080 6134 6081
f 6081 6058 6057
f 6081 6057 6080
f 6082 6059 6081
f 6081 6059 6058
f 6134 6135 6081
f 6063 6002 6059
f 6059 6002 5995
f 6063 6037 6002
f 6197 6178 6156
f 6193 6197 6156
f 6173 6193 6152
f 6152 6193 6156
f 6172 6173 6152
f 5995 6032 6059
f 6121 6104 6063
f 6121 6063 6118
f 6118 6063 6059
f 6118 6059 6082
f 6156 6121 6152
f 6152 6121 6118
f 6152 6118 6136
f 6085 6063 6104
f 6043 6002 6037
f 6043 6009 6002
f 6009 6043 6066
f 6066 6088 6106
f 6063 6085 6088
f 6088 6085 6104
f 6088 6104 6123
f 6088 6043 6063
f 6063 6043 6037
f 6066 6043 6088
f 6197 6198 6178
f 6178 6198 6180
f 6178 6180 6158
f 6178 6158 6156
f 6104 6121 6123
f 6123 6121 6156
f 6158 6123 6156
f 6180 6198 6158
f 6123 6106 6088
f 6138 6132 6137
f 6138 6148 6132
f 6169 6170 6148
f 6148 6170 6149
f 6149 6170 6150
f 6170 6171 6150
f 6171 6172 6150
f 6150 6172 6151
f 6172 6192 6193
f 6172 6193 6173
f 6080 6057 6056
f 6010 6064 6003
f 6003 6064 6060
f 6003 6060 5996
f 5996 6060 6061
f 5996 6061 5997
f 6055 5991 6061
f 6061 5991 5997
f 5991 6055 5992
f 5992 6055 6056
f 6056 6057 6031
f 6056 6031 5992
f 5992 6031 5993
f 6100 6149 6150
f 6150 6134 6100
f 6100 6134 6101
f 6100 6101 6080
f 6099 6148 6100
f 6100 6148 6149
f 6148 6099 6132
f 6115 6119 6137
f 6115 6137 6132
f 6107 6105 6089
f 6089 6105 6086
f 6089 6086 6067
f 6010 6044 6064
f 6064 6044 6067
f 6132 6099 6115
f 6115 6099 6079
f 6115 6079 6119
f 6119 6079 6083
f 6086 6105 6087
f 6087 6105 6083
f 6083 6105 6119
f 6056 6100 6080
f 6067 6086 6064
f 6064 6086 6087
f 6064 6087 6060
f 6060 6087 6083
f 6060 6083 6061
f 6061 6083 6079
f 6061 6079 6055
f 6055 6079 6099
f 6018 6024 6025
f 6072 6093 6111
f 6111 6093 6128
f 6128 6143 6163
f 6050 6053 6023
f 6050 6023 6016
f 6097 6098 6131
f 6147 6146 6131
f 6029 6078 6077
f 6029 6077 6028
f 6076 6027 6028
f 6076 6028 6077
f 6096 6145 6114
f 6097 6077 6078
f 6097 6078 6098
f 6077 6097 6076
f 6076 6097 6096
f 6097 6146 6096
f 6096 6146 6145
f 6131 6146 6097
f 6190 6189 6168
f 6206 6190 6168
f 6203 6206 6163
f 6163 6206 6168
f 6185 6203 6163
f 6111 6128 6072
f 6023 6053 6072
f 6023 6072 6078
f 6023 6078 6029
f 6072 6128 6078
f 6078 6128 6131
f 6078 6131 6098
f 6128 6163 6131
f 6131 6163 6168
f 6131 6168 6147
f 6168 6167 6147
f 6167 6146 6147
f 6166 6145 6167
f 6167 6145 6146
f 6168 6189 6167
f 6113 6114 6145
f 6113 6145 6166
f 6075 6076 6096
f 6027 6076 6075
f 6075 6026 6027
f 6025 6026 6075
f 6075 6074 6025
f 6073 6018 6074
f 6074 6018 6025
f 6018 6073 6071
f 6018 6071 6017
f 6017 6071 6070
f 6017 6070 6010
f 6010 6070 6067
f 6010 6067 6044
f 6107 6126 6124
f 6144 6126 6129
f 6112 6144 6129
f 6144 6112 6164
f 6164 6112 6113
f 6164 6113 6165
f 6126 6092 6129
f 6129 6092 6094
f 6129 6094 6112
f 6107 6089 6090
f 6107 6090 6126
f 6126 6090 6092
f 6166 6165 6113
f 6113 6075 6096
f 6113 6096 6114
f 6075 6113 6074
f 6074 6113 6112
f 6074 6112 6073
f 6073 6112 6094
f 6073 6094 6071
f 6071 6094 6092
f 6071 6092 6070
f 6070 6092 6067
f 6067 6092 6090
f 6067 6090 6089
f 6069 6091 6050
f 6072 6091 6093
f 6072 6053 6050
f 6072 6050 6091
f 6126 6141 6140
f 6126 6140 6124
f 6144 6164 6141
f 6187 6186 6164
f 6164 6165 6187
f 6188 6187 6165
f 6205 6190 6206
f 6190 6205 6189
f 6091 6108 6125
f 6200 6203 6185
f 6200 6185 6181
f 6185 6160 6181
f 6181 6160 6200
f 6091 6125 6128
f 6091 6128 6093
f 6185 6163 6160
f 6160 6163 6143
f 6125 6160 6143
f 6125 6143 6128
f 6188 6165 6166
f 6166 6167 6188
f 6188 6167 6189
f 6126 6144 6141
f 6050 6016 6069
f 6091 6069 6108
f 6163 6203 6200
f 6200 6160 6163
f 6146 6167 6168
f 6168 6167 6205
f 6168 6205 6206
f 6097 6130 6131
f 6053 6023 6029
f 6053 6029 6054
f 6125 6108 6069
f 6078 6097 6131
f 6078 6131 6072
f 6131 6128 6072
f 6072 6053 6054
f 6072 6054 6078
f 6078 6054 6077
f 6125 6069 6128
f 6128 6069 6072
f 6069 6050 6072
f 6163 6160 6125
f 6163 6125 6128
f 6163 6128 6168
f 6168 6128 6131
f 6168 6131 6146
f 6146 6131 6130
f 6010 6011 6017
f 6017 6011 6018
f 6019 6025 6018
f 5991 5990 5997
f 6003 5996 5997
f 6011 6010 6004
f 6004 6010 6003
f 5997 6004 6003
f 5998 5997 5991
f 6198 6197 6158
f 6117 6118 6135
f 6152 6193 6192
f 6152 6192 6151
f 6158 6197 6156
f 6106 6123 6066
f 6032 5995 6002
f 6032 6002 6037
f 6066 6063 6043
f 6117 6081 6118
f 6118 6081 6059
f 6118 6059 6121
f 6121 6059 6063
f 6059 6058 6032
f 6059 6032 6063
f 6063 6032 6037
f 6066 6123 6063
f 6063 6123 6121
f 6123 6158 6121
f 6121 6158 6156
f 6121 6156 6118
f 6118 6156 6152
f 6118 6152 6135
f 6215 6216 6199
f 6199 6216 6200
f 6192 6197 6193
f 6150 6171 6149
f 6149 6171 6170
f 6192 6193 6210
f 6192 6210 6209
f 6210 6193 6197
f 6197 6213 6210
f 6141 6110 6109
f 6142 6127 6141
f 6110 6141 6127
f 6142 6162 6182
f 6001 5992 5993
f 6028 6027 6022
f 6022 6027 6026
f 6001 5993 5994
f 5995 6002 6001
f 5995 6001 5994
f 6018 6011 5997
f 5997 6011 6004
f 5998 5991 6001
f 6001 5991 5992
f 6023 6029 6022
f 6022 6029 6028
f 6022 6026 6025
f 6022 6025 6019
f 6219 6203 6216
f 6216 6203 6200
f 6223 6206 6219
f 6219 6206 6203
f 6206 6223 6222
f 6206 6222 6205
f 6200 6198 6216
f 6216 6198 6214
f 6197 6213 6198
f 6198 6213 6214
f 6198 6200 6158
f 6158 6200 6160
f 6158 6160 6123
f 6123 6160 6125
f 6123 6125 6106
f 6106 6125 6091
f 6106 6091 6066
f 6066 6091 6069
f 6066 6069 6050
f 6066 6050 6043
f 6043 6050 6016
f 6043 6016 6009
f 6122 6124 6139
f 6153 6138 6137
f 6153 6154 6138
f 6142 6162 6161
f 6142 6161 6141
f 6139 6124 6140
f 6159 6139 6140
f 6137 6157 6153
f 6164 6186 6182
f 6137 6139 6157
f 6157 6139 6159
f 6159 6140 6141
f 6164 6182 6162
f 6159 6141 6162
f 6162 6141 6161
f 6157 6154 6153
f 6174 6148 6154
f 6148 6174 6169
f 6215 6219 6216
f 6222 6223 6218
f 6218 6223 6215
f 6215 6223 6219
f 6214 6200 6216
f 6197 6200 6213
f 6213 6200 6214
f 6162 6141 6142
f 6162 6142 6164
f 6154 6138 6148
f 6208 6191 6207
f 6170 6169 6208
f 6208 6169 6191
f 6208 6171 6170
f 6208 6192 6171
f 6208 6209 6192
f 6226 6227 6208
f 6208 6227 6209
f 6208 6225 6226
f 6208 6224 6225
f 6208 6207 6224
f 6192 6172 6171
f 6209 6196 6192
f 6209 6212 6196
f 6227 6231 6209
f 6209 6231 6212
f 6226 6230 6231
f 6226 6231 6227
f 6230 6226 6247
f 6247 6226 6245
f 6247 6245 6244
f 6247 6244 6246
f 6246 6244 6225
f 6246 6225 6229
f 6229 6225 6228
f 6228 6225 6224
f 6228 6224 6207
f 6228 6207 6211
f 6211 6207 6194
f 6194 6207 6191
f 6194 6191 6174
f 6174 6191 6169
f 6170 6174 6169
f 6170 6175 6174
f 6192 6196 6177
f 6192 6177 6172
f 6172 6177 6176
f 6172 6176 6171
f 6171 6176 6175
f 6171 6175 6170
f 6245 6226 6225
f 6245 6225 6244
f 6159 6162 6157
f 6157 6162 6182
f 6157 6182 6179
f 6157 6179 6154
f 6154 6179 6174
f 6175 6155 6174
f 6154 6174 6155
f 6174 6179 6182
f 6174 6182 6194
f 6194 6182 6201
f 6217 6211 6201
f 6201 6211 6194
f 6236 6228 6217
f 6217 6228 6211
f 6253 6246 6237
f 6237 6246 6229
f 6237 6229 6236
f 6236 6229 6228
f 6238 6230 6254
f 6254 6230 6247
f 6254 6247 6253
f 6253 6247 6246
f 6239 6231 6238
f 6238 6231 6230
f 6218 6212 6239
f 6239 6212 6231
f 6202 6196 6218
f 6218 6196 6212
f 6183 6187 6182
f 6182 6187 6186
f 6182 6186 6204
f 6182 6204 6201
f 6201 6204 6220
f 6201 6220 6217
f 6217 6220 6240
f 6217 6240 6236
f 6236 6240 6241
f 6236 6241 6237
f 6237 6241 6255
f 6237 6255 6253
f 6253 6255 6256
f 6253 6256 6254
f 6254 6256 6242
f 6254 6242 6238
f 6238 6242 6243
f 6238 6243 6239
f 6239 6243 6222
f 6239 6222 6218
f 6218 6222 6205
f 6218 6205 6202
f 6255 6241 6242
f 6255 6242 6256
f 6202 6205 6189
f 6202 6189 6184
f 6165 6095 6189
f 6189 6095 6096
f 6189 6096 6097
f 6189 6188 6165
f 6240 6220 6241
f 6242 6222 6243
f 6188 6189 6205
f 6187 6204 6186
f 6221 6205 6222
f 6188 6205 6221
f 6221 6187 6188
f 6204 6187 6221
f 6221 6220 6204
f 6241 6220 6221
f 6221 6242 6241
f 6222 6242 6221
f 6001 6016 5998
f 5998 6016 6023
f 6023 6022 5998
f 5998 6022 6019
f 6001 6002 6016
f 5997 5998 6018
f 6018 5998 6019
f 6468 6467 6466
f 6466 6467 6461
f 6466 6461 6460
f 6460 6461 6459
f 6460 6459 6454
f 6454 6459 6445
f 6454 6445 6440
f 6440 6445 6415
f 6440 6415 6411
f 6411 6415 6421
f 6411 6421 6416
f 6416 6421 6427
f 6416 6427 6422
f 6422 6427 6433
f 6422 6433 6428
f 6428 6433 6449
f 6428 6449 6448
f 6448 6449 6465
f 6448 6465 6464
f 6464 6465 6463
f 6464 6463 6462
f 6462 6463 6469
f 6462 6469 6468
f 6468 6469 6467
f 6427 6421 6447
f 6447 6449 6433
f 6447 6433 6427
f 6447 6465 6449
f 6447 6463 6465
f 6447 6469 6463
f 6461 6467 6447
f 6447 6467 6469
f 6447 6459 6461
f 6447 6445 6459
f 6421 6415 6447
f 6447 6415 6445
f 6422 6446 6416
f 6446 6440 6411
f 6446 6411 6416
f 6446 6454 6440
f 6446 6460 6454
f 6468 6466 6446
f 6446 6466 6460
f 6462 6468 6446
f 6446 6464 6462
f 6446 6448 6464
f 6422 6428 6446
f 6446 6428 6448
f 6291 6314 6313
f 6313 6290 6291
f 6291 6309 6314
f 6260 6266 6265
f 6266 6260 6261
f 6266 6261 6262
f 6266 6262 6267
f 6309 6310 6291
f 6292 6291 6310
f 6414 6444 6415
f 6415 6444 6445
f 6394 6421 6398
f 6398 6421 6427
f 6402 6432 6406
f 6406 6432 6431
f 6406 6431 6435
f 6406 6435 6405
f 6459 6445 6458
f 6445 6444 6458
f 6458 6444 6439
f 6458 6439 6453
f 6453 6439 6452
f 6452 6439 6438
f 6438 6409 6385
f 6260 6271 6272
f 6260 6272 6261
f 6261 6272 6262
f 6272 6273 6262
f 6275 6267 6262
f 6275 6262 6273
f 6285 6304 6287
f 6287 6304 6306
f 6292 6310 6309
f 6292 6309 6291
f 6335 6313 6314
f 6335 6314 6336
f 6398 6397 6394
f 6394 6397 6393
f 6394 6393 6421
f 6421 6393 6420
f 6427 6426 6397
f 6427 6397 6398
f 6402 6406 6401
f 6405 6401 6406
f 6414 6415 6420
f 6420 6415 6421
f 6442 6445 6443
f 6415 6445 6413
f 6413 6445 6442
f 6421 6415 6418
f 6418 6415 6413
f 6419 6421 6418
f 6421 6419 6427
f 6427 6419 6425
f 6424 6427 6425
f 6424 6426 6427
f 6426 6424 6430
f 6426 6430 6432
f 6432 6430 6431
f 6432 6431 6435
f 6458 6453 6456
f 6456 6453 6452
f 6457 6459 6458
f 6457 6458 6456
f 6457 6443 6459
f 6459 6443 6445
f 6301 6302 6283
f 6364 6386 6389
f 6364 6389 6367
f 6363 6385 6364
f 6364 6385 6386
f 6280 6272 6279
f 6279 6272 6271
f 6273 6272 6280
f 6281 6273 6280
f 6281 6275 6273
f 6322 6283 6302
f 6285 6283 6322
f 6324 6285 6322
f 6324 6304 6285
f 6328 6304 6324
f 6287 6306 6328
f 6328 6306 6304
f 6327 6287 6328
f 6292 6287 6327
f 6292 6331 6291
f 6331 6292 6327
f 6331 6309 6291
f 6336 6314 6331
f 6331 6314 6309
f 6402 6426 6432
f 6371 6393 6397
f 6371 6397 6375
f 6367 6389 6371
f 6371 6389 6393
f 6322 6302 6321
f 6343 6322 6321
f 6343 6321 6340
f 6321 6302 6301
f 6301 6297 6318
f 6317 6339 6318
f 6318 6339 6340
f 6318 6297 6317
f 6317 6297 6296
f 6321 6301 6318
f 6321 6318 6340
f 6279 6296 6280
f 6280 6296 6297
f 6280 6297 6301
f 6280 6301 6281
f 6281 6301 6283
f 6281 6283 6275
f 6355 6360 6331
f 6355 6331 6351
f 6322 6343 6344
f 6322 6344 6324
f 6324 6344 6348
f 6324 6348 6347
f 6324 6347 6327
f 6327 6347 6351
f 6327 6351 6331
f 6359 6335 6360
f 6360 6335 6336
f 6360 6336 6331
f 6327 6328 6324
f 6378 6402 6382
f 6382 6402 6381
f 6381 6402 6401
f 6381 6401 6405
f 6378 6375 6402
f 6375 6397 6402
f 6402 6397 6426
f 6381 6359 6382
f 6382 6359 6360
f 6382 6360 6378
f 6378 6360 6355
f 6378 6355 6375
f 6375 6355 6351
f 6375 6351 6397
f 6339 6363 6340
f 6340 6363 6364
f 6340 6364 6343
f 6343 6364 6367
f 6343 6367 6344
f 6344 6367 6348
f 6348 6367 6371
f 6348 6371 6347
f 6347 6371 6351
f 6351 6371 6375
f 6279 6271 6296
f 6420 6393 6389
f 6414 6420 6389
f 6385 6409 6410
f 6414 6389 6410
f 6410 6389 6386
f 6410 6386 6385
f 6444 6414 6439
f 6439 6414 6410
f 6439 6410 6438
f 6438 6410 6409
f 6313 6312 6290
f 6312 6311 6290
f 6290 6311 6289
f 6289 6311 6308
f 6258 6259 6264
f 6264 6259 6265
f 6265 6259 6260
f 6264 6263 6257
f 6264 6257 6258
f 6307 6308 6288
f 6288 6308 6289
f 6441 6412 6440
f 6440 6412 6411
f 6450 6436 6455
f 6455 6436 6441
f 6436 6450 6451
f 6436 6451 6437
f 6438 6408 6437
f 6438 6437 6452
f 6452 6437 6451
f 6408 6438 6384
f 6384 6438 6385
f 6384 6385 6363
f 6384 6363 6362
f 6362 6363 6339
f 6362 6339 6338
f 6271 6295 6296
f 6296 6295 6316
f 6296 6316 6317
f 6317 6316 6339
f 6339 6316 6338
f 6271 6270 6295
f 6270 6259 6258
f 6270 6258 6269
f 6257 6268 6269
f 6257 6269 6258
f 6303 6284 6286
f 6286 6305 6303
f 6312 6334 6311
f 6311 6334 6333
f 6334 6312 6313
f 6334 6313 6335
f 6268 6257 6263
f 6268 6263 6274
f 6259 6270 6271
f 6259 6271 6260
f 6455 6441 6440
f 6455 6440 6454
f 6395 6422 6416
f 6395 6416 6391
f 6429 6399 6403
f 6429 6403 6430
f 6430 6403 6434
f 6434 6403 6404
f 6404 6405 6434
f 6434 6405 6435
f 6411 6412 6416
f 6416 6412 6417
f 6416 6417 6391
f 6417 6392 6391
f 6391 6392 6395
f 6392 6396 6395
f 6395 6396 6422
f 6422 6396 6423
f 6403 6399 6400
f 6403 6400 6404
f 6404 6400 6405
f 6405 6400 6401
f 6440 6411 6413
f 6429 6430 6423
f 6423 6430 6424
f 6424 6422 6423
f 6425 6422 6424
f 6419 6416 6425
f 6425 6416 6422
f 6416 6419 6418
f 6413 6411 6418
f 6418 6411 6416
f 6442 6440 6413
f 6443 6440 6442
f 6430 6434 6431
f 6431 6434 6435
f 6455 6454 6457
f 6456 6452 6451
f 6456 6451 6450
f 6450 6455 6456
f 6456 6455 6457
f 6443 6457 6454
f 6440 6443 6454
f 6359 6381 6380
f 6392 6370 6396
f 6396 6370 6374
f 6399 6423 6396
f 6405 6404 6381
f 6330 6308 6311
f 6330 6311 6333
f 6289 6308 6330
f 6330 6288 6289
f 6288 6330 6326
f 6288 6326 6286
f 6286 6326 6325
f 6305 6286 6325
f 6323 6303 6325
f 6325 6303 6305
f 6282 6284 6299
f 6299 6284 6303
f 6268 6274 6276
f 6276 6274 6282
f 6277 6268 6276
f 6269 6268 6277
f 6278 6270 6269
f 6384 6362 6361
f 6361 6383 6384
f 6366 6388 6361
f 6361 6388 6383
f 6357 6354 6330
f 6350 6330 6354
f 6335 6359 6334
f 6334 6359 6358
f 6334 6358 6333
f 6333 6358 6357
f 6333 6357 6330
f 6350 6326 6330
f 6325 6326 6350
f 6325 6350 6323
f 6323 6350 6346
f 6341 6319 6345
f 6345 6319 6323
f 6345 6323 6346
f 6319 6341 6342
f 6319 6342 6320
f 6320 6342 6315
f 6315 6342 6337
f 6319 6299 6323
f 6323 6299 6303
f 6320 6299 6319
f 6294 6277 6300
f 6300 6277 6276
f 6300 6276 6282
f 6300 6282 6299
f 6269 6277 6278
f 6278 6277 6294
f 6278 6294 6295
f 6295 6294 6315
f 6295 6315 6316
f 6316 6315 6337
f 6316 6337 6338
f 6315 6294 6320
f 6320 6294 6300
f 6320 6300 6299
f 6362 6338 6361
f 6361 6338 6337
f 6361 6337 6366
f 6366 6337 6342
f 6366 6342 6341
f 6381 6404 6380
f 6380 6404 6400
f 6380 6400 6379
f 6379 6400 6399
f 6379 6399 6377
f 6396 6374 6399
f 6358 6359 6380
f 6358 6380 6357
f 6357 6380 6379
f 6357 6379 6354
f 6354 6379 6377
f 6354 6377 6350
f 6429 6423 6399
f 6377 6399 6374
f 6377 6374 6350
f 6350 6374 6346
f 6346 6374 6370
f 6346 6370 6345
f 6345 6370 6392
f 6345 6392 6341
f 6341 6392 6388
f 6341 6388 6366
f 6270 6278 6295
f 6388 6417 6412
f 6392 6417 6388
f 6408 6384 6383
f 6388 6412 6383
f 6383 6412 6407
f 6383 6407 6408
f 6412 6441 6407
f 6407 6441 6436
f 6407 6436 6408
f 6408 6436 6437
f 6288 6287 6292
f 6292 6291 6290
f 6292 6290 6288
f 6288 6290 6289
f 6263 6264 6274
f 6274 6264 6265
f 6266 6267 6275
f 6266 6275 6265
f 6265 6275 6274
f 6283 6282 6275
f 6275 6282 6274
f 6285 6284 6282
f 6285 6282 6283
f 6287 6286 6285
f 6285 6286 6284
f 6286 6287 6288
f 6368 6389 6390
f 6389 6368 6367
f 6367 6386 6389
f 6328 6306 6324
f 6324 6306 6304
f 6328 6292 6287
f 6309 6310 6331
f 6331 6310 6332
f 6332 6310 6292
f 6398 6376 6394
f 6394 6376 6372
f 6368 6390 6372
f 6372 6390 6394
f 6386 6367 6364
f 6364 6367 6340
f 6318 6343 6322
f 6298 6318 6302
f 6302 6318 6322
f 6281 6298 6283
f 6283 6298 6302
f 6280 6297 6281
f 6359 6358 6335
f 6359 6335 6336
f 6359 6336 6360
f 6324 6348 6328
f 6328 6348 6352
f 6405 6381 6406
f 6406 6381 6382
f 6406 6382 6402
f 6332 6328 6352
f 6332 6352 6356
f 6356 6352 6376
f 6356 6376 6378
f 6378 6376 6402
f 6328 6332 6292
f 6378 6355 6356
f 6356 6355 6331
f 6356 6331 6332
f 6281 6297 6298
f 6298 6297 6318
f 6318 6340 6343
f 6343 6340 6367
f 6344 6367 6368
f 6344 6368 6348
f 6348 6368 6372
f 6348 6372 6352
f 6352 6372 6376
f 6352 6376 6398
f 6376 6398 6402
f 6402 6398 6427
f 6402 6427 6426
f 6390 6415 6421
f 6390 6421 6394
f 6415 6390 6414
f 6414 6390 6389
f 6414 6389 6386
f 6414 6386 6410
f 6410 6386 6409
f 6409 6386 6385
f 6373 6395 6369
f 6369 6395 6391
f 6399 6423 6395
f 6395 6423 6422
f 6330 6307 6308
f 6329 6288 6330
f 6330 6288 6307
f 6325 6286 6329
f 6329 6286 6288
f 6276 6268 6282
f 6282 6268 6274
f 6366 6388 6383
f 6366 6383 6361
f 6365 6388 6366
f 6365 6387 6388
f 6358 6334 6335
f 6349 6325 6353
f 6353 6325 6329
f 6353 6329 6354
f 6354 6329 6330
f 6345 6323 6349
f 6349 6323 6325
f 6342 6315 6319
f 6315 6294 6293
f 6315 6293 6319
f 6319 6293 6299
f 6294 6277 6276
f 6294 6276 6293
f 6293 6276 6299
f 6299 6276 6282
f 6366 6342 6365
f 6365 6342 6341
f 6380 6404 6379
f 6379 6404 6403
f 6379 6403 6377
f 6377 6403 6399
f 6377 6399 6373
f 6373 6399 6395
f 6354 6377 6353
f 6353 6377 6373
f 6353 6373 6349
f 6349 6373 6345
f 6345 6373 6369
f 6345 6369 6391
f 6345 6391 6341
f 6341 6391 6387
f 6341 6387 6365
f 6416 6411 6387
f 6387 6391 6416
f 6411 6412 6441
f 6387 6411 6388
f 6388 6411 6412
f 6383 6407 6384
f 6384 6407 6408
f 6584 6582 6583
f 6584 6583 6607
f 6607 6606 6581
f 6607 6581 6584
f 6584 6585 6582
f 6606 6607 6628
f 6628 6607 6629
f 6628 6629 6646
f 6646 6629 6647
f 6646 6647 6664
f 6664 6680 6679
f 6679 6663 6664
f 6664 6663 6646
f 6696 6695 6678
f 6678 6695 6677
f 6677 6679 6678
f 6678 6679 6680
f 6706 6705 6690
f 6690 6705 6689
f 6687 6688 6703
f 6703 6688 6704
f 6688 6687 6671
f 6688 6671 6672
f 6705 6718 6704
f 6704 6726 6725
f 6704 6725 6721
f 6704 6724 6728
f 6728 6727 6704
f 6704 6721 6716
f 6690 6689 6673
f 6690 6673 6674
f 6718 6717 6704
f 6704 6717 6724
f 6704 6727 6726
f 6716 6715 6704
f 6622 6623 6641
f 6622 6641 6640
f 6656 6672 6671
f 6674 6673 6657
f 6674 6657 6658
f 6658 6657 6640
f 6658 6640 6641
f 6671 6655 6656
f 6656 6655 6639
f 6639 6655 6638
f 6639 6638 6617
f 6617 6638 6616
f 6707 6708 6705
f 6707 6705 6704
f 6708 6707 6693
f 6693 6707 6692
f 6693 6692 6694
f 6694 6692 6696
f 6696 6692 6691
f 6696 6691 6695
f 6588 6596 6595
f 6588 6595 6587
f 6565 6564 6556
f 6557 6565 6556
f 6558 6559 6566
f 6566 6559 6567
f 6591 6592 6598
f 6591 6598 6597
f 6587 6507 6588
f 6588 6507 6508
f 6588 6508 6596
f 6596 6508 6516
f 6596 6516 6595
f 6595 6516 6515
f 6595 6515 6587
f 6587 6515 6507
f 6596 6556 6588
f 6619 6557 6596
f 6596 6557 6556
f 6619 6565 6557
f 6619 6620 6565
f 6565 6620 6566
f 6620 6558 6566
f 6597 6559 6620
f 6620 6559 6558
f 6591 6559 6597
f 6591 6511 6592
f 6592 6511 6512
f 6592 6512 6598
f 6598 6512 6518
f 6598 6518 6597
f 6597 6518 6517
f 6597 6517 6591
f 6591 6517 6511
f 6560 6559 6517
f 6560 6517 6518
f 6567 6564 6566
f 6566 6564 6565
f 6516 6556 6555
f 6516 6555 6515
f 6521 6528 6527
f 6522 6528 6521
f 6523 6524 6530
f 6529 6523 6530
f 6573 6529 6574
f 6574 6529 6530
f 6571 6527 6572
f 6572 6527 6528
f 6556 6516 6508
f 6556 6508 6588
f 6596 6588 6610
f 6618 6596 6610
f 6619 6596 6618
f 6619 6618 6611
f 6611 6618 6610
f 6589 6611 6610
f 6588 6589 6610
f 6589 6590 6611
f 6611 6590 6612
f 6611 6612 6619
f 6619 6612 6620
f 6597 6620 6621
f 6621 6620 6613
f 6613 6620 6612
f 6597 6621 6613
f 6591 6597 6613
f 6591 6613 6612
f 6591 6612 6590
f 6517 6559 6511
f 6511 6559 6591
f 6568 6567 6559
f 6568 6559 6560
f 6555 6556 6563
f 6563 6556 6564
f 6563 6564 6568
f 6568 6564 6567
f 6577 6533 6571
f 6571 6533 6527
f 6563 6521 6527
f 6563 6527 6571
f 6522 6521 6564
f 6564 6521 6563
f 6572 6528 6522
f 6572 6522 6564
f 6567 6523 6529
f 6567 6529 6573
f 6524 6523 6568
f 6568 6523 6567
f 6574 6530 6524
f 6574 6524 6568
f 6530 6534 6578
f 6530 6578 6574
f 6534 6533 6578
f 6578 6533 6577
f 6577 6571 6572
f 6574 6578 6573
f 6577 6572 6573
f 6577 6573 6578
f 6540 6539 6534
f 6534 6539 6538
f 6534 6538 6533
f 6533 6538 6537
f 6497 6483 6555
f 6497 6555 6563
f 6497 6563 6501
f 6497 6515 6483
f 6483 6515 6555
f 6475 6497 6483
f 6475 6491 6497
f 6491 6475 6507
f 6476 6508 6475
f 6475 6508 6507
f 6588 6508 6476
f 6588 6476 6589
f 6589 6476 6477
f 6477 6478 6589
f 6589 6478 6590
f 6479 6511 6591
f 6479 6591 6478
f 6478 6591 6590
f 6484 6498 6480
f 6480 6498 6494
f 6494 6512 6480
f 6480 6512 6479
f 6479 6512 6511
f 6498 6484 6518
f 6518 6484 6560
f 6568 6560 6502
f 6502 6560 6498
f 6498 6560 6484
f 6501 6563 6521
f 6527 6501 6521
f 6568 6502 6524
f 6502 6530 6524
f 6530 6531 6534
f 6534 6531 6535
f 6531 6530 6575
f 6575 6530 6574
f 6526 6527 6533
f 6526 6533 6532
f 6568 6569 6574
f 6574 6569 6575
f 6527 6526 6570
f 6527 6570 6571
f 6562 6563 6571
f 6562 6571 6570
f 6564 6567 6572
f 6567 6573 6572
f 6527 6526 6520
f 6527 6520 6501
f 6520 6500 6501
f 6501 6500 6497
f 6497 6500 6482
f 6497 6482 6483
f 6473 6479 6478
f 6473 6478 6472
f 6470 6471 6477
f 6470 6477 6476
f 6483 6482 6475
f 6485 6484 6480
f 6485 6480 6481
f 6477 6471 6478
f 6478 6471 6472
f 6475 6482 6474
f 6498 6484 6485
f 6498 6485 6502
f 6502 6485 6503
f 6531 6530 6525
f 6525 6530 6502
f 6525 6502 6503
f 6525 6524 6531
f 6531 6524 6530
f 6521 6563 6520
f 6520 6563 6562
f 6526 6527 6521
f 6526 6521 6520
f 6532 6533 6527
f 6532 6527 6526
f 6507 6515 6506
f 6506 6515 6514
f 6497 6514 6515
f 6497 6496 6514
f 6496 6497 6490
f 6497 6491 6490
f 6498 6495 6494
f 6495 6498 6499
f 6518 6499 6498
f 6518 6519 6499
f 6518 6513 6519
f 6518 6512 6513
f 6568 6524 6569
f 6569 6524 6525
f 6533 6537 6536
f 6537 6538 6536
f 6533 6536 6532
f 6532 6576 6570
f 6570 6576 6602
f 6526 6532 6570
f 6570 6602 6600
f 6600 6562 6570
f 6600 6602 6626
f 6594 6600 6616
f 6616 6600 6624
f 6626 6624 6600
f 6625 6601 6623
f 6599 6623 6601
f 6601 6625 6627
f 6601 6627 6603
f 6535 6531 6575
f 6603 6579 6575
f 6575 6569 6601
f 6535 6575 6579
f 6601 6603 6575
f 6541 6539 6540
f 6541 6534 6535
f 6540 6534 6541
f 6642 6644 6659
f 6677 6675 6659
f 6616 6624 6642
f 6642 6624 6626
f 6639 6617 6616
f 6639 6638 6656
f 6656 6638 6655
f 6661 6677 6659
f 6626 6644 6661
f 6642 6626 6644
f 6644 6626 6659
f 6659 6626 6661
f 6707 6704 6688
f 6692 6707 6688
f 6692 6688 6672
f 6672 6656 6675
f 6672 6675 6692
f 6692 6675 6691
f 6639 6616 6638
f 6638 6616 6642
f 6638 6642 6655
f 6655 6642 6659
f 6655 6659 6656
f 6656 6659 6675
f 6691 6675 6677
f 6691 6677 6695
f 6688 6687 6704
f 6699 6700 6684
f 6728 6724 6723
f 6728 6723 6727
f 6721 6725 6722
f 6722 6725 6726
f 6703 6704 6687
f 6705 6702 6714
f 6705 6714 6718
f 6689 6686 6702
f 6705 6689 6702
f 6700 6712 6713
f 6713 6701 6700
f 6684 6700 6701
f 6711 6699 6710
f 6710 6699 6698
f 6699 6711 6700
f 6700 6711 6712
f 6683 6699 6684
f 6682 6698 6683
f 6683 6698 6699
f 6716 6709 6715
f 6715 6709 6697
f 6715 6697 6704
f 6722 6726 6723
f 6723 6726 6727
f 6718 6714 6717
f 6717 6714 6713
f 6717 6713 6723
f 6723 6713 6712
f 6723 6712 6720
f 6723 6720 6722
f 6722 6720 6719
f 6722 6719 6711
f 6722 6711 6716
f 6716 6711 6710
f 6716 6710 6709
f 6702 6701 6713
f 6710 6698 6697
f 6714 6702 6713
f 6720 6712 6719
f 6719 6712 6711
f 6709 6710 6697
f 6724 6717 6723
f 6721 6722 6716
f 6704 6697 6688
f 6688 6697 6681
f 6701 6685 6684
f 6686 6685 6702
f 6702 6685 6701
f 6697 6698 6681
f 6681 6698 6682
f 6666 6650 6649
f 6669 6653 6652
f 6500 6496 6482
f 6499 6503 6485
f 6600 6594 6562
f 6554 6507 6506
f 6554 6506 6514
f 6546 6547 6507
f 6512 6552 6553
f 6512 6553 6513
f 6553 6519 6513
f 6487 6488 6472
f 6472 6488 6473
f 6473 6488 6489
f 6473 6489 6479
f 6479 6489 6493
f 6479 6493 6480
f 6480 6493 6494
f 6487 6504 6488
f 6488 6504 6505
f 6488 6505 6511
f 6488 6511 6493
f 6493 6511 6512
f 6493 6512 6494
f 6505 6510 6511
f 6499 6485 6495
f 6495 6485 6481
f 6495 6481 6494
f 6494 6481 6480
f 6525 6503 6499
f 6519 6525 6499
f 6544 6550 6545
f 6590 6550 6589
f 6589 6550 6544
f 6510 6550 6511
f 6511 6550 6551
f 6511 6551 6512
f 6512 6551 6552
f 6519 6561 6525
f 6525 6561 6569
f 6601 6569 6599
f 6561 6519 6553
f 6561 6599 6569
f 6550 6590 6551
f 6551 6590 6591
f 6551 6591 6552
f 6552 6591 6592
f 6552 6592 6593
f 6552 6593 6553
f 6553 6593 6561
f 6561 6593 6599
f 6658 6641 6654
f 6654 6641 6637
f 6654 6637 6636
f 6654 6636 6653
f 6653 6636 6635
f 6690 6674 6689
f 6689 6674 6673
f 6689 6673 6686
f 6686 6673 6670
f 6686 6670 6685
f 6685 6670 6669
f 6653 6669 6654
f 6654 6669 6670
f 6654 6670 6658
f 6658 6670 6673
f 6658 6673 6674
f 6632 6610 6631
f 6631 6610 6609
f 6631 6609 6630
f 6630 6609 6608
f 6630 6608 6638
f 6638 6608 6616
f 6641 6623 6637
f 6637 6623 6615
f 6637 6615 6636
f 6636 6615 6614
f 6636 6614 6635
f 6635 6614 6613
f 6635 6613 6634
f 6634 6613 6612
f 6634 6612 6633
f 6633 6612 6611
f 6633 6611 6632
f 6632 6611 6610
f 6682 6666 6681
f 6681 6666 6665
f 6681 6665 6688
f 6688 6665 6672
f 6655 6671 6672
f 6655 6672 6648
f 6648 6672 6665
f 6648 6665 6649
f 6649 6665 6666
f 6684 6668 6683
f 6683 6668 6667
f 6683 6667 6682
f 6682 6667 6666
f 6684 6685 6669
f 6684 6669 6668
f 6668 6669 6652
f 6668 6652 6667
f 6667 6652 6651
f 6667 6651 6650
f 6667 6650 6666
f 6650 6632 6649
f 6649 6632 6631
f 6649 6631 6648
f 6648 6631 6630
f 6648 6630 6655
f 6655 6630 6638
f 6500 6520 6514
f 6514 6496 6500
f 6482 6496 6474
f 6474 6496 6490
f 6474 6490 6475
f 6475 6490 6491
f 6554 6514 6562
f 6562 6514 6520
f 6546 6507 6554
f 6476 6475 6491
f 6476 6491 6492
f 6492 6491 6507
f 6492 6507 6508
f 6472 6471 6487
f 6508 6504 6487
f 6508 6487 6486
f 6486 6487 6470
f 6471 6470 6487
f 6489 6488 6493
f 6547 6508 6507
f 6587 6547 6586
f 6586 6547 6546
f 6586 6546 6594
f 6594 6546 6554
f 6594 6554 6562
f 6546 6547 6554
f 6476 6492 6486
f 6508 6547 6548
f 6548 6547 6587
f 6548 6587 6588
f 6548 6588 6549
f 6588 6589 6549
f 6549 6589 6544
f 6544 6545 6505
f 6505 6504 6544
f 6544 6504 6549
f 6549 6504 6509
f 6549 6509 6548
f 6545 6550 6510
f 6545 6510 6505
f 6509 6504 6508
f 6509 6508 6548
f 6653 6635 6652
f 6652 6635 6634
f 6652 6634 6651
f 6651 6634 6633
f 6651 6633 6650
f 6650 6633 6632
f 6610 6588 6609
f 6609 6588 6587
f 6609 6587 6608
f 6608 6587 6586
f 6608 6586 6616
f 6616 6586 6594
f 6623 6599 6615
f 6615 6599 6593
f 6615 6593 6614
f 6614 6593 6592
f 6614 6592 6613
f 6613 6592 6591
f 6508 6486 6492
f 6486 6470 6476
f 6625 6623 6641
f 6625 6643 6645
f 6625 6645 6627
f 6696 6678 6676
f 6696 6676 6694
f 6640 6657 6641
f 6657 6658 6641
f 6641 6643 6625
f 6689 6705 6693
f 6689 6693 6673
f 6673 6693 6676
f 6673 6676 6657
f 6657 6676 6658
f 6658 6676 6660
f 6658 6660 6641
f 6641 6660 6643
f 6660 6676 6678
f 6660 6678 6662
f 6662 6645 6660
f 6660 6645 6643
f 6694 6676 6693
f 6708 6693 6705
f 6539 6541 6538
f 6536 6538 6541
f 6581 6606 6580
f 6536 6542 6581
f 6581 6542 6584
f 6580 6536 6581
f 6532 6536 6576
f 6576 6604 6602
f 6604 6626 6602
f 6646 6663 6661
f 6661 6663 6679
f 6661 6679 6677
f 6646 6661 6644
f 6644 6626 6646
f 6606 6628 6604
f 6606 6604 6580
f 6580 6604 6576
f 6580 6576 6536
f 6604 6628 6626
f 6626 6628 6646
f 6583 6579 6605
f 6605 6603 6627
f 6579 6535 6605
f 6605 6579 6603
f 6583 6541 6579
f 6543 6541 6583
f 6583 6582 6543
f 6543 6582 6585
f 6645 6662 6647
f 6645 6647 6627
f 6678 6680 6662
f 6662 6680 6664
f 6662 6664 6647
f 6607 6583 6605
f 6607 6605 6629
f 6627 6647 6629
f 6627 6629 6605
f 6535 6579 6541
f 6536 6541 6543
f 6585 6542 6536
f 6585 6536 6543
f 6585 6584 6542
f 6736 6866 6858
f 6763 6736 6858
f 6858 6857 6763
f 6857 6762 6763
f 6866 6736 6865
f 6865 6736 6735
f 6731 6861 6733
f 6733 6861 6863
f 6733 6863 6734
f 6734 6863 6864
f 6734 6864 6735
f 6735 6864 6865
f 6745 6771 6766
f 6745 6766 6787
f 6745 6787 6801
f 6745 6819 6835
f 6745 6740 6771
f 6801 6814 6745
f 6745 6814 6819
f 6745 6835 6840
f 6859 6729 6730
f 6730 6860 6859
f 6860 6730 6749
f 6860 6749 6844
f 6844 6749 6744
f 6844 6744 6839
f 6839 6744 6745
f 6839 6745 6840
f 6729 6859 6732
f 6732 6859 6862
f 6732 6862 6861
f 6732 6861 6731
f 6783 6762 6857
f 6857 6831 6783
f 6831 6782 6783
f 6782 6831 6830
f 6782 6811 6797
f 6782 6830 6811
f 6826 6808 6827
f 6831 6811 6830
f 6810 6796 6797
f 6797 6811 6810
f 6827 6828 6851
f 6826 6827 6848
f 6848 6827 6851
f 6825 6826 6845
f 6845 6826 6848
f 6845 6848 6846
f 6846 6848 6849
f 6809 6828 6827
f 6827 6808 6809
f 6826 6825 6808
f 6795 6809 6808
f 6836 6822 6821
f 6821 6822 6816
f 6815 6821 6816
f 6817 6812 6799
f 6817 6799 6816
f 6816 6799 6803
f 6806 6793 6807
f 6807 6793 6794
f 6806 6792 6793
f 6791 6804 6805
f 6791 6790 6804
f 6804 6790 6792
f 6804 6792 6806
f 6799 6798 6803
f 6805 6821 6802
f 6802 6821 6815
f 6803 6789 6788
f 6802 6803 6788
f 6789 6803 6784
f 6784 6803 6798
f 6784 6798 6785
f 6785 6798 6799
f 6802 6788 6805
f 6805 6788 6791
f 6861 6862 6843
f 6843 6862 6859
f 6804 6820 6823
f 6846 6825 6845
f 6847 6842 6841
f 6805 6804 6820
f 6823 6825 6824
f 6824 6825 6846
f 6824 6846 6841
f 6842 6837 6836
f 6836 6837 6822
f 6822 6837 6816
f 6838 6837 6842
f 6838 6842 6843
f 6841 6842 6836
f 6821 6824 6836
f 6836 6824 6841
f 6838 6833 6832
f 6832 6833 6816
f 6837 6838 6832
f 6832 6816 6837
f 6817 6816 6833
f 6823 6824 6821
f 6803 6802 6815
f 6803 6815 6816
f 6843 6842 6861
f 6861 6842 6847
f 6861 6847 6863
f 6863 6847 6850
f 6866 6865 6854
f 6854 6865 6852
f 6828 6829 6853
f 6853 6829 6855
f 6853 6855 6854
f 6854 6855 6856
f 6795 6796 6809
f 6809 6796 6810
f 6810 6811 6829
f 6829 6811 6831
f 6829 6831 6855
f 6855 6831 6857
f 6855 6857 6856
f 6856 6857 6858
f 6865 6864 6852
f 6852 6864 6850
f 6852 6850 6849
f 6849 6850 6846
f 6852 6853 6854
f 6849 6853 6852
f 6864 6863 6850
f 6850 6847 6846
f 6846 6847 6841
f 6823 6821 6820
f 6820 6821 6805
f 6808 6807 6794
f 6808 6794 6795
f 6858 6866 6856
f 6856 6866 6854
f 6849 6848 6853
f 6853 6848 6851
f 6853 6851 6828
f 6829 6828 6810
f 6810 6828 6809
f 6807 6808 6825
f 6807 6825 6806
f 6806 6825 6823
f 6806 6823 6804
f 6813 6819 6814
f 6813 6814 6800
f 6800 6814 6801
f 6819 6813 6818
f 6834 6835 6818
f 6819 6818 6835
f 6859 6860 6843
f 6843 6860 6844
f 6817 6833 6834
f 6812 6813 6799
f 6800 6799 6813
f 6813 6812 6818
f 6818 6812 6817
f 6844 6839 6838
f 6844 6838 6843
f 6838 6839 6833
f 6839 6840 6834
f 6840 6835 6834
f 6834 6818 6817
f 6800 6799 6786
f 6834 6833 6839
f 6729 6732 6731
f 6783 6782 6797
f 6780 6781 6795
f 6781 6796 6795
f 6779 6778 6756
f 6756 6778 6753
f 6778 6777 6753
f 6753 6777 6750
f 6753 6750 6751
f 6753 6751 6754
f 6742 6774 6768
f 6750 6777 6751
f 6777 6775 6751
f 6751 6775 6776
f 6751 6776 6746
f 6767 6768 6773
f 6773 6768 6774
f 6773 6774 6741
f 6741 6774 6742
f 6792 6775 6793
f 6793 6775 6777
f 6793 6777 6778
f 6794 6793 6778
f 6794 6778 6779
f 6795 6794 6779
f 6795 6779 6780
f 6772 6775 6792
f 6772 6792 6790
f 6773 6772 6790
f 6773 6790 6791
f 6773 6776 6775
f 6773 6775 6772
f 6768 6767 6788
f 6768 6788 6789
f 6743 6748 6747
f 6747 6748 6752
f 6789 6784 6768
f 6742 6743 6747
f 6738 6768 6769
f 6764 6769 6768
f 6764 6768 6785
f 6784 6785 6789
f 6789 6785 6768
f 6768 6737 6742
f 6752 6731 6755
f 6755 6731 6733
f 6755 6733 6757
f 6757 6733 6734
f 6757 6734 6759
f 6759 6734 6735
f 6759 6735 6736
f 6759 6736 6761
f 6761 6736 6763
f 6781 6780 6760
f 6760 6780 6758
f 6760 6758 6759
f 6760 6759 6761
f 6797 6796 6781
f 6797 6781 6783
f 6783 6781 6760
f 6783 6760 6762
f 6762 6760 6761
f 6762 6761 6763
f 6741 6742 6746
f 6746 6742 6747
f 6755 6754 6752
f 6746 6776 6773
f 6767 6773 6791
f 6767 6791 6788
f 6741 6746 6773
f 6759 6758 6757
f 6757 6758 6754
f 6780 6779 6756
f 6780 6756 6758
f 6758 6756 6753
f 6758 6753 6754
f 6737 6768 6738
f 6737 6738 6743
f 6737 6743 6742
f 6746 6747 6751
f 6751 6747 6752
f 6755 6757 6754
f 6748 6729 6731
f 6748 6731 6752
f 6751 6752 6754
f 6730 6729 6748
f 6771 6740 6739
f 6771 6739 6770
f 6786 6766 6765
f 6765 6766 6771
f 6765 6771 6770
f 6786 6787 6766
f 6800 6801 6787
f 6787 6786 6800
f 6745 6744 6740
f 6740 6744 6739
f 6749 6730 6748
f 6749 6748 6744
f 6744 6748 6743
f 6799 6800 6785
f 6785 6800 6786
f 6765 6785 6786
f 6765 6770 6769
f 6765 6769 6764
f 6765 6764 6785
f 6743 6738 6744
f 6744 6738 6739
f 6738 6769 6770
f 6739 6738 6770
