v 0.1545617 0.2574426 0.2396830
v 0.1540889 0.2584119 0.2748846
v 0.1542247 0.2595503 0.2648494
v 0.1549489 0.2604636 0.2611938
v 0.1548900 0.2594095 0.2550749
v 0.1548476 0.2590845 0.2505998
v 0.1551612 0.2608331 0.2464015
v 0.1549908 0.2597189 0.2388447
v 0.1551861 0.2604067 0.2355673
v 0.1555118 0.2615878 0.2287392
v 0.1555204 0.2621193 0.2231512
v 0.1551977 0.2621846 0.2183793
v 0.1549553 0.2641221 0.2140499
v 0.1547173 0.2661792 0.2093158
v 0.1552627 0.2628163 0.2754327
v 0.1553004 0.2632760 0.2653137
v 0.1558109 0.2643501 0.2611715
v 0.1558431 0.2641263 0.2556721
v 0.1557652 0.2639311 0.2512139
v 0.1559345 0.2657703 0.2470207
v 0.1558992 0.2662508 0.2426379
v 0.1556437 0.2640698 0.2363790
v 0.1559198 0.2656806 0.2289928
v 0.1559542 0.2666042 0.2230109
v 0.1559397 0.2684704 0.2186769
v 0.1556479 0.2692930 0.2139314
v 0.1549979 0.2712888 0.2069354
v 0.1560981 0.2687359 0.2761631
v 0.1562218 0.2693459 0.2660632
v 0.1563450 0.2686944 0.2627049
v 0.1565649 0.2706506 0.2564930
v 0.1563668 0.2688670 0.2518370
v 0.1562722 0.2690684 0.2474328
v 0.1562304 0.2697532 0.2415764
v 0.1566188 0.2738339 0.2346408
v 0.1565828 0.2728182 0.2305048
v 0.1565024 0.2722365 0.2245847
v 0.1564983 0.2749544 0.2195389
v 0.1560224 0.2746137 0.2143854
v 0.1553949 0.2758325 0.2095022
v 0.1552655 0.2735766 0.2767478
v 0.1556342 0.2744551 0.2666827
v 0.1566890 0.2744482 0.2629054
v 0.1568129 0.2756079 0.2571120
v 0.1567652 0.2755431 0.2526728
v 0.1566932 0.2757448 0.2482627
v 0.1566744 0.2763769 0.2423901
v 0.1568387 0.2777924 0.2358304
v 0.1570225 0.2801688 0.2315363
v 0.1569430 0.2790275 0.2251523
v 0.1565492 0.2784588 0.2185295
v 0.1563876 0.2810499 0.2164722
v 0.1551926 0.2825756 0.2083178
v 0.1552851 0.2778687 0.2772725
v 0.1556542 0.2794817 0.2672972
v 0.1567151 0.2822548 0.2638557
v 0.1569447 0.2821430 0.2579210
v 0.1570129 0.2822852 0.2535091
v 0.1570175 0.2826537 0.2491163
v 0.1569921 0.2834489 0.2432574
v 0.1569587 0.2835026 0.2366360
v 0.1569699 0.2852035 0.2321492
v 0.1569419 0.2863873 0.2272989
v 0.1567574 0.2871099 0.2193929
v 0.1565437 0.2850351 0.2169177
v 0.1559135 0.2871338 0.2103876
v 0.1553137 0.2893476 0.2046395
v 0.1558937 0.2845231 0.2780909
v 0.1561062 0.2857406 0.2680659
v 0.1563949 0.2866898 0.2643935
v 0.1567800 0.2869254 0.2585090
v 0.1569627 0.2873505 0.2541331
v 0.1570567 0.2879830 0.2497713
v 0.1570864 0.2883179 0.2443527
v 0.1569656 0.2870564 0.2353119
v 0.1569042 0.2898381 0.2325278
v 0.1567450 0.2917209 0.2266029
v 0.1567380 0.2903667 0.2214896
v 0.1565950 0.2911842 0.2166198
v 0.1562672 0.2919143 0.2102233
v 0.1557535 0.2932952 0.2051258
v 0.1551536 0.2941255 0.2007189
v 0.1550389 0.2892845 0.2786657
v 0.1552376 0.2906230 0.2686554
v 0.1553317 0.2922906 0.2650665
v 0.1560296 0.2924718 0.2596797
v 0.1565990 0.2923551 0.2547479
v 0.1568029 0.2933133 0.2504244
v 0.1570030 0.2927957 0.2444004
v 0.1569939 0.2938194 0.2400136
v 0.1568304 0.2949003 0.2330668
v 0.1565678 0.2954740 0.2265414
v 0.1562755 0.2969129 0.2221576
v 0.1560695 0.2970364 0.2168754
v 0.1557961 0.2973366 0.2101276
v 0.1554566 0.2979224 0.2061888
v 0.1550417 0.2974613 0.2011265
v 0.1552095 0.2964994 0.2589422
v 0.1554833 0.2978579 0.2554205
v 0.1560825 0.2977684 0.2517101
v 0.1563651 0.2995014 0.2459645
v 0.1566251 0.2995170 0.2407053
v 0.1564913 0.3002929 0.2327082
v 0.1561974 0.3018510 0.2278247
v 0.1559543 0.3009728 0.2226507
v 0.1553772 0.3023149 0.2167561
v 0.1550969 0.3009897 0.2105656
v 0.1551039 0.3011029 0.2528567
v 0.1555316 0.3040685 0.2454662
v 0.1557903 0.3054123 0.2402059
v 0.1560364 0.3054140 0.2338356
v 0.1557787 0.3074543 0.2279985
v 0.1556066 0.3072220 0.2234119
v 0.1551200 0.3079245 0.2174392
v 0.1547355 0.3074730 0.2446750
v 0.1550153 0.3090428 0.2403389
v 0.1551852 0.3110579 0.2345163
v 0.1551928 0.3127514 0.2289445
v 0.1550362 0.3141600 0.2242557
v 0.1549558 0.3134369 0.2196249
v 0.1493443 0.2458459 0.2445295
v 0.1499497 0.2451996 0.2391714
v 0.1494341 0.2502222 0.2583863
v 0.1503722 0.2496940 0.2535577
v 0.1503061 0.2484358 0.2492678
v 0.1514647 0.2490781 0.2449325
v 0.1522335 0.2494029 0.2397027
v 0.1506541 0.2527179 0.2741602
v 0.1506152 0.2536136 0.2640939
v 0.1511990 0.2528414 0.2602302
v 0.1527849 0.2537033 0.2543548
v 0.1530862 0.2534936 0.2498960
v 0.1536039 0.2543045 0.2455837
v 0.1538232 0.2543265 0.2403172
v 0.1507677 0.2571476 0.2747025
v 0.1522199 0.2575558 0.2645890
v 0.1535382 0.2567280 0.2610305
v 0.1539889 0.2566466 0.2562089
v 0.1544377 0.2629685 0.2120018
v 0.1539949 0.2648822 0.2064911
v 0.1534904 0.2660491 0.2014779
v 0.1524564 0.2662253 0.1957922
v 0.1513300 0.2668711 0.1901748
v 0.1499610 0.2676353 0.1842782
v 0.1494595 0.2707191 0.1801259
v 0.1498967 0.2618164 0.2752659
v 0.1499800 0.2630416 0.2652408
v 0.1542830 0.2711627 0.2024077
v 0.1532091 0.2714103 0.1964329
v 0.1520135 0.2721656 0.1905330
v 0.1503713 0.2736524 0.1832432
v 0.1496793 0.2724840 0.1805383
v 0.1508904 0.2668175 0.2758854
v 0.1509737 0.2680428 0.2658603
v 0.1542782 0.2773065 0.2031588
v 0.1531079 0.2778488 0.1972172
v 0.1518565 0.2787785 0.1913360
v 0.1501879 0.2803547 0.1840547
v 0.1496326 0.2803215 0.1815297
v 0.1533781 0.2741965 0.2768079
v 0.1534614 0.2754217 0.2667828
v 0.1542366 0.2814164 0.2033605
v 0.1530379 0.2821436 0.1974425
v 0.1517861 0.2823483 0.1917730
v 0.1501204 0.2839026 0.1844900
v 0.1495072 0.2824370 0.1816532
v 0.1533055 0.2766265 0.2771043
v 0.1533888 0.2778517 0.2670792
v 0.1545900 0.2869608 0.2028401
v 0.1540355 0.2895074 0.1981486
v 0.1522309 0.2889106 0.1910809
v 0.1508388 0.2899713 0.1852327
v 0.1510190 0.2831194 0.2778788
v 0.1511023 0.2843447 0.2678537
v 0.1546353 0.2946213 0.1977767
v 0.1533847 0.2955002 0.1918872
v 0.1518945 0.2962509 0.1859967
v 0.1500595 0.2957257 0.1799698
v 0.1513440 0.2898401 0.2787029
v 0.1514273 0.2910653 0.2686778
v 0.1548598 0.3001187 0.2044505
v 0.1543351 0.2994994 0.1991237
v 0.1530858 0.2999155 0.1924326
v 0.1516353 0.3005172 0.1865278
v 0.1499042 0.3017623 0.1807209
v 0.1522903 0.2954827 0.2794003
v 0.1527601 0.2963742 0.2693377
v 0.1532659 0.2975200 0.2653908
v 0.1539199 0.2990722 0.2604800
v 0.1545662 0.3046597 0.2110075
v 0.1542306 0.3035928 0.2063702
v 0.1532128 0.3050241 0.2005467
v 0.1520428 0.3059688 0.1946801
v 0.1507436 0.3065194 0.1887780
v 0.1496520 0.2989659 0.2798041
v 0.1500044 0.3001626 0.2697778
v 0.1502347 0.3018771 0.2657010
v 0.1518514 0.3028836 0.2600758
v 0.1534631 0.3028997 0.2560296
v 0.1538442 0.3040223 0.2532074
v 0.1544911 0.3063596 0.2475384
v 0.1543706 0.3095601 0.2116039
v 0.1536940 0.3087914 0.2070005
v 0.1526244 0.3104473 0.2012092
v 0.1514298 0.3114320 0.1953546
v 0.1501277 0.3118763 0.1894458
v 0.1492911 0.3066369 0.2594153
v 0.1508084 0.3085633 0.2537438
v 0.1529360 0.3101633 0.2467044
v 0.1539499 0.3117966 0.2409683
v 0.1542340 0.3138971 0.2363746
v 0.1547347 0.3151194 0.2183172
v 0.1543237 0.3151700 0.2122903
v 0.1537097 0.3148538 0.2077416
v 0.1526846 0.3155479 0.2018330
v 0.1514809 0.3165167 0.1959765
v 0.1502427 0.3164517 0.1905024
v 0.1509580 0.3131361 0.2468369
v 0.1515640 0.3159720 0.2409384
v 0.1526393 0.3175111 0.2351131
v 0.1537084 0.3180569 0.2291073
v 0.1536664 0.3191424 0.2248535
v 0.1535707 0.3197905 0.2198512
v 0.1533029 0.3204358 0.2139895
v 0.1529208 0.3210512 0.2084929
v 0.1522004 0.3214423 0.2025468
v 0.1510222 0.3222995 0.1966729
v 0.1500956 0.3216775 0.1915277
v 0.1500865 0.3205840 0.2348758
v 0.1511498 0.3215373 0.2295420
v 0.1510326 0.3226527 0.2252606
v 0.1512807 0.3231495 0.2196489
v 0.1512226 0.3236506 0.2141128
v 0.1509321 0.3242461 0.2088666
v 0.1506308 0.3246536 0.2030619
v 0.1500485 0.3248537 0.1972741
v 0.1450216 0.2410256 0.2383407
v 0.1442718 0.2448097 0.2517638
v 0.1458731 0.2445968 0.2487912
v 0.1465802 0.2435190 0.2440698
v 0.1476525 0.2427862 0.2391405
v 0.1438555 0.2478090 0.2735038
v 0.1444147 0.2491269 0.2634940
v 0.1462366 0.2484984 0.2594354
v 0.1476685 0.2471368 0.2532403
v 0.1461201 0.2509003 0.2739004
v 0.1467275 0.2515796 0.2638130
v 0.1482892 0.2503861 0.2614057
v 0.1466840 0.2557463 0.2744973
v 0.1467673 0.2569715 0.2644723
v 0.1447420 0.2652499 0.1937839
v 0.1444407 0.2671959 0.1899436
v 0.1446834 0.2678469 0.1871123
v 0.1476503 0.2695647 0.1791590
v 0.1466171 0.2681307 0.1761432
v 0.1443616 0.2702640 0.1892193
v 0.1446984 0.2703751 0.1870002
v 0.1448839 0.2715786 0.1803702
v 0.1449390 0.2815472 0.1816405
v 0.1448764 0.2839402 0.1920394
v 0.1447054 0.2832186 0.1883060
v 0.1472597 0.2840354 0.1810687
v 0.1471173 0.2874987 0.1758845
v 0.1449192 0.2898276 0.1870617
v 0.1450073 0.2906015 0.1803732
v 0.1467622 0.2900135 0.1752585
v 0.1494216 0.2967301 0.1775947
v 0.1485343 0.2921431 0.2789610
v 0.1486176 0.2933683 0.2689359
v 0.1449199 0.3030406 0.1885053
v 0.1447655 0.3032123 0.1856434
v 0.1468610 0.3030943 0.1788829
v 0.1462679 0.2952178 0.2793179
v 0.1463512 0.2964430 0.2692929
v 0.1449212 0.3069198 0.1901429
v 0.1448313 0.3063734 0.1852438
v 0.1468754 0.3072634 0.1773579
v 0.1452944 0.3005994 0.2799675
v 0.1459661 0.3025764 0.2700393
v 0.1484096 0.3028151 0.2677549
v 0.1447108 0.3105411 0.1908910
v 0.1467821 0.3121522 0.1834722
v 0.1472838 0.3106435 0.1813917
v 0.1440031 0.3050008 0.2703192
v 0.1452592 0.3058148 0.2666274
v 0.1462902 0.3080233 0.2611983
v 0.1480653 0.3112924 0.2540578
v 0.1484188 0.3175937 0.1832252
v 0.1456699 0.3137020 0.2528442
v 0.1469223 0.3162266 0.2473957
v 0.1483290 0.3184684 0.2419369
v 0.1461491 0.3233712 0.1914154
v 0.1471102 0.3237952 0.1851522
v 0.1465104 0.3254763 0.1835898
v 0.1454327 0.3201460 0.2413103
v 0.1465479 0.3220161 0.2355641
v 0.1469149 0.3236160 0.2298989
v 0.1475511 0.3244549 0.2254520
v 0.1475399 0.3250896 0.2207720
v 0.1477306 0.3256017 0.2142639
v 0.1480276 0.3259064 0.2088578
v 0.1477088 0.3263712 0.2031135
v 0.1477338 0.3265203 0.1964194
v 0.1469028 0.3265809 0.1913286
v 0.1462708 0.3269086 0.1867851
v 0.1454281 0.3270428 0.1828393
v 0.1408931 0.2407408 0.2423771
v 0.1405757 0.2396758 0.2383003
v 0.1406905 0.2436741 0.2516045
v 0.1409477 0.2426747 0.2485321
v 0.1417602 0.2416634 0.2447188
v 0.1395480 0.2464358 0.2733001
v 0.1401509 0.2476658 0.2632800
v 0.1404682 0.2463134 0.2593288
v 0.1413355 0.2521908 0.2740183
v 0.1414188 0.2534160 0.2639933
v 0.1433481 0.2674696 0.1901497
v 0.1426216 0.2687949 0.1826392
v 0.1421852 0.2689280 0.1815701
v 0.1415757 0.2697897 0.1745501
v 0.1433414 0.2700335 0.1901913
v 0.1425720 0.2708495 0.1829343
v 0.1421247 0.2709860 0.1818384
v 0.1415321 0.2718447 0.1748425
v 0.1434621 0.2835094 0.1909341
v 0.1426955 0.2839969 0.1874021
v 0.1418024 0.2842673 0.1830312
v 0.1416209 0.2844935 0.1763753
v 0.1437587 0.2912602 0.1781460
v 0.1432083 0.2920274 0.1712644
v 0.1438151 0.3038155 0.1797256
v 0.1432604 0.3046732 0.1728242
v 0.1438969 0.3067227 0.1821941
v 0.1431252 0.3066484 0.1797393
v 0.1433270 0.3067375 0.1730354
v 0.1398723 0.2998976 0.2798367
v 0.1399556 0.3011229 0.2698117
v 0.1440288 0.3104485 0.1918852
v 0.1429829 0.3109329 0.1839195
v 0.1427295 0.3117422 0.1773116
v 0.1419491 0.3118816 0.1762073
v 0.1411344 0.3047491 0.2804401
v 0.1409263 0.3062582 0.2704473
v 0.1399934 0.3081984 0.2668749
v 0.1416527 0.3102502 0.2617595
v 0.1408434 0.3116077 0.2599554
v 0.1412495 0.3156624 0.2527485
v 0.1425401 0.3175183 0.2488048
v 0.1437903 0.3230858 0.1917270
v 0.1430080 0.3244209 0.1856322
v 0.1426492 0.3251473 0.1792428
v 0.1420234 0.3252154 0.1778376
v 0.1407048 0.3190484 0.2467231
v 0.1405387 0.3213447 0.2417194
v 0.1406214 0.3233744 0.2358983
v 0.1405072 0.3248601 0.2303017
v 0.1421861 0.3255879 0.2255460
v 0.1418495 0.3262371 0.2210814
v 0.1411409 0.3270119 0.2136289
v 0.1426816 0.3271611 0.2086545
v 0.1413364 0.3278996 0.2017529
v 0.1407262 0.3285189 0.1958611
v 0.1418771 0.3282933 0.1900008
v 0.1425414 0.3276496 0.1863689
v 0.1420143 0.3289257 0.1815978
v 0.1342822 0.2403392 0.2432577
v 0.1353195 0.2390929 0.2381367
v 0.1346651 0.2448226 0.2576115
v 0.1345383 0.2427842 0.2514414
v 0.1362579 0.2419032 0.2483976
v 0.1364503 0.2409877 0.2453321
v 0.1336968 0.2469966 0.2733201
v 0.1342010 0.2478502 0.2632531
v 0.1348575 0.2458746 0.2607172
v 0.1356325 0.2507524 0.2737952
v 0.1357158 0.2519776 0.2637701
v 0.1349476 0.2690811 0.1729567
v 0.1325053 0.2747152 0.2333647
v 0.1325158 0.2729165 0.2304154
v 0.1325570 0.2724291 0.2245123
v 0.1326145 0.2752695 0.2193147
v 0.1325118 0.2783524 0.2356375
v 0.1326521 0.2786810 0.2172505
v 0.1326717 0.2808975 0.2165665
v 0.1349794 0.2865048 0.1755400
v 0.1353652 0.2889864 0.1694395
v 0.1325460 0.2842505 0.2361829
v 0.1327013 0.2874990 0.2183287
v 0.1326930 0.2846003 0.2169291
v 0.1372613 0.2904156 0.1696118
v 0.1343656 0.2918344 0.1681100
v 0.1325763 0.2874672 0.2349238
v 0.1326105 0.2899233 0.2324947
v 0.1326650 0.2918180 0.2268828
v 0.1326983 0.2903129 0.2211540
v 0.1341217 0.3051256 0.1696642
v 0.1324377 0.2967421 0.2613737
v 0.1325576 0.2985056 0.2469445
v 0.1362853 0.3086014 0.1762389
v 0.1359047 0.3078021 0.1723972
v 0.1347720 0.3076858 0.1701187
v 0.1347234 0.3013311 0.2799691
v 0.1348067 0.3025563 0.2699441
v 0.1324647 0.3003985 0.2609484
v 0.1325784 0.3020710 0.2472634
v 0.1347481 0.3115474 0.1742042
v 0.1342589 0.3051192 0.2804282
v 0.1346929 0.3067151 0.2704514
v 0.1348154 0.3094675 0.2664992
v 0.1325043 0.3075120 0.2618181
v 0.1326196 0.3092073 0.2479467
v 0.1347702 0.3120792 0.2612904
v 0.1325850 0.3145457 0.2571579
v 0.1350922 0.3163250 0.2536886
v 0.1369063 0.3264904 0.1790413
v 0.1348850 0.3264244 0.1765065
v 0.1326520 0.3179006 0.2511425
v 0.1352632 0.3196067 0.2474972
v 0.1358868 0.3221550 0.2412751
v 0.1360253 0.3238623 0.2359197
v 0.1354244 0.3252000 0.2305037
v 0.1364220 0.3260479 0.2255542
v 0.1361442 0.3266277 0.2210816
v 0.1356720 0.3273290 0.2136220
v 0.1353193 0.3278054 0.2076723
v 0.1350147 0.3283497 0.2017553
v 0.1364825 0.3289135 0.1958735
v 0.1361804 0.3295726 0.1900006
v 0.1360593 0.3297847 0.1798822
v 0.1350441 0.3276624 0.1769566
v 0.1294256 0.2405113 0.2437291
v 0.1297127 0.2390772 0.2378341
v 0.1285135 0.2447711 0.2575530
v 0.1296134 0.2427100 0.2513857
v 0.1304460 0.2470361 0.2732979
v 0.1300892 0.2477900 0.2632115
v 0.1289078 0.2457842 0.2606613
v 0.1289396 0.2505402 0.2737136
v 0.1290229 0.2517654 0.2636886
v 0.1296745 0.2684889 0.1721356
v 0.1315072 0.2695230 0.1712570
v 0.1290893 0.2722731 0.1721113
v 0.1314269 0.2722650 0.1716003
v 0.1298832 0.2863517 0.1742816
v 0.1315401 0.2854324 0.1732068
v 0.1292185 0.2905941 0.1694898
v 0.1312272 0.2921765 0.1681186
v 0.1292239 0.2927729 0.2643449
v 0.1304175 0.2929320 0.2625398
v 0.1299614 0.2951813 0.2428948
v 0.1286139 0.3049576 0.1710420
v 0.1313048 0.3051187 0.1697253
v 0.1305811 0.2949387 0.2644400
v 0.1320298 0.2958414 0.2620381
v 0.1314178 0.2978820 0.2451918
v 0.1299070 0.3079922 0.1722512
v 0.1319697 0.3077731 0.1701912
v 0.1287927 0.3016469 0.2799584
v 0.1288760 0.3028721 0.2699334
v 0.1324161 0.3001249 0.2623419
v 0.1313059 0.3039157 0.2453968
v 0.1303524 0.3129357 0.1738137
v 0.1307248 0.3051215 0.2803991
v 0.1304743 0.3067314 0.2704183
v 0.1302096 0.3091503 0.2668977
v 0.1319959 0.3085319 0.2634924
v 0.1319212 0.3097805 0.2459397
v 0.1271252 0.3107253 0.2652732
v 0.1302112 0.3119307 0.2629126
v 0.1293328 0.3140907 0.2463543
v 0.1304132 0.3259608 0.1758967
v 0.1318448 0.3203569 0.2460580
v 0.1292447 0.3214826 0.2420252
v 0.1291026 0.3233003 0.2363306
v 0.1286178 0.3245690 0.2314190
v 0.1291873 0.3257751 0.2254609
v 0.1292163 0.3264543 0.2204991
v 0.1295905 0.3272282 0.2135593
v 0.1293892 0.3277696 0.2076186
v 0.1292625 0.3283583 0.2017086
v 0.1311134 0.3290056 0.1958409
v 0.1310355 0.3296724 0.1899712
v 0.1285095 0.3294250 0.1864558
v 0.1311641 0.3297894 0.1809429
v 0.1303629 0.3277615 0.1763595
v 0.1239064 0.2407129 0.2422279
v 0.1237590 0.2397357 0.2379256
v 0.1235045 0.2434269 0.2514236
v 0.1240660 0.2414944 0.2452853
v 0.1236842 0.2462270 0.2731428
v 0.1234794 0.2473781 0.2631063
v 0.1231884 0.2461607 0.2596647
v 0.1237235 0.2512554 0.2737577
v 0.1238068 0.2524806 0.2637326
v 0.1234414 0.2681472 0.1895895
v 0.1245297 0.2692332 0.1875696
v 0.1248817 0.2681075 0.1775338
v 0.1258086 0.2684482 0.1747049
v 0.1240346 0.2701806 0.1896404
v 0.1245778 0.2703849 0.1876020
v 0.1244759 0.2715595 0.1779523
v 0.1254674 0.2719239 0.1749263
v 0.1237703 0.2834262 0.1911262
v 0.1246982 0.2826381 0.1893406
v 0.1251638 0.2855541 0.1800211
v 0.1259445 0.2858291 0.1768814
v 0.1243418 0.2885992 0.1867458
v 0.1263801 0.2906572 0.1843030
v 0.1263405 0.2907012 0.1742624
v 0.1268035 0.2911833 0.1719862
v 0.1243487 0.2930743 0.2630929
v 0.1243813 0.2935535 0.2591722
v 0.1231022 0.2955875 0.2433835
v 0.1258502 0.3032944 0.1875499
v 0.1264806 0.3033318 0.1859558
v 0.1262043 0.3043880 0.1759340
v 0.1267778 0.3046871 0.1735495
v 0.1244697 0.3065845 0.1892107
v 0.1265465 0.3065899 0.1865433
v 0.1265001 0.3077698 0.1772608
v 0.1271542 0.3076795 0.1745983
v 0.1232552 0.3007227 0.2797995
v 0.1233385 0.3019479 0.2697744
v 0.1251838 0.3105862 0.1903452
v 0.1255537 0.3124108 0.1783252
v 0.1270470 0.3127478 0.1755008
v 0.1249215 0.3062172 0.2804848
v 0.1249478 0.3075537 0.2704729
v 0.1241899 0.3081940 0.2680570
v 0.1226555 0.3116785 0.2405185
v 0.1220864 0.3123082 0.2359460
v 0.1237002 0.3120191 0.2654029
v 0.1241778 0.3135858 0.2634171
v 0.1241732 0.3153240 0.2462036
v 0.1251194 0.3173443 0.2417074
v 0.1232453 0.3165944 0.2350002
v 0.1227354 0.3186339 0.2319262
v 0.1254492 0.3231270 0.1917059
v 0.1260403 0.3254735 0.1802546
v 0.1272439 0.3253644 0.1772928
v 0.1265123 0.3199029 0.2414159
v 0.1259972 0.3214626 0.2357106
v 0.1250221 0.3231926 0.2304119
v 0.1238742 0.3244546 0.2258576
v 0.1237956 0.3256032 0.2202261
v 0.1253550 0.3267728 0.2134688
v 0.1242400 0.3273148 0.2075202
v 0.1242658 0.3279935 0.2016216
v 0.1243704 0.3286711 0.1957420
v 0.1250636 0.3271478 0.1923559
v 0.1274776 0.3288248 0.1895260
v 0.1262295 0.3272204 0.1805162
v 0.1273288 0.3276032 0.1777921
v 0.1185675 0.2410821 0.2381277
v 0.1183217 0.2448785 0.2515620
v 0.1181797 0.2426722 0.2439026
v 0.1170040 0.2419367 0.2393478
v 0.1179803 0.2480385 0.2733168
v 0.1181401 0.2490422 0.2632653
v 0.1180945 0.2475576 0.2590829
v 0.1195516 0.2528013 0.2739120
v 0.1196349 0.2540265 0.2638869
v 0.1167746 0.2547465 0.2741266
v 0.1168579 0.2559717 0.2641015
v 0.1194646 0.2675835 0.1909764
v 0.1161241 0.2795103 0.2424687
v 0.1170034 0.2788654 0.2355008
v 0.1170116 0.2797715 0.2313666
v 0.1163542 0.2816853 0.2275995
v 0.1187034 0.2836070 0.1920605
v 0.1160463 0.2829652 0.2453088
v 0.1167091 0.2827573 0.2420384
v 0.1179178 0.2829098 0.2364537
v 0.1180930 0.2838146 0.2313523
v 0.1168714 0.2851789 0.2264848
v 0.1193400 0.2891762 0.1872320
v 0.1162192 0.2882963 0.2432706
v 0.1181847 0.2891983 0.2370783
v 0.1188574 0.2886447 0.2323953
v 0.1179803 0.2900195 0.2265725
v 0.1168519 0.2919194 0.2228618
v 0.1191778 0.2931725 0.2630619
v 0.1183642 0.2938253 0.2601830
v 0.1193495 0.2956457 0.2438685
v 0.1187878 0.2943660 0.2377119
v 0.1197411 0.2950106 0.2331757
v 0.1190147 0.2958465 0.2275484
v 0.1175952 0.2966053 0.2232735
v 0.1201507 0.3033951 0.1882449
v 0.1169593 0.2968780 0.2792773
v 0.1170427 0.2981032 0.2692522
v 0.1169146 0.2963226 0.2634281
v 0.1169261 0.2964925 0.2620385
v 0.1199433 0.2970055 0.2440196
v 0.1197447 0.3001976 0.2385822
v 0.1202824 0.3004698 0.2341015
v 0.1191076 0.3009915 0.2277128
v 0.1174646 0.3022775 0.2231320
v 0.1198402 0.3048486 0.1885760
v 0.1193496 0.2990417 0.2795615
v 0.1194329 0.3002669 0.2695365
v 0.1205399 0.3056303 0.2423308
v 0.1207824 0.3052969 0.2392641
v 0.1206194 0.3055398 0.2343667
v 0.1192537 0.3069245 0.2290907
v 0.1172140 0.3089999 0.2239584
v 0.1190107 0.3044515 0.2802199
v 0.1191572 0.3058671 0.2702186
v 0.1184292 0.3065151 0.2677474
v 0.1161483 0.3102174 0.2637094
v 0.1164829 0.3126458 0.2451692
v 0.1215338 0.3085786 0.2402730
v 0.1211988 0.3110456 0.2340216
v 0.1196075 0.3121031 0.2294338
v 0.1173376 0.3129768 0.2244504
v 0.1186587 0.3115637 0.2653053
v 0.1188811 0.3134739 0.2632738
v 0.1191166 0.3152912 0.2465622
v 0.1207066 0.3174264 0.2292089
v 0.1181587 0.3187792 0.2237654
v 0.1168849 0.3213672 0.2196629
v 0.1208015 0.3231287 0.2242517
v 0.1186838 0.3234969 0.2194351
v 0.1178576 0.3243320 0.2143308
v 0.1186185 0.3258710 0.2072970
v 0.1188038 0.3267168 0.2014184
v 0.1187286 0.3272685 0.1955197
v 0.1198130 0.3274612 0.1936966
v 0.1151483 0.2454870 0.2486595
v 0.1135022 0.2454732 0.2439119
v 0.1132275 0.2447529 0.2388144
v 0.1144214 0.2495042 0.2587592
v 0.1129165 0.2490880 0.2533487
v 0.1117721 0.2493001 0.2490998
v 0.1113663 0.2490992 0.2447490
v 0.1110170 0.2497009 0.2394010
v 0.1130910 0.2515255 0.2737023
v 0.1130839 0.2526264 0.2636613
v 0.1115018 0.2532270 0.2605666
v 0.1109039 0.2524450 0.2548960
v 0.1103830 0.2527366 0.2495141
v 0.1104736 0.2547813 0.2445876
v 0.1110402 0.2566470 0.2396105
v 0.1132781 0.2567945 0.2743478
v 0.1125705 0.2576029 0.2642653
v 0.1107362 0.2608038 0.2445937
v 0.1114864 0.2595190 0.2385545
v 0.1119578 0.2604263 0.2347313
v 0.1122514 0.2611704 0.2286320
v 0.1122228 0.2619354 0.2223758
v 0.1120787 0.2626344 0.2166649
v 0.1120197 0.2634902 0.2125155
v 0.1121083 0.2661096 0.2065694
v 0.1119169 0.2645890 0.2006859
v 0.1120765 0.2651580 0.1960243
v 0.1126436 0.2679371 0.1916027
v 0.1130774 0.2623023 0.2750193
v 0.1131608 0.2635275 0.2649943
v 0.1108361 0.2673889 0.2468975
v 0.1122102 0.2674272 0.2409287
v 0.1128986 0.2671663 0.2348668
v 0.1130187 0.2670085 0.2287790
v 0.1128705 0.2675081 0.2227586
v 0.1127537 0.2685850 0.2183347
v 0.1127209 0.2703397 0.2140072
v 0.1125757 0.2709010 0.2005291
v 0.1128963 0.2723027 0.1962248
v 0.1132324 0.2725220 0.1914447
v 0.1122908 0.2670628 0.2755946
v 0.1123741 0.2682880 0.2655695
v 0.1106394 0.2719243 0.2501087
v 0.1117842 0.2718974 0.2464134
v 0.1131226 0.2725539 0.2408969
v 0.1140295 0.2731120 0.2352160
v 0.1142047 0.2742387 0.2305696
v 0.1139389 0.2755354 0.2257224
v 0.1135188 0.2754528 0.2191815
v 0.1133554 0.2765391 0.2147731
v 0.1130385 0.2762097 0.2071870
v 0.1130308 0.2756425 0.2026113
v 0.1134147 0.2774023 0.1968458
v 0.1138096 0.2781246 0.1921295
v 0.1120987 0.2707650 0.2760454
v 0.1121820 0.2719902 0.2660204
v 0.1115122 0.2760673 0.2522039
v 0.1140693 0.2770194 0.2470084
v 0.1151763 0.2768371 0.2419704
v 0.1154447 0.2756348 0.2368771
v 0.1151314 0.2771067 0.2294523
v 0.1145483 0.2790585 0.2256932
v 0.1139929 0.2813491 0.2202599
v 0.1136738 0.2813270 0.2153619
v 0.1133868 0.2825934 0.2079730
v 0.1133468 0.2821615 0.2035991
v 0.1135892 0.2832646 0.1975563
v 0.1140448 0.2841479 0.1920186
v 0.1121193 0.2765302 0.2767502
v 0.1122027 0.2777554 0.2667252
v 0.1123869 0.2814530 0.2531368
v 0.1151051 0.2823227 0.2477376
v 0.1151924 0.2837544 0.2240224
v 0.1144477 0.2855446 0.2210299
v 0.1137001 0.2866065 0.2144966
v 0.1146003 0.2899907 0.1874627
v 0.1125121 0.2837022 0.2776300
v 0.1125954 0.2849274 0.2676049
v 0.1123941 0.2869610 0.2538018
v 0.1146960 0.2875055 0.2485487
v 0.1157193 0.2897989 0.2445393
v 0.1149317 0.2907727 0.2194060
v 0.1138912 0.2918385 0.2159904
v 0.1134102 0.2936946 0.2120697
v 0.1132934 0.2916911 0.2030752
v 0.1137688 0.2902292 0.2784382
v 0.1138521 0.2914545 0.2684131
v 0.1121504 0.2918541 0.2544596
v 0.1146021 0.2923129 0.2484367
v 0.1157237 0.2932041 0.2450857
v 0.1158605 0.2969596 0.2192490
v 0.1143497 0.2967286 0.2154524
v 0.1132763 0.2980960 0.2107987
v 0.1131626 0.3000423 0.2040948
v 0.1133727 0.3007615 0.1996915
v 0.1140639 0.3018580 0.1923635
v 0.1132068 0.2956919 0.2791011
v 0.1120931 0.2974820 0.2691351
v 0.1124000 0.2981949 0.2653950
v 0.1139165 0.2975821 0.2611190
v 0.1141802 0.2997777 0.2448871
v 0.1161774 0.3012890 0.2197800
v 0.1146971 0.3023678 0.2160288
v 0.1131902 0.3033331 0.2100975
v 0.1144801 0.3060017 0.1895972
v 0.1141086 0.3010308 0.2797611
v 0.1138563 0.3020678 0.2697103
v 0.1136558 0.3024166 0.2663562
v 0.1121453 0.3030359 0.2620278
v 0.1125259 0.3052115 0.2451522
v 0.1160096 0.3077690 0.2205580
v 0.1148490 0.3075246 0.2172986
v 0.1131481 0.3083547 0.2108107
v 0.1130824 0.3083250 0.2066069
v 0.1133409 0.3095687 0.2007704
v 0.1138727 0.3105212 0.1949194
v 0.1142624 0.3108128 0.1916629
v 0.1144015 0.3076816 0.2647955
v 0.1129280 0.3082860 0.2625903
v 0.1133516 0.3103338 0.2459084
v 0.1160095 0.3135884 0.2212526
v 0.1147620 0.3131909 0.2179452
v 0.1132594 0.3142939 0.2119470
v 0.1132170 0.3159453 0.2075390
v 0.1134734 0.3173021 0.2017187
v 0.1139684 0.3182587 0.1958709
v 0.1143132 0.3183193 0.1926002
v 0.1149060 0.3122036 0.2626573
v 0.1151442 0.3139824 0.2470677
v 0.1157999 0.3198324 0.2183063
v 0.1141900 0.3202031 0.2128986
v 0.1140510 0.3210732 0.2077978
v 0.1141811 0.3219939 0.2020836
v 0.1146745 0.3228142 0.1955374
v 0.1149578 0.3231092 0.1931909
v 0.1158893 0.3228828 0.2143846
v 0.1156930 0.3241842 0.2070665
v 0.1157436 0.3249457 0.2011756
v 0.1159626 0.3255140 0.1952806
v 0.1163653 0.3259863 0.1935543
v 0.1100706 0.2550193 0.2586562
v 0.1098059 0.2553295 0.2546843
v 0.1099877 0.2548801 0.2502717
v 0.1101761 0.2557590 0.2469329
v 0.1091076 0.2579923 0.2744596
v 0.1093691 0.2583477 0.2643297
v 0.1090146 0.2585181 0.2611659
v 0.1090827 0.2589540 0.2554487
v 0.1096689 0.2592083 0.2503206
v 0.1101762 0.2608527 0.2475687
v 0.1079128 0.2625681 0.2750089
v 0.1079502 0.2632447 0.2649164
v 0.1075903 0.2650637 0.2620655
v 0.1084330 0.2650615 0.2560587
v 0.1095796 0.2656228 0.2511232
v 0.1102869 0.2641437 0.2479794
v 0.1072090 0.2679740 0.2756637
v 0.1071716 0.2688125 0.2655904
v 0.1072816 0.2704150 0.2614961
v 0.1084748 0.2720320 0.2561058
v 0.1097201 0.2716406 0.2522509
v 0.1086433 0.2744702 0.2764696
v 0.1085659 0.2755641 0.2664271
v 0.1073197 0.2760436 0.2618087
v 0.1079529 0.2746243 0.2588810
v 0.1096664 0.2738342 0.2542895
v 0.1084579 0.2780720 0.2769082
v 0.1082934 0.2792646 0.2668771
v 0.1074260 0.2800323 0.2623599
v 0.1088953 0.2815074 0.2593403
v 0.1075912 0.2850176 0.2777499
v 0.1074392 0.2851432 0.2675885
v 0.1076793 0.2854479 0.2630600
v 0.1084735 0.2867159 0.2610586
v 0.1085736 0.2901557 0.2783860
v 0.1084681 0.2912199 0.2683397
v 0.1085915 0.2917926 0.2645925
v 0.1089896 0.2912733 0.2611837
v 0.1099808 0.2946554 0.2789477
v 0.1099276 0.2958434 0.2689169
v 0.1095821 0.2953016 0.2661614
v 0.1333305 0.3077677 0.2488671
v 0.1332420 0.3064640 0.2595346
v 0.1335557 0.3055804 0.2486639
v 0.1334682 0.3042917 0.2592087
v 0.1293005 0.3138834 0.2497300
v 0.1292173 0.3126140 0.2601076
v 0.1308441 0.3113410 0.2498700
v 0.1306798 0.3112207 0.2515484
v 0.1306275 0.3104382 0.2577579
v 0.1307743 0.3101634 0.2593455
v 0.1314860 0.3089270 0.2493478
v 0.1319718 0.3081557 0.2511188
v 0.1319195 0.3073855 0.2574207
v 0.1314112 0.3077210 0.2593332
v 0.1318507 0.3047770 0.2489507
v 0.1323642 0.3044531 0.2506376
v 0.1323113 0.3036753 0.2570024
v 0.1317635 0.3035938 0.2586892
v 0.1314794 0.3011080 0.2481155
v 0.1315582 0.3012520 0.2502834
v 0.1315061 0.3004847 0.2565621
v 0.1313897 0.2998277 0.2586414
v 0.1307899 0.2987093 0.2475820
v 0.1306988 0.2973678 0.2585587
v 0.1272825 0.3148565 0.2494780
v 0.1271906 0.3135034 0.2605499
v 0.1268789 0.3112696 0.2486104
v 0.1267800 0.3098139 0.2605214
v 0.1284036 0.3087181 0.2483113
v 0.1283047 0.3072623 0.2602222
v 0.1291237 0.3049563 0.2478575
v 0.1290248 0.3035006 0.2597685
v 0.1278122 0.3014089 0.2474263
v 0.1277135 0.2999564 0.2593111
v 0.1291185 0.2977362 0.2473118
v 0.1290251 0.2963616 0.2585592
v 0.1221237 0.3164321 0.2497239
v 0.1224452 0.3160352 0.2531505
v 0.1223976 0.3155455 0.2571951
v 0.1220333 0.3151022 0.2606063
v 0.1230866 0.3159556 0.2491440
v 0.1231870 0.3148984 0.2538706
v 0.1231411 0.3146065 0.2563333
v 0.1229876 0.3144981 0.2610701
v 0.1236925 0.3120779 0.2486828
v 0.1235936 0.3106222 0.2605937
v 0.1245647 0.2994398 0.2471454
v 0.1244658 0.2979841 0.2590564
v 0.1259497 0.2957094 0.2468248
v 0.1251328 0.2957689 0.2513455
v 0.1251565 0.2954760 0.2539481
v 0.1258528 0.2942835 0.2584919
v 0.1245946 0.2948697 0.2472390
v 0.1245700 0.2945007 0.2505527
v 0.1245663 0.2940173 0.2545505
v 0.1245064 0.2935710 0.2578655
v 0.1200475 0.3157580 0.2536994
v 0.1200065 0.3154083 0.2565708
v 0.1201679 0.3140885 0.2536423
v 0.1203367 0.3137317 0.2563485
v 0.1200793 0.3116692 0.2486028
v 0.1199804 0.3102135 0.2605138
v 0.1211633 0.2992848 0.2470982
v 0.1210644 0.2978291 0.2590092
v 0.1223129 0.2953260 0.2465710
v 0.1218921 0.2956769 0.2513250
v 0.1218727 0.2953572 0.2540466
v 0.1222130 0.2938585 0.2585872
v 0.1228079 0.2947445 0.2470848
v 0.1222530 0.2942351 0.2508730
v 0.1223192 0.2938333 0.2542150
v 0.1226271 0.2934015 0.2579127
v 0.1166616 0.3159224 0.2496218
v 0.1165713 0.3145937 0.2604932
v 0.1158058 0.3153277 0.2490815
v 0.1157080 0.3138881 0.2608604
v 0.1173598 0.3096305 0.2483311
v 0.1172609 0.3081747 0.2602420
v 0.1159283 0.3066130 0.2479504
v 0.1158294 0.3051573 0.2598614
v 0.1194384 0.2997704 0.2471433
v 0.1193395 0.2983147 0.2590542
v 0.1183167 0.2954052 0.2468088
v 0.1182212 0.2939996 0.2583093
v 0.1129178 0.3134398 0.2493567
v 0.1117534 0.3118287 0.2522860
v 0.1116000 0.3110815 0.2570605
v 0.1128351 0.3121436 0.2601176
v 0.1115274 0.3108739 0.2528428
v 0.1115085 0.3104654 0.2558495
v 0.1134372 0.3058041 0.2483652
v 0.1120748 0.3052835 0.2514778
v 0.1120104 0.3047857 0.2555462
v 0.1133470 0.3044770 0.2592233
v 0.1149327 0.2992047 0.2470367
v 0.1148338 0.2977490 0.2589477
v 0.1152019 0.2963919 0.2470241
v 0.1150961 0.2950411 0.2583188
v 0.1110544 0.3106308 0.2534307
v 0.1110288 0.3103914 0.2552252
v 0.1116047 0.3052293 0.2522638
v 0.1115730 0.3049330 0.2542626
v 0.1026522 0.3000820 0.2649339
v 0.1031128 0.2973103 0.2651985
v 0.1035185 0.2941184 0.2647194
v 0.1049231 0.3054582 0.2632359
v 0.1051106 0.3009982 0.2640264
v 0.1062513 0.2978397 0.2635847
v 0.1057823 0.2944651 0.2635734
v 0.1047871 0.2925078 0.2628469
v 0.1067719 0.3081171 0.2612061
v 0.1071572 0.3060401 0.2620832
v 0.1085315 0.3031843 0.2614259
v 0.1072078 0.2975984 0.2625837
v 0.1083514 0.3086398 0.2596439
v 0.1093640 0.3068329 0.2596306
v 0.1090090 0.3038152 0.2604923
v 0.0980215 0.2992110 0.2653250
v 0.0982816 0.2970933 0.2654297
v 0.0983976 0.2946330 0.2647247
v 0.1000227 0.3068140 0.2633074
v 0.0996539 0.3034687 0.2642862
v 0.1006076 0.3012410 0.2648486
v 0.1002621 0.2978159 0.2655318
v 0.1014200 0.2931636 0.2640916
v 0.1009962 0.2918018 0.2623779
v 0.1019779 0.3082037 0.2624779
v 0.1026102 0.3064235 0.2632783
v 0.1035617 0.2916091 0.2609325
v 0.1049637 0.3093780 0.2607816
v 0.1054307 0.2967115 0.2603181
v 0.1047322 0.2964021 0.2585178
v 0.1069665 0.3099093 0.2577296
v 0.1090718 0.3081756 0.2577684
v 0.1069888 0.3035335 0.2574328
v 0.1079605 0.3089479 0.2553560
v 0.1079466 0.3083502 0.2543198
v 0.0952520 0.3035906 0.2635546
v 0.0952265 0.3003992 0.2644315
v 0.0952186 0.2970776 0.2645508
v 0.0961290 0.2937252 0.2632584
v 0.0976228 0.3082224 0.2621047
v 0.0970528 0.3047667 0.2631361
v 0.0969499 0.3005319 0.2632926
v 0.0986348 0.2923298 0.2628052
v 0.0991132 0.2910131 0.2605409
v 0.0993708 0.3111444 0.2598585
v 0.0991342 0.3087864 0.2615585
v 0.0995471 0.3061914 0.2610979
v 0.1014246 0.2903103 0.2582110
v 0.1012855 0.2891978 0.2557497
v 0.1009370 0.3118382 0.2581066
v 0.1025683 0.3110099 0.2592794
v 0.1048754 0.2957388 0.2562653
v 0.1037086 0.2901674 0.2564681
v 0.1029126 0.2891556 0.2549090
v 0.1031074 0.3117142 0.2566720
v 0.1049260 0.3109934 0.2552806
v 0.1065633 0.3030024 0.2543630
v 0.1061118 0.2946669 0.2536096
v 0.1061935 0.2887879 0.2520410
v 0.1060440 0.3097772 0.2524301
v 0.1081249 0.3072796 0.2524986
v 0.1086795 0.2982541 0.2497179
v 0.1086686 0.2973363 0.2498357
v 0.1092050 0.2921315 0.2493998
v 0.1080368 0.2884387 0.2496184
v 0.1084571 0.2867724 0.2479811
v 0.1083668 0.3074552 0.2492986
v 0.1105224 0.3039841 0.2480817
v 0.1099028 0.3001480 0.2485729
v 0.1103300 0.2972429 0.2479250
v 0.1104583 0.2932414 0.2480600
v 0.1105091 0.2893330 0.2468153
v 0.1097529 0.2873139 0.2468769
v 0.1099645 0.3062240 0.2468099
v 0.1111714 0.3047563 0.2459530
v 0.1122685 0.3009555 0.2457051
v 0.1126503 0.2969899 0.2448544
v 0.1122996 0.2936231 0.2448008
v 0.1119755 0.2912062 0.2448588
v 0.1126896 0.3036056 0.2437390
v 0.1135674 0.3013847 0.2432894
v 0.1137456 0.2982482 0.2430301
v 0.1137439 0.2955451 0.2420376
v 0.0909247 0.2978278 0.2628325
v 0.0924243 0.3069334 0.2613693
v 0.0927327 0.3037223 0.2626486
v 0.0915052 0.3008047 0.2630003
v 0.0927038 0.2961780 0.2632195
v 0.0933425 0.2936972 0.2619110
v 0.0941671 0.2916593 0.2600667
v 0.0945013 0.3104967 0.2599897
v 0.0941145 0.3088365 0.2609906
v 0.0955948 0.2904929 0.2586103
v 0.0968418 0.3116891 0.2588779
v 0.0990845 0.2895234 0.2571522
v 0.0993622 0.2887406 0.2552947
v 0.0988635 0.3127517 0.2558916
v 0.1004288 0.3104472 0.2562132
v 0.1019422 0.2879530 0.2532602
v 0.1006037 0.3124125 0.2529724
v 0.1012467 0.3119049 0.2508669
v 0.1038834 0.2873544 0.2516903
v 0.1044687 0.2862487 0.2496754
v 0.1045016 0.3104836 0.2508850
v 0.1060414 0.2973133 0.2498758
v 0.1065562 0.2875570 0.2488225
v 0.1063060 0.2858982 0.2479331
v 0.1061219 0.3092625 0.2485381
v 0.1073506 0.3081883 0.2473230
v 0.1085053 0.3036981 0.2462785
v 0.1077905 0.2989495 0.2474859
v 0.1081799 0.2970986 0.2472099
v 0.1094365 0.2858434 0.2450548
v 0.1086938 0.2841731 0.2431525
v 0.1091664 0.3069176 0.2446683
v 0.1099372 0.3056089 0.2444531
v 0.1129510 0.2922483 0.2426705
v 0.1121972 0.2898644 0.2434657
v 0.1112634 0.2864881 0.2418899
v 0.1095392 0.2842752 0.2420566
v 0.1120719 0.3047402 0.2418822
v 0.1135884 0.3016217 0.2412729
v 0.1144582 0.2967913 0.2399435
v 0.1136121 0.2933910 0.2403629
v 0.1127655 0.2896159 0.2394421
v 0.1119422 0.2872323 0.2390742
v 0.1122112 0.3046731 0.2390649
v 0.1142900 0.3017416 0.2383138
v 0.1147191 0.2991548 0.2374354
v 0.1143232 0.2956536 0.2370206
v 0.1135878 0.2926591 0.2370228
v 0.0885781 0.2997423 0.2616292
v 0.0885987 0.2964661 0.2612534
v 0.0889642 0.2945033 0.2604941
v 0.0896365 0.3076352 0.2595356
v 0.0890089 0.3043287 0.2605489
v 0.0889311 0.3021389 0.2613638
v 0.0905733 0.2928469 0.2599078
v 0.0913659 0.2913606 0.2585915
v 0.0916874 0.3109484 0.2583992
v 0.0908489 0.3094517 0.2591368
v 0.0935609 0.3001176 0.2586110
v 0.0951047 0.2948128 0.2568515
v 0.0926773 0.2898149 0.2566076
v 0.0941005 0.2885410 0.2543131
v 0.0937385 0.3131126 0.2556770
v 0.0951751 0.3060622 0.2569631
v 0.0955711 0.2982656 0.2564044
v 0.0971937 0.2878417 0.2531940
v 0.0967049 0.3134571 0.2532591
v 0.0987948 0.3084020 0.2530845
v 0.0975131 0.3054173 0.2544219
v 0.1000615 0.2952720 0.2514943
v 0.0991220 0.2925000 0.2524649
v 0.0986523 0.2867980 0.2509843
v 0.0982836 0.3129629 0.2507631
v 0.1017076 0.2952465 0.2497122
v 0.1017927 0.2852235 0.2469803
v 0.1019167 0.3112231 0.2484069
v 0.1028148 0.3060995 0.2486950
v 0.1023436 0.3026435 0.2491473
v 0.1043586 0.3007947 0.2469355
v 0.1029379 0.2950437 0.2483772
v 0.1022850 0.2875799 0.2449595
v 0.1027598 0.2852931 0.2450493
v 0.1046308 0.2833757 0.2435385
v 0.1035182 0.3100913 0.2457685
v 0.1046768 0.3093503 0.2443686
v 0.1055008 0.3030965 0.2427903
v 0.1061053 0.2828847 0.2416864
v 0.1066998 0.3080549 0.2420937
v 0.1063196 0.3040082 0.2419352
v 0.1088916 0.2850542 0.2413900
v 0.1087368 0.2836070 0.2387832
v 0.1081852 0.3069708 0.2393073
v 0.1098079 0.3060556 0.2387603
v 0.1112085 0.2867404 0.2368878
v 0.1099153 0.2845022 0.2372870
v 0.1111152 0.3049888 0.2367939
v 0.1129889 0.3030767 0.2355510
v 0.1132199 0.2988656 0.2353134
v 0.1136649 0.2950898 0.2346082
v 0.1126214 0.2914990 0.2349831
v 0.1135616 0.3014486 0.2343539
v 0.1137650 0.2988074 0.2336993
v 0.1132134 0.2959250 0.2330393
v 0.0853934 0.3005266 0.2593060
v 0.0853203 0.2967446 0.2592532
v 0.0862207 0.2934926 0.2582563
v 0.0865147 0.3080030 0.2569837
v 0.0862842 0.3044386 0.2585513
v 0.0862258 0.2934657 0.2562833
v 0.0875233 0.2899723 0.2547353
v 0.0888023 0.3114211 0.2561692
v 0.0878304 0.3097138 0.2567839
v 0.0915712 0.2881880 0.2528923
v 0.0907446 0.3130569 0.2530781
v 0.0899890 0.3099205 0.2522127
v 0.0938094 0.2870895 0.2508872
v 0.0930608 0.3141859 0.2507537
v 0.0928311 0.3082882 0.2491084
v 0.0947893 0.2903731 0.2467635
v 0.0959301 0.2854038 0.2472951
v 0.0949841 0.3137367 0.2487886
v 0.0962428 0.3063291 0.2453830
v 0.0982373 0.2839172 0.2440972
v 0.0978147 0.3124377 0.2460583
v 0.0994306 0.3120142 0.2471163
v 0.0998387 0.2879756 0.2430610
v 0.1020662 0.2870865 0.2420353
v 0.1018265 0.2830494 0.2425607
v 0.1009287 0.3106220 0.2423885
v 0.1005251 0.3062056 0.2410065
v 0.1008147 0.3043140 0.2409669
v 0.1035550 0.2853788 0.2385552
v 0.1039496 0.2821153 0.2395359
v 0.1047332 0.3085546 0.2393840
v 0.1042150 0.3048591 0.2397633
v 0.1052879 0.2849161 0.2380065
v 0.1055396 0.2838731 0.2367193
v 0.1063691 0.3073643 0.2365885
v 0.1077557 0.3067604 0.2367124
v 0.1095716 0.2867240 0.2336188
v 0.1086305 0.2846600 0.2344628
v 0.1091300 0.3054746 0.2341330
v 0.1111374 0.2985899 0.2320547
v 0.1110315 0.2912284 0.2323956
v 0.1114829 0.3028839 0.2322370
v 0.1113491 0.2989734 0.2305677
v 0.1116108 0.2958686 0.2305711
v 0.0842813 0.3020077 0.2579550
v 0.0830435 0.2961709 0.2566692
v 0.0830830 0.2936696 0.2563716
v 0.0842683 0.3080241 0.2548767
v 0.0841056 0.3043512 0.2566787
v 0.0855103 0.2956024 0.2565385
v 0.0857059 0.2897531 0.2533580
v 0.0859009 0.3113634 0.2539274
v 0.0849628 0.3097809 0.2542570
v 0.0889173 0.2878430 0.2510700
v 0.0880980 0.3120365 0.2520463
v 0.0885904 0.3103813 0.2525050
v 0.0904169 0.2866935 0.2488220
v 0.0911475 0.2854265 0.2457612
v 0.0919414 0.3080796 0.2474845
v 0.0941438 0.2902848 0.2458125
v 0.0934984 0.2850756 0.2457273
v 0.0944445 0.3137125 0.2471152
v 0.0937888 0.3069268 0.2451354
v 0.0959789 0.2835575 0.2423505
v 0.0962137 0.3127849 0.2447851
v 0.0992608 0.2868544 0.2384502
v 0.0990002 0.2825525 0.2402644
v 0.0987189 0.3111949 0.2408296
v 0.1019591 0.2854661 0.2372460
v 0.1014008 0.2815788 0.2368238
v 0.1012550 0.3094811 0.2366246
v 0.1022846 0.2849621 0.2352304
v 0.1036525 0.2839805 0.2352077
v 0.1018781 0.2812834 0.2335806
v 0.1035488 0.3079498 0.2334893
v 0.1050469 0.2833932 0.2315283
v 0.1055826 0.3064544 0.2311041
v 0.1085591 0.2927635 0.2285312
v 0.1063700 0.2879844 0.2289852
v 0.1070944 0.3050855 0.2295090
v 0.1085370 0.3025031 0.2279769
v 0.1097975 0.2984795 0.2279169
v 0.1094319 0.2960054 0.2279940
v 0.0805093 0.3003778 0.2549475
v 0.0804306 0.2968583 0.2553681
v 0.0812870 0.2935258 0.2547413
v 0.0824448 0.2912927 0.2535930
v 0.0810470 0.3043534 0.2536938
v 0.0830521 0.2895475 0.2511605
v 0.0831394 0.3114829 0.2512547
v 0.0822496 0.3097129 0.2514695
v 0.0863245 0.2875448 0.2490007
v 0.0871125 0.3146465 0.2486408
v 0.0856168 0.3138453 0.2499981
v 0.0879538 0.2863893 0.2468368
v 0.0896089 0.2852501 0.2444694
v 0.0881456 0.3148411 0.2476086
v 0.0891602 0.3148085 0.2465341
v 0.0887668 0.3083149 0.2452235
v 0.0901990 0.2909426 0.2443215
v 0.0913065 0.2841735 0.2420579
v 0.0906413 0.3144214 0.2448810
v 0.0927454 0.3063840 0.2421552
v 0.0930258 0.2832225 0.2397570
v 0.0930429 0.3133377 0.2420679
v 0.0948616 0.3123189 0.2396708
v 0.0939849 0.3056385 0.2406799
v 0.0948603 0.3050707 0.2394893
v 0.0952806 0.2821629 0.2368907
v 0.0966431 0.3112090 0.2370161
v 0.0963401 0.3038869 0.2366685
v 0.0977156 0.2865886 0.2359776
v 0.0984359 0.2813430 0.2342609
v 0.0985094 0.3099961 0.2342115
v 0.0988370 0.2850431 0.2315007
v 0.0992281 0.2848391 0.2311480
v 0.1008933 0.3084016 0.2309236
v 0.1029299 0.3068500 0.2283669
v 0.1060638 0.2987266 0.2275779
v 0.1043891 0.3054470 0.2266405
v 0.1057071 0.3028369 0.2249687
v 0.1060768 0.2987220 0.2255671
v 0.0772939 0.3003093 0.2517351
v 0.0777194 0.2965477 0.2519919
v 0.0778286 0.2934563 0.2514955
v 0.0789500 0.2912110 0.2504315
v 0.0801983 0.3073232 0.2511984
v 0.0789488 0.3046835 0.2513296
v 0.0799261 0.2955126 0.2507444
v 0.0804682 0.2894997 0.2488816
v 0.0801468 0.3116843 0.2481352
v 0.0811082 0.3097849 0.2505583
v 0.0830010 0.2874256 0.2461765
v 0.0830818 0.3146008 0.2459649
v 0.0816804 0.3135820 0.2471933
v 0.0847764 0.2862367 0.2440825
v 0.0865540 0.2850895 0.2417368
v 0.0851661 0.3151174 0.2440061
v 0.0867882 0.3081202 0.2425829
v 0.0875717 0.2904905 0.2401169
v 0.0882841 0.2840403 0.2393131
v 0.0872404 0.3147910 0.2419608
v 0.0899637 0.2831258 0.2369483
v 0.0907553 0.3132688 0.2382285
v 0.0921363 0.2821001 0.2339026
v 0.0937179 0.3116155 0.2345118
v 0.0953240 0.2862071 0.2322586
v 0.0944066 0.2814179 0.2318335
v 0.0980508 0.2810951 0.2316409
v 0.0957139 0.3103586 0.2317182
v 0.0980953 0.2851358 0.2311086
v 0.0986958 0.2847427 0.2302788
v 0.0994167 0.2813273 0.2299048
v 0.0976310 0.3090897 0.2290428
v 0.1015834 0.2835310 0.2276134
v 0.0996519 0.3075729 0.2262967
v 0.1006248 0.3066929 0.2249990
v 0.1033338 0.2879850 0.2259298
v 0.1015278 0.3056919 0.2237843
v 0.1057105 0.2962973 0.2241161
v 0.1047980 0.2929262 0.2246948
v 0.0741295 0.2997389 0.2486520
v 0.0739702 0.2970431 0.2488007
v 0.0746072 0.2937965 0.2481600
v 0.0770674 0.3076453 0.2477913
v 0.0759348 0.3046866 0.2482169
v 0.0745011 0.3017662 0.2482841
v 0.0775132 0.2948461 0.2459764
v 0.0775103 0.2900632 0.2466214
v 0.0771555 0.3117880 0.2449821
v 0.0775949 0.3096254 0.2469023
v 0.0805565 0.2875901 0.2439733
v 0.0801174 0.3148873 0.2423611
v 0.0787139 0.3139075 0.2436264
v 0.0811601 0.3095630 0.2422748
v 0.0826761 0.2915615 0.2391847
v 0.0816228 0.2864880 0.2413486
v 0.0830451 0.2856096 0.2396747
v 0.0816804 0.3152114 0.2409008
v 0.0827661 0.3088258 0.2411884
v 0.0835431 0.3079862 0.2389207
v 0.0840535 0.2909449 0.2383099
v 0.0852101 0.2842738 0.2365624
v 0.0837808 0.3149597 0.2389381
v 0.0838614 0.3075972 0.2378295
v 0.0868044 0.2833894 0.2341286
v 0.0874919 0.3135393 0.2355554
v 0.0905344 0.2821882 0.2323804
v 0.0902052 0.3121892 0.2327438
v 0.0936531 0.2862132 0.2306440
v 0.0930427 0.2814187 0.2296408
v 0.0953796 0.2811204 0.2287840
v 0.0923422 0.3109185 0.2300032
v 0.0946137 0.2851923 0.2279020
v 0.0945417 0.2848976 0.2267684
v 0.0950550 0.2813323 0.2267826
v 0.0952948 0.3089256 0.2258743
v 0.0984396 0.2836964 0.2242771
v 0.0967754 0.3077384 0.2237427
v 0.0992471 0.2899438 0.2209411
v 0.0995422 0.2876838 0.2224350
v 0.1000421 0.3057596 0.2223832
v 0.1019529 0.3030577 0.2212366
v 0.1030959 0.2990161 0.2210381
v 0.1027024 0.2964632 0.2211821
v 0.1017930 0.2930829 0.2217662
v 0.0740665 0.3042949 0.2464687
v 0.0755705 0.2900863 0.2440159
v 0.0755680 0.3108750 0.2441478
v 0.0751589 0.3096285 0.2443068
v 0.0773556 0.2881220 0.2407978
v 0.0821859 0.2915467 0.2386515
v 0.0795215 0.2869899 0.2368691
v 0.0803460 0.2859763 0.2364358
v 0.0818001 0.2910481 0.2364748
v 0.0831182 0.2900691 0.2342341
v 0.0819058 0.2849885 0.2340170
v 0.0831864 0.3074155 0.2365127
v 0.0831296 0.2896259 0.2326468
v 0.0872372 0.2829228 0.2315183
v 0.0841707 0.3136148 0.2326375
v 0.0885139 0.2823849 0.2295106
v 0.0871412 0.3123388 0.2302661
v 0.0883723 0.3050063 0.2278712
v 0.0902852 0.2818532 0.2274229
v 0.0894235 0.3110938 0.2277328
v 0.0896895 0.3073014 0.2266063
v 0.0900672 0.3040629 0.2261283
v 0.0929265 0.2822861 0.2244138
v 0.0940718 0.2814567 0.2252532
v 0.0924015 0.3090877 0.2235872
v 0.0916096 0.3062282 0.2246156
v 0.0959692 0.2841752 0.2217722
v 0.0938636 0.3078711 0.2214132
v 0.0976942 0.3068241 0.2223625
v 0.0977063 0.2902117 0.2194646
v 0.0965489 0.2871079 0.2201198
v 0.0985145 0.3057706 0.2210438
v 0.0995685 0.3030242 0.2190690
v 0.0999056 0.2990007 0.2181245
v 0.0995672 0.2965404 0.2182978
v 0.0987290 0.2933623 0.2188564
v 0.0712341 0.2999740 0.2453407
v 0.0711193 0.2968868 0.2453037
v 0.0715828 0.2944531 0.2447471
v 0.0717369 0.3042939 0.2438623
v 0.0716147 0.3018639 0.2450429
v 0.0709938 0.2956074 0.2423369
v 0.0723156 0.2927904 0.2439856
v 0.0740236 0.2904499 0.2423183
v 0.0731540 0.3111279 0.2411408
v 0.0727632 0.3093530 0.2418031
v 0.0753761 0.2935837 0.2393291
v 0.0767373 0.3147558 0.2391465
v 0.0754366 0.3122130 0.2405777
v 0.0757448 0.3102295 0.2393744
v 0.0760574 0.2942669 0.2360117
v 0.0767365 0.2922083 0.2356998
v 0.0789316 0.2871686 0.2359759
v 0.0782685 0.3151395 0.2377317
v 0.0798355 0.3150715 0.2362806
v 0.0789895 0.3083199 0.2356642
v 0.0796400 0.3079464 0.2349538
v 0.0786546 0.2937697 0.2335377
v 0.0807977 0.2916857 0.2332786
v 0.0801999 0.2854841 0.2327075
v 0.0808866 0.3148189 0.2353335
v 0.0799285 0.3077411 0.2344958
v 0.0835967 0.2890872 0.2311609
v 0.0825896 0.2843436 0.2309210
v 0.0847170 0.2834763 0.2295800
v 0.0825597 0.3135766 0.2310730
v 0.0827181 0.3096909 0.2283974
v 0.0828533 0.3068776 0.2292154
v 0.0844517 0.2883301 0.2292673
v 0.0851282 0.2832355 0.2269213
v 0.0853330 0.3122353 0.2282204
v 0.0858748 0.3081202 0.2285318
v 0.0869450 0.3056158 0.2286720
v 0.0875142 0.2825992 0.2248476
v 0.0871163 0.3110158 0.2258362
v 0.0882106 0.3097818 0.2238560
v 0.0897474 0.2823728 0.2224200
v 0.0902691 0.3086975 0.2220477
v 0.0910305 0.3056928 0.2221169
v 0.0909637 0.3006486 0.2197199
v 0.0934938 0.2863776 0.2183457
v 0.0924418 0.2842583 0.2194576
v 0.0912771 0.3077210 0.2199601
v 0.0929541 0.3056975 0.2187790
v 0.0952976 0.2906217 0.2173173
v 0.0941514 0.2877220 0.2179856
v 0.0947076 0.3052426 0.2177782
v 0.0952190 0.3029010 0.2161511
v 0.0957711 0.2993665 0.2154523
v 0.0953132 0.2961168 0.2156614
v 0.0954119 0.2936215 0.2159787
v 0.0683289 0.2980297 0.2419133
v 0.0688213 0.3043852 0.2402231
v 0.0686251 0.3007866 0.2418775
v 0.0685213 0.2963846 0.2415811
v 0.0693622 0.2943169 0.2392040
v 0.0710858 0.2913453 0.2388528
v 0.0708090 0.3112039 0.2381823
v 0.0700179 0.3091084 0.2386117
v 0.0717633 0.2965814 0.2369304
v 0.0718413 0.2947299 0.2372361
v 0.0726811 0.2898696 0.2373054
v 0.0726887 0.3137914 0.2365990
v 0.0743164 0.3096201 0.2357770
v 0.0761332 0.2874748 0.2340286
v 0.0750056 0.3149471 0.2344960
v 0.0746348 0.3087728 0.2330324
v 0.0757953 0.3079904 0.2313465
v 0.0784995 0.2860242 0.2312190
v 0.0770773 0.3148040 0.2326235
v 0.0773077 0.3072309 0.2300881
v 0.0797233 0.2921344 0.2286854
v 0.0790904 0.2898037 0.2293315
v 0.0805871 0.2848492 0.2280486
v 0.0810007 0.3135004 0.2294877
v 0.0803169 0.3100828 0.2274589
v 0.0793888 0.3071221 0.2283071
v 0.0830101 0.2859064 0.2260065
v 0.0828319 0.2840058 0.2245006
v 0.0825816 0.3117567 0.2241024
v 0.0861966 0.2859740 0.2224769
v 0.0846157 0.2838318 0.2222498
v 0.0842225 0.3108470 0.2228563
v 0.0847519 0.3078546 0.2217269
v 0.0850469 0.3050172 0.2214609
v 0.0858484 0.2852733 0.2196082
v 0.0878744 0.2835592 0.2200278
v 0.0867730 0.3089537 0.2197405
v 0.0862159 0.3062295 0.2199174
v 0.0904060 0.3003739 0.2181827
v 0.0899901 0.2874774 0.2161607
v 0.0899576 0.2846012 0.2181237
v 0.0911319 0.3058312 0.2166898
v 0.0906095 0.3040284 0.2157002
v 0.0895716 0.3002060 0.2167598
v 0.0920998 0.2953756 0.2141700
v 0.0917709 0.2912674 0.2150202
v 0.0915768 0.2883786 0.2161563
v 0.0920781 0.3046342 0.2149156
v 0.0926500 0.3026923 0.2145366
v 0.0934483 0.2992389 0.2140466
v 0.0934282 0.2964103 0.2143283
v 0.0662019 0.3040285 0.2369592
v 0.0661269 0.3010797 0.2384631
v 0.0658831 0.2978785 0.2382699
v 0.0677005 0.2945287 0.2370057
v 0.0695284 0.3107315 0.2369630
v 0.0682023 0.3094085 0.2360309
v 0.0662261 0.3052170 0.2362205
v 0.0679766 0.2969532 0.2358034
v 0.0691967 0.2951005 0.2370587
v 0.0695987 0.2910726 0.2340398
v 0.0693027 0.3128248 0.2336480
v 0.0718426 0.2950272 0.2308211
v 0.0714860 0.2923282 0.2306670
v 0.0724091 0.2888754 0.2309706
v 0.0719999 0.3145865 0.2311705
v 0.0735244 0.2942222 0.2295643
v 0.0737551 0.2934518 0.2280558
v 0.0742095 0.2876970 0.2286734
v 0.0740043 0.3145160 0.2293900
v 0.0759877 0.3071089 0.2283551
v 0.0789175 0.2915195 0.2256780
v 0.0772968 0.2889944 0.2246550
v 0.0764137 0.2863595 0.2252721
v 0.0768469 0.3136800 0.2271404
v 0.0781839 0.3110720 0.2253390
v 0.0770697 0.3080525 0.2258539
v 0.0779020 0.2921057 0.2233153
v 0.0780739 0.2882117 0.2225926
v 0.0797354 0.2852181 0.2220428
v 0.0796289 0.3119987 0.2226503
v 0.0794938 0.2929837 0.2210767
v 0.0826000 0.2853360 0.2189773
v 0.0847872 0.2844139 0.2198735
v 0.0822715 0.3104395 0.2210466
v 0.0825787 0.3080530 0.2202714
v 0.0833174 0.3049698 0.2192776
v 0.0838464 0.2903614 0.2162853
v 0.0842936 0.2869815 0.2163273
v 0.0863281 0.2849305 0.2181507
v 0.0849584 0.3087405 0.2181501
v 0.0849285 0.3062361 0.2182127
v 0.0861454 0.2944201 0.2141332
v 0.0859649 0.2914702 0.2145795
v 0.0860836 0.2883497 0.2154048
v 0.0877064 0.3081478 0.2171961
v 0.0881886 0.3057996 0.2144105
v 0.0884352 0.3025437 0.2128122
v 0.0880110 0.2989116 0.2129958
v 0.0882497 0.2959011 0.2134170
v 0.0890999 0.2919674 0.2141743
v 0.0898953 0.3023894 0.2128543
v 0.0910531 0.2998778 0.2130520
v 0.0643100 0.3032644 0.2347935
v 0.0637196 0.3024410 0.2343540
v 0.0636085 0.2975674 0.2343760
v 0.0646617 0.2946260 0.2328028
v 0.0660674 0.3093403 0.2329781
v 0.0644686 0.3044763 0.2340441
v 0.0655252 0.2971298 0.2335473
v 0.0655650 0.2932096 0.2316616
v 0.0665938 0.2919830 0.2303361
v 0.0665815 0.3119859 0.2309598
v 0.0656097 0.3103644 0.2315758
v 0.0695985 0.2952686 0.2296871
v 0.0696605 0.2919163 0.2289510
v 0.0704941 0.2895702 0.2292731
v 0.0681360 0.3139022 0.2281077
v 0.0711602 0.2942093 0.2272093
v 0.0724742 0.2932753 0.2270016
v 0.0720721 0.2884815 0.2269381
v 0.0713442 0.3140261 0.2253533
v 0.0740667 0.2873482 0.2249812
v 0.0750487 0.2867843 0.2232889
v 0.0734836 0.3132528 0.2231479
v 0.0757199 0.3107870 0.2222324
v 0.0748786 0.3074523 0.2227463
v 0.0763466 0.2925506 0.2216553
v 0.0773776 0.2862658 0.2205447
v 0.0771158 0.3119672 0.2206740
v 0.0802882 0.2923002 0.2193892
v 0.0808097 0.2916279 0.2174747
v 0.0796057 0.2865108 0.2169813
v 0.0789410 0.3109346 0.2182497
v 0.0803517 0.3097716 0.2175777
v 0.0821846 0.2903611 0.2150636
v 0.0821150 0.2876375 0.2156476
v 0.0824012 0.3084979 0.2146907
v 0.0847178 0.3073215 0.2143156
v 0.0835367 0.3021968 0.2126124
v 0.0844473 0.2976585 0.2133035
v 0.0833112 0.2953569 0.2134118
v 0.0841412 0.2909741 0.2148736
v 0.0832076 0.3077516 0.2120742
v 0.0852895 0.3057297 0.2118088
v 0.0862364 0.3027967 0.2118970
v 0.0859500 0.2995557 0.2126144
v 0.0618597 0.3011162 0.2319200
v 0.0614785 0.2980979 0.2312614
v 0.0639712 0.3082496 0.2305601
v 0.0622884 0.3038841 0.2308539
v 0.0616611 0.3019706 0.2309012
v 0.0632769 0.2970325 0.2301633
v 0.0631183 0.2955703 0.2293129
v 0.0650238 0.2924830 0.2284578
v 0.0647977 0.3117464 0.2280519
v 0.0640644 0.3098385 0.2292081
v 0.0661673 0.2948376 0.2268993
v 0.0665258 0.2921448 0.2269904
v 0.0661744 0.3134404 0.2261655
v 0.0687723 0.3032272 0.2246971
v 0.0672608 0.2902825 0.2238878
v 0.0703314 0.2889509 0.2241929
v 0.0687302 0.3138142 0.2235209
v 0.0709240 0.3111515 0.2225004
v 0.0704950 0.3084971 0.2225652
v 0.0728224 0.2918214 0.2209069
v 0.0720205 0.2878744 0.2209560
v 0.0736347 0.2871712 0.2197815
v 0.0716766 0.3130767 0.2213473
v 0.0721723 0.3121625 0.2212716
v 0.0738754 0.3066911 0.2193615
v 0.0744122 0.2933295 0.2199584
v 0.0746367 0.2907494 0.2190937
v 0.0752186 0.2867292 0.2175520
v 0.0745316 0.3117454 0.2180225
v 0.0752438 0.3078810 0.2179520
v 0.0759720 0.2927397 0.2167468
v 0.0756123 0.2903961 0.2151630
v 0.0773335 0.2869863 0.2150154
v 0.0760333 0.3108742 0.2158907
v 0.0783491 0.3083962 0.2150245
v 0.0789774 0.2906066 0.2128572
v 0.0784117 0.2878177 0.2135868
v 0.0790560 0.3085916 0.2126405
v 0.0801073 0.3061077 0.2121780
v 0.0796717 0.3032617 0.2126681
v 0.0817735 0.3078866 0.2109446
v 0.0824734 0.3066113 0.2097723
v 0.0831055 0.3030827 0.2099291
v 0.0607278 0.2988486 0.2301817
v 0.0613109 0.3052631 0.2279409
v 0.0602385 0.3008755 0.2286452
v 0.0603422 0.2977093 0.2285376
v 0.0615188 0.2948982 0.2269931
v 0.0640588 0.3117056 0.2265518
v 0.0625748 0.3095497 0.2263864
v 0.0617544 0.3062407 0.2266743
v 0.0637211 0.2980370 0.2238559
v 0.0628441 0.2943901 0.2250971
v 0.0634264 0.2924270 0.2243587
v 0.0647029 0.3127676 0.2243176
v 0.0630033 0.3085972 0.2234663
v 0.0663988 0.3031960 0.2232548
v 0.0668627 0.2960859 0.2212008
v 0.0663387 0.2930709 0.2215771
v 0.0686704 0.2892226 0.2206789
v 0.0668158 0.3132137 0.2210717
v 0.0668347 0.3090231 0.2208772
v 0.0691798 0.2921631 0.2182191
v 0.0692006 0.2898440 0.2168973
v 0.0679578 0.3127986 0.2190457
v 0.0695977 0.3125442 0.2184282
v 0.0706345 0.3071113 0.2177027
v 0.0701695 0.2925569 0.2158616
v 0.0701673 0.2899310 0.2157701
v 0.0726319 0.2874185 0.2145863
v 0.0719791 0.3111828 0.2156712
v 0.0724161 0.3076762 0.2129727
v 0.0745945 0.2898851 0.2123227
v 0.0744599 0.2873058 0.2129240
v 0.0735893 0.3106958 0.2135101
v 0.0742823 0.3082481 0.2119204
v 0.0739589 0.3060408 0.2118091
v 0.0753828 0.2911177 0.2107829
v 0.0773206 0.3084242 0.2093952
v 0.0784770 0.3069705 0.2088625
v 0.0783468 0.3024201 0.2081408
v 0.0794870 0.3080944 0.2093836
v 0.0796761 0.3069341 0.2075823
v 0.0793518 0.3023393 0.2078665
v 0.0604163 0.2950722 0.2244869
v 0.0610524 0.2980635 0.2231678
v 0.0609868 0.2940683 0.2226592
v 0.0620707 0.2927195 0.2215913
v 0.0643478 0.3126273 0.2213965
v 0.0635376 0.3076842 0.2206906
v 0.0623476 0.3033169 0.2219004
v 0.0651490 0.2963025 0.2189977
v 0.0631027 0.2918233 0.2188568
v 0.0652969 0.2902691 0.2179109
v 0.0653506 0.3127575 0.2193710
v 0.0644501 0.3101610 0.2194412
v 0.0641100 0.2961569 0.2174547
v 0.0677524 0.2919977 0.2161565
v 0.0668758 0.2900281 0.2159593
v 0.0664260 0.3126950 0.2179037
v 0.0673700 0.3118945 0.2160184
v 0.0670937 0.3073782 0.2151971
v 0.0690450 0.2927133 0.2147924
v 0.0689057 0.2892071 0.2135640
v 0.0706306 0.2878914 0.2129648
v 0.0690647 0.3110886 0.2134320
v 0.0719442 0.3076912 0.2125645
v 0.0711195 0.2895825 0.2099898
v 0.0714537 0.2878613 0.2111554
v 0.0706837 0.3104982 0.2108392
v 0.0726361 0.3085449 0.2103847
v 0.0729822 0.3060057 0.2109551
v 0.0728618 0.2913044 0.2092014
v 0.0745288 0.3084748 0.2071945
v 0.0755606 0.3072152 0.2065515
v 0.0756657 0.3026554 0.2060409
v 0.0763368 0.3077046 0.2063458
v 0.0767947 0.3067121 0.2055853
v 0.0625213 0.2917840 0.2168821
v 0.0633216 0.2951614 0.2134226
v 0.0628272 0.2921576 0.2137612
v 0.0643274 0.2902085 0.2136465
v 0.0659490 0.3110131 0.2139492
v 0.0657765 0.3074855 0.2137135
v 0.0647472 0.2938176 0.2104998
v 0.0665822 0.2892835 0.2110311
v 0.0682465 0.3105469 0.2110007
v 0.0667088 0.3081145 0.2096019
v 0.0667771 0.3057734 0.2086832
v 0.0676957 0.2925530 0.2084886
v 0.0691904 0.2902621 0.2086714
v 0.0692740 0.2881393 0.2098071
v 0.0685866 0.3103020 0.2095093
v 0.0693782 0.3094484 0.2078359
v 0.0691199 0.3045246 0.2060783
v 0.0720277 0.3082795 0.2055506
v 0.0720070 0.3056868 0.2046133
v 0.0726698 0.3032479 0.2051213
v 0.0744660 0.3069192 0.2041971
v 0.0630809 0.2914683 0.2117901
v 0.0634702 0.2908747 0.2112056
v 0.0645377 0.2934976 0.2101583
v 0.0642713 0.2904789 0.2104225
v 0.0683480 0.3084986 0.2063023
v 0.0677598 0.3054344 0.2068588
v 0.0782759 0.3049996 0.2211227
v 0.0757538 0.2957112 0.2236975
v 0.0796355 0.3044651 0.2198015
v 0.0770184 0.2948274 0.2224731
v 0.0813877 0.3027404 0.2163807
v 0.0808151 0.3013083 0.2165624
v 0.0791352 0.2950412 0.2183042
v 0.0789111 0.2936363 0.2189474
v 0.0807916 0.3025230 0.2136092
v 0.0781328 0.2927316 0.2163234
v 0.0814312 0.3008291 0.2094518
v 0.0789540 0.2916744 0.2119761
v 0.0812563 0.3002488 0.2070890
v 0.0787583 0.2910495 0.2096392
v 0.0760546 0.3059179 0.2218165
v 0.0734744 0.2964160 0.2244506
v 0.0769482 0.3051138 0.2184218
v 0.0737269 0.2949351 0.2207250
v 0.0781219 0.3040851 0.2158339
v 0.0754562 0.2938299 0.2184506
v 0.0789385 0.3027042 0.2116789
v 0.0762308 0.2925578 0.2146018
v 0.0785361 0.3019154 0.2086328
v 0.0755138 0.2919541 0.2116473
v 0.0795947 0.3004676 0.2055745
v 0.0770083 0.2909425 0.2082149
v 0.0715602 0.3070887 0.2226401
v 0.0705674 0.3045087 0.2233018
v 0.0696422 0.3007668 0.2243589
v 0.0691112 0.2980699 0.2251402
v 0.0726729 0.3072329 0.2221871
v 0.0712093 0.3032878 0.2226273
v 0.0706653 0.3010908 0.2233389
v 0.0699540 0.2972200 0.2249628
v 0.0732933 0.3060670 0.2182800
v 0.0703274 0.2959732 0.2211400
v 0.0759643 0.3021845 0.2068908
v 0.0731853 0.2920109 0.2096457
v 0.0766130 0.3009145 0.2030463
v 0.0751543 0.2973475 0.2045794
v 0.0745191 0.2949907 0.2053652
v 0.0738669 0.2908017 0.2058496
v 0.0757532 0.3003125 0.2023546
v 0.0749545 0.2976748 0.2030820
v 0.0738478 0.2939768 0.2040786
v 0.0733110 0.2913187 0.2048478
v 0.0696676 0.3074996 0.2221361
v 0.0688461 0.3048914 0.2228161
v 0.0677531 0.3011110 0.2238437
v 0.0672013 0.2984170 0.2246539
v 0.0683448 0.3080806 0.2208552
v 0.0682123 0.3039116 0.2218162
v 0.0676339 0.3015253 0.2224251
v 0.0656062 0.2979952 0.2236509
v 0.0695409 0.3068084 0.2172789
v 0.0666169 0.2966731 0.2200301
v 0.0721757 0.3029060 0.2057823
v 0.0696255 0.2926696 0.2085350
v 0.0725199 0.3016609 0.2019334
v 0.0719948 0.2979997 0.2037576
v 0.0713113 0.2955490 0.2044766
v 0.0698006 0.2916463 0.2047095
v 0.0737703 0.3007491 0.2017991
v 0.0730162 0.2980634 0.2025412
v 0.0719535 0.2944004 0.2035461
v 0.0713035 0.2916646 0.2043174
v 0.0655296 0.3083148 0.2195094
v 0.0628651 0.2985027 0.2222296
v 0.0668274 0.3068728 0.2148531
v 0.0642173 0.2966939 0.2177545
v 0.0672149 0.3047584 0.2076054
v 0.0645248 0.2945883 0.2104599
v 0.0689904 0.3039997 0.2066077
v 0.0663586 0.2937778 0.2093326
v 0.0686835 0.3026573 0.2022007
v 0.0659977 0.2928501 0.2049354
v 0.0633750 0.3075171 0.2193767
v 0.0620832 0.3056355 0.2198188
v 0.0611994 0.3023392 0.2206489
v 0.0613459 0.3000446 0.2214481
v 0.0573324 0.2972127 0.2217823
v 0.0606519 0.2922656 0.2065561
v 0.0580611 0.3003758 0.2229277
v 0.0579743 0.2989456 0.2210016
v 0.0581732 0.2976722 0.2189624
v 0.0593909 0.2952372 0.2139302
v 0.0610109 0.2924452 0.2059484
v 0.0622267 0.2934120 0.2044136
v 0.0596988 0.3029232 0.2231892
v 0.0596549 0.3016918 0.2198451
v 0.0603406 0.3001400 0.2170532
v 0.0609691 0.2988943 0.2130405
v 0.0614617 0.2968573 0.2063471
v 0.0630032 0.2962516 0.2036415
v 0.0607235 0.3069465 0.2220464
v 0.0614336 0.3064595 0.2185147
v 0.0626471 0.3043267 0.2115777
v 0.0633674 0.3017655 0.2034432
v 0.0641753 0.3007660 0.2023103
v 0.0604421 0.3094204 0.2203961
v 0.0606597 0.3089072 0.2179465
v 0.0627207 0.3068545 0.2107470
v 0.0627790 0.3060665 0.2079038
v 0.0639314 0.3044052 0.2028467
v 0.0649666 0.3034638 0.2015162
v 0.0610992 0.3115028 0.2178644
v 0.0642985 0.3064557 0.2027753
v 0.0549849 0.2969364 0.2202010
v 0.0551854 0.2949977 0.2175174
v 0.0559320 0.2935531 0.2140624
v 0.0567552 0.2926769 0.2103334
v 0.0578171 0.2926159 0.2071840
v 0.0562397 0.3005089 0.2221756
v 0.0557284 0.2991641 0.2196900
v 0.0557615 0.2974207 0.2177022
v 0.0589469 0.2949772 0.2053026
v 0.0598356 0.2942334 0.2035046
v 0.0564781 0.3030465 0.2220515
v 0.0568608 0.3027619 0.2193158
v 0.0600206 0.2965944 0.2048454
v 0.0606078 0.2968327 0.2029523
v 0.0577143 0.3076922 0.2207583
v 0.0587659 0.3071962 0.2179153
v 0.0618020 0.3009500 0.2014394
v 0.0586732 0.3097645 0.2195914
v 0.0588398 0.3104730 0.2176884
v 0.0599298 0.3092844 0.2135642
v 0.0616524 0.3067186 0.2064191
v 0.0620984 0.3051447 0.2024623
v 0.0622365 0.3036589 0.2010129
v 0.0589464 0.3120475 0.2159823
v 0.0596408 0.3120912 0.2127192
v 0.0605028 0.3111170 0.2091219
v 0.0611423 0.3095832 0.2059906
v 0.0616944 0.3077051 0.2030696
v 0.0533114 0.2966324 0.2193395
v 0.0533201 0.2951290 0.2167380
v 0.0539622 0.2942650 0.2133391
v 0.0544190 0.2929510 0.2098321
v 0.0555948 0.2928294 0.2065394
v 0.0557231 0.2931347 0.2044376
v 0.0532462 0.2993651 0.2189610
v 0.0534735 0.2973289 0.2152114
v 0.0535212 0.2952118 0.2073962
v 0.0539865 0.2949772 0.2057408
v 0.0562661 0.2949542 0.2028616
v 0.0531137 0.3045912 0.2207721
v 0.0563018 0.2976809 0.2018872
v 0.0538091 0.3073708 0.2199453
v 0.0554095 0.3083393 0.2171086
v 0.0575251 0.3013385 0.2006143
v 0.0557666 0.3100148 0.2158487
v 0.0557440 0.3105965 0.2132747
v 0.0584031 0.3078249 0.2058496
v 0.0593565 0.3053344 0.2019211
v 0.0590842 0.3041696 0.2006125
v 0.0570578 0.3125298 0.2147014
v 0.0571776 0.3124595 0.2120803
v 0.0581848 0.3110600 0.2082321
v 0.0587803 0.3100619 0.2052276
v 0.0596053 0.3081584 0.2023617
v 0.0593432 0.3068724 0.2006060
v 0.0500478 0.2978265 0.2185918
v 0.0493198 0.2971396 0.2151203
v 0.0501253 0.2954425 0.2116065
v 0.0510120 0.2950157 0.2089317
v 0.0514030 0.2934570 0.2051848
v 0.0517970 0.2939024 0.2032739
v 0.0502559 0.3019462 0.2203779
v 0.0490647 0.3003772 0.2185460
v 0.0491100 0.2984008 0.2149929
v 0.0505839 0.2957700 0.2065950
v 0.0534927 0.2954926 0.2058218
v 0.0533033 0.2959057 0.2018165
v 0.0498938 0.3044762 0.2198606
v 0.0535458 0.2990941 0.2011401
v 0.0513944 0.3085630 0.2188083
v 0.0547357 0.3019869 0.2004288
v 0.0526668 0.3104857 0.2178790
v 0.0530062 0.3114452 0.2153486
v 0.0528411 0.3109283 0.2117214
v 0.0545792 0.3068730 0.2003612
v 0.0548935 0.3049918 0.1990877
v 0.0541282 0.3127005 0.2138511
v 0.0542901 0.3127042 0.2114142
v 0.0546170 0.3117658 0.2071889
v 0.0543984 0.3102205 0.2043346
v 0.0553848 0.3088362 0.2012659
v 0.0553906 0.3075396 0.1994704
v 0.0446464 0.2988903 0.2169195
v 0.0456289 0.2980502 0.2149456
v 0.0455201 0.2958878 0.2107891
v 0.0471993 0.2945042 0.2078923
v 0.0474063 0.2946726 0.2042639
v 0.0478538 0.2946945 0.2022023
v 0.0450370 0.3030182 0.2186826
v 0.0449153 0.3020816 0.2180393
v 0.0458237 0.2992845 0.2151605
v 0.0487435 0.2959184 0.2048243
v 0.0490828 0.2966622 0.2007519
v 0.0457745 0.3051133 0.2183894
v 0.0509667 0.2996126 0.2004368
v 0.0468576 0.3089785 0.2174593
v 0.0517519 0.3025341 0.1996043
v 0.0471903 0.3114477 0.2163173
v 0.0485235 0.3122317 0.2143503
v 0.0503616 0.3117428 0.2113883
v 0.0515283 0.3078530 0.1990924
v 0.0513359 0.3054690 0.1983277
v 0.0485683 0.3136539 0.2127937
v 0.0496951 0.3132322 0.2099954
v 0.0506741 0.3126721 0.2064439
v 0.0514915 0.3111451 0.2034815
v 0.0515189 0.3094396 0.2003839
v 0.0514236 0.3082412 0.1984241
v 0.0419266 0.2997458 0.2164324
v 0.0427893 0.2988330 0.2133528
v 0.0436984 0.2964176 0.2100017
v 0.0439300 0.2960937 0.2076082
v 0.0450875 0.2953245 0.2039786
v 0.0422677 0.3033280 0.2179542
v 0.0426959 0.3026241 0.2173053
v 0.0439633 0.2994438 0.2145470
v 0.0438159 0.2969760 0.2057088
v 0.0454780 0.2957389 0.2025702
v 0.0455368 0.2973117 0.1992501
v 0.0427587 0.3057765 0.2173132
v 0.0419111 0.3048023 0.2169585
v 0.0463824 0.2992254 0.1981055
v 0.0436664 0.3095258 0.2164134
v 0.0440313 0.3105257 0.2155441
v 0.0476741 0.3033141 0.1970949
v 0.0445658 0.3120488 0.2155219
v 0.0447960 0.3123367 0.2142922
v 0.0463538 0.3125086 0.2093381
v 0.0480554 0.3111918 0.2062244
v 0.0490252 0.3078201 0.1992527
v 0.0477378 0.3061066 0.1968649
v 0.0456492 0.3137581 0.2123834
v 0.0482514 0.3119099 0.2056119
v 0.0480727 0.3117370 0.2026815
v 0.0491547 0.3097306 0.1996096
v 0.0487699 0.3087282 0.1977824
v 0.0392479 0.2999467 0.2152216
v 0.0382025 0.2979507 0.2119547
v 0.0390625 0.2968320 0.2094316
v 0.0396633 0.2960553 0.2058128
v 0.0404481 0.2958369 0.2027158
v 0.0397479 0.3042176 0.2170740
v 0.0393357 0.3025108 0.2162486
v 0.0397981 0.2977020 0.2044179
v 0.0419993 0.2963482 0.2012409
v 0.0432482 0.2969691 0.1996077
v 0.0398300 0.3065630 0.2163615
v 0.0400566 0.3056725 0.2161807
v 0.0436871 0.3003805 0.1971540
v 0.0403862 0.3099042 0.2154544
v 0.0405804 0.3105712 0.2146014
v 0.0431275 0.3063275 0.1983534
v 0.0445341 0.3040469 0.1962309
v 0.0418295 0.3121172 0.2148708
v 0.0416761 0.3127885 0.2133612
v 0.0431240 0.3131860 0.2087154
v 0.0430195 0.3120795 0.2046264
v 0.0427671 0.3100191 0.2014304
v 0.0448405 0.3081567 0.1981516
v 0.0459567 0.3074229 0.1967189
v 0.0430730 0.3145309 0.2111318
v 0.0428138 0.3149165 0.2073363
v 0.0435775 0.3139324 0.2045639
v 0.0440918 0.3127117 0.2011766
v 0.0445122 0.3109908 0.1984966
v 0.0344725 0.3008570 0.2137017
v 0.0355646 0.2994022 0.2117919
v 0.0370252 0.2979468 0.2084625
v 0.0378240 0.2968927 0.2051470
v 0.0374975 0.2966976 0.2022955
v 0.0372474 0.3050759 0.2161018
v 0.0351602 0.3035059 0.2150584
v 0.0393294 0.2974851 0.2037488
v 0.0387608 0.2974554 0.2014207
v 0.0402321 0.2970074 0.1995606
v 0.0359818 0.3068638 0.2152043
v 0.0352672 0.3071309 0.2145241
v 0.0409373 0.3032601 0.1985190
v 0.0419970 0.3027723 0.1977711
v 0.0370542 0.3108406 0.2141019
v 0.0365850 0.3108040 0.2133610
v 0.0414657 0.3068009 0.1984551
v 0.0391129 0.3121552 0.2141273
v 0.0381781 0.3136088 0.2116897
v 0.0392015 0.3140569 0.2084660
v 0.0427885 0.3108339 0.2002400
v 0.0417844 0.3086595 0.1984094
v 0.0433153 0.3087457 0.1962947
v 0.0383817 0.3153714 0.2096496
v 0.0398749 0.3151460 0.2074590
v 0.0411904 0.3138539 0.2040873
v 0.0419365 0.3127075 0.2007461
v 0.0412652 0.3116719 0.1981003
v 0.0330806 0.3014519 0.2133358
v 0.0324099 0.3003451 0.2112605
v 0.0343909 0.2966824 0.2006256
v 0.0334863 0.3036152 0.2140568
v 0.0340686 0.3067115 0.2141528
v 0.0350205 0.3113428 0.2124544
v 0.0342250 0.3113563 0.2093004
v 0.0360053 0.3139301 0.2109188
v 0.0356483 0.3149696 0.2083031
v 0.0367022 0.3154141 0.2094291
v 0.0363830 0.3156183 0.2067856
v 0.0384757 0.3121758 0.1963004
v 0.0288730 0.3005959 0.2094437
v 0.0275663 0.2999549 0.2074458
v 0.0307700 0.2975032 0.2001472
v 0.0305820 0.3112066 0.2097879
v 0.0313265 0.3140317 0.2090000
v 0.0329534 0.3160922 0.2051251
v 0.0318471 0.3162001 0.2029150
v 0.0348519 0.3129971 0.1958216
v 0.0270486 0.3013318 0.2079572
v 0.0268460 0.3001345 0.2058382
v 0.0275720 0.2989611 0.2023530
v 0.0288170 0.2986582 0.2000420
v 0.0308251 0.3156630 0.2039601
v 0.0309202 0.3156128 0.2015220
v 0.0316516 0.3144561 0.1980291
v 0.0325935 0.3129894 0.1960449
v 0.0273434 0.3152081 0.2024922
v 0.0266370 0.3139666 0.2029075
v 0.0257966 0.3117461 0.2035733
v 0.0245514 0.3106644 0.2040499
v 0.0239014 0.3082359 0.2047291
v 0.0243781 0.3063112 0.2050867
v 0.0240194 0.3039598 0.2056950
v 0.0240124 0.3025390 0.2060243
v 0.0289946 0.3159671 0.2020161
v 0.0277873 0.3138610 0.2027224
v 0.0249689 0.3034920 0.2056300
v 0.0247937 0.3012911 0.2061701
v 0.0305144 0.3162132 0.2016824
v 0.0298858 0.3138276 0.2023478
v 0.0268596 0.3023437 0.2055507
v 0.0260651 0.3000618 0.2062224
v 0.0264778 0.3140044 0.2015741
v 0.0252970 0.3120899 0.2023251
v 0.0244800 0.3096600 0.2025674
v 0.0239250 0.3074651 0.2031028
v 0.0236217 0.3057325 0.2040982
v 0.0236839 0.3034017 0.2045313
v 0.0284767 0.3153945 0.2005695
v 0.0255215 0.3033038 0.2055728
v 0.0246734 0.3009617 0.2045949
v 0.0304647 0.3158405 0.2003948
v 0.0300276 0.3134702 0.2008258
v 0.0269535 0.3018043 0.2040796
v 0.0261644 0.2995632 0.2045981
v 0.0262794 0.3132988 0.1994992
v 0.0253023 0.3114768 0.1999193
v 0.0245152 0.3092563 0.2005776
v 0.0239040 0.3068660 0.2012407
v 0.0235997 0.3050160 0.2017213
v 0.0235677 0.3030086 0.2023692
v 0.0280574 0.3147773 0.1986061
v 0.0267242 0.3138245 0.1985626
v 0.0235972 0.3019580 0.2018722
v 0.0243368 0.3006585 0.2025440
v 0.0312476 0.3151376 0.1980003
v 0.0303289 0.3153142 0.1984767
v 0.0303932 0.3130882 0.1993050
v 0.0272556 0.3011805 0.2026255
v 0.0260965 0.2991332 0.2029638
v 0.0268796 0.2986486 0.2026396
v 0.0317664 0.3148640 0.1972404
v 0.0311957 0.3124909 0.1978332
v 0.0280466 0.3005404 0.2011662
v 0.0273426 0.2982568 0.2019357
v 0.0259588 0.3126059 0.1973329
v 0.0251163 0.3107905 0.1980185
v 0.0242527 0.3083485 0.1986304
v 0.0238152 0.3066157 0.1991102
v 0.0235080 0.3046874 0.1997207
v 0.0233267 0.3026176 0.2001188
v 0.0277107 0.3143110 0.1965815
v 0.0264717 0.3134093 0.1970522
v 0.0233724 0.3016482 0.2003325
v 0.0239869 0.3001799 0.2005227
v 0.0307228 0.3145308 0.1954555
v 0.0296296 0.3147350 0.1960503
v 0.0254107 0.2987249 0.2005157
v 0.0263891 0.2980853 0.2000423
v 0.0325041 0.3144215 0.1961245
v 0.0320033 0.3120553 0.1970343
v 0.0288541 0.3001048 0.2003674
v 0.0280176 0.2977156 0.2008571
v 0.0348866 0.3136511 0.1951753
v 0.0343791 0.3110916 0.1958238
v 0.0312299 0.2991411 0.1991569
v 0.0304815 0.2966578 0.1998562
v 0.0353850 0.3133946 0.1946908
v 0.0369975 0.3122781 0.1945812
v 0.0347225 0.3108806 0.1953919
v 0.0315734 0.2989302 0.1987250
v 0.0328871 0.2964424 0.1990159
v 0.0309109 0.2964162 0.1994262
v 0.0383545 0.3119591 0.1947696
v 0.0342131 0.2961538 0.1991852
v 0.0256722 0.3121056 0.1954748
v 0.0248976 0.3103769 0.1958316
v 0.0240176 0.3079296 0.1965573
v 0.0235191 0.3059404 0.1971074
v 0.0232257 0.3040319 0.1976012
v 0.0230666 0.3022176 0.1982326
v 0.0274110 0.3139677 0.1945085
v 0.0261407 0.3129134 0.1950178
v 0.0230487 0.3011797 0.1982904
v 0.0236156 0.2995647 0.1985256
v 0.0294935 0.3143092 0.1940798
v 0.0293774 0.3112357 0.1939471
v 0.0283504 0.3096912 0.1944363
v 0.0263967 0.3022771 0.1965042
v 0.0265271 0.3004192 0.1969639
v 0.0252342 0.2981458 0.1985878
v 0.0321517 0.3137759 0.1936413
v 0.0323184 0.3127683 0.1934006
v 0.0318385 0.3102805 0.1944635
v 0.0316334 0.3091281 0.1947879
v 0.0295860 0.3013583 0.1969549
v 0.0291952 0.3002497 0.1972612
v 0.0284015 0.2976528 0.1976476
v 0.0277597 0.2971078 0.1982903
v 0.0346999 0.3133756 0.1941414
v 0.0336135 0.3128000 0.1937026
v 0.0335759 0.3098241 0.1944978
v 0.0331755 0.3085570 0.1943007
v 0.0311414 0.3008375 0.1964538
v 0.0309364 0.2998075 0.1972915
v 0.0296273 0.2971707 0.1981374
v 0.0300822 0.2965082 0.1987725
v 0.0353534 0.3133507 0.1945269
v 0.0357630 0.3123830 0.1937694
v 0.0350562 0.3094872 0.1940576
v 0.0337762 0.3081860 0.1938927
v 0.0317874 0.3006390 0.1959976
v 0.0323358 0.2991639 0.1969368
v 0.0316024 0.2965471 0.1982001
v 0.0308823 0.2963837 0.1992591
v 0.0383639 0.3115079 0.1933155
v 0.0341417 0.2957920 0.1976780
v 0.0394118 0.3109230 0.1928968
v 0.0353637 0.2955239 0.1971266
v 0.0253177 0.3116222 0.1936245
v 0.0246024 0.3100539 0.1937487
v 0.0236675 0.3074917 0.1945107
v 0.0231437 0.3053954 0.1950901
v 0.0228477 0.3033949 0.1956060
v 0.0227400 0.3018401 0.1963528
v 0.0270203 0.3135449 0.1926598
v 0.0266530 0.3113089 0.1938644
v 0.0263881 0.3096826 0.1943066
v 0.0246592 0.3031219 0.1961365
v 0.0240882 0.3015762 0.1965789
v 0.0232372 0.2991300 0.1966301
v 0.0294848 0.3136147 0.1918695
v 0.0284196 0.3107021 0.1935702
v 0.0285670 0.3084775 0.1936912
v 0.0270491 0.3027174 0.1952977
v 0.0258821 0.3010727 0.1962559
v 0.0252105 0.2976750 0.1964365
v 0.0258502 0.2971314 0.1960878
v 0.0311405 0.3135948 0.1922612
v 0.0315988 0.3126220 0.1922850
v 0.0312976 0.3100728 0.1932326
v 0.0295350 0.3081146 0.1937345
v 0.0280789 0.3025624 0.1952851
v 0.0286576 0.3000542 0.1960269
v 0.0276605 0.2976042 0.1965969
v 0.0268442 0.2970358 0.1969643
v 0.0339013 0.3122744 0.1917840
v 0.0325969 0.3082737 0.1935840
v 0.0306711 0.3009654 0.1956223
v 0.0295895 0.2965855 0.1962229
v 0.0357476 0.3117152 0.1914873
v 0.0357385 0.3092113 0.1929893
v 0.0329254 0.2985360 0.1959667
v 0.0315899 0.2959381 0.1958770
v 0.0379691 0.3108978 0.1910070
v 0.0338562 0.2952922 0.1953509
v 0.0397949 0.3096862 0.1911122
v 0.0360224 0.2954014 0.1950566
v 0.0403848 0.3081542 0.1903972
v 0.0371712 0.2959353 0.1937922
v 0.0249000 0.3113246 0.1906472
v 0.0240278 0.3094498 0.1912389
v 0.0231047 0.3069238 0.1919903
v 0.0225894 0.3048624 0.1925602
v 0.0222985 0.3028876 0.1930692
v 0.0221281 0.3008056 0.1935810
v 0.0265739 0.3129601 0.1899647
v 0.0256404 0.3082961 0.1916791
v 0.0243023 0.3032183 0.1930953
v 0.0227605 0.2984889 0.1940008
v 0.0285758 0.3126573 0.1901041
v 0.0245877 0.2978145 0.1943320
v 0.0307327 0.3122346 0.1898230
v 0.0268813 0.2970143 0.1941515
v 0.0333626 0.3117584 0.1894422
v 0.0292408 0.2959897 0.1937875
v 0.0352056 0.3112068 0.1893186
v 0.0310699 0.2955396 0.1938054
v 0.0375077 0.3103814 0.1890603
v 0.0334365 0.2949405 0.1933512
v 0.0392830 0.3092421 0.1893924
v 0.0355315 0.2951224 0.1933224
v 0.0403692 0.3078490 0.1901610
v 0.0372137 0.2960071 0.1934356
v 0.0243656 0.3107963 0.1886714
v 0.0234844 0.3089367 0.1892622
v 0.0225869 0.3064778 0.1899938
v 0.0220876 0.3044837 0.1905452
v 0.0218033 0.3025574 0.1910414
v 0.0216479 0.3004831 0.1915479
v 0.0255245 0.3122085 0.1881327
v 0.0219487 0.2986391 0.1919173
v 0.0284981 0.3123129 0.1888092
v 0.0244741 0.2975706 0.1924641
v 0.0307350 0.3118668 0.1882578
v 0.0266072 0.2964380 0.1920130
v 0.0328007 0.3113208 0.1875389
v 0.0287927 0.2956422 0.1919478
v 0.0349155 0.3105572 0.1870624
v 0.0308465 0.2950571 0.1915254
v 0.0370594 0.3098422 0.1871586
v 0.0330800 0.2946119 0.1913461
v 0.0342920 0.2946806 0.1920261
v 0.0240235 0.3105844 0.1865908
v 0.0229005 0.3084112 0.1872999
v 0.0220357 0.3060367 0.1880067
v 0.0215566 0.3041274 0.1885347
v 0.0212802 0.3022622 0.1890149
v 0.0211779 0.2997862 0.1896025
v 0.0257418 0.3120338 0.1859376
v 0.0219387 0.2976017 0.1899628
v 0.0278793 0.3116311 0.1864708
v 0.0241152 0.2970531 0.1900929
v 0.0299660 0.3112150 0.1855795
v 0.0263160 0.2959220 0.1897953
v 0.0324678 0.3106834 0.1852815
v 0.0284647 0.2951998 0.1897012
v 0.0345653 0.3099515 0.1850535
v 0.0305352 0.2946871 0.1894288
v 0.0358565 0.3096400 0.1853865
v 0.0321525 0.2944674 0.1899236
v 0.0241862 0.3109620 0.1842785
v 0.0235070 0.3101299 0.1845975
v 0.0223059 0.3078806 0.1853401
v 0.0214757 0.3055960 0.1860203
v 0.0210180 0.3037769 0.1865236
v 0.0207501 0.3019768 0.1869867
v 0.0206774 0.2993920 0.1875924
v 0.0208512 0.2983064 0.1878083
v 0.0251663 0.3114892 0.1839736
v 0.0215726 0.2970955 0.1879507
v 0.0272072 0.3109845 0.1839074
v 0.0236717 0.2965342 0.1880016
v 0.0296943 0.3105276 0.1831405
v 0.0258196 0.2955696 0.1876130
v 0.0320297 0.3100712 0.1832318
v 0.0279208 0.2948785 0.1874780
v 0.0336868 0.3095985 0.1833661
v 0.0297452 0.2945008 0.1875553
v 0.0236601 0.3104156 0.1823029
v 0.0229573 0.3095776 0.1826279
v 0.0217382 0.3073494 0.1833694
v 0.0209400 0.3051488 0.1840245
v 0.0205022 0.3034131 0.1845049
v 0.0202427 0.3016742 0.1849522
v 0.0201956 0.2990974 0.1855509
v 0.0203867 0.2979936 0.1857675
v 0.0249144 0.3110749 0.1819157
v 0.0211367 0.2967391 0.1859141
v 0.0269039 0.3104093 0.1816040
v 0.0231414 0.2962277 0.1856796
v 0.0298500 0.3097368 0.1809528
v 0.0259051 0.2950872 0.1854049
v 0.0313495 0.3096573 0.1816614
v 0.0274525 0.2946951 0.1857766
v 0.0234735 0.3100858 0.1802063
v 0.0226208 0.3091795 0.1810477
v 0.0213607 0.3069513 0.1818748
v 0.0205820 0.3048028 0.1825140
v 0.0201563 0.3031173 0.1829807
v 0.0199024 0.3014170 0.1834184
v 0.0198802 0.2987796 0.1839483
v 0.0201055 0.2973051 0.1837710
v 0.0246336 0.3105942 0.1798735
v 0.0208490 0.2962324 0.1838791
v 0.0267314 0.3099471 0.1798627
v 0.0229820 0.2957756 0.1837749
v 0.0288120 0.3095773 0.1801192
v 0.0249092 0.2952366 0.1841194
v 0.0231875 0.3096389 0.1787040
v 0.0223465 0.3086928 0.1785599
v 0.0210953 0.3066414 0.1789511
v 0.0201541 0.3041814 0.1799665
v 0.0197439 0.3025580 0.1804161
v 0.0194477 0.3004682 0.1807071
v 0.0195440 0.2980578 0.1815260
v 0.0198670 0.2970382 0.1822184
v 0.0242027 0.3098760 0.1777610
v 0.0229815 0.3090709 0.1772245
v 0.0197573 0.2968357 0.1806371
v 0.0205296 0.2959370 0.1816487
v 0.0257376 0.3101009 0.1774318
v 0.0217631 0.2949108 0.1818158
v 0.0221554 0.3076996 0.1763953
v 0.0211311 0.3061990 0.1769787
v 0.0202328 0.3039533 0.1773907
v 0.0196230 0.3015671 0.1780990
v 0.0194248 0.2997178 0.1787685
v 0.0195549 0.2978313 0.1791476
v 0.0241859 0.3089974 0.1759133
v 0.0230420 0.3082184 0.1757590
v 0.0200143 0.2967290 0.1789635
v 0.0206512 0.2957149 0.1796928
v 0.0252414 0.3089150 0.1753972
v 0.0215832 0.2950092 0.1793319
v 0.0213252 0.3052826 0.1753172
v 0.0204969 0.3033080 0.1758188
v 0.0199546 0.3011366 0.1764194
v 0.0197974 0.2994851 0.1769342
v 0.0232124 0.3070670 0.1744616
v 0.0221785 0.3052827 0.1741434
v 0.0208458 0.3028471 0.1748762
v 0.0203641 0.3009070 0.1754126
v 0.0203971 0.2985224 0.1760289
v 0.0205053 0.2969241 0.1772952
v 0.0249463 0.3080430 0.1743994
v 0.0244335 0.3068643 0.1735847
v 0.0215999 0.2959913 0.1766534
v 0.0215948 0.2952919 0.1780347
v 0.0226430 0.3041003 0.1732288
v 0.0217352 0.3024052 0.1737034
v 0.0212364 0.3003144 0.1742635
v 0.0212313 0.2987431 0.1747229
v 0.0240926 0.3056569 0.1729565
v 0.0235467 0.3042092 0.1726677
v 0.0228672 0.3019088 0.1727003
v 0.0223679 0.2999099 0.1732552
v 0.0218704 0.2978611 0.1745073
v 0.0217482 0.2967450 0.1754795
v 0.0296549 0.3071128 0.1761754
v 0.0280566 0.3076577 0.1762525
v 0.0268653 0.3078606 0.1762892
v 0.0321487 0.3070841 0.1777252
v 0.0304392 0.3076842 0.1773515
v 0.0285505 0.3082768 0.1773637
v 0.0263418 0.3087273 0.1778398
v 0.0344669 0.3068961 0.1796936
v 0.0330201 0.3076566 0.1791336
v 0.0310341 0.3086040 0.1791999
v 0.0291034 0.3092745 0.1795323
v 0.0268452 0.3094746 0.1796258
v 0.0352195 0.3075829 0.1812119
v 0.0334380 0.3086528 0.1810723
v 0.0315682 0.3093675 0.1811323
v 0.0299750 0.3095489 0.1805135
v 0.0373536 0.3073198 0.1837181
v 0.0360441 0.3082520 0.1830448
v 0.0339348 0.3093333 0.1829475
v 0.0378383 0.3080234 0.1851633
v 0.0365540 0.3091018 0.1850347
v 0.0350657 0.3095965 0.1845641
v 0.0386226 0.3085370 0.1871580
v 0.0373568 0.3095287 0.1867539
v 0.0394953 0.3087864 0.1890579
v 0.0286592 0.3049275 0.1743788
v 0.0271693 0.3055558 0.1742459
v 0.0251255 0.3061101 0.1746058
v 0.0312307 0.3049605 0.1759108
v 0.0297378 0.3058558 0.1753099
v 0.0277898 0.3068532 0.1752743
v 0.0256210 0.3075146 0.1758726
v 0.0335614 0.3047663 0.1778951
v 0.0324591 0.3057044 0.1771588
v 0.0308989 0.3066761 0.1764392
v 0.0253960 0.3084759 0.1772847
v 0.0346779 0.3054707 0.1793094
v 0.0337330 0.3066718 0.1787674
v 0.0365551 0.3051457 0.1817155
v 0.0357897 0.3060777 0.1808508
v 0.0374657 0.3060189 0.1833445
v 0.0391003 0.3054927 0.1865321
v 0.0384689 0.3064623 0.1852660
v 0.0396192 0.3062502 0.1877939
v 0.0392877 0.3069250 0.1870816
v 0.0402133 0.3071054 0.1895415
v 0.0399227 0.3077584 0.1889353
v 0.0300644 0.3022433 0.1751458
v 0.0286394 0.3035149 0.1743061
v 0.0266360 0.3037796 0.1737479
v 0.0247940 0.3042298 0.1739345
v 0.0314031 0.3030385 0.1760087
v 0.0298903 0.3039456 0.1748917
v 0.0335180 0.3029174 0.1779424
v 0.0325101 0.3035503 0.1768553
v 0.0355270 0.3029186 0.1803884
v 0.0348067 0.3033774 0.1793591
v 0.0364680 0.3033937 0.1817282
v 0.0376434 0.3035582 0.1837848
v 0.0387222 0.3039190 0.1860150
v 0.0384509 0.3046852 0.1851747
v 0.0394497 0.3043760 0.1877673
v 0.0400545 0.3045354 0.1895948
v 0.0250231 0.3013192 0.1739915
v 0.0244708 0.3016038 0.1740213
v 0.0297096 0.3008421 0.1752819
v 0.0284454 0.3008943 0.1746746
v 0.0260345 0.3016530 0.1739333
v 0.0239439 0.3024263 0.1740634
v 0.0322690 0.3003879 0.1773461
v 0.0309784 0.3007227 0.1761749
v 0.0333176 0.3007205 0.1783094
v 0.0351289 0.3008507 0.1805391
v 0.0343883 0.3007542 0.1795579
v 0.0363113 0.3010664 0.1823357
v 0.0375147 0.3009007 0.1847996
v 0.0373814 0.3015406 0.1841093
v 0.0383465 0.3015650 0.1863780
v 0.0392838 0.3022279 0.1886005
v 0.0397374 0.3022562 0.1901604
v 0.0246104 0.2997856 0.1744292
v 0.0240775 0.3000714 0.1744456
v 0.0291541 0.2987332 0.1758906
v 0.0279532 0.2989526 0.1752421
v 0.0253300 0.2991643 0.1746364
v 0.0232634 0.2996492 0.1748360
v 0.0318699 0.2988739 0.1777869
v 0.0304242 0.2986600 0.1767656
v 0.0327463 0.2986129 0.1789063
v 0.0345734 0.2987539 0.1811481
v 0.0338428 0.2986924 0.1801573
v 0.0357411 0.2989186 0.1829590
v 0.0371896 0.2996785 0.1851544
v 0.0367217 0.2989838 0.1848841
v 0.0377931 0.2995484 0.1869201
v 0.0386063 0.2997407 0.1892646
v 0.0392524 0.3004196 0.1906746
v 0.0288557 0.2976500 0.1764316
v 0.0270481 0.2969857 0.1761598
v 0.0249580 0.2973876 0.1755373
v 0.0231544 0.2980250 0.1756603
v 0.0296931 0.2968381 0.1777003
v 0.0279899 0.2963596 0.1770531
v 0.0319390 0.2969220 0.1796152
v 0.0306244 0.2963863 0.1788586
v 0.0340159 0.2971864 0.1819808
v 0.0330408 0.2966761 0.1812238
v 0.0347961 0.2970521 0.1834884
v 0.0360173 0.2973900 0.1854975
v 0.0370862 0.2977113 0.1877413
v 0.0363877 0.2968571 0.1873503
v 0.0377408 0.2978898 0.1895733
v 0.0384048 0.2983357 0.1912922
v 0.0262892 0.2959246 0.1768949
v 0.0246821 0.2960899 0.1768673
v 0.0227111 0.2967674 0.1771937
v 0.0287326 0.2954652 0.1785692
v 0.0269319 0.2951913 0.1782943
v 0.0247294 0.2953253 0.1785457
v 0.0226848 0.2961323 0.1789605
v 0.0311228 0.2955046 0.1804814
v 0.0296304 0.2949547 0.1801658
v 0.0277217 0.2945969 0.1798219
v 0.0223044 0.2962104 0.1806557
v 0.0319605 0.2951546 0.1821833
v 0.0305108 0.2944320 0.1821840
v 0.0340657 0.2957026 0.1843373
v 0.0328548 0.2949408 0.1839460
v 0.0346736 0.2954268 0.1862852
v 0.0367619 0.2966188 0.1890008
v 0.0355987 0.2955711 0.1882927
v 0.0370322 0.2964312 0.1905279
v 0.0363395 0.2957345 0.1901956
v 0.0374055 0.2963960 0.1925731
v 0.0367535 0.2957250 0.1922881
v 0.0263938 0.2947141 0.1796473
v 0.0250206 0.2949986 0.1797263
v 0.0234371 0.2955784 0.1800345
v 0.0287972 0.2943456 0.1812895
v 0.0269720 0.2945011 0.1810440
v 0.0249719 0.2949598 0.1810400
v 0.0230207 0.2958674 0.1814967
v 0.0311703 0.2943778 0.1831818
v 0.0294794 0.2942043 0.1828909
v 0.0273089 0.2944435 0.1831627
v 0.0252823 0.2950156 0.1834914
v 0.0232629 0.2959783 0.1833120
v 0.0317092 0.2942580 0.1849171
v 0.0296357 0.2942129 0.1850957
v 0.0276929 0.2945663 0.1852610
v 0.0260051 0.2948905 0.1845592
v 0.0340256 0.2946917 0.1872239
v 0.0322921 0.2942750 0.1870134
v 0.0300505 0.2943887 0.1871618
v 0.0343142 0.2946485 0.1888785
v 0.0327424 0.2943753 0.1891738
v 0.0310054 0.2944599 0.1886999
v 0.0350169 0.2948730 0.1909230
v 0.0334035 0.2945214 0.1908994
v 0.0358839 0.2951997 0.1928252
v 0.1398292 0.3121385 0.1872018
v 0.1398860 0.3223406 0.1884491
v 0.1385211 0.3120464 0.1878108
v 0.1385782 0.3222976 0.1890642
v 0.1344596 0.3120639 0.1894733
v 0.1338992 0.3138133 0.1894591
v 0.1339131 0.3202257 0.1902470
v 0.1345138 0.3219284 0.1906766
v 0.1311405 0.3118637 0.1889128
v 0.1311985 0.3222905 0.1901877
v 0.1267916 0.3123040 0.1883479
v 0.1268459 0.3220470 0.1895391
v 0.1248547 0.3121464 0.1879379
v 0.1249113 0.3223199 0.1891818
v 0.1409161 0.3124298 0.1849062
v 0.1409727 0.3225991 0.1861495
v 0.1367963 0.3121867 0.1845712
v 0.1368563 0.3229609 0.1858885
v 0.1341775 0.3120198 0.1858862
v 0.1342377 0.3228348 0.1872085
v 0.1302146 0.3120030 0.1861866
v 0.1302749 0.3228222 0.1875094
v 0.1274580 0.3121822 0.1848461
v 0.1275182 0.3230015 0.1861689
v 0.1235611 0.3123810 0.1859950
v 0.1236179 0.3225745 0.1872413
v 0.1423491 0.3126560 0.1812091
v 0.1419200 0.3163730 0.1813575
v 0.1419723 0.3195035 0.1818920
v 0.1424082 0.3232546 0.1825049
v 0.1380195 0.3124959 0.1817992
v 0.1380798 0.3233152 0.1831220
v 0.1256889 0.3124965 0.1823558
v 0.1257491 0.3233158 0.1836787
v 0.1217905 0.3123294 0.1827161
v 0.1229239 0.3164689 0.1824586
v 0.1229203 0.3194234 0.1827724
v 0.1218523 0.3234340 0.1840738
v 0.1211185 0.3128679 0.1818100
v 0.1211413 0.3162784 0.1826745
v 0.1211309 0.3197953 0.1829520
v 0.1211757 0.3231371 0.1830655
v 0.1421435 0.3130806 0.1775860
v 0.1417350 0.3167384 0.1782585
v 0.1417714 0.3199854 0.1786559
v 0.1422027 0.3237176 0.1788866
v 0.1380957 0.3129431 0.1781386
v 0.1381560 0.3237623 0.1794615
v 0.1252783 0.3129397 0.1787498
v 0.1253386 0.3237590 0.1800727
v 0.1215592 0.3128635 0.1779719
v 0.1227478 0.3167239 0.1793575
v 0.1227630 0.3198818 0.1797442
v 0.1216216 0.3240612 0.1793410
v 0.1209951 0.3132972 0.1784642
v 0.1209519 0.3166938 0.1790931
v 0.1209628 0.3202101 0.1796191
v 0.1210521 0.3235279 0.1797150
v 0.1405945 0.3136313 0.1733531
v 0.1406534 0.3242217 0.1746463
v 0.1366494 0.3132837 0.1754189
v 0.1367096 0.3241029 0.1767417
v 0.1351143 0.3134626 0.1740257
v 0.1351745 0.3242818 0.1753485
v 0.1271301 0.3133678 0.1751641
v 0.1271904 0.3241871 0.1764869
v 0.1223783 0.3135454 0.1745753
v 0.1224377 0.3242087 0.1758790
v 0.1403907 0.3140882 0.1714189
v 0.1398416 0.3171133 0.1703804
v 0.1399362 0.3214614 0.1709078
v 0.1404472 0.3242442 0.1726611
v 0.1370816 0.3172540 0.1705336
v 0.1371056 0.3214220 0.1710431
v 0.1349143 0.3143180 0.1715045
v 0.1350145 0.3168998 0.1706837
v 0.1350424 0.3217525 0.1712685
v 0.1349686 0.3240612 0.1726958
v 0.1277737 0.3141539 0.1720308
v 0.1277220 0.3174897 0.1710685
v 0.1277424 0.3211671 0.1715181
v 0.1278295 0.3241720 0.1732557
v 0.1226713 0.3142762 0.1723334
v 0.1226169 0.3173574 0.1715133
v 0.1225988 0.3210257 0.1719030
v 0.1227216 0.3240261 0.1735214
v 0.1335206 0.3212893 0.1704126
v 0.1298393 0.3213036 0.1706084
v 0.1334798 0.3175648 0.1699321
v 0.1298291 0.3175631 0.1700990
v 0.1398557 0.3276316 0.1684632
v 0.1371876 0.3285838 0.1686111
v 0.1332960 0.3281183 0.1691513
v 0.1296964 0.3278298 0.1692245
v 0.1263475 0.3275813 0.1690594
v 0.1241408 0.3270440 0.1686500
v 0.1412417 0.3252634 0.1682253
v 0.1376454 0.3253043 0.1685299
v 0.1331806 0.3251229 0.1696368
v 0.1301069 0.3250842 0.1697257
v 0.1255909 0.3252046 0.1692037
v 0.1222332 0.3251563 0.1691374
v 0.1206063 0.3236655 0.1686478
v 0.1408699 0.3217154 0.1678719
v 0.1379483 0.3210202 0.1684289
v 0.1336628 0.3217396 0.1687748
v 0.1295045 0.3217221 0.1690329
v 0.1251607 0.3214706 0.1692719
v 0.1227303 0.3214433 0.1691456
v 0.1204197 0.3215351 0.1683150
v 0.1408535 0.3176606 0.1675519
v 0.1379632 0.3182494 0.1680932
v 0.1336463 0.3175423 0.1682455
v 0.1294669 0.3175173 0.1685572
v 0.1252078 0.3177629 0.1687618
v 0.1224801 0.3173801 0.1686975
v 0.1204429 0.3173107 0.1680132
v 0.1410219 0.3142956 0.1667097
v 0.1375827 0.3141036 0.1671348
v 0.1330944 0.3136178 0.1681458
v 0.1299472 0.3136892 0.1682777
v 0.1255688 0.3141354 0.1678470
v 0.1222607 0.3142420 0.1678661
v 0.1205783 0.3157993 0.1675540
v 0.1397673 0.3118413 0.1665154
v 0.1372223 0.3109231 0.1664625
v 0.1332711 0.3111989 0.1670434
v 0.1295957 0.3116395 0.1674175
v 0.1262393 0.3119522 0.1672750
v 0.1240654 0.3125366 0.1669161
v 0.1390118 0.3279814 0.1646160
v 0.1416522 0.3246415 0.1654497
v 0.1342332 0.3250810 0.1661966
v 0.1286753 0.3250770 0.1664817
v 0.1420054 0.3221579 0.1644578
v 0.1358765 0.3227710 0.1658290
v 0.1347932 0.3233204 0.1659520
v 0.1280956 0.3233156 0.1662956
v 0.1270062 0.3227647 0.1662840
v 0.1208606 0.3202054 0.1645218
v 0.1201168 0.3203158 0.1636460
v 0.1420138 0.3174183 0.1642014
v 0.1358456 0.3172145 0.1651497
v 0.1347562 0.3166637 0.1651381
v 0.1280586 0.3166589 0.1654817
v 0.1269753 0.3172083 0.1656047
v 0.1209446 0.3178917 0.1634300
v 0.1415189 0.3154507 0.1638927
v 0.1341766 0.3149022 0.1649521
v 0.1286186 0.3148983 0.1652372
v 0.1248253 0.3130970 0.1652471
v 0.1220693 0.3152771 0.1633708
v 0.1388366 0.3121171 0.1630983
v 0.1315464 0.3112166 0.1628678
v 0.1267147 0.3125109 0.1648317
v 0.1393251 0.3287292 0.1603991
v 0.1370538 0.3293962 0.1623569
v 0.1319728 0.3295586 0.1622365
v 0.1292082 0.3293182 0.1618230
v 0.1261117 0.3287012 0.1619426
v 0.1235752 0.3276718 0.1626118
v 0.1412191 0.3258482 0.1598026
v 0.1214043 0.3258150 0.1630898
v 0.1203874 0.3240865 0.1632259
v 0.1413997 0.3223166 0.1598383
v 0.1207348 0.3206259 0.1610839
v 0.1201519 0.3217309 0.1625266
v 0.1414123 0.3188184 0.1594521
v 0.1209008 0.3182575 0.1603038
v 0.1201939 0.3183023 0.1626818
v 0.1411652 0.3156333 0.1586273
v 0.1247150 0.3135102 0.1615300
v 0.1219886 0.3150862 0.1609158
v 0.1203467 0.3167544 0.1623295
v 0.1392367 0.3127239 0.1584422
v 0.1369549 0.3116280 0.1601844
v 0.1318338 0.3117601 0.1606071
v 0.1291776 0.3121891 0.1602408
v 0.1262674 0.3127230 0.1604066
v 0.1384883 0.3295460 0.1584524
v 0.1364022 0.3297082 0.1575586
v 0.1329637 0.3296016 0.1578781
v 0.1304258 0.3286973 0.1579908
v 0.1235195 0.3284656 0.1568058
v 0.1417445 0.3246983 0.1581799
v 0.1213123 0.3263130 0.1576410
v 0.1416062 0.3228448 0.1574298
v 0.1205753 0.3220977 0.1579255
v 0.1200496 0.3218172 0.1576788
v 0.1416395 0.3183361 0.1571350
v 0.1208013 0.3184587 0.1572706
v 0.1200698 0.3197643 0.1576417
v 0.1416798 0.3171566 0.1571587
v 0.1237744 0.3146247 0.1550732
v 0.1217128 0.3158802 0.1565024
v 0.1382774 0.3126298 0.1547287
v 0.1366411 0.3122996 0.1553603
v 0.1317837 0.3121530 0.1556722
v 0.1234391 0.3140169 0.1550392
v 0.1311713 0.3302287 0.1556781
v 0.1287207 0.3299933 0.1556061
v 0.1256668 0.3294113 0.1558409
v 0.1412787 0.3257038 0.1519722
v 0.1240664 0.3264648 0.1551156
v 0.1236714 0.3263644 0.1559549
v 0.1410461 0.3231161 0.1520704
v 0.1202335 0.3225203 0.1530594
v 0.1411224 0.3200115 0.1529213
v 0.1203526 0.3201217 0.1529966
v 0.1413703 0.3175690 0.1526787
v 0.1245801 0.3142957 0.1545708
v 0.1212967 0.3176253 0.1539473
v 0.1311011 0.3128467 0.1535419
v 0.1286483 0.3130819 0.1535192
v 0.1257987 0.3135667 0.1538161
v 0.1387530 0.3297292 0.1519438
v 0.1376728 0.3298056 0.1506187
v 0.1235401 0.3292145 0.1512739
v 0.1405343 0.3270528 0.1516216
v 0.1247560 0.3269415 0.1511853
v 0.1215428 0.3270666 0.1514692
v 0.1408441 0.3236866 0.1500496
v 0.1205584 0.3231402 0.1501412
v 0.1408258 0.3195967 0.1496130
v 0.1206695 0.3204691 0.1497733
v 0.1404766 0.3164496 0.1503320
v 0.1241761 0.3151753 0.1483055
v 0.1215564 0.3167060 0.1501943
v 0.1388252 0.3138703 0.1502569
v 0.1375851 0.3140519 0.1486922
v 0.1309226 0.3137576 0.1495376
v 0.1234589 0.3146226 0.1494898
v 0.1377311 0.3308499 0.1472457
v 0.1360736 0.3310738 0.1479726
v 0.1321273 0.3311183 0.1482538
v 0.1242122 0.3299784 0.1478426
v 0.1407513 0.3263555 0.1451887
v 0.1254929 0.3280829 0.1469413
v 0.1219681 0.3275150 0.1476948
v 0.1207894 0.3241797 0.1474073
v 0.1208655 0.3201056 0.1470699
v 0.1235704 0.3161708 0.1447471
v 0.1220521 0.3169958 0.1465483
v 0.1376730 0.3137793 0.1457448
v 0.1358084 0.3134764 0.1458327
v 0.1313955 0.3137235 0.1462786
v 0.1285000 0.3143237 0.1466671
v 0.1245675 0.3146550 0.1459370
v 0.1382825 0.3306556 0.1445579
v 0.1352360 0.3317342 0.1429525
v 0.1315871 0.3314152 0.1432602
v 0.1279829 0.3313127 0.1439011
v 0.1251021 0.3306082 0.1441725
v 0.1399752 0.3279367 0.1434916
v 0.1242214 0.3283159 0.1436024
v 0.1223402 0.3285858 0.1450762
v 0.1402526 0.3245606 0.1422478
v 0.1236585 0.3250361 0.1428951
v 0.1401918 0.3207148 0.1419429
v 0.1237321 0.3195675 0.1420143
v 0.1399333 0.3174311 0.1423670
v 0.1273644 0.3192654 0.1413377
v 0.1240234 0.3172137 0.1429906
v 0.1222730 0.3167638 0.1436316
v 0.1381940 0.3146809 0.1426046
v 0.1352149 0.3140556 0.1407880
v 0.1318464 0.3141623 0.1414957
v 0.1279973 0.3143886 0.1417460
v 0.1250280 0.3150103 0.1421946
v 0.1380864 0.3314026 0.1391041
v 0.1351720 0.3315130 0.1399089
v 0.1320675 0.3312982 0.1411647
v 0.1282166 0.3312172 0.1411340
v 0.1258468 0.3310958 0.1406287
v 0.1401429 0.3273930 0.1379607
v 0.1353709 0.3304044 0.1392718
v 0.1276861 0.3299447 0.1416730
v 0.1248494 0.3294477 0.1407405
v 0.1394761 0.3256006 0.1386120
v 0.1400737 0.3200849 0.1369635
v 0.1245107 0.3199239 0.1389769
v 0.1401410 0.3193611 0.1374982
v 0.1347919 0.3163359 0.1375619
v 0.1319291 0.3165553 0.1384935
v 0.1277838 0.3174204 0.1397383
v 0.1251651 0.3189598 0.1392760
v 0.1380257 0.3152805 0.1371908
v 0.1350899 0.3150455 0.1378695
v 0.1320367 0.3150654 0.1391035
v 0.1281270 0.3150577 0.1393753
v 0.1257478 0.3152836 0.1388672
v 0.1380545 0.3313363 0.1364222
v 0.1360403 0.3316530 0.1369550
v 0.1243621 0.3315806 0.1372876
v 0.1394284 0.3292684 0.1362043
v 0.1367037 0.3303784 0.1366614
v 0.1231027 0.3307315 0.1371547
v 0.1394719 0.3260343 0.1356259
v 0.1368910 0.3263156 0.1359761
v 0.1396222 0.3214957 0.1350087
v 0.1391659 0.3178464 0.1350262
v 0.1361402 0.3168540 0.1344243
v 0.1334185 0.3170044 0.1364829
v 0.1242640 0.3169176 0.1353907
v 0.1380023 0.3159350 0.1347429
v 0.1360185 0.3156382 0.1349589
v 0.1241525 0.3156490 0.1354343
v 0.1379651 0.3315730 0.1344182
v 0.1357527 0.3319373 0.1333652
v 0.1298390 0.3325248 0.1349524
v 0.1239945 0.3320436 0.1335890
v 0.1392537 0.3296119 0.1341117
v 0.1366723 0.3311755 0.1329052
v 0.1228083 0.3311607 0.1336574
v 0.1389709 0.3255440 0.1336277
v 0.1369964 0.3265744 0.1338554
v 0.1383536 0.3211181 0.1320216
v 0.1385028 0.3180995 0.1322931
v 0.1354332 0.3173612 0.1310006
v 0.1239052 0.3173498 0.1316188
v 0.1377260 0.3164037 0.1325715
v 0.1357768 0.3161603 0.1313714
v 0.1297429 0.3152537 0.1328408
v 0.1236691 0.3161671 0.1317147
v 0.1341306 0.3322035 0.1302216
v 0.1314906 0.3325350 0.1291520
v 0.1277142 0.3325761 0.1293888
v 0.1249960 0.3321644 0.1306754
v 0.1344325 0.3316190 0.1293804
v 0.1320508 0.3318039 0.1279760
v 0.1269719 0.3318000 0.1282391
v 0.1244617 0.3315817 0.1301396
v 0.1350035 0.3272369 0.1279386
v 0.1325064 0.3279938 0.1275216
v 0.1346484 0.3221827 0.1283260
v 0.1319955 0.3224218 0.1269699
v 0.1349420 0.3184796 0.1275169
v 0.1315224 0.3179809 0.1274148
v 0.1275225 0.3179061 0.1278031
v 0.1245987 0.3174286 0.1284702
v 0.1341593 0.3166934 0.1282522
v 0.1315604 0.3166029 0.1271421
v 0.1276038 0.3166301 0.1272394
v 0.1249569 0.3165792 0.1287905
v 0.1300850 0.3321222 0.1277283
v 0.1288985 0.3321204 0.1277967
v 0.1304853 0.3318515 0.1276578
v 0.1288873 0.3318564 0.1276909
v 0.1348415 0.3274084 0.1261020
v 0.1326263 0.3278604 0.1268323
v 0.1345851 0.3216933 0.1258458
v 0.1319561 0.3228456 0.1265241
v 0.1349039 0.3193158 0.1248617
v 0.1320061 0.3183146 0.1256250
v 0.1286868 0.3176101 0.1259762
v 0.1305090 0.3174612 0.1259355
v 0.1288283 0.3174654 0.1259779
v 0.1377747 0.3162208 0.1323926
v 0.1392333 0.3184392 0.1325618
v 0.1395342 0.3220667 0.1329855
v 0.1395571 0.3259866 0.1334647
v 0.1392797 0.3295092 0.1339164
v 0.1377791 0.3316507 0.1342849
v 0.1363879 0.3155474 0.1324079
v 0.1360517 0.3196349 0.1329330
v 0.1360754 0.3239082 0.1334555
v 0.1360992 0.3281815 0.1339779
v 0.1363856 0.3323081 0.1344639
v 0.1374840 0.3164224 0.1312394
v 0.1386557 0.3180876 0.1314542
v 0.1392183 0.3219471 0.1315264
v 0.1392459 0.3261466 0.1320173
v 0.1387146 0.3300335 0.1329157
v 0.1374984 0.3317057 0.1330939
v 0.1359967 0.3160243 0.1302575
v 0.1360806 0.3323306 0.1323588
v 0.1369914 0.3170758 0.1277966
v 0.1381547 0.3185696 0.1279021
v 0.1386845 0.3223991 0.1280253
v 0.1388286 0.3269343 0.1288697
v 0.1382206 0.3304043 0.1293491
v 0.1370739 0.3318922 0.1296082
v 0.1346639 0.3164309 0.1276263
v 0.1347355 0.3325925 0.1296434
v 0.1313870 0.3165269 0.1264080
v 0.1315403 0.3328563 0.1284917
v 0.1269834 0.3167008 0.1266829
v 0.1270369 0.3326786 0.1287465
v 0.1250831 0.3169545 0.1271140
v 0.1242279 0.3183282 0.1270487
v 0.1253258 0.3244531 0.1294882
v 0.1246232 0.3309124 0.1287377
v 0.1251822 0.3323097 0.1289760
v 0.1365326 0.3176401 0.1240443
v 0.1377492 0.3193212 0.1241816
v 0.1384682 0.3227604 0.1247205
v 0.1385312 0.3267248 0.1253193
v 0.1378118 0.3305757 0.1255576
v 0.1366140 0.3322537 0.1258311
v 0.1345276 0.3173130 0.1237489
v 0.1360901 0.3179548 0.1241606
v 0.1361679 0.3319251 0.1258686
v 0.1347844 0.3326660 0.1254523
v 0.1303739 0.3169487 0.1252307
v 0.1299469 0.3326913 0.1275865
v 0.1285442 0.3169063 0.1257442
v 0.1285411 0.3326556 0.1276839
v 0.1241086 0.3174704 0.1260076
v 0.1230674 0.3186046 0.1250643
v 0.1231268 0.3312108 0.1266310
v 0.1241754 0.3320856 0.1277813
v 0.1212621 0.3203100 0.1239615
v 0.1204131 0.3223719 0.1244827
v 0.1204425 0.3271620 0.1250710
v 0.1213105 0.3298644 0.1251503
v 0.1372699 0.3199526 0.1204479
v 0.1380092 0.3235327 0.1209326
v 0.1380725 0.3270496 0.1213110
v 0.1373307 0.3308678 0.1217825
v 0.1340106 0.3179447 0.1200421
v 0.1352804 0.3185242 0.1203954
v 0.1353571 0.3322885 0.1220783
v 0.1340941 0.3329500 0.1218767
v 0.1308296 0.3178875 0.1202948
v 0.1308116 0.3329668 0.1220524
v 0.1267234 0.3178921 0.1208691
v 0.1257354 0.3184649 0.1201326
v 0.1264687 0.3325838 0.1215238
v 0.1268069 0.3328817 0.1227018
v 0.1246727 0.3180222 0.1212755
v 0.1233734 0.3190428 0.1209326
v 0.1234444 0.3317865 0.1224907
v 0.1247543 0.3326800 0.1230676
v 0.1207791 0.3211873 0.1224336
v 0.1204697 0.3229882 0.1227267
v 0.1205273 0.3273908 0.1232071
v 0.1208111 0.3293582 0.1234641
v 0.1368735 0.3206655 0.1167245
v 0.1376594 0.3239616 0.1173112
v 0.1376584 0.3274905 0.1176218
v 0.1369315 0.3310773 0.1179975
v 0.1336177 0.3184379 0.1164074
v 0.1345853 0.3189789 0.1165753
v 0.1346621 0.3327752 0.1182621
v 0.1337007 0.3333512 0.1182308
v 0.1307022 0.3184362 0.1164139
v 0.1295006 0.3187971 0.1165301
v 0.1295798 0.3330183 0.1182689
v 0.1307854 0.3333834 0.1182414
v 0.1265480 0.3184256 0.1167102
v 0.1265969 0.3189166 0.1167805
v 0.1266746 0.3328738 0.1184870
v 0.1266312 0.3333679 0.1185371
v 0.1245812 0.3187008 0.1169242
v 0.1227894 0.3199448 0.1171467
v 0.1228555 0.3318295 0.1185998
v 0.1246613 0.3330708 0.1186812
v 0.1207947 0.3215151 0.1185301
v 0.1202529 0.3231118 0.1185940
v 0.1202741 0.3275625 0.1190180
v 0.1208419 0.3299943 0.1195668
v 0.1365180 0.3214867 0.1130128
v 0.1370699 0.3243726 0.1125705
v 0.1371087 0.3283458 0.1131399
v 0.1365720 0.3311785 0.1141977
v 0.1336624 0.3188734 0.1129856
v 0.1340680 0.3194787 0.1130033
v 0.1339876 0.3331737 0.1147300
v 0.1335617 0.3337662 0.1148769
v 0.1292025 0.3188051 0.1127994
v 0.1292189 0.3193007 0.1128639
v 0.1301173 0.3334178 0.1147266
v 0.1301089 0.3339145 0.1147830
v 0.1265081 0.3188620 0.1134941
v 0.1265560 0.3193540 0.1135588
v 0.1263015 0.3332333 0.1149777
v 0.1262477 0.3337257 0.1150338
v 0.1224128 0.3206697 0.1138964
v 0.1224754 0.3319132 0.1152710
v 0.1206998 0.3221918 0.1145973
v 0.1203251 0.3237278 0.1145775
v 0.1203509 0.3280331 0.1150227
v 0.1207449 0.3302860 0.1155870
v 0.1361784 0.3217009 0.1103073
v 0.1369270 0.3242950 0.1102563
v 0.1369343 0.3291421 0.1107454
v 0.1362246 0.3316285 0.1115414
v 0.1329807 0.3193476 0.1090451
v 0.1336153 0.3199985 0.1093588
v 0.1336509 0.3335530 0.1109949
v 0.1330498 0.3342538 0.1108742
v 0.1292553 0.3193503 0.1085303
v 0.1294323 0.3198241 0.1087264
v 0.1295207 0.3339027 0.1104465
v 0.1292766 0.3344178 0.1103084
v 0.1267263 0.3194063 0.1090497
v 0.1266589 0.3199174 0.1090399
v 0.1267360 0.3337668 0.1107330
v 0.1267765 0.3342504 0.1109238
v 0.1220676 0.3217626 0.1102000
v 0.1209826 0.3246304 0.1103799
v 0.1210094 0.3288555 0.1108900
v 0.1221589 0.3317747 0.1114446
v 0.1207367 0.3229865 0.1102067
v 0.1205226 0.3246595 0.1106562
v 0.1205322 0.3286121 0.1111947
v 0.1207766 0.3305671 0.1111362
v 0.1357962 0.3221553 0.1070954
v 0.1365237 0.3250031 0.1064506
v 0.1364814 0.3294708 0.1067676
v 0.1358508 0.3319632 0.1082946
v 0.1326306 0.3198057 0.1055772
v 0.1334252 0.3204113 0.1062010
v 0.1318878 0.3273877 0.1051881
v 0.1334214 0.3339058 0.1079227
v 0.1326694 0.3346503 0.1073826
v 0.1301345 0.3195811 0.1066869
v 0.1305527 0.3199396 0.1075395
v 0.1297044 0.3271771 0.1070096
v 0.1306359 0.3340641 0.1092658
v 0.1302102 0.3346132 0.1085957
v 0.1257563 0.3197453 0.1071810
v 0.1250741 0.3201948 0.1075599
v 0.1260627 0.3271556 0.1073514
v 0.1251226 0.3338773 0.1091776
v 0.1258498 0.3343963 0.1090067
v 0.1235663 0.3200192 0.1048576
v 0.1229570 0.3212182 0.1074113
v 0.1223658 0.3236986 0.1072545
v 0.1231960 0.3289402 0.1071421
v 0.1229775 0.3328939 0.1088779
v 0.1236481 0.3347096 0.1066537
v 0.1206122 0.3246439 0.1090817
v 0.1206374 0.3290273 0.1096167
v 0.1354094 0.3228578 0.1020216
v 0.1361068 0.3254274 0.1024997
v 0.1361181 0.3299212 0.1030333
v 0.1354661 0.3324803 0.1031761
v 0.1325458 0.3201914 0.1027339
v 0.1340222 0.3211572 0.1026048
v 0.1324876 0.3276744 0.1028153
v 0.1340845 0.3340285 0.1041929
v 0.1326463 0.3349532 0.1045273
v 0.1275986 0.3350600 0.1036077
v 0.1275168 0.3203696 0.1018115
v 0.1227555 0.3202375 0.1031090
v 0.1228373 0.3349279 0.1049052
v 0.1352865 0.3227890 0.1005502
v 0.1360931 0.3252151 0.1007908
v 0.1361283 0.3301320 0.1013914
v 0.1353688 0.3328992 0.1017845
v 0.1323743 0.3205783 0.1001829
v 0.1337275 0.3211268 0.1004588
v 0.1342707 0.3278567 0.1012434
v 0.1323750 0.3278509 0.1013770
v 0.1338880 0.3345181 0.1020896
v 0.1324846 0.3351885 0.1019959
v 0.1303932 0.3208467 0.0977784
v 0.1304750 0.3355371 0.0995746
v 0.1240949 0.3208269 0.0982270
v 0.1241767 0.3355173 0.1000231
v 0.1228335 0.3205848 0.1002651
v 0.1229153 0.3352751 0.1020612
v 0.1286201 0.3209525 0.0969938
v 0.1282160 0.3356510 0.0987455
v 0.1262128 0.3209546 0.0970862
v 0.1258200 0.3356338 0.0989952
v 0.1362551 0.3251993 0.1003282
v 0.1363084 0.3265251 0.1006169
v 0.1363107 0.3294810 0.1008488
v 0.1363052 0.3305441 0.1010780
v 0.1342408 0.3212829 0.1000761
v 0.1348780 0.3225758 0.1002635
v 0.1355945 0.3244901 0.1004446
v 0.1352369 0.3258255 0.1007603
v 0.1352598 0.3299337 0.1012626
v 0.1356731 0.3311614 0.1012564
v 0.1349988 0.3331531 0.1015561
v 0.1342916 0.3345342 0.1015894
v 0.1328901 0.3208163 0.0999696
v 0.1327850 0.3225085 0.1001452
v 0.1328452 0.3333278 0.1014680
v 0.1328633 0.3350244 0.1016003
v 0.1360935 0.3254969 0.0988972
v 0.1361128 0.3272311 0.0988903
v 0.1361208 0.3298516 0.0992113
v 0.1361709 0.3308056 0.0999779
v 0.1340269 0.3213933 0.0987770
v 0.1344875 0.3226641 0.0979227
v 0.1358889 0.3245528 0.0983642
v 0.1359029 0.3318203 0.0993424
v 0.1345048 0.3337516 0.0992398
v 0.1341325 0.3346939 0.1004414
v 0.1328507 0.3210137 0.0983295
v 0.1329943 0.3226691 0.0977841
v 0.1330560 0.3337387 0.0991375
v 0.1328068 0.3351971 0.1000315
v 0.1309132 0.3207173 0.0981408
v 0.1307804 0.3223368 0.0983453
v 0.1308451 0.3339501 0.0997652
v 0.1308071 0.3355499 0.0998603
v 0.1358373 0.3276302 0.0963487
v 0.1358452 0.3295541 0.0965842
v 0.1336056 0.3218633 0.0949256
v 0.1342538 0.3231670 0.0958151
v 0.1345243 0.3251296 0.0953079
v 0.1357209 0.3265397 0.0955716
v 0.1357590 0.3301469 0.0960110
v 0.1345725 0.3318694 0.0961310
v 0.1343142 0.3336972 0.0970783
v 0.1337531 0.3351487 0.0965625
v 0.1325083 0.3213009 0.0956121
v 0.1329196 0.3230354 0.0960620
v 0.1330828 0.3249240 0.0951821
v 0.1331232 0.3321762 0.0960688
v 0.1329795 0.3337989 0.0973780
v 0.1326424 0.3355436 0.0973758
v 0.1297763 0.3208810 0.0960815
v 0.1292892 0.3235336 0.0957049
v 0.1293767 0.3243344 0.0959561
v 0.1294228 0.3326026 0.0969670
v 0.1294017 0.3336504 0.0968563
v 0.1301411 0.3358333 0.0981056
v 0.1274221 0.3208432 0.0962991
v 0.1274022 0.3226756 0.0965222
v 0.1278886 0.3244995 0.0961131
v 0.1279327 0.3324209 0.0970816
v 0.1275265 0.3340658 0.0978510
v 0.1275651 0.3359212 0.0981710
v 0.1258381 0.3212432 0.0961054
v 0.1258180 0.3229645 0.0960263
v 0.1258284 0.3339452 0.0973901
v 0.1259289 0.3356062 0.0978558
v 0.1235184 0.3214605 0.0970736
v 0.1245369 0.3235381 0.0966926
v 0.1239648 0.3253251 0.0968594
v 0.1239861 0.3314659 0.0976370
v 0.1245676 0.3332189 0.0978711
v 0.1236332 0.3351954 0.0987416
v 0.1221405 0.3222824 0.0963872
v 0.1222089 0.3345695 0.0978895
v 0.1355922 0.3285591 0.0938697
v 0.1356521 0.3294601 0.0946287
v 0.1334904 0.3220487 0.0932644
v 0.1344715 0.3231299 0.0933067
v 0.1353283 0.3254433 0.0933808
v 0.1355307 0.3270680 0.0936924
v 0.1355357 0.3302681 0.0938668
v 0.1353676 0.3322081 0.0944693
v 0.1345355 0.3343683 0.0946370
v 0.1335885 0.3353849 0.0951107
v 0.1325343 0.3215919 0.0935479
v 0.1319624 0.3232830 0.0940719
v 0.1316994 0.3258033 0.0939327
v 0.1312337 0.3266101 0.0938712
v 0.1312655 0.3308841 0.0943820
v 0.1317232 0.3316258 0.0946346
v 0.1320224 0.3340484 0.0953881
v 0.1324075 0.3358830 0.0951083
v 0.1298483 0.3215093 0.0936467
v 0.1298273 0.3232178 0.0947230
v 0.1306405 0.3255945 0.0944264
v 0.1311069 0.3266533 0.0940778
v 0.1311300 0.3307856 0.0945831
v 0.1306683 0.3317277 0.0951783
v 0.1300319 0.3341517 0.0959828
v 0.1299530 0.3359437 0.0954133
v 0.1281622 0.3214186 0.0944257
v 0.1281842 0.3232911 0.0953390
v 0.1277833 0.3245507 0.0955400
v 0.1278276 0.3325103 0.0965132
v 0.1283843 0.3336688 0.0965753
v 0.1282547 0.3358203 0.0961496
v 0.1254970 0.3215386 0.0947286
v 0.1264827 0.3229268 0.0955199
v 0.1265450 0.3341055 0.0968867
v 0.1255883 0.3356554 0.0964538
v 0.1237617 0.3217553 0.0952357
v 0.1228731 0.3222570 0.0944829
v 0.1228397 0.3349910 0.0961204
v 0.1237886 0.3353430 0.0965411
v 0.1216181 0.3229946 0.0953148
v 0.1216549 0.3341185 0.0967180
v 0.1333343 0.3222833 0.0910192
v 0.1340925 0.3236680 0.0913282
v 0.1338261 0.3261840 0.0912631
v 0.1345257 0.3272548 0.0912760
v 0.1346066 0.3309812 0.0917185
v 0.1338635 0.3318849 0.0919608
v 0.1341207 0.3343622 0.0926387
v 0.1334039 0.3357343 0.0927732
v 0.1316465 0.3220378 0.0909978
v 0.1330452 0.3243993 0.0920017
v 0.1329019 0.3258340 0.0916456
v 0.1329175 0.3323057 0.0926104
v 0.1330956 0.3334520 0.0931086
v 0.1319290 0.3360589 0.0928512
v 0.1301842 0.3218146 0.0916790
v 0.1302021 0.3360937 0.0934813
v 0.1276605 0.3217851 0.0916460
v 0.1277933 0.3361458 0.0933303
v 0.1257100 0.3218890 0.0923803
v 0.1258073 0.3358798 0.0940902
v 0.1240625 0.3220674 0.0931411
v 0.1241827 0.3355545 0.0947595
v 0.1331481 0.3224433 0.0894222
v 0.1341182 0.3235267 0.0894665
v 0.1337829 0.3265554 0.0905827
v 0.1339466 0.3273205 0.0905477
v 0.1339620 0.3310823 0.0910082
v 0.1337489 0.3316594 0.0912511
v 0.1341366 0.3349687 0.0908696
v 0.1332923 0.3359296 0.0910648
v 0.1318138 0.3222979 0.0896013
v 0.1319441 0.3227649 0.0887648
v 0.1330410 0.3267997 0.0908631
v 0.1329709 0.3270451 0.0908888
v 0.1329938 0.3311533 0.0913911
v 0.1330666 0.3313968 0.0914252
v 0.1320383 0.3358178 0.0904968
v 0.1318974 0.3360992 0.0913635
v 0.1298168 0.3221230 0.0893000
v 0.1298809 0.3363470 0.0911330
v 0.1275857 0.3221213 0.0894150
v 0.1276301 0.3363383 0.0912165
v 0.1251102 0.3223932 0.0899674
v 0.1251884 0.3359726 0.0916835
v 0.1328945 0.3227853 0.0870972
v 0.1338258 0.3238857 0.0868903
v 0.1346469 0.3259989 0.0872512
v 0.1349875 0.3287075 0.0880725
v 0.1349698 0.3308710 0.0883396
v 0.1346894 0.3331285 0.0882091
v 0.1339025 0.3351758 0.0883129
v 0.1330640 0.3361426 0.0885051
v 0.1317009 0.3225504 0.0871653
v 0.1316201 0.3230440 0.0870416
v 0.1315899 0.3360297 0.0880779
v 0.1318901 0.3364174 0.0888884
v 0.1294817 0.3224191 0.0874807
v 0.1296252 0.3365163 0.0888779
v 0.1274551 0.3224481 0.0872418
v 0.1275287 0.3365526 0.0890113
v 0.1254103 0.3227098 0.0874675
v 0.1255490 0.3362470 0.0894057
v 0.1326272 0.3231491 0.0849969
v 0.1336133 0.3242072 0.0850443
v 0.1344699 0.3265776 0.0852653
v 0.1347091 0.3290592 0.0855515
v 0.1346931 0.3311027 0.0858033
v 0.1344431 0.3333750 0.0861015
v 0.1336289 0.3353762 0.0864137
v 0.1314967 0.3227939 0.0849712
v 0.1310502 0.3233459 0.0848108
v 0.1310656 0.3362549 0.0860751
v 0.1317521 0.3366437 0.0868974
v 0.1290140 0.3227560 0.0854099
v 0.1290909 0.3366791 0.0871116
v 0.1270714 0.3226973 0.0856927
v 0.1271643 0.3367144 0.0871602
v 0.1256020 0.3229684 0.0853273
v 0.1256130 0.3364569 0.0876611
v 0.1331718 0.3245101 0.0825182
v 0.1341359 0.3263699 0.0831915
v 0.1343583 0.3289472 0.0829739
v 0.1343735 0.3313168 0.0832635
v 0.1341875 0.3335095 0.0839771
v 0.1332961 0.3355794 0.0838665
v 0.1312156 0.3231889 0.0825575
v 0.1310339 0.3236886 0.0828598
v 0.1313645 0.3363869 0.0845316
v 0.1313244 0.3368986 0.0844267
v 0.1291244 0.3231942 0.0832102
v 0.1291993 0.3367819 0.0848711
v 0.1267154 0.3231681 0.0831980
v 0.1267667 0.3368379 0.0847858
v 0.1258332 0.3231287 0.0840820
v 0.1258999 0.3366677 0.0857835
v 0.1329766 0.3250080 0.0805931
v 0.1337296 0.3267173 0.0806261
v 0.1339801 0.3289400 0.0807463
v 0.1339817 0.3316211 0.0809471
v 0.1337845 0.3337867 0.0814297
v 0.1330110 0.3356761 0.0819466
v 0.1307089 0.3235923 0.0804857
v 0.1308757 0.3240695 0.0805914
v 0.1311727 0.3364901 0.0821950
v 0.1308987 0.3369859 0.0824346
v 0.1285132 0.3236692 0.0808496
v 0.1289909 0.3239407 0.0802766
v 0.1290804 0.3367619 0.0818283
v 0.1286016 0.3368939 0.0824513
v 0.1271600 0.3235119 0.0814236
v 0.1272924 0.3369307 0.0830048
v 0.1325033 0.3253742 0.0787996
v 0.1332803 0.3272706 0.0786801
v 0.1335789 0.3293256 0.0789966
v 0.1335838 0.3316656 0.0792321
v 0.1333176 0.3338736 0.0794890
v 0.1325590 0.3356963 0.0800711
v 0.1302636 0.3238260 0.0793831
v 0.1307509 0.3244791 0.0787288
v 0.1308080 0.3365812 0.0801097
v 0.1303327 0.3370519 0.0809745
v 0.1292855 0.3243160 0.0794707
v 0.1293611 0.3365937 0.0809695
v 0.1320330 0.3262051 0.0772865
v 0.1324093 0.3277453 0.0769307
v 0.1327165 0.3296889 0.0769456
v 0.1327251 0.3317760 0.0771753
v 0.1324437 0.3338493 0.0776787
v 0.1320835 0.3352622 0.0783965
v 0.1303722 0.3256353 0.0768931
v 0.1307812 0.3271054 0.0760587
v 0.1309150 0.3346654 0.0769969
v 0.1303328 0.3358889 0.0780498
v 0.1317518 0.3300055 0.0757646
v 0.1317567 0.3317063 0.0759488
v 0.1299594 0.3278930 0.0754568
v 0.1305492 0.3297406 0.0752658
v 0.1305696 0.3320810 0.0755249
v 0.1299918 0.3340664 0.0761994
v 0.1294474 0.3284142 0.0751963
v 0.1293896 0.3299819 0.0750132
v 0.1294012 0.3321594 0.0752764
v 0.1294687 0.3335471 0.0757833
v 0.1270062 0.3235554 0.0813328
v 0.1278431 0.3237488 0.0804108
v 0.1255166 0.3233127 0.0835277
v 0.1261470 0.3232845 0.0829797
v 0.1252572 0.3229882 0.0857406
v 0.1250184 0.3227325 0.0879536
v 0.1245805 0.3225803 0.0896248
v 0.1239553 0.3221357 0.0929430
v 0.1248787 0.3260325 0.0780063
v 0.1266024 0.3259628 0.0774697
v 0.1286051 0.3258744 0.0773392
v 0.1298312 0.3259662 0.0773816
v 0.1228317 0.3257305 0.0801307
v 0.1243862 0.3253431 0.0791986
v 0.1267368 0.3246019 0.0790485
v 0.1288008 0.3245619 0.0789648
v 0.1299583 0.3250292 0.0785319
v 0.1224505 0.3252029 0.0818769
v 0.1245480 0.3242149 0.0813218
v 0.1266122 0.3238434 0.0806122
v 0.1282149 0.3238984 0.0800443
v 0.1213579 0.3255742 0.0839973
v 0.1222928 0.3248153 0.0836272
v 0.1243975 0.3237117 0.0832799
v 0.1213508 0.3250796 0.0863548
v 0.1225264 0.3241069 0.0861311
v 0.1241919 0.3232878 0.0858499
v 0.1211511 0.3249401 0.0884312
v 0.1229831 0.3234809 0.0882590
v 0.1214595 0.3241504 0.0906228
v 0.1227614 0.3231930 0.0903362
v 0.1214797 0.3237335 0.0927069
v 0.1227967 0.3227167 0.0925122
v 0.1214660 0.3233409 0.0946369
v 0.1228144 0.3224128 0.0939240
v 0.1263992 0.3284205 0.0760384
v 0.1284733 0.3284492 0.0758471
v 0.1295567 0.3287259 0.0758421
v 0.1226618 0.3278916 0.0782038
v 0.1241563 0.3274808 0.0773720
v 0.1263106 0.3273242 0.0765765
v 0.1286182 0.3271881 0.0764073
v 0.1296644 0.3274781 0.0763358
v 0.1207964 0.3280696 0.0807550
v 0.1219877 0.3271334 0.0795927
v 0.1232265 0.3263878 0.0788192
v 0.1207854 0.3271621 0.0820125
v 0.1215173 0.3262784 0.0814681
v 0.1206733 0.3267690 0.0837005
v 0.1205872 0.3264045 0.0863294
v 0.1205166 0.3261580 0.0885694
v 0.1205262 0.3257687 0.0907193
v 0.1204976 0.3254762 0.0927517
v 0.1201812 0.3261730 0.0949512
v 0.1205098 0.3249978 0.0947452
v 0.1245528 0.3300283 0.0763846
v 0.1263256 0.3297062 0.0758434
v 0.1285392 0.3297962 0.0756414
v 0.1295161 0.3298403 0.0757142
v 0.1223115 0.3299577 0.0779996
v 0.1236035 0.3297904 0.0769565
v 0.1206145 0.3296149 0.0805429
v 0.1213117 0.3295020 0.0792561
v 0.1200594 0.3294756 0.0826102
v 0.1200220 0.3288954 0.0840499
v 0.1200312 0.3283634 0.0868241
v 0.1200171 0.3280421 0.0905904
v 0.1199931 0.3280946 0.0936456
v 0.1200234 0.3275505 0.0948754
v 0.1245960 0.3319748 0.0766211
v 0.1263903 0.3321767 0.0761176
v 0.1285492 0.3321065 0.0759126
v 0.1295314 0.3321583 0.0760108
v 0.1223723 0.3318310 0.0782179
v 0.1236468 0.3321951 0.0772692
v 0.1206411 0.3315617 0.0808191
v 0.1213535 0.3319714 0.0795802
v 0.1200864 0.3312581 0.0828990
v 0.1200716 0.3315244 0.0843564
v 0.1200640 0.3312175 0.0871482
v 0.1200500 0.3306837 0.0910022
v 0.1200175 0.3300338 0.0935403
v 0.1200468 0.3300362 0.0951744
v 0.1265563 0.3334529 0.0766198
v 0.1285013 0.3334637 0.0764606
v 0.1295951 0.3333518 0.0764789
v 0.1226930 0.3335012 0.0788897
v 0.1241931 0.3340838 0.0781793
v 0.1261326 0.3343498 0.0774483
v 0.1286591 0.3345506 0.0773082
v 0.1297198 0.3343858 0.0772758
v 0.1208223 0.3327342 0.0813254
v 0.1220254 0.3339097 0.0804212
v 0.1232733 0.3348061 0.0798485
v 0.1208197 0.3333120 0.0827644
v 0.1215619 0.3342928 0.0824481
v 0.1207096 0.3332881 0.0844976
v 0.1206240 0.3330095 0.0871370
v 0.1205531 0.3327098 0.0893705
v 0.1205641 0.3325694 0.0915508
v 0.1205360 0.3323639 0.0935939
v 0.1202090 0.3311613 0.0955611
v 0.1205507 0.3323479 0.0956439
v 0.1249305 0.3353286 0.0791430
v 0.1266225 0.3355391 0.0786938
v 0.1286591 0.3356012 0.0785291
v 0.1298678 0.3354532 0.0784856
v 0.1228840 0.3351324 0.0812803
v 0.1244440 0.3357158 0.0804669
v 0.1267211 0.3364311 0.0804995
v 0.1288412 0.3365058 0.0804915
v 0.1300614 0.3360790 0.0798254
v 0.1225063 0.3352278 0.0831026
v 0.1246153 0.3362974 0.0827991
v 0.1266295 0.3367967 0.0822142
v 0.1282756 0.3368731 0.0816404
v 0.1214069 0.3343686 0.0850726
v 0.1223505 0.3351840 0.0848950
v 0.1244676 0.3363156 0.0848210
v 0.1214021 0.3342806 0.0874798
v 0.1225885 0.3352657 0.0874955
v 0.1242632 0.3361100 0.0874176
v 0.1212011 0.3339180 0.0895289
v 0.1230492 0.3353555 0.0897109
v 0.1215152 0.3341530 0.0918459
v 0.1228279 0.3351368 0.0917966
v 0.1215371 0.3340552 0.0939690
v 0.1228655 0.3350745 0.0940232
v 0.1215609 0.3340023 0.0959430
v 0.1229014 0.3350396 0.0954552
v 0.1269761 0.3368994 0.0830483
v 0.1278829 0.3369347 0.0820554
v 0.1255908 0.3366309 0.0851561
v 0.1262075 0.3367782 0.0846798
v 0.1253077 0.3363992 0.0875131
v 0.1250543 0.3361172 0.0896654
v 0.1247168 0.3358941 0.0913312
v 0.1239515 0.3354948 0.0946351
v 0.1389978 0.2921788 0.1832176
v 0.1390546 0.3023809 0.1844649
v 0.1375888 0.2921226 0.1835373
v 0.1376459 0.3023738 0.1847907
v 0.1332702 0.2922506 0.1843075
v 0.1327708 0.2940137 0.1841783
v 0.1327843 0.3004267 0.1849615
v 0.1333250 0.3021152 0.1855107
v 0.1301394 0.2921333 0.1830603
v 0.1301975 0.3025601 0.1843352
v 0.1260199 0.2926826 0.1815930
v 0.1260741 0.3024257 0.1827843
v 0.1242092 0.2925732 0.1807842
v 0.1242658 0.3027467 0.1820280
v 0.1405508 0.2924331 0.1812028
v 0.1406074 0.3026024 0.1824461
v 0.1365890 0.2922944 0.1800075
v 0.1366490 0.3030685 0.1813248
v 0.1337485 0.2921998 0.1807413
v 0.1338088 0.3030147 0.1820636
v 0.1298122 0.2922856 0.1802005
v 0.1298725 0.3031049 0.1815233
v 0.1274051 0.2925302 0.1783099
v 0.1274654 0.3033494 0.1796327
v 0.1233602 0.2928332 0.1786128
v 0.1234170 0.3030267 0.1798591
v 0.1427354 0.2926081 0.1778906
v 0.1423809 0.2963354 0.1779512
v 0.1424004 0.2994656 0.1784896
v 0.1427944 0.3032066 0.1791865
v 0.1383759 0.2925613 0.1775557
v 0.1384361 0.3033805 0.1788785
v 0.1262087 0.2928800 0.1755035
v 0.1262689 0.3036992 0.1768263
v 0.1223188 0.2928141 0.1750346
v 0.1235878 0.2969222 0.1750279
v 0.1235946 0.2998771 0.1753386
v 0.1223807 0.3039188 0.1763923
v 0.1218669 0.2933661 0.1740081
v 0.1217953 0.2967783 0.1748634
v 0.1218177 0.3002954 0.1751380
v 0.1219240 0.3036353 0.1752637
v 0.1433082 0.2930236 0.1743062
v 0.1428620 0.2966933 0.1748833
v 0.1428978 0.2999398 0.1752846
v 0.1433674 0.3036606 0.1756068
v 0.1392326 0.2929920 0.1739939
v 0.1392929 0.3038113 0.1753167
v 0.1265781 0.2933194 0.1718926
v 0.1266384 0.3041387 0.1732154
v 0.1231054 0.2933354 0.1703489
v 0.1240751 0.2971695 0.1719597
v 0.1240902 0.3003275 0.1723460
v 0.1231678 0.3045332 0.1717180
v 0.1224617 0.2937853 0.1707120
v 0.1223749 0.2971843 0.1713230
v 0.1223658 0.3007013 0.1718450
v 0.1225187 0.3040161 0.1719629
v 0.1426998 0.2935973 0.1698428
v 0.1427590 0.3041877 0.1711361
v 0.1384006 0.2933589 0.1710311
v 0.1384608 0.3041781 0.1723540
v 0.1371983 0.2935716 0.1693462
v 0.1372585 0.3043908 0.1706690
v 0.1291537 0.2936859 0.1687778
v 0.1292140 0.3045051 0.1701006
v 0.1246386 0.2939829 0.1672019
v 0.1246980 0.3046461 0.1685057
v 0.1429196 0.2940517 0.1679099
v 0.1426799 0.2970857 0.1667837
v 0.1427739 0.3014321 0.1673260
v 0.1429761 0.3042077 0.1691521
v 0.1399542 0.2972977 0.1663526
v 0.1399781 0.3014657 0.1668623
v 0.1375558 0.2944220 0.1668408
v 0.1378933 0.2969972 0.1660636
v 0.1379230 0.3018498 0.1666487
v 0.1376101 0.3041652 0.1680320
v 0.1304626 0.2944430 0.1658515
v 0.1307010 0.2977752 0.1649051
v 0.1307214 0.3014526 0.1653548
v 0.1305184 0.3044611 0.1670764
v 0.1254158 0.2946971 0.1650732
v 0.1256150 0.2977754 0.1642649
v 0.1256101 0.3014445 0.1646477
v 0.1254670 0.3044471 0.1662604
v 0.1366040 0.3014224 0.1654909
v 0.1329656 0.3015318 0.1649072
v 0.1365690 0.2976983 0.1650067
v 0.1329661 0.2977908 0.1644011
v 0.1433694 0.3075926 0.1649290
v 0.1407555 0.3086135 0.1645133
v 0.1368267 0.3082499 0.1642213
v 0.1332861 0.3080540 0.1635344
v 0.1300418 0.3078908 0.1626675
v 0.1279576 0.3074085 0.1618018
v 0.1447127 0.3051889 0.1649845
v 0.1411352 0.3053230 0.1645251
v 0.1365342 0.3052603 0.1646668
v 0.1335108 0.3053008 0.1641065
v 0.1292105 0.3055347 0.1626455
v 0.1259420 0.3055722 0.1618737
v 0.1244166 0.3041217 0.1610502
v 0.1443320 0.3016502 0.1645552
v 0.1413417 0.3010322 0.1644835
v 0.1370994 0.3018625 0.1639204
v 0.1329809 0.3019525 0.1632971
v 0.1286792 0.3018133 0.1626157
v 0.1263300 0.3018478 0.1619805
v 0.1242492 0.3019955 0.1606821
v 0.1442785 0.2975958 0.1642326
v 0.1413552 0.2982606 0.1641541
v 0.1370862 0.2976650 0.1633929
v 0.1329356 0.2977483 0.1628175
v 0.1287367 0.2981037 0.1621212
v 0.1260747 0.2977906 0.1614833
v 0.1242261 0.2977708 0.1603854
v 0.1445332 0.2942244 0.1634395
v 0.1410779 0.2941222 0.1631306
v 0.1364663 0.2937555 0.1631731
v 0.1333648 0.2939080 0.1626394
v 0.1291882 0.2944646 0.1612972
v 0.1259542 0.2946560 0.1606195
v 0.1244160 0.2962546 0.1599626
v 0.1432846 0.2918023 0.1629814
v 0.1407850 0.2909494 0.1623924
v 0.1368085 0.2913286 0.1621288
v 0.1331493 0.2918646 0.1617213
v 0.1299074 0.2922627 0.1608758
v 0.1278737 0.2929012 0.1600681
v 0.1433638 0.3079489 0.1609909
v 0.1456821 0.3045457 0.1623566
v 0.1382861 0.3051780 0.1615253
v 0.1327945 0.3053176 0.1606337
v 0.1461718 0.3020500 0.1614575
v 0.1399096 0.3028253 0.1615084
v 0.1388393 0.3034027 0.1614014
v 0.1322217 0.3035709 0.1603270
v 0.1311452 0.3030480 0.1600855
v 0.1254442 0.3006401 0.1570647
v 0.1249046 0.3007662 0.1560521
v 0.1461115 0.2973108 0.1612012
v 0.1398787 0.2972689 0.1608291
v 0.1388023 0.2967460 0.1605875
v 0.1321846 0.2969142 0.1595131
v 0.1311143 0.2974916 0.1594061
v 0.1256963 0.2983207 0.1560114
v 0.1456419 0.2953553 0.1607921
v 0.1382294 0.2949993 0.1602808
v 0.1327378 0.2951389 0.1593892
v 0.1289822 0.2934354 0.1585975
v 0.1267403 0.2956780 0.1561863
v 0.1431017 0.2920885 0.1594455
v 0.1360026 0.2913741 0.1576837
v 0.1309008 0.2927995 0.1585882
v 0.1445770 0.3086720 0.1569357
v 0.1419625 0.3094046 0.1583724
v 0.1370267 0.3096965 0.1571851
v 0.1344058 0.3095255 0.1561984
v 0.1313386 0.3089885 0.1556623
v 0.1286923 0.3080270 0.1557809
v 0.1464790 0.3057410 0.1567469
v 0.1264221 0.3062283 0.1557882
v 0.1253551 0.3045269 0.1557044
v 0.1465565 0.3022061 0.1568142
v 0.1260559 0.3010503 0.1536781
v 0.1252112 0.3021755 0.1549674
v 0.1465598 0.2987073 0.1564338
v 0.1263211 0.2986753 0.1529467
v 0.1251309 0.2987476 0.1551226
v 0.1464095 0.2955263 0.1555705
v 0.1296676 0.2938368 0.1549411
v 0.1271733 0.2954796 0.1537690
v 0.1253143 0.2971949 0.1548079
v 0.1444887 0.2926666 0.1549789
v 0.1418636 0.2916363 0.1561999
v 0.1367734 0.2919012 0.1555351
v 0.1342659 0.2923967 0.1546184
v 0.1314008 0.2930056 0.1541685
v 0.1441902 0.3095022 0.1548577
v 0.1423440 0.3097143 0.1535450
v 0.1389137 0.3096972 0.1531331
v 0.1363864 0.3088586 0.1527075
v 0.1298807 0.3087992 0.1500945
v 0.1473043 0.3045717 0.1552694
v 0.1274923 0.3067072 0.1504429
v 0.1472791 0.3027194 0.1545041
v 0.1266031 0.3025133 0.1505592
v 0.1261340 0.3022454 0.1502069
v 0.1472571 0.2982102 0.1542158
v 0.1268677 0.2988672 0.1499609
v 0.1261085 0.3001926 0.1501717
v 0.1472610 0.2970302 0.1542456
v 0.1301366 0.2949496 0.1484327
v 0.1278534 0.2962632 0.1493978
v 0.1443305 0.2925826 0.1511466
v 0.1425899 0.2922969 0.1514189
v 0.1377736 0.2922760 0.1507008
v 0.1298003 0.2943506 0.1483279
v 0.1376414 0.3103614 0.1506060
v 0.1352556 0.3101885 0.1500193
v 0.1322068 0.3096858 0.1496048
v 0.1481820 0.3055645 0.1491043
v 0.1307193 0.3067785 0.1485543
v 0.1301540 0.3066915 0.1492914
v 0.1478671 0.3029841 0.1491473
v 0.1273045 0.3029254 0.1457309
v 0.1476822 0.2998818 0.1499903
v 0.1273721 0.3005244 0.1456908
v 0.1479124 0.2974329 0.1498015
v 0.1310212 0.2945982 0.1481107
v 0.1280299 0.2980084 0.1468151
v 0.1375729 0.2929786 0.1484756
v 0.1351868 0.2932765 0.1479374
v 0.1323521 0.2938353 0.1476284
v 0.1458239 0.3096532 0.1485510
v 0.1450492 0.3097520 0.1470283
v 0.1310849 0.3095258 0.1446922
v 0.1475632 0.3069308 0.1486070
v 0.1322330 0.3072220 0.1448581
v 0.1290363 0.3074305 0.1444592
v 0.1481099 0.3035516 0.1471301
v 0.1282524 0.3035254 0.1429475
v 0.1480781 0.2994618 0.1466931
v 0.1283693 0.3008509 0.1426071
v 0.1475041 0.2963275 0.1473175
v 0.1319681 0.2954633 0.1419023
v 0.1290500 0.2970680 0.1431995
v 0.1458393 0.2937911 0.1468923
v 0.1449616 0.2939983 0.1451019
v 0.1382651 0.2938781 0.1445250
v 0.1310037 0.2949338 0.1429081
v 0.1458433 0.3107813 0.1437448
v 0.1440763 0.3110504 0.1441069
v 0.1401617 0.3111971 0.1435509
v 0.1324838 0.3102587 0.1414805
v 0.1491116 0.3062029 0.1423629
v 0.1338761 0.3083275 0.1408661
v 0.1302582 0.3078531 0.1408597
v 0.1290805 0.3045479 0.1403252
v 0.1291205 0.3004719 0.1400050
v 0.1321512 0.2964601 0.1382977
v 0.1303095 0.2973307 0.1397400
v 0.1456610 0.2937120 0.1422386
v 0.1438124 0.2934573 0.1419315
v 0.1394125 0.2938191 0.1414386
v 0.1365165 0.2944948 0.1412096
v 0.1328359 0.2949239 0.1396685
v 0.1469430 0.3105624 0.1412332
v 0.1443317 0.3117124 0.1390240
v 0.1406928 0.3114882 0.1385560
v 0.1370330 0.3114806 0.1384234
v 0.1341424 0.3108511 0.1380810
v 0.1487514 0.3077968 0.1405429
v 0.1333425 0.3085800 0.1373347
v 0.1312008 0.3089037 0.1383798
v 0.1491970 0.3044099 0.1393801
v 0.1328564 0.3053129 0.1365196
v 0.1491022 0.3005658 0.1390632
v 0.1329724 0.2998408 0.1356654
v 0.1486755 0.2972915 0.1394182
v 0.1366566 0.2994431 0.1357684
v 0.1329906 0.2974841 0.1366775
v 0.1311335 0.2970817 0.1369349
v 0.1468545 0.2945877 0.1392799
v 0.1443095 0.2940318 0.1368758
v 0.1408714 0.2942275 0.1368585
v 0.1370630 0.2945533 0.1362932
v 0.1340829 0.2952526 0.1361075
v 0.1479189 0.3112928 0.1358615
v 0.1449042 0.3114810 0.1360348
v 0.1416004 0.3113507 0.1366084
v 0.1378415 0.3113683 0.1357675
v 0.1356289 0.3113056 0.1347743
v 0.1500655 0.3072274 0.1351704
v 0.1452040 0.3103651 0.1354521
v 0.1371767 0.3101119 0.1361806
v 0.1345880 0.3096841 0.1346710
v 0.1492305 0.3054552 0.1356639
v 0.1500189 0.2999196 0.1341696
v 0.1343819 0.3001652 0.1328607
v 0.1499533 0.2991964 0.1347053
v 0.1446342 0.2963095 0.1336366
v 0.1416462 0.2966058 0.1339449
v 0.1373555 0.2975817 0.1342902
v 0.1349335 0.2991859 0.1332894
v 0.1478453 0.2951701 0.1339530
v 0.1448273 0.2950131 0.1339980
v 0.1415844 0.2951161 0.1345615
v 0.1377062 0.2952096 0.1340040
v 0.1354939 0.2954943 0.1330066
v 0.1484506 0.3112169 0.1332329
v 0.1463783 0.3115871 0.1333302
v 0.1348939 0.3118152 0.1311963
v 0.1497856 0.3091136 0.1333060
v 0.1470554 0.3102948 0.1331808
v 0.1336692 0.3109981 0.1307998
v 0.1498662 0.3058772 0.1327446
v 0.1472776 0.3062260 0.1325440
v 0.1500256 0.3013338 0.1321658
v 0.1494817 0.2976975 0.1320810
v 0.1466258 0.2967807 0.1308540
v 0.1435365 0.2970087 0.1322936
v 0.1348181 0.2971522 0.1292982
v 0.1483547 0.2958155 0.1315561
v 0.1463629 0.2955705 0.1313491
v 0.1346672 0.2958871 0.1293154
v 0.1487912 0.3114479 0.1312554
v 0.1468603 0.3118647 0.1297607
v 0.1407622 0.3126097 0.1300681
v 0.1353253 0.3122730 0.1275039
v 0.1500644 0.3094532 0.1312240
v 0.1478361 0.3110778 0.1295035
v 0.1341289 0.3114211 0.1273196
v 0.1497846 0.3053920 0.1306849
v 0.1478337 0.3064736 0.1304934
v 0.1494050 0.3009772 0.1289779
v 0.1494155 0.2979568 0.1292701
v 0.1466688 0.2972924 0.1273590
v 0.1352727 0.2975787 0.1255360
v 0.1485540 0.2962826 0.1293759
v 0.1468955 0.2960845 0.1277920
v 0.1406661 0.2953386 0.1279564
v 0.1349912 0.2964029 0.1255782
v 0.1459438 0.3121601 0.1263465
v 0.1435976 0.3125548 0.1247455
v 0.1398583 0.3126936 0.1241819
v 0.1369205 0.3123567 0.1248666
v 0.1464009 0.3115647 0.1255869
v 0.1443738 0.3118051 0.1237127
v 0.1393549 0.3119323 0.1229004
v 0.1364961 0.3117857 0.1242294
v 0.1471490 0.3071637 0.1242907
v 0.1448161 0.3079828 0.1233584
v 0.1465897 0.3021218 0.1245867
v 0.1442889 0.3024236 0.1227027
v 0.1469512 0.2984094 0.1238518
v 0.1436180 0.2979980 0.1230311
v 0.1396254 0.2980272 0.1225684
v 0.1366154 0.2976274 0.1226042
v 0.1459852 0.2966467 0.1244030
v 0.1436769 0.2966184 0.1227704
v 0.1397905 0.2967474 0.1220324
v 0.1368759 0.2967703 0.1229914
v 0.1425131 0.3121726 0.1230572
v 0.1413391 0.3122015 0.1228741
v 0.1429120 0.3118915 0.1230721
v 0.1413436 0.3119375 0.1227680
v 0.1473818 0.3073322 0.1224614
v 0.1450749 0.3078436 0.1227096
v 0.1470373 0.3016245 0.1221480
v 0.1443552 0.3028465 0.1222594
v 0.1474946 0.2992358 0.1212493
v 0.1444761 0.2983122 0.1213839
v 0.1411402 0.2976943 0.1210271
v 0.1429256 0.2974987 0.1213708
v 0.1412744 0.2975461 0.1210583
v 0.1485522 0.2964352 0.1264555
v 0.1499846 0.2986770 0.1264350
v 0.1502804 0.3023089 0.1268219
v 0.1503033 0.3062289 0.1273009
v 0.1500312 0.3097467 0.1277916
v 0.1485581 0.3118638 0.1283585
v 0.1471905 0.2957395 0.1266522
v 0.1468608 0.2998212 0.1272244
v 0.1468846 0.3040945 0.1277468
v 0.1469084 0.3083678 0.1282693
v 0.1471899 0.3124987 0.1287207
v 0.1481089 0.2966317 0.1253510
v 0.1492717 0.2983157 0.1254125
v 0.1497769 0.3021837 0.1254169
v 0.1498014 0.3063834 0.1259075
v 0.1493308 0.3102614 0.1268750
v 0.1481220 0.3119138 0.1272149
v 0.1465117 0.2962093 0.1245730
v 0.1466098 0.3125155 0.1266743
v 0.1471563 0.2972759 0.1220044
v 0.1482992 0.2987884 0.1219583
v 0.1487791 0.3026260 0.1220175
v 0.1489604 0.3071631 0.1228437
v 0.1483651 0.3106230 0.1234053
v 0.1472388 0.3120923 0.1238159
v 0.1448373 0.2965934 0.1221411
v 0.1449146 0.3127547 0.1241602
v 0.1414273 0.2966360 0.1213654
v 0.1415916 0.3129665 0.1234402
v 0.1370962 0.2967388 0.1222186
v 0.1371645 0.3127160 0.1242859
v 0.1352655 0.2969619 0.1228968
v 0.1343872 0.2983216 0.1229473
v 0.1356984 0.3044643 0.1252318
v 0.1347994 0.3109111 0.1245921
v 0.1353624 0.3123173 0.1247572
v 0.1461980 0.2978314 0.1183463
v 0.1473949 0.2995321 0.1183251
v 0.1481233 0.3029826 0.1187706
v 0.1482010 0.3069477 0.1193631
v 0.1474576 0.3107865 0.1197011
v 0.1462794 0.3124450 0.1201330
v 0.1441771 0.2974719 0.1183170
v 0.1457697 0.2981390 0.1185204
v 0.1458475 0.3121093 0.1202284
v 0.1444094 0.3128276 0.1199994
v 0.1402613 0.2970410 0.1203326
v 0.1398957 0.3127754 0.1227526
v 0.1385161 0.2969693 0.1210827
v 0.1385157 0.3127171 0.1230343
v 0.1341455 0.2974616 0.1219295
v 0.1329710 0.2985786 0.1211336
v 0.1330338 0.3111845 0.1227015
v 0.1342106 0.3120766 0.1237051
v 0.1310089 0.3002541 0.1202814
v 0.1302030 0.3023022 0.1209137
v 0.1302327 0.3070924 0.1215016
v 0.1310600 0.3098085 0.1214706
v 0.1464176 0.3001544 0.1146882
v 0.1471567 0.3037461 0.1150777
v 0.1472129 0.3072637 0.1154508
v 0.1464784 0.3110695 0.1160228
v 0.1431659 0.2980939 0.1147119
v 0.1444618 0.2986940 0.1148958
v 0.1445385 0.3124583 0.1165787
v 0.1432495 0.3130992 0.1165465
v 0.1400473 0.2979854 0.1153815
v 0.1400189 0.3130631 0.1171533
v 0.1360532 0.2979238 0.1164919
v 0.1349676 0.2984803 0.1158931
v 0.1356509 0.3126097 0.1172009
v 0.1361366 0.3129134 0.1183246
v 0.1340720 0.2980209 0.1171652
v 0.1327227 0.2990202 0.1169984
v 0.1327936 0.3117639 0.1185565
v 0.1341537 0.3126787 0.1189574
v 0.1303147 0.3011231 0.1188320
v 0.1300177 0.3029188 0.1191666
v 0.1300675 0.3073219 0.1196431
v 0.1303510 0.3092937 0.1198641
v 0.1455225 0.3008595 0.1110508
v 0.1463258 0.3041681 0.1115348
v 0.1463091 0.3076967 0.1118491
v 0.1455805 0.3112714 0.1123238
v 0.1422896 0.2985795 0.1111616
v 0.1432620 0.2991361 0.1112014
v 0.1433389 0.3129324 0.1128883
v 0.1423726 0.3134928 0.1129850
v 0.1394007 0.2985307 0.1115522
v 0.1382194 0.2988722 0.1118264
v 0.1382986 0.3130933 0.1135651
v 0.1394840 0.3134778 0.1133797
v 0.1353226 0.2984530 0.1123934
v 0.1353724 0.2989448 0.1124575
v 0.1354501 0.3129020 0.1141640
v 0.1354058 0.3133953 0.1142203
v 0.1333970 0.2986965 0.1128652
v 0.1316303 0.2999114 0.1133241
v 0.1316965 0.3117962 0.1147772
v 0.1334770 0.3130665 0.1146221
v 0.1298105 0.3014497 0.1149611
v 0.1292562 0.3030376 0.1150988
v 0.1292616 0.3074881 0.1155243
v 0.1298577 0.3099289 0.1159978
v 0.1446678 0.3016737 0.1074198
v 0.1451102 0.3045680 0.1069138
v 0.1451599 0.3085414 0.1074803
v 0.1447218 0.3113654 0.1086048
v 0.1418760 0.2990145 0.1077645
v 0.1422705 0.2996263 0.1077297
v 0.1421985 0.3133188 0.1094766
v 0.1417862 0.3139043 0.1096794
v 0.1374321 0.2988741 0.1081676
v 0.1374488 0.2993699 0.1082302
v 0.1383580 0.3135003 0.1099837
v 0.1383491 0.3139969 0.1100416
v 0.1348522 0.2988876 0.1092114
v 0.1349003 0.2993804 0.1092700
v 0.1346120 0.3132542 0.1107351
v 0.1345583 0.3137457 0.1107987
v 0.1308170 0.3006291 0.1101531
v 0.1308797 0.3118726 0.1115277
v 0.1291872 0.3021235 0.1110764
v 0.1287885 0.3036532 0.1111089
v 0.1288036 0.3079585 0.1115546
v 0.1292323 0.3102177 0.1120660
v 0.1439712 0.3018814 0.1047830
v 0.1446648 0.3044873 0.1046385
v 0.1446586 0.3093340 0.1051311
v 0.1440202 0.3118089 0.1060182
v 0.1406733 0.2994764 0.1039490
v 0.1413331 0.3001375 0.1041776
v 0.1413664 0.3136913 0.1058191
v 0.1407434 0.3143823 0.1057799
v 0.1369130 0.2994187 0.1039297
v 0.1371066 0.2998953 0.1041017
v 0.1371948 0.3139741 0.1058204
v 0.1369263 0.3144852 0.1057166
v 0.1344739 0.2994340 0.1047780
v 0.1343976 0.2999439 0.1047780
v 0.1344747 0.3137933 0.1064711
v 0.1345322 0.3142776 0.1066558
v 0.1299702 0.3017150 0.1065364
v 0.1288724 0.3045650 0.1068629
v 0.1288984 0.3087902 0.1073726
v 0.1300639 0.3117278 0.1077761
v 0.1286324 0.3029173 0.1067207
v 0.1284525 0.3045867 0.1071975
v 0.1284695 0.3085391 0.1077371
v 0.1286726 0.3104979 0.1076504
v 0.1431618 0.3023285 0.1016504
v 0.1437521 0.3051875 0.1009205
v 0.1436802 0.3096540 0.1012483
v 0.1432164 0.3121364 0.1028496
v 0.1398618 0.2999276 0.1005584
v 0.1407219 0.3005462 0.1010730
v 0.1389526 0.3074964 0.1002842
v 0.1407283 0.3140394 0.1028045
v 0.1398998 0.3147714 0.1023696
v 0.1375378 0.2996630 0.1019870
v 0.1380589 0.3000285 0.1027776
v 0.1370320 0.3072512 0.1023772
v 0.1381419 0.3141531 0.1045034
v 0.1376228 0.3146950 0.1038961
v 0.1332608 0.2997566 0.1030540
v 0.1326274 0.3001952 0.1035203
v 0.1334679 0.3071710 0.1031959
v 0.1326688 0.3138772 0.1051421
v 0.1333587 0.3144078 0.1048778
v 0.1307795 0.2999943 0.1010400
v 0.1304929 0.3011842 0.1036539
v 0.1298464 0.3036546 0.1035808
v 0.1305703 0.3089088 0.1033694
v 0.1305190 0.3128591 0.1051260
v 0.1308613 0.3146847 0.1028361
v 0.1283341 0.3045721 0.1056248
v 0.1283592 0.3089555 0.1061598
v 0.1420985 0.3030230 0.0966731
v 0.1428113 0.3056037 0.0970597
v 0.1428207 0.3100972 0.0975953
v 0.1421522 0.3126455 0.0978274
v 0.1393969 0.3003109 0.0977517
v 0.1408277 0.3013003 0.0974310
v 0.1392297 0.3077920 0.0978535
v 0.1408919 0.3141715 0.0990202
v 0.1394957 0.3150730 0.0995428
v 0.1343698 0.3150979 0.0992966
v 0.1342880 0.3004075 0.0975005
v 0.1297419 0.3001989 0.0994139
v 0.1298237 0.3148893 0.1012100
v 0.1417838 0.3029517 0.0952305
v 0.1425760 0.3053906 0.0953671
v 0.1426110 0.3103077 0.0959667
v 0.1418656 0.3130624 0.0964614
v 0.1388844 0.3006941 0.0952463
v 0.1402532 0.3012645 0.0953425
v 0.1407869 0.3080026 0.0960607
v 0.1389258 0.3079662 0.0964430
v 0.1404122 0.3146572 0.0969619
v 0.1389980 0.3153048 0.0970552
v 0.1365997 0.3009297 0.0931243
v 0.1366815 0.3156201 0.0949205
v 0.1304166 0.3008083 0.0943990
v 0.1304984 0.3154987 0.0961951
v 0.1294388 0.3005464 0.0965851
v 0.1295206 0.3152368 0.0983813
v 0.1347372 0.3010066 0.0925804
v 0.1343314 0.3156972 0.0943966
v 0.1323634 0.3009698 0.0929893
v 0.1319897 0.3156414 0.0949598
v 0.1418733 0.3055757 0.0933009
v 0.1419652 0.3069040 0.0935678
v 0.1419262 0.3098587 0.0938113
v 0.1419535 0.3109218 0.0940388
v 0.1400423 0.3015807 0.0936835
v 0.1406543 0.3028989 0.0936647
v 0.1413148 0.3048412 0.0936195
v 0.1410268 0.3061627 0.0940454
v 0.1410497 0.3102710 0.0945477
v 0.1413899 0.3115142 0.0944181
v 0.1407716 0.3134787 0.0949372
v 0.1400597 0.3148305 0.0952101
v 0.1387497 0.3010599 0.0940174
v 0.1386407 0.3027475 0.0942319
v 0.1387010 0.3135667 0.0955547
v 0.1386942 0.3152633 0.0956883
v 0.1412441 0.3058597 0.0920025
v 0.1411918 0.3075933 0.0920043
v 0.1412003 0.3102134 0.0923275
v 0.1414590 0.3111724 0.0930443
v 0.1394139 0.3016762 0.0925252
v 0.1395216 0.3029603 0.0915784
v 0.1409148 0.3049057 0.0915569
v 0.1409594 0.3121725 0.0925388
v 0.1395289 0.3140458 0.0929120
v 0.1395302 0.3149783 0.0941773
v 0.1381721 0.3012477 0.0924807
v 0.1380654 0.3029048 0.0919322
v 0.1381270 0.3139744 0.0932856
v 0.1381244 0.3154260 0.0942244
v 0.1362915 0.3008731 0.0929289
v 0.1361687 0.3024870 0.0931790
v 0.1362334 0.3141003 0.0945989
v 0.1361653 0.3156977 0.0947148
v 0.1400902 0.3079688 0.0896934
v 0.1400983 0.3098925 0.0899298
v 0.1377463 0.3021104 0.0890234
v 0.1385964 0.3034433 0.0896652
v 0.1386100 0.3054126 0.0891143
v 0.1397708 0.3068707 0.0889870
v 0.1398073 0.3104787 0.0894206
v 0.1386573 0.3121528 0.0899339
v 0.1386489 0.3139734 0.0909291
v 0.1378939 0.3153988 0.0906358
v 0.1369546 0.3015078 0.0900243
v 0.1374210 0.3032595 0.0903308
v 0.1372150 0.3051489 0.0894616
v 0.1372554 0.3124011 0.0903483
v 0.1374809 0.3140230 0.0916468
v 0.1370930 0.3157529 0.0917689
v 0.1345419 0.3009813 0.0913518
v 0.1338548 0.3036104 0.0911762
v 0.1339875 0.3044152 0.0913921
v 0.1340336 0.3126834 0.0924030
v 0.1339364 0.3137290 0.0923139
v 0.1349549 0.3159458 0.0932739
v 0.1323894 0.3008503 0.0923217
v 0.1323709 0.3026816 0.0925546
v 0.1326258 0.3045214 0.0920252
v 0.1326699 0.3124428 0.0929937
v 0.1324712 0.3140738 0.0938671
v 0.1325384 0.3159308 0.0941729
v 0.1308140 0.3011857 0.0926562
v 0.1307014 0.3029045 0.0926025
v 0.1307215 0.3138832 0.0939816
v 0.1309023 0.3155491 0.0944034
v 0.1289278 0.3013147 0.0943270
v 0.1296846 0.3034295 0.0936535
v 0.1291278 0.3051930 0.0940121
v 0.1291585 0.3113334 0.0947924
v 0.1297150 0.3131094 0.0948398
v 0.1290368 0.3150511 0.0959832
v 0.1273704 0.3020775 0.0941322
v 0.1274389 0.3143646 0.0956345
v 0.1390169 0.3088752 0.0874362
v 0.1392845 0.3097815 0.0881422
v 0.1370906 0.3022830 0.0874913
v 0.1379889 0.3034028 0.0872218
v 0.1387315 0.3057490 0.0870333
v 0.1389599 0.3073819 0.0872759
v 0.1388952 0.3105804 0.0874663
v 0.1388555 0.3125151 0.0881071
v 0.1380387 0.3146411 0.0885541
v 0.1372575 0.3156212 0.0893182
v 0.1362973 0.3017897 0.0880660
v 0.1358604 0.3034591 0.0887615
v 0.1354673 0.3059662 0.0887366
v 0.1349755 0.3067534 0.0888364
v 0.1350030 0.3110276 0.0893453
v 0.1354884 0.3117883 0.0894418
v 0.1359203 0.3142245 0.0900778
v 0.1361211 0.3160717 0.0897036
v 0.1337944 0.3016002 0.0890309
v 0.1340568 0.3033117 0.0900701
v 0.1346353 0.3057175 0.0895456
v 0.1349211 0.3067924 0.0890734
v 0.1349441 0.3109248 0.0895786
v 0.1346641 0.3118505 0.0902994
v 0.1342285 0.3142510 0.0912874
v 0.1338983 0.3160355 0.0907896
v 0.1324577 0.3014458 0.0903144
v 0.1327013 0.3033221 0.0911869
v 0.1323381 0.3045657 0.0915178
v 0.1323824 0.3125252 0.0924910
v 0.1328830 0.3137054 0.0923787
v 0.1325375 0.3158479 0.0920363
v 0.1300328 0.3014606 0.0914673
v 0.1311666 0.3028909 0.0919074
v 0.1312289 0.3140696 0.0932742
v 0.1301232 0.3155779 0.0931884
v 0.1285492 0.3016101 0.0925123
v 0.1274453 0.3020723 0.0920930
v 0.1274437 0.3148025 0.0937600
v 0.1284631 0.3151942 0.0938528
v 0.1265004 0.3027630 0.0932936
v 0.1265526 0.3138862 0.0947026
v 0.1362046 0.3025003 0.0854205
v 0.1369670 0.3039157 0.0854783
v 0.1365950 0.3064187 0.0855244
v 0.1372180 0.3075167 0.0853185
v 0.1372914 0.3112454 0.0857422
v 0.1366322 0.3121199 0.0862202
v 0.1369978 0.3146088 0.0867987
v 0.1363101 0.3159516 0.0871703
v 0.1346125 0.3021875 0.0859462
v 0.1361673 0.3046078 0.0864615
v 0.1358596 0.3060339 0.0861833
v 0.1359327 0.3125056 0.0871453
v 0.1362177 0.3136605 0.0875683
v 0.1349289 0.3162174 0.0877257
v 0.1334607 0.3019091 0.0870634
v 0.1335004 0.3161861 0.0888827
v 0.1310664 0.3017786 0.0878514
v 0.1311730 0.3161411 0.0895225
v 0.1294576 0.3018079 0.0891802
v 0.1295536 0.3157995 0.0908838
v 0.1281409 0.3019240 0.0904362
v 0.1282486 0.3154126 0.0920416
v 0.1355038 0.3026451 0.0839719
v 0.1363921 0.3037666 0.0837079
v 0.1363185 0.3067848 0.0848981
v 0.1364317 0.3075557 0.0848183
v 0.1364476 0.3113173 0.0852805
v 0.1363023 0.3118866 0.0855843
v 0.1364144 0.3152069 0.0851255
v 0.1356421 0.3161341 0.0855924
v 0.1343068 0.3024473 0.0845733
v 0.1341399 0.3029151 0.0837438
v 0.1356988 0.3070006 0.0854062
v 0.1356313 0.3072430 0.0854553
v 0.1356542 0.3113513 0.0859576
v 0.1357244 0.3115978 0.0859683
v 0.1342770 0.3159695 0.0854614
v 0.1344143 0.3162492 0.0863293
v 0.1323287 0.3021911 0.0849354
v 0.1324241 0.3164150 0.0867682
v 0.1302578 0.3021007 0.0857685
v 0.1303247 0.3163167 0.0875780
v 0.1280872 0.3022761 0.0870971
v 0.1281835 0.3158558 0.0888093
v 0.1344955 0.3029655 0.0818582
v 0.1352650 0.3041012 0.0813695
v 0.1360749 0.3062473 0.0814620
v 0.1365567 0.3089713 0.0821510
v 0.1365415 0.3111337 0.0824276
v 0.1361452 0.3133774 0.0824142
v 0.1353547 0.3153920 0.0827852
v 0.1345866 0.3163255 0.0832474
v 0.1333990 0.3026833 0.0823082
v 0.1332629 0.3031727 0.0822216
v 0.1330594 0.3161516 0.0833211
v 0.1335910 0.3165549 0.0839934
v 0.1314095 0.3024648 0.0833261
v 0.1314434 0.3165631 0.0847198
v 0.1294157 0.3024116 0.0837584
v 0.1295042 0.3165161 0.0855270
v 0.1275464 0.3025924 0.0846381
v 0.1277736 0.3161335 0.0865403
v 0.1335465 0.3033082 0.0799617
v 0.1344519 0.3044051 0.0796952
v 0.1352398 0.3068089 0.0796461
v 0.1354610 0.3092994 0.0798600
v 0.1354472 0.3113418 0.0801207
v 0.1352182 0.3136037 0.0805029
v 0.1344714 0.3155722 0.0810796
v 0.1324838 0.3029079 0.0803015
v 0.1319880 0.3034408 0.0802994
v 0.1319046 0.3163460 0.0815991
v 0.1328050 0.3167659 0.0821571
v 0.1302817 0.3027728 0.0815222
v 0.1303585 0.3166958 0.0832242
v 0.1285402 0.3026378 0.0824200
v 0.1285522 0.3166543 0.0838960
v 0.1270223 0.3028481 0.0825538
v 0.1272591 0.3163373 0.0848713
v 0.1332023 0.3046779 0.0774520
v 0.1342588 0.3065780 0.0777914
v 0.1342967 0.3091610 0.0775352
v 0.1343118 0.3115307 0.0778241
v 0.1342814 0.3137177 0.0785779
v 0.1333216 0.3157497 0.0787803
v 0.1314187 0.3032797 0.0781133
v 0.1313254 0.3037731 0.0784624
v 0.1316805 0.3164824 0.0800433
v 0.1315883 0.3169916 0.0799615
v 0.1296543 0.3032044 0.0794097
v 0.1297291 0.3167921 0.0810708
v 0.1273750 0.3030819 0.0801801
v 0.1274004 0.3167504 0.0817805
v 0.1268300 0.3030115 0.0813023
v 0.1269122 0.3165504 0.0830041
v 0.1323731 0.3051583 0.0756989
v 0.1330280 0.3068964 0.0755000
v 0.1332161 0.3091280 0.0755511
v 0.1331773 0.3118079 0.0757631
v 0.1330623 0.3139662 0.0763019
v 0.1324248 0.3158256 0.0770578
v 0.1302511 0.3036525 0.0763217
v 0.1304242 0.3041364 0.0763716
v 0.1307362 0.3165666 0.0778966
v 0.1305356 0.3170522 0.0782164
v 0.1282913 0.3036432 0.0773795
v 0.1285459 0.3039308 0.0766847
v 0.1286293 0.3167527 0.0782315
v 0.1283740 0.3168685 0.0789772
v 0.1272052 0.3034347 0.0783605
v 0.1273151 0.3168555 0.0799262
v 0.1313289 0.3054966 0.0741594
v 0.1319496 0.3074220 0.0738101
v 0.1322535 0.3094888 0.0740298
v 0.1322424 0.3118282 0.0742707
v 0.1319874 0.3140250 0.0746187
v 0.1313878 0.3158186 0.0754310
v 0.1294630 0.3038629 0.0754255
v 0.1296852 0.3045318 0.0746540
v 0.1297108 0.3166330 0.0760435
v 0.1295239 0.3170885 0.0770197
v 0.1285478 0.3043137 0.0758301
v 0.1286223 0.3165917 0.0773266
v 0.1303603 0.3063007 0.0728881
v 0.1305396 0.3078530 0.0724424
v 0.1307582 0.3098074 0.0723732
v 0.1307587 0.3118942 0.0726052
v 0.1305745 0.3139570 0.0731902
v 0.1304116 0.3153578 0.0739980
v 0.1286855 0.3056630 0.0730505
v 0.1287431 0.3071443 0.0721410
v 0.1288764 0.3147080 0.0730486
v 0.1286200 0.3159123 0.0742438
v 0.1294505 0.3100794 0.0715721
v 0.1294479 0.3117799 0.0717590
v 0.1277400 0.3078954 0.0718452
v 0.1281625 0.3097643 0.0714886
v 0.1281737 0.3121048 0.0717467
v 0.1277686 0.3140687 0.0725891
v 0.1271510 0.3083945 0.0717695
v 0.1269752 0.3099577 0.0716283
v 0.1269859 0.3121351 0.0718918
v 0.1271596 0.3135269 0.0723610
v 0.1270288 0.3034715 0.0783249
v 0.1275126 0.3036938 0.0771828
v 0.1263436 0.3031799 0.0808824
v 0.1267624 0.3031744 0.0801592
v 0.1268299 0.3028561 0.0830568
v 0.1273331 0.3026016 0.0852252
v 0.1274681 0.3024401 0.0869467
v 0.1279725 0.3019869 0.0902843
v 0.1238404 0.3058454 0.0758905
v 0.1252977 0.3058421 0.0748227
v 0.1271513 0.3058332 0.0740482
v 0.1283201 0.3059742 0.0736909
v 0.1226079 0.3054720 0.0785619
v 0.1237894 0.3051426 0.0771722
v 0.1259910 0.3044954 0.0762608
v 0.1279159 0.3045375 0.0755110
v 0.1288507 0.3050486 0.0747297
v 0.1228355 0.3049380 0.0803326
v 0.1246764 0.3040320 0.0791183
v 0.1264111 0.3037400 0.0777737
v 0.1277390 0.3038564 0.0767167
v 0.1224772 0.3052755 0.0826960
v 0.1232703 0.3045529 0.0820360
v 0.1251899 0.3035327 0.0810148
v 0.1232556 0.3047925 0.0849238
v 0.1243322 0.3038664 0.0843223
v 0.1258469 0.3031133 0.0835086
v 0.1237469 0.3046550 0.0869513
v 0.1254795 0.3032695 0.0861812
v 0.1247811 0.3038889 0.0889173
v 0.1259560 0.3029830 0.0882154
v 0.1254935 0.3034832 0.0908783
v 0.1267149 0.3025190 0.0902579
v 0.1261230 0.3030997 0.0927048
v 0.1272021 0.3022229 0.0915848
v 0.1245439 0.3082828 0.0735557
v 0.1264406 0.3083935 0.0727015
v 0.1274519 0.3087133 0.0723473
v 0.1217363 0.3076152 0.0768128
v 0.1228946 0.3072606 0.0755373
v 0.1246782 0.3071864 0.0740841
v 0.1268092 0.3071420 0.0731737
v 0.1277632 0.3074732 0.0727688
v 0.1207952 0.3077308 0.0798329
v 0.1215803 0.3068374 0.0783389
v 0.1225291 0.3061382 0.0771988
v 0.1212290 0.3068297 0.0810181
v 0.1217786 0.3059733 0.0802582
v 0.1216867 0.3064406 0.0826477
v 0.1224736 0.3060855 0.0851589
v 0.1231441 0.3058472 0.0872983
v 0.1238668 0.3054690 0.0893252
v 0.1245114 0.3051854 0.0912542
v 0.1248993 0.3058796 0.0934430
v 0.1251892 0.3047175 0.0931316
v 0.1228483 0.3098171 0.0744963
v 0.1243604 0.3095635 0.0734060
v 0.1263831 0.3097411 0.0724970
v 0.1273281 0.3098246 0.0722490
v 0.1212576 0.3096646 0.0767508
v 0.1221464 0.3095442 0.0753434
v 0.1204935 0.3092665 0.0797044
v 0.1207389 0.3091754 0.0782600
v 0.1206459 0.3091150 0.0818386
v 0.1211010 0.3085409 0.0832075
v 0.1220317 0.3080229 0.0858239
v 0.1232543 0.3077196 0.0893878
v 0.1242217 0.3077858 0.0922856
v 0.1246713 0.3072493 0.0934342
v 0.1228892 0.3117649 0.0747223
v 0.1244133 0.3120359 0.0736652
v 0.1263896 0.3120511 0.0727697
v 0.1273475 0.3121427 0.0725441
v 0.1213121 0.3115399 0.0769534
v 0.1221940 0.3119502 0.0756453
v 0.1205316 0.3112141 0.0799734
v 0.1207864 0.3116460 0.0785738
v 0.1206950 0.3108986 0.0821180
v 0.1211439 0.3111711 0.0835034
v 0.1220555 0.3108777 0.0861437
v 0.1233150 0.3103624 0.0897889
v 0.1241342 0.3097239 0.0921944
v 0.1246925 0.3097353 0.0937304
v 0.1246829 0.3133202 0.0740971
v 0.1264687 0.3134080 0.0733150
v 0.1275127 0.3133400 0.0729761
v 0.1217676 0.3132248 0.0774987
v 0.1229314 0.3138635 0.0763446
v 0.1245163 0.3142034 0.0750258
v 0.1268504 0.3145045 0.0740745
v 0.1278486 0.3143820 0.0736981
v 0.1208212 0.3123954 0.0804032
v 0.1216180 0.3136137 0.0791674
v 0.1225759 0.3145565 0.0782280
v 0.1212632 0.3129795 0.0817700
v 0.1218233 0.3139878 0.0812381
v 0.1217230 0.3129596 0.0834447
v 0.1225104 0.3126905 0.0859665
v 0.1231806 0.3123990 0.0880993
v 0.1239046 0.3122697 0.0901567
v 0.1245498 0.3120731 0.0920963
v 0.1249271 0.3108679 0.0940529
v 0.1252301 0.3120676 0.0940303
v 0.1238922 0.3151415 0.0770271
v 0.1253369 0.3154174 0.0760546
v 0.1272055 0.3155600 0.0752381
v 0.1283393 0.3154604 0.0748032
v 0.1226602 0.3148738 0.0797114
v 0.1238472 0.3155153 0.0784405
v 0.1259814 0.3163213 0.0777380
v 0.1279792 0.3164807 0.0770426
v 0.1289328 0.3160998 0.0760128
v 0.1228914 0.3149629 0.0815583
v 0.1247436 0.3161145 0.0805955
v 0.1264373 0.3166912 0.0793925
v 0.1278034 0.3168307 0.0783159
v 0.1225261 0.3140699 0.0837712
v 0.1233280 0.3149216 0.0833038
v 0.1252600 0.3161366 0.0825559
v 0.1233069 0.3139935 0.0860487
v 0.1243943 0.3150252 0.0856866
v 0.1259183 0.3159355 0.0850763
v 0.1237969 0.3136330 0.0880490
v 0.1255457 0.3151441 0.0876331
v 0.1248368 0.3138915 0.0901403
v 0.1260225 0.3149268 0.0896757
v 0.1255510 0.3138050 0.0921403
v 0.1267837 0.3148768 0.0917689
v 0.1262167 0.3137625 0.0939992
v 0.1272841 0.3148502 0.0931113
v 0.1270317 0.3168117 0.0800697
v 0.1275648 0.3168785 0.0788365
v 0.1264177 0.3164981 0.0825108
v 0.1268401 0.3166677 0.0818613
v 0.1269249 0.3162667 0.0848299
v 0.1273956 0.3159852 0.0869454
v 0.1276265 0.3157568 0.0886286
v 0.1279922 0.3153431 0.0919985
v 0.1380873 0.2713738 0.1861499
v 0.1381441 0.2815760 0.1873973
v 0.1367120 0.2713027 0.1865907
v 0.1367691 0.2815540 0.1878440
v 0.1324754 0.2713848 0.1877325
v 0.1319480 0.2731425 0.1876488
v 0.1319616 0.2795553 0.1884339
v 0.1325299 0.2812494 0.1889358
v 0.1292496 0.2712343 0.1867615
v 0.1293077 0.2816611 0.1880363
v 0.1250128 0.2717399 0.1856575
v 0.1250670 0.2814829 0.1868487
v 0.1231400 0.2716112 0.1850086
v 0.1231967 0.2817847 0.1862525
v 0.1394569 0.2716447 0.1840083
v 0.1395136 0.2818141 0.1852516
v 0.1354081 0.2714639 0.1831610
v 0.1354681 0.2822381 0.1844783
v 0.1326431 0.2713391 0.1841383
v 0.1327034 0.2821541 0.1854606
v 0.1286740 0.2713832 0.1839409
v 0.1287343 0.2822025 0.1852638
v 0.1261096 0.2716022 0.1822664
v 0.1261698 0.2824215 0.1835892
v 0.1221032 0.2718622 0.1829193
v 0.1221600 0.2820557 0.1841656
v 0.1413441 0.2718430 0.1805194
v 0.1409567 0.2755663 0.1806139
v 0.1409898 0.2786965 0.1811516
v 0.1414031 0.2824415 0.1818152
v 0.1369727 0.2717499 0.1805637
v 0.1370329 0.2825691 0.1818865
v 0.1246706 0.2719393 0.1795747
v 0.1247309 0.2827586 0.1808975
v 0.1207557 0.2718322 0.1794448
v 0.1219757 0.2759534 0.1793320
v 0.1219782 0.2789083 0.1796437
v 0.1208175 0.2829368 0.1808025
v 0.1202106 0.2723793 0.1784619
v 0.1201774 0.2757905 0.1793234
v 0.1201863 0.2793077 0.1795984
v 0.1202678 0.2826485 0.1797175
v 0.1415994 0.2722647 0.1768992
v 0.1411662 0.2759294 0.1775162
v 0.1412023 0.2791761 0.1779159
v 0.1416586 0.2829017 0.1781997
v 0.1375127 0.2721898 0.1769414
v 0.1375729 0.2830090 0.1782643
v 0.1247208 0.2723827 0.1759457
v 0.1247811 0.2832020 0.1772686
v 0.1211274 0.2723619 0.1747090
v 0.1221925 0.2762060 0.1762333
v 0.1222077 0.2793639 0.1766198
v 0.1211897 0.2835596 0.1760781
v 0.1205129 0.2728049 0.1751270
v 0.1204435 0.2762028 0.1757465
v 0.1204424 0.2797194 0.1762707
v 0.1205699 0.2830357 0.1763779
v 0.1406002 0.2728319 0.1725059
v 0.1406593 0.2834223 0.1737991
v 0.1364229 0.2725478 0.1740623
v 0.1364832 0.2833671 0.1753852
v 0.1350769 0.2727478 0.1724882
v 0.1351372 0.2835671 0.1738110
v 0.1270126 0.2727766 0.1726197
v 0.1270728 0.2835959 0.1739425
v 0.1223749 0.2730257 0.1714416
v 0.1224343 0.2836889 0.1727454
v 0.1406467 0.2732887 0.1705616
v 0.1402781 0.2763200 0.1694633
v 0.1403728 0.2806671 0.1699995
v 0.1407032 0.2834447 0.1718038
v 0.1375232 0.2765031 0.1692704
v 0.1375472 0.2806710 0.1697800
v 0.1352068 0.2736020 0.1699620
v 0.1354484 0.2761807 0.1691609
v 0.1354773 0.2810333 0.1697459
v 0.1352610 0.2833452 0.1711533
v 0.1280547 0.2735476 0.1695916
v 0.1281748 0.2768822 0.1686313
v 0.1281953 0.2805596 0.1690809
v 0.1281105 0.2835658 0.1708165
v 0.1229570 0.2737482 0.1692541
v 0.1230527 0.2768284 0.1684345
v 0.1230423 0.2804973 0.1688198
v 0.1230078 0.2834981 0.1704417
v 0.1340674 0.2805920 0.1687063
v 0.1303912 0.2806627 0.1684405
v 0.1340300 0.2768677 0.1682235
v 0.1303874 0.2769219 0.1679328
v 0.1406930 0.2868337 0.1675657
v 0.1380422 0.2878267 0.1673793
v 0.1341069 0.2874215 0.1674287
v 0.1305224 0.2871880 0.1670513
v 0.1272170 0.2869903 0.1664688
v 0.1250708 0.2864859 0.1657866
v 0.1420614 0.2844443 0.1675023
v 0.1384562 0.2845404 0.1673550
v 0.1338858 0.2844289 0.1678951
v 0.1308249 0.2844373 0.1675991
v 0.1264120 0.2846255 0.1665168
v 0.1230886 0.2846283 0.1660313
v 0.1215129 0.2831617 0.1653418
v 0.1416824 0.2809018 0.1671043
v 0.1387038 0.2802521 0.1672916
v 0.1344201 0.2810373 0.1670993
v 0.1302624 0.2810836 0.1668355
v 0.1259195 0.2808987 0.1665297
v 0.1235238 0.2809083 0.1661005
v 0.1213368 0.2810338 0.1649877
v 0.1416439 0.2768472 0.1667837
v 0.1387180 0.2774808 0.1669596
v 0.1344056 0.2768399 0.1665709
v 0.1302201 0.2768791 0.1663578
v 0.1259731 0.2771899 0.1660285
v 0.1232693 0.2768486 0.1656236
v 0.1213328 0.2768091 0.1646901
v 0.1418646 0.2734786 0.1659683
v 0.1383968 0.2733397 0.1659601
v 0.1338104 0.2729240 0.1664020
v 0.1306728 0.2730436 0.1661395
v 0.1263900 0.2735558 0.1651650
v 0.1231075 0.2737128 0.1647705
v 0.1215013 0.2752950 0.1642510
v 0.1406067 0.2710434 0.1656179
v 0.1380745 0.2701640 0.1652471
v 0.1340864 0.2705009 0.1653297
v 0.1304002 0.2709981 0.1652416
v 0.1270932 0.2713617 0.1646808
v 0.1249904 0.2719786 0.1640531
v 0.1403420 0.2871900 0.1636433
v 0.1428059 0.2838116 0.1647996
v 0.1353594 0.2843653 0.1646134
v 0.1298100 0.2844465 0.1642016
v 0.1432422 0.2813212 0.1638590
v 0.1370002 0.2820300 0.1644536
v 0.1359186 0.2825960 0.1644403
v 0.1292313 0.2826939 0.1639440
v 0.1281435 0.2821596 0.1637963
v 0.1222278 0.2796913 0.1612790
v 0.1216011 0.2798117 0.1603171
v 0.1432101 0.2765817 0.1636044
v 0.1369693 0.2764735 0.1637742
v 0.1358815 0.2759393 0.1636264
v 0.1291942 0.2760372 0.1631301
v 0.1281126 0.2766032 0.1631169
v 0.1224122 0.2773747 0.1602056
v 0.1427275 0.2746214 0.1632357
v 0.1353028 0.2741866 0.1633689
v 0.1297534 0.2742679 0.1629571
v 0.1259615 0.2725245 0.1624924
v 0.1234953 0.2747433 0.1602868
v 0.1401148 0.2713277 0.1621114
v 0.1328976 0.2705380 0.1609713
v 0.1278787 0.2719091 0.1623162
v 0.1411912 0.2879260 0.1594989
v 0.1387036 0.2886308 0.1611576
v 0.1336806 0.2888703 0.1604030
v 0.1309860 0.2886714 0.1596472
v 0.1278897 0.2881019 0.1593786
v 0.1252740 0.2871123 0.1597253
v 0.1431006 0.2850154 0.1591430
v 0.1230321 0.2852896 0.1599277
v 0.1219799 0.2835770 0.1599352
v 0.1432211 0.2814815 0.1592001
v 0.1225392 0.2801080 0.1578525
v 0.1217975 0.2812242 0.1592112
v 0.1432284 0.2779830 0.1588175
v 0.1227650 0.2777360 0.1570987
v 0.1217673 0.2777956 0.1593696
v 0.1430374 0.2748006 0.1579674
v 0.1263229 0.2729333 0.1587907
v 0.1237191 0.2745495 0.1578409
v 0.1219391 0.2762449 0.1590388
v 0.1411029 0.2719207 0.1575420
v 0.1386047 0.2708625 0.1589850
v 0.1334735 0.2710733 0.1587644
v 0.1308908 0.2715421 0.1580691
v 0.1279913 0.2721206 0.1578700
v 0.1406169 0.2887522 0.1574630
v 0.1386617 0.2889447 0.1563155
v 0.1352089 0.2888910 0.1562027
v 0.1326633 0.2880256 0.1559971
v 0.1259565 0.2878973 0.1539580
v 0.1438070 0.2838550 0.1575984
v 0.1236296 0.2857799 0.1545103
v 0.1437351 0.2820025 0.1568364
v 0.1227983 0.2815769 0.1546993
v 0.1223032 0.2813040 0.1543888
v 0.1437359 0.2774934 0.1565469
v 0.1230485 0.2779337 0.1540768
v 0.1222965 0.2792510 0.1543539
v 0.1437549 0.2763135 0.1565751
v 0.1262139 0.2740512 0.1522672
v 0.1240092 0.2753404 0.1534279
v 0.1406139 0.2718351 0.1537377
v 0.1389066 0.2715308 0.1541597
v 0.1340466 0.2714588 0.1538620
v 0.1258761 0.2734486 0.1521915
v 0.1337154 0.2895417 0.1537960
v 0.1312897 0.2893435 0.1534182
v 0.1282219 0.2888085 0.1532693
v 0.1441362 0.2848572 0.1513814
v 0.1266797 0.2858856 0.1523489
v 0.1261814 0.2857926 0.1531323
v 0.1438535 0.2822735 0.1514491
v 0.1230739 0.2819965 0.1498288
v 0.1437752 0.2791695 0.1523020
v 0.1231631 0.2795963 0.1497806
v 0.1440141 0.2767231 0.1520917
v 0.1270709 0.2737092 0.1518694
v 0.1239426 0.2770874 0.1508413
v 0.1336464 0.2721593 0.1516632
v 0.1312195 0.2724318 0.1513343
v 0.1283630 0.2729604 0.1512728
v 0.1416958 0.2889206 0.1510385
v 0.1407910 0.2890112 0.1495888
v 0.1266799 0.2886367 0.1484723
v 0.1434622 0.2862168 0.1509409
v 0.1278623 0.2863452 0.1485358
v 0.1246411 0.2865197 0.1484159
v 0.1439144 0.2828436 0.1494190
v 0.1237704 0.2826065 0.1469742
v 0.1438881 0.2787538 0.1489825
v 0.1238856 0.2799335 0.1466224
v 0.1434036 0.2756135 0.1496514
v 0.1274666 0.2745844 0.1456030
v 0.1246552 0.2761580 0.1471500
v 0.1417352 0.2730596 0.1493698
v 0.1407034 0.2732575 0.1476624
v 0.1339837 0.2730662 0.1476683
v 0.1265987 0.2740447 0.1466882
v 0.1412864 0.2900489 0.1462498
v 0.1395547 0.2902993 0.1467640
v 0.1356053 0.2904044 0.1465497
v 0.1277871 0.2893845 0.1451521
v 0.1444708 0.2855056 0.1445853
v 0.1291413 0.2874683 0.1444175
v 0.1255416 0.2869554 0.1447244
v 0.1243571 0.2836379 0.1442909
v 0.1244123 0.2795625 0.1439646
v 0.1273258 0.2755832 0.1419971
v 0.1256070 0.2764342 0.1435945
v 0.1411548 0.2729787 0.1447490
v 0.1392894 0.2727044 0.1446031
v 0.1348596 0.2730194 0.1444940
v 0.1319478 0.2736644 0.1445176
v 0.1281430 0.2740544 0.1433019
v 0.1421664 0.2898418 0.1436521
v 0.1393613 0.2909640 0.1416787
v 0.1356981 0.2907012 0.1415278
v 0.1320409 0.2906547 0.1417131
v 0.1291383 0.2899946 0.1416222
v 0.1439372 0.2870956 0.1428049
v 0.1283008 0.2877151 0.1409459
v 0.1262545 0.2880160 0.1421731
v 0.1443161 0.2837136 0.1416047
v 0.1277804 0.2844430 0.1401729
v 0.1442349 0.2798688 0.1412936
v 0.1278798 0.2789725 0.1393068
v 0.1438752 0.2765901 0.1416811
v 0.1315631 0.2786139 0.1390895
v 0.1280107 0.2766161 0.1403112
v 0.1261872 0.2761940 0.1407283
v 0.1420779 0.2738671 0.1416988
v 0.1393400 0.2732843 0.1395239
v 0.1359114 0.2734434 0.1398050
v 0.1320652 0.2737287 0.1395724
v 0.1290730 0.2743964 0.1396465
v 0.1426649 0.2905827 0.1382167
v 0.1396748 0.2907388 0.1386509
v 0.1364348 0.2905734 0.1395088
v 0.1326171 0.2905510 0.1389970
v 0.1303275 0.2904649 0.1381994
v 0.1447864 0.2865403 0.1373382
v 0.1399348 0.2896262 0.1380434
v 0.1320040 0.2892876 0.1394651
v 0.1292988 0.2888324 0.1381852
v 0.1440161 0.2847593 0.1379006
v 0.1447305 0.2792325 0.1363383
v 0.1290372 0.2793120 0.1363906
v 0.1447193 0.2785086 0.1368770
v 0.1393584 0.2755654 0.1362709
v 0.1364054 0.2758299 0.1368374
v 0.1321508 0.2767601 0.1375545
v 0.1296343 0.2783385 0.1367690
v 0.1425967 0.2744602 0.1363066
v 0.1395958 0.2742711 0.1366129
v 0.1364131 0.2743396 0.1374556
v 0.1325004 0.2743919 0.1372366
v 0.1302071 0.2746531 0.1364352
v 0.1429674 0.2905124 0.1355518
v 0.1409076 0.2908606 0.1358288
v 0.1292796 0.2909667 0.1346991
v 0.1443259 0.2884235 0.1355069
v 0.1415828 0.2895756 0.1356200
v 0.1280338 0.2901367 0.1344095
v 0.1443918 0.2851881 0.1349376
v 0.1417920 0.2855093 0.1349625
v 0.1445484 0.2806467 0.1343428
v 0.1440377 0.2770049 0.1343021
v 0.1410961 0.2760577 0.1333265
v 0.1381411 0.2762529 0.1350288
v 0.1291946 0.2763038 0.1328009
v 0.1428895 0.2751110 0.1338751
v 0.1408899 0.2748448 0.1338414
v 0.1290592 0.2750371 0.1328299
v 0.1431328 0.2907472 0.1335525
v 0.1410752 0.2911434 0.1322312
v 0.1350192 0.2918236 0.1330670
v 0.1293842 0.2914292 0.1309836
v 0.1444195 0.2887661 0.1334089
v 0.1420333 0.2903669 0.1318896
v 0.1281854 0.2905646 0.1309029
v 0.1441370 0.2847022 0.1328923
v 0.1421655 0.2857629 0.1328717
v 0.1436575 0.2802836 0.1312204
v 0.1437253 0.2772635 0.1315077
v 0.1408304 0.2765699 0.1298414
v 0.1293167 0.2767352 0.1290138
v 0.1428939 0.2755802 0.1316863
v 0.1411065 0.2753645 0.1302519
v 0.1349231 0.2745524 0.1309553
v 0.1290524 0.2755564 0.1290791
v 0.1398630 0.2914291 0.1289096
v 0.1373827 0.2917989 0.1275185
v 0.1336074 0.2918980 0.1272814
v 0.1307438 0.2915299 0.1282181
v 0.1402587 0.2908386 0.1281126
v 0.1380743 0.2910575 0.1264216
v 0.1330029 0.2911314 0.1260477
v 0.1302718 0.2909544 0.1276195
v 0.1409382 0.2864459 0.1267523
v 0.1385247 0.2872401 0.1260267
v 0.1404600 0.2813983 0.1270909
v 0.1380015 0.2816756 0.1254139
v 0.1407957 0.2776899 0.1263240
v 0.1374084 0.2772432 0.1257951
v 0.1333907 0.2772300 0.1256804
v 0.1303995 0.2767983 0.1259767
v 0.1398999 0.2759171 0.1269552
v 0.1374591 0.2758643 0.1255289
v 0.1335222 0.2759520 0.1251309
v 0.1307017 0.2759439 0.1263390
v 0.1361600 0.2914053 0.1259302
v 0.1349743 0.2914217 0.1258497
v 0.1365617 0.2911284 0.1259102
v 0.1349724 0.2911577 0.1257433
v 0.1410096 0.2866169 0.1249099
v 0.1387277 0.2871037 0.1253578
v 0.1406997 0.2809059 0.1246222
v 0.1380246 0.2820993 0.1249669
v 0.1411025 0.2785222 0.1236850
v 0.1381170 0.2775665 0.1240799
v 0.1347695 0.2769133 0.1240132
v 0.1365800 0.2767366 0.1242006
v 0.1349074 0.2767664 0.1240326
v 0.1429108 0.2755742 0.1300617
v 0.1443615 0.2778025 0.1301506
v 0.1446609 0.2814319 0.1305587
v 0.1446837 0.2853518 0.1310378
v 0.1444079 0.2888724 0.1315060
v 0.1429157 0.2910036 0.1319585
v 0.1415316 0.2748915 0.1301537
v 0.1411973 0.2789765 0.1306987
v 0.1412211 0.2832498 0.1312212
v 0.1412449 0.2875230 0.1317437
v 0.1415298 0.2916515 0.1322150
v 0.1425551 0.2757740 0.1289265
v 0.1437255 0.2774471 0.1290766
v 0.1442651 0.2813103 0.1291194
v 0.1442914 0.2855099 0.1296101
v 0.1437845 0.2893929 0.1305385
v 0.1425688 0.2910568 0.1307849
v 0.1410182 0.2753659 0.1280287
v 0.1411081 0.2916721 0.1301302
v 0.1418673 0.2764245 0.1255168
v 0.1430244 0.2779261 0.1255581
v 0.1435343 0.2817592 0.1256536
v 0.1436944 0.2862951 0.1264909
v 0.1430904 0.2897609 0.1270051
v 0.1419498 0.2912408 0.1273283
v 0.1395383 0.2757637 0.1254759
v 0.1396123 0.2919252 0.1274939
v 0.1361981 0.2758376 0.1244418
v 0.1363562 0.2921674 0.1265219
v 0.1318156 0.2759814 0.1249613
v 0.1318753 0.2919589 0.1270267
v 0.1299406 0.2762221 0.1254975
v 0.1290737 0.2775900 0.1254806
v 0.1302640 0.2837220 0.1278582
v 0.1294769 0.2901764 0.1271513
v 0.1300388 0.2915774 0.1273588
v 0.1411967 0.2769860 0.1217961
v 0.1424075 0.2786754 0.1218663
v 0.1431320 0.2821194 0.1223661
v 0.1432013 0.2860840 0.1229624
v 0.1424702 0.2899299 0.1232424
v 0.1412780 0.2915997 0.1235828
v 0.1391806 0.2766453 0.1216124
v 0.1407592 0.2772978 0.1219369
v 0.1408370 0.2912680 0.1236450
v 0.1394274 0.2919996 0.1233066
v 0.1351184 0.2762526 0.1233228
v 0.1347161 0.2919916 0.1257066
v 0.1333203 0.2761977 0.1239373
v 0.1333182 0.2919464 0.1258820
v 0.1289026 0.2767315 0.1244473
v 0.1278028 0.2778588 0.1235639
v 0.1278636 0.2904648 0.1251312
v 0.1289686 0.2913466 0.1262218
v 0.1259274 0.2795519 0.1225640
v 0.1250948 0.2816079 0.1231328
v 0.1251243 0.2863981 0.1237209
v 0.1259769 0.2891063 0.1237531
v 0.1417171 0.2793039 0.1181654
v 0.1424578 0.2828890 0.1186100
v 0.1425182 0.2864062 0.1189861
v 0.1417778 0.2902192 0.1194999
v 0.1384539 0.2772739 0.1179405
v 0.1397375 0.2778620 0.1182229
v 0.1398141 0.2916264 0.1199058
v 0.1385375 0.2922792 0.1197751
v 0.1352924 0.2771951 0.1183697
v 0.1352698 0.2922737 0.1201331
v 0.1312246 0.2771716 0.1191715
v 0.1301932 0.2777378 0.1184914
v 0.1309068 0.2918611 0.1198467
v 0.1313080 0.2921613 0.1210042
v 0.1291988 0.2772877 0.1196914
v 0.1278755 0.2782995 0.1194218
v 0.1279465 0.2910432 0.1209799
v 0.1292804 0.2919455 0.1214835
v 0.1253542 0.2804261 0.1210658
v 0.1250493 0.2822248 0.1213766
v 0.1251038 0.2866276 0.1218552
v 0.1253880 0.2885969 0.1220971
v 0.1411093 0.2800146 0.1144701
v 0.1419042 0.2833159 0.1150139
v 0.1418965 0.2868447 0.1153258
v 0.1411673 0.2904264 0.1157432
v 0.1378561 0.2777649 0.1143335
v 0.1388279 0.2783124 0.1144476
v 0.1389047 0.2921088 0.1161344
v 0.1379392 0.2926783 0.1161569
v 0.1349455 0.2777434 0.1145021
v 0.1337499 0.2780961 0.1146852
v 0.1338291 0.2923172 0.1164239
v 0.1350288 0.2926905 0.1163296
v 0.1308145 0.2777044 0.1150291
v 0.1308638 0.2781958 0.1150968
v 0.1309416 0.2921529 0.1168033
v 0.1308977 0.2926467 0.1168560
v 0.1288608 0.2779662 0.1153523
v 0.1270757 0.2791980 0.1156747
v 0.1271419 0.2910827 0.1171278
v 0.1289408 0.2923362 0.1171092
v 0.1251505 0.2807544 0.1171677
v 0.1246022 0.2823475 0.1172624
v 0.1246168 0.2867981 0.1176868
v 0.1251977 0.2892336 0.1182044
v 0.1405424 0.2808339 0.1107843
v 0.1410492 0.2837235 0.1103135
v 0.1410926 0.2876967 0.1108818
v 0.1405963 0.2905256 0.1119693
v 0.1377075 0.2782011 0.1109147
v 0.1381093 0.2788092 0.1109102
v 0.1380321 0.2925031 0.1126455
v 0.1376110 0.2930926 0.1128162
v 0.1332447 0.2781025 0.1109769
v 0.1332613 0.2785981 0.1110406
v 0.1341660 0.2927209 0.1128575
v 0.1341574 0.2932175 0.1129146
v 0.1305928 0.2781409 0.1118204
v 0.1306409 0.2786333 0.1118825
v 0.1303714 0.2925103 0.1133204
v 0.1303175 0.2930023 0.1133796
v 0.1265140 0.2799207 0.1124507
v 0.1265766 0.2911642 0.1138254
v 0.1248323 0.2814310 0.1132466
v 0.1244467 0.2829644 0.1132485
v 0.1244680 0.2872697 0.1136937
v 0.1248774 0.2895252 0.1142363
v 0.1400513 0.2810460 0.1081020
v 0.1407783 0.2836452 0.1080108
v 0.1407798 0.2884921 0.1085011
v 0.1400987 0.2909735 0.1093366
v 0.1368044 0.2786712 0.1070185
v 0.1374510 0.2793263 0.1072968
v 0.1374856 0.2928805 0.1089351
v 0.1368739 0.2935773 0.1088484
v 0.1330563 0.2786486 0.1067117
v 0.1332406 0.2791235 0.1068979
v 0.1333290 0.2932022 0.1086174
v 0.1330740 0.2937157 0.1084934
v 0.1305597 0.2786873 0.1073710
v 0.1304884 0.2791979 0.1073652
v 0.1305655 0.2930473 0.1090583
v 0.1306133 0.2935311 0.1092468
v 0.1259563 0.2810117 0.1087798
v 0.1248635 0.2838719 0.1090212
v 0.1248900 0.2880971 0.1095311
v 0.1260487 0.2910240 0.1100224
v 0.1246196 0.2822265 0.1088612
v 0.1244195 0.2838979 0.1093227
v 0.1244322 0.2878504 0.1098618
v 0.1246596 0.2898071 0.1097907
v 0.1394880 0.2814981 0.1049167
v 0.1401591 0.2843510 0.1042338
v 0.1401042 0.2888182 0.1045548
v 0.1395426 0.2913061 0.1061158
v 0.1362588 0.2791273 0.1035757
v 0.1370828 0.2797382 0.1041546
v 0.1354441 0.2867040 0.1032323
v 0.1370831 0.2932321 0.1058806
v 0.1362973 0.2939716 0.1053835
v 0.1338300 0.2788855 0.1048224
v 0.1342925 0.2792467 0.1056506
v 0.1333669 0.2864784 0.1051723
v 0.1343756 0.2933713 0.1073766
v 0.1339096 0.2939176 0.1067315
v 0.1294850 0.2790199 0.1055593
v 0.1288219 0.2794647 0.1059758
v 0.1297501 0.2864321 0.1057161
v 0.1288674 0.2931470 0.1075951
v 0.1295804 0.2936709 0.1073843
v 0.1271673 0.2792791 0.1033615
v 0.1266929 0.2804737 0.1059457
v 0.1260770 0.2829499 0.1058232
v 0.1268641 0.2881971 0.1056675
v 0.1267156 0.2921490 0.1074147
v 0.1272491 0.2939695 0.1051576
v 0.1244215 0.2838832 0.1077456
v 0.1244466 0.2882665 0.1082806
v 0.1388148 0.2821986 0.0998725
v 0.1395202 0.2847728 0.1003124
v 0.1395307 0.2892666 0.1008468
v 0.1388702 0.2918212 0.1010269
v 0.1360134 0.2795128 0.1007417
v 0.1374738 0.2804885 0.1005312
v 0.1359090 0.2869952 0.1008299
v 0.1375369 0.2933598 0.1021198
v 0.1361133 0.2942747 0.1025341
v 0.1310216 0.2943472 0.1018967
v 0.1309398 0.2796568 0.1001005
v 0.1262590 0.2794921 0.1016608
v 0.1263408 0.2941825 0.1034569
v 0.1386108 0.2821291 0.0984102
v 0.1394130 0.2845607 0.0986068
v 0.1394481 0.2894777 0.0992070
v 0.1386929 0.2922396 0.0996430
v 0.1356976 0.2798988 0.0982044
v 0.1370604 0.2804564 0.0984049
v 0.1376007 0.2871898 0.0991614
v 0.1357154 0.2871711 0.0994002
v 0.1372204 0.2938483 0.1000308
v 0.1358094 0.2945091 0.1000157
v 0.1335842 0.2801540 0.0959139
v 0.1336660 0.2948443 0.0977101
v 0.1273208 0.2800913 0.0967121
v 0.1274026 0.2947816 0.0985083
v 0.1261764 0.2798403 0.0988171
v 0.1262582 0.2945306 0.1006133
v 0.1317695 0.2802478 0.0952292
v 0.1313636 0.2949430 0.0970080
v 0.1293711 0.2802335 0.0954554
v 0.1289853 0.2949095 0.0973906
v 0.1392475 0.2846515 0.0972867
v 0.1393200 0.2859783 0.0975667
v 0.1393023 0.2889339 0.0978023
v 0.1393123 0.2899968 0.0980321
v 0.1372932 0.2806972 0.0973419
v 0.1379272 0.2820022 0.0974309
v 0.1386267 0.2839299 0.0975027
v 0.1382974 0.2852584 0.0978734
v 0.1383202 0.2893667 0.0983757
v 0.1387042 0.2906021 0.0983082
v 0.1380471 0.2925807 0.0987138
v 0.1373277 0.2939480 0.0988601
v 0.1359515 0.2802049 0.0974458
v 0.1358429 0.2818949 0.0976396
v 0.1359031 0.2927142 0.0989625
v 0.1359095 0.2944109 0.0990943
v 0.1388596 0.2849451 0.0958990
v 0.1388447 0.2866794 0.0958932
v 0.1388529 0.2892997 0.0962153
v 0.1390035 0.2902550 0.0969670
v 0.1368777 0.2808028 0.0960922
v 0.1371754 0.2820816 0.0951796
v 0.1385924 0.2839970 0.0954021
v 0.1386207 0.2912640 0.0963833
v 0.1371873 0.2931682 0.0965041
v 0.1369888 0.2941040 0.0977512
v 0.1356536 0.2804005 0.0958323
v 0.1356791 0.2820579 0.0952751
v 0.1357407 0.2931275 0.0966285
v 0.1356061 0.2945815 0.0975538
v 0.1337162 0.2800670 0.0959468
v 0.1335862 0.2816838 0.0961732
v 0.1336509 0.2932971 0.0975931
v 0.1335978 0.2948959 0.0976968
v 0.1381694 0.2870716 0.0934264
v 0.1381773 0.2889954 0.0936623
v 0.1358531 0.2812622 0.0923544
v 0.1366071 0.2825786 0.0931352
v 0.1367581 0.2845457 0.0925968
v 0.1379542 0.2859785 0.0926743
v 0.1379917 0.2895861 0.0931109
v 0.1368060 0.2912857 0.0934182
v 0.1366637 0.2931088 0.0943985
v 0.1360017 0.2945490 0.0939797
v 0.1348869 0.2806793 0.0932020
v 0.1353302 0.2824216 0.0935864
v 0.1353187 0.2843125 0.0926963
v 0.1353590 0.2915647 0.0935830
v 0.1353902 0.2931852 0.0949024
v 0.1350239 0.2949231 0.0949569
v 0.1322698 0.2802077 0.0940899
v 0.1316798 0.2828503 0.0938000
v 0.1317901 0.2836527 0.0940363
v 0.1318361 0.2919209 0.0950473
v 0.1317782 0.2929681 0.0949436
v 0.1326616 0.2951655 0.0960678
v 0.1299792 0.2801250 0.0946711
v 0.1299595 0.2819569 0.0948989
v 0.1303417 0.2837895 0.0944234
v 0.1303858 0.2917108 0.0953919
v 0.1300732 0.2933482 0.0962191
v 0.1301259 0.2952042 0.0965335
v 0.1283771 0.2804946 0.0947273
v 0.1283123 0.2822152 0.0946564
v 0.1283266 0.2931949 0.0960277
v 0.1284669 0.2948578 0.0964760
v 0.1262327 0.2806682 0.0960452
v 0.1271399 0.2827646 0.0955153
v 0.1265669 0.2845404 0.0957733
v 0.1265926 0.2906810 0.0965525
v 0.1271701 0.2924449 0.0966974
v 0.1263453 0.2944038 0.0977074
v 0.1247494 0.2814631 0.0955836
v 0.1248179 0.2937503 0.0970859
v 0.1375238 0.2879941 0.0910180
v 0.1376841 0.2888965 0.0917605
v 0.1354772 0.2814443 0.0907319
v 0.1364323 0.2825441 0.0906235
v 0.1372462 0.2848735 0.0905688
v 0.1374637 0.2865019 0.0908488
v 0.1374352 0.2897016 0.0910280
v 0.1373261 0.2916385 0.0916539
v 0.1364895 0.2937825 0.0919541
v 0.1356086 0.2947811 0.0925718
v 0.1345858 0.2809695 0.0911596
v 0.1340705 0.2826498 0.0917702
v 0.1337412 0.2851645 0.0916795
v 0.1332564 0.2859622 0.0916932
v 0.1332863 0.2902364 0.0922029
v 0.1337636 0.2909868 0.0923829
v 0.1341304 0.2934152 0.0930864
v 0.1344324 0.2952566 0.0927544
v 0.1319499 0.2808357 0.0916750
v 0.1320643 0.2825442 0.0927455
v 0.1327762 0.2849357 0.0923316
v 0.1331626 0.2860031 0.0919171
v 0.1331856 0.2901354 0.0924224
v 0.1328044 0.2910688 0.0930844
v 0.1322552 0.2934808 0.0939839
v 0.1320546 0.2952706 0.0934379
v 0.1304077 0.2807133 0.0927067
v 0.1305361 0.2825865 0.0936099
v 0.1301475 0.2838383 0.0938739
v 0.1301918 0.2917979 0.0948470
v 0.1307293 0.2929669 0.0948244
v 0.1304942 0.2951152 0.0944292
v 0.1278204 0.2807826 0.0934210
v 0.1288907 0.2821898 0.0940526
v 0.1289530 0.2933685 0.0954194
v 0.1279114 0.2948996 0.0951443
v 0.1261813 0.2809664 0.0941926
v 0.1251771 0.2814506 0.0935884
v 0.1251574 0.2941827 0.0952412
v 0.1261534 0.2945530 0.0955099
v 0.1240531 0.2821646 0.0946073
v 0.1240969 0.2932881 0.0960138
v 0.1349691 0.2816745 0.0885388
v 0.1357399 0.2830736 0.0887294
v 0.1354189 0.2855841 0.0887124
v 0.1360915 0.2866680 0.0886188
v 0.1361697 0.2903955 0.0890521
v 0.1354563 0.2912851 0.0894092
v 0.1357688 0.2937673 0.0900446
v 0.1350559 0.2951255 0.0902923
v 0.1333035 0.2813969 0.0887798
v 0.1347965 0.2837853 0.0895594
v 0.1345723 0.2852167 0.0892332
v 0.1346152 0.2916881 0.0901991
v 0.1348469 0.2928379 0.0906662
v 0.1336052 0.2954219 0.0905997
v 0.1319696 0.2811461 0.0896798
v 0.1319971 0.2954241 0.0914910
v 0.1294726 0.2810684 0.0900399
v 0.1295936 0.2954302 0.0917168
v 0.1276585 0.2811355 0.0910691
v 0.1277555 0.2951267 0.0927759
v 0.1261465 0.2812829 0.0920775
v 0.1262613 0.2947708 0.0936892
v 0.1345337 0.2818300 0.0869907
v 0.1354781 0.2829317 0.0868859
v 0.1352632 0.2859541 0.0880479
v 0.1354050 0.2867222 0.0879897
v 0.1354205 0.2904839 0.0884510
v 0.1352369 0.2910570 0.0887255
v 0.1354977 0.2943729 0.0882960
v 0.1346760 0.2953175 0.0886226
v 0.1332465 0.2816592 0.0873749
v 0.1332362 0.2821281 0.0865294
v 0.1345695 0.2861843 0.0884409
v 0.1344997 0.2864284 0.0884778
v 0.1345226 0.2905366 0.0889801
v 0.1345951 0.2907815 0.0890030
v 0.1333513 0.2951815 0.0882564
v 0.1333417 0.2954606 0.0891352
v 0.1312306 0.2814460 0.0873877
v 0.1313095 0.2956697 0.0892219
v 0.1290450 0.2814018 0.0878485
v 0.1290997 0.2956181 0.0896547
v 0.1266810 0.2816267 0.0887801
v 0.1267679 0.2952061 0.0904951
v 0.1339148 0.2821656 0.0847343
v 0.1347815 0.2832835 0.0843876
v 0.1356086 0.2854121 0.0846213
v 0.1360214 0.2881273 0.0853859
v 0.1360044 0.2902903 0.0856576
v 0.1356645 0.2925419 0.0855776
v 0.1348646 0.2945738 0.0858074
v 0.1340481 0.2955245 0.0861301
v 0.1327510 0.2819079 0.0849868
v 0.1326426 0.2823999 0.0848783
v 0.1325279 0.2953832 0.0859373
v 0.1329432 0.2957771 0.0866921
v 0.1306108 0.2817345 0.0856435
v 0.1307027 0.2958328 0.0870344
v 0.1285716 0.2817247 0.0857229
v 0.1286522 0.2958291 0.0874926
v 0.1265822 0.2819474 0.0862648
v 0.1267642 0.2954860 0.0881896
v 0.1333170 0.2825229 0.0827020
v 0.1342782 0.2835997 0.0825979
v 0.1351137 0.2859862 0.0826884
v 0.1353474 0.2884721 0.0829398
v 0.1353320 0.2905150 0.0831959
v 0.1350885 0.2927823 0.0835346
v 0.1342950 0.2947678 0.0839745
v 0.1322032 0.2821462 0.0828518
v 0.1317268 0.2826894 0.0827641
v 0.1316940 0.2955971 0.0840410
v 0.1324927 0.2959995 0.0847474
v 0.1298202 0.2820611 0.0836714
v 0.1298971 0.2959842 0.0853733
v 0.1279468 0.2819655 0.0842530
v 0.1280011 0.2959827 0.0857212
v 0.1264336 0.2822082 0.0841214
v 0.1265519 0.2956959 0.0864568
v 0.1334432 0.2838925 0.0801720
v 0.1344649 0.2857708 0.0806914
v 0.1346018 0.2883517 0.0804479
v 0.1346170 0.2907214 0.0807372
v 0.1345028 0.2929106 0.0814762
v 0.1335659 0.2949630 0.0815106
v 0.1315424 0.2825342 0.0805122
v 0.1314005 0.2830305 0.0808403
v 0.1317465 0.2957339 0.0824702
v 0.1316808 0.2962447 0.0823740
v 0.1295785 0.2825000 0.0814824
v 0.1296534 0.2960877 0.0831434
v 0.1271980 0.2824278 0.0818452
v 0.1272365 0.2960972 0.0834379
v 0.1264651 0.2823722 0.0828556
v 0.1265390 0.2959110 0.0845580
v 0.1329414 0.2843854 0.0783019
v 0.1336578 0.2861088 0.0782214
v 0.1338817 0.2883359 0.0783063
v 0.1338637 0.2910166 0.0785108
v 0.1337030 0.2931785 0.0790233
v 0.1329837 0.2950530 0.0796587
v 0.1307118 0.2829266 0.0785454
v 0.1308839 0.2834069 0.0786250
v 0.1311913 0.2958319 0.0801921
v 0.1309487 0.2963226 0.0804726
v 0.1285984 0.2829617 0.0792468
v 0.1289759 0.2832419 0.0786071
v 0.1290627 0.2960635 0.0801562
v 0.1286843 0.2961867 0.0808463
v 0.1273543 0.2827790 0.0800241
v 0.1274767 0.2961988 0.0815970
v 0.1321878 0.2847414 0.0766048
v 0.1329006 0.2866522 0.0763703
v 0.1332058 0.2887127 0.0766413
v 0.1332029 0.2910525 0.0768787
v 0.1329382 0.2932552 0.0771791
v 0.1322450 0.2950634 0.0778765
v 0.1300960 0.2831510 0.0775262
v 0.1304630 0.2838129 0.0768055
v 0.1305048 0.2959147 0.0781892
v 0.1301611 0.2963769 0.0791185
v 0.1291343 0.2836223 0.0777661
v 0.1292095 0.2959002 0.0792637
v 0.1314720 0.2855622 0.0751853
v 0.1317590 0.2871091 0.0747789
v 0.1320279 0.2890582 0.0747504
v 0.1320326 0.2911452 0.0749808
v 0.1317937 0.2932130 0.0755268
v 0.1315229 0.2946193 0.0762953
v 0.1297813 0.2849605 0.0750539
v 0.1300275 0.2864377 0.0741694
v 0.1301624 0.2939994 0.0750932
v 0.1297281 0.2952122 0.0762268
v 0.1308853 0.2893555 0.0737347
v 0.1308866 0.2910562 0.0739199
v 0.1291072 0.2872090 0.0737046
v 0.1296250 0.2890675 0.0734285
v 0.1296411 0.2914080 0.0736867
v 0.1291378 0.2933824 0.0744477
v 0.1285511 0.2877202 0.0735283
v 0.1284359 0.2892863 0.0733600
v 0.1284470 0.2914638 0.0736234
v 0.1285663 0.2928529 0.0741169
v 0.1271874 0.2828195 0.0799584
v 0.1278668 0.2830283 0.0789179
v 0.1260625 0.2825497 0.0823578
v 0.1266004 0.2825333 0.0817183
v 0.1261569 0.2822218 0.0845833
v 0.1262704 0.2819629 0.0868059
v 0.1261010 0.2818034 0.0885246
v 0.1260084 0.2813491 0.0918986
v 0.1245216 0.2852534 0.0770095
v 0.1261417 0.2852163 0.0762109
v 0.1281010 0.2851661 0.0757700
v 0.1293168 0.2852813 0.0756213
v 0.1228362 0.2849137 0.0794259
v 0.1242338 0.2845555 0.0782622
v 0.1265460 0.2838593 0.0777464
v 0.1285722 0.2838585 0.0773423
v 0.1296391 0.2843477 0.0767357
v 0.1227415 0.2843800 0.0812088
v 0.1247455 0.2834319 0.0803317
v 0.1266807 0.2830994 0.0793086
v 0.1281742 0.2831847 0.0784983
v 0.1219855 0.2847317 0.0834743
v 0.1228656 0.2839906 0.0829614
v 0.1249111 0.2829271 0.0822882
v 0.1223549 0.2842386 0.0858030
v 0.1234995 0.2832883 0.0853968
v 0.1251161 0.2825010 0.0848578
v 0.1224835 0.2840965 0.0878849
v 0.1242937 0.2826725 0.0874261
v 0.1231441 0.2833142 0.0899999
v 0.1244035 0.2823817 0.0895119
v 0.1234964 0.2828991 0.0920545
v 0.1247861 0.2819075 0.0916548
v 0.1237908 0.2825075 0.0939622
v 0.1250291 0.2816049 0.0930458
v 0.1256716 0.2876688 0.0748344
v 0.1276897 0.2877370 0.0743227
v 0.1287537 0.2880343 0.0741498
v 0.1223275 0.2870699 0.0775540
v 0.1236819 0.2866873 0.0764987
v 0.1256886 0.2865713 0.0753772
v 0.1279439 0.2864793 0.0748506
v 0.1289606 0.2867891 0.0746178
v 0.1208789 0.2872139 0.0803648
v 0.1218923 0.2863000 0.0790290
v 0.1230095 0.2855776 0.0780704
v 0.1210811 0.2863072 0.0816065
v 0.1217359 0.2854372 0.0809528
v 0.1212405 0.2859131 0.0832905
v 0.1215716 0.2855485 0.0858999
v 0.1218552 0.2853021 0.0881230
v 0.1222067 0.2849145 0.0902442
v 0.1225004 0.2846228 0.0922556
v 0.1225171 0.2853147 0.0944792
v 0.1228318 0.2841459 0.0942218
v 0.1238715 0.2892413 0.0754677
v 0.1255442 0.2889527 0.0746563
v 0.1276973 0.2890849 0.0741125
v 0.1286726 0.2891476 0.0740325
v 0.1219106 0.2891288 0.0774116
v 0.1230275 0.2889857 0.0761797
v 0.1206370 0.2887553 0.0801872
v 0.1211274 0.2886550 0.0788073
v 0.1204132 0.2886067 0.0823154
v 0.1206114 0.2880268 0.0837420
v 0.1210623 0.2874968 0.0864797
v 0.1216408 0.2871776 0.0902016
v 0.1220916 0.2872316 0.0932234
v 0.1223233 0.2866889 0.0944321
v 0.1239140 0.2911884 0.0756991
v 0.1256039 0.2914242 0.0749229
v 0.1277056 0.2913951 0.0743843
v 0.1286898 0.2914657 0.0743285
v 0.1219691 0.2910031 0.0776222
v 0.1230733 0.2913910 0.0764876
v 0.1206693 0.2907025 0.0804606
v 0.1211723 0.2911249 0.0791268
v 0.1204510 0.2903896 0.0826006
v 0.1206582 0.2906564 0.0840432
v 0.1210911 0.2903512 0.0868014
v 0.1216873 0.2898197 0.0906095
v 0.1220625 0.2891708 0.0931201
v 0.1223458 0.2891748 0.0947297
v 0.1258218 0.2927037 0.0753963
v 0.1277177 0.2927515 0.0749363
v 0.1288031 0.2926605 0.0747838
v 0.1223588 0.2926795 0.0782398
v 0.1237186 0.2932903 0.0773060
v 0.1255154 0.2935928 0.0762827
v 0.1279850 0.2938418 0.0757515
v 0.1290306 0.2936972 0.0755541
v 0.1209049 0.2918785 0.0809352
v 0.1219300 0.2930762 0.0798575
v 0.1230564 0.2939959 0.0790997
v 0.1211153 0.2924571 0.0823584
v 0.1217805 0.2934517 0.0819327
v 0.1212768 0.2924321 0.0840875
v 0.1216084 0.2921535 0.0867075
v 0.1218917 0.2918539 0.0889241
v 0.1222446 0.2917152 0.0910758
v 0.1225388 0.2915105 0.0930978
v 0.1225449 0.2903031 0.0950891
v 0.1228728 0.2914960 0.0951205
v 0.1245733 0.2945495 0.0781461
v 0.1261705 0.2947921 0.0774395
v 0.1281551 0.2948929 0.0769600
v 0.1293449 0.2947680 0.0767285
v 0.1228886 0.2943156 0.0805754
v 0.1242916 0.2949282 0.0795305
v 0.1265320 0.2956869 0.0792100
v 0.1286232 0.2958020 0.0788722
v 0.1297328 0.2953982 0.0780234
v 0.1227974 0.2944049 0.0824345
v 0.1248128 0.2955144 0.0818090
v 0.1267015 0.2960517 0.0809189
v 0.1282365 0.2961592 0.0800960
v 0.1220345 0.2935261 0.0845495
v 0.1229234 0.2943593 0.0842292
v 0.1249813 0.2955311 0.0838293
v 0.1224061 0.2934396 0.0869280
v 0.1235616 0.2944471 0.0867611
v 0.1251875 0.2953232 0.0864256
v 0.1225335 0.2930745 0.0889826
v 0.1243598 0.2945471 0.0888780
v 0.1231998 0.2933168 0.0912229
v 0.1244700 0.2943255 0.0909723
v 0.1235539 0.2932208 0.0933165
v 0.1248549 0.2942653 0.0931657
v 0.1238856 0.2931696 0.0952627
v 0.1251140 0.2942320 0.0945746
v 0.1271718 0.2961616 0.0816892
v 0.1279121 0.2962136 0.0805673
v 0.1261367 0.2958679 0.0839862
v 0.1266689 0.2960267 0.0834201
v 0.1262284 0.2956323 0.0863580
v 0.1263186 0.2953469 0.0885228
v 0.1262487 0.2951185 0.0902204
v 0.1260148 0.2947066 0.0936022
v 0.1114586 0.2586494 0.2373507
v 0.1117082 0.2593219 0.2355278
v 0.1120235 0.2598202 0.2314461
v 0.1121300 0.2601572 0.2286846
v 0.1121596 0.2606512 0.2246431
v 0.1121136 0.2610503 0.2213804
v 0.1120045 0.2616332 0.2166178
v 0.1119388 0.2620228 0.2134344
v 0.1118684 0.2625451 0.2089868
v 0.1118361 0.2629063 0.2062124
v 0.1118113 0.2632675 0.2032600
v 0.1118398 0.2637704 0.1991446
v 0.1119721 0.2640334 0.1946750
v 0.1111952 0.2568707 0.2377685
v 0.1114522 0.2568272 0.2345952
v 0.1116247 0.2565004 0.2307566
v 0.1116949 0.2563883 0.2278846
v 0.1117401 0.2565162 0.2240833
v 0.1117538 0.2571093 0.2203380
v 0.1117649 0.2582968 0.2166713
v 0.1117413 0.2592666 0.2126704
v 0.1114424 0.2593799 0.2016555
v 0.1115373 0.2607321 0.1980626
v 0.1117391 0.2620360 0.1949207
v 0.1108723 0.2523126 0.2374617
v 0.1111257 0.2530654 0.2341352
v 0.1113767 0.2539947 0.2304503
v 0.1114743 0.2539022 0.2275806
v 0.1115630 0.2540440 0.2237806
v 0.1116116 0.2546182 0.2200326
v 0.1116314 0.2557357 0.2163570
v 0.1115558 0.2552807 0.2128148
v 0.1114037 0.2556512 0.2078045
v 0.1113552 0.2572498 0.2042211
v 0.1111332 0.2555937 0.2002499
v 0.1111738 0.2564073 0.1975302
v 0.1113483 0.2578920 0.1946295
v 0.1112171 0.2485677 0.2370068
v 0.1111533 0.2494933 0.2337005
v 0.1113052 0.2498272 0.2299426
v 0.1113798 0.2503291 0.2273356
v 0.1115134 0.2504590 0.2233428
v 0.1115754 0.2509166 0.2195800
v 0.1115631 0.2517724 0.2158723
v 0.1114671 0.2514814 0.2120344
v 0.1112936 0.2521593 0.2073787
v 0.1111577 0.2533700 0.2037472
v 0.1110936 0.2537971 0.2012858
v 0.1110804 0.2535426 0.1968654
v 0.1111750 0.2538407 0.1941320
v 0.1124588 0.2452651 0.2361047
v 0.1121906 0.2455274 0.2328453
v 0.1119419 0.2460702 0.2294892
v 0.1119419 0.2465086 0.2257286
v 0.1118223 0.2473062 0.2227690
v 0.1119025 0.2473569 0.2191475
v 0.1118313 0.2478507 0.2153957
v 0.1116187 0.2488569 0.2115263
v 0.1114636 0.2487495 0.2069656
v 0.1113130 0.2491267 0.2032323
v 0.1111736 0.2501298 0.1999605
v 0.1112080 0.2502575 0.1967775
v 0.1113272 0.2505718 0.1936799
v 0.1133562 0.2435379 0.2320426
v 0.1130836 0.2437586 0.2292161
v 0.1131550 0.2436207 0.2253854
v 0.1129605 0.2440778 0.2216193
v 0.1128297 0.2444184 0.2183189
v 0.1127227 0.2446396 0.2145355
v 0.1126880 0.2445662 0.2102536
v 0.1122749 0.2454469 0.2065704
v 0.1121914 0.2455847 0.2028083
v 0.1120713 0.2461406 0.1991045
v 0.1119845 0.2469667 0.1957542
v 0.1122747 0.2469568 0.1931664
v 0.1135579 0.2430797 0.2100793
v 0.1135959 0.2431358 0.2062993
v 0.1134585 0.2435164 0.2025663
v 0.1133880 0.2439952 0.1988534
v 0.1134247 0.2445769 0.1951603
v 0.1135663 0.2449045 0.1929263
v 0.1157006 0.2627855 0.1984051
v 0.1161838 0.2631009 0.1958037
v 0.1156895 0.2608003 0.1981624
v 0.1161727 0.2611157 0.1955610
v 0.1154123 0.2422962 0.2356647
v 0.1152041 0.2419248 0.2319967
v 0.1149323 0.2418306 0.2289962
v 0.1145344 0.2419743 0.2251959
v 0.1141757 0.2422861 0.2214104
v 0.1141727 0.2423131 0.2175957
v 0.1155956 0.2469364 0.1961988
v 0.1161253 0.2471552 0.1938243
v 0.1168094 0.2405310 0.2288535
v 0.1163410 0.2405683 0.2250395
v 0.1159214 0.2407862 0.2212419
v 0.1159542 0.2407797 0.2174232
v 0.1154814 0.2412662 0.2136704
v 0.1152350 0.2415772 0.2099092
v 0.1157050 0.2414448 0.2066502
v 0.1156657 0.2418376 0.2029183
v 0.1156685 0.2423328 0.1992072
v 0.1157390 0.2429299 0.1955161
v 0.1159119 0.2434250 0.1927592
v 0.1194466 0.2634229 0.1985142
v 0.1199846 0.2637124 0.1959072
v 0.1200985 0.2604987 0.1981622
v 0.1204013 0.2608018 0.1958755
v 0.1200109 0.2484520 0.1963733
v 0.1202728 0.2486766 0.1945248
v 0.1193314 0.2405165 0.2360903
v 0.1179110 0.2404441 0.2326521
v 0.1193560 0.2462055 0.1961202
v 0.1198903 0.2466813 0.1936832
v 0.1196735 0.2397919 0.2325874
v 0.1190914 0.2395206 0.2287495
v 0.1191506 0.2391829 0.2248942
v 0.1192360 0.2390005 0.2210517
v 0.1186878 0.2392206 0.2172554
v 0.1187434 0.2393517 0.2134631
v 0.1181603 0.2398679 0.2097239
v 0.1181880 0.2402482 0.2059832
v 0.1182273 0.2407384 0.2022651
v 0.1189231 0.2411425 0.1985501
v 0.1197853 0.2427800 0.1952681
v 0.1199101 0.2435480 0.1930994
v 0.1205841 0.2384911 0.2171820
v 0.1206510 0.2386433 0.2133923
v 0.1200471 0.2391696 0.2096539
v 0.1200820 0.2396057 0.2059200
v 0.1201227 0.2401562 0.2022094
v 0.1208122 0.2406420 0.1985045
v 0.1223827 0.2642744 0.1948487
v 0.1231022 0.2642733 0.1933150
v 0.1237111 0.2644804 0.1841766
v 0.1239093 0.2653339 0.1813066
v 0.1247228 0.2656769 0.1784647
v 0.1224679 0.2610012 0.1945403
v 0.1231439 0.2611295 0.1926671
v 0.1237089 0.2640834 0.1841281
v 0.1236987 0.2634191 0.1810129
v 0.1246370 0.2627319 0.1782476
v 0.1225049 0.2488149 0.1932915
v 0.1231712 0.2490875 0.1910318
v 0.1232729 0.2505030 0.1794495
v 0.1244316 0.2507870 0.1770733
v 0.1212061 0.2399516 0.2360368
v 0.1221228 0.2475049 0.1926571
v 0.1229881 0.2481078 0.1909116
v 0.1231230 0.2489207 0.1792140
v 0.1246312 0.2492494 0.1764562
v 0.1229826 0.2394587 0.2353812
v 0.1232418 0.2388295 0.2320256
v 0.1229847 0.2384148 0.2286475
v 0.1234526 0.2379923 0.2252623
v 0.1223503 0.2441844 0.1923952
v 0.1232156 0.2427328 0.1894873
v 0.1245219 0.2426228 0.1870161
v 0.1240498 0.2464499 0.1791921
v 0.1225395 0.2379498 0.2209510
v 0.1226469 0.2379233 0.2171298
v 0.1227054 0.2380947 0.2133421
v 0.1227221 0.2384447 0.2095872
v 0.1227162 0.2389435 0.2058606
v 0.1233713 0.2394566 0.2021504
v 0.1233575 0.2401761 0.1984686
v 0.1233825 0.2409601 0.1948025
v 0.1246661 0.2416175 0.1911386
v 0.1268933 0.2657779 0.1779515
v 0.1268792 0.2638890 0.1774417
v 0.1266125 0.2509596 0.1755622
v 0.1255637 0.2467775 0.1852692
v 0.1270781 0.2471807 0.1819021
v 0.1282132 0.2473724 0.1800073
v 0.1269369 0.2494130 0.1750129
v 0.1265879 0.2390431 0.2359705
v 0.1270948 0.2381909 0.2315056
v 0.1272660 0.2377596 0.2286035
v 0.1273872 0.2375276 0.2266702
v 0.1271629 0.2423220 0.1874988
v 0.1253210 0.2429658 0.1853280
v 0.1270024 0.2436527 0.1821638
v 0.1280806 0.2442098 0.1797922
v 0.1266337 0.2468214 0.1760357
v 0.1267572 0.2374251 0.2247436
v 0.1265554 0.2372749 0.2213800
v 0.1262984 0.2372712 0.2180348
v 0.1263492 0.2374183 0.2142411
v 0.1266748 0.2377871 0.2100136
v 0.1265648 0.2383325 0.2062904
v 0.1267498 0.2390593 0.2021294
v 0.1266187 0.2398317 0.1984534
v 0.1271804 0.2406142 0.1947922
v 0.1271426 0.2414569 0.1911407
v 0.1307348 0.2658280 0.1774384
v 0.1306972 0.2639997 0.1768944
v 0.1303328 0.2510139 0.1749486
v 0.1289431 0.2471331 0.1791322
v 0.1306474 0.2493236 0.1746686
v 0.1296544 0.2388084 0.2359673
v 0.1299810 0.2379850 0.2315044
v 0.1302232 0.2375556 0.2286031
v 0.1296845 0.2423062 0.1875203
v 0.1296937 0.2431794 0.1838859
v 0.1303376 0.2454262 0.1780553
v 0.1306881 0.2468697 0.1754553
v 0.1304635 0.2372358 0.2257057
v 0.1307411 0.2369720 0.2218556
v 0.1309189 0.2369226 0.2180307
v 0.1309476 0.2371060 0.2142410
v 0.1308326 0.2375056 0.2104878
v 0.1301051 0.2381362 0.2064530
v 0.1295725 0.2389682 0.2021413
v 0.1300406 0.2397710 0.1984741
v 0.1298479 0.2406041 0.1948135
v 0.1297324 0.2414486 0.1911626
v 0.1343285 0.2652195 0.1801192
v 0.1334213 0.2656132 0.1785887
v 0.1344125 0.2645139 0.1801184
v 0.1334734 0.2647305 0.1783898
v 0.1337261 0.2482307 0.1761337
v 0.1334801 0.2385758 0.2352079
v 0.1328564 0.2379163 0.2315194
v 0.1331665 0.2375033 0.2286207
v 0.1354453 0.2418442 0.1912599
v 0.1338205 0.2425449 0.1875863
v 0.1337139 0.2433832 0.1839479
v 0.1335292 0.2451909 0.1771102
v 0.1330878 0.2467113 0.1766416
v 0.1334650 0.2372042 0.2257264
v 0.1338036 0.2369714 0.2218807
v 0.1340184 0.2369545 0.2180603
v 0.1340562 0.2371688 0.2142745
v 0.1339237 0.2375957 0.2105243
v 0.1336729 0.2381914 0.2068044
v 0.1332760 0.2391020 0.2021879
v 0.1329565 0.2399127 0.1985154
v 0.1326941 0.2407461 0.1948549
v 0.1325079 0.2415827 0.1912032
v 0.1388711 0.2648389 0.1849609
v 0.1388069 0.2639211 0.1847661
v 0.1392208 0.2632490 0.1788453
v 0.1391150 0.2506651 0.1774005
v 0.1391621 0.2495403 0.1771223
v 0.1368604 0.2387673 0.2356406
v 0.1370137 0.2380820 0.2315731
v 0.1374110 0.2377248 0.2286818
v 0.1369793 0.2374660 0.2267410
v 0.1386980 0.2414220 0.1949873
v 0.1384000 0.2422142 0.1913290
v 0.1381337 0.2430079 0.1876779
v 0.1378922 0.2438062 0.1840331
v 0.1375773 0.2453521 0.1771961
v 0.1372115 0.2373323 0.2248181
v 0.1375094 0.2372331 0.2219430
v 0.1377845 0.2372762 0.2181308
v 0.1376188 0.2374697 0.2146582
v 0.1370063 0.2378817 0.2105850
v 0.1367597 0.2384890 0.2068665
v 0.1363474 0.2394013 0.2022499
v 0.1375162 0.2404167 0.1986150
v 0.1356909 0.2410252 0.1949140
v 0.1425491 0.2635172 0.1984054
v 0.1422559 0.2634250 0.1960831
v 0.1411099 0.2647533 0.1914505
v 0.1402979 0.2650364 0.1883385
v 0.1395329 0.2648022 0.1860650
v 0.1423499 0.2610246 0.1979951
v 0.1422510 0.2625316 0.1959739
v 0.1419662 0.2610437 0.1927432
v 0.1407094 0.2625303 0.1875057
v 0.1404492 0.2623510 0.1861345
v 0.1402990 0.2630524 0.1800100
v 0.1397524 0.2633643 0.1791422
v 0.1425243 0.2483402 0.1962606
v 0.1417277 0.2486447 0.1938068
v 0.1426780 0.2489295 0.1914338
v 0.1406169 0.2496334 0.1857702
v 0.1402796 0.2497779 0.1846043
v 0.1400980 0.2505341 0.1784273
v 0.1395130 0.2506382 0.1776027
v 0.1425212 0.2477943 0.1961939
v 0.1423368 0.2466060 0.1935612
v 0.1426258 0.2483550 0.1916032
v 0.1407436 0.2484993 0.1855646
v 0.1404224 0.2486368 0.1844542
v 0.1403014 0.2493814 0.1783698
v 0.1397171 0.2494980 0.1774428
v 0.1404647 0.2391580 0.2354456
v 0.1409131 0.2386033 0.2316683
v 0.1407513 0.2381820 0.2287645
v 0.1405142 0.2378910 0.2258672
v 0.1418534 0.2380053 0.2223912
v 0.1422275 0.2404302 0.2024256
v 0.1418630 0.2411609 0.1987424
v 0.1425589 0.2443074 0.1958710
v 0.1417175 0.2442599 0.1929255
v 0.1426758 0.2449308 0.1907666
v 0.1415513 0.2444416 0.1841343
v 0.1411282 0.2459448 0.1775952
v 0.1401315 0.2376168 0.2216929
v 0.1406482 0.2377576 0.2182133
v 0.1407763 0.2380488 0.2144382
v 0.1404633 0.2385046 0.2103740
v 0.1411881 0.2393052 0.2068146
v 0.1401170 0.2399882 0.2023535
v 0.1437298 0.2631398 0.1983486
v 0.1447265 0.2637870 0.1945799
v 0.1448398 0.2653107 0.1808277
v 0.1437248 0.2622464 0.1982394
v 0.1454951 0.2617870 0.1949909
v 0.1433778 0.2612222 0.1915646
v 0.1447958 0.2622499 0.1840294
v 0.1448222 0.2641364 0.1821461
v 0.1430561 0.2490744 0.1902308
v 0.1447243 0.2500959 0.1830400
v 0.1447255 0.2404531 0.2357849
v 0.1434964 0.2454110 0.1958642
v 0.1442819 0.2463033 0.1925635
v 0.1434916 0.2477226 0.1903115
v 0.1456291 0.2478745 0.1827765
v 0.1450124 0.2472069 0.1802885
v 0.1433740 0.2397008 0.2346638
v 0.1444262 0.2396201 0.2318221
v 0.1443565 0.2392373 0.2289235
v 0.1442609 0.2389216 0.2260239
v 0.1447860 0.2389501 0.2222124
v 0.1445704 0.2388842 0.2183834
v 0.1447345 0.2391990 0.2146120
v 0.1446656 0.2397562 0.2099302
v 0.1449975 0.2405225 0.2062391
v 0.1446510 0.2411272 0.2025317
v 0.1447376 0.2419575 0.1988641
v 0.1448139 0.2427779 0.1952025
v 0.1447498 0.2436257 0.1915494
v 0.1429449 0.2447892 0.1900462
v 0.1454465 0.2449239 0.1879624
v 0.1446171 0.2454772 0.1842787
v 0.1437618 0.2463790 0.1796210
v 0.1426813 0.2382520 0.2182905
v 0.1428366 0.2385606 0.2145181
v 0.1427663 0.2391481 0.2098397
v 0.1497454 0.2651888 0.1858139
v 0.1483286 0.2652615 0.1809052
v 0.1470592 0.2613906 0.1984952
v 0.1500147 0.2600381 0.1936092
v 0.1497532 0.2614366 0.1907820
v 0.1483718 0.2623665 0.1844327
v 0.1482864 0.2641528 0.1820763
v 0.1497403 0.2578513 0.1942764
v 0.1489381 0.2582849 0.1905786
v 0.1476748 0.2586262 0.1848907
v 0.1499307 0.2540474 0.1966245
v 0.1493602 0.2549610 0.1939179
v 0.1485562 0.2554471 0.1902245
v 0.1472917 0.2556024 0.1843414
v 0.1493672 0.2438138 0.2362354
v 0.1497331 0.2498918 0.1967401
v 0.1490331 0.2505672 0.1933736
v 0.1483816 0.2499043 0.1904718
v 0.1480140 0.2502510 0.1886367
v 0.1470524 0.2514560 0.1838280
v 0.1476412 0.2421330 0.2358699
v 0.1480493 0.2417911 0.2322263
v 0.1487798 0.2418627 0.2292851
v 0.1488357 0.2415240 0.2263829
v 0.1496361 0.2420049 0.2235837
v 0.1496086 0.2443179 0.2029631
v 0.1494361 0.2456562 0.1993553
v 0.1485513 0.2463488 0.1960875
v 0.1479033 0.2467638 0.1929871
v 0.1472259 0.2468767 0.1882146
v 0.1468030 0.2490490 0.1836390
v 0.1470285 0.2404872 0.2291000
v 0.1469973 0.2401929 0.2262030
v 0.1479924 0.2406347 0.2224458
v 0.1478330 0.2405496 0.2186142
v 0.1479555 0.2408379 0.2148390
v 0.1482067 0.2415825 0.2101830
v 0.1483053 0.2422238 0.2064748
v 0.1478304 0.2426370 0.2027432
v 0.1476466 0.2433277 0.1990560
v 0.1470695 0.2438614 0.1953532
v 0.1469434 0.2448169 0.1917118
v 0.1533103 0.2627931 0.2052457
v 0.1529149 0.2628624 0.2029916
v 0.1522791 0.2632091 0.1991045
v 0.1516096 0.2641150 0.1945113
v 0.1509397 0.2645336 0.1911178
v 0.1503404 0.2648748 0.1883546
v 0.1532754 0.2592402 0.2085885
v 0.1526509 0.2602105 0.2049252
v 0.1519138 0.2605843 0.2011982
v 0.1513547 0.2608963 0.1982251
v 0.1507983 0.2615359 0.1949217
v 0.1505541 0.2628363 0.1920798
v 0.1530355 0.2509603 0.2368881
v 0.1532864 0.2511475 0.2342664
v 0.1535016 0.2552086 0.2118866
v 0.1526919 0.2547709 0.2080387
v 0.1521228 0.2573398 0.2045699
v 0.1512874 0.2577583 0.2008475
v 0.1506007 0.2576908 0.1980151
v 0.1521881 0.2487340 0.2368616
v 0.1524609 0.2487090 0.2339600
v 0.1528835 0.2489972 0.2302009
v 0.1532402 0.2493134 0.2264254
v 0.1534010 0.2495367 0.2235851
v 0.1534462 0.2497349 0.2197851
v 0.1532374 0.2497472 0.2159699
v 0.1532627 0.2523336 0.2124834
v 0.1525492 0.2519766 0.2086437
v 0.1517363 0.2525278 0.2046099
v 0.1508372 0.2540629 0.2003927
v 0.1503758 0.2540154 0.1985027
v 0.1504223 0.2452433 0.2363179
v 0.1509217 0.2451982 0.2327562
v 0.1514481 0.2454928 0.2297569
v 0.1519977 0.2461081 0.2267846
v 0.1525136 0.2467723 0.2230471
v 0.1527048 0.2471894 0.2194675
v 0.1525142 0.2470233 0.2158219
v 0.1524704 0.2483705 0.2118042
v 0.1518764 0.2484857 0.2077402
v 0.1512496 0.2487708 0.2041485
v 0.1505710 0.2498060 0.2004990
v 0.1501602 0.2513309 0.1981727
v 0.1499748 0.2434720 0.2313969
v 0.1502680 0.2434954 0.2295000
v 0.1505416 0.2434379 0.2264429
v 0.1508870 0.2435636 0.2226938
v 0.1509758 0.2435811 0.2190115
v 0.1509725 0.2437679 0.2152215
v 0.1513404 0.2450748 0.2112669
v 0.1506101 0.2448916 0.2068190
v 0.1504928 0.2461929 0.2031990
v 0.1503889 0.2470713 0.2014197
v 0.1547757 0.2583579 0.2376695
v 0.1549456 0.2589619 0.2356988
v 0.1551854 0.2595673 0.2315444
v 0.1553391 0.2600139 0.2278845
v 0.1553820 0.2604696 0.2241551
v 0.1553253 0.2607930 0.2215131
v 0.1549927 0.2613146 0.2171716
v 0.1545179 0.2613505 0.2137683
v 0.1539674 0.2621270 0.2097831
v 0.1544642 0.2568387 0.2383281
v 0.1545011 0.2562818 0.2349049
v 0.1547945 0.2569954 0.2311974
v 0.1550178 0.2576942 0.2274673
v 0.1550881 0.2581299 0.2246514
v 0.1550072 0.2585118 0.2208714
v 0.1540571 0.2583196 0.2132198
v 0.1536523 0.2531661 0.2374159
v 0.1538532 0.2530172 0.2332365
v 0.1539723 0.2529424 0.2306945
v 0.1541854 0.2533401 0.2278827
v 0.1543535 0.2537977 0.2241151
v 0.1544171 0.2545581 0.2207016
v 0.1542548 0.2555673 0.2166888
v 0.1538462 0.2553917 0.2138101
v 0.1536121 0.2506636 0.2265944
v 0.1540283 0.2526174 0.2191870
v 0.1537881 0.2525738 0.2163195
v 0.1372285 0.2500924 0.1888565
v 0.1372854 0.2602945 0.1901038
v 0.1359054 0.2500044 0.1894329
v 0.1359626 0.2602556 0.1906863
v 0.1318041 0.2500345 0.1909944
v 0.1312495 0.2517856 0.1909661
v 0.1312634 0.2581981 0.1917534
v 0.1318585 0.2598990 0.1921977
v 0.1284992 0.2498442 0.1903519
v 0.1285575 0.2602711 0.1916268
v 0.1241671 0.2502977 0.1896795
v 0.1242215 0.2600407 0.1908707
v 0.1222404 0.2501460 0.1892217
v 0.1222972 0.2603194 0.1904655
v 0.1383727 0.2503799 0.1865885
v 0.1384295 0.2605493 0.1878318
v 0.1342618 0.2501493 0.1861517
v 0.1343219 0.2609235 0.1874689
v 0.1316107 0.2499906 0.1874015
v 0.1316711 0.2608056 0.1887237
v 0.1276416 0.2499859 0.1876036
v 0.1277020 0.2608052 0.1889264
v 0.1249195 0.2501733 0.1861952
v 0.1249799 0.2609926 0.1875180
v 0.1209960 0.2503841 0.1872473
v 0.1210529 0.2605776 0.1884936
v 0.1398975 0.2506011 0.1829279
v 0.1394761 0.2543194 0.1830653
v 0.1395247 0.2574498 0.1836006
v 0.1399567 0.2611997 0.1842237
v 0.1355541 0.2504543 0.1834107
v 0.1356146 0.2612736 0.1847335
v 0.1232136 0.2504925 0.1836620
v 0.1232740 0.2613118 0.1849847
v 0.1193070 0.2503373 0.1839256
v 0.1204590 0.2544732 0.1836958
v 0.1204567 0.2574279 0.1840091
v 0.1193690 0.2614419 0.1852833
v 0.1186593 0.2508777 0.1830031
v 0.1186710 0.2542882 0.1838676
v 0.1186644 0.2578052 0.1841444
v 0.1187166 0.2611469 0.1842586
v 0.1397829 0.2510257 0.1793009
v 0.1393691 0.2546849 0.1799626
v 0.1394054 0.2579318 0.1803605
v 0.1398423 0.2616627 0.1806014
v 0.1357223 0.2509006 0.1797531
v 0.1357827 0.2617199 0.1810759
v 0.1228938 0.2509363 0.1800469
v 0.1229542 0.2617556 0.1813696
v 0.1191948 0.2508712 0.1791771
v 0.1203605 0.2547283 0.1805913
v 0.1203757 0.2578862 0.1809780
v 0.1192573 0.2620690 0.1805462
v 0.1186200 0.2513067 0.1796552
v 0.1185716 0.2547035 0.1802825
v 0.1185802 0.2582199 0.1808083
v 0.1186772 0.2615375 0.1809060
v 0.1383408 0.2515804 0.1750308
v 0.1383999 0.2621708 0.1763240
v 0.1343448 0.2512451 0.1769984
v 0.1344052 0.2620644 0.1783212
v 0.1328452 0.2514284 0.1755676
v 0.1329056 0.2622477 0.1768904
v 0.1248350 0.2513581 0.1765080
v 0.1248954 0.2621774 0.1778308
v 0.1200998 0.2515501 0.1758017
v 0.1201594 0.2622133 0.1771054
v 0.1381864 0.2520376 0.1730922
v 0.1376723 0.2550641 0.1720400
v 0.1377671 0.2594121 0.1725691
v 0.1382431 0.2621936 0.1743343
v 0.1349099 0.2552133 0.1721248
v 0.1349339 0.2593812 0.1726344
v 0.1327103 0.2522840 0.1730421
v 0.1328387 0.2548653 0.1722238
v 0.1328668 0.2597181 0.1728086
v 0.1327647 0.2620272 0.1742333
v 0.1255583 0.2521417 0.1733915
v 0.1255406 0.2554775 0.1724279
v 0.1255611 0.2591549 0.1728775
v 0.1256143 0.2621598 0.1746164
v 0.1204504 0.2522796 0.1735677
v 0.1204257 0.2553607 0.1727463
v 0.1204091 0.2590292 0.1731350
v 0.1205010 0.2620294 0.1747556
v 0.1313652 0.2592593 0.1719154
v 0.1276802 0.2592849 0.1720200
v 0.1313250 0.2555348 0.1714343
v 0.1276713 0.2555443 0.1715108
v 0.1377659 0.2655820 0.1701227
v 0.1350979 0.2665423 0.1702044
v 0.1311927 0.2660888 0.1706482
v 0.1275915 0.2658112 0.1706323
v 0.1242470 0.2655729 0.1703843
v 0.1220495 0.2650421 0.1699205
v 0.1391502 0.2632096 0.1699194
v 0.1355475 0.2632614 0.1701349
v 0.1310562 0.2630937 0.1711309
v 0.1279811 0.2630645 0.1711437
v 0.1234798 0.2631984 0.1705101
v 0.1201247 0.2631603 0.1703608
v 0.1185059 0.2616744 0.1698312
v 0.1387765 0.2596627 0.1695573
v 0.1358399 0.2589764 0.1700419
v 0.1315493 0.2597089 0.1702815
v 0.1273858 0.2597040 0.1704366
v 0.1230368 0.2594658 0.1705680
v 0.1206102 0.2594459 0.1703816
v 0.1183211 0.2595445 0.1694940
v 0.1387556 0.2556078 0.1692374
v 0.1358546 0.2562055 0.1697069
v 0.1315331 0.2555116 0.1697524
v 0.1273472 0.2554994 0.1699605
v 0.1230852 0.2557579 0.1700597
v 0.1203588 0.2553833 0.1699278
v 0.1183389 0.2553201 0.1691934
v 0.1389345 0.2522421 0.1684000
v 0.1354854 0.2520607 0.1687399
v 0.1309719 0.2515887 0.1696395
v 0.1278226 0.2516697 0.1696934
v 0.1234576 0.2521291 0.1691544
v 0.1201505 0.2522458 0.1690916
v 0.1184810 0.2538081 0.1687378
v 0.1376777 0.2497917 0.1681749
v 0.1351320 0.2488812 0.1680591
v 0.1311685 0.2491691 0.1685421
v 0.1274863 0.2496209 0.1688250
v 0.1241355 0.2499438 0.1685994
v 0.1219729 0.2505348 0.1681868
v 0.1370186 0.2659337 0.1662557
v 0.1396273 0.2625858 0.1671549
v 0.1321935 0.2630480 0.1677178
v 0.1266302 0.2630610 0.1678653
v 0.1399974 0.2601010 0.1661723
v 0.1338384 0.2607330 0.1673913
v 0.1327541 0.2612857 0.1674874
v 0.1260500 0.2613014 0.1676651
v 0.1249596 0.2607538 0.1676266
v 0.1188517 0.2582128 0.1657131
v 0.1181301 0.2583254 0.1648191
v 0.1399978 0.2553614 0.1659167
v 0.1338074 0.2551766 0.1667120
v 0.1327169 0.2546290 0.1666736
v 0.1260129 0.2546447 0.1668512
v 0.1249286 0.2551973 0.1669473
v 0.1189557 0.2558986 0.1646239
v 0.1395047 0.2533953 0.1655960
v 0.1321367 0.2528693 0.1664734
v 0.1265734 0.2528823 0.1666208
v 0.1227756 0.2510925 0.1665371
v 0.1200735 0.2532807 0.1645928
v 0.1368327 0.2500697 0.1647358
v 0.1295478 0.2491913 0.1643250
v 0.1246729 0.2505007 0.1661686
v 0.1374384 0.2666798 0.1620478
v 0.1351214 0.2673540 0.1639487
v 0.1300455 0.2675318 0.1637025
v 0.1272912 0.2672998 0.1632208
v 0.1241908 0.2666922 0.1632638
v 0.1216354 0.2656706 0.1638701
v 0.1393378 0.2637929 0.1614987
v 0.1194477 0.2638205 0.1642944
v 0.1184226 0.2620951 0.1644055
v 0.1395067 0.2602607 0.1615392
v 0.1188123 0.2586331 0.1622731
v 0.1181972 0.2597401 0.1637007
v 0.1395183 0.2567625 0.1611537
v 0.1189903 0.2562641 0.1614976
v 0.1182250 0.2563114 0.1638573
v 0.1392819 0.2535780 0.1603234
v 0.1227586 0.2515055 0.1628183
v 0.1200530 0.2530895 0.1621366
v 0.1183817 0.2547630 0.1635091
v 0.1373498 0.2506744 0.1600909
v 0.1350223 0.2495857 0.1617763
v 0.1298926 0.2497335 0.1620721
v 0.1272476 0.2501705 0.1616401
v 0.1243359 0.2507133 0.1617338
v 0.1366525 0.2674987 0.1600809
v 0.1345897 0.2676671 0.1591357
v 0.1311441 0.2675710 0.1593700
v 0.1286014 0.2666745 0.1594200
v 0.1217259 0.2664635 0.1580644
v 0.1398997 0.2626411 0.1598896
v 0.1194922 0.2643178 0.1588450
v 0.1397744 0.2607879 0.1591365
v 0.1187356 0.2601048 0.1591115
v 0.1182152 0.2598259 0.1588520
v 0.1398013 0.2562790 0.1588431
v 0.1189666 0.2564650 0.1584628
v 0.1182301 0.2577730 0.1588156
v 0.1398374 0.2550994 0.1588679
v 0.1219815 0.2526216 0.1563400
v 0.1198889 0.2538836 0.1577177
v 0.1364824 0.2505826 0.1563549
v 0.1348300 0.2502575 0.1569458
v 0.1299659 0.2501257 0.1571374
v 0.1216453 0.2520148 0.1562978
v 0.1294086 0.2682032 0.1571262
v 0.1269598 0.2679752 0.1569936
v 0.1238993 0.2674025 0.1571528
v 0.1395908 0.2636469 0.1536721
v 0.1223084 0.2644608 0.1563885
v 0.1218924 0.2643617 0.1572178
v 0.1393480 0.2610600 0.1537649
v 0.1185156 0.2605275 0.1542384
v 0.1393937 0.2579553 0.1546177
v 0.1186289 0.2581286 0.1541788
v 0.1396402 0.2555120 0.1543815
v 0.1227984 0.2522901 0.1558578
v 0.1195416 0.2556295 0.1551529
v 0.1293384 0.2508211 0.1549907
v 0.1268877 0.2510637 0.1549074
v 0.1240331 0.2515572 0.1551336
v 0.1370789 0.2676800 0.1535808
v 0.1360320 0.2677594 0.1522294
v 0.1218857 0.2672114 0.1525346
v 0.1388594 0.2649981 0.1533031
v 0.1230965 0.2649347 0.1524764
v 0.1198776 0.2650696 0.1526807
v 0.1391978 0.2616307 0.1517396
v 0.1189145 0.2611459 0.1513291
v 0.1391779 0.2575408 0.1513031
v 0.1190265 0.2584745 0.1509643
v 0.1388014 0.2543949 0.1520136
v 0.1225522 0.2531698 0.1495844
v 0.1198913 0.2547088 0.1514076
v 0.1371445 0.2518206 0.1518979
v 0.1359441 0.2520057 0.1503029
v 0.1292618 0.2517318 0.1509832
v 0.1218043 0.2526195 0.1507506
v 0.1361769 0.2688029 0.1488587
v 0.1345027 0.2690320 0.1495444
v 0.1305508 0.2690886 0.1497278
v 0.1226448 0.2679726 0.1491209
v 0.1392335 0.2642989 0.1468776
v 0.1239417 0.2660731 0.1482518
v 0.1203976 0.2655160 0.1489179
v 0.1192162 0.2621843 0.1486017
v 0.1192882 0.2581098 0.1482667
v 0.1220379 0.2541665 0.1460120
v 0.1204779 0.2549964 0.1477749
v 0.1361041 0.2517323 0.1473587
v 0.1342370 0.2514350 0.1474005
v 0.1298152 0.2516956 0.1477369
v 0.1269127 0.2523048 0.1480535
v 0.1230006 0.2526479 0.1472263
v 0.1367941 0.2686065 0.1461855
v 0.1337916 0.2696940 0.1445050
v 0.1301353 0.2693862 0.1447223
v 0.1265160 0.2692948 0.1452738
v 0.1236272 0.2685990 0.1454739
v 0.1385045 0.2658822 0.1451616
v 0.1227540 0.2663094 0.1448825
v 0.1208377 0.2665852 0.1463092
v 0.1388023 0.2625050 0.1439255
v 0.1221987 0.2630311 0.1441617
v 0.1387373 0.2586595 0.1436196
v 0.1222775 0.2575622 0.1432836
v 0.1384585 0.2553766 0.1440374
v 0.1259245 0.2572489 0.1426972
v 0.1225374 0.2552076 0.1442671
v 0.1207703 0.2547632 0.1448646
v 0.1367054 0.2526317 0.1442322
v 0.1337703 0.2520152 0.1423425
v 0.1303856 0.2521322 0.1429666
v 0.1265323 0.2523702 0.1431215
v 0.1235546 0.2530011 0.1434964
v 0.1367354 0.2693531 0.1407284
v 0.1338023 0.2694725 0.1414607
v 0.1306670 0.2692674 0.1426394
v 0.1268178 0.2691980 0.1425134
v 0.1244609 0.2690837 0.1419496
v 0.1388073 0.2653370 0.1396367
v 0.1340135 0.2683631 0.1408289
v 0.1262703 0.2679272 0.1430392
v 0.1234561 0.2674387 0.1420368
v 0.1381191 0.2635468 0.1402714
v 0.1387406 0.2580290 0.1386388
v 0.1231321 0.2579156 0.1402664
v 0.1387925 0.2573051 0.1391751
v 0.1334342 0.2542962 0.1391067
v 0.1305500 0.2545244 0.1399671
v 0.1263777 0.2554024 0.1411088
v 0.1237760 0.2569497 0.1405817
v 0.1366730 0.2532308 0.1388158
v 0.1337206 0.2530049 0.1394217
v 0.1306379 0.2530344 0.1405797
v 0.1267226 0.2530386 0.1407547
v 0.1243574 0.2532715 0.1401878
v 0.1367696 0.2692864 0.1380465
v 0.1347439 0.2696093 0.1385293
v 0.1230609 0.2695724 0.1385728
v 0.1381422 0.2672143 0.1378630
v 0.1354104 0.2683326 0.1382523
v 0.1218025 0.2687272 0.1384087
v 0.1381902 0.2639800 0.1372861
v 0.1356023 0.2642692 0.1375723
v 0.1383419 0.2594408 0.1366733
v 0.1378742 0.2557929 0.1366798
v 0.1348613 0.2548096 0.1360034
v 0.1320899 0.2549686 0.1379939
v 0.1229651 0.2549095 0.1366755
v 0.1367122 0.2538851 0.1363680
v 0.1347227 0.2535943 0.1365349
v 0.1228487 0.2536412 0.1367164
v 0.1367306 0.2695230 0.1360410
v 0.1345460 0.2698939 0.1349334
v 0.1285967 0.2704996 0.1363737
v 0.1227863 0.2700359 0.1348661
v 0.1380205 0.2675579 0.1357666
v 0.1354744 0.2691292 0.1344964
v 0.1215961 0.2691567 0.1349051
v 0.1377373 0.2634908 0.1352762
v 0.1357609 0.2645272 0.1354548
v 0.1371465 0.2590666 0.1336557
v 0.1372797 0.2560475 0.1339312
v 0.1342409 0.2553183 0.1325632
v 0.1227011 0.2553421 0.1328958
v 0.1364911 0.2543542 0.1341904
v 0.1345715 0.2541165 0.1329425
v 0.1285003 0.2532285 0.1342621
v 0.1224591 0.2541601 0.1329859
v 0.1330030 0.2701644 0.1317506
v 0.1303914 0.2705037 0.1306160
v 0.1266104 0.2705563 0.1307592
v 0.1238600 0.2701531 0.1319781
v 0.1333240 0.2695788 0.1309173
v 0.1309784 0.2697707 0.1294543
v 0.1258945 0.2697823 0.1295915
v 0.1233374 0.2695719 0.1314293
v 0.1339171 0.2651947 0.1294904
v 0.1314334 0.2659592 0.1290117
v 0.1335371 0.2601417 0.1298694
v 0.1309194 0.2603886 0.1284480
v 0.1338395 0.2564376 0.1290683
v 0.1304219 0.2559493 0.1288816
v 0.1264135 0.2558867 0.1291708
v 0.1234726 0.2554182 0.1297654
v 0.1330333 0.2546539 0.1297842
v 0.1304625 0.2545711 0.1286100
v 0.1265047 0.2546104 0.1286094
v 0.1238201 0.2545677 0.1300945
v 0.1290202 0.2700950 0.1291580
v 0.1278324 0.2700968 0.1291969
v 0.1294213 0.2698231 0.1290974
v 0.1278230 0.2698328 0.1290909
v 0.1338011 0.2653664 0.1276503
v 0.1315700 0.2658252 0.1283256
v 0.1335338 0.2596520 0.1273885
v 0.1308924 0.2608125 0.1280014
v 0.1338696 0.2572734 0.1264128
v 0.1309508 0.2562812 0.1271043
v 0.1276217 0.2555868 0.1273732
v 0.1294439 0.2554324 0.1273777
v 0.1277626 0.2554417 0.1273785
v 0.1365437 0.2541711 0.1340129
v 0.1380044 0.2563851 0.1342179
v 0.1383058 0.2600117 0.1346485
v 0.1383287 0.2639316 0.1351277
v 0.1380509 0.2674551 0.1355720
v 0.1365482 0.2696012 0.1359031
v 0.1351549 0.2535020 0.1339938
v 0.1348182 0.2575906 0.1345101
v 0.1348421 0.2618638 0.1350325
v 0.1348659 0.2661371 0.1355550
v 0.1351527 0.2702630 0.1360474
v 0.1362823 0.2543733 0.1328528
v 0.1374533 0.2560350 0.1330963
v 0.1380258 0.2598928 0.1331820
v 0.1380539 0.2640923 0.1336731
v 0.1375124 0.2679809 0.1345576
v 0.1362973 0.2696568 0.1347055
v 0.1348185 0.2539796 0.1318344
v 0.1349000 0.2702860 0.1339355
v 0.1358770 0.2550277 0.1293988
v 0.1370419 0.2565179 0.1295328
v 0.1375802 0.2603458 0.1296688
v 0.1377171 0.2648807 0.1305160
v 0.1371079 0.2683526 0.1309798
v 0.1359597 0.2698440 0.1312103
v 0.1335524 0.2543897 0.1291710
v 0.1336233 0.2705514 0.1311875
v 0.1303070 0.2544955 0.1278719
v 0.1304584 0.2708248 0.1299571
v 0.1258986 0.2546828 0.1280377
v 0.1259496 0.2706607 0.1301004
v 0.1239890 0.2549424 0.1284216
v 0.1231398 0.2563187 0.1283350
v 0.1241956 0.2624407 0.1308003
v 0.1235315 0.2689019 0.1300320
v 0.1240887 0.2702976 0.1302839
v 0.1355129 0.2555926 0.1256362
v 0.1367308 0.2572701 0.1258034
v 0.1374468 0.2607072 0.1263595
v 0.1375070 0.2646715 0.1269593
v 0.1367937 0.2685246 0.1271794
v 0.1355945 0.2702062 0.1274229
v 0.1335149 0.2552716 0.1252912
v 0.1350687 0.2559088 0.1257414
v 0.1351467 0.2698790 0.1274494
v 0.1337761 0.2706241 0.1269989
v 0.1293247 0.2549202 0.1266698
v 0.1288874 0.2706644 0.1290128
v 0.1274827 0.2548835 0.1271379
v 0.1274795 0.2706330 0.1290753
v 0.1230437 0.2554610 0.1272914
v 0.1220297 0.2565983 0.1263224
v 0.1220886 0.2692044 0.1278889
v 0.1231110 0.2700763 0.1290646
v 0.1202574 0.2583089 0.1251751
v 0.1194020 0.2603735 0.1256750
v 0.1194314 0.2651636 0.1262633
v 0.1203054 0.2678634 0.1263638
v 0.1363461 0.2579022 0.1220589
v 0.1370840 0.2614802 0.1225614
v 0.1371487 0.2649969 0.1229409
v 0.1364070 0.2688175 0.1233934
v 0.1330917 0.2559042 0.1215728
v 0.1343542 0.2564799 0.1219573
v 0.1344310 0.2702442 0.1236401
v 0.1331755 0.2709095 0.1234073
v 0.1299053 0.2558568 0.1217466
v 0.1298897 0.2709363 0.1235017
v 0.1257862 0.2558739 0.1222191
v 0.1248184 0.2564496 0.1214583
v 0.1255600 0.2705664 0.1228658
v 0.1258699 0.2708635 0.1240517
v 0.1237264 0.2560103 0.1225746
v 0.1224391 0.2570347 0.1221995
v 0.1225103 0.2697784 0.1237576
v 0.1238083 0.2706681 0.1243667
v 0.1198150 0.2591875 0.1236356
v 0.1195039 0.2609893 0.1239208
v 0.1195631 0.2653918 0.1244020
v 0.1198463 0.2673583 0.1246658
v 0.1360441 0.2586157 0.1183268
v 0.1368253 0.2619095 0.1189324
v 0.1368273 0.2654385 0.1192425
v 0.1361023 0.2690275 0.1195997
v 0.1327904 0.2563980 0.1179294
v 0.1337552 0.2569360 0.1181211
v 0.1338322 0.2707323 0.1198079
v 0.1328737 0.2713113 0.1197527
v 0.1298756 0.2564051 0.1178637
v 0.1286727 0.2567697 0.1179501
v 0.1287521 0.2709908 0.1196888
v 0.1299591 0.2713523 0.1196911
v 0.1257154 0.2564071 0.1180571
v 0.1257640 0.2568981 0.1181286
v 0.1258419 0.2708552 0.1198350
v 0.1257988 0.2713494 0.1198840
v 0.1237448 0.2566884 0.1182223
v 0.1219517 0.2579379 0.1184003
v 0.1220181 0.2698226 0.1198533
v 0.1238250 0.2710584 0.1199792
v 0.1199282 0.2595144 0.1197337
v 0.1193898 0.2611129 0.1197840
v 0.1194142 0.2655635 0.1202079
v 0.1199756 0.2679936 0.1207704
v 0.1357831 0.2594374 0.1146073
v 0.1363546 0.2623215 0.1141785
v 0.1363914 0.2662946 0.1147483
v 0.1358373 0.2691290 0.1157922
v 0.1329212 0.2568327 0.1145097
v 0.1333280 0.2574367 0.1145374
v 0.1332466 0.2711323 0.1162602
v 0.1328190 0.2717260 0.1163964
v 0.1284670 0.2567779 0.1142132
v 0.1284833 0.2572734 0.1142780
v 0.1293783 0.2713881 0.1161609
v 0.1293700 0.2718849 0.1162171
v 0.1257565 0.2568431 0.1148410
v 0.1258042 0.2573350 0.1149067
v 0.1255569 0.2712152 0.1163175
v 0.1255033 0.2717078 0.1163722
v 0.1216579 0.2586634 0.1151415
v 0.1217207 0.2699068 0.1165162
v 0.1199328 0.2601908 0.1157997
v 0.1195633 0.2617278 0.1157705
v 0.1195912 0.2660331 0.1162158
v 0.1199780 0.2682850 0.1167893
v 0.1355112 0.2596520 0.1118942
v 0.1362688 0.2622439 0.1118615
v 0.1362787 0.2670910 0.1123501
v 0.1355571 0.2695797 0.1131281
v 0.1323386 0.2573083 0.1105535
v 0.1329672 0.2579573 0.1108828
v 0.1330036 0.2715119 0.1125178
v 0.1324078 0.2722145 0.1123822
v 0.1286272 0.2573222 0.1099466
v 0.1288006 0.2577955 0.1101471
v 0.1288893 0.2718741 0.1118673
v 0.1286502 0.2723899 0.1117232
v 0.1260862 0.2573860 0.1104033
v 0.1260206 0.2578973 0.1103917
v 0.1260979 0.2717467 0.1120847
v 0.1261352 0.2722302 0.1122764
v 0.1214077 0.2597566 0.1114376
v 0.1203273 0.2626277 0.1115903
v 0.1203543 0.2668529 0.1121005
v 0.1214986 0.2697687 0.1126830
v 0.1200808 0.2609846 0.1114113
v 0.1198607 0.2626583 0.1118552
v 0.1198690 0.2666109 0.1123933
v 0.1201207 0.2685652 0.1123407
v 0.1352101 0.2601070 0.1086738
v 0.1359619 0.2629525 0.1080469
v 0.1359254 0.2674203 0.1083622
v 0.1352649 0.2699149 0.1098730
v 0.1320758 0.2577668 0.1070779
v 0.1328567 0.2583701 0.1077211
v 0.1313660 0.2653509 0.1066698
v 0.1328513 0.2718648 0.1094408
v 0.1321152 0.2726115 0.1088822
v 0.1295524 0.2575499 0.1081256
v 0.1299505 0.2579073 0.1089882
v 0.1291376 0.2651473 0.1084367
v 0.1300338 0.2720319 0.1107146
v 0.1296265 0.2725821 0.1100340
v 0.1251638 0.2577276 0.1085111
v 0.1244739 0.2581792 0.1088730
v 0.1254885 0.2651369 0.1086883
v 0.1245239 0.2718618 0.1104899
v 0.1252567 0.2723785 0.1103370
v 0.1230328 0.2580077 0.1061342
v 0.1223642 0.2592090 0.1086719
v 0.1217846 0.2616911 0.1085002
v 0.1226333 0.2669301 0.1084079
v 0.1223839 0.2708848 0.1101373
v 0.1231149 0.2726981 0.1079302
v 0.1199892 0.2626422 0.1102833
v 0.1200145 0.2670255 0.1108184
v 0.1349511 0.2608097 0.1035919
v 0.1356442 0.2633773 0.1040868
v 0.1356561 0.2678712 0.1046201
v 0.1350085 0.2704323 0.1047465
v 0.1320627 0.2581523 0.1042334
v 0.1335447 0.2591135 0.1041408
v 0.1320252 0.2656354 0.1043125
v 0.1336068 0.2719848 0.1057286
v 0.1321637 0.2729140 0.1060272
v 0.1271406 0.2730359 0.1049828
v 0.1270586 0.2583456 0.1031868
v 0.1222662 0.2582282 0.1043660
v 0.1223482 0.2729185 0.1061621
v 0.1348645 0.2607411 0.1021179
v 0.1356723 0.2631648 0.1023781
v 0.1357075 0.2680817 0.1029789
v 0.1349470 0.2708513 0.1033528
v 0.1319555 0.2585392 0.1016789
v 0.1333032 0.2590836 0.1019882
v 0.1338473 0.2658120 0.1027852
v 0.1319488 0.2658120 0.1028719
v 0.1334640 0.2724747 0.1036210
v 0.1320654 0.2731493 0.1034925
v 0.1300354 0.2588132 0.0992261
v 0.1301174 0.2735036 0.1010221
v 0.1237278 0.2588126 0.0995186
v 0.1238099 0.2735030 0.1013147
v 0.1224156 0.2585747 0.1015249
v 0.1224977 0.2732651 0.1033210
v 0.1282826 0.2589242 0.0983978
v 0.1278799 0.2736242 0.1001374
v 0.1258738 0.2589337 0.0984306
v 0.1254784 0.2736144 0.1003277
v 0.1358455 0.2631484 0.1019197
v 0.1358958 0.2644741 0.1022095
v 0.1359013 0.2674300 0.1024411
v 0.1358933 0.2684932 0.1026699
v 0.1338262 0.2592381 0.1016182
v 0.1344625 0.2605291 0.1018212
v 0.1351801 0.2624412 0.1020197
v 0.1348189 0.2637778 0.1023264
v 0.1348419 0.2678860 0.1028287
v 0.1352589 0.2691124 0.1028326
v 0.1345835 0.2711062 0.1031153
v 0.1338799 0.2724894 0.1031310
v 0.1324772 0.2587756 0.1014784
v 0.1323729 0.2604682 0.1016511
v 0.1324333 0.2712875 0.1029739
v 0.1324533 0.2729840 0.1031065
v 0.1357204 0.2634462 0.1004851
v 0.1357451 0.2651804 0.1004785
v 0.1357531 0.2678008 0.1007994
v 0.1357871 0.2687549 0.1015669
v 0.1336449 0.2593490 0.1003142
v 0.1341303 0.2606182 0.0994714
v 0.1355261 0.2625027 0.0999473
v 0.1355380 0.2697703 0.1009248
v 0.1341488 0.2717058 0.1007874
v 0.1337498 0.2726495 0.1019793
v 0.1324790 0.2589729 0.0998378
v 0.1326411 0.2606276 0.0992959
v 0.1327029 0.2716972 0.1006493
v 0.1324361 0.2731566 0.1015367
v 0.1305458 0.2586823 0.0996012
v 0.1304130 0.2603022 0.0998022
v 0.1304778 0.2719156 0.1012220
v 0.1304423 0.2735154 0.1013160
v 0.1355338 0.2655799 0.0979308
v 0.1355417 0.2675037 0.0981662
v 0.1333204 0.2598195 0.0964535
v 0.1339505 0.2611214 0.0973586
v 0.1342394 0.2630830 0.0968581
v 0.1354334 0.2644896 0.0971512
v 0.1354715 0.2680967 0.0975910
v 0.1342877 0.2698228 0.0976814
v 0.1340116 0.2716516 0.0986219
v 0.1334679 0.2731047 0.0980922
v 0.1322048 0.2592605 0.0971127
v 0.1326101 0.2609938 0.0975724
v 0.1328008 0.2628818 0.0966966
v 0.1328413 0.2701340 0.0975833
v 0.1326702 0.2717574 0.0988884
v 0.1323386 0.2735031 0.0988777
v 0.1294608 0.2588491 0.0975144
v 0.1289912 0.2615031 0.0971256
v 0.1290749 0.2623036 0.0973787
v 0.1291211 0.2705718 0.0983896
v 0.1291060 0.2716197 0.0982783
v 0.1298209 0.2738006 0.0995454
v 0.1271018 0.2588184 0.0976736
v 0.1270819 0.2606510 0.0978960
v 0.1275839 0.2624733 0.0974989
v 0.1276281 0.2703947 0.0984673
v 0.1272080 0.2720409 0.0992263
v 0.1272442 0.2738963 0.0995469
v 0.1255243 0.2592233 0.0974408
v 0.1255114 0.2609446 0.0973610
v 0.1255214 0.2719254 0.0987235
v 0.1256155 0.2735862 0.0991913
v 0.1231820 0.2594478 0.0983512
v 0.1242159 0.2615222 0.0979953
v 0.1236453 0.2633109 0.0981477
v 0.1236661 0.2694518 0.0989249
v 0.1242469 0.2712030 0.0991732
v 0.1232973 0.2731826 0.1000201
v 0.1218241 0.2602737 0.0976308
v 0.1218927 0.2725609 0.0991331
v 0.1353530 0.2665091 0.0954465
v 0.1353968 0.2674100 0.0962065
v 0.1332470 0.2600050 0.0947900
v 0.1342300 0.2610832 0.0948564
v 0.1350918 0.2633940 0.0949515
v 0.1352913 0.2650181 0.0952678
v 0.1353018 0.2682182 0.0954420
v 0.1351247 0.2701589 0.0960399
v 0.1342953 0.2723216 0.0961868
v 0.1333399 0.2733411 0.0966368
v 0.1322828 0.2595511 0.0950497
v 0.1317033 0.2612441 0.0955592
v 0.1314514 0.2637652 0.0954133
v 0.1309898 0.2645733 0.0953402
v 0.1310220 0.2688473 0.0958512
v 0.1314756 0.2695876 0.0961150
v 0.1317634 0.2720095 0.0968754
v 0.1321609 0.2738428 0.0966051
v 0.1295949 0.2594767 0.0950820
v 0.1295525 0.2611855 0.0961573
v 0.1303800 0.2635596 0.0958807
v 0.1308582 0.2646169 0.0955437
v 0.1308812 0.2687493 0.0960489
v 0.1304078 0.2696928 0.0966324
v 0.1297591 0.2721190 0.0974206
v 0.1296998 0.2739110 0.0968492
v 0.1278898 0.2593912 0.0958190
v 0.1278949 0.2612638 0.0967325
v 0.1274929 0.2625248 0.0969233
v 0.1275374 0.2704843 0.0978965
v 0.1280959 0.2716411 0.0979722
v 0.1279834 0.2737929 0.0975432
v 0.1252183 0.2595195 0.0960559
v 0.1261884 0.2609047 0.0968713
v 0.1262508 0.2720834 0.0982380
v 0.1253098 0.2736362 0.0977813
v 0.1234716 0.2597415 0.0965199
v 0.1226035 0.2602458 0.0957452
v 0.1225683 0.2729801 0.0973801
v 0.1235075 0.2733293 0.0978241
v 0.1213305 0.2609873 0.0965458
v 0.1213664 0.2721113 0.0979483
v 0.1331472 0.2602396 0.0925415
v 0.1339018 0.2616220 0.0928691
v 0.1336447 0.2641389 0.0927971
v 0.1343470 0.2652075 0.0928273
v 0.1344283 0.2689337 0.0932713
v 0.1336822 0.2698398 0.0934950
v 0.1339300 0.2723164 0.0941788
v 0.1332143 0.2736906 0.0942954
v 0.1314597 0.2599993 0.0924784
v 0.1328404 0.2623567 0.0935164
v 0.1327103 0.2637918 0.0931567
v 0.1327217 0.2702635 0.0941209
v 0.1328909 0.2714093 0.0946232
v 0.1317389 0.2740197 0.0943368
v 0.1299803 0.2597806 0.0931232
v 0.1299971 0.2740599 0.0949240
v 0.1274582 0.2597587 0.0930277
v 0.1275930 0.2741193 0.0947133
v 0.1254904 0.2598687 0.0937136
v 0.1255879 0.2738595 0.0954239
v 0.1238252 0.2600523 0.0944334
v 0.1239463 0.2735392 0.0960528
v 0.1330011 0.2603999 0.0909404
v 0.1339731 0.2614804 0.0910086
v 0.1336195 0.2645102 0.0921159
v 0.1337864 0.2652749 0.0920849
v 0.1338018 0.2690367 0.0925452
v 0.1335845 0.2696145 0.0927826
v 0.1339916 0.2729225 0.0924105
v 0.1331456 0.2738860 0.0925847
v 0.1316624 0.2602586 0.0910864
v 0.1318148 0.2607251 0.0902534
v 0.1328716 0.2647568 0.0923778
v 0.1328017 0.2650024 0.0924017
v 0.1328246 0.2691107 0.0929040
v 0.1328973 0.2693540 0.0929398
v 0.1319058 0.2737780 0.0919858
v 0.1317443 0.2740599 0.0928488
v 0.1296729 0.2600897 0.0907358
v 0.1297349 0.2743137 0.0925684
v 0.1274396 0.2600948 0.0907955
v 0.1274827 0.2743120 0.0925962
v 0.1249520 0.2603743 0.0912865
v 0.1250291 0.2739537 0.0930026
v 0.1328062 0.2607423 0.0886098
v 0.1337457 0.2618398 0.0884260
v 0.1345640 0.2639505 0.0888069
v 0.1348924 0.2666582 0.0896360
v 0.1348747 0.2688219 0.0899024
v 0.1346045 0.2710802 0.0897647
v 0.1338215 0.2731298 0.0898488
v 0.1329814 0.2740992 0.0900201
v 0.1316105 0.2605110 0.0886484
v 0.1315343 0.2610049 0.0885227
v 0.1315181 0.2739907 0.0895566
v 0.1317993 0.2743777 0.0903742
v 0.1293838 0.2603865 0.0889088
v 0.1295356 0.2744835 0.0903076
v 0.1273638 0.2604216 0.0886198
v 0.1274365 0.2745261 0.0903890
v 0.1253149 0.2606896 0.0887948
v 0.1254468 0.2742267 0.0907344
v 0.1325921 0.2611066 0.0865035
v 0.1335799 0.2621616 0.0865752
v 0.1344380 0.2645295 0.0868171
v 0.1346776 0.2670104 0.0871089
v 0.1346616 0.2690539 0.0873600
v 0.1344112 0.2713270 0.0876516
v 0.1335956 0.2733307 0.0879434
v 0.1314615 0.2607547 0.0864499
v 0.1310207 0.2613080 0.0862784
v 0.1310442 0.2742172 0.0875414
v 0.1317113 0.2746040 0.0883804
v 0.1289686 0.2607245 0.0868269
v 0.1290457 0.2746475 0.0885287
v 0.1270194 0.2606717 0.0870616
v 0.1271186 0.2746887 0.0885295
v 0.1255604 0.2609472 0.0866600
v 0.1255546 0.2744360 0.0889919
v 0.1332020 0.2624654 0.0840389
v 0.1341548 0.2643223 0.0847357
v 0.1343903 0.2668990 0.0845234
v 0.1344056 0.2692685 0.0848130
v 0.1342087 0.2714620 0.0855215
v 0.1333266 0.2735345 0.0853887
v 0.1312414 0.2611502 0.0840299
v 0.1310538 0.2616504 0.0843276
v 0.1313816 0.2743480 0.0860058
v 0.1313456 0.2748598 0.0858999
v 0.1291347 0.2611619 0.0846307
v 0.1292098 0.2747496 0.0862915
v 0.1267267 0.2611431 0.0845588
v 0.1267802 0.2748131 0.0861460
v 0.1258228 0.2611066 0.0854207
v 0.1258886 0.2746456 0.0871220
v 0.1330561 0.2629636 0.0821095
v 0.1338132 0.2646705 0.0821610
v 0.1340674 0.2668925 0.0822871
v 0.1340722 0.2695736 0.0824876
v 0.1338697 0.2717399 0.0829649
v 0.1330894 0.2736317 0.0834623
v 0.1307874 0.2615547 0.0819462
v 0.1309530 0.2620314 0.0820559
v 0.1312479 0.2744513 0.0836651
v 0.1309696 0.2749480 0.0838978
v 0.1285836 0.2616383 0.0822556
v 0.1290761 0.2619083 0.0816945
v 0.1291662 0.2747294 0.0832467
v 0.1286726 0.2748630 0.0838576
v 0.1272161 0.2614853 0.0827960
v 0.1273502 0.2749039 0.0843785
v 0.1326284 0.2633309 0.0803048
v 0.1334139 0.2652249 0.0802044
v 0.1337108 0.2672790 0.0805280
v 0.1337170 0.2696190 0.0807633
v 0.1334513 0.2718278 0.0810133
v 0.1326840 0.2736529 0.0815763
v 0.1303702 0.2617896 0.0808329
v 0.1308756 0.2624411 0.0801908
v 0.1309353 0.2745432 0.0815714
v 0.1304401 0.2750155 0.0824241
v 0.1293917 0.2622826 0.0808962
v 0.1294676 0.2745602 0.0823951
v 0.1321982 0.2641629 0.0787804
v 0.1325878 0.2657019 0.0784339
v 0.1329005 0.2676446 0.0784562
v 0.1329098 0.2697316 0.0786858
v 0.1326223 0.2718058 0.0791819
v 0.1322487 0.2732200 0.0798904
v 0.1305459 0.2635981 0.0783461
v 0.1309799 0.2650668 0.0775220
v 0.1311135 0.2726265 0.0784624
v 0.1305092 0.2738520 0.0795005
v 0.1319663 0.2679639 0.0772517
v 0.1319718 0.2696646 0.0774357
v 0.1301757 0.2658567 0.0768998
v 0.1307756 0.2677026 0.0767232
v 0.1307968 0.2700429 0.0769825
v 0.1302085 0.2720302 0.0776423
v 0.1296718 0.2663795 0.0766267
v 0.1296234 0.2679473 0.0764420
v 0.1296351 0.2701248 0.0767052
v 0.1296943 0.2715124 0.0772135
v 0.1270647 0.2615292 0.0827013
v 0.1279248 0.2617199 0.0818003
v 0.1255205 0.2612914 0.0848587
v 0.1261642 0.2612613 0.0843265
v 0.1252054 0.2609681 0.0870645
v 0.1249111 0.2607135 0.0892710
v 0.1244316 0.2605630 0.0909309
v 0.1237231 0.2601209 0.0942327
v 0.1250278 0.2640122 0.0793230
v 0.1267640 0.2639371 0.0788292
v 0.1287691 0.2638426 0.0787483
v 0.1299940 0.2639307 0.0788210
v 0.1229279 0.2637167 0.0813961
v 0.1245038 0.2633245 0.0805028
v 0.1268551 0.2625762 0.0804110
v 0.1289205 0.2625298 0.0803784
v 0.1300897 0.2629935 0.0799742
v 0.1225020 0.2631907 0.0831323
v 0.1246096 0.2621962 0.0826295
v 0.1266896 0.2618183 0.0819712
v 0.1283060 0.2618684 0.0814431
v 0.1213584 0.2635656 0.0852250
v 0.1222998 0.2628039 0.0848783
v 0.1244091 0.2616938 0.0845833
v 0.1212915 0.2630716 0.0875816
v 0.1224692 0.2620952 0.0873872
v 0.1241386 0.2612710 0.0871474
v 0.1210400 0.2629330 0.0896525
v 0.1228712 0.2614682 0.0895258
v 0.1212916 0.2621427 0.0918512
v 0.1225973 0.2611814 0.0915970
v 0.1212589 0.2617261 0.0939352
v 0.1225773 0.2607053 0.0937732
v 0.1211964 0.2613339 0.0958643
v 0.1225591 0.2604017 0.0951850
v 0.1266038 0.2663952 0.0773930
v 0.1286821 0.2664175 0.0772531
v 0.1297661 0.2666910 0.0772749
v 0.1228123 0.2658780 0.0794653
v 0.1243257 0.2654626 0.0786708
v 0.1264985 0.2652992 0.0779289
v 0.1288092 0.2651561 0.0778169
v 0.1298577 0.2654429 0.0777713
v 0.1208849 0.2660622 0.0819696
v 0.1221017 0.2651222 0.0808372
v 0.1233570 0.2643726 0.0800946
v 0.1208401 0.2651550 0.0832265
v 0.1215825 0.2642689 0.0827005
v 0.1206850 0.2647625 0.0849112
v 0.1205328 0.2643986 0.0875372
v 0.1204060 0.2641528 0.0897748
v 0.1203611 0.2637639 0.0919243
v 0.1202814 0.2634718 0.0939554
v 0.1199128 0.2641700 0.0961463
v 0.1202428 0.2629937 0.0959487
v 0.1247543 0.2680087 0.0776933
v 0.1265389 0.2676811 0.0771961
v 0.1287572 0.2677643 0.0770490
v 0.1297321 0.2678054 0.0771460
v 0.1224735 0.2679451 0.0792523
v 0.1237905 0.2677738 0.0782415
v 0.1207130 0.2676080 0.0817528
v 0.1214416 0.2674928 0.0804837
v 0.1201065 0.2674707 0.0838058
v 0.1200317 0.2668909 0.0852441
v 0.1199706 0.2663593 0.0880179
v 0.1198624 0.2660388 0.0917827
v 0.1197628 0.2660919 0.0948363
v 0.1197611 0.2655479 0.0960665
v 0.1247976 0.2699550 0.0779306
v 0.1266044 0.2701514 0.0774716
v 0.1287675 0.2700746 0.0773201
v 0.1297470 0.2701235 0.0774426
v 0.1225346 0.2698183 0.0794718
v 0.1238333 0.2701784 0.0785549
v 0.1207387 0.2695547 0.0820295
v 0.1214828 0.2699620 0.0808085
v 0.1201318 0.2692532 0.0840949
v 0.1200818 0.2695197 0.0855515
v 0.1200041 0.2692134 0.0883423
v 0.1198931 0.2686804 0.0921949
v 0.1197957 0.2680310 0.0947315
v 0.1197846 0.2680336 0.0963658
v 0.1267617 0.2714272 0.0779777
v 0.1287101 0.2714320 0.0778666
v 0.1298028 0.2713168 0.0779120
v 0.1228436 0.2714876 0.0801512
v 0.1243626 0.2720656 0.0794781
v 0.1263205 0.2723255 0.0787953
v 0.1288502 0.2725187 0.0787178
v 0.1299108 0.2723506 0.0787117
v 0.1209109 0.2707267 0.0825399
v 0.1221396 0.2718984 0.0816657
v 0.1234040 0.2727909 0.0811239
v 0.1208744 0.2713048 0.0839784
v 0.1216272 0.2722833 0.0836804
v 0.1207214 0.2712815 0.0857083
v 0.1205696 0.2710037 0.0883448
v 0.1204425 0.2707046 0.0905759
v 0.1203991 0.2705646 0.0927558
v 0.1203199 0.2703596 0.0947976
v 0.1199406 0.2691583 0.0967562
v 0.1202838 0.2703438 0.0968473
v 0.1250797 0.2733082 0.0804596
v 0.1267830 0.2735136 0.0800524
v 0.1288232 0.2735694 0.0799382
v 0.1300321 0.2734177 0.0799246
v 0.1229804 0.2731186 0.0825456
v 0.1245617 0.2736972 0.0817710
v 0.1268395 0.2744056 0.0818599
v 0.1289594 0.2744738 0.0819043
v 0.1301945 0.2740432 0.0812688
v 0.1225579 0.2732156 0.0843580
v 0.1246771 0.2742787 0.0841067
v 0.1267066 0.2747717 0.0835718
v 0.1283667 0.2748431 0.0830389
v 0.1214075 0.2723601 0.0863002
v 0.1223577 0.2731726 0.0861460
v 0.1244795 0.2742977 0.0861243
v 0.1213428 0.2722725 0.0887066
v 0.1225315 0.2732539 0.0887516
v 0.1242102 0.2740932 0.0887151
v 0.1210902 0.2719109 0.0907502
v 0.1229375 0.2733428 0.0909777
v 0.1213474 0.2721453 0.0930742
v 0.1226639 0.2731252 0.0930573
v 0.1213165 0.2720479 0.0951972
v 0.1226463 0.2730631 0.0952842
v 0.1212913 0.2719953 0.0971712
v 0.1226466 0.2730283 0.0967167
v 0.1270328 0.2748736 0.0844142
v 0.1279640 0.2749059 0.0834441
v 0.1255949 0.2746096 0.0864871
v 0.1262237 0.2747550 0.0860262
v 0.1252529 0.2743792 0.0888364
v 0.1249454 0.2740984 0.0909818
v 0.1245661 0.2738767 0.0926388
v 0.1237181 0.2734802 0.0959228
f 429 484 365
f 365 306 364
f 306 304 363
f 306 363 364
f 252 251 565
f 565 251 655
f 565 655 656
f 256 321 499
f 495 656 499
f 499 656 668
f 499 668 256
f 495 565 656
f 256 252 321
f 321 252 317
f 696 704 507
f 503 696 507
f 503 507 325
f 325 507 264
f 325 264 260
f 704 264 507
f 576 704 507
f 745 524 733
f 733 524 518
f 524 745 755
f 538 763 550
f 550 763 628
f 763 768 628
f 292 281 349
f 349 281 338
f 349 338 538
f 538 338 524
f 538 524 763
f 763 524 755
f 260 264 261
f 292 304 293
f 293 304 306
f 253 257 258
f 252 253 251
f 251 253 255
f 253 258 254
f 253 254 255
f 261 257 260
f 260 257 256
f 256 257 252
f 252 257 253
f 271 264 270
f 283 277 276
f 276 277 272
f 276 272 271
f 276 282 283
f 294 293 306
f 266 263 265
f 265 263 262
f 272 266 271
f 271 266 265
f 262 259 261
f 261 259 258
f 261 258 257
f 264 271 265
f 281 292 282
f 282 292 293
f 372 373 313
f 372 313 312
f 312 313 243
f 312 243 242
f 242 243 247
f 242 247 246
f 246 247 129
f 246 129 128
f 128 129 136
f 128 136 135
f 135 136 3
f 135 3 2
f 2 3 16
f 2 16 15
f 15 16 29
f 15 29 28
f 28 29 42
f 28 42 41
f 54 55 69
f 54 69 68
f 68 69 84
f 68 84 83
f 83 84 180
f 83 180 179
f 179 180 187
f 179 187 186
f 186 187 196
f 186 196 195
f 195 196 279
f 195 279 278
f 278 279 343
f 278 343 342
f 342 343 408
f 342 408 407
f 790 791 786
f 790 786 785
f 785 786 780
f 785 780 779
f 779 780 774
f 779 774 773
f 773 774 645
f 773 645 644
f 644 645 638
f 644 638 637
f 637 638 559
f 637 559 558
f 558 559 491
f 558 491 490
f 490 491 436
f 490 436 435
f 463 464 528
f 463 528 527
f 527 528 608
f 527 608 607
f 607 608 735
f 607 735 734
f 734 735 726
f 734 726 725
f 725 726 808
f 725 808 807
f 807 808 804
f 807 804 803
f 803 804 800
f 803 800 799
f 799 800 796
f 799 796 795
f 116 110 117
f 74 60 61
f 295 291 229
f 87 86 71
f 199 200 208
f 691 677 676
f 633 555 560
f 40 39 26
f 429 484 482
f 170 67 169
f 80 79 65
f 481 549 548
f 713 722 723
f 694 693 712
f 692 691 702
f 293 292 228
f 305 293 294
f 206 288 217
f 217 288 228
f 228 288 293
f 206 283 282
f 206 282 288
f 272 277 185
f 178 267 272
f 178 266 267
f 165 166 262
f 152 159 158
f 158 159 165
f 165 159 166
f 151 152 158
f 254 145 144
f 145 152 144
f 144 152 151
f 13 140 14
f 8 134 1
f 554 557 631
f 662 649 661
f 649 662 650
f 650 662 663
f 650 663 664
f 650 664 651
f 665 652 651
f 665 651 664
f 666 667 655
f 667 656 655
f 668 656 667
f 733 704 724
f 763 755 754
f 767 768 763
f 767 763 762
f 628 768 767
f 627 628 767
f 628 627 549
f 628 549 550
f 481 550 549
f 483 551 482
f 482 551 550
f 786 787 781
f 786 781 780
f 638 645 775
f 775 645 774
f 775 639 638
f 560 559 638
f 560 638 632
f 632 638 639
f 492 491 560
f 491 492 437
f 491 437 436
f 374 436 437
f 374 373 436
f 314 313 374
f 374 313 373
f 137 129 130
f 130 129 247
f 130 247 248
f 248 247 244
f 244 247 243
f 244 243 313
f 244 313 314
f 137 136 129
f 4 16 137
f 137 16 3
f 137 3 136
f 17 16 4
f 30 29 16
f 30 16 17
f 56 55 43
f 43 55 42
f 43 42 30
f 30 42 29
f 70 69 56
f 56 69 55
f 85 84 70
f 70 84 69
f 188 187 85
f 85 187 84
f 196 187 188
f 280 279 196
f 285 343 284
f 344 343 285
f 465 464 408
f 529 464 465
f 609 608 529
f 529 608 528
f 608 609 736
f 608 736 735
f 735 736 726
f 726 736 727
f 809 808 727
f 727 808 726
f 805 800 804
f 76 77 91
f 91 77 92
f 90 61 75
f 90 75 76
f 24 37 23
f 23 37 36
f 38 37 25
f 25 37 24
f 39 52 51
f 39 51 38
f 79 64 65
f 412 469 409
f 409 469 466
f 466 465 409
f 418 417 414
f 414 413 412
f 412 413 469
f 418 472 417
f 419 472 418
f 751 759 760
f 741 751 752
f 722 721 732
f 741 742 732
f 674 675 662
f 674 662 661
f 660 673 661
f 661 673 674
f 660 659 672
f 660 672 673
f 783 789 659
f 659 789 671
f 659 671 672
f 800 801 796
f 721 722 713
f 721 713 712
f 712 713 694
f 743 723 742
f 742 723 722
f 742 722 732
f 544 476 477
f 623 545 546
f 423 477 422
f 760 759 765
f 765 759 764
f 765 764 625
f 625 764 624
f 625 624 547
f 761 760 766
f 766 760 765
f 766 765 626
f 626 765 625
f 626 625 548
f 548 625 547
f 742 741 752
f 742 752 743
f 743 752 753
f 694 713 695
f 695 713 723
f 695 723 696
f 743 753 744
f 743 744 723
f 723 744 724
f 723 724 696
f 696 724 704
f 751 760 752
f 752 760 761
f 752 761 753
f 753 761 754
f 753 754 744
f 724 744 745
f 724 745 733
f 763 754 762
f 761 762 754
f 744 754 755
f 744 755 745
f 548 549 626
f 626 549 627
f 626 627 766
f 766 627 767
f 766 767 761
f 761 767 762
f 484 483 482
f 481 482 550
f 424 477 423
f 423 422 357
f 232 223 233
f 233 223 224
f 423 358 359
f 423 359 424
f 424 359 360
f 424 360 425
f 358 299 300
f 358 300 359
f 359 300 360
f 360 300 301
f 234 301 233
f 233 301 300
f 233 224 234
f 234 224 225
f 94 79 80
f 94 80 95
f 78 79 94
f 81 80 66
f 66 65 52
f 79 78 64
f 235 225 226
f 80 81 95
f 95 81 96
f 52 53 66
f 66 67 81
f 65 66 80
f 67 170 82
f 82 170 175
f 212 120 213
f 213 120 202
f 213 202 214
f 214 202 203
f 204 203 192
f 82 81 67
f 169 67 66
f 169 66 162
f 162 66 53
f 623 545 544
f 547 546 479
f 547 479 480
f 480 479 426
f 480 426 481
f 481 426 427
f 481 427 428
f 428 427 363
f 428 363 429
f 425 360 361
f 362 361 303
f 362 303 363
f 363 303 304
f 363 304 364
f 236 303 235
f 545 544 477
f 545 477 546
f 546 477 478
f 546 478 479
f 479 478 425
f 479 425 426
f 427 426 362
f 427 362 363
f 428 429 482
f 428 482 481
f 480 481 548
f 480 548 547
f 546 547 624
f 546 624 623
f 364 365 363
f 363 365 429
f 360 301 302
f 360 302 361
f 361 302 303
f 364 304 305
f 305 304 293
f 305 294 306
f 236 235 227
f 227 235 226
f 227 226 216
f 216 226 215
f 204 205 215
f 214 225 224
f 214 203 204
f 204 192 193
f 176 177 183
f 176 183 182
f 97 182 181
f 181 182 191
f 172 177 176
f 82 175 97
f 82 97 96
f 183 184 194
f 184 178 185
f 185 178 272
f 184 185 194
f 194 185 277
f 194 277 206
f 206 277 283
f 165 262 263
f 165 263 172
f 172 263 266
f 38 25 26
f 26 13 140
f 40 162 53
f 27 148 40
f 40 148 155
f 40 155 162
f 162 163 169
f 169 163 170
f 39 38 26
f 27 26 140
f 27 140 141
f 163 162 156
f 156 162 155
f 156 155 149
f 149 155 148
f 149 148 142
f 142 148 141
f 677 691 692
f 692 702 703
f 703 702 711
f 655 654 666
f 666 654 680
f 680 654 653
f 680 653 679
f 679 653 665
f 665 653 652
f 664 678 665
f 665 678 679
f 679 694 680
f 142 143 149
f 149 143 150
f 149 150 156
f 156 150 157
f 156 157 163
f 163 157 164
f 163 164 171
f 163 171 170
f 170 171 175
f 52 39 53
f 53 39 40
f 27 40 26
f 148 27 141
f 143 144 150
f 150 144 151
f 150 151 157
f 157 151 158
f 157 158 164
f 164 158 165
f 164 165 171
f 171 165 172
f 666 680 681
f 666 681 667
f 667 681 682
f 667 682 668
f 678 692 693
f 678 693 679
f 679 693 694
f 680 694 695
f 680 695 681
f 681 695 696
f 681 696 682
f 32 31 19
f 19 31 18
f 19 18 6
f 6 18 5
f 6 5 132
f 314 238 244
f 244 238 245
f 238 239 245
f 245 239 125
f 245 125 124
f 124 125 131
f 131 125 132
f 131 132 5
f 369 370 309
f 309 370 310
f 371 366 311
f 311 366 307
f 366 308 307
f 307 308 311
f 311 308 237
f 311 237 240
f 240 237 241
f 21 8 34
f 34 8 35
f 34 35 47
f 8 22 35
f 35 22 23
f 35 23 36
f 8 9 22
f 22 9 10
f 22 10 23
f 23 10 11
f 23 11 24
f 24 11 12
f 24 12 25
f 25 12 13
f 25 13 26
f 26 13 139
f 13 139 140
f 560 488 492
f 492 488 433
f 433 488 434
f 433 434 368
f 368 434 369
f 368 369 314
f 314 369 309
f 314 309 238
f 238 309 310
f 238 310 239
f 560 555 488
f 367 308 366
f 367 366 432
f 432 366 431
f 432 431 486
f 486 431 489
f 629 633 634
f 630 634 635
f 634 630 629
f 629 630 556
f 489 556 486
f 486 487 432
f 641 771 772
f 630 631 556
f 556 631 557
f 556 557 554
f 556 554 486
f 486 554 487
f 780 775 774
f 769 639 775
f 640 639 769
f 640 769 770
f 770 769 775
f 770 775 776
f 787 792 793
f 781 787 788
f 781 788 782
f 782 788 789
f 782 789 783
f 775 780 781
f 775 781 776
f 776 781 782
f 776 782 783
f 776 783 777
f 777 783 784
f 777 784 778
f 771 777 772
f 642 772 646
f 642 646 647
f 647 643 642
f 640 633 639
f 639 633 632
f 783 659 784
f 784 659 778
f 643 636 642
f 642 636 635
f 642 635 772
f 772 642 641
f 641 642 635
f 641 635 634
f 632 633 560
f 559 560 491
f 633 640 634
f 634 640 641
f 641 640 770
f 641 770 771
f 771 770 776
f 771 776 777
f 772 777 778
f 772 778 646
f 646 778 659
f 646 659 647
f 647 659 660
f 647 660 661
f 647 661 648
f 648 661 649
f 676 690 691
f 711 712 703
f 703 712 693
f 703 693 692
f 692 678 677
f 677 678 664
f 677 664 676
f 676 664 663
f 676 663 675
f 675 663 662
f 801 797 796
f 796 797 792
f 796 792 791
f 791 792 786
f 786 792 787
f 788 787 793
f 801 800 805
f 805 804 809
f 809 804 808
f 529 528 464
f 279 280 285
f 285 280 197
f 412 409 345
f 345 409 344
f 197 280 196
f 285 284 279
f 207 286 198
f 409 408 344
f 345 344 286
f 289 286 287
f 244 245 123
f 123 245 124
f 123 124 130
f 130 124 131
f 130 131 137
f 137 131 138
f 137 138 4
f 4 138 5
f 4 5 17
f 17 5 18
f 17 18 30
f 30 18 31
f 30 31 43
f 43 31 44
f 43 44 56
f 56 44 57
f 56 57 70
f 70 57 71
f 70 71 85
f 85 71 86
f 85 86 188
f 188 86 98
f 414 412 347
f 347 412 346
f 347 346 289
f 289 346 345
f 198 197 188
f 188 197 196
f 189 198 188
f 208 207 198
f 208 198 199
f 208 286 207
f 289 290 347
f 347 290 348
f 347 348 353
f 88 87 72
f 72 87 71
f 72 71 58
f 58 71 57
f 58 57 45
f 45 57 44
f 45 44 31
f 109 200 108
f 108 200 199
f 108 199 99
f 99 199 198
f 99 198 189
f 89 88 73
f 33 46 32
f 33 32 20
f 20 32 19
f 20 19 7
f 7 19 6
f 7 6 133
f 133 6 132
f 133 132 126
f 126 132 125
f 126 125 121
f 121 125 240
f 240 125 239
f 240 239 311
f 311 239 310
f 311 310 371
f 371 310 370
f 371 370 366
f 366 370 369
f 366 369 431
f 431 369 434
f 431 434 489
f 489 434 488
f 489 488 556
f 556 488 555
f 556 555 629
f 629 555 633
f 73 88 72
f 73 72 59
f 59 72 58
f 59 58 46
f 46 58 45
f 46 45 32
f 32 45 31
f 209 208 200
f 209 200 201
f 201 200 109
f 138 131 5
f 544 543 476
f 476 543 475
f 421 475 474
f 421 474 420
f 420 474 473
f 420 473 419
f 419 473 472
f 348 290 353
f 290 219 291
f 290 291 295
f 290 295 353
f 353 295 354
f 354 295 296
f 229 291 220
f 220 291 219
f 346 412 345
f 345 286 289
f 289 287 290
f 290 287 218
f 290 218 219
f 219 218 209
f 219 209 210
f 210 209 115
f 210 115 116
f 116 115 109
f 116 109 110
f 286 285 197
f 286 197 198
f 408 343 344
f 344 285 286
f 287 286 208
f 287 208 218
f 218 208 209
f 209 201 115
f 115 201 109
f 61 90 89
f 61 89 74
f 34 47 33
f 34 33 21
f 21 33 20
f 21 20 8
f 8 20 7
f 8 7 134
f 134 7 133
f 134 133 127
f 127 133 126
f 127 126 122
f 122 126 121
f 122 121 240
f 122 240 241
f 47 35 48
f 47 48 60
f 60 48 61
f 408 409 465
f 414 347 353
f 414 353 418
f 418 353 354
f 418 354 419
f 354 296 355
f 355 296 297
f 355 297 356
f 295 229 296
f 477 476 422
f 422 476 421
f 422 421 356
f 422 356 357
f 357 356 298
f 298 356 297
f 230 220 221
f 230 221 222
f 222 221 119
f 222 119 223
f 223 119 120
f 223 120 212
f 231 232 299
f 233 300 232
f 232 300 299
f 235 303 302
f 235 302 234
f 234 302 301
f 193 205 204
f 204 215 214
f 213 214 224
f 213 224 212
f 212 224 223
f 205 216 215
f 215 226 214
f 214 226 225
f 220 219 211
f 220 211 117
f 220 117 118
f 119 118 113
f 358 423 357
f 358 357 299
f 299 357 298
f 299 298 231
f 231 298 297
f 231 297 230
f 230 297 296
f 230 296 229
f 229 220 230
f 231 230 222
f 231 222 232
f 232 222 223
f 234 225 235
f 117 110 111
f 210 116 117
f 117 111 112
f 104 112 111
f 104 111 103
f 103 111 110
f 103 110 102
f 102 110 101
f 101 110 109
f 92 104 103
f 92 103 91
f 118 117 112
f 112 104 113
f 113 104 105
f 113 105 106
f 190 106 107
f 190 107 191
f 191 107 96
f 191 96 181
f 181 96 97
f 182 97 175
f 182 175 176
f 219 210 211
f 211 210 117
f 118 112 113
f 114 113 106
f 114 106 202
f 202 106 190
f 202 190 203
f 203 190 191
f 192 191 182
f 184 183 177
f 184 177 178
f 178 177 172
f 178 172 266
f 94 93 78
f 78 93 92
f 78 92 77
f 171 172 176
f 171 176 175
f 81 82 96
f 95 96 107
f 95 107 94
f 94 107 106
f 94 106 105
f 94 105 93
f 93 105 104
f 93 104 92
f 91 103 102
f 91 102 90
f 90 102 101
f 90 101 89
f 89 101 88
f 88 101 100
f 88 100 87
f 87 100 99
f 87 99 86
f 86 99 98
f 221 220 118
f 221 118 119
f 120 119 113
f 120 113 114
f 120 114 202
f 203 191 192
f 192 182 193
f 193 182 183
f 193 183 194
f 193 194 205
f 205 194 206
f 205 206 216
f 216 206 217
f 216 217 227
f 227 217 228
f 227 228 292
f 227 292 236
f 236 292 304
f 236 304 303
f 636 631 635
f 635 631 630
f 437 492 433
f 437 433 374
f 374 433 368
f 374 368 314
f 248 244 130
f 130 244 123
f 188 98 189
f 189 98 99
f 99 100 108
f 108 100 101
f 108 101 109
f 419 354 355
f 419 355 420
f 420 355 356
f 420 356 421
f 475 421 476
f 478 477 424
f 478 424 425
f 426 425 361
f 426 361 362
f 365 364 305
f 365 305 306
f 46 33 47
f 46 47 59
f 59 47 60
f 59 60 73
f 73 60 74
f 73 74 89
f 91 90 76
f 284 343 279
f 42 55 168
f 42 168 161
f 187 180 84
f 293 288 282
f 272 267 266
f 159 259 166
f 166 259 262
f 259 159 258
f 258 159 152
f 152 145 258
f 258 145 254
f 647 648 8
f 8 648 9
f 9 648 649
f 9 649 10
f 255 254 251
f 251 254 144
f 251 144 143
f 143 142 251
f 251 142 141
f 251 141 140
f 10 649 11
f 652 140 651
f 649 650 11
f 11 650 12
f 12 650 13
f 13 650 651
f 652 653 140
f 140 653 654
f 655 251 140
f 655 140 654
f 651 140 139
f 651 139 13
f 575 701 569
f 603 612 604
f 789 794 685
f 789 685 671
f 674 673 687
f 536 542 543
f 603 602 612
f 595 594 602
f 585 584 595
f 595 584 594
f 536 535 542
f 613 531 536
f 614 613 536
f 614 536 619
f 619 536 537
f 537 536 543
f 537 543 619
f 535 536 531
f 613 614 605
f 585 595 586
f 586 595 596
f 597 587 596
f 597 596 604
f 597 598 588
f 741 740 750
f 750 740 739
f 750 739 749
f 750 749 758
f 758 749 620
f 758 620 621
f 621 620 623
f 623 620 622
f 758 759 750
f 750 759 751
f 750 751 741
f 615 620 749
f 615 749 606
f 606 749 739
f 739 740 731
f 543 622 619
f 619 622 620
f 619 620 614
f 614 620 615
f 614 615 605
f 605 615 606
f 605 606 598
f 598 606 739
f 598 739 730
f 730 739 731
f 741 732 740
f 740 732 731
f 730 731 720
f 730 720 719
f 604 605 597
f 587 597 588
f 578 585 579
f 579 585 586
f 573 578 574
f 574 578 579
f 575 574 580
f 579 580 574
f 575 569 568
f 702 701 575
f 702 575 710
f 710 575 580
f 710 580 581
f 568 689 567
f 689 675 567
f 567 675 674
f 701 690 569
f 569 690 568
f 568 690 689
f 586 587 580
f 581 719 710
f 710 719 720
f 710 720 711
f 595 604 596
f 580 587 588
f 580 588 581
f 581 588 719
f 708 707 716
f 716 707 802
f 716 802 806
f 708 716 717
f 709 717 718
f 709 718 577
f 577 718 584
f 584 585 578
f 584 578 577
f 717 709 708
f 577 708 709
f 577 709 572
f 572 577 573
f 573 577 578
f 700 708 572
f 572 708 577
f 686 685 699
f 686 699 700
f 672 671 685
f 685 794 793
f 686 672 685
f 798 793 797
f 573 567 572
f 687 686 566
f 566 686 700
f 566 700 572
f 572 700 571
f 686 687 673
f 686 673 672
f 566 572 567
f 566 567 687
f 687 567 688
f 687 688 674
f 674 688 567
f 530 531 613
f 530 535 531
f 604 613 605
f 597 605 598
f 598 730 588
f 588 730 719
f 603 595 602
f 530 603 612
f 603 604 595
f 732 721 720
f 732 720 731
f 587 586 596
f 613 604 612
f 613 612 530
f 699 685 793
f 699 793 798
f 798 802 699
f 699 802 707
f 699 707 700
f 700 707 708
f 579 586 580
f 574 575 568
f 574 568 573
f 573 568 567
f 643 647 1
f 1 647 8
f 432 487 643
f 308 367 134
f 134 367 1
f 1 367 643
f 643 367 432
f 237 308 127
f 308 134 127
f 487 554 643
f 643 554 636
f 122 237 127
f 237 122 241
f 636 554 631
f 450 473 541
f 450 541 535
f 450 535 530
f 450 530 612
f 612 602 450
f 602 594 450
f 450 594 584
f 450 584 718
f 450 718 449
f 449 718 717
f 449 717 716
f 716 806 449
f 809 453 805
f 805 453 448
f 805 448 449
f 805 449 806
f 529 465 453
f 453 809 727
f 453 727 736
f 453 609 529
f 453 736 609
f 405 398 397
f 397 404 405
f 405 404 410
f 405 410 411
f 410 469 412
f 410 469 413
f 410 413 411
f 411 413 414
f 411 414 417
f 411 417 472
f 535 541 542
f 543 544 622
f 621 623 758
f 702 691 690
f 544 623 622
f 474 475 543
f 623 624 764
f 542 474 543
f 721 712 711
f 541 473 474
f 541 474 542
f 623 764 759
f 721 711 720
f 701 702 690
f 758 623 759
f 710 711 702
f 690 676 675
f 690 675 689
f 805 806 801
f 789 672 671
f 806 802 801
f 801 802 797
f 793 789 788
f 794 789 793
f 793 792 797
f 798 797 802
f 395 78 394
f 394 78 77
f 388 64 395
f 395 64 78
f 389 65 388
f 388 65 64
f 52 389 384
f 389 52 65
f 383 52 384
f 381 38 51
f 381 51 383
f 383 51 52
f 380 38 381
f 380 37 38
f 37 380 36
f 36 380 379
f 378 35 36
f 378 36 379
f 35 378 382
f 35 382 48
f 387 61 382
f 382 61 48
f 61 387 75
f 75 387 392
f 393 76 392
f 392 76 75
f 394 77 393
f 393 77 76
f 77 394 76
f 76 394 393
f 387 61 392
f 392 61 75
f 380 37 379
f 379 37 36
f 394 77 395
f 395 77 78
f 48 35 36
f 63 78 77
f 51 52 65
f 50 37 38
f 50 36 37
f 61 48 49
f 62 76 75
f 62 75 61
f 77 76 63
f 63 76 62
f 51 65 64
f 51 64 63
f 63 64 78
f 36 50 49
f 36 49 48
f 38 51 50
f 50 51 63
f 50 63 62
f 50 62 49
f 49 62 61
f 469 410 466
f 460 397 454
f 397 460 404
f 454 449 448
f 454 448 453
f 450 449 454
f 450 454 455
f 454 397 398
f 455 454 398
f 467 450 455
f 398 405 461
f 461 455 398
f 472 473 450
f 472 450 467
f 472 467 411
f 256 668 682
f 256 682 260
f 260 682 696
f 325 260 503
f 503 260 696
f 503 696 570
f 704 733 599
f 270 264 514
f 514 264 704
f 514 704 589
f 589 704 599
f 599 733 518
f 779 773 644
f 725 795 734
f 725 799 795
f 607 734 795
f 807 803 725
f 725 803 799
f 795 697 705
f 195 278 54
f 153 41 160
f 644 637 790
f 790 785 644
f 644 785 779
f 795 790 697
f 697 790 683
f 683 790 669
f 669 790 657
f 246 128 41
f 41 128 135
f 41 135 28
f 173 167 54
f 173 54 179
f 186 68 83
f 186 83 179
f 2 15 135
f 135 15 28
f 402 336 407
f 54 68 186
f 54 186 195
f 438 435 375
f 375 435 372
f 561 563 558
f 372 246 315
f 372 315 375
f 278 342 407
f 490 435 558
f 558 563 644
f 246 41 146
f 246 146 135
f 458 463 522
f 590 600 607
f 435 561 558
f 637 558 790
f 790 558 644
f 790 644 657
f 435 438 493
f 435 493 561
f 41 153 146
f 135 249 246
f 179 54 278
f 179 278 268
f 268 278 273
f 312 242 372
f 372 242 246
f 407 336 278
f 402 407 463
f 402 463 458
f 600 522 463
f 607 600 463
f 607 463 527
f 705 714 795
f 795 714 607
f 607 714 725
f 607 725 590
f 438 494 493
f 493 494 562
f 493 562 561
f 561 562 564
f 561 564 563
f 563 564 645
f 563 645 644
f 644 645 658
f 644 658 657
f 657 658 670
f 657 670 669
f 669 670 684
f 669 684 683
f 683 684 698
f 683 698 697
f 697 698 706
f 697 706 705
f 705 706 715
f 705 715 714
f 714 715 726
f 714 726 725
f 725 726 591
f 725 591 590
f 590 591 601
f 590 601 600
f 600 601 523
f 600 523 522
f 522 523 459
f 522 459 458
f 458 459 403
f 458 403 402
f 402 403 337
f 402 337 336
f 336 337 279
f 336 279 278
f 278 279 274
f 278 274 273
f 273 274 269
f 273 269 268
f 268 269 180
f 268 180 179
f 179 180 174
f 179 174 173
f 173 174 168
f 173 168 167
f 167 168 161
f 167 161 160
f 160 161 154
f 160 154 153
f 153 154 147
f 153 147 146
f 146 147 136
f 146 136 135
f 135 136 250
f 135 250 249
f 249 250 247
f 249 247 246
f 246 247 316
f 246 316 315
f 315 316 376
f 315 376 375
f 375 376 439
f 375 439 438
f 438 439 494
f 698 168 174
f 168 698 161
f 715 706 174
f 174 706 698
f 698 684 161
f 161 684 670
f 161 670 658
f 494 439 161
f 161 439 154
f 154 439 376
f 154 376 147
f 337 403 715
f 715 403 459
f 161 562 494
f 715 174 180
f 161 658 645
f 180 269 715
f 715 269 274
f 376 316 147
f 147 316 247
f 247 250 147
f 147 250 136
f 274 279 715
f 715 279 337
f 459 523 715
f 715 523 726
f 726 523 601
f 645 564 161
f 161 564 562
f 601 591 726
f 407 408 463
f 463 408 464
f 795 796 790
f 790 796 791
f 435 436 372
f 372 436 373
f 41 42 160
f 160 42 161
f 167 168 54
f 54 168 55
f 552 483 484
f 484 485 553
f 484 553 552
f 430 485 484
f 429 430 484
f 552 550 551
f 552 551 483
f 471 538 539
f 471 349 538
f 293 292 349
f 471 350 349
f 349 350 293
f 350 471 351
f 351 471 416
f 416 352 351
f 471 539 540
f 430 429 365
f 538 550 552
f 538 552 539
f 292 349 304
f 304 349 363
f 350 351 365
f 364 350 365
f 350 364 363
f 350 363 349
f 416 430 351
f 351 430 365
f 430 416 471
f 430 471 485
f 485 471 540
f 485 540 553
f 553 540 539
f 553 539 552
f 507 261 264
f 261 507 508
f 509 261 508
f 509 386 262
f 509 262 261
f 510 446 509
f 509 446 386
f 447 446 509
f 508 329 330
f 391 447 509
f 508 330 509
f 509 330 391
f 329 508 507
f 329 507 266
f 266 507 264
f 266 264 265
f 330 390 391
f 266 390 329
f 390 330 329
f 262 386 265
f 265 386 390
f 446 447 391
f 446 391 386
f 386 391 390
f 266 265 390
f 519 276 333
f 276 519 275
f 275 519 518
f 400 456 520
f 520 456 521
f 333 334 519
f 519 334 400
f 519 400 520
f 272 271 331
f 452 515 516
f 452 331 271
f 452 271 515
f 515 271 270
f 515 270 514
f 516 517 452
f 517 451 452
f 396 332 452
f 452 332 331
f 400 401 457
f 400 457 456
f 272 277 271
f 271 277 276
f 515 519 520
f 515 520 516
f 518 514 599
f 599 514 589
f 514 518 515
f 515 518 519
f 401 396 452
f 401 452 457
f 457 452 451
f 457 451 456
f 456 451 517
f 456 517 521
f 521 517 516
f 521 516 520
f 277 272 334
f 334 272 331
f 400 335 401
f 277 334 333
f 277 333 276
f 335 400 334
f 401 335 396
f 396 335 332
f 335 334 332
f 332 334 331
f 565 495 252
f 495 317 252
f 317 495 496
f 317 496 497
f 317 497 498
f 317 498 252
f 440 252 498
f 440 377 252
f 252 377 253
f 321 317 256
f 256 317 252
f 253 257 256
f 253 256 252
f 443 442 324
f 322 323 499
f 443 442 501
f 499 323 324
f 500 324 501
f 501 324 442
f 499 257 322
f 442 502 501
f 324 500 499
f 256 257 499
f 500 496 495
f 500 495 499
f 319 323 318
f 318 323 322
f 319 318 377
f 320 377 441
f 320 319 377
f 323 319 324
f 324 319 320
f 324 320 443
f 443 320 441
f 440 441 377
f 253 377 318
f 253 318 257
f 257 318 322
f 500 501 496
f 496 501 497
f 443 441 440
f 443 440 442
f 442 440 498
f 442 498 502
f 502 498 497
f 502 497 501
f 503 325 504
f 504 325 326
f 505 385 444
f 505 444 506
f 504 326 385
f 504 385 505
f 505 444 445
f 505 445 504
f 445 327 326
f 445 326 504
f 445 328 327
f 445 444 328
f 260 325 261
f 261 325 326
f 326 327 385
f 385 445 444
f 385 328 445
f 327 328 385
f 400 399 456
f 275 518 520
f 399 275 456
f 520 521 275
f 275 521 456
f 524 340 341
f 524 339 340
f 281 524 338
f 524 281 339
f 524 341 525
f 525 341 406
f 525 406 462
f 281 282 339
f 462 526 525
f 339 406 341
f 341 340 339
f 275 399 276
f 276 399 400
f 400 406 339
f 339 282 276
f 339 276 400
f 524 525 520
f 524 520 518
f 406 400 456
f 406 456 462
f 462 456 521
f 462 521 526
f 526 521 520
f 526 520 525
f 455 618 513
f 513 618 757
f 405 411 455
f 455 411 467
f 455 470 534
f 757 748 513
f 748 738 513
f 455 467 470
f 455 534 618
f 729 584 738
f 584 513 738
f 513 594 455
f 467 461 534
f 467 534 470
f 748 461 455
f 594 729 455
f 455 729 738
f 461 618 534
f 461 748 611
f 461 611 618
f 455 738 748
f 455 461 405
f 461 467 455
f 611 748 757
f 611 757 618
f 584 594 513
f 729 594 584
f 583 728 404
f 737 404 728
f 404 737 747
f 404 747 756
f 410 404 466
f 454 583 404
f 756 617 404
f 533 469 404
f 404 469 466
f 454 512 583
f 617 533 404
f 465 592 453
f 453 592 582
f 582 511 453
f 592 465 468
f 592 468 727
f 727 468 532
f 746 532 616
f 746 736 532
f 532 736 727
f 746 616 609
f 583 593 728
f 617 756 610
f 610 756 747
f 404 460 454
f 454 453 511
f 454 511 512
f 512 511 582
f 512 582 583
f 582 592 583
f 583 592 593
f 466 469 465
f 465 469 468
f 593 592 727
f 593 727 728
f 728 727 736
f 728 736 737
f 737 736 746
f 737 746 747
f 747 746 609
f 747 609 610
f 610 609 616
f 610 616 617
f 617 616 532
f 617 532 533
f 533 532 468
f 533 468 469
f 416 430 429
f 416 429 415
f 902 911 901
f 911 910 901
f 900 888 894
f 854 834 870
f 870 834 894
f 888 886 894
f 894 886 870
f 834 854 836
f 838 820 836
f 836 820 816
f 816 820 838
f 854 850 834
f 884 850 870
f 870 850 854
f 836 816 838
f 884 870 886
f 886 894 884
f 908 898 901
f 901 898 900
f 900 898 894
f 908 910 911
f 908 911 909
f 910 908 901
f 902 899 909
f 902 909 911
f 899 902 896
f 896 902 903
f 896 903 897
f 903 889 897
f 889 887 897
f 837 835 855
f 855 835 853
f 839 823 819
f 897 887 885
f 855 853 871
f 871 853 885
f 871 885 887
f 839 819 837
f 887 897 871
f 835 855 871
f 835 871 897
f 902 899 903
f 903 899 897
f 901 898 902
f 902 898 899
f 898 901 895
f 895 901 900
f 895 900 894
f 847 866 868
f 847 868 851
f 869 867 852
f 852 867 848
f 868 867 869
f 868 866 867
f 896 897 895
f 897 894 895
f 896 909 899
f 895 898 896
f 896 898 908
f 896 908 909
f 883 882 885
f 885 882 884
f 885 884 897
f 897 884 894
f 897 869 835
f 835 869 852
f 834 851 894
f 894 851 868
f 835 852 834
f 834 852 851
f 894 868 897
f 897 868 869
f 896 899 898
f 882 866 846
f 846 866 847
f 883 867 882
f 882 867 866
f 867 883 849
f 867 849 848
f 908 898 895
f 898 895 894
f 899 896 897
f 885 853 883
f 883 853 849
f 846 847 850
f 850 847 851
f 852 853 851
f 853 852 848
f 853 848 849
f 815 814 834
f 835 815 834
f 835 834 853
f 853 834 850
f 853 850 851
f 850 884 846
f 846 884 882
f 836 816 834
f 816 814 834
f 834 814 836
f 836 814 816
f 819 815 837
f 837 815 835
f 819 837 835
f 815 819 835
f 834 814 835
f 835 814 815
f 828 824 820
f 823 827 831
f 821 820 824
f 821 824 825
f 825 824 829
f 829 824 828
f 820 821 816
f 816 821 817
f 827 822 826
f 830 831 826
f 831 827 826
f 827 823 822
f 822 823 818
f 818 823 819
f 830 829 828
f 844 845 832
f 832 845 833
f 832 833 828
f 828 833 831
f 828 831 830
f 906 875 844
f 844 875 859
f 907 876 906
f 906 876 875
f 844 859 860
f 844 860 845
f 845 860 907
f 907 860 876
f 860 864 876
f 876 864 880
f 879 863 875
f 875 863 859
f 879 876 880
f 879 875 876
f 831 845 843
f 833 845 831
f 828 844 832
f 842 844 828
f 893 877 881
f 831 843 841
f 907 891 873
f 891 907 905
f 907 873 857
f 907 857 845
f 831 841 823
f 823 841 839
f 845 857 843
f 861 845 827
f 827 841 843
f 827 843 861
f 827 845 831
f 823 839 827
f 827 839 841
f 861 843 857
f 861 857 877
f 877 857 873
f 877 873 893
f 873 891 893
f 893 891 907
f 874 892 878
f 838 820 840
f 840 820 824
f 906 890 892
f 892 890 872
f 892 872 874
f 874 872 856
f 874 856 858
f 844 858 824
f 824 858 842
f 824 842 840
f 828 844 824
f 890 906 904
f 858 856 842
f 842 856 844
f 840 828 820
f 828 840 842
f 844 856 906
f 856 872 906
f 906 872 890
f 861 877 881
f 881 865 861
f 827 813 811
f 827 811 823
f 820 810 812
f 820 812 824
f 862 878 858
f 858 878 874
f 878 879 874
f 880 881 877
f 907 906 893
f 893 906 892
f 893 892 877
f 877 892 874
f 877 874 880
f 880 874 879
f 879 878 863
f 863 878 862
f 863 862 859
f 859 862 858
f 861 860 845
f 844 859 858
f 861 864 860
f 881 880 865
f 865 880 864
f 865 864 861
f 845 844 833
f 833 844 832
f 833 832 831
f 831 832 828
f 831 828 827
f 827 828 824
f 827 824 813
f 813 824 812
f 813 812 811
f 811 812 810
f 811 810 823
f 823 810 820
f 823 820 819
f 819 820 816
f 818 817 822
f 822 817 821
f 822 821 826
f 826 821 825
f 826 825 830
f 830 825 829
f 816 817 819
f 818 819 817
f 1229 1268 1188
f 1502 1544 1551
f 957 936 951
f 921 915 937
f 1519 1564 1558
f 1519 1558 1516
f 1507 1551 1508
f 1550 1551 1507
f 1451 1456 1502
f 1502 1456 1507
f 1508 1502 1507
f 1640 1663 1645
f 1634 1635 1600
f 1634 1600 1629
f 1629 1600 1595
f 1594 1595 1589
f 1547 1543 1548
f 1032 991 1033
f 1027 1032 1087
f 1027 1087 1082
f 1090 1038 1039
f 1090 1087 1038
f 1090 1039 1091
f 1033 1039 1032
f 1087 1032 1038
f 1038 1032 1039
f 1033 991 992
f 1027 986 1032
f 1032 986 991
f 936 939 957
f 957 939 962
f 957 962 956
f 956 1005 957
f 957 1005 951
f 951 1005 1003
f 1015 967 971
f 967 966 942
f 942 966 962
f 939 942 962
f 961 1005 956
f 1078 1019 1020
f 1078 1020 1079
f 1079 1020 1082
f 1070 1015 1078
f 1078 1015 1019
f 966 961 962
f 962 961 939
f 962 961 956
f 961 1008 1005
f 966 967 1011
f 1011 1008 966
f 966 1008 961
f 1082 1020 1026
f 1015 1012 1011
f 1015 1011 967
f 1027 1082 1026
f 1087 1086 1082
f 1096 1095 1091
f 1092 1096 1091
f 1092 1091 1040
f 1040 1091 1039
f 1041 1034 1035
f 1030 1036 1029
f 984 1030 983
f 1030 1029 983
f 990 983 1029
f 1028 989 990
f 989 1028 1035
f 994 989 1035
f 993 988 994
f 994 988 989
f 1040 1039 993
f 1039 1033 993
f 993 1033 992
f 1096 1092 1040
f 990 1029 1028
f 1028 1029 1036
f 1028 1036 1035
f 994 1035 1034
f 994 1034 993
f 1042 1094 1093
f 1093 1041 1042
f 1042 1041 1035
f 1042 1035 1036
f 1093 1092 1041
f 1041 1092 1040
f 1041 1040 1034
f 1034 1040 993
f 1037 1088 1036
f 1036 1088 1094
f 1042 1036 1094
f 1030 1037 1036
f 1024 984 983
f 1498 1499 1446
f 1446 1499 1447
f 917 916 912
f 917 912 913
f 913 932 933
f 932 927 933
f 913 912 932
f 932 953 948
f 948 927 932
f 1014 1069 1018
f 1018 1069 1076
f 1018 1076 1077
f 1069 1066 1114
f 1245 1210 1206
f 1004 1001 1050
f 1001 1000 1049
f 1103 1104 1050
f 1050 1104 1055
f 1474 1422 1421
f 1417 1468 1474
f 1417 1474 1421
f 1412 1463 1468
f 1412 1468 1417
f 1408 1463 1412
f 1405 1455 1408
f 1408 1455 1459
f 1399 1449 1455
f 1400 1455 1405
f 1449 1399 1448
f 1447 1448 1395
f 1447 1397 1396
f 1447 1396 1446
f 1264 1263 1304
f 1185 1225 1220
f 1220 1225 1263
f 1098 1102 1142
f 1142 1102 1146
f 1048 1047 1098
f 1098 1047 1102
f 1047 1048 997
f 997 1048 998
f 948 947 997
f 948 997 998
f 1398 1448 1399
f 1398 1399 1342
f 1342 1399 1346
f 1342 1346 1261
f 1266 1346 1347
f 1347 1346 1399
f 1305 1308 1266
f 1266 1308 1269
f 1223 1261 1266
f 1266 1261 1346
f 1222 1183 1221
f 1222 1221 1260
f 1341 1260 1340
f 1341 1340 1397
f 1221 1182 1220
f 1221 1220 1259
f 1340 1259 1344
f 1340 1344 1397
f 1397 1344 1343
f 1397 1343 1396
f 1186 1227 1230
f 1227 1184 1223
f 1223 1184 1222
f 1223 1222 1261
f 1342 1261 1341
f 1342 1341 1398
f 1398 1341 1395
f 1398 1395 1448
f 1261 1222 1260
f 1261 1260 1341
f 1395 1341 1397
f 1395 1397 1447
f 1060 1007 1056
f 1056 1007 1004
f 1056 1004 1055
f 1050 1001 1049
f 1049 1045 1100
f 1100 1045 1099
f 1055 1004 1050
f 1183 1182 1221
f 1260 1221 1259
f 1260 1259 1340
f 1103 1100 1183
f 1183 1100 1144
f 1183 1144 1143
f 1183 1143 1182
f 1182 1143 1181
f 1182 1181 1220
f 1259 1220 1264
f 1259 1264 1344
f 1344 1264 1304
f 1344 1304 1343
f 1185 1220 1181
f 1049 1000 1045
f 1045 1000 1044
f 1045 1044 1099
f 999 995 1044
f 1044 995 1043
f 1044 1043 1099
f 1099 1043 1098
f 995 998 1043
f 999 949 995
f 1043 998 1048
f 1043 1048 1098
f 1098 1142 1181
f 1181 1142 1146
f 1181 1146 1185
f 995 949 948
f 995 948 998
f 1000 999 1044
f 1206 1210 1167
f 1242 1245 1206
f 1242 1206 1240
f 1240 1206 1201
f 1240 1201 1238
f 1238 1201 1198
f 1238 1198 1234
f 1234 1198 1193
f 1234 1193 1233
f 1233 1193 1192
f 1233 1192 1230
f 1230 1192 1189
f 1230 1189 1186
f 1167 1164 1206
f 1206 1164 1201
f 1201 1164 1161
f 1201 1161 1198
f 1164 1167 1122
f 1122 1167 1127
f 1081 1077 1122
f 1081 1122 1127
f 1164 1122 1117
f 1164 1117 1161
f 1161 1117 1158
f 1161 1158 1198
f 1198 1158 1155
f 1198 1155 1193
f 1193 1155 1154
f 1193 1154 1192
f 1192 1154 1151
f 1192 1151 1189
f 1189 1151 1148
f 1189 1148 1186
f 1186 1148 1184
f 1186 1184 1227
f 1114 1066 1110
f 1110 1066 1060
f 1110 1060 1056
f 1055 1107 1056
f 1056 1107 1110
f 1122 1076 1069
f 1122 1069 1117
f 1117 1069 1114
f 1158 1114 1110
f 1158 1110 1154
f 1154 1110 1107
f 1154 1107 1151
f 1151 1107 1055
f 1151 1055 1104
f 1183 1222 1184
f 1183 1184 1103
f 1103 1184 1148
f 1103 1148 1104
f 1104 1148 1151
f 1154 1155 1158
f 1114 1158 1117
f 1076 1122 1077
f 1474 1425 1422
f 1425 1377 1373
f 1317 1373 1319
f 1319 1373 1377
f 1319 1377 1322
f 1245 1242 1288
f 1288 1242 1285
f 1422 1373 1421
f 1421 1373 1368
f 1421 1368 1417
f 1417 1368 1367
f 1417 1367 1363
f 1417 1363 1412
f 1412 1363 1356
f 1412 1356 1408
f 1367 1314 1363
f 1363 1314 1311
f 1363 1311 1356
f 1356 1311 1310
f 1356 1310 1408
f 1274 1310 1275
f 1275 1310 1311
f 1275 1311 1280
f 1280 1311 1314
f 1280 1314 1283
f 1283 1314 1367
f 1283 1367 1317
f 1317 1367 1368
f 1317 1368 1373
f 1373 1422 1425
f 1305 1347 1308
f 1308 1310 1269
f 1269 1310 1274
f 1347 1400 1405
f 1347 1405 1308
f 1308 1405 1310
f 1310 1405 1408
f 1408 1459 1463
f 1050 1049 1103
f 1103 1049 1100
f 1144 1100 1099
f 1144 1099 1143
f 1143 1099 1098
f 1143 1098 1181
f 1264 1220 1263
f 1322 1288 1319
f 1319 1288 1285
f 1319 1285 1317
f 1317 1285 1242
f 1317 1242 1283
f 1283 1242 1240
f 1283 1240 1280
f 1280 1240 1238
f 1280 1238 1275
f 1275 1238 1234
f 1275 1234 1233
f 1275 1233 1274
f 1274 1233 1230
f 1274 1230 1269
f 1269 1230 1227
f 1269 1227 1266
f 1266 1227 1223
f 1305 1266 1347
f 1347 1399 1400
f 1400 1399 1455
f 1060 1066 1010
f 948 949 928
f 948 928 927
f 934 914 913
f 954 955 934
f 929 928 949
f 929 949 950
f 933 934 913
f 933 928 934
f 934 928 929
f 934 929 950
f 934 950 954
f 954 950 955
f 955 1004 959
f 959 1004 1006
f 1007 1060 1010
f 1006 1004 1007
f 1001 1004 1000
f 1000 950 999
f 999 950 949
f 933 927 928
f 1010 1066 1069
f 1069 1014 1010
f 1010 1014 1013
f 950 1000 955
f 955 1000 1004
f 1018 984 977
f 1024 984 1018
f 1025 1077 1081
f 1018 1025 1024
f 1025 1024 1081
f 1018 1077 1025
f 1031 1030 1025
f 1025 1030 1024
f 1089 1088 1085
f 1030 984 1024
f 1085 1088 1037
f 1085 1037 1030
f 1025 1081 1085
f 1025 1085 1031
f 1031 1085 1030
f 1478 1425 1477
f 1326 1293 1288
f 1527 1477 1474
f 1527 1474 1523
f 1425 1474 1477
f 1210 1245 1288
f 1210 1288 1289
f 1210 1289 1246
f 1288 1293 1289
f 1326 1288 1322
f 1377 1380 1322
f 1322 1380 1326
f 1430 1380 1377
f 1430 1377 1425
f 1500 1448 1447
f 1500 1447 1499
f 1500 1449 1448
f 1501 1449 1500
f 1505 1449 1501
f 1506 1455 1505
f 1505 1455 1449
f 1455 1506 1510
f 1455 1510 1459
f 1459 1510 1511
f 1515 1463 1459
f 1515 1459 1511
f 1517 1468 1463
f 1523 1474 1518
f 1518 1474 1468
f 1518 1468 1517
f 1527 1523 1569
f 1569 1523 1563
f 1563 1523 1518
f 1557 1562 1518
f 1518 1562 1563
f 1527 1569 1574
f 1511 1510 1515
f 1515 1510 1557
f 1515 1557 1517
f 1517 1557 1518
f 1515 1517 1463
f 1553 1595 1556
f 1635 1605 1601
f 1569 1610 1611
f 1605 1640 1645
f 1605 1645 1610
f 1635 1640 1605
f 1569 1611 1574
f 1595 1600 1556
f 1556 1600 1601
f 1601 1600 1635
f 1499 1542 1500
f 1500 1542 1543
f 1500 1543 1501
f 1501 1543 1548
f 1501 1548 1505
f 1505 1548 1506
f 1506 1548 1549
f 1506 1549 1510
f 1510 1549 1553
f 1510 1553 1557
f 1557 1553 1556
f 1557 1556 1601
f 1557 1601 1562
f 1562 1601 1605
f 1562 1605 1563
f 1563 1605 1569
f 1645 1646 1610
f 1610 1646 1611
f 1605 1610 1569
f 1548 1589 1549
f 1549 1589 1553
f 1553 1589 1595
f 1582 1538 1539
f 1617 1620 1655
f 1647 1612 1651
f 1651 1612 1616
f 1617 1655 1652
f 1652 1616 1617
f 1652 1651 1616
f 1612 1647 1642
f 1642 1607 1612
f 1662 1663 1660
f 1547 1585 1546
f 1546 1585 1542
f 1588 1585 1547
f 1649 1650 1645
f 1645 1650 1646
f 1645 1646 1667
f 1531 1574 1527
f 1482 1488 1530
f 1659 1656 1655
f 1655 1658 1659
f 1675 1668 1674
f 1606 1602 1642
f 1550 1590 1596
f 1542 1585 1543
f 947 948 953
f 947 953 932
f 1304 1263 1225
f 1304 1225 1185
f 1546 1499 1498
f 1546 1542 1499
f 1548 1543 1589
f 1595 1634 1629
f 1640 1635 1634
f 1667 1645 1663
f 1615 1611 1646
f 1615 1574 1611
f 1539 1491 1492
f 1583 1582 1539
f 1623 1620 1582
f 1652 1655 1675
f 1668 1647 1651
f 1668 1651 1674
f 1674 1651 1652
f 1674 1652 1675
f 1655 1677 1675
f 1620 1624 1659
f 1620 1659 1655
f 1623 1624 1620
f 1582 1583 1623
f 1623 1583 1624
f 1487 1494 1488
f 1494 1487 1493
f 1489 1530 1488
f 1530 1489 1531
f 1646 1650 1615
f 1634 1660 1640
f 1640 1660 1663
f 1594 1628 1629
f 1543 1585 1588
f 1542 1543 1546
f 1498 1446 1503
f 1498 1503 1545
f 947 997 952
f 952 947 932
f 952 932 931
f 1539 1492 1540
f 1531 1489 1483
f 912 916 932
f 1546 1498 1545
f 1543 1588 1589
f 1595 1594 1629
f 1538 1532 1539
f 1491 1539 1485
f 1485 1539 1532
f 1491 1485 1490
f 1532 1529 1485
f 1485 1529 1480
f 1485 1431 1490
f 1480 1426 1427
f 1576 1617 1616
f 1612 1570 1575
f 1582 1620 1579
f 1579 1620 1576
f 1576 1620 1617
f 1616 1612 1575
f 1575 1528 1529
f 1529 1528 1480
f 1480 1528 1479
f 1480 1479 1426
f 1427 1431 1480
f 1480 1431 1485
f 1575 1570 1524
f 1575 1524 1528
f 1528 1524 1475
f 1528 1475 1479
f 1479 1475 1423
f 1479 1423 1426
f 1538 1582 1532
f 1532 1582 1579
f 1532 1579 1529
f 1529 1579 1576
f 1529 1576 1575
f 1575 1576 1616
f 1328 1331 1386
f 1152 1191 1187
f 1477 1527 1531
f 1492 1491 1442
f 1442 1491 1436
f 1443 1496 1492
f 1443 1492 1442
f 1497 1492 1496
f 1492 1497 1493
f 1488 1494 1495
f 1489 1488 1495
f 1430 1425 1478
f 1477 1483 1478
f 1246 1289 1293
f 1250 1210 1246
f 1131 1127 1167
f 1081 1127 1131
f 1131 1085 1081
f 1092 1093 1097
f 1095 1096 1139
f 1139 1091 1095
f 1091 1139 1136
f 1091 1136 1090
f 1090 1136 1087
f 1087 1136 1133
f 1132 1086 1087
f 1132 1087 1133
f 1128 1082 1132
f 1132 1082 1086
f 1082 1078 1079
f 1067 1011 1012
f 1061 1008 1011
f 1003 1005 1002
f 1187 1149 1105
f 1348 1306 1267
f 1451 1450 1401
f 1406 1456 1401
f 1401 1456 1451
f 1456 1406 1460
f 1460 1406 1409
f 1413 1460 1409
f 1413 1464 1460
f 1418 1469 1464
f 1469 1418 1470
f 1436 1491 1490
f 1436 1490 1386
f 1386 1490 1431
f 1057 1005 1008
f 1057 1008 1061
f 1108 1057 1111
f 1111 1057 1061
f 1111 1061 1115
f 1002 1005 1051
f 1123 1128 1168
f 1149 1105 1108
f 1108 1105 1051
f 1108 1051 1057
f 1057 1051 1005
f 1108 1152 1149
f 1149 1152 1187
f 1191 1152 1108
f 1191 1108 1190
f 1190 1108 1194
f 1194 1108 1111
f 1194 1111 1195
f 1195 1111 1199
f 1199 1111 1115
f 1199 1115 1159
f 1199 1159 1202
f 1228 1187 1232
f 1232 1187 1191
f 1232 1191 1231
f 1231 1191 1190
f 1231 1190 1235
f 1235 1190 1194
f 1235 1194 1195
f 1235 1195 1239
f 1239 1195 1199
f 1239 1199 1241
f 1241 1199 1202
f 1251 1247 1211
f 1211 1247 1207
f 1211 1207 1165
f 1123 1165 1118
f 1123 1118 1119
f 1119 1118 1067
f 1253 1254 1332
f 1290 1247 1294
f 1294 1247 1251
f 1294 1251 1253
f 1294 1253 1296
f 1296 1253 1332
f 1247 1290 1243
f 1247 1243 1207
f 1207 1243 1203
f 1207 1203 1165
f 1165 1203 1162
f 1165 1162 1118
f 1118 1162 1115
f 1118 1115 1067
f 1067 1061 1011
f 1386 1331 1436
f 1436 1331 1387
f 1436 1387 1390
f 1381 1431 1379
f 1379 1431 1427
f 1379 1427 1378
f 1378 1427 1426
f 1378 1426 1374
f 1374 1426 1423
f 1374 1423 1418
f 1418 1423 1475
f 1418 1475 1470
f 1379 1378 1381
f 1381 1328 1386
f 1381 1386 1431
f 1290 1286 1243
f 1243 1286 1241
f 1243 1241 1203
f 1203 1241 1202
f 1203 1202 1162
f 1162 1202 1159
f 1162 1159 1115
f 1067 1115 1061
f 1267 1228 1271
f 1271 1228 1232
f 1271 1232 1231
f 1271 1231 1270
f 1270 1231 1276
f 1276 1231 1235
f 1276 1235 1281
f 1281 1235 1239
f 1281 1239 1284
f 1284 1239 1241
f 1284 1241 1286
f 1464 1413 1418
f 1418 1413 1369
f 1418 1369 1374
f 1401 1348 1406
f 1406 1348 1352
f 1406 1352 1351
f 1406 1351 1409
f 1409 1351 1357
f 1409 1357 1413
f 1413 1357 1358
f 1413 1358 1364
f 1413 1364 1369
f 1369 1364 1318
f 1369 1318 1374
f 1374 1318 1320
f 1374 1320 1378
f 1378 1320 1323
f 1378 1323 1381
f 1381 1323 1328
f 1293 1326 1327
f 1298 1330 1334
f 1298 1334 1297
f 1297 1334 1333
f 1297 1333 1339
f 1300 1299 1256
f 1337 1301 1338
f 1338 1301 1302
f 1338 1302 1339
f 1339 1302 1303
f 1339 1303 1297
f 1297 1303 1298
f 1330 1298 1295
f 1330 1295 1326
f 1326 1295 1293
f 1254 1256 1332
f 1332 1256 1299
f 1332 1299 1335
f 1335 1299 1300
f 1335 1300 1336
f 1336 1300 1301
f 1336 1301 1337
f 1385 1380 1430
f 1484 1489 1435
f 1435 1430 1484
f 1440 1388 1441
f 1441 1388 1389
f 1441 1389 1434
f 1434 1389 1384
f 1434 1384 1385
f 1434 1385 1435
f 1531 1483 1477
f 1435 1489 1434
f 1441 1434 1440
f 1393 1394 1439
f 1393 1439 1445
f 1392 1444 1391
f 1391 1444 1443
f 1385 1430 1435
f 1394 1388 1440
f 1394 1440 1439
f 1496 1443 1497
f 1497 1443 1444
f 1497 1444 1493
f 1493 1444 1445
f 1493 1445 1494
f 1494 1445 1439
f 1494 1439 1495
f 1495 1439 1440
f 1495 1440 1489
f 1489 1440 1434
f 1483 1489 1484
f 1483 1484 1430
f 1483 1430 1478
f 1436 1390 1442
f 1442 1390 1391
f 1442 1391 1443
f 1445 1444 1392
f 1445 1392 1393
f 1348 1267 1352
f 1352 1267 1271
f 1352 1271 1351
f 1351 1271 1270
f 1351 1270 1357
f 1357 1270 1276
f 1357 1276 1358
f 1358 1276 1281
f 1358 1281 1364
f 1364 1281 1318
f 1318 1281 1284
f 1318 1284 1320
f 1320 1284 1286
f 1320 1286 1323
f 1323 1286 1290
f 1323 1290 1328
f 1328 1290 1294
f 1328 1294 1331
f 1331 1294 1296
f 1331 1296 1387
f 1387 1296 1332
f 1387 1332 1390
f 1390 1332 1335
f 1390 1335 1391
f 1391 1335 1336
f 1391 1336 1392
f 1392 1336 1337
f 1392 1337 1393
f 1393 1337 1338
f 1393 1338 1394
f 1394 1338 1339
f 1394 1339 1388
f 1388 1339 1333
f 1388 1333 1389
f 1389 1333 1334
f 1389 1334 1384
f 1384 1334 1330
f 1384 1330 1385
f 1385 1330 1326
f 1385 1326 1380
f 1135 1085 1131
f 1088 1089 1135
f 1088 1135 1134
f 1173 1135 1131
f 1173 1131 1170
f 1170 1131 1167
f 1171 1170 1167
f 1097 1093 1094
f 1176 1175 1138
f 1176 1138 1134
f 1176 1134 1173
f 1173 1134 1135
f 1135 1089 1085
f 1097 1096 1092
f 1140 1096 1141
f 1141 1096 1097
f 1141 1097 1138
f 1138 1097 1094
f 1094 1088 1138
f 1141 1138 1180
f 1141 1180 1140
f 1140 1180 1179
f 1140 1179 1178
f 1096 1140 1139
f 1133 1136 1132
f 1082 1128 1123
f 1082 1123 1078
f 1078 1123 1070
f 1088 1134 1138
f 1138 1175 1180
f 1167 1210 1171
f 1171 1210 1250
f 1171 1250 1170
f 1170 1250 1173
f 1173 1250 1252
f 1173 1252 1176
f 1176 1252 1255
f 1176 1255 1175
f 1175 1255 1258
f 1175 1258 1180
f 1180 1258 1257
f 1180 1257 1179
f 1179 1257 1219
f 1179 1219 1178
f 1178 1219 1218
f 1178 1218 1177
f 1177 1218 1217
f 1177 1217 1174
f 1174 1217 1215
f 1174 1215 1172
f 1172 1215 1214
f 1172 1214 1168
f 1168 1128 1172
f 1172 1128 1132
f 1172 1132 1174
f 1174 1132 1136
f 1174 1136 1177
f 1177 1136 1178
f 1178 1136 1139
f 1178 1139 1140
f 1012 1015 1067
f 1067 1015 1070
f 1067 1070 1119
f 1119 1070 1123
f 1165 1123 1168
f 1165 1168 1211
f 1211 1168 1214
f 1211 1214 1251
f 1251 1214 1253
f 1253 1214 1215
f 1253 1215 1254
f 1254 1215 1256
f 1256 1215 1217
f 1256 1217 1300
f 1300 1217 1218
f 1300 1218 1301
f 1301 1218 1219
f 1301 1219 1302
f 1302 1219 1257
f 1302 1257 1303
f 1303 1257 1258
f 1303 1258 1298
f 1298 1258 1255
f 1298 1255 1295
f 1295 1255 1252
f 1295 1252 1293
f 1293 1252 1250
f 1293 1250 1246
f 1507 1456 1512
f 1558 1554 1512
f 1558 1512 1516
f 1516 1512 1460
f 1460 1464 1516
f 1456 1460 1512
f 1550 1507 1554
f 1554 1507 1512
f 1564 1602 1558
f 1602 1554 1558
f 1348 1401 1451
f 1228 1267 1306
f 1003 1002 951
f 1006 1007 1010
f 959 1006 955
f 914 918 913
f 913 918 917
f 955 935 934
f 959 1006 965
f 965 1006 1010
f 1013 1014 970
f 1018 976 1014
f 1014 976 970
f 977 976 1018
f 976 977 983
f 983 977 984
f 989 982 990
f 990 982 983
f 992 987 988
f 992 988 993
f 986 987 992
f 1026 985 1027
f 985 986 1027
f 1019 978 1020
f 1020 978 1026
f 1026 978 985
f 1015 971 1019
f 1019 971 978
f 924 942 920
f 920 939 921
f 939 937 915
f 939 915 921
f 937 939 936
f 1003 1002 1051
f 1003 1051 1052
f 1105 1149 1150
f 1105 1150 1106
f 1105 1106 1051
f 1051 1106 1052
f 1188 1150 1187
f 1187 1150 1149
f 1228 1306 1187
f 1187 1306 1188
f 1306 1307 1268
f 1306 1268 1229
f 1348 1349 1306
f 1306 1349 1307
f 1451 1402 1348
f 1348 1402 1349
f 1554 1596 1550
f 1607 1642 1602
f 1647 1642 1607
f 1602 1606 1607
f 1554 1602 1596
f 1508 1551 1502
f 1188 1306 1229
f 991 986 992
f 939 920 942
f 1602 1564 1606
f 1607 1606 1565
f 1565 1606 1564
f 1612 1607 1565
f 1570 1612 1565
f 1565 1519 1524
f 1520 1524 1519
f 1564 1519 1565
f 1565 1524 1570
f 1516 1464 1469
f 1519 1516 1469
f 1470 1475 1469
f 1469 1475 1519
f 1519 1475 1524
f 1621 1620 1656
f 1485 1479 1480
f 1431 1379 1426
f 1426 1379 1378
f 1485 1431 1426
f 1485 1426 1479
f 1494 1439 1493
f 1621 1624 1583
f 1624 1621 1656
f 1393 1392 1444
f 1393 1444 1445
f 1579 1620 1621
f 1579 1621 1580
f 1580 1621 1583
f 1580 1583 1579
f 1431 1436 1381
f 1381 1436 1386
f 1431 1485 1491
f 1431 1491 1436
f 1532 1579 1539
f 1539 1491 1486
f 1539 1486 1533
f 1579 1583 1539
f 1436 1443 1387
f 1387 1443 1391
f 1387 1391 1390
f 1491 1492 1436
f 1436 1492 1443
f 1496 1492 1493
f 1496 1493 1497
f 1445 1493 1439
f 1387 1386 1436
f 1491 1485 1486
f 1486 1485 1533
f 1533 1485 1532
f 1533 1532 1539
f 1457 1458 1509
f 1509 1458 1510
f 1509 1510 1513
f 1513 1510 1514
f 1513 1514 1461
f 1461 1514 1462
f 1461 1462 1458
f 1461 1458 1457
f 1644 1639 1640
f 1644 1640 1645
f 1609 1645 1610
f 1609 1610 1605
f 1609 1605 1604
f 1662 1639 1644
f 1645 1610 1614
f 1609 1568 1610
f 1610 1568 1573
f 1610 1573 1614
f 1604 1561 1609
f 1609 1561 1568
f 1604 1639 1600
f 1639 1662 1660
f 1639 1660 1634
f 1639 1634 1600
f 1645 1667 1644
f 1644 1667 1666
f 1644 1666 1662
f 1645 1614 1649
f 1645 1649 1672
f 1645 1672 1667
f 1599 1600 1633
f 1633 1600 1634
f 1633 1634 1638
f 1638 1634 1661
f 1661 1634 1660
f 1661 1660 1662
f 1661 1662 1666
f 1666 1667 1671
f 1671 1667 1672
f 1671 1672 1649
f 1654 1649 1619
f 1619 1649 1614
f 1572 1573 1568
f 1572 1568 1567
f 1567 1568 1561
f 1310 1356 1312
f 1312 1356 1362
f 1226 1221 1113
f 1113 1221 1143
f 1113 1143 1103
f 1103 1143 1147
f 1279 1273 1265
f 1157 1197 1265
f 1265 1197 1237
f 1226 1265 1345
f 1237 1279 1265
f 1362 1312 1279
f 1312 1362 1350
f 1113 1157 1265
f 1113 1265 1226
f 1345 1265 1399
f 1273 1309 1350
f 1313 1362 1312
f 1372 1362 1366
f 1366 1362 1316
f 1316 1362 1313
f 1350 1309 1312
f 1350 1265 1273
f 1265 1350 1399
f 1399 1350 1449
f 1523 1424 1527
f 1527 1424 1429
f 1416 1372 1421
f 1421 1424 1416
f 1523 1473 1424
f 1424 1473 1467
f 1372 1416 1362
f 1362 1372 1350
f 1350 1362 1355
f 1350 1355 1354
f 1350 1354 1404
f 1350 1404 1449
f 1449 1404 1399
f 1424 1467 1416
f 1404 1403 1454
f 1454 1403 1453
f 1354 1355 1362
f 1354 1362 1361
f 1362 1416 1415
f 1415 1416 1467
f 1415 1467 1466
f 1466 1467 1472
f 1561 1509 1513
f 1561 1604 1509
f 1509 1604 1600
f 1509 1600 1453
f 1453 1600 1552
f 1552 1600 1599
f 1552 1599 1594
f 1472 1513 1466
f 1466 1513 1461
f 1466 1461 1415
f 1415 1461 1362
f 1362 1461 1361
f 1361 1461 1354
f 1461 1457 1354
f 1354 1457 1509
f 1354 1509 1404
f 1404 1509 1403
f 1403 1509 1453
f 1513 1472 1522
f 1513 1522 1561
f 1663 1662 1681
f 1663 1681 1682
f 1663 1682 1684
f 1663 1684 1667
f 1672 1650 1673
f 1666 1683 1681
f 1667 1683 1666
f 1681 1662 1666
f 1683 1684 1681
f 1681 1684 1682
f 1684 1683 1667
f 1649 1650 1672
f 1649 1672 1654
f 1662 1660 1628
f 1662 1628 1661
f 1661 1628 1627
f 1629 1628 1660
f 1629 1660 1634
f 1628 1594 1626
f 1628 1626 1629
f 1673 1650 1645
f 1673 1645 1672
f 1574 1578 1531
f 1537 1531 1530
f 1530 1488 1537
f 1537 1536 1488
f 1615 1578 1574
f 1577 1578 1619
f 1619 1578 1649
f 1615 1649 1578
f 1615 1650 1649
f 1628 1594 1627
f 1627 1594 1593
f 1482 1537 1488
f 1530 1531 1482
f 1482 1531 1537
f 1488 1536 1487
f 1536 1537 1530
f 1530 1531 1577
f 1531 1578 1577
f 1614 1573 1530
f 1526 1530 1522
f 1472 1476 1522
f 1522 1476 1525
f 1522 1525 1526
f 1633 1638 1627
f 1627 1638 1661
f 1627 1593 1599
f 1633 1627 1599
f 1530 1654 1619
f 1530 1619 1614
f 1573 1572 1530
f 1530 1572 1522
f 1522 1572 1567
f 1530 1577 1619
f 1561 1522 1567
f 1016 1022 1023
f 982 975 983
f 988 981 982
f 982 989 988
f 976 983 975
f 1249 1170 1326
f 1244 1248 1249
f 1170 1249 1213
f 1213 1166 1169
f 1213 1169 1170
f 1244 1249 1326
f 1244 1326 1292
f 1244 1292 1291
f 1244 1291 1287
f 1126 1121 1084
f 1121 1024 1084
f 1120 1075 1121
f 1121 1075 1017
f 1121 1017 1024
f 1244 1209 1248
f 1213 1212 1166
f 1084 1085 1126
f 1163 1166 1209
f 1209 1166 1212
f 1209 1212 1248
f 1085 1131 1130
f 1085 1130 1126
f 1023 976 981
f 981 976 975
f 1075 1069 1018
f 1075 1018 1017
f 976 1023 1017
f 980 973 974
f 980 974 981
f 981 975 982
f 980 974 1022
f 1022 974 1023
f 974 1016 1023
f 980 1022 973
f 973 1022 1016
f 973 1016 974
f 1652 1653 1617
f 1617 1653 1618
f 1613 1652 1617
f 1613 1648 1652
f 1652 1648 1617
f 1648 1613 1617
f 1618 1653 1656
f 1656 1624 1618
f 1618 1624 1621
f 1618 1621 1617
f 1617 1576 1571
f 1621 1580 1617
f 1617 1580 1576
f 1653 1659 1656
f 1656 1659 1624
f 1652 1647 1669
f 1617 1571 1612
f 1617 1612 1652
f 1652 1612 1642
f 1652 1642 1647
f 1652 1678 1653
f 1653 1678 1656
f 1652 1675 1678
f 1652 1669 1675
f 1571 1566 1612
f 1612 1566 1608
f 1612 1608 1642
f 1642 1608 1643
f 1642 1643 1647
f 1647 1643 1669
f 1669 1643 1665
f 1669 1670 1675
f 1675 1670 1676
f 1675 1676 1678
f 1678 1679 1656
f 1656 1679 1657
f 1656 1657 1659
f 1659 1657 1624
f 1624 1657 1622
f 1624 1622 1621
f 1621 1622 1580
f 1580 1622 1581
f 1520 1521 1571
f 1571 1521 1566
f 1419 1420 1470
f 1470 1420 1471
f 1470 1471 1520
f 1520 1471 1521
f 1329 1325 1324
f 1324 1325 1321
f 1324 1321 1375
f 1375 1321 1376
f 1375 1371 1370
f 1370 1371 1419
f 1419 1371 1420
f 1481 1485 1480
f 1431 1485 1428
f 1428 1485 1481
f 1431 1428 1427
f 1427 1375 1480
f 1382 1427 1428
f 1382 1428 1387
f 1520 1480 1470
f 1375 1370 1480
f 1480 1370 1419
f 1480 1419 1470
f 1329 1427 1382
f 1427 1329 1324
f 1427 1324 1375
f 1580 1481 1576
f 1576 1481 1571
f 1492 1437 1481
f 1481 1437 1436
f 1481 1436 1428
f 1428 1436 1387
f 1481 1480 1571
f 1571 1480 1520
f 1481 1580 1539
f 1539 1540 1481
f 1481 1540 1492
f 1580 1581 1539
f 1539 1581 1534
f 1383 1387 1433
f 1433 1387 1436
f 1433 1436 1438
f 1438 1436 1437
f 1438 1437 1493
f 1493 1437 1492
f 1493 1492 1540
f 1493 1540 1487
f 1534 1540 1539
f 1539 1540 1535
f 1540 1535 1536
f 1540 1536 1487
f 1665 1643 1637
f 1642 1665 1637
f 1665 1642 1664
f 1665 1664 1669
f 1669 1664 1668
f 1642 1647 1668
f 1637 1636 1641
f 1637 1641 1642
f 1664 1642 1668
f 1669 1668 1674
f 1677 1655 1680
f 1680 1655 1659
f 1677 1680 1678
f 1677 1685 1675
f 1669 1674 1675
f 1685 1686 1670
f 1685 1670 1675
f 1659 1657 1678
f 1678 1657 1679
f 1678 1680 1659
f 1676 1677 1678
f 1677 1676 1685
f 1685 1676 1686
f 1622 1657 1659
f 1624 1625 1622
f 1625 1624 1584
f 1584 1624 1583
f 1622 1659 1624
f 1493 1494 1541
f 1584 1583 1539
f 1539 1540 1584
f 1540 1493 1541
f 1494 1535 1541
f 1659 1658 1656
f 1656 1658 1655
f 1606 1642 1641
f 1494 1487 1535
f 1535 1487 1536
f 1535 1536 1541
f 1540 1541 1536
f 1625 1584 1622
f 1670 1686 1676
f 1540 1581 1584
f 1584 1581 1622
f 1637 1643 1603
f 1581 1540 1534
f 1603 1643 1608
f 1603 1608 1560
f 1560 1608 1566
f 1560 1566 1521
f 1603 1602 1636
f 1636 1637 1603
f 1602 1642 1641
f 1602 1641 1636
f 1083 1080 1125
f 1125 1080 1021
f 1021 1080 1083
f 1152 1352 1272
f 1137 1092 1083
f 1137 1083 1140
f 1140 1083 1125
f 1125 1208 1216
f 1125 1216 1140
f 1140 1216 1219
f 1083 1033 1021
f 1083 1092 1033
f 1152 1272 1153
f 1153 1272 1109
f 1208 1125 1116
f 1359 1353 1407
f 1272 1352 1353
f 1277 1196 1272
f 1196 1277 1236
f 1359 1277 1272
f 1359 1272 1353
f 1407 1410 1359
f 1359 1410 1411
f 1359 1411 1414
f 1208 1116 1160
f 1208 1160 1205
f 1205 1160 1204
f 1272 1156 1109
f 1109 1156 1112
f 1365 1315 1360
f 1360 1315 1282
f 1360 1282 1359
f 1359 1282 1278
f 1359 1278 1277
f 1465 1420 1414
f 1360 1359 1414
f 1160 1200 1204
f 1272 1196 1156
f 1414 1365 1360
f 1129 1125 1027
f 1027 1125 1021
f 1022 980 1021
f 1021 980 979
f 1021 986 1027
f 986 1021 979
f 1021 1027 1026
f 986 979 985
f 979 987 986
f 988 987 981
f 979 980 987
f 980 981 987
f 1627 1632 1637
f 1632 1631 1637
f 1591 1596 1597
f 1597 1592 1591
f 1588 1587 1592
f 1592 1587 1586
f 1627 1626 1588
f 1627 1588 1592
f 1627 1592 1632
f 1632 1592 1597
f 1632 1597 1631
f 1636 1637 1630
f 1597 1596 1631
f 1631 1596 1637
f 1637 1596 1630
f 1591 1590 1596
f 1636 1630 1602
f 1596 1602 1630
f 1626 1589 1588
f 1546 1587 1542
f 1542 1587 1585
f 1585 1587 1588
f 1589 1626 1594
f 1602 1594 1627
f 1627 1637 1602
f 1602 1637 1636
f 1627 1594 1626
f 1552 1548 1547
f 1552 1547 1504
f 1552 1504 1453
f 1547 1548 1594
f 1594 1548 1552
f 1602 1598 1594
f 1594 1552 1553
f 1565 1559 1607
f 1607 1559 1555
f 1555 1598 1607
f 1607 1598 1602
f 1590 1591 1550
f 1550 1591 1551
f 1551 1592 1586
f 1551 1591 1592
f 1349 1262 1307
f 1307 1262 1268
f 1343 1304 1263
f 1452 1446 1396
f 1446 1452 1503
f 1587 1546 1586
f 1586 1546 1545
f 1586 1544 1551
f 1544 1586 1545
f 1544 1545 1502
f 1502 1545 1503
f 1502 1503 1451
f 1451 1503 1452
f 1451 1452 1402
f 1402 1452 1396
f 1402 1396 1343
f 1402 1343 1349
f 1349 1343 1263
f 1349 1263 1262
f 997 947 1003
f 1003 947 952
f 997 1003 996
f 997 996 1047
f 1047 996 1046
f 1101 1102 1046
f 1046 1102 1047
f 1145 1146 1101
f 1101 1146 1102
f 1225 1185 1224
f 1224 1185 1145
f 1145 1185 1146
f 1263 1225 1262
f 1262 1225 1224
f 1262 1224 1145
f 1262 1229 1268
f 1150 1145 1106
f 1106 1145 1101
f 1106 1101 1046
f 1106 1046 1052
f 952 951 1003
f 996 1003 1046
f 1046 1003 1052
f 1262 1145 1150
f 1262 1150 1229
f 1027 1021 978
f 1083 1027 978
f 1083 978 1020
f 1108 1124 1125
f 1021 979 978
f 1129 1083 1125
f 1125 1083 1108
f 1108 1083 1020
f 1108 1020 1009
f 942 971 967
f 985 978 986
f 986 978 979
f 971 942 945
f 971 972 978
f 946 972 971
f 946 971 945
f 943 925 944
f 944 925 926
f 944 942 943
f 945 942 944
f 944 946 945
f 968 972 944
f 944 972 946
f 958 951 957
f 952 951 958
f 958 926 922
f 968 944 958
f 944 926 958
f 924 925 943
f 924 943 942
f 936 951 930
f 936 930 937
f 936 937 915
f 924 920 925
f 925 920 921
f 922 921 916
f 932 916 931
f 937 930 931
f 931 930 951
f 931 951 952
f 916 915 937
f 916 937 931
f 916 921 915
f 916 917 922
f 922 917 923
f 976 975 970
f 970 975 969
f 970 969 965
f 965 969 964
f 964 969 963
f 964 963 959
f 959 963 941
f 959 941 938
f 940 938 941
f 923 918 940
f 940 918 919
f 940 919 938
f 923 917 918
f 923 953 917
f 953 940 941
f 953 941 963
f 963 969 953
f 953 923 940
f 953 969 975
f 1076 1075 1069
f 1017 976 1075
f 1075 976 1018
f 970 965 964
f 1013 970 965
f 960 965 964
f 960 964 959
f 1010 1013 965
f 938 935 955
f 955 959 938
f 934 935 919
f 934 919 914
f 914 919 918
f 935 938 919
f 926 925 921
f 921 922 926
f 953 952 923
f 923 952 958
f 923 958 922
f 1064 1068 1072
f 1063 1054 1072
f 1058 1053 1063
f 1063 1053 1059
f 1059 1054 1063
f 1064 1072 1054
f 1064 1054 1065
f 1068 1074 1073
f 1068 1073 1072
f 1062 1063 1071
f 1071 1063 1072
f 1130 1126 1131
f 1170 1169 1166
f 1644 1640 1605
f 1644 1605 1609
f 1609 1645 1644
f 1618 1617 1652
f 1618 1652 1653
f 1481 1486 1432
f 1481 1432 1428
f 1461 1462 1513
f 1462 1514 1513
f 1718 1714 1738
f 1738 1714 1734
f 1739 1735 1715
f 1739 1715 1719
f 1753 1763 1754
f 1754 1763 1764
f 1754 1764 1765
f 1754 1765 1766
f 1689 1690 1687
f 1687 1690 1688
f 1687 1688 1701
f 1701 1688 1702
f 1701 1718 1738
f 1701 1738 1753
f 1754 1766 1702
f 1702 1766 1739
f 1702 1739 1719
f 1753 1738 1763
f 1763 1738 1764
f 1764 1738 1765
f 1765 1738 1739
f 1765 1739 1766
f 1702 1719 1701
f 1701 1719 1718
f 1703 1689 1701
f 1689 1687 1701
f 1688 1690 1702
f 1690 1704 1702
f 1703 1705 1691
f 1701 1721 1703
f 1691 1689 1703
f 1753 1755 1741
f 1753 1741 1701
f 1701 1741 1721
f 1689 1691 1705
f 1701 1721 1753
f 1753 1721 1741
f 1753 1737 1701
f 1701 1737 1717
f 1703 1689 1705
f 1713 1717 1737
f 1713 1737 1733
f 1704 1722 1702
f 1702 1722 1754
f 1754 1722 1742
f 1694 1706 1690
f 1690 1706 1704
f 1754 1742 1756
f 1740 1742 1722
f 1722 1720 1740
f 1742 1740 1754
f 1722 1702 1720
f 1740 1737 1754
f 1754 1737 1753
f 1716 1715 1736
f 1717 1714 1718
f 1720 1719 1715
f 1715 1716 1720
f 1713 1733 1714
f 1713 1714 1717
f 1733 1734 1714
f 1740 1735 1739
f 1739 1738 1740
f 1740 1738 1737
f 1737 1738 1734
f 1737 1734 1733
f 1715 1735 1736
f 1736 1735 1740
f 1694 1691 1690
f 1690 1691 1689
f 1690 1689 1688
f 1688 1689 1687
f 1688 1687 1702
f 1702 1687 1701
f 1702 1701 1720
f 1720 1701 1717
f 1720 1717 1719
f 1719 1717 1718
f 1720 1716 1736
f 1720 1736 1740
f 1694 1693 1691
f 1691 1693 1692
f 1696 1698 1694
f 1697 1695 1691
f 1727 1731 1747
f 1747 1731 1751
f 1746 1750 1730
f 1746 1730 1726
f 1750 1749 1730
f 1730 1749 1729
f 1728 1731 1727
f 1727 1726 1725
f 1726 1730 1725
f 1725 1730 1729
f 1752 1751 1731
f 1752 1731 1732
f 1732 1731 1728
f 1746 1747 1748
f 1748 1747 1751
f 1751 1752 1748
f 1749 1750 1745
f 1745 1750 1746
f 1745 1746 1748
f 1745 1748 1761
f 1761 1748 1762
f 1728 1727 1725
f 1728 1725 1712
f 1712 1725 1711
f 1712 1711 1700
f 1700 1711 1699
f 1697 1698 1700
f 1697 1700 1699
f 1712 1727 1747
f 1712 1747 1762
f 1762 1747 1761
f 1761 1747 1746
f 1761 1746 1711
f 1711 1746 1726
f 1711 1726 1727
f 1711 1727 1712
f 1711 1712 1699
f 1699 1712 1700
f 1712 1700 1698
f 1728 1748 1752
f 1728 1752 1732
f 1725 1729 1749
f 1697 1699 1711
f 1725 1749 1745
f 1712 1710 1698
f 1760 1744 1762
f 1758 1760 1762
f 1724 1712 1744
f 1744 1712 1762
f 1710 1708 1698
f 1698 1708 1694
f 1694 1708 1706
f 1712 1724 1710
f 1744 1762 1748
f 1708 1698 1696
f 1708 1696 1706
f 1706 1696 1694
f 1724 1728 1712
f 1744 1748 1728
f 1744 1728 1724
f 1711 1697 1709
f 1743 1759 1761
f 1761 1759 1757
f 1691 1705 1697
f 1697 1705 1707
f 1697 1707 1709
f 1711 1723 1743
f 1711 1743 1761
f 1723 1711 1709
f 1695 1707 1705
f 1695 1705 1691
f 1743 1745 1761
f 1723 1725 1743
f 1743 1725 1745
f 1707 1695 1709
f 1709 1695 1697
f 1723 1711 1725
f 1976 1977 1974
f 1976 1974 1973
f 1953 1929 1924
f 1958 1928 1952
f 1952 1928 1929
f 1952 1929 1953
f 1848 1847 1842
f 1817 1843 1870
f 1817 1870 1866
f 1866 1811 1812
f 1866 1812 1817
f 1811 1866 1865
f 1863 1808 1811
f 1863 1811 1865
f 1916 1889 1919
f 1919 1889 1891
f 1919 1891 1892
f 1973 1943 1976
f 1976 1943 1947
f 1976 1947 1977
f 1977 1947 1948
f 1977 1948 1982
f 1982 1948 1954
f 1982 1954 1983
f 1983 1954 1955
f 1928 1900 1929
f 1929 1900 1901
f 1929 1901 1924
f 1924 1901 1895
f 1943 1916 1947
f 1947 1916 1919
f 1947 1919 1948
f 1948 1919 1892
f 1948 1892 1954
f 1954 1892 1896
f 1954 1896 1955
f 1955 1896 1897
f 1955 1897 1956
f 1956 1897 1898
f 1956 1898 1899
f 1956 1899 1957
f 1957 1899 1958
f 1958 1899 1900
f 1842 1869 1848
f 1848 1869 1875
f 1848 1875 1847
f 1847 1875 1874
f 1847 1874 1846
f 1874 1873 1846
f 1846 1873 1845
f 1845 1873 1872
f 1845 1872 1844
f 1844 1872 1871
f 1844 1871 1843
f 1843 1871 1870
f 1928 1958 1900
f 1900 1874 1901
f 1901 1874 1875
f 1901 1875 1895
f 1895 1875 1869
f 1889 1863 1891
f 1891 1863 1865
f 1891 1865 1892
f 1892 1865 1866
f 1892 1866 1896
f 1896 1866 1870
f 1896 1870 1897
f 1897 1870 1871
f 1897 1871 1898
f 1898 1871 1872
f 1898 1872 1899
f 1899 1872 1873
f 1899 1873 1900
f 1900 1873 1874
f 1996 1994 1977
f 1977 1994 1974
f 1974 1994 1992
f 1958 1953 1952
f 1863 1835 1808
f 1977 1982 1996
f 1804 1833 1861
f 1934 1939 1938
f 1965 1987 1959
f 1965 1990 1987
f 1991 1965 1970
f 1991 1990 1965
f 1804 1861 1799
f 1799 1861 1855
f 1800 1799 1856
f 1856 1799 1855
f 1856 1794 1800
f 1794 1856 1849
f 1826 1827 1832
f 1881 1938 1939
f 1881 1939 1912
f 1880 1934 1881
f 1881 1934 1938
f 1969 1970 1964
f 1964 1970 1965
f 1912 1886 1881
f 1913 1940 1907
f 1907 1940 1935
f 1907 1935 1936
f 1907 1936 1908
f 1908 1936 1902
f 1902 1936 1930
f 1887 1913 1882
f 1882 1913 1907
f 1882 1907 1883
f 1883 1907 1908
f 1883 1908 1876
f 1876 1908 1902
f 1876 1902 1930
f 1876 1930 1877
f 1877 1930 1931
f 1877 1931 1878
f 1878 1931 1932
f 1878 1932 1879
f 1879 1932 1933
f 1879 1933 1880
f 1880 1933 1934
f 1940 1969 1935
f 1935 1969 1964
f 1935 1964 1965
f 1935 1965 1936
f 1936 1965 1930
f 1930 1965 1959
f 1930 1959 1931
f 1931 1959 1960
f 1825 1852 1826
f 1826 1852 1853
f 1860 1832 1854
f 1854 1832 1827
f 1854 1827 1853
f 1853 1827 1826
f 1853 1880 1854
f 1854 1880 1881
f 1854 1881 1860
f 1860 1881 1886
f 1822 1794 1849
f 1822 1849 1850
f 1822 1850 1823
f 1823 1850 1851
f 1823 1851 1824
f 1824 1851 1825
f 1825 1851 1852
f 1861 1887 1855
f 1855 1887 1882
f 1855 1882 1856
f 1856 1882 1883
f 1856 1883 1849
f 1849 1883 1876
f 1849 1876 1850
f 1850 1876 1877
f 1850 1877 1851
f 1851 1877 1878
f 1851 1878 1879
f 1851 1879 1852
f 1852 1879 1853
f 1853 1879 1880
f 1915 1918 1890
f 1803 1832 1834
f 1803 1834 1807
f 1807 1834 1837
f 1807 1837 1810
f 1862 1864 1837
f 1888 1915 1890
f 1888 1890 1862
f 1862 1890 1864
f 1912 1915 1886
f 1886 1915 1888
f 1834 1832 1862
f 1862 1832 1860
f 1834 1862 1837
f 1888 1862 1860
f 1888 1860 1886
f 1869 1842 1837
f 1890 1895 1864
f 1864 1895 1869
f 1918 1895 1890
f 1895 1918 1924
f 1810 1837 1842
f 1810 1842 1816
f 1864 1869 1837
f 1847 1821 1816
f 1816 1821 1815
f 1846 1820 1847
f 1847 1820 1821
f 1819 1846 1845
f 1846 1819 1820
f 1819 1845 1818
f 1818 1845 1844
f 1843 1817 1844
f 1844 1817 1818
f 1816 1842 1847
f 1923 1952 1953
f 1923 1953 1924
f 1977 1994 1982
f 1992 1994 1977
f 1992 1977 1974
f 1916 1943 1944
f 1817 1843 1818
f 1818 1843 1844
f 1845 1819 1844
f 1844 1819 1818
f 1846 1820 1845
f 1845 1820 1819
f 1841 1815 1821
f 1841 1821 1847
f 1815 1841 1842
f 1815 1842 1816
f 1924 1895 1923
f 1923 1895 1894
f 1923 1894 1928
f 1928 1894 1900
f 1916 1944 1920
f 1920 1944 1948
f 1920 1948 1925
f 1925 1948 1954
f 1889 1916 1891
f 1891 1916 1920
f 1891 1920 1892
f 1892 1920 1896
f 1896 1920 1925
f 1896 1925 1954
f 1896 1954 1897
f 1897 1954 1955
f 1897 1955 1898
f 1898 1955 1956
f 1899 1957 1900
f 1900 1957 1958
f 1928 1958 1923
f 1923 1958 1952
f 1944 1974 1948
f 1948 1974 1977
f 1948 1977 1954
f 1954 1977 1982
f 1954 1982 1955
f 1955 1982 1983
f 1864 1869 1890
f 1869 1842 1868
f 1868 1842 1841
f 1868 1841 1874
f 1874 1841 1847
f 1874 1847 1873
f 1873 1847 1846
f 1873 1846 1872
f 1872 1846 1845
f 1872 1845 1871
f 1871 1845 1844
f 1871 1844 1870
f 1870 1844 1843
f 1870 1843 1866
f 1866 1843 1817
f 1863 1889 1865
f 1865 1889 1891
f 1866 1892 1870
f 1870 1892 1896
f 1871 1897 1872
f 1872 1897 1898
f 1872 1898 1873
f 1873 1898 1899
f 1873 1899 1874
f 1874 1899 1900
f 1874 1900 1868
f 1868 1900 1894
f 1868 1894 1869
f 1869 1894 1895
f 1869 1895 1890
f 1944 1943 1974
f 1943 1973 1974
f 1959 1987 1990
f 1970 1969 1940
f 1803 1826 1832
f 1823 1795 1794
f 1823 1794 1822
f 1796 1795 1823
f 1796 1823 1824
f 1797 1796 1825
f 1825 1796 1824
f 1826 1798 1825
f 1825 1798 1797
f 1802 1798 1803
f 1803 1798 1826
f 2012 2008 2007
f 2012 2007 2011
f 2011 2007 1999
f 2011 1999 2004
f 2004 1999 1988
f 2004 1988 1997
f 1997 1988 1960
f 1997 1960 1983
f 1983 1960 1961
f 1983 1961 1984
f 1984 1961 1932
f 1984 1932 1956
f 1956 1932 1933
f 1956 1933 1957
f 1957 1933 1962
f 1957 1962 1985
f 1985 1962 1963
f 1985 1963 1986
f 1986 1963 1989
f 1986 1989 1998
f 1998 1989 2001
f 1998 2001 2006
f 2006 2001 2010
f 2006 2010 2014
f 2014 2010 2009
f 2014 2009 2013
f 2013 2009 2008
f 2013 2008 2012
f 1984 1956 1985
f 1985 1956 1957
f 2006 2014 2013
f 2005 1985 2012
f 2005 2004 1985
f 1985 1986 2012
f 2012 1986 1998
f 1985 2004 1997
f 1985 1997 1983
f 2012 1998 2006
f 2012 2006 2013
f 1983 1984 1985
f 2012 2011 2004
f 2012 2004 2005
f 1962 1933 1961
f 1961 1933 1932
f 2001 2009 2010
f 2000 1999 2008
f 2008 1999 2007
f 1999 2000 1961
f 2000 2008 1961
f 1961 2008 2009
f 1961 2009 1962
f 2009 1989 1963
f 2009 1963 1962
f 1999 1961 1960
f 1960 1988 1999
f 1989 2009 2001
f 1869 1816 1842
f 1842 1869 1895
f 1869 1842 1841
f 1869 1841 1868
f 1950 1956 1951
f 1951 1956 1957
f 1951 1957 1979
f 1979 1957 1985
f 1979 1985 1980
f 1980 1985 1986
f 1956 1984 1957
f 1957 1984 1985
f 1979 1980 1951
f 1951 1980 1952
f 1980 1975 1952
f 1952 1975 1945
f 1933 1905 1937
f 1905 1910 1937
f 1938 1967 1937
f 1938 1937 1911
f 1911 1937 1910
f 1962 1966 1963
f 1967 1963 1966
f 1967 1966 1937
f 1962 1933 1966
f 1966 1933 1937
f 1852 1905 1904
f 1961 1904 1933
f 1933 1904 1905
f 1878 1851 1904
f 1904 1851 1852
f 1802 1803 1806
f 1803 1807 1806
f 1807 1810 1785
f 1785 1780 1807
f 1768 1798 1802
f 1768 1802 1773
f 1773 1802 1803
f 1773 1803 1774
f 1774 1803 1780
f 1780 1803 1807
f 1779 1778 1780
f 1806 1807 1802
f 1802 1807 1803
f 1858 1830 1859
f 1885 1858 1859
f 1831 1859 1830
f 1912 1860 1886
f 1915 1886 1890
f 1946 1942 1918
f 1918 1942 1915
f 1834 1860 1832
f 1806 1779 1807
f 1779 1780 1807
f 1772 1773 1778
f 1778 1773 1774
f 1778 1774 1780
f 1772 1796 1797
f 1772 1797 1798
f 1772 1798 1768
f 1772 1768 1773
f 1784 1785 1783
f 1788 1791 1790
f 1788 1790 1793
f 1788 1793 1821
f 1821 1820 1788
f 1820 1819 1788
f 1788 1783 1791
f 1791 1783 1785
f 1793 1790 1815
f 1810 1816 1791
f 1810 1791 1785
f 1790 1791 1816
f 1815 1821 1793
f 1815 1790 1816
f 1842 1816 1837
f 1837 1816 1810
f 1864 1837 1834
f 1834 1862 1864
f 1904 1905 1879
f 1825 1797 1824
f 1824 1797 1796
f 1826 1797 1825
f 1826 1798 1797
f 1831 1802 1826
f 1826 1802 1798
f 1802 1831 1832
f 1802 1832 1803
f 1862 1832 1888
f 1939 1912 1938
f 1938 1912 1911
f 1905 1933 1906
f 1906 1933 1934
f 1933 1904 1932
f 1879 1878 1904
f 1880 1906 1885
f 1885 1906 1911
f 1906 1934 1938
f 1906 1938 1911
f 1912 1886 1911
f 1911 1886 1885
f 1879 1905 1880
f 1880 1905 1906
f 1824 1878 1879
f 1824 1879 1825
f 1825 1879 1826
f 1826 1879 1880
f 1826 1880 1885
f 1826 1885 1831
f 1831 1885 1832
f 1832 1885 1886
f 1832 1886 1888
f 1888 1886 1912
f 1888 1912 1915
f 1939 1912 1915
f 1942 1915 1912
f 1942 1912 1939
f 1934 1967 1939
f 1939 1967 1968
f 1934 1963 1967
f 1934 1933 1962
f 1934 1962 1963
f 1932 1961 1962
f 1962 1933 1932
f 1971 1972 1968
f 1971 1968 1967
f 1972 1942 1939
f 1972 1939 1968
f 1981 1971 1980
f 1971 1953 1946
f 1971 1946 1972
f 1972 1946 1942
f 1981 1953 1971
f 1971 1975 1980
f 1958 1986 1985
f 1953 1980 1958
f 1958 1980 1986
f 1953 1981 1980
f 1924 1946 1953
f 1946 1924 1918
f 1958 1985 1957
f 1924 1953 1918
f 1890 1918 1924
f 1837 1864 1895
f 1872 1845 1898
f 1927 1957 1956
f 1956 1926 1927
f 1958 1957 1928
f 1928 1957 1927
f 1894 1924 1923
f 1952 1928 1923
f 1900 1928 1899
f 1899 1928 1927
f 1899 1927 1926
f 1924 1894 1895
f 1924 1895 1890
f 1926 1898 1899
f 1899 1898 1845
f 1899 1845 1846
f 1899 1846 1900
f 1900 1846 1847
f 1900 1847 1894
f 1894 1847 1841
f 1894 1841 1895
f 1895 1841 1842
f 1895 1842 1837
f 1864 1837 1810
f 1869 1864 1842
f 1842 1864 1837
f 1860 1862 1886
f 1886 1862 1888
f 1790 1784 1783
f 1789 1790 1783
f 1789 1783 1788
f 1784 1790 1816
f 1816 1810 1784
f 1784 1810 1785
f 1840 1841 1815
f 1840 1815 1814
f 1926 1898 1872
f 1872 1845 1926
f 1845 1844 1926
f 1926 1844 1871
f 1926 1871 1897
f 1926 1922 1956
f 1956 1922 1950
f 1892 1921 1950
f 1950 1921 1949
f 1893 1892 1950
f 1893 1950 1921
f 1950 1949 1978
f 1950 1922 1921
f 1838 1813 1812
f 1838 1839 1813
f 1813 1839 1867
f 1893 1867 1892
f 1892 1867 1866
f 1994 1995 1977
f 1977 1995 1978
f 1850 1877 1884
f 1857 1850 1884
f 1903 1909 1884
f 1903 1884 1877
f 1850 1903 1877
f 1777 1771 1776
f 1776 1771 1770
f 1776 1770 1805
f 1805 1770 1800
f 1786 1781 1782
f 1817 1792 1782
f 1782 1792 1787
f 1782 1787 1786
f 1782 1783 1788
f 1788 1819 1818
f 1788 1818 1782
f 1818 1817 1782
f 1782 1781 1775
f 1782 1775 1776
f 1777 1778 1776
f 1767 1794 1776
f 1776 1794 1777
f 1794 1795 1772
f 1772 1795 1796
f 1794 1772 1778
f 1794 1778 1777
f 1776 1770 1767
f 1776 1769 1770
f 1776 1775 1769
f 1800 1801 1828
f 1857 1856 1829
f 1801 1829 1828
f 1856 1828 1829
f 1805 1804 1799
f 1805 1799 1800
f 1770 1769 1805
f 1805 1769 1775
f 1805 1775 1804
f 1800 1799 1770
f 1770 1799 1769
f 1940 1970 1941
f 1941 1913 1940
f 1887 1861 1833
f 1770 1769 1800
f 1775 1808 1833
f 1775 1833 1804
f 1770 1800 1794
f 1770 1794 1767
f 1769 1799 1800
f 1991 1970 1992
f 1992 1970 1974
f 1974 1970 1973
f 1973 1970 1969
f 1960 1959 1988
f 1959 1987 1988
f 1960 1961 1931
f 1931 1961 1932
f 1969 1940 1943
f 1969 1943 1973
f 1913 1887 1916
f 1913 1916 1940
f 1940 1916 1943
f 1808 1835 1833
f 1833 1835 1889
f 1833 1889 1887
f 1887 1889 1916
f 1965 1990 1959
f 1970 1991 1990
f 1970 1990 1965
f 1823 1795 1822
f 1822 1795 1794
f 1908 1914 1941
f 1883 1856 1855
f 1855 1882 1883
f 1878 1932 1904
f 1908 1941 1936
f 1941 1970 1936
f 1936 1970 1965
f 1851 1824 1850
f 1850 1824 1823
f 1850 1823 1849
f 1849 1823 1822
f 1849 1822 1856
f 1856 1822 1794
f 1904 1961 1903
f 1904 1903 1850
f 1904 1850 1851
f 1961 1960 1903
f 1994 1992 2003
f 2003 1992 2002
f 1990 1992 1988
f 1988 1992 1993
f 1990 1991 1992
f 1996 1997 1994
f 1994 1997 1995
f 1987 1990 1988
f 1870 1871 1896
f 1896 1871 1897
f 1926 1956 1898
f 1944 1917 1948
f 1948 1917 1920
f 1917 1944 1916
f 1916 1889 1917
f 1917 1889 1920
f 1920 1889 1892
f 1948 1920 1892
f 1889 1863 1892
f 1892 1863 1865
f 1792 1817 1812
f 1792 1812 1787
f 1811 1786 1812
f 1812 1786 1787
f 1781 1808 1775
f 1996 1982 1997
f 1982 1983 1997
f 1983 1955 1984
f 1984 1955 1956
f 1863 1889 1835
f 1812 1811 1809
f 1811 1808 1809
f 1786 1787 1809
f 1786 1809 1781
f 1781 1809 1808
f 1787 1786 1811
f 1787 1811 1812
f 1838 1805 1828
f 1838 1812 1805
f 1805 1812 1809
f 1805 1800 1828
f 1776 1809 1787
f 1809 1776 1805
f 1776 1787 1782
f 1828 1836 1838
f 2199 2202 2200
f 2201 2202 2199
f 2237 2257 2256
f 2238 2239 2236
f 2236 2239 2237
f 2236 2237 2256
f 2221 2220 2219
f 2239 2238 2220
f 2220 2238 2219
f 2221 2219 2200
f 2200 2219 2199
f 2284 2301 2313
f 2284 2334 2333
f 2285 2301 2284
f 2313 2327 2284
f 2284 2327 2326
f 2326 2337 2284
f 2284 2337 2336
f 2284 2336 2335
f 2284 2335 2334
f 2284 2333 2332
f 2312 2300 2284
f 2284 2332 2325
f 2284 2324 2312
f 2284 2325 2324
f 2284 2286 2285
f 2287 2285 2286
f 2270 2271 2286
f 2286 2271 2287
f 2271 2270 2273
f 2270 2272 2273
f 2273 2272 2254
f 2273 2254 2257
f 2257 2254 2256
f 2145 2152 2151
f 2145 2146 2152
f 2112 2113 2121
f 2120 2112 2121
f 2121 2129 2128
f 2121 2128 2120
f 2130 2122 2123
f 2130 2123 2131
f 2115 2122 2114
f 2115 2123 2122
f 2148 2154 2153
f 2148 2153 2147
f 2128 2129 2131
f 2131 2129 2130
f 2131 2130 2122
f 2186 2160 2152
f 2160 2186 2161
f 2161 2186 2187
f 2187 2153 2161
f 2151 2105 2106
f 2151 2106 2152
f 2112 2120 2159
f 2159 2120 2170
f 2170 2120 2128
f 2112 2159 2113
f 2113 2159 2160
f 2166 2113 2160
f 2166 2121 2113
f 2166 2129 2121
f 2166 2121 2120
f 2166 2167 2129
f 2129 2167 2130
f 2167 2122 2123
f 2130 2167 2122
f 2167 2114 2122
f 2114 2167 2161
f 2114 2161 2115
f 2115 2161 2162
f 2171 2131 2123
f 2171 2123 2162
f 2162 2123 2115
f 2153 2107 2108
f 2153 2108 2154
f 2171 2170 2128
f 2171 2128 2131
f 2105 2145 2151
f 2186 2152 2146
f 2147 2153 2187
f 2153 2154 2162
f 2159 2151 2152
f 2153 2162 2161
f 2160 2159 2152
f 2161 2167 2166
f 2161 2166 2160
f 2154 2107 2153
f 2154 2108 2107
f 2108 2154 2148
f 2162 2115 2171
f 2171 2115 2131
f 2112 2159 2128
f 2128 2159 2170
f 2131 2115 2123
f 2131 2124 2132
f 2123 2124 2131
f 2127 2119 2128
f 2128 2119 2120
f 2128 2120 2112
f 2079 2061 2105
f 2105 2061 2056
f 2151 2159 2105
f 2105 2159 2112
f 2079 2105 2083
f 2083 2105 2112
f 2083 2112 2120
f 2083 2128 2088
f 2083 2120 2128
f 2041 2028 2024
f 2145 2105 2056
f 2145 2056 2041
f 2145 2041 2024
f 2016 2145 2024
f 2016 2017 2145
f 2145 2017 2146
f 2017 2186 2146
f 2186 2017 2187
f 2187 2017 2020
f 2147 2187 2020
f 2020 2021 2147
f 2147 2021 2148
f 2038 2148 2025
f 2025 2148 2021
f 2029 2042 2038
f 2038 2042 2148
f 2057 2108 2148
f 2057 2148 2042
f 2162 2154 2115
f 2115 2154 2108
f 2115 2108 2084
f 2123 2115 2084
f 2057 2062 2108
f 2108 2062 2080
f 2108 2080 2084
f 2084 2131 2123
f 2131 2084 2089
f 2190 2155 2163
f 2194 2168 2192
f 2116 2163 2168
f 2116 2168 2124
f 2190 2192 2155
f 2155 2192 2163
f 2124 2168 2132
f 2216 2194 2192
f 2192 2168 2163
f 2128 2131 2090
f 2131 2132 2090
f 2127 2128 2087
f 2087 2128 2090
f 2087 2090 2092
f 2092 2090 2093
f 2189 2158 2150
f 2213 2191 2215
f 2215 2191 2193
f 2119 2165 2158
f 2119 2158 2111
f 2119 2127 2165
f 2189 2150 2191
f 2191 2150 2158
f 2191 2158 2165
f 2191 2165 2193
f 2191 2213 2211
f 2191 2211 2189
f 2194 2216 2196
f 2172 2168 2196
f 2196 2168 2194
f 2132 2168 2172
f 2135 2093 2090
f 2255 2257 2237
f 2273 2257 2255
f 2235 2255 2237
f 2237 2239 2218
f 2218 2239 2220
f 2135 2090 2132
f 2135 2132 2172
f 2237 2218 2235
f 2174 2135 2172
f 2174 2172 2198
f 2198 2172 2196
f 2198 2196 2220
f 2220 2196 2218
f 2218 2196 2216
f 2218 2216 2235
f 2202 2178 2176
f 2202 2176 2200
f 2200 2198 2221
f 2221 2198 2220
f 2176 2137 2174
f 2176 2174 2198
f 2176 2198 2200
f 2174 2137 2135
f 2199 2175 2177
f 2199 2177 2201
f 2169 2165 2127
f 2165 2169 2195
f 2165 2195 2193
f 2193 2195 2215
f 2256 2254 2236
f 2236 2254 2234
f 2219 2197 2199
f 2175 2199 2173
f 2173 2199 2197
f 2087 2092 2134
f 2234 2215 2217
f 2134 2173 2169
f 2169 2173 2197
f 2169 2197 2195
f 2195 2197 2219
f 2195 2219 2217
f 2236 2234 2217
f 2169 2127 2134
f 2134 2127 2087
f 2217 2215 2195
f 2136 2175 2173
f 2136 2173 2134
f 2217 2219 2238
f 2217 2238 2236
f 2135 2175 2093
f 2093 2136 2134
f 2093 2134 2092
f 2175 2136 2093
f 2135 2137 2175
f 2175 2137 2176
f 2176 2178 2175
f 2175 2178 2202
f 2201 2177 2202
f 2202 2177 2175
f 2117 2116 2125
f 2125 2116 2124
f 2125 2124 2123
f 2164 2116 2117
f 2156 2190 2163
f 2156 2163 2164
f 2164 2163 2116
f 2110 2111 2157
f 2157 2111 2158
f 2157 2158 2150
f 2120 2119 2118
f 2111 2110 2119
f 2119 2110 2118
f 2126 2128 2118
f 2118 2128 2120
f 2128 2126 2088
f 2088 2126 2086
f 2082 2083 2088
f 2082 2088 2086
f 2056 2055 2041
f 2041 2055 2040
f 2041 2040 2027
f 2041 2027 2028
f 2055 2056 2054
f 2061 2060 2056
f 2056 2060 2054
f 2079 2078 2061
f 2061 2078 2060
f 2083 2078 2079
f 2083 2082 2078
f 2025 2021 2022
f 2025 2022 2026
f 2017 2018 2020
f 2020 2018 2019
f 2029 2026 2030
f 2028 2027 2023
f 2024 2023 2015
f 2024 2015 2016
f 2026 2029 2038
f 2026 2038 2025
f 2028 2023 2024
f 2063 2062 2057
f 2063 2057 2059
f 2063 2081 2062
f 2062 2081 2080
f 2085 2084 2081
f 2081 2084 2080
f 2059 2057 2058
f 2042 2043 2057
f 2057 2043 2058
f 2043 2042 2029
f 2043 2029 2030
f 2091 2089 2085
f 2085 2089 2084
f 2089 2091 2131
f 2131 2091 2133
f 2125 2123 2131
f 2125 2131 2133
f 2214 2216 2192
f 2253 2271 2273
f 2253 2273 2255
f 2253 2255 2233
f 2231 2233 2214
f 2231 2214 2212
f 2235 2216 2214
f 2212 2214 2192
f 2212 2192 2190
f 2253 2233 2251
f 2251 2233 2231
f 2255 2235 2233
f 2233 2235 2214
f 2269 2285 2287
f 2231 2251 2212
f 2271 2253 2251
f 2287 2271 2269
f 2269 2271 2251
f 2327 2313 2311
f 2275 2259 2258
f 2211 2230 2228
f 2081 2117 2125
f 2081 2125 2085
f 2085 2125 2133
f 2133 2091 2085
f 2155 2190 2156
f 2188 2190 2149
f 2149 2190 2155
f 2231 2212 2188
f 2188 2212 2190
f 2326 2323 2337
f 2331 2335 2336
f 2328 2333 2334
f 2324 2325 2318
f 2189 2211 2185
f 2150 2189 2144
f 2086 2126 2082
f 2126 2118 2082
f 2082 2118 2078
f 2078 2118 2110
f 2054 2060 2078
f 2040 2023 2027
f 2033 2019 2018
f 2017 2032 2018
f 2096 2066 2095
f 2095 2066 2065
f 2032 2031 2044
f 2051 2044 2050
f 2051 2050 2070
f 2046 2033 2045
f 2065 2045 2064
f 2064 2071 2101
f 2101 2071 2100
f 2017 2016 2032
f 2032 2016 2031
f 2037 2015 2023
f 2031 2016 2015
f 2050 2031 2037
f 2037 2031 2015
f 2055 2037 2040
f 2040 2037 2023
f 2070 2075 2104
f 2104 2075 2074
f 2071 2070 2064
f 2071 2064 2044
f 2044 2045 2032
f 2094 2138 2095
f 2095 2138 2139
f 2095 2139 2096
f 2096 2139 2140
f 2145 2138 2101
f 2101 2138 2094
f 2094 2095 2065
f 2065 2066 2046
f 2144 2145 2100
f 2100 2145 2101
f 2100 2101 2094
f 2064 2094 2065
f 2046 2045 2065
f 2094 2064 2101
f 2185 2209 2179
f 2179 2209 2203
f 2179 2203 2180
f 2180 2203 2204
f 2180 2139 2179
f 2179 2139 2138
f 2179 2138 2145
f 2179 2145 2185
f 2185 2145 2144
f 2033 2018 2032
f 2044 2051 2071
f 2071 2051 2070
f 2044 2031 2050
f 2055 2074 2075
f 2144 2189 2185
f 2157 2150 2104
f 2157 2104 2110
f 2110 2104 2074
f 2110 2074 2078
f 2078 2074 2055
f 2078 2055 2054
f 2185 2211 2228
f 2209 2228 2222
f 2209 2222 2203
f 2203 2222 2204
f 2204 2222 2223
f 2276 2277 2260
f 2291 2277 2276
f 2276 2260 2259
f 2275 2289 2290
f 2290 2291 2276
f 2275 2276 2259
f 2242 2223 2241
f 2241 2223 2222
f 2209 2185 2228
f 2228 2248 2240
f 2228 2240 2222
f 2222 2240 2241
f 2276 2275 2290
f 2289 2302 2303
f 2296 2289 2288
f 2296 2297 2289
f 2289 2297 2302
f 2297 2296 2309
f 2297 2309 2302
f 2319 2328 2329
f 2319 2318 2328
f 2329 2328 2334
f 2266 2248 2268
f 2268 2248 2250
f 2260 2242 2259
f 2259 2242 2241
f 2259 2241 2258
f 2258 2241 2240
f 2258 2240 2266
f 2266 2240 2248
f 2266 2248 2228
f 2248 2228 2250
f 2250 2228 2230
f 2268 2284 2266
f 2266 2284 2282
f 2266 2282 2274
f 2266 2274 2258
f 2258 2274 2275
f 2300 2308 2296
f 2308 2318 2309
f 2312 2324 2308
f 2308 2324 2318
f 2300 2312 2308
f 2318 2325 2332
f 2318 2332 2333
f 2318 2333 2328
f 2299 2283 2295
f 2299 2295 2294
f 2294 2307 2298
f 2298 2307 2310
f 2298 2310 2299
f 2299 2310 2311
f 2299 2311 2313
f 2299 2294 2298
f 2293 2306 2307
f 2261 2277 2278
f 2279 2278 2292
f 2279 2292 2293
f 2293 2292 2306
f 2291 2290 2304
f 2291 2304 2305
f 2306 2317 2323
f 2323 2317 2322
f 2306 2305 2317
f 2290 2303 2304
f 2305 2316 2317
f 2323 2322 2336
f 2323 2336 2337
f 2305 2304 2316
f 2322 2331 2336
f 2316 2321 2322
f 2322 2321 2331
f 2304 2303 2315
f 2316 2315 2321
f 2321 2330 2331
f 2303 2314 2315
f 2315 2320 2321
f 2321 2320 2330
f 2302 2318 2314
f 2315 2314 2320
f 2335 2330 2329
f 2318 2302 2309
f 2334 2335 2329
f 2318 2319 2314
f 2314 2319 2320
f 2320 2319 2329
f 2296 2308 2309
f 2303 2302 2314
f 2320 2329 2330
f 2331 2330 2335
f 2284 2300 2282
f 2282 2300 2296
f 2282 2296 2274
f 2274 2296 2288
f 2274 2288 2275
f 2275 2288 2289
f 2290 2289 2303
f 2304 2315 2316
f 2317 2316 2322
f 2326 2327 2323
f 2323 2327 2311
f 2323 2311 2310
f 2323 2310 2307
f 2323 2307 2306
f 2305 2306 2292
f 2305 2292 2291
f 2291 2292 2278
f 2291 2278 2277
f 2277 2261 2260
f 2260 2261 2243
f 2260 2243 2242
f 2242 2243 2224
f 2242 2224 2223
f 2223 2224 2205
f 2223 2205 2204
f 2204 2205 2181
f 2204 2181 2180
f 2180 2181 2140
f 2180 2140 2139
f 2109 2117 2081
f 2063 2059 2081
f 2081 2059 2077
f 2081 2077 2109
f 2043 2030 2039
f 2039 2030 2026
f 2058 2043 2039
f 2026 2022 2036
f 2076 2053 2073
f 2059 2058 2077
f 2077 2058 2076
f 2077 2076 2109
f 2109 2076 2073
f 2149 2109 2103
f 2103 2109 2073
f 2109 2155 2164
f 2109 2164 2117
f 2156 2164 2155
f 2313 2301 2299
f 2299 2301 2285
f 2299 2285 2283
f 2283 2285 2269
f 2283 2269 2267
f 2267 2269 2251
f 2267 2251 2249
f 2249 2251 2231
f 2249 2231 2229
f 2229 2231 2188
f 2022 2021 2036
f 2076 2058 2053
f 2053 2049 2052
f 2036 2021 2035
f 2021 2020 2035
f 2035 2048 2049
f 2035 2049 2036
f 2049 2069 2052
f 2073 2053 2052
f 2073 2052 2072
f 2072 2052 2069
f 2072 2069 2102
f 2102 2069 2099
f 2102 2099 2103
f 2068 2069 2048
f 2036 2049 2053
f 2036 2053 2039
f 2039 2053 2058
f 2155 2109 2149
f 2283 2267 2281
f 2283 2281 2295
f 2295 2281 2294
f 2035 2020 2019
f 2039 2026 2036
f 2019 2033 2034
f 2019 2034 2035
f 2070 2100 2071
f 2044 2064 2045
f 2032 2045 2033
f 2068 2047 2067
f 2068 2067 2098
f 2098 2067 2097
f 2047 2068 2048
f 2047 2048 2034
f 2102 2103 2073
f 2102 2073 2072
f 2099 2143 2148
f 2103 2102 2149
f 2229 2247 2249
f 2249 2247 2265
f 2149 2148 2184
f 2149 2184 2188
f 2188 2184 2208
f 2188 2208 2210
f 2210 2208 2227
f 2102 2099 2148
f 2102 2148 2149
f 2210 2227 2229
f 2229 2227 2246
f 2229 2246 2247
f 2247 2246 2264
f 2247 2264 2265
f 2098 2097 2142
f 2143 2142 2183
f 2143 2183 2184
f 2184 2183 2207
f 2184 2207 2208
f 2208 2207 2226
f 2208 2226 2227
f 2227 2226 2245
f 2227 2245 2246
f 2246 2245 2263
f 2246 2263 2264
f 2264 2263 2280
f 2293 2294 2280
f 2293 2280 2279
f 2279 2263 2262
f 2262 2263 2245
f 2262 2245 2244
f 2244 2245 2226
f 2244 2226 2225
f 2225 2226 2207
f 2225 2207 2206
f 2206 2207 2183
f 2206 2183 2182
f 2182 2183 2142
f 2182 2142 2141
f 2097 2141 2142
f 2263 2279 2280
f 2267 2249 2265
f 2267 2265 2280
f 2280 2265 2264
f 2184 2148 2143
f 2142 2143 2098
f 2098 2143 2099
f 2098 2099 2068
f 2068 2099 2069
f 2140 2141 2096
f 2096 2141 2097
f 2096 2097 2066
f 2066 2097 2067
f 2066 2067 2046
f 2046 2067 2047
f 2046 2047 2033
f 2033 2047 2034
f 2035 2034 2048
f 2049 2048 2069
f 2188 2210 2229
f 2281 2267 2280
f 2281 2280 2294
f 2307 2294 2293
f 2278 2279 2262
f 2278 2262 2261
f 2261 2262 2244
f 2261 2244 2243
f 2243 2244 2225
f 2243 2225 2224
f 2224 2225 2206
f 2224 2206 2205
f 2205 2206 2182
f 2205 2182 2181
f 2181 2182 2141
f 2181 2141 2140
f 2150 2144 2100
f 2150 2100 2104
f 2104 2100 2070
f 2075 2070 2050
f 2075 2050 2055
f 2055 2050 2037
f 2230 2211 2189
f 2215 2234 2232
f 2234 2252 2232
f 2232 2252 2250
f 2232 2250 2230
f 2284 2268 2286
f 2286 2268 2270
f 2234 2254 2252
f 2230 2211 2213
f 2230 2213 2232
f 2232 2213 2215
f 2254 2272 2252
f 2252 2272 2270
f 2252 2270 2268
f 2252 2268 2250
f 2497 2471 2362
f 2471 2383 2362
f 2493 2358 2359
f 2493 2359 2494
f 2361 2493 2496
f 2356 2491 2359
f 2359 2491 2494
f 2493 2361 2358
f 2496 2360 2361
f 2496 2495 2360
f 2360 2495 2497
f 2497 2362 2360
f 2423 2484 2406
f 2406 2484 2349
f 2484 2423 2479
f 2438 2461 2423
f 2423 2461 2479
f 2406 2344 2373
f 2406 2373 2388
f 2349 2344 2406
f 2438 2457 2461
f 2369 2388 2373
f 2438 2453 2457
f 2369 2365 2388
f 2488 2353 2348
f 2488 2348 2483
f 2349 2484 2348
f 2348 2484 2483
f 2352 2487 2356
f 2356 2487 2491
f 2487 2352 2353
f 2487 2353 2488
f 2378 2355 2354
f 2386 2389 2385
f 2352 2356 2351
f 2433 2434 2450
f 2416 2400 2417
f 2416 2417 2434
f 2416 2434 2433
f 2362 2383 2384
f 2388 2387 2364
f 2405 2406 2388
f 2419 2402 2401
f 2401 2402 2405
f 2405 2402 2406
f 2419 2418 2422
f 2419 2422 2423
f 2422 2438 2423
f 2452 2438 2437
f 2338 2342 2367
f 2342 2372 2367
f 2368 2339 2343
f 2353 2352 2348
f 2348 2352 2347
f 2343 2342 2339
f 2339 2342 2338
f 2339 2338 2368
f 2338 2367 2368
f 2352 2351 2347
f 2347 2351 2346
f 2347 2346 2342
f 2342 2346 2341
f 2346 2375 2371
f 2366 2389 2390
f 2375 2374 2371
f 2366 2371 2389
f 2390 2389 2386
f 2367 2371 2366
f 2363 2367 2386
f 2374 2370 2371
f 2370 2391 2392
f 2371 2370 2392
f 2371 2392 2389
f 2403 2404 2385
f 2385 2404 2386
f 2385 2389 2403
f 2403 2389 2408
f 2341 2346 2371
f 2367 2366 2390
f 2348 2347 2343
f 2343 2347 2342
f 2364 2368 2367
f 2364 2367 2363
f 2342 2341 2371
f 2342 2371 2372
f 2372 2371 2367
f 2386 2387 2363
f 2364 2363 2387
f 2367 2390 2386
f 2387 2405 2388
f 2425 2407 2424
f 2424 2407 2409
f 2424 2409 2426
f 2425 2424 2426
f 2439 2442 2459
f 2459 2442 2441
f 2459 2441 2458
f 2439 2425 2426
f 2439 2426 2441
f 2436 2420 2435
f 2435 2420 2425
f 2435 2425 2439
f 2409 2407 2408
f 2408 2425 2420
f 2454 2439 2459
f 2440 2436 2439
f 2440 2439 2454
f 2442 2439 2441
f 2436 2435 2439
f 2455 2473 2477
f 2482 2477 2481
f 2456 2455 2473
f 2482 2481 2486
f 2483 2482 2487
f 2483 2487 2488
f 2389 2391 2408
f 2404 2403 2421
f 2391 2409 2408
f 2403 2408 2420
f 2403 2420 2421
f 2463 2481 2459
f 2459 2481 2476
f 2459 2455 2454
f 2451 2436 2455
f 2459 2458 2462
f 2437 2436 2451
f 2452 2437 2451
f 2459 2462 2463
f 2392 2391 2389
f 2404 2421 2422
f 2422 2405 2404
f 2404 2405 2387
f 2404 2387 2386
f 2405 2422 2401
f 2401 2422 2418
f 2401 2418 2419
f 2422 2437 2438
f 2454 2455 2440
f 2440 2455 2436
f 2456 2473 2474
f 2474 2473 2477
f 2482 2486 2487
f 2474 2477 2478
f 2482 2483 2478
f 2478 2477 2482
f 2459 2460 2455
f 2476 2477 2459
f 2459 2477 2460
f 2451 2455 2452
f 2460 2477 2455
f 2455 2456 2452
f 2481 2477 2476
f 2408 2407 2425
f 2421 2420 2436
f 2421 2436 2437
f 2421 2437 2422
f 2468 2492 2489
f 2471 2472 2470
f 2489 2466 2468
f 2493 2490 2492
f 2495 2470 2472
f 2490 2466 2489
f 2490 2489 2492
f 2492 2468 2495
f 2495 2468 2470
f 2472 2497 2495
f 2495 2496 2493
f 2492 2495 2493
f 2493 2494 2490
f 2497 2472 2471
f 2361 2360 2358
f 2358 2360 2357
f 2433 2432 2416
f 2416 2432 2415
f 2383 2381 2382
f 2383 2382 2384
f 2384 2382 2362
f 2362 2382 2360
f 2471 2469 2450
f 2450 2469 2449
f 2450 2449 2433
f 2400 2416 2399
f 2400 2399 2383
f 2383 2399 2381
f 2382 2380 2360
f 2380 2378 2357
f 2354 2357 2378
f 2380 2357 2360
f 2470 2468 2467
f 2467 2468 2447
f 2447 2468 2448
f 2397 2398 2379
f 2379 2398 2380
f 2379 2380 2382
f 2468 2466 2448
f 2448 2466 2446
f 2430 2431 2413
f 2413 2431 2414
f 2398 2396 2380
f 2380 2396 2378
f 2396 2398 2397
f 2396 2397 2414
f 2414 2397 2415
f 2414 2415 2413
f 2413 2415 2430
f 2430 2415 2432
f 2430 2432 2431
f 2431 2432 2446
f 2446 2432 2447
f 2446 2447 2448
f 2469 2470 2467
f 2469 2467 2449
f 2449 2467 2447
f 2449 2447 2433
f 2433 2447 2432
f 2416 2415 2399
f 2399 2415 2397
f 2399 2397 2381
f 2381 2397 2379
f 2381 2379 2382
f 2357 2354 2355
f 2357 2355 2358
f 2466 2464 2446
f 2446 2464 2445
f 2446 2445 2429
f 2396 2412 2395
f 2396 2395 2378
f 2378 2395 2376
f 2494 2491 2490
f 2490 2485 2466
f 2466 2485 2465
f 2466 2465 2464
f 2445 2443 2429
f 2429 2443 2427
f 2429 2427 2412
f 2412 2427 2410
f 2412 2410 2395
f 2395 2410 2393
f 2376 2377 2378
f 2378 2377 2355
f 2355 2377 2350
f 2358 2355 2356
f 2358 2356 2359
f 2491 2486 2490
f 2490 2486 2485
f 2462 2444 2443
f 2443 2444 2427
f 2427 2444 2428
f 2427 2428 2410
f 2410 2428 2411
f 2410 2411 2393
f 2393 2411 2394
f 2393 2394 2374
f 2374 2394 2377
f 2355 2350 2356
f 2356 2350 2351
f 2491 2487 2486
f 2486 2481 2485
f 2485 2481 2480
f 2444 2462 2441
f 2394 2391 2374
f 2350 2345 2346
f 2350 2346 2351
f 2485 2480 2465
f 2465 2480 2462
f 2444 2441 2428
f 2428 2441 2426
f 2428 2426 2411
f 2411 2426 2409
f 2411 2409 2394
f 2394 2409 2391
f 2377 2374 2350
f 2350 2374 2345
f 2464 2465 2462
f 2464 2462 2445
f 2445 2462 2443
f 2395 2393 2376
f 2376 2393 2374
f 2376 2374 2377
f 2412 2396 2414
f 2412 2414 2429
f 2429 2414 2431
f 2429 2431 2446
f 2470 2469 2471
f 2480 2481 2463
f 2480 2463 2462
f 2462 2458 2441
f 2374 2391 2370
f 2345 2374 2375
f 2345 2375 2346
f 2452 2456 2457
f 2479 2478 2484
f 2484 2478 2483
f 2479 2457 2475
f 2475 2457 2456
f 2457 2453 2452
f 2453 2438 2437
f 2453 2437 2452
f 2479 2475 2456
f 2479 2456 2478
f 2478 2456 2474
f 2349 2348 2344
f 2344 2348 2343
f 2369 2344 2340
f 2406 2402 2423
f 2365 2364 2387
f 2365 2387 2388
f 2369 2368 2365
f 2365 2368 2364
f 2368 2369 2339
f 2339 2369 2340
f 2339 2340 2344
f 2339 2344 2343
f 2402 2419 2423
f 2369 2373 2344
f 2461 2457 2479
f 2383 2471 2450
f 2417 2400 2434
f 2434 2400 2383
f 2450 2434 2383
f 2574 2568 2571
f 2568 2574 2569
f 2569 2574 2575
f 2573 2570 2567
f 2573 2567 2572
f 2572 2567 2566
f 2567 2573 2566
f 2566 2573 2572
f 2567 2557 2556
f 2567 2556 2566
f 2557 2567 2568
f 2557 2568 2569
f 2526 2513 2542
f 2542 2513 2569
f 2568 2542 2569
f 2512 2525 2541
f 2512 2541 2566
f 2566 2541 2567
f 2567 2541 2568
f 2568 2541 2542
f 2513 2526 2512
f 2512 2526 2525
f 2569 2575 2568
f 2568 2575 2574
f 2500 2501 2512
f 2512 2501 2513
f 2556 2512 2566
f 2514 2500 2512
f 2501 2515 2513
f 2513 2557 2569
f 2569 2561 2575
f 2557 2545 2559
f 2557 2559 2569
f 2569 2559 2561
f 2505 2517 2501
f 2501 2517 2515
f 2545 2557 2529
f 2529 2557 2513
f 2513 2515 2529
f 2543 2557 2513
f 2569 2561 2557
f 2557 2561 2559
f 2513 2557 2545
f 2513 2545 2529
f 2513 2527 2543
f 2540 2556 2543
f 2543 2556 2557
f 2527 2526 2543
f 2525 2526 2527
f 2524 2540 2525
f 2540 2541 2525
f 2543 2542 2540
f 2542 2541 2540
f 2526 2542 2543
f 2505 2502 2501
f 2501 2502 2500
f 2501 2500 2499
f 2499 2500 2498
f 2499 2498 2513
f 2513 2498 2512
f 2513 2512 2527
f 2527 2512 2524
f 2527 2524 2525
f 2499 2513 2501
f 2556 2558 2566
f 2566 2558 2560
f 2566 2560 2572
f 2512 2556 2540
f 2528 2512 2514
f 2512 2528 2544
f 2512 2544 2556
f 2556 2544 2558
f 2514 2500 2516
f 2516 2500 2502
f 2540 2524 2512
f 2514 2516 2502
f 2502 2500 2514
f 2498 2500 2512
f 2501 2500 2505
f 2505 2500 2502
f 2504 2503 2502
f 2504 2502 2505
f 2502 2503 2505
f 2504 2505 2503
f 2507 2509 2505
f 2508 2506 2502
f 2550 2554 2549
f 2549 2554 2553
f 2554 2550 2538
f 2538 2550 2534
f 2533 2537 2538
f 2533 2538 2534
f 2549 2553 2537
f 2549 2537 2533
f 2578 2582 2579
f 2579 2582 2583
f 2582 2578 2577
f 2582 2577 2581
f 2576 2580 2581
f 2576 2581 2577
f 2565 2583 2582
f 2565 2582 2581
f 2565 2581 2564
f 2564 2581 2580
f 2552 2536 2553
f 2536 2537 2553
f 2537 2536 2538
f 2554 2538 2539
f 2553 2554 2555
f 2554 2539 2555
f 2565 2564 2555
f 2555 2564 2552
f 2555 2552 2553
f 2539 2538 2536
f 2539 2536 2523
f 2523 2536 2522
f 2523 2522 2511
f 2511 2522 2510
f 2580 2576 2577
f 2577 2581 2580
f 2578 2582 2581
f 2578 2581 2577
f 2582 2578 2583
f 2583 2578 2579
f 2523 2550 2583
f 2580 2549 2522
f 2522 2549 2533
f 2523 2534 2550
f 2583 2550 2582
f 2582 2550 2581
f 2581 2550 2549
f 2522 2533 2523
f 2523 2533 2534
f 2549 2580 2581
f 2522 2523 2510
f 2510 2523 2511
f 2510 2511 2508
f 2508 2511 2509
f 2523 2535 2539
f 2555 2539 2551
f 2551 2539 2535
f 2551 2565 2555
f 2522 2536 2532
f 2564 2548 2552
f 2552 2548 2532
f 2552 2532 2536
f 2508 2522 2510
f 2564 2580 2562
f 2562 2580 2576
f 2506 2518 2516
f 2506 2516 2502
f 2564 2562 2546
f 2564 2546 2548
f 2548 2546 2532
f 2532 2546 2530
f 2532 2530 2522
f 2522 2530 2520
f 2522 2520 2510
f 2510 2520 2508
f 2518 2506 2508
f 2518 2508 2520
f 2502 2516 2518
f 2502 2518 2508
f 2546 2580 2522
f 2546 2522 2530
f 2546 2562 2580
f 2508 2520 2522
f 2583 2579 2563
f 2547 2583 2563
f 2583 2547 2523
f 2523 2547 2531
f 2519 2509 2521
f 2509 2519 2505
f 2505 2519 2517
f 2509 2523 2521
f 2523 2531 2521
f 2531 2547 2535
f 2535 2547 2551
f 2551 2547 2565
f 2565 2547 2563
f 2565 2563 2583
f 2509 2507 2519
f 2519 2507 2517
f 2517 2507 2505
f 2521 2523 2511
f 2521 2511 2509
f 2531 2535 2523
f 2511 2523 2509
f 2830 2846 2831
f 2831 2846 2847
f 2850 2834 2851
f 2834 2816 2835
f 2834 2835 2851
f 2782 2783 2801
f 2836 2817 2837
f 2780 2781 2800
f 2780 2800 2799
f 2846 2848 2850
f 2834 2832 2830
f 2848 2846 2832
f 2832 2846 2830
f 2846 2850 2847
f 2847 2850 2851
f 2849 2833 2847
f 2847 2833 2831
f 2835 2833 2851
f 2851 2833 2849
f 2849 2847 2851
f 2831 2833 2832
f 2831 2832 2830
f 2601 2602 2608
f 2608 2602 2609
f 2608 2609 2601
f 2601 2609 2602
f 2631 2597 2635
f 2597 2604 2635
f 2635 2604 2605
f 2635 2605 2636
f 2587 2585 2611
f 2585 2604 2611
f 2643 2612 2611
f 2643 2611 2642
f 2642 2611 2618
f 2642 2618 2647
f 2586 2587 2610
f 2610 2587 2611
f 2646 2617 2641
f 2617 2610 2641
f 2641 2610 2609
f 2641 2609 2640
f 2584 2586 2603
f 2603 2586 2610
f 2633 2602 2603
f 2633 2603 2634
f 2603 2596 2634
f 2634 2596 2630
f 2584 2604 2585
f 2604 2584 2603
f 2623 2616 2617
f 2596 2597 2604
f 2596 2604 2603
f 2624 2623 2622
f 2626 2625 2618
f 2619 2626 2618
f 2620 2619 2612
f 2613 2620 2612
f 2606 2613 2605
f 2591 2592 2597
f 2597 2592 2598
f 2597 2596 2590
f 2597 2590 2591
f 2596 2589 2590
f 2615 2608 2601
f 2599 2606 2605
f 2599 2605 2598
f 2598 2605 2604
f 2613 2612 2605
f 2605 2612 2604
f 2604 2612 2611
f 2619 2611 2612
f 2619 2618 2611
f 2618 2617 2611
f 2611 2617 2610
f 2617 2624 2623
f 2625 2624 2617
f 2625 2617 2618
f 2616 2609 2610
f 2616 2610 2617
f 2608 2616 2615
f 2616 2608 2609
f 2609 2601 2610
f 2610 2601 2603
f 2594 2602 2601
f 2601 2602 2603
f 2615 2616 2617
f 2595 2589 2596
f 2594 2595 2596
f 2594 2596 2602
f 2602 2596 2603
f 2598 2604 2597
f 2685 2663 2666
f 2728 2743 2744
f 2725 2738 2722
f 2725 2740 2738
f 2740 2725 2739
f 2724 2760 2725
f 2725 2760 2739
f 2745 2766 2724
f 2724 2766 2760
f 2745 2788 2766
f 2744 2787 2745
f 2745 2787 2788
f 2764 2786 2743
f 2787 2744 2786
f 2786 2744 2743
f 2675 2676 2652
f 2624 2674 2625
f 2625 2674 2675
f 2625 2675 2652
f 2625 2652 2626
f 2626 2652 2648
f 2626 2648 2619
f 2649 2620 2619
f 2620 2649 2670
f 2620 2649 2644
f 2620 2644 2613
f 2663 2637 2644
f 2613 2644 2637
f 2613 2637 2606
f 2685 2688 2706
f 2720 2704 2706
f 2706 2704 2685
f 2692 2709 2688
f 2688 2709 2706
f 2710 2728 2711
f 2711 2728 2744
f 2722 2720 2706
f 2722 2706 2725
f 2725 2706 2709
f 2725 2709 2692
f 2725 2692 2724
f 2724 2692 2691
f 2724 2691 2708
f 2724 2708 2745
f 2745 2708 2712
f 2745 2712 2744
f 2744 2712 2711
f 2669 2648 2676
f 2676 2648 2652
f 2666 2663 2644
f 2666 2644 2670
f 2670 2644 2649
f 2692 2670 2669
f 2669 2670 2649
f 2669 2649 2648
f 2648 2649 2619
f 2674 2710 2675
f 2675 2710 2711
f 2675 2711 2676
f 2676 2711 2712
f 2676 2712 2669
f 2669 2712 2708
f 2669 2708 2692
f 2692 2708 2691
f 2692 2691 2670
f 2670 2692 2666
f 2666 2692 2688
f 2666 2688 2685
f 2762 2741 2742
f 2763 2785 2762
f 2763 2742 2743
f 2763 2743 2764
f 2762 2742 2763
f 2674 2624 2651
f 2673 2623 2624
f 2673 2624 2674
f 2650 2622 2623
f 2650 2623 2672
f 2672 2623 2673
f 2742 2741 2726
f 2693 2694 2726
f 2726 2694 2742
f 2710 2743 2695
f 2695 2743 2694
f 2694 2673 2674
f 2694 2674 2695
f 2693 2672 2694
f 2694 2672 2673
f 2743 2742 2694
f 2668 2615 2672
f 2672 2615 2622
f 2668 2645 2615
f 2798 2779 2758
f 2802 2798 2758
f 2784 2802 2762
f 2762 2802 2758
f 2785 2784 2762
f 2622 2650 2672
f 2723 2707 2668
f 2723 2668 2726
f 2726 2668 2672
f 2726 2672 2693
f 2758 2723 2762
f 2762 2723 2726
f 2762 2726 2741
f 2690 2668 2707
f 2639 2615 2645
f 2639 2608 2615
f 2608 2639 2665
f 2665 2687 2705
f 2668 2690 2687
f 2687 2690 2707
f 2687 2707 2721
f 2687 2639 2668
f 2668 2639 2645
f 2665 2639 2687
f 2798 2797 2779
f 2779 2797 2777
f 2779 2777 2756
f 2779 2756 2758
f 2707 2723 2721
f 2721 2723 2758
f 2756 2721 2758
f 2777 2797 2756
f 2721 2705 2687
f 2739 2745 2740
f 2739 2766 2745
f 2788 2787 2766
f 2766 2787 2765
f 2765 2787 2764
f 2787 2786 2764
f 2786 2785 2764
f 2764 2785 2763
f 2785 2803 2802
f 2785 2802 2784
f 2695 2674 2675
f 2607 2667 2614
f 2614 2667 2671
f 2614 2671 2621
f 2621 2671 2670
f 2621 2670 2620
f 2676 2626 2670
f 2670 2626 2620
f 2626 2676 2625
f 2625 2676 2675
f 2675 2674 2651
f 2675 2651 2625
f 2625 2651 2624
f 2711 2765 2764
f 2764 2743 2711
f 2711 2743 2710
f 2711 2710 2695
f 2712 2766 2711
f 2711 2766 2765
f 2766 2712 2745
f 2729 2725 2740
f 2729 2740 2745
f 2704 2706 2686
f 2686 2706 2689
f 2686 2689 2664
f 2607 2638 2667
f 2667 2638 2664
f 2745 2712 2729
f 2729 2712 2696
f 2729 2696 2725
f 2725 2696 2692
f 2689 2706 2688
f 2688 2706 2692
f 2692 2706 2725
f 2675 2711 2695
f 2664 2689 2667
f 2667 2689 2688
f 2667 2688 2671
f 2671 2688 2692
f 2671 2692 2670
f 2670 2692 2696
f 2670 2696 2676
f 2676 2696 2712
f 2599 2593 2592
f 2659 2682 2700
f 2700 2682 2716
f 2716 2734 2751
f 2632 2629 2594
f 2632 2594 2601
f 2678 2677 2713
f 2730 2731 2713
f 2588 2653 2654
f 2588 2654 2589
f 2655 2590 2589
f 2655 2589 2654
f 2679 2732 2697
f 2678 2654 2653
f 2678 2653 2677
f 2654 2678 2655
f 2655 2678 2679
f 2678 2731 2679
f 2679 2731 2732
f 2713 2731 2678
f 2767 2768 2746
f 2789 2767 2746
f 2792 2789 2751
f 2751 2789 2746
f 2772 2792 2751
f 2700 2716 2659
f 2594 2629 2659
f 2594 2659 2653
f 2594 2653 2588
f 2659 2716 2653
f 2653 2716 2713
f 2653 2713 2677
f 2716 2751 2713
f 2713 2751 2746
f 2713 2746 2730
f 2746 2747 2730
f 2747 2731 2730
f 2748 2732 2747
f 2747 2732 2731
f 2746 2768 2747
f 2698 2697 2732
f 2698 2732 2748
f 2656 2655 2679
f 2590 2655 2656
f 2656 2591 2590
f 2592 2591 2656
f 2656 2657 2592
f 2658 2599 2657
f 2657 2599 2592
f 2599 2658 2660
f 2599 2660 2600
f 2600 2660 2661
f 2600 2661 2607
f 2607 2661 2664
f 2607 2664 2638
f 2704 2718 2720
f 2733 2718 2715
f 2699 2733 2715
f 2733 2699 2750
f 2750 2699 2698
f 2750 2698 2749
f 2718 2683 2715
f 2715 2683 2681
f 2715 2681 2699
f 2704 2686 2685
f 2704 2685 2718
f 2718 2685 2683
f 2748 2749 2698
f 2698 2656 2679
f 2698 2679 2697
f 2656 2698 2657
f 2657 2698 2699
f 2657 2699 2658
f 2658 2699 2681
f 2658 2681 2660
f 2660 2681 2683
f 2660 2683 2661
f 2661 2683 2664
f 2664 2683 2685
f 2664 2685 2686
f 2662 2684 2632
f 2659 2684 2682
f 2659 2629 2632
f 2659 2632 2684
f 2718 2736 2737
f 2718 2737 2720
f 2733 2750 2736
f 2770 2771 2750
f 2750 2749 2770
f 2769 2770 2749
f 2790 2767 2789
f 2767 2790 2768
f 2684 2703 2719
f 2795 2792 2772
f 2795 2772 2776
f 2772 2754 2776
f 2776 2754 2795
f 2684 2719 2716
f 2684 2716 2682
f 2772 2751 2754
f 2754 2751 2734
f 2719 2754 2734
f 2719 2734 2716
f 2769 2749 2748
f 2748 2747 2769
f 2769 2747 2768
f 2718 2733 2736
f 2632 2601 2662
f 2684 2662 2703
f 2751 2792 2795
f 2795 2754 2751
f 2731 2747 2746
f 2746 2747 2790
f 2746 2790 2789
f 2678 2714 2713
f 2629 2594 2588
f 2629 2588 2628
f 2719 2703 2662
f 2653 2678 2713
f 2653 2713 2659
f 2713 2716 2659
f 2659 2629 2628
f 2659 2628 2653
f 2653 2628 2654
f 2719 2662 2716
f 2716 2662 2659
f 2662 2632 2659
f 2751 2754 2719
f 2751 2719 2716
f 2751 2716 2746
f 2746 2716 2713
f 2746 2713 2731
f 2731 2713 2714
f 2607 2606 2600
f 2600 2606 2599
f 2598 2592 2599
f 2626 2627 2620
f 2614 2621 2620
f 2606 2607 2613
f 2613 2607 2614
f 2620 2613 2614
f 2619 2620 2626
f 2797 2798 2756
f 2727 2726 2742
f 2762 2802 2803
f 2762 2803 2763
f 2756 2798 2758
f 2705 2721 2665
f 2650 2622 2615
f 2650 2615 2645
f 2665 2668 2639
f 2727 2694 2726
f 2726 2694 2672
f 2726 2672 2723
f 2723 2672 2668
f 2672 2673 2650
f 2672 2650 2668
f 2668 2650 2645
f 2665 2721 2668
f 2668 2721 2723
f 2721 2756 2723
f 2723 2756 2758
f 2723 2758 2726
f 2726 2758 2762
f 2726 2762 2742
f 2813 2812 2796
f 2796 2812 2795
f 2803 2798 2802
f 2764 2786 2765
f 2765 2786 2787
f 2803 2802 2818
f 2803 2818 2819
f 2818 2802 2798
f 2798 2815 2818
f 2736 2701 2702
f 2735 2717 2736
f 2701 2736 2717
f 2735 2752 2775
f 2616 2625 2624
f 2589 2590 2595
f 2595 2590 2591
f 2616 2624 2623
f 2622 2615 2616
f 2622 2616 2623
f 2599 2606 2620
f 2620 2606 2613
f 2619 2626 2616
f 2616 2626 2625
f 2594 2588 2595
f 2595 2588 2589
f 2595 2591 2592
f 2595 2592 2598
f 2809 2792 2812
f 2812 2792 2795
f 2805 2789 2809
f 2809 2789 2792
f 2789 2805 2806
f 2789 2806 2790
f 2795 2797 2812
f 2812 2797 2814
f 2798 2815 2797
f 2797 2815 2814
f 2797 2795 2756
f 2756 2795 2754
f 2756 2754 2721
f 2721 2754 2719
f 2721 2719 2705
f 2705 2719 2684
f 2705 2684 2665
f 2665 2684 2662
f 2665 2662 2632
f 2665 2632 2639
f 2639 2632 2601
f 2639 2601 2608
f 2722 2720 2738
f 2761 2739 2740
f 2761 2760 2739
f 2735 2752 2753
f 2735 2753 2736
f 2738 2720 2737
f 2755 2738 2737
f 2740 2757 2761
f 2750 2771 2775
f 2740 2738 2757
f 2757 2738 2755
f 2755 2737 2736
f 2750 2775 2752
f 2755 2736 2752
f 2752 2736 2753
f 2757 2760 2761
f 2783 2766 2760
f 2766 2783 2788
f 2813 2809 2812
f 2806 2805 2810
f 2810 2805 2813
f 2813 2805 2809
f 2814 2795 2812
f 2798 2795 2815
f 2815 2795 2814
f 2752 2736 2735
f 2752 2735 2750
f 2760 2739 2766
f 2820 2804 2821
f 2787 2788 2820
f 2820 2788 2804
f 2820 2786 2787
f 2820 2803 2786
f 2820 2819 2803
f 2839 2838 2820
f 2820 2838 2819
f 2820 2840 2839
f 2820 2841 2840
f 2820 2821 2841
f 2803 2785 2786
f 2819 2799 2803
f 2819 2816 2799
f 2838 2834 2819
f 2819 2834 2816
f 2839 2835 2834
f 2839 2834 2838
f 2835 2839 2851
f 2851 2839 2853
f 2851 2853 2854
f 2851 2854 2852
f 2852 2854 2840
f 2852 2840 2836
f 2836 2840 2837
f 2837 2840 2841
f 2837 2841 2821
f 2837 2821 2817
f 2817 2821 2801
f 2801 2821 2804
f 2801 2804 2783
f 2783 2804 2788
f 2787 2783 2788
f 2787 2782 2783
f 2803 2799 2780
f 2803 2780 2785
f 2785 2780 2781
f 2785 2781 2786
f 2786 2781 2782
f 2786 2782 2787
f 2853 2839 2840
f 2853 2840 2854
f 2755 2752 2757
f 2757 2752 2775
f 2757 2775 2778
f 2757 2778 2760
f 2760 2778 2783
f 2782 2759 2783
f 2760 2783 2759
f 2783 2778 2775
f 2783 2775 2801
f 2801 2775 2794
f 2811 2817 2794
f 2794 2817 2801
f 2829 2837 2811
f 2811 2837 2817
f 2845 2852 2828
f 2828 2852 2836
f 2828 2836 2829
f 2829 2836 2837
f 2827 2835 2844
f 2844 2835 2851
f 2844 2851 2845
f 2845 2851 2852
f 2826 2834 2827
f 2827 2834 2835
f 2810 2816 2826
f 2826 2816 2834
f 2793 2799 2810
f 2810 2799 2816
f 2774 2770 2775
f 2775 2770 2771
f 2775 2771 2791
f 2775 2791 2794
f 2794 2791 2808
f 2794 2808 2811
f 2811 2808 2825
f 2811 2825 2829
f 2829 2825 2824
f 2829 2824 2828
f 2828 2824 2843
f 2828 2843 2845
f 2845 2843 2842
f 2845 2842 2844
f 2844 2842 2823
f 2844 2823 2827
f 2827 2823 2822
f 2827 2822 2826
f 2826 2822 2806
f 2826 2806 2810
f 2810 2806 2790
f 2810 2790 2793
f 2843 2824 2823
f 2843 2823 2842
f 2793 2790 2768
f 2793 2768 2773
f 2749 2680 2768
f 2768 2680 2679
f 2768 2679 2678
f 2768 2769 2749
f 2825 2808 2824
f 2823 2806 2822
f 2769 2768 2790
f 2770 2791 2771
f 2807 2790 2806
f 2769 2790 2807
f 2807 2770 2769
f 2791 2770 2807
f 2807 2808 2791
f 2824 2808 2807
f 2807 2823 2824
f 2806 2823 2807
f 2616 2601 2619
f 2619 2601 2594
f 2594 2595 2619
f 2619 2595 2598
f 2616 2615 2601
f 2620 2619 2599
f 2599 2619 2598
f 3063 3062 3061
f 3061 3062 3056
f 3061 3056 3055
f 3055 3056 3054
f 3055 3054 3049
f 3049 3054 3040
f 3049 3040 3036
f 3036 3040 3013
f 3036 3013 3009
f 3009 3013 3018
f 3009 3018 3014
f 3014 3018 3019
f 3019 3018 3023
f 3019 3023 3029
f 3019 3029 3024
f 3024 3029 3044
f 3024 3044 3043
f 3043 3044 3060
f 3043 3060 3059
f 3059 3060 3058
f 3059 3058 3057
f 3057 3058 3064
f 3057 3064 3063
f 3063 3064 3062
f 3018 3041 3023
f 3041 3044 3029
f 3041 3029 3023
f 3041 3060 3044
f 3041 3058 3060
f 3062 3064 3041
f 3041 3064 3058
f 3056 3062 3041
f 3041 3054 3056
f 3041 3040 3054
f 3018 3013 3041
f 3041 3013 3040
f 3019 3042 3014
f 3042 3036 3009
f 3042 3009 3014
f 3042 3049 3036
f 3042 3055 3049
f 3063 3061 3042
f 3042 3061 3055
f 3057 3063 3042
f 3042 3059 3057
f 3042 3043 3059
f 3019 3024 3042
f 3042 3024 3043
f 2889 2912 2911
f 2911 2888 2889
f 2889 2907 2912
f 2858 2864 2863
f 2864 2858 2859
f 2864 2859 2860
f 2864 2860 2865
f 2907 2908 2889
f 2890 2889 2908
f 3012 3039 3013
f 3013 3039 3040
f 2992 3018 2996
f 2996 3018 3023
f 3000 3028 3004
f 3004 3028 3027
f 3004 3027 3031
f 3004 3031 3003
f 3054 3040 3053
f 3040 3039 3053
f 3053 3039 3035
f 3053 3035 3048
f 3048 3035 3047
f 3047 3035 3034
f 3034 3007 2983
f 2858 2869 2870
f 2858 2870 2859
f 2859 2870 2860
f 2870 2871 2860
f 2873 2865 2860
f 2873 2860 2871
f 2883 2902 2885
f 2885 2902 2904
f 2890 2908 2907
f 2890 2907 2889
f 2933 2911 2912
f 2933 2912 2934
f 2996 2995 2992
f 2992 2995 2991
f 2992 2991 3018
f 3018 2991 3017
f 3023 3022 2995
f 3023 2995 2996
f 3000 3004 2999
f 3003 2999 3004
f 3012 3013 3017
f 3017 3013 3018
f 3013 3040 3011
f 3011 3040 3038
f 3018 3013 3016
f 3016 3013 3011
f 3018 3016 3023
f 3023 3016 3021
f 3021 3022 3023
f 3022 3021 3027
f 3022 3027 3028
f 3028 3027 3031
f 3053 3048 3051
f 3051 3048 3047
f 3052 3054 3053
f 3052 3053 3051
f 3052 3038 3054
f 3054 3038 3040
f 2899 2900 2881
f 2962 2984 2987
f 2962 2987 2965
f 2961 2983 2962
f 2962 2983 2984
f 2878 2870 2877
f 2877 2870 2869
f 2871 2870 2878
f 2879 2871 2878
f 2879 2873 2871
f 2920 2881 2900
f 2883 2881 2920
f 2922 2883 2920
f 2922 2902 2883
f 2926 2902 2922
f 2885 2904 2926
f 2926 2904 2902
f 2925 2885 2926
f 2890 2885 2925
f 2890 2929 2889
f 2929 2890 2925
f 2929 2907 2889
f 2934 2912 2929
f 2929 2912 2907
f 3000 3022 3028
f 2969 2991 2995
f 2969 2995 2973
f 2965 2987 2969
f 2969 2987 2991
f 2920 2900 2919
f 2941 2920 2919
f 2941 2919 2938
f 2919 2900 2899
f 2899 2895 2916
f 2915 2937 2916
f 2916 2937 2938
f 2916 2895 2915
f 2915 2895 2894
f 2919 2899 2916
f 2919 2916 2938
f 2877 2894 2878
f 2878 2894 2895
f 2878 2895 2899
f 2878 2899 2879
f 2879 2899 2881
f 2879 2881 2873
f 2953 2958 2929
f 2953 2929 2949
f 2920 2941 2942
f 2920 2942 2922
f 2922 2942 2946
f 2922 2946 2945
f 2922 2945 2925
f 2925 2945 2949
f 2925 2949 2929
f 2957 2933 2958
f 2958 2933 2934
f 2958 2934 2929
f 2925 2926 2922
f 2976 3000 2980
f 2980 3000 2979
f 2979 3000 2999
f 2979 2999 3003
f 2976 2973 3000
f 2973 2995 3000
f 3000 2995 3022
f 2979 2957 2980
f 2980 2957 2958
f 2980 2958 2976
f 2976 2958 2953
f 2976 2953 2973
f 2973 2953 2949
f 2973 2949 2995
f 2937 2961 2938
f 2938 2961 2962
f 2938 2962 2941
f 2941 2962 2965
f 2941 2965 2942
f 2942 2965 2946
f 2946 2965 2969
f 2946 2969 2945
f 2945 2969 2949
f 2949 2969 2973
f 2877 2869 2894
f 3017 2991 2987
f 3012 3017 2987
f 2983 3007 3008
f 3012 2987 3008
f 3008 2987 2984
f 3008 2984 2983
f 3039 3012 3035
f 3035 3012 3008
f 3035 3008 3034
f 3034 3008 3007
f 2911 2910 2888
f 2910 2909 2888
f 2888 2909 2887
f 2887 2909 2906
f 2856 2857 2862
f 2862 2857 2863
f 2863 2857 2858
f 2862 2861 2855
f 2862 2855 2856
f 2905 2906 2886
f 2886 2906 2887
f 3037 3010 3036
f 3036 3010 3009
f 3045 3032 3050
f 3050 3032 3037
f 3032 3045 3046
f 3032 3046 3033
f 3034 3006 3033
f 3034 3033 3047
f 3047 3033 3046
f 3006 3034 2982
f 2982 3034 2983
f 2982 2983 2961
f 2982 2961 2960
f 2960 2961 2937
f 2960 2937 2936
f 2869 2893 2894
f 2894 2893 2914
f 2894 2914 2915
f 2915 2914 2937
f 2937 2914 2936
f 2869 2868 2893
f 2868 2857 2856
f 2868 2856 2867
f 2855 2866 2867
f 2855 2867 2856
f 2901 2882 2884
f 2884 2903 2901
f 2910 2932 2909
f 2909 2932 2931
f 2932 2910 2911
f 2932 2911 2933
f 2866 2855 2861
f 2866 2861 2872
f 2857 2868 2869
f 2857 2869 2858
f 3050 3037 3036
f 3050 3036 3049
f 2993 3019 3014
f 2993 3014 2989
f 3025 2997 3001
f 3025 3001 3026
f 3026 3001 3030
f 3030 3001 3002
f 3002 3003 3030
f 3030 3003 3031
f 3009 3010 3014
f 3014 3010 3015
f 3014 3015 2989
f 3015 2990 2989
f 2989 2990 2993
f 2990 2994 2993
f 2993 2994 3019
f 3019 2994 3020
f 3001 2997 2998
f 3001 2998 3002
f 3002 2998 3003
f 3003 2998 2999
f 3036 3009 3011
f 3025 3026 3027
f 3025 3027 3020
f 3020 3027 3021
f 3021 3019 3020
f 3016 3014 3021
f 3021 3014 3019
f 3011 3009 3016
f 3016 3009 3014
f 3038 3036 3011
f 3026 3030 3027
f 3027 3030 3031
f 3050 3049 3052
f 3051 3047 3046
f 3051 3046 3045
f 3045 3050 3051
f 3051 3050 3052
f 3038 3052 3049
f 3036 3038 3049
f 2957 2979 2978
f 2990 2968 2994
f 2994 2968 2972
f 2997 3020 2994
f 3003 3002 2979
f 2928 2906 2909
f 2928 2909 2931
f 2887 2906 2928
f 2928 2886 2887
f 2886 2928 2924
f 2886 2924 2884
f 2884 2924 2923
f 2903 2884 2923
f 2921 2901 2923
f 2923 2901 2903
f 2880 2882 2897
f 2897 2882 2901
f 2866 2872 2874
f 2874 2872 2880
f 2875 2866 2874
f 2867 2866 2875
f 2876 2868 2867
f 2982 2960 2959
f 2959 2981 2982
f 2964 2986 2959
f 2959 2986 2981
f 2955 2952 2928
f 2948 2928 2952
f 2933 2957 2932
f 2932 2957 2956
f 2932 2956 2931
f 2931 2956 2955
f 2931 2955 2928
f 2948 2924 2928
f 2923 2924 2948
f 2923 2948 2921
f 2921 2948 2944
f 2939 2917 2943
f 2943 2917 2921
f 2943 2921 2944
f 2917 2939 2940
f 2917 2940 2918
f 2918 2940 2913
f 2913 2940 2935
f 2917 2897 2921
f 2921 2897 2901
f 2918 2897 2917
f 2892 2875 2898
f 2898 2875 2874
f 2898 2874 2880
f 2898 2880 2897
f 2867 2875 2876
f 2876 2875 2892
f 2876 2892 2893
f 2893 2892 2913
f 2893 2913 2914
f 2914 2913 2935
f 2914 2935 2936
f 2913 2892 2918
f 2918 2892 2898
f 2918 2898 2897
f 2960 2936 2959
f 2959 2936 2935
f 2959 2935 2964
f 2964 2935 2940
f 2964 2940 2939
f 2979 3002 2978
f 2978 3002 2998
f 2978 2998 2977
f 2977 2998 2997
f 2977 2997 2975
f 2994 2972 2997
f 2956 2957 2978
f 2956 2978 2955
f 2955 2978 2977
f 2955 2977 2952
f 2952 2977 2975
f 2952 2975 2948
f 3025 3020 2997
f 2975 2997 2972
f 2975 2972 2948
f 2948 2972 2944
f 2944 2972 2968
f 2944 2968 2943
f 2943 2968 2990
f 2943 2990 2939
f 2939 2990 2986
f 2939 2986 2964
f 2868 2876 2893
f 2986 3015 3010
f 2990 3015 2986
f 3006 2982 2981
f 2986 3010 2981
f 2981 3010 3005
f 2981 3005 3006
f 3010 3037 3005
f 3005 3037 3032
f 3005 3032 3006
f 3006 3032 3033
f 2886 2885 2890
f 2890 2889 2888
f 2890 2888 2886
f 2886 2888 2887
f 2861 2862 2872
f 2872 2862 2863
f 2864 2865 2873
f 2864 2873 2863
f 2863 2873 2872
f 2881 2880 2873
f 2873 2880 2872
f 2883 2882 2880
f 2883 2880 2881
f 2885 2884 2883
f 2883 2884 2882
f 2884 2885 2886
f 2966 2987 2988
f 2987 2966 2965
f 2965 2984 2987
f 2926 2904 2922
f 2922 2904 2902
f 2926 2890 2885
f 2907 2908 2929
f 2929 2908 2930
f 2930 2908 2890
f 2996 2974 2992
f 2992 2974 2970
f 2966 2988 2970
f 2970 2988 2992
f 2984 2965 2962
f 2962 2965 2938
f 2916 2941 2920
f 2896 2916 2900
f 2900 2916 2920
f 2879 2896 2881
f 2881 2896 2900
f 2878 2895 2879
f 2957 2933 2934
f 2957 2934 2958
f 2922 2946 2926
f 2926 2946 2950
f 3003 2979 3004
f 3004 2979 2980
f 3004 2980 3000
f 2930 2926 2950
f 2930 2950 2954
f 2954 2950 2974
f 2954 2974 2976
f 2976 2974 3000
f 2926 2930 2890
f 2976 2953 2954
f 2954 2953 2929
f 2954 2929 2930
f 2879 2895 2896
f 2896 2895 2916
f 2916 2938 2941
f 2941 2938 2965
f 2942 2965 2966
f 2942 2966 2946
f 2946 2966 2970
f 2946 2970 2950
f 2950 2970 2974
f 2950 2974 2996
f 2974 2996 3000
f 3000 2996 3023
f 3000 3023 3022
f 2988 3013 3018
f 2988 3018 2992
f 3013 2988 3012
f 3012 2988 2987
f 3012 2987 2984
f 3012 2984 3008
f 3008 2984 3007
f 3007 2984 2983
f 2971 2993 2967
f 2967 2993 2989
f 2997 3020 2993
f 2993 3020 3019
f 2928 2905 2906
f 2927 2886 2928
f 2928 2886 2905
f 2923 2884 2927
f 2927 2884 2886
f 2874 2866 2880
f 2880 2866 2872
f 2964 2986 2981
f 2964 2981 2959
f 2963 2986 2964
f 2963 2985 2986
f 2956 2932 2933
f 2933 2957 2956
f 2947 2923 2951
f 2951 2923 2927
f 2951 2927 2952
f 2952 2927 2928
f 2943 2921 2947
f 2947 2921 2923
f 2940 2913 2917
f 2913 2892 2891
f 2913 2891 2917
f 2917 2891 2897
f 2892 2875 2874
f 2892 2874 2891
f 2891 2874 2897
f 2897 2874 2880
f 2964 2940 2963
f 2963 2940 2939
f 2978 3002 2977
f 2977 3002 3001
f 2977 3001 2975
f 2975 3001 2997
f 2975 2997 2971
f 2971 2997 2993
f 2952 2975 2951
f 2951 2975 2971
f 2951 2971 2947
f 2947 2971 2943
f 2943 2971 2967
f 2943 2967 2989
f 2943 2989 2939
f 2939 2989 2985
f 2939 2985 2963
f 3014 3009 2985
f 2985 2989 3014
f 3009 3010 3037
f 2985 3009 2986
f 2986 3009 3010
f 2981 3005 2982
f 2982 3005 3006
f 3179 3177 3178
f 3179 3178 3202
f 3202 3201 3176
f 3202 3176 3179
f 3179 3180 3177
f 3201 3202 3223
f 3223 3202 3224
f 3223 3224 3241
f 3241 3224 3242
f 3241 3242 3259
f 3259 3275 3274
f 3274 3258 3259
f 3259 3258 3241
f 3291 3290 3273
f 3273 3290 3272
f 3272 3274 3273
f 3273 3274 3275
f 3301 3300 3285
f 3285 3300 3284
f 3282 3283 3298
f 3298 3283 3299
f 3283 3282 3266
f 3283 3266 3267
f 3300 3313 3299
f 3299 3321 3320
f 3299 3320 3316
f 3299 3319 3323
f 3323 3322 3299
f 3299 3316 3311
f 3285 3284 3268
f 3285 3268 3269
f 3313 3312 3299
f 3299 3312 3319
f 3299 3322 3321
f 3311 3310 3299
f 3217 3218 3236
f 3217 3236 3235
f 3251 3267 3266
f 3269 3268 3252
f 3269 3252 3253
f 3253 3252 3235
f 3253 3235 3236
f 3266 3250 3251
f 3251 3250 3234
f 3234 3250 3233
f 3234 3233 3212
f 3212 3233 3211
f 3302 3303 3300
f 3302 3300 3299
f 3303 3302 3288
f 3288 3302 3287
f 3288 3287 3289
f 3289 3287 3291
f 3291 3287 3286
f 3291 3286 3290
f 3183 3191 3190
f 3183 3190 3182
f 3160 3159 3151
f 3152 3160 3151
f 3153 3154 3161
f 3161 3154 3162
f 3186 3187 3193
f 3186 3193 3192
f 3182 3102 3183
f 3183 3102 3103
f 3183 3103 3191
f 3191 3103 3111
f 3191 3111 3190
f 3190 3111 3110
f 3190 3110 3182
f 3182 3110 3102
f 3191 3151 3183
f 3214 3152 3191
f 3191 3152 3151
f 3214 3160 3152
f 3214 3215 3160
f 3160 3215 3161
f 3215 3153 3161
f 3192 3154 3215
f 3215 3154 3153
f 3186 3154 3192
f 3186 3106 3187
f 3187 3106 3107
f 3187 3107 3193
f 3193 3107 3113
f 3193 3113 3192
f 3192 3113 3112
f 3192 3112 3186
f 3186 3112 3106
f 3155 3154 3112
f 3155 3112 3113
f 3162 3159 3161
f 3161 3159 3160
f 3111 3151 3150
f 3111 3150 3110
f 3116 3123 3122
f 3117 3123 3116
f 3118 3119 3125
f 3124 3118 3125
f 3168 3124 3169
f 3169 3124 3125
f 3166 3122 3167
f 3167 3122 3123
f 3151 3111 3103
f 3151 3103 3183
f 3191 3183 3205
f 3213 3191 3205
f 3214 3191 3213
f 3214 3213 3206
f 3206 3213 3205
f 3184 3206 3205
f 3183 3184 3205
f 3184 3185 3206
f 3206 3185 3207
f 3206 3207 3214
f 3214 3207 3215
f 3192 3215 3216
f 3216 3215 3208
f 3208 3215 3207
f 3192 3216 3208
f 3186 3192 3208
f 3186 3208 3207
f 3186 3207 3185
f 3112 3154 3106
f 3106 3154 3186
f 3163 3162 3154
f 3163 3154 3155
f 3150 3151 3158
f 3158 3151 3159
f 3158 3159 3163
f 3163 3159 3162
f 3172 3128 3166
f 3166 3128 3122
f 3158 3116 3122
f 3158 3122 3166
f 3117 3116 3159
f 3159 3116 3158
f 3167 3123 3117
f 3167 3117 3159
f 3162 3118 3124
f 3162 3124 3168
f 3119 3118 3163
f 3163 3118 3162
f 3169 3125 3119
f 3169 3119 3163
f 3125 3129 3173
f 3125 3173 3169
f 3129 3128 3173
f 3173 3128 3172
f 3172 3166 3167
f 3169 3173 3168
f 3172 3167 3168
f 3172 3168 3173
f 3135 3134 3129
f 3129 3134 3133
f 3129 3133 3128
f 3128 3133 3132
f 3092 3078 3150
f 3092 3150 3158
f 3092 3158 3096
f 3092 3110 3078
f 3078 3110 3150
f 3070 3092 3078
f 3070 3086 3092
f 3086 3070 3102
f 3071 3103 3070
f 3070 3103 3102
f 3183 3103 3071
f 3183 3071 3184
f 3184 3071 3072
f 3072 3073 3184
f 3184 3073 3185
f 3074 3106 3186
f 3074 3186 3073
f 3073 3186 3185
f 3079 3093 3075
f 3075 3093 3089
f 3089 3107 3075
f 3075 3107 3074
f 3074 3107 3106
f 3093 3079 3113
f 3113 3079 3155
f 3163 3155 3097
f 3097 3155 3093
f 3093 3155 3079
f 3096 3158 3116
f 3122 3096 3116
f 3163 3097 3119
f 3097 3125 3119
f 3125 3126 3129
f 3129 3126 3130
f 3126 3125 3170
f 3170 3125 3169
f 3121 3122 3128
f 3121 3128 3127
f 3163 3164 3169
f 3169 3164 3170
f 3122 3121 3165
f 3122 3165 3166
f 3157 3158 3166
f 3157 3166 3165
f 3159 3162 3167
f 3162 3168 3167
f 3122 3121 3115
f 3122 3115 3096
f 3115 3095 3096
f 3096 3095 3092
f 3092 3095 3077
f 3092 3077 3078
f 3068 3074 3073
f 3068 3073 3067
f 3065 3066 3072
f 3065 3072 3071
f 3078 3077 3070
f 3080 3079 3075
f 3080 3075 3076
f 3072 3066 3073
f 3073 3066 3067
f 3070 3077 3069
f 3093 3079 3080
f 3093 3080 3097
f 3097 3080 3098
f 3126 3125 3120
f 3120 3125 3097
f 3120 3097 3098
f 3120 3119 3126
f 3126 3119 3125
f 3116 3158 3115
f 3115 3158 3157
f 3121 3122 3116
f 3121 3116 3115
f 3127 3128 3122
f 3127 3122 3121
f 3102 3110 3101
f 3101 3110 3109
f 3092 3109 3110
f 3092 3091 3109
f 3091 3092 3085
f 3092 3086 3085
f 3093 3090 3089
f 3090 3093 3094
f 3113 3094 3093
f 3113 3114 3094
f 3113 3108 3114
f 3113 3107 3108
f 3163 3119 3164
f 3164 3119 3120
f 3128 3132 3131
f 3132 3133 3131
f 3128 3131 3127
f 3127 3171 3165
f 3165 3171 3197
f 3121 3127 3165
f 3165 3197 3195
f 3195 3157 3165
f 3195 3197 3221
f 3189 3195 3211
f 3211 3195 3219
f 3221 3219 3195
f 3220 3196 3218
f 3194 3218 3196
f 3196 3220 3222
f 3196 3222 3198
f 3130 3126 3170
f 3198 3174 3170
f 3170 3164 3196
f 3130 3170 3174
f 3196 3198 3170
f 3136 3134 3135
f 3136 3129 3130
f 3135 3129 3136
f 3237 3239 3254
f 3272 3270 3254
f 3211 3219 3237
f 3237 3219 3221
f 3234 3212 3211
f 3234 3233 3251
f 3251 3233 3250
f 3256 3272 3254
f 3221 3239 3256
f 3237 3221 3239
f 3239 3221 3254
f 3254 3221 3256
f 3302 3299 3283
f 3287 3302 3283
f 3287 3283 3267
f 3267 3251 3270
f 3267 3270 3287
f 3287 3270 3286
f 3234 3211 3233
f 3233 3211 3237
f 3233 3237 3250
f 3250 3237 3254
f 3250 3254 3251
f 3251 3254 3270
f 3286 3270 3272
f 3286 3272 3290
f 3283 3282 3299
f 3294 3295 3279
f 3323 3319 3318
f 3323 3318 3322
f 3316 3320 3317
f 3317 3320 3321
f 3298 3299 3282
f 3300 3297 3309
f 3300 3309 3313
f 3284 3281 3297
f 3300 3284 3297
f 3295 3307 3308
f 3308 3296 3295
f 3279 3295 3296
f 3306 3294 3305
f 3305 3294 3293
f 3294 3306 3295
f 3295 3306 3307
f 3278 3294 3279
f 3277 3293 3278
f 3278 3293 3294
f 3311 3304 3310
f 3310 3304 3292
f 3310 3292 3299
f 3317 3321 3318
f 3318 3321 3322
f 3313 3309 3312
f 3312 3309 3308
f 3312 3308 3318
f 3318 3308 3307
f 3318 3307 3315
f 3318 3315 3317
f 3317 3315 3314
f 3317 3314 3306
f 3317 3306 3311
f 3311 3306 3305
f 3311 3305 3304
f 3297 3296 3308
f 3305 3293 3292
f 3309 3297 3308
f 3315 3307 3314
f 3314 3307 3306
f 3304 3305 3292
f 3319 3312 3318
f 3316 3317 3311
f 3299 3292 3283
f 3283 3292 3276
f 3296 3280 3279
f 3281 3280 3297
f 3297 3280 3296
f 3292 3293 3276
f 3276 3293 3277
f 3261 3245 3244
f 3264 3248 3247
f 3095 3091 3077
f 3094 3098 3080
f 3195 3189 3157
f 3149 3102 3101
f 3149 3101 3109
f 3141 3142 3102
f 3107 3147 3148
f 3107 3148 3108
f 3148 3114 3108
f 3082 3083 3067
f 3067 3083 3068
f 3068 3083 3084
f 3068 3084 3074
f 3074 3084 3088
f 3074 3088 3075
f 3075 3088 3089
f 3082 3099 3083
f 3083 3099 3100
f 3083 3100 3106
f 3083 3106 3088
f 3088 3106 3107
f 3088 3107 3089
f 3100 3105 3106
f 3094 3080 3090
f 3090 3080 3076
f 3090 3076 3089
f 3089 3076 3075
f 3120 3098 3094
f 3114 3120 3094
f 3139 3145 3140
f 3185 3145 3184
f 3184 3145 3139
f 3105 3145 3106
f 3106 3145 3146
f 3106 3146 3107
f 3107 3146 3147
f 3114 3156 3120
f 3120 3156 3164
f 3196 3164 3194
f 3156 3114 3148
f 3156 3194 3164
f 3145 3185 3146
f 3146 3185 3186
f 3146 3186 3147
f 3147 3186 3187
f 3147 3187 3188
f 3147 3188 3148
f 3148 3188 3156
f 3156 3188 3194
f 3253 3236 3249
f 3249 3236 3232
f 3249 3232 3231
f 3249 3231 3248
f 3248 3231 3230
f 3285 3269 3284
f 3284 3269 3268
f 3284 3268 3281
f 3281 3268 3265
f 3281 3265 3280
f 3280 3265 3264
f 3248 3264 3249
f 3249 3264 3265
f 3249 3265 3253
f 3253 3265 3268
f 3253 3268 3269
f 3227 3205 3226
f 3226 3205 3204
f 3226 3204 3225
f 3225 3204 3203
f 3225 3203 3233
f 3233 3203 3211
f 3236 3218 3232
f 3232 3218 3210
f 3232 3210 3231
f 3231 3210 3209
f 3231 3209 3230
f 3230 3209 3208
f 3230 3208 3229
f 3229 3208 3207
f 3229 3207 3228
f 3228 3207 3206
f 3228 3206 3227
f 3227 3206 3205
f 3277 3261 3276
f 3276 3261 3260
f 3276 3260 3283
f 3283 3260 3267
f 3250 3266 3267
f 3250 3267 3243
f 3243 3267 3260
f 3243 3260 3244
f 3244 3260 3261
f 3279 3263 3278
f 3278 3263 3262
f 3278 3262 3277
f 3277 3262 3261
f 3279 3280 3264
f 3279 3264 3263
f 3263 3264 3247
f 3263 3247 3262
f 3262 3247 3246
f 3262 3246 3245
f 3262 3245 3261
f 3245 3227 3244
f 3244 3227 3226
f 3244 3226 3243
f 3243 3226 3225
f 3243 3225 3250
f 3250 3225 3233
f 3095 3115 3109
f 3109 3091 3095
f 3077 3091 3069
f 3069 3091 3085
f 3069 3085 3070
f 3070 3085 3086
f 3149 3109 3157
f 3157 3109 3115
f 3141 3102 3149
f 3071 3070 3086
f 3071 3086 3087
f 3087 3086 3102
f 3087 3102 3103
f 3067 3066 3082
f 3103 3099 3082
f 3103 3082 3081
f 3081 3082 3065
f 3066 3065 3082
f 3084 3083 3088
f 3142 3103 3102
f 3182 3142 3181
f 3181 3142 3141
f 3181 3141 3189
f 3189 3141 3149
f 3189 3149 3157
f 3141 3142 3149
f 3071 3087 3081
f 3103 3142 3143
f 3143 3142 3182
f 3143 3182 3183
f 3143 3183 3144
f 3183 3184 3144
f 3144 3184 3139
f 3139 3140 3100
f 3100 3099 3139
f 3139 3099 3144
f 3144 3099 3104
f 3144 3104 3143
f 3140 3145 3105
f 3140 3105 3100
f 3104 3099 3103
f 3104 3103 3143
f 3248 3230 3247
f 3247 3230 3229
f 3247 3229 3246
f 3246 3229 3228
f 3246 3228 3245
f 3245 3228 3227
f 3205 3183 3204
f 3204 3183 3182
f 3204 3182 3203
f 3203 3182 3181
f 3203 3181 3211
f 3211 3181 3189
f 3218 3194 3210
f 3210 3194 3188
f 3210 3188 3209
f 3209 3188 3187
f 3209 3187 3208
f 3208 3187 3186
f 3103 3081 3087
f 3081 3065 3071
f 3220 3218 3236
f 3220 3238 3240
f 3220 3240 3222
f 3291 3273 3271
f 3291 3271 3289
f 3235 3252 3236
f 3252 3253 3236
f 3236 3238 3220
f 3284 3300 3288
f 3284 3288 3268
f 3268 3288 3271
f 3268 3271 3252
f 3252 3271 3253
f 3253 3271 3255
f 3253 3255 3236
f 3236 3255 3238
f 3255 3271 3273
f 3255 3273 3257
f 3257 3240 3255
f 3255 3240 3238
f 3289 3271 3288
f 3303 3288 3300
f 3134 3136 3133
f 3131 3133 3136
f 3176 3201 3175
f 3131 3137 3176
f 3176 3137 3179
f 3175 3131 3176
f 3127 3131 3171
f 3171 3199 3197
f 3199 3221 3197
f 3241 3258 3256
f 3256 3258 3274
f 3256 3274 3272
f 3241 3256 3239
f 3239 3221 3241
f 3201 3223 3199
f 3201 3199 3175
f 3175 3199 3171
f 3175 3171 3131
f 3199 3223 3221
f 3221 3223 3241
f 3178 3174 3200
f 3200 3198 3222
f 3174 3130 3200
f 3200 3174 3198
f 3178 3136 3174
f 3138 3136 3178
f 3178 3177 3138
f 3138 3177 3180
f 3240 3257 3242
f 3240 3242 3222
f 3273 3275 3257
f 3257 3275 3259
f 3257 3259 3242
f 3202 3178 3200
f 3202 3200 3224
f 3222 3242 3224
f 3222 3224 3200
f 3130 3174 3136
f 3131 3136 3138
f 3180 3137 3131
f 3180 3131 3138
f 3180 3179 3137
f 3331 3461 3453
f 3358 3331 3453
f 3453 3452 3358
f 3452 3357 3358
f 3461 3331 3460
f 3460 3331 3330
f 3326 3456 3328
f 3328 3456 3458
f 3328 3458 3329
f 3329 3458 3459
f 3329 3459 3330
f 3330 3459 3460
f 3340 3366 3361
f 3340 3361 3382
f 3340 3382 3396
f 3340 3414 3430
f 3340 3335 3366
f 3396 3409 3340
f 3340 3409 3414
f 3340 3430 3435
f 3454 3324 3325
f 3325 3455 3454
f 3455 3325 3344
f 3455 3344 3439
f 3439 3344 3339
f 3439 3339 3434
f 3434 3339 3340
f 3434 3340 3435
f 3324 3454 3327
f 3327 3454 3457
f 3327 3457 3456
f 3327 3456 3326
f 3378 3357 3452
f 3452 3426 3378
f 3426 3377 3378
f 3377 3426 3425
f 3377 3406 3392
f 3377 3425 3406
f 3421 3403 3422
f 3426 3406 3425
f 3405 3391 3392
f 3392 3406 3405
f 3422 3423 3446
f 3421 3422 3443
f 3443 3422 3446
f 3420 3421 3440
f 3440 3421 3443
f 3440 3443 3441
f 3441 3443 3444
f 3404 3423 3422
f 3422 3403 3404
f 3421 3420 3403
f 3390 3404 3403
f 3431 3417 3416
f 3416 3417 3411
f 3410 3416 3411
f 3412 3407 3394
f 3412 3394 3411
f 3411 3394 3398
f 3401 3388 3402
f 3402 3388 3389
f 3401 3387 3388
f 3386 3399 3400
f 3386 3385 3399
f 3399 3385 3387
f 3399 3387 3401
f 3394 3393 3398
f 3400 3416 3397
f 3397 3416 3410
f 3398 3384 3383
f 3397 3398 3383
f 3384 3398 3379
f 3379 3398 3393
f 3379 3393 3380
f 3380 3393 3394
f 3397 3383 3400
f 3400 3383 3386
f 3456 3457 3438
f 3438 3457 3454
f 3399 3415 3418
f 3441 3420 3440
f 3442 3437 3436
f 3400 3399 3415
f 3418 3420 3419
f 3419 3420 3441
f 3419 3441 3436
f 3437 3432 3431
f 3431 3432 3417
f 3417 3432 3411
f 3433 3432 3437
f 3433 3437 3438
f 3436 3437 3431
f 3416 3419 3431
f 3431 3419 3436
f 3433 3428 3427
f 3427 3428 3411
f 3432 3433 3427
f 3427 3411 3432
f 3412 3411 3428
f 3418 3419 3416
f 3398 3397 3410
f 3398 3410 3411
f 3438 3437 3456
f 3456 3437 3442
f 3456 3442 3458
f 3458 3442 3445
f 3461 3460 3449
f 3449 3460 3447
f 3423 3424 3448
f 3448 3424 3450
f 3448 3450 3449
f 3449 3450 3451
f 3390 3391 3404
f 3404 3391 3405
f 3405 3406 3424
f 3424 3406 3426
f 3424 3426 3450
f 3450 3426 3452
f 3450 3452 3451
f 3451 3452 3453
f 3460 3459 3447
f 3447 3459 3445
f 3447 3445 3444
f 3444 3445 3441
f 3447 3448 3449
f 3444 3448 3447
f 3459 3458 3445
f 3445 3442 3441
f 3441 3442 3436
f 3418 3416 3415
f 3415 3416 3400
f 3403 3402 3389
f 3403 3389 3390
f 3453 3461 3451
f 3451 3461 3449
f 3444 3443 3448
f 3448 3443 3446
f 3448 3446 3423
f 3424 3423 3405
f 3405 3423 3404
f 3402 3403 3420
f 3402 3420 3401
f 3401 3420 3418
f 3401 3418 3399
f 3408 3414 3409
f 3408 3409 3395
f 3395 3409 3396
f 3414 3408 3413
f 3429 3430 3413
f 3414 3413 3430
f 3454 3455 3438
f 3438 3455 3439
f 3412 3428 3429
f 3407 3408 3394
f 3395 3394 3408
f 3408 3407 3413
f 3413 3407 3412
f 3439 3434 3433
f 3439 3433 3438
f 3433 3434 3428
f 3434 3435 3429
f 3435 3430 3429
f 3429 3413 3412
f 3395 3394 3381
f 3429 3428 3434
f 3324 3327 3326
f 3378 3377 3392
f 3375 3376 3390
f 3376 3391 3390
f 3374 3373 3351
f 3351 3373 3348
f 3373 3372 3348
f 3348 3372 3345
f 3348 3345 3346
f 3348 3346 3349
f 3337 3369 3363
f 3345 3372 3346
f 3372 3370 3346
f 3346 3370 3371
f 3346 3371 3341
f 3362 3363 3368
f 3368 3363 3369
f 3368 3369 3336
f 3336 3369 3337
f 3387 3370 3388
f 3388 3370 3372
f 3388 3372 3373
f 3389 3388 3373
f 3389 3373 3374
f 3390 3389 3374
f 3390 3374 3375
f 3367 3370 3387
f 3367 3387 3385
f 3368 3367 3385
f 3368 3385 3386
f 3368 3371 3370
f 3368 3370 3367
f 3363 3362 3383
f 3363 3383 3384
f 3338 3343 3342
f 3342 3343 3347
f 3384 3379 3363
f 3337 3338 3342
f 3333 3363 3364
f 3359 3364 3363
f 3359 3363 3380
f 3379 3380 3384
f 3384 3380 3363
f 3363 3332 3337
f 3347 3326 3350
f 3350 3326 3328
f 3350 3328 3352
f 3352 3328 3329
f 3352 3329 3354
f 3354 3329 3330
f 3354 3330 3331
f 3354 3331 3356
f 3356 3331 3358
f 3376 3375 3355
f 3355 3375 3353
f 3355 3353 3354
f 3355 3354 3356
f 3392 3391 3376
f 3392 3376 3378
f 3378 3376 3355
f 3378 3355 3357
f 3357 3355 3356
f 3357 3356 3358
f 3336 3337 3341
f 3341 3337 3342
f 3350 3349 3347
f 3341 3371 3368
f 3362 3368 3386
f 3362 3386 3383
f 3336 3341 3368
f 3354 3353 3352
f 3352 3353 3349
f 3375 3374 3351
f 3375 3351 3353
f 3353 3351 3348
f 3353 3348 3349
f 3332 3363 3333
f 3332 3333 3338
f 3332 3338 3337
f 3341 3342 3346
f 3346 3342 3347
f 3350 3352 3349
f 3343 3324 3326
f 3343 3326 3347
f 3346 3347 3349
f 3325 3324 3343
f 3366 3335 3334
f 3366 3334 3365
f 3381 3361 3360
f 3360 3361 3366
f 3360 3366 3365
f 3381 3382 3361
f 3395 3396 3382
f 3382 3381 3395
f 3340 3339 3335
f 3335 3339 3334
f 3344 3325 3343
f 3344 3343 3339
f 3339 3343 3338
f 3394 3395 3380
f 3380 3395 3381
f 3360 3380 3381
f 3360 3365 3364
f 3360 3364 3359
f 3360 3359 3380
f 3338 3333 3339
f 3339 3333 3334
f 3333 3364 3365
f 3334 3333 3365
f 3538 3532 3535
f 3532 3538 3533
f 3533 3538 3539
f 3537 3534 3531
f 3537 3531 3536
f 3536 3531 3530
f 3531 3537 3530
f 3530 3537 3536
f 3531 3521 3520
f 3531 3520 3530
f 3521 3531 3532
f 3521 3532 3533
f 3490 3477 3506
f 3506 3477 3533
f 3532 3506 3533
f 3476 3489 3505
f 3476 3505 3530
f 3530 3505 3531
f 3531 3505 3532
f 3532 3505 3506
f 3477 3490 3476
f 3476 3490 3489
f 3533 3539 3532
f 3532 3539 3538
f 3464 3465 3476
f 3476 3465 3477
f 3520 3476 3530
f 3478 3464 3476
f 3465 3479 3477
f 3477 3521 3533
f 3533 3525 3539
f 3521 3509 3523
f 3521 3523 3533
f 3533 3523 3525
f 3469 3481 3465
f 3465 3481 3479
f 3509 3521 3493
f 3493 3521 3477
f 3477 3479 3493
f 3507 3521 3477
f 3533 3525 3521
f 3521 3525 3523
f 3477 3521 3509
f 3477 3509 3493
f 3477 3491 3507
f 3504 3520 3507
f 3507 3520 3521
f 3491 3490 3507
f 3489 3490 3491
f 3488 3504 3489
f 3504 3505 3489
f 3507 3506 3504
f 3506 3505 3504
f 3490 3506 3507
f 3469 3466 3465
f 3465 3466 3464
f 3465 3464 3463
f 3463 3464 3462
f 3463 3462 3477
f 3477 3462 3476
f 3477 3476 3491
f 3491 3476 3488
f 3491 3488 3489
f 3463 3477 3465
f 3520 3522 3530
f 3530 3522 3524
f 3530 3524 3536
f 3476 3520 3504
f 3492 3476 3478
f 3476 3492 3508
f 3476 3508 3520
f 3520 3508 3522
f 3478 3464 3480
f 3480 3464 3466
f 3504 3488 3476
f 3478 3480 3466
f 3466 3464 3478
f 3462 3464 3476
f 3465 3464 3469
f 3469 3464 3466
f 3468 3467 3466
f 3468 3466 3469
f 3466 3467 3469
f 3468 3469 3467
f 3471 3473 3469
f 3472 3470 3466
f 3514 3518 3513
f 3513 3518 3517
f 3518 3514 3502
f 3502 3514 3498
f 3497 3501 3502
f 3497 3502 3498
f 3513 3517 3501
f 3513 3501 3497
f 3542 3546 3543
f 3543 3546 3547
f 3546 3542 3541
f 3546 3541 3545
f 3540 3544 3545
f 3540 3545 3541
f 3529 3547 3546
f 3529 3546 3545
f 3529 3545 3528
f 3528 3545 3544
f 3516 3500 3517
f 3500 3501 3517
f 3501 3500 3502
f 3518 3502 3503
f 3517 3518 3519
f 3518 3503 3519
f 3529 3528 3519
f 3519 3528 3516
f 3519 3516 3517
f 3503 3502 3500
f 3503 3500 3487
f 3487 3500 3486
f 3487 3486 3475
f 3475 3486 3474
f 3544 3540 3541
f 3541 3545 3544
f 3542 3546 3545
f 3542 3545 3541
f 3546 3542 3547
f 3547 3542 3543
f 3487 3514 3547
f 3544 3513 3486
f 3486 3513 3497
f 3487 3498 3514
f 3547 3514 3546
f 3546 3514 3545
f 3545 3514 3513
f 3486 3497 3487
f 3487 3497 3498
f 3513 3544 3545
f 3486 3487 3474
f 3474 3487 3475
f 3474 3475 3472
f 3472 3475 3473
f 3487 3499 3503
f 3519 3503 3515
f 3515 3503 3499
f 3515 3529 3519
f 3486 3500 3496
f 3528 3512 3516
f 3516 3512 3496
f 3516 3496 3500
f 3472 3486 3474
f 3528 3544 3526
f 3526 3544 3540
f 3470 3482 3480
f 3470 3480 3466
f 3528 3526 3510
f 3528 3510 3512
f 3512 3510 3496
f 3496 3510 3494
f 3496 3494 3486
f 3486 3494 3484
f 3486 3484 3474
f 3474 3484 3472
f 3482 3470 3472
f 3482 3472 3484
f 3466 3480 3482
f 3466 3482 3472
f 3510 3544 3486
f 3510 3486 3494
f 3510 3526 3544
f 3472 3484 3486
f 3547 3543 3527
f 3511 3547 3527
f 3547 3511 3487
f 3487 3511 3495
f 3483 3473 3485
f 3473 3483 3469
f 3469 3483 3481
f 3473 3487 3485
f 3487 3495 3485
f 3495 3511 3499
f 3499 3511 3515
f 3515 3511 3529
f 3529 3511 3527
f 3529 3527 3547
f 3473 3471 3483
f 3483 3471 3481
f 3481 3471 3469
f 3485 3487 3475
f 3485 3475 3473
f 3495 3499 3487
f 3475 3487 3473
f 3794 3810 3795
f 3795 3810 3811
f 3814 3798 3815
f 3798 3780 3799
f 3798 3799 3815
f 3746 3747 3765
f 3800 3781 3801
f 3744 3745 3764
f 3744 3764 3763
f 3810 3812 3814
f 3798 3796 3794
f 3812 3810 3796
f 3796 3810 3794
f 3810 3814 3811
f 3811 3814 3815
f 3813 3797 3811
f 3811 3797 3795
f 3799 3797 3815
f 3815 3797 3813
f 3813 3811 3815
f 3795 3797 3796
f 3795 3796 3794
f 3565 3566 3572
f 3572 3566 3573
f 3572 3573 3565
f 3565 3573 3566
f 3595 3561 3599
f 3561 3568 3599
f 3599 3568 3569
f 3599 3569 3600
f 3551 3549 3575
f 3549 3568 3575
f 3607 3576 3575
f 3607 3575 3606
f 3606 3575 3582
f 3606 3582 3611
f 3550 3551 3574
f 3574 3551 3575
f 3610 3581 3605
f 3581 3574 3605
f 3605 3574 3573
f 3605 3573 3604
f 3548 3550 3567
f 3567 3550 3574
f 3597 3566 3567
f 3597 3567 3598
f 3567 3560 3598
f 3598 3560 3594
f 3548 3568 3549
f 3568 3548 3567
f 3587 3580 3581
f 3560 3561 3568
f 3560 3568 3567
f 3588 3587 3586
f 3590 3589 3582
f 3583 3590 3582
f 3584 3583 3576
f 3577 3584 3576
f 3570 3577 3569
f 3555 3556 3561
f 3561 3556 3562
f 3561 3560 3554
f 3561 3554 3555
f 3560 3553 3554
f 3579 3572 3565
f 3563 3570 3569
f 3563 3569 3562
f 3562 3569 3568
f 3577 3576 3569
f 3569 3576 3568
f 3568 3576 3575
f 3583 3575 3576
f 3583 3582 3575
f 3582 3581 3575
f 3575 3581 3574
f 3581 3588 3587
f 3589 3588 3581
f 3589 3581 3582
f 3580 3573 3574
f 3580 3574 3581
f 3572 3580 3579
f 3580 3572 3573
f 3573 3565 3574
f 3574 3565 3567
f 3558 3566 3565
f 3565 3566 3567
f 3579 3580 3581
f 3559 3553 3560
f 3558 3559 3560
f 3558 3560 3566
f 3566 3560 3567
f 3562 3568 3561
f 3649 3627 3630
f 3692 3707 3708
f 3689 3702 3686
f 3689 3704 3702
f 3704 3689 3703
f 3688 3724 3689
f 3689 3724 3703
f 3709 3730 3688
f 3688 3730 3724
f 3709 3752 3730
f 3708 3751 3709
f 3709 3751 3752
f 3728 3750 3707
f 3751 3708 3750
f 3750 3708 3707
f 3639 3640 3616
f 3588 3638 3589
f 3589 3638 3639
f 3589 3639 3616
f 3589 3616 3590
f 3590 3616 3612
f 3590 3612 3583
f 3613 3584 3583
f 3584 3613 3634
f 3584 3613 3608
f 3584 3608 3577
f 3627 3601 3608
f 3577 3608 3601
f 3577 3601 3570
f 3649 3652 3670
f 3684 3668 3670
f 3670 3668 3649
f 3656 3673 3652
f 3652 3673 3670
f 3674 3692 3675
f 3675 3692 3708
f 3686 3684 3670
f 3686 3670 3689
f 3689 3670 3673
f 3689 3673 3656
f 3689 3656 3688
f 3688 3656 3655
f 3688 3655 3672
f 3688 3672 3709
f 3709 3672 3676
f 3709 3676 3708
f 3708 3676 3675
f 3633 3612 3640
f 3640 3612 3616
f 3630 3627 3608
f 3630 3608 3634
f 3634 3608 3613
f 3656 3634 3633
f 3633 3634 3613
f 3633 3613 3612
f 3612 3613 3583
f 3638 3674 3639
f 3639 3674 3675
f 3639 3675 3640
f 3640 3675 3676
f 3640 3676 3633
f 3633 3676 3672
f 3633 3672 3656
f 3656 3672 3655
f 3656 3655 3634
f 3634 3656 3630
f 3630 3656 3652
f 3630 3652 3649
f 3726 3705 3706
f 3727 3749 3726
f 3727 3706 3707
f 3727 3707 3728
f 3726 3706 3727
f 3638 3588 3615
f 3637 3587 3588
f 3637 3588 3638
f 3614 3586 3587
f 3614 3587 3636
f 3636 3587 3637
f 3706 3705 3690
f 3657 3658 3690
f 3690 3658 3706
f 3674 3707 3659
f 3659 3707 3658
f 3658 3637 3638
f 3658 3638 3659
f 3657 3636 3658
f 3658 3636 3637
f 3707 3706 3658
f 3632 3579 3636
f 3636 3579 3586
f 3632 3609 3579
f 3762 3743 3722
f 3766 3762 3722
f 3748 3766 3726
f 3726 3766 3722
f 3749 3748 3726
f 3586 3614 3636
f 3687 3671 3632
f 3687 3632 3690
f 3690 3632 3636
f 3690 3636 3657
f 3722 3687 3726
f 3726 3687 3690
f 3726 3690 3705
f 3654 3632 3671
f 3603 3579 3609
f 3603 3572 3579
f 3572 3603 3629
f 3629 3651 3669
f 3632 3654 3651
f 3651 3654 3671
f 3651 3671 3685
f 3651 3603 3632
f 3632 3603 3609
f 3629 3603 3651
f 3762 3761 3743
f 3743 3761 3741
f 3743 3741 3720
f 3743 3720 3722
f 3671 3687 3685
f 3685 3687 3722
f 3720 3685 3722
f 3741 3761 3720
f 3685 3669 3651
f 3703 3709 3704
f 3703 3730 3709
f 3752 3751 3730
f 3730 3751 3729
f 3729 3751 3728
f 3751 3750 3728
f 3750 3749 3728
f 3728 3749 3727
f 3749 3767 3766
f 3749 3766 3748
f 3659 3638 3639
f 3571 3631 3578
f 3578 3631 3635
f 3578 3635 3585
f 3585 3635 3634
f 3585 3634 3584
f 3640 3590 3634
f 3634 3590 3584
f 3590 3640 3589
f 3589 3640 3639
f 3639 3638 3615
f 3639 3615 3589
f 3589 3615 3588
f 3675 3729 3728
f 3728 3707 3675
f 3675 3707 3674
f 3675 3674 3659
f 3676 3730 3675
f 3675 3730 3729
f 3730 3676 3709
f 3693 3689 3704
f 3693 3704 3709
f 3668 3670 3650
f 3650 3670 3653
f 3650 3653 3628
f 3571 3602 3631
f 3631 3602 3628
f 3709 3676 3693
f 3693 3676 3660
f 3693 3660 3689
f 3689 3660 3656
f 3653 3670 3652
f 3652 3670 3656
f 3656 3670 3689
f 3639 3675 3659
f 3628 3653 3631
f 3631 3653 3652
f 3631 3652 3635
f 3635 3652 3656
f 3635 3656 3634
f 3634 3656 3660
f 3634 3660 3640
f 3640 3660 3676
f 3563 3557 3556
f 3623 3646 3664
f 3664 3646 3680
f 3680 3698 3715
f 3596 3593 3558
f 3596 3558 3565
f 3642 3641 3677
f 3694 3695 3677
f 3552 3617 3618
f 3552 3618 3553
f 3619 3554 3553
f 3619 3553 3618
f 3643 3696 3661
f 3642 3618 3617
f 3642 3617 3641
f 3618 3642 3619
f 3619 3642 3643
f 3642 3695 3643
f 3643 3695 3696
f 3677 3695 3642
f 3731 3732 3710
f 3753 3731 3710
f 3756 3753 3715
f 3715 3753 3710
f 3736 3756 3715
f 3664 3680 3623
f 3558 3593 3623
f 3558 3623 3617
f 3558 3617 3552
f 3623 3680 3617
f 3617 3680 3677
f 3617 3677 3641
f 3680 3715 3677
f 3677 3715 3710
f 3677 3710 3694
f 3710 3711 3694
f 3711 3695 3694
f 3712 3696 3711
f 3711 3696 3695
f 3710 3732 3711
f 3662 3661 3696
f 3662 3696 3712
f 3620 3619 3643
f 3554 3619 3620
f 3620 3555 3554
f 3556 3555 3620
f 3620 3621 3556
f 3622 3563 3621
f 3621 3563 3556
f 3563 3622 3624
f 3563 3624 3564
f 3564 3624 3625
f 3564 3625 3571
f 3571 3625 3628
f 3571 3628 3602
f 3668 3682 3684
f 3697 3682 3679
f 3663 3697 3679
f 3697 3663 3714
f 3714 3663 3662
f 3714 3662 3713
f 3682 3647 3679
f 3679 3647 3645
f 3679 3645 3663
f 3668 3650 3649
f 3668 3649 3682
f 3682 3649 3647
f 3712 3713 3662
f 3662 3620 3643
f 3662 3643 3661
f 3620 3662 3621
f 3621 3662 3663
f 3621 3663 3622
f 3622 3663 3645
f 3622 3645 3624
f 3624 3645 3647
f 3624 3647 3625
f 3625 3647 3628
f 3628 3647 3649
f 3628 3649 3650
f 3626 3648 3596
f 3623 3648 3646
f 3623 3593 3596
f 3623 3596 3648
f 3682 3700 3701
f 3682 3701 3684
f 3697 3714 3700
f 3734 3735 3714
f 3714 3713 3734
f 3733 3734 3713
f 3754 3731 3753
f 3731 3754 3732
f 3648 3667 3683
f 3759 3756 3736
f 3759 3736 3740
f 3736 3718 3740
f 3740 3718 3759
f 3648 3683 3680
f 3648 3680 3646
f 3736 3715 3718
f 3718 3715 3698
f 3683 3718 3698
f 3683 3698 3680
f 3733 3713 3712
f 3712 3711 3733
f 3733 3711 3732
f 3682 3697 3700
f 3596 3565 3626
f 3648 3626 3667
f 3715 3756 3759
f 3759 3718 3715
f 3695 3711 3710
f 3710 3711 3754
f 3710 3754 3753
f 3642 3678 3677
f 3593 3558 3552
f 3593 3552 3592
f 3683 3667 3626
f 3617 3642 3677
f 3617 3677 3623
f 3677 3680 3623
f 3623 3593 3592
f 3623 3592 3617
f 3617 3592 3618
f 3683 3626 3680
f 3680 3626 3623
f 3626 3596 3623
f 3715 3718 3683
f 3715 3683 3680
f 3715 3680 3710
f 3710 3680 3677
f 3710 3677 3695
f 3695 3677 3678
f 3571 3570 3564
f 3564 3570 3563
f 3562 3556 3563
f 3590 3591 3584
f 3578 3585 3584
f 3570 3571 3577
f 3577 3571 3578
f 3584 3577 3578
f 3583 3584 3590
f 3761 3762 3720
f 3691 3690 3706
f 3726 3766 3767
f 3726 3767 3727
f 3720 3762 3722
f 3669 3685 3629
f 3614 3586 3579
f 3614 3579 3609
f 3629 3632 3603
f 3691 3658 3690
f 3690 3658 3636
f 3690 3636 3687
f 3687 3636 3632
f 3636 3637 3614
f 3636 3614 3632
f 3632 3614 3609
f 3629 3685 3632
f 3632 3685 3687
f 3685 3720 3687
f 3687 3720 3722
f 3687 3722 3690
f 3690 3722 3726
f 3690 3726 3706
f 3777 3776 3760
f 3760 3776 3759
f 3767 3762 3766
f 3728 3750 3729
f 3729 3750 3751
f 3767 3766 3782
f 3767 3782 3783
f 3782 3766 3762
f 3762 3779 3782
f 3700 3665 3666
f 3699 3681 3700
f 3665 3700 3681
f 3699 3716 3739
f 3580 3589 3588
f 3553 3554 3559
f 3559 3554 3555
f 3580 3588 3587
f 3586 3579 3580
f 3586 3580 3587
f 3563 3570 3584
f 3584 3570 3577
f 3583 3590 3580
f 3580 3590 3589
f 3558 3552 3559
f 3559 3552 3553
f 3559 3555 3556
f 3559 3556 3562
f 3773 3756 3776
f 3776 3756 3759
f 3769 3753 3773
f 3773 3753 3756
f 3753 3769 3770
f 3753 3770 3754
f 3759 3761 3776
f 3776 3761 3778
f 3762 3779 3761
f 3761 3779 3778
f 3761 3759 3720
f 3720 3759 3718
f 3720 3718 3685
f 3685 3718 3683
f 3685 3683 3669
f 3669 3683 3648
f 3669 3648 3629
f 3629 3648 3626
f 3629 3626 3596
f 3629 3596 3603
f 3603 3596 3565
f 3603 3565 3572
f 3686 3684 3702
f 3725 3703 3704
f 3725 3724 3703
f 3699 3716 3717
f 3699 3717 3700
f 3702 3684 3701
f 3719 3702 3701
f 3704 3721 3725
f 3714 3735 3739
f 3704 3702 3721
f 3721 3702 3719
f 3719 3701 3700
f 3714 3739 3716
f 3719 3700 3716
f 3716 3700 3717
f 3721 3724 3725
f 3747 3730 3724
f 3730 3747 3752
f 3777 3773 3776
f 3770 3769 3774
f 3774 3769 3777
f 3777 3769 3773
f 3778 3759 3776
f 3762 3759 3779
f 3779 3759 3778
f 3716 3700 3699
f 3716 3699 3714
f 3724 3703 3730
f 3784 3768 3785
f 3751 3752 3784
f 3784 3752 3768
f 3784 3750 3751
f 3784 3767 3750
f 3784 3783 3767
f 3803 3802 3784
f 3784 3802 3783
f 3784 3804 3803
f 3784 3805 3804
f 3784 3785 3805
f 3767 3749 3750
f 3783 3763 3767
f 3783 3780 3763
f 3802 3798 3783
f 3783 3798 3780
f 3803 3799 3798
f 3803 3798 3802
f 3799 3803 3815
f 3815 3803 3817
f 3815 3817 3818
f 3815 3818 3816
f 3816 3818 3804
f 3816 3804 3800
f 3800 3804 3801
f 3801 3804 3805
f 3801 3805 3785
f 3801 3785 3781
f 3781 3785 3765
f 3765 3785 3768
f 3765 3768 3747
f 3747 3768 3752
f 3751 3747 3752
f 3751 3746 3747
f 3767 3763 3744
f 3767 3744 3749
f 3749 3744 3745
f 3749 3745 3750
f 3750 3745 3746
f 3750 3746 3751
f 3817 3803 3804
f 3817 3804 3818
f 3719 3716 3721
f 3721 3716 3739
f 3721 3739 3742
f 3721 3742 3724
f 3724 3742 3747
f 3746 3723 3747
f 3724 3747 3723
f 3747 3742 3739
f 3747 3739 3765
f 3765 3739 3758
f 3775 3781 3758
f 3758 3781 3765
f 3793 3801 3775
f 3775 3801 3781
f 3809 3816 3792
f 3792 3816 3800
f 3792 3800 3793
f 3793 3800 3801
f 3791 3799 3808
f 3808 3799 3815
f 3808 3815 3809
f 3809 3815 3816
f 3790 3798 3791
f 3791 3798 3799
f 3774 3780 3790
f 3790 3780 3798
f 3757 3763 3774
f 3774 3763 3780
f 3738 3734 3739
f 3739 3734 3735
f 3739 3735 3755
f 3739 3755 3758
f 3758 3755 3772
f 3758 3772 3775
f 3775 3772 3789
f 3775 3789 3793
f 3793 3789 3788
f 3793 3788 3792
f 3792 3788 3807
f 3792 3807 3809
f 3809 3807 3806
f 3809 3806 3808
f 3808 3806 3787
f 3808 3787 3791
f 3791 3787 3786
f 3791 3786 3790
f 3790 3786 3770
f 3790 3770 3774
f 3774 3770 3754
f 3774 3754 3757
f 3807 3788 3787
f 3807 3787 3806
f 3757 3754 3732
f 3757 3732 3737
f 3713 3644 3732
f 3732 3644 3643
f 3732 3643 3642
f 3732 3733 3713
f 3789 3772 3788
f 3787 3770 3786
f 3733 3732 3754
f 3734 3755 3735
f 3771 3754 3770
f 3733 3754 3771
f 3771 3734 3733
f 3755 3734 3771
f 3771 3772 3755
f 3788 3772 3771
f 3771 3787 3788
f 3770 3787 3771
f 3580 3565 3583
f 3583 3565 3558
f 3558 3559 3583
f 3583 3559 3562
f 3580 3579 3565
f 3584 3583 3563
f 3563 3583 3562
f 4027 4026 4025
f 4025 4026 4020
f 4025 4020 4019
f 4019 4020 4018
f 4019 4018 4013
f 4013 4018 4004
f 4013 4004 4000
f 4000 4004 3977
f 4000 3977 3973
f 3973 3977 3982
f 3973 3982 3978
f 3978 3982 3983
f 3983 3982 3987
f 3983 3987 3993
f 3983 3993 3988
f 3988 3993 4008
f 3988 4008 4007
f 4007 4008 4024
f 4007 4024 4023
f 4023 4024 4022
f 4023 4022 4021
f 4021 4022 4028
f 4021 4028 4027
f 4027 4028 4026
f 3982 4005 3987
f 4005 4008 3993
f 4005 3993 3987
f 4005 4024 4008
f 4005 4022 4024
f 4026 4028 4005
f 4005 4028 4022
f 4020 4026 4005
f 4005 4018 4020
f 4005 4004 4018
f 3982 3977 4005
f 4005 3977 4004
f 3983 4006 3978
f 4006 4000 3973
f 4006 3973 3978
f 4006 4013 4000
f 4006 4019 4013
f 4027 4025 4006
f 4006 4025 4019
f 4021 4027 4006
f 4006 4023 4021
f 4006 4007 4023
f 3983 3988 4006
f 4006 3988 4007
f 3853 3876 3875
f 3875 3852 3853
f 3853 3871 3876
f 3822 3828 3827
f 3828 3822 3823
f 3828 3823 3824
f 3828 3824 3829
f 3871 3872 3853
f 3854 3853 3872
f 3976 4003 3977
f 3977 4003 4004
f 3956 3982 3960
f 3960 3982 3987
f 3964 3992 3968
f 3968 3992 3991
f 3968 3991 3995
f 3968 3995 3967
f 4018 4004 4017
f 4004 4003 4017
f 4017 4003 3999
f 4017 3999 4012
f 4012 3999 4011
f 4011 3999 3998
f 3998 3971 3947
f 3822 3833 3834
f 3822 3834 3823
f 3823 3834 3824
f 3834 3835 3824
f 3837 3829 3824
f 3837 3824 3835
f 3847 3866 3849
f 3849 3866 3868
f 3854 3872 3871
f 3854 3871 3853
f 3897 3875 3876
f 3897 3876 3898
f 3960 3959 3956
f 3956 3959 3955
f 3956 3955 3982
f 3982 3955 3981
f 3987 3986 3959
f 3987 3959 3960
f 3964 3968 3963
f 3967 3963 3968
f 3976 3977 3981
f 3981 3977 3982
f 3977 4004 3975
f 3975 4004 4002
f 3982 3977 3980
f 3980 3977 3975
f 3982 3980 3987
f 3987 3980 3985
f 3985 3986 3987
f 3986 3985 3991
f 3986 3991 3992
f 3992 3991 3995
f 4017 4012 4015
f 4015 4012 4011
f 4016 4018 4017
f 4016 4017 4015
f 4016 4002 4018
f 4018 4002 4004
f 3863 3864 3845
f 3926 3948 3951
f 3926 3951 3929
f 3925 3947 3926
f 3926 3947 3948
f 3842 3834 3841
f 3841 3834 3833
f 3835 3834 3842
f 3843 3835 3842
f 3843 3837 3835
f 3884 3845 3864
f 3847 3845 3884
f 3886 3847 3884
f 3886 3866 3847
f 3890 3866 3886
f 3849 3868 3890
f 3890 3868 3866
f 3889 3849 3890
f 3854 3849 3889
f 3854 3893 3853
f 3893 3854 3889
f 3893 3871 3853
f 3898 3876 3893
f 3893 3876 3871
f 3964 3986 3992
f 3933 3955 3959
f 3933 3959 3937
f 3929 3951 3933
f 3933 3951 3955
f 3884 3864 3883
f 3905 3884 3883
f 3905 3883 3902
f 3883 3864 3863
f 3863 3859 3880
f 3879 3901 3880
f 3880 3901 3902
f 3880 3859 3879
f 3879 3859 3858
f 3883 3863 3880
f 3883 3880 3902
f 3841 3858 3842
f 3842 3858 3859
f 3842 3859 3863
f 3842 3863 3843
f 3843 3863 3845
f 3843 3845 3837
f 3917 3922 3893
f 3917 3893 3913
f 3884 3905 3906
f 3884 3906 3886
f 3886 3906 3910
f 3886 3910 3909
f 3886 3909 3889
f 3889 3909 3913
f 3889 3913 3893
f 3921 3897 3922
f 3922 3897 3898
f 3922 3898 3893
f 3889 3890 3886
f 3940 3964 3944
f 3944 3964 3943
f 3943 3964 3963
f 3943 3963 3967
f 3940 3937 3964
f 3937 3959 3964
f 3964 3959 3986
f 3943 3921 3944
f 3944 3921 3922
f 3944 3922 3940
f 3940 3922 3917
f 3940 3917 3937
f 3937 3917 3913
f 3937 3913 3959
f 3901 3925 3902
f 3902 3925 3926
f 3902 3926 3905
f 3905 3926 3929
f 3905 3929 3906
f 3906 3929 3910
f 3910 3929 3933
f 3910 3933 3909
f 3909 3933 3913
f 3913 3933 3937
f 3841 3833 3858
f 3981 3955 3951
f 3976 3981 3951
f 3947 3971 3972
f 3976 3951 3972
f 3972 3951 3948
f 3972 3948 3947
f 4003 3976 3999
f 3999 3976 3972
f 3999 3972 3998
f 3998 3972 3971
f 3875 3874 3852
f 3874 3873 3852
f 3852 3873 3851
f 3851 3873 3870
f 3820 3821 3826
f 3826 3821 3827
f 3827 3821 3822
f 3826 3825 3819
f 3826 3819 3820
f 3869 3870 3850
f 3850 3870 3851
f 4001 3974 4000
f 4000 3974 3973
f 4009 3996 4014
f 4014 3996 4001
f 3996 4009 4010
f 3996 4010 3997
f 3998 3970 3997
f 3998 3997 4011
f 4011 3997 4010
f 3970 3998 3946
f 3946 3998 3947
f 3946 3947 3925
f 3946 3925 3924
f 3924 3925 3901
f 3924 3901 3900
f 3833 3857 3858
f 3858 3857 3878
f 3858 3878 3879
f 3879 3878 3901
f 3901 3878 3900
f 3833 3832 3857
f 3832 3821 3820
f 3832 3820 3831
f 3819 3830 3831
f 3819 3831 3820
f 3865 3846 3848
f 3848 3867 3865
f 3874 3896 3873
f 3873 3896 3895
f 3896 3874 3875
f 3896 3875 3897
f 3830 3819 3825
f 3830 3825 3836
f 3821 3832 3833
f 3821 3833 3822
f 4014 4001 4000
f 4014 4000 4013
f 3957 3983 3978
f 3957 3978 3953
f 3989 3961 3965
f 3989 3965 3990
f 3990 3965 3994
f 3994 3965 3966
f 3966 3967 3994
f 3994 3967 3995
f 3973 3974 3978
f 3978 3974 3979
f 3978 3979 3953
f 3979 3954 3953
f 3953 3954 3957
f 3954 3958 3957
f 3957 3958 3983
f 3983 3958 3984
f 3965 3961 3962
f 3965 3962 3966
f 3966 3962 3967
f 3967 3962 3963
f 4000 3973 3975
f 3989 3990 3991
f 3989 3991 3984
f 3984 3991 3985
f 3985 3983 3984
f 3980 3978 3985
f 3985 3978 3983
f 3975 3973 3980
f 3980 3973 3978
f 4002 4000 3975
f 3990 3994 3991
f 3991 3994 3995
f 4014 4013 4016
f 4015 4011 4010
f 4015 4010 4009
f 4009 4014 4015
f 4015 4014 4016
f 4002 4016 4013
f 4000 4002 4013
f 3921 3943 3942
f 3954 3932 3958
f 3958 3932 3936
f 3961 3984 3958
f 3967 3966 3943
f 3892 3870 3873
f 3892 3873 3895
f 3851 3870 3892
f 3892 3850 3851
f 3850 3892 3888
f 3850 3888 3848
f 3848 3888 3887
f 3867 3848 3887
f 3885 3865 3887
f 3887 3865 3867
f 3844 3846 3861
f 3861 3846 3865
f 3830 3836 3838
f 3838 3836 3844
f 3839 3830 3838
f 3831 3830 3839
f 3840 3832 3831
f 3946 3924 3923
f 3923 3945 3946
f 3928 3950 3923
f 3923 3950 3945
f 3919 3916 3892
f 3912 3892 3916
f 3897 3921 3896
f 3896 3921 3920
f 3896 3920 3895
f 3895 3920 3919
f 3895 3919 3892
f 3912 3888 3892
f 3887 3888 3912
f 3887 3912 3885
f 3885 3912 3908
f 3903 3881 3907
f 3907 3881 3885
f 3907 3885 3908
f 3881 3903 3904
f 3881 3904 3882
f 3882 3904 3877
f 3877 3904 3899
f 3881 3861 3885
f 3885 3861 3865
f 3882 3861 3881
f 3856 3839 3862
f 3862 3839 3838
f 3862 3838 3844
f 3862 3844 3861
f 3831 3839 3840
f 3840 3839 3856
f 3840 3856 3857
f 3857 3856 3877
f 3857 3877 3878
f 3878 3877 3899
f 3878 3899 3900
f 3877 3856 3882
f 3882 3856 3862
f 3882 3862 3861
f 3924 3900 3923
f 3923 3900 3899
f 3923 3899 3928
f 3928 3899 3904
f 3928 3904 3903
f 3943 3966 3942
f 3942 3966 3962
f 3942 3962 3941
f 3941 3962 3961
f 3941 3961 3939
f 3958 3936 3961
f 3920 3921 3942
f 3920 3942 3919
f 3919 3942 3941
f 3919 3941 3916
f 3916 3941 3939
f 3916 3939 3912
f 3989 3984 3961
f 3939 3961 3936
f 3939 3936 3912
f 3912 3936 3908
f 3908 3936 3932
f 3908 3932 3907
f 3907 3932 3954
f 3907 3954 3903
f 3903 3954 3950
f 3903 3950 3928
f 3832 3840 3857
f 3950 3979 3974
f 3954 3979 3950
f 3970 3946 3945
f 3950 3974 3945
f 3945 3974 3969
f 3945 3969 3970
f 3974 4001 3969
f 3969 4001 3996
f 3969 3996 3970
f 3970 3996 3997
f 3850 3849 3854
f 3854 3853 3852
f 3854 3852 3850
f 3850 3852 3851
f 3825 3826 3836
f 3836 3826 3827
f 3828 3829 3837
f 3828 3837 3827
f 3827 3837 3836
f 3845 3844 3837
f 3837 3844 3836
f 3847 3846 3844
f 3847 3844 3845
f 3849 3848 3847
f 3847 3848 3846
f 3848 3849 3850
f 3930 3951 3952
f 3951 3930 3929
f 3929 3948 3951
f 3890 3868 3886
f 3886 3868 3866
f 3890 3854 3849
f 3871 3872 3893
f 3893 3872 3894
f 3894 3872 3854
f 3960 3938 3956
f 3956 3938 3934
f 3930 3952 3934
f 3934 3952 3956
f 3948 3929 3926
f 3926 3929 3902
f 3880 3905 3884
f 3860 3880 3864
f 3864 3880 3884
f 3843 3860 3845
f 3845 3860 3864
f 3842 3859 3843
f 3921 3897 3898
f 3921 3898 3922
f 3886 3910 3890
f 3890 3910 3914
f 3967 3943 3968
f 3968 3943 3944
f 3968 3944 3964
f 3894 3890 3914
f 3894 3914 3918
f 3918 3914 3938
f 3918 3938 3940
f 3940 3938 3964
f 3890 3894 3854
f 3940 3917 3918
f 3918 3917 3893
f 3918 3893 3894
f 3843 3859 3860
f 3860 3859 3880
f 3880 3902 3905
f 3905 3902 3929
f 3906 3929 3930
f 3906 3930 3910
f 3910 3930 3934
f 3910 3934 3914
f 3914 3934 3938
f 3914 3938 3960
f 3938 3960 3964
f 3964 3960 3987
f 3964 3987 3986
f 3952 3977 3982
f 3952 3982 3956
f 3977 3952 3976
f 3976 3952 3951
f 3976 3951 3948
f 3976 3948 3972
f 3972 3948 3971
f 3971 3948 3947
f 3935 3957 3931
f 3931 3957 3953
f 3961 3984 3957
f 3957 3984 3983
f 3892 3869 3870
f 3891 3850 3892
f 3892 3850 3869
f 3887 3848 3891
f 3891 3848 3850
f 3838 3830 3844
f 3844 3830 3836
f 3928 3950 3945
f 3928 3945 3923
f 3927 3950 3928
f 3927 3949 3950
f 3920 3896 3897
f 3897 3921 3920
f 3911 3887 3915
f 3915 3887 3891
f 3915 3891 3916
f 3916 3891 3892
f 3907 3885 3911
f 3911 3885 3887
f 3904 3877 3881
f 3877 3856 3855
f 3877 3855 3881
f 3881 3855 3861
f 3856 3839 3838
f 3856 3838 3855
f 3855 3838 3861
f 3861 3838 3844
f 3928 3904 3927
f 3927 3904 3903
f 3942 3966 3941
f 3941 3966 3965
f 3941 3965 3939
f 3939 3965 3961
f 3939 3961 3935
f 3935 3961 3957
f 3916 3939 3915
f 3915 3939 3935
f 3915 3935 3911
f 3911 3935 3907
f 3907 3935 3931
f 3907 3931 3953
f 3907 3953 3903
f 3903 3953 3949
f 3903 3949 3927
f 3978 3973 3949
f 3949 3953 3978
f 3973 3974 4001
f 3949 3973 3950
f 3950 3973 3974
f 3945 3969 3946
f 3946 3969 3970
f 4143 4141 4142
f 4143 4142 4166
f 4166 4165 4140
f 4166 4140 4143
f 4143 4144 4141
f 4165 4166 4187
f 4187 4166 4188
f 4187 4188 4205
f 4205 4188 4206
f 4205 4206 4223
f 4223 4239 4238
f 4238 4222 4223
f 4223 4222 4205
f 4255 4254 4237
f 4237 4254 4236
f 4236 4238 4237
f 4237 4238 4239
f 4265 4264 4249
f 4249 4264 4248
f 4246 4247 4262
f 4262 4247 4263
f 4247 4246 4230
f 4247 4230 4231
f 4264 4277 4263
f 4263 4285 4284
f 4263 4284 4280
f 4263 4283 4287
f 4287 4286 4263
f 4263 4280 4275
f 4249 4248 4232
f 4249 4232 4233
f 4277 4276 4263
f 4263 4276 4283
f 4263 4286 4285
f 4275 4274 4263
f 4181 4182 4200
f 4181 4200 4199
f 4215 4231 4230
f 4233 4232 4216
f 4233 4216 4217
f 4217 4216 4199
f 4217 4199 4200
f 4230 4214 4215
f 4215 4214 4198
f 4198 4214 4197
f 4198 4197 4176
f 4176 4197 4175
f 4266 4267 4264
f 4266 4264 4263
f 4267 4266 4252
f 4252 4266 4251
f 4252 4251 4253
f 4253 4251 4255
f 4255 4251 4250
f 4255 4250 4254
f 4147 4155 4154
f 4147 4154 4146
f 4124 4123 4115
f 4116 4124 4115
f 4117 4118 4125
f 4125 4118 4126
f 4150 4151 4157
f 4150 4157 4156
f 4146 4066 4147
f 4147 4066 4067
f 4147 4067 4155
f 4155 4067 4075
f 4155 4075 4154
f 4154 4075 4074
f 4154 4074 4146
f 4146 4074 4066
f 4155 4115 4147
f 4178 4116 4155
f 4155 4116 4115
f 4178 4124 4116
f 4178 4179 4124
f 4124 4179 4125
f 4179 4117 4125
f 4156 4118 4179
f 4179 4118 4117
f 4150 4118 4156
f 4150 4070 4151
f 4151 4070 4071
f 4151 4071 4157
f 4157 4071 4077
f 4157 4077 4156
f 4156 4077 4076
f 4156 4076 4150
f 4150 4076 4070
f 4119 4118 4076
f 4119 4076 4077
f 4126 4123 4125
f 4125 4123 4124
f 4075 4115 4114
f 4075 4114 4074
f 4080 4087 4086
f 4081 4087 4080
f 4082 4083 4089
f 4088 4082 4089
f 4132 4088 4133
f 4133 4088 4089
f 4130 4086 4131
f 4131 4086 4087
f 4115 4075 4067
f 4115 4067 4147
f 4155 4147 4169
f 4177 4155 4169
f 4178 4155 4177
f 4178 4177 4170
f 4170 4177 4169
f 4148 4170 4169
f 4147 4148 4169
f 4148 4149 4170
f 4170 4149 4171
f 4170 4171 4178
f 4178 4171 4179
f 4156 4179 4180
f 4180 4179 4172
f 4172 4179 4171
f 4156 4180 4172
f 4150 4156 4172
f 4150 4172 4171
f 4150 4171 4149
f 4076 4118 4070
f 4070 4118 4150
f 4127 4126 4118
f 4127 4118 4119
f 4114 4115 4122
f 4122 4115 4123
f 4122 4123 4127
f 4127 4123 4126
f 4136 4092 4130
f 4130 4092 4086
f 4122 4080 4086
f 4122 4086 4130
f 4081 4080 4123
f 4123 4080 4122
f 4131 4087 4081
f 4131 4081 4123
f 4126 4082 4088
f 4126 4088 4132
f 4083 4082 4127
f 4127 4082 4126
f 4133 4089 4083
f 4133 4083 4127
f 4089 4093 4137
f 4089 4137 4133
f 4093 4092 4137
f 4137 4092 4136
f 4136 4130 4131
f 4133 4137 4132
f 4136 4131 4132
f 4136 4132 4137
f 4099 4098 4093
f 4093 4098 4097
f 4093 4097 4092
f 4092 4097 4096
f 4056 4042 4114
f 4056 4114 4122
f 4056 4122 4060
f 4056 4074 4042
f 4042 4074 4114
f 4034 4056 4042
f 4034 4050 4056
f 4050 4034 4066
f 4035 4067 4034
f 4034 4067 4066
f 4147 4067 4035
f 4147 4035 4148
f 4148 4035 4036
f 4036 4037 4148
f 4148 4037 4149
f 4038 4070 4150
f 4038 4150 4037
f 4037 4150 4149
f 4043 4057 4039
f 4039 4057 4053
f 4053 4071 4039
f 4039 4071 4038
f 4038 4071 4070
f 4057 4043 4077
f 4077 4043 4119
f 4127 4119 4061
f 4061 4119 4057
f 4057 4119 4043
f 4060 4122 4080
f 4086 4060 4080
f 4127 4061 4083
f 4061 4089 4083
f 4089 4090 4093
f 4093 4090 4094
f 4090 4089 4134
f 4134 4089 4133
f 4085 4086 4092
f 4085 4092 4091
f 4127 4128 4133
f 4133 4128 4134
f 4086 4085 4129
f 4086 4129 4130
f 4121 4122 4130
f 4121 4130 4129
f 4123 4126 4131
f 4126 4132 4131
f 4086 4085 4079
f 4086 4079 4060
f 4079 4059 4060
f 4060 4059 4056
f 4056 4059 4041
f 4056 4041 4042
f 4032 4038 4037
f 4032 4037 4031
f 4029 4030 4036
f 4029 4036 4035
f 4042 4041 4034
f 4044 4043 4039
f 4044 4039 4040
f 4036 4030 4037
f 4037 4030 4031
f 4034 4041 4033
f 4057 4043 4044
f 4057 4044 4061
f 4061 4044 4062
f 4090 4089 4084
f 4084 4089 4061
f 4084 4061 4062
f 4084 4083 4090
f 4090 4083 4089
f 4080 4122 4079
f 4079 4122 4121
f 4085 4086 4080
f 4085 4080 4079
f 4091 4092 4086
f 4091 4086 4085
f 4066 4074 4065
f 4065 4074 4073
f 4056 4073 4074
f 4056 4055 4073
f 4055 4056 4049
f 4056 4050 4049
f 4057 4054 4053
f 4054 4057 4058
f 4077 4058 4057
f 4077 4078 4058
f 4077 4072 4078
f 4077 4071 4072
f 4127 4083 4128
f 4128 4083 4084
f 4092 4096 4095
f 4096 4097 4095
f 4092 4095 4091
f 4091 4135 4129
f 4129 4135 4161
f 4085 4091 4129
f 4129 4161 4159
f 4159 4121 4129
f 4159 4161 4185
f 4153 4159 4175
f 4175 4159 4183
f 4185 4183 4159
f 4184 4160 4182
f 4158 4182 4160
f 4160 4184 4186
f 4160 4186 4162
f 4094 4090 4134
f 4162 4138 4134
f 4134 4128 4160
f 4094 4134 4138
f 4160 4162 4134
f 4100 4098 4099
f 4100 4093 4094
f 4099 4093 4100
f 4201 4203 4218
f 4236 4234 4218
f 4175 4183 4201
f 4201 4183 4185
f 4198 4176 4175
f 4198 4197 4215
f 4215 4197 4214
f 4220 4236 4218
f 4185 4203 4220
f 4201 4185 4203
f 4203 4185 4218
f 4218 4185 4220
f 4266 4263 4247
f 4251 4266 4247
f 4251 4247 4231
f 4231 4215 4234
f 4231 4234 4251
f 4251 4234 4250
f 4198 4175 4197
f 4197 4175 4201
f 4197 4201 4214
f 4214 4201 4218
f 4214 4218 4215
f 4215 4218 4234
f 4250 4234 4236
f 4250 4236 4254
f 4247 4246 4263
f 4258 4259 4243
f 4287 4283 4282
f 4287 4282 4286
f 4280 4284 4281
f 4281 4284 4285
f 4262 4263 4246
f 4264 4261 4273
f 4264 4273 4277
f 4248 4245 4261
f 4264 4248 4261
f 4259 4271 4272
f 4272 4260 4259
f 4243 4259 4260
f 4270 4258 4269
f 4269 4258 4257
f 4258 4270 4259
f 4259 4270 4271
f 4242 4258 4243
f 4241 4257 4242
f 4242 4257 4258
f 4275 4268 4274
f 4274 4268 4256
f 4274 4256 4263
f 4281 4285 4282
f 4282 4285 4286
f 4277 4273 4276
f 4276 4273 4272
f 4276 4272 4282
f 4282 4272 4271
f 4282 4271 4279
f 4282 4279 4281
f 4281 4279 4278
f 4281 4278 4270
f 4281 4270 4275
f 4275 4270 4269
f 4275 4269 4268
f 4261 4260 4272
f 4269 4257 4256
f 4273 4261 4272
f 4279 4271 4278
f 4278 4271 4270
f 4268 4269 4256
f 4283 4276 4282
f 4280 4281 4275
f 4263 4256 4247
f 4247 4256 4240
f 4260 4244 4243
f 4245 4244 4261
f 4261 4244 4260
f 4256 4257 4240
f 4240 4257 4241
f 4225 4209 4208
f 4228 4212 4211
f 4059 4055 4041
f 4058 4062 4044
f 4159 4153 4121
f 4113 4066 4065
f 4113 4065 4073
f 4105 4106 4066
f 4071 4111 4112
f 4071 4112 4072
f 4112 4078 4072
f 4046 4047 4031
f 4031 4047 4032
f 4032 4047 4048
f 4032 4048 4038
f 4038 4048 4052
f 4038 4052 4039
f 4039 4052 4053
f 4046 4063 4047
f 4047 4063 4064
f 4047 4064 4070
f 4047 4070 4052
f 4052 4070 4071
f 4052 4071 4053
f 4064 4069 4070
f 4058 4044 4054
f 4054 4044 4040
f 4054 4040 4053
f 4053 4040 4039
f 4084 4062 4058
f 4078 4084 4058
f 4103 4109 4104
f 4149 4109 4148
f 4148 4109 4103
f 4069 4109 4070
f 4070 4109 4110
f 4070 4110 4071
f 4071 4110 4111
f 4078 4120 4084
f 4084 4120 4128
f 4160 4128 4158
f 4120 4078 4112
f 4120 4158 4128
f 4109 4149 4110
f 4110 4149 4150
f 4110 4150 4111
f 4111 4150 4151
f 4111 4151 4152
f 4111 4152 4112
f 4112 4152 4120
f 4120 4152 4158
f 4217 4200 4213
f 4213 4200 4196
f 4213 4196 4195
f 4213 4195 4212
f 4212 4195 4194
f 4249 4233 4248
f 4248 4233 4232
f 4248 4232 4245
f 4245 4232 4229
f 4245 4229 4244
f 4244 4229 4228
f 4212 4228 4213
f 4213 4228 4229
f 4213 4229 4217
f 4217 4229 4232
f 4217 4232 4233
f 4191 4169 4190
f 4190 4169 4168
f 4190 4168 4189
f 4189 4168 4167
f 4189 4167 4197
f 4197 4167 4175
f 4200 4182 4196
f 4196 4182 4174
f 4196 4174 4195
f 4195 4174 4173
f 4195 4173 4194
f 4194 4173 4172
f 4194 4172 4193
f 4193 4172 4171
f 4193 4171 4192
f 4192 4171 4170
f 4192 4170 4191
f 4191 4170 4169
f 4241 4225 4240
f 4240 4225 4224
f 4240 4224 4247
f 4247 4224 4231
f 4214 4230 4231
f 4214 4231 4207
f 4207 4231 4224
f 4207 4224 4208
f 4208 4224 4225
f 4243 4227 4242
f 4242 4227 4226
f 4242 4226 4241
f 4241 4226 4225
f 4243 4244 4228
f 4243 4228 4227
f 4227 4228 4211
f 4227 4211 4226
f 4226 4211 4210
f 4226 4210 4209
f 4226 4209 4225
f 4209 4191 4208
f 4208 4191 4190
f 4208 4190 4207
f 4207 4190 4189
f 4207 4189 4214
f 4214 4189 4197
f 4059 4079 4073
f 4073 4055 4059
f 4041 4055 4033
f 4033 4055 4049
f 4033 4049 4034
f 4034 4049 4050
f 4113 4073 4121
f 4121 4073 4079
f 4105 4066 4113
f 4035 4034 4050
f 4035 4050 4051
f 4051 4050 4066
f 4051 4066 4067
f 4031 4030 4046
f 4067 4063 4046
f 4067 4046 4045
f 4045 4046 4029
f 4030 4029 4046
f 4048 4047 4052
f 4106 4067 4066
f 4146 4106 4145
f 4145 4106 4105
f 4145 4105 4153
f 4153 4105 4113
f 4153 4113 4121
f 4105 4106 4113
f 4035 4051 4045
f 4067 4106 4107
f 4107 4106 4146
f 4107 4146 4147
f 4107 4147 4108
f 4147 4148 4108
f 4108 4148 4103
f 4103 4104 4064
f 4064 4063 4103
f 4103 4063 4108
f 4108 4063 4068
f 4108 4068 4107
f 4104 4109 4069
f 4104 4069 4064
f 4068 4063 4067
f 4068 4067 4107
f 4212 4194 4211
f 4211 4194 4193
f 4211 4193 4210
f 4210 4193 4192
f 4210 4192 4209
f 4209 4192 4191
f 4169 4147 4168
f 4168 4147 4146
f 4168 4146 4167
f 4167 4146 4145
f 4167 4145 4175
f 4175 4145 4153
f 4182 4158 4174
f 4174 4158 4152
f 4174 4152 4173
f 4173 4152 4151
f 4173 4151 4172
f 4172 4151 4150
f 4067 4045 4051
f 4045 4029 4035
f 4184 4182 4200
f 4184 4202 4204
f 4184 4204 4186
f 4255 4237 4235
f 4255 4235 4253
f 4199 4216 4200
f 4216 4217 4200
f 4200 4202 4184
f 4248 4264 4252
f 4248 4252 4232
f 4232 4252 4235
f 4232 4235 4216
f 4216 4235 4217
f 4217 4235 4219
f 4217 4219 4200
f 4200 4219 4202
f 4219 4235 4237
f 4219 4237 4221
f 4221 4204 4219
f 4219 4204 4202
f 4253 4235 4252
f 4267 4252 4264
f 4098 4100 4097
f 4095 4097 4100
f 4140 4165 4139
f 4095 4101 4140
f 4140 4101 4143
f 4139 4095 4140
f 4091 4095 4135
f 4135 4163 4161
f 4163 4185 4161
f 4205 4222 4220
f 4220 4222 4238
f 4220 4238 4236
f 4205 4220 4203
f 4203 4185 4205
f 4165 4187 4163
f 4165 4163 4139
f 4139 4163 4135
f 4139 4135 4095
f 4163 4187 4185
f 4185 4187 4205
f 4142 4138 4164
f 4164 4162 4186
f 4138 4094 4164
f 4164 4138 4162
f 4142 4100 4138
f 4102 4100 4142
f 4142 4141 4102
f 4102 4141 4144
f 4204 4221 4206
f 4204 4206 4186
f 4237 4239 4221
f 4221 4239 4223
f 4221 4223 4206
f 4166 4142 4164
f 4166 4164 4188
f 4186 4206 4188
f 4186 4188 4164
f 4094 4138 4100
f 4095 4100 4102
f 4144 4101 4095
f 4144 4095 4102
f 4144 4143 4101
f 4295 4425 4417
f 4322 4295 4417
f 4417 4416 4322
f 4416 4321 4322
f 4425 4295 4424
f 4424 4295 4294
f 4290 4420 4292
f 4292 4420 4422
f 4292 4422 4293
f 4293 4422 4423
f 4293 4423 4294
f 4294 4423 4424
f 4304 4330 4325
f 4304 4325 4346
f 4304 4346 4360
f 4304 4378 4394
f 4304 4299 4330
f 4360 4373 4304
f 4304 4373 4378
f 4304 4394 4399
f 4418 4288 4289
f 4289 4419 4418
f 4419 4289 4308
f 4419 4308 4403
f 4403 4308 4303
f 4403 4303 4398
f 4398 4303 4304
f 4398 4304 4399
f 4288 4418 4291
f 4291 4418 4421
f 4291 4421 4420
f 4291 4420 4290
f 4342 4321 4416
f 4416 4390 4342
f 4390 4341 4342
f 4341 4390 4389
f 4341 4370 4356
f 4341 4389 4370
f 4385 4367 4386
f 4390 4370 4389
f 4369 4355 4356
f 4356 4370 4369
f 4386 4387 4410
f 4385 4386 4407
f 4407 4386 4410
f 4384 4385 4404
f 4404 4385 4407
f 4404 4407 4405
f 4405 4407 4408
f 4368 4387 4386
f 4386 4367 4368
f 4385 4384 4367
f 4354 4368 4367
f 4395 4381 4380
f 4380 4381 4375
f 4374 4380 4375
f 4376 4371 4358
f 4376 4358 4375
f 4375 4358 4362
f 4365 4352 4366
f 4366 4352 4353
f 4365 4351 4352
f 4350 4363 4364
f 4350 4349 4363
f 4363 4349 4351
f 4363 4351 4365
f 4358 4357 4362
f 4364 4380 4361
f 4361 4380 4374
f 4362 4348 4347
f 4361 4362 4347
f 4348 4362 4343
f 4343 4362 4357
f 4343 4357 4344
f 4344 4357 4358
f 4361 4347 4364
f 4364 4347 4350
f 4420 4421 4402
f 4402 4421 4418
f 4363 4379 4382
f 4405 4384 4404
f 4406 4401 4400
f 4364 4363 4379
f 4382 4384 4383
f 4383 4384 4405
f 4383 4405 4400
f 4401 4396 4395
f 4395 4396 4381
f 4381 4396 4375
f 4397 4396 4401
f 4397 4401 4402
f 4400 4401 4395
f 4380 4383 4395
f 4395 4383 4400
f 4397 4392 4391
f 4391 4392 4375
f 4396 4397 4391
f 4391 4375 4396
f 4376 4375 4392
f 4382 4383 4380
f 4362 4361 4374
f 4362 4374 4375
f 4402 4401 4420
f 4420 4401 4406
f 4420 4406 4422
f 4422 4406 4409
f 4425 4424 4413
f 4413 4424 4411
f 4387 4388 4412
f 4412 4388 4414
f 4412 4414 4413
f 4413 4414 4415
f 4354 4355 4368
f 4368 4355 4369
f 4369 4370 4388
f 4388 4370 4390
f 4388 4390 4414
f 4414 4390 4416
f 4414 4416 4415
f 4415 4416 4417
f 4424 4423 4411
f 4411 4423 4409
f 4411 4409 4408
f 4408 4409 4405
f 4411 4412 4413
f 4408 4412 4411
f 4423 4422 4409
f 4409 4406 4405
f 4405 4406 4400
f 4382 4380 4379
f 4379 4380 4364
f 4367 4366 4353
f 4367 4353 4354
f 4417 4425 4415
f 4415 4425 4413
f 4408 4407 4412
f 4412 4407 4410
f 4412 4410 4387
f 4388 4387 4369
f 4369 4387 4368
f 4366 4367 4384
f 4366 4384 4365
f 4365 4384 4382
f 4365 4382 4363
f 4372 4378 4373
f 4372 4373 4359
f 4359 4373 4360
f 4378 4372 4377
f 4393 4394 4377
f 4378 4377 4394
f 4418 4419 4402
f 4402 4419 4403
f 4376 4392 4393
f 4371 4372 4358
f 4359 4358 4372
f 4372 4371 4377
f 4377 4371 4376
f 4403 4398 4397
f 4403 4397 4402
f 4397 4398 4392
f 4398 4399 4393
f 4399 4394 4393
f 4393 4377 4376
f 4359 4358 4345
f 4393 4392 4398
f 4288 4291 4290
f 4342 4341 4356
f 4339 4340 4354
f 4340 4355 4354
f 4338 4337 4315
f 4315 4337 4312
f 4337 4336 4312
f 4312 4336 4309
f 4312 4309 4310
f 4312 4310 4313
f 4301 4333 4327
f 4309 4336 4310
f 4336 4334 4310
f 4310 4334 4335
f 4310 4335 4305
f 4326 4327 4332
f 4332 4327 4333
f 4332 4333 4300
f 4300 4333 4301
f 4351 4334 4352
f 4352 4334 4336
f 4352 4336 4337
f 4353 4352 4337
f 4353 4337 4338
f 4354 4353 4338
f 4354 4338 4339
f 4331 4334 4351
f 4331 4351 4349
f 4332 4331 4349
f 4332 4349 4350
f 4332 4335 4334
f 4332 4334 4331
f 4327 4326 4347
f 4327 4347 4348
f 4302 4307 4306
f 4306 4307 4311
f 4348 4343 4327
f 4301 4302 4306
f 4297 4327 4328
f 4323 4328 4327
f 4323 4327 4344
f 4343 4344 4348
f 4348 4344 4327
f 4327 4296 4301
f 4311 4290 4314
f 4314 4290 4292
f 4314 4292 4316
f 4316 4292 4293
f 4316 4293 4318
f 4318 4293 4294
f 4318 4294 4295
f 4318 4295 4320
f 4320 4295 4322
f 4340 4339 4319
f 4319 4339 4317
f 4319 4317 4318
f 4319 4318 4320
f 4356 4355 4340
f 4356 4340 4342
f 4342 4340 4319
f 4342 4319 4321
f 4321 4319 4320
f 4321 4320 4322
f 4300 4301 4305
f 4305 4301 4306
f 4314 4313 4311
f 4305 4335 4332
f 4326 4332 4350
f 4326 4350 4347
f 4300 4305 4332
f 4318 4317 4316
f 4316 4317 4313
f 4339 4338 4315
f 4339 4315 4317
f 4317 4315 4312
f 4317 4312 4313
f 4296 4327 4297
f 4296 4297 4302
f 4296 4302 4301
f 4305 4306 4310
f 4310 4306 4311
f 4314 4316 4313
f 4307 4288 4290
f 4307 4290 4311
f 4310 4311 4313
f 4289 4288 4307
f 4330 4299 4298
f 4330 4298 4329
f 4345 4325 4324
f 4324 4325 4330
f 4324 4330 4329
f 4345 4346 4325
f 4359 4360 4346
f 4346 4345 4359
f 4304 4303 4299
f 4299 4303 4298
f 4308 4289 4307
f 4308 4307 4303
f 4303 4307 4302
f 4358 4359 4344
f 4344 4359 4345
f 4324 4344 4345
f 4324 4329 4328
f 4324 4328 4323
f 4324 4323 4344
f 4302 4297 4303
f 4303 4297 4298
f 4297 4328 4329
f 4298 4297 4329
f 4502 4496 4499
f 4496 4502 4497
f 4497 4502 4503
f 4501 4498 4495
f 4501 4495 4500
f 4500 4495 4494
f 4495 4501 4494
f 4494 4501 4500
f 4495 4485 4484
f 4495 4484 4494
f 4485 4495 4496
f 4485 4496 4497
f 4454 4441 4470
f 4470 4441 4497
f 4496 4470 4497
f 4440 4453 4469
f 4440 4469 4494
f 4494 4469 4495
f 4495 4469 4496
f 4496 4469 4470
f 4441 4454 4440
f 4440 4454 4453
f 4497 4503 4496
f 4496 4503 4502
f 4428 4429 4440
f 4440 4429 4441
f 4484 4440 4494
f 4442 4428 4440
f 4429 4443 4441
f 4441 4485 4497
f 4497 4489 4503
f 4485 4473 4487
f 4485 4487 4497
f 4497 4487 4489
f 4433 4445 4429
f 4429 4445 4443
f 4473 4485 4457
f 4457 4485 4441
f 4441 4443 4457
f 4471 4485 4441
f 4497 4489 4485
f 4485 4489 4487
f 4441 4485 4473
f 4441 4473 4457
f 4441 4455 4471
f 4468 4484 4471
f 4471 4484 4485
f 4455 4454 4471
f 4453 4454 4455
f 4452 4468 4453
f 4468 4469 4453
f 4471 4470 4468
f 4470 4469 4468
f 4454 4470 4471
f 4433 4430 4429
f 4429 4430 4428
f 4429 4428 4427
f 4427 4428 4426
f 4427 4426 4441
f 4441 4426 4440
f 4441 4440 4455
f 4455 4440 4452
f 4455 4452 4453
f 4427 4441 4429
f 4484 4486 4494
f 4494 4486 4488
f 4494 4488 4500
f 4440 4484 4468
f 4456 4440 4442
f 4440 4456 4472
f 4440 4472 4484
f 4484 4472 4486
f 4442 4428 4444
f 4444 4428 4430
f 4468 4452 4440
f 4442 4444 4430
f 4430 4428 4442
f 4426 4428 4440
f 4429 4428 4433
f 4433 4428 4430
f 4432 4431 4430
f 4432 4430 4433
f 4430 4431 4433
f 4432 4433 4431
f 4435 4437 4433
f 4436 4434 4430
f 4478 4482 4477
f 4477 4482 4481
f 4482 4478 4466
f 4466 4478 4462
f 4461 4465 4466
f 4461 4466 4462
f 4477 4481 4465
f 4477 4465 4461
f 4506 4510 4507
f 4507 4510 4511
f 4510 4506 4505
f 4510 4505 4509
f 4504 4508 4509
f 4504 4509 4505
f 4493 4511 4510
f 4493 4510 4509
f 4493 4509 4492
f 4492 4509 4508
f 4480 4464 4481
f 4464 4465 4481
f 4465 4464 4466
f 4482 4466 4467
f 4481 4482 4483
f 4482 4467 4483
f 4493 4492 4483
f 4483 4492 4480
f 4483 4480 4481
f 4467 4466 4464
f 4467 4464 4451
f 4451 4464 4450
f 4451 4450 4439
f 4439 4450 4438
f 4508 4504 4505
f 4505 4509 4508
f 4506 4510 4509
f 4506 4509 4505
f 4510 4506 4511
f 4511 4506 4507
f 4451 4478 4511
f 4508 4477 4450
f 4450 4477 4461
f 4451 4462 4478
f 4511 4478 4510
f 4510 4478 4509
f 4509 4478 4477
f 4450 4461 4451
f 4451 4461 4462
f 4477 4508 4509
f 4450 4451 4438
f 4438 4451 4439
f 4438 4439 4436
f 4436 4439 4437
f 4451 4463 4467
f 4483 4467 4479
f 4479 4467 4463
f 4479 4493 4483
f 4450 4464 4460
f 4492 4476 4480
f 4480 4476 4460
f 4480 4460 4464
f 4436 4450 4438
f 4492 4508 4490
f 4490 4508 4504
f 4434 4446 4444
f 4434 4444 4430
f 4492 4490 4474
f 4492 4474 4476
f 4476 4474 4460
f 4460 4474 4458
f 4460 4458 4450
f 4450 4458 4448
f 4450 4448 4438
f 4438 4448 4436
f 4446 4434 4436
f 4446 4436 4448
f 4430 4444 4446
f 4430 4446 4436
f 4474 4508 4450
f 4474 4450 4458
f 4474 4490 4508
f 4436 4448 4450
f 4511 4507 4491
f 4475 4511 4491
f 4511 4475 4451
f 4451 4475 4459
f 4447 4437 4449
f 4437 4447 4433
f 4433 4447 4445
f 4437 4451 4449
f 4451 4459 4449
f 4459 4475 4463
f 4463 4475 4479
f 4479 4475 4493
f 4493 4475 4491
f 4493 4491 4511
f 4437 4435 4447
f 4447 4435 4445
f 4445 4435 4433
f 4449 4451 4439
f 4449 4439 4437
f 4459 4463 4451
f 4439 4451 4437
f 4758 4774 4759
f 4759 4774 4775
f 4778 4762 4779
f 4762 4744 4763
f 4762 4763 4779
f 4710 4711 4729
f 4764 4745 4765
f 4708 4709 4728
f 4708 4728 4727
f 4774 4776 4778
f 4762 4760 4758
f 4776 4774 4760
f 4760 4774 4758
f 4774 4778 4775
f 4775 4778 4779
f 4777 4761 4775
f 4775 4761 4759
f 4763 4761 4779
f 4779 4761 4777
f 4777 4775 4779
f 4759 4761 4760
f 4759 4760 4758
f 4529 4530 4536
f 4536 4530 4537
f 4536 4537 4529
f 4529 4537 4530
f 4559 4525 4563
f 4525 4532 4563
f 4563 4532 4533
f 4563 4533 4564
f 4515 4513 4539
f 4513 4532 4539
f 4571 4540 4539
f 4571 4539 4570
f 4570 4539 4546
f 4570 4546 4575
f 4514 4515 4538
f 4538 4515 4539
f 4574 4545 4569
f 4545 4538 4569
f 4569 4538 4537
f 4569 4537 4568
f 4512 4514 4531
f 4531 4514 4538
f 4561 4530 4531
f 4561 4531 4562
f 4531 4524 4562
f 4562 4524 4558
f 4512 4532 4513
f 4532 4512 4531
f 4551 4544 4545
f 4524 4525 4532
f 4524 4532 4531
f 4552 4551 4550
f 4554 4553 4546
f 4547 4554 4546
f 4548 4547 4540
f 4541 4548 4540
f 4534 4541 4533
f 4519 4520 4525
f 4525 4520 4526
f 4525 4524 4518
f 4525 4518 4519
f 4524 4517 4518
f 4543 4536 4529
f 4527 4534 4533
f 4527 4533 4526
f 4526 4533 4532
f 4541 4540 4533
f 4533 4540 4532
f 4532 4540 4539
f 4547 4539 4540
f 4547 4546 4539
f 4546 4545 4539
f 4539 4545 4538
f 4545 4552 4551
f 4553 4552 4545
f 4553 4545 4546
f 4544 4537 4538
f 4544 4538 4545
f 4536 4544 4543
f 4544 4536 4537
f 4537 4529 4538
f 4538 4529 4531
f 4522 4530 4529
f 4529 4530 4531
f 4543 4544 4545
f 4523 4517 4524
f 4522 4523 4524
f 4522 4524 4530
f 4530 4524 4531
f 4526 4532 4525
f 4613 4591 4594
f 4656 4671 4672
f 4653 4666 4650
f 4653 4668 4666
f 4668 4653 4667
f 4652 4688 4653
f 4653 4688 4667
f 4673 4694 4652
f 4652 4694 4688
f 4673 4716 4694
f 4672 4715 4673
f 4673 4715 4716
f 4692 4714 4671
f 4715 4672 4714
f 4714 4672 4671
f 4603 4604 4580
f 4552 4602 4553
f 4553 4602 4603
f 4553 4603 4580
f 4553 4580 4554
f 4554 4580 4576
f 4554 4576 4547
f 4577 4548 4547
f 4548 4577 4598
f 4548 4577 4572
f 4548 4572 4541
f 4591 4565 4572
f 4541 4572 4565
f 4541 4565 4534
f 4613 4616 4634
f 4648 4632 4634
f 4634 4632 4613
f 4620 4637 4616
f 4616 4637 4634
f 4638 4656 4639
f 4639 4656 4672
f 4650 4648 4634
f 4650 4634 4653
f 4653 4634 4637
f 4653 4637 4620
f 4653 4620 4652
f 4652 4620 4619
f 4652 4619 4636
f 4652 4636 4673
f 4673 4636 4640
f 4673 4640 4672
f 4672 4640 4639
f 4597 4576 4604
f 4604 4576 4580
f 4594 4591 4572
f 4594 4572 4598
f 4598 4572 4577
f 4620 4598 4597
f 4597 4598 4577
f 4597 4577 4576
f 4576 4577 4547
f 4602 4638 4603
f 4603 4638 4639
f 4603 4639 4604
f 4604 4639 4640
f 4604 4640 4597
f 4597 4640 4636
f 4597 4636 4620
f 4620 4636 4619
f 4620 4619 4598
f 4598 4620 4594
f 4594 4620 4616
f 4594 4616 4613
f 4690 4669 4670
f 4691 4713 4690
f 4691 4670 4671
f 4691 4671 4692
f 4690 4670 4691
f 4602 4552 4579
f 4601 4551 4552
f 4601 4552 4602
f 4578 4550 4551
f 4578 4551 4600
f 4600 4551 4601
f 4670 4669 4654
f 4621 4622 4654
f 4654 4622 4670
f 4638 4671 4623
f 4623 4671 4622
f 4622 4601 4602
f 4622 4602 4623
f 4621 4600 4622
f 4622 4600 4601
f 4671 4670 4622
f 4596 4543 4600
f 4600 4543 4550
f 4596 4573 4543
f 4726 4707 4686
f 4730 4726 4686
f 4712 4730 4690
f 4690 4730 4686
f 4713 4712 4690
f 4550 4578 4600
f 4651 4635 4596
f 4651 4596 4654
f 4654 4596 4600
f 4654 4600 4621
f 4686 4651 4690
f 4690 4651 4654
f 4690 4654 4669
f 4618 4596 4635
f 4567 4543 4573
f 4567 4536 4543
f 4536 4567 4593
f 4593 4615 4633
f 4596 4618 4615
f 4615 4618 4635
f 4615 4635 4649
f 4615 4567 4596
f 4596 4567 4573
f 4593 4567 4615
f 4726 4725 4707
f 4707 4725 4705
f 4707 4705 4684
f 4707 4684 4686
f 4635 4651 4649
f 4649 4651 4686
f 4684 4649 4686
f 4705 4725 4684
f 4649 4633 4615
f 4667 4673 4668
f 4667 4694 4673
f 4716 4715 4694
f 4694 4715 4693
f 4693 4715 4692
f 4715 4714 4692
f 4714 4713 4692
f 4692 4713 4691
f 4713 4731 4730
f 4713 4730 4712
f 4623 4602 4603
f 4535 4595 4542
f 4542 4595 4599
f 4542 4599 4549
f 4549 4599 4598
f 4549 4598 4548
f 4604 4554 4598
f 4598 4554 4548
f 4554 4604 4553
f 4553 4604 4603
f 4603 4602 4579
f 4603 4579 4553
f 4553 4579 4552
f 4639 4693 4692
f 4692 4671 4639
f 4639 4671 4638
f 4639 4638 4623
f 4640 4694 4639
f 4639 4694 4693
f 4694 4640 4673
f 4657 4653 4668
f 4657 4668 4673
f 4632 4634 4614
f 4614 4634 4617
f 4614 4617 4592
f 4535 4566 4595
f 4595 4566 4592
f 4673 4640 4657
f 4657 4640 4624
f 4657 4624 4653
f 4653 4624 4620
f 4617 4634 4616
f 4616 4634 4620
f 4620 4634 4653
f 4603 4639 4623
f 4592 4617 4595
f 4595 4617 4616
f 4595 4616 4599
f 4599 4616 4620
f 4599 4620 4598
f 4598 4620 4624
f 4598 4624 4604
f 4604 4624 4640
f 4527 4521 4520
f 4587 4610 4628
f 4628 4610 4644
f 4644 4662 4679
f 4560 4557 4522
f 4560 4522 4529
f 4606 4605 4641
f 4658 4659 4641
f 4516 4581 4582
f 4516 4582 4517
f 4583 4518 4517
f 4583 4517 4582
f 4607 4660 4625
f 4606 4582 4581
f 4606 4581 4605
f 4582 4606 4583
f 4583 4606 4607
f 4606 4659 4607
f 4607 4659 4660
f 4641 4659 4606
f 4695 4696 4674
f 4717 4695 4674
f 4720 4717 4679
f 4679 4717 4674
f 4700 4720 4679
f 4628 4644 4587
f 4522 4557 4587
f 4522 4587 4581
f 4522 4581 4516
f 4587 4644 4581
f 4581 4644 4641
f 4581 4641 4605
f 4644 4679 4641
f 4641 4679 4674
f 4641 4674 4658
f 4674 4675 4658
f 4675 4659 4658
f 4676 4660 4675
f 4675 4660 4659
f 4674 4696 4675
f 4626 4625 4660
f 4626 4660 4676
f 4584 4583 4607
f 4518 4583 4584
f 4584 4519 4518
f 4520 4519 4584
f 4584 4585 4520
f 4586 4527 4585
f 4585 4527 4520
f 4527 4586 4588
f 4527 4588 4528
f 4528 4588 4589
f 4528 4589 4535
f 4535 4589 4592
f 4535 4592 4566
f 4632 4646 4648
f 4661 4646 4643
f 4627 4661 4643
f 4661 4627 4678
f 4678 4627 4626
f 4678 4626 4677
f 4646 4611 4643
f 4643 4611 4609
f 4643 4609 4627
f 4632 4614 4613
f 4632 4613 4646
f 4646 4613 4611
f 4676 4677 4626
f 4626 4584 4607
f 4626 4607 4625
f 4584 4626 4585
f 4585 4626 4627
f 4585 4627 4586
f 4586 4627 4609
f 4586 4609 4588
f 4588 4609 4611
f 4588 4611 4589
f 4589 4611 4592
f 4592 4611 4613
f 4592 4613 4614
f 4590 4612 4560
f 4587 4612 4610
f 4587 4557 4560
f 4587 4560 4612
f 4646 4664 4665
f 4646 4665 4648
f 4661 4678 4664
f 4698 4699 4678
f 4678 4677 4698
f 4697 4698 4677
f 4718 4695 4717
f 4695 4718 4696
f 4612 4631 4647
f 4723 4720 4700
f 4723 4700 4704
f 4700 4682 4704
f 4704 4682 4723
f 4612 4647 4644
f 4612 4644 4610
f 4700 4679 4682
f 4682 4679 4662
f 4647 4682 4662
f 4647 4662 4644
f 4697 4677 4676
f 4676 4675 4697
f 4697 4675 4696
f 4646 4661 4664
f 4560 4529 4590
f 4612 4590 4631
f 4679 4720 4723
f 4723 4682 4679
f 4659 4675 4674
f 4674 4675 4718
f 4674 4718 4717
f 4606 4642 4641
f 4557 4522 4516
f 4557 4516 4556
f 4647 4631 4590
f 4581 4606 4641
f 4581 4641 4587
f 4641 4644 4587
f 4587 4557 4556
f 4587 4556 4581
f 4581 4556 4582
f 4647 4590 4644
f 4644 4590 4587
f 4590 4560 4587
f 4679 4682 4647
f 4679 4647 4644
f 4679 4644 4674
f 4674 4644 4641
f 4674 4641 4659
f 4659 4641 4642
f 4535 4534 4528
f 4528 4534 4527
f 4526 4520 4527
f 4554 4555 4548
f 4542 4549 4548
f 4534 4535 4541
f 4541 4535 4542
f 4548 4541 4542
f 4547 4548 4554
f 4725 4726 4684
f 4655 4654 4670
f 4690 4730 4731
f 4690 4731 4691
f 4684 4726 4686
f 4633 4649 4593
f 4578 4550 4543
f 4578 4543 4573
f 4593 4596 4567
f 4655 4622 4654
f 4654 4622 4600
f 4654 4600 4651
f 4651 4600 4596
f 4600 4601 4578
f 4600 4578 4596
f 4596 4578 4573
f 4593 4649 4596
f 4596 4649 4651
f 4649 4684 4651
f 4651 4684 4686
f 4651 4686 4654
f 4654 4686 4690
f 4654 4690 4670
f 4741 4740 4724
f 4724 4740 4723
f 4731 4726 4730
f 4692 4714 4693
f 4693 4714 4715
f 4731 4730 4746
f 4731 4746 4747
f 4746 4730 4726
f 4726 4743 4746
f 4664 4629 4630
f 4663 4645 4664
f 4629 4664 4645
f 4663 4680 4703
f 4544 4553 4552
f 4517 4518 4523
f 4523 4518 4519
f 4544 4552 4551
f 4550 4543 4544
f 4550 4544 4551
f 4527 4534 4548
f 4548 4534 4541
f 4547 4554 4544
f 4544 4554 4553
f 4522 4516 4523
f 4523 4516 4517
f 4523 4519 4520
f 4523 4520 4526
f 4737 4720 4740
f 4740 4720 4723
f 4733 4717 4737
f 4737 4717 4720
f 4717 4733 4734
f 4717 4734 4718
f 4723 4725 4740
f 4740 4725 4742
f 4726 4743 4725
f 4725 4743 4742
f 4725 4723 4684
f 4684 4723 4682
f 4684 4682 4649
f 4649 4682 4647
f 4649 4647 4633
f 4633 4647 4612
f 4633 4612 4593
f 4593 4612 4590
f 4593 4590 4560
f 4593 4560 4567
f 4567 4560 4529
f 4567 4529 4536
f 4650 4648 4666
f 4689 4667 4668
f 4689 4688 4667
f 4663 4680 4681
f 4663 4681 4664
f 4666 4648 4665
f 4683 4666 4665
f 4668 4685 4689
f 4678 4699 4703
f 4668 4666 4685
f 4685 4666 4683
f 4683 4665 4664
f 4678 4703 4680
f 4683 4664 4680
f 4680 4664 4681
f 4685 4688 4689
f 4711 4694 4688
f 4694 4711 4716
f 4741 4737 4740
f 4734 4733 4738
f 4738 4733 4741
f 4741 4733 4737
f 4742 4723 4740
f 4726 4723 4743
f 4743 4723 4742
f 4680 4664 4663
f 4680 4663 4678
f 4688 4667 4694
f 4748 4732 4749
f 4715 4716 4748
f 4748 4716 4732
f 4748 4714 4715
f 4748 4731 4714
f 4748 4747 4731
f 4767 4766 4748
f 4748 4766 4747
f 4748 4768 4767
f 4748 4769 4768
f 4748 4749 4769
f 4731 4713 4714
f 4747 4727 4731
f 4747 4744 4727
f 4766 4762 4747
f 4747 4762 4744
f 4767 4763 4762
f 4767 4762 4766
f 4763 4767 4779
f 4779 4767 4781
f 4779 4781 4782
f 4779 4782 4780
f 4780 4782 4768
f 4780 4768 4764
f 4764 4768 4765
f 4765 4768 4769
f 4765 4769 4749
f 4765 4749 4745
f 4745 4749 4729
f 4729 4749 4732
f 4729 4732 4711
f 4711 4732 4716
f 4715 4711 4716
f 4715 4710 4711
f 4731 4727 4708
f 4731 4708 4713
f 4713 4708 4709
f 4713 4709 4714
f 4714 4709 4710
f 4714 4710 4715
f 4781 4767 4768
f 4781 4768 4782
f 4683 4680 4685
f 4685 4680 4703
f 4685 4703 4706
f 4685 4706 4688
f 4688 4706 4711
f 4710 4687 4711
f 4688 4711 4687
f 4711 4706 4703
f 4711 4703 4729
f 4729 4703 4722
f 4739 4745 4722
f 4722 4745 4729
f 4757 4765 4739
f 4739 4765 4745
f 4773 4780 4756
f 4756 4780 4764
f 4756 4764 4757
f 4757 4764 4765
f 4755 4763 4772
f 4772 4763 4779
f 4772 4779 4773
f 4773 4779 4780
f 4754 4762 4755
f 4755 4762 4763
f 4738 4744 4754
f 4754 4744 4762
f 4721 4727 4738
f 4738 4727 4744
f 4702 4698 4703
f 4703 4698 4699
f 4703 4699 4719
f 4703 4719 4722
f 4722 4719 4736
f 4722 4736 4739
f 4739 4736 4753
f 4739 4753 4757
f 4757 4753 4752
f 4757 4752 4756
f 4756 4752 4771
f 4756 4771 4773
f 4773 4771 4770
f 4773 4770 4772
f 4772 4770 4751
f 4772 4751 4755
f 4755 4751 4750
f 4755 4750 4754
f 4754 4750 4734
f 4754 4734 4738
f 4738 4734 4718
f 4738 4718 4721
f 4771 4752 4751
f 4771 4751 4770
f 4721 4718 4696
f 4721 4696 4701
f 4677 4608 4696
f 4696 4608 4607
f 4696 4607 4606
f 4696 4697 4677
f 4753 4736 4752
f 4751 4734 4750
f 4697 4696 4718
f 4698 4719 4699
f 4735 4718 4734
f 4697 4718 4735
f 4735 4698 4697
f 4719 4698 4735
f 4735 4736 4719
f 4752 4736 4735
f 4735 4751 4752
f 4734 4751 4735
f 4544 4529 4547
f 4547 4529 4522
f 4522 4523 4547
f 4547 4523 4526
f 4544 4543 4529
f 4548 4547 4527
f 4527 4547 4526
f 4991 4990 4989
f 4989 4990 4984
f 4989 4984 4983
f 4983 4984 4982
f 4983 4982 4977
f 4977 4982 4968
f 4977 4968 4964
f 4964 4968 4941
f 4964 4941 4937
f 4937 4941 4946
f 4937 4946 4942
f 4942 4946 4947
f 4947 4946 4951
f 4947 4951 4957
f 4947 4957 4952
f 4952 4957 4972
f 4952 4972 4971
f 4971 4972 4988
f 4971 4988 4987
f 4987 4988 4986
f 4987 4986 4985
f 4985 4986 4992
f 4985 4992 4991
f 4991 4992 4990
f 4946 4969 4951
f 4969 4972 4957
f 4969 4957 4951
f 4969 4988 4972
f 4969 4986 4988
f 4990 4992 4969
f 4969 4992 4986
f 4984 4990 4969
f 4969 4982 4984
f 4969 4968 4982
f 4946 4941 4969
f 4969 4941 4968
f 4947 4970 4942
f 4970 4964 4937
f 4970 4937 4942
f 4970 4977 4964
f 4970 4983 4977
f 4991 4989 4970
f 4970 4989 4983
f 4985 4991 4970
f 4970 4987 4985
f 4970 4971 4987
f 4947 4952 4970
f 4970 4952 4971
f 4817 4840 4839
f 4839 4816 4817
f 4817 4835 4840
f 4786 4792 4791
f 4792 4786 4787
f 4792 4787 4788
f 4792 4788 4793
f 4835 4836 4817
f 4818 4817 4836
f 4940 4967 4941
f 4941 4967 4968
f 4920 4946 4924
f 4924 4946 4951
f 4928 4956 4932
f 4932 4956 4955
f 4932 4955 4959
f 4932 4959 4931
f 4982 4968 4981
f 4968 4967 4981
f 4981 4967 4963
f 4981 4963 4976
f 4976 4963 4975
f 4975 4963 4962
f 4962 4935 4911
f 4786 4797 4798
f 4786 4798 4787
f 4787 4798 4788
f 4798 4799 4788
f 4801 4793 4788
f 4801 4788 4799
f 4811 4830 4813
f 4813 4830 4832
f 4818 4836 4835
f 4818 4835 4817
f 4861 4839 4840
f 4861 4840 4862
f 4924 4923 4920
f 4920 4923 4919
f 4920 4919 4946
f 4946 4919 4945
f 4951 4950 4923
f 4951 4923 4924
f 4928 4932 4927
f 4931 4927 4932
f 4940 4941 4945
f 4945 4941 4946
f 4941 4968 4939
f 4939 4968 4966
f 4946 4941 4944
f 4944 4941 4939
f 4946 4944 4951
f 4951 4944 4949
f 4949 4950 4951
f 4950 4949 4955
f 4950 4955 4956
f 4956 4955 4959
f 4981 4976 4979
f 4979 4976 4975
f 4980 4982 4981
f 4980 4981 4979
f 4980 4966 4982
f 4982 4966 4968
f 4827 4828 4809
f 4890 4912 4915
f 4890 4915 4893
f 4889 4911 4890
f 4890 4911 4912
f 4806 4798 4805
f 4805 4798 4797
f 4799 4798 4806
f 4807 4799 4806
f 4807 4801 4799
f 4848 4809 4828
f 4811 4809 4848
f 4850 4811 4848
f 4850 4830 4811
f 4854 4830 4850
f 4813 4832 4854
f 4854 4832 4830
f 4853 4813 4854
f 4818 4813 4853
f 4818 4857 4817
f 4857 4818 4853
f 4857 4835 4817
f 4862 4840 4857
f 4857 4840 4835
f 4928 4950 4956
f 4897 4919 4923
f 4897 4923 4901
f 4893 4915 4897
f 4897 4915 4919
f 4848 4828 4847
f 4869 4848 4847
f 4869 4847 4866
f 4847 4828 4827
f 4827 4823 4844
f 4843 4865 4844
f 4844 4865 4866
f 4844 4823 4843
f 4843 4823 4822
f 4847 4827 4844
f 4847 4844 4866
f 4805 4822 4806
f 4806 4822 4823
f 4806 4823 4827
f 4806 4827 4807
f 4807 4827 4809
f 4807 4809 4801
f 4881 4886 4857
f 4881 4857 4877
f 4848 4869 4870
f 4848 4870 4850
f 4850 4870 4874
f 4850 4874 4873
f 4850 4873 4853
f 4853 4873 4877
f 4853 4877 4857
f 4885 4861 4886
f 4886 4861 4862
f 4886 4862 4857
f 4853 4854 4850
f 4904 4928 4908
f 4908 4928 4907
f 4907 4928 4927
f 4907 4927 4931
f 4904 4901 4928
f 4901 4923 4928
f 4928 4923 4950
f 4907 4885 4908
f 4908 4885 4886
f 4908 4886 4904
f 4904 4886 4881
f 4904 4881 4901
f 4901 4881 4877
f 4901 4877 4923
f 4865 4889 4866
f 4866 4889 4890
f 4866 4890 4869
f 4869 4890 4893
f 4869 4893 4870
f 4870 4893 4874
f 4874 4893 4897
f 4874 4897 4873
f 4873 4897 4877
f 4877 4897 4901
f 4805 4797 4822
f 4945 4919 4915
f 4940 4945 4915
f 4911 4935 4936
f 4940 4915 4936
f 4936 4915 4912
f 4936 4912 4911
f 4967 4940 4963
f 4963 4940 4936
f 4963 4936 4962
f 4962 4936 4935
f 4839 4838 4816
f 4838 4837 4816
f 4816 4837 4815
f 4815 4837 4834
f 4784 4785 4790
f 4790 4785 4791
f 4791 4785 4786
f 4790 4789 4783
f 4790 4783 4784
f 4833 4834 4814
f 4814 4834 4815
f 4965 4938 4964
f 4964 4938 4937
f 4973 4960 4978
f 4978 4960 4965
f 4960 4973 4974
f 4960 4974 4961
f 4962 4934 4961
f 4962 4961 4975
f 4975 4961 4974
f 4934 4962 4910
f 4910 4962 4911
f 4910 4911 4889
f 4910 4889 4888
f 4888 4889 4865
f 4888 4865 4864
f 4797 4821 4822
f 4822 4821 4842
f 4822 4842 4843
f 4843 4842 4865
f 4865 4842 4864
f 4797 4796 4821
f 4796 4785 4784
f 4796 4784 4795
f 4783 4794 4795
f 4783 4795 4784
f 4829 4810 4812
f 4812 4831 4829
f 4838 4860 4837
f 4837 4860 4859
f 4860 4838 4839
f 4860 4839 4861
f 4794 4783 4789
f 4794 4789 4800
f 4785 4796 4797
f 4785 4797 4786
f 4978 4965 4964
f 4978 4964 4977
f 4921 4947 4942
f 4921 4942 4917
f 4953 4925 4929
f 4953 4929 4954
f 4954 4929 4958
f 4958 4929 4930
f 4930 4931 4958
f 4958 4931 4959
f 4937 4938 4942
f 4942 4938 4943
f 4942 4943 4917
f 4943 4918 4917
f 4917 4918 4921
f 4918 4922 4921
f 4921 4922 4947
f 4947 4922 4948
f 4929 4925 4926
f 4929 4926 4930
f 4930 4926 4931
f 4931 4926 4927
f 4964 4937 4939
f 4953 4954 4955
f 4953 4955 4948
f 4948 4955 4949
f 4949 4947 4948
f 4944 4942 4949
f 4949 4942 4947
f 4939 4937 4944
f 4944 4937 4942
f 4966 4964 4939
f 4954 4958 4955
f 4955 4958 4959
f 4978 4977 4980
f 4979 4975 4974
f 4979 4974 4973
f 4973 4978 4979
f 4979 4978 4980
f 4966 4980 4977
f 4964 4966 4977
f 4885 4907 4906
f 4918 4896 4922
f 4922 4896 4900
f 4925 4948 4922
f 4931 4930 4907
f 4856 4834 4837
f 4856 4837 4859
f 4815 4834 4856
f 4856 4814 4815
f 4814 4856 4852
f 4814 4852 4812
f 4812 4852 4851
f 4831 4812 4851
f 4849 4829 4851
f 4851 4829 4831
f 4808 4810 4825
f 4825 4810 4829
f 4794 4800 4802
f 4802 4800 4808
f 4803 4794 4802
f 4795 4794 4803
f 4804 4796 4795
f 4910 4888 4887
f 4887 4909 4910
f 4892 4914 4887
f 4887 4914 4909
f 4883 4880 4856
f 4876 4856 4880
f 4861 4885 4860
f 4860 4885 4884
f 4860 4884 4859
f 4859 4884 4883
f 4859 4883 4856
f 4876 4852 4856
f 4851 4852 4876
f 4851 4876 4849
f 4849 4876 4872
f 4867 4845 4871
f 4871 4845 4849
f 4871 4849 4872
f 4845 4867 4868
f 4845 4868 4846
f 4846 4868 4841
f 4841 4868 4863
f 4845 4825 4849
f 4849 4825 4829
f 4846 4825 4845
f 4820 4803 4826
f 4826 4803 4802
f 4826 4802 4808
f 4826 4808 4825
f 4795 4803 4804
f 4804 4803 4820
f 4804 4820 4821
f 4821 4820 4841
f 4821 4841 4842
f 4842 4841 4863
f 4842 4863 4864
f 4841 4820 4846
f 4846 4820 4826
f 4846 4826 4825
f 4888 4864 4887
f 4887 4864 4863
f 4887 4863 4892
f 4892 4863 4868
f 4892 4868 4867
f 4907 4930 4906
f 4906 4930 4926
f 4906 4926 4905
f 4905 4926 4925
f 4905 4925 4903
f 4922 4900 4925
f 4884 4885 4906
f 4884 4906 4883
f 4883 4906 4905
f 4883 4905 4880
f 4880 4905 4903
f 4880 4903 4876
f 4953 4948 4925
f 4903 4925 4900
f 4903 4900 4876
f 4876 4900 4872
f 4872 4900 4896
f 4872 4896 4871
f 4871 4896 4918
f 4871 4918 4867
f 4867 4918 4914
f 4867 4914 4892
f 4796 4804 4821
f 4914 4943 4938
f 4918 4943 4914
f 4934 4910 4909
f 4914 4938 4909
f 4909 4938 4933
f 4909 4933 4934
f 4938 4965 4933
f 4933 4965 4960
f 4933 4960 4934
f 4934 4960 4961
f 4814 4813 4818
f 4818 4817 4816
f 4818 4816 4814
f 4814 4816 4815
f 4789 4790 4800
f 4800 4790 4791
f 4792 4793 4801
f 4792 4801 4791
f 4791 4801 4800
f 4809 4808 4801
f 4801 4808 4800
f 4811 4810 4808
f 4811 4808 4809
f 4813 4812 4811
f 4811 4812 4810
f 4812 4813 4814
f 4894 4915 4916
f 4915 4894 4893
f 4893 4912 4915
f 4854 4832 4850
f 4850 4832 4830
f 4854 4818 4813
f 4835 4836 4857
f 4857 4836 4858
f 4858 4836 4818
f 4924 4902 4920
f 4920 4902 4898
f 4894 4916 4898
f 4898 4916 4920
f 4912 4893 4890
f 4890 4893 4866
f 4844 4869 4848
f 4824 4844 4828
f 4828 4844 4848
f 4807 4824 4809
f 4809 4824 4828
f 4806 4823 4807
f 4885 4861 4862
f 4885 4862 4886
f 4850 4874 4854
f 4854 4874 4878
f 4931 4907 4932
f 4932 4907 4908
f 4932 4908 4928
f 4858 4854 4878
f 4858 4878 4882
f 4882 4878 4902
f 4882 4902 4904
f 4904 4902 4928
f 4854 4858 4818
f 4904 4881 4882
f 4882 4881 4857
f 4882 4857 4858
f 4807 4823 4824
f 4824 4823 4844
f 4844 4866 4869
f 4869 4866 4893
f 4870 4893 4894
f 4870 4894 4874
f 4874 4894 4898
f 4874 4898 4878
f 4878 4898 4902
f 4878 4902 4924
f 4902 4924 4928
f 4928 4924 4951
f 4928 4951 4950
f 4916 4941 4946
f 4916 4946 4920
f 4941 4916 4940
f 4940 4916 4915
f 4940 4915 4912
f 4940 4912 4936
f 4936 4912 4935
f 4935 4912 4911
f 4899 4921 4895
f 4895 4921 4917
f 4925 4948 4921
f 4921 4948 4947
f 4856 4833 4834
f 4855 4814 4856
f 4856 4814 4833
f 4851 4812 4855
f 4855 4812 4814
f 4802 4794 4808
f 4808 4794 4800
f 4892 4914 4909
f 4892 4909 4887
f 4891 4914 4892
f 4891 4913 4914
f 4884 4860 4861
f 4861 4885 4884
f 4875 4851 4879
f 4879 4851 4855
f 4879 4855 4880
f 4880 4855 4856
f 4871 4849 4875
f 4875 4849 4851
f 4868 4841 4845
f 4841 4820 4819
f 4841 4819 4845
f 4845 4819 4825
f 4820 4803 4802
f 4820 4802 4819
f 4819 4802 4825
f 4825 4802 4808
f 4892 4868 4891
f 4891 4868 4867
f 4906 4930 4905
f 4905 4930 4929
f 4905 4929 4903
f 4903 4929 4925
f 4903 4925 4899
f 4899 4925 4921
f 4880 4903 4879
f 4879 4903 4899
f 4879 4899 4875
f 4875 4899 4871
f 4871 4899 4895
f 4871 4895 4917
f 4871 4917 4867
f 4867 4917 4913
f 4867 4913 4891
f 4942 4937 4913
f 4913 4917 4942
f 4937 4938 4965
f 4913 4937 4914
f 4914 4937 4938
f 4909 4933 4910
f 4910 4933 4934
f 5107 5105 5106
f 5107 5106 5130
f 5130 5129 5104
f 5130 5104 5107
f 5107 5108 5105
f 5129 5130 5151
f 5151 5130 5152
f 5151 5152 5169
f 5169 5152 5170
f 5169 5170 5187
f 5187 5203 5202
f 5202 5186 5187
f 5187 5186 5169
f 5219 5218 5201
f 5201 5218 5200
f 5200 5202 5201
f 5201 5202 5203
f 5229 5228 5213
f 5213 5228 5212
f 5210 5211 5226
f 5226 5211 5227
f 5211 5210 5194
f 5211 5194 5195
f 5228 5241 5227
f 5227 5249 5248
f 5227 5248 5244
f 5227 5247 5251
f 5251 5250 5227
f 5227 5244 5239
f 5213 5212 5196
f 5213 5196 5197
f 5241 5240 5227
f 5227 5240 5247
f 5227 5250 5249
f 5239 5238 5227
f 5145 5146 5164
f 5145 5164 5163
f 5179 5195 5194
f 5197 5196 5180
f 5197 5180 5181
f 5181 5180 5163
f 5181 5163 5164
f 5194 5178 5179
f 5179 5178 5162
f 5162 5178 5161
f 5162 5161 5140
f 5140 5161 5139
f 5230 5231 5228
f 5230 5228 5227
f 5231 5230 5216
f 5216 5230 5215
f 5216 5215 5217
f 5217 5215 5219
f 5219 5215 5214
f 5219 5214 5218
f 5111 5119 5118
f 5111 5118 5110
f 5088 5087 5079
f 5080 5088 5079
f 5081 5082 5089
f 5089 5082 5090
f 5114 5115 5121
f 5114 5121 5120
f 5110 5030 5111
f 5111 5030 5031
f 5111 5031 5119
f 5119 5031 5039
f 5119 5039 5118
f 5118 5039 5038
f 5118 5038 5110
f 5110 5038 5030
f 5119 5079 5111
f 5142 5080 5119
f 5119 5080 5079
f 5142 5088 5080
f 5142 5143 5088
f 5088 5143 5089
f 5143 5081 5089
f 5120 5082 5143
f 5143 5082 5081
f 5114 5082 5120
f 5114 5034 5115
f 5115 5034 5035
f 5115 5035 5121
f 5121 5035 5041
f 5121 5041 5120
f 5120 5041 5040
f 5120 5040 5114
f 5114 5040 5034
f 5083 5082 5040
f 5083 5040 5041
f 5090 5087 5089
f 5089 5087 5088
f 5039 5079 5078
f 5039 5078 5038
f 5044 5051 5050
f 5045 5051 5044
f 5046 5047 5053
f 5052 5046 5053
f 5096 5052 5097
f 5097 5052 5053
f 5094 5050 5095
f 5095 5050 5051
f 5079 5039 5031
f 5079 5031 5111
f 5119 5111 5133
f 5141 5119 5133
f 5142 5119 5141
f 5142 5141 5134
f 5134 5141 5133
f 5112 5134 5133
f 5111 5112 5133
f 5112 5113 5134
f 5134 5113 5135
f 5134 5135 5142
f 5142 5135 5143
f 5120 5143 5144
f 5144 5143 5136
f 5136 5143 5135
f 5120 5144 5136
f 5114 5120 5136
f 5114 5136 5135
f 5114 5135 5113
f 5040 5082 5034
f 5034 5082 5114
f 5091 5090 5082
f 5091 5082 5083
f 5078 5079 5086
f 5086 5079 5087
f 5086 5087 5091
f 5091 5087 5090
f 5100 5056 5094
f 5094 5056 5050
f 5086 5044 5050
f 5086 5050 5094
f 5045 5044 5087
f 5087 5044 5086
f 5095 5051 5045
f 5095 5045 5087
f 5090 5046 5052
f 5090 5052 5096
f 5047 5046 5091
f 5091 5046 5090
f 5097 5053 5047
f 5097 5047 5091
f 5053 5057 5101
f 5053 5101 5097
f 5057 5056 5101
f 5101 5056 5100
f 5100 5094 5095
f 5097 5101 5096
f 5100 5095 5096
f 5100 5096 5101
f 5063 5062 5057
f 5057 5062 5061
f 5057 5061 5056
f 5056 5061 5060
f 5020 5006 5078
f 5020 5078 5086
f 5020 5086 5024
f 5020 5038 5006
f 5006 5038 5078
f 4998 5020 5006
f 4998 5014 5020
f 5014 4998 5030
f 4999 5031 4998
f 4998 5031 5030
f 5111 5031 4999
f 5111 4999 5112
f 5112 4999 5000
f 5000 5001 5112
f 5112 5001 5113
f 5002 5034 5114
f 5002 5114 5001
f 5001 5114 5113
f 5007 5021 5003
f 5003 5021 5017
f 5017 5035 5003
f 5003 5035 5002
f 5002 5035 5034
f 5021 5007 5041
f 5041 5007 5083
f 5091 5083 5025
f 5025 5083 5021
f 5021 5083 5007
f 5024 5086 5044
f 5050 5024 5044
f 5091 5025 5047
f 5025 5053 5047
f 5053 5054 5057
f 5057 5054 5058
f 5054 5053 5098
f 5098 5053 5097
f 5049 5050 5056
f 5049 5056 5055
f 5091 5092 5097
f 5097 5092 5098
f 5050 5049 5093
f 5050 5093 5094
f 5085 5086 5094
f 5085 5094 5093
f 5087 5090 5095
f 5090 5096 5095
f 5050 5049 5043
f 5050 5043 5024
f 5043 5023 5024
f 5024 5023 5020
f 5020 5023 5005
f 5020 5005 5006
f 4996 5002 5001
f 4996 5001 4995
f 4993 4994 5000
f 4993 5000 4999
f 5006 5005 4998
f 5008 5007 5003
f 5008 5003 5004
f 5000 4994 5001
f 5001 4994 4995
f 4998 5005 4997
f 5021 5007 5008
f 5021 5008 5025
f 5025 5008 5026
f 5054 5053 5048
f 5048 5053 5025
f 5048 5025 5026
f 5048 5047 5054
f 5054 5047 5053
f 5044 5086 5043
f 5043 5086 5085
f 5049 5050 5044
f 5049 5044 5043
f 5055 5056 5050
f 5055 5050 5049
f 5030 5038 5029
f 5029 5038 5037
f 5020 5037 5038
f 5020 5019 5037
f 5019 5020 5013
f 5020 5014 5013
f 5021 5018 5017
f 5018 5021 5022
f 5041 5022 5021
f 5041 5042 5022
f 5041 5036 5042
f 5041 5035 5036
f 5091 5047 5092
f 5092 5047 5048
f 5056 5060 5059
f 5060 5061 5059
f 5056 5059 5055
f 5055 5099 5093
f 5093 5099 5125
f 5049 5055 5093
f 5093 5125 5123
f 5123 5085 5093
f 5123 5125 5149
f 5117 5123 5139
f 5139 5123 5147
f 5149 5147 5123
f 5148 5124 5146
f 5122 5146 5124
f 5124 5148 5150
f 5124 5150 5126
f 5058 5054 5098
f 5126 5102 5098
f 5098 5092 5124
f 5058 5098 5102
f 5124 5126 5098
f 5064 5062 5063
f 5064 5057 5058
f 5063 5057 5064
f 5165 5167 5182
f 5200 5198 5182
f 5139 5147 5165
f 5165 5147 5149
f 5162 5140 5139
f 5162 5161 5179
f 5179 5161 5178
f 5184 5200 5182
f 5149 5167 5184
f 5165 5149 5167
f 5167 5149 5182
f 5182 5149 5184
f 5230 5227 5211
f 5215 5230 5211
f 5215 5211 5195
f 5195 5179 5198
f 5195 5198 5215
f 5215 5198 5214
f 5162 5139 5161
f 5161 5139 5165
f 5161 5165 5178
f 5178 5165 5182
f 5178 5182 5179
f 5179 5182 5198
f 5214 5198 5200
f 5214 5200 5218
f 5211 5210 5227
f 5222 5223 5207
f 5251 5247 5246
f 5251 5246 5250
f 5244 5248 5245
f 5245 5248 5249
f 5226 5227 5210
f 5228 5225 5237
f 5228 5237 5241
f 5212 5209 5225
f 5228 5212 5225
f 5223 5235 5236
f 5236 5224 5223
f 5207 5223 5224
f 5234 5222 5233
f 5233 5222 5221
f 5222 5234 5223
f 5223 5234 5235
f 5206 5222 5207
f 5205 5221 5206
f 5206 5221 5222
f 5239 5232 5238
f 5238 5232 5220
f 5238 5220 5227
f 5245 5249 5246
f 5246 5249 5250
f 5241 5237 5240
f 5240 5237 5236
f 5240 5236 5246
f 5246 5236 5235
f 5246 5235 5243
f 5246 5243 5245
f 5245 5243 5242
f 5245 5242 5234
f 5245 5234 5239
f 5239 5234 5233
f 5239 5233 5232
f 5225 5224 5236
f 5233 5221 5220
f 5237 5225 5236
f 5243 5235 5242
f 5242 5235 5234
f 5232 5233 5220
f 5247 5240 5246
f 5244 5245 5239
f 5227 5220 5211
f 5211 5220 5204
f 5224 5208 5207
f 5209 5208 5225
f 5225 5208 5224
f 5220 5221 5204
f 5204 5221 5205
f 5189 5173 5172
f 5192 5176 5175
f 5023 5019 5005
f 5022 5026 5008
f 5123 5117 5085
f 5077 5030 5029
f 5077 5029 5037
f 5069 5070 5030
f 5035 5075 5076
f 5035 5076 5036
f 5076 5042 5036
f 5010 5011 4995
f 4995 5011 4996
f 4996 5011 5012
f 4996 5012 5002
f 5002 5012 5016
f 5002 5016 5003
f 5003 5016 5017
f 5010 5027 5011
f 5011 5027 5028
f 5011 5028 5034
f 5011 5034 5016
f 5016 5034 5035
f 5016 5035 5017
f 5028 5033 5034
f 5022 5008 5018
f 5018 5008 5004
f 5018 5004 5017
f 5017 5004 5003
f 5048 5026 5022
f 5042 5048 5022
f 5067 5073 5068
f 5113 5073 5112
f 5112 5073 5067
f 5033 5073 5034
f 5034 5073 5074
f 5034 5074 5035
f 5035 5074 5075
f 5042 5084 5048
f 5048 5084 5092
f 5124 5092 5122
f 5084 5042 5076
f 5084 5122 5092
f 5073 5113 5074
f 5074 5113 5114
f 5074 5114 5075
f 5075 5114 5115
f 5075 5115 5116
f 5075 5116 5076
f 5076 5116 5084
f 5084 5116 5122
f 5181 5164 5177
f 5177 5164 5160
f 5177 5160 5159
f 5177 5159 5176
f 5176 5159 5158
f 5213 5197 5212
f 5212 5197 5196
f 5212 5196 5209
f 5209 5196 5193
f 5209 5193 5208
f 5208 5193 5192
f 5176 5192 5177
f 5177 5192 5193
f 5177 5193 5181
f 5181 5193 5196
f 5181 5196 5197
f 5155 5133 5154
f 5154 5133 5132
f 5154 5132 5153
f 5153 5132 5131
f 5153 5131 5161
f 5161 5131 5139
f 5164 5146 5160
f 5160 5146 5138
f 5160 5138 5159
f 5159 5138 5137
f 5159 5137 5158
f 5158 5137 5136
f 5158 5136 5157
f 5157 5136 5135
f 5157 5135 5156
f 5156 5135 5134
f 5156 5134 5155
f 5155 5134 5133
f 5205 5189 5204
f 5204 5189 5188
f 5204 5188 5211
f 5211 5188 5195
f 5178 5194 5195
f 5178 5195 5171
f 5171 5195 5188
f 5171 5188 5172
f 5172 5188 5189
f 5207 5191 5206
f 5206 5191 5190
f 5206 5190 5205
f 5205 5190 5189
f 5207 5208 5192
f 5207 5192 5191
f 5191 5192 5175
f 5191 5175 5190
f 5190 5175 5174
f 5190 5174 5173
f 5190 5173 5189
f 5173 5155 5172
f 5172 5155 5154
f 5172 5154 5171
f 5171 5154 5153
f 5171 5153 5178
f 5178 5153 5161
f 5023 5043 5037
f 5037 5019 5023
f 5005 5019 4997
f 4997 5019 5013
f 4997 5013 4998
f 4998 5013 5014
f 5077 5037 5085
f 5085 5037 5043
f 5069 5030 5077
f 4999 4998 5014
f 4999 5014 5015
f 5015 5014 5030
f 5015 5030 5031
f 4995 4994 5010
f 5031 5027 5010
f 5031 5010 5009
f 5009 5010 4993
f 4994 4993 5010
f 5012 5011 5016
f 5070 5031 5030
f 5110 5070 5109
f 5109 5070 5069
f 5109 5069 5117
f 5117 5069 5077
f 5117 5077 5085
f 5069 5070 5077
f 4999 5015 5009
f 5031 5070 5071
f 5071 5070 5110
f 5071 5110 5111
f 5071 5111 5072
f 5111 5112 5072
f 5072 5112 5067
f 5067 5068 5028
f 5028 5027 5067
f 5067 5027 5072
f 5072 5027 5032
f 5072 5032 5071
f 5068 5073 5033
f 5068 5033 5028
f 5032 5027 5031
f 5032 5031 5071
f 5176 5158 5175
f 5175 5158 5157
f 5175 5157 5174
f 5174 5157 5156
f 5174 5156 5173
f 5173 5156 5155
f 5133 5111 5132
f 5132 5111 5110
f 5132 5110 5131
f 5131 5110 5109
f 5131 5109 5139
f 5139 5109 5117
f 5146 5122 5138
f 5138 5122 5116
f 5138 5116 5137
f 5137 5116 5115
f 5137 5115 5136
f 5136 5115 5114
f 5031 5009 5015
f 5009 4993 4999
f 5148 5146 5164
f 5148 5166 5168
f 5148 5168 5150
f 5219 5201 5199
f 5219 5199 5217
f 5163 5180 5164
f 5180 5181 5164
f 5164 5166 5148
f 5212 5228 5216
f 5212 5216 5196
f 5196 5216 5199
f 5196 5199 5180
f 5180 5199 5181
f 5181 5199 5183
f 5181 5183 5164
f 5164 5183 5166
f 5183 5199 5201
f 5183 5201 5185
f 5185 5168 5183
f 5183 5168 5166
f 5217 5199 5216
f 5231 5216 5228
f 5062 5064 5061
f 5059 5061 5064
f 5104 5129 5103
f 5059 5065 5104
f 5104 5065 5107
f 5103 5059 5104
f 5055 5059 5099
f 5099 5127 5125
f 5127 5149 5125
f 5169 5186 5184
f 5184 5186 5202
f 5184 5202 5200
f 5169 5184 5167
f 5167 5149 5169
f 5129 5151 5127
f 5129 5127 5103
f 5103 5127 5099
f 5103 5099 5059
f 5127 5151 5149
f 5149 5151 5169
f 5106 5102 5128
f 5128 5126 5150
f 5102 5058 5128
f 5128 5102 5126
f 5106 5064 5102
f 5066 5064 5106
f 5106 5105 5066
f 5066 5105 5108
f 5168 5185 5170
f 5168 5170 5150
f 5201 5203 5185
f 5185 5203 5187
f 5185 5187 5170
f 5130 5106 5128
f 5130 5128 5152
f 5150 5170 5152
f 5150 5152 5128
f 5058 5102 5064
f 5059 5064 5066
f 5108 5065 5059
f 5108 5059 5066
f 5108 5107 5065
f 5259 5389 5381
f 5286 5259 5381
f 5381 5380 5286
f 5380 5285 5286
f 5389 5259 5388
f 5388 5259 5258
f 5254 5384 5256
f 5256 5384 5386
f 5256 5386 5257
f 5257 5386 5387
f 5257 5387 5258
f 5258 5387 5388
f 5268 5294 5289
f 5268 5289 5310
f 5268 5310 5324
f 5268 5342 5358
f 5268 5263 5294
f 5324 5337 5268
f 5268 5337 5342
f 5268 5358 5363
f 5382 5252 5253
f 5253 5383 5382
f 5383 5253 5272
f 5383 5272 5367
f 5367 5272 5267
f 5367 5267 5362
f 5362 5267 5268
f 5362 5268 5363
f 5252 5382 5255
f 5255 5382 5385
f 5255 5385 5384
f 5255 5384 5254
f 5306 5285 5380
f 5380 5354 5306
f 5354 5305 5306
f 5305 5354 5353
f 5305 5334 5320
f 5305 5353 5334
f 5349 5331 5350
f 5354 5334 5353
f 5333 5319 5320
f 5320 5334 5333
f 5350 5351 5374
f 5349 5350 5371
f 5371 5350 5374
f 5348 5349 5368
f 5368 5349 5371
f 5368 5371 5369
f 5369 5371 5372
f 5332 5351 5350
f 5350 5331 5332
f 5349 5348 5331
f 5318 5332 5331
f 5359 5345 5344
f 5344 5345 5339
f 5338 5344 5339
f 5340 5335 5322
f 5340 5322 5339
f 5339 5322 5326
f 5329 5316 5330
f 5330 5316 5317
f 5329 5315 5316
f 5314 5327 5328
f 5314 5313 5327
f 5327 5313 5315
f 5327 5315 5329
f 5322 5321 5326
f 5328 5344 5325
f 5325 5344 5338
f 5326 5312 5311
f 5325 5326 5311
f 5312 5326 5307
f 5307 5326 5321
f 5307 5321 5308
f 5308 5321 5322
f 5325 5311 5328
f 5328 5311 5314
f 5384 5385 5366
f 5366 5385 5382
f 5327 5343 5346
f 5369 5348 5368
f 5370 5365 5364
f 5328 5327 5343
f 5346 5348 5347
f 5347 5348 5369
f 5347 5369 5364
f 5365 5360 5359
f 5359 5360 5345
f 5345 5360 5339
f 5361 5360 5365
f 5361 5365 5366
f 5364 5365 5359
f 5344 5347 5359
f 5359 5347 5364
f 5361 5356 5355
f 5355 5356 5339
f 5360 5361 5355
f 5355 5339 5360
f 5340 5339 5356
f 5346 5347 5344
f 5326 5325 5338
f 5326 5338 5339
f 5366 5365 5384
f 5384 5365 5370
f 5384 5370 5386
f 5386 5370 5373
f 5389 5388 5377
f 5377 5388 5375
f 5351 5352 5376
f 5376 5352 5378
f 5376 5378 5377
f 5377 5378 5379
f 5318 5319 5332
f 5332 5319 5333
f 5333 5334 5352
f 5352 5334 5354
f 5352 5354 5378
f 5378 5354 5380
f 5378 5380 5379
f 5379 5380 5381
f 5388 5387 5375
f 5375 5387 5373
f 5375 5373 5372
f 5372 5373 5369
f 5375 5376 5377
f 5372 5376 5375
f 5387 5386 5373
f 5373 5370 5369
f 5369 5370 5364
f 5346 5344 5343
f 5343 5344 5328
f 5331 5330 5317
f 5331 5317 5318
f 5381 5389 5379
f 5379 5389 5377
f 5372 5371 5376
f 5376 5371 5374
f 5376 5374 5351
f 5352 5351 5333
f 5333 5351 5332
f 5330 5331 5348
f 5330 5348 5329
f 5329 5348 5346
f 5329 5346 5327
f 5336 5342 5337
f 5336 5337 5323
f 5323 5337 5324
f 5342 5336 5341
f 5357 5358 5341
f 5342 5341 5358
f 5382 5383 5366
f 5366 5383 5367
f 5340 5356 5357
f 5335 5336 5322
f 5323 5322 5336
f 5336 5335 5341
f 5341 5335 5340
f 5367 5362 5361
f 5367 5361 5366
f 5361 5362 5356
f 5362 5363 5357
f 5363 5358 5357
f 5357 5341 5340
f 5323 5322 5309
f 5357 5356 5362
f 5252 5255 5254
f 5306 5305 5320
f 5303 5304 5318
f 5304 5319 5318
f 5302 5301 5279
f 5279 5301 5276
f 5301 5300 5276
f 5276 5300 5273
f 5276 5273 5274
f 5276 5274 5277
f 5265 5297 5291
f 5273 5300 5274
f 5300 5298 5274
f 5274 5298 5299
f 5274 5299 5269
f 5290 5291 5296
f 5296 5291 5297
f 5296 5297 5264
f 5264 5297 5265
f 5315 5298 5316
f 5316 5298 5300
f 5316 5300 5301
f 5317 5316 5301
f 5317 5301 5302
f 5318 5317 5302
f 5318 5302 5303
f 5295 5298 5315
f 5295 5315 5313
f 5296 5295 5313
f 5296 5313 5314
f 5296 5299 5298
f 5296 5298 5295
f 5291 5290 5311
f 5291 5311 5312
f 5266 5271 5270
f 5270 5271 5275
f 5312 5307 5291
f 5265 5266 5270
f 5261 5291 5292
f 5287 5292 5291
f 5287 5291 5308
f 5307 5308 5312
f 5312 5308 5291
f 5291 5260 5265
f 5275 5254 5278
f 5278 5254 5256
f 5278 5256 5280
f 5280 5256 5257
f 5280 5257 5282
f 5282 5257 5258
f 5282 5258 5259
f 5282 5259 5284
f 5284 5259 5286
f 5304 5303 5283
f 5283 5303 5281
f 5283 5281 5282
f 5283 5282 5284
f 5320 5319 5304
f 5320 5304 5306
f 5306 5304 5283
f 5306 5283 5285
f 5285 5283 5284
f 5285 5284 5286
f 5264 5265 5269
f 5269 5265 5270
f 5278 5277 5275
f 5269 5299 5296
f 5290 5296 5314
f 5290 5314 5311
f 5264 5269 5296
f 5282 5281 5280
f 5280 5281 5277
f 5303 5302 5279
f 5303 5279 5281
f 5281 5279 5276
f 5281 5276 5277
f 5260 5291 5261
f 5260 5261 5266
f 5260 5266 5265
f 5269 5270 5274
f 5274 5270 5275
f 5278 5280 5277
f 5271 5252 5254
f 5271 5254 5275
f 5274 5275 5277
f 5253 5252 5271
f 5294 5263 5262
f 5294 5262 5293
f 5309 5289 5288
f 5288 5289 5294
f 5288 5294 5293
f 5309 5310 5289
f 5323 5324 5310
f 5310 5309 5323
f 5268 5267 5263
f 5263 5267 5262
f 5272 5253 5271
f 5272 5271 5267
f 5267 5271 5266
f 5322 5323 5308
f 5308 5323 5309
f 5288 5308 5309
f 5288 5293 5292
f 5288 5292 5287
f 5288 5287 5308
f 5266 5261 5267
f 5267 5261 5262
f 5261 5292 5293
f 5262 5261 5293
f 5694 5693 5647
f 5787 5844 5786
f 5747 5815 5758
f 5778 5777 5784
f 5414 5403 5415
f 5400 5411 5423
f 5616 5593 5594
f 5616 5594 5617
f 5593 5571 5594
f 5594 5571 5572
f 5546 5547 5569
f 5569 5547 5570
f 5545 5546 5557
f 5514 5515 5556
f 5514 5492 5493
f 5493 5515 5514
f 5452 5464 5463
f 5398 5410 5397
f 5397 5410 5396
f 5396 5410 5409
f 5396 5409 5408
f 5396 5408 5395
f 5395 5408 5407
f 5395 5407 5394
f 5394 5407 5406
f 5394 5406 5393
f 5393 5406 5405
f 5393 5405 5392
f 5390 5391 5403
f 5403 5391 5404
f 5404 5391 5392
f 5392 5405 5404
f 5404 5405 5415
f 5404 5415 5403
f 5500 5475 5501
f 5565 5541 5566
f 5805 5806 5794
f 5837 5836 5843
f 5837 5828 5836
f 5836 5828 5827
f 5839 5829 5838
f 5835 5781 5774
f 5782 5775 5781
f 5774 5781 5775
f 5732 5779 5736
f 5733 5737 5738
f 5616 5617 5642
f 5616 5642 5641
f 5835 5834 5780
f 5835 5780 5781
f 5777 5776 5784
f 5784 5776 5783
f 5784 5783 5739
f 5739 5783 5792
f 5739 5792 5743
f 5743 5792 5742
f 5743 5742 5747
f 5814 5825 5826
f 5826 5825 5758
f 5758 5815 5826
f 5826 5815 5814
f 5815 5802 5814
f 5815 5816 5804
f 5792 5804 5742
f 5742 5804 5816
f 5742 5816 5747
f 5749 5748 5760
f 5747 5759 5748
f 5744 5745 5741
f 5744 5741 5740
f 5740 5741 5736
f 5736 5741 5737
f 5736 5737 5732
f 5732 5737 5733
f 5779 5778 5736
f 5736 5778 5785
f 5759 5760 5748
f 5748 5749 5743
f 5743 5749 5744
f 5743 5744 5739
f 5739 5744 5740
f 5739 5740 5735
f 5735 5740 5736
f 5735 5736 5784
f 5784 5736 5785
f 5784 5785 5778
f 5772 5771 5723
f 5723 5771 5722
f 5747 5816 5815
f 5814 5813 5825
f 5825 5813 5824
f 5825 5824 5757
f 5757 5824 5770
f 5770 5824 5769
f 5770 5769 5721
f 5721 5769 5720
f 5721 5720 5683
f 5695 5694 5649
f 5649 5694 5648
f 5649 5648 5625
f 5650 5695 5649
f 5650 5649 5626
f 5626 5649 5625
f 5626 5625 5603
f 5761 5760 5773
f 5773 5760 5759
f 5773 5759 5772
f 5772 5759 5758
f 5772 5758 5771
f 5760 5761 5749
f 5749 5761 5750
f 5749 5750 5744
f 5761 5710 5762
f 5761 5762 5750
f 5750 5762 5751
f 5750 5751 5744
f 5744 5751 5745
f 5727 5728 5711
f 5688 5728 5727
f 5688 5689 5728
f 5725 5686 5688
f 5725 5688 5726
f 5726 5688 5727
f 5711 5710 5727
f 5727 5710 5726
f 5726 5773 5724
f 5726 5724 5725
f 5725 5724 5686
f 5624 5601 5602
f 5580 5602 5601
f 5511 5512 5519
f 5519 5512 5520
f 5519 5520 5553
f 5553 5520 5554
f 5553 5554 5579
f 5579 5554 5580
f 5491 5513 5490
f 5582 5581 5556
f 5581 5582 5603
f 5603 5582 5604
f 5603 5604 5626
f 5626 5604 5627
f 5626 5627 5650
f 5650 5627 5651
f 5650 5651 5638
f 5650 5638 5686
f 5491 5492 5513
f 5513 5492 5514
f 5513 5514 5521
f 5521 5514 5555
f 5555 5514 5556
f 5555 5556 5581
f 5556 5515 5545
f 5556 5545 5557
f 5556 5557 5582
f 5582 5557 5583
f 5582 5583 5604
f 5604 5583 5605
f 5604 5605 5627
f 5627 5605 5628
f 5627 5628 5651
f 5651 5628 5614
f 5651 5614 5638
f 5638 5614 5639
f 5638 5639 5686
f 5686 5639 5688
f 5423 5411 5437
f 5423 5437 5436
f 5436 5437 5449
f 5449 5437 5450
f 5449 5448 5436
f 5436 5448 5435
f 5436 5435 5423
f 5423 5435 5422
f 5400 5401 5411
f 5437 5411 5424
f 5462 5461 5450
f 5462 5450 5463
f 5463 5450 5451
f 5401 5402 5412
f 5412 5402 5413
f 5412 5413 5425
f 5425 5413 5426
f 5425 5426 5438
f 5438 5426 5439
f 5438 5439 5452
f 5451 5438 5452
f 5557 5546 5583
f 5583 5546 5569
f 5583 5569 5605
f 5605 5569 5592
f 5605 5592 5628
f 5628 5592 5615
f 5628 5615 5614
f 5614 5615 5639
f 5639 5615 5640
f 5639 5640 5688
f 5569 5570 5571
f 5569 5571 5592
f 5592 5571 5593
f 5592 5593 5615
f 5615 5593 5616
f 5615 5616 5640
f 5640 5616 5641
f 5640 5641 5688
f 5688 5641 5642
f 5688 5642 5689
f 5637 5636 5613
f 5613 5636 5612
f 5613 5612 5590
f 5566 5590 5589
f 5566 5589 5565
f 5566 5542 5567
f 5566 5567 5591
f 5591 5567 5596
f 5591 5596 5619
f 5483 5501 5476
f 5476 5501 5475
f 5544 5543 5506
f 5544 5506 5507
f 5550 5549 5516
f 5577 5578 5600
f 5623 5600 5624
f 5600 5578 5601
f 5600 5601 5624
f 5580 5601 5579
f 5568 5543 5544
f 5549 5544 5507
f 5549 5507 5516
f 5516 5507 5508
f 5508 5509 5516
f 5516 5509 5517
f 5516 5517 5550
f 5550 5517 5551
f 5550 5551 5577
f 5599 5577 5600
f 5599 5600 5623
f 5483 5476 5477
f 5483 5477 5484
f 5484 5477 5478
f 5484 5478 5485
f 5485 5478 5479
f 5485 5479 5480
f 5506 5505 5484
f 5506 5484 5485
f 5504 5500 5501
f 5504 5501 5505
f 5505 5501 5483
f 5505 5483 5484
f 5486 5485 5480
f 5486 5480 5487
f 5509 5510 5518
f 5509 5518 5517
f 5517 5518 5551
f 5551 5518 5552
f 5551 5552 5577
f 5577 5552 5578
f 5578 5579 5601
f 5541 5536 5500
f 5541 5500 5542
f 5542 5500 5504
f 5542 5504 5505
f 5507 5506 5485
f 5507 5485 5486
f 5493 5492 5469
f 5469 5492 5491
f 5469 5491 5468
f 5468 5491 5490
f 5468 5490 5467
f 5467 5490 5489
f 5467 5489 5466
f 5466 5489 5488
f 5490 5512 5489
f 5489 5512 5511
f 5489 5511 5488
f 5479 5457 5480
f 5480 5457 5458
f 5480 5458 5487
f 5487 5458 5465
f 5487 5465 5488
f 5488 5465 5466
f 5469 5470 5493
f 5508 5487 5509
f 5509 5487 5488
f 5509 5488 5510
f 5510 5488 5511
f 5510 5511 5518
f 5518 5511 5519
f 5518 5519 5552
f 5552 5519 5553
f 5552 5553 5578
f 5578 5553 5579
f 5453 5440 5441
f 5453 5441 5454
f 5475 5440 5476
f 5476 5440 5453
f 5476 5453 5477
f 5477 5453 5454
f 5477 5454 5455
f 5443 5429 5430
f 5478 5477 5455
f 5478 5455 5456
f 5479 5478 5456
f 5479 5456 5457
f 5427 5441 5440
f 5443 5444 5456
f 5456 5444 5445
f 5456 5445 5457
f 5457 5445 5446
f 5457 5446 5458
f 5463 5451 5452
f 5458 5447 5459
f 5459 5447 5460
f 5441 5429 5442
f 5442 5429 5443
f 5434 5447 5446
f 5434 5446 5433
f 5433 5446 5445
f 5433 5445 5432
f 5432 5445 5444
f 5432 5444 5431
f 5431 5444 5443
f 5431 5443 5430
f 5441 5442 5454
f 5454 5442 5443
f 5454 5443 5455
f 5455 5443 5456
f 5458 5446 5447
f 5449 5460 5448
f 5448 5460 5447
f 5448 5447 5435
f 5435 5447 5434
f 5435 5434 5422
f 5410 5421 5409
f 5409 5421 5420
f 5409 5420 5408
f 5408 5420 5419
f 5408 5419 5407
f 5407 5419 5418
f 5407 5418 5406
f 5406 5418 5417
f 5406 5417 5405
f 5405 5417 5416
f 5405 5416 5415
f 5427 5414 5428
f 5428 5414 5415
f 5428 5415 5429
f 5429 5415 5416
f 5429 5416 5430
f 5430 5416 5417
f 5430 5417 5431
f 5431 5417 5418
f 5431 5418 5432
f 5432 5418 5419
f 5432 5419 5433
f 5433 5419 5420
f 5433 5420 5421
f 5421 5410 5422
f 5422 5410 5398
f 5422 5398 5399
f 5441 5427 5428
f 5441 5428 5429
f 5434 5433 5421
f 5434 5421 5422
f 5423 5422 5399
f 5423 5399 5400
f 5411 5401 5412
f 5411 5412 5424
f 5424 5412 5425
f 5424 5425 5437
f 5437 5425 5438
f 5437 5438 5450
f 5450 5438 5451
f 5449 5450 5461
f 5449 5461 5460
f 5458 5459 5465
f 5465 5459 5460
f 5465 5460 5466
f 5466 5460 5461
f 5466 5461 5467
f 5467 5461 5462
f 5467 5462 5468
f 5468 5462 5463
f 5468 5463 5469
f 5469 5463 5464
f 5469 5464 5470
f 5794 5793 5805
f 5806 5807 5794
f 5794 5807 5795
f 5794 5795 5844
f 5844 5795 5845
f 5844 5837 5843
f 5844 5843 5786
f 5844 5838 5837
f 5837 5838 5829
f 5837 5829 5828
f 5846 5851 5847
f 5847 5851 5797
f 5805 5746 5753
f 5805 5753 5806
f 5807 5808 5795
f 5795 5808 5796
f 5635 5634 5611
f 5635 5679 5678
f 5635 5678 5634
f 5706 5678 5712
f 5712 5678 5679
f 5714 5679 5680
f 5714 5680 5715
f 5713 5712 5679
f 5713 5679 5714
f 5690 5681 5644
f 5644 5681 5643
f 5644 5643 5620
f 5620 5643 5619
f 5620 5619 5596
f 5568 5596 5567
f 5568 5567 5543
f 5543 5567 5542
f 5636 5635 5612
f 5831 5840 5841
f 5841 5840 5848
f 5848 5852 5853
f 5853 5852 5799
f 5811 5799 5798
f 5798 5799 5852
f 5798 5852 5848
f 5847 5848 5840
f 5840 5831 5830
f 5822 5811 5810
f 5809 5810 5797
f 5809 5797 5808
f 5808 5797 5796
f 5796 5797 5851
f 5796 5851 5795
f 5795 5851 5846
f 5795 5846 5845
f 5853 5849 5848
f 5848 5849 5841
f 5841 5832 5831
f 5780 5790 5781
f 5781 5790 5791
f 5832 5841 5833
f 5833 5841 5849
f 5833 5849 5842
f 5833 5842 5834
f 5834 5842 5780
f 5781 5791 5782
f 5789 5788 5800
f 5800 5788 5850
f 5800 5812 5801
f 5800 5801 5789
f 5802 5801 5813
f 5812 5813 5801
f 5789 5801 5802
f 5776 5775 5783
f 5783 5775 5782
f 5783 5782 5792
f 5792 5782 5791
f 5792 5791 5803
f 5803 5791 5790
f 5803 5790 5802
f 5802 5790 5780
f 5802 5780 5789
f 5789 5780 5842
f 5789 5842 5788
f 5788 5842 5850
f 5850 5842 5849
f 5850 5849 5800
f 5800 5849 5853
f 5800 5853 5812
f 5812 5853 5799
f 5812 5799 5811
f 5812 5811 5823
f 5822 5823 5811
f 5810 5798 5797
f 5797 5798 5847
f 5846 5847 5839
f 5846 5839 5838
f 5846 5838 5845
f 5845 5838 5844
f 5844 5787 5794
f 5794 5787 5786
f 5794 5786 5793
f 5810 5821 5822
f 5823 5822 5768
f 5766 5767 5821
f 5754 5819 5818
f 5754 5818 5753
f 5753 5818 5817
f 5767 5768 5822
f 5820 5821 5809
f 5820 5809 5819
f 5819 5809 5808
f 5681 5715 5680
f 5680 5679 5635
f 5729 5717 5716
f 5729 5716 5682
f 5682 5716 5715
f 5682 5715 5681
f 5681 5680 5636
f 5636 5680 5635
f 5612 5635 5611
f 5612 5611 5590
f 5590 5611 5589
f 5691 5690 5645
f 5645 5690 5644
f 5645 5644 5621
f 5621 5644 5620
f 5621 5620 5597
f 5575 5597 5574
f 5636 5637 5681
f 5682 5690 5691
f 5682 5691 5729
f 5729 5691 5692
f 5752 5706 5753
f 5753 5706 5713
f 5753 5713 5763
f 5763 5713 5714
f 5763 5714 5764
f 5766 5717 5718
f 5706 5712 5713
f 5717 5729 5730
f 5730 5729 5692
f 5575 5576 5598
f 5621 5598 5622
f 5621 5622 5645
f 5645 5622 5646
f 5645 5646 5691
f 5691 5646 5692
f 5598 5621 5597
f 5598 5597 5575
f 5756 5755 5765
f 5756 5765 5820
f 5820 5765 5766
f 5767 5718 5719
f 5810 5811 5798
f 5798 5848 5847
f 5847 5840 5839
f 5839 5840 5830
f 5839 5830 5829
f 5767 5822 5821
f 5819 5808 5818
f 5818 5808 5807
f 5818 5807 5817
f 5753 5817 5806
f 5806 5817 5807
f 5810 5809 5821
f 5746 5752 5753
f 5819 5754 5755
f 5819 5755 5820
f 5820 5755 5756
f 5821 5820 5766
f 5768 5767 5719
f 5754 5753 5763
f 5754 5763 5755
f 5755 5763 5764
f 5755 5764 5765
f 5767 5766 5718
f 5730 5693 5731
f 5731 5693 5694
f 5731 5694 5720
f 5720 5694 5683
f 5647 5648 5694
f 5695 5650 5684
f 5684 5650 5686
f 5684 5686 5722
f 5722 5686 5723
f 5723 5686 5724
f 5723 5724 5772
f 5772 5724 5773
f 5773 5726 5761
f 5761 5726 5710
f 5735 5784 5739
f 5748 5743 5747
f 5759 5747 5758
f 5758 5825 5757
f 5758 5757 5771
f 5771 5757 5770
f 5771 5770 5722
f 5722 5770 5721
f 5722 5721 5684
f 5684 5721 5683
f 5684 5683 5695
f 5695 5683 5694
f 5598 5576 5599
f 5598 5599 5622
f 5718 5730 5731
f 5718 5731 5719
f 5719 5731 5720
f 5719 5720 5768
f 5768 5720 5769
f 5768 5769 5823
f 5823 5769 5824
f 5823 5824 5812
f 5812 5824 5813
f 5813 5814 5802
f 5802 5815 5803
f 5803 5815 5804
f 5803 5804 5792
f 5597 5620 5596
f 5597 5596 5574
f 5574 5596 5568
f 5574 5568 5544
f 5574 5544 5575
f 5575 5544 5549
f 5575 5549 5576
f 5576 5549 5550
f 5576 5550 5577
f 5576 5577 5599
f 5622 5599 5623
f 5622 5623 5646
f 5646 5623 5647
f 5646 5647 5692
f 5764 5714 5715
f 5764 5715 5765
f 5765 5715 5716
f 5765 5716 5766
f 5766 5716 5717
f 5718 5717 5730
f 5730 5692 5693
f 5693 5692 5647
f 5647 5623 5648
f 5648 5623 5624
f 5648 5624 5625
f 5625 5624 5602
f 5625 5602 5603
f 5603 5602 5581
f 5581 5602 5580
f 5581 5580 5555
f 5555 5580 5554
f 5555 5554 5521
f 5521 5554 5520
f 5521 5520 5513
f 5513 5520 5512
f 5513 5512 5490
f 5486 5487 5508
f 5486 5508 5507
f 5505 5506 5543
f 5505 5543 5542
f 5541 5542 5566
f 5590 5566 5591
f 5590 5591 5613
f 5613 5591 5619
f 5613 5619 5637
f 5637 5619 5643
f 5637 5643 5681
f 5681 5690 5682
f 5689 5594 5728
f 5728 5594 5711
f 5711 5594 5587
f 5711 5587 5563
f 5762 5710 5751
f 5751 5710 5705
f 5702 5737 5741
f 5741 5745 5702
f 5702 5745 5705
f 5705 5745 5751
f 5737 5702 5703
f 5737 5703 5738
f 5697 5775 5776
f 5391 5828 5392
f 5733 5698 5732
f 5732 5698 5697
f 5732 5697 5779
f 5697 5776 5777
f 5777 5778 5697
f 5697 5778 5779
f 5393 5829 5830
f 5393 5830 5394
f 5394 5830 5831
f 5392 5828 5829
f 5392 5829 5393
f 5394 5831 5832
f 5394 5832 5395
f 5395 5832 5833
f 5395 5833 5396
f 5774 5775 5398
f 5398 5775 5399
f 5399 5775 5400
f 5398 5397 5774
f 5774 5397 5835
f 5835 5397 5396
f 5396 5833 5834
f 5396 5834 5835
f 5400 5775 5401
f 5697 5402 5775
f 5775 5402 5401
f 5594 5642 5617
f 5594 5689 5642
f 5827 5390 5836
f 5836 5390 5403
f 5827 5828 5391
f 5827 5391 5390
f 5565 5589 5403
f 5500 5536 5403
f 5403 5536 5541
f 5403 5589 5611
f 5403 5611 5836
f 5403 5541 5565
f 5611 5634 5836
f 5836 5634 5678
f 5403 5414 5500
f 5500 5414 5427
f 5786 5843 5678
f 5678 5843 5836
f 5500 5427 5440
f 5475 5500 5440
f 5678 5793 5786
f 5805 5678 5746
f 5678 5805 5793
f 5678 5706 5746
f 5746 5706 5752
f 5537 5503 5708
f 5708 5503 5482
f 5708 5538 5537
f 5562 5561 5708
f 5708 5561 5538
f 5711 5563 5708
f 5708 5563 5562
f 5426 5413 5700
f 5482 5464 5452
f 5700 5708 5482
f 5452 5700 5482
f 5452 5439 5700
f 5700 5439 5426
f 5493 5470 5482
f 5482 5470 5464
f 5402 5697 5700
f 5402 5700 5413
f 5703 5702 5697
f 5697 5702 5700
f 5700 5702 5708
f 5708 5702 5705
f 5708 5705 5710
f 5703 5697 5698
f 5708 5710 5711
f 5698 5733 5703
f 5703 5733 5738
f 5572 5563 5594
f 5594 5563 5587
f 5572 5562 5563
f 5493 5482 5503
f 5493 5503 5515
f 5515 5503 5537
f 5538 5546 5537
f 5537 5546 5545
f 5537 5545 5515
f 5561 5547 5538
f 5538 5547 5546
f 5562 5571 5561
f 5561 5571 5570
f 5561 5570 5547
f 5572 5571 5562
f 5685 5707 5671
f 5671 5707 5759
f 5664 5498 5671
f 5671 5498 5502
f 5671 5502 5514
f 5671 5514 5685
f 5514 5686 5685
f 5686 5514 5515
f 5687 5686 5573
f 5515 5545 5686
f 5573 5618 5617
f 5573 5617 5687
f 5686 5548 5573
f 5686 5545 5546
f 5686 5546 5548
f 5573 5595 5618
f 5665 5672 5666
f 5666 5672 5673
f 5664 5671 5672
f 5664 5672 5665
f 5498 5499 5502
f 5502 5499 5503
f 5666 5704 5709
f 5709 5666 5673
f 5533 5538 5532
f 5532 5538 5537
f 5532 5537 5499
f 5499 5537 5503
f 5538 5533 5539
f 5539 5533 5534
f 5586 5588 5564
f 5586 5564 5560
f 5560 5564 5540
f 5560 5540 5535
f 5535 5540 5539
f 5535 5539 5534
f 5588 5586 5633
f 5633 5586 5632
f 5669 5676 5677
f 5669 5677 5670
f 5670 5677 5633
f 5670 5633 5632
f 5676 5669 5675
f 5675 5669 5668
f 5675 5668 5674
f 5674 5668 5667
f 5674 5667 5709
f 5709 5667 5704
f 5632 5586 5533
f 5668 5669 5533
f 5586 5534 5533
f 5667 5533 5704
f 5533 5667 5668
f 5533 5665 5666
f 5665 5498 5664
f 5498 5665 5499
f 5533 5669 5670
f 5533 5670 5632
f 5586 5560 5535
f 5586 5535 5534
f 5532 5665 5533
f 5532 5499 5665
f 5704 5666 5533
f 5633 5610 5588
f 5633 5677 5676
f 5676 5675 5633
f 5633 5675 5610
f 5610 5675 5674
f 5707 5685 5686
f 5707 5686 5672
f 5672 5686 5708
f 5708 5686 5687
f 5708 5687 5709
f 5709 5687 5725
f 5503 5515 5502
f 5502 5515 5514
f 5687 5617 5709
f 5709 5617 5610
f 5548 5539 5540
f 5548 5540 5573
f 5573 5540 5564
f 5573 5564 5588
f 5573 5588 5595
f 5595 5588 5610
f 5595 5610 5618
f 5618 5610 5617
f 5539 5548 5538
f 5538 5548 5546
f 5538 5546 5545
f 5538 5545 5537
f 5537 5545 5503
f 5503 5545 5515
f 5482 5503 5502
f 5482 5502 5481
f 5759 5707 5760
f 5760 5707 5672
f 5760 5672 5708
f 5674 5709 5610
f 5708 5709 5673
f 5708 5673 5760
f 5759 5672 5671
f 5760 5673 5759
f 5673 5672 5759
f 5471 5473 5494
f 5494 5473 5496
f 5494 5496 5657
f 5734 5699 5657
f 5657 5699 5696
f 5657 5696 5652
f 5652 5494 5657
f 5523 5522 5652
f 5522 5494 5652
f 5494 5522 5495
f 5523 5652 5654
f 5523 5654 5655
f 5523 5655 5606
f 5523 5606 5525
f 5606 5607 5525
f 5525 5607 5584
f 5525 5584 5558
f 5559 5585 5530
f 5530 5585 5528
f 5661 5660 5585
f 5662 5661 5585
f 5701 5659 5660
f 5497 5527 5496
f 5496 5527 5657
f 5527 5528 5657
f 5657 5528 5659
f 5530 5531 5559
f 5528 5585 5659
f 5659 5585 5660
f 5631 5663 5662
f 5585 5631 5662
f 5497 5496 5473
f 5473 5474 5497
f 5659 5734 5657
f 5734 5659 5700
f 5700 5659 5701
f 5606 5655 5607
f 5655 5656 5629
f 5655 5629 5607
f 5558 5526 5525
f 5528 5523 5525
f 5528 5525 5530
f 5471 5472 5473
f 5473 5472 5474
f 5495 5497 5472
f 5472 5497 5474
f 5497 5495 5527
f 5527 5495 5522
f 5527 5522 5528
f 5528 5522 5523
f 5658 5659 5653
f 5653 5659 5654
f 5653 5654 5652
f 5630 5629 5660
f 5660 5629 5656
f 5660 5656 5655
f 5660 5655 5654
f 5660 5654 5659
f 5609 5607 5630
f 5630 5607 5629
f 5585 5584 5607
f 5585 5607 5609
f 5584 5585 5559
f 5584 5559 5558
f 5558 5559 5531
f 5558 5531 5526
f 5526 5531 5530
f 5526 5530 5525
f 5699 5734 5700
f 5699 5700 5657
f 5657 5700 5658
f 5700 5659 5658
f 5660 5661 5630
f 5631 5585 5609
f 5631 5609 5630
f 5631 5630 5663
f 5630 5661 5662
f 5630 5662 5663
f 5471 5494 5472
f 5472 5494 5495
f 5658 5653 5657
f 5657 5653 5652
f 5657 5652 5699
f 5699 5652 5696
f 5530 5525 5558
f 5530 5558 5559
f 5609 5607 5606
f 5609 5606 5608
f 5529 5524 5530
f 5530 5524 5525
f 5524 5529 5525
f 5525 5529 5530
f 5930 5924 5927
f 5924 5930 5925
f 5925 5930 5931
f 5929 5926 5923
f 5929 5923 5928
f 5928 5923 5922
f 5923 5929 5922
f 5922 5929 5928
f 5923 5913 5912
f 5923 5912 5922
f 5913 5923 5924
f 5913 5924 5925
f 5882 5869 5898
f 5898 5869 5925
f 5924 5898 5925
f 5868 5881 5897
f 5868 5897 5922
f 5922 5897 5923
f 5923 5897 5924
f 5924 5897 5898
f 5869 5882 5868
f 5868 5882 5881
f 5925 5931 5924
f 5924 5931 5930
f 5856 5857 5868
f 5868 5857 5869
f 5912 5868 5922
f 5870 5856 5868
f 5857 5871 5869
f 5869 5913 5925
f 5925 5917 5931
f 5913 5901 5915
f 5913 5915 5925
f 5925 5915 5917
f 5861 5873 5857
f 5857 5873 5871
f 5901 5913 5885
f 5885 5913 5869
f 5869 5871 5885
f 5899 5913 5869
f 5925 5917 5913
f 5913 5917 5915
f 5869 5913 5901
f 5869 5901 5885
f 5869 5883 5899
f 5896 5912 5899
f 5899 5912 5913
f 5883 5882 5899
f 5881 5882 5883
f 5880 5896 5881
f 5896 5897 5881
f 5899 5898 5896
f 5898 5897 5896
f 5882 5898 5899
f 5861 5858 5857
f 5857 5858 5856
f 5857 5856 5855
f 5855 5856 5854
f 5855 5854 5869
f 5869 5854 5868
f 5869 5868 5883
f 5883 5868 5880
f 5883 5880 5881
f 5855 5869 5857
f 5912 5914 5922
f 5922 5914 5916
f 5922 5916 5928
f 5868 5912 5896
f 5884 5868 5870
f 5868 5884 5900
f 5868 5900 5912
f 5912 5900 5914
f 5870 5856 5872
f 5872 5856 5858
f 5896 5880 5868
f 5870 5872 5858
f 5858 5856 5870
f 5854 5856 5868
f 5857 5856 5861
f 5861 5856 5858
f 5860 5859 5858
f 5860 5858 5861
f 5858 5859 5861
f 5860 5861 5859
f 5863 5865 5861
f 5864 5862 5858
f 5906 5910 5905
f 5905 5910 5909
f 5910 5906 5894
f 5894 5906 5890
f 5889 5893 5894
f 5889 5894 5890
f 5905 5909 5893
f 5905 5893 5889
f 5934 5938 5935
f 5935 5938 5939
f 5938 5934 5933
f 5938 5933 5937
f 5932 5936 5937
f 5932 5937 5933
f 5921 5939 5938
f 5921 5938 5937
f 5921 5937 5920
f 5920 5937 5936
f 5908 5892 5909
f 5892 5893 5909
f 5893 5892 5894
f 5910 5894 5895
f 5909 5910 5911
f 5910 5895 5911
f 5921 5920 5911
f 5911 5920 5908
f 5911 5908 5909
f 5895 5894 5892
f 5895 5892 5879
f 5879 5892 5878
f 5879 5878 5867
f 5867 5878 5866
f 5936 5932 5933
f 5933 5937 5936
f 5934 5938 5937
f 5934 5937 5933
f 5938 5934 5939
f 5939 5934 5935
f 5879 5906 5939
f 5936 5905 5878
f 5878 5905 5889
f 5879 5890 5906
f 5939 5906 5938
f 5938 5906 5937
f 5937 5906 5905
f 5878 5889 5879
f 5879 5889 5890
f 5905 5936 5937
f 5878 5879 5866
f 5866 5879 5867
f 5866 5867 5864
f 5864 5867 5865
f 5879 5891 5895
f 5911 5895 5907
f 5907 5895 5891
f 5907 5921 5911
f 5878 5892 5888
f 5920 5904 5908
f 5908 5904 5888
f 5908 5888 5892
f 5864 5878 5866
f 5920 5936 5918
f 5918 5936 5932
f 5862 5874 5872
f 5862 5872 5858
f 5920 5918 5902
f 5920 5902 5904
f 5904 5902 5888
f 5888 5902 5886
f 5888 5886 5878
f 5878 5886 5876
f 5878 5876 5866
f 5866 5876 5864
f 5874 5862 5864
f 5874 5864 5876
f 5858 5872 5874
f 5858 5874 5864
f 5902 5936 5878
f 5902 5878 5886
f 5902 5918 5936
f 5864 5876 5878
f 5939 5935 5919
f 5903 5939 5919
f 5939 5903 5879
f 5879 5903 5887
f 5875 5865 5877
f 5865 5875 5861
f 5861 5875 5873
f 5865 5879 5877
f 5879 5887 5877
f 5887 5903 5891
f 5891 5903 5907
f 5907 5903 5921
f 5921 5903 5919
f 5921 5919 5939
f 5865 5863 5875
f 5875 5863 5873
f 5873 5863 5861
f 5877 5879 5867
f 5877 5867 5865
f 5887 5891 5879
f 5867 5879 5865
f 6186 6202 6187
f 6187 6202 6203
f 6206 6190 6207
f 6190 6172 6191
f 6190 6191 6207
f 6138 6139 6157
f 6192 6173 6193
f 6136 6137 6156
f 6136 6156 6155
f 6202 6204 6206
f 6190 6188 6186
f 6204 6202 6188
f 6188 6202 6186
f 6202 6206 6203
f 6203 6206 6207
f 6205 6189 6203
f 6203 6189 6187
f 6191 6189 6207
f 6207 6189 6205
f 6205 6203 6207
f 6187 6189 6188
f 6187 6188 6186
f 5957 5958 5964
f 5964 5958 5965
f 5964 5965 5957
f 5957 5965 5958
f 5987 5953 5991
f 5953 5960 5991
f 5991 5960 5961
f 5991 5961 5992
f 5943 5941 5967
f 5941 5960 5967
f 5999 5968 5967
f 5999 5967 5998
f 5998 5967 5974
f 5998 5974 6003
f 5942 5943 5966
f 5966 5943 5967
f 6002 5973 5997
f 5973 5966 5997
f 5997 5966 5965
f 5997 5965 5996
f 5940 5942 5959
f 5959 5942 5966
f 5989 5958 5959
f 5989 5959 5990
f 5959 5952 5990
f 5990 5952 5986
f 5940 5960 5941
f 5960 5940 5959
f 5979 5972 5973
f 5952 5953 5960
f 5952 5960 5959
f 5980 5979 5978
f 5982 5981 5974
f 5975 5982 5974
f 5976 5975 5968
f 5969 5976 5968
f 5962 5969 5961
f 5947 5948 5953
f 5953 5948 5954
f 5953 5952 5946
f 5953 5946 5947
f 5952 5945 5946
f 5971 5964 5957
f 5955 5962 5961
f 5955 5961 5954
f 5954 5961 5960
f 5969 5968 5961
f 5961 5968 5960
f 5960 5968 5967
f 5975 5967 5968
f 5975 5974 5967
f 5974 5973 5967
f 5967 5973 5966
f 5973 5980 5979
f 5981 5980 5973
f 5981 5973 5974
f 5972 5965 5966
f 5972 5966 5973
f 5964 5972 5971
f 5972 5964 5965
f 5965 5957 5966
f 5966 5957 5959
f 5950 5958 5957
f 5957 5958 5959
f 5971 5972 5973
f 5951 5945 5952
f 5950 5951 5952
f 5950 5952 5958
f 5958 5952 5959
f 5954 5960 5953
f 6041 6019 6022
f 6084 6099 6100
f 6081 6094 6078
f 6081 6096 6094
f 6096 6081 6095
f 6080 6116 6081
f 6081 6116 6095
f 6101 6122 6080
f 6080 6122 6116
f 6101 6144 6122
f 6100 6143 6101
f 6101 6143 6144
f 6120 6142 6099
f 6143 6100 6142
f 6142 6100 6099
f 6031 6032 6008
f 5980 6030 5981
f 5981 6030 6031
f 5981 6031 6008
f 5981 6008 5982
f 5982 6008 6004
f 5982 6004 5975
f 6005 5976 5975
f 5976 6005 6026
f 5976 6005 6000
f 5976 6000 5969
f 6019 5993 6000
f 5969 6000 5993
f 5969 5993 5962
f 6041 6044 6062
f 6076 6060 6062
f 6062 6060 6041
f 6048 6065 6044
f 6044 6065 6062
f 6066 6084 6067
f 6067 6084 6100
f 6078 6076 6062
f 6078 6062 6081
f 6081 6062 6065
f 6081 6065 6048
f 6081 6048 6080
f 6080 6048 6047
f 6080 6047 6064
f 6080 6064 6101
f 6101 6064 6068
f 6101 6068 6100
f 6100 6068 6067
f 6025 6004 6032
f 6032 6004 6008
f 6022 6019 6000
f 6022 6000 6026
f 6026 6000 6005
f 6048 6026 6025
f 6025 6026 6005
f 6025 6005 6004
f 6004 6005 5975
f 6030 6066 6031
f 6031 6066 6067
f 6031 6067 6032
f 6032 6067 6068
f 6032 6068 6025
f 6025 6068 6064
f 6025 6064 6048
f 6048 6064 6047
f 6048 6047 6026
f 6026 6048 6022
f 6022 6048 6044
f 6022 6044 6041
f 6118 6097 6098
f 6119 6141 6118
f 6119 6098 6099
f 6119 6099 6120
f 6118 6098 6119
f 6030 5980 6007
f 6029 5979 5980
f 6029 5980 6030
f 6006 5978 5979
f 6006 5979 6028
f 6028 5979 6029
f 6098 6097 6082
f 6049 6050 6082
f 6082 6050 6098
f 6066 6099 6051
f 6051 6099 6050
f 6050 6029 6030
f 6050 6030 6051
f 6049 6028 6050
f 6050 6028 6029
f 6099 6098 6050
f 6024 5971 6028
f 6028 5971 5978
f 6024 6001 5971
f 6154 6135 6114
f 6158 6154 6114
f 6140 6158 6118
f 6118 6158 6114
f 6141 6140 6118
f 5978 6006 6028
f 6079 6063 6024
f 6079 6024 6082
f 6082 6024 6028
f 6082 6028 6049
f 6114 6079 6118
f 6118 6079 6082
f 6118 6082 6097
f 6046 6024 6063
f 5995 5971 6001
f 5995 5964 5971
f 5964 5995 6021
f 6021 6043 6061
f 6024 6046 6043
f 6043 6046 6063
f 6043 6063 6077
f 6043 5995 6024
f 6024 5995 6001
f 6021 5995 6043
f 6154 6153 6135
f 6135 6153 6133
f 6135 6133 6112
f 6135 6112 6114
f 6063 6079 6077
f 6077 6079 6114
f 6112 6077 6114
f 6133 6153 6112
f 6077 6061 6043
f 6095 6101 6096
f 6095 6122 6101
f 6144 6143 6122
f 6122 6143 6121
f 6121 6143 6120
f 6143 6142 6120
f 6142 6141 6120
f 6120 6141 6119
f 6141 6159 6158
f 6141 6158 6140
f 6051 6030 6031
f 5963 6023 5970
f 5970 6023 6027
f 5970 6027 5977
f 5977 6027 6026
f 5977 6026 5976
f 6032 5982 6026
f 6026 5982 5976
f 5982 6032 5981
f 5981 6032 6031
f 6031 6030 6007
f 6031 6007 5981
f 5981 6007 5980
f 6067 6121 6120
f 6120 6099 6067
f 6067 6099 6066
f 6067 6066 6051
f 6068 6122 6067
f 6067 6122 6121
f 6122 6068 6101
f 6085 6081 6096
f 6085 6096 6101
f 6060 6062 6042
f 6042 6062 6045
f 6042 6045 6020
f 5963 5994 6023
f 6023 5994 6020
f 6101 6068 6085
f 6085 6068 6052
f 6085 6052 6081
f 6081 6052 6048
f 6045 6062 6044
f 6044 6062 6048
f 6048 6062 6081
f 6031 6067 6051
f 6020 6045 6023
f 6023 6045 6044
f 6023 6044 6027
f 6027 6044 6048
f 6027 6048 6026
f 6026 6048 6052
f 6026 6052 6032
f 6032 6052 6068
f 5955 5949 5948
f 6015 6038 6056
f 6056 6038 6072
f 6072 6090 6107
f 5988 5985 5950
f 5988 5950 5957
f 6034 6033 6069
f 6086 6087 6069
f 5944 6009 6010
f 5944 6010 5945
f 6011 5946 5945
f 6011 5945 6010
f 6035 6088 6053
f 6034 6010 6009
f 6034 6009 6033
f 6010 6034 6011
f 6011 6034 6035
f 6034 6087 6035
f 6035 6087 6088
f 6069 6087 6034
f 6123 6124 6102
f 6145 6123 6102
f 6148 6145 6107
f 6107 6145 6102
f 6128 6148 6107
f 6056 6072 6015
f 5950 5985 6015
f 5950 6015 6009
f 5950 6009 5944
f 6015 6072 6009
f 6009 6072 6069
f 6009 6069 6033
f 6072 6107 6069
f 6069 6107 6102
f 6069 6102 6086
f 6102 6103 6086
f 6103 6087 6086
f 6104 6088 6103
f 6103 6088 6087
f 6102 6124 6103
f 6054 6053 6088
f 6054 6088 6104
f 6012 6011 6035
f 5946 6011 6012
f 6012 5947 5946
f 5948 5947 6012
f 6012 6013 5948
f 6014 5955 6013
f 6013 5955 5948
f 5955 6014 6016
f 5955 6016 5956
f 5956 6016 6017
f 5956 6017 5963
f 5963 6017 6020
f 5963 6020 5994
f 6060 6074 6076
f 6089 6074 6071
f 6055 6089 6071
f 6089 6055 6106
f 6106 6055 6054
f 6106 6054 6105
f 6074 6039 6071
f 6071 6039 6037
f 6071 6037 6055
f 6060 6042 6041
f 6060 6041 6074
f 6074 6041 6039
f 6104 6105 6054
f 6054 6012 6035
f 6054 6035 6053
f 6012 6054 6013
f 6013 6054 6055
f 6013 6055 6014
f 6014 6055 6037
f 6014 6037 6016
f 6016 6037 6039
f 6016 6039 6017
f 6017 6039 6020
f 6020 6039 6041
f 6020 6041 6042
f 6018 6040 5988
f 6015 6040 6038
f 6015 5985 5988
f 6015 5988 6040
f 6074 6092 6093
f 6074 6093 6076
f 6089 6106 6092
f 6126 6127 6106
f 6106 6105 6126
f 6125 6126 6105
f 6146 6123 6145
f 6123 6146 6124
f 6040 6059 6075
f 6151 6148 6128
f 6151 6128 6132
f 6128 6110 6132
f 6132 6110 6151
f 6040 6075 6072
f 6040 6072 6038
f 6128 6107 6110
f 6110 6107 6090
f 6075 6110 6090
f 6075 6090 6072
f 6125 6105 6104
f 6104 6103 6125
f 6125 6103 6124
f 6074 6089 6092
f 5988 5957 6018
f 6040 6018 6059
f 6107 6148 6151
f 6151 6110 6107
f 6087 6103 6102
f 6102 6103 6146
f 6102 6146 6145
f 6034 6070 6069
f 5985 5950 5944
f 5985 5944 5984
f 6075 6059 6018
f 6009 6034 6069
f 6009 6069 6015
f 6069 6072 6015
f 6015 5985 5984
f 6015 5984 6009
f 6009 5984 6010
f 6075 6018 6072
f 6072 6018 6015
f 6018 5988 6015
f 6107 6110 6075
f 6107 6075 6072
f 6107 6072 6102
f 6102 6072 6069
f 6102 6069 6087
f 6087 6069 6070
f 5963 5962 5956
f 5956 5962 5955
f 5954 5948 5955
f 5982 5983 5976
f 5970 5977 5976
f 5962 5963 5969
f 5969 5963 5970
f 5976 5969 5970
f 5975 5976 5982
f 6153 6154 6112
f 6083 6082 6098
f 6118 6158 6159
f 6118 6159 6119
f 6112 6154 6114
f 6061 6077 6021
f 6006 5978 5971
f 6006 5971 6001
f 6021 6024 5995
f 6083 6050 6082
f 6082 6050 6028
f 6082 6028 6079
f 6079 6028 6024
f 6028 6029 6006
f 6028 6006 6024
f 6024 6006 6001
f 6021 6077 6024
f 6024 6077 6079
f 6077 6112 6079
f 6079 6112 6114
f 6079 6114 6082
f 6082 6114 6118
f 6082 6118 6098
f 6169 6168 6152
f 6152 6168 6151
f 6159 6154 6158
f 6120 6142 6121
f 6121 6142 6143
f 6159 6158 6174
f 6159 6174 6175
f 6174 6158 6154
f 6154 6171 6174
f 6092 6057 6058
f 6091 6073 6092
f 6057 6092 6073
f 6091 6108 6131
f 5972 5981 5980
f 5945 5946 5951
f 5951 5946 5947
f 5972 5980 5979
f 5978 5971 5972
f 5978 5972 5979
f 5955 5962 5976
f 5976 5962 5969
f 5975 5982 5972
f 5972 5982 5981
f 5950 5944 5951
f 5951 5944 5945
f 5951 5947 5948
f 5951 5948 5954
f 6165 6148 6168
f 6168 6148 6151
f 6161 6145 6165
f 6165 6145 6148
f 6145 6161 6162
f 6145 6162 6146
f 6151 6153 6168
f 6168 6153 6170
f 6154 6171 6153
f 6153 6171 6170
f 6153 6151 6112
f 6112 6151 6110
f 6112 6110 6077
f 6077 6110 6075
f 6077 6075 6061
f 6061 6075 6040
f 6061 6040 6021
f 6021 6040 6018
f 6021 6018 5988
f 6021 5988 5995
f 5995 5988 5957
f 5995 5957 5964
f 6078 6076 6094
f 6117 6095 6096
f 6117 6116 6095
f 6091 6108 6109
f 6091 6109 6092
f 6094 6076 6093
f 6111 6094 6093
f 6096 6113 6117
f 6106 6127 6131
f 6096 6094 6113
f 6113 6094 6111
f 6111 6093 6092
f 6106 6131 6108
f 6111 6092 6108
f 6108 6092 6109
f 6113 6116 6117
f 6139 6122 6116
f 6122 6139 6144
f 6169 6165 6168
f 6162 6161 6166
f 6166 6161 6169
f 6169 6161 6165
f 6170 6151 6168
f 6154 6151 6171
f 6171 6151 6170
f 6108 6092 6091
f 6108 6091 6106
f 6116 6095 6122
f 6176 6160 6177
f 6143 6144 6176
f 6176 6144 6160
f 6176 6142 6143
f 6176 6159 6142
f 6176 6175 6159
f 6195 6194 6176
f 6176 6194 6175
f 6176 6196 6195
f 6176 6197 6196
f 6176 6177 6197
f 6159 6141 6142
f 6175 6155 6159
f 6175 6172 6155
f 6194 6190 6175
f 6175 6190 6172
f 6195 6191 6190
f 6195 6190 6194
f 6191 6195 6207
f 6207 6195 6209
f 6207 6209 6210
f 6207 6210 6208
f 6208 6210 6196
f 6208 6196 6192
f 6192 6196 6193
f 6193 6196 6197
f 6193 6197 6177
f 6193 6177 6173
f 6173 6177 6157
f 6157 6177 6160
f 6157 6160 6139
f 6139 6160 6144
f 6143 6139 6144
f 6143 6138 6139
f 6159 6155 6136
f 6159 6136 6141
f 6141 6136 6137
f 6141 6137 6142
f 6142 6137 6138
f 6142 6138 6143
f 6209 6195 6196
f 6209 6196 6210
f 6111 6108 6113
f 6113 6108 6131
f 6113 6131 6134
f 6113 6134 6116
f 6116 6134 6139
f 6138 6115 6139
f 6116 6139 6115
f 6139 6134 6131
f 6139 6131 6157
f 6157 6131 6150
f 6167 6173 6150
f 6150 6173 6157
f 6185 6193 6167
f 6167 6193 6173
f 6201 6208 6184
f 6184 6208 6192
f 6184 6192 6185
f 6185 6192 6193
f 6183 6191 6200
f 6200 6191 6207
f 6200 6207 6201
f 6201 6207 6208
f 6182 6190 6183
f 6183 6190 6191
f 6166 6172 6182
f 6182 6172 6190
f 6149 6155 6166
f 6166 6155 6172
f 6130 6126 6131
f 6131 6126 6127
f 6131 6127 6147
f 6131 6147 6150
f 6150 6147 6164
f 6150 6164 6167
f 6167 6164 6181
f 6167 6181 6185
f 6185 6181 6180
f 6185 6180 6184
f 6184 6180 6199
f 6184 6199 6201
f 6201 6199 6198
f 6201 6198 6200
f 6200 6198 6179
f 6200 6179 6183
f 6183 6179 6178
f 6183 6178 6182
f 6182 6178 6162
f 6182 6162 6166
f 6166 6162 6146
f 6166 6146 6149
f 6199 6180 6179
f 6199 6179 6198
f 6149 6146 6124
f 6149 6124 6129
f 6105 6036 6124
f 6124 6036 6035
f 6124 6035 6034
f 6124 6125 6105
f 6181 6164 6180
f 6179 6162 6178
f 6125 6124 6146
f 6126 6147 6127
f 6163 6146 6162
f 6125 6146 6163
f 6163 6126 6125
f 6147 6126 6163
f 6163 6164 6147
f 6180 6164 6163
f 6163 6179 6180
f 6162 6179 6163
f 5972 5957 5975
f 5975 5957 5950
f 5950 5951 5975
f 5975 5951 5954
f 5972 5971 5957
f 5976 5975 5955
f 5955 5975 5954
f 6419 6418 6417
f 6417 6418 6412
f 6417 6412 6411
f 6411 6412 6410
f 6411 6410 6405
f 6405 6410 6396
f 6405 6396 6392
f 6392 6396 6369
f 6392 6369 6365
f 6365 6369 6374
f 6365 6374 6370
f 6370 6374 6375
f 6375 6374 6379
f 6375 6379 6385
f 6375 6385 6380
f 6380 6385 6400
f 6380 6400 6399
f 6399 6400 6416
f 6399 6416 6415
f 6415 6416 6414
f 6415 6414 6413
f 6413 6414 6420
f 6413 6420 6419
f 6419 6420 6418
f 6374 6397 6379
f 6397 6400 6385
f 6397 6385 6379
f 6397 6416 6400
f 6397 6414 6416
f 6418 6420 6397
f 6397 6420 6414
f 6412 6418 6397
f 6397 6410 6412
f 6397 6396 6410
f 6374 6369 6397
f 6397 6369 6396
f 6375 6398 6370
f 6398 6392 6365
f 6398 6365 6370
f 6398 6405 6392
f 6398 6411 6405
f 6419 6417 6398
f 6398 6417 6411
f 6413 6419 6398
f 6398 6415 6413
f 6398 6399 6415
f 6375 6380 6398
f 6398 6380 6399
f 6245 6268 6267
f 6267 6244 6245
f 6245 6263 6268
f 6214 6220 6219
f 6220 6214 6215
f 6220 6215 6216
f 6220 6216 6221
f 6263 6264 6245
f 6246 6245 6264
f 6368 6395 6369
f 6369 6395 6396
f 6348 6374 6352
f 6352 6374 6379
f 6356 6384 6360
f 6360 6384 6383
f 6360 6383 6387
f 6360 6387 6359
f 6410 6396 6409
f 6396 6395 6409
f 6409 6395 6391
f 6409 6391 6404
f 6404 6391 6403
f 6403 6391 6390
f 6390 6363 6339
f 6214 6225 6226
f 6214 6226 6215
f 6215 6226 6216
f 6226 6227 6216
f 6229 6221 6216
f 6229 6216 6227
f 6239 6258 6241
f 6241 6258 6260
f 6246 6264 6263
f 6246 6263 6245
f 6289 6267 6268
f 6289 6268 6290
f 6352 6351 6348
f 6348 6351 6347
f 6348 6347 6374
f 6374 6347 6373
f 6379 6378 6351
f 6379 6351 6352
f 6356 6360 6355
f 6359 6355 6360
f 6368 6369 6373
f 6373 6369 6374
f 6369 6396 6367
f 6367 6396 6394
f 6374 6369 6372
f 6372 6369 6367
f 6374 6372 6379
f 6379 6372 6377
f 6377 6378 6379
f 6378 6377 6383
f 6378 6383 6384
f 6384 6383 6387
f 6409 6404 6407
f 6407 6404 6403
f 6408 6410 6409
f 6408 6409 6407
f 6408 6394 6410
f 6410 6394 6396
f 6255 6256 6237
f 6318 6340 6343
f 6318 6343 6321
f 6317 6339 6318
f 6318 6339 6340
f 6234 6226 6233
f 6233 6226 6225
f 6227 6226 6234
f 6235 6227 6234
f 6235 6229 6227
f 6276 6237 6256
f 6239 6237 6276
f 6278 6239 6276
f 6278 6258 6239
f 6282 6258 6278
f 6241 6260 6282
f 6282 6260 6258
f 6281 6241 6282
f 6246 6241 6281
f 6246 6285 6245
f 6285 6246 6281
f 6285 6263 6245
f 6290 6268 6285
f 6285 6268 6263
f 6356 6378 6384
f 6325 6347 6351
f 6325 6351 6329
f 6321 6343 6325
f 6325 6343 6347
f 6276 6256 6275
f 6297 6276 6275
f 6297 6275 6294
f 6275 6256 6255
f 6255 6251 6272
f 6271 6293 6272
f 6272 6293 6294
f 6272 6251 6271
f 6271 6251 6250
f 6275 6255 6272
f 6275 6272 6294
f 6233 6250 6234
f 6234 6250 6251
f 6234 6251 6255
f 6234 6255 6235
f 6235 6255 6237
f 6235 6237 6229
f 6309 6314 6285
f 6309 6285 6305
f 6276 6297 6298
f 6276 6298 6278
f 6278 6298 6302
f 6278 6302 6301
f 6278 6301 6281
f 6281 6301 6305
f 6281 6305 6285
f 6313 6289 6314
f 6314 6289 6290
f 6314 6290 6285
f 6281 6282 6278
f 6332 6356 6336
f 6336 6356 6335
f 6335 6356 6355
f 6335 6355 6359
f 6332 6329 6356
f 6329 6351 6356
f 6356 6351 6378
f 6335 6313 6336
f 6336 6313 6314
f 6336 6314 6332
f 6332 6314 6309
f 6332 6309 6329
f 6329 6309 6305
f 6329 6305 6351
f 6293 6317 6294
f 6294 6317 6318
f 6294 6318 6297
f 6297 6318 6321
f 6297 6321 6298
f 6298 6321 6302
f 6302 6321 6325
f 6302 6325 6301
f 6301 6325 6305
f 6305 6325 6329
f 6233 6225 6250
f 6373 6347 6343
f 6368 6373 6343
f 6339 6363 6364
f 6368 6343 6364
f 6364 6343 6340
f 6364 6340 6339
f 6395 6368 6391
f 6391 6368 6364
f 6391 6364 6390
f 6390 6364 6363
f 6267 6266 6244
f 6266 6265 6244
f 6244 6265 6243
f 6243 6265 6262
f 6212 6213 6218
f 6218 6213 6219
f 6219 6213 6214
f 6218 6217 6211
f 6218 6211 6212
f 6261 6262 6242
f 6242 6262 6243
f 6393 6366 6392
f 6392 6366 6365
f 6401 6388 6406
f 6406 6388 6393
f 6388 6401 6402
f 6388 6402 6389
f 6390 6362 6389
f 6390 6389 6403
f 6403 6389 6402
f 6362 6390 6338
f 6338 6390 6339
f 6338 6339 6317
f 6338 6317 6316
f 6316 6317 6293
f 6316 6293 6292
f 6225 6249 6250
f 6250 6249 6270
f 6250 6270 6271
f 6271 6270 6293
f 6293 6270 6292
f 6225 6224 6249
f 6224 6213 6212
f 6224 6212 6223
f 6211 6222 6223
f 6211 6223 6212
f 6257 6238 6240
f 6240 6259 6257
f 6266 6288 6265
f 6265 6288 6287
f 6288 6266 6267
f 6288 6267 6289
f 6222 6211 6217
f 6222 6217 6228
f 6213 6224 6225
f 6213 6225 6214
f 6406 6393 6392
f 6406 6392 6405
f 6349 6375 6370
f 6349 6370 6345
f 6381 6353 6357
f 6381 6357 6382
f 6382 6357 6386
f 6386 6357 6358
f 6358 6359 6386
f 6386 6359 6387
f 6365 6366 6370
f 6370 6366 6371
f 6370 6371 6345
f 6371 6346 6345
f 6345 6346 6349
f 6346 6350 6349
f 6349 6350 6375
f 6375 6350 6376
f 6357 6353 6354
f 6357 6354 6358
f 6358 6354 6359
f 6359 6354 6355
f 6392 6365 6367
f 6381 6382 6383
f 6381 6383 6376
f 6376 6383 6377
f 6377 6375 6376
f 6372 6370 6377
f 6377 6370 6375
f 6367 6365 6372
f 6372 6365 6370
f 6394 6392 6367
f 6382 6386 6383
f 6383 6386 6387
f 6406 6405 6408
f 6407 6403 6402
f 6407 6402 6401
f 6401 6406 6407
f 6407 6406 6408
f 6394 6408 6405
f 6392 6394 6405
f 6313 6335 6334
f 6346 6324 6350
f 6350 6324 6328
f 6353 6376 6350
f 6359 6358 6335
f 6284 6262 6265
f 6284 6265 6287
f 6243 6262 6284
f 6284 6242 6243
f 6242 6284 6280
f 6242 6280 6240
f 6240 6280 6279
f 6259 6240 6279
f 6277 6257 6279
f 6279 6257 6259
f 6236 6238 6253
f 6253 6238 6257
f 6222 6228 6230
f 6230 6228 6236
f 6231 6222 6230
f 6223 6222 6231
f 6232 6224 6223
f 6338 6316 6315
f 6315 6337 6338
f 6320 6342 6315
f 6315 6342 6337
f 6311 6308 6284
f 6304 6284 6308
f 6289 6313 6288
f 6288 6313 6312
f 6288 6312 6287
f 6287 6312 6311
f 6287 6311 6284
f 6304 6280 6284
f 6279 6280 6304
f 6279 6304 6277
f 6277 6304 6300
f 6295 6273 6299
f 6299 6273 6277
f 6299 6277 6300
f 6273 6295 6296
f 6273 6296 6274
f 6274 6296 6269
f 6269 6296 6291
f 6273 6253 6277
f 6277 6253 6257
f 6274 6253 6273
f 6248 6231 6254
f 6254 6231 6230
f 6254 6230 6236
f 6254 6236 6253
f 6223 6231 6232
f 6232 6231 6248
f 6232 6248 6249
f 6249 6248 6269
f 6249 6269 6270
f 6270 6269 6291
f 6270 6291 6292
f 6269 6248 6274
f 6274 6248 6254
f 6274 6254 6253
f 6316 6292 6315
f 6315 6292 6291
f 6315 6291 6320
f 6320 6291 6296
f 6320 6296 6295
f 6335 6358 6334
f 6334 6358 6354
f 6334 6354 6333
f 6333 6354 6353
f 6333 6353 6331
f 6350 6328 6353
f 6312 6313 6334
f 6312 6334 6311
f 6311 6334 6333
f 6311 6333 6308
f 6308 6333 6331
f 6308 6331 6304
f 6381 6376 6353
f 6331 6353 6328
f 6331 6328 6304
f 6304 6328 6300
f 6300 6328 6324
f 6300 6324 6299
f 6299 6324 6346
f 6299 6346 6295
f 6295 6346 6342
f 6295 6342 6320
f 6224 6232 6249
f 6342 6371 6366
f 6346 6371 6342
f 6362 6338 6337
f 6342 6366 6337
f 6337 6366 6361
f 6337 6361 6362
f 6366 6393 6361
f 6361 6393 6388
f 6361 6388 6362
f 6362 6388 6389
f 6242 6241 6246
f 6246 6245 6244
f 6246 6244 6242
f 6242 6244 6243
f 6217 6218 6228
f 6228 6218 6219
f 6220 6221 6229
f 6220 6229 6219
f 6219 6229 6228
f 6237 6236 6229
f 6229 6236 6228
f 6239 6238 6236
f 6239 6236 6237
f 6241 6240 6239
f 6239 6240 6238
f 6240 6241 6242
f 6322 6343 6344
f 6343 6322 6321
f 6321 6340 6343
f 6282 6260 6278
f 6278 6260 6258
f 6282 6246 6241
f 6263 6264 6285
f 6285 6264 6286
f 6286 6264 6246
f 6352 6330 6348
f 6348 6330 6326
f 6322 6344 6326
f 6326 6344 6348
f 6340 6321 6318
f 6318 6321 6294
f 6272 6297 6276
f 6252 6272 6256
f 6256 6272 6276
f 6235 6252 6237
f 6237 6252 6256
f 6234 6251 6235
f 6313 6289 6290
f 6313 6290 6314
f 6278 6302 6282
f 6282 6302 6306
f 6359 6335 6360
f 6360 6335 6336
f 6360 6336 6356
f 6286 6282 6306
f 6286 6306 6310
f 6310 6306 6330
f 6310 6330 6332
f 6332 6330 6356
f 6282 6286 6246
f 6332 6309 6310
f 6310 6309 6285
f 6310 6285 6286
f 6235 6251 6252
f 6252 6251 6272
f 6272 6294 6297
f 6297 6294 6321
f 6298 6321 6322
f 6298 6322 6302
f 6302 6322 6326
f 6302 6326 6306
f 6306 6326 6330
f 6306 6330 6352
f 6330 6352 6356
f 6356 6352 6379
f 6356 6379 6378
f 6344 6369 6374
f 6344 6374 6348
f 6369 6344 6368
f 6368 6344 6343
f 6368 6343 6340
f 6368 6340 6364
f 6364 6340 6363
f 6363 6340 6339
f 6327 6349 6323
f 6323 6349 6345
f 6353 6376 6349
f 6349 6376 6375
f 6284 6261 6262
f 6283 6242 6284
f 6284 6242 6261
f 6279 6240 6283
f 6283 6240 6242
f 6230 6222 6236
f 6236 6222 6228
f 6320 6342 6337
f 6320 6337 6315
f 6319 6342 6320
f 6319 6341 6342
f 6312 6288 6289
f 6289 6313 6312
f 6303 6279 6307
f 6307 6279 6283
f 6307 6283 6308
f 6308 6283 6284
f 6299 6277 6303
f 6303 6277 6279
f 6296 6269 6273
f 6269 6248 6247
f 6269 6247 6273
f 6273 6247 6253
f 6248 6231 6230
f 6248 6230 6247
f 6247 6230 6253
f 6253 6230 6236
f 6320 6296 6319
f 6319 6296 6295
f 6334 6358 6333
f 6333 6358 6357
f 6333 6357 6331
f 6331 6357 6353
f 6331 6353 6327
f 6327 6353 6349
f 6308 6331 6307
f 6307 6331 6327
f 6307 6327 6303
f 6303 6327 6299
f 6299 6327 6323
f 6299 6323 6345
f 6299 6345 6295
f 6295 6345 6341
f 6295 6341 6319
f 6370 6365 6341
f 6341 6345 6370
f 6365 6366 6393
f 6341 6365 6342
f 6342 6365 6366
f 6337 6361 6338
f 6338 6361 6362
f 6535 6533 6534
f 6535 6534 6558
f 6558 6557 6532
f 6558 6532 6535
f 6535 6536 6533
f 6557 6558 6579
f 6579 6558 6580
f 6579 6580 6597
f 6597 6580 6598
f 6597 6598 6615
f 6615 6631 6630
f 6630 6614 6615
f 6615 6614 6597
f 6647 6646 6629
f 6629 6646 6628
f 6628 6630 6629
f 6629 6630 6631
f 6657 6656 6641
f 6641 6656 6640
f 6638 6639 6654
f 6654 6639 6655
f 6639 6638 6622
f 6639 6622 6623
f 6656 6669 6655
f 6655 6677 6676
f 6655 6676 6672
f 6655 6675 6679
f 6679 6678 6655
f 6655 6672 6667
f 6641 6640 6624
f 6641 6624 6625
f 6669 6668 6655
f 6655 6668 6675
f 6655 6678 6677
f 6667 6666 6655
f 6573 6574 6592
f 6573 6592 6591
f 6607 6623 6622
f 6625 6624 6608
f 6625 6608 6609
f 6609 6608 6591
f 6609 6591 6592
f 6622 6606 6607
f 6607 6606 6590
f 6590 6606 6589
f 6590 6589 6568
f 6568 6589 6567
f 6658 6659 6656
f 6658 6656 6655
f 6659 6658 6644
f 6644 6658 6643
f 6644 6643 6645
f 6645 6643 6647
f 6647 6643 6642
f 6647 6642 6646
f 6539 6547 6546
f 6539 6546 6538
f 6516 6515 6507
f 6508 6516 6507
f 6509 6510 6517
f 6517 6510 6518
f 6542 6543 6549
f 6542 6549 6548
f 6538 6458 6539
f 6539 6458 6459
f 6539 6459 6547
f 6547 6459 6467
f 6547 6467 6546
f 6546 6467 6466
f 6546 6466 6538
f 6538 6466 6458
f 6547 6507 6539
f 6570 6508 6547
f 6547 6508 6507
f 6570 6516 6508
f 6570 6571 6516
f 6516 6571 6517
f 6571 6509 6517
f 6548 6510 6571
f 6571 6510 6509
f 6542 6510 6548
f 6542 6462 6543
f 6543 6462 6463
f 6543 6463 6549
f 6549 6463 6469
f 6549 6469 6548
f 6548 6469 6468
f 6548 6468 6542
f 6542 6468 6462
f 6511 6510 6468
f 6511 6468 6469
f 6518 6515 6517
f 6517 6515 6516
f 6467 6507 6506
f 6467 6506 6466
f 6472 6479 6478
f 6473 6479 6472
f 6474 6475 6481
f 6480 6474 6481
f 6524 6480 6525
f 6525 6480 6481
f 6522 6478 6523
f 6523 6478 6479
f 6507 6467 6459
f 6507 6459 6539
f 6547 6539 6561
f 6569 6547 6561
f 6570 6547 6569
f 6570 6569 6562
f 6562 6569 6561
f 6540 6562 6561
f 6539 6540 6561
f 6540 6541 6562
f 6562 6541 6563
f 6562 6563 6570
f 6570 6563 6571
f 6548 6571 6572
f 6572 6571 6564
f 6564 6571 6563
f 6548 6572 6564
f 6542 6548 6564
f 6542 6564 6563
f 6542 6563 6541
f 6468 6510 6462
f 6462 6510 6542
f 6519 6518 6510
f 6519 6510 6511
f 6506 6507 6514
f 6514 6507 6515
f 6514 6515 6519
f 6519 6515 6518
f 6528 6484 6522
f 6522 6484 6478
f 6514 6472 6478
f 6514 6478 6522
f 6473 6472 6515
f 6515 6472 6514
f 6523 6479 6473
f 6523 6473 6515
f 6518 6474 6480
f 6518 6480 6524
f 6475 6474 6519
f 6519 6474 6518
f 6525 6481 6475
f 6525 6475 6519
f 6481 6485 6529
f 6481 6529 6525
f 6485 6484 6529
f 6529 6484 6528
f 6528 6522 6523
f 6525 6529 6524
f 6528 6523 6524
f 6528 6524 6529
f 6491 6490 6485
f 6485 6490 6489
f 6485 6489 6484
f 6484 6489 6488
f 6448 6434 6506
f 6448 6506 6514
f 6448 6514 6452
f 6448 6466 6434
f 6434 6466 6506
f 6426 6448 6434
f 6426 6442 6448
f 6442 6426 6458
f 6427 6459 6426
f 6426 6459 6458
f 6539 6459 6427
f 6539 6427 6540
f 6540 6427 6428
f 6428 6429 6540
f 6540 6429 6541
f 6430 6462 6542
f 6430 6542 6429
f 6429 6542 6541
f 6435 6449 6431
f 6431 6449 6445
f 6445 6463 6431
f 6431 6463 6430
f 6430 6463 6462
f 6449 6435 6469
f 6469 6435 6511
f 6519 6511 6453
f 6453 6511 6449
f 6449 6511 6435
f 6452 6514 6472
f 6478 6452 6472
f 6519 6453 6475
f 6453 6481 6475
f 6481 6482 6485
f 6485 6482 6486
f 6482 6481 6526
f 6526 6481 6525
f 6477 6478 6484
f 6477 6484 6483
f 6519 6520 6525
f 6525 6520 6526
f 6478 6477 6521
f 6478 6521 6522
f 6513 6514 6522
f 6513 6522 6521
f 6515 6518 6523
f 6518 6524 6523
f 6478 6477 6471
f 6478 6471 6452
f 6471 6451 6452
f 6452 6451 6448
f 6448 6451 6433
f 6448 6433 6434
f 6424 6430 6429
f 6424 6429 6423
f 6421 6422 6428
f 6421 6428 6427
f 6434 6433 6426
f 6436 6435 6431
f 6436 6431 6432
f 6428 6422 6429
f 6429 6422 6423
f 6426 6433 6425
f 6449 6435 6436
f 6449 6436 6453
f 6453 6436 6454
f 6482 6481 6476
f 6476 6481 6453
f 6476 6453 6454
f 6476 6475 6482
f 6482 6475 6481
f 6472 6514 6471
f 6471 6514 6513
f 6477 6478 6472
f 6477 6472 6471
f 6483 6484 6478
f 6483 6478 6477
f 6458 6466 6457
f 6457 6466 6465
f 6448 6465 6466
f 6448 6447 6465
f 6447 6448 6441
f 6448 6442 6441
f 6449 6446 6445
f 6446 6449 6450
f 6469 6450 6449
f 6469 6470 6450
f 6469 6464 6470
f 6469 6463 6464
f 6519 6475 6520
f 6520 6475 6476
f 6484 6488 6487
f 6488 6489 6487
f 6484 6487 6483
f 6483 6527 6521
f 6521 6527 6553
f 6477 6483 6521
f 6521 6553 6551
f 6551 6513 6521
f 6551 6553 6577
f 6545 6551 6567
f 6567 6551 6575
f 6577 6575 6551
f 6576 6552 6574
f 6550 6574 6552
f 6552 6576 6578
f 6552 6578 6554
f 6486 6482 6526
f 6554 6530 6526
f 6526 6520 6552
f 6486 6526 6530
f 6552 6554 6526
f 6492 6490 6491
f 6492 6485 6486
f 6491 6485 6492
f 6593 6595 6610
f 6628 6626 6610
f 6567 6575 6593
f 6593 6575 6577
f 6590 6568 6567
f 6590 6589 6607
f 6607 6589 6606
f 6612 6628 6610
f 6577 6595 6612
f 6593 6577 6595
f 6595 6577 6610
f 6610 6577 6612
f 6658 6655 6639
f 6643 6658 6639
f 6643 6639 6623
f 6623 6607 6626
f 6623 6626 6643
f 6643 6626 6642
f 6590 6567 6589
f 6589 6567 6593
f 6589 6593 6606
f 6606 6593 6610
f 6606 6610 6607
f 6607 6610 6626
f 6642 6626 6628
f 6642 6628 6646
f 6639 6638 6655
f 6650 6651 6635
f 6679 6675 6674
f 6679 6674 6678
f 6672 6676 6673
f 6673 6676 6677
f 6654 6655 6638
f 6656 6653 6665
f 6656 6665 6669
f 6640 6637 6653
f 6656 6640 6653
f 6651 6663 6664
f 6664 6652 6651
f 6635 6651 6652
f 6662 6650 6661
f 6661 6650 6649
f 6650 6662 6651
f 6651 6662 6663
f 6634 6650 6635
f 6633 6649 6634
f 6634 6649 6650
f 6667 6660 6666
f 6666 6660 6648
f 6666 6648 6655
f 6673 6677 6674
f 6674 6677 6678
f 6669 6665 6668
f 6668 6665 6664
f 6668 6664 6674
f 6674 6664 6663
f 6674 6663 6671
f 6674 6671 6673
f 6673 6671 6670
f 6673 6670 6662
f 6673 6662 6667
f 6667 6662 6661
f 6667 6661 6660
f 6653 6652 6664
f 6661 6649 6648
f 6665 6653 6664
f 6671 6663 6670
f 6670 6663 6662
f 6660 6661 6648
f 6675 6668 6674
f 6672 6673 6667
f 6655 6648 6639
f 6639 6648 6632
f 6652 6636 6635
f 6637 6636 6653
f 6653 6636 6652
f 6648 6649 6632
f 6632 6649 6633
f 6617 6601 6600
f 6620 6604 6603
f 6451 6447 6433
f 6450 6454 6436
f 6551 6545 6513
f 6505 6458 6457
f 6505 6457 6465
f 6497 6498 6458
f 6463 6503 6504
f 6463 6504 6464
f 6504 6470 6464
f 6438 6439 6423
f 6423 6439 6424
f 6424 6439 6440
f 6424 6440 6430
f 6430 6440 6444
f 6430 6444 6431
f 6431 6444 6445
f 6438 6455 6439
f 6439 6455 6456
f 6439 6456 6462
f 6439 6462 6444
f 6444 6462 6463
f 6444 6463 6445
f 6456 6461 6462
f 6450 6436 6446
f 6446 6436 6432
f 6446 6432 6445
f 6445 6432 6431
f 6476 6454 6450
f 6470 6476 6450
f 6495 6501 6496
f 6541 6501 6540
f 6540 6501 6495
f 6461 6501 6462
f 6462 6501 6502
f 6462 6502 6463
f 6463 6502 6503
f 6470 6512 6476
f 6476 6512 6520
f 6552 6520 6550
f 6512 6470 6504
f 6512 6550 6520
f 6501 6541 6502
f 6502 6541 6542
f 6502 6542 6503
f 6503 6542 6543
f 6503 6543 6544
f 6503 6544 6504
f 6504 6544 6512
f 6512 6544 6550
f 6609 6592 6605
f 6605 6592 6588
f 6605 6588 6587
f 6605 6587 6604
f 6604 6587 6586
f 6641 6625 6640
f 6640 6625 6624
f 6640 6624 6637
f 6637 6624 6621
f 6637 6621 6636
f 6636 6621 6620
f 6604 6620 6605
f 6605 6620 6621
f 6605 6621 6609
f 6609 6621 6624
f 6609 6624 6625
f 6583 6561 6582
f 6582 6561 6560
f 6582 6560 6581
f 6581 6560 6559
f 6581 6559 6589
f 6589 6559 6567
f 6592 6574 6588
f 6588 6574 6566
f 6588 6566 6587
f 6587 6566 6565
f 6587 6565 6586
f 6586 6565 6564
f 6586 6564 6585
f 6585 6564 6563
f 6585 6563 6584
f 6584 6563 6562
f 6584 6562 6583
f 6583 6562 6561
f 6633 6617 6632
f 6632 6617 6616
f 6632 6616 6639
f 6639 6616 6623
f 6606 6622 6623
f 6606 6623 6599
f 6599 6623 6616
f 6599 6616 6600
f 6600 6616 6617
f 6635 6619 6634
f 6634 6619 6618
f 6634 6618 6633
f 6633 6618 6617
f 6635 6636 6620
f 6635 6620 6619
f 6619 6620 6603
f 6619 6603 6618
f 6618 6603 6602
f 6618 6602 6601
f 6618 6601 6617
f 6601 6583 6600
f 6600 6583 6582
f 6600 6582 6599
f 6599 6582 6581
f 6599 6581 6606
f 6606 6581 6589
f 6451 6471 6465
f 6465 6447 6451
f 6433 6447 6425
f 6425 6447 6441
f 6425 6441 6426
f 6426 6441 6442
f 6505 6465 6513
f 6513 6465 6471
f 6497 6458 6505
f 6427 6426 6442
f 6427 6442 6443
f 6443 6442 6458
f 6443 6458 6459
f 6423 6422 6438
f 6459 6455 6438
f 6459 6438 6437
f 6437 6438 6421
f 6422 6421 6438
f 6440 6439 6444
f 6498 6459 6458
f 6538 6498 6537
f 6537 6498 6497
f 6537 6497 6545
f 6545 6497 6505
f 6545 6505 6513
f 6497 6498 6505
f 6427 6443 6437
f 6459 6498 6499
f 6499 6498 6538
f 6499 6538 6539
f 6499 6539 6500
f 6539 6540 6500
f 6500 6540 6495
f 6495 6496 6456
f 6456 6455 6495
f 6495 6455 6500
f 6500 6455 6460
f 6500 6460 6499
f 6496 6501 6461
f 6496 6461 6456
f 6460 6455 6459
f 6460 6459 6499
f 6604 6586 6603
f 6603 6586 6585
f 6603 6585 6602
f 6602 6585 6584
f 6602 6584 6601
f 6601 6584 6583
f 6561 6539 6560
f 6560 6539 6538
f 6560 6538 6559
f 6559 6538 6537
f 6559 6537 6567
f 6567 6537 6545
f 6574 6550 6566
f 6566 6550 6544
f 6566 6544 6565
f 6565 6544 6543
f 6565 6543 6564
f 6564 6543 6542
f 6459 6437 6443
f 6437 6421 6427
f 6576 6574 6592
f 6576 6594 6596
f 6576 6596 6578
f 6647 6629 6627
f 6647 6627 6645
f 6591 6608 6592
f 6608 6609 6592
f 6592 6594 6576
f 6640 6656 6644
f 6640 6644 6624
f 6624 6644 6627
f 6624 6627 6608
f 6608 6627 6609
f 6609 6627 6611
f 6609 6611 6592
f 6592 6611 6594
f 6611 6627 6629
f 6611 6629 6613
f 6613 6596 6611
f 6611 6596 6594
f 6645 6627 6644
f 6659 6644 6656
f 6490 6492 6489
f 6487 6489 6492
f 6532 6557 6531
f 6487 6493 6532
f 6532 6493 6535
f 6531 6487 6532
f 6483 6487 6527
f 6527 6555 6553
f 6555 6577 6553
f 6597 6614 6612
f 6612 6614 6630
f 6612 6630 6628
f 6597 6612 6595
f 6595 6577 6597
f 6557 6579 6555
f 6557 6555 6531
f 6531 6555 6527
f 6531 6527 6487
f 6555 6579 6577
f 6577 6579 6597
f 6534 6530 6556
f 6556 6554 6578
f 6530 6486 6556
f 6556 6530 6554
f 6534 6492 6530
f 6494 6492 6534
f 6534 6533 6494
f 6494 6533 6536
f 6596 6613 6598
f 6596 6598 6578
f 6629 6631 6613
f 6613 6631 6615
f 6613 6615 6598
f 6558 6534 6556
f 6558 6556 6580
f 6578 6598 6580
f 6578 6580 6556
f 6486 6530 6492
f 6487 6492 6494
f 6536 6493 6487
f 6536 6487 6494
f 6536 6535 6493
f 6687 6817 6809
f 6714 6687 6809
f 6809 6808 6714
f 6808 6713 6714
f 6817 6687 6816
f 6816 6687 6686
f 6682 6812 6684
f 6684 6812 6814
f 6684 6814 6685
f 6685 6814 6815
f 6685 6815 6686
f 6686 6815 6816
f 6696 6722 6717
f 6696 6717 6738
f 6696 6738 6752
f 6696 6770 6786
f 6696 6691 6722
f 6752 6765 6696
f 6696 6765 6770
f 6696 6786 6791
f 6810 6680 6681
f 6681 6811 6810
f 6811 6681 6700
f 6811 6700 6795
f 6795 6700 6695
f 6795 6695 6790
f 6790 6695 6696
f 6790 6696 6791
f 6680 6810 6683
f 6683 6810 6813
f 6683 6813 6812
f 6683 6812 6682
f 6734 6713 6808
f 6808 6782 6734
f 6782 6733 6734
f 6733 6782 6781
f 6733 6762 6748
f 6733 6781 6762
f 6777 6759 6778
f 6782 6762 6781
f 6761 6747 6748
f 6748 6762 6761
f 6778 6779 6802
f 6777 6778 6799
f 6799 6778 6802
f 6776 6777 6796
f 6796 6777 6799
f 6796 6799 6797
f 6797 6799 6800
f 6760 6779 6778
f 6778 6759 6760
f 6777 6776 6759
f 6746 6760 6759
f 6787 6773 6772
f 6772 6773 6767
f 6766 6772 6767
f 6768 6763 6750
f 6768 6750 6767
f 6767 6750 6754
f 6757 6744 6758
f 6758 6744 6745
f 6757 6743 6744
f 6742 6755 6756
f 6742 6741 6755
f 6755 6741 6743
f 6755 6743 6757
f 6750 6749 6754
f 6756 6772 6753
f 6753 6772 6766
f 6754 6740 6739
f 6753 6754 6739
f 6740 6754 6735
f 6735 6754 6749
f 6735 6749 6736
f 6736 6749 6750
f 6753 6739 6756
f 6756 6739 6742
f 6812 6813 6794
f 6794 6813 6810
f 6755 6771 6774
f 6797 6776 6796
f 6798 6793 6792
f 6756 6755 6771
f 6774 6776 6775
f 6775 6776 6797
f 6775 6797 6792
f 6793 6788 6787
f 6787 6788 6773
f 6773 6788 6767
f 6789 6788 6793
f 6789 6793 6794
f 6792 6793 6787
f 6772 6775 6787
f 6787 6775 6792
f 6789 6784 6783
f 6783 6784 6767
f 6788 6789 6783
f 6783 6767 6788
f 6768 6767 6784
f 6774 6775 6772
f 6754 6753 6766
f 6754 6766 6767
f 6794 6793 6812
f 6812 6793 6798
f 6812 6798 6814
f 6814 6798 6801
f 6817 6816 6805
f 6805 6816 6803
f 6779 6780 6804
f 6804 6780 6806
f 6804 6806 6805
f 6805 6806 6807
f 6746 6747 6760
f 6760 6747 6761
f 6761 6762 6780
f 6780 6762 6782
f 6780 6782 6806
f 6806 6782 6808
f 6806 6808 6807
f 6807 6808 6809
f 6816 6815 6803
f 6803 6815 6801
f 6803 6801 6800
f 6800 6801 6797
f 6803 6804 6805
f 6800 6804 6803
f 6815 6814 6801
f 6801 6798 6797
f 6797 6798 6792
f 6774 6772 6771
f 6771 6772 6756
f 6759 6758 6745
f 6759 6745 6746
f 6809 6817 6807
f 6807 6817 6805
f 6800 6799 6804
f 6804 6799 6802
f 6804 6802 6779
f 6780 6779 6761
f 6761 6779 6760
f 6758 6759 6776
f 6758 6776 6757
f 6757 6776 6774
f 6757 6774 6755
f 6764 6770 6765
f 6764 6765 6751
f 6751 6765 6752
f 6770 6764 6769
f 6785 6786 6769
f 6770 6769 6786
f 6810 6811 6794
f 6794 6811 6795
f 6768 6784 6785
f 6763 6764 6750
f 6751 6750 6764
f 6764 6763 6769
f 6769 6763 6768
f 6795 6790 6789
f 6795 6789 6794
f 6789 6790 6784
f 6790 6791 6785
f 6791 6786 6785
f 6785 6769 6768
f 6751 6750 6737
f 6785 6784 6790
f 6680 6683 6682
f 6734 6733 6748
f 6731 6732 6746
f 6732 6747 6746
f 6730 6729 6707
f 6707 6729 6704
f 6729 6728 6704
f 6704 6728 6701
f 6704 6701 6702
f 6704 6702 6705
f 6693 6725 6719
f 6701 6728 6702
f 6728 6726 6702
f 6702 6726 6727
f 6702 6727 6697
f 6718 6719 6724
f 6724 6719 6725
f 6724 6725 6692
f 6692 6725 6693
f 6743 6726 6744
f 6744 6726 6728
f 6744 6728 6729
f 6745 6744 6729
f 6745 6729 6730
f 6746 6745 6730
f 6746 6730 6731
f 6723 6726 6743
f 6723 6743 6741
f 6724 6723 6741
f 6724 6741 6742
f 6724 6727 6726
f 6724 6726 6723
f 6719 6718 6739
f 6719 6739 6740
f 6694 6699 6698
f 6698 6699 6703
f 6740 6735 6719
f 6693 6694 6698
f 6689 6719 6720
f 6715 6720 6719
f 6715 6719 6736
f 6735 6736 6740
f 6740 6736 6719
f 6719 6688 6693
f 6703 6682 6706
f 6706 6682 6684
f 6706 6684 6708
f 6708 6684 6685
f 6708 6685 6710
f 6710 6685 6686
f 6710 6686 6687
f 6710 6687 6712
f 6712 6687 6714
f 6732 6731 6711
f 6711 6731 6709
f 6711 6709 6710
f 6711 6710 6712
f 6748 6747 6732
f 6748 6732 6734
f 6734 6732 6711
f 6734 6711 6713
f 6713 6711 6712
f 6713 6712 6714
f 6692 6693 6697
f 6697 6693 6698
f 6706 6705 6703
f 6697 6727 6724
f 6718 6724 6742
f 6718 6742 6739
f 6692 6697 6724
f 6710 6709 6708
f 6708 6709 6705
f 6731 6730 6707
f 6731 6707 6709
f 6709 6707 6704
f 6709 6704 6705
f 6688 6719 6689
f 6688 6689 6694
f 6688 6694 6693
f 6697 6698 6702
f 6702 6698 6703
f 6706 6708 6705
f 6699 6680 6682
f 6699 6682 6703
f 6702 6703 6705
f 6681 6680 6699
f 6722 6691 6690
f 6722 6690 6721
f 6737 6717 6716
f 6716 6717 6722
f 6716 6722 6721
f 6737 6738 6717
f 6751 6752 6738
f 6738 6737 6751
f 6696 6695 6691
f 6691 6695 6690
f 6700 6681 6699
f 6700 6699 6695
f 6695 6699 6694
f 6750 6751 6736
f 6736 6751 6737
f 6716 6736 6737
f 6716 6721 6720
f 6716 6720 6715
f 6716 6715 6736
f 6694 6689 6695
f 6695 6689 6690
f 6689 6720 6721
f 6690 6689 6721
