v 0.142852117 0.257374614 0.170294911
v 0.141504993 0.258433759 0.205471322
v 0.141914581 0.259546369 0.195440635
v 0.142746871 0.260438502 0.191802844
v 0.142824669 0.259371310 0.185686424
v 0.142889937 0.259036750 0.181212306
v 0.143340041 0.260769844 0.177020058
v 0.143341740 0.259641200 0.169463441
v 0.143631895 0.260317892 0.166190803
v 0.144150783 0.261477292 0.159370869
v 0.144310136 0.261995554 0.153783917
v 0.144109582 0.262055337 0.149005264
v 0.144010534 0.263986737 0.144667462
v 0.143928175 0.266036570 0.139925003
v 0.142740701 0.262818545 0.206040651
v 0.143042599 0.263253897 0.195924997
v 0.143676405 0.264309376 0.191795081
v 0.143843924 0.264072329 0.186298653
v 0.143875648 0.263868123 0.181840301
v 0.144182910 0.265694380 0.177649289
v 0.144266983 0.266165257 0.173266083
v 0.144132231 0.263974428 0.167006925
v 0.144623180 0.265563041 0.159627005
v 0.144825076 0.266471982 0.153646246
v 0.144952689 0.268328130 0.149309754
v 0.144795482 0.269144595 0.144556805
v 0.144357492 0.271135032 0.137542859
v 0.143659924 0.268724412 0.206780836
v 0.144049917 0.269308746 0.196686178
v 0.144246792 0.268647432 0.193333313
v 0.144657810 0.270585060 0.187125370
v 0.144546737 0.268794328 0.182469219
v 0.144567211 0.268987149 0.178063661
v 0.144685631 0.269658953 0.172206774
v 0.145320197 0.273716122 0.165275559
v 0.145371427 0.272691578 0.161141932
v 0.145430853 0.272097647 0.155222833
v 0.145601620 0.274803430 0.150173351
v 0.145250579 0.274459064 0.145010114
v 0.144768124 0.275677145 0.140110344
v 0.142896806 0.273580164 0.207335100
v 0.143535440 0.274428755 0.197280973
v 0.144685333 0.274394810 0.193531647
v 0.144976010 0.275538772 0.187741026
v 0.145039608 0.275464505 0.183302253
v 0.145082806 0.275657117 0.178891376
v 0.145223712 0.276275784 0.173019007
v 0.145578568 0.277672946 0.166462913
v 0.145912205 0.280035853 0.162170410
v 0.145974656 0.278881252 0.155788571
v 0.145738904 0.278304100 0.149158999
v 0.145674412 0.280892789 0.147093400
v 0.144712855 0.282420009 0.138908431
v 0.142977600 0.277872503 0.207852051
v 0.143627097 0.279455751 0.197886318
v 0.144822707 0.282202065 0.194467574
v 0.145200526 0.282072514 0.188540831
v 0.145382886 0.282203257 0.184131831
v 0.145505090 0.282561332 0.179739892
v 0.145641958 0.283343256 0.173880726
v 0.145777126 0.283382088 0.167260498
v 0.145931413 0.285072178 0.162772223
v 0.146046852 0.286244929 0.157920510
v 0.146075119 0.286952257 0.150011078
v 0.145888259 0.284875691 0.147535220
v 0.145460074 0.286969870 0.140987292
v 0.145044510 0.289180279 0.135221586
v 0.143680577 0.284517258 0.208673000
v 0.144167950 0.285707563 0.198654398
v 0.144566019 0.286643118 0.194988698
v 0.145103951 0.286858350 0.189115465
v 0.145404806 0.287270039 0.184744760
v 0.145620127 0.287890702 0.180385560
v 0.145792862 0.288212389 0.174968883
v 0.145879199 0.286932230 0.165930331
v 0.145936568 0.289708018 0.163140327
v 0.145960127 0.291579574 0.157209769
v 0.146059101 0.290213794 0.152100474
v 0.146053706 0.291022331 0.147227123
v 0.145900657 0.291743100 0.140822992
v 0.145540302 0.293120831 0.135711461
v 0.145066668 0.293951124 0.131289184
v 0.142894168 0.289294064 0.209216967
v 0.143369501 0.290605694 0.199212477
v 0.143583377 0.292263001 0.195623994
v 0.144420435 0.292419642 0.190256268
v 0.145112504 0.292281657 0.185340703
v 0.145442356 0.293226063 0.181021944
v 0.145785962 0.292691082 0.175005943
v 0.145905753 0.293704599 0.170618400
v 0.145936926 0.294772059 0.163667709
v 0.145849650 0.295334995 0.157136664
v 0.145693501 0.296768576 0.152744219
v 0.145623480 0.296883285 0.147458270
v 0.145526280 0.297172457 0.140705109
v 0.145296862 0.297754884 0.136757851
v 0.145002310 0.297289252 0.131687582
v 0.143689265 0.296459019 0.189490631
v 0.144075756 0.297804415 0.185974464
v 0.144767021 0.297695905 0.182280600
v 0.145225098 0.299410433 0.176540717
v 0.145618384 0.299409330 0.171289861
v 0.145700594 0.300168812 0.163290471
v 0.145557513 0.301720440 0.158398122
v 0.145430316 0.300834477 0.153221279
v 0.145026078 0.302172661 0.147311494
v 0.144879689 0.300838172 0.141118333
v 0.143817683 0.301049560 0.183395758
v 0.144483735 0.303990096 0.176012859
v 0.144898881 0.305317014 0.170758262
v 0.145306205 0.305299610 0.164396256
v 0.145231848 0.307330519 0.158550695
v 0.145171960 0.307090551 0.153961614
v 0.144848962 0.307787448 0.147977188
v 0.143767093 0.307406008 0.175195292
v 0.144183804 0.308960617 0.170864776
v 0.144536008 0.310958982 0.165044546
v 0.144714122 0.312639147 0.159471557
v 0.144700741 0.314039260 0.154777631
v 0.144725104 0.313306987 0.150147647
v 0.137313371 0.245881125 0.175029323
v 0.138042932 0.245212048 0.169689611
v 0.137128105 0.250287503 0.188875750
v 0.138178920 0.249731928 0.184073418
v 0.138199647 0.248465046 0.179785684
v 0.139478658 0.249077156 0.175479874
v 0.140385126 0.249376476 0.170270696
v 0.137991388 0.252798378 0.204670757
v 0.138222982 0.253671229 0.194604993
v 0.138890897 0.252880037 0.190758854
v 0.140639817 0.253700763 0.184923932
v 0.141050254 0.253475457 0.180474579
v 0.141690944 0.254267246 0.176175341
v 0.142043893 0.254273266 0.170916021
v 0.138167982 0.257226676 0.205207422
v 0.139882703 0.257586241 0.195133224
v 0.141276171 0.256727427 0.191610828
v 0.141847362 0.256627023 0.186802372
v 0.143525024 0.262837499 0.142609030
v 0.143255179 0.264745682 0.137085304
v 0.142898073 0.265909493 0.132058710
v 0.142011647 0.266090363 0.126348346
v 0.141039168 0.266742498 0.120702937
v 0.139833440 0.267516494 0.114772163
v 0.139490803 0.270598799 0.110602677
v 0.137364139 0.261911094 0.205739707
v 0.137722527 0.263111383 0.195717692
v 0.143755411 0.271010816 0.132998690
v 0.142837678 0.271263063 0.126998112
v 0.141805147 0.272025168 0.121068418
v 0.140374084 0.273523211 0.113736473
v 0.139730652 0.272360623 0.111017153
v 0.138428380 0.266895801 0.206374750
v 0.138786753 0.268096089 0.196352735
v 0.143838187 0.277155459 0.133737877
v 0.142828320 0.277704179 0.127767518
v 0.141742517 0.278641641 0.121854655
v 0.140286435 0.280229509 0.114530474
v 0.139794787 0.280200034 0.111992240
v 0.141019543 0.274232745 0.207346126
v 0.141377931 0.275433034 0.197324097
v 0.143862818 0.281265974 0.133930713
v 0.142827128 0.281999975 0.127982780
v 0.141722982 0.282213151 0.122282997
v 0.140269463 0.283779055 0.114957266
v 0.139702951 0.282317728 0.112108529
v 0.140981664 0.276664317 0.207635984
v 0.141340037 0.277864605 0.197613969
v 0.144325306 0.286802202 0.133408949
v 0.143934121 0.289347082 0.128700107
v 0.142298957 0.288765103 0.121590100
v 0.141074007 0.289836168 0.115706459
v 0.138789212 0.283197641 0.208340034
v 0.139147599 0.284397900 0.198318020
v 0.144631689 0.294449002 0.128333867
v 0.143546094 0.295335621 0.122412913
v 0.142218699 0.296098351 0.116485171
v 0.140528132 0.295590878 0.110414624
v 0.139209707 0.289913535 0.209159404
v 0.139568095 0.291113794 0.199137390
v 0.144782459 0.299957097 0.135000899
v 0.144382139 0.299334675 0.129663631
v 0.143310075 0.299756736 0.122942291
v 0.142020200 0.300369650 0.117001489
v 0.140458544 0.301631033 0.111150205
v 0.140235831 0.295540541 0.209870011
v 0.140975599 0.296400368 0.199820861
v 0.141601061 0.297528118 0.195885897
v 0.142405992 0.299057335 0.190990299
v 0.144401644 0.304517746 0.141539678
v 0.144165178 0.303446025 0.136897415
v 0.143320163 0.304881185 0.131047294
v 0.142315631 0.305832326 0.125151172
v 0.141176050 0.306391686 0.119217016
v 0.137648945 0.299069732 0.210200191
v 0.138275807 0.300236940 0.200183809
v 0.138638933 0.301937610 0.196110904
v 0.140414809 0.302902967 0.190526620
v 0.142128457 0.302881837 0.186522588
v 0.142600318 0.303991050 0.183708861
v 0.143431028 0.306303710 0.178053737
v 0.144276057 0.309422165 0.142121732
v 0.143703063 0.308654666 0.137504116
v 0.142809262 0.310315341 0.131684393
v 0.141780590 0.311306894 0.125799537
v 0.140636419 0.311759859 0.119858883
v 0.137937551 0.306698442 0.189794347
v 0.139631172 0.308585137 0.184159502
v 0.141963725 0.310131758 0.177173302
v 0.143150692 0.311733902 0.171461746
v 0.143587490 0.313818544 0.166872725
v 0.144566377 0.314989924 0.148831621
v 0.144309064 0.315033615 0.142796144
v 0.143805091 0.314717531 0.138233989
v 0.142942150 0.315415561 0.132299960
v 0.141904106 0.316391408 0.126412973
v 0.140803998 0.316335082 0.120909423
v 0.140034844 0.313138574 0.177250057
v 0.140839149 0.315949917 0.171363428
v 0.142088180 0.317456543 0.165564418
v 0.143318285 0.317969918 0.159586668
v 0.143402894 0.319046021 0.155331075
v 0.143445139 0.319684058 0.150326788
v 0.143337061 0.320320219 0.144458920
v 0.143104960 0.320929438 0.138953313
v 0.142542352 0.321319103 0.132990077
v 0.141528313 0.322182864 0.127086669
v 0.140721579 0.321565032 0.121920802
v 0.139595886 0.320572585 0.165256649
v 0.140810256 0.321495026 0.159949750
v 0.140820881 0.322602242 0.155664653
v 0.141219531 0.323081702 0.150060117
v 0.141310413 0.323570788 0.144523412
v 0.141163175 0.324159056 0.139270440
v 0.141016116 0.324558228 0.133459151
v 0.140584071 0.324754834 0.127658099
v 0.133065780 0.241121948 0.168742061
v 0.132042100 0.244949698 0.182134643
v 0.133714219 0.244702160 0.179204047
v 0.134521877 0.243601367 0.174504101
v 0.135705744 0.242838651 0.169605032
v 0.131127452 0.248006269 0.203851372
v 0.131962781 0.249290988 0.193856522
v 0.133875643 0.248621657 0.189846650
v 0.135440131 0.247221112 0.183692396
v 0.133434539 0.251058847 0.204299465
v 0.134308954 0.251704127 0.194229439
v 0.135910099 0.250478178 0.191864818
v 0.134067123 0.255895704 0.204901367
v 0.134425511 0.257095993 0.194879353
v 0.134334733 0.265243798 0.124146879
v 0.134164636 0.267185748 0.120296575
v 0.134490212 0.267825872 0.117471121
v 0.137686913 0.269473612 0.109592326
v 0.136705657 0.268050730 0.106554039
v 0.134157111 0.270253092 0.119564719
v 0.134551888 0.270353168 0.117354609
v 0.134926011 0.271537840 0.110729210
v 0.135121857 0.281507045 0.111981668
v 0.134837438 0.283924878 0.122371085
v 0.134748553 0.283197641 0.118635915
v 0.137499099 0.283953369 0.111464232
v 0.137548049 0.287406534 0.106271535
v 0.135108416 0.289799064 0.117384978
v 0.135379245 0.290555775 0.110699438
v 0.137252634 0.289925605 0.105632059
v 0.139968117 0.296600640 0.108022280
v 0.136434768 0.292265356 0.209341839
v 0.136793141 0.293465614 0.199319825
v 0.135301729 0.303013355 0.118803285
v 0.135222797 0.303181142 0.115938082
v 0.137486492 0.303011179 0.109233052
v 0.134213721 0.295379668 0.209635407
v 0.134572093 0.296579957 0.199613377
v 0.135328789 0.306895822 0.120433040
v 0.135353510 0.306339681 0.115534306
v 0.137611722 0.307175815 0.107701108
v 0.133317595 0.300778717 0.210249975
v 0.134274607 0.302720726 0.200338200
v 0.136778941 0.302911878 0.198116049
v 0.135162373 0.310521901 0.121168703
v 0.137448494 0.312079757 0.113801800
v 0.137976413 0.310557723 0.111737557
v 0.132347499 0.305179298 0.200563729
v 0.133710672 0.305962950 0.196903408
v 0.134916936 0.308140665 0.191498056
v 0.136928697 0.311361969 0.184398681
v 0.139184971 0.317491531 0.113586180
v 0.134606977 0.313809812 0.183120251
v 0.136040558 0.316299647 0.177700490
v 0.137623717 0.318504155 0.172274932
v 0.136809205 0.323326409 0.121705204
v 0.137935837 0.323719203 0.115467608
v 0.137405028 0.325406790 0.113887355
v 0.134773721 0.320230126 0.171571925
v 0.136066367 0.322067231 0.165852293
v 0.136604344 0.323647410 0.160195231
v 0.137367387 0.324464858 0.155764312
v 0.137485688 0.325088799 0.151084393
v 0.137850036 0.325582325 0.144582197
v 0.138289054 0.325869322 0.139184833
v 0.138123919 0.326326162 0.133433461
v 0.138321047 0.326459318 0.126741841
v 0.137620379 0.326522440 0.121631563
v 0.137109419 0.326850355 0.117072828
v 0.136369412 0.326989979 0.113106728
v 0.128832099 0.240917951 0.172672942
v 0.128599596 0.239849150 0.168591484
v 0.128446800 0.243875712 0.181886747
v 0.128764336 0.242864922 0.178823754
v 0.129655545 0.241830841 0.175034165
v 0.126803313 0.246707246 0.203541175
v 0.127681074 0.247903332 0.193537220
v 0.128074800 0.246536463 0.189597920
v 0.128671673 0.252432138 0.204293624
v 0.129030061 0.253632426 0.194271609
v 0.133072113 0.267478794 0.120474346
v 0.132559051 0.268798977 0.112945355
v 0.132152264 0.268937141 0.111865230
v 0.131735777 0.269792914 0.104830429
v 0.133108770 0.270042568 0.120510958
v 0.132537683 0.270854861 0.113235243
v 0.132120718 0.270996511 0.112128116
v 0.131720414 0.271849006 0.105117828
v 0.133444299 0.283516049 0.121231161
v 0.132775952 0.284008443 0.117679894
v 0.131998708 0.284284115 0.113287225
v 0.131989767 0.284497947 0.106628455
v 0.134198998 0.291230828 0.108440109
v 0.133836498 0.291991413 0.101545259
v 0.134433110 0.303786874 0.109996930
v 0.134068404 0.304637939 0.103082061
v 0.134502818 0.306697994 0.112461194
v 0.133792331 0.306631327 0.109987810
v 0.134165396 0.306701273 0.103290945
v 0.127889139 0.300170541 0.209983021
v 0.128247527 0.301370829 0.199960992
v 0.134453897 0.310443461 0.122145481
v 0.133618583 0.310927331 0.114154883
v 0.133546640 0.311725527 0.107541241
v 0.132796993 0.311875790 0.106417239
v 0.129219514 0.305000842 0.210609093
v 0.129290787 0.306490034 0.200611413
v 0.128482361 0.308437824 0.197012767
v 0.130306085 0.310448736 0.191937253
v 0.129566354 0.311815828 0.190110683
v 0.130225097 0.315846086 0.182908759
v 0.131647145 0.317670196 0.178995550
v 0.134438654 0.323082566 0.121957421
v 0.133834203 0.324416816 0.115842305
v 0.133650025 0.325134486 0.109444469
v 0.133061235 0.325210124 0.108023673
v 0.129891892 0.319226980 0.176865086
v 0.129892481 0.321514219 0.171854481
v 0.130157714 0.323528618 0.166033506
v 0.130211030 0.325003058 0.160433069
v 0.132022207 0.325690657 0.155720070
v 0.131810104 0.326335192 0.151247218
v 0.131304030 0.327104807 0.143777698
v 0.132972543 0.327215761 0.138843656
v 0.131815498 0.327961415 0.131908774
v 0.131365542 0.328577459 0.126002237
v 0.132660349 0.328318298 0.120173492
v 0.133405213 0.327654809 0.116560757
v 0.133021285 0.328928709 0.111775473
v 0.122195077 0.240632787 0.173386455
v 0.123339956 0.239356786 0.168295756
v 0.122292106 0.245142236 0.187736809
v 0.122286198 0.243092000 0.181569383
v 0.124066857 0.242174283 0.178571805
v 0.124320825 0.241248533 0.175513878
v 0.120964137 0.247369185 0.203411639
v 0.121737880 0.248190507 0.193359092
v 0.122423989 0.246197969 0.190844402
v 0.122951989 0.251092017 0.203928590
v 0.123310377 0.252292305 0.193906575
v 0.125138906 0.269195348 0.103070855
v 0.121265684 0.275011241 0.163386747
v 0.121319664 0.273205787 0.160442084
v 0.121501883 0.272704035 0.154542819
v 0.121740242 0.275530934 0.149343029
v 0.121277732 0.278653055 0.165652111
v 0.121889320 0.278936446 0.147274017
v 0.121964608 0.281150699 0.146586552
v 0.125407388 0.286621869 0.105621226
v 0.125990597 0.289082229 0.099527791
v 0.121400383 0.284550935 0.166187048
v 0.122064066 0.287754804 0.148336396
v 0.122040947 0.284853429 0.146942526
v 0.127906156 0.290478796 0.099745438
v 0.125074518 0.291943938 0.098168008
v 0.121518386 0.287763745 0.164923072
v 0.121656676 0.290213168 0.162491009
v 0.121886102 0.292093575 0.156878754
v 0.122038354 0.290574849 0.151155427
v 0.125021783 0.305240929 0.099690497
v 0.120870908 0.297101110 0.191343367
v 0.121386734 0.298828691 0.176918551
v 0.127078203 0.308694154 0.106311359
v 0.126781170 0.307892621 0.102462791
v 0.125704763 0.307790548 0.100156546
v 0.122764205 0.301693082 0.209982097
v 0.123122593 0.302893370 0.199960083
v 0.120972005 0.300755471 0.190911964
v 0.121461232 0.302393943 0.177231133
v 0.125644361 0.311661571 0.104232773
v 0.122353976 0.305489719 0.210422128
v 0.123068069 0.307054669 0.200456500
v 0.123338332 0.309795350 0.196503505
v 0.121112970 0.307869226 0.191768989
v 0.121608858 0.309530020 0.177901819
v 0.123470356 0.312395304 0.191290304
v 0.121433613 0.314889610 0.187099099
v 0.124058318 0.316617221 0.183691204
v 0.127938171 0.326576203 0.109094851
v 0.125980874 0.326539189 0.106509715
v 0.121711088 0.318228900 0.181081071
v 0.124442955 0.319881141 0.177499965
v 0.125268054 0.322403789 0.171290785
v 0.125571725 0.324095994 0.165937513
v 0.125131418 0.325431228 0.160505429
v 0.126268615 0.326250285 0.155581281
v 0.126114254 0.326824367 0.151101962
v 0.125843351 0.327516347 0.143631503
v 0.125649748 0.327984959 0.137673855
v 0.125504573 0.328520685 0.131750032
v 0.127130409 0.329045415 0.125906259
v 0.126988609 0.329695940 0.120026387
v 0.127127481 0.329886556 0.109907791
v 0.126149950 0.327775329 0.106961422
v 0.117331785 0.240889847 0.173734218
v 0.117743191 0.239437342 0.167851061
v 0.116143917 0.245196939 0.187522367
v 0.117363718 0.243102834 0.181388870
v 0.117716161 0.247464865 0.203306943
v 0.117628005 0.248201340 0.193213418
v 0.116476973 0.246210292 0.190637767
v 0.116260653 0.250995398 0.203677729
v 0.116619040 0.252195656 0.193655714
v 0.119878729 0.268692464 0.102117367
v 0.121750829 0.269692719 0.101283625
v 0.119360079 0.272486150 0.102071144
v 0.121709426 0.272436440 0.101619549
v 0.120342863 0.286553949 0.104234271
v 0.122010251 0.285603642 0.103203602
v 0.119873394 0.290796012 0.099419244
v 0.121943307 0.292340338 0.098096438
v 0.117514563 0.293194950 0.194239601
v 0.118756046 0.293329179 0.192465052
v 0.118836639 0.295540363 0.172810629
v 0.119478856 0.305171400 0.100928523
v 0.122204629 0.305282891 0.099680141
v 0.118906212 0.295337141 0.194364980
v 0.120430765 0.296209157 0.191998944
v 0.120281023 0.298220783 0.175138712
v 0.120793377 0.308186054 0.102164343
v 0.122903441 0.307926506 0.100157782
v 0.116842006 0.302111357 0.209820420
v 0.117200387 0.303311646 0.199798390
v 0.120883462 0.300485969 0.192304328
v 0.120268588 0.304255992 0.175329387
v 0.121284668 0.313124686 0.103728294
v 0.118822326 0.305553079 0.210303426
v 0.118852657 0.307143867 0.200316444
v 0.118719188 0.309558809 0.196785659
v 0.120580134 0.308901668 0.193428010
v 0.120971558 0.310110599 0.175876722
v 0.115704660 0.311183065 0.195080504
v 0.118869905 0.312329501 0.192796722
v 0.118448687 0.314465821 0.176217437
v 0.121518624 0.326151639 0.105787657
v 0.121075642 0.320686966 0.175973102
v 0.118598377 0.321848005 0.171873555
v 0.118632157 0.323654681 0.166173711
v 0.118293879 0.324920207 0.161248982
v 0.119034921 0.326102346 0.155305058
v 0.119201330 0.326769441 0.150344327
v 0.119764571 0.327520609 0.143414721
v 0.119723168 0.328051597 0.137469903
v 0.119756383 0.328628629 0.131557494
v 0.121766192 0.329230219 0.125737339
v 0.121848573 0.329884619 0.119866304
v 0.119408456 0.329672754 0.116288476
v 0.122207810 0.329978347 0.110844024
v 0.121487794 0.327953964 0.106245570
v 0.111856719 0.241183415 0.172093153
v 0.111801398 0.240198925 0.167790264
v 0.111269188 0.243925333 0.181270540
v 0.111952339 0.241969153 0.175152093
v 0.110947405 0.246772379 0.202981964
v 0.111016792 0.247903556 0.192941338
v 0.110791986 0.246683300 0.189495772
v 0.111058292 0.251800776 0.203588158
v 0.111416672 0.253001064 0.193566144
v 0.113200647 0.268499196 0.119408175
v 0.114358504 0.269561470 0.117414571
v 0.114944865 0.268406510 0.107392989
v 0.115948898 0.268724561 0.104587905
v 0.113827606 0.270522177 0.119470358
v 0.114425664 0.270712316 0.117446005
v 0.114588571 0.271865994 0.107794575
v 0.115662557 0.272206217 0.104794055
v 0.113755544 0.283773720 0.120923974
v 0.114714523 0.282965571 0.119163916
v 0.115466480 0.285851419 0.109853737
v 0.116331113 0.286105573 0.106734328
v 0.114527402 0.288925856 0.116549730
v 0.116662239 0.290942669 0.114155538
v 0.116877680 0.290964037 0.104117021
v 0.117406529 0.291432709 0.101852432
v 0.112678555 0.293577731 0.192863792
v 0.112818715 0.294047147 0.188944295
v 0.111975339 0.296066225 0.173124492
v 0.116269571 0.303594649 0.117364116
v 0.116940704 0.303617388 0.115786456
v 0.116936554 0.304654956 0.105758816
v 0.117575382 0.304938585 0.103389114
v 0.114904766 0.306911975 0.118983082
v 0.117048142 0.306875259 0.116369270
v 0.117257324 0.308034241 0.107086316
v 0.117976976 0.307926416 0.104441516
v 0.111295161 0.301282704 0.209522814
v 0.111653541 0.302482992 0.199500799
v 0.115659190 0.310903370 0.120127812
v 0.116364879 0.312693357 0.108117662
v 0.117934835 0.312997937 0.105331413
v 0.113038597 0.306749135 0.210239843
v 0.113341619 0.308061689 0.200229302
v 0.112656322 0.308709413 0.197793722
v 0.111880486 0.312155843 0.170218736
v 0.111438331 0.312784702 0.165632024
v 0.112300460 0.312536180 0.195120826
v 0.112855231 0.314089745 0.193144888
v 0.113316720 0.315787762 0.175933614
v 0.114411299 0.317780942 0.171459019
v 0.112694976 0.317047954 0.164707899
v 0.112298523 0.319088876 0.161618039
v 0.116107439 0.323440850 0.121471189
v 0.117028986 0.325750142 0.110034138
v 0.118305070 0.325613320 0.107103981
v 0.115855311 0.320314378 0.171198145
v 0.115512011 0.321869493 0.165478677
v 0.114701499 0.323603809 0.160153687
v 0.113691432 0.324874878 0.155569330
v 0.113775385 0.326011598 0.149935529
v 0.115525481 0.327138305 0.143217757
v 0.114570943 0.327685624 0.137241796
v 0.114757893 0.328350157 0.131344438
v 0.115023111 0.329012126 0.125468105
v 0.115775322 0.327469230 0.122103572
v 0.118288969 0.329097569 0.119332619
v 0.117241708 0.327494025 0.110297114
v 0.118416128 0.327851534 0.107601106
v 0.106630598 0.241635323 0.167858139
v 0.106110563 0.245466575 0.181274697
v 0.106124272 0.243245348 0.173618391
v 0.105051768 0.242519692 0.169036552
v 0.105273184 0.248682648 0.203007847
v 0.105704908 0.249660075 0.192961752
v 0.105739419 0.248166725 0.188782319
v 0.106911247 0.253418922 0.203633651
v 0.107269635 0.254619211 0.193611637
v 0.104163853 0.255412340 0.203774154
v 0.104522233 0.256612599 0.193752140
v 0.109180858 0.268007547 0.120694928
v 0.104744827 0.280110061 0.172063306
v 0.105789033 0.279433757 0.165121123
v 0.105917570 0.280330032 0.160986796
v 0.105389063 0.282246113 0.157200664
v 0.108670456 0.284044325 0.121729061
v 0.104655077 0.283572346 0.174894035
v 0.105396812 0.283345401 0.171641871
v 0.106748966 0.283464015 0.166089356
v 0.107068946 0.284353822 0.160992354
v 0.105994907 0.285727680 0.156092852
v 0.109525641 0.289590359 0.116907813
v 0.104972017 0.288894832 0.172850817
v 0.107109030 0.289748400 0.166708678
v 0.107890395 0.289172351 0.162045255
v 0.107184974 0.290548503 0.156199545
v 0.106183981 0.292459071 0.152457848
v 0.107512583 0.293765187 0.192701519
v 0.106783603 0.294425309 0.189801708
v 0.108213131 0.296190411 0.173513979
v 0.107785364 0.294906348 0.167347595
v 0.108864312 0.295523822 0.162835762
v 0.108295207 0.296359003 0.157190293
v 0.106997770 0.297132343 0.152879417
v 0.110556861 0.303795516 0.117914155
v 0.104948809 0.297546238 0.208848372
v 0.105307189 0.298746526 0.198826358
v 0.105295782 0.296954870 0.193004251
v 0.105345463 0.297121257 0.191615060
v 0.108826404 0.297540128 0.173677549
v 0.108820942 0.300722569 0.168230891
v 0.109476623 0.300974965 0.163764760
v 0.108473105 0.301502079 0.157347292
v 0.106969264 0.302805632 0.152723879
v 0.110263405 0.305254847 0.118234456
v 0.107368250 0.299668878 0.209189117
v 0.107726638 0.300869167 0.199167103
v 0.109615033 0.306149334 0.171988115
v 0.109929321 0.305804729 0.168929189
v 0.109894653 0.306039006 0.164028868
v 0.108687212 0.307434857 0.158717319
v 0.106814389 0.309533209 0.153531030
v 0.107106638 0.305085331 0.209828451
v 0.107530867 0.306474894 0.199831471
v 0.106877034 0.307129651 0.197341323
v 0.104763758 0.310861409 0.193239853
v 0.105609720 0.313240498 0.174709544
v 0.110711751 0.309075207 0.169950664
v 0.110577931 0.311533123 0.163688198
v 0.109121916 0.312607288 0.159059465
v 0.106994462 0.313508600 0.154018477
v 0.107255851 0.312167794 0.194896325
v 0.107562718 0.314069122 0.192867503
v 0.108252791 0.315843284 0.176163867
v 0.110318554 0.317910314 0.158852503
v 0.107933124 0.319294274 0.153343588
v 0.106808727 0.321894407 0.149205253
v 0.110637819 0.323598534 0.153888583
v 0.108649497 0.323992103 0.149019152
v 0.107967389 0.324829459 0.143893898
v 0.108932709 0.326338768 0.136878803
v 0.109281485 0.327167541 0.131005213
v 0.109365326 0.327706695 0.125105485
v 0.110498634 0.327876478 0.123310104
v 0.103022714 0.246123135 0.178291485
v 0.101497305 0.246126756 0.173503742
v 0.101339330 0.245399490 0.168402255
v 0.102110018 0.250175834 0.188361958
v 0.100735639 0.249773130 0.182915807
v 0.099703086 0.249995068 0.178638861
v 0.099404168 0.249791086 0.174279526
v 0.099200842 0.250386357 0.168923289
v 0.100436953 0.252254516 0.203262687
v 0.100703170 0.253332019 0.193222672
v 0.099210580 0.253952712 0.190087676
v 0.098743064 0.253167987 0.184405223
v 0.098363754 0.253456056 0.179011300
v 0.098614466 0.255487353 0.174084872
v 0.099339252 0.257331431 0.169120267
v 0.100699005 0.257521003 0.203902796
v 0.100261022 0.258318096 0.193804011
v 0.098981214 0.261504501 0.174086258
v 0.099861761 0.260192871 0.168070510
v 0.100445454 0.261082947 0.164258704
v 0.100906325 0.261807650 0.158167422
v 0.101049391 0.262558520 0.151911169
v 0.101062139 0.263246655 0.146197140
v 0.101123025 0.264093667 0.142045915
v 0.101407630 0.266697317 0.136099100
v 0.101338965 0.265166551 0.130215541
v 0.101626326 0.265721887 0.125558406
v 0.102353317 0.268480510 0.121147335
v 0.100576927 0.263032973 0.204558566
v 0.100935307 0.264233261 0.194536552
v 0.099137013 0.268092185 0.176379472
v 0.100662281 0.268092811 0.170447364
v 0.101499346 0.267806023 0.164405316
v 0.101770793 0.267631918 0.158322871
v 0.101783765 0.268120080 0.152299702
v 0.101797712 0.269188523 0.147872210
v 0.101904978 0.270933419 0.143541992
v 0.102110800 0.271465868 0.130063578
v 0.102564623 0.272851765 0.125766113
v 0.103025389 0.273054153 0.120995656
v 0.099858609 0.267807662 0.205104724
v 0.100216997 0.269007951 0.195082709
v 0.098937695 0.272637725 0.179576114
v 0.100175125 0.272582471 0.175911039
v 0.101663937 0.273202896 0.170429021
v 0.102723983 0.273732036 0.164771900
v 0.103036297 0.274844795 0.160129279
v 0.102915806 0.276134580 0.155274481
v 0.102660087 0.276043981 0.148725271
v 0.102627223 0.277122796 0.144312084
v 0.102496927 0.276781231 0.136721045
v 0.102595267 0.276203603 0.132147685
v 0.103155499 0.277943045 0.126390412
v 0.103682113 0.278647482 0.121684365
v 0.099719373 0.271513700 0.205543593
v 0.100077761 0.272713989 0.195521578
v 0.099828926 0.276769847 0.181684881
v 0.102532846 0.277665555 0.176554069
v 0.103763764 0.277452409 0.171546206
v 0.104140167 0.276233852 0.166463599
v 0.104040583 0.277693659 0.159030452
v 0.103586746 0.279646486 0.155254111
v 0.103208979 0.281933725 0.149804160
v 0.103013610 0.281905800 0.144899756
v 0.102935855 0.283159733 0.137503505
v 0.102999178 0.282718480 0.133130893
v 0.103413542 0.283803195 0.127094120
v 0.104024534 0.284665585 0.121568099
v 0.099822191 0.277279347 0.206237793
v 0.100180571 0.278479636 0.196215779
v 0.100773004 0.282141834 0.182629496
v 0.103641716 0.282951862 0.177299395
v 0.104354275 0.284326732 0.153591320
v 0.103716788 0.286122501 0.150577575
v 0.103153390 0.287182033 0.144025356
v 0.104796452 0.290487260 0.117016733
v 0.100316820 0.284445494 0.207113728
v 0.100675200 0.285645783 0.197091714
v 0.100858864 0.287650436 0.183284089
v 0.103302104 0.288142800 0.178090066
v 0.104466279 0.290408820 0.174103543
v 0.104332385 0.291337729 0.148956597
v 0.103397367 0.292413324 0.145513728
v 0.103048009 0.294268370 0.141578630
v 0.103124303 0.292246252 0.132587776
v 0.101665680 0.290951669 0.207941175
v 0.102024061 0.292151958 0.197919160
v 0.100683485 0.292548537 0.183926240
v 0.103294504 0.292950809 0.177966624
v 0.104515878 0.293814719 0.174643487
v 0.105372009 0.297507256 0.148811564
v 0.103954029 0.297293574 0.144978315
v 0.103022737 0.298668504 0.140296325
v 0.103112576 0.300600886 0.133587971
v 0.103446511 0.301306039 0.129190102
v 0.104342026 0.302373469 0.121879935
v 0.101181884 0.296424747 0.208579361
v 0.100352143 0.298210680 0.198584989
v 0.100765956 0.298909426 0.194852546
v 0.102379461 0.298260629 0.190617517
v 0.103092109 0.300413549 0.174393401
v 0.105750372 0.301831722 0.149342209
v 0.104384435 0.302927196 0.145552665
v 0.103045185 0.303904653 0.139583260
v 0.104899910 0.306502819 0.119117312
v 0.102159140 0.301748723 0.209251925
v 0.102179465 0.302766651 0.199195981
v 0.102070098 0.303111047 0.195837229
v 0.100680624 0.303746343 0.191470757
v 0.101526176 0.305875778 0.174606264
v 0.105675382 0.308315426 0.150103480
v 0.104593610 0.308083564 0.146816209
v 0.103072208 0.308927864 0.140285656
v 0.103112434 0.308889568 0.136081576
v 0.103540179 0.310114980 0.130251274
v 0.104236406 0.311044574 0.124413826
v 0.104713452 0.311321825 0.121167697
v 0.102946219 0.308358788 0.194286019
v 0.101539751 0.308983326 0.192043021
v 0.102421125 0.310984761 0.175373450
v 0.105758567 0.314135581 0.150786877
v 0.104588543 0.313751996 0.147449657
v 0.103257691 0.314866841 0.141413257
v 0.103355591 0.316508532 0.137002438
v 0.103782778 0.317847133 0.131188020
v 0.104442139 0.318781435 0.125352830
v 0.104870659 0.318828464 0.122091822
v 0.103583087 0.312866300 0.192152828
v 0.104246755 0.314604491 0.176570982
v 0.105731984 0.320375383 0.147824407
v 0.104266186 0.320761263 0.142376944
v 0.104271566 0.321621865 0.137272611
v 0.104562250 0.322526842 0.131561890
v 0.105235425 0.323323309 0.125028744
v 0.105583106 0.323607892 0.122689709
v 0.105973532 0.323414624 0.143900514
v 0.105985214 0.324702233 0.136577368
v 0.106198196 0.325449079 0.130688235
v 0.106576187 0.325999767 0.124799594
v 0.107030627 0.326460987 0.123083174
v 0.097859574 0.255765080 0.188138217
v 0.097700914 0.256070584 0.184160352
v 0.097986621 0.255607843 0.179754645
v 0.098274705 0.256475508 0.176420018
v 0.096548391 0.258790970 0.203906462
v 0.097072465 0.259118289 0.193785831
v 0.096801144 0.259287447 0.190613732
v 0.097021585 0.259708732 0.184899285
v 0.097741735 0.259941012 0.179787278
v 0.098347013 0.261569917 0.177045956
v 0.095419568 0.263388067 0.204416677
v 0.095724230 0.264040411 0.194327116
v 0.095468287 0.265858740 0.191464573
v 0.096462620 0.265827954 0.185481086
v 0.097743456 0.266357869 0.180575252
v 0.098504317 0.264859527 0.177453220
v 0.094793324 0.268806756 0.205043241
v 0.095025522 0.269622386 0.194970652
v 0.095266928 0.271213204 0.190877408
v 0.096624178 0.272796780 0.185516119
v 0.097959680 0.272374958 0.181694731
v 0.096319166 0.275279045 0.205872953
v 0.096515064 0.276350796 0.195829734
v 0.095394787 0.276841015 0.191180319
v 0.096077134 0.275404185 0.188272312
v 0.097892423 0.274573892 0.183727235
v 0.096185249 0.278884560 0.206299990
v 0.096295451 0.280056447 0.196265697
v 0.095556167 0.280828595 0.191726476
v 0.097126876 0.282270998 0.188742414
v 0.095418115 0.285846025 0.207106292
v 0.095525597 0.285950571 0.196944073
v 0.095885580 0.286240608 0.192422569
v 0.096752030 0.287490010 0.190439567
v 0.096473021 0.290967822 0.207757428
v 0.096640390 0.292010307 0.197709680
v 0.096868550 0.292572141 0.193965763
v 0.097343807 0.292038083 0.190569162
v 0.097943311 0.295443863 0.208346069
v 0.098164764 0.296609223 0.198314980
v 0.097879854 0.296067089 0.195552632
v 0.130670388 0.312222093 0.117084175
v 0.130872523 0.322424620 0.118313350
v 0.129367334 0.312148035 0.117706455
v 0.129570444 0.322399616 0.118941531
v 0.125323390 0.312221110 0.119409584
v 0.124785607 0.313977599 0.119397946
v 0.124890876 0.320390522 0.120174602
v 0.125518036 0.322086006 0.120595329
v 0.121996430 0.312063247 0.118882738
v 0.122203020 0.322490454 0.120138980
v 0.117648234 0.312559307 0.118360639
v 0.117841271 0.322302669 0.119534492
v 0.115705353 0.312426388 0.117970392
v 0.115906921 0.322600186 0.119196102
v 0.131737878 0.312495530 0.114777319
v 0.131939356 0.322665215 0.116002537
v 0.127612111 0.312305659 0.114484116
v 0.127825578 0.323080182 0.115782201
v 0.125004654 0.312175006 0.115825593
v 0.125218933 0.322990328 0.117128596
v 0.121045147 0.312210292 0.116165683
v 0.121259508 0.323029935 0.117469199
v 0.118277711 0.312423319 0.114852555
v 0.118492072 0.323242962 0.116156071
v 0.114395511 0.312674701 0.116040140
v 0.114597474 0.322868586 0.117268264
v 0.133136486 0.312697172 0.111065663
v 0.132757251 0.316419661 0.111211933
v 0.132855673 0.319550037 0.111740537
v 0.133346488 0.323296100 0.112342596
v 0.128811297 0.312594503 0.111699447
v 0.129025658 0.323414147 0.113002971
v 0.116487925 0.312756687 0.112379648
v 0.116702286 0.323576361 0.113683172
v 0.112591532 0.312640935 0.112779275
v 0.113776093 0.316764861 0.112503253
v 0.113814113 0.319719732 0.112811990
v 0.112811548 0.323745966 0.114117175
v 0.111917575 0.313186705 0.111878999
v 0.111993414 0.316597968 0.112737365
v 0.112031539 0.320115209 0.113008931
v 0.112121035 0.323456258 0.113116249
v 0.132900019 0.313118637 0.107444160
v 0.132545968 0.316782564 0.108114369
v 0.132628550 0.320029438 0.108505830
v 0.133110781 0.323756039 0.108725719
v 0.128856567 0.313034773 0.108037531
v 0.129070928 0.323854417 0.109341055
v 0.116046992 0.313199461 0.108777188
v 0.116261353 0.324019104 0.110080704
v 0.112319556 0.313170433 0.108036719
v 0.113572125 0.317017287 0.109403633
v 0.113632378 0.320175260 0.109784812
v 0.112541412 0.324368566 0.109385833
v 0.111766142 0.313612252 0.108533859
v 0.111773436 0.317010075 0.109157309
v 0.111835388 0.320526809 0.109677143
v 0.111968842 0.323843330 0.109766476
v 0.131315832 0.313682765 0.103225961
v 0.131525566 0.324273527 0.104500301
v 0.127387514 0.313389838 0.105331868
v 0.127601874 0.324209511 0.106635384
v 0.125840929 0.313586503 0.103953801
v 0.126055290 0.324406177 0.105257325
v 0.117868063 0.313597679 0.105172344
v 0.118082424 0.324417323 0.106475867
v 0.113113319 0.313836277 0.104630873
v 0.113324587 0.324499905 0.105915599
v 0.131098573 0.314139217 0.101293206
v 0.130578493 0.317169517 0.100254983
v 0.130735015 0.321516931 0.100773893
v 0.131299828 0.324295551 0.102517277
v 0.127822300 0.317346483 0.100435600
v 0.127905657 0.321514577 0.100937709
v 0.125626807 0.314440519 0.101433255
v 0.125752394 0.317019463 0.100607090
v 0.125849304 0.321872324 0.101183221
v 0.125819852 0.324184030 0.102607124
v 0.118490291 0.314370304 0.102031402
v 0.118472342 0.317704946 0.101063944
v 0.118545202 0.321382493 0.101507001
v 0.118688782 0.324388802 0.103238404
v 0.113393252 0.314559639 0.102384925
v 0.113370736 0.317639887 0.101560153
v 0.113404286 0.321308732 0.101943679
v 0.113582363 0.324309856 0.103555605
v 0.124313061 0.321427643 0.100343406
v 0.120634382 0.321490228 0.100576080
v 0.124218975 0.317703187 0.099869721
v 0.120570411 0.317749321 0.100073218
v 0.130710264 0.327683687 0.098319635
v 0.128056419 0.328670859 0.098492697
v 0.124164683 0.328256965 0.099072680
v 0.120562558 0.328015506 0.099182464
v 0.117209208 0.327810436 0.099051304
v 0.114991714 0.327301234 0.098664999
v 0.132062887 0.325297296 0.098071903
v 0.128470627 0.325385481 0.098412476
v 0.124015172 0.325264037 0.099564426
v 0.120942299 0.325265616 0.099684171
v 0.116423247 0.325443953 0.099207334
v 0.113064748 0.325439334 0.099174783
v 0.111413722 0.323969126 0.098704092
v 0.131641408 0.321753889 0.097728401
v 0.128716787 0.321097672 0.098315895
v 0.124444616 0.321873456 0.098703511
v 0.120289241 0.321910501 0.099003263
v 0.115945240 0.321716040 0.099286206
v 0.113513549 0.321720243 0.099184304
v 0.111196105 0.321840733 0.098376788
v 0.131569018 0.317699075 0.097415604
v 0.128692155 0.318326354 0.097984791
v 0.124368181 0.317675889 0.098181561
v 0.120192130 0.317705870 0.098535180
v 0.115938936 0.318007231 0.098782100
v 0.113205967 0.317659885 0.098745741
v 0.111161267 0.317616016 0.098082073
v 0.131685083 0.314330846 0.096577555
v 0.128248175 0.314184338 0.097037427
v 0.123764281 0.313758701 0.098094180
v 0.120619741 0.313871324 0.098257475
v 0.116243427 0.314373881 0.097869955
v 0.112937410 0.314523637 0.097922042
v 0.111272370 0.316102207 0.097624160
v 0.130396773 0.311892807 0.096399978
v 0.127839645 0.311007798 0.096374184
v 0.123898377 0.311335981 0.096994251
v 0.120232959 0.311824977 0.097404405
v 0.116879691 0.312181234 0.097295024
v 0.114710068 0.312793374 0.096956946
v 0.129832429 0.328038394 0.094480485
v 0.132437279 0.324665606 0.095293462
v 0.125032579 0.325202942 0.096113898
v 0.119478193 0.325271904 0.096454702
v 0.132748162 0.322176039 0.094302371
v 0.126641912 0.322871178 0.095733888
v 0.125567150 0.323434830 0.095866792
v 0.118873854 0.323517919 0.096277475
v 0.117777300 0.322981238 0.096277811
v 0.111581464 0.320499450 0.094581693
v 0.110830431 0.320618153 0.093713127
v 0.132692372 0.317436337 0.094054066
v 0.126531844 0.317314535 0.095064446
v 0.125435283 0.316777855 0.095064774
v 0.118741994 0.316860974 0.095475465
v 0.117667233 0.317424625 0.095608361
v 0.111624410 0.318183035 0.093493029
v 0.132168775 0.315474898 0.093753695
v 0.124830944 0.315023869 0.094887555
v 0.119276566 0.315092862 0.095228359
v 0.115460453 0.313341111 0.095279478
v 0.112714340 0.315553993 0.093427092
v 0.129435492 0.312175304 0.092991970
v 0.122132232 0.311369538 0.092836104
v 0.117337723 0.312729836 0.094846115
v 0.130112996 0.328775316 0.090259440
v 0.127870371 0.329474986 0.092238739
v 0.122791012 0.329703331 0.092168942
v 0.120019456 0.329498380 0.091783650
v 0.116916535 0.328921974 0.091935329
v 0.114373704 0.327926725 0.092631720
v 0.131963258 0.325868875 0.089648925
v 0.112183702 0.326099217 0.093134679
v 0.111145903 0.324384242 0.093283944
v 0.132098188 0.322335303 0.089688897
v 0.111426634 0.320916086 0.091144480
v 0.110872691 0.322030872 0.092591010
v 0.132061471 0.318836659 0.089308545
v 0.111553927 0.318544447 0.090366885
v 0.110871640 0.318602264 0.092751741
v 0.131764551 0.315653712 0.088491760
v 0.115318162 0.313749850 0.091562919
v 0.112606456 0.315360188 0.090973347
v 0.111000662 0.317051947 0.092400566
v 0.129796689 0.312769413 0.088330999
v 0.127518383 0.311706066 0.090097919
v 0.122403910 0.311905622 0.090571739
v 0.119749976 0.312368572 0.090231337
v 0.116848809 0.312940627 0.090425417
v 0.129267384 0.329599798 0.088319764
v 0.127174725 0.329787761 0.087446645
v 0.123738502 0.329726517 0.087800786
v 0.121190322 0.328855544 0.087940499
v 0.114270021 0.328711987 0.086825170
v 0.132457306 0.324709684 0.088023037
v 0.112043535 0.326589674 0.087686226
v 0.132287358 0.322856933 0.087277569
v 0.111254637 0.322384834 0.087985292
v 0.110722792 0.322110832 0.087744415
v 0.132259016 0.318347692 0.086990178
v 0.111426612 0.318742126 0.087334484
v 0.110715968 0.320057780 0.087710649
v 0.132284244 0.317167848 0.087015465
v 0.114327354 0.314866155 0.085113935
v 0.112296675 0.316150725 0.086561605
v 0.128798914 0.312681943 0.084627539
v 0.127164905 0.312374085 0.085276023
v 0.122309369 0.312291265 0.085636877
v 0.113983807 0.314262807 0.085084371
v 0.121932414 0.330373436 0.085617766
v 0.119478327 0.330169857 0.085570760
v 0.116419693 0.329628021 0.085837141
v 0.131942322 0.325711250 0.081818551
v 0.114773874 0.326701552 0.085133038
v 0.114386042 0.326607645 0.085976467
v 0.131677036 0.323127002 0.081923574
v 0.110869494 0.322804004 0.083122179
v 0.131721457 0.320022970 0.082778975
v 0.110956718 0.320403993 0.083062261
v 0.131935139 0.317577094 0.082538106
v 0.115123627 0.314525932 0.084604047
v 0.111877752 0.317897052 0.084007815
v 0.121614491 0.312990457 0.083512314
v 0.119164889 0.313257545 0.083513856
v 0.116324988 0.313779891 0.083838448
v 0.129469064 0.329769224 0.081808515
v 0.128376727 0.329857558 0.080494173
v 0.114244831 0.329451799 0.081292108
v 0.131212016 0.327069312 0.081473134
v 0.115430084 0.327162981 0.081195258
v 0.112221738 0.327330381 0.081511110
v 0.131462206 0.323696822 0.079903878
v 0.111173106 0.323414981 0.080199771
v 0.131386285 0.319606870 0.079474553
v 0.111245682 0.320742130 0.079835400
v 0.131003385 0.316465676 0.080202460
v 0.114668113 0.315400749 0.078341678
v 0.112087702 0.316968471 0.080253974
v 0.129317862 0.313908011 0.080148317
v 0.128064630 0.314103305 0.078595817
v 0.121407625 0.313897222 0.079508506
v 0.113955778 0.314859331 0.079534054
v 0.128414673 0.330895662 0.077118963
v 0.126767662 0.331142306 0.077862099
v 0.122825285 0.331238687 0.078182742
v 0.114892264 0.330201328 0.077852860
v 0.131355365 0.326358944 0.075039551
v 0.116139134 0.328287929 0.076942071
v 0.112614957 0.327767223 0.077731900
v 0.111390066 0.324447066 0.077461965
v 0.111409714 0.320371777 0.077130832
v 0.114039776 0.316398412 0.074787818
v 0.112550442 0.317245960 0.076602675
v 0.128119339 0.313824892 0.075648174
v 0.126251941 0.313546419 0.075755328
v 0.121847321 0.313851744 0.076245002
v 0.118963872 0.314490288 0.076661423
v 0.115028975 0.314871669 0.075970262
v 0.128936482 0.330689907 0.074426182
v 0.125888300 0.331805557 0.072849542
v 0.122238902 0.331534624 0.073194332
v 0.118640197 0.331480145 0.073871456
v 0.115753372 0.330813646 0.074172959
v 0.130582904 0.327947438 0.073347591
v 0.114837286 0.328532189 0.073615722
v 0.112974619 0.328828901 0.075107828
v 0.130803798 0.324566007 0.072106913
v 0.114224588 0.325258791 0.072919674
v 0.130689834 0.320720911 0.071809277
v 0.114218203 0.319788337 0.072047621
v 0.130392959 0.317441553 0.072241552
v 0.117839252 0.319437802 0.071335234
v 0.114488636 0.317432463 0.073025048
v 0.112739069 0.317006439 0.073684335
v 0.128620421 0.314714611 0.072501346
v 0.125615356 0.314125329 0.070715807
v 0.122255785 0.314277053 0.071457013
v 0.118412708 0.314553827 0.071745537
v 0.115456400 0.315214932 0.072222829
v 0.128695388 0.331430703 0.068973303
v 0.125790891 0.331580400 0.069807060
v 0.122696635 0.331408054 0.071094349
v 0.118844842 0.331377178 0.071102403
v 0.116468747 0.331285834 0.070621110
v 0.130687853 0.327392846 0.067816250
v 0.125968923 0.330468208 0.069169939
v 0.118303296 0.330112547 0.071648821
v 0.115451184 0.329651117 0.070745662
v 0.130004381 0.325610310 0.068477288
v 0.130513583 0.320084691 0.066832386
v 0.114970756 0.320129722 0.069002002
v 0.130576824 0.319360882 0.067367621
v 0.125189652 0.316405773 0.067490190
v 0.122339529 0.316663921 0.068450063
v 0.118218509 0.317584991 0.069734812
v 0.115615566 0.319157690 0.069296218
v 0.128405576 0.315307707 0.067088470
v 0.125473906 0.315112084 0.067796975
v 0.122433861 0.315173775 0.069061495
v 0.118527291 0.315217495 0.069372505
v 0.116146234 0.315473497 0.068887897
v 0.128635635 0.331360579 0.066291995
v 0.126631242 0.331704289 0.066844448
v 0.114957017 0.331784666 0.067294233
v 0.129980234 0.329274595 0.066063941
v 0.127274958 0.330420703 0.066546336
v 0.113685374 0.330951840 0.067175351
v 0.129975830 0.326039284 0.065490685
v 0.127402489 0.326354802 0.065866224
v 0.130060797 0.321498096 0.064879805
v 0.129557301 0.317855120 0.064908110
v 0.126513024 0.316901326 0.064338349
v 0.123814290 0.317090362 0.066423848
v 0.114648965 0.317121208 0.065423653
v 0.128366125 0.315958619 0.064639807
v 0.126380858 0.315688044 0.064876176
v 0.114521456 0.315854222 0.065470524
v 0.128529188 0.331595242 0.064288631
v 0.126311240 0.331986696 0.063257165
v 0.120421943 0.332653731 0.064902604
v 0.114558269 0.332246572 0.063598663
v 0.129789067 0.329616964 0.063972555
v 0.127216173 0.331212223 0.062789321
v 0.113361453 0.331379324 0.063680433
v 0.129448441 0.325552315 0.063498423
v 0.127489899 0.326608717 0.063744165
v 0.128757459 0.321132362 0.061906185
v 0.128870067 0.318112463 0.062181454
v 0.125778330 0.317412198 0.060921036
v 0.114257959 0.317552000 0.061654754
v 0.128074107 0.316427439 0.062470470
v 0.126109962 0.316207498 0.061290424
v 0.120079813 0.315381974 0.062821753
v 0.114007411 0.316372693 0.061755039
v 0.124661219 0.332269013 0.060129542
v 0.122015168 0.332633108 0.059085939
v 0.118242179 0.332723767 0.059360474
v 0.115531956 0.332349628 0.060674943
v 0.124947121 0.331679195 0.059286427
v 0.122554046 0.331892937 0.057905659
v 0.117478353 0.331955671 0.058219563
v 0.114984770 0.331773043 0.060145512
v 0.125446458 0.327287734 0.057846464
v 0.122955387 0.328076512 0.057453241
v 0.125029494 0.322239190 0.058246091
v 0.122366523 0.322510749 0.056916233
v 0.125266765 0.318531364 0.057440508
v 0.121840109 0.318077117 0.057373531
v 0.117843715 0.318055034 0.057802048
v 0.114920762 0.317616820 0.058499299
v 0.124468264 0.316756666 0.058186699
v 0.121857424 0.316698253 0.057102825
v 0.117902641 0.316777229 0.057239763
v 0.115271029 0.316763252 0.058817420
v 0.120590118 0.332236439 0.057677124
v 0.119404388 0.332250237 0.057757366
v 0.120986079 0.331960469 0.057603084
v 0.119388719 0.331986189 0.057652175
v 0.125268241 0.327458441 0.056011274
v 0.123066601 0.327940375 0.056763019
v 0.124934939 0.321746737 0.055767499
v 0.122328167 0.322934359 0.056470204
v 0.125212860 0.319363713 0.054784324
v 0.122310084 0.318401605 0.055578455
v 0.118985635 0.317740977 0.055964060
v 0.120805231 0.317568332 0.055905364
v 0.119125222 0.317594498 0.055964597
v 0.128118609 0.316243589 0.062291492
v 0.129607638 0.318443090 0.062442221
v 0.129959983 0.322066993 0.062856637
v 0.130038698 0.325987011 0.063328832
v 0.129811701 0.329513699 0.063777179
v 0.128342901 0.331675112 0.064157069
v 0.126723421 0.315588415 0.062321804
v 0.126445686 0.319680780 0.062843218
v 0.126530339 0.323954195 0.063358054
v 0.126615008 0.328227609 0.063872911
v 0.126959887 0.332350969 0.064348869
v 0.127819059 0.316447139 0.061140921
v 0.129014355 0.318097264 0.061341062
v 0.129627911 0.321949184 0.061400991
v 0.129715053 0.326148808 0.061884370
v 0.129243453 0.330043644 0.062781312
v 0.128051003 0.331731856 0.062968813
v 0.126316880 0.316066921 0.060174674
v 0.126634118 0.332374036 0.062246937
v 0.127300364 0.317101449 0.057702105
v 0.128484001 0.318580151 0.057793319
v 0.129064885 0.322402626 0.057904646
v 0.129276474 0.326936841 0.058739714
v 0.128718478 0.330415249 0.059219178
v 0.127593924 0.331918359 0.059487201
v 0.124963057 0.316486597 0.057556257
v 0.125265357 0.332649142 0.059544638
v 0.121675623 0.316623420 0.056370668
v 0.122062442 0.332952738 0.058424629
v 0.117277694 0.316855073 0.056689419
v 0.117559877 0.332834065 0.058724865
v 0.115385299 0.317134231 0.057139087
v 0.114547406 0.318518877 0.057080019
v 0.115749379 0.324632853 0.059497777
v 0.115123418 0.331099570 0.058743320
v 0.115702939 0.332489818 0.058973592
v 0.126811308 0.317665637 0.053953614
v 0.128050950 0.319331050 0.054075807
v 0.128820059 0.322761416 0.054601494
v 0.128940654 0.326725602 0.055192817
v 0.128273931 0.330585897 0.055431753
v 0.127100845 0.332279801 0.055714279
v 0.124799331 0.317364246 0.053678837
v 0.126374160 0.317986339 0.054073732
v 0.126650949 0.331957072 0.055756882
v 0.125273046 0.332715362 0.055353194
v 0.120656398 0.317056477 0.055202812
v 0.120457989 0.332807034 0.057535753
v 0.118831498 0.317038804 0.055734720
v 0.119052907 0.332789868 0.057647254
v 0.114406516 0.317661017 0.056041673
v 0.113370759 0.318807274 0.055106845
v 0.113609967 0.331414014 0.056651212
v 0.114681323 0.332276911 0.057789352
v 0.111576800 0.320534199 0.054019239
v 0.110760016 0.322607845 0.054545451
v 0.110857648 0.327398151 0.055125162
v 0.111761448 0.330089092 0.055191059
v 0.127542486 0.319962621 0.050346009
v 0.128333104 0.323533595 0.050817110
v 0.128446040 0.327049971 0.051188834
v 0.127758746 0.330878228 0.051661089
v 0.124253367 0.317996740 0.049976364
v 0.125534152 0.318560183 0.050315883
v 0.125806865 0.332325041 0.051974226
v 0.124550668 0.333002567 0.051784217
v 0.121074599 0.317981452 0.050261017
v 0.121270594 0.333062470 0.051992796
v 0.116974843 0.318040460 0.050876413
v 0.115986993 0.318624884 0.050148915
v 0.116917920 0.332735211 0.051508352
v 0.117271830 0.333030611 0.052682385
v 0.114930158 0.318197936 0.051303137
v 0.113640872 0.319234788 0.050971534
v 0.113893365 0.331978917 0.052506909
v 0.115220566 0.332856268 0.053069133
v 0.111089957 0.321415365 0.052494749
v 0.110806917 0.323220551 0.052787852
v 0.110926722 0.327622771 0.053260043
v 0.111238611 0.329586715 0.053510893
v 0.127117989 0.320674717 0.046625547
v 0.127952566 0.323961258 0.047198653
v 0.128000644 0.327490389 0.047503158
v 0.127324280 0.331086934 0.047879983
v 0.123830435 0.318489283 0.046344966
v 0.124806655 0.319017857 0.046502199
v 0.125079994 0.332814664 0.048164394
v 0.124125910 0.333403111 0.048141740
v 0.120915351 0.318525583 0.046380620
v 0.119719868 0.318902314 0.046508286
v 0.120001626 0.333123952 0.048221663
v 0.121211504 0.333473235 0.048181470
v 0.116764617 0.318569571 0.046718616
v 0.116820586 0.319060057 0.046787620
v 0.117097114 0.333017707 0.048469197
v 0.117060666 0.333512366 0.048518881
v 0.114803826 0.318870753 0.046951860
v 0.113030625 0.320138335 0.047190145
v 0.113266093 0.332023501 0.048622034
v 0.115088542 0.333241224 0.048683174
v 0.111070593 0.321736634 0.048590764
v 0.110550237 0.323340476 0.048657354
v 0.110633706 0.327791125 0.049073435
v 0.111238596 0.330216169 0.049612351
v 0.126735968 0.321494639 0.042916153
v 0.127320920 0.324372411 0.042463392
v 0.127417130 0.328345597 0.043025550
v 0.126927984 0.331186682 0.044083819
v 0.123846498 0.318918675 0.042922106
v 0.124260035 0.319518656 0.042934727
v 0.124375318 0.333216310 0.044638574
v 0.123958667 0.333814472 0.044788707
v 0.119384413 0.318908244 0.042780772
v 0.119407882 0.319403648 0.042844217
v 0.120508623 0.333510816 0.044673540
v 0.120507282 0.334007680 0.044729188
v 0.116698098 0.319001287 0.043502353
v 0.116753054 0.319492817 0.043565672
v 0.116693457 0.333376408 0.044963192
v 0.116646712 0.333869576 0.045018923
v 0.112630864 0.320862949 0.043942504
v 0.112853629 0.332106829 0.045297135
v 0.110944991 0.322408319 0.044657972
v 0.110590090 0.323949009 0.044639323
v 0.110676427 0.328254312 0.045076810
v 0.111105357 0.330502808 0.045633171
v 0.126371970 0.321708858 0.040213820
v 0.127153766 0.324292988 0.040150896
v 0.127229025 0.329140306 0.040631514
v 0.126559814 0.331636995 0.041430350
v 0.123131436 0.319395483 0.038987812
v 0.123777528 0.320038587 0.039294057
v 0.124006075 0.333593994 0.040906347
v 0.123412904 0.334302396 0.040790483
v 0.119401415 0.319445938 0.038510408
v 0.119586473 0.319917679 0.038703956
v 0.119875451 0.333996683 0.040398791
v 0.119636652 0.334514707 0.040262267
v 0.116878648 0.319535702 0.039055061
v 0.116817807 0.320047617 0.039044984
v 0.117092189 0.333897501 0.040713370
v 0.117140931 0.334380835 0.040902935
v 0.112262857 0.321954340 0.040247872
v 0.111217094 0.324836284 0.040433761
v 0.111304057 0.329061568 0.040936284
v 0.112496992 0.331966400 0.041474249
v 0.110948165 0.323195517 0.040265881
v 0.110760343 0.324871868 0.040714618
v 0.110826832 0.328824818 0.041246191
v 0.111096007 0.330776393 0.041181825
v 0.125963544 0.322163075 0.037005223
v 0.126721484 0.325000197 0.036348216
v 0.126740565 0.329468489 0.036657881
v 0.126157862 0.331971377 0.038186897
v 0.122752455 0.319852620 0.035522822
v 0.123561156 0.320448786 0.036137547
v 0.122104582 0.327442944 0.035128169
v 0.123750289 0.333944887 0.037835974
v 0.123002713 0.334698230 0.037302211
v 0.120264989 0.319662243 0.036657941
v 0.120696363 0.320016623 0.037505656
v 0.119937074 0.327263743 0.036971819
v 0.120980677 0.334141642 0.039206721
v 0.120555473 0.334695160 0.038539905
v 0.115894427 0.319884360 0.037195612
v 0.115222049 0.320343286 0.037580527
v 0.116299001 0.327290267 0.037350137
v 0.115464849 0.334026515 0.039174061
v 0.116197010 0.334535718 0.038994987
v 0.113684964 0.320183039 0.034893770
v 0.113117014 0.321393967 0.037451427
v 0.112556574 0.323881537 0.037296232
v 0.113453803 0.329111665 0.037166521
v 0.113304210 0.333070695 0.038897607
v 0.113976021 0.334873945 0.036663685
v 0.110833955 0.324852616 0.039139275
v 0.110921589 0.329236120 0.039666504
v 0.125534964 0.322862476 0.031934317
v 0.126270448 0.325423539 0.032400966
v 0.126345676 0.329917669 0.032926705
v 0.125728441 0.332485288 0.033071626
v 0.122644176 0.320234835 0.032679882
v 0.124131647 0.321181029 0.032534331
v 0.122684215 0.327718079 0.032748930
v 0.124377397 0.334052980 0.034099553
v 0.122954835 0.334996879 0.034446765
v 0.117899944 0.335168004 0.033577569
v 0.117608887 0.320477098 0.031807650
v 0.112859530 0.320409089 0.033153057
v 0.113150586 0.335099995 0.034922972
v 0.125396405 0.322792947 0.030464314
v 0.126236898 0.325208753 0.030692648
v 0.126342070 0.330125779 0.031284425
v 0.125622694 0.332903236 0.031680290
v 0.122452055 0.320619881 0.030130055
v 0.123815027 0.321151137 0.030391470
v 0.124453661 0.327874601 0.031158961
v 0.122559500 0.327893734 0.031311594
v 0.124166233 0.334541768 0.031997446
v 0.122770761 0.335230231 0.031916682
v 0.120450636 0.320910245 0.027745102
v 0.120741692 0.335601151 0.029515019
v 0.114157361 0.320973277 0.028256843
v 0.114448418 0.335664183 0.030026758
v 0.112913464 0.320750803 0.030307906
v 0.113204521 0.335441709 0.032077823
v 0.118671280 0.321037889 0.026978131
v 0.118476098 0.335743189 0.028708450
v 0.116265264 0.321071535 0.027094642
v 0.116082673 0.335757643 0.028982209
v 0.126393941 0.325190067 0.030228516
v 0.126467426 0.326515585 0.030514363
v 0.126510550 0.329471529 0.030741137
v 0.126521123 0.330534995 0.030968491
v 0.124326398 0.321299851 0.030003358
v 0.124982265 0.322584629 0.030182093
v 0.125725393 0.324489743 0.030352678
v 0.125388433 0.325830191 0.030669659
v 0.125469831 0.329938591 0.031164629
v 0.125898984 0.331160784 0.031152222
v 0.125253742 0.333161563 0.031455182
v 0.124564921 0.334551752 0.031493258
v 0.122968768 0.320850730 0.029911172
v 0.122887445 0.322544515 0.030084921
v 0.123101805 0.333364189 0.031388443
v 0.123143342 0.335060596 0.031517632
v 0.126221937 0.325487465 0.028798692
v 0.126263728 0.327221274 0.028788609
v 0.126309042 0.329841912 0.029105019
v 0.126379212 0.330796450 0.029869409
v 0.124100995 0.321411043 0.028706241
v 0.124569428 0.322674334 0.027845161
v 0.125999642 0.324545324 0.028269367
v 0.126118054 0.331813544 0.029234864
v 0.124744331 0.333762795 0.029142963
v 0.124396411 0.334711760 0.030346600
v 0.122915504 0.321046114 0.028271228
v 0.123075132 0.322698534 0.027721519
v 0.123294455 0.333768487 0.029055191
v 0.123073247 0.335231483 0.029949149
v 0.120972459 0.320774674 0.028102478
v 0.120862861 0.322396070 0.028305471
v 0.121092958 0.334009796 0.029704656
v 0.121076693 0.335610032 0.029797399
v 0.125967887 0.327619940 0.026249187
v 0.126003143 0.329543859 0.026481269
v 0.123647084 0.321880311 0.024858434
v 0.124321182 0.323176861 0.025739133
v 0.124612075 0.325134933 0.025225932
v 0.125829515 0.326529741 0.025475174
v 0.125918922 0.330136865 0.025907926
v 0.124756259 0.331874818 0.026036857
v 0.124531333 0.333707392 0.026983567
v 0.123983999 0.335165262 0.026470941
v 0.122549524 0.321333349 0.025556935
v 0.122987856 0.323063016 0.025999621
v 0.123166797 0.324947983 0.025114896
v 0.123310489 0.332200408 0.025988646
v 0.123201107 0.333826929 0.027296422
v 0.122886797 0.335575879 0.027294638
v 0.119817195 0.320949852 0.026054382
v 0.119360876 0.323607981 0.025678160
v 0.119461325 0.324407905 0.025927035
v 0.119625141 0.332676440 0.026923200
v 0.119616610 0.333724290 0.026810892
v 0.120396902 0.335899353 0.028049015
v 0.117464957 0.320943058 0.026295610
v 0.117471141 0.322775990 0.026515743
v 0.117977155 0.324592650 0.026098676
v 0.118134101 0.332514316 0.027053054
v 0.117757109 0.334165633 0.027823672
v 0.117822987 0.336020887 0.028140053
v 0.115884465 0.321363419 0.026117153
v 0.115885955 0.323084742 0.026035313
v 0.116052983 0.334066451 0.027379962
v 0.116179799 0.335726708 0.027841767
v 0.113577639 0.321612418 0.027108166
v 0.114619170 0.323676020 0.026713384
v 0.114072082 0.325470537 0.026882844
v 0.114181158 0.331611812 0.027649602
v 0.114787755 0.333357424 0.027874846
v 0.113887970 0.335347354 0.028751278
v 0.112203737 0.322451115 0.026434215
v 0.112447177 0.334738702 0.027914587
v 0.125710008 0.328547984 0.023771217
v 0.125789275 0.329449326 0.024527943
v 0.123517630 0.322064579 0.023198221
v 0.124513124 0.323132962 0.023228794
v 0.125400704 0.325435132 0.023290366
v 0.125627284 0.327057481 0.023597034
v 0.125675743 0.330257505 0.023765953
v 0.125538928 0.332200557 0.024366764
v 0.124736820 0.334371686 0.024539074
v 0.123807882 0.335401237 0.025020484
v 0.122558651 0.321620703 0.023492033
v 0.122014065 0.323320001 0.024018802
v 0.121782449 0.325843275 0.023877906
v 0.121326720 0.326655954 0.023819681
v 0.121419278 0.330929995 0.024322780
v 0.121889156 0.331666052 0.024569539
v 0.122227353 0.334085792 0.025315830
v 0.122633514 0.335914731 0.025029073
v 0.119872836 0.321573257 0.023617893
v 0.119884913 0.323283672 0.024691431
v 0.120725949 0.325649023 0.024382610
v 0.121202638 0.326701105 0.024027545
v 0.121284512 0.330833614 0.024525417
v 0.120841143 0.331782520 0.025123600
v 0.120244485 0.334215969 0.025930256
v 0.120183167 0.336007863 0.025358547
v 0.118193668 0.321505785 0.024413887
v 0.118249213 0.323379308 0.025323749
v 0.117866722 0.324644387 0.025526594
v 0.118024421 0.332604229 0.026485574
v 0.118596782 0.333755493 0.026540086
v 0.118490872 0.335907817 0.026111975
v 0.115533446 0.321661055 0.024743311
v 0.116545034 0.323037475 0.025522361
v 0.116766517 0.334216565 0.026869182
v 0.115825814 0.335778117 0.026443195
v 0.113806267 0.321901113 0.025267450
v 0.112916810 0.322413206 0.024522694
v 0.113065538 0.335149139 0.026138490
v 0.114023094 0.335489422 0.026549088
v 0.111679901 0.323168367 0.025365898
v 0.111875591 0.334293067 0.026749456
v 0.123342049 0.322297603 0.020954244
v 0.124121358 0.323672771 0.021253314
v 0.123887074 0.326191932 0.021186501
v 0.124600601 0.327253550 0.021190571
v 0.124734481 0.330979228 0.021625839
v 0.124005628 0.331892997 0.021873966
v 0.124301848 0.334367841 0.022544982
v 0.123604392 0.335749298 0.022684336
v 0.121651066 0.322074115 0.020950194
v 0.123090458 0.324418783 0.021936012
v 0.122962256 0.325854659 0.021578839
v 0.123071824 0.332327098 0.022532290
v 0.123269816 0.333471745 0.023026684
v 0.122134690 0.336093247 0.022776574
v 0.120192898 0.321871012 0.021646401
v 0.120414806 0.336151540 0.023423882
v 0.117668872 0.321874350 0.021638751
v 0.118005511 0.336234838 0.023296924
v 0.115727340 0.322004825 0.022392420
v 0.116023925 0.335995883 0.024077132
v 0.114090090 0.322205961 0.023169413
v 0.114402046 0.335692853 0.024763312
v 0.123141994 0.322457492 0.019358955
v 0.124126439 0.323528200 0.019391602
v 0.123841827 0.326562762 0.020505968
v 0.124015180 0.327325672 0.020468010
v 0.124084142 0.331087649 0.020921797
v 0.123880980 0.331667900 0.021165829
v 0.124307920 0.334971249 0.020774748
v 0.123478172 0.335943341 0.020976784
v 0.121807774 0.322329760 0.019551644
v 0.121935730 0.322793692 0.018713113
v 0.123106008 0.326817155 0.020793334
v 0.123039422 0.327063471 0.020819305
v 0.123120819 0.331171870 0.021314273
v 0.123197091 0.331414491 0.021347210
v 0.122217213 0.335847020 0.020421539
v 0.122088713 0.336131573 0.021289207
v 0.119805698 0.322180361 0.019270703
v 0.120073346 0.336405247 0.021078497
v 0.117576045 0.322207987 0.019408043
v 0.117823583 0.336426079 0.021184586
v 0.115109933 0.322513014 0.019984771
v 0.115382184 0.336092919 0.021676585
v 0.122869459 0.322799057 0.017036010
v 0.123812911 0.323886901 0.016817948
v 0.124665049 0.325989753 0.017166954
v 0.125049089 0.328694999 0.017980089
v 0.125062195 0.330859035 0.018243624
v 0.124809978 0.333119780 0.018112043
v 0.124050868 0.335177213 0.018220175
v 0.123226990 0.336155206 0.018419160
v 0.121673663 0.322579771 0.017116522
v 0.121598025 0.323074281 0.016992748
v 0.121747335 0.336060822 0.018006939
v 0.122060699 0.336445928 0.018813685
v 0.119456199 0.322477967 0.017454389
v 0.119797220 0.336574346 0.018825712
v 0.117427853 0.322533011 0.017235719
v 0.117702809 0.336638123 0.018980069
v 0.115388987 0.322821707 0.017481485
v 0.115723376 0.336359024 0.019394828
v 0.122585912 0.323163003 0.014937898
v 0.123586063 0.324208230 0.014973549
v 0.124475640 0.326567590 0.015181893
v 0.124749971 0.329046339 0.015461394
v 0.124763114 0.331090242 0.015709875
v 0.124545743 0.333366036 0.016006561
v 0.123760839 0.335378170 0.016323527
v 0.121450645 0.322822481 0.014924168
v 0.121009727 0.323379993 0.014767216
v 0.121205916 0.336289674 0.016009133
v 0.121905659 0.336670816 0.016823836
v 0.118972157 0.322817653 0.015387717
v 0.119247426 0.336741209 0.017064666
v 0.117031944 0.322784692 0.015690137
v 0.117321965 0.336801708 0.017132485
v 0.115562615 0.323074311 0.015339037
v 0.115772550 0.336565226 0.017649351
v 0.123123174 0.324512810 0.012451470
v 0.124118102 0.326360911 0.013111890
v 0.124371817 0.328934789 0.012887640
v 0.124420804 0.331304401 0.013172956
v 0.124270578 0.333500534 0.013884615
v 0.123405104 0.335581690 0.013779451
v 0.121150476 0.323217273 0.012512702
v 0.120978278 0.323719770 0.012815961
v 0.121490960 0.336415321 0.014462501
v 0.121456449 0.336927384 0.014357141
v 0.119066161 0.323250860 0.013186348
v 0.119334568 0.336839050 0.014822997
v 0.116657061 0.323256135 0.013198322
v 0.116902155 0.336926669 0.014761952
v 0.115783353 0.323229641 0.014091174
v 0.116043364 0.336769342 0.015768632
v 0.122915198 0.325010151 0.010527637
v 0.123690655 0.326709509 0.010550149
v 0.123971221 0.328928977 0.010663955
v 0.124009800 0.331610084 0.010860150
v 0.123845627 0.333778918 0.011340942
v 0.123102059 0.335679024 0.011862318
v 0.120628272 0.323623925 0.010445377
v 0.120802310 0.324099064 0.010548609
v 0.121277024 0.336517274 0.012127760
v 0.121011970 0.337017030 0.012369252
v 0.118437496 0.323729992 0.010831133
v 0.118912895 0.323994339 0.010252878
v 0.119184864 0.336815745 0.011781571
v 0.118714181 0.336955011 0.012409053
v 0.117088181 0.323591322 0.011418994
v 0.117411134 0.337009728 0.012975627
v 0.122428713 0.325379640 0.008738292
v 0.123229046 0.327265561 0.008607749
v 0.123557513 0.329316974 0.008917721
v 0.123595243 0.331657082 0.009149127
v 0.123360475 0.333868742 0.009404868
v 0.122631525 0.335702121 0.009991445
v 0.120175001 0.323861688 0.009346938
v 0.120664154 0.324507326 0.008686662
v 0.120892634 0.336609811 0.010046054
v 0.120432218 0.337088078 0.010914705
v 0.119204235 0.324364543 0.009443467
v 0.119454776 0.336642563 0.010920271
v 0.121954058 0.326214194 0.007228553
v 0.122346734 0.327748775 0.006866356
v 0.122679395 0.329688251 0.006874860
v 0.122717475 0.331775367 0.007100837
v 0.122468126 0.333852917 0.007603507
v 0.122133558 0.335271567 0.008322428
v 0.120282103 0.325665414 0.006852848
v 0.120701765 0.327128768 0.006011853
v 0.120943447 0.334687829 0.006935632
v 0.120387850 0.335920542 0.007992232
v 0.121707087 0.330015481 0.005703032
v 0.121735958 0.331716329 0.005884220
v 0.119884309 0.327926010 0.005416873
v 0.120496174 0.329765528 0.005216735
v 0.120549669 0.332105845 0.005471567
v 0.120004554 0.334099680 0.006148456
v 0.119376515 0.328453451 0.005160639
v 0.119337355 0.330021441 0.004975371
v 0.119379935 0.332199007 0.005234736
v 0.119470609 0.333586574 0.005738549
v 0.116934058 0.323636651 0.011329607
v 0.117764128 0.323817670 0.010398956
v 0.115463575 0.323416859 0.013539743
v 0.116088015 0.323379606 0.012985476
v 0.115222191 0.323099345 0.015755661
v 0.115002324 0.322850257 0.017971404
v 0.114579302 0.322706431 0.019647183
v 0.113981729 0.322275370 0.022972295
v 0.114805726 0.326135963 0.008020406
v 0.116522883 0.326042950 0.007466607
v 0.118522865 0.325928211 0.007316160
v 0.119750423 0.326004088 0.007346127
v 0.112776344 0.325864017 0.010165735
v 0.114316282 0.325454980 0.009218739
v 0.116655354 0.324682981 0.009046351
v 0.118717780 0.324615836 0.008942021
v 0.119876837 0.325067371 0.008496745
v 0.112405871 0.325344265 0.011916488
v 0.114484740 0.324328095 0.011342157
v 0.116536674 0.323928595 0.010612504
v 0.118134176 0.323961854 0.010028478
v 0.111339589 0.325733125 0.014047094
v 0.112260756 0.324961513 0.013669011
v 0.114347306 0.323830009 0.013302538
v 0.111349766 0.325242490 0.016405409
v 0.112510239 0.324254125 0.016171623
v 0.114162010 0.323412985 0.015875118
v 0.111169172 0.325108796 0.018483989
v 0.112980154 0.323625594 0.018295899
v 0.111489182 0.324318647 0.020673769
v 0.112775547 0.323343962 0.020375771
v 0.111524877 0.323904842 0.022758272
v 0.112826546 0.322870672 0.022552112
v 0.111525555 0.323515534 0.024688987
v 0.112854463 0.322568864 0.023964126
v 0.116337297 0.328500837 0.006033160
v 0.118409571 0.328502119 0.005821053
v 0.119496417 0.328764737 0.005804697
v 0.112615255 0.328024060 0.008236884
v 0.114095886 0.327592582 0.007390806
v 0.116239836 0.327406585 0.006574045
v 0.118543667 0.327240229 0.006381960
v 0.119592768 0.327516347 0.006299476
v 0.110778053 0.328230470 0.010806369
v 0.111945314 0.327277035 0.009633734
v 0.113166471 0.326514035 0.008849137
v 0.110767936 0.327325225 0.012065410
v 0.111482737 0.326431125 0.011515294
v 0.110667636 0.326936305 0.013755138
v 0.110603270 0.326577038 0.016385408
v 0.110551951 0.326335073 0.018626437
v 0.110578072 0.325949192 0.020776773
v 0.110566129 0.325660288 0.022809859
v 0.110280921 0.326364636 0.025011176
v 0.110592102 0.325184882 0.024803959
v 0.114515600 0.330133110 0.006395166
v 0.116278467 0.329787046 0.005836733
v 0.118490976 0.329847872 0.005612423
v 0.119469022 0.329879344 0.005675339
v 0.112289843 0.330094218 0.008032626
v 0.113569086 0.329908520 0.006976928
v 0.110614193 0.329777658 0.010593396
v 0.111296942 0.329653680 0.009299875
v 0.110078131 0.329648852 0.012666391
v 0.110047658 0.329071552 0.014107361
v 0.110077744 0.328543842 0.016882321
v 0.110097383 0.328228742 0.020649122
v 0.110104685 0.328286469 0.023704283
v 0.110140291 0.327743948 0.024934594
v 0.114586492 0.332079232 0.006627835
v 0.116378096 0.332256913 0.006106005
v 0.118533773 0.332158208 0.005879512
v 0.119517406 0.332197428 0.005967741
v 0.112377216 0.331966937 0.008247066
v 0.113646773 0.332312942 0.007285023
v 0.110668873 0.331724405 0.010866014
v 0.111374115 0.332122773 0.009619297
v 0.110131231 0.331431359 0.012951798
v 0.110134584 0.331700116 0.014408841
v 0.110151013 0.331397831 0.017201079
v 0.110168775 0.330870420 0.021056028
v 0.110153270 0.330224991 0.023595413
v 0.110199032 0.330229580 0.025229115
v 0.116565717 0.333531678 0.006604384
v 0.118508955 0.333516836 0.006425626
v 0.119601411 0.333390713 0.006433133
v 0.112726403 0.333633900 0.008912761
v 0.114226711 0.334195763 0.008186361
v 0.116162119 0.334435344 0.007435533
v 0.118689475 0.334602982 0.007269736
v 0.119747509 0.334424287 0.007227003
v 0.110870470 0.332895219 0.011368378
v 0.112079573 0.334053487 0.010450165
v 0.113333260 0.334932655 0.009863417
v 0.110889782 0.333475322 0.012806376
v 0.111641531 0.334445894 0.012480917
v 0.110796792 0.333455563 0.014540582
v 0.110734140 0.333182305 0.017181214
v 0.110681762 0.332887083 0.019415827
v 0.110712816 0.332750112 0.021596150
v 0.110702594 0.332548261 0.023639726
v 0.110379753 0.331353128 0.025612194
v 0.110737731 0.332535267 0.025689537
v 0.114989904 0.335432380 0.009140440
v 0.116679956 0.335620135 0.008673936
v 0.118715373 0.335655361 0.008488766
v 0.119921555 0.335491568 0.008433356
v 0.112962623 0.335266232 0.011298519
v 0.114521791 0.335827976 0.010468485
v 0.116808233 0.336513638 0.010477074
v 0.118928936 0.336560667 0.010447623
v 0.120136787 0.336116910 0.009770125
v 0.112604489 0.335369498 0.013124332
v 0.114724127 0.336411029 0.012797915
v 0.116738630 0.336883098 0.012191926
v 0.118379762 0.336937189 0.011601510
v 0.111513828 0.334527850 0.015106689
v 0.112466184 0.335330606 0.014918282
v 0.114597020 0.336434394 0.014821118
v 0.111532067 0.334443778 0.017513987
v 0.112731327 0.335413277 0.017516084
v 0.114416053 0.336235613 0.017419994
v 0.111347047 0.334087074 0.019565694
v 0.113215421 0.335500658 0.019726612
v 0.111687360 0.334321618 0.021878932
v 0.113012185 0.335288197 0.021814818
v 0.111729381 0.334226996 0.024001889
v 0.113071379 0.335228890 0.024041040
v 0.111772289 0.334176898 0.025975710
v 0.113121254 0.335195780 0.025472702
v 0.117094946 0.336982638 0.013022378
v 0.117992130 0.337004513 0.012020403
v 0.115727444 0.336735517 0.015144382
v 0.116341253 0.336874038 0.014661703
v 0.115465087 0.336511284 0.017504532
v 0.115229701 0.336236060 0.019659705
v 0.114906040 0.336020082 0.021329241
v 0.114168887 0.335635990 0.024641335
v 0.129327883 0.292243302 0.113387488
v 0.129530017 0.302445829 0.114616662
v 0.127910485 0.292212248 0.113671549
v 0.128113587 0.302463859 0.114906631
v 0.123576668 0.292416722 0.114331663
v 0.123111275 0.294187874 0.114186510
v 0.123216224 0.300601482 0.114957705
v 0.123772008 0.302281618 0.115517288
v 0.120476869 0.292350620 0.113005765
v 0.120683451 0.302777827 0.114262007
v 0.116405939 0.292967737 0.111433439
v 0.116598969 0.302711099 0.112607293
v 0.114614715 0.292887717 0.110579126
v 0.114816276 0.303061545 0.111804835
v 0.130935569 0.292466074 0.111412250
v 0.131137048 0.302635759 0.112637460
v 0.127003473 0.292393088 0.110117152
v 0.127216940 0.303167611 0.111415237
v 0.124144171 0.292349309 0.110778898
v 0.124358443 0.303164631 0.112081900
v 0.120224868 0.292501956 0.110138267
v 0.120439229 0.303321600 0.111441784
v 0.117871028 0.292783678 0.108186737
v 0.118085389 0.303603351 0.109490260
v 0.113825594 0.293157339 0.108386450
v 0.114027557 0.303351194 0.109614573
v 0.133206044 0.292595536 0.108156271
v 0.132914831 0.296328574 0.108200751
v 0.132975017 0.299459159 0.108733661
v 0.133416032 0.303194493 0.109433204
v 0.128856284 0.292623371 0.107710928
v 0.129070644 0.303443015 0.109014452
v 0.116752279 0.293147594 0.105350249
v 0.116966640 0.303967237 0.106653765
v 0.112875012 0.293147922 0.104782976
v 0.114214753 0.297233373 0.104800791
v 0.114264977 0.300188452 0.105105937
v 0.113095028 0.304252982 0.106120877
v 0.112458822 0.293705255 0.103744350
v 0.112424840 0.297120124 0.104591101
v 0.112501209 0.300636947 0.104859568
v 0.112662283 0.303974837 0.104981601
v 0.133876537 0.292992800 0.104586750
v 0.133479645 0.296671003 0.105145432
v 0.133561586 0.299917340 0.105541356
v 0.134087284 0.303630173 0.105868310
v 0.129810264 0.293030918 0.104171246
v 0.130024617 0.303850561 0.105474763
v 0.117220608 0.293572158 0.101749055
v 0.117434968 0.304391831 0.103052571
v 0.113788908 0.293644637 0.100117758
v 0.114783836 0.297465175 0.101745397
v 0.114843984 0.300623238 0.102125987
v 0.114010771 0.304842770 0.101466879
v 0.113144164 0.294106454 0.100463599
v 0.113100876 0.297507882 0.101065807
v 0.113139515 0.301025629 0.101580821
v 0.113346865 0.304337561 0.101696216
v 0.133391415 0.293566495 0.100108288
v 0.133601551 0.304157257 0.101382665
v 0.129059983 0.293405235 0.101187661
v 0.129274343 0.304224879 0.102491178
v 0.127904658 0.293634772 0.099472381
v 0.128119019 0.304454446 0.100775898
v 0.119880234 0.293886840 0.098699935
v 0.120094595 0.304706484 0.100003451
v 0.115412322 0.294258177 0.097009502
v 0.115623591 0.304921806 0.098294221
v 0.133667980 0.294012547 0.098180689
v 0.133509536 0.297047645 0.097043090
v 0.133665060 0.301392972 0.097579405
v 0.133869116 0.304168880 0.099404752
v 0.130799656 0.297305763 0.096542567
v 0.130882998 0.301473826 0.097044870
v 0.128340189 0.294473112 0.096975207
v 0.128741910 0.297040194 0.096201964
v 0.128840891 0.301892966 0.096778542
v 0.128533234 0.304216594 0.098149076
v 0.121275750 0.294614345 0.095806338
v 0.121595738 0.297939748 0.094860040
v 0.121668597 0.301617295 0.095303096
v 0.121474234 0.304632843 0.097013332
v 0.116255445 0.294953942 0.094899781
v 0.116528397 0.298026413 0.094090998
v 0.116577481 0.301695913 0.094466716
v 0.116445665 0.304704249 0.096069582
v 0.127544430 0.301485747 0.095588394
v 0.123924409 0.301656634 0.094912402
v 0.127457094 0.297761649 0.095110491
v 0.123872903 0.297915012 0.094413616
v 0.134427880 0.307536751 0.095186628
v 0.131843467 0.308601648 0.094702899
v 0.127917555 0.308305413 0.094311982
v 0.124392656 0.308169127 0.093535975
v 0.121168953 0.308059990 0.092587285
v 0.119099301 0.307611823 0.091669947
v 0.135727485 0.305110216 0.095280737
v 0.132165556 0.305305094 0.094730519
v 0.127562088 0.305322349 0.094755627
v 0.124554959 0.305413783 0.094118692
v 0.120297809 0.305718631 0.092548743
v 0.117050995 0.305810839 0.091694161
v 0.115522017 0.304385006 0.090834968
v 0.135296439 0.301577657 0.094848610
v 0.132298608 0.301011324 0.094702266
v 0.128086981 0.301913559 0.094030209
v 0.123987806 0.302073270 0.093302466
v 0.119702977 0.302006900 0.092512481
v 0.117371564 0.302080542 0.091817774
v 0.115327192 0.302261114 0.090466827
v 0.135180761 0.297524124 0.094532400
v 0.132272367 0.298239142 0.094378494
v 0.128014316 0.297715664 0.093510404
v 0.123881702 0.297869384 0.092829831
v 0.119708625 0.298295647 0.092026576
v 0.117058617 0.298027188 0.091322005
v 0.115238366 0.298036784 0.090177551
v 0.135397037 0.294146925 0.093752332
v 0.131949385 0.294103771 0.093356110
v 0.127332513 0.293816954 0.093282335
v 0.124248606 0.294021845 0.092669912
v 0.120117669 0.294647396 0.091221161
v 0.116905642 0.294893116 0.090461314
v 0.115412583 0.296516538 0.089762613
v 0.134118636 0.291745722 0.093267336
v 0.131620248 0.290934831 0.092616737
v 0.127658871 0.291382104 0.092251666
v 0.124021080 0.291980356 0.091750488
v 0.120809023 0.292432457 0.090822279
v 0.118807730 0.293104142 0.089962095
v 0.134528150 0.307883918 0.091249004
v 0.136751761 0.304444313 0.092679523
v 0.129391273 0.305202454 0.091659710
v 0.123927255 0.305434883 0.090628900
v 0.137220775 0.301938415 0.091797777
v 0.130973672 0.302821994 0.091688432
v 0.129916583 0.303417593 0.091553234
v 0.123332185 0.303697646 0.090311050
v 0.122253289 0.303192914 0.090043284
v 0.116589700 0.300876915 0.086883470
v 0.116078188 0.301009893 0.085857213
v 0.137084757 0.297200382 0.091548964
v 0.130863612 0.297265351 0.091018990
v 0.129784715 0.296760619 0.090751223
v 0.123200317 0.297040701 0.089509048
v 0.122143221 0.297636300 0.089373842
v 0.116828178 0.298551053 0.085841268
v 0.136591842 0.295252413 0.091131769
v 0.129189645 0.295023412 0.090433381
v 0.123725628 0.295255810 0.089402564
v 0.119962243 0.293615639 0.088519022
v 0.117821370 0.295891136 0.086047545
v 0.134030257 0.292026818 0.089727350
v 0.126966742 0.291431248 0.087787457
v 0.121869189 0.292946696 0.088559635
v 0.135856022 0.308576405 0.087224558
v 0.133219053 0.309357464 0.088593096
v 0.128320743 0.309731960 0.087280415
v 0.125723076 0.309603959 0.086227924
v 0.122661603 0.309118807 0.085615262
v 0.119996873 0.308203489 0.085668445
v 0.137711053 0.305612594 0.087089516
v 0.117696372 0.306444407 0.085621551
v 0.116602448 0.304761499 0.085513964
v 0.137725596 0.302077055 0.087165505
v 0.117294026 0.301268548 0.083512634
v 0.116436516 0.302411199 0.084777996
v 0.137677794 0.298577815 0.086791888
v 0.117536393 0.298887670 0.082792751
v 0.116292869 0.298985541 0.084937617
v 0.137494226 0.295397967 0.085931003
v 0.120746893 0.293996632 0.084880434
v 0.118311939 0.295679629 0.083642416
v 0.116457206 0.297429174 0.084630594
v 0.135539715 0.292570502 0.085296310
v 0.132867088 0.291588575 0.086452290
v 0.127800738 0.291939944 0.085658081
v 0.125326184 0.292476505 0.084677145
v 0.122484428 0.293133825 0.084153675
v 0.135536437 0.309408426 0.085135825
v 0.133728002 0.309649378 0.083776280
v 0.130309452 0.309690535 0.083277620
v 0.127779615 0.308894783 0.082789645
v 0.121342150 0.308941871 0.080012619
v 0.138553103 0.304425806 0.085635640
v 0.118909706 0.306892216 0.080304310
v 0.138515194 0.302572429 0.084873445
v 0.117945311 0.302714646 0.080405898
v 0.117480663 0.302454084 0.080042355
v 0.138422300 0.298063606 0.084593199
v 0.118161646 0.299063087 0.079821378
v 0.117420477 0.300401896 0.080010369
v 0.138405015 0.296883792 0.084625296
v 0.121399787 0.295086086 0.078383967
v 0.119116043 0.296441138 0.079288349
v 0.135477190 0.292480350 0.081461370
v 0.133725603 0.292225361 0.081690013
v 0.128929352 0.292286068 0.080850072
v 0.121055936 0.294492692 0.078271836
v 0.129113344 0.310370743 0.080717809
v 0.126740527 0.310237795 0.080071077
v 0.123694916 0.309786946 0.079580426
v 0.139603769 0.305388868 0.079492956
v 0.122184296 0.306903362 0.078497939
v 0.121599061 0.306827873 0.079220712
v 0.139243131 0.302814394 0.079532824
v 0.118775745 0.303103328 0.075596191
v 0.138983195 0.299717784 0.080376692
v 0.118802664 0.300701380 0.075562313
v 0.139175599 0.297264785 0.080198430
v 0.122286079 0.294718653 0.078085169
v 0.119388131 0.298177004 0.076707706
v 0.128797350 0.292986900 0.078619182
v 0.126431164 0.293324709 0.078020073
v 0.123615322 0.293931693 0.077638201
v 0.137331684 0.309516430 0.078872345
v 0.136597683 0.309625119 0.077330291
v 0.122695145 0.309634894 0.074641228
v 0.139021550 0.306764483 0.078977510
v 0.123798524 0.307312042 0.074840494
v 0.120617074 0.307574809 0.074360281
v 0.139546757 0.303372920 0.077521391
v 0.119804104 0.303680331 0.072836578
v 0.139455144 0.299283355 0.077091388
v 0.119883177 0.301003486 0.072504260
v 0.138811206 0.296160907 0.077706978
v 0.123404731 0.295552850 0.071901098
v 0.120482986 0.297210753 0.073120877
v 0.137114038 0.293652654 0.077244453
v 0.136285667 0.293870866 0.075431950
v 0.129604784 0.293865085 0.074685700
v 0.122406085 0.295042455 0.072883181
v 0.137492363 0.310632885 0.074066073
v 0.135721703 0.310933352 0.074382640
v 0.131825601 0.311146408 0.073727272
v 0.124187444 0.310336053 0.071464621
v 0.140714754 0.305995464 0.072776064
v 0.125561190 0.308379710 0.070889428
v 0.121936870 0.307967842 0.070792153
v 0.120715973 0.304682314 0.070234202
v 0.120693368 0.300605476 0.069922797
v 0.123696257 0.296537936 0.068300448
v 0.121834030 0.297443628 0.069693983
v 0.137052213 0.293565840 0.072587922
v 0.135207926 0.293342412 0.072234519
v 0.130828788 0.293779105 0.071629509
v 0.127951746 0.294504255 0.071325868
v 0.124319290 0.294993341 0.069691047
v 0.138651331 0.310389161 0.071583517
v 0.136117150 0.311578959 0.069306649
v 0.132488002 0.311416626 0.068746924
v 0.128833098 0.311471999 0.068521574
v 0.125941624 0.310891807 0.068107232
v 0.140428399 0.307591140 0.070944518
v 0.125121628 0.308633119 0.067345187
v 0.122960058 0.308996290 0.068334982
v 0.140844484 0.304194272 0.069799803
v 0.124599752 0.305373013 0.066524088
v 0.140691121 0.300351709 0.069487855
v 0.124642377 0.299897790 0.065683521
v 0.140198787 0.297086090 0.069838077
v 0.128315372 0.299436659 0.065880641
v 0.124594112 0.297543496 0.066700198
v 0.122724344 0.297173858 0.066911139
v 0.138335292 0.294413835 0.069658794
v 0.135842716 0.293896496 0.067191981
v 0.132410069 0.294151574 0.067087114
v 0.128623505 0.294541836 0.066424727
v 0.125661631 0.295292139 0.066162221
v 0.139775490 0.311090082 0.066236950
v 0.136761104 0.311330795 0.066333339
v 0.133442079 0.311258972 0.066823296
v 0.129706492 0.311339557 0.065887228
v 0.127518994 0.311312824 0.064838439
v 0.141868104 0.306986600 0.065608218
v 0.137056192 0.310208559 0.065760583
v 0.129009781 0.310095787 0.066285767
v 0.126453151 0.309709340 0.064711757
v 0.140990188 0.305230260 0.066083722
v 0.141720061 0.299678445 0.064620286
v 0.126127859 0.300191283 0.062914789
v 0.141628449 0.298957676 0.065155551
v 0.136288856 0.296160698 0.063957699
v 0.133299564 0.296509326 0.064189553
v 0.129019064 0.297560066 0.064424150
v 0.126651396 0.299203575 0.063359194
v 0.139470642 0.294966727 0.064357616
v 0.136450221 0.294862002 0.064326324
v 0.133196344 0.295022339 0.064807221
v 0.129335721 0.295181632 0.064151354
v 0.127154690 0.295502216 0.063097723
v 0.140372162 0.310998887 0.063622847
v 0.138304790 0.311405092 0.063666850
v 0.126883839 0.311826766 0.061241955
v 0.141668205 0.308873028 0.063733712
v 0.138962959 0.310100943 0.063537091
v 0.125655544 0.311030090 0.060816053
v 0.141706889 0.305634409 0.063180678
v 0.139130657 0.306027383 0.062913775
v 0.141802062 0.301087648 0.062614612
v 0.141197492 0.297461092 0.062522970
v 0.138358151 0.296590894 0.061225686
v 0.135237803 0.296875656 0.062586024
v 0.126601790 0.297162920 0.059370246
v 0.140051727 0.295597643 0.061973181
v 0.138061811 0.295386553 0.061716162
v 0.126428579 0.295900613 0.059385940
v 0.140766715 0.311219424 0.061654206
v 0.138881763 0.311666042 0.060110200
v 0.132791688 0.312517047 0.060261454
v 0.127416422 0.312268466 0.057560813
v 0.142005463 0.309202909 0.061658844
v 0.139849966 0.310861766 0.059879296
v 0.126210471 0.311436921 0.057347815
v 0.141669070 0.305145949 0.061120503
v 0.139742722 0.306260586 0.060877543
v 0.141256292 0.300734401 0.059412707
v 0.141207044 0.297714949 0.059710748
v 0.138498520 0.297093660 0.057731930
v 0.127158907 0.297572732 0.055619944
v 0.140314167 0.296056151 0.059797879
v 0.138693144 0.295883060 0.058172747
v 0.132449557 0.295245320 0.058180619
v 0.126856019 0.296402037 0.055657163
v 0.138057266 0.311969250 0.056673262
v 0.135759597 0.312400818 0.055012614
v 0.132038777 0.312602848 0.054354064
v 0.129079160 0.312318414 0.054964729
v 0.138523047 0.311364263 0.055926614
v 0.136548584 0.311635315 0.054001249
v 0.131554862 0.311847448 0.053061672
v 0.128661198 0.311753392 0.054318033
v 0.139227350 0.306948066 0.054658115
v 0.136933376 0.307805151 0.053665493
v 0.138573353 0.301917315 0.054949339
v 0.136326601 0.302254379 0.053007126
v 0.138888915 0.298197418 0.054230846
v 0.135570933 0.297841877 0.053326719
v 0.131592502 0.297939003 0.052762844
v 0.128575978 0.297591418 0.052723054
v 0.137878900 0.296452999 0.054760702
v 0.135612478 0.296460837 0.053070139
v 0.131748845 0.296655267 0.052233655
v 0.128811789 0.296730816 0.053118322
v 0.134711702 0.312033474 0.053298000
v 0.133543407 0.312082261 0.053085208
v 0.135105242 0.311745554 0.053323578
v 0.133546029 0.311817884 0.052979697
v 0.139509251 0.307108223 0.052835006
v 0.137206097 0.307659984 0.053023729
v 0.139073928 0.301406652 0.052523736
v 0.136411433 0.302675098 0.052564800
v 0.139512275 0.299008310 0.051641464
v 0.136475791 0.298137337 0.051701166
v 0.133139794 0.297576398 0.051261108
v 0.134912302 0.297350734 0.051650316
v 0.133270537 0.297425956 0.051296007
v 0.140307536 0.296251267 0.056481831
v 0.141763990 0.298476785 0.056422003
v 0.142110010 0.302105725 0.056795556
v 0.142188703 0.306025773 0.057267595
v 0.141968389 0.309547126 0.057759192
v 0.140533661 0.311681300 0.058359273
v 0.138943498 0.295571208 0.056713488
v 0.138673862 0.299657136 0.057287168
v 0.138758515 0.303930551 0.057802003
v 0.138843184 0.308203965 0.058316864
v 0.139182125 0.312332064 0.058754485
v 0.139839073 0.296451271 0.055388436
v 0.141021838 0.298122197 0.055418216
v 0.141570275 0.301984340 0.055403791
v 0.141654049 0.306184083 0.055886839
v 0.141251166 0.310068429 0.056859564
v 0.140069802 0.311734736 0.057226859
v 0.138218363 0.296045810 0.054651126
v 0.138551434 0.312352687 0.056723084
v 0.138810624 0.297101736 0.052065518
v 0.139968862 0.298601180 0.051988535
v 0.140493040 0.302433252 0.052029613
v 0.140745615 0.306969166 0.052843723
v 0.140203347 0.310436308 0.053414393
v 0.139104177 0.311918646 0.053850614
v 0.136488264 0.296445459 0.052261125
v 0.136796777 0.312607586 0.054251686
v 0.133060669 0.296525389 0.051570594
v 0.133459498 0.312855721 0.053614348
v 0.128753600 0.296677917 0.052531268
v 0.129052331 0.312656134 0.054570563
v 0.126942975 0.296922505 0.053254530
v 0.126081449 0.298292041 0.053324692
v 0.127517996 0.304422647 0.055565923
v 0.126675514 0.310878307 0.054938525
v 0.127258194 0.312278330 0.055087239
v 0.137767648 0.297663093 0.048431542
v 0.138982569 0.299350202 0.048377782
v 0.139760469 0.302792907 0.048799522
v 0.139897277 0.306757659 0.049383458
v 0.139205550 0.310605019 0.049733732
v 0.138057177 0.312277228 0.050192211
v 0.135742699 0.297326237 0.048453264
v 0.137347301 0.297975749 0.048615761
v 0.137624090 0.311946452 0.050298914
v 0.136188884 0.312680662 0.050104667
v 0.131873881 0.296942025 0.050566513
v 0.131744866 0.312682778 0.052969549
v 0.130147238 0.296890914 0.051359992
v 0.130371829 0.312640339 0.053285647
v 0.125804869 0.297433466 0.052314602
v 0.124623445 0.298562497 0.051546447
v 0.124866520 0.311169028 0.053092089
v 0.126077903 0.312049121 0.054064587
v 0.122659606 0.300258875 0.050740704
v 0.121892725 0.302316725 0.051389627
v 0.121990708 0.307107061 0.051968914
v 0.122847331 0.309813619 0.051912982
v 0.137921979 0.299978554 0.044765428
v 0.138710697 0.303562313 0.045130610
v 0.138815542 0.307079554 0.045496561
v 0.138138239 0.310894161 0.046080507
v 0.134648998 0.297954798 0.044873435
v 0.135955681 0.298540503 0.045023996
v 0.136228402 0.312305361 0.046682343
v 0.134946291 0.312960625 0.046681292
v 0.131547039 0.297882259 0.045620713
v 0.131731679 0.312961578 0.047368471
v 0.127581363 0.297867000 0.046830412
v 0.126487506 0.298434854 0.046257969
v 0.127361384 0.312557369 0.047525648
v 0.127878350 0.312857151 0.048636381
v 0.125618865 0.297987223 0.047552779
v 0.124277015 0.299001426 0.047418024
v 0.124529508 0.311745554 0.048953399
v 0.125909281 0.312645584 0.049318776
v 0.121939276 0.301133603 0.049307719
v 0.121670817 0.302932978 0.049646717
v 0.121781734 0.307335883 0.050114762
v 0.122092721 0.309304684 0.050325461
v 0.136944388 0.300688893 0.041150346
v 0.137796496 0.303988904 0.041608796
v 0.137827133 0.307517856 0.041917805
v 0.137150680 0.311101139 0.042404782
v 0.133689840 0.298445553 0.041345306
v 0.134669189 0.298991203 0.041360024
v 0.134942536 0.312788010 0.043022223
v 0.133985316 0.313359380 0.043142080
v 0.130811279 0.298429668 0.041807853
v 0.129641031 0.298784792 0.042110883
v 0.129922790 0.313006401 0.043824263
v 0.131107424 0.313377351 0.043608703
v 0.126754788 0.298398942 0.042750552
v 0.126811695 0.298890263 0.042812672
v 0.127088231 0.312847883 0.044494249
v 0.127050837 0.313341737 0.044550817
v 0.124844407 0.298664659 0.043269843
v 0.123103445 0.299899995 0.043770693
v 0.123338913 0.311785161 0.045202583
v 0.125129123 0.313035131 0.045001157
v 0.121342306 0.301460773 0.045450091
v 0.120809433 0.303054899 0.045598950
v 0.120875348 0.307505697 0.046017017
v 0.121510302 0.309940279 0.046471678
v 0.136008551 0.301507831 0.037540440
v 0.136470531 0.304396302 0.037018962
v 0.136578788 0.308369666 0.037577651
v 0.136200567 0.311199844 0.038708109
v 0.133196537 0.298880607 0.037958868
v 0.133596932 0.299487889 0.037913285
v 0.133721774 0.313182652 0.039639425
v 0.133321260 0.313773036 0.039851502
v 0.128762794 0.298790663 0.038472809
v 0.128786665 0.299286306 0.038534213
v 0.129897428 0.313407958 0.040241804
v 0.129895588 0.313904643 0.040299140
v 0.126210046 0.298834562 0.039580591
v 0.126265106 0.299326867 0.039637242
v 0.126168852 0.313204944 0.041086767
v 0.126122189 0.313697100 0.041150823
v 0.122219403 0.300622523 0.040619753
v 0.122442168 0.311866432 0.041974384
v 0.120629919 0.302136391 0.041581009
v 0.120249299 0.303670496 0.041621037
v 0.120323722 0.307975978 0.042059250
v 0.120790285 0.310230881 0.042556208
v 0.135248711 0.301719815 0.034921531
v 0.135967662 0.304317594 0.034755602
v 0.136027982 0.309164733 0.035240378
v 0.135439654 0.311647773 0.036139142
v 0.131904324 0.299350888 0.034173846
v 0.132577022 0.300004929 0.034384824
v 0.132802938 0.313559651 0.036003202
v 0.132186939 0.314257532 0.035978481
v 0.128144306 0.299335420 0.034248341
v 0.128347484 0.299810112 0.034414668
v 0.128636149 0.313889295 0.036108050
v 0.128370923 0.314403176 0.036010165
v 0.125727442 0.299379259 0.035157129
v 0.125656863 0.299890012 0.035158228
v 0.125931216 0.313739896 0.036826618
v 0.125998785 0.314223707 0.037009027
v 0.121294861 0.301713109 0.037023537
v 0.120237541 0.304575592 0.037372760
v 0.120323506 0.308800936 0.037874881
v 0.121531558 0.311725736 0.038244456
v 0.119975564 0.302930534 0.037239201
v 0.119826337 0.304602534 0.037717659
v 0.119901066 0.308555186 0.038250368
v 0.120123816 0.310511380 0.038155463
v 0.134366547 0.302171826 0.031809345
v 0.134970402 0.305023074 0.031060310
v 0.134956722 0.309490472 0.031382620
v 0.134560873 0.311980098 0.032991018
v 0.131013651 0.299806714 0.030803738
v 0.131893207 0.300416261 0.031295836
v 0.130182644 0.307384878 0.030540185
v 0.132093807 0.313910842 0.033004947
v 0.131263052 0.314651579 0.032589655
v 0.128723134 0.299570113 0.032290258
v 0.129267854 0.299930781 0.033067103
v 0.128312227 0.307164043 0.032680757
v 0.129552019 0.314055890 0.034767523
v 0.129024078 0.314602762 0.034172539
v 0.124475380 0.299713254 0.033463437
v 0.123858777 0.300159454 0.033944648
v 0.124769000 0.307124913 0.033588156
v 0.124093828 0.313842267 0.035542920
v 0.124782843 0.314364761 0.035260644
v 0.121947524 0.299976051 0.031511452
v 0.121739556 0.301172554 0.034129791
v 0.121119117 0.303649962 0.034068849
v 0.121896279 0.308895499 0.033831060
v 0.121933003 0.312848419 0.035582013
v 0.122238581 0.314666957 0.033281367
v 0.119668570 0.304587156 0.036148466
v 0.119756070 0.308970660 0.036675591
v 0.133187209 0.302871585 0.026858950
v 0.133938362 0.305444628 0.027223561
v 0.134011437 0.309938550 0.027751492
v 0.133377423 0.312494457 0.027996084
v 0.130483200 0.300191522 0.028008977
v 0.131916543 0.301164359 0.027651029
v 0.130402391 0.307674170 0.028102877
v 0.132164498 0.314036101 0.029217454
v 0.130791952 0.314953893 0.029773323
v 0.125662041 0.315036058 0.029654883
v 0.125370984 0.300345153 0.027884966
v 0.120872040 0.300190121 0.029911436
v 0.121163097 0.314881027 0.031681355
v 0.132835914 0.302801937 0.025424832
v 0.133658533 0.305232018 0.025537709
v 0.133763527 0.310149163 0.026128355
v 0.133061607 0.312912703 0.026637025
v 0.129912724 0.300577134 0.025516460
v 0.131289815 0.301132232 0.025577579
v 0.131916677 0.307864785 0.026271475
v 0.130065312 0.307849854 0.026700076
v 0.131639009 0.314524412 0.027171051
v 0.130234976 0.315187961 0.027298518
v 0.127578591 0.300835520 0.023451742
v 0.127869648 0.315526396 0.025221659
v 0.121428159 0.300785244 0.024880320
v 0.121719224 0.315476149 0.026650237
v 0.120502402 0.300537318 0.027090551
v 0.120793459 0.315228224 0.028860468
v 0.125704092 0.300932586 0.022954306
v 0.125508179 0.315629244 0.024756359
v 0.123340917 0.300923020 0.023422232
v 0.123180841 0.315600485 0.025377911
v 0.132752110 0.305452019 0.023267388
v 0.132868563 0.306779832 0.023527101
v 0.132865300 0.309734911 0.023768572
v 0.132913043 0.310798019 0.023992846
v 0.130914961 0.301471323 0.023755392
v 0.131534969 0.302784860 0.023701198
v 0.132206504 0.304722071 0.023617139
v 0.131952380 0.306046098 0.024056613
v 0.132033770 0.310154527 0.024551582
v 0.132375633 0.311394989 0.024401780
v 0.131801625 0.313364625 0.024951655
v 0.131116037 0.314722002 0.025261555
v 0.129638893 0.300960660 0.024160622
v 0.129554574 0.302649170 0.024378633
v 0.129768935 0.313468844 0.025682157
v 0.129782301 0.315165520 0.025813688
v 0.132054572 0.305739641 0.022005191
v 0.132015427 0.307473540 0.022007674
v 0.132061471 0.310093880 0.022326458
v 0.132366439 0.311051488 0.023026688
v 0.130224516 0.301570624 0.022633303
v 0.130289500 0.302852988 0.021680338
v 0.131694024 0.304787725 0.021579606
v 0.131847237 0.312054902 0.022548217
v 0.130453576 0.313939363 0.022997232
v 0.130531599 0.314872831 0.024259310
v 0.128978898 0.301151514 0.022657827
v 0.128854607 0.302808881 0.022113869
v 0.129073930 0.313878864 0.023447542
v 0.129133959 0.315331250 0.024383150
v 0.127123145 0.300791562 0.023209378
v 0.127026399 0.302406520 0.023463825
v 0.127256495 0.314020246 0.024863012
v 0.127206897 0.315618187 0.024980338
v 0.130791088 0.307855397 0.019760394
v 0.130826657 0.309779167 0.019993505
v 0.128369865 0.302014351 0.019228114
v 0.129264047 0.303341269 0.019820351
v 0.129262042 0.305309981 0.019266993
v 0.130425011 0.306759149 0.019074103
v 0.130512481 0.310367078 0.019500403
v 0.129405071 0.312050343 0.020074086
v 0.129465190 0.313871831 0.021065922
v 0.128705961 0.315302670 0.020812744
v 0.127629941 0.301418662 0.020271871
v 0.128125680 0.303167045 0.020549970
v 0.127886375 0.305057198 0.019690957
v 0.128030059 0.312309623 0.020564707
v 0.128338930 0.313930959 0.021846773
v 0.127971319 0.315663755 0.021987841
v 0.125290220 0.300911546 0.021730868
v 0.124614236 0.303545684 0.021590004
v 0.124764686 0.304349661 0.021797191
v 0.124928502 0.312618196 0.022793358
v 0.124834453 0.313664407 0.022708459
v 0.125920911 0.315874219 0.023607977
v 0.123193455 0.300797790 0.022818018
v 0.123201517 0.302629322 0.023049256
v 0.123440747 0.304466724 0.022504184
v 0.123597694 0.312388390 0.023458565
v 0.123459627 0.314021647 0.024339546
v 0.123557535 0.315878361 0.024638759
v 0.121641380 0.301145434 0.023238396
v 0.121538994 0.302864939 0.023188720
v 0.121717532 0.313844383 0.024550404
v 0.121933815 0.315509230 0.024959471
v 0.119851154 0.301290154 0.025010318
v 0.120585573 0.303398609 0.024293402
v 0.120062594 0.305166543 0.024679862
v 0.120182430 0.311307251 0.025449362
v 0.120754001 0.313078940 0.025463728
v 0.120154505 0.315026790 0.026640225
v 0.118291189 0.302064538 0.024900584
v 0.118534637 0.314352125 0.026380958
v 0.129601893 0.308767885 0.017564651
v 0.129914780 0.309672773 0.018253582
v 0.127632116 0.302190602 0.017734237
v 0.128522557 0.303303301 0.017414249
v 0.129271274 0.305643618 0.017182030
v 0.129524914 0.307274967 0.017409604
v 0.129494895 0.310474068 0.017599136
v 0.129505147 0.312409550 0.018238645
v 0.128730130 0.314542025 0.018727208
v 0.127999646 0.315528691 0.019531904
v 0.126867947 0.301703811 0.018352354
v 0.126482566 0.303377092 0.019068750
v 0.126107548 0.305887043 0.019062232
v 0.125627910 0.306678027 0.019187996
v 0.125715573 0.310952395 0.019689027
v 0.126211246 0.311709404 0.019757729
v 0.126695861 0.314142883 0.020365780
v 0.126889621 0.315988094 0.019978741
v 0.124420618 0.301534086 0.019453922
v 0.124752750 0.303244472 0.020474872
v 0.125319508 0.305645376 0.019916195
v 0.125587006 0.306717694 0.019427564
v 0.125668881 0.310850203 0.019925438
v 0.125435901 0.311778575 0.020659365
v 0.125073453 0.314183205 0.021666715
v 0.124729824 0.315969795 0.021185530
v 0.123155539 0.301391006 0.020809237
v 0.123460976 0.303266168 0.021664556
v 0.123125871 0.304512709 0.022013383
v 0.123283570 0.312472552 0.022972362
v 0.123786097 0.313648790 0.022831162
v 0.123438311 0.315793544 0.022505559
v 0.120798049 0.301425189 0.022093944
v 0.121965078 0.302847207 0.022469083
v 0.122186554 0.314026266 0.023815904
v 0.121089195 0.315542847 0.023789240
v 0.119375375 0.301586866 0.023218827
v 0.118253534 0.302056998 0.022860400
v 0.118439485 0.314788312 0.024508517
v 0.119465408 0.315172344 0.024544505
v 0.117381488 0.302755922 0.024110293
v 0.117594821 0.313879579 0.025499895
v 0.126635079 0.302412808 0.015715053
v 0.127410089 0.303822428 0.015728926
v 0.127059971 0.306328237 0.015792230
v 0.127678980 0.307421267 0.015550920
v 0.127803614 0.311149687 0.015965104
v 0.127178361 0.312029541 0.016477596
v 0.127593969 0.314516068 0.017031893
v 0.126937908 0.315864474 0.017439028
v 0.125071948 0.302112460 0.016328095
v 0.126670924 0.304521441 0.016753808
v 0.126359162 0.305949569 0.016491128
v 0.126533819 0.312421352 0.017439298
v 0.126850282 0.313574404 0.017844480
v 0.125591439 0.316141129 0.018069355
v 0.123981391 0.301843852 0.017507391
v 0.124228549 0.316121697 0.019303277
v 0.121633192 0.301732093 0.018426225
v 0.121939731 0.316094905 0.020070301
v 0.120100324 0.301774770 0.019841515
v 0.120395203 0.315766722 0.021519179
v 0.118855705 0.301901937 0.021167994
v 0.119153124 0.315390825 0.022747638
v 0.125856605 0.302561611 0.014307085
v 0.126737443 0.303676128 0.013993117
v 0.126752180 0.306695819 0.015181641
v 0.126866636 0.307465792 0.015094709
v 0.126936202 0.311227530 0.015550500
v 0.126812172 0.311798185 0.015861116
v 0.126923797 0.315117121 0.015392538
v 0.126185362 0.316050589 0.015900087
v 0.124693115 0.302373379 0.014973748
v 0.124484253 0.302841723 0.014154120
v 0.126163093 0.306916714 0.015722850
v 0.126100210 0.307159752 0.015775295
v 0.126181607 0.311268181 0.016270263
v 0.126254176 0.311514080 0.016276725
v 0.124813979 0.315896243 0.015844675
v 0.125000966 0.316175610 0.016703341
v 0.122736094 0.302132547 0.015444514
v 0.123039265 0.316356897 0.017250942
v 0.120713611 0.302058607 0.016390605
v 0.120986921 0.316275209 0.018175237
v 0.118620862 0.302251548 0.017836487
v 0.118913365 0.315831661 0.019523231
v 0.124735844 0.302887738 0.012251715
v 0.125485805 0.304017246 0.011719856
v 0.126315658 0.306157142 0.011764874
v 0.126855184 0.308878005 0.012422760
v 0.126871434 0.311040699 0.012697018
v 0.126491939 0.313287407 0.012702604
v 0.125738178 0.315308243 0.013113915
v 0.125003819 0.316247880 0.013616566
v 0.123663691 0.302614272 0.012761826
v 0.123526787 0.303104669 0.012682199
v 0.123481666 0.316085666 0.013774442
v 0.124052544 0.316485554 0.014415927
v 0.121731711 0.302411824 0.013887936
v 0.121948314 0.316510648 0.015259448
v 0.119764385 0.302374065 0.014429467
v 0.120056187 0.316479027 0.016172325
v 0.117947814 0.302569777 0.015410518
v 0.118381200 0.316110432 0.017279860
v 0.123686430 0.303235978 0.010409872
v 0.124584061 0.304325789 0.010092535
v 0.125386072 0.306723475 0.009997002
v 0.125637417 0.309212476 0.010195222
v 0.125653324 0.311255127 0.010453578
v 0.125462812 0.313518971 0.010844971
v 0.124763695 0.315493584 0.011459283
v 0.122641121 0.302844018 0.010808212
v 0.122149927 0.303380698 0.010832709
v 0.122235266 0.316287309 0.012118374
v 0.123168250 0.316700876 0.012625460
v 0.120508594 0.302726746 0.012148501
v 0.120783714 0.316650242 0.013825703
v 0.118818258 0.302605689 0.013141016
v 0.119016950 0.316622972 0.014596056
v 0.117311684 0.302827597 0.013357979
v 0.117777188 0.316316664 0.015641488
v 0.123214890 0.304606050 0.007921191
v 0.124302675 0.306498349 0.008199493
v 0.124345836 0.309080869 0.007938201
v 0.124394615 0.311450571 0.008222781
v 0.124422264 0.313638389 0.008974284
v 0.123490346 0.315677792 0.009226586
v 0.121459891 0.303221971 0.008681480
v 0.121389722 0.303716451 0.009034605
v 0.121926864 0.316424042 0.010577174
v 0.121834179 0.316933870 0.010499864
v 0.119769116 0.303161263 0.010073195
v 0.120037434 0.316749394 0.011710171
v 0.117534828 0.303056687 0.010968155
v 0.117751134 0.316725940 0.012547054
v 0.117051964 0.302991390 0.012118733
v 0.117329528 0.316530764 0.013795990
v 0.122293976 0.305091202 0.006215821
v 0.122949985 0.306824148 0.005978948
v 0.123157394 0.309054255 0.006016692
v 0.123150450 0.311734527 0.006227077
v 0.123081540 0.313894182 0.006768525
v 0.122500685 0.315759003 0.007556050
v 0.120198210 0.303602040 0.006956488
v 0.120377471 0.304084748 0.006996118
v 0.120866475 0.316513479 0.008485582
v 0.120687460 0.317000896 0.008815275
v 0.118299698 0.303608537 0.008120612
v 0.118517791 0.303893626 0.007412499
v 0.118782614 0.316715837 0.008935727
v 0.118569692 0.316834211 0.009694228
v 0.117267740 0.303409159 0.009160213
v 0.117564631 0.316830099 0.010700088
v 0.121169132 0.305436105 0.004735709
v 0.121784073 0.307356387 0.004350269
v 0.122115214 0.309421003 0.004550271
v 0.122135011 0.311760634 0.004788372
v 0.121916046 0.313959599 0.005147056
v 0.121375566 0.315758467 0.005988818
v 0.119363551 0.303817630 0.006104772
v 0.119547968 0.304484159 0.005321302
v 0.119741020 0.316586018 0.006691731
v 0.119611670 0.317043781 0.007676106
v 0.118475449 0.304275811 0.006558554
v 0.118724589 0.316554159 0.008032855
v 0.120138032 0.306246400 0.003518624
v 0.120304172 0.307796866 0.003061745
v 0.120533330 0.309749484 0.002978039
v 0.120562290 0.311836451 0.003206994
v 0.120426175 0.313901037 0.003798607
v 0.120318507 0.315303773 0.004612294
v 0.118470063 0.305621535 0.003773882
v 0.118488533 0.307101548 0.002860630
v 0.118728508 0.314664811 0.003749776
v 0.118547415 0.315872073 0.004955721
v 0.119185616 0.310030699 0.002249865
v 0.119206120 0.311731309 0.002434481
v 0.117476379 0.307859987 0.002619580
v 0.117892628 0.309725255 0.002237817
v 0.117935655 0.312065870 0.002491929
v 0.117592287 0.314033538 0.003352773
v 0.116887872 0.308363438 0.002575791
v 0.116716308 0.309927791 0.002442416
v 0.116757837 0.312105328 0.002702195
v 0.116967638 0.313496143 0.003159320
v 0.117089857 0.303447247 0.009134304
v 0.117511680 0.303664863 0.007966999
v 0.116544423 0.303163141 0.011726046
v 0.116922719 0.303153783 0.010980844
v 0.117147331 0.302837491 0.013870763
v 0.117767249 0.302581161 0.016008498
v 0.117995639 0.302420110 0.017720154
v 0.118679715 0.301966041 0.021025475
v 0.113790204 0.305843115 0.006876155
v 0.115186383 0.305827856 0.005729673
v 0.116994386 0.305804253 0.004854283
v 0.118142744 0.305936068 0.004433044
v 0.112703902 0.305481344 0.009611816
v 0.113804584 0.305141866 0.008159656
v 0.115947751 0.304477155 0.007129163
v 0.117828664 0.304504007 0.006274510
v 0.118722794 0.305007398 0.005442238
v 0.113024739 0.304947287 0.011368041
v 0.114789014 0.304026276 0.010055301
v 0.116444823 0.303719908 0.008617637
v 0.117713315 0.303825319 0.007488912
v 0.112799605 0.305289537 0.013747077
v 0.113549759 0.304560304 0.013045392
v 0.115402428 0.303524703 0.011921365
v 0.113695969 0.304802567 0.015929250
v 0.114730735 0.303867877 0.015270601
v 0.116192681 0.303102612 0.014375699
v 0.114297059 0.304663181 0.017926807
v 0.115974245 0.303263873 0.017064277
v 0.115432260 0.303890944 0.019833863
v 0.116559846 0.302975595 0.019069521
v 0.116248501 0.303481549 0.021753192
v 0.117426572 0.302507579 0.021067729
v 0.116974694 0.303094894 0.023542708
v 0.117983882 0.302208990 0.022366147
v 0.114382361 0.308273077 0.004502962
v 0.116229926 0.308368623 0.003545516
v 0.117222530 0.308680475 0.003135735
v 0.111753498 0.307629585 0.007910645
v 0.112837088 0.307265103 0.006573756
v 0.114537259 0.307176143 0.005024664
v 0.116614518 0.307114780 0.003998271
v 0.117547189 0.307438374 0.003541038
v 0.110981007 0.307754964 0.010977842
v 0.111675878 0.306854397 0.009443974
v 0.112555144 0.306146979 0.008254257
v 0.111472649 0.306851655 0.012138464
v 0.111973141 0.305990428 0.011350540
v 0.112016519 0.306460500 0.013740870
v 0.112937843 0.306101680 0.016205408
v 0.113723335 0.305860192 0.018304946
v 0.114553665 0.305478334 0.020289462
v 0.115301413 0.305191547 0.022180399
v 0.115814475 0.305884659 0.024343634
v 0.116078069 0.304720074 0.024018239
v 0.112752688 0.309821010 0.005533528
v 0.114200485 0.309555024 0.004361998
v 0.116171320 0.309716433 0.003342697
v 0.117101838 0.309792519 0.003042937
v 0.111287472 0.309682548 0.007872482
v 0.112096449 0.309554160 0.006418342
v 0.110684280 0.309292823 0.010864111
v 0.110849050 0.309198648 0.009408540
v 0.110952837 0.309142083 0.012986943
v 0.111478319 0.308565646 0.014329396
v 0.112547738 0.308043033 0.016891232
v 0.113962514 0.307733476 0.020382797
v 0.115088572 0.307794958 0.023222798
v 0.115596612 0.307256013 0.024345614
v 0.112820638 0.311768591 0.005754452
v 0.114286137 0.312027186 0.004614643
v 0.116210190 0.312026650 0.003611657
v 0.117154871 0.312110752 0.003333513
v 0.111367171 0.311557531 0.008069257
v 0.112178763 0.311959952 0.006714122
v 0.110751798 0.311240345 0.011128156
v 0.110932280 0.311669022 0.009716054
v 0.111030613 0.310925484 0.013260886
v 0.111557190 0.311195761 0.014619146
v 0.112610613 0.310897768 0.017205598
v 0.114065093 0.310376108 0.020776516
v 0.115010706 0.309733570 0.023134105
v 0.115652864 0.309742093 0.024636988
v 0.114588847 0.313309759 0.005029377
v 0.116329451 0.313383341 0.004150033
v 0.117352684 0.313307166 0.003754294
v 0.111864646 0.313239455 0.008586503
v 0.112967913 0.313868314 0.007369290
v 0.114480299 0.314195037 0.005964694
v 0.116760587 0.314477563 0.004885996
v 0.117735637 0.314347208 0.004455330
v 0.111073424 0.312419713 0.011539835
v 0.111810138 0.313630849 0.010260382
v 0.112721932 0.314565629 0.009268510
v 0.111594495 0.313001752 0.012879410
v 0.112131928 0.314005196 0.012316138
v 0.112145675 0.312979758 0.014526293
v 0.113068705 0.312706947 0.017001191
v 0.113853146 0.312412202 0.019094314
v 0.114688401 0.312279254 0.021108815
v 0.115437877 0.312079519 0.023010243
v 0.115913314 0.310873151 0.024944633
v 0.116223698 0.312070459 0.024903793
v 0.113974382 0.315139532 0.007996160
v 0.115365406 0.315403610 0.006945220
v 0.117187155 0.315531403 0.006026885
v 0.118294579 0.315422744 0.005530314
v 0.112890181 0.314883590 0.010744569
v 0.114010093 0.315514892 0.009409368
v 0.116108370 0.316304088 0.008589375
v 0.118066033 0.316447735 0.007784782
v 0.118958582 0.316058755 0.006704571
v 0.113223364 0.314972490 0.012575852
v 0.115028401 0.316109210 0.011511020
v 0.116657500 0.316671968 0.010215780
v 0.117963296 0.316800147 0.009065432
v 0.112973851 0.314084262 0.014806643
v 0.113755186 0.314929366 0.014294629
v 0.115652141 0.316129088 0.013439905
v 0.113878262 0.314003855 0.017037798
v 0.114951824 0.315027058 0.016615026
v 0.116446716 0.315925241 0.015920533
v 0.114474942 0.313641429 0.019008482
v 0.116209512 0.315138936 0.018494951
v 0.115630438 0.313893914 0.021038992
v 0.116796483 0.314919800 0.020508528
v 0.116453004 0.313803703 0.022996776
v 0.117671413 0.314865828 0.022556616
v 0.117219729 0.313757896 0.024816211
v 0.118244817 0.314836651 0.023869475
v 0.117289228 0.316788614 0.010859081
v 0.117754032 0.316850215 0.009598319
v 0.116808285 0.316481799 0.013330642
v 0.117195469 0.316647619 0.012658684
v 0.117440675 0.316248536 0.015618673
v 0.118025054 0.315965325 0.017705351
v 0.118346562 0.315736741 0.019373620
v 0.118894150 0.315323204 0.022718769
v 0.128236597 0.271482974 0.116136678
v 0.128438731 0.281685501 0.117365852
v 0.126862575 0.271431416 0.116583981
v 0.127065686 0.281682998 0.117819063
v 0.122632918 0.271573395 0.117745578
v 0.122129169 0.273337990 0.117661238
v 0.122234096 0.279751271 0.118435025
v 0.122827930 0.281438291 0.118931241
v 0.119400841 0.271465302 0.116789989
v 0.119607431 0.281892508 0.118046232
v 0.115166118 0.272026956 0.115705028
v 0.115359155 0.281770319 0.116878882
v 0.113288758 0.271922797 0.115065172
v 0.113490326 0.282096624 0.116290882
v 0.129599665 0.271731496 0.113988146
v 0.129801144 0.281901181 0.115213364
v 0.125544754 0.271604657 0.113160178
v 0.125758221 0.282379180 0.114458263
v 0.122783032 0.271519333 0.114150688
v 0.122997311 0.282334656 0.115453690
v 0.118814019 0.271617293 0.113971926
v 0.119028379 0.282436967 0.115275443
v 0.116244932 0.271868527 0.112309076
v 0.116459292 0.282688200 0.113612600
v 0.112245602 0.272184461 0.112980321
v 0.112447565 0.282378316 0.114208452
v 0.131472846 0.271898001 0.110490054
v 0.131136884 0.275626451 0.110579878
v 0.131215264 0.278756768 0.111111939
v 0.131682833 0.282496929 0.111766987
v 0.127100860 0.271864772 0.110555053
v 0.127315221 0.282684416 0.111858569
v 0.114798014 0.272220761 0.109623544
v 0.115012375 0.283040404 0.110927068
v 0.110881423 0.272166938 0.109512269
v 0.112157111 0.276270956 0.109386533
v 0.112201464 0.279225975 0.109692998
v 0.111101438 0.283271968 0.110850170
v 0.110339214 0.272719860 0.108531006
v 0.110356708 0.276132613 0.109386638
v 0.110414927 0.279649794 0.109655388
v 0.110542675 0.282989413 0.109768257
v 0.131716822 0.272310019 0.106867962
v 0.131336649 0.275981396 0.107480630
v 0.131419023 0.279227972 0.107874468
v 0.131927570 0.282947421 0.108149521
v 0.127629695 0.272291094 0.106929570
v 0.127844055 0.283110738 0.108233087
v 0.114837152 0.272657305 0.105993658
v 0.115051513 0.283476949 0.107297175
v 0.111237926 0.272683501 0.104773887
v 0.112362650 0.276515335 0.106286369
v 0.112422829 0.279673368 0.106667235
v 0.111459789 0.283881634 0.106123008
v 0.110631553 0.273135632 0.105193995
v 0.110611481 0.276535153 0.105807796
v 0.110660975 0.280052364 0.106325805
v 0.110834253 0.283366710 0.106426612
v 0.130704706 0.272883475 0.102478437
v 0.130914648 0.283474207 0.103752784
v 0.126531397 0.272659153 0.104055010
v 0.126745758 0.283478826 0.105358534
v 0.125180808 0.272874862 0.102486879
v 0.125395169 0.283694506 0.103790402
v 0.117118334 0.273014188 0.102656201
v 0.117332694 0.283833832 0.103959724
v 0.112479014 0.273324639 0.101499468
v 0.112690282 0.283988267 0.102784194
v 0.130748321 0.273336262 0.100533143
v 0.130416026 0.276370496 0.099431299
v 0.130572562 0.280716777 0.099959426
v 0.130949502 0.283492595 0.101757221
v 0.127662954 0.276590884 0.099250987
v 0.127746304 0.280758947 0.099753201
v 0.125310389 0.273722976 0.099958599
v 0.125583415 0.276296675 0.099151835
v 0.125681427 0.281149477 0.099728130
v 0.125503433 0.283466488 0.101132467
v 0.118156557 0.273765743 0.099621914
v 0.118317676 0.277096748 0.098655179
v 0.118390535 0.280774295 0.099098243
v 0.118355041 0.283784211 0.100828908
v 0.113060539 0.274035454 0.099308014
v 0.113194515 0.277112663 0.098482557
v 0.113236015 0.280781925 0.098861478
v 0.113250208 0.283785701 0.100478195
v 0.124260795 0.280725688 0.098696008
v 0.120584612 0.280846208 0.098447293
v 0.124170144 0.277001441 0.098219886
v 0.120527347 0.277104974 0.097946197
v 0.130965536 0.286874294 0.097513281
v 0.128327762 0.287903190 0.097337551
v 0.124387560 0.287551850 0.097406171
v 0.120798444 0.287366748 0.097046055
v 0.117487927 0.287213296 0.096479416
v 0.115331841 0.286737174 0.095808268
v 0.132300873 0.284466326 0.097447604
v 0.128696715 0.284611493 0.097317092
v 0.124127810 0.284563392 0.097878888
v 0.121065934 0.284613103 0.097597241
v 0.116650892 0.284859866 0.096535385
v 0.113325601 0.284907281 0.096065529
v 0.111726833 0.283461183 0.095386021
v 0.131871571 0.280928671 0.097057618
v 0.128885304 0.280320078 0.097260073
v 0.124611889 0.281163484 0.097086541
v 0.120453988 0.281266093 0.096842259
v 0.116107603 0.281140119 0.096557096
v 0.113710282 0.281181723 0.096139230
v 0.111519967 0.281335264 0.095036462
v 0.131776218 0.276874363 0.096744359
v 0.128860046 0.277548283 0.096932888
v 0.124537517 0.276965737 0.096565604
v 0.120351990 0.277061850 0.096372053
v 0.116108184 0.277430058 0.096062236
v 0.113398072 0.277125090 0.095670640
v 0.111456801 0.277110577 0.094746284
v 0.131947001 0.273501724 0.095933817
v 0.128477601 0.273410261 0.095942192
v 0.123888080 0.273058116 0.096406378
v 0.120751237 0.273220122 0.096158385
v 0.116471213 0.273789167 0.095203191
v 0.113189374 0.273990452 0.094823845
v 0.111602564 0.275593579 0.094309099
v 0.130654295 0.271083355 0.095593683
v 0.128108596 0.270238101 0.095236316
v 0.124125843 0.270629644 0.095337063
v 0.120446456 0.271176994 0.095265381
v 0.117142079 0.271584868 0.094719470
v 0.115044964 0.272229373 0.094100632
v 0.130600979 0.287228733 0.093591936
v 0.133023922 0.283818871 0.094742619
v 0.125584890 0.284474045 0.094590433
v 0.120035236 0.284630477 0.094204530
v 0.133421709 0.281321198 0.093804352
v 0.127192815 0.282116234 0.094426982
v 0.126118978 0.282696962 0.094417833
v 0.119431381 0.282885462 0.093952805
v 0.118335751 0.282365888 0.093811095
v 0.112375041 0.279974490 0.091326013
v 0.111745511 0.280101717 0.090366818
v 0.133323555 0.276582092 0.093558259
v 0.127082748 0.276559621 0.093757540
v 0.125987117 0.276040018 0.093615830
v 0.119299521 0.276228517 0.093150795
v 0.118225684 0.276809245 0.093141645
v 0.112522666 0.277653784 0.090255827
v 0.132812490 0.274627954 0.093195282
v 0.125383263 0.274295002 0.093364097
v 0.119833601 0.274451435 0.092978194
v 0.116016043 0.272759348 0.092534386
v 0.113570054 0.275007904 0.090336546
v 0.130149712 0.271368444 0.092089050
v 0.122917113 0.270675629 0.090984195
v 0.117923831 0.272117436 0.092350267
v 0.131440614 0.287945986 0.089442290
v 0.128970665 0.288687527 0.091111422
v 0.123947938 0.288994431 0.090380058
v 0.121247281 0.288831174 0.089637257
v 0.118142289 0.288303554 0.089384250
v 0.115514946 0.287350446 0.089744933
v 0.133308296 0.285008997 0.089082576
v 0.113249381 0.285558969 0.089961104
v 0.112173905 0.283860862 0.089976542
v 0.133380790 0.281473905 0.089145273
v 0.112675865 0.280381083 0.087897286
v 0.111955983 0.281509548 0.089257576
v 0.133338441 0.277974904 0.088768825
v 0.112865721 0.278004944 0.087146595
v 0.111879614 0.278081983 0.089422129
v 0.133099978 0.274794042 0.087925255
v 0.116365557 0.273156852 0.088830337
v 0.113779639 0.274806947 0.087889977
v 0.112028663 0.276528567 0.089093164
v 0.131124308 0.271940082 0.087513953
v 0.128618692 0.270918608 0.088970616
v 0.123489891 0.271199256 0.088773698
v 0.120910582 0.271702141 0.088089697
v 0.118018297 0.272319853 0.087903224
v 0.130868037 0.288776487 0.087407693
v 0.128910189 0.288993776 0.086269066
v 0.125456569 0.288987160 0.086172566
v 0.122898405 0.288156360 0.085980423
v 0.116180939 0.288116246 0.083973162
v 0.133991455 0.283836424 0.087536715
v 0.113827882 0.286031872 0.084540077
v 0.133890693 0.281983823 0.086778343
v 0.112940145 0.281840891 0.084740348
v 0.112439928 0.281574309 0.084432647
v 0.133828496 0.277474582 0.086496718
v 0.113137615 0.278193653 0.084123150
v 0.112404992 0.279521525 0.084401466
v 0.133831491 0.276294589 0.086526908
v 0.116241020 0.274265110 0.082305506
v 0.114059721 0.275586277 0.083474256
v 0.130616163 0.271854758 0.083712198
v 0.128906933 0.271574616 0.084142730
v 0.124045064 0.271568537 0.083867997
v 0.115894725 0.273667067 0.082232371
v 0.123960701 0.289654166 0.083771832
v 0.121530731 0.289488554 0.083405793
v 0.118455251 0.288995236 0.083272219
v 0.134304960 0.284823447 0.081316471
v 0.116868948 0.286092162 0.082364231
v 0.116373119 0.286007315 0.083150081
v 0.133987297 0.282244056 0.081390053
v 0.113198412 0.282248467 0.079867855
v 0.133870666 0.279142797 0.082248770
v 0.113254619 0.279847205 0.079823546
v 0.134075080 0.276693046 0.082041606
v 0.117091430 0.273910731 0.081904240
v 0.114004758 0.277329683 0.080884933
v 0.123644014 0.272270739 0.081669919
v 0.121219632 0.272575825 0.081351869
v 0.118370292 0.273143381 0.081302859
v 0.131918778 0.288919270 0.080977969
v 0.131008481 0.289019823 0.079532370
v 0.116888401 0.288836390 0.078482844
v 0.133647506 0.286191434 0.080876745
v 0.118039710 0.286529124 0.078544803
v 0.114820619 0.286747456 0.078439675
v 0.134046440 0.282809824 0.079358697
v 0.113889744 0.282844126 0.077008970
v 0.133962204 0.278720021 0.078929499
v 0.113966760 0.280169159 0.076661319
v 0.133437981 0.275587827 0.079606198
v 0.117469420 0.274769932 0.075634561
v 0.114687112 0.276384383 0.077191904
v 0.131733512 0.273056448 0.079336874
v 0.130696421 0.273265570 0.077634022
v 0.123974835 0.273166150 0.077671885
v 0.116599348 0.274243951 0.076724790
v 0.131502201 0.290045023 0.076189265
v 0.129776542 0.290319890 0.076711088
v 0.125828018 0.290478617 0.076515183
v 0.117990096 0.289563388 0.075156108
v 0.134616350 0.285455704 0.074517787
v 0.119314467 0.287627578 0.074418515
v 0.115709623 0.287164479 0.074743241
v 0.114477818 0.283862799 0.074321173
v 0.114475777 0.279786527 0.074001759
v 0.117325244 0.275764406 0.072027579
v 0.115625848 0.276641518 0.073631592
v 0.131130193 0.272975713 0.074719071
v 0.129260552 0.272726625 0.074582435
v 0.124835079 0.273102075 0.074493565
v 0.121932452 0.273786813 0.074529752
v 0.118127656 0.274226755 0.073331200
v 0.132366975 0.289821476 0.073587753
v 0.129568202 0.290978611 0.071625665
v 0.125901152 0.290765613 0.071492441
v 0.122244504 0.290769488 0.071694992
v 0.119332795 0.290148944 0.071618825
v 0.134096135 0.287049890 0.072737135
v 0.118461018 0.287880003 0.070950523
v 0.116424804 0.288210988 0.072186761
v 0.134423097 0.283661008 0.071541078
v 0.117892345 0.284614056 0.070185669
v 0.134287869 0.279817104 0.071237102
v 0.117912826 0.279141217 0.069328725
v 0.133885239 0.276544303 0.071632110
v 0.121589800 0.278731972 0.069094747
v 0.118016233 0.276784986 0.070336707
v 0.116189164 0.276388556 0.070763081
v 0.132050936 0.273846179 0.071662977
v 0.129295071 0.273297191 0.069502041
v 0.125870411 0.273503721 0.069798954
v 0.122027372 0.273841172 0.069583863
v 0.119044942 0.274549812 0.069670871
v 0.132849966 0.290546238 0.068148799
v 0.129864355 0.290744007 0.068596780
v 0.126626452 0.290624380 0.069470197
v 0.122806420 0.290653378 0.068976372
v 0.120512103 0.290597171 0.068189733
v 0.134911870 0.286473781 0.067267492
v 0.130106201 0.289626926 0.067990012
v 0.122178328 0.289399266 0.069449537
v 0.119461184 0.288978904 0.068183184
v 0.134119918 0.284704477 0.067836612
v 0.134751310 0.279165745 0.066280663
v 0.119060991 0.279459894 0.066406593
v 0.134732803 0.278442949 0.066820703
v 0.129329373 0.275572300 0.066244908
v 0.126382959 0.275878131 0.066824846
v 0.122144845 0.276867718 0.067560263
v 0.119646479 0.278479040 0.066783823
v 0.132552390 0.274423003 0.066267334
v 0.129550685 0.274275482 0.066588126
v 0.126373191 0.274388909 0.067445673
v 0.122460586 0.274494410 0.067244962
v 0.120167297 0.274785578 0.066453852
v 0.133138870 0.290467381 0.065482676
v 0.131085296 0.290844172 0.065768726
v 0.119454702 0.291107416 0.064693473
v 0.134468456 0.288359970 0.065435000
v 0.131741916 0.289549679 0.065559022
v 0.118196321 0.290293992 0.064411215
v 0.134487440 0.285123080 0.064871088
v 0.131892433 0.285479844 0.064907648
v 0.134579186 0.280578941 0.064283542
v 0.134018575 0.276944339 0.064251669
v 0.131059696 0.276035875 0.063291594
v 0.128115659 0.276274323 0.065007396
v 0.119160344 0.276443839 0.062821493
v 0.132842560 0.275065631 0.063833393
v 0.130839368 0.274826735 0.063809507
v 0.119007726 0.275179178 0.062853329
v 0.133298014 0.290696442 0.063482165
v 0.131239792 0.291118562 0.062169895
v 0.125197676 0.291882873 0.063032933
v 0.119548087 0.291562110 0.060976744
v 0.134556775 0.288697720 0.063336000
v 0.132185553 0.290328473 0.061825149
v 0.118337211 0.290713847 0.060903221
v 0.134216373 0.284637183 0.062827855
v 0.132259523 0.285724729 0.062814668
v 0.133668651 0.280222774 0.061166029
v 0.133696516 0.277202487 0.061458316
v 0.130784576 0.276545763 0.059806898
v 0.119270464 0.276867062 0.059033118
v 0.132843067 0.275531083 0.061643776
v 0.131046121 0.275337428 0.060218222
v 0.124855553 0.274611145 0.060952090
v 0.118990307 0.275692135 0.059101734
v 0.130015900 0.291415155 0.058853511
v 0.127534439 0.291816562 0.057473477
v 0.123759744 0.291966766 0.057253934
v 0.120895808 0.291639477 0.058204655
v 0.130399783 0.290817946 0.058055751
v 0.128210646 0.291063845 0.056374621
v 0.123138954 0.291206509 0.056024425
v 0.120413167 0.291069567 0.057609338
v 0.131012713 0.286414117 0.056699950
v 0.128606905 0.287240028 0.055984285
v 0.130467211 0.281374127 0.057049692
v 0.128004787 0.281682193 0.055383779
v 0.130748545 0.277660191 0.056287650
v 0.127353025 0.277258962 0.055775486
v 0.123335024 0.277300477 0.055679679
v 0.120339570 0.276910186 0.055990823
v 0.129831595 0.275900811 0.056926198
v 0.127383580 0.275879025 0.055511482
v 0.123446410 0.276019871 0.055131849
v 0.120631834 0.276052445 0.056353197
v 0.126298917 0.291436970 0.055891614
v 0.125113209 0.291469485 0.055816658
v 0.126696718 0.291154623 0.055870224
v 0.125107189 0.291205317 0.055710733
v 0.131077771 0.286580950 0.054856922
v 0.128804897 0.287099719 0.055314649
v 0.130688493 0.280874252 0.054580677
v 0.128031579 0.282104731 0.054935899
v 0.131054272 0.278483689 0.053645801
v 0.128057894 0.277569622 0.054056443
v 0.124701482 0.276962101 0.054006632
v 0.126510252 0.276760995 0.054185785
v 0.124837470 0.276813447 0.054025579
v 0.132853751 0.275520563 0.060031503
v 0.134335463 0.277728677 0.060111899
v 0.134686385 0.281354249 0.060512669
v 0.134765108 0.285274297 0.060984805
v 0.134539609 0.288799196 0.061447602
v 0.133078446 0.290951580 0.061901040
v 0.131465559 0.274857134 0.060129069
v 0.131189634 0.278947383 0.060667939
v 0.131274288 0.283220798 0.061182775
v 0.131358956 0.287494212 0.061697636
v 0.131702502 0.291619122 0.062160786
v 0.132497271 0.275723279 0.058897130
v 0.133691241 0.277380288 0.059040595
v 0.134284441 0.281235695 0.059074808
v 0.134370466 0.285435349 0.059558023
v 0.133920391 0.289326608 0.060481206
v 0.132728641 0.291007608 0.060728490
v 0.130952020 0.275335014 0.058004845
v 0.131274511 0.291642010 0.060077261
v 0.131807719 0.276377380 0.055488419
v 0.132985716 0.277862936 0.055523459
v 0.133548965 0.281688660 0.055610575
v 0.133774494 0.286223382 0.056439362
v 0.133220201 0.289698035 0.056949317
v 0.132101272 0.291194260 0.057273515
v 0.129469712 0.275748849 0.055456009
v 0.129774031 0.291911244 0.057445209
v 0.126127635 0.275867254 0.054432247
v 0.126518604 0.292196900 0.056483019
v 0.121749197 0.276072711 0.054965280
v 0.122036805 0.292051435 0.057002269
v 0.119879377 0.276340336 0.055506978
v 0.119031516 0.277720064 0.055490367
v 0.120314148 0.283839047 0.057853431
v 0.119614323 0.290302545 0.057137560
v 0.120196243 0.291696012 0.057340845
v 0.131133174 0.276941746 0.051768854
v 0.132367541 0.278614342 0.051832315
v 0.133141284 0.282048732 0.052323684
v 0.133267378 0.286013097 0.052912824
v 0.132590522 0.289869159 0.053188261
v 0.131422718 0.291555882 0.053529520
v 0.129111995 0.276628733 0.051592153
v 0.130700533 0.277259767 0.051910494
v 0.130977322 0.291230470 0.053593643
v 0.129576971 0.291980952 0.053258453
v 0.125050162 0.276295245 0.053315949
v 0.124873598 0.292042434 0.055673257
v 0.123253499 0.276266396 0.053936172
v 0.123475743 0.292016923 0.055853102
v 0.118845184 0.276862234 0.054459173
v 0.117758391 0.278003126 0.053577218
v 0.117998866 0.290609777 0.055122074
v 0.119119366 0.291478068 0.056207586
v 0.115903472 0.279720366 0.052580282
v 0.115101193 0.281788707 0.053147987
v 0.115198952 0.286579013 0.053727563
v 0.116089125 0.289275199 0.053752299
v 0.131674145 0.279245973 0.048132442
v 0.132465889 0.282821149 0.048568398
v 0.132576232 0.286337823 0.048938077
v 0.131890406 0.290161580 0.049447518
v 0.128382472 0.277261019 0.047921404
v 0.129674968 0.277831733 0.048198704
v 0.129947675 0.291596591 0.049857046
v 0.128679772 0.292266846 0.049729258
v 0.125221503 0.277226746 0.048360672
v 0.125413475 0.292307228 0.050097559
v 0.121156355 0.277261049 0.049175270
v 0.120130804 0.277840257 0.048497442
v 0.121044343 0.291954726 0.049825530
v 0.121453342 0.292251229 0.050981235
v 0.119134014 0.277406126 0.049701340
v 0.117824053 0.278435647 0.049434137
v 0.118076545 0.291179776 0.050969508
v 0.119424430 0.292064488 0.051467333
v 0.115337727 0.280599892 0.051082317
v 0.115058762 0.282403111 0.051390868
v 0.115175692 0.286805570 0.051861543
v 0.115487938 0.288771123 0.052099068
v 0.131064599 0.279958606 0.044437893
v 0.131906872 0.283249527 0.044973273
v 0.131949102 0.286778629 0.045278989
v 0.131270875 0.290370822 0.045692325
v 0.127780107 0.277754068 0.044315491
v 0.128759724 0.278288245 0.044425532
v 0.129033064 0.292085022 0.046087727
v 0.128075582 0.292667896 0.046112265
v 0.124870074 0.277773112 0.044493258
v 0.123680045 0.278142691 0.044679470
v 0.123961804 0.292364329 0.046392847
v 0.125166212 0.292720795 0.046294108
v 0.120740567 0.277792335 0.045033254
v 0.120796961 0.278283119 0.045099992
v 0.121073489 0.292240769 0.046781566
v 0.121036616 0.292735159 0.046833519
v 0.118791749 0.278081775 0.045362145
v 0.117024888 0.279338688 0.045687996
v 0.117260357 0.291223854 0.047119886
v 0.119076458 0.292452246 0.047093455
v 0.115126168 0.280924261 0.047184277
v 0.114600298 0.282524914 0.047277935
v 0.114677918 0.286975652 0.047694389
v 0.115294163 0.289403766 0.048205860
v 0.130497371 0.280779302 0.040752441
v 0.131042709 0.283660829 0.040274896
v 0.131142964 0.287634075 0.040836100
v 0.130689387 0.290471345 0.041920107
v 0.127626752 0.278186321 0.040896393
v 0.128036899 0.278788745 0.040889509
v 0.128154975 0.292485416 0.042600900
v 0.127742653 0.293080986 0.042771831
v 0.123163221 0.278149694 0.040972751
v 0.123186854 0.278645188 0.041035526
v 0.124292930 0.292757094 0.042824656
v 0.124291395 0.293253899 0.042880856
v 0.120514785 0.278226316 0.041824538
v 0.120569882 0.278718084 0.041885648
v 0.120497276 0.292599946 0.043299805
v 0.120450419 0.293092787 0.043358300
v 0.116463025 0.280063599 0.042464513
v 0.116685790 0.291307479 0.043819141
v 0.114805025 0.281598419 0.043263033
v 0.114440640 0.283136994 0.043263413
v 0.114523013 0.287442386 0.043700948
v 0.114965399 0.289692909 0.044238232
v 0.130000805 0.280993581 0.038071308
v 0.130763476 0.283582330 0.037973210
v 0.130833720 0.288429618 0.038454961
v 0.130189662 0.290921658 0.039288245
v 0.126717945 0.278662175 0.037002169
v 0.127374423 0.279308796 0.037277270
v 0.127602001 0.292863995 0.038891532
v 0.126999756 0.293568969 0.038805511
v 0.122968842 0.278690994 0.036707234
v 0.123160360 0.279163688 0.036892053
v 0.123449256 0.293242753 0.038586400
v 0.123201055 0.293759435 0.038462255
v 0.120475155 0.278765470 0.037374325
v 0.120410902 0.279276997 0.037367795
v 0.120685269 0.293126911 0.039036181
v 0.120740374 0.293610334 0.039223678
v 0.115908933 0.281155854 0.038793426
v 0.114856643 0.284031391 0.039033271
v 0.114943278 0.288256705 0.039535645
v 0.116144006 0.291168094 0.040018033
v 0.114589450 0.282389224 0.038876884
v 0.114413929 0.284064054 0.039336100
v 0.114483130 0.288016886 0.039868183
v 0.114737419 0.289970100 0.039792936
v 0.129433771 0.281448036 0.034886941
v 0.130142172 0.284290135 0.034196913
v 0.130150189 0.288758188 0.034510236
v 0.129628097 0.291256338 0.036068615
v 0.126167801 0.279119879 0.033560287
v 0.127002013 0.279720306 0.034135517
v 0.125457061 0.286706597 0.033206105
v 0.127194767 0.293215901 0.035837669
v 0.126417664 0.293965280 0.035341825
v 0.123739791 0.278913915 0.034815110
v 0.124209908 0.279270142 0.035641182
v 0.123383102 0.286513120 0.035153031
v 0.124494185 0.293395191 0.037342027
v 0.124033739 0.293946743 0.036697347
v 0.119399418 0.279109836 0.035565458
v 0.118743931 0.279564440 0.035983205
v 0.119767715 0.286517859 0.035708290
v 0.118984086 0.293247551 0.037578184
v 0.119703655 0.293761224 0.037364192
v 0.117078644 0.279397339 0.033374399
v 0.116629002 0.280602813 0.035958048
v 0.116047111 0.283087164 0.035833117
v 0.116906335 0.288322598 0.035665616
v 0.116818165 0.292279243 0.037406329
v 0.117369701 0.294088244 0.035144314
v 0.114410755 0.284046561 0.037759021
v 0.114498344 0.288430065 0.038286217
v 0.128754382 0.282149076 0.029843740
v 0.129496743 0.284714043 0.030276816
v 0.129571219 0.289208114 0.030803246
v 0.128946778 0.291771919 0.030980935
v 0.125918803 0.279503822 0.030726433
v 0.127391850 0.280458897 0.030509587
v 0.125918378 0.286987126 0.030801745
v 0.127638315 0.293330759 0.032075241
v 0.126228874 0.294265985 0.032492440
v 0.121136700 0.294407994 0.031870898
v 0.120845643 0.279717088 0.030100983
v 0.116168005 0.279619992 0.031676251
v 0.116459069 0.294310898 0.033446163
v 0.128544723 0.282079935 0.028382160
v 0.129381199 0.284500480 0.028571928
v 0.129486335 0.289417535 0.029163327
v 0.128770878 0.292190403 0.029596871
v 0.125600335 0.279889792 0.028189430
v 0.126971302 0.280428886 0.028384676
v 0.127607253 0.287155360 0.029127577
v 0.125722711 0.287163198 0.029372392
v 0.127322045 0.293820024 0.029986473
v 0.125920300 0.294500291 0.029974597
v 0.123483350 0.280170321 0.025905209
v 0.123774407 0.294861227 0.027675124
v 0.117222254 0.280195802 0.026723213
v 0.117513311 0.294886738 0.028493129
v 0.116081161 0.279964328 0.028832233
v 0.116372218 0.294655234 0.030602148
v 0.121668008 0.280288100 0.025226038
v 0.121471395 0.294990599 0.026980123
v 0.119270374 0.280307472 0.025459742
v 0.119094116 0.294990689 0.027370254
v 0.129216013 0.284590334 0.027259918
v 0.129307632 0.285916507 0.027537391
v 0.129331795 0.288872391 0.027767872
v 0.129357164 0.289935470 0.027995687
v 0.127206718 0.280663818 0.027326485
v 0.127859091 0.281959921 0.027411712
v 0.128585634 0.283877879 0.027478615
v 0.128275727 0.285211504 0.027847651
v 0.128357125 0.289319903 0.028342621
v 0.128758145 0.290549636 0.028272077
v 0.128129703 0.292537987 0.028675657
v 0.127429736 0.293915451 0.028821111
v 0.125858520 0.280190438 0.027434204
v 0.125773986 0.281882197 0.027625278
v 0.125988347 0.292701870 0.028928800
v 0.126018670 0.294398516 0.029057644
v 0.128829141 0.284886867 0.025872540
v 0.128838447 0.286621183 0.025863767
v 0.128883933 0.289241701 0.026181147
v 0.129049619 0.290196121 0.026930805
v 0.126789955 0.280773014 0.026077459
v 0.127103512 0.282045931 0.025161948
v 0.128547591 0.283941716 0.025377909
v 0.128679578 0.291209340 0.026346203
v 0.127273281 0.293133646 0.026466794
v 0.127090623 0.294074237 0.027712680
v 0.125559759 0.280387431 0.025821021
v 0.125607175 0.282043338 0.025260787
v 0.125826505 0.293113321 0.026594460
v 0.125714284 0.294570655 0.027517522
v 0.123618213 0.280081272 0.025940364
v 0.123511334 0.281700104 0.026164236
v 0.123741423 0.293313831 0.027563421
v 0.123710898 0.294913352 0.027664360
v 0.128163164 0.287018508 0.023397753
v 0.128198487 0.288942367 0.023630254
v 0.125763533 0.281240195 0.022341141
v 0.126537589 0.282547265 0.023117961
v 0.126714830 0.284511089 0.022575717
v 0.127931004 0.285927236 0.022648085
v 0.128019941 0.289534688 0.023078205
v 0.126858738 0.291251183 0.023385080
v 0.126744134 0.293077856 0.024362436
v 0.126101394 0.294526458 0.023942612
v 0.124791202 0.280672371 0.023191962
v 0.125259687 0.282408983 0.023572305
v 0.125272547 0.284298271 0.022678874
v 0.125416239 0.291550696 0.023552625
v 0.125472938 0.293172866 0.024869107
v 0.125131090 0.294915885 0.024921274
v 0.122169730 0.280238867 0.024086431
v 0.121616040 0.282888919 0.023793159
v 0.121738111 0.283690155 0.024027841
v 0.121901934 0.291958660 0.025024008
v 0.121858423 0.293006361 0.024918657
v 0.122774911 0.295193195 0.026036998
v 0.119879563 0.280189246 0.024672886
v 0.119885978 0.282021612 0.024897486
v 0.120292653 0.283847809 0.024417900
v 0.120449600 0.291769475 0.025372278
v 0.120161769 0.293412447 0.026197201
v 0.120241058 0.295268118 0.026508251
v 0.118282911 0.280581295 0.024731951
v 0.118241971 0.282302499 0.024658117
v 0.118412760 0.293283284 0.026010007
v 0.118577262 0.294944823 0.026455037
v 0.116144081 0.280787081 0.026054312
v 0.117079240 0.282869756 0.025518609
v 0.116531742 0.284653842 0.025774760
v 0.116644939 0.290794820 0.026543085
v 0.117247363 0.292550743 0.026683560
v 0.116452267 0.294522703 0.027691899
v 0.114671034 0.281601906 0.025594559
v 0.114914474 0.293889523 0.027074931
v 0.127525185 0.287945747 0.020989152
v 0.127699663 0.288847148 0.021729659
v 0.125386630 0.281424731 0.020719135
v 0.126356726 0.282510877 0.020606678
v 0.127202985 0.284828573 0.020546092
v 0.127443847 0.286454260 0.020822776
v 0.127460417 0.289654344 0.020996291
v 0.127379825 0.291593671 0.021618996
v 0.126573940 0.293749690 0.021917287
v 0.125708480 0.294761539 0.022535177
v 0.124489640 0.280963182 0.021149663
v 0.123999161 0.282651514 0.021758415
v 0.123704863 0.285170436 0.021664068
v 0.123231304 0.285974860 0.021677351
v 0.123322022 0.290249050 0.022179412
v 0.123810207 0.290993065 0.022357089
v 0.124212456 0.293417305 0.023055444
v 0.124539455 0.295253724 0.022719553
v 0.121853274 0.280867100 0.021671187
v 0.121993949 0.282575697 0.022738401
v 0.122738254 0.284956336 0.022318652
v 0.123138567 0.286017418 0.021901468
v 0.123220441 0.290149927 0.022399342
v 0.122853820 0.291089714 0.023060557
v 0.122340341 0.293510705 0.023956940
v 0.122163569 0.295302123 0.023408221
v 0.120311809 0.280768037 0.022706492
v 0.120468375 0.282640815 0.023606099
v 0.120097895 0.283898473 0.023868669
v 0.120255602 0.291858315 0.024827648
v 0.120809366 0.293019623 0.024801804
v 0.120603410 0.295170337 0.024403233
v 0.117727299 0.280874759 0.023426417
v 0.118818631 0.282267958 0.024053128
v 0.119040114 0.293447047 0.025399949
v 0.118019392 0.294992059 0.025124436
v 0.116092724 0.281082809 0.024201272
v 0.115093988 0.281579971 0.023598449
v 0.115255912 0.294313908 0.025228674
v 0.116257546 0.294670731 0.025494568
v 0.113982347 0.282311320 0.024618534
v 0.114184720 0.293435514 0.026005272
v 0.124876891 0.281658173 0.018526820
v 0.125667540 0.283046693 0.018713187
v 0.125381638 0.285561323 0.018692486
v 0.126069111 0.286635607 0.018595494
v 0.126200308 0.290362418 0.019022029
v 0.125500222 0.291262478 0.019379115
v 0.125848849 0.293741167 0.020009464
v 0.125155483 0.295109630 0.020256324
v 0.123208118 0.281404227 0.018771974
v 0.124736031 0.283772886 0.019544024
v 0.124531132 0.285206765 0.019215856
v 0.124666606 0.291678607 0.020170156
v 0.124915389 0.292825848 0.020634694
v 0.123709780 0.295426846 0.020566391
v 0.121872817 0.281173706 0.019675326
v 0.122103837 0.295453072 0.021461204
v 0.119375778 0.281131536 0.020041095
v 0.119701189 0.295493096 0.021692351
v 0.117565137 0.281225771 0.021074189
v 0.117861373 0.295217186 0.022756044
v 0.116057580 0.281396091 0.022085646
v 0.116364461 0.294883847 0.023673266
v 0.124440213 0.281816989 0.016979365
v 0.125399654 0.282905221 0.016870603
v 0.125229684 0.285932362 0.018027714
v 0.125382048 0.286698341 0.017967781
v 0.125451160 0.290460199 0.018422386
v 0.125276153 0.291036308 0.018696252
v 0.125582312 0.294347435 0.018260388
v 0.124774602 0.295304090 0.018587064
v 0.123151650 0.281664908 0.017366730
v 0.123145943 0.282132417 0.016520476
v 0.124540118 0.286172986 0.018421832
v 0.124473778 0.286417991 0.018458413
v 0.124555175 0.290526420 0.018953383
v 0.124631201 0.290770322 0.018975707
v 0.123447259 0.295185924 0.018224025
v 0.123443564 0.295466721 0.019102359
v 0.121132990 0.281479865 0.017384365
v 0.121414711 0.295704335 0.019193221
v 0.118948055 0.281467021 0.017850094
v 0.119205390 0.295684397 0.019630987
v 0.116589439 0.281726599 0.018786527
v 0.116869909 0.295306474 0.020477252
v 0.123821010 0.282157332 0.014723752
v 0.124702511 0.283262342 0.014373179
v 0.125559759 0.285379678 0.014601257
v 0.126012196 0.288090110 0.015360153
v 0.126026054 0.290253580 0.015628060
v 0.125717384 0.292509615 0.015544856
v 0.124946532 0.294552863 0.015772833
v 0.124144067 0.295515507 0.016095648
v 0.122654331 0.281916380 0.014979313
v 0.122552519 0.282409638 0.014870194
v 0.122621601 0.295395106 0.015906414
v 0.123044056 0.295784503 0.016659569
v 0.120513407 0.281774044 0.015641006
v 0.120805365 0.295872033 0.017006796
v 0.118474384 0.281792819 0.015724983
v 0.118756046 0.295897782 0.017469505
v 0.116489557 0.282044291 0.016270837
v 0.116864991 0.295582324 0.018171282
v 0.123223779 0.282519460 0.012692225
v 0.124199641 0.283582509 0.012584003
v 0.125068587 0.285957187 0.012668522
v 0.125337568 0.288440019 0.012914921
v 0.125351352 0.290483415 0.013167422
v 0.125140240 0.292754441 0.013502680
v 0.124375572 0.294751585 0.013940815
v 0.122105156 0.282158524 0.012845110
v 0.121636120 0.282708228 0.012757474
v 0.121786607 0.295617372 0.014011653
v 0.122592372 0.296009749 0.014715512
v 0.119723004 0.282108247 0.013670122
v 0.119998206 0.296031773 0.015347164
v 0.117849779 0.282039791 0.014256044
v 0.118103211 0.296057433 0.015699284
v 0.116339800 0.282303423 0.014127367
v 0.116651734 0.295792192 0.016438622
v 0.123363395 0.283882707 0.010159448
v 0.124412400 0.285747409 0.010673307
v 0.124584791 0.288325787 0.010424955
v 0.124633727 0.290695459 0.010709972
v 0.124551815 0.292887390 0.011445365
v 0.123643805 0.294952750 0.011478226
v 0.121444588 0.282551706 0.010506268
v 0.121310336 0.283050507 0.010833796
v 0.121837412 0.295750588 0.012440422
v 0.121778687 0.296262115 0.012343506
v 0.119482626 0.282546610 0.011480925
v 0.119750981 0.296134770 0.013117699
v 0.117102091 0.282508403 0.011849114
v 0.117335138 0.296178609 0.013417469
v 0.116370713 0.282464713 0.012861252
v 0.116637652 0.296004176 0.014539421
v 0.122864333 0.284379303 0.008289670
v 0.123604548 0.286092341 0.008204472
v 0.123859746 0.288316339 0.008284975
v 0.123879728 0.290997356 0.008484717
v 0.123750349 0.293162107 0.008993730
v 0.123058771 0.295047671 0.009627434
v 0.120615174 0.282952189 0.008540669
v 0.120794174 0.283430219 0.008619046
v 0.121278626 0.295852423 0.010163458
v 0.121043463 0.296346933 0.010443622
v 0.118504060 0.283018082 0.009246660
v 0.118883942 0.283291906 0.008605581
v 0.119153340 0.296113670 0.010131797
v 0.118778308 0.296243399 0.010822581
v 0.117259232 0.282854170 0.010027033
v 0.117572670 0.296273708 0.011575880
v 0.122112026 0.284742862 0.006593551
v 0.122850907 0.286643118 0.006354096
v 0.123185453 0.288699627 0.006620806
v 0.123215807 0.291039616 0.006854044
v 0.122982566 0.293246269 0.007151109
v 0.122316268 0.295065254 0.007846849
v 0.120000255 0.283183485 0.007522375
v 0.120374878 0.283838928 0.006799766
v 0.120588889 0.295941353 0.008161915
v 0.120253717 0.296409845 0.009091139
v 0.119045754 0.283668607 0.007763566
v 0.119295855 0.295946747 0.009239318
v 0.121404600 0.285571128 0.005174187
v 0.121712280 0.287113100 0.004764431
v 0.122008343 0.289058238 0.004731893
v 0.122042698 0.291145355 0.004958633
v 0.121833925 0.293217272 0.005501494
v 0.121584487 0.294628471 0.006268025
v 0.119705384 0.284992874 0.005047577
v 0.119970163 0.286464900 0.004159997
v 0.120212753 0.294025600 0.005070035
v 0.119797994 0.295246363 0.006202429
v 0.120867749 0.289369762 0.003718169
v 0.120893163 0.291070551 0.003900331
v 0.119059761 0.287248224 0.003695868
v 0.119602797 0.289098799 0.003415264
v 0.119652202 0.291439295 0.003669340
v 0.119178225 0.293421865 0.004427891
v 0.118510437 0.287766844 0.003519806
v 0.118416702 0.289334148 0.003349042
v 0.118458849 0.291511714 0.003608523
v 0.118598622 0.292899847 0.004099287
v 0.117092808 0.282896847 0.009961620
v 0.117772726 0.283094317 0.008919211
v 0.115969618 0.282647014 0.012363986
v 0.116505732 0.282621920 0.011723302
v 0.116064382 0.282321632 0.014589861
v 0.116179195 0.282065064 0.016812675
v 0.116011378 0.281910956 0.018531960
v 0.115920049 0.281463832 0.021907020
v 0.114454602 0.285362691 0.007014281
v 0.116072287 0.285301536 0.006212202
v 0.118029703 0.285223126 0.005767111
v 0.119246652 0.285321116 0.005615508
v 0.112770093 0.285050690 0.009434995
v 0.114159917 0.284671038 0.008268916
v 0.116460961 0.283941627 0.007749173
v 0.118486111 0.283911884 0.007340659
v 0.119558391 0.284384966 0.006730775
v 0.112671946 0.284521550 0.011219059
v 0.114660514 0.283543974 0.010339246
v 0.116588612 0.283182710 0.009312429
v 0.118081291 0.283245713 0.008498692
v 0.111925957 0.284887671 0.013485578
v 0.112794486 0.284133434 0.012972125
v 0.114823443 0.283040345 0.012296254
v 0.112293598 0.284393519 0.015814338
v 0.113423926 0.283426642 0.015407276
v 0.115028192 0.282615930 0.014866147
v 0.112424915 0.284253269 0.017896181
v 0.114213963 0.282803297 0.017435990
v 0.113079270 0.283465505 0.020011159
v 0.114324336 0.282514662 0.019522032
v 0.113430274 0.283049047 0.022065675
v 0.114705105 0.282038867 0.021664858
v 0.113723462 0.282656729 0.023973381
v 0.114946944 0.281735361 0.023055913
v 0.115633411 0.287757963 0.004832447
v 0.117651154 0.287797004 0.004316175
v 0.118718815 0.288079172 0.004140366
v 0.112287377 0.287210584 0.007560398
v 0.113633891 0.286807239 0.006502801
v 0.115636331 0.286661267 0.005377135
v 0.117888955 0.286536813 0.004845703
v 0.118909274 0.286831945 0.004610133
v 0.110847232 0.287379712 0.010374212
v 0.111844746 0.286449343 0.009037781
v 0.112949615 0.285709769 0.008077955
v 0.111039450 0.286472410 0.011617037
v 0.111680624 0.285592198 0.010963446
v 0.111197126 0.286079019 0.013301344
v 0.111528983 0.285714447 0.015910652
v 0.111814079 0.285467982 0.018133571
v 0.112164860 0.285079181 0.020254729
v 0.112458949 0.284786850 0.022265973
v 0.112490234 0.285482377 0.024488240
v 0.112788056 0.284308791 0.024232255
v 0.113856879 0.289356530 0.005466857
v 0.115523537 0.289043218 0.004652357
v 0.117677082 0.289144307 0.004103530
v 0.118652967 0.289193302 0.004021228
v 0.111898934 0.289274871 0.007415331
v 0.113010970 0.289113969 0.006181254
v 0.110626456 0.288924009 0.010194404
v 0.111112368 0.288814455 0.008813612
v 0.110405360 0.288782209 0.012323319
v 0.110598599 0.288202167 0.013750477
v 0.111048219 0.287670612 0.016488194
v 0.111630526 0.287349910 0.020209284
v 0.112088767 0.287402809 0.023229979
v 0.112315563 0.286859065 0.024439173
v 0.113927153 0.291303217 0.005694762
v 0.115618412 0.291514039 0.004914443
v 0.117718254 0.291454613 0.004371183
v 0.118703266 0.291511416 0.004313122
v 0.111984094 0.291148514 0.007622459
v 0.113091041 0.291518897 0.006484703
v 0.110686583 0.290870994 0.010464222
v 0.111192484 0.291283995 0.009128612
v 0.110468720 0.290564954 0.012605319
v 0.110682887 0.290831357 0.014046971
v 0.111117591 0.290524960 0.016804755
v 0.111714815 0.289991766 0.020612398
v 0.112086577 0.289342076 0.023123372
v 0.112373469 0.289344877 0.024732342
v 0.115855237 0.292791188 0.005385012
v 0.117750597 0.292811692 0.004920739
v 0.118834187 0.292705297 0.004766045
v 0.112398525 0.292820424 0.008236275
v 0.113764715 0.293410420 0.007298356
v 0.115563211 0.293686092 0.006270553
v 0.118034874 0.293899566 0.005733480
v 0.119077918 0.293740034 0.005533967
v 0.110939656 0.292044431 0.010936220
v 0.111979005 0.293225795 0.009854211
v 0.113116411 0.294128388 0.009092235
v 0.111161304 0.292622507 0.012358002
v 0.111839418 0.293606967 0.011929070
v 0.111326289 0.292598277 0.014086789
v 0.111659852 0.292319685 0.016706455
v 0.111943890 0.292019993 0.018922960
v 0.112299604 0.291880101 0.021074107
v 0.112595421 0.291674823 0.023095839
v 0.112589073 0.290470898 0.025089256
v 0.112933685 0.291659176 0.025117833
v 0.114638788 0.294659078 0.008134315
v 0.116237645 0.294878036 0.007423774
v 0.118222323 0.294950277 0.006939740
v 0.119409730 0.294808388 0.006705841
v 0.112956372 0.294452935 0.010567780
v 0.114365433 0.295044035 0.009518662
v 0.116615553 0.295770794 0.009191895
v 0.118707393 0.295856148 0.008849301
v 0.119809327 0.295435339 0.007998723
v 0.112870571 0.294546783 0.012426903
v 0.114899908 0.295626909 0.011795005
v 0.116793950 0.296136200 0.010899737
v 0.118328449 0.296220839 0.010073315
v 0.112100204 0.293682426 0.014545173
v 0.112999921 0.294502497 0.014221396
v 0.115073164 0.295644730 0.013814835
v 0.112475899 0.293594807 0.016922917
v 0.113645014 0.294585794 0.016751738
v 0.115282242 0.295438558 0.016411023
v 0.112602797 0.293231547 0.018977886
v 0.114449238 0.294678330 0.018866703
v 0.113277455 0.293468475 0.021216322
v 0.114560981 0.294458896 0.020961078
v 0.113634777 0.293371201 0.023309292
v 0.114949954 0.294397086 0.023153786
v 0.113970135 0.293318719 0.025254825
v 0.115211678 0.294362605 0.024562173
v 0.117267412 0.296240836 0.011668769
v 0.118005936 0.296280503 0.010545217
v 0.116233495 0.295965672 0.013968625
v 0.116766599 0.296116024 0.013401063
v 0.116327216 0.295732945 0.016340645
v 0.116418188 0.295450062 0.018505737
v 0.116348964 0.295225620 0.020203847
v 0.116116864 0.294822961 0.023586877
v 0.099849318 0.259321064 0.166867957
v 0.100156670 0.259984881 0.165050760
v 0.100583789 0.260468155 0.160977349
v 0.100766000 0.260796875 0.158218831
v 0.100906578 0.261280835 0.154178441
v 0.100950074 0.261673152 0.150914907
v 0.100971800 0.262246788 0.146149963
v 0.100993474 0.262630016 0.142965198
v 0.101044801 0.263143092 0.138516307
v 0.101088976 0.263498425 0.135741293
v 0.101145250 0.263853043 0.132788524
v 0.101286714 0.264345884 0.128674284
v 0.101536689 0.264596105 0.124208935
v 0.099544649 0.257548094 0.167282254
v 0.099881140 0.257492840 0.164116621
v 0.100145091 0.257154137 0.160284266
v 0.100286071 0.257034183 0.157415196
v 0.100429741 0.257152408 0.153616041
v 0.100548488 0.257736564 0.149871200
v 0.100673069 0.258915186 0.146203682
v 0.100767610 0.259875894 0.142201617
v 0.100749781 0.259968698 0.131182507
v 0.100959045 0.261310697 0.127590671
v 0.101262902 0.262603611 0.124452442
v 0.099150595 0.252995580 0.166975975
v 0.099501242 0.253736138 0.163655579
v 0.099861545 0.254652411 0.159976497
v 0.100030144 0.254551589 0.157110393
v 0.100217511 0.254682988 0.153313637
v 0.100370941 0.255247563 0.149566963
v 0.100503218 0.256355971 0.145890951
v 0.100509373 0.255894095 0.142348856
v 0.100490672 0.256255597 0.137335554
v 0.100560640 0.257846475 0.133749053
v 0.100410638 0.256185144 0.129776716
v 0.100534176 0.256991655 0.127057388
v 0.100807768 0.258466333 0.124159247
v 0.099441883 0.249244243 0.166537106
v 0.099477803 0.250163138 0.163228452
v 0.099730660 0.250485629 0.159475043
v 0.099879925 0.250980079 0.156869754
v 0.100116787 0.251098424 0.152881458
v 0.100281959 0.251546085 0.149120569
v 0.100378458 0.252393365 0.145412102
v 0.100374577 0.252095103 0.141573608
v 0.100330812 0.252765089 0.136913732
v 0.100307998 0.253969580 0.133277699
v 0.100313653 0.254391938 0.130814612
v 0.100407933 0.254127413 0.126395851
v 0.100576875 0.254417479 0.123665161
v 0.100648512 0.245918632 0.165672958
v 0.100467567 0.246177927 0.162407339
v 0.100313311 0.246717185 0.159045011
v 0.100416151 0.247146711 0.155284733
v 0.100385395 0.247939348 0.152321562
v 0.100558167 0.247980282 0.148703262
v 0.100590554 0.248466492 0.144949943
v 0.100493510 0.249467254 0.141074479
v 0.100452137 0.249351948 0.136511475
v 0.100402621 0.249723032 0.132774889
v 0.100363609 0.250720710 0.129498735
v 0.100480800 0.250840396 0.126317352
v 0.100683850 0.251145482 0.123223208
v 0.101618421 0.244166732 0.161638200
v 0.101421368 0.244385526 0.158805281
v 0.101587270 0.244237512 0.154977888
v 0.101496195 0.244689122 0.151207194
v 0.101454985 0.245024234 0.147903949
v 0.101447654 0.245238528 0.144118667
v 0.101520104 0.245155707 0.139837340
v 0.101215710 0.246034861 0.136143222
v 0.101229903 0.246165320 0.132379949
v 0.101213378 0.246714637 0.128673285
v 0.101225731 0.247534335 0.125320300
v 0.101581161 0.247513428 0.122740716
v 0.102368203 0.243654028 0.139687970
v 0.102502917 0.243700683 0.135910079
v 0.102466700 0.244074941 0.132174060
v 0.102498536 0.244546205 0.128459647
v 0.102638860 0.245118573 0.124767661
v 0.102842611 0.245438516 0.122537330
v 0.105147337 0.263292640 0.128034770
v 0.105701578 0.263593554 0.125445858
v 0.105107975 0.261307389 0.127795607
v 0.105662224 0.261608273 0.125206679
v 0.103560303 0.242898077 0.165313646
v 0.103438621 0.242521793 0.161642238
v 0.103241255 0.242425337 0.158635989
v 0.102942278 0.242567107 0.154826507
v 0.102685032 0.242876247 0.151032612
v 0.102779088 0.242894441 0.147219032
v 0.104823333 0.247442693 0.125856414
v 0.105416720 0.247646779 0.123495713
v 0.105098602 0.241093144 0.158543363
v 0.104727601 0.241129667 0.154718652
v 0.104408202 0.241345927 0.150911227
v 0.104537514 0.241329998 0.147094578
v 0.104168405 0.241815940 0.143330142
v 0.104022761 0.242122367 0.139563322
v 0.104572822 0.241974235 0.136317581
v 0.104634819 0.242359027 0.132585138
v 0.104740222 0.242845461 0.128874406
v 0.104914454 0.243432671 0.125185117
v 0.105165680 0.243918344 0.122432515
v 0.108899814 0.263865441 0.128237560
v 0.109508638 0.264139503 0.125644580
v 0.109509681 0.260929555 0.127907753
v 0.109875475 0.261222035 0.125628948
v 0.109258440 0.248882115 0.126139954
v 0.109570910 0.249097794 0.124298237
v 0.107435887 0.241051912 0.165841818
v 0.106101927 0.240996063 0.162368834
v 0.108571348 0.246646628 0.125874519
v 0.109175307 0.247107446 0.123451002
v 0.107853991 0.240313366 0.162350073
v 0.107364600 0.240043253 0.158499241
v 0.107515571 0.239695624 0.154647231
v 0.107695070 0.239502773 0.150808483
v 0.107247104 0.239723504 0.146999121
v 0.107400973 0.239844859 0.143209279
v 0.106921745 0.240362316 0.139455467
v 0.107050789 0.240733400 0.135715947
v 0.107192745 0.241214156 0.131999180
v 0.107989219 0.241597548 0.128302246
v 0.108962623 0.243212253 0.125040054
v 0.109155593 0.243972927 0.122873783
v 0.109131676 0.238961190 0.146975234
v 0.109297131 0.239103362 0.143188119
v 0.108797376 0.239631325 0.139434680
v 0.108934385 0.240058079 0.135702059
v 0.109078487 0.240599170 0.131992638
v 0.109869977 0.241064370 0.128305525
v 0.111942184 0.264657557 0.124646172
v 0.112700095 0.264640361 0.123131171
v 0.113543761 0.264815718 0.114010833
v 0.113829312 0.265659004 0.111145139
v 0.114720379 0.265981197 0.108324140
v 0.111978379 0.261382610 0.124346226
v 0.112703693 0.261494815 0.122490503
v 0.113535886 0.264418662 0.113963000
v 0.113593084 0.263747364 0.110849865
v 0.114589033 0.263037622 0.108110547
v 0.111835634 0.249194652 0.123121709
v 0.112563563 0.249450386 0.120879158
v 0.112983038 0.250836998 0.109300472
v 0.114206297 0.251095444 0.106953889
v 0.109301229 0.240454480 0.165836975
v 0.111447026 0.247889996 0.122480318
v 0.112366629 0.248473749 0.120756164
v 0.112811719 0.249256968 0.109064259
v 0.114394729 0.249553189 0.106344998
v 0.111084935 0.239929497 0.165227577
v 0.111418133 0.239288047 0.161880821
v 0.111239483 0.238869995 0.158498079
v 0.111785521 0.238431588 0.155126587
v 0.111623426 0.244565398 0.122230522
v 0.112536830 0.243092328 0.119348198
v 0.113903162 0.242954060 0.116911128
v 0.113695768 0.246770501 0.109070472
v 0.110981342 0.238394931 0.150793657
v 0.111184989 0.238357693 0.146976411
v 0.111342375 0.238519222 0.143191174
v 0.111460154 0.238860130 0.139437214
v 0.111557295 0.239350274 0.135710686
v 0.112314929 0.239843369 0.132017404
v 0.112406877 0.240554407 0.128335014
v 0.112538350 0.241329357 0.124669254
v 0.113925462 0.241955966 0.121037878
v 0.116904524 0.266043454 0.107865974
v 0.116870587 0.264153928 0.107359499
v 0.116427426 0.251226783 0.105498224
v 0.115060729 0.247086003 0.115183420
v 0.116666746 0.247455150 0.111855000
v 0.117852581 0.247622743 0.109989263
v 0.116738749 0.249673545 0.104960263
v 0.114666452 0.239452943 0.165908873
v 0.115271402 0.238581777 0.161459908
v 0.115508516 0.238140792 0.158563897
v 0.115674545 0.237902284 0.156634673
v 0.116525476 0.242608741 0.117461242
v 0.114750628 0.243279263 0.115243234
v 0.116523196 0.243929595 0.112121440
v 0.117670623 0.244462401 0.109776817
v 0.116364841 0.247089922 0.105979934
v 0.115091917 0.237806186 0.154692948
v 0.114972730 0.237651676 0.151325539
v 0.114800495 0.237644598 0.147974998
v 0.114949976 0.237782001 0.144183546
v 0.115388860 0.238135323 0.139964983
v 0.115382624 0.238673866 0.136239141
v 0.115685542 0.239387691 0.132082835
v 0.115660978 0.240153700 0.128403157
v 0.116328714 0.240917861 0.124755986
v 0.116397997 0.241752565 0.121103100
v 0.120758173 0.266026020 0.107450359
v 0.120702614 0.264197320 0.106909029
v 0.120162425 0.251215279 0.104979135
v 0.118600165 0.247368842 0.109133460
v 0.120454711 0.249519169 0.104710408
v 0.117727508 0.239165261 0.165983886
v 0.118152713 0.238325983 0.161532223
v 0.118460757 0.237885669 0.158638850
v 0.119045098 0.242549405 0.117546707
v 0.119161454 0.243413791 0.113912143
v 0.119991657 0.245635569 0.108095467
v 0.120432881 0.247066796 0.105502531
v 0.118768794 0.237555072 0.155749068
v 0.119139214 0.237277508 0.151907712
v 0.119412904 0.237216175 0.148088679
v 0.119540741 0.237390220 0.144300625
v 0.119527814 0.237783015 0.140544921
v 0.118913715 0.238416776 0.136491790
v 0.118505006 0.239247859 0.132166401
v 0.119079654 0.240033865 0.128510758
v 0.118994189 0.240861624 0.124844968
v 0.118985859 0.241699532 0.121190645
v 0.124271740 0.265361667 0.110222578
v 0.123410535 0.265767395 0.108668782
v 0.124343422 0.264654726 0.110225253
v 0.123452325 0.264883488 0.108472936
v 0.123475899 0.248376578 0.106255092
v 0.121566651 0.238864779 0.165322125
v 0.121025209 0.238207594 0.161620304
v 0.121401374 0.237782538 0.158731177
v 0.124700454 0.241996557 0.121432103
v 0.123181556 0.242716670 0.117717147
v 0.123181713 0.243548259 0.114075623
v 0.123201658 0.245342955 0.107232064
v 0.122798641 0.246869668 0.106749512
v 0.121767794 0.237471655 0.155845940
v 0.122199585 0.237224102 0.152010575
v 0.122510781 0.237194583 0.148196846
v 0.122648154 0.237399355 0.144412816
v 0.122618062 0.237819836 0.140659675
v 0.122471926 0.238411069 0.136933491
v 0.122207870 0.239317656 0.132306665
v 0.121995648 0.240125269 0.128625795
v 0.121840430 0.240954503 0.124958210
v 0.121761327 0.241785765 0.121301375
v 0.128682931 0.264913857 0.115178600
v 0.128607777 0.263996869 0.114984021
v 0.129159776 0.263303995 0.109076865
v 0.128872384 0.250720412 0.107653625
v 0.128906977 0.249594301 0.107378840
v 0.124937651 0.238998875 0.165840074
v 0.125181985 0.238301486 0.161779076
v 0.125646156 0.237930819 0.158899516
v 0.125259270 0.237674981 0.156948820
v 0.127849919 0.241526797 0.125241518
v 0.127658402 0.242315590 0.121575370
v 0.127498542 0.243105307 0.117917188
v 0.127363254 0.243899122 0.114265978
v 0.127248434 0.245434389 0.107420295
v 0.125537803 0.237532794 0.155032679
v 0.125906606 0.237421826 0.152166307
v 0.126278875 0.237451211 0.148362204
v 0.126204548 0.237639576 0.144886181
v 0.125702676 0.238052562 0.140797958
v 0.125560810 0.238655448 0.137073264
v 0.125281436 0.239564002 0.132446036
v 0.126559411 0.240550593 0.128839955
v 0.124839251 0.241181910 0.125092775
v 0.131995847 0.263559997 0.128714576
v 0.131760036 0.263467461 0.126385733
v 0.130754893 0.264804691 0.121723078
v 0.130026986 0.265094459 0.118590899
v 0.129315888 0.264868289 0.116299212
v 0.131763850 0.261070311 0.128304005
v 0.131742318 0.262574106 0.126278102
v 0.131513734 0.261083812 0.123044059
v 0.130415951 0.262579769 0.117773540
v 0.130187442 0.262401789 0.116396539
v 0.130204593 0.263091385 0.110268876
v 0.129685571 0.263410687 0.109386951
v 0.131762122 0.248380795 0.126598418
v 0.131033306 0.248693272 0.124124594
v 0.132048194 0.248956099 0.121776000
v 0.130143722 0.249682397 0.116060585
v 0.129838620 0.249829918 0.114886276
v 0.129826677 0.250574827 0.108705200
v 0.129264598 0.250687093 0.107865848
v 0.131751304 0.247834846 0.126532659
v 0.131612991 0.246643797 0.123898409
v 0.131981780 0.248382956 0.121945038
v 0.130255942 0.248545751 0.115860403
v 0.129965362 0.248686254 0.114742018
v 0.130011429 0.249418646 0.108655125
v 0.129452859 0.249543175 0.107713349
v 0.128552024 0.239326715 0.165735796
v 0.129086186 0.238755584 0.161972165
v 0.128990759 0.238330334 0.159066007
v 0.128822048 0.238036767 0.156164125
v 0.130250623 0.238119811 0.152723014
v 0.131172155 0.240491465 0.132768854
v 0.130913829 0.241219744 0.129076198
v 0.131736626 0.244347125 0.126217425
v 0.130969380 0.244307265 0.123251632
v 0.131993552 0.244956553 0.121116467
v 0.131029029 0.244471401 0.114458725
v 0.130797823 0.245966464 0.107908227
v 0.128540528 0.237759501 0.151981995
v 0.129147542 0.237883314 0.148516402
v 0.129376193 0.238163456 0.144745231
v 0.129174125 0.238615140 0.140673548
v 0.130002667 0.239394799 0.137132138
v 0.129056898 0.240085840 0.132644087
v 0.133170893 0.263162076 0.128688380
v 0.134273772 0.263783216 0.124945022
v 0.134761651 0.265272766 0.111197233
v 0.133153190 0.262268722 0.128580749
v 0.134996896 0.261771202 0.125379115
v 0.132957538 0.261235148 0.121901274
v 0.134583552 0.262220621 0.114402533
v 0.134690364 0.264102072 0.112516955
v 0.132459154 0.249091700 0.120582715
v 0.134326314 0.250067413 0.113434590
v 0.132824679 0.240548730 0.166180670
v 0.132692997 0.245434314 0.126232341
v 0.133577232 0.246305212 0.122950979
v 0.132868891 0.247732699 0.120676920
v 0.135198866 0.247830093 0.113198318
v 0.134633889 0.247167557 0.110696763
v 0.131489118 0.239817291 0.165027007
v 0.132611428 0.239711836 0.162213087
v 0.132608478 0.239323542 0.159314424
v 0.132580896 0.239002779 0.156413898
v 0.133202796 0.239013329 0.152616933
v 0.133083080 0.238942325 0.148783818
v 0.133348067 0.239245400 0.145017147
v 0.133407449 0.239792824 0.140334114
v 0.133845885 0.240544707 0.136651114
v 0.133603980 0.241146728 0.132935032
v 0.133797799 0.241966829 0.129269212
v 0.133981009 0.242777288 0.125609189
v 0.134024163 0.243617535 0.121954106
v 0.132278343 0.244808584 0.120403387
v 0.134833877 0.244895205 0.118383437
v 0.134107758 0.245454192 0.114678845
v 0.133386378 0.246359751 0.109999329
v 0.131186252 0.238342598 0.148644224
v 0.131442343 0.238639757 0.144876331
v 0.131500770 0.239217490 0.140196592
v 0.139536594 0.265077651 0.116306446
v 0.138246005 0.265163481 0.111363314
v 0.136464690 0.261355937 0.128922731
v 0.139519085 0.259941190 0.124115802
v 0.139353563 0.261337489 0.121280231
v 0.138149639 0.262276322 0.114896141
v 0.138154958 0.264058411 0.112535074
v 0.139189904 0.257761091 0.124779940
v 0.138489296 0.258199871 0.121062160
v 0.137376552 0.258549750 0.115343451
v 0.139254843 0.253959924 0.127139211
v 0.138768961 0.254876971 0.124417394
v 0.138067340 0.255368292 0.120703831
v 0.136955087 0.255531728 0.114790261
v 0.137511064 0.243829697 0.166742370
v 0.138982345 0.249808609 0.127257615
v 0.138379564 0.250488162 0.123873241
v 0.137790431 0.249829918 0.120957069
v 0.137475466 0.250178665 0.119112618
v 0.136657019 0.251388878 0.114278823
v 0.135765945 0.242178187 0.166336372
v 0.136260231 0.241820753 0.162704900
v 0.137066086 0.241872922 0.159783095
v 0.137189542 0.241526589 0.156883866
v 0.138068830 0.241987035 0.154104963
v 0.138603603 0.244252205 0.133486003
v 0.138545831 0.245584920 0.129872441
v 0.137756189 0.246285051 0.126581997
v 0.137194161 0.246704042 0.123465419
v 0.136639868 0.246817529 0.118677042
v 0.136370783 0.248986110 0.114088126
v 0.135296454 0.240527466 0.159556195
v 0.135333528 0.240227059 0.156659976
v 0.136430909 0.240642816 0.152928323
v 0.136367236 0.240551591 0.149094120
v 0.136590188 0.240828946 0.145322695
v 0.136972089 0.241558284 0.140673175
v 0.137175684 0.242189094 0.136967480
v 0.136802678 0.242601782 0.133224234
v 0.136724343 0.243286997 0.129532263
v 0.136250471 0.243821949 0.125815049
v 0.136233275 0.244771034 0.122169860
v 0.142566239 0.262665898 0.135826856
v 0.142229294 0.262736827 0.133563355
v 0.141698216 0.263085365 0.129660755
v 0.141161044 0.263992041 0.125050366
v 0.140584682 0.264414310 0.121640183
v 0.140061562 0.264759362 0.118861996
v 0.142385070 0.259121925 0.139174372
v 0.141870474 0.260094345 0.135494620
v 0.141234522 0.260472149 0.131749421
v 0.140756448 0.260786831 0.128762543
v 0.140295019 0.261428237 0.125444874
v 0.140145470 0.262726158 0.122595280
v 0.141285052 0.250913233 0.167474344
v 0.141605442 0.251089960 0.164859533
v 0.142457699 0.255094677 0.142484769
v 0.141738271 0.254662067 0.138618425
v 0.141301845 0.257232368 0.135131493
v 0.140568306 0.257656574 0.131388292
v 0.139952500 0.257594377 0.128539488
v 0.140400057 0.248701841 0.167430595
v 0.140745779 0.248665407 0.164536938
v 0.141268452 0.248937488 0.160789177
v 0.141725992 0.249238715 0.157023400
v 0.141962563 0.249452606 0.154187590
v 0.142107417 0.249641150 0.150389642
v 0.141995524 0.249648169 0.146570370
v 0.142153938 0.252225667 0.143080801
v 0.141531800 0.251872063 0.139224887
v 0.140831058 0.252427906 0.135170683
v 0.140065719 0.253968507 0.130929217
v 0.139651586 0.253924549 0.129028186
v 0.138588374 0.245240912 0.166848913
v 0.139176910 0.245178923 0.163301095
v 0.139784117 0.245457426 0.160315573
v 0.140419443 0.246056244 0.157357007
v 0.141041239 0.246702731 0.153632492
v 0.141330292 0.247108087 0.150058135
v 0.141229157 0.246936858 0.146409184
v 0.141310443 0.248275310 0.142389193
v 0.140821730 0.248391256 0.138311177
v 0.140291025 0.248678833 0.134704262
v 0.139723201 0.249717087 0.131036773
v 0.139397909 0.251243412 0.128697917
v 0.138234933 0.243466198 0.161921456
v 0.138576453 0.243480071 0.160032585
v 0.138926377 0.243410841 0.156983539
v 0.139368703 0.243521795 0.153244138
v 0.139551018 0.243529215 0.149565205
v 0.139646893 0.243707255 0.145776093
v 0.140137439 0.244998366 0.141829595
v 0.139516954 0.244817480 0.137364954
v 0.139513974 0.246112198 0.133740708
v 0.139470358 0.246988118 0.131957665
v 0.143132945 0.258281440 0.168285713
v 0.143363108 0.258877754 0.166318849
v 0.143718501 0.259469330 0.162170708
v 0.143972536 0.259904683 0.158515051
v 0.144117748 0.260350943 0.154787064
v 0.144133662 0.260669053 0.152143925
v 0.143920143 0.261186212 0.147794351
v 0.143532355 0.261222422 0.144380033
v 0.143096556 0.261999130 0.140380710
v 0.142778535 0.256769389 0.168939024
v 0.142892410 0.256203920 0.165518925
v 0.143291985 0.256903678 0.161818713
v 0.143621703 0.257589906 0.158094153
v 0.143770893 0.258017749 0.155280128
v 0.143792321 0.258392245 0.151498601
v 0.143033181 0.258198708 0.143825755
v 0.141926413 0.253109276 0.168013439
v 0.142230501 0.252947211 0.163840801
v 0.142412652 0.252864391 0.161302760
v 0.142703672 0.253251791 0.158496529
v 0.142975052 0.253697693 0.154733643
v 0.143138309 0.254448920 0.151321366
v 0.143095140 0.255451411 0.147303849
v 0.142756571 0.255276233 0.144416049
v 0.142116894 0.250582665 0.157199144
v 0.142754321 0.252511770 0.149801031
v 0.142586176 0.252465636 0.146928474
v 0.126877030 0.250225127 0.118877627
v 0.127079313 0.260427654 0.120106764
v 0.125552339 0.250157148 0.119453184
v 0.125755598 0.260408729 0.120688230
v 0.121450712 0.250248879 0.121011287
v 0.120921266 0.252007663 0.120979406
v 0.121026498 0.258420706 0.121755272
v 0.121645597 0.260113776 0.122196972
v 0.118143951 0.250104874 0.120366484
v 0.118350697 0.260532081 0.121622697
v 0.113819269 0.250619203 0.119689681
v 0.114012447 0.260362536 0.120863497
v 0.111890947 0.250494301 0.119230621
v 0.112092664 0.260668099 0.120456301
v 0.128027079 0.250492156 0.116610043
v 0.128228714 0.260661870 0.117835224
v 0.123913583 0.250319779 0.116170332
v 0.124127214 0.261094302 0.117468379
v 0.121259508 0.250201344 0.117418259
v 0.121473943 0.261016667 0.118721224
v 0.117290591 0.250253886 0.117617212
v 0.117505116 0.261073530 0.118920691
v 0.114572574 0.250477731 0.116206296
v 0.114787099 0.261297405 0.117509782
v 0.110651699 0.250746727 0.117254823
v 0.110853811 0.260940582 0.118482918
v 0.129557741 0.250684887 0.112950385
v 0.129189600 0.254409105 0.113080718
v 0.129282651 0.257539421 0.113610506
v 0.129767885 0.261283815 0.114227280
v 0.125212331 0.250601262 0.113429919
v 0.125426849 0.261420935 0.114733405
v 0.112873373 0.250816852 0.113671057
v 0.113087890 0.261636525 0.114974543
v 0.108964761 0.250718117 0.113931850
v 0.110176173 0.254836708 0.113695554
v 0.110215929 0.257791638 0.114003576
v 0.109184940 0.261823148 0.115269721
v 0.108325628 0.251266062 0.113007821
v 0.108385597 0.254677653 0.113866188
v 0.108429206 0.258194894 0.114136711
v 0.108529237 0.261535645 0.114245035
v 0.129452099 0.251104534 0.109322488
v 0.129090232 0.254770458 0.109977365
v 0.129172837 0.258017272 0.110369459
v 0.129663010 0.261741936 0.110604018
v 0.125389767 0.251038462 0.109771654
v 0.125604284 0.261858135 0.111075141
v 0.112562818 0.251258671 0.110054910
v 0.112777335 0.262078315 0.111358389
v 0.108863992 0.251245081 0.109182283
v 0.110083719 0.255087584 0.110590480
v 0.110143994 0.258245587 0.110971563
v 0.109086019 0.262443215 0.110531367
v 0.108295155 0.251689643 0.109659143
v 0.108294916 0.255087882 0.110280305
v 0.108353500 0.258604735 0.110799797
v 0.108498004 0.261920720 0.110891722
v 0.128021454 0.251672149 0.105050229
v 0.128231404 0.262262881 0.106324546
v 0.124019456 0.251397729 0.107015200
v 0.124233981 0.262217373 0.108318686
v 0.122523760 0.251599938 0.105582848
v 0.122738277 0.262419581 0.106886335
v 0.114512702 0.251646250 0.106516898
v 0.114727219 0.262465894 0.107820384
v 0.109781307 0.251904815 0.105806425
v 0.109992732 0.262568444 0.107091114
v 0.127875080 0.252128005 0.103110686
v 0.127405343 0.255159676 0.102052696
v 0.127562051 0.259506792 0.102574103
v 0.128076461 0.262284338 0.104334727
v 0.124645260 0.255348593 0.102135010
v 0.124728677 0.259516686 0.102637134
v 0.122403142 0.252452880 0.103055745
v 0.122569171 0.255030602 0.102232940
v 0.122666453 0.259883463 0.102809086
v 0.122596321 0.262196392 0.104229584
v 0.115249624 0.252413750 0.103399605
v 0.115280499 0.255747676 0.102430008
v 0.115353410 0.259425223 0.102873057
v 0.115448256 0.262432218 0.104606569
v 0.110144091 0.252625197 0.103571400
v 0.110164230 0.255704880 0.102744408
v 0.110199941 0.259373873 0.103126563
v 0.110333500 0.262375444 0.104741909
v 0.121159156 0.259444714 0.101915419
v 0.117474836 0.259523243 0.102017000
v 0.121065919 0.255720317 0.101441041
v 0.117412654 0.255782276 0.101514541
v 0.127651249 0.265671670 0.100116625
v 0.124997218 0.266670346 0.100194514
v 0.121085559 0.266273588 0.100635901
v 0.117480797 0.266047686 0.100617588
v 0.114133385 0.265856892 0.100367315
v 0.111928863 0.265356898 0.099902660
v 0.129001518 0.263279319 0.099918686
v 0.125399840 0.263383150 0.100131162
v 0.120905732 0.263281733 0.101123907
v 0.117830587 0.263296574 0.101134233
v 0.113332172 0.263493925 0.100496769
v 0.109976967 0.263503700 0.100344725
v 0.108337407 0.262040198 0.099816516
v 0.128577252 0.259737462 0.099562638
v 0.125630771 0.259094268 0.100046106
v 0.121350904 0.259888679 0.100280963
v 0.117187691 0.259943753 0.100432627
v 0.112835576 0.259768158 0.100560933
v 0.110409093 0.259782732 0.100372568
v 0.108122391 0.259912521 0.099483021
v 0.128498537 0.255682737 0.099250026
v 0.125605983 0.256322831 0.099716090
v 0.121274983 0.255691051 0.099759273
v 0.117089165 0.255739242 0.099964045
v 0.112831210 0.256059021 0.100059263
v 0.110099797 0.255723357 0.099925905
v 0.108079833 0.255687743 0.099189915
v 0.128629816 0.252313405 0.098418772
v 0.125178126 0.252182007 0.098756142
v 0.120657680 0.251776427 0.099652939
v 0.117509832 0.251902670 0.099704154
v 0.113152285 0.252423674 0.099160835
v 0.109847193 0.252587676 0.099095143
v 0.108200629 0.254173130 0.098737203
v 0.127338139 0.249880776 0.098196998
v 0.124779758 0.249006733 0.098080792
v 0.120820371 0.249352291 0.098560005
v 0.117144828 0.249857336 0.098839156
v 0.113799145 0.250227898 0.098610297
v 0.111645584 0.250849068 0.098194830
v 0.126912122 0.266027123 0.096248440
v 0.129471821 0.262643844 0.097155735
v 0.122045000 0.263213575 0.097711809
v 0.116482352 0.263306618 0.097854704
v 0.129807030 0.260152161 0.096177898
v 0.123656754 0.260874629 0.097390786
v 0.122580391 0.261442989 0.097484998
v 0.115877141 0.261555105 0.097657189
v 0.114778963 0.261023134 0.097618841
v 0.108636757 0.258566618 0.095704883
v 0.107917619 0.258687884 0.094810076
v 0.129739654 0.255412579 0.095930763
v 0.123546605 0.255317986 0.096721359
v 0.122448427 0.254786015 0.096683003
v 0.115745177 0.254898161 0.096855201
v 0.114668814 0.255466521 0.096949413
v 0.108708409 0.256249189 0.094619900
v 0.129218628 0.253453165 0.095613196
v 0.121843216 0.253034502 0.096485496
v 0.116280568 0.253127575 0.096628390
v 0.112457533 0.251392245 0.096544787
v 0.109788646 0.253615439 0.094594456
v 0.126499963 0.250164717 0.094756767
v 0.119203461 0.249390170 0.094341621
v 0.114346382 0.250772595 0.096178889
v 0.127345872 0.266759545 0.092039593
v 0.125037280 0.267470360 0.093937382
v 0.119964657 0.267720431 0.093686737
v 0.117207703 0.267527074 0.093203202
v 0.114098896 0.266964108 0.093244731
v 0.111528625 0.265980333 0.093850814
v 0.129204136 0.263844699 0.091497138
v 0.109314253 0.264162600 0.094276682
v 0.108264406 0.262452215 0.094390005
v 0.129322310 0.260310590 0.091544114
v 0.108606120 0.258981228 0.092264079
v 0.108005879 0.260099500 0.093689278
v 0.129284059 0.256811857 0.091164917
v 0.108750773 0.256608456 0.091493011
v 0.107984317 0.256671071 0.093852036
v 0.129002658 0.253629565 0.090340085
v 0.112449338 0.251798689 0.092825256
v 0.109767308 0.253420174 0.092138551
v 0.108119053 0.255119920 0.093506649
v 0.127029334 0.250753611 0.090111226
v 0.124685039 0.249701440 0.091796629
v 0.119557855 0.249923304 0.092088021
v 0.116919731 0.250397384 0.091653109
v 0.114015994 0.250982016 0.091743462
v 0.126573381 0.267586112 0.090070531
v 0.124513951 0.267782360 0.089123376
v 0.121067059 0.267736137 0.089355059
v 0.118511786 0.266876191 0.089404553
v 0.111635004 0.266761452 0.088043764
v 0.129750711 0.262682140 0.089890592
v 0.109370154 0.264649391 0.088826381
v 0.129599412 0.260829538 0.089140721
v 0.108552982 0.260448188 0.089099847
v 0.108028871 0.260176271 0.088840365
v 0.129561861 0.256320238 0.088855349
v 0.108732288 0.256804287 0.088457868
v 0.108014395 0.258123249 0.088807672
v 0.129581084 0.255140305 0.088882267
v 0.111693454 0.252914160 0.086344399
v 0.109618110 0.254208565 0.087718077
v 0.126163599 0.250667542 0.086374663
v 0.124506240 0.250367165 0.086964786
v 0.119640631 0.250305474 0.087152675
v 0.111348574 0.252312243 0.086303011
v 0.119342600 0.268389076 0.087108739
v 0.116890890 0.268195987 0.086974561
v 0.113822405 0.267667502 0.087132275
v 0.129461144 0.263681024 0.083671078
v 0.112190073 0.264747560 0.086371906
v 0.111772073 0.264655948 0.087201059
v 0.129181144 0.261098027 0.083768226
v 0.108342928 0.260865211 0.084225841
v 0.129181710 0.257994503 0.084626630
v 0.108421882 0.258464813 0.084170580
v 0.129393277 0.255547553 0.084395066
v 0.112505895 0.252570122 0.085863382
v 0.109297861 0.255954683 0.085149892
v 0.119024803 0.251005977 0.085004292
v 0.116577876 0.251283556 0.084918499
v 0.113730502 0.251818359 0.085141487
v 0.127007348 0.267749548 0.083570480
v 0.125962858 0.267841548 0.082218044
v 0.111809899 0.267497003 0.082512841
v 0.128749465 0.265041918 0.083299041
v 0.112987963 0.265203059 0.082459673
v 0.109771160 0.265384465 0.082661048
v 0.129040782 0.261667162 0.081741810
v 0.108752971 0.261472583 0.081315704
v 0.128962529 0.257577240 0.081312634
v 0.108826940 0.258799165 0.080955833
v 0.128540431 0.254438311 0.082028441
v 0.112277267 0.253441989 0.079588227
v 0.109637243 0.255022228 0.081406496
v 0.126846884 0.251887828 0.081915967
v 0.125650545 0.252087295 0.080319732
v 0.118964453 0.251910478 0.080995090
v 0.111520630 0.252904564 0.080754831
v 0.126125355 0.268876821 0.078845665
v 0.124454026 0.269131094 0.079529561
v 0.120503184 0.269244641 0.079709649
v 0.112582524 0.268241078 0.079098336
v 0.129118581 0.264325887 0.076875076
v 0.113852744 0.266321629 0.078233704
v 0.110300486 0.265816659 0.078897953
v 0.109071662 0.262501568 0.078586698
v 0.109085498 0.258425981 0.078259051
v 0.111780089 0.254439533 0.076013625
v 0.110230801 0.255294889 0.077773795
v 0.125808899 0.251806319 0.077376083
v 0.123937679 0.251535952 0.077416889
v 0.119519790 0.251860529 0.077749327
v 0.116626126 0.252511770 0.078062475
v 0.112720003 0.252909482 0.077231482
v 0.126741757 0.268666714 0.076173283
v 0.123756443 0.269794166 0.074488468
v 0.120095951 0.269539177 0.074703343
v 0.116475237 0.269500673 0.075252019
v 0.113576663 0.268846780 0.075451024
v 0.128413667 0.265916348 0.075155698
v 0.112671149 0.266568840 0.074862979
v 0.110757862 0.266874731 0.076287672
v 0.128663984 0.262533039 0.073925808
v 0.112069485 0.263297588 0.074147642
v 0.128544082 0.258688241 0.073626727
v 0.112070535 0.257826507 0.073279373
v 0.128217873 0.255410522 0.074050240
v 0.115713094 0.257459909 0.072696507
v 0.112295848 0.255470246 0.074267291
v 0.110522111 0.255052269 0.074864171
v 0.126425465 0.252691418 0.074248515
v 0.123483320 0.252113611 0.072357550
v 0.120100190 0.252280325 0.072978631
v 0.116250512 0.252573848 0.073130041
v 0.113281970 0.253247976 0.073501416
v 0.126698037 0.269404233 0.070714809
v 0.123766382 0.269567072 0.071444593
v 0.120627572 0.269409001 0.072621062
v 0.116777835 0.269394666 0.072492070
v 0.114419987 0.269313127 0.071926586
v 0.128712972 0.265356988 0.069631949
v 0.123962176 0.268453628 0.070814908
v 0.116211739 0.268132776 0.073019661
v 0.113391598 0.267682880 0.072015874
v 0.127998729 0.263577908 0.070269369
v 0.128542294 0.258048892 0.068647116
v 0.112932448 0.258162260 0.070262246
v 0.128583317 0.257325202 0.069184721
v 0.123182503 0.254393339 0.069117382
v 0.120301169 0.254664451 0.069975063
v 0.116141063 0.255604208 0.071111768
v 0.113562179 0.257187724 0.070579834
v 0.126405914 0.253281176 0.068831049
v 0.123450075 0.253098696 0.069434904
v 0.120367256 0.253174394 0.070590407
v 0.116452319 0.253235132 0.070762172
v 0.114091140 0.253500938 0.070192985
v 0.126733427 0.269332290 0.068033129
v 0.124712152 0.269685030 0.068513684
v 0.113029768 0.269815832 0.068547703
v 0.128076275 0.267240375 0.067854382
v 0.125360516 0.268398464 0.068239480
v 0.111759571 0.268988371 0.068384171
v 0.128078316 0.264004678 0.067283370
v 0.125494626 0.264331520 0.067566901
v 0.128165369 0.259462684 0.066678770
v 0.127645475 0.255821913 0.066691443
v 0.124619310 0.254880726 0.066014312
v 0.121848923 0.255082995 0.068002336
v 0.112725210 0.255152345 0.066676609
v 0.126456422 0.253930360 0.066382118
v 0.124462855 0.253668457 0.066547871
v 0.112590646 0.253885955 0.066719718
v 0.126699341 0.269565821 0.066027097
v 0.124521208 0.269965976 0.064917110
v 0.118580026 0.270659566 0.066351511
v 0.112764766 0.270276517 0.064839996
v 0.127961126 0.267581910 0.065757297
v 0.125438866 0.269187272 0.064482249
v 0.111562063 0.269414485 0.064879663
v 0.127620054 0.263518393 0.065273918
v 0.125658584 0.264583409 0.065449134
v 0.126967100 0.259100199 0.063660890
v 0.127056812 0.256080061 0.063941896
v 0.124008891 0.255392075 0.062572703
v 0.112470416 0.255581886 0.062895916
v 0.126243805 0.254398674 0.064203471
v 0.124321965 0.254186273 0.062954418
v 0.118237642 0.253387809 0.064270720
v 0.112211366 0.254403710 0.062987961
v 0.122984757 0.270252913 0.061732572
v 0.120379103 0.270627558 0.060595237
v 0.116599162 0.270734608 0.060735282
v 0.113842291 0.270373106 0.061952710
v 0.123297920 0.269661218 0.060900535
v 0.120956441 0.269884169 0.059435349
v 0.115873111 0.269968897 0.059568398
v 0.113311817 0.269798458 0.061404508
v 0.123829235 0.265266538 0.059482027
v 0.121357163 0.266065657 0.058999911
v 0.123376531 0.260220140 0.059869755
v 0.120763769 0.260502070 0.058445804
v 0.123626326 0.256510705 0.059075467
v 0.120202293 0.256071091 0.058886886
v 0.116193128 0.256066501 0.059172932
v 0.113245350 0.255641371 0.059766002
v 0.122794126 0.254740030 0.059793890
v 0.120223281 0.254691958 0.058617834
v 0.116266509 0.254788011 0.058613904
v 0.113580388 0.254786551 0.060096927
v 0.119003390 0.270235866 0.059136853
v 0.117815626 0.270254850 0.059174843
v 0.119400543 0.269958168 0.059077125
v 0.117802573 0.269990772 0.059069328
v 0.123717164 0.265436560 0.057641551
v 0.121492271 0.265928537 0.058314171
v 0.123368112 0.259726137 0.057389680
v 0.120743130 0.260925502 0.057998426
v 0.123670553 0.257341176 0.056418523
v 0.120737237 0.256392151 0.057109464
v 0.117398349 0.255746096 0.057376940
v 0.119218123 0.255565614 0.057383142
v 0.117537198 0.255599022 0.057382535
v 0.126293873 0.254214495 0.064026304
v 0.127786067 0.256407708 0.064228535
v 0.128139076 0.260030389 0.064652942
v 0.128217858 0.263950408 0.065125152
v 0.127990258 0.267478377 0.065562911
v 0.126518210 0.269646347 0.065888926
v 0.124895674 0.253565341 0.064007364
v 0.124617216 0.257659256 0.064515978
v 0.124701937 0.261932671 0.065030798
v 0.124786665 0.266206086 0.065545641
v 0.125132178 0.270328313 0.066030964
v 0.126036328 0.254418403 0.062865674
v 0.127230858 0.256063581 0.063107185
v 0.127858502 0.259912878 0.063186474
v 0.127946508 0.264112443 0.063669987
v 0.127460105 0.268009990 0.064547114
v 0.126269025 0.269703418 0.064691000
v 0.124567856 0.254043877 0.061846826
v 0.124881511 0.270351142 0.063918754
v 0.125643154 0.255072266 0.059410170
v 0.126829160 0.256545931 0.059542511
v 0.127422203 0.260365963 0.059672020
v 0.127623503 0.264899880 0.060511220
v 0.127063816 0.268381029 0.060968328
v 0.125936930 0.269889176 0.061195213
v 0.123309885 0.254467338 0.059181627
v 0.123610963 0.270629972 0.061169289
v 0.120067333 0.254617304 0.057879716
v 0.120451276 0.270946413 0.059935823
v 0.115661894 0.254868090 0.058041621
v 0.115940404 0.270847321 0.060075719
v 0.113755916 0.255155712 0.058423489
v 0.112926637 0.256543875 0.058333766
v 0.114068185 0.262654543 0.060788900
v 0.113497366 0.269123286 0.060008559
v 0.114074324 0.270511210 0.060258429
v 0.125290220 0.255635589 0.055646289
v 0.126531904 0.257295787 0.055811465
v 0.127296609 0.260723233 0.056362018
v 0.127413196 0.264687330 0.056954756
v 0.126755056 0.268550605 0.057167377
v 0.125579973 0.270249754 0.057406910
v 0.123288018 0.255342633 0.055300280
v 0.124850464 0.255958259 0.055750571
v 0.125127454 0.269928992 0.057433676
v 0.123768081 0.270692855 0.056980733
v 0.119092186 0.255053818 0.056676060
v 0.118878846 0.270806879 0.058990508
v 0.117249456 0.255044401 0.057142705
v 0.117470627 0.270795852 0.059051946
v 0.112819080 0.255685806 0.057291608
v 0.111822200 0.256835759 0.056319788
v 0.112060693 0.269442558 0.057863723
v 0.113094588 0.270301759 0.059038721
v 0.110075546 0.258569539 0.055167943
v 0.109249507 0.260647058 0.055663444
v 0.109347117 0.265437335 0.056243237
v 0.110259597 0.268124431 0.056339547
v 0.126159203 0.257926583 0.052065540
v 0.126947959 0.261494517 0.052562214
v 0.127062765 0.265010655 0.052935503
v 0.126375628 0.268842191 0.053380579
v 0.122876872 0.255974531 0.051580325
v 0.124147182 0.256532758 0.051964849
v 0.124420096 0.270297587 0.053623151
v 0.123174396 0.270980358 0.053388130
v 0.119689954 0.255973130 0.051751696
v 0.119889264 0.271054506 0.053479817
v 0.115571191 0.256050169 0.052220773
v 0.114612375 0.256638259 0.051458213
v 0.115555209 0.270745546 0.052841000
v 0.115868394 0.271040320 0.054026693
v 0.113513311 0.256216764 0.052574366
v 0.112241124 0.257258892 0.052196439
v 0.112493803 0.270003021 0.053731769
v 0.113803935 0.270875096 0.054340314
v 0.109647063 0.259451568 0.053626537
v 0.109361564 0.261258185 0.053908240
v 0.109483485 0.265660226 0.054381616
v 0.109794711 0.267622977 0.054642159
v 0.125870434 0.258637577 0.048331879
v 0.126698260 0.261920959 0.048932243
v 0.126750705 0.265450090 0.049236037
v 0.126076874 0.269049793 0.049586277
v 0.122585547 0.256466061 0.047935870
v 0.123557826 0.256990552 0.048127405
v 0.123831374 0.270787328 0.049789555
v 0.122881246 0.271379888 0.049732592
v 0.119671230 0.256514877 0.047867745
v 0.118473594 0.256896824 0.047952548
v 0.118755561 0.271118462 0.049665879
v 0.119967592 0.271462530 0.049668547
v 0.115511318 0.256576926 0.048057795
v 0.115566914 0.257067233 0.048128437
v 0.115843651 0.271024883 0.049809963
v 0.115807590 0.271519721 0.049858011
v 0.113544789 0.256886691 0.048220925
v 0.111769711 0.258162051 0.048395157
v 0.112005358 0.270047247 0.049827006
v 0.113829714 0.271257162 0.049952190
v 0.109768008 0.259769857 0.049724132
v 0.109252532 0.261375934 0.049771149
v 0.109340345 0.265826553 0.050187126
v 0.109936130 0.268249363 0.050745688
v 0.125624185 0.259456217 0.044610720
v 0.126237278 0.262331098 0.044177242
v 0.126330574 0.266304255 0.044739954
v 0.125816343 0.269148260 0.045778356
v 0.122725246 0.256892651 0.044515476
v 0.123140653 0.257490873 0.044542424
v 0.123254334 0.271189243 0.046240639
v 0.122835194 0.271789312 0.046375472
v 0.118271013 0.256901264 0.044215456
v 0.118294341 0.257396609 0.044279382
v 0.119390150 0.271500349 0.046137799
v 0.119388973 0.271997273 0.046193052
v 0.115561147 0.257006407 0.044840928
v 0.115615931 0.257497728 0.044905853
v 0.115566549 0.271382540 0.046291590
v 0.115519983 0.271875948 0.046345312
v 0.111488891 0.258885831 0.045134891
v 0.111711827 0.270129710 0.046489485
v 0.109785316 0.260438979 0.045788940
v 0.109437955 0.261981159 0.045756698
v 0.109527242 0.266286403 0.046194259
v 0.109945801 0.268533468 0.046764109
v 0.125357499 0.259669870 0.041897014
v 0.126152177 0.262250572 0.041860316
v 0.126231198 0.267097890 0.042340241
v 0.125544769 0.269598067 0.043113183
v 0.122152691 0.257369459 0.040557925
v 0.122790245 0.258010000 0.040886566
v 0.123019752 0.271565586 0.042497396
v 0.122434144 0.272276431 0.042360052
v 0.118442264 0.257435530 0.039948061
v 0.118622360 0.257906616 0.040147774
v 0.118911584 0.271985590 0.041842923
v 0.118680027 0.272504508 0.041697659
v 0.115902131 0.257536560 0.040402539
v 0.115843897 0.258048713 0.040389981
v 0.116118488 0.271898597 0.042058323
v 0.116162543 0.272381872 0.042249195
v 0.111257297 0.259975910 0.041428816
v 0.110218031 0.262862414 0.041575551
v 0.110305277 0.267087698 0.042078182
v 0.111490836 0.269987792 0.042656418
v 0.109948163 0.261222720 0.041399244
v 0.109751728 0.262900203 0.041839954
v 0.109816310 0.266853243 0.042371057
v 0.110096020 0.268803596 0.042315077
v 0.125065458 0.260123312 0.038675625
v 0.125858535 0.262956649 0.038044214
v 0.125885856 0.267425030 0.038351540
v 0.125259926 0.269931614 0.039857265
v 0.121899215 0.257825464 0.037081361
v 0.122688097 0.258418649 0.037724096
v 0.121298541 0.265418202 0.036659103
v 0.122874898 0.271915138 0.039419644
v 0.122150046 0.272671282 0.038859144
v 0.119372134 0.257646680 0.038127359
v 0.119774600 0.257999867 0.038989667
v 0.119066057 0.265249759 0.038424570
v 0.120059145 0.272124857 0.040690843
v 0.119660330 0.272679657 0.040008970
v 0.114986208 0.257887959 0.038509026
v 0.114302543 0.258350044 0.038869482
v 0.115416979 0.265292168 0.038673170
v 0.114547526 0.272033364 0.040461998
v 0.115287786 0.272539288 0.040308770
v 0.112861362 0.258194298 0.036129829
v 0.112207991 0.259409666 0.038664892
v 0.111664158 0.261899501 0.038488280
v 0.112587993 0.267125636 0.038387269
v 0.112393980 0.271086603 0.040109437
v 0.113152635 0.272885203 0.037899695
v 0.109881264 0.262879401 0.040268242
v 0.109968995 0.267262906 0.040795483
v 0.124820602 0.260820568 0.033592243
v 0.125550059 0.263378799 0.034083147
v 0.125625921 0.267873019 0.034608386
v 0.125015003 0.270443350 0.034729633
v 0.121893813 0.258205950 0.034236126
v 0.123389592 0.259145647 0.034143001
v 0.121963647 0.265688986 0.034301825
v 0.123635021 0.272017628 0.035707839
v 0.122205083 0.272967905 0.036003616
v 0.117185106 0.273160011 0.034954980
v 0.116893833 0.258469105 0.033185113
v 0.112099362 0.258422524 0.034360703
v 0.112390635 0.273113430 0.036130570
v 0.124734146 0.260750473 0.032118279
v 0.125576389 0.263162851 0.032374851
v 0.125681651 0.268079817 0.032966889
v 0.124960636 0.270860672 0.033335149
v 0.121794199 0.258589774 0.031680834
v 0.123149288 0.259115398 0.031990249
v 0.123789203 0.265836656 0.032775730
v 0.121890915 0.265864044 0.032860849
v 0.123500896 0.272505671 0.033599243
v 0.122112167 0.273200035 0.033468433
v 0.119880182 0.258886874 0.029225988
v 0.120171455 0.273577780 0.030995855
v 0.113573012 0.258977294 0.029513419
v 0.113864285 0.273668200 0.031283285
v 0.112255973 0.258761764 0.031519059
v 0.112547253 0.273452669 0.033288926
v 0.118129817 0.259021550 0.028396104
v 0.117936631 0.273728907 0.030109087
v 0.115721342 0.259065598 0.028426901
v 0.115535070 0.273753822 0.030297494
v 0.125749772 0.263143122 0.031916615
v 0.125818757 0.264468521 0.032204058
v 0.125866537 0.267424434 0.032430355
v 0.125873600 0.268488020 0.032657269
v 0.123674777 0.259261638 0.031620484
v 0.124329408 0.260543734 0.031821635
v 0.125074213 0.262445778 0.032017350
v 0.124731970 0.263787895 0.032321293
v 0.124813427 0.267896295 0.032816250
v 0.125248027 0.269116610 0.032818351
v 0.124601041 0.271120399 0.033096895
v 0.123917309 0.272513568 0.033109553
v 0.122319368 0.258818269 0.031480331
v 0.122239214 0.260512531 0.031650003
v 0.122453739 0.271332204 0.032953490
v 0.122497973 0.273028523 0.033083003
v 0.125630033 0.263440132 0.030481389
v 0.125679632 0.265173763 0.030471703
v 0.125724969 0.267794430 0.030787868
v 0.125772012 0.268749237 0.031553667
v 0.123496157 0.259372771 0.030316100
v 0.124000375 0.260633379 0.029471435
v 0.125422654 0.262498528 0.029945083
v 0.125537989 0.269766957 0.030909589
v 0.124176827 0.271721989 0.030767633
v 0.123790396 0.272673368 0.031957526
v 0.122325328 0.259012580 0.029839406
v 0.122511541 0.260663867 0.029294681
v 0.122731035 0.271733850 0.030628318
v 0.122484473 0.273198485 0.031512912
v 0.120388364 0.258749336 0.029601790
v 0.120278617 0.260371357 0.029799731
v 0.120508877 0.271985084 0.031198878
v 0.120496233 0.273585469 0.031289972
v 0.125476067 0.265571654 0.027923113
v 0.125511338 0.267495602 0.028155085
v 0.123181475 0.259840965 0.026454281
v 0.123829399 0.261135310 0.027357591
v 0.124146816 0.263091713 0.026853828
v 0.125360620 0.264481485 0.027145352
v 0.125450132 0.268088520 0.027578734
v 0.124291127 0.269831538 0.027665110
v 0.124040564 0.271665812 0.028602058
v 0.123518114 0.273125619 0.028069358
v 0.122057405 0.259299248 0.027113628
v 0.122487162 0.261027366 0.027570538
v 0.122705606 0.262910843 0.026691550
v 0.122849402 0.270163298 0.027565276
v 0.122700577 0.271791279 0.028867304
v 0.122394082 0.273541570 0.028853230
v 0.119307478 0.258927882 0.027513772
v 0.118876306 0.261587650 0.027119871
v 0.118971293 0.262387335 0.027371656
v 0.119135228 0.270655870 0.028367795
v 0.119135213 0.271703631 0.028254591
v 0.119880338 0.273876339 0.029518321
v 0.116948140 0.258931339 0.027671147
v 0.116954391 0.260764420 0.027890204
v 0.117482764 0.262578577 0.027490258
v 0.117639822 0.270500243 0.028444611
v 0.117242781 0.272153735 0.029200282
v 0.117305358 0.274008960 0.029517634
v 0.115376827 0.259358346 0.027436296
v 0.115388659 0.261079580 0.027353473
v 0.115555105 0.272061527 0.028696274
v 0.115672571 0.273721606 0.029161250
v 0.113037293 0.259618044 0.028344436
v 0.114101109 0.261676818 0.027985662
v 0.113556077 0.263473809 0.028134413
v 0.113664297 0.269615144 0.028900685
v 0.114270029 0.271358311 0.029146271
v 0.113348213 0.273352772 0.029988870
v 0.111691875 0.260462075 0.027621491
v 0.111935501 0.272749662 0.029101823
v 0.125310530 0.266498893 0.025436947
v 0.125366707 0.267400473 0.026195444
v 0.123111975 0.260024458 0.024790395
v 0.124110346 0.261088610 0.024855699
v 0.125005101 0.263386995 0.024947360
v 0.125227627 0.265008599 0.025260873
v 0.125283842 0.268208504 0.025429387
v 0.125134123 0.270152628 0.026023721
v 0.124335763 0.272327304 0.026166007
v 0.123394732 0.273361206 0.026613405
v 0.122141239 0.259584963 0.025050176
v 0.121585590 0.261286974 0.025556158
v 0.121370022 0.263811141 0.025405517
v 0.120920164 0.264625698 0.025330598
v 0.121013207 0.268899709 0.025833970
v 0.121477177 0.269633919 0.026096828
v 0.121799042 0.272052765 0.026853153
v 0.122223032 0.273879707 0.026579874
v 0.119452466 0.259549141 0.025080413
v 0.119433721 0.261260301 0.026152620
v 0.120295410 0.263621777 0.025872426
v 0.120788966 0.264671534 0.025533885
v 0.120870900 0.268804044 0.026031746
v 0.120410618 0.269755334 0.026613172
v 0.119796147 0.272191942 0.027396545
v 0.119762940 0.273983628 0.026821883
v 0.117745762 0.259489477 0.025816191
v 0.117776980 0.261363477 0.026726270
v 0.117392977 0.262630343 0.026914576
v 0.117550795 0.270590186 0.027873529
v 0.118125816 0.271739036 0.027947647
v 0.118044493 0.273891419 0.027514679
v 0.115076204 0.259656429 0.026050646
v 0.116065358 0.261029094 0.026864329
v 0.116287005 0.272208184 0.028211113
v 0.115368803 0.273773432 0.027750935
v 0.113332515 0.259904295 0.026512839
v 0.112472338 0.260419637 0.025736580
v 0.112618421 0.273156077 0.027348597
v 0.113562231 0.273492545 0.027792793
v 0.111209479 0.261180729 0.026534757
v 0.111403813 0.272305578 0.027917372
v 0.123017353 0.260256469 0.022541445
v 0.123791454 0.261628538 0.022867188
v 0.123570566 0.264148653 0.022790490
v 0.124288072 0.265207171 0.022819277
v 0.124422451 0.268932611 0.023256680
v 0.123689179 0.269849688 0.023478135
v 0.123972011 0.272323728 0.024157701
v 0.123276007 0.273708314 0.024271276
v 0.121326638 0.260040283 0.022477366
v 0.122740147 0.262379497 0.023512298
v 0.122630929 0.263815612 0.023149882
v 0.122734425 0.270288289 0.024102539
v 0.122919639 0.271432459 0.024602940
v 0.121805449 0.274058610 0.024310939
v 0.119843756 0.259843946 0.023121372
v 0.120063883 0.274124801 0.024896597
v 0.117321638 0.259858102 0.023023907
v 0.117661019 0.274218321 0.024683934
v 0.115355109 0.259997517 0.023707926
v 0.115651910 0.273988485 0.025393283
v 0.113692124 0.260206282 0.024426037
v 0.114005354 0.273692966 0.026021505
v 0.122874876 0.260416001 0.020939948
v 0.123862152 0.261482507 0.021006929
v 0.123551165 0.264519095 0.022108544
v 0.123729047 0.265281230 0.022076296
v 0.123798055 0.269043237 0.022529872
v 0.123588835 0.269624561 0.022766152
v 0.124043671 0.272925735 0.022388425
v 0.123211456 0.273901522 0.022560190
v 0.121534114 0.260294139 0.021085117
v 0.121693825 0.260756850 0.020251377
v 0.122806695 0.264776886 0.022369383
v 0.122740288 0.265023500 0.022392809
v 0.122821746 0.269131899 0.022887766
v 0.122897846 0.269374222 0.022923242
v 0.121970651 0.273810208 0.021960488
v 0.121812587 0.274095953 0.022822853
v 0.119542678 0.260153115 0.020733206
v 0.119807196 0.274378121 0.022540389
v 0.117309687 0.260190398 0.020791097
v 0.117555191 0.274408668 0.022566339
v 0.114825954 0.260506451 0.021279510
v 0.115096425 0.274086386 0.022971358
v 0.122686652 0.260756910 0.018608559
v 0.123641950 0.261840522 0.018423522
v 0.124490191 0.263939977 0.018801302
v 0.124856723 0.266644180 0.019625876
v 0.124869784 0.268808335 0.019888343
v 0.124632162 0.271070033 0.019746443
v 0.123878573 0.273130804 0.019826192
v 0.123052356 0.274112463 0.019995116
v 0.121487809 0.260542810 0.018646607
v 0.121418757 0.261037558 0.018519908
v 0.121587915 0.274024129 0.019530563
v 0.121874032 0.274408489 0.020347705
v 0.119259310 0.260450780 0.018905418
v 0.119612140 0.274546623 0.020279096
v 0.117240285 0.260514349 0.018614670
v 0.117513855 0.274619520 0.020358788
v 0.115195234 0.260811985 0.018787546
v 0.115519730 0.274349213 0.020703021
v 0.122479511 0.261120409 0.016501456
v 0.123482262 0.262161374 0.016572015
v 0.124374037 0.264517069 0.016810393
v 0.124648933 0.266994834 0.017097911
v 0.124662046 0.269038826 0.017345412
v 0.124444080 0.271315783 0.017632736
v 0.123657082 0.273331523 0.017920299
v 0.121343997 0.260784745 0.016447552
v 0.120911350 0.261344016 0.016274657
v 0.121118915 0.274253726 0.017514611
v 0.121790868 0.274632484 0.018353457
v 0.118850579 0.260790914 0.016822614
v 0.119126071 0.274714470 0.018499497
v 0.116900717 0.260766506 0.017055821
v 0.117199701 0.274783283 0.018498719
v 0.115446066 0.261062175 0.016652474
v 0.115631876 0.274553835 0.018960269
v 0.123110724 0.262465924 0.014034869
v 0.124089492 0.264310271 0.014729109
v 0.124362123 0.266882867 0.014512402
v 0.124411148 0.269252479 0.014797783
v 0.124245172 0.271449804 0.015502258
v 0.123392974 0.273534566 0.015365047
v 0.121131522 0.261178941 0.014026684
v 0.120950815 0.261682391 0.014323304
v 0.121459355 0.274376929 0.015979024
v 0.121430819 0.274889022 0.015872179
v 0.119024729 0.261221975 0.014625710
v 0.119293352 0.274810165 0.016262287
v 0.116616768 0.261237592 0.014551946
v 0.116865044 0.274908185 0.016114667
v 0.115711746 0.261215568 0.015413159
v 0.115970303 0.274755329 0.017090250
v 0.122973477 0.262962669 0.012104540
v 0.123754968 0.264658689 0.012153559
v 0.124040877 0.266877025 0.012275874
v 0.124084023 0.269558102 0.012471623
v 0.123912205 0.271727979 0.012944899
v 0.123158758 0.273631692 0.013438283
v 0.120684971 0.261586189 0.011941829
v 0.120857273 0.262060672 0.012050889
v 0.121329066 0.274477959 0.013638083
v 0.121057746 0.274979025 0.013869675
v 0.118482334 0.261701941 0.012249313
v 0.118979146 0.261963814 0.011688176
v 0.119251852 0.274785131 0.013217476
v 0.118759749 0.274926901 0.013827723
v 0.117112366 0.261569560 0.012788874
v 0.117437621 0.274987668 0.014347534
v 0.122552571 0.263332844 0.010298785
v 0.123365176 0.265215218 0.010195612
v 0.123691243 0.267265439 0.010515779
v 0.123730813 0.269605517 0.010746903
v 0.123496642 0.271818370 0.010992730
v 0.122755197 0.273655325 0.011551837
v 0.120272105 0.261825025 0.010827805
v 0.120787216 0.262468040 0.010184946
v 0.121019398 0.274570525 0.011543958
v 0.120530431 0.275051415 0.012395374
v 0.119300698 0.262332112 0.010889412
v 0.119551499 0.274610132 0.012366436
v 0.122135540 0.264168233 0.008772585
v 0.122547467 0.265700817 0.008423620
v 0.122887981 0.267638862 0.008442731
v 0.122927007 0.269725978 0.008668601
v 0.122668889 0.271804988 0.009160765
v 0.122315076 0.273225605 0.009866429
v 0.120475662 0.263626337 0.008337967
v 0.120931287 0.265087217 0.007511514
v 0.121172560 0.272645891 0.008438530
v 0.120585044 0.273881793 0.009473911
v 0.121959408 0.267969310 0.007236839
v 0.121989151 0.269670188 0.007417864
v 0.120138970 0.265887469 0.006887318
v 0.120765497 0.267724186 0.006707917
v 0.120819983 0.270064473 0.006963012
v 0.120259744 0.272061139 0.007618815
v 0.119642888 0.266416907 0.006612843
v 0.119617117 0.267984897 0.006425307
v 0.119659838 0.270162463 0.006684647
v 0.119738509 0.271550000 0.007190491
v 0.116961730 0.261615455 0.012694032
v 0.117825155 0.261792183 0.011793394
v 0.115412598 0.261403710 0.014850578
v 0.116056194 0.261363357 0.014318907
v 0.115091150 0.261088967 0.017056704
v 0.114791510 0.260842562 0.019263377
v 0.114308511 0.260701865 0.020923130
v 0.113591147 0.260275990 0.024225146
v 0.114963290 0.264121294 0.009309611
v 0.116698642 0.264020443 0.008817326
v 0.118702200 0.263897032 0.008738216
v 0.119928231 0.263967663 0.008811800
v 0.112857704 0.263859719 0.011381537
v 0.114428585 0.263443321 0.010490199
v 0.116768954 0.262661159 0.010401642
v 0.118833480 0.262585133 0.010370813
v 0.120009576 0.263031334 0.009966779
v 0.112422933 0.263342947 0.013118326
v 0.114516516 0.262317389 0.012618978
v 0.116591369 0.261908531 0.011963057
v 0.118208771 0.261934489 0.011436228
v 0.111283195 0.263738036 0.015209392
v 0.112213899 0.262962192 0.014864816
v 0.114307267 0.261821479 0.014573540
v 0.111207341 0.263249189 0.017566886
v 0.112371122 0.262255698 0.017375167
v 0.114028757 0.261407256 0.017138161
v 0.110952322 0.263117939 0.019637806
v 0.112762434 0.261626840 0.019515216
v 0.111190808 0.262328148 0.021838086
v 0.112482746 0.261347711 0.021586670
v 0.111150523 0.261915803 0.023922799
v 0.112454225 0.260875911 0.023763746
v 0.111080815 0.261528015 0.025852563
v 0.112430577 0.260575116 0.025176046
v 0.116574784 0.266478002 0.007376631
v 0.118653287 0.266470253 0.007238400
v 0.119741147 0.266728163 0.007260563
v 0.112774667 0.266018927 0.009446811
v 0.114282590 0.265580416 0.008654229
v 0.116453421 0.265384614 0.007914397
v 0.118761894 0.265208215 0.007804520
v 0.119814445 0.265479773 0.007759246
v 0.110848111 0.266235232 0.011949160
v 0.112052237 0.265275866 0.010819408
v 0.113297229 0.264507025 0.010079244
v 0.110789296 0.265331030 0.013207615
v 0.111519356 0.264433414 0.012683850
v 0.110627254 0.264943868 0.014892950
v 0.110467796 0.264586955 0.017519491
v 0.110335720 0.264346957 0.019757425
v 0.110283648 0.263962656 0.021907574
v 0.110198130 0.263675421 0.023939129
v 0.109837812 0.264382690 0.026128456
v 0.110151080 0.263201445 0.025933189
v 0.114748423 0.268118352 0.007672550
v 0.116528538 0.267764300 0.007177421
v 0.118747865 0.267815441 0.007031947
v 0.119723176 0.267842770 0.007129608
v 0.112465670 0.268090308 0.009229794
v 0.113780853 0.267898291 0.008220404
v 0.110698608 0.267782927 0.011729513
v 0.111426410 0.267655015 0.010461186
v 0.110088577 0.267658055 0.013782200
v 0.110004363 0.267082036 0.015221538
v 0.109933411 0.266556352 0.017996145
v 0.109817651 0.266244173 0.021761457
v 0.109716487 0.266304225 0.024814906
v 0.109705945 0.265762538 0.026046047
v 0.114819390 0.270064324 0.007906365
v 0.116629173 0.270233929 0.007448508
v 0.118791101 0.270125806 0.007298931
v 0.119771135 0.270160854 0.007422082
v 0.112553430 0.269962788 0.009446024
v 0.113857892 0.270302594 0.008529549
v 0.110751954 0.269729644 0.012002675
v 0.111502824 0.270123988 0.010781591
v 0.110139174 0.269440562 0.014068190
v 0.110091840 0.269710422 0.015524260
v 0.110007604 0.269410282 0.018315505
v 0.109885906 0.268885791 0.022168977
v 0.109777277 0.268242449 0.024706608
v 0.109764901 0.268248141 0.026340900
v 0.116804441 0.271508276 0.007952442
v 0.118752730 0.271484941 0.007842957
v 0.119843667 0.271354139 0.007889413
v 0.112885897 0.271628767 0.010122670
v 0.114413512 0.272183627 0.009449763
v 0.116375429 0.272414297 0.008768131
v 0.118907784 0.272570968 0.008692269
v 0.119965886 0.272387683 0.008687327
v 0.110940603 0.270899981 0.012511155
v 0.112186593 0.272052318 0.011635817
v 0.113464144 0.272925645 0.011093498
v 0.110911233 0.271481127 0.013948562
v 0.111678262 0.272448182 0.013649447
v 0.110756514 0.271463126 0.015678372
v 0.110598755 0.271192193 0.018315274
v 0.110465628 0.270898968 0.020546796
v 0.110418488 0.270763576 0.022726929
v 0.110334692 0.270563394 0.024768973
v 0.109936719 0.269371182 0.026729457
v 0.110296820 0.270551831 0.026818745
v 0.115147603 0.273417681 0.010429615
v 0.116853980 0.273597836 0.010023428
v 0.118894828 0.273624182 0.009910784
v 0.120101501 0.273455203 0.009898435
v 0.113044118 0.273261935 0.012514290
v 0.114634243 0.273816347 0.011739911
v 0.116921869 0.274492174 0.011829425
v 0.119042461 0.274530083 0.011875427
v 0.120271725 0.274080664 0.011241620
v 0.112621700 0.273368180 0.014326137
v 0.114756075 0.274400353 0.014074696
v 0.116792885 0.274863303 0.013540479
v 0.118454200 0.274909884 0.013008803
v 0.111457569 0.272532791 0.016268959
v 0.112419483 0.273331285 0.016114054
v 0.114557167 0.274425834 0.016092079
v 0.111389776 0.272450507 0.018675433
v 0.112592374 0.273414880 0.018719593
v 0.114282985 0.274229884 0.018682996
v 0.111130332 0.272096217 0.020719483
v 0.112997879 0.273501903 0.020945892
v 0.111389135 0.272331119 0.023043217
v 0.112719555 0.273291945 0.023025677
v 0.111355175 0.272237957 0.025166385
v 0.112699245 0.273234129 0.025252633
v 0.111327608 0.272189230 0.027140513
v 0.112697994 0.273201942 0.026685184
v 0.117119853 0.274961948 0.014383022
v 0.118052204 0.274979204 0.013413594
v 0.115676654 0.274722368 0.016455175
v 0.116307845 0.274857879 0.015994558
v 0.115329524 0.274501115 0.018804634
v 0.115016413 0.274228573 0.020950241
v 0.114632626 0.274015307 0.022607338
v 0.113776443 0.273636997 0.025891343
f 429 484 365
f 365 306 364
f 306 304 363
f 306 363 364
f 252 251 565
f 565 251 655
f 565 655 656
f 256 321 499
f 495 656 499
f 499 656 668
f 499 668 256
f 495 565 656
f 256 252 321
f 321 252 317
f 696 704 507
f 503 696 507
f 503 507 325
f 325 507 264
f 325 264 260
f 704 264 507
f 576 704 507
f 745 524 733
f 733 524 518
f 524 745 755
f 538 763 550
f 550 763 628
f 763 768 628
f 292 281 349
f 349 281 338
f 349 338 538
f 538 338 524
f 538 524 763
f 763 524 755
f 260 264 261
f 292 304 293
f 293 304 306
f 253 257 258
f 252 253 251
f 251 253 255
f 253 258 254
f 253 254 255
f 261 257 260
f 260 257 256
f 256 257 252
f 252 257 253
f 271 264 270
f 283 277 276
f 276 277 272
f 276 272 271
f 276 282 283
f 294 293 306
f 266 263 265
f 265 263 262
f 272 266 271
f 271 266 265
f 262 259 261
f 261 259 258
f 261 258 257
f 264 271 265
f 281 292 282
f 282 292 293
f 372 373 313
f 372 313 312
f 312 313 243
f 312 243 242
f 242 243 247
f 242 247 246
f 246 247 129
f 246 129 128
f 128 129 136
f 128 136 135
f 135 136 3
f 135 3 2
f 2 3 16
f 2 16 15
f 15 16 29
f 15 29 28
f 28 29 42
f 28 42 41
f 54 55 69
f 54 69 68
f 68 69 84
f 68 84 83
f 83 84 180
f 83 180 179
f 179 180 187
f 179 187 186
f 186 187 196
f 186 196 195
f 195 196 279
f 195 279 278
f 278 279 343
f 278 343 342
f 342 343 408
f 342 408 407
f 790 791 786
f 790 786 785
f 785 786 780
f 785 780 779
f 779 780 774
f 779 774 773
f 773 774 645
f 773 645 644
f 644 645 638
f 644 638 637
f 637 638 559
f 637 559 558
f 558 559 491
f 558 491 490
f 490 491 436
f 490 436 435
f 463 464 528
f 463 528 527
f 527 528 608
f 527 608 607
f 607 608 735
f 607 735 734
f 734 735 726
f 734 726 725
f 725 726 808
f 725 808 807
f 807 808 804
f 807 804 803
f 803 804 800
f 803 800 799
f 799 800 796
f 799 796 795
f 116 110 117
f 74 60 61
f 295 291 229
f 87 86 71
f 199 200 208
f 691 677 676
f 633 555 560
f 40 39 26
f 429 484 482
f 170 67 169
f 80 79 65
f 481 549 548
f 713 722 723
f 694 693 712
f 692 691 702
f 293 292 228
f 305 293 294
f 206 288 217
f 217 288 228
f 228 288 293
f 206 283 282
f 206 282 288
f 272 277 185
f 178 267 272
f 178 266 267
f 165 166 262
f 152 159 158
f 158 159 165
f 165 159 166
f 151 152 158
f 254 145 144
f 145 152 144
f 144 152 151
f 13 140 14
f 8 134 1
f 554 557 631
f 662 649 661
f 649 662 650
f 650 662 663
f 650 663 664
f 650 664 651
f 665 652 651
f 665 651 664
f 666 667 655
f 667 656 655
f 668 656 667
f 733 704 724
f 763 755 754
f 767 768 763
f 767 763 762
f 628 768 767
f 627 628 767
f 628 627 549
f 628 549 550
f 481 550 549
f 483 551 482
f 482 551 550
f 786 787 781
f 786 781 780
f 638 645 775
f 775 645 774
f 775 639 638
f 560 559 638
f 560 638 632
f 632 638 639
f 492 491 560
f 491 492 437
f 491 437 436
f 374 436 437
f 374 373 436
f 314 313 374
f 374 313 373
f 137 129 130
f 130 129 247
f 130 247 248
f 248 247 244
f 244 247 243
f 244 243 313
f 244 313 314
f 137 136 129
f 4 16 137
f 137 16 3
f 137 3 136
f 17 16 4
f 30 29 16
f 30 16 17
f 56 55 43
f 43 55 42
f 43 42 30
f 30 42 29
f 70 69 56
f 56 69 55
f 85 84 70
f 70 84 69
f 188 187 85
f 85 187 84
f 196 187 188
f 280 279 196
f 285 343 284
f 344 343 285
f 465 464 408
f 529 464 465
f 609 608 529
f 529 608 528
f 608 609 736
f 608 736 735
f 735 736 726
f 726 736 727
f 809 808 727
f 727 808 726
f 805 800 804
f 76 77 91
f 91 77 92
f 90 61 75
f 90 75 76
f 24 37 23
f 23 37 36
f 38 37 25
f 25 37 24
f 39 52 51
f 39 51 38
f 79 64 65
f 412 469 409
f 409 469 466
f 466 465 409
f 418 417 414
f 414 413 412
f 412 413 469
f 418 472 417
f 419 472 418
f 751 759 760
f 741 751 752
f 722 721 732
f 741 742 732
f 674 675 662
f 674 662 661
f 660 673 661
f 661 673 674
f 660 659 672
f 660 672 673
f 783 789 659
f 659 789 671
f 659 671 672
f 800 801 796
f 721 722 713
f 721 713 712
f 712 713 694
f 743 723 742
f 742 723 722
f 742 722 732
f 544 476 477
f 623 545 546
f 423 477 422
f 760 759 765
f 765 759 764
f 765 764 625
f 625 764 624
f 625 624 547
f 761 760 766
f 766 760 765
f 766 765 626
f 626 765 625
f 626 625 548
f 548 625 547
f 742 741 752
f 742 752 743
f 743 752 753
f 694 713 695
f 695 713 723
f 695 723 696
f 743 753 744
f 743 744 723
f 723 744 724
f 723 724 696
f 696 724 704
f 751 760 752
f 752 760 761
f 752 761 753
f 753 761 754
f 753 754 744
f 724 744 745
f 724 745 733
f 763 754 762
f 761 762 754
f 744 754 755
f 744 755 745
f 548 549 626
f 626 549 627
f 626 627 766
f 766 627 767
f 766 767 761
f 761 767 762
f 484 483 482
f 481 482 550
f 424 477 423
f 423 422 357
f 232 223 233
f 233 223 224
f 423 358 359
f 423 359 424
f 424 359 360
f 424 360 425
f 358 299 300
f 358 300 359
f 359 300 360
f 360 300 301
f 234 301 233
f 233 301 300
f 233 224 234
f 234 224 225
f 94 79 80
f 94 80 95
f 78 79 94
f 81 80 66
f 66 65 52
f 79 78 64
f 235 225 226
f 80 81 95
f 95 81 96
f 52 53 66
f 66 67 81
f 65 66 80
f 67 170 82
f 82 170 175
f 212 120 213
f 213 120 202
f 213 202 214
f 214 202 203
f 204 203 192
f 82 81 67
f 169 67 66
f 169 66 162
f 162 66 53
f 623 545 544
f 547 546 479
f 547 479 480
f 480 479 426
f 480 426 481
f 481 426 427
f 481 427 428
f 428 427 363
f 428 363 429
f 425 360 361
f 362 361 303
f 362 303 363
f 363 303 304
f 363 304 364
f 236 303 235
f 545 544 477
f 545 477 546
f 546 477 478
f 546 478 479
f 479 478 425
f 479 425 426
f 427 426 362
f 427 362 363
f 428 429 482
f 428 482 481
f 480 481 548
f 480 548 547
f 546 547 624
f 546 624 623
f 364 365 363
f 363 365 429
f 360 301 302
f 360 302 361
f 361 302 303
f 364 304 305
f 305 304 293
f 305 294 306
f 236 235 227
f 227 235 226
f 227 226 216
f 216 226 215
f 204 205 215
f 214 225 224
f 214 203 204
f 204 192 193
f 176 177 183
f 176 183 182
f 97 182 181
f 181 182 191
f 172 177 176
f 82 175 97
f 82 97 96
f 183 184 194
f 184 178 185
f 185 178 272
f 184 185 194
f 194 185 277
f 194 277 206
f 206 277 283
f 165 262 263
f 165 263 172
f 172 263 266
f 38 25 26
f 26 13 140
f 40 162 53
f 27 148 40
f 40 148 155
f 40 155 162
f 162 163 169
f 169 163 170
f 39 38 26
f 27 26 140
f 27 140 141
f 163 162 156
f 156 162 155
f 156 155 149
f 149 155 148
f 149 148 142
f 142 148 141
f 677 691 692
f 692 702 703
f 703 702 711
f 655 654 666
f 666 654 680
f 680 654 653
f 680 653 679
f 679 653 665
f 665 653 652
f 664 678 665
f 665 678 679
f 679 694 680
f 142 143 149
f 149 143 150
f 149 150 156
f 156 150 157
f 156 157 163
f 163 157 164
f 163 164 171
f 163 171 170
f 170 171 175
f 52 39 53
f 53 39 40
f 27 40 26
f 148 27 141
f 143 144 150
f 150 144 151
f 150 151 157
f 157 151 158
f 157 158 164
f 164 158 165
f 164 165 171
f 171 165 172
f 666 680 681
f 666 681 667
f 667 681 682
f 667 682 668
f 678 692 693
f 678 693 679
f 679 693 694
f 680 694 695
f 680 695 681
f 681 695 696
f 681 696 682
f 32 31 19
f 19 31 18
f 19 18 6
f 6 18 5
f 6 5 132
f 314 238 244
f 244 238 245
f 238 239 245
f 245 239 125
f 245 125 124
f 124 125 131
f 131 125 132
f 131 132 5
f 369 370 309
f 309 370 310
f 371 366 311
f 311 366 307
f 366 308 307
f 307 308 311
f 311 308 237
f 311 237 240
f 240 237 241
f 21 8 34
f 34 8 35
f 34 35 47
f 8 22 35
f 35 22 23
f 35 23 36
f 8 9 22
f 22 9 10
f 22 10 23
f 23 10 11
f 23 11 24
f 24 11 12
f 24 12 25
f 25 12 13
f 25 13 26
f 26 13 139
f 13 139 140
f 560 488 492
f 492 488 433
f 433 488 434
f 433 434 368
f 368 434 369
f 368 369 314
f 314 369 309
f 314 309 238
f 238 309 310
f 238 310 239
f 560 555 488
f 367 308 366
f 367 366 432
f 432 366 431
f 432 431 486
f 486 431 489
f 629 633 634
f 630 634 635
f 634 630 629
f 629 630 556
f 489 556 486
f 486 487 432
f 641 771 772
f 630 631 556
f 556 631 557
f 556 557 554
f 556 554 486
f 486 554 487
f 780 775 774
f 769 639 775
f 640 639 769
f 640 769 770
f 770 769 775
f 770 775 776
f 787 792 793
f 781 787 788
f 781 788 782
f 782 788 789
f 782 789 783
f 775 780 781
f 775 781 776
f 776 781 782
f 776 782 783
f 776 783 777
f 777 783 784
f 777 784 778
f 771 777 772
f 642 772 646
f 642 646 647
f 647 643 642
f 640 633 639
f 639 633 632
f 783 659 784
f 784 659 778
f 643 636 642
f 642 636 635
f 642 635 772
f 772 642 641
f 641 642 635
f 641 635 634
f 632 633 560
f 559 560 491
f 633 640 634
f 634 640 641
f 641 640 770
f 641 770 771
f 771 770 776
f 771 776 777
f 772 777 778
f 772 778 646
f 646 778 659
f 646 659 647
f 647 659 660
f 647 660 661
f 647 661 648
f 648 661 649
f 676 690 691
f 711 712 703
f 703 712 693
f 703 693 692
f 692 678 677
f 677 678 664
f 677 664 676
f 676 664 663
f 676 663 675
f 675 663 662
f 801 797 796
f 796 797 792
f 796 792 791
f 791 792 786
f 786 792 787
f 788 787 793
f 801 800 805
f 805 804 809
f 809 804 808
f 529 528 464
f 279 280 285
f 285 280 197
f 412 409 345
f 345 409 344
f 197 280 196
f 285 284 279
f 207 286 198
f 409 408 344
f 345 344 286
f 289 286 287
f 244 245 123
f 123 245 124
f 123 124 130
f 130 124 131
f 130 131 137
f 137 131 138
f 137 138 4
f 4 138 5
f 4 5 17
f 17 5 18
f 17 18 30
f 30 18 31
f 30 31 43
f 43 31 44
f 43 44 56
f 56 44 57
f 56 57 70
f 70 57 71
f 70 71 85
f 85 71 86
f 85 86 188
f 188 86 98
f 414 412 347
f 347 412 346
f 347 346 289
f 289 346 345
f 198 197 188
f 188 197 196
f 189 198 188
f 208 207 198
f 208 198 199
f 208 286 207
f 289 290 347
f 347 290 348
f 347 348 353
f 88 87 72
f 72 87 71
f 72 71 58
f 58 71 57
f 58 57 45
f 45 57 44
f 45 44 31
f 109 200 108
f 108 200 199
f 108 199 99
f 99 199 198
f 99 198 189
f 89 88 73
f 33 46 32
f 33 32 20
f 20 32 19
f 20 19 7
f 7 19 6
f 7 6 133
f 133 6 132
f 133 132 126
f 126 132 125
f 126 125 121
f 121 125 240
f 240 125 239
f 240 239 311
f 311 239 310
f 311 310 371
f 371 310 370
f 371 370 366
f 366 370 369
f 366 369 431
f 431 369 434
f 431 434 489
f 489 434 488
f 489 488 556
f 556 488 555
f 556 555 629
f 629 555 633
f 73 88 72
f 73 72 59
f 59 72 58
f 59 58 46
f 46 58 45
f 46 45 32
f 32 45 31
f 209 208 200
f 209 200 201
f 201 200 109
f 138 131 5
f 544 543 476
f 476 543 475
f 421 475 474
f 421 474 420
f 420 474 473
f 420 473 419
f 419 473 472
f 348 290 353
f 290 219 291
f 290 291 295
f 290 295 353
f 353 295 354
f 354 295 296
f 229 291 220
f 220 291 219
f 346 412 345
f 345 286 289
f 289 287 290
f 290 287 218
f 290 218 219
f 219 218 209
f 219 209 210
f 210 209 115
f 210 115 116
f 116 115 109
f 116 109 110
f 286 285 197
f 286 197 198
f 408 343 344
f 344 285 286
f 287 286 208
f 287 208 218
f 218 208 209
f 209 201 115
f 115 201 109
f 61 90 89
f 61 89 74
f 34 47 33
f 34 33 21
f 21 33 20
f 21 20 8
f 8 20 7
f 8 7 134
f 134 7 133
f 134 133 127
f 127 133 126
f 127 126 122
f 122 126 121
f 122 121 240
f 122 240 241
f 47 35 48
f 47 48 60
f 60 48 61
f 408 409 465
f 414 347 353
f 414 353 418
f 418 353 354
f 418 354 419
f 354 296 355
f 355 296 297
f 355 297 356
f 295 229 296
f 477 476 422
f 422 476 421
f 422 421 356
f 422 356 357
f 357 356 298
f 298 356 297
f 230 220 221
f 230 221 222
f 222 221 119
f 222 119 223
f 223 119 120
f 223 120 212
f 231 232 299
f 233 300 232
f 232 300 299
f 235 303 302
f 235 302 234
f 234 302 301
f 193 205 204
f 204 215 214
f 213 214 224
f 213 224 212
f 212 224 223
f 205 216 215
f 215 226 214
f 214 226 225
f 220 219 211
f 220 211 117
f 220 117 118
f 119 118 113
f 358 423 357
f 358 357 299
f 299 357 298
f 299 298 231
f 231 298 297
f 231 297 230
f 230 297 296
f 230 296 229
f 229 220 230
f 231 230 222
f 231 222 232
f 232 222 223
f 234 225 235
f 117 110 111
f 210 116 117
f 117 111 112
f 104 112 111
f 104 111 103
f 103 111 110
f 103 110 102
f 102 110 101
f 101 110 109
f 92 104 103
f 92 103 91
f 118 117 112
f 112 104 113
f 113 104 105
f 113 105 106
f 190 106 107
f 190 107 191
f 191 107 96
f 191 96 181
f 181 96 97
f 182 97 175
f 182 175 176
f 219 210 211
f 211 210 117
f 118 112 113
f 114 113 106
f 114 106 202
f 202 106 190
f 202 190 203
f 203 190 191
f 192 191 182
f 184 183 177
f 184 177 178
f 178 177 172
f 178 172 266
f 94 93 78
f 78 93 92
f 78 92 77
f 171 172 176
f 171 176 175
f 81 82 96
f 95 96 107
f 95 107 94
f 94 107 106
f 94 106 105
f 94 105 93
f 93 105 104
f 93 104 92
f 91 103 102
f 91 102 90
f 90 102 101
f 90 101 89
f 89 101 88
f 88 101 100
f 88 100 87
f 87 100 99
f 87 99 86
f 86 99 98
f 221 220 118
f 221 118 119
f 120 119 113
f 120 113 114
f 120 114 202
f 203 191 192
f 192 182 193
f 193 182 183
f 193 183 194
f 193 194 205
f 205 194 206
f 205 206 216
f 216 206 217
f 216 217 227
f 227 217 228
f 227 228 292
f 227 292 236
f 236 292 304
f 236 304 303
f 636 631 635
f 635 631 630
f 437 492 433
f 437 433 374
f 374 433 368
f 374 368 314
f 248 244 130
f 130 244 123
f 188 98 189
f 189 98 99
f 99 100 108
f 108 100 101
f 108 101 109
f 419 354 355
f 419 355 420
f 420 355 356
f 420 356 421
f 475 421 476
f 478 477 424
f 478 424 425
f 426 425 361
f 426 361 362
f 365 364 305
f 365 305 306
f 46 33 47
f 46 47 59
f 59 47 60
f 59 60 73
f 73 60 74
f 73 74 89
f 91 90 76
f 284 343 279
f 42 55 168
f 42 168 161
f 187 180 84
f 293 288 282
f 272 267 266
f 159 259 166
f 166 259 262
f 259 159 258
f 258 159 152
f 152 145 258
f 258 145 254
f 647 648 8
f 8 648 9
f 9 648 649
f 9 649 10
f 255 254 251
f 251 254 144
f 251 144 143
f 143 142 251
f 251 142 141
f 251 141 140
f 10 649 11
f 652 140 651
f 649 650 11
f 11 650 12
f 12 650 13
f 13 650 651
f 652 653 140
f 140 653 654
f 655 251 140
f 655 140 654
f 651 140 139
f 651 139 13
f 575 701 569
f 603 612 604
f 789 794 685
f 789 685 671
f 674 673 687
f 536 542 543
f 603 602 612
f 595 594 602
f 585 584 595
f 595 584 594
f 536 535 542
f 613 531 536
f 614 613 536
f 614 536 619
f 619 536 537
f 537 536 543
f 537 543 619
f 535 536 531
f 613 614 605
f 585 595 586
f 586 595 596
f 597 587 596
f 597 596 604
f 597 598 588
f 741 740 750
f 750 740 739
f 750 739 749
f 750 749 758
f 758 749 620
f 758 620 621
f 621 620 623
f 623 620 622
f 758 759 750
f 750 759 751
f 750 751 741
f 615 620 749
f 615 749 606
f 606 749 739
f 739 740 731
f 543 622 619
f 619 622 620
f 619 620 614
f 614 620 615
f 614 615 605
f 605 615 606
f 605 606 598
f 598 606 739
f 598 739 730
f 730 739 731
f 741 732 740
f 740 732 731
f 730 731 720
f 730 720 719
f 604 605 597
f 587 597 588
f 578 585 579
f 579 585 586
f 573 578 574
f 574 578 579
f 575 574 580
f 579 580 574
f 575 569 568
f 702 701 575
f 702 575 710
f 710 575 580
f 710 580 581
f 568 689 567
f 689 675 567
f 567 675 674
f 701 690 569
f 569 690 568
f 568 690 689
f 586 587 580
f 581 719 710
f 710 719 720
f 710 720 711
f 595 604 596
f 580 587 588
f 580 588 581
f 581 588 719
f 708 707 716
f 716 707 802
f 716 802 806
f 708 716 717
f 709 717 718
f 709 718 577
f 577 718 584
f 584 585 578
f 584 578 577
f 717 709 708
f 577 708 709
f 577 709 572
f 572 577 573
f 573 577 578
f 700 708 572
f 572 708 577
f 686 685 699
f 686 699 700
f 672 671 685
f 685 794 793
f 686 672 685
f 798 793 797
f 573 567 572
f 687 686 566
f 566 686 700
f 566 700 572
f 572 700 571
f 686 687 673
f 686 673 672
f 566 572 567
f 566 567 687
f 687 567 688
f 687 688 674
f 674 688 567
f 530 531 613
f 530 535 531
f 604 613 605
f 597 605 598
f 598 730 588
f 588 730 719
f 603 595 602
f 530 603 612
f 603 604 595
f 732 721 720
f 732 720 731
f 587 586 596
f 613 604 612
f 613 612 530
f 699 685 793
f 699 793 798
f 798 802 699
f 699 802 707
f 699 707 700
f 700 707 708
f 579 586 580
f 574 575 568
f 574 568 573
f 573 568 567
f 643 647 1
f 1 647 8
f 432 487 643
f 308 367 134
f 134 367 1
f 1 367 643
f 643 367 432
f 237 308 127
f 308 134 127
f 487 554 643
f 643 554 636
f 122 237 127
f 237 122 241
f 636 554 631
f 450 473 541
f 450 541 535
f 450 535 530
f 450 530 612
f 612 602 450
f 602 594 450
f 450 594 584
f 450 584 718
f 450 718 449
f 449 718 717
f 449 717 716
f 716 806 449
f 809 453 805
f 805 453 448
f 805 448 449
f 805 449 806
f 529 465 453
f 453 809 727
f 453 727 736
f 453 609 529
f 453 736 609
f 405 398 397
f 397 404 405
f 405 404 410
f 405 410 411
f 410 469 412
f 410 469 413
f 410 413 411
f 411 413 414
f 411 414 417
f 411 417 472
f 535 541 542
f 543 544 622
f 621 623 758
f 702 691 690
f 544 623 622
f 474 475 543
f 623 624 764
f 542 474 543
f 721 712 711
f 541 473 474
f 541 474 542
f 623 764 759
f 721 711 720
f 701 702 690
f 758 623 759
f 710 711 702
f 690 676 675
f 690 675 689
f 805 806 801
f 789 672 671
f 806 802 801
f 801 802 797
f 793 789 788
f 794 789 793
f 793 792 797
f 798 797 802
f 395 78 394
f 394 78 77
f 388 64 395
f 395 64 78
f 389 65 388
f 388 65 64
f 52 389 384
f 389 52 65
f 383 52 384
f 381 38 51
f 381 51 383
f 383 51 52
f 380 38 381
f 380 37 38
f 37 380 36
f 36 380 379
f 378 35 36
f 378 36 379
f 35 378 382
f 35 382 48
f 387 61 382
f 382 61 48
f 61 387 75
f 75 387 392
f 393 76 392
f 392 76 75
f 394 77 393
f 393 77 76
f 77 394 76
f 76 394 393
f 387 61 392
f 392 61 75
f 380 37 379
f 379 37 36
f 394 77 395
f 395 77 78
f 48 35 36
f 63 78 77
f 51 52 65
f 50 37 38
f 50 36 37
f 61 48 49
f 62 76 75
f 62 75 61
f 77 76 63
f 63 76 62
f 51 65 64
f 51 64 63
f 63 64 78
f 36 50 49
f 36 49 48
f 38 51 50
f 50 51 63
f 50 63 62
f 50 62 49
f 49 62 61
f 469 410 466
f 460 397 454
f 397 460 404
f 454 449 448
f 454 448 453
f 450 449 454
f 450 454 455
f 454 397 398
f 455 454 398
f 467 450 455
f 398 405 461
f 461 455 398
f 472 473 450
f 472 450 467
f 472 467 411
f 256 668 682
f 256 682 260
f 260 682 696
f 325 260 503
f 503 260 696
f 503 696 570
f 704 733 599
f 270 264 514
f 514 264 704
f 514 704 589
f 589 704 599
f 599 733 518
f 779 773 644
f 725 795 734
f 725 799 795
f 607 734 795
f 807 803 725
f 725 803 799
f 795 697 705
f 195 278 54
f 153 41 160
f 644 637 790
f 790 785 644
f 644 785 779
f 795 790 697
f 697 790 683
f 683 790 669
f 669 790 657
f 246 128 41
f 41 128 135
f 41 135 28
f 173 167 54
f 173 54 179
f 186 68 83
f 186 83 179
f 2 15 135
f 135 15 28
f 402 336 407
f 54 68 186
f 54 186 195
f 438 435 375
f 375 435 372
f 561 563 558
f 372 246 315
f 372 315 375
f 278 342 407
f 490 435 558
f 558 563 644
f 246 41 146
f 246 146 135
f 458 463 522
f 590 600 607
f 435 561 558
f 637 558 790
f 790 558 644
f 790 644 657
f 435 438 493
f 435 493 561
f 41 153 146
f 135 249 246
f 179 54 278
f 179 278 268
f 268 278 273
f 312 242 372
f 372 242 246
f 407 336 278
f 402 407 463
f 402 463 458
f 600 522 463
f 607 600 463
f 607 463 527
f 705 714 795
f 795 714 607
f 607 714 725
f 607 725 590
f 438 494 493
f 493 494 562
f 493 562 561
f 561 562 564
f 561 564 563
f 563 564 645
f 563 645 644
f 644 645 658
f 644 658 657
f 657 658 670
f 657 670 669
f 669 670 684
f 669 684 683
f 683 684 698
f 683 698 697
f 697 698 706
f 697 706 705
f 705 706 715
f 705 715 714
f 714 715 726
f 714 726 725
f 725 726 591
f 725 591 590
f 590 591 601
f 590 601 600
f 600 601 523
f 600 523 522
f 522 523 459
f 522 459 458
f 458 459 403
f 458 403 402
f 402 403 337
f 402 337 336
f 336 337 279
f 336 279 278
f 278 279 274
f 278 274 273
f 273 274 269
f 273 269 268
f 268 269 180
f 268 180 179
f 179 180 174
f 179 174 173
f 173 174 168
f 173 168 167
f 167 168 161
f 167 161 160
f 160 161 154
f 160 154 153
f 153 154 147
f 153 147 146
f 146 147 136
f 146 136 135
f 135 136 250
f 135 250 249
f 249 250 247
f 249 247 246
f 246 247 316
f 246 316 315
f 315 316 376
f 315 376 375
f 375 376 439
f 375 439 438
f 438 439 494
f 698 168 174
f 168 698 161
f 715 706 174
f 174 706 698
f 698 684 161
f 161 684 670
f 161 670 658
f 494 439 161
f 161 439 154
f 154 439 376
f 154 376 147
f 337 403 715
f 715 403 459
f 161 562 494
f 715 174 180
f 161 658 645
f 180 269 715
f 715 269 274
f 376 316 147
f 147 316 247
f 247 250 147
f 147 250 136
f 274 279 715
f 715 279 337
f 459 523 715
f 715 523 726
f 726 523 601
f 645 564 161
f 161 564 562
f 601 591 726
f 407 408 463
f 463 408 464
f 795 796 790
f 790 796 791
f 435 436 372
f 372 436 373
f 41 42 160
f 160 42 161
f 167 168 54
f 54 168 55
f 552 483 484
f 484 485 553
f 484 553 552
f 430 485 484
f 429 430 484
f 552 550 551
f 552 551 483
f 471 538 539
f 471 349 538
f 293 292 349
f 471 350 349
f 349 350 293
f 350 471 351
f 351 471 416
f 416 352 351
f 471 539 540
f 430 429 365
f 538 550 552
f 538 552 539
f 292 349 304
f 304 349 363
f 350 351 365
f 364 350 365
f 350 364 363
f 350 363 349
f 416 430 351
f 351 430 365
f 430 416 471
f 430 471 485
f 485 471 540
f 485 540 553
f 553 540 539
f 553 539 552
f 507 261 264
f 261 507 508
f 509 261 508
f 509 386 262
f 509 262 261
f 510 446 509
f 509 446 386
f 447 446 509
f 508 329 330
f 391 447 509
f 508 330 509
f 509 330 391
f 329 508 507
f 329 507 266
f 266 507 264
f 266 264 265
f 330 390 391
f 266 390 329
f 390 330 329
f 262 386 265
f 265 386 390
f 446 447 391
f 446 391 386
f 386 391 390
f 266 265 390
f 519 276 333
f 276 519 275
f 275 519 518
f 400 456 520
f 520 456 521
f 333 334 519
f 519 334 400
f 519 400 520
f 272 271 331
f 452 515 516
f 452 331 271
f 452 271 515
f 515 271 270
f 515 270 514
f 516 517 452
f 517 451 452
f 396 332 452
f 452 332 331
f 400 401 457
f 400 457 456
f 272 277 271
f 271 277 276
f 515 519 520
f 515 520 516
f 518 514 599
f 599 514 589
f 514 518 515
f 515 518 519
f 401 396 452
f 401 452 457
f 457 452 451
f 457 451 456
f 456 451 517
f 456 517 521
f 521 517 516
f 521 516 520
f 277 272 334
f 334 272 331
f 400 335 401
f 277 334 333
f 277 333 276
f 335 400 334
f 401 335 396
f 396 335 332
f 335 334 332
f 332 334 331
f 565 495 252
f 495 317 252
f 317 495 496
f 317 496 497
f 317 497 498
f 317 498 252
f 440 252 498
f 440 377 252
f 252 377 253
f 321 317 256
f 256 317 252
f 253 257 256
f 253 256 252
f 443 442 324
f 322 323 499
f 443 442 501
f 499 323 324
f 500 324 501
f 501 324 442
f 499 257 322
f 442 502 501
f 324 500 499
f 256 257 499
f 500 496 495
f 500 495 499
f 319 323 318
f 318 323 322
f 319 318 377
f 320 377 441
f 320 319 377
f 323 319 324
f 324 319 320
f 324 320 443
f 443 320 441
f 440 441 377
f 253 377 318
f 253 318 257
f 257 318 322
f 500 501 496
f 496 501 497
f 443 441 440
f 443 440 442
f 442 440 498
f 442 498 502
f 502 498 497
f 502 497 501
f 503 325 504
f 504 325 326
f 505 385 444
f 505 444 506
f 504 326 385
f 504 385 505
f 505 444 445
f 505 445 504
f 445 327 326
f 445 326 504
f 445 328 327
f 445 444 328
f 260 325 261
f 261 325 326
f 326 327 385
f 385 445 444
f 385 328 445
f 327 328 385
f 400 399 456
f 275 518 520
f 399 275 456
f 520 521 275
f 275 521 456
f 524 340 341
f 524 339 340
f 281 524 338
f 524 281 339
f 524 341 525
f 525 341 406
f 525 406 462
f 281 282 339
f 462 526 525
f 339 406 341
f 341 340 339
f 275 399 276
f 276 399 400
f 400 406 339
f 339 282 276
f 339 276 400
f 524 525 520
f 524 520 518
f 406 400 456
f 406 456 462
f 462 456 521
f 462 521 526
f 526 521 520
f 526 520 525
f 455 618 513
f 513 618 757
f 405 411 455
f 455 411 467
f 455 470 534
f 757 748 513
f 748 738 513
f 455 467 470
f 455 534 618
f 729 584 738
f 584 513 738
f 513 594 455
f 467 461 534
f 467 534 470
f 748 461 455
f 594 729 455
f 455 729 738
f 461 618 534
f 461 748 611
f 461 611 618
f 455 738 748
f 455 461 405
f 461 467 455
f 611 748 757
f 611 757 618
f 584 594 513
f 729 594 584
f 583 728 404
f 737 404 728
f 404 737 747
f 404 747 756
f 410 404 466
f 454 583 404
f 756 617 404
f 533 469 404
f 404 469 466
f 454 512 583
f 617 533 404
f 465 592 453
f 453 592 582
f 582 511 453
f 592 465 468
f 592 468 727
f 727 468 532
f 746 532 616
f 746 736 532
f 532 736 727
f 746 616 609
f 583 593 728
f 617 756 610
f 610 756 747
f 404 460 454
f 454 453 511
f 454 511 512
f 512 511 582
f 512 582 583
f 582 592 583
f 583 592 593
f 466 469 465
f 465 469 468
f 593 592 727
f 593 727 728
f 728 727 736
f 728 736 737
f 737 736 746
f 737 746 747
f 747 746 609
f 747 609 610
f 610 609 616
f 610 616 617
f 617 616 532
f 617 532 533
f 533 532 468
f 533 468 469
f 416 430 429
f 416 429 415
f 886 880 883
f 880 886 881
f 881 886 887
f 885 882 879
f 885 879 884
f 884 879 878
f 879 885 878
f 878 885 884
f 879 869 868
f 879 868 878
f 869 879 880
f 869 880 881
f 838 825 854
f 854 825 881
f 880 854 881
f 824 837 853
f 824 853 878
f 878 853 879
f 879 853 880
f 880 853 854
f 825 838 824
f 824 838 837
f 881 887 880
f 880 887 886
f 812 813 824
f 824 813 825
f 868 824 878
f 826 812 824
f 813 827 825
f 825 869 881
f 881 873 887
f 869 857 871
f 869 871 881
f 881 871 873
f 817 829 813
f 813 829 827
f 857 869 841
f 841 869 825
f 825 827 841
f 855 869 825
f 881 873 869
f 869 873 871
f 825 869 857
f 825 857 841
f 825 839 855
f 852 868 855
f 855 868 869
f 839 838 855
f 837 838 839
f 836 852 837
f 852 853 837
f 855 854 852
f 854 853 852
f 838 854 855
f 817 814 813
f 813 814 812
f 813 812 811
f 811 812 810
f 811 810 825
f 825 810 824
f 825 824 839
f 839 824 836
f 839 836 837
f 811 825 813
f 868 870 878
f 878 870 872
f 878 872 884
f 824 868 852
f 840 824 826
f 824 840 856
f 824 856 868
f 868 856 870
f 826 812 828
f 828 812 814
f 852 836 824
f 826 828 814
f 814 812 826
f 810 812 824
f 813 812 817
f 817 812 814
f 816 815 814
f 816 814 817
f 814 815 817
f 816 817 815
f 819 821 817
f 820 818 814
f 862 866 861
f 861 866 865
f 866 862 850
f 850 862 846
f 845 849 850
f 845 850 846
f 861 865 849
f 861 849 845
f 890 894 891
f 891 894 895
f 894 890 889
f 894 889 893
f 888 892 893
f 888 893 889
f 877 895 894
f 877 894 893
f 877 893 876
f 876 893 892
f 864 848 865
f 848 849 865
f 849 848 850
f 866 850 851
f 865 866 867
f 866 851 867
f 877 876 867
f 867 876 864
f 867 864 865
f 851 850 848
f 851 848 835
f 835 848 834
f 835 834 823
f 823 834 822
f 892 888 889
f 889 893 892
f 890 894 893
f 890 893 889
f 894 890 895
f 895 890 891
f 835 862 895
f 892 861 834
f 834 861 845
f 835 846 862
f 895 862 894
f 894 862 893
f 893 862 861
f 834 845 835
f 835 845 846
f 861 892 893
f 834 835 822
f 822 835 823
f 822 823 820
f 820 823 821
f 835 847 851
f 867 851 863
f 863 851 847
f 863 877 867
f 834 848 844
f 876 860 864
f 864 860 844
f 864 844 848
f 820 834 822
f 876 892 874
f 874 892 888
f 818 830 828
f 818 828 814
f 876 874 858
f 876 858 860
f 860 858 844
f 844 858 842
f 844 842 834
f 834 842 832
f 834 832 822
f 822 832 820
f 830 818 820
f 830 820 832
f 814 828 830
f 814 830 820
f 858 892 834
f 858 834 842
f 858 874 892
f 820 832 834
f 895 891 875
f 859 895 875
f 895 859 835
f 835 859 843
f 831 821 833
f 821 831 817
f 817 831 829
f 821 835 833
f 835 843 833
f 843 859 847
f 847 859 863
f 863 859 877
f 877 859 875
f 877 875 895
f 821 819 831
f 831 819 829
f 829 819 817
f 833 835 823
f 833 823 821
f 843 847 835
f 823 835 821
f 1142 1158 1143
f 1143 1158 1159
f 1162 1146 1163
f 1146 1128 1147
f 1146 1147 1163
f 1094 1095 1113
f 1148 1129 1149
f 1092 1093 1112
f 1092 1112 1111
f 1158 1160 1162
f 1146 1144 1142
f 1160 1158 1144
f 1144 1158 1142
f 1158 1162 1159
f 1159 1162 1163
f 1161 1145 1159
f 1159 1145 1143
f 1147 1145 1163
f 1163 1145 1161
f 1161 1159 1163
f 1143 1145 1144
f 1143 1144 1142
f 913 914 920
f 920 914 921
f 920 921 913
f 913 921 914
f 943 909 947
f 909 916 947
f 947 916 917
f 947 917 948
f 899 897 923
f 897 916 923
f 955 924 923
f 955 923 954
f 954 923 930
f 954 930 959
f 898 899 922
f 922 899 923
f 958 929 953
f 929 922 953
f 953 922 921
f 953 921 952
f 896 898 915
f 915 898 922
f 945 914 915
f 945 915 946
f 915 908 946
f 946 908 942
f 896 916 897
f 916 896 915
f 935 928 929
f 908 909 916
f 908 916 915
f 936 935 934
f 938 937 930
f 931 938 930
f 932 931 924
f 925 932 924
f 918 925 917
f 903 904 909
f 909 904 910
f 909 908 902
f 909 902 903
f 908 901 902
f 927 920 913
f 911 918 917
f 911 917 910
f 910 917 916
f 925 924 917
f 917 924 916
f 916 924 923
f 931 923 924
f 931 930 923
f 930 929 923
f 923 929 922
f 929 936 935
f 937 936 929
f 937 929 930
f 928 921 922
f 928 922 929
f 920 928 927
f 928 920 921
f 921 913 922
f 922 913 915
f 906 914 913
f 913 914 915
f 927 928 929
f 907 901 908
f 906 907 908
f 906 908 914
f 914 908 915
f 910 916 909
f 997 975 978
f 1040 1055 1056
f 1037 1050 1034
f 1037 1052 1050
f 1052 1037 1051
f 1036 1072 1037
f 1037 1072 1051
f 1057 1078 1036
f 1036 1078 1072
f 1057 1100 1078
f 1056 1099 1057
f 1057 1099 1100
f 1076 1098 1055
f 1099 1056 1098
f 1098 1056 1055
f 987 988 964
f 936 986 937
f 937 986 987
f 937 987 964
f 937 964 938
f 938 964 960
f 938 960 931
f 961 932 931
f 932 961 982
f 932 961 956
f 932 956 925
f 975 949 956
f 925 956 949
f 925 949 918
f 997 1000 1018
f 1032 1016 1018
f 1018 1016 997
f 1004 1021 1000
f 1000 1021 1018
f 1022 1040 1023
f 1023 1040 1056
f 1034 1032 1018
f 1034 1018 1037
f 1037 1018 1021
f 1037 1021 1004
f 1037 1004 1036
f 1036 1004 1003
f 1036 1003 1020
f 1036 1020 1057
f 1057 1020 1024
f 1057 1024 1056
f 1056 1024 1023
f 981 960 988
f 988 960 964
f 978 975 956
f 978 956 982
f 982 956 961
f 1004 982 981
f 981 982 961
f 981 961 960
f 960 961 931
f 986 1022 987
f 987 1022 1023
f 987 1023 988
f 988 1023 1024
f 988 1024 981
f 981 1024 1020
f 981 1020 1004
f 1004 1020 1003
f 1004 1003 982
f 982 1004 978
f 978 1004 1000
f 978 1000 997
f 1074 1053 1054
f 1075 1097 1074
f 1075 1054 1055
f 1075 1055 1076
f 1074 1054 1075
f 986 936 963
f 985 935 936
f 985 936 986
f 962 934 935
f 962 935 984
f 984 935 985
f 1054 1053 1038
f 1005 1006 1038
f 1038 1006 1054
f 1022 1055 1007
f 1007 1055 1006
f 1006 985 986
f 1006 986 1007
f 1005 984 1006
f 1006 984 985
f 1055 1054 1006
f 980 927 984
f 984 927 934
f 980 957 927
f 1110 1091 1070
f 1114 1110 1070
f 1096 1114 1074
f 1074 1114 1070
f 1097 1096 1074
f 934 962 984
f 1035 1019 980
f 1035 980 1038
f 1038 980 984
f 1038 984 1005
f 1070 1035 1074
f 1074 1035 1038
f 1074 1038 1053
f 1002 980 1019
f 951 927 957
f 951 920 927
f 920 951 977
f 977 999 1017
f 980 1002 999
f 999 1002 1019
f 999 1019 1033
f 999 951 980
f 980 951 957
f 977 951 999
f 1110 1109 1091
f 1091 1109 1089
f 1091 1089 1068
f 1091 1068 1070
f 1019 1035 1033
f 1033 1035 1070
f 1068 1033 1070
f 1089 1109 1068
f 1033 1017 999
f 1051 1057 1052
f 1051 1078 1057
f 1100 1099 1078
f 1078 1099 1077
f 1077 1099 1076
f 1099 1098 1076
f 1098 1097 1076
f 1076 1097 1075
f 1097 1115 1114
f 1097 1114 1096
f 1007 986 987
f 919 979 926
f 926 979 983
f 926 983 933
f 933 983 982
f 933 982 932
f 988 938 982
f 982 938 932
f 938 988 937
f 937 988 987
f 987 986 963
f 987 963 937
f 937 963 936
f 1023 1077 1076
f 1076 1055 1023
f 1023 1055 1022
f 1023 1022 1007
f 1024 1078 1023
f 1023 1078 1077
f 1078 1024 1057
f 1041 1037 1052
f 1041 1052 1057
f 1016 1018 998
f 998 1018 1001
f 998 1001 976
f 919 950 979
f 979 950 976
f 1057 1024 1041
f 1041 1024 1008
f 1041 1008 1037
f 1037 1008 1004
f 1001 1018 1000
f 1000 1018 1004
f 1004 1018 1037
f 987 1023 1007
f 976 1001 979
f 979 1001 1000
f 979 1000 983
f 983 1000 1004
f 983 1004 982
f 982 1004 1008
f 982 1008 988
f 988 1008 1024
f 911 905 904
f 971 994 1012
f 1012 994 1028
f 1028 1046 1063
f 944 941 906
f 944 906 913
f 990 989 1025
f 1042 1043 1025
f 900 965 966
f 900 966 901
f 967 902 901
f 967 901 966
f 991 1044 1009
f 990 966 965
f 990 965 989
f 966 990 967
f 967 990 991
f 990 1043 991
f 991 1043 1044
f 1025 1043 990
f 1079 1080 1058
f 1101 1079 1058
f 1104 1101 1063
f 1063 1101 1058
f 1084 1104 1063
f 1012 1028 971
f 906 941 971
f 906 971 965
f 906 965 900
f 971 1028 965
f 965 1028 1025
f 965 1025 989
f 1028 1063 1025
f 1025 1063 1058
f 1025 1058 1042
f 1058 1059 1042
f 1059 1043 1042
f 1060 1044 1059
f 1059 1044 1043
f 1058 1080 1059
f 1010 1009 1044
f 1010 1044 1060
f 968 967 991
f 902 967 968
f 968 903 902
f 904 903 968
f 968 969 904
f 970 911 969
f 969 911 904
f 911 970 972
f 911 972 912
f 912 972 973
f 912 973 919
f 919 973 976
f 919 976 950
f 1016 1030 1032
f 1045 1030 1027
f 1011 1045 1027
f 1045 1011 1062
f 1062 1011 1010
f 1062 1010 1061
f 1030 995 1027
f 1027 995 993
f 1027 993 1011
f 1016 998 997
f 1016 997 1030
f 1030 997 995
f 1060 1061 1010
f 1010 968 991
f 1010 991 1009
f 968 1010 969
f 969 1010 1011
f 969 1011 970
f 970 1011 993
f 970 993 972
f 972 993 995
f 972 995 973
f 973 995 976
f 976 995 997
f 976 997 998
f 974 996 944
f 971 996 994
f 971 941 944
f 971 944 996
f 1030 1048 1049
f 1030 1049 1032
f 1045 1062 1048
f 1082 1083 1062
f 1062 1061 1082
f 1081 1082 1061
f 1102 1079 1101
f 1079 1102 1080
f 996 1015 1031
f 1107 1104 1084
f 1107 1084 1088
f 1084 1066 1088
f 1088 1066 1107
f 996 1031 1028
f 996 1028 994
f 1084 1063 1066
f 1066 1063 1046
f 1031 1066 1046
f 1031 1046 1028
f 1081 1061 1060
f 1060 1059 1081
f 1081 1059 1080
f 1030 1045 1048
f 944 913 974
f 996 974 1015
f 1063 1104 1107
f 1107 1066 1063
f 1043 1059 1058
f 1058 1059 1102
f 1058 1102 1101
f 990 1026 1025
f 941 906 900
f 941 900 940
f 1031 1015 974
f 965 990 1025
f 965 1025 971
f 1025 1028 971
f 971 941 940
f 971 940 965
f 965 940 966
f 1031 974 1028
f 1028 974 971
f 974 944 971
f 1063 1066 1031
f 1063 1031 1028
f 1063 1028 1058
f 1058 1028 1025
f 1058 1025 1043
f 1043 1025 1026
f 919 918 912
f 912 918 911
f 910 904 911
f 938 939 932
f 926 933 932
f 918 919 925
f 925 919 926
f 932 925 926
f 931 932 938
f 1109 1110 1068
f 1039 1038 1054
f 1074 1114 1115
f 1074 1115 1075
f 1068 1110 1070
f 1017 1033 977
f 962 934 927
f 962 927 957
f 977 980 951
f 1039 1006 1038
f 1038 1006 984
f 1038 984 1035
f 1035 984 980
f 984 985 962
f 984 962 980
f 980 962 957
f 977 1033 980
f 980 1033 1035
f 1033 1068 1035
f 1035 1068 1070
f 1035 1070 1038
f 1038 1070 1074
f 1038 1074 1054
f 1125 1124 1108
f 1108 1124 1107
f 1115 1110 1114
f 1076 1098 1077
f 1077 1098 1099
f 1115 1114 1130
f 1115 1130 1131
f 1130 1114 1110
f 1110 1127 1130
f 1048 1013 1014
f 1047 1029 1048
f 1013 1048 1029
f 1047 1064 1087
f 928 937 936
f 901 902 907
f 907 902 903
f 928 936 935
f 934 927 928
f 934 928 935
f 911 918 932
f 932 918 925
f 931 938 928
f 928 938 937
f 906 900 907
f 907 900 901
f 907 903 904
f 907 904 910
f 1121 1104 1124
f 1124 1104 1107
f 1117 1101 1121
f 1121 1101 1104
f 1101 1117 1118
f 1101 1118 1102
f 1107 1109 1124
f 1124 1109 1126
f 1110 1127 1109
f 1109 1127 1126
f 1109 1107 1068
f 1068 1107 1066
f 1068 1066 1033
f 1033 1066 1031
f 1033 1031 1017
f 1017 1031 996
f 1017 996 977
f 977 996 974
f 977 974 944
f 977 944 951
f 951 944 913
f 951 913 920
f 1034 1032 1050
f 1073 1051 1052
f 1073 1072 1051
f 1047 1064 1065
f 1047 1065 1048
f 1050 1032 1049
f 1067 1050 1049
f 1052 1069 1073
f 1062 1083 1087
f 1052 1050 1069
f 1069 1050 1067
f 1067 1049 1048
f 1062 1087 1064
f 1067 1048 1064
f 1064 1048 1065
f 1069 1072 1073
f 1095 1078 1072
f 1078 1095 1100
f 1125 1121 1124
f 1118 1117 1122
f 1122 1117 1125
f 1125 1117 1121
f 1126 1107 1124
f 1110 1107 1127
f 1127 1107 1126
f 1064 1048 1047
f 1064 1047 1062
f 1072 1051 1078
f 1132 1116 1133
f 1099 1100 1132
f 1132 1100 1116
f 1132 1098 1099
f 1132 1115 1098
f 1132 1131 1115
f 1151 1150 1132
f 1132 1150 1131
f 1132 1152 1151
f 1132 1153 1152
f 1132 1133 1153
f 1115 1097 1098
f 1131 1111 1115
f 1131 1128 1111
f 1150 1146 1131
f 1131 1146 1128
f 1151 1147 1146
f 1151 1146 1150
f 1147 1151 1163
f 1163 1151 1165
f 1163 1165 1166
f 1163 1166 1164
f 1164 1166 1152
f 1164 1152 1148
f 1148 1152 1149
f 1149 1152 1153
f 1149 1153 1133
f 1149 1133 1129
f 1129 1133 1113
f 1113 1133 1116
f 1113 1116 1095
f 1095 1116 1100
f 1099 1095 1100
f 1099 1094 1095
f 1115 1111 1092
f 1115 1092 1097
f 1097 1092 1093
f 1097 1093 1098
f 1098 1093 1094
f 1098 1094 1099
f 1165 1151 1152
f 1165 1152 1166
f 1067 1064 1069
f 1069 1064 1087
f 1069 1087 1090
f 1069 1090 1072
f 1072 1090 1095
f 1094 1071 1095
f 1072 1095 1071
f 1095 1090 1087
f 1095 1087 1113
f 1113 1087 1106
f 1123 1129 1106
f 1106 1129 1113
f 1141 1149 1123
f 1123 1149 1129
f 1157 1164 1140
f 1140 1164 1148
f 1140 1148 1141
f 1141 1148 1149
f 1139 1147 1156
f 1156 1147 1163
f 1156 1163 1157
f 1157 1163 1164
f 1138 1146 1139
f 1139 1146 1147
f 1122 1128 1138
f 1138 1128 1146
f 1105 1111 1122
f 1122 1111 1128
f 1086 1082 1087
f 1087 1082 1083
f 1087 1083 1103
f 1087 1103 1106
f 1106 1103 1120
f 1106 1120 1123
f 1123 1120 1137
f 1123 1137 1141
f 1141 1137 1136
f 1141 1136 1140
f 1140 1136 1155
f 1140 1155 1157
f 1157 1155 1154
f 1157 1154 1156
f 1156 1154 1135
f 1156 1135 1139
f 1139 1135 1134
f 1139 1134 1138
f 1138 1134 1118
f 1138 1118 1122
f 1122 1118 1102
f 1122 1102 1105
f 1155 1136 1135
f 1155 1135 1154
f 1105 1102 1080
f 1105 1080 1085
f 1061 992 1080
f 1080 992 991
f 1080 991 990
f 1080 1081 1061
f 1137 1120 1136
f 1135 1118 1134
f 1081 1080 1102
f 1082 1103 1083
f 1119 1102 1118
f 1081 1102 1119
f 1119 1082 1081
f 1103 1082 1119
f 1119 1120 1103
f 1136 1120 1119
f 1119 1135 1136
f 1118 1135 1119
f 928 913 931
f 931 913 906
f 906 907 931
f 931 907 910
f 928 927 913
f 932 931 911
f 911 931 910
f 1375 1374 1373
f 1373 1374 1368
f 1373 1368 1367
f 1367 1368 1366
f 1367 1366 1361
f 1361 1366 1352
f 1361 1352 1348
f 1348 1352 1325
f 1348 1325 1321
f 1321 1325 1330
f 1321 1330 1326
f 1326 1330 1331
f 1331 1330 1335
f 1331 1335 1341
f 1331 1341 1336
f 1336 1341 1356
f 1336 1356 1355
f 1355 1356 1372
f 1355 1372 1371
f 1371 1372 1370
f 1371 1370 1369
f 1369 1370 1376
f 1369 1376 1375
f 1375 1376 1374
f 1330 1353 1335
f 1353 1356 1341
f 1353 1341 1335
f 1353 1372 1356
f 1353 1370 1372
f 1374 1376 1353
f 1353 1376 1370
f 1368 1374 1353
f 1353 1366 1368
f 1353 1352 1366
f 1330 1325 1353
f 1353 1325 1352
f 1331 1354 1326
f 1354 1348 1321
f 1354 1321 1326
f 1354 1361 1348
f 1354 1367 1361
f 1375 1373 1354
f 1354 1373 1367
f 1369 1375 1354
f 1354 1371 1369
f 1354 1355 1371
f 1331 1336 1354
f 1354 1336 1355
f 1201 1224 1223
f 1223 1200 1201
f 1201 1219 1224
f 1170 1176 1175
f 1176 1170 1171
f 1176 1171 1172
f 1176 1172 1177
f 1219 1220 1201
f 1202 1201 1220
f 1324 1351 1325
f 1325 1351 1352
f 1304 1330 1308
f 1308 1330 1335
f 1312 1340 1316
f 1316 1340 1339
f 1316 1339 1343
f 1316 1343 1315
f 1366 1352 1365
f 1352 1351 1365
f 1365 1351 1347
f 1365 1347 1360
f 1360 1347 1359
f 1359 1347 1346
f 1346 1319 1295
f 1170 1181 1182
f 1170 1182 1171
f 1171 1182 1172
f 1182 1183 1172
f 1185 1177 1172
f 1185 1172 1183
f 1195 1214 1197
f 1197 1214 1216
f 1202 1220 1219
f 1202 1219 1201
f 1245 1223 1224
f 1245 1224 1246
f 1308 1307 1304
f 1304 1307 1303
f 1304 1303 1330
f 1330 1303 1329
f 1335 1334 1307
f 1335 1307 1308
f 1312 1316 1311
f 1315 1311 1316
f 1324 1325 1329
f 1329 1325 1330
f 1325 1352 1323
f 1323 1352 1350
f 1330 1325 1328
f 1328 1325 1323
f 1330 1328 1335
f 1335 1328 1333
f 1333 1334 1335
f 1334 1333 1339
f 1334 1339 1340
f 1340 1339 1343
f 1365 1360 1363
f 1363 1360 1359
f 1364 1366 1365
f 1364 1365 1363
f 1364 1350 1366
f 1366 1350 1352
f 1211 1212 1193
f 1274 1296 1299
f 1274 1299 1277
f 1273 1295 1274
f 1274 1295 1296
f 1190 1182 1189
f 1189 1182 1181
f 1183 1182 1190
f 1191 1183 1190
f 1191 1185 1183
f 1232 1193 1212
f 1195 1193 1232
f 1234 1195 1232
f 1234 1214 1195
f 1238 1214 1234
f 1197 1216 1238
f 1238 1216 1214
f 1237 1197 1238
f 1202 1197 1237
f 1202 1241 1201
f 1241 1202 1237
f 1241 1219 1201
f 1246 1224 1241
f 1241 1224 1219
f 1312 1334 1340
f 1281 1303 1307
f 1281 1307 1285
f 1277 1299 1281
f 1281 1299 1303
f 1232 1212 1231
f 1253 1232 1231
f 1253 1231 1250
f 1231 1212 1211
f 1211 1207 1228
f 1227 1249 1228
f 1228 1249 1250
f 1228 1207 1227
f 1227 1207 1206
f 1231 1211 1228
f 1231 1228 1250
f 1189 1206 1190
f 1190 1206 1207
f 1190 1207 1211
f 1190 1211 1191
f 1191 1211 1193
f 1191 1193 1185
f 1265 1270 1241
f 1265 1241 1261
f 1232 1253 1254
f 1232 1254 1234
f 1234 1254 1258
f 1234 1258 1257
f 1234 1257 1237
f 1237 1257 1261
f 1237 1261 1241
f 1269 1245 1270
f 1270 1245 1246
f 1270 1246 1241
f 1237 1238 1234
f 1288 1312 1292
f 1292 1312 1291
f 1291 1312 1311
f 1291 1311 1315
f 1288 1285 1312
f 1285 1307 1312
f 1312 1307 1334
f 1291 1269 1292
f 1292 1269 1270
f 1292 1270 1288
f 1288 1270 1265
f 1288 1265 1285
f 1285 1265 1261
f 1285 1261 1307
f 1249 1273 1250
f 1250 1273 1274
f 1250 1274 1253
f 1253 1274 1277
f 1253 1277 1254
f 1254 1277 1258
f 1258 1277 1281
f 1258 1281 1257
f 1257 1281 1261
f 1261 1281 1285
f 1189 1181 1206
f 1329 1303 1299
f 1324 1329 1299
f 1295 1319 1320
f 1324 1299 1320
f 1320 1299 1296
f 1320 1296 1295
f 1351 1324 1347
f 1347 1324 1320
f 1347 1320 1346
f 1346 1320 1319
f 1223 1222 1200
f 1222 1221 1200
f 1200 1221 1199
f 1199 1221 1218
f 1168 1169 1174
f 1174 1169 1175
f 1175 1169 1170
f 1174 1173 1167
f 1174 1167 1168
f 1217 1218 1198
f 1198 1218 1199
f 1349 1322 1348
f 1348 1322 1321
f 1357 1344 1362
f 1362 1344 1349
f 1344 1357 1358
f 1344 1358 1345
f 1346 1318 1345
f 1346 1345 1359
f 1359 1345 1358
f 1318 1346 1294
f 1294 1346 1295
f 1294 1295 1273
f 1294 1273 1272
f 1272 1273 1249
f 1272 1249 1248
f 1181 1205 1206
f 1206 1205 1226
f 1206 1226 1227
f 1227 1226 1249
f 1249 1226 1248
f 1181 1180 1205
f 1180 1169 1168
f 1180 1168 1179
f 1167 1178 1179
f 1167 1179 1168
f 1213 1194 1196
f 1196 1215 1213
f 1222 1244 1221
f 1221 1244 1243
f 1244 1222 1223
f 1244 1223 1245
f 1178 1167 1173
f 1178 1173 1184
f 1169 1180 1181
f 1169 1181 1170
f 1362 1349 1348
f 1362 1348 1361
f 1305 1331 1326
f 1305 1326 1301
f 1337 1309 1313
f 1337 1313 1338
f 1338 1313 1342
f 1342 1313 1314
f 1314 1315 1342
f 1342 1315 1343
f 1321 1322 1326
f 1326 1322 1327
f 1326 1327 1301
f 1327 1302 1301
f 1301 1302 1305
f 1302 1306 1305
f 1305 1306 1331
f 1331 1306 1332
f 1313 1309 1310
f 1313 1310 1314
f 1314 1310 1315
f 1315 1310 1311
f 1348 1321 1323
f 1337 1338 1339
f 1337 1339 1332
f 1332 1339 1333
f 1333 1331 1332
f 1328 1326 1333
f 1333 1326 1331
f 1323 1321 1328
f 1328 1321 1326
f 1350 1348 1323
f 1338 1342 1339
f 1339 1342 1343
f 1362 1361 1364
f 1363 1359 1358
f 1363 1358 1357
f 1357 1362 1363
f 1363 1362 1364
f 1350 1364 1361
f 1348 1350 1361
f 1269 1291 1290
f 1302 1280 1306
f 1306 1280 1284
f 1309 1332 1306
f 1315 1314 1291
f 1240 1218 1221
f 1240 1221 1243
f 1199 1218 1240
f 1240 1198 1199
f 1198 1240 1236
f 1198 1236 1196
f 1196 1236 1235
f 1215 1196 1235
f 1233 1213 1235
f 1235 1213 1215
f 1192 1194 1209
f 1209 1194 1213
f 1178 1184 1186
f 1186 1184 1192
f 1187 1178 1186
f 1179 1178 1187
f 1188 1180 1179
f 1294 1272 1271
f 1271 1293 1294
f 1276 1298 1271
f 1271 1298 1293
f 1267 1264 1240
f 1260 1240 1264
f 1245 1269 1244
f 1244 1269 1268
f 1244 1268 1243
f 1243 1268 1267
f 1243 1267 1240
f 1260 1236 1240
f 1235 1236 1260
f 1235 1260 1233
f 1233 1260 1256
f 1251 1229 1255
f 1255 1229 1233
f 1255 1233 1256
f 1229 1251 1252
f 1229 1252 1230
f 1230 1252 1225
f 1225 1252 1247
f 1229 1209 1233
f 1233 1209 1213
f 1230 1209 1229
f 1204 1187 1210
f 1210 1187 1186
f 1210 1186 1192
f 1210 1192 1209
f 1179 1187 1188
f 1188 1187 1204
f 1188 1204 1205
f 1205 1204 1225
f 1205 1225 1226
f 1226 1225 1247
f 1226 1247 1248
f 1225 1204 1230
f 1230 1204 1210
f 1230 1210 1209
f 1272 1248 1271
f 1271 1248 1247
f 1271 1247 1276
f 1276 1247 1252
f 1276 1252 1251
f 1291 1314 1290
f 1290 1314 1310
f 1290 1310 1289
f 1289 1310 1309
f 1289 1309 1287
f 1306 1284 1309
f 1268 1269 1290
f 1268 1290 1267
f 1267 1290 1289
f 1267 1289 1264
f 1264 1289 1287
f 1264 1287 1260
f 1337 1332 1309
f 1287 1309 1284
f 1287 1284 1260
f 1260 1284 1256
f 1256 1284 1280
f 1256 1280 1255
f 1255 1280 1302
f 1255 1302 1251
f 1251 1302 1298
f 1251 1298 1276
f 1180 1188 1205
f 1298 1327 1322
f 1302 1327 1298
f 1318 1294 1293
f 1298 1322 1293
f 1293 1322 1317
f 1293 1317 1318
f 1322 1349 1317
f 1317 1349 1344
f 1317 1344 1318
f 1318 1344 1345
f 1198 1197 1202
f 1202 1201 1200
f 1202 1200 1198
f 1198 1200 1199
f 1173 1174 1184
f 1184 1174 1175
f 1176 1177 1185
f 1176 1185 1175
f 1175 1185 1184
f 1193 1192 1185
f 1185 1192 1184
f 1195 1194 1192
f 1195 1192 1193
f 1197 1196 1195
f 1195 1196 1194
f 1196 1197 1198
f 1278 1299 1300
f 1299 1278 1277
f 1277 1296 1299
f 1238 1216 1234
f 1234 1216 1214
f 1238 1202 1197
f 1219 1220 1241
f 1241 1220 1242
f 1242 1220 1202
f 1308 1286 1304
f 1304 1286 1282
f 1278 1300 1282
f 1282 1300 1304
f 1296 1277 1274
f 1274 1277 1250
f 1228 1253 1232
f 1208 1228 1212
f 1212 1228 1232
f 1191 1208 1193
f 1193 1208 1212
f 1190 1207 1191
f 1269 1245 1246
f 1269 1246 1270
f 1234 1258 1238
f 1238 1258 1262
f 1315 1291 1316
f 1316 1291 1292
f 1316 1292 1312
f 1242 1238 1262
f 1242 1262 1266
f 1266 1262 1286
f 1266 1286 1288
f 1288 1286 1312
f 1238 1242 1202
f 1288 1265 1266
f 1266 1265 1241
f 1266 1241 1242
f 1191 1207 1208
f 1208 1207 1228
f 1228 1250 1253
f 1253 1250 1277
f 1254 1277 1278
f 1254 1278 1258
f 1258 1278 1282
f 1258 1282 1262
f 1262 1282 1286
f 1262 1286 1308
f 1286 1308 1312
f 1312 1308 1335
f 1312 1335 1334
f 1300 1325 1330
f 1300 1330 1304
f 1325 1300 1324
f 1324 1300 1299
f 1324 1299 1296
f 1324 1296 1320
f 1320 1296 1319
f 1319 1296 1295
f 1283 1305 1279
f 1279 1305 1301
f 1309 1332 1305
f 1305 1332 1331
f 1240 1217 1218
f 1239 1198 1240
f 1240 1198 1217
f 1235 1196 1239
f 1239 1196 1198
f 1186 1178 1192
f 1192 1178 1184
f 1276 1298 1293
f 1276 1293 1271
f 1275 1298 1276
f 1275 1297 1298
f 1268 1244 1245
f 1245 1269 1268
f 1259 1235 1263
f 1263 1235 1239
f 1263 1239 1264
f 1264 1239 1240
f 1255 1233 1259
f 1259 1233 1235
f 1252 1225 1229
f 1225 1204 1203
f 1225 1203 1229
f 1229 1203 1209
f 1204 1187 1186
f 1204 1186 1203
f 1203 1186 1209
f 1209 1186 1192
f 1276 1252 1275
f 1275 1252 1251
f 1290 1314 1289
f 1289 1314 1313
f 1289 1313 1287
f 1287 1313 1309
f 1287 1309 1283
f 1283 1309 1305
f 1264 1287 1263
f 1263 1287 1283
f 1263 1283 1259
f 1259 1283 1255
f 1255 1283 1279
f 1255 1279 1301
f 1255 1301 1251
f 1251 1301 1297
f 1251 1297 1275
f 1326 1321 1297
f 1297 1301 1326
f 1321 1322 1349
f 1297 1321 1298
f 1298 1321 1322
f 1293 1317 1294
f 1294 1317 1318
f 1491 1489 1490
f 1491 1490 1514
f 1514 1513 1488
f 1514 1488 1491
f 1491 1492 1489
f 1513 1514 1535
f 1535 1514 1536
f 1535 1536 1553
f 1553 1536 1554
f 1553 1554 1571
f 1571 1587 1586
f 1586 1570 1571
f 1571 1570 1553
f 1603 1602 1585
f 1585 1602 1584
f 1584 1586 1585
f 1585 1586 1587
f 1613 1612 1597
f 1597 1612 1596
f 1594 1595 1610
f 1610 1595 1611
f 1595 1594 1578
f 1595 1578 1579
f 1612 1625 1611
f 1611 1633 1632
f 1611 1632 1628
f 1611 1631 1635
f 1635 1634 1611
f 1611 1628 1623
f 1597 1596 1580
f 1597 1580 1581
f 1625 1624 1611
f 1611 1624 1631
f 1611 1634 1633
f 1623 1622 1611
f 1529 1530 1548
f 1529 1548 1547
f 1563 1579 1578
f 1581 1580 1564
f 1581 1564 1565
f 1565 1564 1547
f 1565 1547 1548
f 1578 1562 1563
f 1563 1562 1546
f 1546 1562 1545
f 1546 1545 1524
f 1524 1545 1523
f 1614 1615 1612
f 1614 1612 1611
f 1615 1614 1600
f 1600 1614 1599
f 1600 1599 1601
f 1601 1599 1603
f 1603 1599 1598
f 1603 1598 1602
f 1495 1503 1502
f 1495 1502 1494
f 1472 1471 1463
f 1464 1472 1463
f 1465 1466 1473
f 1473 1466 1474
f 1498 1499 1505
f 1498 1505 1504
f 1494 1414 1495
f 1495 1414 1415
f 1495 1415 1503
f 1503 1415 1423
f 1503 1423 1502
f 1502 1423 1422
f 1502 1422 1494
f 1494 1422 1414
f 1503 1463 1495
f 1526 1464 1503
f 1503 1464 1463
f 1526 1472 1464
f 1526 1527 1472
f 1472 1527 1473
f 1527 1465 1473
f 1504 1466 1527
f 1527 1466 1465
f 1498 1466 1504
f 1498 1418 1499
f 1499 1418 1419
f 1499 1419 1505
f 1505 1419 1425
f 1505 1425 1504
f 1504 1425 1424
f 1504 1424 1498
f 1498 1424 1418
f 1467 1466 1424
f 1467 1424 1425
f 1474 1471 1473
f 1473 1471 1472
f 1423 1463 1462
f 1423 1462 1422
f 1428 1435 1434
f 1429 1435 1428
f 1430 1431 1437
f 1436 1430 1437
f 1480 1436 1481
f 1481 1436 1437
f 1478 1434 1479
f 1479 1434 1435
f 1463 1423 1415
f 1463 1415 1495
f 1503 1495 1517
f 1525 1503 1517
f 1526 1503 1525
f 1526 1525 1518
f 1518 1525 1517
f 1496 1518 1517
f 1495 1496 1517
f 1496 1497 1518
f 1518 1497 1519
f 1518 1519 1526
f 1526 1519 1527
f 1504 1527 1528
f 1528 1527 1520
f 1520 1527 1519
f 1504 1528 1520
f 1498 1504 1520
f 1498 1520 1519
f 1498 1519 1497
f 1424 1466 1418
f 1418 1466 1498
f 1475 1474 1466
f 1475 1466 1467
f 1462 1463 1470
f 1470 1463 1471
f 1470 1471 1475
f 1475 1471 1474
f 1484 1440 1478
f 1478 1440 1434
f 1470 1428 1434
f 1470 1434 1478
f 1429 1428 1471
f 1471 1428 1470
f 1479 1435 1429
f 1479 1429 1471
f 1474 1430 1436
f 1474 1436 1480
f 1431 1430 1475
f 1475 1430 1474
f 1481 1437 1431
f 1481 1431 1475
f 1437 1441 1485
f 1437 1485 1481
f 1441 1440 1485
f 1485 1440 1484
f 1484 1478 1479
f 1481 1485 1480
f 1484 1479 1480
f 1484 1480 1485
f 1447 1446 1441
f 1441 1446 1445
f 1441 1445 1440
f 1440 1445 1444
f 1404 1390 1462
f 1404 1462 1470
f 1404 1470 1408
f 1404 1422 1390
f 1390 1422 1462
f 1382 1404 1390
f 1382 1398 1404
f 1398 1382 1414
f 1383 1415 1382
f 1382 1415 1414
f 1495 1415 1383
f 1495 1383 1496
f 1496 1383 1384
f 1384 1385 1496
f 1496 1385 1497
f 1386 1418 1498
f 1386 1498 1385
f 1385 1498 1497
f 1391 1405 1387
f 1387 1405 1401
f 1401 1419 1387
f 1387 1419 1386
f 1386 1419 1418
f 1405 1391 1425
f 1425 1391 1467
f 1475 1467 1409
f 1409 1467 1405
f 1405 1467 1391
f 1408 1470 1428
f 1434 1408 1428
f 1475 1409 1431
f 1409 1437 1431
f 1437 1438 1441
f 1441 1438 1442
f 1438 1437 1482
f 1482 1437 1481
f 1433 1434 1440
f 1433 1440 1439
f 1475 1476 1481
f 1481 1476 1482
f 1434 1433 1477
f 1434 1477 1478
f 1469 1470 1478
f 1469 1478 1477
f 1471 1474 1479
f 1474 1480 1479
f 1434 1433 1427
f 1434 1427 1408
f 1427 1407 1408
f 1408 1407 1404
f 1404 1407 1389
f 1404 1389 1390
f 1380 1386 1385
f 1380 1385 1379
f 1377 1378 1384
f 1377 1384 1383
f 1390 1389 1382
f 1392 1391 1387
f 1392 1387 1388
f 1384 1378 1385
f 1385 1378 1379
f 1382 1389 1381
f 1405 1391 1392
f 1405 1392 1409
f 1409 1392 1410
f 1438 1437 1432
f 1432 1437 1409
f 1432 1409 1410
f 1432 1431 1438
f 1438 1431 1437
f 1428 1470 1427
f 1427 1470 1469
f 1433 1434 1428
f 1433 1428 1427
f 1439 1440 1434
f 1439 1434 1433
f 1414 1422 1413
f 1413 1422 1421
f 1404 1421 1422
f 1404 1403 1421
f 1403 1404 1397
f 1404 1398 1397
f 1405 1402 1401
f 1402 1405 1406
f 1425 1406 1405
f 1425 1426 1406
f 1425 1420 1426
f 1425 1419 1420
f 1475 1431 1476
f 1476 1431 1432
f 1440 1444 1443
f 1444 1445 1443
f 1440 1443 1439
f 1439 1483 1477
f 1477 1483 1509
f 1433 1439 1477
f 1477 1509 1507
f 1507 1469 1477
f 1507 1509 1533
f 1501 1507 1523
f 1523 1507 1531
f 1533 1531 1507
f 1532 1508 1530
f 1506 1530 1508
f 1508 1532 1534
f 1508 1534 1510
f 1442 1438 1482
f 1510 1486 1482
f 1482 1476 1508
f 1442 1482 1486
f 1508 1510 1482
f 1448 1446 1447
f 1448 1441 1442
f 1447 1441 1448
f 1549 1551 1566
f 1584 1582 1566
f 1523 1531 1549
f 1549 1531 1533
f 1546 1524 1523
f 1546 1545 1563
f 1563 1545 1562
f 1568 1584 1566
f 1533 1551 1568
f 1549 1533 1551
f 1551 1533 1566
f 1566 1533 1568
f 1614 1611 1595
f 1599 1614 1595
f 1599 1595 1579
f 1579 1563 1582
f 1579 1582 1599
f 1599 1582 1598
f 1546 1523 1545
f 1545 1523 1549
f 1545 1549 1562
f 1562 1549 1566
f 1562 1566 1563
f 1563 1566 1582
f 1598 1582 1584
f 1598 1584 1602
f 1595 1594 1611
f 1606 1607 1591
f 1635 1631 1630
f 1635 1630 1634
f 1628 1632 1629
f 1629 1632 1633
f 1610 1611 1594
f 1612 1609 1621
f 1612 1621 1625
f 1596 1593 1609
f 1612 1596 1609
f 1607 1619 1620
f 1620 1608 1607
f 1591 1607 1608
f 1618 1606 1617
f 1617 1606 1605
f 1606 1618 1607
f 1607 1618 1619
f 1590 1606 1591
f 1589 1605 1590
f 1590 1605 1606
f 1623 1616 1622
f 1622 1616 1604
f 1622 1604 1611
f 1629 1633 1630
f 1630 1633 1634
f 1625 1621 1624
f 1624 1621 1620
f 1624 1620 1630
f 1630 1620 1619
f 1630 1619 1627
f 1630 1627 1629
f 1629 1627 1626
f 1629 1626 1618
f 1629 1618 1623
f 1623 1618 1617
f 1623 1617 1616
f 1609 1608 1620
f 1617 1605 1604
f 1621 1609 1620
f 1627 1619 1626
f 1626 1619 1618
f 1616 1617 1604
f 1631 1624 1630
f 1628 1629 1623
f 1611 1604 1595
f 1595 1604 1588
f 1608 1592 1591
f 1593 1592 1609
f 1609 1592 1608
f 1604 1605 1588
f 1588 1605 1589
f 1573 1557 1556
f 1576 1560 1559
f 1407 1403 1389
f 1406 1410 1392
f 1507 1501 1469
f 1461 1414 1413
f 1461 1413 1421
f 1453 1454 1414
f 1419 1459 1460
f 1419 1460 1420
f 1460 1426 1420
f 1394 1395 1379
f 1379 1395 1380
f 1380 1395 1396
f 1380 1396 1386
f 1386 1396 1400
f 1386 1400 1387
f 1387 1400 1401
f 1394 1411 1395
f 1395 1411 1412
f 1395 1412 1418
f 1395 1418 1400
f 1400 1418 1419
f 1400 1419 1401
f 1412 1417 1418
f 1406 1392 1402
f 1402 1392 1388
f 1402 1388 1401
f 1401 1388 1387
f 1432 1410 1406
f 1426 1432 1406
f 1451 1457 1452
f 1497 1457 1496
f 1496 1457 1451
f 1417 1457 1418
f 1418 1457 1458
f 1418 1458 1419
f 1419 1458 1459
f 1426 1468 1432
f 1432 1468 1476
f 1508 1476 1506
f 1468 1426 1460
f 1468 1506 1476
f 1457 1497 1458
f 1458 1497 1498
f 1458 1498 1459
f 1459 1498 1499
f 1459 1499 1500
f 1459 1500 1460
f 1460 1500 1468
f 1468 1500 1506
f 1565 1548 1561
f 1561 1548 1544
f 1561 1544 1543
f 1561 1543 1560
f 1560 1543 1542
f 1597 1581 1596
f 1596 1581 1580
f 1596 1580 1593
f 1593 1580 1577
f 1593 1577 1592
f 1592 1577 1576
f 1560 1576 1561
f 1561 1576 1577
f 1561 1577 1565
f 1565 1577 1580
f 1565 1580 1581
f 1539 1517 1538
f 1538 1517 1516
f 1538 1516 1537
f 1537 1516 1515
f 1537 1515 1545
f 1545 1515 1523
f 1548 1530 1544
f 1544 1530 1522
f 1544 1522 1543
f 1543 1522 1521
f 1543 1521 1542
f 1542 1521 1520
f 1542 1520 1541
f 1541 1520 1519
f 1541 1519 1540
f 1540 1519 1518
f 1540 1518 1539
f 1539 1518 1517
f 1589 1573 1588
f 1588 1573 1572
f 1588 1572 1595
f 1595 1572 1579
f 1562 1578 1579
f 1562 1579 1555
f 1555 1579 1572
f 1555 1572 1556
f 1556 1572 1573
f 1591 1575 1590
f 1590 1575 1574
f 1590 1574 1589
f 1589 1574 1573
f 1591 1592 1576
f 1591 1576 1575
f 1575 1576 1559
f 1575 1559 1574
f 1574 1559 1558
f 1574 1558 1557
f 1574 1557 1573
f 1557 1539 1556
f 1556 1539 1538
f 1556 1538 1555
f 1555 1538 1537
f 1555 1537 1562
f 1562 1537 1545
f 1407 1427 1421
f 1421 1403 1407
f 1389 1403 1381
f 1381 1403 1397
f 1381 1397 1382
f 1382 1397 1398
f 1461 1421 1469
f 1469 1421 1427
f 1453 1414 1461
f 1383 1382 1398
f 1383 1398 1399
f 1399 1398 1414
f 1399 1414 1415
f 1379 1378 1394
f 1415 1411 1394
f 1415 1394 1393
f 1393 1394 1377
f 1378 1377 1394
f 1396 1395 1400
f 1454 1415 1414
f 1494 1454 1493
f 1493 1454 1453
f 1493 1453 1501
f 1501 1453 1461
f 1501 1461 1469
f 1453 1454 1461
f 1383 1399 1393
f 1415 1454 1455
f 1455 1454 1494
f 1455 1494 1495
f 1455 1495 1456
f 1495 1496 1456
f 1456 1496 1451
f 1451 1452 1412
f 1412 1411 1451
f 1451 1411 1456
f 1456 1411 1416
f 1456 1416 1455
f 1452 1457 1417
f 1452 1417 1412
f 1416 1411 1415
f 1416 1415 1455
f 1560 1542 1559
f 1559 1542 1541
f 1559 1541 1558
f 1558 1541 1540
f 1558 1540 1557
f 1557 1540 1539
f 1517 1495 1516
f 1516 1495 1494
f 1516 1494 1515
f 1515 1494 1493
f 1515 1493 1523
f 1523 1493 1501
f 1530 1506 1522
f 1522 1506 1500
f 1522 1500 1521
f 1521 1500 1499
f 1521 1499 1520
f 1520 1499 1498
f 1415 1393 1399
f 1393 1377 1383
f 1532 1530 1548
f 1532 1550 1552
f 1532 1552 1534
f 1603 1585 1583
f 1603 1583 1601
f 1547 1564 1548
f 1564 1565 1548
f 1548 1550 1532
f 1596 1612 1600
f 1596 1600 1580
f 1580 1600 1583
f 1580 1583 1564
f 1564 1583 1565
f 1565 1583 1567
f 1565 1567 1548
f 1548 1567 1550
f 1567 1583 1585
f 1567 1585 1569
f 1569 1552 1567
f 1567 1552 1550
f 1601 1583 1600
f 1615 1600 1612
f 1446 1448 1445
f 1443 1445 1448
f 1488 1513 1487
f 1443 1449 1488
f 1488 1449 1491
f 1487 1443 1488
f 1439 1443 1483
f 1483 1511 1509
f 1511 1533 1509
f 1553 1570 1568
f 1568 1570 1586
f 1568 1586 1584
f 1553 1568 1551
f 1551 1533 1553
f 1513 1535 1511
f 1513 1511 1487
f 1487 1511 1483
f 1487 1483 1443
f 1511 1535 1533
f 1533 1535 1553
f 1490 1486 1512
f 1512 1510 1534
f 1486 1442 1512
f 1512 1486 1510
f 1490 1448 1486
f 1450 1448 1490
f 1490 1489 1450
f 1450 1489 1492
f 1552 1569 1554
f 1552 1554 1534
f 1585 1587 1569
f 1569 1587 1571
f 1569 1571 1554
f 1514 1490 1512
f 1514 1512 1536
f 1534 1554 1536
f 1534 1536 1512
f 1442 1486 1448
f 1443 1448 1450
f 1492 1449 1443
f 1492 1443 1450
f 1492 1491 1449
f 1643 1773 1765
f 1670 1643 1765
f 1765 1764 1670
f 1764 1669 1670
f 1773 1643 1772
f 1772 1643 1642
f 1638 1768 1640
f 1640 1768 1770
f 1640 1770 1641
f 1641 1770 1771
f 1641 1771 1642
f 1642 1771 1772
f 1652 1678 1673
f 1652 1673 1694
f 1652 1694 1708
f 1652 1726 1742
f 1652 1647 1678
f 1708 1721 1652
f 1652 1721 1726
f 1652 1742 1747
f 1766 1636 1637
f 1637 1767 1766
f 1767 1637 1656
f 1767 1656 1751
f 1751 1656 1651
f 1751 1651 1746
f 1746 1651 1652
f 1746 1652 1747
f 1636 1766 1639
f 1639 1766 1769
f 1639 1769 1768
f 1639 1768 1638
f 1690 1669 1764
f 1764 1738 1690
f 1738 1689 1690
f 1689 1738 1737
f 1689 1718 1704
f 1689 1737 1718
f 1733 1715 1734
f 1738 1718 1737
f 1717 1703 1704
f 1704 1718 1717
f 1734 1735 1758
f 1733 1734 1755
f 1755 1734 1758
f 1732 1733 1752
f 1752 1733 1755
f 1752 1755 1753
f 1753 1755 1756
f 1716 1735 1734
f 1734 1715 1716
f 1733 1732 1715
f 1702 1716 1715
f 1743 1729 1728
f 1728 1729 1723
f 1722 1728 1723
f 1724 1719 1706
f 1724 1706 1723
f 1723 1706 1710
f 1713 1700 1714
f 1714 1700 1701
f 1713 1699 1700
f 1698 1711 1712
f 1698 1697 1711
f 1711 1697 1699
f 1711 1699 1713
f 1706 1705 1710
f 1712 1728 1709
f 1709 1728 1722
f 1710 1696 1695
f 1709 1710 1695
f 1696 1710 1691
f 1691 1710 1705
f 1691 1705 1692
f 1692 1705 1706
f 1709 1695 1712
f 1712 1695 1698
f 1768 1769 1750
f 1750 1769 1766
f 1711 1727 1730
f 1753 1732 1752
f 1754 1749 1748
f 1712 1711 1727
f 1730 1732 1731
f 1731 1732 1753
f 1731 1753 1748
f 1749 1744 1743
f 1743 1744 1729
f 1729 1744 1723
f 1745 1744 1749
f 1745 1749 1750
f 1748 1749 1743
f 1728 1731 1743
f 1743 1731 1748
f 1745 1740 1739
f 1739 1740 1723
f 1744 1745 1739
f 1739 1723 1744
f 1724 1723 1740
f 1730 1731 1728
f 1710 1709 1722
f 1710 1722 1723
f 1750 1749 1768
f 1768 1749 1754
f 1768 1754 1770
f 1770 1754 1757
f 1773 1772 1761
f 1761 1772 1759
f 1735 1736 1760
f 1760 1736 1762
f 1760 1762 1761
f 1761 1762 1763
f 1702 1703 1716
f 1716 1703 1717
f 1717 1718 1736
f 1736 1718 1738
f 1736 1738 1762
f 1762 1738 1764
f 1762 1764 1763
f 1763 1764 1765
f 1772 1771 1759
f 1759 1771 1757
f 1759 1757 1756
f 1756 1757 1753
f 1759 1760 1761
f 1756 1760 1759
f 1771 1770 1757
f 1757 1754 1753
f 1753 1754 1748
f 1730 1728 1727
f 1727 1728 1712
f 1715 1714 1701
f 1715 1701 1702
f 1765 1773 1763
f 1763 1773 1761
f 1756 1755 1760
f 1760 1755 1758
f 1760 1758 1735
f 1736 1735 1717
f 1717 1735 1716
f 1714 1715 1732
f 1714 1732 1713
f 1713 1732 1730
f 1713 1730 1711
f 1720 1726 1721
f 1720 1721 1707
f 1707 1721 1708
f 1726 1720 1725
f 1741 1742 1725
f 1726 1725 1742
f 1766 1767 1750
f 1750 1767 1751
f 1724 1740 1741
f 1719 1720 1706
f 1707 1706 1720
f 1720 1719 1725
f 1725 1719 1724
f 1751 1746 1745
f 1751 1745 1750
f 1745 1746 1740
f 1746 1747 1741
f 1747 1742 1741
f 1741 1725 1724
f 1707 1706 1693
f 1741 1740 1746
f 1636 1639 1638
f 1690 1689 1704
f 1687 1688 1702
f 1688 1703 1702
f 1686 1685 1663
f 1663 1685 1660
f 1685 1684 1660
f 1660 1684 1657
f 1660 1657 1658
f 1660 1658 1661
f 1649 1681 1675
f 1657 1684 1658
f 1684 1682 1658
f 1658 1682 1683
f 1658 1683 1653
f 1674 1675 1680
f 1680 1675 1681
f 1680 1681 1648
f 1648 1681 1649
f 1699 1682 1700
f 1700 1682 1684
f 1700 1684 1685
f 1701 1700 1685
f 1701 1685 1686
f 1702 1701 1686
f 1702 1686 1687
f 1679 1682 1699
f 1679 1699 1697
f 1680 1679 1697
f 1680 1697 1698
f 1680 1683 1682
f 1680 1682 1679
f 1675 1674 1695
f 1675 1695 1696
f 1650 1655 1654
f 1654 1655 1659
f 1696 1691 1675
f 1649 1650 1654
f 1645 1675 1676
f 1671 1676 1675
f 1671 1675 1692
f 1691 1692 1696
f 1696 1692 1675
f 1675 1644 1649
f 1659 1638 1662
f 1662 1638 1640
f 1662 1640 1664
f 1664 1640 1641
f 1664 1641 1666
f 1666 1641 1642
f 1666 1642 1643
f 1666 1643 1668
f 1668 1643 1670
f 1688 1687 1667
f 1667 1687 1665
f 1667 1665 1666
f 1667 1666 1668
f 1704 1703 1688
f 1704 1688 1690
f 1690 1688 1667
f 1690 1667 1669
f 1669 1667 1668
f 1669 1668 1670
f 1648 1649 1653
f 1653 1649 1654
f 1662 1661 1659
f 1653 1683 1680
f 1674 1680 1698
f 1674 1698 1695
f 1648 1653 1680
f 1666 1665 1664
f 1664 1665 1661
f 1687 1686 1663
f 1687 1663 1665
f 1665 1663 1660
f 1665 1660 1661
f 1644 1675 1645
f 1644 1645 1650
f 1644 1650 1649
f 1653 1654 1658
f 1658 1654 1659
f 1662 1664 1661
f 1655 1636 1638
f 1655 1638 1659
f 1658 1659 1661
f 1637 1636 1655
f 1678 1647 1646
f 1678 1646 1677
f 1693 1673 1672
f 1672 1673 1678
f 1672 1678 1677
f 1693 1694 1673
f 1707 1708 1694
f 1694 1693 1707
f 1652 1651 1647
f 1647 1651 1646
f 1656 1637 1655
f 1656 1655 1651
f 1651 1655 1650
f 1706 1707 1692
f 1692 1707 1693
f 1672 1692 1693
f 1672 1677 1676
f 1672 1676 1671
f 1672 1671 1692
f 1650 1645 1651
f 1651 1645 1646
f 1645 1676 1677
f 1646 1645 1677
f 1850 1844 1847
f 1844 1850 1845
f 1845 1850 1851
f 1849 1846 1843
f 1849 1843 1848
f 1848 1843 1842
f 1843 1849 1842
f 1842 1849 1848
f 1843 1833 1832
f 1843 1832 1842
f 1833 1843 1844
f 1833 1844 1845
f 1802 1789 1818
f 1818 1789 1845
f 1844 1818 1845
f 1788 1801 1817
f 1788 1817 1842
f 1842 1817 1843
f 1843 1817 1844
f 1844 1817 1818
f 1789 1802 1788
f 1788 1802 1801
f 1845 1851 1844
f 1844 1851 1850
f 1776 1777 1788
f 1788 1777 1789
f 1832 1788 1842
f 1790 1776 1788
f 1777 1791 1789
f 1789 1833 1845
f 1845 1837 1851
f 1833 1821 1835
f 1833 1835 1845
f 1845 1835 1837
f 1781 1793 1777
f 1777 1793 1791
f 1821 1833 1805
f 1805 1833 1789
f 1789 1791 1805
f 1819 1833 1789
f 1845 1837 1833
f 1833 1837 1835
f 1789 1833 1821
f 1789 1821 1805
f 1789 1803 1819
f 1816 1832 1819
f 1819 1832 1833
f 1803 1802 1819
f 1801 1802 1803
f 1800 1816 1801
f 1816 1817 1801
f 1819 1818 1816
f 1818 1817 1816
f 1802 1818 1819
f 1781 1778 1777
f 1777 1778 1776
f 1777 1776 1775
f 1775 1776 1774
f 1775 1774 1789
f 1789 1774 1788
f 1789 1788 1803
f 1803 1788 1800
f 1803 1800 1801
f 1775 1789 1777
f 1832 1834 1842
f 1842 1834 1836
f 1842 1836 1848
f 1788 1832 1816
f 1804 1788 1790
f 1788 1804 1820
f 1788 1820 1832
f 1832 1820 1834
f 1790 1776 1792
f 1792 1776 1778
f 1816 1800 1788
f 1790 1792 1778
f 1778 1776 1790
f 1774 1776 1788
f 1777 1776 1781
f 1781 1776 1778
f 1780 1779 1778
f 1780 1778 1781
f 1778 1779 1781
f 1780 1781 1779
f 1783 1785 1781
f 1784 1782 1778
f 1826 1830 1825
f 1825 1830 1829
f 1830 1826 1814
f 1814 1826 1810
f 1809 1813 1814
f 1809 1814 1810
f 1825 1829 1813
f 1825 1813 1809
f 1854 1858 1855
f 1855 1858 1859
f 1858 1854 1853
f 1858 1853 1857
f 1852 1856 1857
f 1852 1857 1853
f 1841 1859 1858
f 1841 1858 1857
f 1841 1857 1840
f 1840 1857 1856
f 1828 1812 1829
f 1812 1813 1829
f 1813 1812 1814
f 1830 1814 1815
f 1829 1830 1831
f 1830 1815 1831
f 1841 1840 1831
f 1831 1840 1828
f 1831 1828 1829
f 1815 1814 1812
f 1815 1812 1799
f 1799 1812 1798
f 1799 1798 1787
f 1787 1798 1786
f 1856 1852 1853
f 1853 1857 1856
f 1854 1858 1857
f 1854 1857 1853
f 1858 1854 1859
f 1859 1854 1855
f 1799 1826 1859
f 1856 1825 1798
f 1798 1825 1809
f 1799 1810 1826
f 1859 1826 1858
f 1858 1826 1857
f 1857 1826 1825
f 1798 1809 1799
f 1799 1809 1810
f 1825 1856 1857
f 1798 1799 1786
f 1786 1799 1787
f 1786 1787 1784
f 1784 1787 1785
f 1799 1811 1815
f 1831 1815 1827
f 1827 1815 1811
f 1827 1841 1831
f 1798 1812 1808
f 1840 1824 1828
f 1828 1824 1808
f 1828 1808 1812
f 1784 1798 1786
f 1840 1856 1838
f 1838 1856 1852
f 1782 1794 1792
f 1782 1792 1778
f 1840 1838 1822
f 1840 1822 1824
f 1824 1822 1808
f 1808 1822 1806
f 1808 1806 1798
f 1798 1806 1796
f 1798 1796 1786
f 1786 1796 1784
f 1794 1782 1784
f 1794 1784 1796
f 1778 1792 1794
f 1778 1794 1784
f 1822 1856 1798
f 1822 1798 1806
f 1822 1838 1856
f 1784 1796 1798
f 1859 1855 1839
f 1823 1859 1839
f 1859 1823 1799
f 1799 1823 1807
f 1795 1785 1797
f 1785 1795 1781
f 1781 1795 1793
f 1785 1799 1797
f 1799 1807 1797
f 1807 1823 1811
f 1811 1823 1827
f 1827 1823 1841
f 1841 1823 1839
f 1841 1839 1859
f 1785 1783 1795
f 1795 1783 1793
f 1793 1783 1781
f 1797 1799 1787
f 1797 1787 1785
f 1807 1811 1799
f 1787 1799 1785
f 2106 2122 2107
f 2107 2122 2123
f 2126 2110 2127
f 2110 2092 2111
f 2110 2111 2127
f 2058 2059 2077
f 2112 2093 2113
f 2056 2057 2076
f 2056 2076 2075
f 2122 2124 2126
f 2110 2108 2106
f 2124 2122 2108
f 2108 2122 2106
f 2122 2126 2123
f 2123 2126 2127
f 2125 2109 2123
f 2123 2109 2107
f 2111 2109 2127
f 2127 2109 2125
f 2125 2123 2127
f 2107 2109 2108
f 2107 2108 2106
f 1877 1878 1884
f 1884 1878 1885
f 1884 1885 1877
f 1877 1885 1878
f 1907 1873 1911
f 1873 1880 1911
f 1911 1880 1881
f 1911 1881 1912
f 1863 1861 1887
f 1861 1880 1887
f 1919 1888 1887
f 1919 1887 1918
f 1918 1887 1894
f 1918 1894 1923
f 1862 1863 1886
f 1886 1863 1887
f 1922 1893 1917
f 1893 1886 1917
f 1917 1886 1885
f 1917 1885 1916
f 1860 1862 1879
f 1879 1862 1886
f 1909 1878 1879
f 1909 1879 1910
f 1879 1872 1910
f 1910 1872 1906
f 1860 1880 1861
f 1880 1860 1879
f 1899 1892 1893
f 1872 1873 1880
f 1872 1880 1879
f 1900 1899 1898
f 1902 1901 1894
f 1895 1902 1894
f 1896 1895 1888
f 1889 1896 1888
f 1882 1889 1881
f 1867 1868 1873
f 1873 1868 1874
f 1873 1872 1866
f 1873 1866 1867
f 1872 1865 1866
f 1891 1884 1877
f 1875 1882 1881
f 1875 1881 1874
f 1874 1881 1880
f 1889 1888 1881
f 1881 1888 1880
f 1880 1888 1887
f 1895 1887 1888
f 1895 1894 1887
f 1894 1893 1887
f 1887 1893 1886
f 1893 1900 1899
f 1901 1900 1893
f 1901 1893 1894
f 1892 1885 1886
f 1892 1886 1893
f 1884 1892 1891
f 1892 1884 1885
f 1885 1877 1886
f 1886 1877 1879
f 1870 1878 1877
f 1877 1878 1879
f 1891 1892 1893
f 1871 1865 1872
f 1870 1871 1872
f 1870 1872 1878
f 1878 1872 1879
f 1874 1880 1873
f 1961 1939 1942
f 2004 2019 2020
f 2001 2014 1998
f 2001 2016 2014
f 2016 2001 2015
f 2000 2036 2001
f 2001 2036 2015
f 2021 2042 2000
f 2000 2042 2036
f 2021 2064 2042
f 2020 2063 2021
f 2021 2063 2064
f 2040 2062 2019
f 2063 2020 2062
f 2062 2020 2019
f 1951 1952 1928
f 1900 1950 1901
f 1901 1950 1951
f 1901 1951 1928
f 1901 1928 1902
f 1902 1928 1924
f 1902 1924 1895
f 1925 1896 1895
f 1896 1925 1946
f 1896 1925 1920
f 1896 1920 1889
f 1939 1913 1920
f 1889 1920 1913
f 1889 1913 1882
f 1961 1964 1982
f 1996 1980 1982
f 1982 1980 1961
f 1968 1985 1964
f 1964 1985 1982
f 1986 2004 1987
f 1987 2004 2020
f 1998 1996 1982
f 1998 1982 2001
f 2001 1982 1985
f 2001 1985 1968
f 2001 1968 2000
f 2000 1968 1967
f 2000 1967 1984
f 2000 1984 2021
f 2021 1984 1988
f 2021 1988 2020
f 2020 1988 1987
f 1945 1924 1952
f 1952 1924 1928
f 1942 1939 1920
f 1942 1920 1946
f 1946 1920 1925
f 1968 1946 1945
f 1945 1946 1925
f 1945 1925 1924
f 1924 1925 1895
f 1950 1986 1951
f 1951 1986 1987
f 1951 1987 1952
f 1952 1987 1988
f 1952 1988 1945
f 1945 1988 1984
f 1945 1984 1968
f 1968 1984 1967
f 1968 1967 1946
f 1946 1968 1942
f 1942 1968 1964
f 1942 1964 1961
f 2038 2017 2018
f 2039 2061 2038
f 2039 2018 2019
f 2039 2019 2040
f 2038 2018 2039
f 1950 1900 1927
f 1949 1899 1900
f 1949 1900 1950
f 1926 1898 1899
f 1926 1899 1948
f 1948 1899 1949
f 2018 2017 2002
f 1969 1970 2002
f 2002 1970 2018
f 1986 2019 1971
f 1971 2019 1970
f 1970 1949 1950
f 1970 1950 1971
f 1969 1948 1970
f 1970 1948 1949
f 2019 2018 1970
f 1944 1891 1948
f 1948 1891 1898
f 1944 1921 1891
f 2074 2055 2034
f 2078 2074 2034
f 2060 2078 2038
f 2038 2078 2034
f 2061 2060 2038
f 1898 1926 1948
f 1999 1983 1944
f 1999 1944 2002
f 2002 1944 1948
f 2002 1948 1969
f 2034 1999 2038
f 2038 1999 2002
f 2038 2002 2017
f 1966 1944 1983
f 1915 1891 1921
f 1915 1884 1891
f 1884 1915 1941
f 1941 1963 1981
f 1944 1966 1963
f 1963 1966 1983
f 1963 1983 1997
f 1963 1915 1944
f 1944 1915 1921
f 1941 1915 1963
f 2074 2073 2055
f 2055 2073 2053
f 2055 2053 2032
f 2055 2032 2034
f 1983 1999 1997
f 1997 1999 2034
f 2032 1997 2034
f 2053 2073 2032
f 1997 1981 1963
f 2015 2021 2016
f 2015 2042 2021
f 2064 2063 2042
f 2042 2063 2041
f 2041 2063 2040
f 2063 2062 2040
f 2062 2061 2040
f 2040 2061 2039
f 2061 2079 2078
f 2061 2078 2060
f 1971 1950 1951
f 1883 1943 1890
f 1890 1943 1947
f 1890 1947 1897
f 1897 1947 1946
f 1897 1946 1896
f 1952 1902 1946
f 1946 1902 1896
f 1902 1952 1901
f 1901 1952 1951
f 1951 1950 1927
f 1951 1927 1901
f 1901 1927 1900
f 1987 2041 2040
f 2040 2019 1987
f 1987 2019 1986
f 1987 1986 1971
f 1988 2042 1987
f 1987 2042 2041
f 2042 1988 2021
f 2005 2001 2016
f 2005 2016 2021
f 1980 1982 1962
f 1962 1982 1965
f 1962 1965 1940
f 1883 1914 1943
f 1943 1914 1940
f 2021 1988 2005
f 2005 1988 1972
f 2005 1972 2001
f 2001 1972 1968
f 1965 1982 1964
f 1964 1982 1968
f 1968 1982 2001
f 1951 1987 1971
f 1940 1965 1943
f 1943 1965 1964
f 1943 1964 1947
f 1947 1964 1968
f 1947 1968 1946
f 1946 1968 1972
f 1946 1972 1952
f 1952 1972 1988
f 1875 1869 1868
f 1935 1958 1976
f 1976 1958 1992
f 1992 2010 2027
f 1908 1905 1870
f 1908 1870 1877
f 1954 1953 1989
f 2006 2007 1989
f 1864 1929 1930
f 1864 1930 1865
f 1931 1866 1865
f 1931 1865 1930
f 1955 2008 1973
f 1954 1930 1929
f 1954 1929 1953
f 1930 1954 1931
f 1931 1954 1955
f 1954 2007 1955
f 1955 2007 2008
f 1989 2007 1954
f 2043 2044 2022
f 2065 2043 2022
f 2068 2065 2027
f 2027 2065 2022
f 2048 2068 2027
f 1976 1992 1935
f 1870 1905 1935
f 1870 1935 1929
f 1870 1929 1864
f 1935 1992 1929
f 1929 1992 1989
f 1929 1989 1953
f 1992 2027 1989
f 1989 2027 2022
f 1989 2022 2006
f 2022 2023 2006
f 2023 2007 2006
f 2024 2008 2023
f 2023 2008 2007
f 2022 2044 2023
f 1974 1973 2008
f 1974 2008 2024
f 1932 1931 1955
f 1866 1931 1932
f 1932 1867 1866
f 1868 1867 1932
f 1932 1933 1868
f 1934 1875 1933
f 1933 1875 1868
f 1875 1934 1936
f 1875 1936 1876
f 1876 1936 1937
f 1876 1937 1883
f 1883 1937 1940
f 1883 1940 1914
f 1980 1994 1996
f 2009 1994 1991
f 1975 2009 1991
f 2009 1975 2026
f 2026 1975 1974
f 2026 1974 2025
f 1994 1959 1991
f 1991 1959 1957
f 1991 1957 1975
f 1980 1962 1961
f 1980 1961 1994
f 1994 1961 1959
f 2024 2025 1974
f 1974 1932 1955
f 1974 1955 1973
f 1932 1974 1933
f 1933 1974 1975
f 1933 1975 1934
f 1934 1975 1957
f 1934 1957 1936
f 1936 1957 1959
f 1936 1959 1937
f 1937 1959 1940
f 1940 1959 1961
f 1940 1961 1962
f 1938 1960 1908
f 1935 1960 1958
f 1935 1905 1908
f 1935 1908 1960
f 1994 2012 2013
f 1994 2013 1996
f 2009 2026 2012
f 2046 2047 2026
f 2026 2025 2046
f 2045 2046 2025
f 2066 2043 2065
f 2043 2066 2044
f 1960 1979 1995
f 2071 2068 2048
f 2071 2048 2052
f 2048 2030 2052
f 2052 2030 2071
f 1960 1995 1992
f 1960 1992 1958
f 2048 2027 2030
f 2030 2027 2010
f 1995 2030 2010
f 1995 2010 1992
f 2045 2025 2024
f 2024 2023 2045
f 2045 2023 2044
f 1994 2009 2012
f 1908 1877 1938
f 1960 1938 1979
f 2027 2068 2071
f 2071 2030 2027
f 2007 2023 2022
f 2022 2023 2066
f 2022 2066 2065
f 1954 1990 1989
f 1905 1870 1864
f 1905 1864 1904
f 1995 1979 1938
f 1929 1954 1989
f 1929 1989 1935
f 1989 1992 1935
f 1935 1905 1904
f 1935 1904 1929
f 1929 1904 1930
f 1995 1938 1992
f 1992 1938 1935
f 1938 1908 1935
f 2027 2030 1995
f 2027 1995 1992
f 2027 1992 2022
f 2022 1992 1989
f 2022 1989 2007
f 2007 1989 1990
f 1883 1882 1876
f 1876 1882 1875
f 1874 1868 1875
f 1902 1903 1896
f 1890 1897 1896
f 1882 1883 1889
f 1889 1883 1890
f 1896 1889 1890
f 1895 1896 1902
f 2073 2074 2032
f 2003 2002 2018
f 2038 2078 2079
f 2038 2079 2039
f 2032 2074 2034
f 1981 1997 1941
f 1926 1898 1891
f 1926 1891 1921
f 1941 1944 1915
f 2003 1970 2002
f 2002 1970 1948
f 2002 1948 1999
f 1999 1948 1944
f 1948 1949 1926
f 1948 1926 1944
f 1944 1926 1921
f 1941 1997 1944
f 1944 1997 1999
f 1997 2032 1999
f 1999 2032 2034
f 1999 2034 2002
f 2002 2034 2038
f 2002 2038 2018
f 2089 2088 2072
f 2072 2088 2071
f 2079 2074 2078
f 2040 2062 2041
f 2041 2062 2063
f 2079 2078 2094
f 2079 2094 2095
f 2094 2078 2074
f 2074 2091 2094
f 2012 1977 1978
f 2011 1993 2012
f 1977 2012 1993
f 2011 2028 2051
f 1892 1901 1900
f 1865 1866 1871
f 1871 1866 1867
f 1892 1900 1899
f 1898 1891 1892
f 1898 1892 1899
f 1875 1882 1896
f 1896 1882 1889
f 1895 1902 1892
f 1892 1902 1901
f 1870 1864 1871
f 1871 1864 1865
f 1871 1867 1868
f 1871 1868 1874
f 2085 2068 2088
f 2088 2068 2071
f 2081 2065 2085
f 2085 2065 2068
f 2065 2081 2082
f 2065 2082 2066
f 2071 2073 2088
f 2088 2073 2090
f 2074 2091 2073
f 2073 2091 2090
f 2073 2071 2032
f 2032 2071 2030
f 2032 2030 1997
f 1997 2030 1995
f 1997 1995 1981
f 1981 1995 1960
f 1981 1960 1941
f 1941 1960 1938
f 1941 1938 1908
f 1941 1908 1915
f 1915 1908 1877
f 1915 1877 1884
f 1998 1996 2014
f 2037 2015 2016
f 2037 2036 2015
f 2011 2028 2029
f 2011 2029 2012
f 2014 1996 2013
f 2031 2014 2013
f 2016 2033 2037
f 2026 2047 2051
f 2016 2014 2033
f 2033 2014 2031
f 2031 2013 2012
f 2026 2051 2028
f 2031 2012 2028
f 2028 2012 2029
f 2033 2036 2037
f 2059 2042 2036
f 2042 2059 2064
f 2089 2085 2088
f 2082 2081 2086
f 2086 2081 2089
f 2089 2081 2085
f 2090 2071 2088
f 2074 2071 2091
f 2091 2071 2090
f 2028 2012 2011
f 2028 2011 2026
f 2036 2015 2042
f 2096 2080 2097
f 2063 2064 2096
f 2096 2064 2080
f 2096 2062 2063
f 2096 2079 2062
f 2096 2095 2079
f 2115 2114 2096
f 2096 2114 2095
f 2096 2116 2115
f 2096 2117 2116
f 2096 2097 2117
f 2079 2061 2062
f 2095 2075 2079
f 2095 2092 2075
f 2114 2110 2095
f 2095 2110 2092
f 2115 2111 2110
f 2115 2110 2114
f 2111 2115 2127
f 2127 2115 2129
f 2127 2129 2130
f 2127 2130 2128
f 2128 2130 2116
f 2128 2116 2112
f 2112 2116 2113
f 2113 2116 2117
f 2113 2117 2097
f 2113 2097 2093
f 2093 2097 2077
f 2077 2097 2080
f 2077 2080 2059
f 2059 2080 2064
f 2063 2059 2064
f 2063 2058 2059
f 2079 2075 2056
f 2079 2056 2061
f 2061 2056 2057
f 2061 2057 2062
f 2062 2057 2058
f 2062 2058 2063
f 2129 2115 2116
f 2129 2116 2130
f 2031 2028 2033
f 2033 2028 2051
f 2033 2051 2054
f 2033 2054 2036
f 2036 2054 2059
f 2058 2035 2059
f 2036 2059 2035
f 2059 2054 2051
f 2059 2051 2077
f 2077 2051 2070
f 2087 2093 2070
f 2070 2093 2077
f 2105 2113 2087
f 2087 2113 2093
f 2121 2128 2104
f 2104 2128 2112
f 2104 2112 2105
f 2105 2112 2113
f 2103 2111 2120
f 2120 2111 2127
f 2120 2127 2121
f 2121 2127 2128
f 2102 2110 2103
f 2103 2110 2111
f 2086 2092 2102
f 2102 2092 2110
f 2069 2075 2086
f 2086 2075 2092
f 2050 2046 2051
f 2051 2046 2047
f 2051 2047 2067
f 2051 2067 2070
f 2070 2067 2084
f 2070 2084 2087
f 2087 2084 2101
f 2087 2101 2105
f 2105 2101 2100
f 2105 2100 2104
f 2104 2100 2119
f 2104 2119 2121
f 2121 2119 2118
f 2121 2118 2120
f 2120 2118 2099
f 2120 2099 2103
f 2103 2099 2098
f 2103 2098 2102
f 2102 2098 2082
f 2102 2082 2086
f 2086 2082 2066
f 2086 2066 2069
f 2119 2100 2099
f 2119 2099 2118
f 2069 2066 2044
f 2069 2044 2049
f 2025 1956 2044
f 2044 1956 1955
f 2044 1955 1954
f 2044 2045 2025
f 2101 2084 2100
f 2099 2082 2098
f 2045 2044 2066
f 2046 2067 2047
f 2083 2066 2082
f 2045 2066 2083
f 2083 2046 2045
f 2067 2046 2083
f 2083 2084 2067
f 2100 2084 2083
f 2083 2099 2100
f 2082 2099 2083
f 1892 1877 1895
f 1895 1877 1870
f 1870 1871 1895
f 1895 1871 1874
f 1892 1891 1877
f 1896 1895 1875
f 1875 1895 1874
f 2339 2338 2337
f 2337 2338 2332
f 2337 2332 2331
f 2331 2332 2330
f 2331 2330 2325
f 2325 2330 2316
f 2325 2316 2312
f 2312 2316 2289
f 2312 2289 2285
f 2285 2289 2294
f 2285 2294 2290
f 2290 2294 2295
f 2295 2294 2299
f 2295 2299 2305
f 2295 2305 2300
f 2300 2305 2320
f 2300 2320 2319
f 2319 2320 2336
f 2319 2336 2335
f 2335 2336 2334
f 2335 2334 2333
f 2333 2334 2340
f 2333 2340 2339
f 2339 2340 2338
f 2294 2317 2299
f 2317 2320 2305
f 2317 2305 2299
f 2317 2336 2320
f 2317 2334 2336
f 2338 2340 2317
f 2317 2340 2334
f 2332 2338 2317
f 2317 2330 2332
f 2317 2316 2330
f 2294 2289 2317
f 2317 2289 2316
f 2295 2318 2290
f 2318 2312 2285
f 2318 2285 2290
f 2318 2325 2312
f 2318 2331 2325
f 2339 2337 2318
f 2318 2337 2331
f 2333 2339 2318
f 2318 2335 2333
f 2318 2319 2335
f 2295 2300 2318
f 2318 2300 2319
f 2165 2188 2187
f 2187 2164 2165
f 2165 2183 2188
f 2134 2140 2139
f 2140 2134 2135
f 2140 2135 2136
f 2140 2136 2141
f 2183 2184 2165
f 2166 2165 2184
f 2288 2315 2289
f 2289 2315 2316
f 2268 2294 2272
f 2272 2294 2299
f 2276 2304 2280
f 2280 2304 2303
f 2280 2303 2307
f 2280 2307 2279
f 2330 2316 2329
f 2316 2315 2329
f 2329 2315 2311
f 2329 2311 2324
f 2324 2311 2323
f 2323 2311 2310
f 2310 2283 2259
f 2134 2145 2146
f 2134 2146 2135
f 2135 2146 2136
f 2146 2147 2136
f 2149 2141 2136
f 2149 2136 2147
f 2159 2178 2161
f 2161 2178 2180
f 2166 2184 2183
f 2166 2183 2165
f 2209 2187 2188
f 2209 2188 2210
f 2272 2271 2268
f 2268 2271 2267
f 2268 2267 2294
f 2294 2267 2293
f 2299 2298 2271
f 2299 2271 2272
f 2276 2280 2275
f 2279 2275 2280
f 2288 2289 2293
f 2293 2289 2294
f 2289 2316 2287
f 2287 2316 2314
f 2294 2289 2292
f 2292 2289 2287
f 2294 2292 2299
f 2299 2292 2297
f 2297 2298 2299
f 2298 2297 2303
f 2298 2303 2304
f 2304 2303 2307
f 2329 2324 2327
f 2327 2324 2323
f 2328 2330 2329
f 2328 2329 2327
f 2328 2314 2330
f 2330 2314 2316
f 2175 2176 2157
f 2238 2260 2263
f 2238 2263 2241
f 2237 2259 2238
f 2238 2259 2260
f 2154 2146 2153
f 2153 2146 2145
f 2147 2146 2154
f 2155 2147 2154
f 2155 2149 2147
f 2196 2157 2176
f 2159 2157 2196
f 2198 2159 2196
f 2198 2178 2159
f 2202 2178 2198
f 2161 2180 2202
f 2202 2180 2178
f 2201 2161 2202
f 2166 2161 2201
f 2166 2205 2165
f 2205 2166 2201
f 2205 2183 2165
f 2210 2188 2205
f 2205 2188 2183
f 2276 2298 2304
f 2245 2267 2271
f 2245 2271 2249
f 2241 2263 2245
f 2245 2263 2267
f 2196 2176 2195
f 2217 2196 2195
f 2217 2195 2214
f 2195 2176 2175
f 2175 2171 2192
f 2191 2213 2192
f 2192 2213 2214
f 2192 2171 2191
f 2191 2171 2170
f 2195 2175 2192
f 2195 2192 2214
f 2153 2170 2154
f 2154 2170 2171
f 2154 2171 2175
f 2154 2175 2155
f 2155 2175 2157
f 2155 2157 2149
f 2229 2234 2205
f 2229 2205 2225
f 2196 2217 2218
f 2196 2218 2198
f 2198 2218 2222
f 2198 2222 2221
f 2198 2221 2201
f 2201 2221 2225
f 2201 2225 2205
f 2233 2209 2234
f 2234 2209 2210
f 2234 2210 2205
f 2201 2202 2198
f 2252 2276 2256
f 2256 2276 2255
f 2255 2276 2275
f 2255 2275 2279
f 2252 2249 2276
f 2249 2271 2276
f 2276 2271 2298
f 2255 2233 2256
f 2256 2233 2234
f 2256 2234 2252
f 2252 2234 2229
f 2252 2229 2249
f 2249 2229 2225
f 2249 2225 2271
f 2213 2237 2214
f 2214 2237 2238
f 2214 2238 2217
f 2217 2238 2241
f 2217 2241 2218
f 2218 2241 2222
f 2222 2241 2245
f 2222 2245 2221
f 2221 2245 2225
f 2225 2245 2249
f 2153 2145 2170
f 2293 2267 2263
f 2288 2293 2263
f 2259 2283 2284
f 2288 2263 2284
f 2284 2263 2260
f 2284 2260 2259
f 2315 2288 2311
f 2311 2288 2284
f 2311 2284 2310
f 2310 2284 2283
f 2187 2186 2164
f 2186 2185 2164
f 2164 2185 2163
f 2163 2185 2182
f 2132 2133 2138
f 2138 2133 2139
f 2139 2133 2134
f 2138 2137 2131
f 2138 2131 2132
f 2181 2182 2162
f 2162 2182 2163
f 2313 2286 2312
f 2312 2286 2285
f 2321 2308 2326
f 2326 2308 2313
f 2308 2321 2322
f 2308 2322 2309
f 2310 2282 2309
f 2310 2309 2323
f 2323 2309 2322
f 2282 2310 2258
f 2258 2310 2259
f 2258 2259 2237
f 2258 2237 2236
f 2236 2237 2213
f 2236 2213 2212
f 2145 2169 2170
f 2170 2169 2190
f 2170 2190 2191
f 2191 2190 2213
f 2213 2190 2212
f 2145 2144 2169
f 2144 2133 2132
f 2144 2132 2143
f 2131 2142 2143
f 2131 2143 2132
f 2177 2158 2160
f 2160 2179 2177
f 2186 2208 2185
f 2185 2208 2207
f 2208 2186 2187
f 2208 2187 2209
f 2142 2131 2137
f 2142 2137 2148
f 2133 2144 2145
f 2133 2145 2134
f 2326 2313 2312
f 2326 2312 2325
f 2269 2295 2290
f 2269 2290 2265
f 2301 2273 2277
f 2301 2277 2302
f 2302 2277 2306
f 2306 2277 2278
f 2278 2279 2306
f 2306 2279 2307
f 2285 2286 2290
f 2290 2286 2291
f 2290 2291 2265
f 2291 2266 2265
f 2265 2266 2269
f 2266 2270 2269
f 2269 2270 2295
f 2295 2270 2296
f 2277 2273 2274
f 2277 2274 2278
f 2278 2274 2279
f 2279 2274 2275
f 2312 2285 2287
f 2301 2302 2303
f 2301 2303 2296
f 2296 2303 2297
f 2297 2295 2296
f 2292 2290 2297
f 2297 2290 2295
f 2287 2285 2292
f 2292 2285 2290
f 2314 2312 2287
f 2302 2306 2303
f 2303 2306 2307
f 2326 2325 2328
f 2327 2323 2322
f 2327 2322 2321
f 2321 2326 2327
f 2327 2326 2328
f 2314 2328 2325
f 2312 2314 2325
f 2233 2255 2254
f 2266 2244 2270
f 2270 2244 2248
f 2273 2296 2270
f 2279 2278 2255
f 2204 2182 2185
f 2204 2185 2207
f 2163 2182 2204
f 2204 2162 2163
f 2162 2204 2200
f 2162 2200 2160
f 2160 2200 2199
f 2179 2160 2199
f 2197 2177 2199
f 2199 2177 2179
f 2156 2158 2173
f 2173 2158 2177
f 2142 2148 2150
f 2150 2148 2156
f 2151 2142 2150
f 2143 2142 2151
f 2152 2144 2143
f 2258 2236 2235
f 2235 2257 2258
f 2240 2262 2235
f 2235 2262 2257
f 2231 2228 2204
f 2224 2204 2228
f 2209 2233 2208
f 2208 2233 2232
f 2208 2232 2207
f 2207 2232 2231
f 2207 2231 2204
f 2224 2200 2204
f 2199 2200 2224
f 2199 2224 2197
f 2197 2224 2220
f 2215 2193 2219
f 2219 2193 2197
f 2219 2197 2220
f 2193 2215 2216
f 2193 2216 2194
f 2194 2216 2189
f 2189 2216 2211
f 2193 2173 2197
f 2197 2173 2177
f 2194 2173 2193
f 2168 2151 2174
f 2174 2151 2150
f 2174 2150 2156
f 2174 2156 2173
f 2143 2151 2152
f 2152 2151 2168
f 2152 2168 2169
f 2169 2168 2189
f 2169 2189 2190
f 2190 2189 2211
f 2190 2211 2212
f 2189 2168 2194
f 2194 2168 2174
f 2194 2174 2173
f 2236 2212 2235
f 2235 2212 2211
f 2235 2211 2240
f 2240 2211 2216
f 2240 2216 2215
f 2255 2278 2254
f 2254 2278 2274
f 2254 2274 2253
f 2253 2274 2273
f 2253 2273 2251
f 2270 2248 2273
f 2232 2233 2254
f 2232 2254 2231
f 2231 2254 2253
f 2231 2253 2228
f 2228 2253 2251
f 2228 2251 2224
f 2301 2296 2273
f 2251 2273 2248
f 2251 2248 2224
f 2224 2248 2220
f 2220 2248 2244
f 2220 2244 2219
f 2219 2244 2266
f 2219 2266 2215
f 2215 2266 2262
f 2215 2262 2240
f 2144 2152 2169
f 2262 2291 2286
f 2266 2291 2262
f 2282 2258 2257
f 2262 2286 2257
f 2257 2286 2281
f 2257 2281 2282
f 2286 2313 2281
f 2281 2313 2308
f 2281 2308 2282
f 2282 2308 2309
f 2162 2161 2166
f 2166 2165 2164
f 2166 2164 2162
f 2162 2164 2163
f 2137 2138 2148
f 2148 2138 2139
f 2140 2141 2149
f 2140 2149 2139
f 2139 2149 2148
f 2157 2156 2149
f 2149 2156 2148
f 2159 2158 2156
f 2159 2156 2157
f 2161 2160 2159
f 2159 2160 2158
f 2160 2161 2162
f 2242 2263 2264
f 2263 2242 2241
f 2241 2260 2263
f 2202 2180 2198
f 2198 2180 2178
f 2202 2166 2161
f 2183 2184 2205
f 2205 2184 2206
f 2206 2184 2166
f 2272 2250 2268
f 2268 2250 2246
f 2242 2264 2246
f 2246 2264 2268
f 2260 2241 2238
f 2238 2241 2214
f 2192 2217 2196
f 2172 2192 2176
f 2176 2192 2196
f 2155 2172 2157
f 2157 2172 2176
f 2154 2171 2155
f 2233 2209 2210
f 2233 2210 2234
f 2198 2222 2202
f 2202 2222 2226
f 2279 2255 2280
f 2280 2255 2256
f 2280 2256 2276
f 2206 2202 2226
f 2206 2226 2230
f 2230 2226 2250
f 2230 2250 2252
f 2252 2250 2276
f 2202 2206 2166
f 2252 2229 2230
f 2230 2229 2205
f 2230 2205 2206
f 2155 2171 2172
f 2172 2171 2192
f 2192 2214 2217
f 2217 2214 2241
f 2218 2241 2242
f 2218 2242 2222
f 2222 2242 2246
f 2222 2246 2226
f 2226 2246 2250
f 2226 2250 2272
f 2250 2272 2276
f 2276 2272 2299
f 2276 2299 2298
f 2264 2289 2294
f 2264 2294 2268
f 2289 2264 2288
f 2288 2264 2263
f 2288 2263 2260
f 2288 2260 2284
f 2284 2260 2283
f 2283 2260 2259
f 2247 2269 2243
f 2243 2269 2265
f 2273 2296 2269
f 2269 2296 2295
f 2204 2181 2182
f 2203 2162 2204
f 2204 2162 2181
f 2199 2160 2203
f 2203 2160 2162
f 2150 2142 2156
f 2156 2142 2148
f 2240 2262 2257
f 2240 2257 2235
f 2239 2262 2240
f 2239 2261 2262
f 2232 2208 2209
f 2209 2233 2232
f 2223 2199 2227
f 2227 2199 2203
f 2227 2203 2228
f 2228 2203 2204
f 2219 2197 2223
f 2223 2197 2199
f 2216 2189 2193
f 2189 2168 2167
f 2189 2167 2193
f 2193 2167 2173
f 2168 2151 2150
f 2168 2150 2167
f 2167 2150 2173
f 2173 2150 2156
f 2240 2216 2239
f 2239 2216 2215
f 2254 2278 2253
f 2253 2278 2277
f 2253 2277 2251
f 2251 2277 2273
f 2251 2273 2247
f 2247 2273 2269
f 2228 2251 2227
f 2227 2251 2247
f 2227 2247 2223
f 2223 2247 2219
f 2219 2247 2243
f 2219 2243 2265
f 2219 2265 2215
f 2215 2265 2261
f 2215 2261 2239
f 2290 2285 2261
f 2261 2265 2290
f 2285 2286 2313
f 2261 2285 2262
f 2262 2285 2286
f 2257 2281 2258
f 2258 2281 2282
f 2455 2453 2454
f 2455 2454 2478
f 2478 2477 2452
f 2478 2452 2455
f 2455 2456 2453
f 2477 2478 2499
f 2499 2478 2500
f 2499 2500 2517
f 2517 2500 2518
f 2517 2518 2535
f 2535 2551 2550
f 2550 2534 2535
f 2535 2534 2517
f 2567 2566 2549
f 2549 2566 2548
f 2548 2550 2549
f 2549 2550 2551
f 2577 2576 2561
f 2561 2576 2560
f 2558 2559 2574
f 2574 2559 2575
f 2559 2558 2542
f 2559 2542 2543
f 2576 2589 2575
f 2575 2597 2596
f 2575 2596 2592
f 2575 2595 2599
f 2599 2598 2575
f 2575 2592 2587
f 2561 2560 2544
f 2561 2544 2545
f 2589 2588 2575
f 2575 2588 2595
f 2575 2598 2597
f 2587 2586 2575
f 2493 2494 2512
f 2493 2512 2511
f 2527 2543 2542
f 2545 2544 2528
f 2545 2528 2529
f 2529 2528 2511
f 2529 2511 2512
f 2542 2526 2527
f 2527 2526 2510
f 2510 2526 2509
f 2510 2509 2488
f 2488 2509 2487
f 2578 2579 2576
f 2578 2576 2575
f 2579 2578 2564
f 2564 2578 2563
f 2564 2563 2565
f 2565 2563 2567
f 2567 2563 2562
f 2567 2562 2566
f 2459 2467 2466
f 2459 2466 2458
f 2436 2435 2427
f 2428 2436 2427
f 2429 2430 2437
f 2437 2430 2438
f 2462 2463 2469
f 2462 2469 2468
f 2458 2378 2459
f 2459 2378 2379
f 2459 2379 2467
f 2467 2379 2387
f 2467 2387 2466
f 2466 2387 2386
f 2466 2386 2458
f 2458 2386 2378
f 2467 2427 2459
f 2490 2428 2467
f 2467 2428 2427
f 2490 2436 2428
f 2490 2491 2436
f 2436 2491 2437
f 2491 2429 2437
f 2468 2430 2491
f 2491 2430 2429
f 2462 2430 2468
f 2462 2382 2463
f 2463 2382 2383
f 2463 2383 2469
f 2469 2383 2389
f 2469 2389 2468
f 2468 2389 2388
f 2468 2388 2462
f 2462 2388 2382
f 2431 2430 2388
f 2431 2388 2389
f 2438 2435 2437
f 2437 2435 2436
f 2387 2427 2426
f 2387 2426 2386
f 2392 2399 2398
f 2393 2399 2392
f 2394 2395 2401
f 2400 2394 2401
f 2444 2400 2445
f 2445 2400 2401
f 2442 2398 2443
f 2443 2398 2399
f 2427 2387 2379
f 2427 2379 2459
f 2467 2459 2481
f 2489 2467 2481
f 2490 2467 2489
f 2490 2489 2482
f 2482 2489 2481
f 2460 2482 2481
f 2459 2460 2481
f 2460 2461 2482
f 2482 2461 2483
f 2482 2483 2490
f 2490 2483 2491
f 2468 2491 2492
f 2492 2491 2484
f 2484 2491 2483
f 2468 2492 2484
f 2462 2468 2484
f 2462 2484 2483
f 2462 2483 2461
f 2388 2430 2382
f 2382 2430 2462
f 2439 2438 2430
f 2439 2430 2431
f 2426 2427 2434
f 2434 2427 2435
f 2434 2435 2439
f 2439 2435 2438
f 2448 2404 2442
f 2442 2404 2398
f 2434 2392 2398
f 2434 2398 2442
f 2393 2392 2435
f 2435 2392 2434
f 2443 2399 2393
f 2443 2393 2435
f 2438 2394 2400
f 2438 2400 2444
f 2395 2394 2439
f 2439 2394 2438
f 2445 2401 2395
f 2445 2395 2439
f 2401 2405 2449
f 2401 2449 2445
f 2405 2404 2449
f 2449 2404 2448
f 2448 2442 2443
f 2445 2449 2444
f 2448 2443 2444
f 2448 2444 2449
f 2411 2410 2405
f 2405 2410 2409
f 2405 2409 2404
f 2404 2409 2408
f 2368 2354 2426
f 2368 2426 2434
f 2368 2434 2372
f 2368 2386 2354
f 2354 2386 2426
f 2346 2368 2354
f 2346 2362 2368
f 2362 2346 2378
f 2347 2379 2346
f 2346 2379 2378
f 2459 2379 2347
f 2459 2347 2460
f 2460 2347 2348
f 2348 2349 2460
f 2460 2349 2461
f 2350 2382 2462
f 2350 2462 2349
f 2349 2462 2461
f 2355 2369 2351
f 2351 2369 2365
f 2365 2383 2351
f 2351 2383 2350
f 2350 2383 2382
f 2369 2355 2389
f 2389 2355 2431
f 2439 2431 2373
f 2373 2431 2369
f 2369 2431 2355
f 2372 2434 2392
f 2398 2372 2392
f 2439 2373 2395
f 2373 2401 2395
f 2401 2402 2405
f 2405 2402 2406
f 2402 2401 2446
f 2446 2401 2445
f 2397 2398 2404
f 2397 2404 2403
f 2439 2440 2445
f 2445 2440 2446
f 2398 2397 2441
f 2398 2441 2442
f 2433 2434 2442
f 2433 2442 2441
f 2435 2438 2443
f 2438 2444 2443
f 2398 2397 2391
f 2398 2391 2372
f 2391 2371 2372
f 2372 2371 2368
f 2368 2371 2353
f 2368 2353 2354
f 2344 2350 2349
f 2344 2349 2343
f 2341 2342 2348
f 2341 2348 2347
f 2354 2353 2346
f 2356 2355 2351
f 2356 2351 2352
f 2348 2342 2349
f 2349 2342 2343
f 2346 2353 2345
f 2369 2355 2356
f 2369 2356 2373
f 2373 2356 2374
f 2402 2401 2396
f 2396 2401 2373
f 2396 2373 2374
f 2396 2395 2402
f 2402 2395 2401
f 2392 2434 2391
f 2391 2434 2433
f 2397 2398 2392
f 2397 2392 2391
f 2403 2404 2398
f 2403 2398 2397
f 2378 2386 2377
f 2377 2386 2385
f 2368 2385 2386
f 2368 2367 2385
f 2367 2368 2361
f 2368 2362 2361
f 2369 2366 2365
f 2366 2369 2370
f 2389 2370 2369
f 2389 2390 2370
f 2389 2384 2390
f 2389 2383 2384
f 2439 2395 2440
f 2440 2395 2396
f 2404 2408 2407
f 2408 2409 2407
f 2404 2407 2403
f 2403 2447 2441
f 2441 2447 2473
f 2397 2403 2441
f 2441 2473 2471
f 2471 2433 2441
f 2471 2473 2497
f 2465 2471 2487
f 2487 2471 2495
f 2497 2495 2471
f 2496 2472 2494
f 2470 2494 2472
f 2472 2496 2498
f 2472 2498 2474
f 2406 2402 2446
f 2474 2450 2446
f 2446 2440 2472
f 2406 2446 2450
f 2472 2474 2446
f 2412 2410 2411
f 2412 2405 2406
f 2411 2405 2412
f 2513 2515 2530
f 2548 2546 2530
f 2487 2495 2513
f 2513 2495 2497
f 2510 2488 2487
f 2510 2509 2527
f 2527 2509 2526
f 2532 2548 2530
f 2497 2515 2532
f 2513 2497 2515
f 2515 2497 2530
f 2530 2497 2532
f 2578 2575 2559
f 2563 2578 2559
f 2563 2559 2543
f 2543 2527 2546
f 2543 2546 2563
f 2563 2546 2562
f 2510 2487 2509
f 2509 2487 2513
f 2509 2513 2526
f 2526 2513 2530
f 2526 2530 2527
f 2527 2530 2546
f 2562 2546 2548
f 2562 2548 2566
f 2559 2558 2575
f 2570 2571 2555
f 2599 2595 2594
f 2599 2594 2598
f 2592 2596 2593
f 2593 2596 2597
f 2574 2575 2558
f 2576 2573 2585
f 2576 2585 2589
f 2560 2557 2573
f 2576 2560 2573
f 2571 2583 2584
f 2584 2572 2571
f 2555 2571 2572
f 2582 2570 2581
f 2581 2570 2569
f 2570 2582 2571
f 2571 2582 2583
f 2554 2570 2555
f 2553 2569 2554
f 2554 2569 2570
f 2587 2580 2586
f 2586 2580 2568
f 2586 2568 2575
f 2593 2597 2594
f 2594 2597 2598
f 2589 2585 2588
f 2588 2585 2584
f 2588 2584 2594
f 2594 2584 2583
f 2594 2583 2591
f 2594 2591 2593
f 2593 2591 2590
f 2593 2590 2582
f 2593 2582 2587
f 2587 2582 2581
f 2587 2581 2580
f 2573 2572 2584
f 2581 2569 2568
f 2585 2573 2584
f 2591 2583 2590
f 2590 2583 2582
f 2580 2581 2568
f 2595 2588 2594
f 2592 2593 2587
f 2575 2568 2559
f 2559 2568 2552
f 2572 2556 2555
f 2557 2556 2573
f 2573 2556 2572
f 2568 2569 2552
f 2552 2569 2553
f 2537 2521 2520
f 2540 2524 2523
f 2371 2367 2353
f 2370 2374 2356
f 2471 2465 2433
f 2425 2378 2377
f 2425 2377 2385
f 2417 2418 2378
f 2383 2423 2424
f 2383 2424 2384
f 2424 2390 2384
f 2358 2359 2343
f 2343 2359 2344
f 2344 2359 2360
f 2344 2360 2350
f 2350 2360 2364
f 2350 2364 2351
f 2351 2364 2365
f 2358 2375 2359
f 2359 2375 2376
f 2359 2376 2382
f 2359 2382 2364
f 2364 2382 2383
f 2364 2383 2365
f 2376 2381 2382
f 2370 2356 2366
f 2366 2356 2352
f 2366 2352 2365
f 2365 2352 2351
f 2396 2374 2370
f 2390 2396 2370
f 2415 2421 2416
f 2461 2421 2460
f 2460 2421 2415
f 2381 2421 2382
f 2382 2421 2422
f 2382 2422 2383
f 2383 2422 2423
f 2390 2432 2396
f 2396 2432 2440
f 2472 2440 2470
f 2432 2390 2424
f 2432 2470 2440
f 2421 2461 2422
f 2422 2461 2462
f 2422 2462 2423
f 2423 2462 2463
f 2423 2463 2464
f 2423 2464 2424
f 2424 2464 2432
f 2432 2464 2470
f 2529 2512 2525
f 2525 2512 2508
f 2525 2508 2507
f 2525 2507 2524
f 2524 2507 2506
f 2561 2545 2560
f 2560 2545 2544
f 2560 2544 2557
f 2557 2544 2541
f 2557 2541 2556
f 2556 2541 2540
f 2524 2540 2525
f 2525 2540 2541
f 2525 2541 2529
f 2529 2541 2544
f 2529 2544 2545
f 2503 2481 2502
f 2502 2481 2480
f 2502 2480 2501
f 2501 2480 2479
f 2501 2479 2509
f 2509 2479 2487
f 2512 2494 2508
f 2508 2494 2486
f 2508 2486 2507
f 2507 2486 2485
f 2507 2485 2506
f 2506 2485 2484
f 2506 2484 2505
f 2505 2484 2483
f 2505 2483 2504
f 2504 2483 2482
f 2504 2482 2503
f 2503 2482 2481
f 2553 2537 2552
f 2552 2537 2536
f 2552 2536 2559
f 2559 2536 2543
f 2526 2542 2543
f 2526 2543 2519
f 2519 2543 2536
f 2519 2536 2520
f 2520 2536 2537
f 2555 2539 2554
f 2554 2539 2538
f 2554 2538 2553
f 2553 2538 2537
f 2555 2556 2540
f 2555 2540 2539
f 2539 2540 2523
f 2539 2523 2538
f 2538 2523 2522
f 2538 2522 2521
f 2538 2521 2537
f 2521 2503 2520
f 2520 2503 2502
f 2520 2502 2519
f 2519 2502 2501
f 2519 2501 2526
f 2526 2501 2509
f 2371 2391 2385
f 2385 2367 2371
f 2353 2367 2345
f 2345 2367 2361
f 2345 2361 2346
f 2346 2361 2362
f 2425 2385 2433
f 2433 2385 2391
f 2417 2378 2425
f 2347 2346 2362
f 2347 2362 2363
f 2363 2362 2378
f 2363 2378 2379
f 2343 2342 2358
f 2379 2375 2358
f 2379 2358 2357
f 2357 2358 2341
f 2342 2341 2358
f 2360 2359 2364
f 2418 2379 2378
f 2458 2418 2457
f 2457 2418 2417
f 2457 2417 2465
f 2465 2417 2425
f 2465 2425 2433
f 2417 2418 2425
f 2347 2363 2357
f 2379 2418 2419
f 2419 2418 2458
f 2419 2458 2459
f 2419 2459 2420
f 2459 2460 2420
f 2420 2460 2415
f 2415 2416 2376
f 2376 2375 2415
f 2415 2375 2420
f 2420 2375 2380
f 2420 2380 2419
f 2416 2421 2381
f 2416 2381 2376
f 2380 2375 2379
f 2380 2379 2419
f 2524 2506 2523
f 2523 2506 2505
f 2523 2505 2522
f 2522 2505 2504
f 2522 2504 2521
f 2521 2504 2503
f 2481 2459 2480
f 2480 2459 2458
f 2480 2458 2479
f 2479 2458 2457
f 2479 2457 2487
f 2487 2457 2465
f 2494 2470 2486
f 2486 2470 2464
f 2486 2464 2485
f 2485 2464 2463
f 2485 2463 2484
f 2484 2463 2462
f 2379 2357 2363
f 2357 2341 2347
f 2496 2494 2512
f 2496 2514 2516
f 2496 2516 2498
f 2567 2549 2547
f 2567 2547 2565
f 2511 2528 2512
f 2528 2529 2512
f 2512 2514 2496
f 2560 2576 2564
f 2560 2564 2544
f 2544 2564 2547
f 2544 2547 2528
f 2528 2547 2529
f 2529 2547 2531
f 2529 2531 2512
f 2512 2531 2514
f 2531 2547 2549
f 2531 2549 2533
f 2533 2516 2531
f 2531 2516 2514
f 2565 2547 2564
f 2579 2564 2576
f 2410 2412 2409
f 2407 2409 2412
f 2452 2477 2451
f 2407 2413 2452
f 2452 2413 2455
f 2451 2407 2452
f 2403 2407 2447
f 2447 2475 2473
f 2475 2497 2473
f 2517 2534 2532
f 2532 2534 2550
f 2532 2550 2548
f 2517 2532 2515
f 2515 2497 2517
f 2477 2499 2475
f 2477 2475 2451
f 2451 2475 2447
f 2451 2447 2407
f 2475 2499 2497
f 2497 2499 2517
f 2454 2450 2476
f 2476 2474 2498
f 2450 2406 2476
f 2476 2450 2474
f 2454 2412 2450
f 2414 2412 2454
f 2454 2453 2414
f 2414 2453 2456
f 2516 2533 2518
f 2516 2518 2498
f 2549 2551 2533
f 2533 2551 2535
f 2533 2535 2518
f 2478 2454 2476
f 2478 2476 2500
f 2498 2518 2500
f 2498 2500 2476
f 2406 2450 2412
f 2407 2412 2414
f 2456 2413 2407
f 2456 2407 2414
f 2456 2455 2413
f 2607 2737 2729
f 2634 2607 2729
f 2729 2728 2634
f 2728 2633 2634
f 2737 2607 2736
f 2736 2607 2606
f 2602 2732 2604
f 2604 2732 2734
f 2604 2734 2605
f 2605 2734 2735
f 2605 2735 2606
f 2606 2735 2736
f 2616 2642 2637
f 2616 2637 2658
f 2616 2658 2672
f 2616 2690 2706
f 2616 2611 2642
f 2672 2685 2616
f 2616 2685 2690
f 2616 2706 2711
f 2730 2600 2601
f 2601 2731 2730
f 2731 2601 2620
f 2731 2620 2715
f 2715 2620 2615
f 2715 2615 2710
f 2710 2615 2616
f 2710 2616 2711
f 2600 2730 2603
f 2603 2730 2733
f 2603 2733 2732
f 2603 2732 2602
f 2654 2633 2728
f 2728 2702 2654
f 2702 2653 2654
f 2653 2702 2701
f 2653 2682 2668
f 2653 2701 2682
f 2697 2679 2698
f 2702 2682 2701
f 2681 2667 2668
f 2668 2682 2681
f 2698 2699 2722
f 2697 2698 2719
f 2719 2698 2722
f 2696 2697 2716
f 2716 2697 2719
f 2716 2719 2717
f 2717 2719 2720
f 2680 2699 2698
f 2698 2679 2680
f 2697 2696 2679
f 2666 2680 2679
f 2707 2693 2692
f 2692 2693 2687
f 2686 2692 2687
f 2688 2683 2670
f 2688 2670 2687
f 2687 2670 2674
f 2677 2664 2678
f 2678 2664 2665
f 2677 2663 2664
f 2662 2675 2676
f 2662 2661 2675
f 2675 2661 2663
f 2675 2663 2677
f 2670 2669 2674
f 2676 2692 2673
f 2673 2692 2686
f 2674 2660 2659
f 2673 2674 2659
f 2660 2674 2655
f 2655 2674 2669
f 2655 2669 2656
f 2656 2669 2670
f 2673 2659 2676
f 2676 2659 2662
f 2732 2733 2714
f 2714 2733 2730
f 2675 2691 2694
f 2717 2696 2716
f 2718 2713 2712
f 2676 2675 2691
f 2694 2696 2695
f 2695 2696 2717
f 2695 2717 2712
f 2713 2708 2707
f 2707 2708 2693
f 2693 2708 2687
f 2709 2708 2713
f 2709 2713 2714
f 2712 2713 2707
f 2692 2695 2707
f 2707 2695 2712
f 2709 2704 2703
f 2703 2704 2687
f 2708 2709 2703
f 2703 2687 2708
f 2688 2687 2704
f 2694 2695 2692
f 2674 2673 2686
f 2674 2686 2687
f 2714 2713 2732
f 2732 2713 2718
f 2732 2718 2734
f 2734 2718 2721
f 2737 2736 2725
f 2725 2736 2723
f 2699 2700 2724
f 2724 2700 2726
f 2724 2726 2725
f 2725 2726 2727
f 2666 2667 2680
f 2680 2667 2681
f 2681 2682 2700
f 2700 2682 2702
f 2700 2702 2726
f 2726 2702 2728
f 2726 2728 2727
f 2727 2728 2729
f 2736 2735 2723
f 2723 2735 2721
f 2723 2721 2720
f 2720 2721 2717
f 2723 2724 2725
f 2720 2724 2723
f 2735 2734 2721
f 2721 2718 2717
f 2717 2718 2712
f 2694 2692 2691
f 2691 2692 2676
f 2679 2678 2665
f 2679 2665 2666
f 2729 2737 2727
f 2727 2737 2725
f 2720 2719 2724
f 2724 2719 2722
f 2724 2722 2699
f 2700 2699 2681
f 2681 2699 2680
f 2678 2679 2696
f 2678 2696 2677
f 2677 2696 2694
f 2677 2694 2675
f 2684 2690 2685
f 2684 2685 2671
f 2671 2685 2672
f 2690 2684 2689
f 2705 2706 2689
f 2690 2689 2706
f 2730 2731 2714
f 2714 2731 2715
f 2688 2704 2705
f 2683 2684 2670
f 2671 2670 2684
f 2684 2683 2689
f 2689 2683 2688
f 2715 2710 2709
f 2715 2709 2714
f 2709 2710 2704
f 2710 2711 2705
f 2711 2706 2705
f 2705 2689 2688
f 2671 2670 2657
f 2705 2704 2710
f 2600 2603 2602
f 2654 2653 2668
f 2651 2652 2666
f 2652 2667 2666
f 2650 2649 2627
f 2627 2649 2624
f 2649 2648 2624
f 2624 2648 2621
f 2624 2621 2622
f 2624 2622 2625
f 2613 2645 2639
f 2621 2648 2622
f 2648 2646 2622
f 2622 2646 2647
f 2622 2647 2617
f 2638 2639 2644
f 2644 2639 2645
f 2644 2645 2612
f 2612 2645 2613
f 2663 2646 2664
f 2664 2646 2648
f 2664 2648 2649
f 2665 2664 2649
f 2665 2649 2650
f 2666 2665 2650
f 2666 2650 2651
f 2643 2646 2663
f 2643 2663 2661
f 2644 2643 2661
f 2644 2661 2662
f 2644 2647 2646
f 2644 2646 2643
f 2639 2638 2659
f 2639 2659 2660
f 2614 2619 2618
f 2618 2619 2623
f 2660 2655 2639
f 2613 2614 2618
f 2609 2639 2640
f 2635 2640 2639
f 2635 2639 2656
f 2655 2656 2660
f 2660 2656 2639
f 2639 2608 2613
f 2623 2602 2626
f 2626 2602 2604
f 2626 2604 2628
f 2628 2604 2605
f 2628 2605 2630
f 2630 2605 2606
f 2630 2606 2607
f 2630 2607 2632
f 2632 2607 2634
f 2652 2651 2631
f 2631 2651 2629
f 2631 2629 2630
f 2631 2630 2632
f 2668 2667 2652
f 2668 2652 2654
f 2654 2652 2631
f 2654 2631 2633
f 2633 2631 2632
f 2633 2632 2634
f 2612 2613 2617
f 2617 2613 2618
f 2626 2625 2623
f 2617 2647 2644
f 2638 2644 2662
f 2638 2662 2659
f 2612 2617 2644
f 2630 2629 2628
f 2628 2629 2625
f 2651 2650 2627
f 2651 2627 2629
f 2629 2627 2624
f 2629 2624 2625
f 2608 2639 2609
f 2608 2609 2614
f 2608 2614 2613
f 2617 2618 2622
f 2622 2618 2623
f 2626 2628 2625
f 2619 2600 2602
f 2619 2602 2623
f 2622 2623 2625
f 2601 2600 2619
f 2642 2611 2610
f 2642 2610 2641
f 2657 2637 2636
f 2636 2637 2642
f 2636 2642 2641
f 2657 2658 2637
f 2671 2672 2658
f 2658 2657 2671
f 2616 2615 2611
f 2611 2615 2610
f 2620 2601 2619
f 2620 2619 2615
f 2615 2619 2614
f 2670 2671 2656
f 2656 2671 2657
f 2636 2656 2657
f 2636 2641 2640
f 2636 2640 2635
f 2636 2635 2656
f 2614 2609 2615
f 2615 2609 2610
f 2609 2640 2641
f 2610 2609 2641
f 2814 2808 2811
f 2808 2814 2809
f 2809 2814 2815
f 2813 2810 2807
f 2813 2807 2812
f 2812 2807 2806
f 2807 2813 2806
f 2806 2813 2812
f 2807 2797 2796
f 2807 2796 2806
f 2797 2807 2808
f 2797 2808 2809
f 2766 2753 2782
f 2782 2753 2809
f 2808 2782 2809
f 2752 2765 2781
f 2752 2781 2806
f 2806 2781 2807
f 2807 2781 2808
f 2808 2781 2782
f 2753 2766 2752
f 2752 2766 2765
f 2809 2815 2808
f 2808 2815 2814
f 2740 2741 2752
f 2752 2741 2753
f 2796 2752 2806
f 2754 2740 2752
f 2741 2755 2753
f 2753 2797 2809
f 2809 2801 2815
f 2797 2785 2799
f 2797 2799 2809
f 2809 2799 2801
f 2745 2757 2741
f 2741 2757 2755
f 2785 2797 2769
f 2769 2797 2753
f 2753 2755 2769
f 2783 2797 2753
f 2809 2801 2797
f 2797 2801 2799
f 2753 2797 2785
f 2753 2785 2769
f 2753 2767 2783
f 2780 2796 2783
f 2783 2796 2797
f 2767 2766 2783
f 2765 2766 2767
f 2764 2780 2765
f 2780 2781 2765
f 2783 2782 2780
f 2782 2781 2780
f 2766 2782 2783
f 2745 2742 2741
f 2741 2742 2740
f 2741 2740 2739
f 2739 2740 2738
f 2739 2738 2753
f 2753 2738 2752
f 2753 2752 2767
f 2767 2752 2764
f 2767 2764 2765
f 2739 2753 2741
f 2796 2798 2806
f 2806 2798 2800
f 2806 2800 2812
f 2752 2796 2780
f 2768 2752 2754
f 2752 2768 2784
f 2752 2784 2796
f 2796 2784 2798
f 2754 2740 2756
f 2756 2740 2742
f 2780 2764 2752
f 2754 2756 2742
f 2742 2740 2754
f 2738 2740 2752
f 2741 2740 2745
f 2745 2740 2742
f 2744 2743 2742
f 2744 2742 2745
f 2742 2743 2745
f 2744 2745 2743
f 2747 2749 2745
f 2748 2746 2742
f 2790 2794 2789
f 2789 2794 2793
f 2794 2790 2778
f 2778 2790 2774
f 2773 2777 2778
f 2773 2778 2774
f 2789 2793 2777
f 2789 2777 2773
f 2818 2822 2819
f 2819 2822 2823
f 2822 2818 2817
f 2822 2817 2821
f 2816 2820 2821
f 2816 2821 2817
f 2805 2823 2822
f 2805 2822 2821
f 2805 2821 2804
f 2804 2821 2820
f 2792 2776 2793
f 2776 2777 2793
f 2777 2776 2778
f 2794 2778 2779
f 2793 2794 2795
f 2794 2779 2795
f 2805 2804 2795
f 2795 2804 2792
f 2795 2792 2793
f 2779 2778 2776
f 2779 2776 2763
f 2763 2776 2762
f 2763 2762 2751
f 2751 2762 2750
f 2820 2816 2817
f 2817 2821 2820
f 2818 2822 2821
f 2818 2821 2817
f 2822 2818 2823
f 2823 2818 2819
f 2763 2790 2823
f 2820 2789 2762
f 2762 2789 2773
f 2763 2774 2790
f 2823 2790 2822
f 2822 2790 2821
f 2821 2790 2789
f 2762 2773 2763
f 2763 2773 2774
f 2789 2820 2821
f 2762 2763 2750
f 2750 2763 2751
f 2750 2751 2748
f 2748 2751 2749
f 2763 2775 2779
f 2795 2779 2791
f 2791 2779 2775
f 2791 2805 2795
f 2762 2776 2772
f 2804 2788 2792
f 2792 2788 2772
f 2792 2772 2776
f 2748 2762 2750
f 2804 2820 2802
f 2802 2820 2816
f 2746 2758 2756
f 2746 2756 2742
f 2804 2802 2786
f 2804 2786 2788
f 2788 2786 2772
f 2772 2786 2770
f 2772 2770 2762
f 2762 2770 2760
f 2762 2760 2750
f 2750 2760 2748
f 2758 2746 2748
f 2758 2748 2760
f 2742 2756 2758
f 2742 2758 2748
f 2786 2820 2762
f 2786 2762 2770
f 2786 2802 2820
f 2748 2760 2762
f 2823 2819 2803
f 2787 2823 2803
f 2823 2787 2763
f 2763 2787 2771
f 2759 2749 2761
f 2749 2759 2745
f 2745 2759 2757
f 2749 2763 2761
f 2763 2771 2761
f 2771 2787 2775
f 2775 2787 2791
f 2791 2787 2805
f 2805 2787 2803
f 2805 2803 2823
f 2749 2747 2759
f 2759 2747 2757
f 2757 2747 2745
f 2761 2763 2751
f 2761 2751 2749
f 2771 2775 2763
f 2751 2763 2749
f 3070 3086 3071
f 3071 3086 3087
f 3090 3074 3091
f 3074 3056 3075
f 3074 3075 3091
f 3022 3023 3041
f 3076 3057 3077
f 3020 3021 3040
f 3020 3040 3039
f 3086 3088 3090
f 3074 3072 3070
f 3088 3086 3072
f 3072 3086 3070
f 3086 3090 3087
f 3087 3090 3091
f 3089 3073 3087
f 3087 3073 3071
f 3075 3073 3091
f 3091 3073 3089
f 3089 3087 3091
f 3071 3073 3072
f 3071 3072 3070
f 2841 2842 2848
f 2848 2842 2849
f 2848 2849 2841
f 2841 2849 2842
f 2871 2837 2875
f 2837 2844 2875
f 2875 2844 2845
f 2875 2845 2876
f 2827 2825 2851
f 2825 2844 2851
f 2883 2852 2851
f 2883 2851 2882
f 2882 2851 2858
f 2882 2858 2887
f 2826 2827 2850
f 2850 2827 2851
f 2886 2857 2881
f 2857 2850 2881
f 2881 2850 2849
f 2881 2849 2880
f 2824 2826 2843
f 2843 2826 2850
f 2873 2842 2843
f 2873 2843 2874
f 2843 2836 2874
f 2874 2836 2870
f 2824 2844 2825
f 2844 2824 2843
f 2863 2856 2857
f 2836 2837 2844
f 2836 2844 2843
f 2864 2863 2862
f 2866 2865 2858
f 2859 2866 2858
f 2860 2859 2852
f 2853 2860 2852
f 2846 2853 2845
f 2831 2832 2837
f 2837 2832 2838
f 2837 2836 2830
f 2837 2830 2831
f 2836 2829 2830
f 2855 2848 2841
f 2839 2846 2845
f 2839 2845 2838
f 2838 2845 2844
f 2853 2852 2845
f 2845 2852 2844
f 2844 2852 2851
f 2859 2851 2852
f 2859 2858 2851
f 2858 2857 2851
f 2851 2857 2850
f 2857 2864 2863
f 2865 2864 2857
f 2865 2857 2858
f 2856 2849 2850
f 2856 2850 2857
f 2848 2856 2855
f 2856 2848 2849
f 2849 2841 2850
f 2850 2841 2843
f 2834 2842 2841
f 2841 2842 2843
f 2855 2856 2857
f 2835 2829 2836
f 2834 2835 2836
f 2834 2836 2842
f 2842 2836 2843
f 2838 2844 2837
f 2925 2903 2906
f 2968 2983 2984
f 2965 2978 2962
f 2965 2980 2978
f 2980 2965 2979
f 2964 3000 2965
f 2965 3000 2979
f 2985 3006 2964
f 2964 3006 3000
f 2985 3028 3006
f 2984 3027 2985
f 2985 3027 3028
f 3004 3026 2983
f 3027 2984 3026
f 3026 2984 2983
f 2915 2916 2892
f 2864 2914 2865
f 2865 2914 2915
f 2865 2915 2892
f 2865 2892 2866
f 2866 2892 2888
f 2866 2888 2859
f 2889 2860 2859
f 2860 2889 2910
f 2860 2889 2884
f 2860 2884 2853
f 2903 2877 2884
f 2853 2884 2877
f 2853 2877 2846
f 2925 2928 2946
f 2960 2944 2946
f 2946 2944 2925
f 2932 2949 2928
f 2928 2949 2946
f 2950 2968 2951
f 2951 2968 2984
f 2962 2960 2946
f 2962 2946 2965
f 2965 2946 2949
f 2965 2949 2932
f 2965 2932 2964
f 2964 2932 2931
f 2964 2931 2948
f 2964 2948 2985
f 2985 2948 2952
f 2985 2952 2984
f 2984 2952 2951
f 2909 2888 2916
f 2916 2888 2892
f 2906 2903 2884
f 2906 2884 2910
f 2910 2884 2889
f 2932 2910 2909
f 2909 2910 2889
f 2909 2889 2888
f 2888 2889 2859
f 2914 2950 2915
f 2915 2950 2951
f 2915 2951 2916
f 2916 2951 2952
f 2916 2952 2909
f 2909 2952 2948
f 2909 2948 2932
f 2932 2948 2931
f 2932 2931 2910
f 2910 2932 2906
f 2906 2932 2928
f 2906 2928 2925
f 3002 2981 2982
f 3003 3025 3002
f 3003 2982 2983
f 3003 2983 3004
f 3002 2982 3003
f 2914 2864 2891
f 2913 2863 2864
f 2913 2864 2914
f 2890 2862 2863
f 2890 2863 2912
f 2912 2863 2913
f 2982 2981 2966
f 2933 2934 2966
f 2966 2934 2982
f 2950 2983 2935
f 2935 2983 2934
f 2934 2913 2914
f 2934 2914 2935
f 2933 2912 2934
f 2934 2912 2913
f 2983 2982 2934
f 2908 2855 2912
f 2912 2855 2862
f 2908 2885 2855
f 3038 3019 2998
f 3042 3038 2998
f 3024 3042 3002
f 3002 3042 2998
f 3025 3024 3002
f 2862 2890 2912
f 2963 2947 2908
f 2963 2908 2966
f 2966 2908 2912
f 2966 2912 2933
f 2998 2963 3002
f 3002 2963 2966
f 3002 2966 2981
f 2930 2908 2947
f 2879 2855 2885
f 2879 2848 2855
f 2848 2879 2905
f 2905 2927 2945
f 2908 2930 2927
f 2927 2930 2947
f 2927 2947 2961
f 2927 2879 2908
f 2908 2879 2885
f 2905 2879 2927
f 3038 3037 3019
f 3019 3037 3017
f 3019 3017 2996
f 3019 2996 2998
f 2947 2963 2961
f 2961 2963 2998
f 2996 2961 2998
f 3017 3037 2996
f 2961 2945 2927
f 2979 2985 2980
f 2979 3006 2985
f 3028 3027 3006
f 3006 3027 3005
f 3005 3027 3004
f 3027 3026 3004
f 3026 3025 3004
f 3004 3025 3003
f 3025 3043 3042
f 3025 3042 3024
f 2935 2914 2915
f 2847 2907 2854
f 2854 2907 2911
f 2854 2911 2861
f 2861 2911 2910
f 2861 2910 2860
f 2916 2866 2910
f 2910 2866 2860
f 2866 2916 2865
f 2865 2916 2915
f 2915 2914 2891
f 2915 2891 2865
f 2865 2891 2864
f 2951 3005 3004
f 3004 2983 2951
f 2951 2983 2950
f 2951 2950 2935
f 2952 3006 2951
f 2951 3006 3005
f 3006 2952 2985
f 2969 2965 2980
f 2969 2980 2985
f 2944 2946 2926
f 2926 2946 2929
f 2926 2929 2904
f 2847 2878 2907
f 2907 2878 2904
f 2985 2952 2969
f 2969 2952 2936
f 2969 2936 2965
f 2965 2936 2932
f 2929 2946 2928
f 2928 2946 2932
f 2932 2946 2965
f 2915 2951 2935
f 2904 2929 2907
f 2907 2929 2928
f 2907 2928 2911
f 2911 2928 2932
f 2911 2932 2910
f 2910 2932 2936
f 2910 2936 2916
f 2916 2936 2952
f 2839 2833 2832
f 2899 2922 2940
f 2940 2922 2956
f 2956 2974 2991
f 2872 2869 2834
f 2872 2834 2841
f 2918 2917 2953
f 2970 2971 2953
f 2828 2893 2894
f 2828 2894 2829
f 2895 2830 2829
f 2895 2829 2894
f 2919 2972 2937
f 2918 2894 2893
f 2918 2893 2917
f 2894 2918 2895
f 2895 2918 2919
f 2918 2971 2919
f 2919 2971 2972
f 2953 2971 2918
f 3007 3008 2986
f 3029 3007 2986
f 3032 3029 2991
f 2991 3029 2986
f 3012 3032 2991
f 2940 2956 2899
f 2834 2869 2899
f 2834 2899 2893
f 2834 2893 2828
f 2899 2956 2893
f 2893 2956 2953
f 2893 2953 2917
f 2956 2991 2953
f 2953 2991 2986
f 2953 2986 2970
f 2986 2987 2970
f 2987 2971 2970
f 2988 2972 2987
f 2987 2972 2971
f 2986 3008 2987
f 2938 2937 2972
f 2938 2972 2988
f 2896 2895 2919
f 2830 2895 2896
f 2896 2831 2830
f 2832 2831 2896
f 2896 2897 2832
f 2898 2839 2897
f 2897 2839 2832
f 2839 2898 2900
f 2839 2900 2840
f 2840 2900 2901
f 2840 2901 2847
f 2847 2901 2904
f 2847 2904 2878
f 2944 2958 2960
f 2973 2958 2955
f 2939 2973 2955
f 2973 2939 2990
f 2990 2939 2938
f 2990 2938 2989
f 2958 2923 2955
f 2955 2923 2921
f 2955 2921 2939
f 2944 2926 2925
f 2944 2925 2958
f 2958 2925 2923
f 2988 2989 2938
f 2938 2896 2919
f 2938 2919 2937
f 2896 2938 2897
f 2897 2938 2939
f 2897 2939 2898
f 2898 2939 2921
f 2898 2921 2900
f 2900 2921 2923
f 2900 2923 2901
f 2901 2923 2904
f 2904 2923 2925
f 2904 2925 2926
f 2902 2924 2872
f 2899 2924 2922
f 2899 2869 2872
f 2899 2872 2924
f 2958 2976 2977
f 2958 2977 2960
f 2973 2990 2976
f 3010 3011 2990
f 2990 2989 3010
f 3009 3010 2989
f 3030 3007 3029
f 3007 3030 3008
f 2924 2943 2959
f 3035 3032 3012
f 3035 3012 3016
f 3012 2994 3016
f 3016 2994 3035
f 2924 2959 2956
f 2924 2956 2922
f 3012 2991 2994
f 2994 2991 2974
f 2959 2994 2974
f 2959 2974 2956
f 3009 2989 2988
f 2988 2987 3009
f 3009 2987 3008
f 2958 2973 2976
f 2872 2841 2902
f 2924 2902 2943
f 2991 3032 3035
f 3035 2994 2991
f 2971 2987 2986
f 2986 2987 3030
f 2986 3030 3029
f 2918 2954 2953
f 2869 2834 2828
f 2869 2828 2868
f 2959 2943 2902
f 2893 2918 2953
f 2893 2953 2899
f 2953 2956 2899
f 2899 2869 2868
f 2899 2868 2893
f 2893 2868 2894
f 2959 2902 2956
f 2956 2902 2899
f 2902 2872 2899
f 2991 2994 2959
f 2991 2959 2956
f 2991 2956 2986
f 2986 2956 2953
f 2986 2953 2971
f 2971 2953 2954
f 2847 2846 2840
f 2840 2846 2839
f 2838 2832 2839
f 2866 2867 2860
f 2854 2861 2860
f 2846 2847 2853
f 2853 2847 2854
f 2860 2853 2854
f 2859 2860 2866
f 3037 3038 2996
f 2967 2966 2982
f 3002 3042 3043
f 3002 3043 3003
f 2996 3038 2998
f 2945 2961 2905
f 2890 2862 2855
f 2890 2855 2885
f 2905 2908 2879
f 2967 2934 2966
f 2966 2934 2912
f 2966 2912 2963
f 2963 2912 2908
f 2912 2913 2890
f 2912 2890 2908
f 2908 2890 2885
f 2905 2961 2908
f 2908 2961 2963
f 2961 2996 2963
f 2963 2996 2998
f 2963 2998 2966
f 2966 2998 3002
f 2966 3002 2982
f 3053 3052 3036
f 3036 3052 3035
f 3043 3038 3042
f 3004 3026 3005
f 3005 3026 3027
f 3043 3042 3058
f 3043 3058 3059
f 3058 3042 3038
f 3038 3055 3058
f 2976 2941 2942
f 2975 2957 2976
f 2941 2976 2957
f 2975 2992 3015
f 2856 2865 2864
f 2829 2830 2835
f 2835 2830 2831
f 2856 2864 2863
f 2862 2855 2856
f 2862 2856 2863
f 2839 2846 2860
f 2860 2846 2853
f 2859 2866 2856
f 2856 2866 2865
f 2834 2828 2835
f 2835 2828 2829
f 2835 2831 2832
f 2835 2832 2838
f 3049 3032 3052
f 3052 3032 3035
f 3045 3029 3049
f 3049 3029 3032
f 3029 3045 3046
f 3029 3046 3030
f 3035 3037 3052
f 3052 3037 3054
f 3038 3055 3037
f 3037 3055 3054
f 3037 3035 2996
f 2996 3035 2994
f 2996 2994 2961
f 2961 2994 2959
f 2961 2959 2945
f 2945 2959 2924
f 2945 2924 2905
f 2905 2924 2902
f 2905 2902 2872
f 2905 2872 2879
f 2879 2872 2841
f 2879 2841 2848
f 2962 2960 2978
f 3001 2979 2980
f 3001 3000 2979
f 2975 2992 2993
f 2975 2993 2976
f 2978 2960 2977
f 2995 2978 2977
f 2980 2997 3001
f 2990 3011 3015
f 2980 2978 2997
f 2997 2978 2995
f 2995 2977 2976
f 2990 3015 2992
f 2995 2976 2992
f 2992 2976 2993
f 2997 3000 3001
f 3023 3006 3000
f 3006 3023 3028
f 3053 3049 3052
f 3046 3045 3050
f 3050 3045 3053
f 3053 3045 3049
f 3054 3035 3052
f 3038 3035 3055
f 3055 3035 3054
f 2992 2976 2975
f 2992 2975 2990
f 3000 2979 3006
f 3060 3044 3061
f 3027 3028 3060
f 3060 3028 3044
f 3060 3026 3027
f 3060 3043 3026
f 3060 3059 3043
f 3079 3078 3060
f 3060 3078 3059
f 3060 3080 3079
f 3060 3081 3080
f 3060 3061 3081
f 3043 3025 3026
f 3059 3039 3043
f 3059 3056 3039
f 3078 3074 3059
f 3059 3074 3056
f 3079 3075 3074
f 3079 3074 3078
f 3075 3079 3091
f 3091 3079 3093
f 3091 3093 3094
f 3091 3094 3092
f 3092 3094 3080
f 3092 3080 3076
f 3076 3080 3077
f 3077 3080 3081
f 3077 3081 3061
f 3077 3061 3057
f 3057 3061 3041
f 3041 3061 3044
f 3041 3044 3023
f 3023 3044 3028
f 3027 3023 3028
f 3027 3022 3023
f 3043 3039 3020
f 3043 3020 3025
f 3025 3020 3021
f 3025 3021 3026
f 3026 3021 3022
f 3026 3022 3027
f 3093 3079 3080
f 3093 3080 3094
f 2995 2992 2997
f 2997 2992 3015
f 2997 3015 3018
f 2997 3018 3000
f 3000 3018 3023
f 3022 2999 3023
f 3000 3023 2999
f 3023 3018 3015
f 3023 3015 3041
f 3041 3015 3034
f 3051 3057 3034
f 3034 3057 3041
f 3069 3077 3051
f 3051 3077 3057
f 3085 3092 3068
f 3068 3092 3076
f 3068 3076 3069
f 3069 3076 3077
f 3067 3075 3084
f 3084 3075 3091
f 3084 3091 3085
f 3085 3091 3092
f 3066 3074 3067
f 3067 3074 3075
f 3050 3056 3066
f 3066 3056 3074
f 3033 3039 3050
f 3050 3039 3056
f 3014 3010 3015
f 3015 3010 3011
f 3015 3011 3031
f 3015 3031 3034
f 3034 3031 3048
f 3034 3048 3051
f 3051 3048 3065
f 3051 3065 3069
f 3069 3065 3064
f 3069 3064 3068
f 3068 3064 3083
f 3068 3083 3085
f 3085 3083 3082
f 3085 3082 3084
f 3084 3082 3063
f 3084 3063 3067
f 3067 3063 3062
f 3067 3062 3066
f 3066 3062 3046
f 3066 3046 3050
f 3050 3046 3030
f 3050 3030 3033
f 3083 3064 3063
f 3083 3063 3082
f 3033 3030 3008
f 3033 3008 3013
f 2989 2920 3008
f 3008 2920 2919
f 3008 2919 2918
f 3008 3009 2989
f 3065 3048 3064
f 3063 3046 3062
f 3009 3008 3030
f 3010 3031 3011
f 3047 3030 3046
f 3009 3030 3047
f 3047 3010 3009
f 3031 3010 3047
f 3047 3048 3031
f 3064 3048 3047
f 3047 3063 3064
f 3046 3063 3047
f 2856 2841 2859
f 2859 2841 2834
f 2834 2835 2859
f 2859 2835 2838
f 2856 2855 2841
f 2860 2859 2839
f 2839 2859 2838
f 3303 3302 3301
f 3301 3302 3296
f 3301 3296 3295
f 3295 3296 3294
f 3295 3294 3289
f 3289 3294 3280
f 3289 3280 3276
f 3276 3280 3253
f 3276 3253 3249
f 3249 3253 3258
f 3249 3258 3254
f 3254 3258 3259
f 3259 3258 3263
f 3259 3263 3269
f 3259 3269 3264
f 3264 3269 3284
f 3264 3284 3283
f 3283 3284 3300
f 3283 3300 3299
f 3299 3300 3298
f 3299 3298 3297
f 3297 3298 3304
f 3297 3304 3303
f 3303 3304 3302
f 3258 3281 3263
f 3281 3284 3269
f 3281 3269 3263
f 3281 3300 3284
f 3281 3298 3300
f 3302 3304 3281
f 3281 3304 3298
f 3296 3302 3281
f 3281 3294 3296
f 3281 3280 3294
f 3258 3253 3281
f 3281 3253 3280
f 3259 3282 3254
f 3282 3276 3249
f 3282 3249 3254
f 3282 3289 3276
f 3282 3295 3289
f 3303 3301 3282
f 3282 3301 3295
f 3297 3303 3282
f 3282 3299 3297
f 3282 3283 3299
f 3259 3264 3282
f 3282 3264 3283
f 3129 3152 3151
f 3151 3128 3129
f 3129 3147 3152
f 3098 3104 3103
f 3104 3098 3099
f 3104 3099 3100
f 3104 3100 3105
f 3147 3148 3129
f 3130 3129 3148
f 3252 3279 3253
f 3253 3279 3280
f 3232 3258 3236
f 3236 3258 3263
f 3240 3268 3244
f 3244 3268 3267
f 3244 3267 3271
f 3244 3271 3243
f 3294 3280 3293
f 3280 3279 3293
f 3293 3279 3275
f 3293 3275 3288
f 3288 3275 3287
f 3287 3275 3274
f 3274 3247 3223
f 3098 3109 3110
f 3098 3110 3099
f 3099 3110 3100
f 3110 3111 3100
f 3113 3105 3100
f 3113 3100 3111
f 3123 3142 3125
f 3125 3142 3144
f 3130 3148 3147
f 3130 3147 3129
f 3173 3151 3152
f 3173 3152 3174
f 3236 3235 3232
f 3232 3235 3231
f 3232 3231 3258
f 3258 3231 3257
f 3263 3262 3235
f 3263 3235 3236
f 3240 3244 3239
f 3243 3239 3244
f 3252 3253 3257
f 3257 3253 3258
f 3253 3280 3251
f 3251 3280 3278
f 3258 3253 3256
f 3256 3253 3251
f 3258 3256 3263
f 3263 3256 3261
f 3261 3262 3263
f 3262 3261 3267
f 3262 3267 3268
f 3268 3267 3271
f 3293 3288 3291
f 3291 3288 3287
f 3292 3294 3293
f 3292 3293 3291
f 3292 3278 3294
f 3294 3278 3280
f 3139 3140 3121
f 3202 3224 3227
f 3202 3227 3205
f 3201 3223 3202
f 3202 3223 3224
f 3118 3110 3117
f 3117 3110 3109
f 3111 3110 3118
f 3119 3111 3118
f 3119 3113 3111
f 3160 3121 3140
f 3123 3121 3160
f 3162 3123 3160
f 3162 3142 3123
f 3166 3142 3162
f 3125 3144 3166
f 3166 3144 3142
f 3165 3125 3166
f 3130 3125 3165
f 3130 3169 3129
f 3169 3130 3165
f 3169 3147 3129
f 3174 3152 3169
f 3169 3152 3147
f 3240 3262 3268
f 3209 3231 3235
f 3209 3235 3213
f 3205 3227 3209
f 3209 3227 3231
f 3160 3140 3159
f 3181 3160 3159
f 3181 3159 3178
f 3159 3140 3139
f 3139 3135 3156
f 3155 3177 3156
f 3156 3177 3178
f 3156 3135 3155
f 3155 3135 3134
f 3159 3139 3156
f 3159 3156 3178
f 3117 3134 3118
f 3118 3134 3135
f 3118 3135 3139
f 3118 3139 3119
f 3119 3139 3121
f 3119 3121 3113
f 3193 3198 3169
f 3193 3169 3189
f 3160 3181 3182
f 3160 3182 3162
f 3162 3182 3186
f 3162 3186 3185
f 3162 3185 3165
f 3165 3185 3189
f 3165 3189 3169
f 3197 3173 3198
f 3198 3173 3174
f 3198 3174 3169
f 3165 3166 3162
f 3216 3240 3220
f 3220 3240 3219
f 3219 3240 3239
f 3219 3239 3243
f 3216 3213 3240
f 3213 3235 3240
f 3240 3235 3262
f 3219 3197 3220
f 3220 3197 3198
f 3220 3198 3216
f 3216 3198 3193
f 3216 3193 3213
f 3213 3193 3189
f 3213 3189 3235
f 3177 3201 3178
f 3178 3201 3202
f 3178 3202 3181
f 3181 3202 3205
f 3181 3205 3182
f 3182 3205 3186
f 3186 3205 3209
f 3186 3209 3185
f 3185 3209 3189
f 3189 3209 3213
f 3117 3109 3134
f 3257 3231 3227
f 3252 3257 3227
f 3223 3247 3248
f 3252 3227 3248
f 3248 3227 3224
f 3248 3224 3223
f 3279 3252 3275
f 3275 3252 3248
f 3275 3248 3274
f 3274 3248 3247
f 3151 3150 3128
f 3150 3149 3128
f 3128 3149 3127
f 3127 3149 3146
f 3096 3097 3102
f 3102 3097 3103
f 3103 3097 3098
f 3102 3101 3095
f 3102 3095 3096
f 3145 3146 3126
f 3126 3146 3127
f 3277 3250 3276
f 3276 3250 3249
f 3285 3272 3290
f 3290 3272 3277
f 3272 3285 3286
f 3272 3286 3273
f 3274 3246 3273
f 3274 3273 3287
f 3287 3273 3286
f 3246 3274 3222
f 3222 3274 3223
f 3222 3223 3201
f 3222 3201 3200
f 3200 3201 3177
f 3200 3177 3176
f 3109 3133 3134
f 3134 3133 3154
f 3134 3154 3155
f 3155 3154 3177
f 3177 3154 3176
f 3109 3108 3133
f 3108 3097 3096
f 3108 3096 3107
f 3095 3106 3107
f 3095 3107 3096
f 3141 3122 3124
f 3124 3143 3141
f 3150 3172 3149
f 3149 3172 3171
f 3172 3150 3151
f 3172 3151 3173
f 3106 3095 3101
f 3106 3101 3112
f 3097 3108 3109
f 3097 3109 3098
f 3290 3277 3276
f 3290 3276 3289
f 3233 3259 3254
f 3233 3254 3229
f 3265 3237 3241
f 3265 3241 3266
f 3266 3241 3270
f 3270 3241 3242
f 3242 3243 3270
f 3270 3243 3271
f 3249 3250 3254
f 3254 3250 3255
f 3254 3255 3229
f 3255 3230 3229
f 3229 3230 3233
f 3230 3234 3233
f 3233 3234 3259
f 3259 3234 3260
f 3241 3237 3238
f 3241 3238 3242
f 3242 3238 3243
f 3243 3238 3239
f 3276 3249 3251
f 3265 3266 3267
f 3265 3267 3260
f 3260 3267 3261
f 3261 3259 3260
f 3256 3254 3261
f 3261 3254 3259
f 3251 3249 3256
f 3256 3249 3254
f 3278 3276 3251
f 3266 3270 3267
f 3267 3270 3271
f 3290 3289 3292
f 3291 3287 3286
f 3291 3286 3285
f 3285 3290 3291
f 3291 3290 3292
f 3278 3292 3289
f 3276 3278 3289
f 3197 3219 3218
f 3230 3208 3234
f 3234 3208 3212
f 3237 3260 3234
f 3243 3242 3219
f 3168 3146 3149
f 3168 3149 3171
f 3127 3146 3168
f 3168 3126 3127
f 3126 3168 3164
f 3126 3164 3124
f 3124 3164 3163
f 3143 3124 3163
f 3161 3141 3163
f 3163 3141 3143
f 3120 3122 3137
f 3137 3122 3141
f 3106 3112 3114
f 3114 3112 3120
f 3115 3106 3114
f 3107 3106 3115
f 3116 3108 3107
f 3222 3200 3199
f 3199 3221 3222
f 3204 3226 3199
f 3199 3226 3221
f 3195 3192 3168
f 3188 3168 3192
f 3173 3197 3172
f 3172 3197 3196
f 3172 3196 3171
f 3171 3196 3195
f 3171 3195 3168
f 3188 3164 3168
f 3163 3164 3188
f 3163 3188 3161
f 3161 3188 3184
f 3179 3157 3183
f 3183 3157 3161
f 3183 3161 3184
f 3157 3179 3180
f 3157 3180 3158
f 3158 3180 3153
f 3153 3180 3175
f 3157 3137 3161
f 3161 3137 3141
f 3158 3137 3157
f 3132 3115 3138
f 3138 3115 3114
f 3138 3114 3120
f 3138 3120 3137
f 3107 3115 3116
f 3116 3115 3132
f 3116 3132 3133
f 3133 3132 3153
f 3133 3153 3154
f 3154 3153 3175
f 3154 3175 3176
f 3153 3132 3158
f 3158 3132 3138
f 3158 3138 3137
f 3200 3176 3199
f 3199 3176 3175
f 3199 3175 3204
f 3204 3175 3180
f 3204 3180 3179
f 3219 3242 3218
f 3218 3242 3238
f 3218 3238 3217
f 3217 3238 3237
f 3217 3237 3215
f 3234 3212 3237
f 3196 3197 3218
f 3196 3218 3195
f 3195 3218 3217
f 3195 3217 3192
f 3192 3217 3215
f 3192 3215 3188
f 3265 3260 3237
f 3215 3237 3212
f 3215 3212 3188
f 3188 3212 3184
f 3184 3212 3208
f 3184 3208 3183
f 3183 3208 3230
f 3183 3230 3179
f 3179 3230 3226
f 3179 3226 3204
f 3108 3116 3133
f 3226 3255 3250
f 3230 3255 3226
f 3246 3222 3221
f 3226 3250 3221
f 3221 3250 3245
f 3221 3245 3246
f 3250 3277 3245
f 3245 3277 3272
f 3245 3272 3246
f 3246 3272 3273
f 3126 3125 3130
f 3130 3129 3128
f 3130 3128 3126
f 3126 3128 3127
f 3101 3102 3112
f 3112 3102 3103
f 3104 3105 3113
f 3104 3113 3103
f 3103 3113 3112
f 3121 3120 3113
f 3113 3120 3112
f 3123 3122 3120
f 3123 3120 3121
f 3125 3124 3123
f 3123 3124 3122
f 3124 3125 3126
f 3206 3227 3228
f 3227 3206 3205
f 3205 3224 3227
f 3166 3144 3162
f 3162 3144 3142
f 3166 3130 3125
f 3147 3148 3169
f 3169 3148 3170
f 3170 3148 3130
f 3236 3214 3232
f 3232 3214 3210
f 3206 3228 3210
f 3210 3228 3232
f 3224 3205 3202
f 3202 3205 3178
f 3156 3181 3160
f 3136 3156 3140
f 3140 3156 3160
f 3119 3136 3121
f 3121 3136 3140
f 3118 3135 3119
f 3197 3173 3174
f 3197 3174 3198
f 3162 3186 3166
f 3166 3186 3190
f 3243 3219 3244
f 3244 3219 3220
f 3244 3220 3240
f 3170 3166 3190
f 3170 3190 3194
f 3194 3190 3214
f 3194 3214 3216
f 3216 3214 3240
f 3166 3170 3130
f 3216 3193 3194
f 3194 3193 3169
f 3194 3169 3170
f 3119 3135 3136
f 3136 3135 3156
f 3156 3178 3181
f 3181 3178 3205
f 3182 3205 3206
f 3182 3206 3186
f 3186 3206 3210
f 3186 3210 3190
f 3190 3210 3214
f 3190 3214 3236
f 3214 3236 3240
f 3240 3236 3263
f 3240 3263 3262
f 3228 3253 3258
f 3228 3258 3232
f 3253 3228 3252
f 3252 3228 3227
f 3252 3227 3224
f 3252 3224 3248
f 3248 3224 3247
f 3247 3224 3223
f 3211 3233 3207
f 3207 3233 3229
f 3237 3260 3233
f 3233 3260 3259
f 3168 3145 3146
f 3167 3126 3168
f 3168 3126 3145
f 3163 3124 3167
f 3167 3124 3126
f 3114 3106 3120
f 3120 3106 3112
f 3204 3226 3221
f 3204 3221 3199
f 3203 3226 3204
f 3203 3225 3226
f 3196 3172 3173
f 3173 3197 3196
f 3187 3163 3191
f 3191 3163 3167
f 3191 3167 3192
f 3192 3167 3168
f 3183 3161 3187
f 3187 3161 3163
f 3180 3153 3157
f 3153 3132 3131
f 3153 3131 3157
f 3157 3131 3137
f 3132 3115 3114
f 3132 3114 3131
f 3131 3114 3137
f 3137 3114 3120
f 3204 3180 3203
f 3203 3180 3179
f 3218 3242 3217
f 3217 3242 3241
f 3217 3241 3215
f 3215 3241 3237
f 3215 3237 3211
f 3211 3237 3233
f 3192 3215 3191
f 3191 3215 3211
f 3191 3211 3187
f 3187 3211 3183
f 3183 3211 3207
f 3183 3207 3229
f 3183 3229 3179
f 3179 3229 3225
f 3179 3225 3203
f 3254 3249 3225
f 3225 3229 3254
f 3249 3250 3277
f 3225 3249 3226
f 3226 3249 3250
f 3221 3245 3222
f 3222 3245 3246
f 3419 3417 3418
f 3419 3418 3442
f 3442 3441 3416
f 3442 3416 3419
f 3419 3420 3417
f 3441 3442 3463
f 3463 3442 3464
f 3463 3464 3481
f 3481 3464 3482
f 3481 3482 3499
f 3499 3515 3514
f 3514 3498 3499
f 3499 3498 3481
f 3531 3530 3513
f 3513 3530 3512
f 3512 3514 3513
f 3513 3514 3515
f 3541 3540 3525
f 3525 3540 3524
f 3522 3523 3538
f 3538 3523 3539
f 3523 3522 3506
f 3523 3506 3507
f 3540 3553 3539
f 3539 3561 3560
f 3539 3560 3556
f 3539 3559 3563
f 3563 3562 3539
f 3539 3556 3551
f 3525 3524 3508
f 3525 3508 3509
f 3553 3552 3539
f 3539 3552 3559
f 3539 3562 3561
f 3551 3550 3539
f 3457 3458 3476
f 3457 3476 3475
f 3491 3507 3506
f 3509 3508 3492
f 3509 3492 3493
f 3493 3492 3475
f 3493 3475 3476
f 3506 3490 3491
f 3491 3490 3474
f 3474 3490 3473
f 3474 3473 3452
f 3452 3473 3451
f 3542 3543 3540
f 3542 3540 3539
f 3543 3542 3528
f 3528 3542 3527
f 3528 3527 3529
f 3529 3527 3531
f 3531 3527 3526
f 3531 3526 3530
f 3423 3431 3430
f 3423 3430 3422
f 3400 3399 3391
f 3392 3400 3391
f 3393 3394 3401
f 3401 3394 3402
f 3426 3427 3433
f 3426 3433 3432
f 3422 3342 3423
f 3423 3342 3343
f 3423 3343 3431
f 3431 3343 3351
f 3431 3351 3430
f 3430 3351 3350
f 3430 3350 3422
f 3422 3350 3342
f 3431 3391 3423
f 3454 3392 3431
f 3431 3392 3391
f 3454 3400 3392
f 3454 3455 3400
f 3400 3455 3401
f 3455 3393 3401
f 3432 3394 3455
f 3455 3394 3393
f 3426 3394 3432
f 3426 3346 3427
f 3427 3346 3347
f 3427 3347 3433
f 3433 3347 3353
f 3433 3353 3432
f 3432 3353 3352
f 3432 3352 3426
f 3426 3352 3346
f 3395 3394 3352
f 3395 3352 3353
f 3402 3399 3401
f 3401 3399 3400
f 3351 3391 3390
f 3351 3390 3350
f 3356 3363 3362
f 3357 3363 3356
f 3358 3359 3365
f 3364 3358 3365
f 3408 3364 3409
f 3409 3364 3365
f 3406 3362 3407
f 3407 3362 3363
f 3391 3351 3343
f 3391 3343 3423
f 3431 3423 3445
f 3453 3431 3445
f 3454 3431 3453
f 3454 3453 3446
f 3446 3453 3445
f 3424 3446 3445
f 3423 3424 3445
f 3424 3425 3446
f 3446 3425 3447
f 3446 3447 3454
f 3454 3447 3455
f 3432 3455 3456
f 3456 3455 3448
f 3448 3455 3447
f 3432 3456 3448
f 3426 3432 3448
f 3426 3448 3447
f 3426 3447 3425
f 3352 3394 3346
f 3346 3394 3426
f 3403 3402 3394
f 3403 3394 3395
f 3390 3391 3398
f 3398 3391 3399
f 3398 3399 3403
f 3403 3399 3402
f 3412 3368 3406
f 3406 3368 3362
f 3398 3356 3362
f 3398 3362 3406
f 3357 3356 3399
f 3399 3356 3398
f 3407 3363 3357
f 3407 3357 3399
f 3402 3358 3364
f 3402 3364 3408
f 3359 3358 3403
f 3403 3358 3402
f 3409 3365 3359
f 3409 3359 3403
f 3365 3369 3413
f 3365 3413 3409
f 3369 3368 3413
f 3413 3368 3412
f 3412 3406 3407
f 3409 3413 3408
f 3412 3407 3408
f 3412 3408 3413
f 3375 3374 3369
f 3369 3374 3373
f 3369 3373 3368
f 3368 3373 3372
f 3332 3318 3390
f 3332 3390 3398
f 3332 3398 3336
f 3332 3350 3318
f 3318 3350 3390
f 3310 3332 3318
f 3310 3326 3332
f 3326 3310 3342
f 3311 3343 3310
f 3310 3343 3342
f 3423 3343 3311
f 3423 3311 3424
f 3424 3311 3312
f 3312 3313 3424
f 3424 3313 3425
f 3314 3346 3426
f 3314 3426 3313
f 3313 3426 3425
f 3319 3333 3315
f 3315 3333 3329
f 3329 3347 3315
f 3315 3347 3314
f 3314 3347 3346
f 3333 3319 3353
f 3353 3319 3395
f 3403 3395 3337
f 3337 3395 3333
f 3333 3395 3319
f 3336 3398 3356
f 3362 3336 3356
f 3403 3337 3359
f 3337 3365 3359
f 3365 3366 3369
f 3369 3366 3370
f 3366 3365 3410
f 3410 3365 3409
f 3361 3362 3368
f 3361 3368 3367
f 3403 3404 3409
f 3409 3404 3410
f 3362 3361 3405
f 3362 3405 3406
f 3397 3398 3406
f 3397 3406 3405
f 3399 3402 3407
f 3402 3408 3407
f 3362 3361 3355
f 3362 3355 3336
f 3355 3335 3336
f 3336 3335 3332
f 3332 3335 3317
f 3332 3317 3318
f 3308 3314 3313
f 3308 3313 3307
f 3305 3306 3312
f 3305 3312 3311
f 3318 3317 3310
f 3320 3319 3315
f 3320 3315 3316
f 3312 3306 3313
f 3313 3306 3307
f 3310 3317 3309
f 3333 3319 3320
f 3333 3320 3337
f 3337 3320 3338
f 3366 3365 3360
f 3360 3365 3337
f 3360 3337 3338
f 3360 3359 3366
f 3366 3359 3365
f 3356 3398 3355
f 3355 3398 3397
f 3361 3362 3356
f 3361 3356 3355
f 3367 3368 3362
f 3367 3362 3361
f 3342 3350 3341
f 3341 3350 3349
f 3332 3349 3350
f 3332 3331 3349
f 3331 3332 3325
f 3332 3326 3325
f 3333 3330 3329
f 3330 3333 3334
f 3353 3334 3333
f 3353 3354 3334
f 3353 3348 3354
f 3353 3347 3348
f 3403 3359 3404
f 3404 3359 3360
f 3368 3372 3371
f 3372 3373 3371
f 3368 3371 3367
f 3367 3411 3405
f 3405 3411 3437
f 3361 3367 3405
f 3405 3437 3435
f 3435 3397 3405
f 3435 3437 3461
f 3429 3435 3451
f 3451 3435 3459
f 3461 3459 3435
f 3460 3436 3458
f 3434 3458 3436
f 3436 3460 3462
f 3436 3462 3438
f 3370 3366 3410
f 3438 3414 3410
f 3410 3404 3436
f 3370 3410 3414
f 3436 3438 3410
f 3376 3374 3375
f 3376 3369 3370
f 3375 3369 3376
f 3477 3479 3494
f 3512 3510 3494
f 3451 3459 3477
f 3477 3459 3461
f 3474 3452 3451
f 3474 3473 3491
f 3491 3473 3490
f 3496 3512 3494
f 3461 3479 3496
f 3477 3461 3479
f 3479 3461 3494
f 3494 3461 3496
f 3542 3539 3523
f 3527 3542 3523
f 3527 3523 3507
f 3507 3491 3510
f 3507 3510 3527
f 3527 3510 3526
f 3474 3451 3473
f 3473 3451 3477
f 3473 3477 3490
f 3490 3477 3494
f 3490 3494 3491
f 3491 3494 3510
f 3526 3510 3512
f 3526 3512 3530
f 3523 3522 3539
f 3534 3535 3519
f 3563 3559 3558
f 3563 3558 3562
f 3556 3560 3557
f 3557 3560 3561
f 3538 3539 3522
f 3540 3537 3549
f 3540 3549 3553
f 3524 3521 3537
f 3540 3524 3537
f 3535 3547 3548
f 3548 3536 3535
f 3519 3535 3536
f 3546 3534 3545
f 3545 3534 3533
f 3534 3546 3535
f 3535 3546 3547
f 3518 3534 3519
f 3517 3533 3518
f 3518 3533 3534
f 3551 3544 3550
f 3550 3544 3532
f 3550 3532 3539
f 3557 3561 3558
f 3558 3561 3562
f 3553 3549 3552
f 3552 3549 3548
f 3552 3548 3558
f 3558 3548 3547
f 3558 3547 3555
f 3558 3555 3557
f 3557 3555 3554
f 3557 3554 3546
f 3557 3546 3551
f 3551 3546 3545
f 3551 3545 3544
f 3537 3536 3548
f 3545 3533 3532
f 3549 3537 3548
f 3555 3547 3554
f 3554 3547 3546
f 3544 3545 3532
f 3559 3552 3558
f 3556 3557 3551
f 3539 3532 3523
f 3523 3532 3516
f 3536 3520 3519
f 3521 3520 3537
f 3537 3520 3536
f 3532 3533 3516
f 3516 3533 3517
f 3501 3485 3484
f 3504 3488 3487
f 3335 3331 3317
f 3334 3338 3320
f 3435 3429 3397
f 3389 3342 3341
f 3389 3341 3349
f 3381 3382 3342
f 3347 3387 3388
f 3347 3388 3348
f 3388 3354 3348
f 3322 3323 3307
f 3307 3323 3308
f 3308 3323 3324
f 3308 3324 3314
f 3314 3324 3328
f 3314 3328 3315
f 3315 3328 3329
f 3322 3339 3323
f 3323 3339 3340
f 3323 3340 3346
f 3323 3346 3328
f 3328 3346 3347
f 3328 3347 3329
f 3340 3345 3346
f 3334 3320 3330
f 3330 3320 3316
f 3330 3316 3329
f 3329 3316 3315
f 3360 3338 3334
f 3354 3360 3334
f 3379 3385 3380
f 3425 3385 3424
f 3424 3385 3379
f 3345 3385 3346
f 3346 3385 3386
f 3346 3386 3347
f 3347 3386 3387
f 3354 3396 3360
f 3360 3396 3404
f 3436 3404 3434
f 3396 3354 3388
f 3396 3434 3404
f 3385 3425 3386
f 3386 3425 3426
f 3386 3426 3387
f 3387 3426 3427
f 3387 3427 3428
f 3387 3428 3388
f 3388 3428 3396
f 3396 3428 3434
f 3493 3476 3489
f 3489 3476 3472
f 3489 3472 3471
f 3489 3471 3488
f 3488 3471 3470
f 3525 3509 3524
f 3524 3509 3508
f 3524 3508 3521
f 3521 3508 3505
f 3521 3505 3520
f 3520 3505 3504
f 3488 3504 3489
f 3489 3504 3505
f 3489 3505 3493
f 3493 3505 3508
f 3493 3508 3509
f 3467 3445 3466
f 3466 3445 3444
f 3466 3444 3465
f 3465 3444 3443
f 3465 3443 3473
f 3473 3443 3451
f 3476 3458 3472
f 3472 3458 3450
f 3472 3450 3471
f 3471 3450 3449
f 3471 3449 3470
f 3470 3449 3448
f 3470 3448 3469
f 3469 3448 3447
f 3469 3447 3468
f 3468 3447 3446
f 3468 3446 3467
f 3467 3446 3445
f 3517 3501 3516
f 3516 3501 3500
f 3516 3500 3523
f 3523 3500 3507
f 3490 3506 3507
f 3490 3507 3483
f 3483 3507 3500
f 3483 3500 3484
f 3484 3500 3501
f 3519 3503 3518
f 3518 3503 3502
f 3518 3502 3517
f 3517 3502 3501
f 3519 3520 3504
f 3519 3504 3503
f 3503 3504 3487
f 3503 3487 3502
f 3502 3487 3486
f 3502 3486 3485
f 3502 3485 3501
f 3485 3467 3484
f 3484 3467 3466
f 3484 3466 3483
f 3483 3466 3465
f 3483 3465 3490
f 3490 3465 3473
f 3335 3355 3349
f 3349 3331 3335
f 3317 3331 3309
f 3309 3331 3325
f 3309 3325 3310
f 3310 3325 3326
f 3389 3349 3397
f 3397 3349 3355
f 3381 3342 3389
f 3311 3310 3326
f 3311 3326 3327
f 3327 3326 3342
f 3327 3342 3343
f 3307 3306 3322
f 3343 3339 3322
f 3343 3322 3321
f 3321 3322 3305
f 3306 3305 3322
f 3324 3323 3328
f 3382 3343 3342
f 3422 3382 3421
f 3421 3382 3381
f 3421 3381 3429
f 3429 3381 3389
f 3429 3389 3397
f 3381 3382 3389
f 3311 3327 3321
f 3343 3382 3383
f 3383 3382 3422
f 3383 3422 3423
f 3383 3423 3384
f 3423 3424 3384
f 3384 3424 3379
f 3379 3380 3340
f 3340 3339 3379
f 3379 3339 3384
f 3384 3339 3344
f 3384 3344 3383
f 3380 3385 3345
f 3380 3345 3340
f 3344 3339 3343
f 3344 3343 3383
f 3488 3470 3487
f 3487 3470 3469
f 3487 3469 3486
f 3486 3469 3468
f 3486 3468 3485
f 3485 3468 3467
f 3445 3423 3444
f 3444 3423 3422
f 3444 3422 3443
f 3443 3422 3421
f 3443 3421 3451
f 3451 3421 3429
f 3458 3434 3450
f 3450 3434 3428
f 3450 3428 3449
f 3449 3428 3427
f 3449 3427 3448
f 3448 3427 3426
f 3343 3321 3327
f 3321 3305 3311
f 3460 3458 3476
f 3460 3478 3480
f 3460 3480 3462
f 3531 3513 3511
f 3531 3511 3529
f 3475 3492 3476
f 3492 3493 3476
f 3476 3478 3460
f 3524 3540 3528
f 3524 3528 3508
f 3508 3528 3511
f 3508 3511 3492
f 3492 3511 3493
f 3493 3511 3495
f 3493 3495 3476
f 3476 3495 3478
f 3495 3511 3513
f 3495 3513 3497
f 3497 3480 3495
f 3495 3480 3478
f 3529 3511 3528
f 3543 3528 3540
f 3374 3376 3373
f 3371 3373 3376
f 3416 3441 3415
f 3371 3377 3416
f 3416 3377 3419
f 3415 3371 3416
f 3367 3371 3411
f 3411 3439 3437
f 3439 3461 3437
f 3481 3498 3496
f 3496 3498 3514
f 3496 3514 3512
f 3481 3496 3479
f 3479 3461 3481
f 3441 3463 3439
f 3441 3439 3415
f 3415 3439 3411
f 3415 3411 3371
f 3439 3463 3461
f 3461 3463 3481
f 3418 3414 3440
f 3440 3438 3462
f 3414 3370 3440
f 3440 3414 3438
f 3418 3376 3414
f 3378 3376 3418
f 3418 3417 3378
f 3378 3417 3420
f 3480 3497 3482
f 3480 3482 3462
f 3513 3515 3497
f 3497 3515 3499
f 3497 3499 3482
f 3442 3418 3440
f 3442 3440 3464
f 3462 3482 3464
f 3462 3464 3440
f 3370 3414 3376
f 3371 3376 3378
f 3420 3377 3371
f 3420 3371 3378
f 3420 3419 3377
f 3571 3701 3693
f 3598 3571 3693
f 3693 3692 3598
f 3692 3597 3598
f 3701 3571 3700
f 3700 3571 3570
f 3566 3696 3568
f 3568 3696 3698
f 3568 3698 3569
f 3569 3698 3699
f 3569 3699 3570
f 3570 3699 3700
f 3580 3606 3601
f 3580 3601 3622
f 3580 3622 3636
f 3580 3654 3670
f 3580 3575 3606
f 3636 3649 3580
f 3580 3649 3654
f 3580 3670 3675
f 3694 3564 3565
f 3565 3695 3694
f 3695 3565 3584
f 3695 3584 3679
f 3679 3584 3579
f 3679 3579 3674
f 3674 3579 3580
f 3674 3580 3675
f 3564 3694 3567
f 3567 3694 3697
f 3567 3697 3696
f 3567 3696 3566
f 3618 3597 3692
f 3692 3666 3618
f 3666 3617 3618
f 3617 3666 3665
f 3617 3646 3632
f 3617 3665 3646
f 3661 3643 3662
f 3666 3646 3665
f 3645 3631 3632
f 3632 3646 3645
f 3662 3663 3686
f 3661 3662 3683
f 3683 3662 3686
f 3660 3661 3680
f 3680 3661 3683
f 3680 3683 3681
f 3681 3683 3684
f 3644 3663 3662
f 3662 3643 3644
f 3661 3660 3643
f 3630 3644 3643
f 3671 3657 3656
f 3656 3657 3651
f 3650 3656 3651
f 3652 3647 3634
f 3652 3634 3651
f 3651 3634 3638
f 3641 3628 3642
f 3642 3628 3629
f 3641 3627 3628
f 3626 3639 3640
f 3626 3625 3639
f 3639 3625 3627
f 3639 3627 3641
f 3634 3633 3638
f 3640 3656 3637
f 3637 3656 3650
f 3638 3624 3623
f 3637 3638 3623
f 3624 3638 3619
f 3619 3638 3633
f 3619 3633 3620
f 3620 3633 3634
f 3637 3623 3640
f 3640 3623 3626
f 3696 3697 3678
f 3678 3697 3694
f 3639 3655 3658
f 3681 3660 3680
f 3682 3677 3676
f 3640 3639 3655
f 3658 3660 3659
f 3659 3660 3681
f 3659 3681 3676
f 3677 3672 3671
f 3671 3672 3657
f 3657 3672 3651
f 3673 3672 3677
f 3673 3677 3678
f 3676 3677 3671
f 3656 3659 3671
f 3671 3659 3676
f 3673 3668 3667
f 3667 3668 3651
f 3672 3673 3667
f 3667 3651 3672
f 3652 3651 3668
f 3658 3659 3656
f 3638 3637 3650
f 3638 3650 3651
f 3678 3677 3696
f 3696 3677 3682
f 3696 3682 3698
f 3698 3682 3685
f 3701 3700 3689
f 3689 3700 3687
f 3663 3664 3688
f 3688 3664 3690
f 3688 3690 3689
f 3689 3690 3691
f 3630 3631 3644
f 3644 3631 3645
f 3645 3646 3664
f 3664 3646 3666
f 3664 3666 3690
f 3690 3666 3692
f 3690 3692 3691
f 3691 3692 3693
f 3700 3699 3687
f 3687 3699 3685
f 3687 3685 3684
f 3684 3685 3681
f 3687 3688 3689
f 3684 3688 3687
f 3699 3698 3685
f 3685 3682 3681
f 3681 3682 3676
f 3658 3656 3655
f 3655 3656 3640
f 3643 3642 3629
f 3643 3629 3630
f 3693 3701 3691
f 3691 3701 3689
f 3684 3683 3688
f 3688 3683 3686
f 3688 3686 3663
f 3664 3663 3645
f 3645 3663 3644
f 3642 3643 3660
f 3642 3660 3641
f 3641 3660 3658
f 3641 3658 3639
f 3648 3654 3649
f 3648 3649 3635
f 3635 3649 3636
f 3654 3648 3653
f 3669 3670 3653
f 3654 3653 3670
f 3694 3695 3678
f 3678 3695 3679
f 3652 3668 3669
f 3647 3648 3634
f 3635 3634 3648
f 3648 3647 3653
f 3653 3647 3652
f 3679 3674 3673
f 3679 3673 3678
f 3673 3674 3668
f 3674 3675 3669
f 3675 3670 3669
f 3669 3653 3652
f 3635 3634 3621
f 3669 3668 3674
f 3564 3567 3566
f 3618 3617 3632
f 3615 3616 3630
f 3616 3631 3630
f 3614 3613 3591
f 3591 3613 3588
f 3613 3612 3588
f 3588 3612 3585
f 3588 3585 3586
f 3588 3586 3589
f 3577 3609 3603
f 3585 3612 3586
f 3612 3610 3586
f 3586 3610 3611
f 3586 3611 3581
f 3602 3603 3608
f 3608 3603 3609
f 3608 3609 3576
f 3576 3609 3577
f 3627 3610 3628
f 3628 3610 3612
f 3628 3612 3613
f 3629 3628 3613
f 3629 3613 3614
f 3630 3629 3614
f 3630 3614 3615
f 3607 3610 3627
f 3607 3627 3625
f 3608 3607 3625
f 3608 3625 3626
f 3608 3611 3610
f 3608 3610 3607
f 3603 3602 3623
f 3603 3623 3624
f 3578 3583 3582
f 3582 3583 3587
f 3624 3619 3603
f 3577 3578 3582
f 3573 3603 3604
f 3599 3604 3603
f 3599 3603 3620
f 3619 3620 3624
f 3624 3620 3603
f 3603 3572 3577
f 3587 3566 3590
f 3590 3566 3568
f 3590 3568 3592
f 3592 3568 3569
f 3592 3569 3594
f 3594 3569 3570
f 3594 3570 3571
f 3594 3571 3596
f 3596 3571 3598
f 3616 3615 3595
f 3595 3615 3593
f 3595 3593 3594
f 3595 3594 3596
f 3632 3631 3616
f 3632 3616 3618
f 3618 3616 3595
f 3618 3595 3597
f 3597 3595 3596
f 3597 3596 3598
f 3576 3577 3581
f 3581 3577 3582
f 3590 3589 3587
f 3581 3611 3608
f 3602 3608 3626
f 3602 3626 3623
f 3576 3581 3608
f 3594 3593 3592
f 3592 3593 3589
f 3615 3614 3591
f 3615 3591 3593
f 3593 3591 3588
f 3593 3588 3589
f 3572 3603 3573
f 3572 3573 3578
f 3572 3578 3577
f 3581 3582 3586
f 3586 3582 3587
f 3590 3592 3589
f 3583 3564 3566
f 3583 3566 3587
f 3586 3587 3589
f 3565 3564 3583
f 3606 3575 3574
f 3606 3574 3605
f 3621 3601 3600
f 3600 3601 3606
f 3600 3606 3605
f 3621 3622 3601
f 3635 3636 3622
f 3622 3621 3635
f 3580 3579 3575
f 3575 3579 3574
f 3584 3565 3583
f 3584 3583 3579
f 3579 3583 3578
f 3634 3635 3620
f 3620 3635 3621
f 3600 3620 3621
f 3600 3605 3604
f 3600 3604 3599
f 3600 3599 3620
f 3578 3573 3579
f 3579 3573 3574
f 3573 3604 3605
f 3574 3573 3605
f 4006 4005 3959
f 4099 4156 4098
f 4059 4127 4070
f 4090 4089 4096
f 3726 3715 3727
f 3712 3723 3735
f 3928 3905 3906
f 3928 3906 3929
f 3905 3883 3906
f 3906 3883 3884
f 3858 3859 3881
f 3881 3859 3882
f 3857 3858 3869
f 3826 3827 3868
f 3826 3804 3805
f 3805 3827 3826
f 3764 3776 3775
f 3710 3722 3709
f 3709 3722 3708
f 3708 3722 3721
f 3708 3721 3720
f 3708 3720 3707
f 3707 3720 3719
f 3707 3719 3706
f 3706 3719 3718
f 3706 3718 3705
f 3705 3718 3717
f 3705 3717 3704
f 3702 3703 3715
f 3715 3703 3716
f 3716 3703 3704
f 3704 3717 3716
f 3716 3717 3727
f 3716 3727 3715
f 3812 3787 3813
f 3877 3853 3878
f 4117 4118 4106
f 4149 4148 4155
f 4149 4140 4148
f 4148 4140 4139
f 4151 4141 4150
f 4147 4093 4086
f 4094 4087 4093
f 4086 4093 4087
f 4044 4091 4048
f 4045 4049 4050
f 3928 3929 3954
f 3928 3954 3953
f 4147 4146 4092
f 4147 4092 4093
f 4089 4088 4096
f 4096 4088 4095
f 4096 4095 4051
f 4051 4095 4104
f 4051 4104 4055
f 4055 4104 4054
f 4055 4054 4059
f 4126 4137 4138
f 4138 4137 4070
f 4070 4127 4138
f 4138 4127 4126
f 4127 4114 4126
f 4127 4128 4116
f 4104 4116 4054
f 4054 4116 4128
f 4054 4128 4059
f 4061 4060 4072
f 4059 4071 4060
f 4056 4057 4053
f 4056 4053 4052
f 4052 4053 4048
f 4048 4053 4049
f 4048 4049 4044
f 4044 4049 4045
f 4091 4090 4048
f 4048 4090 4097
f 4071 4072 4060
f 4060 4061 4055
f 4055 4061 4056
f 4055 4056 4051
f 4051 4056 4052
f 4051 4052 4047
f 4047 4052 4048
f 4047 4048 4096
f 4096 4048 4097
f 4096 4097 4090
f 4084 4083 4035
f 4035 4083 4034
f 4059 4128 4127
f 4126 4125 4137
f 4137 4125 4136
f 4137 4136 4069
f 4069 4136 4082
f 4082 4136 4081
f 4082 4081 4033
f 4033 4081 4032
f 4033 4032 3995
f 4007 4006 3961
f 3961 4006 3960
f 3961 3960 3937
f 3962 4007 3961
f 3962 3961 3938
f 3938 3961 3937
f 3938 3937 3915
f 4073 4072 4085
f 4085 4072 4071
f 4085 4071 4084
f 4084 4071 4070
f 4084 4070 4083
f 4072 4073 4061
f 4061 4073 4062
f 4061 4062 4056
f 4073 4022 4074
f 4073 4074 4062
f 4062 4074 4063
f 4062 4063 4056
f 4056 4063 4057
f 4039 4040 4023
f 4000 4040 4039
f 4000 4001 4040
f 4037 3998 4000
f 4037 4000 4038
f 4038 4000 4039
f 4023 4022 4039
f 4039 4022 4038
f 4038 4085 4036
f 4038 4036 4037
f 4037 4036 3998
f 3936 3913 3914
f 3892 3914 3913
f 3823 3824 3831
f 3831 3824 3832
f 3831 3832 3865
f 3865 3832 3866
f 3865 3866 3891
f 3891 3866 3892
f 3803 3825 3802
f 3894 3893 3868
f 3893 3894 3915
f 3915 3894 3916
f 3915 3916 3938
f 3938 3916 3939
f 3938 3939 3962
f 3962 3939 3963
f 3962 3963 3950
f 3962 3950 3998
f 3803 3804 3825
f 3825 3804 3826
f 3825 3826 3833
f 3833 3826 3867
f 3867 3826 3868
f 3867 3868 3893
f 3868 3827 3857
f 3868 3857 3869
f 3868 3869 3894
f 3894 3869 3895
f 3894 3895 3916
f 3916 3895 3917
f 3916 3917 3939
f 3939 3917 3940
f 3939 3940 3963
f 3963 3940 3926
f 3963 3926 3950
f 3950 3926 3951
f 3950 3951 3998
f 3998 3951 4000
f 3735 3723 3749
f 3735 3749 3748
f 3748 3749 3761
f 3761 3749 3762
f 3761 3760 3748
f 3748 3760 3747
f 3748 3747 3735
f 3735 3747 3734
f 3712 3713 3723
f 3749 3723 3736
f 3774 3773 3762
f 3774 3762 3775
f 3775 3762 3763
f 3713 3714 3724
f 3724 3714 3725
f 3724 3725 3737
f 3737 3725 3738
f 3737 3738 3750
f 3750 3738 3751
f 3750 3751 3764
f 3763 3750 3764
f 3869 3858 3895
f 3895 3858 3881
f 3895 3881 3917
f 3917 3881 3904
f 3917 3904 3940
f 3940 3904 3927
f 3940 3927 3926
f 3926 3927 3951
f 3951 3927 3952
f 3951 3952 4000
f 3881 3882 3883
f 3881 3883 3904
f 3904 3883 3905
f 3904 3905 3927
f 3927 3905 3928
f 3927 3928 3952
f 3952 3928 3953
f 3952 3953 4000
f 4000 3953 3954
f 4000 3954 4001
f 3949 3948 3925
f 3925 3948 3924
f 3925 3924 3902
f 3878 3902 3901
f 3878 3901 3877
f 3878 3854 3879
f 3878 3879 3903
f 3903 3879 3908
f 3903 3908 3931
f 3795 3813 3788
f 3788 3813 3787
f 3856 3855 3818
f 3856 3818 3819
f 3862 3861 3828
f 3889 3890 3912
f 3935 3912 3936
f 3912 3890 3913
f 3912 3913 3936
f 3892 3913 3891
f 3880 3855 3856
f 3861 3856 3819
f 3861 3819 3828
f 3828 3819 3820
f 3820 3821 3828
f 3828 3821 3829
f 3828 3829 3862
f 3862 3829 3863
f 3862 3863 3889
f 3911 3889 3912
f 3911 3912 3935
f 3795 3788 3789
f 3795 3789 3796
f 3796 3789 3790
f 3796 3790 3797
f 3797 3790 3791
f 3797 3791 3792
f 3818 3817 3796
f 3818 3796 3797
f 3816 3812 3813
f 3816 3813 3817
f 3817 3813 3795
f 3817 3795 3796
f 3798 3797 3792
f 3798 3792 3799
f 3821 3822 3830
f 3821 3830 3829
f 3829 3830 3863
f 3863 3830 3864
f 3863 3864 3889
f 3889 3864 3890
f 3890 3891 3913
f 3853 3848 3812
f 3853 3812 3854
f 3854 3812 3816
f 3854 3816 3817
f 3819 3818 3797
f 3819 3797 3798
f 3805 3804 3781
f 3781 3804 3803
f 3781 3803 3780
f 3780 3803 3802
f 3780 3802 3779
f 3779 3802 3801
f 3779 3801 3778
f 3778 3801 3800
f 3802 3824 3801
f 3801 3824 3823
f 3801 3823 3800
f 3791 3769 3792
f 3792 3769 3770
f 3792 3770 3799
f 3799 3770 3777
f 3799 3777 3800
f 3800 3777 3778
f 3781 3782 3805
f 3820 3799 3821
f 3821 3799 3800
f 3821 3800 3822
f 3822 3800 3823
f 3822 3823 3830
f 3830 3823 3831
f 3830 3831 3864
f 3864 3831 3865
f 3864 3865 3890
f 3890 3865 3891
f 3765 3752 3753
f 3765 3753 3766
f 3787 3752 3788
f 3788 3752 3765
f 3788 3765 3789
f 3789 3765 3766
f 3789 3766 3767
f 3755 3741 3742
f 3790 3789 3767
f 3790 3767 3768
f 3791 3790 3768
f 3791 3768 3769
f 3739 3753 3752
f 3755 3756 3768
f 3768 3756 3757
f 3768 3757 3769
f 3769 3757 3758
f 3769 3758 3770
f 3775 3763 3764
f 3770 3759 3771
f 3771 3759 3772
f 3753 3741 3754
f 3754 3741 3755
f 3746 3759 3758
f 3746 3758 3745
f 3745 3758 3757
f 3745 3757 3744
f 3744 3757 3756
f 3744 3756 3743
f 3743 3756 3755
f 3743 3755 3742
f 3753 3754 3766
f 3766 3754 3755
f 3766 3755 3767
f 3767 3755 3768
f 3770 3758 3759
f 3761 3772 3760
f 3760 3772 3759
f 3760 3759 3747
f 3747 3759 3746
f 3747 3746 3734
f 3722 3733 3721
f 3721 3733 3732
f 3721 3732 3720
f 3720 3732 3731
f 3720 3731 3719
f 3719 3731 3730
f 3719 3730 3718
f 3718 3730 3729
f 3718 3729 3717
f 3717 3729 3728
f 3717 3728 3727
f 3739 3726 3740
f 3740 3726 3727
f 3740 3727 3741
f 3741 3727 3728
f 3741 3728 3742
f 3742 3728 3729
f 3742 3729 3743
f 3743 3729 3730
f 3743 3730 3744
f 3744 3730 3731
f 3744 3731 3745
f 3745 3731 3732
f 3745 3732 3733
f 3733 3722 3734
f 3734 3722 3710
f 3734 3710 3711
f 3753 3739 3740
f 3753 3740 3741
f 3746 3745 3733
f 3746 3733 3734
f 3735 3734 3711
f 3735 3711 3712
f 3723 3713 3724
f 3723 3724 3736
f 3736 3724 3737
f 3736 3737 3749
f 3749 3737 3750
f 3749 3750 3762
f 3762 3750 3763
f 3761 3762 3773
f 3761 3773 3772
f 3770 3771 3777
f 3777 3771 3772
f 3777 3772 3778
f 3778 3772 3773
f 3778 3773 3779
f 3779 3773 3774
f 3779 3774 3780
f 3780 3774 3775
f 3780 3775 3781
f 3781 3775 3776
f 3781 3776 3782
f 4106 4105 4117
f 4118 4119 4106
f 4106 4119 4107
f 4106 4107 4156
f 4156 4107 4157
f 4156 4149 4155
f 4156 4155 4098
f 4156 4150 4149
f 4149 4150 4141
f 4149 4141 4140
f 4158 4163 4159
f 4159 4163 4109
f 4117 4058 4065
f 4117 4065 4118
f 4119 4120 4107
f 4107 4120 4108
f 3947 3946 3923
f 3947 3991 3990
f 3947 3990 3946
f 4018 3990 4024
f 4024 3990 3991
f 4026 3991 3992
f 4026 3992 4027
f 4025 4024 3991
f 4025 3991 4026
f 4002 3993 3956
f 3956 3993 3955
f 3956 3955 3932
f 3932 3955 3931
f 3932 3931 3908
f 3880 3908 3879
f 3880 3879 3855
f 3855 3879 3854
f 3948 3947 3924
f 4143 4152 4153
f 4153 4152 4160
f 4160 4164 4165
f 4165 4164 4111
f 4123 4111 4110
f 4110 4111 4164
f 4110 4164 4160
f 4159 4160 4152
f 4152 4143 4142
f 4134 4123 4122
f 4121 4122 4109
f 4121 4109 4120
f 4120 4109 4108
f 4108 4109 4163
f 4108 4163 4107
f 4107 4163 4158
f 4107 4158 4157
f 4165 4161 4160
f 4160 4161 4153
f 4153 4144 4143
f 4092 4102 4093
f 4093 4102 4103
f 4144 4153 4145
f 4145 4153 4161
f 4145 4161 4154
f 4145 4154 4146
f 4146 4154 4092
f 4093 4103 4094
f 4101 4100 4112
f 4112 4100 4162
f 4112 4124 4113
f 4112 4113 4101
f 4114 4113 4125
f 4124 4125 4113
f 4101 4113 4114
f 4088 4087 4095
f 4095 4087 4094
f 4095 4094 4104
f 4104 4094 4103
f 4104 4103 4115
f 4115 4103 4102
f 4115 4102 4114
f 4114 4102 4092
f 4114 4092 4101
f 4101 4092 4154
f 4101 4154 4100
f 4100 4154 4162
f 4162 4154 4161
f 4162 4161 4112
f 4112 4161 4165
f 4112 4165 4124
f 4124 4165 4111
f 4124 4111 4123
f 4124 4123 4135
f 4134 4135 4123
f 4122 4110 4109
f 4109 4110 4159
f 4158 4159 4151
f 4158 4151 4150
f 4158 4150 4157
f 4157 4150 4156
f 4156 4099 4106
f 4106 4099 4098
f 4106 4098 4105
f 4122 4133 4134
f 4135 4134 4080
f 4078 4079 4133
f 4066 4131 4130
f 4066 4130 4065
f 4065 4130 4129
f 4079 4080 4134
f 4132 4133 4121
f 4132 4121 4131
f 4131 4121 4120
f 3993 4027 3992
f 3992 3991 3947
f 4041 4029 4028
f 4041 4028 3994
f 3994 4028 4027
f 3994 4027 3993
f 3993 3992 3948
f 3948 3992 3947
f 3924 3947 3923
f 3924 3923 3902
f 3902 3923 3901
f 4003 4002 3957
f 3957 4002 3956
f 3957 3956 3933
f 3933 3956 3932
f 3933 3932 3909
f 3887 3909 3886
f 3948 3949 3993
f 3994 4002 4003
f 3994 4003 4041
f 4041 4003 4004
f 4064 4018 4065
f 4065 4018 4025
f 4065 4025 4075
f 4075 4025 4026
f 4075 4026 4076
f 4078 4029 4030
f 4018 4024 4025
f 4029 4041 4042
f 4042 4041 4004
f 3887 3888 3910
f 3933 3910 3934
f 3933 3934 3957
f 3957 3934 3958
f 3957 3958 4003
f 4003 3958 4004
f 3910 3933 3909
f 3910 3909 3887
f 4068 4067 4077
f 4068 4077 4132
f 4132 4077 4078
f 4079 4030 4031
f 4122 4123 4110
f 4110 4160 4159
f 4159 4152 4151
f 4151 4152 4142
f 4151 4142 4141
f 4079 4134 4133
f 4131 4120 4130
f 4130 4120 4119
f 4130 4119 4129
f 4065 4129 4118
f 4118 4129 4119
f 4122 4121 4133
f 4058 4064 4065
f 4131 4066 4067
f 4131 4067 4132
f 4132 4067 4068
f 4133 4132 4078
f 4080 4079 4031
f 4066 4065 4075
f 4066 4075 4067
f 4067 4075 4076
f 4067 4076 4077
f 4079 4078 4030
f 4042 4005 4043
f 4043 4005 4006
f 4043 4006 4032
f 4032 4006 3995
f 3959 3960 4006
f 4007 3962 3996
f 3996 3962 3998
f 3996 3998 4034
f 4034 3998 4035
f 4035 3998 4036
f 4035 4036 4084
f 4084 4036 4085
f 4085 4038 4073
f 4073 4038 4022
f 4047 4096 4051
f 4060 4055 4059
f 4071 4059 4070
f 4070 4137 4069
f 4070 4069 4083
f 4083 4069 4082
f 4083 4082 4034
f 4034 4082 4033
f 4034 4033 3996
f 3996 4033 3995
f 3996 3995 4007
f 4007 3995 4006
f 3910 3888 3911
f 3910 3911 3934
f 4030 4042 4043
f 4030 4043 4031
f 4031 4043 4032
f 4031 4032 4080
f 4080 4032 4081
f 4080 4081 4135
f 4135 4081 4136
f 4135 4136 4124
f 4124 4136 4125
f 4125 4126 4114
f 4114 4127 4115
f 4115 4127 4116
f 4115 4116 4104
f 3909 3932 3908
f 3909 3908 3886
f 3886 3908 3880
f 3886 3880 3856
f 3886 3856 3887
f 3887 3856 3861
f 3887 3861 3888
f 3888 3861 3862
f 3888 3862 3889
f 3888 3889 3911
f 3934 3911 3935
f 3934 3935 3958
f 3958 3935 3959
f 3958 3959 4004
f 4076 4026 4027
f 4076 4027 4077
f 4077 4027 4028
f 4077 4028 4078
f 4078 4028 4029
f 4030 4029 4042
f 4042 4004 4005
f 4005 4004 3959
f 3959 3935 3960
f 3960 3935 3936
f 3960 3936 3937
f 3937 3936 3914
f 3937 3914 3915
f 3915 3914 3893
f 3893 3914 3892
f 3893 3892 3867
f 3867 3892 3866
f 3867 3866 3833
f 3833 3866 3832
f 3833 3832 3825
f 3825 3832 3824
f 3825 3824 3802
f 3798 3799 3820
f 3798 3820 3819
f 3817 3818 3855
f 3817 3855 3854
f 3853 3854 3878
f 3902 3878 3903
f 3902 3903 3925
f 3925 3903 3931
f 3925 3931 3949
f 3949 3931 3955
f 3949 3955 3993
f 3993 4002 3994
f 4001 3906 4040
f 4040 3906 4023
f 4023 3906 3899
f 4023 3899 3875
f 4074 4022 4063
f 4063 4022 4017
f 4014 4049 4053
f 4053 4057 4014
f 4014 4057 4017
f 4017 4057 4063
f 4049 4014 4015
f 4049 4015 4050
f 4009 4087 4088
f 3703 4140 3704
f 4045 4010 4044
f 4044 4010 4009
f 4044 4009 4091
f 4009 4088 4089
f 4089 4090 4009
f 4009 4090 4091
f 3705 4141 4142
f 3705 4142 3706
f 3706 4142 4143
f 3704 4140 4141
f 3704 4141 3705
f 3706 4143 4144
f 3706 4144 3707
f 3707 4144 4145
f 3707 4145 3708
f 4086 4087 3710
f 3710 4087 3711
f 3711 4087 3712
f 3710 3709 4086
f 4086 3709 4147
f 4147 3709 3708
f 3708 4145 4146
f 3708 4146 4147
f 3712 4087 3713
f 4009 3714 4087
f 4087 3714 3713
f 3906 3954 3929
f 3906 4001 3954
f 4139 3702 4148
f 4148 3702 3715
f 4139 4140 3703
f 4139 3703 3702
f 3877 3901 3715
f 3812 3848 3715
f 3715 3848 3853
f 3715 3901 3923
f 3715 3923 4148
f 3715 3853 3877
f 3923 3946 4148
f 4148 3946 3990
f 3715 3726 3812
f 3812 3726 3739
f 4098 4155 3990
f 3990 4155 4148
f 3812 3739 3752
f 3787 3812 3752
f 3990 4105 4098
f 4117 3990 4058
f 3990 4117 4105
f 3990 4018 4058
f 4058 4018 4064
f 3849 3815 4020
f 4020 3815 3794
f 4020 3850 3849
f 3874 3873 4020
f 4020 3873 3850
f 4023 3875 4020
f 4020 3875 3874
f 3738 3725 4012
f 3794 3776 3764
f 4012 4020 3794
f 3764 4012 3794
f 3764 3751 4012
f 4012 3751 3738
f 3805 3782 3794
f 3794 3782 3776
f 3714 4009 4012
f 3714 4012 3725
f 4015 4014 4009
f 4009 4014 4012
f 4012 4014 4020
f 4020 4014 4017
f 4020 4017 4022
f 4015 4009 4010
f 4020 4022 4023
f 4010 4045 4015
f 4015 4045 4050
f 3884 3875 3906
f 3906 3875 3899
f 3884 3874 3875
f 3805 3794 3815
f 3805 3815 3827
f 3827 3815 3849
f 3850 3858 3849
f 3849 3858 3857
f 3849 3857 3827
f 3873 3859 3850
f 3850 3859 3858
f 3874 3883 3873
f 3873 3883 3882
f 3873 3882 3859
f 3884 3883 3874
f 3997 4019 3983
f 3983 4019 4071
f 3976 3810 3983
f 3983 3810 3814
f 3983 3814 3826
f 3983 3826 3997
f 3826 3998 3997
f 3998 3826 3827
f 3999 3998 3885
f 3827 3857 3998
f 3885 3930 3929
f 3885 3929 3999
f 3998 3860 3885
f 3998 3857 3858
f 3998 3858 3860
f 3885 3907 3930
f 3977 3984 3978
f 3978 3984 3985
f 3976 3983 3984
f 3976 3984 3977
f 3810 3811 3814
f 3814 3811 3815
f 3978 4016 4021
f 4021 3978 3985
f 3845 3850 3844
f 3844 3850 3849
f 3844 3849 3811
f 3811 3849 3815
f 3850 3845 3851
f 3851 3845 3846
f 3898 3900 3876
f 3898 3876 3872
f 3872 3876 3852
f 3872 3852 3847
f 3847 3852 3851
f 3847 3851 3846
f 3900 3898 3945
f 3945 3898 3944
f 3981 3988 3989
f 3981 3989 3982
f 3982 3989 3945
f 3982 3945 3944
f 3988 3981 3987
f 3987 3981 3980
f 3987 3980 3986
f 3986 3980 3979
f 3986 3979 4021
f 4021 3979 4016
f 3944 3898 3845
f 3980 3981 3845
f 3898 3846 3845
f 3979 3845 4016
f 3845 3979 3980
f 3845 3977 3978
f 3977 3810 3976
f 3810 3977 3811
f 3845 3981 3982
f 3845 3982 3944
f 3898 3872 3847
f 3898 3847 3846
f 3844 3977 3845
f 3844 3811 3977
f 4016 3978 3845
f 3945 3922 3900
f 3945 3989 3988
f 3988 3987 3945
f 3945 3987 3922
f 3922 3987 3986
f 4019 3997 3998
f 4019 3998 3984
f 3984 3998 4020
f 4020 3998 3999
f 4020 3999 4021
f 4021 3999 4037
f 3815 3827 3814
f 3814 3827 3826
f 3999 3929 4021
f 4021 3929 3922
f 3860 3851 3852
f 3860 3852 3885
f 3885 3852 3876
f 3885 3876 3900
f 3885 3900 3907
f 3907 3900 3922
f 3907 3922 3930
f 3930 3922 3929
f 3851 3860 3850
f 3850 3860 3858
f 3850 3858 3857
f 3850 3857 3849
f 3849 3857 3815
f 3815 3857 3827
f 3794 3815 3814
f 3794 3814 3793
f 4071 4019 4072
f 4072 4019 3984
f 4072 3984 4020
f 3986 4021 3922
f 4020 4021 3985
f 4020 3985 4072
f 4071 3984 3983
f 4072 3985 4071
f 3985 3984 4071
f 3783 3785 3806
f 3806 3785 3808
f 3806 3808 3969
f 4046 4011 3969
f 3969 4011 4008
f 3969 4008 3964
f 3964 3806 3969
f 3835 3834 3964
f 3834 3806 3964
f 3806 3834 3807
f 3835 3964 3966
f 3835 3966 3967
f 3835 3967 3918
f 3835 3918 3837
f 3918 3919 3837
f 3837 3919 3896
f 3837 3896 3870
f 3871 3897 3842
f 3842 3897 3840
f 3973 3972 3897
f 3974 3973 3897
f 4013 3971 3972
f 3809 3839 3808
f 3808 3839 3969
f 3839 3840 3969
f 3969 3840 3971
f 3842 3843 3871
f 3840 3897 3971
f 3971 3897 3972
f 3943 3975 3974
f 3897 3943 3974
f 3809 3808 3785
f 3785 3786 3809
f 3971 4046 3969
f 4046 3971 4012
f 4012 3971 4013
f 3918 3967 3919
f 3967 3968 3941
f 3967 3941 3919
f 3870 3838 3837
f 3840 3835 3837
f 3840 3837 3842
f 3783 3784 3785
f 3785 3784 3786
f 3807 3809 3784
f 3784 3809 3786
f 3809 3807 3839
f 3839 3807 3834
f 3839 3834 3840
f 3840 3834 3835
f 3970 3971 3965
f 3965 3971 3966
f 3965 3966 3964
f 3942 3941 3972
f 3972 3941 3968
f 3972 3968 3967
f 3972 3967 3966
f 3972 3966 3971
f 3921 3919 3942
f 3942 3919 3941
f 3897 3896 3919
f 3897 3919 3921
f 3896 3897 3871
f 3896 3871 3870
f 3870 3871 3843
f 3870 3843 3838
f 3838 3843 3842
f 3838 3842 3837
f 4011 4046 4012
f 4011 4012 3969
f 3969 4012 3970
f 4012 3971 3970
f 3972 3973 3942
f 3943 3897 3921
f 3943 3921 3942
f 3943 3942 3975
f 3942 3973 3974
f 3942 3974 3975
f 3783 3806 3784
f 3784 3806 3807
f 3970 3965 3969
f 3969 3965 3964
f 3969 3964 4011
f 4011 3964 4008
f 3842 3837 3870
f 3842 3870 3871
f 3921 3919 3918
f 3921 3918 3920
f 3841 3836 3842
f 3842 3836 3837
f 3836 3841 3837
f 3837 3841 3842
f 4242 4236 4239
f 4236 4242 4237
f 4237 4242 4243
f 4241 4238 4235
f 4241 4235 4240
f 4240 4235 4234
f 4235 4241 4234
f 4234 4241 4240
f 4235 4225 4224
f 4235 4224 4234
f 4225 4235 4236
f 4225 4236 4237
f 4194 4181 4210
f 4210 4181 4237
f 4236 4210 4237
f 4180 4193 4209
f 4180 4209 4234
f 4234 4209 4235
f 4235 4209 4236
f 4236 4209 4210
f 4181 4194 4180
f 4180 4194 4193
f 4237 4243 4236
f 4236 4243 4242
f 4168 4169 4180
f 4180 4169 4181
f 4224 4180 4234
f 4182 4168 4180
f 4169 4183 4181
f 4181 4225 4237
f 4237 4229 4243
f 4225 4213 4227
f 4225 4227 4237
f 4237 4227 4229
f 4173 4185 4169
f 4169 4185 4183
f 4213 4225 4197
f 4197 4225 4181
f 4181 4183 4197
f 4211 4225 4181
f 4237 4229 4225
f 4225 4229 4227
f 4181 4225 4213
f 4181 4213 4197
f 4181 4195 4211
f 4208 4224 4211
f 4211 4224 4225
f 4195 4194 4211
f 4193 4194 4195
f 4192 4208 4193
f 4208 4209 4193
f 4211 4210 4208
f 4210 4209 4208
f 4194 4210 4211
f 4173 4170 4169
f 4169 4170 4168
f 4169 4168 4167
f 4167 4168 4166
f 4167 4166 4181
f 4181 4166 4180
f 4181 4180 4195
f 4195 4180 4192
f 4195 4192 4193
f 4167 4181 4169
f 4224 4226 4234
f 4234 4226 4228
f 4234 4228 4240
f 4180 4224 4208
f 4196 4180 4182
f 4180 4196 4212
f 4180 4212 4224
f 4224 4212 4226
f 4182 4168 4184
f 4184 4168 4170
f 4208 4192 4180
f 4182 4184 4170
f 4170 4168 4182
f 4166 4168 4180
f 4169 4168 4173
f 4173 4168 4170
f 4172 4171 4170
f 4172 4170 4173
f 4170 4171 4173
f 4172 4173 4171
f 4175 4177 4173
f 4176 4174 4170
f 4218 4222 4217
f 4217 4222 4221
f 4222 4218 4206
f 4206 4218 4202
f 4201 4205 4206
f 4201 4206 4202
f 4217 4221 4205
f 4217 4205 4201
f 4246 4250 4247
f 4247 4250 4251
f 4250 4246 4245
f 4250 4245 4249
f 4244 4248 4249
f 4244 4249 4245
f 4233 4251 4250
f 4233 4250 4249
f 4233 4249 4232
f 4232 4249 4248
f 4220 4204 4221
f 4204 4205 4221
f 4205 4204 4206
f 4222 4206 4207
f 4221 4222 4223
f 4222 4207 4223
f 4233 4232 4223
f 4223 4232 4220
f 4223 4220 4221
f 4207 4206 4204
f 4207 4204 4191
f 4191 4204 4190
f 4191 4190 4179
f 4179 4190 4178
f 4248 4244 4245
f 4245 4249 4248
f 4246 4250 4249
f 4246 4249 4245
f 4250 4246 4251
f 4251 4246 4247
f 4191 4218 4251
f 4248 4217 4190
f 4190 4217 4201
f 4191 4202 4218
f 4251 4218 4250
f 4250 4218 4249
f 4249 4218 4217
f 4190 4201 4191
f 4191 4201 4202
f 4217 4248 4249
f 4190 4191 4178
f 4178 4191 4179
f 4178 4179 4176
f 4176 4179 4177
f 4191 4203 4207
f 4223 4207 4219
f 4219 4207 4203
f 4219 4233 4223
f 4190 4204 4200
f 4232 4216 4220
f 4220 4216 4200
f 4220 4200 4204
f 4176 4190 4178
f 4232 4248 4230
f 4230 4248 4244
f 4174 4186 4184
f 4174 4184 4170
f 4232 4230 4214
f 4232 4214 4216
f 4216 4214 4200
f 4200 4214 4198
f 4200 4198 4190
f 4190 4198 4188
f 4190 4188 4178
f 4178 4188 4176
f 4186 4174 4176
f 4186 4176 4188
f 4170 4184 4186
f 4170 4186 4176
f 4214 4248 4190
f 4214 4190 4198
f 4214 4230 4248
f 4176 4188 4190
f 4251 4247 4231
f 4215 4251 4231
f 4251 4215 4191
f 4191 4215 4199
f 4187 4177 4189
f 4177 4187 4173
f 4173 4187 4185
f 4177 4191 4189
f 4191 4199 4189
f 4199 4215 4203
f 4203 4215 4219
f 4219 4215 4233
f 4233 4215 4231
f 4233 4231 4251
f 4177 4175 4187
f 4187 4175 4185
f 4185 4175 4173
f 4189 4191 4179
f 4189 4179 4177
f 4199 4203 4191
f 4179 4191 4177
f 4498 4514 4499
f 4499 4514 4515
f 4518 4502 4519
f 4502 4484 4503
f 4502 4503 4519
f 4450 4451 4469
f 4504 4485 4505
f 4448 4449 4468
f 4448 4468 4467
f 4514 4516 4518
f 4502 4500 4498
f 4516 4514 4500
f 4500 4514 4498
f 4514 4518 4515
f 4515 4518 4519
f 4517 4501 4515
f 4515 4501 4499
f 4503 4501 4519
f 4519 4501 4517
f 4517 4515 4519
f 4499 4501 4500
f 4499 4500 4498
f 4269 4270 4276
f 4276 4270 4277
f 4276 4277 4269
f 4269 4277 4270
f 4299 4265 4303
f 4265 4272 4303
f 4303 4272 4273
f 4303 4273 4304
f 4255 4253 4279
f 4253 4272 4279
f 4311 4280 4279
f 4311 4279 4310
f 4310 4279 4286
f 4310 4286 4315
f 4254 4255 4278
f 4278 4255 4279
f 4314 4285 4309
f 4285 4278 4309
f 4309 4278 4277
f 4309 4277 4308
f 4252 4254 4271
f 4271 4254 4278
f 4301 4270 4271
f 4301 4271 4302
f 4271 4264 4302
f 4302 4264 4298
f 4252 4272 4253
f 4272 4252 4271
f 4291 4284 4285
f 4264 4265 4272
f 4264 4272 4271
f 4292 4291 4290
f 4294 4293 4286
f 4287 4294 4286
f 4288 4287 4280
f 4281 4288 4280
f 4274 4281 4273
f 4259 4260 4265
f 4265 4260 4266
f 4265 4264 4258
f 4265 4258 4259
f 4264 4257 4258
f 4283 4276 4269
f 4267 4274 4273
f 4267 4273 4266
f 4266 4273 4272
f 4281 4280 4273
f 4273 4280 4272
f 4272 4280 4279
f 4287 4279 4280
f 4287 4286 4279
f 4286 4285 4279
f 4279 4285 4278
f 4285 4292 4291
f 4293 4292 4285
f 4293 4285 4286
f 4284 4277 4278
f 4284 4278 4285
f 4276 4284 4283
f 4284 4276 4277
f 4277 4269 4278
f 4278 4269 4271
f 4262 4270 4269
f 4269 4270 4271
f 4283 4284 4285
f 4263 4257 4264
f 4262 4263 4264
f 4262 4264 4270
f 4270 4264 4271
f 4266 4272 4265
f 4353 4331 4334
f 4396 4411 4412
f 4393 4406 4390
f 4393 4408 4406
f 4408 4393 4407
f 4392 4428 4393
f 4393 4428 4407
f 4413 4434 4392
f 4392 4434 4428
f 4413 4456 4434
f 4412 4455 4413
f 4413 4455 4456
f 4432 4454 4411
f 4455 4412 4454
f 4454 4412 4411
f 4343 4344 4320
f 4292 4342 4293
f 4293 4342 4343
f 4293 4343 4320
f 4293 4320 4294
f 4294 4320 4316
f 4294 4316 4287
f 4317 4288 4287
f 4288 4317 4338
f 4288 4317 4312
f 4288 4312 4281
f 4331 4305 4312
f 4281 4312 4305
f 4281 4305 4274
f 4353 4356 4374
f 4388 4372 4374
f 4374 4372 4353
f 4360 4377 4356
f 4356 4377 4374
f 4378 4396 4379
f 4379 4396 4412
f 4390 4388 4374
f 4390 4374 4393
f 4393 4374 4377
f 4393 4377 4360
f 4393 4360 4392
f 4392 4360 4359
f 4392 4359 4376
f 4392 4376 4413
f 4413 4376 4380
f 4413 4380 4412
f 4412 4380 4379
f 4337 4316 4344
f 4344 4316 4320
f 4334 4331 4312
f 4334 4312 4338
f 4338 4312 4317
f 4360 4338 4337
f 4337 4338 4317
f 4337 4317 4316
f 4316 4317 4287
f 4342 4378 4343
f 4343 4378 4379
f 4343 4379 4344
f 4344 4379 4380
f 4344 4380 4337
f 4337 4380 4376
f 4337 4376 4360
f 4360 4376 4359
f 4360 4359 4338
f 4338 4360 4334
f 4334 4360 4356
f 4334 4356 4353
f 4430 4409 4410
f 4431 4453 4430
f 4431 4410 4411
f 4431 4411 4432
f 4430 4410 4431
f 4342 4292 4319
f 4341 4291 4292
f 4341 4292 4342
f 4318 4290 4291
f 4318 4291 4340
f 4340 4291 4341
f 4410 4409 4394
f 4361 4362 4394
f 4394 4362 4410
f 4378 4411 4363
f 4363 4411 4362
f 4362 4341 4342
f 4362 4342 4363
f 4361 4340 4362
f 4362 4340 4341
f 4411 4410 4362
f 4336 4283 4340
f 4340 4283 4290
f 4336 4313 4283
f 4466 4447 4426
f 4470 4466 4426
f 4452 4470 4430
f 4430 4470 4426
f 4453 4452 4430
f 4290 4318 4340
f 4391 4375 4336
f 4391 4336 4394
f 4394 4336 4340
f 4394 4340 4361
f 4426 4391 4430
f 4430 4391 4394
f 4430 4394 4409
f 4358 4336 4375
f 4307 4283 4313
f 4307 4276 4283
f 4276 4307 4333
f 4333 4355 4373
f 4336 4358 4355
f 4355 4358 4375
f 4355 4375 4389
f 4355 4307 4336
f 4336 4307 4313
f 4333 4307 4355
f 4466 4465 4447
f 4447 4465 4445
f 4447 4445 4424
f 4447 4424 4426
f 4375 4391 4389
f 4389 4391 4426
f 4424 4389 4426
f 4445 4465 4424
f 4389 4373 4355
f 4407 4413 4408
f 4407 4434 4413
f 4456 4455 4434
f 4434 4455 4433
f 4433 4455 4432
f 4455 4454 4432
f 4454 4453 4432
f 4432 4453 4431
f 4453 4471 4470
f 4453 4470 4452
f 4363 4342 4343
f 4275 4335 4282
f 4282 4335 4339
f 4282 4339 4289
f 4289 4339 4338
f 4289 4338 4288
f 4344 4294 4338
f 4338 4294 4288
f 4294 4344 4293
f 4293 4344 4343
f 4343 4342 4319
f 4343 4319 4293
f 4293 4319 4292
f 4379 4433 4432
f 4432 4411 4379
f 4379 4411 4378
f 4379 4378 4363
f 4380 4434 4379
f 4379 4434 4433
f 4434 4380 4413
f 4397 4393 4408
f 4397 4408 4413
f 4372 4374 4354
f 4354 4374 4357
f 4354 4357 4332
f 4275 4306 4335
f 4335 4306 4332
f 4413 4380 4397
f 4397 4380 4364
f 4397 4364 4393
f 4393 4364 4360
f 4357 4374 4356
f 4356 4374 4360
f 4360 4374 4393
f 4343 4379 4363
f 4332 4357 4335
f 4335 4357 4356
f 4335 4356 4339
f 4339 4356 4360
f 4339 4360 4338
f 4338 4360 4364
f 4338 4364 4344
f 4344 4364 4380
f 4267 4261 4260
f 4327 4350 4368
f 4368 4350 4384
f 4384 4402 4419
f 4300 4297 4262
f 4300 4262 4269
f 4346 4345 4381
f 4398 4399 4381
f 4256 4321 4322
f 4256 4322 4257
f 4323 4258 4257
f 4323 4257 4322
f 4347 4400 4365
f 4346 4322 4321
f 4346 4321 4345
f 4322 4346 4323
f 4323 4346 4347
f 4346 4399 4347
f 4347 4399 4400
f 4381 4399 4346
f 4435 4436 4414
f 4457 4435 4414
f 4460 4457 4419
f 4419 4457 4414
f 4440 4460 4419
f 4368 4384 4327
f 4262 4297 4327
f 4262 4327 4321
f 4262 4321 4256
f 4327 4384 4321
f 4321 4384 4381
f 4321 4381 4345
f 4384 4419 4381
f 4381 4419 4414
f 4381 4414 4398
f 4414 4415 4398
f 4415 4399 4398
f 4416 4400 4415
f 4415 4400 4399
f 4414 4436 4415
f 4366 4365 4400
f 4366 4400 4416
f 4324 4323 4347
f 4258 4323 4324
f 4324 4259 4258
f 4260 4259 4324
f 4324 4325 4260
f 4326 4267 4325
f 4325 4267 4260
f 4267 4326 4328
f 4267 4328 4268
f 4268 4328 4329
f 4268 4329 4275
f 4275 4329 4332
f 4275 4332 4306
f 4372 4386 4388
f 4401 4386 4383
f 4367 4401 4383
f 4401 4367 4418
f 4418 4367 4366
f 4418 4366 4417
f 4386 4351 4383
f 4383 4351 4349
f 4383 4349 4367
f 4372 4354 4353
f 4372 4353 4386
f 4386 4353 4351
f 4416 4417 4366
f 4366 4324 4347
f 4366 4347 4365
f 4324 4366 4325
f 4325 4366 4367
f 4325 4367 4326
f 4326 4367 4349
f 4326 4349 4328
f 4328 4349 4351
f 4328 4351 4329
f 4329 4351 4332
f 4332 4351 4353
f 4332 4353 4354
f 4330 4352 4300
f 4327 4352 4350
f 4327 4297 4300
f 4327 4300 4352
f 4386 4404 4405
f 4386 4405 4388
f 4401 4418 4404
f 4438 4439 4418
f 4418 4417 4438
f 4437 4438 4417
f 4458 4435 4457
f 4435 4458 4436
f 4352 4371 4387
f 4463 4460 4440
f 4463 4440 4444
f 4440 4422 4444
f 4444 4422 4463
f 4352 4387 4384
f 4352 4384 4350
f 4440 4419 4422
f 4422 4419 4402
f 4387 4422 4402
f 4387 4402 4384
f 4437 4417 4416
f 4416 4415 4437
f 4437 4415 4436
f 4386 4401 4404
f 4300 4269 4330
f 4352 4330 4371
f 4419 4460 4463
f 4463 4422 4419
f 4399 4415 4414
f 4414 4415 4458
f 4414 4458 4457
f 4346 4382 4381
f 4297 4262 4256
f 4297 4256 4296
f 4387 4371 4330
f 4321 4346 4381
f 4321 4381 4327
f 4381 4384 4327
f 4327 4297 4296
f 4327 4296 4321
f 4321 4296 4322
f 4387 4330 4384
f 4384 4330 4327
f 4330 4300 4327
f 4419 4422 4387
f 4419 4387 4384
f 4419 4384 4414
f 4414 4384 4381
f 4414 4381 4399
f 4399 4381 4382
f 4275 4274 4268
f 4268 4274 4267
f 4266 4260 4267
f 4294 4295 4288
f 4282 4289 4288
f 4274 4275 4281
f 4281 4275 4282
f 4288 4281 4282
f 4287 4288 4294
f 4465 4466 4424
f 4395 4394 4410
f 4430 4470 4471
f 4430 4471 4431
f 4424 4466 4426
f 4373 4389 4333
f 4318 4290 4283
f 4318 4283 4313
f 4333 4336 4307
f 4395 4362 4394
f 4394 4362 4340
f 4394 4340 4391
f 4391 4340 4336
f 4340 4341 4318
f 4340 4318 4336
f 4336 4318 4313
f 4333 4389 4336
f 4336 4389 4391
f 4389 4424 4391
f 4391 4424 4426
f 4391 4426 4394
f 4394 4426 4430
f 4394 4430 4410
f 4481 4480 4464
f 4464 4480 4463
f 4471 4466 4470
f 4432 4454 4433
f 4433 4454 4455
f 4471 4470 4486
f 4471 4486 4487
f 4486 4470 4466
f 4466 4483 4486
f 4404 4369 4370
f 4403 4385 4404
f 4369 4404 4385
f 4403 4420 4443
f 4284 4293 4292
f 4257 4258 4263
f 4263 4258 4259
f 4284 4292 4291
f 4290 4283 4284
f 4290 4284 4291
f 4267 4274 4288
f 4288 4274 4281
f 4287 4294 4284
f 4284 4294 4293
f 4262 4256 4263
f 4263 4256 4257
f 4263 4259 4260
f 4263 4260 4266
f 4477 4460 4480
f 4480 4460 4463
f 4473 4457 4477
f 4477 4457 4460
f 4457 4473 4474
f 4457 4474 4458
f 4463 4465 4480
f 4480 4465 4482
f 4466 4483 4465
f 4465 4483 4482
f 4465 4463 4424
f 4424 4463 4422
f 4424 4422 4389
f 4389 4422 4387
f 4389 4387 4373
f 4373 4387 4352
f 4373 4352 4333
f 4333 4352 4330
f 4333 4330 4300
f 4333 4300 4307
f 4307 4300 4269
f 4307 4269 4276
f 4390 4388 4406
f 4429 4407 4408
f 4429 4428 4407
f 4403 4420 4421
f 4403 4421 4404
f 4406 4388 4405
f 4423 4406 4405
f 4408 4425 4429
f 4418 4439 4443
f 4408 4406 4425
f 4425 4406 4423
f 4423 4405 4404
f 4418 4443 4420
f 4423 4404 4420
f 4420 4404 4421
f 4425 4428 4429
f 4451 4434 4428
f 4434 4451 4456
f 4481 4477 4480
f 4474 4473 4478
f 4478 4473 4481
f 4481 4473 4477
f 4482 4463 4480
f 4466 4463 4483
f 4483 4463 4482
f 4420 4404 4403
f 4420 4403 4418
f 4428 4407 4434
f 4488 4472 4489
f 4455 4456 4488
f 4488 4456 4472
f 4488 4454 4455
f 4488 4471 4454
f 4488 4487 4471
f 4507 4506 4488
f 4488 4506 4487
f 4488 4508 4507
f 4488 4509 4508
f 4488 4489 4509
f 4471 4453 4454
f 4487 4467 4471
f 4487 4484 4467
f 4506 4502 4487
f 4487 4502 4484
f 4507 4503 4502
f 4507 4502 4506
f 4503 4507 4519
f 4519 4507 4521
f 4519 4521 4522
f 4519 4522 4520
f 4520 4522 4508
f 4520 4508 4504
f 4504 4508 4505
f 4505 4508 4509
f 4505 4509 4489
f 4505 4489 4485
f 4485 4489 4469
f 4469 4489 4472
f 4469 4472 4451
f 4451 4472 4456
f 4455 4451 4456
f 4455 4450 4451
f 4471 4467 4448
f 4471 4448 4453
f 4453 4448 4449
f 4453 4449 4454
f 4454 4449 4450
f 4454 4450 4455
f 4521 4507 4508
f 4521 4508 4522
f 4423 4420 4425
f 4425 4420 4443
f 4425 4443 4446
f 4425 4446 4428
f 4428 4446 4451
f 4450 4427 4451
f 4428 4451 4427
f 4451 4446 4443
f 4451 4443 4469
f 4469 4443 4462
f 4479 4485 4462
f 4462 4485 4469
f 4497 4505 4479
f 4479 4505 4485
f 4513 4520 4496
f 4496 4520 4504
f 4496 4504 4497
f 4497 4504 4505
f 4495 4503 4512
f 4512 4503 4519
f 4512 4519 4513
f 4513 4519 4520
f 4494 4502 4495
f 4495 4502 4503
f 4478 4484 4494
f 4494 4484 4502
f 4461 4467 4478
f 4478 4467 4484
f 4442 4438 4443
f 4443 4438 4439
f 4443 4439 4459
f 4443 4459 4462
f 4462 4459 4476
f 4462 4476 4479
f 4479 4476 4493
f 4479 4493 4497
f 4497 4493 4492
f 4497 4492 4496
f 4496 4492 4511
f 4496 4511 4513
f 4513 4511 4510
f 4513 4510 4512
f 4512 4510 4491
f 4512 4491 4495
f 4495 4491 4490
f 4495 4490 4494
f 4494 4490 4474
f 4494 4474 4478
f 4478 4474 4458
f 4478 4458 4461
f 4511 4492 4491
f 4511 4491 4510
f 4461 4458 4436
f 4461 4436 4441
f 4417 4348 4436
f 4436 4348 4347
f 4436 4347 4346
f 4436 4437 4417
f 4493 4476 4492
f 4491 4474 4490
f 4437 4436 4458
f 4438 4459 4439
f 4475 4458 4474
f 4437 4458 4475
f 4475 4438 4437
f 4459 4438 4475
f 4475 4476 4459
f 4492 4476 4475
f 4475 4491 4492
f 4474 4491 4475
f 4284 4269 4287
f 4287 4269 4262
f 4262 4263 4287
f 4287 4263 4266
f 4284 4283 4269
f 4288 4287 4267
f 4267 4287 4266
f 4731 4730 4729
f 4729 4730 4724
f 4729 4724 4723
f 4723 4724 4722
f 4723 4722 4717
f 4717 4722 4708
f 4717 4708 4704
f 4704 4708 4681
f 4704 4681 4677
f 4677 4681 4686
f 4677 4686 4682
f 4682 4686 4687
f 4687 4686 4691
f 4687 4691 4697
f 4687 4697 4692
f 4692 4697 4712
f 4692 4712 4711
f 4711 4712 4728
f 4711 4728 4727
f 4727 4728 4726
f 4727 4726 4725
f 4725 4726 4732
f 4725 4732 4731
f 4731 4732 4730
f 4686 4709 4691
f 4709 4712 4697
f 4709 4697 4691
f 4709 4728 4712
f 4709 4726 4728
f 4730 4732 4709
f 4709 4732 4726
f 4724 4730 4709
f 4709 4722 4724
f 4709 4708 4722
f 4686 4681 4709
f 4709 4681 4708
f 4687 4710 4682
f 4710 4704 4677
f 4710 4677 4682
f 4710 4717 4704
f 4710 4723 4717
f 4731 4729 4710
f 4710 4729 4723
f 4725 4731 4710
f 4710 4727 4725
f 4710 4711 4727
f 4687 4692 4710
f 4710 4692 4711
f 4557 4580 4579
f 4579 4556 4557
f 4557 4575 4580
f 4526 4532 4531
f 4532 4526 4527
f 4532 4527 4528
f 4532 4528 4533
f 4575 4576 4557
f 4558 4557 4576
f 4680 4707 4681
f 4681 4707 4708
f 4660 4686 4664
f 4664 4686 4691
f 4668 4696 4672
f 4672 4696 4695
f 4672 4695 4699
f 4672 4699 4671
f 4722 4708 4721
f 4708 4707 4721
f 4721 4707 4703
f 4721 4703 4716
f 4716 4703 4715
f 4715 4703 4702
f 4702 4675 4651
f 4526 4537 4538
f 4526 4538 4527
f 4527 4538 4528
f 4538 4539 4528
f 4541 4533 4528
f 4541 4528 4539
f 4551 4570 4553
f 4553 4570 4572
f 4558 4576 4575
f 4558 4575 4557
f 4601 4579 4580
f 4601 4580 4602
f 4664 4663 4660
f 4660 4663 4659
f 4660 4659 4686
f 4686 4659 4685
f 4691 4690 4663
f 4691 4663 4664
f 4668 4672 4667
f 4671 4667 4672
f 4680 4681 4685
f 4685 4681 4686
f 4681 4708 4679
f 4679 4708 4706
f 4686 4681 4684
f 4684 4681 4679
f 4686 4684 4691
f 4691 4684 4689
f 4689 4690 4691
f 4690 4689 4695
f 4690 4695 4696
f 4696 4695 4699
f 4721 4716 4719
f 4719 4716 4715
f 4720 4722 4721
f 4720 4721 4719
f 4720 4706 4722
f 4722 4706 4708
f 4567 4568 4549
f 4630 4652 4655
f 4630 4655 4633
f 4629 4651 4630
f 4630 4651 4652
f 4546 4538 4545
f 4545 4538 4537
f 4539 4538 4546
f 4547 4539 4546
f 4547 4541 4539
f 4588 4549 4568
f 4551 4549 4588
f 4590 4551 4588
f 4590 4570 4551
f 4594 4570 4590
f 4553 4572 4594
f 4594 4572 4570
f 4593 4553 4594
f 4558 4553 4593
f 4558 4597 4557
f 4597 4558 4593
f 4597 4575 4557
f 4602 4580 4597
f 4597 4580 4575
f 4668 4690 4696
f 4637 4659 4663
f 4637 4663 4641
f 4633 4655 4637
f 4637 4655 4659
f 4588 4568 4587
f 4609 4588 4587
f 4609 4587 4606
f 4587 4568 4567
f 4567 4563 4584
f 4583 4605 4584
f 4584 4605 4606
f 4584 4563 4583
f 4583 4563 4562
f 4587 4567 4584
f 4587 4584 4606
f 4545 4562 4546
f 4546 4562 4563
f 4546 4563 4567
f 4546 4567 4547
f 4547 4567 4549
f 4547 4549 4541
f 4621 4626 4597
f 4621 4597 4617
f 4588 4609 4610
f 4588 4610 4590
f 4590 4610 4614
f 4590 4614 4613
f 4590 4613 4593
f 4593 4613 4617
f 4593 4617 4597
f 4625 4601 4626
f 4626 4601 4602
f 4626 4602 4597
f 4593 4594 4590
f 4644 4668 4648
f 4648 4668 4647
f 4647 4668 4667
f 4647 4667 4671
f 4644 4641 4668
f 4641 4663 4668
f 4668 4663 4690
f 4647 4625 4648
f 4648 4625 4626
f 4648 4626 4644
f 4644 4626 4621
f 4644 4621 4641
f 4641 4621 4617
f 4641 4617 4663
f 4605 4629 4606
f 4606 4629 4630
f 4606 4630 4609
f 4609 4630 4633
f 4609 4633 4610
f 4610 4633 4614
f 4614 4633 4637
f 4614 4637 4613
f 4613 4637 4617
f 4617 4637 4641
f 4545 4537 4562
f 4685 4659 4655
f 4680 4685 4655
f 4651 4675 4676
f 4680 4655 4676
f 4676 4655 4652
f 4676 4652 4651
f 4707 4680 4703
f 4703 4680 4676
f 4703 4676 4702
f 4702 4676 4675
f 4579 4578 4556
f 4578 4577 4556
f 4556 4577 4555
f 4555 4577 4574
f 4524 4525 4530
f 4530 4525 4531
f 4531 4525 4526
f 4530 4529 4523
f 4530 4523 4524
f 4573 4574 4554
f 4554 4574 4555
f 4705 4678 4704
f 4704 4678 4677
f 4713 4700 4718
f 4718 4700 4705
f 4700 4713 4714
f 4700 4714 4701
f 4702 4674 4701
f 4702 4701 4715
f 4715 4701 4714
f 4674 4702 4650
f 4650 4702 4651
f 4650 4651 4629
f 4650 4629 4628
f 4628 4629 4605
f 4628 4605 4604
f 4537 4561 4562
f 4562 4561 4582
f 4562 4582 4583
f 4583 4582 4605
f 4605 4582 4604
f 4537 4536 4561
f 4536 4525 4524
f 4536 4524 4535
f 4523 4534 4535
f 4523 4535 4524
f 4569 4550 4552
f 4552 4571 4569
f 4578 4600 4577
f 4577 4600 4599
f 4600 4578 4579
f 4600 4579 4601
f 4534 4523 4529
f 4534 4529 4540
f 4525 4536 4537
f 4525 4537 4526
f 4718 4705 4704
f 4718 4704 4717
f 4661 4687 4682
f 4661 4682 4657
f 4693 4665 4669
f 4693 4669 4694
f 4694 4669 4698
f 4698 4669 4670
f 4670 4671 4698
f 4698 4671 4699
f 4677 4678 4682
f 4682 4678 4683
f 4682 4683 4657
f 4683 4658 4657
f 4657 4658 4661
f 4658 4662 4661
f 4661 4662 4687
f 4687 4662 4688
f 4669 4665 4666
f 4669 4666 4670
f 4670 4666 4671
f 4671 4666 4667
f 4704 4677 4679
f 4693 4694 4695
f 4693 4695 4688
f 4688 4695 4689
f 4689 4687 4688
f 4684 4682 4689
f 4689 4682 4687
f 4679 4677 4684
f 4684 4677 4682
f 4706 4704 4679
f 4694 4698 4695
f 4695 4698 4699
f 4718 4717 4720
f 4719 4715 4714
f 4719 4714 4713
f 4713 4718 4719
f 4719 4718 4720
f 4706 4720 4717
f 4704 4706 4717
f 4625 4647 4646
f 4658 4636 4662
f 4662 4636 4640
f 4665 4688 4662
f 4671 4670 4647
f 4596 4574 4577
f 4596 4577 4599
f 4555 4574 4596
f 4596 4554 4555
f 4554 4596 4592
f 4554 4592 4552
f 4552 4592 4591
f 4571 4552 4591
f 4589 4569 4591
f 4591 4569 4571
f 4548 4550 4565
f 4565 4550 4569
f 4534 4540 4542
f 4542 4540 4548
f 4543 4534 4542
f 4535 4534 4543
f 4544 4536 4535
f 4650 4628 4627
f 4627 4649 4650
f 4632 4654 4627
f 4627 4654 4649
f 4623 4620 4596
f 4616 4596 4620
f 4601 4625 4600
f 4600 4625 4624
f 4600 4624 4599
f 4599 4624 4623
f 4599 4623 4596
f 4616 4592 4596
f 4591 4592 4616
f 4591 4616 4589
f 4589 4616 4612
f 4607 4585 4611
f 4611 4585 4589
f 4611 4589 4612
f 4585 4607 4608
f 4585 4608 4586
f 4586 4608 4581
f 4581 4608 4603
f 4585 4565 4589
f 4589 4565 4569
f 4586 4565 4585
f 4560 4543 4566
f 4566 4543 4542
f 4566 4542 4548
f 4566 4548 4565
f 4535 4543 4544
f 4544 4543 4560
f 4544 4560 4561
f 4561 4560 4581
f 4561 4581 4582
f 4582 4581 4603
f 4582 4603 4604
f 4581 4560 4586
f 4586 4560 4566
f 4586 4566 4565
f 4628 4604 4627
f 4627 4604 4603
f 4627 4603 4632
f 4632 4603 4608
f 4632 4608 4607
f 4647 4670 4646
f 4646 4670 4666
f 4646 4666 4645
f 4645 4666 4665
f 4645 4665 4643
f 4662 4640 4665
f 4624 4625 4646
f 4624 4646 4623
f 4623 4646 4645
f 4623 4645 4620
f 4620 4645 4643
f 4620 4643 4616
f 4693 4688 4665
f 4643 4665 4640
f 4643 4640 4616
f 4616 4640 4612
f 4612 4640 4636
f 4612 4636 4611
f 4611 4636 4658
f 4611 4658 4607
f 4607 4658 4654
f 4607 4654 4632
f 4536 4544 4561
f 4654 4683 4678
f 4658 4683 4654
f 4674 4650 4649
f 4654 4678 4649
f 4649 4678 4673
f 4649 4673 4674
f 4678 4705 4673
f 4673 4705 4700
f 4673 4700 4674
f 4674 4700 4701
f 4554 4553 4558
f 4558 4557 4556
f 4558 4556 4554
f 4554 4556 4555
f 4529 4530 4540
f 4540 4530 4531
f 4532 4533 4541
f 4532 4541 4531
f 4531 4541 4540
f 4549 4548 4541
f 4541 4548 4540
f 4551 4550 4548
f 4551 4548 4549
f 4553 4552 4551
f 4551 4552 4550
f 4552 4553 4554
f 4634 4655 4656
f 4655 4634 4633
f 4633 4652 4655
f 4594 4572 4590
f 4590 4572 4570
f 4594 4558 4553
f 4575 4576 4597
f 4597 4576 4598
f 4598 4576 4558
f 4664 4642 4660
f 4660 4642 4638
f 4634 4656 4638
f 4638 4656 4660
f 4652 4633 4630
f 4630 4633 4606
f 4584 4609 4588
f 4564 4584 4568
f 4568 4584 4588
f 4547 4564 4549
f 4549 4564 4568
f 4546 4563 4547
f 4625 4601 4602
f 4625 4602 4626
f 4590 4614 4594
f 4594 4614 4618
f 4671 4647 4672
f 4672 4647 4648
f 4672 4648 4668
f 4598 4594 4618
f 4598 4618 4622
f 4622 4618 4642
f 4622 4642 4644
f 4644 4642 4668
f 4594 4598 4558
f 4644 4621 4622
f 4622 4621 4597
f 4622 4597 4598
f 4547 4563 4564
f 4564 4563 4584
f 4584 4606 4609
f 4609 4606 4633
f 4610 4633 4634
f 4610 4634 4614
f 4614 4634 4638
f 4614 4638 4618
f 4618 4638 4642
f 4618 4642 4664
f 4642 4664 4668
f 4668 4664 4691
f 4668 4691 4690
f 4656 4681 4686
f 4656 4686 4660
f 4681 4656 4680
f 4680 4656 4655
f 4680 4655 4652
f 4680 4652 4676
f 4676 4652 4675
f 4675 4652 4651
f 4639 4661 4635
f 4635 4661 4657
f 4665 4688 4661
f 4661 4688 4687
f 4596 4573 4574
f 4595 4554 4596
f 4596 4554 4573
f 4591 4552 4595
f 4595 4552 4554
f 4542 4534 4548
f 4548 4534 4540
f 4632 4654 4649
f 4632 4649 4627
f 4631 4654 4632
f 4631 4653 4654
f 4624 4600 4601
f 4601 4625 4624
f 4615 4591 4619
f 4619 4591 4595
f 4619 4595 4620
f 4620 4595 4596
f 4611 4589 4615
f 4615 4589 4591
f 4608 4581 4585
f 4581 4560 4559
f 4581 4559 4585
f 4585 4559 4565
f 4560 4543 4542
f 4560 4542 4559
f 4559 4542 4565
f 4565 4542 4548
f 4632 4608 4631
f 4631 4608 4607
f 4646 4670 4645
f 4645 4670 4669
f 4645 4669 4643
f 4643 4669 4665
f 4643 4665 4639
f 4639 4665 4661
f 4620 4643 4619
f 4619 4643 4639
f 4619 4639 4615
f 4615 4639 4611
f 4611 4639 4635
f 4611 4635 4657
f 4611 4657 4607
f 4607 4657 4653
f 4607 4653 4631
f 4682 4677 4653
f 4653 4657 4682
f 4677 4678 4705
f 4653 4677 4654
f 4654 4677 4678
f 4649 4673 4650
f 4650 4673 4674
f 4847 4845 4846
f 4847 4846 4870
f 4870 4869 4844
f 4870 4844 4847
f 4847 4848 4845
f 4869 4870 4891
f 4891 4870 4892
f 4891 4892 4909
f 4909 4892 4910
f 4909 4910 4927
f 4927 4943 4942
f 4942 4926 4927
f 4927 4926 4909
f 4959 4958 4941
f 4941 4958 4940
f 4940 4942 4941
f 4941 4942 4943
f 4969 4968 4953
f 4953 4968 4952
f 4950 4951 4966
f 4966 4951 4967
f 4951 4950 4934
f 4951 4934 4935
f 4968 4981 4967
f 4967 4989 4988
f 4967 4988 4984
f 4967 4987 4991
f 4991 4990 4967
f 4967 4984 4979
f 4953 4952 4936
f 4953 4936 4937
f 4981 4980 4967
f 4967 4980 4987
f 4967 4990 4989
f 4979 4978 4967
f 4885 4886 4904
f 4885 4904 4903
f 4919 4935 4934
f 4937 4936 4920
f 4937 4920 4921
f 4921 4920 4903
f 4921 4903 4904
f 4934 4918 4919
f 4919 4918 4902
f 4902 4918 4901
f 4902 4901 4880
f 4880 4901 4879
f 4970 4971 4968
f 4970 4968 4967
f 4971 4970 4956
f 4956 4970 4955
f 4956 4955 4957
f 4957 4955 4959
f 4959 4955 4954
f 4959 4954 4958
f 4851 4859 4858
f 4851 4858 4850
f 4828 4827 4819
f 4820 4828 4819
f 4821 4822 4829
f 4829 4822 4830
f 4854 4855 4861
f 4854 4861 4860
f 4850 4770 4851
f 4851 4770 4771
f 4851 4771 4859
f 4859 4771 4779
f 4859 4779 4858
f 4858 4779 4778
f 4858 4778 4850
f 4850 4778 4770
f 4859 4819 4851
f 4882 4820 4859
f 4859 4820 4819
f 4882 4828 4820
f 4882 4883 4828
f 4828 4883 4829
f 4883 4821 4829
f 4860 4822 4883
f 4883 4822 4821
f 4854 4822 4860
f 4854 4774 4855
f 4855 4774 4775
f 4855 4775 4861
f 4861 4775 4781
f 4861 4781 4860
f 4860 4781 4780
f 4860 4780 4854
f 4854 4780 4774
f 4823 4822 4780
f 4823 4780 4781
f 4830 4827 4829
f 4829 4827 4828
f 4779 4819 4818
f 4779 4818 4778
f 4784 4791 4790
f 4785 4791 4784
f 4786 4787 4793
f 4792 4786 4793
f 4836 4792 4837
f 4837 4792 4793
f 4834 4790 4835
f 4835 4790 4791
f 4819 4779 4771
f 4819 4771 4851
f 4859 4851 4873
f 4881 4859 4873
f 4882 4859 4881
f 4882 4881 4874
f 4874 4881 4873
f 4852 4874 4873
f 4851 4852 4873
f 4852 4853 4874
f 4874 4853 4875
f 4874 4875 4882
f 4882 4875 4883
f 4860 4883 4884
f 4884 4883 4876
f 4876 4883 4875
f 4860 4884 4876
f 4854 4860 4876
f 4854 4876 4875
f 4854 4875 4853
f 4780 4822 4774
f 4774 4822 4854
f 4831 4830 4822
f 4831 4822 4823
f 4818 4819 4826
f 4826 4819 4827
f 4826 4827 4831
f 4831 4827 4830
f 4840 4796 4834
f 4834 4796 4790
f 4826 4784 4790
f 4826 4790 4834
f 4785 4784 4827
f 4827 4784 4826
f 4835 4791 4785
f 4835 4785 4827
f 4830 4786 4792
f 4830 4792 4836
f 4787 4786 4831
f 4831 4786 4830
f 4837 4793 4787
f 4837 4787 4831
f 4793 4797 4841
f 4793 4841 4837
f 4797 4796 4841
f 4841 4796 4840
f 4840 4834 4835
f 4837 4841 4836
f 4840 4835 4836
f 4840 4836 4841
f 4803 4802 4797
f 4797 4802 4801
f 4797 4801 4796
f 4796 4801 4800
f 4760 4746 4818
f 4760 4818 4826
f 4760 4826 4764
f 4760 4778 4746
f 4746 4778 4818
f 4738 4760 4746
f 4738 4754 4760
f 4754 4738 4770
f 4739 4771 4738
f 4738 4771 4770
f 4851 4771 4739
f 4851 4739 4852
f 4852 4739 4740
f 4740 4741 4852
f 4852 4741 4853
f 4742 4774 4854
f 4742 4854 4741
f 4741 4854 4853
f 4747 4761 4743
f 4743 4761 4757
f 4757 4775 4743
f 4743 4775 4742
f 4742 4775 4774
f 4761 4747 4781
f 4781 4747 4823
f 4831 4823 4765
f 4765 4823 4761
f 4761 4823 4747
f 4764 4826 4784
f 4790 4764 4784
f 4831 4765 4787
f 4765 4793 4787
f 4793 4794 4797
f 4797 4794 4798
f 4794 4793 4838
f 4838 4793 4837
f 4789 4790 4796
f 4789 4796 4795
f 4831 4832 4837
f 4837 4832 4838
f 4790 4789 4833
f 4790 4833 4834
f 4825 4826 4834
f 4825 4834 4833
f 4827 4830 4835
f 4830 4836 4835
f 4790 4789 4783
f 4790 4783 4764
f 4783 4763 4764
f 4764 4763 4760
f 4760 4763 4745
f 4760 4745 4746
f 4736 4742 4741
f 4736 4741 4735
f 4733 4734 4740
f 4733 4740 4739
f 4746 4745 4738
f 4748 4747 4743
f 4748 4743 4744
f 4740 4734 4741
f 4741 4734 4735
f 4738 4745 4737
f 4761 4747 4748
f 4761 4748 4765
f 4765 4748 4766
f 4794 4793 4788
f 4788 4793 4765
f 4788 4765 4766
f 4788 4787 4794
f 4794 4787 4793
f 4784 4826 4783
f 4783 4826 4825
f 4789 4790 4784
f 4789 4784 4783
f 4795 4796 4790
f 4795 4790 4789
f 4770 4778 4769
f 4769 4778 4777
f 4760 4777 4778
f 4760 4759 4777
f 4759 4760 4753
f 4760 4754 4753
f 4761 4758 4757
f 4758 4761 4762
f 4781 4762 4761
f 4781 4782 4762
f 4781 4776 4782
f 4781 4775 4776
f 4831 4787 4832
f 4832 4787 4788
f 4796 4800 4799
f 4800 4801 4799
f 4796 4799 4795
f 4795 4839 4833
f 4833 4839 4865
f 4789 4795 4833
f 4833 4865 4863
f 4863 4825 4833
f 4863 4865 4889
f 4857 4863 4879
f 4879 4863 4887
f 4889 4887 4863
f 4888 4864 4886
f 4862 4886 4864
f 4864 4888 4890
f 4864 4890 4866
f 4798 4794 4838
f 4866 4842 4838
f 4838 4832 4864
f 4798 4838 4842
f 4864 4866 4838
f 4804 4802 4803
f 4804 4797 4798
f 4803 4797 4804
f 4905 4907 4922
f 4940 4938 4922
f 4879 4887 4905
f 4905 4887 4889
f 4902 4880 4879
f 4902 4901 4919
f 4919 4901 4918
f 4924 4940 4922
f 4889 4907 4924
f 4905 4889 4907
f 4907 4889 4922
f 4922 4889 4924
f 4970 4967 4951
f 4955 4970 4951
f 4955 4951 4935
f 4935 4919 4938
f 4935 4938 4955
f 4955 4938 4954
f 4902 4879 4901
f 4901 4879 4905
f 4901 4905 4918
f 4918 4905 4922
f 4918 4922 4919
f 4919 4922 4938
f 4954 4938 4940
f 4954 4940 4958
f 4951 4950 4967
f 4962 4963 4947
f 4991 4987 4986
f 4991 4986 4990
f 4984 4988 4985
f 4985 4988 4989
f 4966 4967 4950
f 4968 4965 4977
f 4968 4977 4981
f 4952 4949 4965
f 4968 4952 4965
f 4963 4975 4976
f 4976 4964 4963
f 4947 4963 4964
f 4974 4962 4973
f 4973 4962 4961
f 4962 4974 4963
f 4963 4974 4975
f 4946 4962 4947
f 4945 4961 4946
f 4946 4961 4962
f 4979 4972 4978
f 4978 4972 4960
f 4978 4960 4967
f 4985 4989 4986
f 4986 4989 4990
f 4981 4977 4980
f 4980 4977 4976
f 4980 4976 4986
f 4986 4976 4975
f 4986 4975 4983
f 4986 4983 4985
f 4985 4983 4982
f 4985 4982 4974
f 4985 4974 4979
f 4979 4974 4973
f 4979 4973 4972
f 4965 4964 4976
f 4973 4961 4960
f 4977 4965 4976
f 4983 4975 4982
f 4982 4975 4974
f 4972 4973 4960
f 4987 4980 4986
f 4984 4985 4979
f 4967 4960 4951
f 4951 4960 4944
f 4964 4948 4947
f 4949 4948 4965
f 4965 4948 4964
f 4960 4961 4944
f 4944 4961 4945
f 4929 4913 4912
f 4932 4916 4915
f 4763 4759 4745
f 4762 4766 4748
f 4863 4857 4825
f 4817 4770 4769
f 4817 4769 4777
f 4809 4810 4770
f 4775 4815 4816
f 4775 4816 4776
f 4816 4782 4776
f 4750 4751 4735
f 4735 4751 4736
f 4736 4751 4752
f 4736 4752 4742
f 4742 4752 4756
f 4742 4756 4743
f 4743 4756 4757
f 4750 4767 4751
f 4751 4767 4768
f 4751 4768 4774
f 4751 4774 4756
f 4756 4774 4775
f 4756 4775 4757
f 4768 4773 4774
f 4762 4748 4758
f 4758 4748 4744
f 4758 4744 4757
f 4757 4744 4743
f 4788 4766 4762
f 4782 4788 4762
f 4807 4813 4808
f 4853 4813 4852
f 4852 4813 4807
f 4773 4813 4774
f 4774 4813 4814
f 4774 4814 4775
f 4775 4814 4815
f 4782 4824 4788
f 4788 4824 4832
f 4864 4832 4862
f 4824 4782 4816
f 4824 4862 4832
f 4813 4853 4814
f 4814 4853 4854
f 4814 4854 4815
f 4815 4854 4855
f 4815 4855 4856
f 4815 4856 4816
f 4816 4856 4824
f 4824 4856 4862
f 4921 4904 4917
f 4917 4904 4900
f 4917 4900 4899
f 4917 4899 4916
f 4916 4899 4898
f 4953 4937 4952
f 4952 4937 4936
f 4952 4936 4949
f 4949 4936 4933
f 4949 4933 4948
f 4948 4933 4932
f 4916 4932 4917
f 4917 4932 4933
f 4917 4933 4921
f 4921 4933 4936
f 4921 4936 4937
f 4895 4873 4894
f 4894 4873 4872
f 4894 4872 4893
f 4893 4872 4871
f 4893 4871 4901
f 4901 4871 4879
f 4904 4886 4900
f 4900 4886 4878
f 4900 4878 4899
f 4899 4878 4877
f 4899 4877 4898
f 4898 4877 4876
f 4898 4876 4897
f 4897 4876 4875
f 4897 4875 4896
f 4896 4875 4874
f 4896 4874 4895
f 4895 4874 4873
f 4945 4929 4944
f 4944 4929 4928
f 4944 4928 4951
f 4951 4928 4935
f 4918 4934 4935
f 4918 4935 4911
f 4911 4935 4928
f 4911 4928 4912
f 4912 4928 4929
f 4947 4931 4946
f 4946 4931 4930
f 4946 4930 4945
f 4945 4930 4929
f 4947 4948 4932
f 4947 4932 4931
f 4931 4932 4915
f 4931 4915 4930
f 4930 4915 4914
f 4930 4914 4913
f 4930 4913 4929
f 4913 4895 4912
f 4912 4895 4894
f 4912 4894 4911
f 4911 4894 4893
f 4911 4893 4918
f 4918 4893 4901
f 4763 4783 4777
f 4777 4759 4763
f 4745 4759 4737
f 4737 4759 4753
f 4737 4753 4738
f 4738 4753 4754
f 4817 4777 4825
f 4825 4777 4783
f 4809 4770 4817
f 4739 4738 4754
f 4739 4754 4755
f 4755 4754 4770
f 4755 4770 4771
f 4735 4734 4750
f 4771 4767 4750
f 4771 4750 4749
f 4749 4750 4733
f 4734 4733 4750
f 4752 4751 4756
f 4810 4771 4770
f 4850 4810 4849
f 4849 4810 4809
f 4849 4809 4857
f 4857 4809 4817
f 4857 4817 4825
f 4809 4810 4817
f 4739 4755 4749
f 4771 4810 4811
f 4811 4810 4850
f 4811 4850 4851
f 4811 4851 4812
f 4851 4852 4812
f 4812 4852 4807
f 4807 4808 4768
f 4768 4767 4807
f 4807 4767 4812
f 4812 4767 4772
f 4812 4772 4811
f 4808 4813 4773
f 4808 4773 4768
f 4772 4767 4771
f 4772 4771 4811
f 4916 4898 4915
f 4915 4898 4897
f 4915 4897 4914
f 4914 4897 4896
f 4914 4896 4913
f 4913 4896 4895
f 4873 4851 4872
f 4872 4851 4850
f 4872 4850 4871
f 4871 4850 4849
f 4871 4849 4879
f 4879 4849 4857
f 4886 4862 4878
f 4878 4862 4856
f 4878 4856 4877
f 4877 4856 4855
f 4877 4855 4876
f 4876 4855 4854
f 4771 4749 4755
f 4749 4733 4739
f 4888 4886 4904
f 4888 4906 4908
f 4888 4908 4890
f 4959 4941 4939
f 4959 4939 4957
f 4903 4920 4904
f 4920 4921 4904
f 4904 4906 4888
f 4952 4968 4956
f 4952 4956 4936
f 4936 4956 4939
f 4936 4939 4920
f 4920 4939 4921
f 4921 4939 4923
f 4921 4923 4904
f 4904 4923 4906
f 4923 4939 4941
f 4923 4941 4925
f 4925 4908 4923
f 4923 4908 4906
f 4957 4939 4956
f 4971 4956 4968
f 4802 4804 4801
f 4799 4801 4804
f 4844 4869 4843
f 4799 4805 4844
f 4844 4805 4847
f 4843 4799 4844
f 4795 4799 4839
f 4839 4867 4865
f 4867 4889 4865
f 4909 4926 4924
f 4924 4926 4942
f 4924 4942 4940
f 4909 4924 4907
f 4907 4889 4909
f 4869 4891 4867
f 4869 4867 4843
f 4843 4867 4839
f 4843 4839 4799
f 4867 4891 4889
f 4889 4891 4909
f 4846 4842 4868
f 4868 4866 4890
f 4842 4798 4868
f 4868 4842 4866
f 4846 4804 4842
f 4806 4804 4846
f 4846 4845 4806
f 4806 4845 4848
f 4908 4925 4910
f 4908 4910 4890
f 4941 4943 4925
f 4925 4943 4927
f 4925 4927 4910
f 4870 4846 4868
f 4870 4868 4892
f 4890 4910 4892
f 4890 4892 4868
f 4798 4842 4804
f 4799 4804 4806
f 4848 4805 4799
f 4848 4799 4806
f 4848 4847 4805
f 4999 5129 5121
f 5026 4999 5121
f 5121 5120 5026
f 5120 5025 5026
f 5129 4999 5128
f 5128 4999 4998
f 4994 5124 4996
f 4996 5124 5126
f 4996 5126 4997
f 4997 5126 5127
f 4997 5127 4998
f 4998 5127 5128
f 5008 5034 5029
f 5008 5029 5050
f 5008 5050 5064
f 5008 5082 5098
f 5008 5003 5034
f 5064 5077 5008
f 5008 5077 5082
f 5008 5098 5103
f 5122 4992 4993
f 4993 5123 5122
f 5123 4993 5012
f 5123 5012 5107
f 5107 5012 5007
f 5107 5007 5102
f 5102 5007 5008
f 5102 5008 5103
f 4992 5122 4995
f 4995 5122 5125
f 4995 5125 5124
f 4995 5124 4994
f 5046 5025 5120
f 5120 5094 5046
f 5094 5045 5046
f 5045 5094 5093
f 5045 5074 5060
f 5045 5093 5074
f 5089 5071 5090
f 5094 5074 5093
f 5073 5059 5060
f 5060 5074 5073
f 5090 5091 5114
f 5089 5090 5111
f 5111 5090 5114
f 5088 5089 5108
f 5108 5089 5111
f 5108 5111 5109
f 5109 5111 5112
f 5072 5091 5090
f 5090 5071 5072
f 5089 5088 5071
f 5058 5072 5071
f 5099 5085 5084
f 5084 5085 5079
f 5078 5084 5079
f 5080 5075 5062
f 5080 5062 5079
f 5079 5062 5066
f 5069 5056 5070
f 5070 5056 5057
f 5069 5055 5056
f 5054 5067 5068
f 5054 5053 5067
f 5067 5053 5055
f 5067 5055 5069
f 5062 5061 5066
f 5068 5084 5065
f 5065 5084 5078
f 5066 5052 5051
f 5065 5066 5051
f 5052 5066 5047
f 5047 5066 5061
f 5047 5061 5048
f 5048 5061 5062
f 5065 5051 5068
f 5068 5051 5054
f 5124 5125 5106
f 5106 5125 5122
f 5067 5083 5086
f 5109 5088 5108
f 5110 5105 5104
f 5068 5067 5083
f 5086 5088 5087
f 5087 5088 5109
f 5087 5109 5104
f 5105 5100 5099
f 5099 5100 5085
f 5085 5100 5079
f 5101 5100 5105
f 5101 5105 5106
f 5104 5105 5099
f 5084 5087 5099
f 5099 5087 5104
f 5101 5096 5095
f 5095 5096 5079
f 5100 5101 5095
f 5095 5079 5100
f 5080 5079 5096
f 5086 5087 5084
f 5066 5065 5078
f 5066 5078 5079
f 5106 5105 5124
f 5124 5105 5110
f 5124 5110 5126
f 5126 5110 5113
f 5129 5128 5117
f 5117 5128 5115
f 5091 5092 5116
f 5116 5092 5118
f 5116 5118 5117
f 5117 5118 5119
f 5058 5059 5072
f 5072 5059 5073
f 5073 5074 5092
f 5092 5074 5094
f 5092 5094 5118
f 5118 5094 5120
f 5118 5120 5119
f 5119 5120 5121
f 5128 5127 5115
f 5115 5127 5113
f 5115 5113 5112
f 5112 5113 5109
f 5115 5116 5117
f 5112 5116 5115
f 5127 5126 5113
f 5113 5110 5109
f 5109 5110 5104
f 5086 5084 5083
f 5083 5084 5068
f 5071 5070 5057
f 5071 5057 5058
f 5121 5129 5119
f 5119 5129 5117
f 5112 5111 5116
f 5116 5111 5114
f 5116 5114 5091
f 5092 5091 5073
f 5073 5091 5072
f 5070 5071 5088
f 5070 5088 5069
f 5069 5088 5086
f 5069 5086 5067
f 5076 5082 5077
f 5076 5077 5063
f 5063 5077 5064
f 5082 5076 5081
f 5097 5098 5081
f 5082 5081 5098
f 5122 5123 5106
f 5106 5123 5107
f 5080 5096 5097
f 5075 5076 5062
f 5063 5062 5076
f 5076 5075 5081
f 5081 5075 5080
f 5107 5102 5101
f 5107 5101 5106
f 5101 5102 5096
f 5102 5103 5097
f 5103 5098 5097
f 5097 5081 5080
f 5063 5062 5049
f 5097 5096 5102
f 4992 4995 4994
f 5046 5045 5060
f 5043 5044 5058
f 5044 5059 5058
f 5042 5041 5019
f 5019 5041 5016
f 5041 5040 5016
f 5016 5040 5013
f 5016 5013 5014
f 5016 5014 5017
f 5005 5037 5031
f 5013 5040 5014
f 5040 5038 5014
f 5014 5038 5039
f 5014 5039 5009
f 5030 5031 5036
f 5036 5031 5037
f 5036 5037 5004
f 5004 5037 5005
f 5055 5038 5056
f 5056 5038 5040
f 5056 5040 5041
f 5057 5056 5041
f 5057 5041 5042
f 5058 5057 5042
f 5058 5042 5043
f 5035 5038 5055
f 5035 5055 5053
f 5036 5035 5053
f 5036 5053 5054
f 5036 5039 5038
f 5036 5038 5035
f 5031 5030 5051
f 5031 5051 5052
f 5006 5011 5010
f 5010 5011 5015
f 5052 5047 5031
f 5005 5006 5010
f 5001 5031 5032
f 5027 5032 5031
f 5027 5031 5048
f 5047 5048 5052
f 5052 5048 5031
f 5031 5000 5005
f 5015 4994 5018
f 5018 4994 4996
f 5018 4996 5020
f 5020 4996 4997
f 5020 4997 5022
f 5022 4997 4998
f 5022 4998 4999
f 5022 4999 5024
f 5024 4999 5026
f 5044 5043 5023
f 5023 5043 5021
f 5023 5021 5022
f 5023 5022 5024
f 5060 5059 5044
f 5060 5044 5046
f 5046 5044 5023
f 5046 5023 5025
f 5025 5023 5024
f 5025 5024 5026
f 5004 5005 5009
f 5009 5005 5010
f 5018 5017 5015
f 5009 5039 5036
f 5030 5036 5054
f 5030 5054 5051
f 5004 5009 5036
f 5022 5021 5020
f 5020 5021 5017
f 5043 5042 5019
f 5043 5019 5021
f 5021 5019 5016
f 5021 5016 5017
f 5000 5031 5001
f 5000 5001 5006
f 5000 5006 5005
f 5009 5010 5014
f 5014 5010 5015
f 5018 5020 5017
f 5011 4992 4994
f 5011 4994 5015
f 5014 5015 5017
f 4993 4992 5011
f 5034 5003 5002
f 5034 5002 5033
f 5049 5029 5028
f 5028 5029 5034
f 5028 5034 5033
f 5049 5050 5029
f 5063 5064 5050
f 5050 5049 5063
f 5008 5007 5003
f 5003 5007 5002
f 5012 4993 5011
f 5012 5011 5007
f 5007 5011 5006
f 5062 5063 5048
f 5048 5063 5049
f 5028 5048 5049
f 5028 5033 5032
f 5028 5032 5027
f 5028 5027 5048
f 5006 5001 5007
f 5007 5001 5002
f 5001 5032 5033
f 5002 5001 5033
